Packet_No,CSI_Data
1,"CSI_DATA,0,8c:90:2d:97:93:77,-47,11,1,7,1,0,1,0,1,0,0,-97,0,10,2,5219593,0,83,1,128,0,""[0,0,0,0,0,0,0,0,0,0,0,0,4,12,5,14,7,16,8,17,8,18,8,18,8,17,7,16,6,14,5,12,4,10,3,7,2,3,1,0,-1,-3,-1,-6,-1,-9,-2,-11,-2,-13,-2,-14,-2,-14,-2,-15,-2,-15,-3,-14,-2,-13,-3,-11,0,0,-2,-8,-2,-6,-2,-4,-2,-2,-1,0,-1,3,0,5,-1,6,-1,8,-2,9,-2,9,-2,9,-2,9,-2,8,-3,8,-3,7,-3,5,-3,4,-2,2,-2,1,-2,-1,-1,-2,-1,-4,0,-5,1,-6,2,-6,0,0,0,0,0,0,0,0,0,0]"""
2,"CSI_DATA,1,8c:90:2d:97:93:77,-47,11,1,7,1,0,1,0,1,0,0,-97,0,10,2,5227873,0,83,1,128,0,""[0,0,0,0,0,0,0,0,0,0,0,0,9,8,12,9,14,9,15,11,15,11,15,11,15,11,14,10,12,8,10,7,8,6,6,4,3,2,1,0,-2,-3,-3,-5,-5,-7,-7,-9,-8,-11,-9,-11,-9,-11,-9,-12,-9,-11,-8,-11,-8,-10,-7,-9,0,0,-6,-6,-4,-5,-3,-3,-2,-1,0,1,1,2,2,4,2,5,3,7,3,8,3,8,3,9,3,8,2,8,2,7,1,7,0,5,0,5,-1,3,-1,2,-2,0,-2,-2,-2,-3,-2,-4,-1,-5,-1,-6,0,0,0,0,0,0,0,0,0,0]"""
3,"CSI_DATA,2,8c:90:2d:97:93:77,-47,11,1,7,1,0,1,0,1,0,0,-97,0,10,2,5237214,0,83,1,128,0,""[0,0,0,0,0,0,0,0,0,0,0,0,4,12,5,14,7,16,7,17,7,18,6,18,6,17,5,16,4,14,4,12,3,10,2,7,2,3,2,1,3,-3,4,-5,5,-7,5,-10,6,-11,7,-12,7,-12,8,-12,8,-12,7,-11,7,-10,6,-9,0,0,4,-7,3,-6,1,-4,0,-3,-2,-2,-4,-1,-6,0,-7,0,-8,0,-9,0,-10,-1,-10,-1,-10,-1,-9,-2,-9,-2,-7,-2,-6,-2,-5,-2,-3,-2,-2,-2,-1,-1,1,0,2,1,2,2,3,3,2,4,0,0,0,0,0,0,0,0,0,0]"""
4,"CSI_DATA,3,8c:90:2d:97:93:77,-49,11,1,7,1,0,1,0,1,0,0,-97,0,10,2,5247716,0,83,1,128,0,""[0,0,0,0,0,0,0,0,0,0,0,0,3,-14,3,-16,3,-18,3,-19,3,-20,4,-20,4,-19,3,-18,3,-16,3,-14,2,-11,1,-8,0,-5,-1,-2,-3,1,-4,4,-6,6,-7,9,-8,9,-8,10,-9,11,-9,11,-9,11,-9,10,-8,9,-6,8,0,0,-4,6,-3,5,-2,3,0,1,1,0,2,-2,4,-4,5,-4,6,-5,7,-6,8,-5,8,-5,8,-5,8,-4,7,-4,6,-3,5,-2,4,-1,3,-1,2,0,0,1,-1,1,-3,1,-4,1,-6,1,-6,0,0,0,0,0,0,0,0,0,0,0]"""
5,"CSI_DATA,4,8c:90:2d:97:93:77,-48,11,1,7,1,0,1,0,1,0,0,-97,0,10,2,5257156,0,83,1,128,0,""[0,0,0,0,0,0,0,0,0,0,0,0,-8,11,-9,13,-9,14,-10,16,-10,16,-11,17,-11,16,-10,15,-9,13,-8,11,-6,9,-4,6,-2,4,0,1,2,-1,5,-3,7,-5,9,-6,10,-7,11,-7,12,-8,12,-7,12,-8,11,-7,10,-6,9,-6,0,0,6,-5,4,-4,2,-3,0,-2,-2,-1,-4,-1,-5,0,-7,0,-9,0,-9,0,-10,0,-10,-1,-10,-1,-9,-1,-9,-2,-8,-2,-6,-2,-5,-2,-3,-2,-2,-2,0,-2,1,-1,2,0,3,0,4,2,5,3,0,0,0,0,0,0,0,0,0,0]"""
6,"CSI_DATA,5,8c:90:2d:97:93:77,-49,11,1,7,1,0,1,0,1,0,0,-97,0,10,2,5269763,0,83,1,128,0,""[0,0,0,0,0,0,0,0,0,0,0,0,-10,-9,-12,-10,-15,-11,-16,-12,-16,-13,-16,-13,-15,-13,-14,-12,-12,-10,-11,-9,-9,-7,-7,-6,-4,-3,-2,0,0,3,1,4,2,7,4,9,4,11,5,12,5,12,5,13,5,12,5,12,4,10,4,9,0,0,3,6,2,4,1,2,1,1,0,-2,0,-4,-1,-6,0,-7,0,-8,0,-9,0,-10,1,-10,1,-10,1,-9,1,-9,2,-7,1,-6,1,-5,1,-3,1,-2,0,0,0,1,-1,2,-2,3,-3,4,-4,4,0,0,0,0,0,0,0,0,0,0]"""
7,"CSI_DATA,6,8c:90:2d:97:93:77,-49,11,1,7,1,0,1,0,1,0,0,-97,0,10,2,5278190,0,83,1,128,0,""[0,0,0,0,0,0,0,0,0,0,0,0,8,-11,10,-13,11,-15,12,-15,12,-16,13,-16,12,-15,12,-14,10,-13,9,-11,7,-9,4,-7,2,-5,-1,-2,-4,0,-6,1,-9,2,-11,4,-12,4,-13,4,-14,5,-14,5,-14,5,-13,5,-12,4,-11,4,0,0,-7,3,-6,2,-4,2,-1,1,1,0,3,0,5,0,6,0,8,0,9,0,9,1,9,1,9,1,8,2,8,1,7,2,5,2,4,2,2,1,1,1,-1,1,-2,0,-3,-1,-4,-2,-5,-3,-5,-4,0,0,0,0,0,0,0,0,0,0]"""
8,"CSI_DATA,7,8c:90:2d:97:93:77,-49,11,1,7,1,0,1,0,1,0,0,-97,0,10,2,5287239,0,83,1,128,0,""[0,0,0,0,0,0,0,0,0,0,0,0,12,-6,15,-7,16,-7,18,-8,18,-8,19,-8,18,-8,16,-7,14,-6,13,-6,10,-4,7,-4,4,-3,0,-2,-3,-2,-6,-1,-9,-2,-11,-2,-13,-2,-14,-2,-15,-2,-15,-3,-14,-3,-14,-3,-13,-2,-12,-2,0,0,-8,-1,-6,-1,-4,0,-2,0,0,1,2,2,4,3,5,3,7,4,7,5,7,5,7,6,7,6,6,6,5,5,4,5,3,4,2,4,1,3,0,1,-1,0,-2,-1,-3,-2,-3,-4,-3,-5,-3,-6,0,0,0,0,0,0,0,0,0,0]"""
9,"CSI_DATA,8,8c:90:2d:97:93:77,-49,11,1,7,1,0,1,0,1,0,0,-97,0,10,2,5297588,0,83,1,128,0,""[0,0,0,0,0,0,0,0,0,0,0,0,-4,13,-4,15,-4,16,-4,18,-4,19,-5,19,-4,19,-4,17,-3,15,-3,13,-3,10,-2,7,-1,4,0,1,1,-3,2,-5,4,-8,4,-10,5,-12,5,-13,5,-13,6,-13,5,-13,5,-13,4,-12,4,-11,0,0,2,-8,1,-6,0,-4,-1,-2,-1,0,-2,2,-3,4,-4,5,-5,6,-6,7,-6,7,-6,7,-6,7,-6,6,-6,6,-6,4,-5,3,-5,2,-4,1,-3,0,-2,-1,-1,-2,1,-3,2,-4,3,-4,4,-4,0,0,0,0,0,0,0,0,0,0]"""
10,"CSI_DATA,9,8c:90:2d:97:93:77,-49,11,1,7,1,0,1,0,1,0,0,-97,0,10,2,5307959,0,83,1,128,0,""[0,0,0,0,0,0,0,0,0,0,0,0,9,7,11,9,14,10,14,11,15,12,14,11,14,11,13,10,11,9,10,7,8,6,6,4,3,1,0,-1,-2,-3,-3,-5,-5,-7,-7,-8,-8,-10,-9,-11,-9,-11,-9,-12,-8,-11,-8,-11,-8,-10,-7,-9,0,0,-6,-6,-4,-4,-3,-3,-2,-1,0,1,1,3,2,4,3,5,2,7,3,7,3,8,3,8,3,8,2,8,2,7,1,7,1,5,0,4,-1,3,-1,2,-2,0,-2,-2,-2,-3,-2,-4,-2,-5,-1,-6,0,0,0,0,0,0,0,0,0,0]"""
11,"CSI_DATA,10,8c:90:2d:97:93:77,-49,11,1,7,1,0,1,0,1,0,0,-97,0,10,2,5317264,0,83,1,128,0,""[0,0,0,0,0,0,0,0,0,0,0,0,11,-7,13,-7,16,-8,16,-9,18,-10,17,-10,17,-9,15,-9,13,-8,12,-7,9,-5,6,-4,3,-3,0,-2,-3,0,-6,1,-9,2,-11,3,-12,2,-14,3,-14,3,-14,3,-14,3,-13,3,-12,3,-11,3,0,0,-7,2,-5,2,-3,1,-2,0,1,0,3,-1,5,-1,6,-1,8,-2,9,-1,9,-1,9,-1,9,-1,9,-1,8,-1,7,0,5,0,4,1,3,1,1,1,0,1,-2,1,-4,0,-5,0,-6,-1,-6,-2,0,0,0,0,0,0,0,0,0,0]"""
12,"CSI_DATA,11,8c:90:2d:97:93:77,-49,11,1,7,1,0,1,0,1,0,0,-97,0,10,2,5327207,0,83,1,128,0,""[0,0,0,0,0,0,0,0,0,0,0,0,3,12,5,15,7,16,7,17,7,18,7,18,6,17,6,16,5,14,4,12,3,10,2,7,1,3,1,0,0,-3,1,-6,1,-9,0,-11,0,-13,0,-14,0,-15,0,-14,0,-14,0,-14,0,-12,0,-11,0,0,-1,-8,-1,-6,-1,-4,-1,-2,-1,1,-2,2,-3,4,-3,6,-4,7,-5,8,-5,8,-5,8,-6,7,-6,7,-6,6,-5,5,-5,4,-4,3,-3,2,-2,0,-1,-1,0,-2,1,-3,2,-4,3,-4,4,-3,0,0,0,0,0,0,0,0,0,0]"""
13,"CSI_DATA,12,8c:90:2d:97:93:77,-49,11,1,7,1,0,1,0,1,0,0,-97,0,10,2,5337316,0,83,1,128,0,""[0,0,0,0,0,0,0,0,0,0,0,0,-11,8,-13,10,-14,11,-15,12,-15,12,-16,12,-15,12,-14,11,-13,10,-11,8,-9,6,-6,4,-3,3,-1,2,2,0,5,-2,8,-3,10,-4,11,-4,12,-4,13,-4,13,-4,13,-4,12,-4,11,-4,10,-4,0,0,7,-3,5,-3,3,-2,0,-2,-2,-1,-4,-1,-5,-1,-7,-1,-9,-1,-10,-1,-10,-2,-10,-2,-10,-2,-9,-2,-9,-3,-7,-3,-6,-3,-5,-3,-3,-3,-2,-2,0,-2,1,-1,2,0,3,1,4,1,4,2,0,0,0,0,0,0,0,0,0,0]"""
14,"CSI_DATA,13,8c:90:2d:97:93:77,-49,11,1,7,1,0,1,0,1,0,0,-97,0,10,2,5347764,0,83,1,128,0,""[0,0,0,0,0,0,0,0,0,0,0,0,-4,12,-5,15,-4,16,-5,18,-5,19,-6,19,-5,18,-5,17,-4,15,-4,13,-3,10,-2,7,-1,4,0,1,1,-3,2,-5,4,-8,4,-10,5,-11,6,-12,6,-13,6,-13,6,-13,5,-13,5,-11,4,-10,0,0,2,-7,1,-6,1,-4,-1,-2,-1,0,-2,2,-3,4,-4,5,-5,6,-6,7,-6,7,-7,7,-7,7,-7,6,-6,5,-6,4,-5,3,-5,2,-4,1,-3,0,-1,-1,0,-2,1,-3,2,-4,3,-4,4,-4,0,0,0,0,0,0,0,0,0,0]"""
15,"CSI_DATA,14,8c:90:2d:97:93:77,-49,11,1,7,1,0,1,0,1,0,0,-97,0,10,2,5357261,0,83,1,128,0,""[0,0,0,0,0,0,0,0,0,0,0,0,-11,6,-14,7,-16,8,-17,8,-17,9,-17,9,-17,9,-16,8,-14,7,-12,6,-9,5,-7,3,-3,2,-1,1,2,-1,5,-2,7,-3,9,-4,11,-4,12,-4,12,-4,13,-4,12,-5,12,-5,10,-4,9,-4,0,0,6,-3,5,-3,2,-2,1,-1,-2,-1,-3,0,-5,0,-7,1,-8,1,-9,1,-10,1,-10,1,-10,0,-9,0,-9,0,-8,-1,-6,-1,-5,-1,-4,-2,-2,-2,-1,-2,1,-2,2,-1,4,-1,5,-1,5,0,0,0,0,0,0,0,0,0,0,0]"""
16,"CSI_DATA,15,8c:90:2d:97:93:77,-49,11,1,7,1,0,1,0,1,0,0,-97,0,10,2,5367323,0,83,1,128,0,""[0,0,0,0,0,0,0,0,0,0,0,0,0,-14,0,-17,-1,-18,-1,-20,-1,-20,-1,-21,0,-20,-1,-19,0,-16,-1,-14,-1,-11,-1,-8,-1,-5,-1,-2,-1,2,-2,5,-3,8,-3,10,-4,12,-4,13,-4,13,-4,13,-4,13,-3,13,-3,12,-2,10,0,0,-1,7,-1,5,-1,3,0,1,0,-1,1,-3,2,-5,2,-7,3,-8,3,-9,4,-9,4,-9,4,-9,4,-8,4,-8,4,-6,3,-5,3,-4,2,-3,1,-1,1,0,0,2,-1,2,-2,3,-4,4,-5,4,0,0,0,0,0,0,0,0,0,0]"""
17,"CSI_DATA,16,8c:90:2d:97:93:77,-49,11,1,7,1,0,1,0,1,0,0,-97,0,10,2,5380749,0,83,1,128,0,""[0,0,0,0,0,0,0,0,0,0,0,0,12,-3,14,-4,17,-4,18,-4,19,-4,19,-4,18,-4,17,-4,15,-3,13,-3,10,-2,7,-2,4,-2,0,-2,-3,-2,-6,-1,-9,-2,-11,-1,-13,-3,-14,-2,-14,-2,-14,-2,-14,-2,-14,-2,-12,-2,-11,-1,0,0,-8,-1,-6,0,-4,0,-2,0,0,1,3,1,4,2,6,2,7,2,8,3,8,3,8,4,8,4,7,4,6,4,5,4,4,3,3,3,2,2,0,2,-1,1,-2,-1,-3,-1,-4,-3,-5,-4,-4,-4,0,0,0,0,0,0,0,0,0,0]"""
18,"CSI_DATA,17,8c:90:2d:97:93:77,-49,11,1,7,1,0,1,0,1,0,0,-97,0,10,2,5387317,0,83,1,128,0,""[0,0,0,0,0,0,0,0,0,0,0,0,-10,-9,-12,-11,-15,-12,-16,-13,-16,-13,-16,-13,-15,-13,-14,-12,-12,-11,-11,-9,-9,-8,-7,-6,-4,-3,-1,0,0,3,2,4,3,7,4,9,5,11,6,12,6,12,6,12,6,12,6,11,5,10,5,9,0,0,4,6,3,4,2,2,1,0,0,-2,-1,-4,-1,-6,-2,-7,-2,-8,-2,-9,-2,-10,-2,-10,-2,-10,-1,-10,-1,-9,0,-8,0,-7,1,-5,1,-4,1,-3,1,-1,1,1,0,2,0,4,-1,5,-2,5,0,0,0,0,0,0,0,0,0,0]"""
19,"CSI_DATA,18,8c:90:2d:97:93:77,-49,11,1,7,1,0,1,0,1,0,0,-97,0,10,2,5397714,0,83,1,128,0,""[0,0,0,0,0,0,0,0,0,0,0,0,0,-14,-1,-17,-2,-19,-2,-20,-2,-21,-1,-21,-1,-20,-1,-19,-1,-17,0,-15,-1,-11,-1,-8,-1,-5,-1,-2,-2,2,-3,5,-4,8,-3,10,-4,12,-5,13,-5,13,-5,13,-5,13,-4,13,-4,11,-3,10,0,0,-2,7,-1,5,-1,3,0,1,0,-1,1,-3,2,-5,3,-6,4,-7,4,-8,5,-9,5,-9,5,-8,5,-8,5,-7,5,-6,4,-5,3,-4,3,-2,2,-1,0,0,-1,1,-2,2,-3,3,-4,3,-5,3,0,0,0,0,0,0,0,0,0,0]"""
20,"CSI_DATA,19,8c:90:2d:97:93:77,-49,11,1,7,1,0,1,0,1,0,0,-97,0,10,2,5407178,0,83,1,128,0,""[0,0,0,0,0,0,0,0,0,0,0,0,-8,-11,-10,-13,-12,-14,-13,-15,-14,-16,-13,-16,-12,-16,-11,-15,-10,-13,-9,-11,-7,-9,-6,-6,-3,-3,-1,-1,0,2,1,5,1,7,3,9,3,11,4,12,4,13,4,13,4,13,4,12,3,11,4,10,0,0,3,6,2,4,1,2,1,1,0,-2,-1,-4,-1,-6,-1,-7,0,-9,-1,-9,-1,-10,0,-10,0,-10,0,-9,1,-9,1,-8,1,-6,1,-5,1,-4,1,-2,1,0,1,1,0,3,-1,4,-2,5,-3,5,0,0,0,0,0,0,0,0,0,0]"""
21,"CSI_DATA,20,8c:90:2d:97:93:77,-49,11,1,7,1,0,1,0,1,0,0,-97,0,10,2,5417287,0,83,1,128,0,""[0,0,0,0,0,0,0,0,0,0,0,0,3,-14,3,-16,3,-17,3,-19,3,-20,4,-20,4,-19,4,-17,3,-15,3,-13,2,-11,1,-8,0,-5,-1,-2,-2,1,-4,4,-6,7,-6,8,-7,10,-8,10,-7,11,-8,11,-8,11,-7,11,-6,10,-6,9,0,0,-4,6,-3,4,-2,3,0,1,0,-1,2,-2,3,-4,4,-5,5,-6,6,-6,7,-7,7,-7,7,-6,7,-6,6,-5,6,-4,5,-3,4,-2,3,-1,2,-1,0,1,-1,1,-2,2,-4,2,-5,2,-6,1,0,0,0,0,0,0,0,0,0,0]"""
22,"CSI_DATA,21,8c:90:2d:97:93:77,-49,11,1,7,1,0,1,0,1,0,0,-97,0,10,2,5427236,0,83,1,128,0,""[0,0,0,0,0,0,0,0,0,0,0,0,6,-13,7,-15,7,-16,8,-17,8,-18,9,-18,8,-18,8,-16,7,-14,6,-13,4,-10,3,-7,1,-5,-1,-2,-3,0,-5,3,-8,5,-9,6,-10,7,-11,7,-11,8,-12,8,-12,8,-11,7,-10,7,-9,6,0,0,-6,4,-5,4,-3,2,-1,1,0,0,2,-1,4,-2,6,-2,7,-3,8,-3,9,-2,9,-2,9,-2,8,-1,8,-1,7,-1,6,0,4,0,3,0,1,1,0,0,-2,0,-3,0,-4,0,-6,-1,-6,-2,0,0,0,0,0,0,0,0,0,0]"""
23,"CSI_DATA,22,8c:90:2d:97:93:77,-49,11,1,7,1,0,1,0,1,0,0,-97,0,10,2,5437205,0,83,1,128,0,""[0,0,0,0,0,0,0,0,0,0,0,0,-10,9,-12,12,-13,13,-14,13,-14,14,-15,15,-14,14,-13,13,-12,11,-10,10,-8,7,-5,5,-3,3,-1,1,2,-1,5,-3,8,-4,9,-5,11,-6,12,-6,13,-7,13,-6,12,-6,12,-6,11,-6,10,-6,0,0,6,-4,4,-4,3,-3,0,-2,-2,-1,-4,0,-6,0,-7,0,-9,1,-10,0,-10,0,-11,0,-10,0,-10,-1,-9,-1,-8,-1,-7,-2,-5,-2,-3,-2,-2,-2,0,-2,1,-1,2,-1,3,0,5,1,5,2,0,0,0,0,0,0,0,0,0,0]"""
24,"CSI_DATA,23,8c:90:2d:97:93:77,-49,11,1,7,1,0,1,0,1,0,0,-97,0,10,2,5447932,0,83,1,128,0,""[0,0,0,0,0,0,0,0,0,0,0,0,-10,9,-13,11,-14,11,-15,13,-16,13,-16,14,-15,13,-14,12,-13,11,-11,9,-9,7,-6,5,-3,3,-1,1,2,-1,5,-3,8,-5,9,-6,11,-7,12,-7,12,-8,12,-8,12,-8,12,-8,11,-7,9,-7,0,0,6,-5,4,-4,2,-3,0,-1,-1,-1,-4,0,-5,1,-7,2,-9,3,-10,3,-10,3,-10,3,-10,3,-10,2,-9,1,-8,1,-7,1,-5,-1,-4,-1,-3,-2,-1,-2,0,-2,2,-2,4,-2,5,-2,5,-1,0,0,0,0,0,0,0,0,0,0]"""
25,"CSI_DATA,24,8c:90:2d:97:93:77,-49,11,1,7,1,0,1,0,1,0,0,-97,0,10,2,5457201,0,83,1,128,0,""[0,0,0,0,0,0,0,0,0,0,0,0,13,0,15,-1,18,-1,19,-1,20,-1,20,-1,19,-1,18,-1,16,-1,13,-1,10,-1,8,-1,4,-1,0,-1,-3,-2,-6,-2,-9,-3,-11,-2,-13,-3,-14,-4,-14,-3,-15,-4,-15,-4,-14,-3,-13,-3,-11,-2,0,0,-8,-1,-6,-1,-4,0,-2,0,1,0,3,1,5,1,6,2,7,2,8,3,8,3,9,4,8,3,8,4,7,3,6,3,5,3,4,3,2,2,1,2,-1,1,-2,0,-3,-1,-5,-2,-5,-3,-5,-4,0,0,0,0,0,0,0,0,0,0]"""
26,"CSI_DATA,25,8c:90:2d:97:93:77,-49,11,1,7,1,0,1,0,1,0,0,-97,0,10,2,5467133,0,83,1,128,0,""[0,0,0,0,0,0,0,0,0,0,0,0,-13,3,-16,4,-18,4,-20,5,-20,5,-20,5,-19,5,-18,5,-16,3,-14,4,-11,2,-8,2,-5,1,-1,1,2,0,5,-1,8,-1,10,-1,12,-1,13,0,14,-1,14,0,14,-1,13,-1,12,-1,11,-1,0,0,7,-1,5,-2,3,-2,1,-1,-2,-1,-4,-1,-6,-1,-7,-1,-9,-2,-10,-2,-10,-2,-10,-2,-10,-3,-10,-3,-9,-3,-8,-3,-6,-3,-5,-3,-3,-3,-2,-3,0,-2,1,-1,3,-1,4,0,5,1,5,2,0,0,0,0,0,0,0,0,0,0]"""
27,"CSI_DATA,26,8c:90:2d:97:93:77,-49,11,1,7,1,0,1,0,1,0,0,-97,0,10,2,5477313,0,83,1,128,0,""[0,0,0,0,0,0,0,0,0,0,0,0,7,-12,9,-14,10,-15,10,-16,11,-17,11,-17,11,-17,10,-15,9,-13,8,-12,6,-9,4,-7,2,-5,-1,-2,-3,0,-6,2,-8,4,-10,5,-11,6,-12,7,-12,7,-13,7,-13,7,-12,7,-11,6,-10,6,0,0,-7,4,-5,3,-3,2,-1,1,1,0,3,-1,5,-1,6,-2,7,-3,8,-3,9,-2,9,-2,9,-2,9,-1,8,-1,7,-1,6,0,4,0,3,1,1,1,0,1,-2,1,-3,0,-4,0,-6,-1,-6,-2,0,0,0,0,0,0,0,0,0,0]"""
28,"CSI_DATA,27,8c:90:2d:97:93:77,-49,11,1,7,1,0,1,0,1,0,0,-97,0,10,2,5487234,0,83,1,128,0,""[0,0,0,0,0,0,0,0,0,0,0,0,-13,-4,-15,-4,-18,-5,-19,-5,-20,-5,-20,-5,-19,-5,-18,-5,-16,-5,-14,-4,-11,-3,-8,-2,-5,-1,-2,1,1,2,3,3,6,5,8,5,10,7,10,8,11,8,11,8,11,8,10,7,9,7,9,6,0,0,6,3,5,2,3,1,1,0,-1,-2,-2,-3,-3,-5,-4,-6,-5,-7,-6,-8,-6,-8,-6,-9,-5,-9,-5,-8,-4,-8,-3,-7,-2,-6,-1,-5,-1,-4,0,-3,0,-1,1,0,1,2,1,3,1,4,0,5,0,0,0,0,0,0,0,0,0,0]"""
29,"CSI_DATA,28,8c:90:2d:97:93:77,-49,11,1,7,1,0,1,0,1,0,0,-97,0,10,2,5497592,0,83,1,128,0,""[0,0,0,0,0,0,0,0,0,0,0,0,-12,-4,-15,-4,-18,-5,-19,-5,-20,-5,-19,-5,-19,-5,-18,-4,-16,-4,-14,-3,-11,-3,-8,-2,-4,-1,-1,0,2,1,4,2,7,3,9,3,11,4,12,4,12,4,12,5,12,4,12,4,11,3,10,3,0,0,7,1,5,0,3,0,1,0,-2,-1,-4,-2,-5,-3,-7,-3,-8,-3,-8,-4,-9,-5,-9,-5,-9,-5,-8,-5,-7,-5,-6,-5,-5,-4,-4,-4,-3,-3,-1,-3,0,-2,1,-1,3,0,3,1,4,2,4,3,0,0,0,0,0,0,0,0,0,0]"""
30,"CSI_DATA,29,8c:90:2d:97:93:77,-49,11,1,7,1,0,1,0,1,0,0,-97,0,10,2,5507216,0,83,1,128,0,""[0,0,0,0,0,0,0,0,0,0,0,0,-13,1,-16,2,-19,2,-19,2,-21,3,-20,3,-20,3,-19,3,-16,2,-14,2,-11,1,-8,1,-5,1,-1,0,3,0,5,0,8,0,10,-1,12,0,13,0,14,0,14,0,14,0,13,0,12,-1,11,-1,0,0,7,-1,5,-1,3,-1,1,-1,-2,-1,-4,-1,-6,-1,-7,-1,-8,-1,-10,-1,-10,-2,-10,-2,-10,-3,-9,-2,-9,-3,-7,-3,-6,-2,-5,-3,-4,-2,-2,-2,0,-2,1,-1,3,-1,4,0,4,1,5,1,0,0,0,0,0,0,0,0,0,0]"""
31,"CSI_DATA,30,8c:90:2d:97:93:77,-49,11,1,7,1,0,1,0,1,0,0,-97,0,10,2,5517165,0,83,1,128,0,""[0,0,0,0,0,0,0,0,0,0,0,0,-12,-4,-15,-4,-18,-5,-19,-5,-20,-6,-19,-5,-19,-5,-18,-5,-16,-4,-14,-4,-11,-4,-8,-2,-4,-1,-1,0,2,1,4,3,6,4,9,5,10,6,11,7,11,7,11,7,11,7,11,7,10,6,9,5,0,0,6,3,5,2,2,0,1,0,-1,-2,-3,-3,-4,-4,-5,-5,-6,-6,-7,-7,-7,-7,-7,-8,-6,-8,-6,-8,-5,-7,-4,-7,-4,-6,-2,-5,-1,-4,0,-3,0,-2,1,0,2,1,2,3,2,4,2,5,0,0,0,0,0,0,0,0,0,0]"""
32,"CSI_DATA,31,8c:90:2d:97:93:77,-49,11,1,7,1,0,1,0,1,0,0,-97,0,10,2,5527184,0,83,1,128,0,""[0,0,0,0,0,0,0,0,0,0,0,0,7,-12,8,-14,9,-16,10,-17,10,-17,10,-18,10,-17,9,-16,8,-14,7,-12,5,-9,4,-7,1,-5,-1,-2,-3,1,-5,3,-7,5,-9,7,-10,7,-10,9,-11,9,-11,9,-11,9,-11,8,-10,7,-9,7,0,0,-5,5,-4,4,-2,2,-1,1,0,-1,2,-2,4,-3,5,-4,7,-4,8,-4,8,-4,8,-4,9,-4,8,-3,7,-3,7,-2,5,-2,4,-1,3,-1,1,0,0,1,-1,1,-3,1,-4,1,-6,0,-6,0,0,0,0,0,0,0,0,0,0,0]"""
33,"CSI_DATA,32,8c:90:2d:97:93:77,-49,11,1,7,1,0,1,0,1,0,0,-97,0,10,2,5537217,0,83,1,128,0,""[0,0,0,0,0,0,0,0,0,0,0,0,4,-12,4,-16,5,-17,5,-19,5,-19,6,-20,6,-18,5,-17,5,-15,4,-13,3,-10,2,-8,0,-5,-1,-2,-3,1,-4,4,-6,6,-7,8,-8,9,-9,10,-9,10,-9,10,-9,10,-9,10,-8,9,-7,8,0,0,-4,6,-3,4,-2,3,-1,1,1,-1,2,-2,3,-3,5,-4,6,-5,7,-5,7,-6,7,-5,8,-5,7,-5,7,-4,6,-3,5,-2,4,-1,3,-1,2,0,0,1,-1,1,-2,1,-4,1,-5,1,-6,1,0,0,0,0,0,0,0,0,0,0]"""
34,"CSI_DATA,33,8c:90:2d:97:93:77,-49,11,1,7,1,0,1,0,1,0,0,-97,0,10,2,5547755,0,83,1,128,0,""[0,0,0,0,0,0,0,0,0,0,0,0,-12,7,-14,9,-16,10,-16,10,-17,12,-17,11,-16,11,-15,10,-13,9,-12,8,-9,5,-7,4,-4,3,-1,1,2,-1,5,-2,8,-4,10,-5,11,-5,13,-5,13,-6,13,-6,13,-6,12,-6,11,-5,10,-5,0,0,6,-4,4,-4,2,-2,1,-2,-1,-1,-4,0,-5,1,-7,1,-8,1,-10,1,-10,1,-10,1,-10,0,-10,0,-9,0,-8,-1,-7,-1,-5,-1,-4,-2,-2,-2,-1,-2,1,-2,2,-2,3,-1,5,0,5,0,0,0,0,0,0,0,0,0,0,0]"""
35,"CSI_DATA,34,8c:90:2d:97:93:77,-49,11,1,7,1,0,1,0,1,0,0,-97,0,10,2,5557144,0,83,1,128,0,""[0,0,0,0,0,0,0,0,0,0,0,0,11,4,14,4,17,5,18,6,18,6,18,6,17,6,16,5,14,5,12,4,9,3,7,2,4,0,0,-1,-3,-2,-5,-4,-7,-5,-9,-6,-11,-8,-12,-8,-12,-8,-12,-8,-12,-8,-12,-8,-11,-7,-10,-6,0,0,-7,-4,-5,-3,-4,-2,-2,-1,0,0,2,2,3,3,5,4,5,5,6,5,6,6,6,6,6,7,5,6,5,6,4,6,3,5,1,4,1,3,0,2,-2,1,-2,-1,-3,-2,-4,-4,-3,-5,-3,-6,0,0,0,0,0,0,0,0,0,0]"""
36,"CSI_DATA,35,8c:90:2d:97:93:77,-49,11,1,7,1,0,1,0,1,0,0,-97,0,10,2,5567238,0,83,1,128,0,""[0,0,0,0,0,0,0,0,0,0,0,0,-13,-3,-16,-3,-18,-4,-20,-4,-21,-4,-20,-4,-20,-4,-19,-3,-16,-3,-14,-3,-11,-3,-8,-2,-5,-1,-2,1,2,1,4,2,7,4,9,4,11,6,12,6,12,6,12,6,12,6,12,6,10,5,9,4,0,0,7,2,4,1,3,0,1,0,-1,-2,-3,-3,-4,-4,-5,-5,-6,-6,-7,-7,-7,-7,-7,-8,-7,-8,-6,-8,-6,-7,-4,-7,-3,-6,-3,-5,-1,-4,0,-3,0,-2,1,0,2,1,2,3,2,4,2,5,0,0,0,0,0,0,0,0,0,0]"""
37,"CSI_DATA,36,8c:90:2d:97:93:77,-49,11,1,7,1,0,1,0,1,0,0,-97,0,10,2,5577265,0,83,1,128,0,""[0,0,0,0,0,0,0,0,0,0,0,0,-11,-8,-14,-9,-16,-9,-17,-10,-18,-11,-18,-11,-17,-11,-16,-10,-14,-9,-12,-7,-10,-6,-7,-5,-4,-2,-2,0,1,2,2,4,4,6,6,8,7,10,8,10,8,11,8,11,8,11,8,10,7,9,6,8,0,0,5,5,3,3,2,2,1,0,0,-2,-2,-4,-2,-5,-3,-7,-3,-8,-3,-9,-3,-10,-3,-10,-3,-10,-2,-10,-2,-9,-1,-8,-1,-6,0,-6,0,-4,0,-3,1,-1,1,1,1,2,0,4,0,5,-1,5,0,0,0,0,0,0,0,0,0,0]"""
38,"CSI_DATA,37,8c:90:2d:97:93:77,-49,11,1,7,1,0,1,0,1,0,0,-97,0,10,2,5587195,0,83,1,128,0,""[0,0,0,0,0,0,0,0,0,0,0,0,12,1,15,1,18,1,19,1,20,2,20,2,19,2,18,2,15,1,14,1,11,0,7,0,4,-1,1,-1,-3,-2,-5,-3,-8,-5,-10,-5,-12,-6,-13,-7,-13,-7,-13,-7,-13,-7,-13,-6,-11,-6,-11,-5,0,0,-8,-3,-6,-2,-4,-1,-2,-1,0,1,2,2,3,3,4,4,5,5,6,6,6,6,6,7,6,7,5,7,5,6,3,6,3,5,2,4,1,3,0,2,-2,0,-2,-1,-3,-3,-3,-4,-3,-5,-3,-6,0,0,0,0,0,0,0,0,0,0]"""
39,"CSI_DATA,38,8c:90:2d:97:93:77,-49,11,1,7,1,0,1,0,1,0,0,-97,0,10,2,5597676,0,83,1,128,0,""[0,0,0,0,0,0,0,0,0,0,0,0,13,-1,15,-1,18,-1,20,-1,20,-1,20,-1,20,-1,18,-1,16,-1,14,-1,10,-1,8,-1,4,-1,0,-2,-3,-2,-6,-2,-9,-3,-11,-3,-13,-4,-14,-4,-14,-4,-15,-4,-14,-4,-14,-4,-12,-3,-12,-3,0,0,-8,-2,-6,-1,-4,0,-2,0,0,0,2,1,5,2,6,2,7,3,8,4,8,4,8,5,8,5,7,5,7,4,5,4,4,3,3,3,2,3,0,2,-1,1,-2,-1,-3,-1,-4,-3,-5,-4,-4,-5,0,0,0,0,0,0,0,0,0,0]"""
40,"CSI_DATA,39,8c:90:2d:97:93:77,-49,11,1,7,1,0,1,0,1,0,0,-97,0,10,2,5607163,0,83,1,128,0,""[0,0,0,0,0,0,0,0,0,0,0,0,-1,13,0,16,0,17,0,19,0,20,0,20,0,19,0,18,-1,15,0,13,0,10,0,7,0,4,0,1,1,-3,2,-6,3,-9,3,-11,3,-12,4,-13,4,-14,4,-14,4,-14,4,-13,3,-12,2,-11,0,0,1,-8,1,-6,0,-4,-1,-2,-1,0,-2,2,-3,4,-4,5,-5,6,-6,7,-6,7,-6,7,-7,7,-7,6,-6,5,-6,4,-5,3,-4,2,-4,1,-3,0,-2,-1,0,-2,1,-3,2,-4,4,-4,4,-3,0,0,0,0,0,0,0,0,0,0]"""
41,"CSI_DATA,40,8c:90:2d:97:93:77,-49,11,1,7,1,0,1,0,1,0,0,-97,0,10,2,5617727,0,83,1,128,0,""[0,0,0,0,0,0,0,0,0,0,0,0,5,12,6,15,8,16,8,17,9,18,8,18,8,17,7,16,6,14,5,12,4,9,3,7,2,4,1,0,0,-4,0,-6,0,-9,-1,-12,-1,-13,-1,-14,-1,-15,-1,-15,-1,-15,-1,-14,-1,-13,-1,-12,0,0,-2,-8,-1,-6,-1,-4,-1,-2,-1,1,-1,3,-2,5,-2,6,-3,7,-3,8,-4,9,-4,9,-4,8,-4,8,-4,7,-4,6,-4,5,-3,4,-3,2,-2,1,-2,-1,-1,-3,0,-4,1,-4,2,-5,3,-5,0,0,0,0,0,0,0,0,0,0]"""
42,"CSI_DATA,41,8c:90:2d:97:93:77,-49,11,1,7,1,0,1,0,1,0,0,-97,0,10,2,5627200,0,83,1,128,0,""[0,0,0,0,0,0,0,0,0,0,0,0,-1,-14,-1,-17,-2,-18,-2,-19,-2,-20,-2,-20,-1,-20,-1,-18,-1,-16,-1,-14,-1,-11,-1,-8,-1,-5,-1,-2,-2,2,-3,5,-3,8,-3,10,-4,11,-4,12,-4,13,-4,13,-4,13,-4,12,-4,11,-3,10,0,0,-1,7,-1,5,-1,3,0,1,0,-1,1,-3,2,-5,3,-6,4,-7,4,-8,4,-9,5,-8,5,-8,5,-8,5,-7,4,-6,4,-5,3,-3,2,-2,2,-1,1,0,0,1,-2,2,-3,3,-4,3,-5,3,0,0,0,0,0,0,0,0,0,0]"""
43,"CSI_DATA,42,8c:90:2d:97:93:77,-49,11,1,7,1,0,1,0,1,0,0,-97,0,10,2,5637283,0,83,1,128,0,""[0,0,0,0,0,0,0,0,0,0,0,0,-13,5,-15,7,-17,7,-18,8,-19,8,-19,8,-18,8,-17,8,-15,6,-13,6,-11,4,-8,3,-4,3,-1,1,3,0,5,-1,8,-1,10,-1,12,-1,13,-1,14,-1,14,-1,13,-1,13,-1,12,-2,11,-2,0,0,7,-2,5,-2,3,-2,1,-1,-1,-2,-4,-2,-5,-2,-7,-2,-8,-2,-9,-3,-10,-3,-10,-4,-9,-4,-9,-4,-8,-4,-7,-4,-6,-4,-4,-4,-3,-3,-1,-2,0,-2,1,-1,2,0,3,1,4,2,4,3,0,0,0,0,0,0,0,0,0,0]"""
44,"CSI_DATA,43,8c:90:2d:97:93:77,-49,11,1,7,1,0,1,0,1,0,0,-97,0,10,2,5647767,0,83,1,128,0,""[0,0,0,0,0,0,0,0,0,0,0,0,-5,12,-5,15,-5,16,-5,17,-6,19,-6,19,-6,18,-6,17,-5,15,-5,13,-4,9,-3,7,-1,4,0,1,2,-2,4,-5,5,-7,6,-9,7,-10,8,-11,8,-11,8,-11,9,-11,8,-11,7,-10,6,-9,0,0,4,-7,3,-5,1,-4,-1,-2,-2,0,-3,1,-5,2,-6,3,-7,4,-8,4,-9,4,-9,4,-9,3,-9,3,-8,3,-7,2,-6,1,-5,0,-4,0,-2,-1,-1,-2,1,-2,2,-2,3,-2,4,-1,5,-1,0,0,0,0,0,0,0,0,0,0]"""
45,"CSI_DATA,44,8c:90:2d:97:93:77,-49,11,1,7,1,0,1,0,1,0,0,-97,0,10,2,5657176,0,83,1,128,0,""[0,0,0,0,0,0,0,0,0,0,0,0,-12,7,-14,9,-16,10,-17,10,-17,12,-17,11,-17,11,-16,10,-14,9,-12,8,-10,6,-7,4,-4,3,-1,1,2,0,6,-2,8,-2,10,-3,12,-3,13,-3,14,-3,14,-3,14,-4,13,-3,12,-3,10,-3,0,0,7,-3,5,-3,3,-2,1,-1,-1,-1,-4,-1,-6,-1,-7,-1,-8,-1,-10,-2,-10,-2,-10,-3,-10,-3,-9,-3,-9,-3,-7,-3,-6,-3,-5,-3,-3,-3,-2,-2,0,-2,1,-1,2,0,3,1,4,2,4,3,0,0,0,0,0,0,0,0,0,0]"""
46,"CSI_DATA,45,8c:90:2d:97:93:77,-49,11,1,7,1,0,1,0,1,0,0,-97,0,10,2,5667182,0,83,1,128,0,""[0,0,0,0,0,0,0,0,0,0,0,0,11,-7,13,-9,15,-10,16,-11,17,-12,16,-11,16,-11,15,-10,13,-10,11,-8,9,-6,6,-5,3,-3,0,-2,-4,0,-6,1,-9,2,-11,4,-12,4,-14,4,-14,5,-14,4,-14,5,-13,4,-12,4,-11,4,0,0,-7,3,-5,2,-3,2,-2,0,1,0,3,-1,5,-2,6,-2,7,-2,8,-3,9,-2,9,-2,9,-2,9,-1,8,-1,7,0,6,0,4,0,3,1,2,1,0,1,-2,1,-3,1,-4,0,-6,0,-6,-1,0,0,0,0,0,0,0,0,0,0]"""
47,"CSI_DATA,46,8c:90:2d:97:93:77,-48,11,1,6,1,0,1,0,1,0,0,-97,0,10,2,5680770,0,83,1,128,0,""[0,0,0,0,0,0,0,0,0,0,0,0,11,-6,13,-7,15,-8,16,-9,17,-9,17,-10,16,-9,15,-9,13,-8,11,-7,9,-5,6,-4,3,-3,0,-2,-4,0,-6,1,-9,1,-11,3,-13,2,-13,3,-14,3,-14,3,-14,3,-13,3,-12,3,-11,2,0,0,-7,2,-5,2,-4,1,-2,0,1,0,3,-1,5,-1,6,-1,7,-1,8,-1,9,-1,9,-1,9,0,9,0,8,0,7,0,6,0,4,1,3,1,1,1,-1,1,-2,1,-3,0,-5,0,-6,-1,-6,-2,0,0,0,0,0,0,0,0,0,0]"""
48,"CSI_DATA,47,8c:90:2d:97:93:77,-49,11,1,7,1,0,1,0,1,0,0,-97,0,10,2,5687660,0,83,1,128,0,""[0,0,0,0,0,0,0,0,0,0,0,0,-12,-5,-15,-5,-18,-6,-19,-6,-20,-7,-20,-6,-19,-6,-18,-5,-16,-5,-14,-4,-11,-4,-8,-3,-5,-1,-1,0,2,1,4,3,7,4,9,5,10,6,11,7,12,7,12,7,12,7,11,6,10,6,9,5,0,0,6,2,4,1,2,0,1,0,-1,-2,-3,-3,-5,-4,-6,-5,-7,-5,-7,-7,-7,-7,-7,-7,-7,-7,-7,-7,-6,-7,-5,-6,-4,-5,-3,-5,-2,-4,-1,-3,0,-2,1,0,2,1,3,2,3,4,3,4,0,0,0,0,0,0,0,0,0,0]"""
49,"CSI_DATA,48,8c:90:2d:97:93:77,-49,11,1,7,1,0,1,0,1,0,0,-97,0,10,2,5697649,0,83,1,128,0,""[0,0,0,0,0,0,0,0,0,0,0,0,-13,2,-16,3,-19,3,-20,3,-21,4,-21,3,-20,3,-19,3,-16,2,-14,2,-11,2,-8,1,-5,1,-1,1,3,0,5,0,8,0,10,0,12,0,13,0,14,0,14,0,14,0,13,0,12,0,11,-1,0,0,7,-1,5,-1,3,-1,1,-1,-1,-1,-4,-1,-6,-2,-7,-2,-8,-2,-9,-3,-10,-3,-10,-3,-10,-3,-9,-3,-9,-4,-7,-4,-6,-3,-5,-3,-3,-3,-2,-2,0,-2,1,-1,3,-1,3,1,4,1,5,2,0,0,0,0,0,0,0,0,0,0]"""
50,"CSI_DATA,49,8c:90:2d:97:93:77,-49,11,1,7,1,0,1,0,1,0,0,-97,0,10,2,5707319,0,83,1,128,0,""[0,0,0,0,0,0,0,0,0,0,0,0,4,12,6,14,8,16,8,17,8,18,7,18,7,17,7,16,6,14,5,12,4,9,3,6,2,3,1,0,-1,-3,0,-6,-1,-9,-2,-11,-2,-13,-2,-14,-2,-14,-2,-15,-2,-14,-2,-14,-2,-12,-2,-11,0,0,-2,-8,-2,-6,-2,-4,-2,-2,-1,0,-1,3,-1,5,-1,6,-2,7,-2,9,-2,9,-2,9,-2,9,-3,8,-3,8,-3,6,-3,5,-3,4,-3,2,-2,1,-2,-1,-1,-2,-1,-4,0,-5,1,-5,2,-6,0,0,0,0,0,0,0,0,0,0]"""
51,"CSI_DATA,50,8c:90:2d:97:93:77,-49,11,1,7,1,0,1,0,1,0,0,-97,0,10,2,5717224,0,83,1,128,0,""[0,0,0,0,0,0,0,0,0,0,0,0,8,9,10,10,13,11,14,12,15,13,14,13,13,12,13,11,11,10,10,9,7,7,5,5,3,2,0,-1,-2,-3,-3,-6,-4,-8,-6,-9,-7,-11,-7,-12,-8,-12,-8,-13,-8,-13,-7,-12,-7,-11,-6,-9,0,0,-5,-7,-4,-5,-3,-3,-2,-1,0,1,0,3,1,4,2,6,2,7,2,8,2,9,2,9,1,9,1,8,1,8,0,7,0,5,-1,5,-1,3,-2,2,-2,0,-2,-2,-2,-3,-1,-5,-1,-6,0,-6,0,0,0,0,0,0,0,0,0,0]"""
52,"CSI_DATA,51,8c:90:2d:97:93:77,-49,11,1,7,1,0,1,0,1,0,0,-97,0,10,2,5727233,0,83,1,128,0,""[0,0,0,0,0,0,0,0,0,0,0,0,-12,-2,-14,-2,-17,-2,-18,-3,-19,-3,-18,-3,-18,-3,-17,-2,-14,-2,-13,-2,-9,-2,-7,-1,-4,0,-1,0,1,0,3,1,5,2,7,3,9,4,10,5,11,5,11,5,10,5,10,4,9,4,8,3,0,0,5,1,3,0,2,0,0,0,0,-1,-2,-2,-3,-3,-4,-4,-5,-5,-6,-5,-6,-6,-6,-6,-6,-6,-5,-6,-5,-6,-4,-5,-3,-4,-2,-4,-1,-3,0,-2,0,-1,0,0,1,0,1,1,1,3,1,3,0,0,0,0,0,0,0,0,0,0]"""
53,"CSI_DATA,52,8c:90:2d:97:93:77,-49,11,1,7,1,0,1,0,1,0,0,-97,0,10,2,5739954,0,83,1,128,0,""[0,0,0,0,0,0,0,0,0,0,0,0,-8,-11,-10,-13,-13,-14,-13,-15,-14,-16,-14,-16,-13,-15,-12,-14,-11,-13,-9,-11,-7,-9,-6,-7,-3,-3,-1,-1,1,2,1,4,3,7,4,9,5,11,6,12,6,12,6,12,6,12,6,12,5,10,5,9,0,0,4,6,3,4,1,2,1,0,-1,-2,-2,-3,-2,-5,-3,-7,-2,-8,-3,-9,-3,-10,-3,-10,-2,-10,-2,-9,-2,-9,-1,-8,0,-6,0,-5,0,-4,1,-3,1,-1,1,1,1,2,0,4,0,5,-1,5,0,0,0,0,0,0,0,0,0,0]"""
54,"CSI_DATA,53,8c:90:2d:97:93:77,-49,11,1,7,1,0,1,0,1,0,0,-97,0,10,2,5747765,0,83,1,128,0,""[0,0,0,0,0,0,0,0,0,0,0,0,-2,-14,-3,-17,-4,-18,-4,-19,-4,-21,-4,-21,-3,-20,-3,-18,-3,-16,-2,-14,-2,-11,-2,-8,-2,-5,-1,-1,-1,2,-2,5,-2,8,-2,10,-2,12,-2,13,-2,13,-2,13,-2,14,-2,13,-1,12,-1,10,0,0,0,7,0,5,0,3,0,1,0,-1,0,-3,1,-6,1,-7,2,-8,2,-9,3,-10,2,-10,3,-9,3,-9,3,-8,3,-7,3,-6,2,-4,2,-3,1,-2,1,0,0,1,-1,3,-2,3,-3,4,-4,4,0,0,0,0,0,0,0,0,0,0]"""
55,"CSI_DATA,54,8c:90:2d:97:93:77,-49,11,1,7,1,0,1,0,1,0,0,-97,0,10,2,5757184,0,83,1,128,0,""[0,0,0,0,0,0,0,0,0,0,0,0,-12,-2,-14,-2,-18,-2,-19,-3,-20,-3,-19,-2,-18,-2,-17,-2,-15,-2,-13,-1,-10,-1,-7,-1,-4,0,0,0,1,1,3,1,5,2,8,3,10,4,11,4,11,5,11,5,11,5,10,4,9,4,8,3,0,0,5,1,4,0,2,0,0,0,0,-1,-2,-2,-4,-3,-5,-4,-6,-4,-6,-5,-6,-6,-7,-6,-6,-6,-6,-6,-5,-6,-4,-5,-3,-4,-2,-4,-1,-3,0,-2,0,-1,0,0,1,0,1,2,2,3,1,3,0,0,0,0,0,0,0,0,0,0]"""
56,"CSI_DATA,55,8c:90:2d:97:93:77,-49,11,1,7,1,0,1,0,1,0,0,-97,0,10,2,5767211,0,83,1,128,0,""[0,0,0,0,0,0,0,0,0,0,0,0,-12,2,-14,3,-17,3,-18,3,-19,4,-18,4,-18,4,-17,3,-14,3,-13,2,-10,1,-7,1,-3,0,0,0,1,0,4,0,7,0,9,0,11,0,12,0,12,0,13,0,13,0,12,0,10,0,9,0,0,0,6,0,4,0,2,0,0,0,-1,0,-3,-1,-5,-1,-6,-1,-7,-2,-8,-2,-9,-2,-9,-3,-8,-3,-8,-3,-7,-3,-6,-3,-5,-3,-3,-2,-2,-2,-1,-2,0,-1,0,0,1,0,2,0,3,1,3,2,0,0,0,0,0,0,0,0,0,0]"""
57,"CSI_DATA,56,8c:90:2d:97:93:77,-49,11,1,7,1,0,1,0,1,0,0,-97,0,10,2,5777252,0,83,1,128,0,""[0,0,0,0,0,0,0,0,0,0,0,0,10,2,14,2,16,3,17,4,18,3,18,4,17,3,16,3,14,3,11,1,9,1,6,0,3,0,0,0,-2,-2,-4,-2,-6,-4,-8,-4,-10,-6,-11,-7,-12,-7,-11,-7,-11,-7,-11,-6,-10,-6,-9,-5,0,0,-6,-3,-4,-2,-3,0,-1,0,0,0,1,1,2,2,3,3,4,4,5,5,5,5,5,6,5,6,4,5,3,5,2,5,1,4,1,3,0,2,0,1,-1,0,-1,0,-2,-1,-2,-3,-2,-4,-2,-5,0,0,0,0,0,0,0,0,0,0]"""
58,"CSI_DATA,57,8c:90:2d:97:93:77,-49,11,1,7,1,0,1,0,1,0,0,-97,0,10,2,5790113,0,83,1,128,0,""[0,0,0,0,0,0,0,0,0,0,0,0,-5,-13,-6,-15,-8,-17,-9,-18,-9,-19,-9,-19,-8,-19,-8,-17,-7,-15,-6,-13,-5,-10,-4,-8,-3,-5,-2,-1,0,2,0,5,0,8,2,10,2,12,2,13,2,13,2,14,2,13,2,13,2,11,2,10,0,0,2,7,1,5,1,3,1,1,0,-2,-1,-4,-1,-6,-1,-7,0,-9,0,-10,0,-10,0,-10,0,-10,1,-9,1,-9,1,-8,1,-6,1,-5,1,-4,1,-2,1,0,1,1,0,3,0,4,-1,5,-2,5,0,0,0,0,0,0,0,0,0,0]"""
59,"CSI_DATA,58,8c:90:2d:97:93:77,-49,11,1,7,1,0,1,0,1,0,0,-97,0,10,2,5797636,0,83,1,128,0,""[0,0,0,0,0,0,0,0,0,0,0,0,4,-14,5,-16,5,-17,5,-19,5,-20,6,-20,6,-19,5,-18,5,-16,4,-14,2,-11,1,-8,0,-5,-1,-2,-2,1,-4,4,-5,7,-6,9,-7,10,-8,11,-8,11,-8,12,-8,12,-7,11,-7,11,-6,9,0,0,-4,7,-3,5,-2,3,0,1,0,-1,2,-3,3,-4,4,-6,5,-7,6,-7,6,-8,7,-8,7,-7,6,-7,6,-6,6,-5,5,-4,4,-2,3,-2,2,0,0,1,-1,1,-2,2,-3,3,-5,3,-6,3,0,0,0,0,0,0,0,0,0,0]"""
60,"CSI_DATA,59,8c:90:2d:97:93:77,-49,11,1,7,1,0,1,0,1,0,0,-97,0,10,2,5807118,0,83,1,128,0,""[0,0,0,0,0,0,0,0,0,0,0,0,11,3,14,3,17,4,18,4,18,4,19,5,17,4,17,4,14,4,12,3,10,2,7,2,4,0,1,-1,-2,-3,-4,-4,-7,-6,-9,-6,-10,-8,-11,-9,-11,-9,-11,-9,-11,-9,-11,-9,-10,-7,-9,-7,0,0,-7,-4,-5,-3,-4,-2,-2,-1,-1,1,1,3,2,4,3,5,3,6,4,7,4,8,4,8,4,8,3,8,2,7,2,6,1,5,0,4,0,3,-1,1,-2,0,-2,-2,-2,-3,-2,-4,-2,-5,-1,-6,0,0,0,0,0,0,0,0,0,0]"""
61,"CSI_DATA,60,8c:90:2d:97:93:77,-49,11,1,7,1,0,1,0,1,0,0,-97,0,10,2,5817161,0,83,1,128,0,""[0,0,0,0,0,0,0,0,0,0,0,0,-12,-5,-15,-5,-18,-6,-19,-6,-19,-7,-20,-7,-19,-7,-17,-7,-15,-6,-13,-5,-11,-4,-8,-3,-5,-1,-2,0,1,3,3,3,6,5,7,6,9,8,10,9,10,9,10,9,10,9,10,9,9,7,8,7,0,0,6,4,4,2,2,1,1,0,0,-2,-2,-4,-3,-5,-4,-7,-4,-7,-4,-8,-5,-9,-5,-9,-4,-9,-4,-9,-3,-8,-2,-8,-2,-6,-1,-6,0,-4,0,-3,1,-1,1,1,1,2,1,3,0,4,0,5,0,0,0,0,0,0,0,0,0,0]"""
62,"CSI_DATA,61,8c:90:2d:97:93:77,-49,11,1,7,1,0,1,0,1,0,0,-97,0,10,2,5827254,0,83,1,128,0,""[0,0,0,0,0,0,0,0,0,0,0,0,5,-13,6,-16,6,-17,6,-19,7,-20,7,-20,7,-19,7,-18,5,-15,5,-14,4,-10,2,-8,1,-5,-1,-2,-3,1,-5,4,-7,6,-8,7,-10,9,-10,9,-10,10,-11,10,-11,10,-10,9,-9,8,-8,8,0,0,-5,5,-4,4,-3,2,0,1,1,-1,3,-2,4,-3,6,-4,7,-4,8,-5,9,-4,9,-4,9,-4,8,-3,8,-3,7,-2,6,-2,4,-1,3,0,1,0,0,1,-2,1,-3,1,-4,1,-6,0,-6,-1,0,0,0,0,0,0,0,0,0,0]"""
63,"CSI_DATA,62,8c:90:2d:97:93:77,-49,11,1,7,1,0,1,0,1,0,0,-97,0,10,2,5837156,0,83,1,128,0,""[0,0,0,0,0,0,0,0,0,0,0,0,1,-14,0,-17,0,-19,0,-20,0,-21,1,-21,1,-21,1,-19,1,-17,1,-15,0,-12,0,-9,-1,-5,-2,-2,-3,2,-4,4,-6,7,-7,9,-7,10,-8,11,-9,12,-9,12,-9,12,-8,11,-7,10,-6,9,0,0,-4,6,-3,5,-2,3,0,1,1,0,2,-2,4,-3,5,-4,7,-4,8,-5,8,-5,8,-5,8,-4,8,-4,7,-3,7,-2,5,-2,4,-1,3,0,1,0,0,0,-2,1,-3,1,-4,0,-5,0,-6,-1,0,0,0,0,0,0,0,0,0,0]"""
64,"CSI_DATA,63,8c:90:2d:97:93:77,-49,11,1,7,1,0,1,0,1,0,0,-97,0,10,2,5847784,0,83,1,128,0,""[0,0,0,0,0,0,0,0,0,0,0,0,11,-4,14,-5,15,-6,17,-6,18,-6,18,-6,17,-6,16,-4,14,-4,12,-3,9,-3,6,-2,3,-2,0,-2,-2,-2,-5,-1,-8,-2,-10,-2,-12,-3,-13,-3,-13,-3,-14,-4,-13,-3,-13,-3,-11,-3,-10,-2,0,0,-7,-1,-5,0,-3,0,-1,0,0,0,0,1,2,2,3,3,4,4,5,5,5,6,5,6,4,6,4,6,3,5,2,5,1,4,0,3,0,2,0,0,0,0,-1,-1,-1,-2,-1,-3,-1,-5,0,-5,0,0,0,0,0,0,0,0,0,0]"""
65,"CSI_DATA,64,8c:90:2d:97:93:77,-49,11,1,7,1,0,1,0,1,0,0,-97,0,10,2,5857251,0,83,1,128,0,""[0,0,0,0,0,0,0,0,0,0,0,0,-12,2,-15,3,-17,3,-18,4,-19,4,-19,4,-19,4,-17,3,-15,3,-13,3,-10,1,-7,1,-4,0,0,0,1,0,4,0,7,0,9,0,11,0,12,0,13,0,13,0,13,0,12,0,11,0,9,0,0,0,6,-1,4,-1,2,-1,0,0,-1,0,-3,0,-5,0,-6,0,-8,0,-8,-1,-9,-1,-9,-1,-9,-1,-8,-2,-8,-2,-6,-2,-5,-2,-4,-2,-2,-2,-1,-1,0,-1,0,0,2,0,3,0,3,0,4,1,0,0,0,0,0,0,0,0,0,0]"""
66,"CSI_DATA,65,8c:90:2d:97:93:77,-49,11,1,7,1,0,1,0,1,0,0,-97,0,10,2,5867213,0,83,1,128,0,""[0,0,0,0,0,0,0,0,0,0,0,0,9,-6,12,-8,14,-9,14,-10,15,-10,15,-11,15,-10,13,-9,12,-8,10,-7,7,-5,5,-4,2,-2,0,-1,-2,0,-5,0,-8,1,-9,3,-11,3,-12,3,-13,3,-13,3,-12,3,-12,3,-11,3,-9,2,0,0,-6,2,-4,1,-2,0,-1,0,0,0,2,0,4,0,5,-1,6,-1,7,-1,8,-1,8,-1,8,0,8,0,7,0,6,0,4,0,3,0,2,0,0,0,0,0,-1,0,-2,0,-3,0,-5,0,-5,0,0,0,0,0,0,0,0,0,0,0]"""
67,"CSI_DATA,66,8c:90:2d:97:93:77,-49,11,1,7,1,0,1,0,1,0,0,-97,0,10,2,5877247,0,83,1,128,0,""[0,0,0,0,0,0,0,0,0,0,0,0,-12,-6,-14,-8,-17,-8,-18,-9,-19,-9,-18,-9,-18,-9,-17,-8,-15,-8,-13,-6,-10,-5,-8,-4,-4,-2,-1,0,2,2,3,3,6,5,8,6,9,8,10,9,10,9,10,9,10,9,10,8,9,7,8,6,0,0,6,4,4,2,2,1,1,0,-1,-2,-3,-3,-4,-5,-5,-6,-6,-7,-6,-8,-6,-8,-6,-8,-6,-9,-5,-8,-5,-8,-4,-7,-3,-6,-2,-5,-1,-4,0,-3,1,-2,1,0,2,2,2,3,2,4,2,5,0,0,0,0,0,0,0,0,0,0]"""
68,"CSI_DATA,67,8c:90:2d:97:93:77,-49,11,1,7,1,0,1,0,1,0,0,-97,0,10,2,5887235,0,83,1,128,0,""[0,0,0,0,0,0,0,0,0,0,0,0,-11,6,-12,8,-14,9,-15,9,-16,10,-16,10,-15,10,-14,9,-12,8,-11,6,-9,4,-6,3,-3,2,0,0,1,0,4,-1,7,-1,9,-2,11,-2,12,-2,12,-2,12,-2,12,-2,12,-2,10,-2,9,-2,0,0,6,-2,4,-1,2,-1,0,-1,0,0,-3,0,-4,0,-6,0,-8,0,-9,-1,-9,-1,-9,-2,-9,-2,-8,-2,-8,-2,-6,-2,-5,-2,-4,-2,-2,-2,-1,-1,0,-1,0,0,1,0,2,0,3,1,3,2,0,0,0,0,0,0,0,0,0,0]"""
69,"CSI_DATA,68,8c:90:2d:97:93:77,-49,11,1,7,1,0,1,0,1,0,0,-97,0,10,2,5897647,0,83,1,128,0,""[0,0,0,0,0,0,0,0,0,0,0,0,2,-13,3,-17,2,-18,2,-19,3,-20,3,-21,3,-19,3,-18,2,-16,2,-14,1,-11,0,-8,0,-5,-1,-2,-2,2,-3,5,-4,8,-4,10,-5,11,-5,12,-5,13,-5,13,-5,13,-5,12,-4,11,-4,10,0,0,-2,7,-2,5,-1,3,0,1,0,-1,1,-3,2,-5,2,-6,4,-8,4,-9,4,-9,4,-9,4,-9,5,-8,4,-7,4,-6,4,-5,3,-4,2,-2,2,-1,1,0,0,1,-1,3,-2,3,-4,4,-5,4,0,0,0,0,0,0,0,0,0,0]"""
70,"CSI_DATA,69,8c:90:2d:97:93:77,-49,11,1,7,1,0,1,0,1,0,0,-97,0,10,2,5907300,0,83,1,128,0,""[0,0,0,0,0,0,0,0,0,0,0,0,0,-14,0,-18,-1,-19,-1,-20,-1,-22,-1,-22,-1,-21,-1,-20,-1,-16,-1,-14,-1,-11,-1,-8,-1,-5,-1,-2,-1,2,-2,5,-2,8,-2,10,-2,12,-3,13,-2,14,-3,14,-2,13,-2,13,-2,12,-1,10,0,0,0,7,0,5,-1,3,0,1,0,-1,0,-4,0,-5,1,-7,2,-9,2,-10,2,-10,2,-10,2,-10,2,-9,2,-8,3,-7,2,-6,2,-4,2,-3,1,-2,1,0,0,1,0,3,-1,4,-2,4,-3,5,0,0,0,0,0,0,0,0,0,0]"""
71,"CSI_DATA,70,8c:90:2d:97:93:77,-49,11,1,7,1,0,1,0,1,0,0,-97,0,10,2,5917154,0,83,1,128,0,""[0,0,0,0,0,0,0,0,0,0,0,0,4,-14,5,-18,5,-19,6,-20,6,-21,6,-22,6,-21,5,-20,5,-17,4,-15,2,-12,2,-9,0,-5,-1,-2,-2,2,-3,5,-5,8,-5,10,-7,12,-7,13,-7,13,-8,13,-7,13,-6,13,-6,12,-5,11,0,0,-3,7,-2,5,-1,3,-1,1,0,-1,2,-3,2,-5,3,-7,4,-8,5,-9,5,-9,5,-9,6,-9,5,-8,5,-8,5,-6,4,-5,3,-4,3,-2,2,-1,1,0,0,2,-1,3,-2,3,-4,4,-5,4,0,0,0,0,0,0,0,0,0,0]"""
72,"CSI_DATA,71,8c:90:2d:97:93:77,-49,11,1,7,1,0,1,0,1,0,0,-97,0,10,2,5927319,0,83,1,128,0,""[0,0,0,0,0,0,0,0,0,0,0,0,-3,13,-3,15,-2,17,-2,18,-2,19,-3,19,-3,19,-3,17,-2,15,-2,13,-2,10,-1,7,0,4,1,1,1,-2,3,-5,5,-8,5,-10,6,-11,6,-12,7,-12,7,-12,7,-13,7,-12,6,-11,5,-10,0,0,3,-7,2,-6,1,-4,-1,-2,-2,0,-3,1,-5,2,-6,3,-7,4,-8,4,-9,4,-9,4,-9,4,-8,4,-8,3,-7,2,-6,1,-5,0,-4,0,-2,-1,-1,-1,0,-2,2,-2,3,-2,5,-1,5,-1,0,0,0,0,0,0,0,0,0,0]"""
73,"CSI_DATA,72,8c:90:2d:97:93:77,-49,11,1,7,1,0,1,0,1,0,0,-97,0,10,2,5937254,0,83,1,128,0,""[0,0,0,0,0,0,0,0,0,0,0,0,-4,11,-5,14,-5,15,-6,16,-6,17,-7,17,-7,16,-7,15,-5,13,-5,11,-4,8,-2,6,-1,3,0,0,1,0,3,-3,5,-5,7,-7,8,-7,9,-8,9,-8,9,-8,9,-8,9,-8,8,-7,7,-7,0,0,4,-5,2,-4,1,-3,0,-1,0,0,-2,0,-4,0,-6,0,-7,1,-8,1,-9,1,-9,1,-9,0,-8,0,-8,0,-7,0,-6,0,-4,0,-3,-1,-1,-1,0,-1,0,-1,1,0,2,0,3,0,4,0,0,0,0,0,0,0,0,0,0,0]"""
74,"CSI_DATA,73,8c:90:2d:97:93:77,-49,11,1,7,1,0,1,0,1,0,1,-97,0,10,2,5947846,0,83,1,128,0,""[0,0,0,0,0,0,0,0,0,0,0,0,-3,12,-3,16,-3,17,-3,18,-3,19,-4,20,-4,19,-4,17,-3,15,-3,13,-2,10,-1,7,-1,4,0,1,1,-3,2,-5,4,-8,4,-10,5,-12,5,-12,5,-13,5,-13,5,-13,5,-13,4,-12,3,-11,0,0,2,-7,1,-6,1,-4,-1,-2,-1,0,-2,2,-3,4,-4,5,-5,6,-6,7,-6,7,-6,7,-6,7,-6,6,-6,5,-6,5,-5,3,-5,2,-4,1,-3,0,-2,-2,-1,-3,1,-3,2,-4,3,-4,4,-4,0,0,0,0,0,0,0,0,0,0]"""
75,"CSI_DATA,74,8c:90:2d:97:93:77,-49,11,1,7,1,0,1,0,1,0,1,-97,0,10,2,5957188,0,83,1,128,0,""[0,0,0,0,0,0,0,0,0,0,0,0,5,-13,5,-16,6,-17,6,-18,6,-19,7,-19,6,-19,6,-17,5,-15,4,-13,3,-10,2,-8,1,-5,-1,-2,-3,1,-4,4,-6,7,-6,9,-8,9,-8,11,-8,11,-9,11,-8,12,-8,11,-7,10,-6,9,0,0,-4,6,-3,5,-2,3,-1,1,0,-1,2,-3,3,-4,4,-5,5,-7,6,-7,6,-8,6,-7,6,-7,6,-6,6,-6,5,-5,5,-4,4,-3,3,-2,2,-1,0,1,-1,1,-2,2,-3,3,-5,3,-6,2,0,0,0,0,0,0,0,0,0,0]"""
76,"CSI_DATA,75,8c:90:2d:97:93:77,-49,11,1,7,1,0,1,0,1,0,1,-97,0,10,2,5967150,0,83,1,128,0,""[0,0,0,0,0,0,0,0,0,0,0,0,5,11,6,14,9,15,9,16,9,17,9,17,9,16,9,15,7,13,6,11,5,9,4,6,2,3,0,0,-1,-3,-1,-6,-2,-9,-3,-11,-4,-12,-5,-13,-5,-14,-5,-14,-5,-14,-4,-13,-4,-12,-4,-11,0,0,-4,-7,-3,-5,-2,-4,-2,-1,0,1,0,3,1,5,1,6,1,7,1,8,0,9,0,9,0,9,0,9,0,8,-1,7,-1,6,-1,5,-2,3,-2,1,-2,0,-2,-2,-2,-3,-1,-5,-1,-6,0,-6,0,0,0,0,0,0,0,0,0,0]"""
77,"CSI_DATA,76,8c:90:2d:97:93:77,-49,11,1,7,1,0,1,0,1,0,1,-97,0,10,2,5977212,0,83,1,128,0,""[0,0,0,0,0,0,0,0,0,0,0,0,8,7,10,8,13,10,14,10,15,11,14,11,13,11,12,10,11,9,9,7,7,5,5,4,2,1,0,0,0,-3,-2,-5,-3,-7,-5,-9,-5,-11,-6,-12,-6,-12,-6,-13,-6,-12,-6,-12,-5,-10,-5,-9,0,0,-3,-6,-2,-4,-2,-2,-1,-1,0,0,0,2,0,4,0,5,0,6,0,8,0,8,0,8,0,8,0,7,0,7,0,6,-1,4,-1,3,-1,2,-1,0,-1,0,0,-1,0,-3,0,-4,0,-4,1,-5,0,0,0,0,0,0,0,0,0,0]"""
78,"CSI_DATA,77,8c:90:2d:97:93:77,-49,11,1,7,1,0,1,0,1,0,1,-97,0,10,2,5987394,0,83,1,128,0,""[0,0,0,0,0,0,0,0,0,0,0,0,9,5,11,7,14,8,15,8,16,9,15,9,15,9,13,8,12,7,10,6,7,4,5,3,2,0,0,0,-1,-3,-2,-4,-4,-6,-5,-8,-6,-10,-7,-11,-7,-11,-7,-12,-7,-11,-7,-11,-6,-10,-6,-9,0,0,-4,-6,-3,-4,-2,-2,-1,0,0,0,0,2,0,4,0,5,0,6,0,7,0,8,0,8,0,8,0,7,0,7,0,6,0,4,-1,3,-1,2,-1,0,-1,0,-1,-1,0,-2,0,-4,0,-4,0,-5,0,0,0,0,0,0,0,0,0,0]"""
79,"CSI_DATA,78,8c:90:2d:97:93:77,-49,11,1,7,1,0,1,0,1,0,1,-97,0,10,2,5997660,0,83,1,128,0,""[0,0,0,0,0,0,0,0,0,0,0,0,12,-4,15,-5,17,-6,18,-6,19,-7,19,-7,19,-7,17,-6,15,-5,13,-5,10,-4,7,-3,3,-2,0,-1,-3,0,-6,1,-9,1,-11,2,-13,2,-14,2,-14,3,-15,3,-14,3,-14,3,-12,3,-11,3,0,0,-8,2,-6,2,-3,1,-2,0,1,-1,3,-1,5,-2,6,-2,7,-2,8,-3,9,-2,9,-2,9,-2,8,-2,8,-2,7,-1,6,-1,4,0,3,0,2,1,0,1,-2,1,-3,1,-4,1,-6,1,-6,0,0,0,0,0,0,0,0,0,0,0]"""
80,"CSI_DATA,79,8c:90:2d:97:93:77,-49,11,1,7,1,0,1,0,1,0,1,-97,0,10,2,6007109,0,83,1,128,0,""[0,0,0,0,0,0,0,0,0,0,0,0,5,-13,6,-15,6,-17,6,-17,7,-19,7,-19,7,-19,6,-18,5,-15,4,-14,3,-10,2,-7,1,-5,0,-2,-2,2,-3,5,-4,7,-5,9,-6,10,-6,11,-6,12,-6,12,-6,13,-6,12,-5,11,-4,10,0,0,-2,6,-2,5,-1,3,-1,1,0,-1,0,-3,1,-5,2,-7,2,-8,3,-9,4,-9,4,-9,4,-9,4,-8,4,-8,3,-7,3,-5,3,-4,2,-3,2,-2,1,0,0,1,-1,3,-1,3,-3,5,-3,5,0,0,0,0,0,0,0,0,0,0]"""
81,"CSI_DATA,80,8c:90:2d:97:93:77,-49,11,1,7,1,0,1,0,1,0,1,-97,0,10,2,6017169,0,83,1,128,0,""[0,0,0,0,0,0,0,0,0,0,0,0,0,-14,0,-16,-1,-18,-1,-19,-1,-20,-1,-20,-1,-20,-1,-18,-1,-16,-1,-14,-1,-11,-1,-8,-1,-5,-1,-2,-1,2,-1,5,-1,8,-1,10,-1,12,-1,13,-1,13,-1,13,-1,13,-1,13,-1,12,0,10,0,0,0,7,0,5,0,3,0,1,0,-1,0,-3,0,-5,0,-7,0,-9,0,-10,0,-10,0,-10,1,-10,1,-9,1,-9,1,-8,1,-6,1,-5,1,-3,1,-2,1,0,1,1,1,2,0,3,-1,5,-2,5,0,0,0,0,0,0,0,0,0,0]"""
82,"CSI_DATA,81,8c:90:2d:97:93:77,-49,11,1,7,1,0,1,0,1,0,1,-97,0,10,2,6027516,0,83,1,128,0,""[0,0,0,0,0,0,0,0,0,0,0,0,-5,-12,-6,-14,-8,-15,-9,-16,-9,-18,-9,-17,-8,-17,-7,-16,-6,-14,-5,-12,-4,-9,-3,-7,-2,-3,-1,0,0,1,0,4,0,7,0,9,0,11,0,12,0,13,0,13,0,13,0,12,0,11,0,9,0,0,0,6,0,4,0,2,0,0,0,0,0,-3,0,-4,0,-6,1,-7,2,-8,2,-8,2,-8,2,-8,2,-8,2,-7,2,-6,2,-4,2,-3,1,-2,0,-1,0,0,0,1,0,1,-1,2,-3,2,-4,2,0,0,0,0,0,0,0,0,0,0]"""
83,"CSI_DATA,82,8c:90:2d:97:93:77,-49,11,1,7,1,0,1,0,1,0,1,-97,0,10,2,6037298,0,83,1,128,0,""[0,0,0,0,0,0,0,0,0,0,0,0,-10,7,-12,9,-13,9,-15,10,-15,11,-15,11,-15,10,-14,10,-12,8,-10,7,-8,5,-5,3,-3,2,0,0,1,0,4,-1,7,-2,9,-2,11,-2,11,-3,12,-3,12,-3,12,-3,11,-3,10,-3,9,-3,0,0,6,-2,4,-2,2,-1,0,-1,0,0,-3,0,-4,0,-6,0,-8,0,-8,0,-9,0,-9,-1,-9,-1,-9,-1,-7,-1,-7,-2,-5,-2,-4,-2,-2,-1,-1,-1,0,-1,0,0,1,0,2,0,3,1,4,1,0,0,0,0,0,0,0,0,0,0]"""
84,"CSI_DATA,83,8c:90:2d:97:93:77,-49,11,1,7,1,0,1,0,1,0,0,-97,0,10,2,6047779,0,83,1,128,0,""[0,0,0,0,0,0,0,0,0,0,0,0,11,-1,14,-2,17,-2,18,-2,18,-2,18,-3,18,-3,16,-2,14,-2,12,-2,9,-1,6,-1,3,-1,0,-1,-2,0,-5,0,-8,0,-10,0,-12,-1,-13,-1,-14,0,-14,0,-13,0,-13,0,-11,0,-10,0,0,0,-7,0,-5,0,-3,0,-1,0,0,0,2,0,4,0,5,0,7,0,7,0,8,0,8,1,8,1,7,1,6,1,5,1,4,1,3,1,1,1,0,1,0,0,-1,0,-3,0,-4,0,-4,-1,-5,-2,0,0,0,0,0,0,0,0,0,0]"""
85,"CSI_DATA,84,8c:90:2d:97:93:77,-49,11,1,7,1,0,1,0,1,0,0,-97,0,10,2,6057274,0,83,1,128,0,""[0,0,0,0,0,0,0,0,0,0,0,0,-5,-13,-6,-16,-8,-17,-8,-18,-9,-19,-8,-19,-8,-18,-8,-17,-7,-15,-6,-13,-5,-10,-4,-8,-3,-5,-1,-1,0,2,0,5,0,8,1,10,2,12,2,13,2,13,2,13,2,13,2,13,2,12,2,10,0,0,2,7,1,5,0,3,1,1,-1,-2,-1,-4,-1,-6,-1,-7,-1,-8,0,-10,0,-10,0,-10,0,-10,0,-10,0,-9,1,-8,1,-7,1,-5,1,-4,1,-2,1,-1,1,1,0,2,0,4,-1,5,-2,5,0,0,0,0,0,0,0,0,0,0]"""
86,"CSI_DATA,85,8c:90:2d:97:93:77,-49,11,1,7,1,0,1,0,1,0,0,-97,0,10,2,6067212,0,83,1,128,0,""[0,0,0,0,0,0,0,0,0,0,0,0,-12,-5,-15,-5,-18,-5,-19,-6,-20,-6,-20,-6,-19,-6,-18,-5,-16,-5,-13,-4,-11,-3,-8,-3,-5,-1,-1,0,2,1,4,2,6,4,9,4,11,6,12,6,12,6,12,6,12,6,12,6,10,5,10,4,0,0,7,2,4,1,3,0,1,0,-2,-2,-3,-3,-5,-4,-6,-4,-7,-5,-8,-6,-8,-6,-8,-7,-8,-7,-7,-6,-7,-6,-6,-6,-4,-5,-3,-5,-2,-4,-1,-3,0,-2,1,0,3,1,3,2,3,3,3,4,0,0,0,0,0,0,0,0,0,0]"""
87,"CSI_DATA,86,8c:90:2d:97:93:77,-49,11,1,7,1,0,1,0,1,0,0,-97,0,10,2,6077241,0,83,1,128,0,""[0,0,0,0,0,0,0,0,0,0,0,0,3,12,4,15,6,17,6,17,6,19,5,19,5,18,5,17,4,14,3,13,3,10,2,7,1,4,0,0,0,-3,1,-6,1,-9,1,-11,1,-13,0,-14,1,-14,1,-15,1,-15,0,-14,0,-13,0,-11,0,0,-1,-8,-1,-6,-1,-4,-2,-2,-1,0,-2,3,-2,4,-3,6,-4,7,-4,8,-5,8,-5,8,-5,8,-5,7,-5,7,-5,5,-4,4,-4,3,-3,1,-2,0,-2,-1,-1,-2,0,-3,2,-4,3,-4,4,-4,0,0,0,0,0,0,0,0,0,0]"""
88,"CSI_DATA,87,8c:90:2d:97:93:77,-49,11,1,7,1,0,1,0,1,0,0,-97,0,10,2,6089382,0,83,1,128,0,""[0,0,0,0,0,0,0,0,0,0,0,0,3,12,4,14,6,16,6,17,6,18,6,18,5,17,5,16,4,14,3,12,3,9,2,7,1,3,1,0,0,-3,1,-6,1,-9,1,-11,1,-13,1,-14,1,-14,1,-14,2,-14,1,-13,1,-12,1,-11,0,0,0,-8,0,-6,-1,-4,-2,-2,-1,0,-2,2,-3,4,-4,5,-5,6,-5,7,-6,7,-6,7,-6,7,-6,6,-6,6,-6,5,-5,3,-4,2,-4,1,-2,0,-1,-1,0,-2,1,-3,2,-3,3,-3,4,-3,0,0,0,0,0,0,0,0,0,0]"""
89,"CSI_DATA,88,8c:90:2d:97:93:77,-49,11,1,7,1,0,1,0,1,0,0,-97,0,10,2,6097593,0,83,1,128,0,""[0,0,0,0,0,0,0,0,0,0,0,0,-4,13,-4,15,-4,17,-4,18,-4,19,-4,19,-4,19,-4,17,-3,15,-3,13,-2,10,-1,7,-1,4,0,1,1,-3,2,-6,3,-8,4,-10,4,-12,5,-13,5,-13,5,-14,5,-14,4,-13,4,-12,3,-11,0,0,1,-8,1,-6,0,-4,-1,-2,-1,0,-2,2,-3,4,-3,5,-5,7,-5,8,-6,8,-6,7,-6,7,-6,7,-6,6,-5,5,-5,4,-4,2,-3,1,-3,0,-2,-1,-1,-2,0,-3,1,-4,3,-5,4,-5,0,0,0,0,0,0,0,0,0,0]"""
90,"CSI_DATA,89,8c:90:2d:97:93:77,-49,11,1,7,1,0,1,0,1,0,0,-97,0,10,2,6107192,0,83,1,128,0,""[0,0,0,0,0,0,0,0,0,0,0,0,-11,7,-14,9,-15,9,-16,10,-17,11,-17,11,-16,11,-15,10,-14,8,-12,8,-9,5,-7,4,-4,2,-1,1,2,-1,5,-2,7,-3,9,-5,11,-4,12,-5,12,-5,13,-5,12,-5,12,-5,11,-5,10,-5,0,0,6,-4,4,-3,3,-2,1,-1,-2,-1,-4,0,-6,1,-7,1,-8,1,-9,1,-10,1,-10,1,-10,1,-10,0,-9,0,-8,-1,-7,-1,-5,-1,-4,-2,-2,-2,-1,-2,1,-2,2,-2,4,-1,5,-1,5,0,0,0,0,0,0,0,0,0,0,0]"""
91,"CSI_DATA,90,8c:90:2d:97:93:77,-49,11,1,7,1,0,1,0,1,0,0,-97,0,10,2,6117235,0,83,1,128,0,""[0,0,0,0,0,0,0,0,0,0,0,0,-3,-14,-4,-16,-5,-18,-5,-19,-6,-21,-5,-20,-5,-20,-4,-18,-4,-17,-3,-14,-3,-11,-2,-8,-2,-5,-2,-2,-2,2,-2,5,-3,8,-3,10,-3,12,-3,13,-3,14,-3,14,-3,14,-3,13,-3,12,-2,10,0,0,-1,7,-1,5,-1,3,0,1,0,-1,1,-3,2,-5,3,-6,4,-7,4,-9,5,-9,5,-8,5,-8,5,-8,5,-7,5,-6,4,-5,4,-3,3,-2,1,-1,0,0,-1,1,-2,2,-3,3,-4,3,-5,2,0,0,0,0,0,0,0,0,0,0]"""
92,"CSI_DATA,91,8c:90:2d:97:93:77,-49,11,1,7,1,0,1,0,1,0,0,-97,0,10,2,6127319,0,83,1,128,0,""[0,0,0,0,0,0,0,0,0,0,0,0,11,-1,14,-2,17,-1,18,-2,19,-2,18,-2,18,-2,17,-1,14,-1,12,-1,9,-1,6,0,3,-1,0,-1,-2,-1,-5,-1,-7,-2,-10,-2,-12,-3,-13,-4,-13,-4,-13,-4,-13,-4,-12,-4,-11,-3,-10,-2,0,0,-7,-1,-5,0,-3,0,-1,0,0,0,1,1,2,2,4,2,5,3,6,4,6,4,6,5,6,5,5,5,5,5,3,4,2,3,1,3,0,2,0,1,0,0,-1,0,-2,-1,-2,-3,-2,-4,-2,-5,0,0,0,0,0,0,0,0,0,0]"""
93,"CSI_DATA,92,8c:90:2d:97:93:77,-49,11,1,7,1,0,1,0,1,0,0,-97,0,10,2,6138089,0,83,1,128,0,""[0,0,0,0,0,0,0,0,0,0,0,0,-12,2,-15,2,-16,3,-17,3,-19,4,-18,3,-17,3,-16,3,-15,2,-13,2,-10,1,-7,0,-3,0,0,0,1,0,4,0,7,0,9,0,11,0,12,0,13,0,13,0,13,0,12,0,11,0,9,0,0,0,6,0,4,0,2,0,0,0,0,0,-3,-1,-4,-1,-6,-2,-7,-2,-8,-2,-9,-3,-9,-3,-8,-3,-8,-3,-7,-3,-6,-3,-4,-3,-3,-2,-2,-2,0,-2,0,-1,0,0,1,0,2,0,3,1,3,2,0,0,0,0,0,0,0,0,0,0]"""
94,"CSI_DATA,93,8c:90:2d:97:93:77,-49,11,1,7,1,0,1,0,1,0,0,-97,0,10,2,6150141,0,83,1,128,0,""[0,0,0,0,0,0,0,0,0,0,0,0,-12,-5,-15,-5,-18,-6,-19,-6,-20,-6,-19,-6,-19,-6,-18,-5,-16,-5,-14,-4,-11,-4,-8,-3,-5,-1,-2,0,2,1,4,2,6,4,9,4,10,6,11,6,12,6,12,6,12,6,11,6,10,5,9,4,0,0,7,2,5,1,3,0,1,0,-1,-1,-3,-2,-5,-4,-6,-4,-7,-5,-8,-6,-8,-7,-8,-7,-8,-7,-7,-7,-6,-6,-5,-6,-4,-5,-3,-5,-2,-4,-1,-3,0,-2,2,0,2,1,3,2,3,3,3,4,0,0,0,0,0,0,0,0,0,0]"""
95,"CSI_DATA,94,8c:90:2d:97:93:77,-49,11,1,7,1,0,1,0,1,0,0,-97,0,10,2,6157165,0,83,1,128,0,""[0,0,0,0,0,0,0,0,0,0,0,0,-6,-12,-8,-14,-10,-16,-10,-17,-10,-18,-10,-18,-10,-17,-9,-16,-8,-14,-7,-12,-6,-10,-5,-7,-3,-4,-1,-1,0,2,0,5,1,8,3,9,3,11,3,12,4,13,3,13,4,13,3,12,3,11,3,10,0,0,3,6,2,4,1,3,0,1,0,-2,-1,-4,-2,-5,-2,-7,-1,-8,-1,-9,-1,-10,-1,-10,-1,-10,-1,-9,0,-9,0,-8,0,-6,1,-5,0,-4,1,-2,1,-1,1,1,1,3,0,4,-1,4,-1,5,0,0,0,0,0,0,0,0,0,0]"""
96,"CSI_DATA,95,8c:90:2d:97:93:77,-49,11,1,7,1,0,1,0,1,0,0,-97,0,10,2,6167289,0,83,1,128,0,""[0,0,0,0,0,0,0,0,0,0,0,0,10,-4,13,-6,15,-6,16,-6,16,-7,16,-7,16,-7,15,-6,13,-6,11,-5,8,-3,6,-2,2,-2,0,-1,-2,0,-5,0,-8,0,-10,0,-12,0,-13,0,-13,0,-13,0,-13,0,-13,0,-11,0,-10,0,0,0,-7,0,-5,0,-3,0,-1,0,0,0,2,0,4,0,5,0,6,0,7,0,8,0,8,0,8,0,7,1,6,1,5,1,4,1,3,1,1,1,0,0,0,0,-1,0,-2,0,-3,0,-4,-1,-5,-2,0,0,0,0,0,0,0,0,0,0]"""
97,"CSI_DATA,96,8c:90:2d:97:93:77,-49,11,1,7,1,0,1,0,1,0,0,-97,0,10,2,6177286,0,83,1,128,0,""[0,0,0,0,0,0,0,0,0,0,0,0,-4,13,-4,16,-4,17,-4,18,-5,19,-5,20,-5,18,-5,17,-4,15,-4,13,-3,10,-2,7,-1,4,0,1,1,-2,3,-5,5,-8,5,-10,6,-12,6,-12,7,-13,7,-13,7,-13,6,-13,5,-11,5,-10,0,0,3,-7,2,-6,1,-4,-1,-2,-1,0,-3,2,-4,3,-5,4,-7,5,-7,6,-8,6,-7,6,-7,6,-7,5,-7,5,-7,4,-6,3,-5,2,-4,1,-3,0,-1,-1,0,-2,1,-3,2,-4,4,-3,5,-3,0,0,0,0,0,0,0,0,0,0]"""
98,"CSI_DATA,97,8c:90:2d:97:93:77,-49,11,1,7,1,0,1,0,1,0,0,-97,0,10,2,6187286,0,83,1,128,0,""[0,0,0,0,0,0,0,0,0,0,0,0,-11,-7,-13,-8,-16,-9,-17,-10,-18,-11,-17,-10,-17,-10,-16,-10,-14,-9,-12,-7,-10,-6,-7,-5,-4,-2,-1,0,1,2,3,4,4,6,7,7,8,9,9,10,9,10,9,10,9,10,9,9,8,8,7,7,0,0,5,5,4,3,2,2,1,0,-1,-2,-2,-4,-3,-5,-4,-6,-4,-7,-4,-8,-5,-9,-5,-9,-4,-9,-4,-9,-3,-8,-3,-8,-2,-6,-1,-5,-1,-4,0,-3,1,-1,1,1,1,2,1,3,1,4,0,5,0,0,0,0,0,0,0,0,0,0]"""
99,"CSI_DATA,98,8c:90:2d:97:93:77,-49,11,1,7,1,0,1,0,1,0,0,-97,0,10,2,6197610,0,83,1,128,0,""[0,0,0,0,0,0,0,0,0,0,0,0,10,-4,13,-6,15,-6,17,-7,17,-7,17,-8,16,-7,15,-7,13,-6,11,-5,8,-4,5,-2,2,-2,0,-1,-3,0,-5,0,-8,0,-10,1,-12,1,-13,1,-13,1,-13,1,-13,1,-13,1,-11,1,-10,1,0,0,-7,1,-5,1,-3,0,-1,0,0,0,2,0,4,0,5,0,6,0,7,0,8,0,8,0,8,0,8,0,7,0,6,0,4,0,3,0,2,0,0,0,0,0,-1,0,-2,0,-4,0,-5,0,-5,-1,0,0,0,0,0,0,0,0,0,0]"""
100,"CSI_DATA,99,8c:90:2d:97:93:77,-49,11,1,7,1,0,1,0,1,0,0,-97,0,10,2,6207259,0,83,1,128,0,""[0,0,0,0,0,0,0,0,0,0,0,0,2,-12,3,-15,3,-17,3,-18,3,-19,3,-19,3,-18,3,-17,2,-15,2,-13,1,-10,0,-7,0,-4,0,-1,-1,0,-3,3,-4,6,-4,8,-5,10,-5,10,-6,11,-6,11,-6,11,-5,10,-5,9,-4,8,0,0,-2,6,-1,4,0,2,0,0,0,0,0,-2,1,-4,2,-5,3,-6,4,-7,4,-7,5,-7,5,-7,5,-6,4,-5,4,-5,3,-3,3,-2,2,-1,0,0,0,0,0,0,-1,1,-2,2,-3,2,-4,2,0,0,0,0,0,0,0,0,0,0]"""
101,"CSI_DATA,100,8c:90:2d:97:93:77,-49,11,1,7,1,0,1,0,1,0,0,-97,0,10,2,6217346,0,83,1,128,0,""[0,0,0,0,0,0,0,0,0,0,0,0,11,-3,13,-3,16,-4,17,-4,18,-5,18,-5,17,-4,16,-4,14,-3,12,-3,9,-2,6,-1,2,-1,0,-1,-2,0,-5,0,-8,0,-10,0,-12,0,-13,0,-14,0,-14,0,-14,0,-13,0,-12,0,-10,0,0,0,-7,0,-5,0,-3,0,-1,0,0,0,2,0,4,0,5,0,6,0,8,0,8,0,8,1,8,1,7,1,7,1,5,1,4,1,3,1,1,1,0,1,0,0,-1,0,-3,0,-3,0,-5,-1,-5,-2,0,0,0,0,0,0,0,0,0,0]"""
102,"CSI_DATA,101,8c:90:2d:97:93:77,-49,11,1,7,1,0,1,0,1,0,0,-97,0,10,2,6227268,0,83,1,128,0,""[0,0,0,0,0,0,0,0,0,0,0,0,6,11,7,13,10,14,11,15,11,16,11,16,10,15,9,14,8,13,7,11,6,8,4,6,2,3,0,0,-1,-3,-2,-6,-3,-9,-4,-10,-5,-12,-5,-13,-6,-13,-6,-14,-6,-14,-6,-13,-5,-12,-5,-10,0,0,-4,-7,-3,-5,-2,-3,-2,-2,0,1,0,3,1,5,1,6,1,7,1,9,1,9,1,9,1,9,0,9,0,8,-1,7,-1,5,-1,5,-1,3,-2,1,-2,0,-2,-2,-2,-3,-1,-5,-1,-6,0,-6,0,0,0,0,0,0,0,0,0,0]"""
103,"CSI_DATA,102,8c:90:2d:97:93:77,-49,11,1,7,1,0,1,0,1,0,0,-97,0,10,2,6237288,0,83,1,128,0,""[0,0,0,0,0,0,0,0,0,0,0,0,11,-5,13,-7,15,-7,17,-8,17,-8,18,-9,17,-8,16,-7,14,-6,11,-6,9,-4,6,-3,2,-2,0,-1,-3,0,-5,0,-8,0,-10,1,-12,0,-13,1,-14,1,-14,1,-14,1,-13,1,-12,1,-10,1,0,0,-7,1,-5,1,-3,0,-1,0,0,0,2,0,4,0,6,0,7,0,8,0,8,0,9,0,8,0,8,0,7,0,6,1,4,0,3,1,2,0,0,0,0,0,-1,0,-2,0,-4,0,-5,-1,-5,-2,0,0,0,0,0,0,0,0,0,0]"""
104,"CSI_DATA,103,8c:90:2d:97:93:77,-49,11,1,7,1,0,1,0,1,0,0,-97,0,10,2,6250346,0,83,1,128,0,""[0,0,0,0,0,0,0,0,0,0,0,0,-9,7,-11,9,-13,10,-14,10,-14,11,-15,12,-14,11,-13,10,-12,8,-10,7,-8,5,-5,3,-2,2,0,0,1,0,4,-1,7,-3,8,-4,10,-4,11,-4,11,-5,11,-5,11,-5,11,-5,9,-4,8,-4,0,0,5,-3,3,-2,1,-2,0,0,-1,0,-3,0,-4,0,-6,0,-8,0,-9,0,-9,0,-9,0,-9,0,-8,0,-8,0,-7,0,-6,0,-4,-1,-3,-1,-1,-1,0,-1,0,-1,1,0,2,0,4,0,4,0,0,0,0,0,0,0,0,0,0,0]"""
105,"CSI_DATA,104,8c:90:2d:97:93:77,-49,11,1,7,1,0,1,0,1,0,0,-97,0,10,2,6257241,0,83,1,128,0,""[0,0,0,0,0,0,0,0,0,0,0,0,-9,-11,-10,-13,-13,-14,-13,-15,-14,-15,-14,-16,-13,-15,-12,-14,-11,-12,-9,-11,-8,-9,-6,-6,-3,-3,-1,-1,0,2,1,5,2,7,3,9,5,11,5,12,5,12,5,13,5,12,5,12,4,10,4,9,0,0,4,6,2,4,1,2,1,0,0,-2,-1,-4,-2,-6,-2,-7,-2,-8,-2,-9,-2,-10,-1,-10,-1,-10,-1,-9,-1,-9,0,-8,0,-6,0,-6,1,-4,1,-2,1,-1,1,1,0,2,0,4,-1,5,-2,5,0,0,0,0,0,0,0,0,0,0]"""
106,"CSI_DATA,105,8c:90:2d:97:93:77,-49,11,1,7,1,0,1,0,1,0,0,-97,0,10,2,6267284,0,83,1,128,0,""[0,0,0,0,0,0,0,0,0,0,0,0,5,-11,7,-13,7,-14,8,-16,8,-17,9,-17,8,-16,8,-15,6,-13,5,-12,4,-9,2,-6,0,-4,0,-1,-2,0,-4,3,-6,5,-7,7,-8,7,-9,8,-9,9,-9,9,-9,9,-8,9,-7,8,-6,7,0,0,-4,5,-2,3,-1,2,0,0,0,0,1,-1,2,-3,4,-4,5,-5,5,-5,6,-6,6,-6,6,-5,6,-5,5,-4,5,-3,4,-2,3,-1,2,0,1,0,0,0,0,0,-1,1,-2,1,-4,1,-5,1,0,0,0,0,0,0,0,0,0,0]"""
107,"CSI_DATA,106,8c:90:2d:97:93:77,-49,11,1,7,1,0,1,0,1,0,0,-97,0,10,2,6277230,0,83,1,128,0,""[0,0,0,0,0,0,0,0,0,0,0,0,-10,5,-13,7,-15,8,-16,9,-16,9,-17,10,-16,9,-14,8,-13,7,-11,6,-8,4,-6,3,-3,2,0,0,1,0,4,-1,7,-2,9,-3,10,-3,11,-4,12,-4,12,-4,12,-5,11,-5,10,-4,8,-4,0,0,5,-3,3,-2,1,-2,0,0,-1,0,-3,0,-5,0,-6,0,-7,0,-9,0,-9,0,-9,0,-9,0,-9,0,-8,0,-7,0,-5,0,-4,0,-3,-1,-1,-1,0,-1,0,-1,1,-1,3,0,4,0,4,0,0,0,0,0,0,0,0,0,0,0]"""
108,"CSI_DATA,107,8c:90:2d:97:93:77,-49,11,1,7,1,0,1,0,1,0,0,-97,0,10,2,6287274,0,83,1,128,0,""[0,0,0,0,0,0,0,0,0,0,0,0,-10,-9,-12,-10,-15,-12,-15,-12,-16,-14,-15,-13,-15,-13,-14,-12,-13,-11,-11,-9,-9,-7,-6,-5,-4,-3,-2,0,0,2,2,5,3,7,5,9,6,10,7,11,7,12,7,12,6,12,6,11,6,10,5,9,0,0,4,6,3,4,2,2,1,1,0,-2,-1,-4,-2,-6,-2,-7,-2,-8,-2,-9,-2,-10,-2,-10,-2,-10,-1,-9,-1,-9,0,-8,0,-7,0,-5,0,-4,1,-3,1,-1,1,1,0,2,0,4,-1,4,-2,5,0,0,0,0,0,0,0,0,0,0]"""
109,"CSI_DATA,108,8c:90:2d:97:93:77,-49,11,1,7,1,0,1,0,1,0,0,-97,0,10,2,6297612,0,83,1,128,0,""[0,0,0,0,0,0,0,0,0,0,0,0,-9,-8,-11,-9,-14,-10,-15,-11,-16,-12,-15,-12,-14,-11,-13,-11,-12,-10,-10,-8,-8,-6,-6,-4,-3,-2,-1,0,0,1,0,3,2,6,4,7,5,10,5,11,5,11,5,11,5,11,5,10,4,9,4,8,0,0,3,5,2,3,1,1,0,0,0,-1,0,-3,0,-5,-1,-6,-1,-7,-1,-8,0,-9,0,-9,0,-9,0,-8,0,-8,0,-7,0,-6,0,-4,0,-3,0,-1,0,0,0,0,0,1,0,3,-1,3,-1,4,0,0,0,0,0,0,0,0,0,0]"""
110,"CSI_DATA,109,8c:90:2d:97:93:77,-49,11,1,7,1,0,1,0,1,0,0,-97,0,10,2,6307312,0,83,1,128,0,""[0,0,0,0,0,0,0,0,0,0,0,0,4,9,5,12,7,13,8,15,8,16,8,16,7,15,7,14,6,12,4,10,4,8,2,5,1,2,0,0,0,-2,0,-5,0,-8,0,-10,-1,-12,-1,-13,-1,-13,-1,-13,0,-13,-1,-13,0,-11,-1,-10,0,0,-1,-7,-1,-5,0,-3,-1,-1,0,0,0,2,-1,4,-1,5,-2,6,-2,7,-2,7,-2,7,-3,7,-3,7,-3,6,-3,5,-3,4,-3,2,-2,1,-1,0,-1,0,0,-1,0,-2,0,-3,1,-3,2,-4,0,0,0,0,0,0,0,0,0,0]"""
111,"CSI_DATA,110,8c:90:2d:97:93:77,-49,11,1,7,1,0,1,0,1,0,0,-97,0,10,2,6317202,0,83,1,128,0,""[0,0,0,0,0,0,0,0,0,0,0,0,10,6,13,7,16,8,17,8,18,8,17,9,17,8,15,8,14,7,11,6,9,4,7,3,3,1,0,-1,-3,-2,-4,-4,-6,-6,-9,-7,-10,-8,-11,-9,-11,-9,-12,-9,-11,-9,-11,-9,-10,-8,-9,-7,0,0,-7,-5,-5,-3,-4,-2,-2,-1,0,1,2,2,3,3,4,4,5,5,5,6,6,7,6,7,6,7,5,7,5,6,3,6,2,5,2,4,1,3,0,2,-1,1,-3,-1,-3,-2,-4,-4,-4,-5,-3,-6,0,0,0,0,0,0,0,0,0,0]"""
112,"CSI_DATA,111,8c:90:2d:97:93:77,-49,11,1,7,1,0,1,0,1,0,0,-97,0,10,2,6327207,0,83,1,128,0,""[0,0,0,0,0,0,0,0,0,0,0,0,3,12,5,14,6,16,7,17,7,19,6,19,6,18,6,17,5,15,4,13,3,10,3,7,2,3,0,0,0,-3,0,-6,0,-9,0,-11,0,-13,-1,-14,-1,-15,0,-15,0,-15,-1,-14,0,-13,-1,-12,0,0,-1,-8,-1,-6,-1,-4,-1,-2,-1,1,-1,2,-2,5,-2,6,-3,7,-3,8,-4,8,-4,9,-4,8,-4,8,-4,7,-4,6,-4,5,-4,3,-3,2,-3,1,-2,-1,-1,-3,0,-3,1,-4,2,-5,3,-5,0,0,0,0,0,0,0,0,0,0]"""
113,"CSI_DATA,112,8c:90:2d:97:93:77,-49,11,1,7,1,0,1,0,1,0,0,-97,0,10,2,6337394,0,83,1,128,0,""[0,0,0,0,0,0,0,0,0,0,0,0,5,-13,6,-15,7,-17,7,-18,8,-19,8,-19,8,-19,7,-17,6,-15,5,-13,4,-10,2,-7,1,-5,-1,-2,-3,1,-5,4,-6,6,-8,8,-9,9,-10,10,-10,10,-10,10,-10,10,-9,10,-8,9,-7,8,0,0,-5,6,-4,5,-2,3,-1,1,1,0,2,-2,4,-3,5,-4,6,-5,7,-6,8,-6,8,-6,8,-6,7,-5,7,-4,6,-3,6,-3,4,-2,3,-1,2,0,0,1,-1,1,-3,2,-4,2,-5,1,-6,1,0,0,0,0,0,0,0,0,0,0]"""
114,"CSI_DATA,113,8c:90:2d:97:93:77,-49,11,1,7,1,0,1,0,1,0,0,-97,0,10,2,6347950,0,83,1,128,0,""[0,0,0,0,0,0,0,0,0,0,0,0,-12,5,-15,6,-17,7,-18,7,-19,8,-19,8,-18,8,-17,7,-15,6,-13,5,-10,4,-8,2,-4,2,-1,1,2,0,5,-1,8,-1,10,-2,12,-2,13,-2,13,-2,14,-2,13,-2,13,-2,11,-2,10,-2,0,0,7,-2,5,-2,3,-2,1,-1,-1,-1,-4,-1,-6,-1,-7,-2,-9,-2,-10,-2,-10,-2,-10,-2,-10,-3,-9,-3,-8,-3,-7,-3,-6,-3,-5,-3,-3,-3,-2,-2,0,-2,1,-1,2,0,3,1,4,2,4,3,0,0,0,0,0,0,0,0,0,0]"""
115,"CSI_DATA,114,8c:90:2d:97:93:77,-49,11,1,7,1,0,1,0,1,0,0,-97,0,10,2,6357131,0,83,1,128,0,""[0,0,0,0,0,0,0,0,0,0,0,0,-6,-13,-8,-15,-10,-16,-10,-18,-11,-18,-10,-19,-10,-18,-9,-16,-8,-15,-7,-13,-6,-10,-4,-7,-3,-4,-2,-1,0,3,0,5,0,8,1,10,1,12,2,13,2,13,2,14,2,13,2,13,2,11,2,10,0,0,2,7,1,5,1,3,1,1,0,-2,0,-4,0,-6,0,-7,1,-9,1,-10,1,-10,1,-10,2,-10,2,-9,2,-8,2,-7,2,-6,2,-5,1,-3,1,-2,1,0,0,1,0,2,-1,4,-3,4,-3,4,0,0,0,0,0,0,0,0,0,0]"""
116,"CSI_DATA,115,8c:90:2d:97:93:77,-49,11,1,7,1,0,1,0,1,0,0,-97,0,10,2,6367290,0,83,1,128,0,""[0,0,0,0,0,0,0,0,0,0,0,0,11,0,14,-1,17,-1,18,-1,19,-1,19,-1,18,-1,17,-1,14,0,12,-1,9,0,6,0,3,-1,0,-1,-2,-1,-5,-2,-8,-2,-10,-3,-11,-4,-12,-5,-13,-5,-13,-5,-13,-5,-12,-4,-11,-4,-10,-3,0,0,-7,-2,-5,0,-3,0,-1,0,0,0,1,1,2,2,4,3,5,4,5,5,5,5,5,5,5,6,4,5,4,5,2,5,2,4,0,3,0,2,0,1,-1,0,-1,0,-2,-2,-2,-3,-2,-4,-1,-5,0,0,0,0,0,0,0,0,0,0]"""
117,"CSI_DATA,116,8c:90:2d:97:93:77,-49,11,1,7,1,0,1,0,1,0,0,-97,0,10,2,6377239,0,83,1,128,0,""[0,0,0,0,0,0,0,0,0,0,0,0,-10,7,-12,8,-14,9,-15,10,-15,11,-15,11,-15,10,-14,9,-12,8,-10,7,-8,5,-5,3,-3,2,0,0,2,0,4,-1,7,-2,9,-3,10,-3,12,-3,12,-3,12,-3,12,-4,12,-4,10,-3,9,-3,0,0,6,-2,4,-2,2,-2,0,0,0,0,-3,0,-5,0,-6,0,-7,0,-9,0,-9,0,-9,0,-9,0,-8,-1,-8,-1,-6,-1,-5,-1,-4,-1,-2,-1,-1,-1,0,-1,0,0,1,0,2,0,3,0,4,1,0,0,0,0,0,0,0,0,0,0]"""
118,"CSI_DATA,117,8c:90:2d:97:93:77,-49,11,1,7,1,0,1,0,1,0,0,-97,0,10,2,6387250,0,83,1,128,0,""[0,0,0,0,0,0,0,0,0,0,0,0,-5,11,-6,13,-6,15,-6,16,-6,18,-7,17,-7,17,-6,15,-5,13,-4,12,-3,8,-2,6,-1,3,0,0,0,-1,2,-4,4,-7,4,-8,5,-9,6,-11,6,-11,6,-11,6,-12,6,-11,5,-10,4,-9,0,0,2,-6,1,-5,0,-3,0,-1,0,0,-2,1,-3,2,-4,3,-5,5,-6,5,-6,5,-6,5,-6,5,-6,4,-6,4,-5,3,-5,2,-3,1,-3,0,-2,0,-1,-1,0,-1,0,-2,1,-3,2,-3,3,-2,0,0,0,0,0,0,0,0,0,0]"""
119,"CSI_DATA,118,8c:90:2d:97:93:77,-49,11,1,7,1,0,1,0,1,0,0,-97,0,10,2,6398065,0,83,1,128,0,""[0,0,0,0,0,0,0,0,0,0,0,0,-12,-6,-15,-6,-17,-7,-19,-8,-19,-8,-19,-7,-18,-7,-17,-6,-15,-6,-13,-5,-11,-4,-8,-3,-5,-2,-1,0,2,1,3,3,6,4,8,5,10,6,11,7,11,7,11,7,11,7,11,7,10,6,9,5,0,0,6,3,4,2,3,1,1,0,-1,-2,-3,-3,-4,-4,-6,-5,-7,-6,-7,-7,-7,-7,-8,-7,-7,-7,-7,-7,-6,-7,-5,-6,-4,-5,-3,-5,-2,-4,-1,-3,1,-2,1,0,2,1,3,2,3,3,3,4,0,0,0,0,0,0,0,0,0,0]"""
120,"CSI_DATA,119,8c:90:2d:97:93:77,-49,11,1,7,1,0,1,0,1,0,0,-97,0,10,2,6407243,0,83,1,128,0,""[0,0,0,0,0,0,0,0,0,0,0,0,6,-11,8,-13,8,-14,9,-15,9,-16,10,-17,9,-16,8,-15,7,-13,6,-11,4,-9,3,-6,1,-4,0,-1,-2,0,-4,2,-6,4,-7,6,-9,7,-9,8,-10,9,-10,8,-10,8,-9,8,-8,7,-7,6,0,0,-4,4,-3,3,-1,2,0,0,0,0,1,-1,3,-2,4,-3,5,-5,6,-5,7,-5,7,-4,7,-4,7,-4,6,-3,6,-2,4,-2,3,-1,2,0,1,0,0,0,0,0,-1,1,-3,1,-4,1,-5,0,0,0,0,0,0,0,0,0,0,0]"""
121,"CSI_DATA,120,8c:90:2d:97:93:77,-49,11,1,7,1,0,1,0,1,0,0,-97,0,10,2,6417219,0,83,1,128,0,""[0,0,0,0,0,0,0,0,0,0,0,0,-9,-10,-11,-12,-13,-13,-15,-14,-15,-14,-15,-15,-14,-14,-13,-13,-11,-12,-10,-10,-8,-8,-6,-6,-4,-3,-2,-1,0,3,1,5,2,7,4,9,5,11,5,12,5,12,5,12,5,12,5,12,4,10,4,9,0,0,3,6,2,4,1,2,1,1,0,-2,-1,-4,-1,-6,-1,-7,-1,-8,-1,-9,-1,-10,-1,-10,-1,-10,0,-10,0,-9,1,-8,1,-6,1,-5,1,-4,1,-2,1,-1,0,1,0,2,-1,4,-2,4,-3,5,0,0,0,0,0,0,0,0,0,0]"""
122,"CSI_DATA,121,8c:90:2d:97:93:77,-49,11,1,7,1,0,1,0,1,0,0,-97,0,10,2,6427282,0,83,1,128,0,""[0,0,0,0,0,0,0,0,0,0,0,0,-1,13,-1,16,-1,17,-1,18,-1,20,-1,19,-1,19,-1,18,-1,15,-1,13,-1,10,0,7,0,4,1,1,1,-3,3,-5,4,-8,4,-10,5,-11,5,-13,5,-13,6,-13,6,-13,5,-13,5,-11,4,-10,0,0,2,-8,2,-6,1,-4,-1,-2,-2,0,-3,2,-4,3,-5,4,-6,5,-7,6,-8,6,-8,6,-8,5,-8,5,-8,4,-7,3,-6,2,-5,1,-4,0,-2,0,-1,-1,0,-2,2,-3,3,-3,4,-3,5,-2,0,0,0,0,0,0,0,0,0,0]"""
123,"CSI_DATA,122,8c:90:2d:97:93:77,-49,11,1,7,1,0,1,0,1,0,0,-97,0,10,2,6437287,0,83,1,128,0,""[0,0,0,0,0,0,0,0,0,0,0,0,-4,12,-5,15,-4,17,-5,18,-5,19,-6,19,-6,18,-5,17,-5,14,-4,12,-3,10,-2,7,-1,4,0,1,2,-2,3,-5,6,-7,6,-9,7,-10,8,-11,8,-12,8,-12,8,-12,8,-11,7,-10,6,-9,0,0,3,-7,3,-5,1,-4,0,-2,-2,0,-3,1,-5,2,-6,3,-8,4,-8,4,-9,4,-9,4,-9,4,-9,3,-8,3,-8,2,-6,1,-5,0,-4,0,-2,-1,-1,-2,1,-2,2,-2,3,-2,5,-1,5,-1,0,0,0,0,0,0,0,0,0,0]"""
124,"CSI_DATA,123,8c:90:2d:97:93:77,-49,11,1,7,1,0,1,0,1,0,1,-97,0,10,2,6447852,0,83,1,128,0,""[0,0,0,0,0,0,0,0,0,0,0,0,-8,-11,-11,-12,-13,-14,-14,-15,-14,-16,-14,-16,-13,-15,-12,-14,-10,-13,-9,-11,-8,-9,-6,-6,-4,-3,-2,-1,0,3,1,5,2,8,3,9,3,12,4,13,4,13,4,13,4,13,4,12,3,11,3,10,0,0,3,7,2,5,1,2,1,1,0,-2,0,-3,-1,-6,0,-7,0,-8,0,-10,0,-10,0,-10,1,-10,1,-9,1,-9,1,-8,1,-6,1,-5,1,-4,1,-2,0,0,0,1,0,2,-1,4,-2,4,-3,4,0,0,0,0,0,0,0,0,0,0]"""
125,"CSI_DATA,124,8c:90:2d:97:93:77,-49,11,1,7,1,0,1,0,1,0,1,-97,0,10,2,6457317,0,83,1,128,0,""[0,0,0,0,0,0,0,0,0,0,0,0,10,-7,12,-9,14,-10,15,-10,15,-11,16,-11,15,-10,14,-9,12,-8,11,-7,8,-5,5,-4,2,-3,0,-2,-3,-1,-6,0,-9,0,-10,0,-12,0,-13,0,-14,0,-14,0,-14,0,-13,0,-12,0,-11,0,0,0,-7,0,-5,0,-3,0,-1,0,0,0,1,0,3,1,4,2,6,2,7,3,7,4,7,4,7,4,6,4,5,4,4,4,3,3,1,2,0,2,0,1,0,0,-1,0,-2,-1,-2,-2,-2,-4,-2,-5,0,0,0,0,0,0,0,0,0,0]"""
126,"CSI_DATA,125,8c:90:2d:97:93:77,-49,11,1,7,1,0,1,0,1,0,1,-97,0,10,2,6467179,0,83,1,128,0,""[0,0,0,0,0,0,0,0,0,0,0,0,-11,4,-14,6,-16,7,-16,7,-17,8,-17,8,-16,7,-16,6,-14,5,-12,5,-9,3,-6,2,-3,1,0,0,1,0,4,0,7,0,9,-1,11,0,12,0,13,0,13,0,13,0,12,0,11,0,9,0,0,0,6,-1,4,-1,2,-1,0,0,0,0,-2,-1,-4,-1,-6,-1,-8,-2,-8,-2,-9,-3,-9,-3,-8,-3,-7,-4,-7,-4,-6,-4,-4,-3,-3,-3,-2,-2,0,-2,0,-1,0,0,1,0,2,0,3,2,2,3,0,0,0,0,0,0,0,0,0,0]"""
127,"CSI_DATA,126,8c:90:2d:97:93:77,-49,11,1,7,1,0,1,0,1,0,1,-97,0,10,2,6477269,0,83,1,128,0,""[0,0,0,0,0,0,0,0,0,0,0,0,-7,9,-9,12,-10,13,-10,14,-11,15,-11,15,-11,15,-10,13,-9,11,-8,10,-6,7,-4,5,-2,3,0,0,1,0,4,-2,6,-4,8,-6,9,-6,10,-7,10,-7,11,-7,11,-7,10,-7,9,-6,8,-5,0,0,4,-4,3,-3,1,-2,0,-1,-1,0,-3,0,-4,0,-6,0,-7,0,-9,1,-9,0,-9,0,-9,0,-9,0,-8,0,-7,0,-6,0,-4,0,-3,-1,-1,-1,0,-1,0,0,1,0,2,0,4,0,4,0,0,0,0,0,0,0,0,0,0,0]"""
128,"CSI_DATA,127,8c:90:2d:97:93:77,-49,11,1,7,1,0,1,0,1,0,1,-97,0,10,2,6487251,0,83,1,128,0,""[0,0,0,0,0,0,0,0,0,0,0,0,10,-7,12,-8,14,-9,15,-10,16,-11,16,-11,15,-11,14,-10,12,-8,10,-7,8,-5,5,-3,2,-3,0,-1,-2,0,-5,0,-8,1,-10,2,-11,3,-12,3,-13,4,-13,4,-13,4,-12,3,-11,3,-10,3,0,0,-6,2,-4,2,-2,0,-1,0,0,0,1,0,4,-1,5,-1,6,-1,7,-2,8,-1,8,-1,8,-1,8,-1,7,0,6,0,5,0,3,0,2,0,1,0,0,0,-1,0,-2,0,-3,0,-5,0,-5,0,0,0,0,0,0,0,0,0,0,0]"""
129,"CSI_DATA,128,8c:90:2d:97:93:77,-49,11,1,7,1,0,1,0,1,0,1,-97,0,10,2,6499362,0,83,1,128,0,""[0,0,0,0,0,0,0,0,0,0,0,0,-11,6,-13,8,-15,8,-16,10,-16,10,-16,11,-16,10,-15,9,-13,8,-11,7,-8,5,-6,3,-3,2,0,0,1,0,4,-1,7,-3,9,-4,11,-4,12,-4,12,-5,12,-5,12,-5,11,-5,10,-4,9,-4,0,0,5,-3,3,-2,2,-1,0,0,-1,0,-3,0,-4,0,-6,0,-8,0,-9,0,-9,0,-9,0,-9,0,-9,0,-8,0,-7,0,-6,0,-4,0,-3,-1,-1,-1,0,-1,0,-1,1,-1,3,0,4,0,4,0,0,0,0,0,0,0,0,0,0,0]"""
130,"CSI_DATA,129,8c:90:2d:97:93:77,-49,11,1,7,1,0,1,0,1,0,1,-97,0,10,2,6507361,0,83,1,128,0,""[0,0,0,0,0,0,0,0,0,0,0,0,-12,-1,-16,-1,-18,-1,-20,-1,-20,-1,-20,-1,-19,-1,-18,0,-16,-1,-14,0,-11,-1,-8,-1,-5,0,-1,0,2,0,5,0,7,1,9,1,12,2,13,2,13,1,13,2,13,1,12,1,11,0,10,0,0,0,7,0,5,-1,3,-1,1,-1,-1,-1,-4,-1,-6,-2,-7,-2,-8,-2,-9,-2,-9,-3,-10,-3,-10,-3,-9,-3,-8,-3,-7,-3,-6,-3,-5,-3,-3,-3,-2,-3,0,-2,1,-1,3,-1,3,0,4,1,5,2,0,0,0,0,0,0,0,0,0,0]"""
131,"CSI_DATA,130,8c:90:2d:97:93:77,-49,11,1,7,1,0,1,0,1,0,1,-97,0,10,2,6517254,0,83,1,128,0,""[0,0,0,0,0,0,0,0,0,0,0,0,-1,13,-1,16,0,17,0,18,0,20,0,20,-1,19,0,18,0,16,-1,14,0,10,0,7,0,4,0,1,0,-3,1,-6,1,-9,2,-11,2,-13,2,-14,2,-14,2,-15,2,-15,2,-14,1,-13,1,-11,0,0,0,-8,0,-6,0,-4,-1,-2,-1,0,-1,2,-1,4,-2,6,-3,8,-3,8,-4,9,-4,9,-4,8,-4,8,-4,7,-4,6,-4,5,-3,3,-3,2,-2,1,-2,-1,-2,-2,-1,-4,0,-5,2,-5,3,-5,0,0,0,0,0,0,0,0,0,0]"""
132,"CSI_DATA,131,8c:90:2d:97:93:77,-49,11,1,7,1,0,1,0,1,0,1,-97,0,10,2,6527205,0,83,1,128,0,""[0,0,0,0,0,0,0,0,0,0,0,0,-11,-8,-14,-10,-16,-10,-17,-11,-18,-11,-18,-11,-17,-11,-16,-10,-14,-9,-12,-8,-10,-6,-7,-4,-4,-3,-1,-1,2,2,3,3,5,5,8,6,9,8,10,8,10,9,10,9,10,9,10,8,9,7,8,6,0,0,6,4,4,2,2,1,1,0,-1,-2,-3,-3,-4,-4,-5,-5,-6,-6,-7,-7,-7,-7,-7,-8,-7,-8,-6,-8,-5,-7,-5,-7,-4,-6,-3,-5,-2,-4,-1,-3,1,-1,2,0,2,1,3,2,3,3,2,4,0,0,0,0,0,0,0,0,0,0]"""
133,"CSI_DATA,132,8c:90:2d:97:93:77,-49,11,1,7,1,0,1,0,1,0,1,-97,0,10,2,6537314,0,83,1,128,0,""[0,0,0,0,0,0,0,0,0,0,0,0,10,6,13,8,15,8,17,9,17,9,17,9,16,9,15,9,13,8,11,6,9,5,6,3,4,1,1,-1,-2,-3,-3,-5,-5,-7,-7,-8,-8,-11,-9,-11,-9,-12,-9,-12,-9,-12,-9,-12,-8,-10,-7,-9,0,0,-6,-6,-4,-4,-3,-3,-2,-1,-1,1,0,3,1,5,2,6,2,7,2,8,2,9,2,9,1,9,1,8,0,8,0,7,0,6,-1,4,-1,3,-2,1,-2,0,-1,-2,-1,-4,-1,-5,0,-6,0,-6,0,0,0,0,0,0,0,0,0,0]"""
134,"CSI_DATA,133,8c:90:2d:97:93:77,-49,11,1,7,1,0,1,0,1,0,0,-97,0,10,2,6547866,0,83,1,128,0,""[0,0,0,0,0,0,0,0,0,0,0,0,-3,-12,-3,-15,-5,-16,-5,-18,-5,-19,-5,-19,-4,-18,-4,-17,-3,-15,-3,-13,-2,-10,-2,-7,-1,-4,0,0,0,1,-1,4,-1,7,-1,9,-1,11,-1,12,-1,12,-1,12,-1,13,-1,12,-1,11,0,9,0,0,0,6,0,4,0,2,0,0,0,0,0,-2,1,-4,1,-6,2,-7,2,-8,3,-8,3,-8,3,-8,3,-7,3,-7,3,-5,3,-4,2,-3,1,-2,0,0,0,0,0,0,-1,1,-2,2,-3,2,-4,2,0,0,0,0,0,0,0,0,0,0]"""
135,"CSI_DATA,134,8c:90:2d:97:93:77,-49,11,1,7,1,0,1,0,1,0,0,-97,0,10,2,6558976,0,83,1,128,0,""[0,0,0,0,0,0,0,0,0,0,0,0,-9,-10,-11,-12,-13,-13,-14,-14,-15,-15,-15,-15,-14,-14,-13,-13,-12,-12,-10,-10,-8,-8,-6,-6,-4,-3,-2,-1,1,2,2,4,4,7,5,8,6,10,7,11,7,11,7,11,7,11,7,11,6,10,6,8,0,0,4,5,3,4,2,2,1,0,-1,-2,-2,-4,-3,-5,-3,-7,-3,-8,-4,-9,-3,-9,-4,-10,-3,-9,-3,-9,-2,-8,-2,-8,-1,-6,-1,-6,0,-4,0,-3,1,-1,1,1,1,2,1,3,1,4,0,5,0,0,0,0,0,0,0,0,0,0]"""
136,"CSI_DATA,135,8c:90:2d:97:93:77,-49,11,1,7,1,0,1,0,1,0,0,-97,0,10,2,6567255,0,83,1,128,0,""[0,0,0,0,0,0,0,0,0,0,0,0,8,-9,10,-11,12,-12,12,-13,13,-14,13,-14,13,-14,11,-12,10,-11,8,-10,6,-7,4,-5,1,-3,0,-1,-2,0,-5,1,-7,3,-9,5,-10,5,-11,5,-12,6,-12,6,-11,6,-11,6,-10,5,-9,5,0,0,-5,3,-4,2,-2,1,0,0,0,0,2,-1,3,-1,5,-2,6,-3,7,-3,8,-3,8,-3,8,-3,7,-2,7,-1,6,-1,5,0,3,0,2,0,1,0,0,0,-1,0,-2,0,-3,0,-5,0,-5,0,0,0,0,0,0,0,0,0,0,0]"""
137,"CSI_DATA,136,8c:90:2d:97:93:77,-49,11,1,7,1,0,1,0,1,0,0,-97,0,10,2,6577257,0,83,1,128,0,""[0,0,0,0,0,0,0,0,0,0,0,0,11,-3,14,-4,16,-5,17,-5,18,-5,18,-6,17,-5,16,-5,14,-4,11,-4,9,-3,6,-2,2,-1,0,0,-3,0,-5,0,-8,0,-10,0,-12,0,-13,0,-14,0,-14,0,-13,0,-13,0,-12,0,-10,0,0,0,-7,0,-5,0,-3,0,-1,0,0,0,2,0,4,0,6,0,7,0,7,0,8,0,8,0,8,0,7,1,7,1,5,1,4,1,3,1,2,1,0,1,0,0,-1,0,-3,0,-4,0,-5,-1,-5,-2,0,0,0,0,0,0,0,0,0,0]"""
138,"CSI_DATA,137,8c:90:2d:97:93:77,-49,11,1,7,1,0,1,0,1,0,0,-97,0,10,2,6587289,0,83,1,128,0,""[0,0,0,0,0,0,0,0,0,0,0,0,-4,11,-5,14,-4,15,-5,17,-5,17,-6,18,-6,17,-5,16,-5,13,-4,11,-3,9,-1,6,0,3,0,0,1,-1,3,-4,5,-6,6,-7,7,-9,7,-10,8,-10,8,-10,8,-10,7,-9,6,-9,6,-8,0,0,3,-5,2,-4,0,-3,0,-1,-1,0,-3,0,-4,1,-6,1,-7,2,-8,2,-8,3,-8,2,-8,2,-8,1,-7,1,-7,0,-5,0,-4,0,-3,0,-1,0,0,-1,0,-1,1,-1,2,-1,4,0,4,0,0,0,0,0,0,0,0,0,0,0]"""
139,"CSI_DATA,138,8c:90:2d:97:93:77,-49,11,1,7,1,0,1,0,1,0,0,-97,0,10,2,6597683,0,83,1,128,0,""[0,0,0,0,0,0,0,0,0,0,0,0,0,-13,0,-16,-1,-17,-2,-18,-1,-19,-1,-19,-1,-19,-1,-17,-1,-15,0,-13,0,-10,0,-7,0,-4,0,-1,-1,1,-2,4,-3,7,-3,9,-3,10,-3,11,-4,12,-4,12,-4,12,-4,11,-3,10,-2,9,0,0,-1,6,-1,4,0,2,0,0,0,0,1,-2,1,-4,2,-5,4,-6,5,-6,5,-7,5,-7,5,-6,5,-6,5,-5,4,-4,3,-3,2,-2,2,-1,1,0,0,0,0,0,-1,1,-3,1,-4,1,-5,0,0,0,0,0,0,0,0,0,0,0]"""
140,"CSI_DATA,139,8c:90:2d:97:93:77,-49,11,1,7,1,0,1,0,1,0,0,-97,0,10,2,6609469,0,83,1,128,0,""[0,0,0,0,0,0,0,0,0,0,0,0,9,8,12,10,14,11,15,11,16,12,15,12,14,11,13,11,12,10,10,8,8,6,6,4,3,2,0,-1,-2,-3,-3,-6,-5,-8,-6,-9,-7,-11,-8,-12,-8,-12,-8,-13,-8,-12,-8,-12,-7,-11,-7,-9,0,0,-5,-6,-4,-5,-3,-3,-2,-1,0,1,0,3,1,5,1,6,1,7,2,8,2,9,2,9,1,9,1,8,0,8,0,7,-1,5,-1,4,-1,3,-1,1,-2,0,-2,-2,-2,-3,-1,-5,0,-6,0,-6,0,0,0,0,0,0,0,0,0,0]"""
141,"CSI_DATA,140,8c:90:2d:97:93:77,-49,11,1,7,1,0,1,0,1,0,0,-97,0,10,2,6617316,0,83,1,128,0,""[0,0,0,0,0,0,0,0,0,0,0,0,9,-6,12,-8,14,-9,15,-9,16,-10,16,-10,15,-10,14,-9,12,-8,10,-7,8,-5,5,-3,2,-3,0,-1,-3,0,-5,0,-8,1,-10,2,-12,1,-13,2,-13,2,-14,2,-13,2,-12,2,-11,2,-10,2,0,0,-6,1,-4,1,-3,0,0,0,0,0,2,0,4,0,5,0,7,0,8,0,8,0,8,0,8,0,8,0,7,0,5,0,4,0,3,0,2,0,0,0,0,0,-1,0,-2,0,-4,0,-5,0,-5,-1,0,0,0,0,0,0,0,0,0,0]"""
142,"CSI_DATA,141,8c:90:2d:97:93:77,-49,11,1,7,1,0,1,0,1,0,0,-97,0,10,2,6627631,0,83,1,128,0,""[0,0,0,0,0,0,0,0,0,0,0,0,-7,12,-8,14,-8,15,-9,17,-9,18,-10,18,-9,17,-9,16,-8,14,-7,12,-5,9,-4,6,-2,4,0,1,2,-2,4,-4,6,-7,7,-8,8,-9,9,-10,10,-11,10,-10,10,-11,9,-10,8,-9,7,-8,0,0,4,-6,3,-5,1,-4,0,-2,-2,0,-3,1,-5,2,-6,3,-8,3,-9,4,-9,4,-9,4,-9,4,-9,3,-8,2,-8,1,-7,1,-5,0,-4,-1,-3,-1,-1,-2,1,-2,2,-2,3,-2,5,-2,5,-1,0,0,0,0,0,0,0,0,0,0]"""
143,"CSI_DATA,142,8c:90:2d:97:93:77,-49,11,1,7,1,0,1,0,1,0,0,-97,0,10,2,6637345,0,83,1,128,0,""[0,0,0,0,0,0,0,0,0,0,0,0,-11,5,-14,7,-16,8,-17,8,-18,9,-17,9,-17,8,-16,8,-14,6,-12,6,-9,4,-6,3,-3,1,0,0,1,0,4,-1,7,-1,9,-2,11,-2,12,-2,12,-3,13,-2,13,-3,12,-3,11,-3,9,-2,0,0,6,-2,4,-2,2,-1,0,0,-1,0,-3,0,-5,0,-6,0,-8,0,-9,0,-9,0,-9,0,-9,0,-9,-1,-8,0,-7,-1,-6,-1,-4,-1,-3,-1,-1,-1,0,-1,0,-1,1,0,2,0,4,0,4,0,0,0,0,0,0,0,0,0,0,0]"""
144,"CSI_DATA,143,8c:90:2d:97:93:77,-49,11,1,7,1,0,1,0,1,0,0,-97,0,10,2,6647820,0,83,1,128,0,""[0,0,0,0,0,0,0,0,0,0,0,0,9,-7,12,-9,13,-9,14,-11,15,-11,15,-11,15,-11,13,-10,12,-9,10,-8,7,-6,5,-4,2,-3,0,-1,-2,0,-5,0,-8,1,-10,2,-12,3,-12,3,-13,3,-13,3,-13,3,-12,3,-11,3,-10,3,0,0,-6,2,-4,1,-3,1,-1,0,0,0,2,0,4,0,5,0,7,-1,8,0,8,0,8,0,8,0,8,0,7,0,6,0,5,0,3,0,2,0,0,0,0,0,-1,0,-2,0,-3,0,-5,0,-5,-1,0,0,0,0,0,0,0,0,0,0]"""
145,"CSI_DATA,144,8c:90:2d:97:93:77,-49,11,1,7,1,0,1,0,1,0,0,-97,0,10,2,6657234,0,83,1,128,0,""[0,0,0,0,0,0,0,0,0,0,0,0,-7,11,-8,13,-10,16,-10,16,-10,18,-10,17,-10,17,-9,15,-8,14,-7,12,-6,9,-4,6,-2,4,0,1,1,-2,4,-5,5,-7,6,-9,8,-10,9,-11,9,-11,9,-11,9,-11,9,-11,7,-10,6,-9,0,0,4,-7,3,-5,1,-4,0,-1,-2,0,-3,1,-4,3,-6,4,-7,5,-8,5,-8,6,-9,5,-9,5,-8,4,-8,4,-7,3,-6,2,-5,1,-4,0,-3,-1,-1,-2,0,-2,1,-3,3,-3,4,-3,5,-3,0,0,0,0,0,0,0,0,0,0]"""
146,"CSI_DATA,145,8c:90:2d:97:93:77,-49,11,1,7,1,0,1,0,1,0,0,-97,0,10,2,6667208,0,83,1,128,0,""[0,0,0,0,0,0,0,0,0,0,0,0,10,6,13,8,15,8,17,9,17,10,17,10,16,10,15,9,13,8,11,6,9,5,6,3,3,1,1,-1,-2,-3,-4,-4,-6,-6,-8,-8,-10,-9,-10,-10,-11,-10,-11,-10,-10,-10,-10,-10,-9,-9,-9,-8,0,0,-7,-5,-5,-4,-3,-2,-2,-1,0,1,1,2,3,4,4,5,4,6,5,7,5,7,5,8,5,8,4,7,3,7,2,6,2,5,1,4,0,3,-1,2,-2,0,-2,-1,-3,-3,-3,-4,-3,-5,-2,-6,0,0,0,0,0,0,0,0,0,0]"""
147,"CSI_DATA,146,8c:90:2d:97:93:77,-49,11,1,7,1,0,1,0,1,0,0,-97,0,10,2,6677264,0,83,1,128,0,""[0,0,0,0,0,0,0,0,0,0,0,0,4,-12,4,-14,5,-16,5,-17,5,-18,6,-18,6,-17,5,-16,4,-14,4,-12,2,-10,1,-7,0,-4,0,-1,-2,0,-4,3,-6,5,-7,7,-8,7,-8,8,-9,9,-9,9,-9,9,-8,9,-7,8,-6,7,0,0,-4,4,-3,3,-1,2,0,0,0,0,1,-1,2,-2,4,-3,6,-4,7,-4,7,-4,7,-4,7,-4,7,-3,6,-3,5,-2,4,-1,3,-1,2,0,1,0,0,0,0,0,-2,0,-3,0,-4,0,-5,0,0,0,0,0,0,0,0,0,0,0]"""
148,"CSI_DATA,147,8c:90:2d:97:93:77,-49,11,1,7,1,0,1,0,1,0,0,-97,0,10,2,6687276,0,83,1,128,0,""[0,0,0,0,0,0,0,0,0,0,0,0,-10,-9,-12,-10,-15,-12,-16,-12,-17,-13,-16,-13,-15,-13,-14,-12,-13,-11,-11,-9,-9,-7,-7,-5,-4,-3,-2,0,0,3,2,4,3,7,5,8,6,11,6,12,6,12,6,12,6,12,6,11,5,10,5,9,0,0,3,6,3,4,2,2,1,1,0,-2,-1,-4,-1,-6,-2,-7,-1,-8,-2,-9,-1,-10,-1,-10,-1,-10,-1,-9,0,-9,0,-8,1,-6,1,-5,1,-4,1,-2,1,-1,0,1,0,3,-1,4,-2,4,-3,5,0,0,0,0,0,0,0,0,0,0]"""
149,"CSI_DATA,148,8c:90:2d:97:93:77,-49,11,1,7,1,0,1,0,1,0,0,-97,0,10,2,6697715,0,83,1,128,0,""[0,0,0,0,0,0,0,0,0,0,0,0,10,-6,12,-8,14,-8,16,-9,16,-10,16,-10,16,-9,14,-8,12,-7,11,-6,8,-5,5,-3,2,-2,0,-1,-2,0,-5,0,-8,1,-10,2,-12,2,-13,2,-13,2,-14,2,-13,2,-13,3,-11,2,-10,2,0,0,-7,1,-4,1,-2,0,-1,0,0,0,2,0,4,0,5,0,7,-1,8,0,8,-1,8,0,8,0,8,0,7,0,6,0,4,0,3,0,2,0,0,0,0,0,-1,0,-2,0,-4,0,-5,0,-5,-1,0,0,0,0,0,0,0,0,0,0]"""
150,"CSI_DATA,149,8c:90:2d:97:93:77,-49,11,1,7,1,0,1,0,1,0,0,-97,0,10,2,6707338,0,83,1,128,0,""[0,0,0,0,0,0,0,0,0,0,0,0,1,13,1,16,2,17,2,18,3,20,2,20,2,19,2,18,2,16,1,13,1,10,1,7,0,4,0,0,0,-3,1,-6,1,-10,0,-11,1,-13,0,-14,0,-15,0,-14,1,-15,0,-14,0,-13,0,-11,0,0,-1,-8,-1,-6,-1,-4,-1,-2,-1,0,-1,3,-1,4,-2,6,-2,7,-3,8,-3,9,-3,9,-3,9,-3,8,-3,8,-3,6,-3,5,-3,4,-3,2,-2,1,-2,-1,-1,-2,-1,-3,0,-5,2,-5,2,-6,0,0,0,0,0,0,0,0,0,0]"""
151,"CSI_DATA,150,8c:90:2d:97:93:77,-49,11,1,7,1,0,1,0,1,0,0,-97,0,10,2,6717228,0,83,1,128,0,""[0,0,0,0,0,0,0,0,0,0,0,0,12,1,14,1,18,2,19,1,20,2,19,1,19,1,18,1,15,1,13,1,10,1,7,1,4,-1,0,-1,-3,-2,-5,-2,-8,-3,-11,-3,-12,-5,-13,-4,-14,-5,-14,-5,-14,-5,-13,-4,-12,-4,-11,-3,0,0,-8,-2,-6,-1,-4,-1,-2,0,0,1,2,1,4,2,5,2,7,3,8,4,8,4,8,4,8,4,7,4,7,4,5,4,4,3,3,3,2,2,0,2,-1,1,-3,0,-4,-1,-4,-2,-5,-3,-5,-4,0,0,0,0,0,0,0,0,0,0]"""
152,"CSI_DATA,151,8c:90:2d:97:93:77,-49,11,1,7,1,0,1,0,1,0,0,-97,0,10,2,6727294,0,83,1,128,0,""[0,0,0,0,0,0,0,0,0,0,0,0,-13,0,-16,0,-19,0,-20,0,-21,0,-21,1,-20,0,-19,0,-17,0,-14,0,-11,0,-8,0,-5,0,-1,0,2,1,5,1,8,1,10,1,12,2,13,2,13,2,14,2,14,2,13,2,12,1,10,1,0,0,7,0,5,0,3,-1,1,-1,-1,-1,-4,-2,-5,-2,-7,-3,-8,-3,-9,-4,-9,-4,-10,-4,-9,-4,-9,-4,-8,-4,-7,-5,-6,-4,-4,-4,-3,-3,-2,-3,0,-2,2,-1,3,0,3,1,4,2,4,3,0,0,0,0,0,0,0,0,0,0]"""
153,"CSI_DATA,152,8c:90:2d:97:93:77,-49,11,1,7,1,0,1,0,1,0,0,-97,0,10,2,6737225,0,83,1,128,0,""[0,0,0,0,0,0,0,0,0,0,0,0,0,12,0,16,1,17,1,19,1,20,1,20,0,19,1,18,0,15,0,13,0,10,0,7,0,4,0,1,0,-3,1,-6,2,-9,1,-11,2,-13,2,-13,2,-14,3,-14,2,-14,2,-13,2,-12,1,-11,0,0,0,-8,0,-6,0,-4,-1,-2,-1,0,-2,2,-2,4,-3,6,-4,7,-4,8,-4,8,-4,8,-5,8,-5,7,-5,7,-4,6,-4,4,-4,3,-3,2,-2,0,-2,-1,-1,-2,0,-4,1,-4,2,-5,3,-5,0,0,0,0,0,0,0,0,0,0]"""
154,"CSI_DATA,153,8c:90:2d:97:93:77,-49,11,1,7,1,0,1,0,1,0,0,-97,0,10,2,6747772,0,83,1,128,0,""[0,0,0,0,0,0,0,0,0,0,0,0,10,-5,13,-7,14,-7,16,-8,16,-9,17,-9,16,-8,15,-7,13,-6,11,-5,8,-4,5,-3,2,-2,0,-1,-3,0,-5,0,-8,0,-10,0,-12,0,-13,0,-13,0,-14,0,-13,0,-13,1,-11,0,-10,0,0,0,-7,0,-5,0,-3,0,-1,0,0,0,2,0,4,0,5,0,7,0,7,0,8,0,8,0,8,1,7,1,6,1,6,1,4,1,3,1,1,1,0,0,0,0,-1,0,-2,0,-3,0,-4,-1,-4,-2,0,0,0,0,0,0,0,0,0,0]"""
155,"CSI_DATA,154,8c:90:2d:97:93:77,-49,11,1,7,1,0,1,0,1,0,0,-97,0,10,2,6757331,0,83,1,128,0,""[0,0,0,0,0,0,0,0,0,0,0,0,1,-14,1,-17,1,-19,1,-19,0,-21,1,-20,1,-20,1,-19,1,-16,1,-15,0,-11,0,-8,-1,-5,-1,-2,-2,2,-3,5,-4,7,-4,10,-5,11,-5,12,-5,13,-5,13,-5,13,-5,12,-4,11,-4,10,0,0,-2,7,-2,5,-1,3,0,1,0,-1,1,-3,2,-5,3,-6,4,-7,5,-8,5,-9,5,-8,5,-8,5,-8,5,-7,4,-6,4,-5,3,-4,3,-2,2,-1,0,0,-1,1,-2,2,-3,3,-4,3,-5,3,0,0,0,0,0,0,0,0,0,0]"""
156,"CSI_DATA,155,8c:90:2d:97:93:77,-49,11,1,7,1,0,1,0,1,0,0,-97,0,10,2,6767397,0,83,1,128,0,""[0,0,0,0,0,0,0,0,0,0,0,0,1,13,2,16,3,17,3,18,3,20,3,20,2,19,3,18,2,15,1,13,1,10,1,7,1,4,0,1,0,-3,1,-6,2,-9,1,-11,1,-13,1,-14,1,-15,2,-14,2,-14,1,-14,1,-13,1,-11,0,0,0,-8,0,-6,-1,-4,-1,-2,-1,0,-2,2,-2,4,-3,6,-4,7,-4,8,-5,8,-5,8,-5,8,-5,7,-5,7,-5,5,-4,4,-4,3,-3,2,-2,0,-2,-1,-1,-2,0,-3,1,-4,2,-5,3,-5,0,0,0,0,0,0,0,0,0,0]"""
157,"CSI_DATA,156,8c:90:2d:97:93:77,-49,11,1,7,1,0,1,0,1,0,0,-97,0,10,2,6777260,0,83,1,128,0,""[0,0,0,0,0,0,0,0,0,0,0,0,-7,-12,-9,-14,-11,-15,-12,-17,-12,-18,-11,-18,-11,-17,-10,-16,-9,-14,-8,-13,-6,-10,-5,-7,-3,-4,-2,-1,-1,3,-1,5,0,8,0,10,0,12,0,13,1,14,0,14,0,14,0,13,0,12,1,10,0,0,1,7,0,5,0,3,1,1,1,-1,1,-4,1,-5,2,-7,3,-8,3,-9,3,-9,3,-9,4,-9,4,-8,4,-8,4,-7,3,-5,3,-4,2,-3,1,-2,0,0,-1,2,-2,2,-3,3,-4,3,-5,3,0,0,0,0,0,0,0,0,0,0]"""
158,"CSI_DATA,157,8c:90:2d:97:93:77,-49,11,1,7,1,0,1,0,1,0,0,-97,0,10,2,6789052,0,83,1,128,0,""[0,0,0,0,0,0,0,0,0,0,0,0,4,-12,5,-15,5,-15,6,-17,6,-18,6,-18,7,-17,6,-16,5,-14,4,-12,3,-9,1,-7,0,-4,0,-1,-2,0,-4,2,-7,4,-8,5,-9,6,-10,7,-10,7,-10,7,-10,7,-10,7,-9,6,-8,6,0,0,-5,4,-4,3,-2,2,0,0,0,0,1,0,3,-1,5,-1,6,-2,7,-2,8,-2,8,-1,8,-1,7,-1,7,0,6,0,5,0,3,0,2,0,0,0,0,0,-1,0,-2,0,-3,0,-5,0,-5,-1,0,0,0,0,0,0,0,0,0,0]"""
159,"CSI_DATA,158,8c:90:2d:97:93:77,-49,11,1,7,1,0,1,0,1,0,0,-97,0,10,2,6797673,0,83,1,128,0,""[0,0,0,0,0,0,0,0,0,0,0,0,-8,-11,-10,-13,-13,-14,-14,-15,-14,-16,-14,-16,-14,-15,-13,-14,-11,-12,-9,-11,-8,-9,-6,-7,-4,-4,-2,-1,1,2,2,4,3,7,5,9,6,11,6,12,7,12,6,12,6,12,6,12,6,10,5,9,0,0,4,6,3,4,2,2,1,0,-1,-2,-1,-4,-3,-5,-3,-7,-3,-8,-3,-9,-3,-10,-3,-10,-3,-10,-2,-9,-2,-9,-1,-8,-1,-6,0,-6,0,-4,0,-3,1,-1,1,1,1,2,1,3,0,5,0,5,0,0,0,0,0,0,0,0,0,0]"""
160,"CSI_DATA,159,8c:90:2d:97:93:77,-49,11,1,7,1,0,1,0,1,0,0,-97,0,10,2,6807232,0,83,1,128,0,""[0,0,0,0,0,0,0,0,0,0,0,0,-13,-2,-16,-2,-19,-3,-20,-3,-21,-3,-20,-2,-19,-3,-18,-3,-16,-2,-14,-2,-11,-2,-8,-2,-5,0,-1,0,2,1,5,1,7,3,9,3,11,4,12,4,13,4,13,4,13,4,12,4,11,3,10,3,0,0,7,1,5,0,3,0,1,0,-1,-2,-3,-2,-5,-3,-6,-4,-7,-4,-8,-5,-9,-5,-9,-6,-9,-6,-8,-6,-7,-6,-6,-5,-5,-5,-4,-4,-2,-3,-1,-3,0,-2,2,-1,3,0,3,1,4,3,4,4,0,0,0,0,0,0,0,0,0,0]"""
161,"CSI_DATA,160,8c:90:2d:97:93:77,-49,11,1,7,1,0,1,0,1,0,0,-97,0,10,2,6817211,0,83,1,128,0,""[0,0,0,0,0,0,0,0,0,0,0,0,10,6,13,8,16,9,16,9,17,10,17,10,16,10,15,9,13,8,11,7,9,5,7,4,4,1,1,-1,-2,-3,-4,-5,-6,-7,-8,-8,-10,-10,-10,-11,-11,-11,-11,-11,-11,-11,-10,-10,-9,-9,-9,-8,0,0,-7,-5,-5,-4,-4,-2,-2,-1,0,1,1,2,3,4,3,5,4,6,5,7,5,7,5,8,5,8,4,8,3,7,3,6,1,5,1,4,0,3,-1,2,-2,0,-2,-1,-3,-3,-3,-4,-3,-5,-2,-6,0,0,0,0,0,0,0,0,0,0]"""
162,"CSI_DATA,161,8c:90:2d:97:93:77,-49,11,1,7,1,0,1,0,1,0,0,-97,0,10,2,6827312,0,83,1,128,0,""[0,0,0,0,0,0,0,0,0,0,0,0,-7,-12,-9,-14,-11,-16,-11,-16,-12,-18,-12,-18,-11,-17,-11,-16,-9,-14,-8,-12,-6,-10,-5,-7,-3,-4,-1,-1,0,2,1,5,2,7,3,10,4,11,4,13,4,13,4,13,4,13,4,12,4,11,3,10,0,0,3,6,2,4,1,3,1,1,-1,-2,-1,-3,-1,-6,-2,-7,-2,-9,-2,-10,-1,-10,-1,-10,-1,-10,0,-10,-1,-9,0,-8,0,-7,1,-5,1,-4,1,-2,1,-1,1,1,1,2,0,4,-1,5,-2,5,0,0,0,0,0,0,0,0,0,0]"""
163,"CSI_DATA,162,8c:90:2d:97:93:77,-49,11,1,7,1,0,1,0,1,0,0,-97,0,10,2,6837313,0,83,1,128,0,""[0,0,0,0,0,0,0,0,0,0,0,0,-3,-14,-5,-16,-6,-18,-6,-19,-7,-20,-6,-20,-6,-19,-6,-18,-6,-16,-4,-14,-3,-11,-3,-8,-2,-5,-1,-1,0,2,-1,5,-1,8,0,10,0,12,1,13,1,14,1,14,1,14,0,13,0,12,1,10,0,0,1,7,1,5,0,3,1,1,0,-2,0,-4,0,-6,0,-7,0,-9,0,-10,1,-10,1,-10,1,-10,1,-10,1,-9,1,-8,1,-6,1,-5,1,-4,1,-2,1,0,1,1,0,3,0,4,-2,5,-3,5,0,0,0,0,0,0,0,0,0,0]"""
164,"CSI_DATA,163,8c:90:2d:97:93:77,-49,11,1,7,1,0,1,0,1,0,0,-97,0,10,2,6847683,0,83,1,128,0,""[0,0,0,0,0,0,0,0,0,0,0,0,-1,-13,-2,-17,-3,-18,-3,-20,-4,-20,-3,-21,-2,-20,-2,-19,-2,-17,-2,-14,-2,-11,-2,-8,-1,-5,-1,-2,-2,2,-2,5,-3,8,-3,10,-3,12,-3,13,-4,13,-4,13,-4,13,-3,13,-3,11,-2,10,0,0,-1,7,-1,5,-1,3,0,1,0,-1,1,-3,2,-5,2,-6,4,-8,4,-8,4,-9,5,-9,5,-9,5,-8,4,-7,4,-6,4,-5,3,-4,2,-2,1,-1,1,0,-1,1,-1,2,-3,3,-4,3,-5,3,0,0,0,0,0,0,0,0,0,0]"""
165,"CSI_DATA,164,8c:90:2d:97:93:77,-49,11,1,7,1,0,1,0,1,0,0,-97,0,10,2,6857219,0,83,1,128,0,""[0,0,0,0,0,0,0,0,0,0,0,0,8,9,10,11,12,13,13,14,13,14,13,14,12,14,11,13,10,11,9,9,7,7,5,5,3,2,1,0,-1,-3,-2,-6,-4,-8,-5,-10,-6,-12,-6,-13,-7,-13,-7,-13,-7,-13,-7,-13,-6,-11,-6,-10,0,0,-5,-7,-3,-5,-2,-3,-2,-1,-1,1,0,3,1,5,1,6,1,7,1,8,1,9,1,9,1,9,1,8,0,8,0,7,-1,5,-1,4,-1,3,-1,1,-2,0,-2,-2,-2,-3,-1,-5,-1,-5,0,-6,0,0,0,0,0,0,0,0,0,0]"""
166,"CSI_DATA,165,8c:90:2d:97:93:77,-49,11,1,7,1,0,1,0,1,0,0,-97,0,10,2,6867241,0,83,1,128,0,""[0,0,0,0,0,0,0,0,0,0,0,0,-8,-11,-10,-13,-12,-15,-13,-16,-14,-17,-13,-17,-12,-16,-12,-15,-10,-13,-9,-11,-7,-9,-6,-7,-4,-4,-1,-1,0,2,1,5,2,8,3,10,4,12,4,13,5,13,4,13,4,13,4,12,4,11,4,10,0,0,3,6,2,5,1,3,1,1,0,-2,-1,-4,-1,-6,-1,-7,0,-8,-1,-10,0,-10,-1,-10,0,-10,0,-10,0,-9,1,-8,1,-7,1,-6,1,-4,1,-2,1,0,1,1,0,3,-1,4,-2,5,-2,5,0,0,0,0,0,0,0,0,0,0]"""
167,"CSI_DATA,166,8c:90:2d:97:93:77,-49,11,1,7,1,0,1,0,1,0,0,-97,0,10,2,6877218,0,83,1,128,0,""[0,0,0,0,0,0,0,0,0,0,0,0,-2,13,-2,16,-1,17,-1,18,-1,19,-2,20,-2,19,-2,17,-1,16,-1,13,-1,10,-1,7,0,4,0,1,1,-3,2,-6,3,-9,3,-11,4,-12,4,-13,4,-14,4,-14,4,-14,4,-13,3,-12,3,-11,0,0,1,-8,1,-6,0,-4,-1,-2,-1,0,-2,2,-3,4,-4,5,-5,6,-6,7,-6,7,-6,7,-6,7,-6,6,-6,6,-6,4,-5,4,-4,2,-4,1,-3,0,-1,-1,0,-3,1,-3,2,-4,4,-4,4,-4,0,0,0,0,0,0,0,0,0,0]"""
168,"CSI_DATA,167,8c:90:2d:97:93:77,-49,11,1,7,1,0,1,0,1,0,0,-97,0,10,2,6887171,0,83,1,128,0,""[0,0,0,0,0,0,0,0,0,0,0,0,-12,1,-15,1,-17,2,-19,2,-19,2,-19,2,-19,2,-17,2,-15,1,-13,1,-10,0,-7,0,-4,0,0,0,1,0,4,0,7,0,9,0,11,0,12,0,13,0,12,0,13,0,12,0,11,0,9,0,0,0,6,0,4,0,2,0,0,0,0,-1,-3,-1,-4,-1,-6,-2,-7,-2,-8,-3,-8,-3,-8,-4,-8,-4,-7,-4,-7,-3,-5,-3,-4,-3,-3,-2,-2,-2,0,-1,0,-1,0,0,1,0,2,0,3,1,3,2,0,0,0,0,0,0,0,0,0,0]"""
169,"CSI_DATA,168,8c:90:2d:97:93:77,-49,11,1,7,1,0,1,0,1,0,0,-97,0,10,2,6897652,0,83,1,128,0,""[0,0,0,0,0,0,0,0,0,0,0,0,-2,-14,-3,-17,-4,-18,-4,-19,-5,-21,-4,-21,-4,-20,-4,-19,-3,-16,-3,-14,-3,-11,-2,-8,-2,-5,-2,-1,-1,2,-2,5,-2,8,-2,10,-2,12,-2,13,-2,14,-2,14,-2,14,-2,13,-2,12,-1,10,0,0,0,7,-1,5,0,3,0,1,0,-1,1,-3,1,-5,2,-7,3,-8,3,-9,3,-9,4,-9,4,-9,4,-8,4,-8,4,-7,3,-5,3,-4,2,-3,2,-1,1,0,0,2,-1,2,-2,3,-4,4,-5,4,0,0,0,0,0,0,0,0,0,0]"""
170,"CSI_DATA,169,8c:90:2d:97:93:77,-49,11,1,7,1,0,1,0,1,0,0,-97,0,10,2,6908480,0,83,1,128,0,""[0,0,0,0,0,0,0,0,0,0,0,0,-12,0,-15,0,-17,0,-19,0,-19,1,-20,1,-18,0,-17,0,-15,0,-13,0,-10,0,-7,0,-4,0,0,0,1,0,4,0,7,0,9,0,11,1,12,2,12,1,12,2,12,1,11,1,10,0,9,0,0,0,6,0,4,0,2,0,0,0,-1,-1,-2,-1,-4,-2,-6,-2,-7,-3,-7,-3,-8,-4,-8,-4,-8,-4,-7,-4,-6,-4,-5,-4,-4,-3,-3,-3,-2,-2,0,-2,0,-1,0,0,1,0,2,0,3,1,3,3,0,0,0,0,0,0,0,0,0,0]"""
171,"CSI_DATA,170,8c:90:2d:97:93:77,-49,11,1,7,1,0,1,0,1,0,0,-97,0,10,2,6917576,0,83,1,128,0,""[0,0,0,0,0,0,0,0,0,0,0,0,-8,-12,-10,-13,-12,-14,-13,-16,-14,-17,-13,-17,-12,-16,-12,-15,-11,-13,-9,-11,-7,-9,-6,-7,-3,-4,-1,-1,0,2,1,5,2,8,4,9,5,11,5,12,5,12,6,13,5,13,5,12,5,11,4,9,0,0,4,6,2,4,1,2,1,0,0,-2,-1,-4,-2,-6,-2,-7,-3,-8,-3,-9,-2,-10,-2,-10,-2,-10,-2,-9,-1,-9,-1,-8,0,-7,0,-6,0,-4,1,-3,1,-1,1,1,1,2,0,3,0,5,-1,5,0,0,0,0,0,0,0,0,0,0]"""
172,"CSI_DATA,171,8c:90:2d:97:93:77,-49,11,1,7,1,0,1,0,1,0,0,-97,0,10,2,6927265,0,83,1,128,0,""[0,0,0,0,0,0,0,0,0,0,0,0,-6,12,-6,14,-7,16,-7,17,-7,18,-8,18,-7,18,-7,16,-6,14,-5,12,-4,10,-3,6,-1,4,0,1,1,-2,3,-5,4,-8,5,-9,6,-10,7,-12,7,-12,7,-12,7,-12,7,-12,6,-11,5,-10,0,0,3,-7,2,-6,1,-4,0,-2,-1,0,-3,2,-4,3,-4,4,-5,6,-6,6,-7,7,-7,6,-7,6,-7,6,-6,5,-6,4,-6,3,-4,2,-4,1,-3,0,-2,-2,0,-2,1,-3,2,-4,3,-4,4,-4,0,0,0,0,0,0,0,0,0,0]"""
173,"CSI_DATA,172,8c:90:2d:97:93:77,-49,11,1,7,1,0,1,0,1,0,0,-97,0,10,2,6937169,0,83,1,128,0,""[0,0,0,0,0,0,0,0,0,0,0,0,-3,-14,-4,-17,-5,-18,-5,-20,-6,-20,-5,-21,-5,-20,-5,-19,-4,-16,-3,-14,-3,-11,-3,-9,-2,-5,-2,-1,-1,2,-2,5,-2,8,-2,10,-3,12,-3,13,-2,14,-3,14,-3,14,-2,13,-2,12,-2,11,0,0,-1,7,-1,5,0,3,0,1,0,-1,1,-3,2,-5,2,-7,3,-8,4,-9,4,-9,4,-9,5,-9,5,-8,5,-7,4,-6,4,-5,3,-4,2,-3,1,-1,0,0,0,2,-2,2,-3,3,-4,3,-5,3,0,0,0,0,0,0,0,0,0,0]"""
174,"CSI_DATA,173,8c:90:2d:97:93:77,-49,11,1,7,1,0,1,0,1,0,1,-97,0,10,2,6948403,0,83,1,128,0,""[0,0,0,0,0,0,0,0,0,0,0,0,-12,-4,-15,-4,-17,-5,-19,-5,-19,-6,-19,-6,-18,-6,-17,-6,-15,-5,-13,-4,-10,-4,-8,-3,-5,-1,-2,1,1,3,3,4,5,6,7,6,8,9,9,9,9,9,9,10,9,9,8,9,7,8,7,7,0,0,5,4,4,3,2,1,2,0,0,-2,-1,-4,-2,-5,-2,-7,-3,-8,-3,-9,-3,-9,-2,-10,-2,-10,-2,-9,-1,-8,-1,-7,-1,-6,0,-5,0,-4,0,-3,1,-1,0,1,0,2,-1,3,-2,4,-2,5,0,0,0,0,0,0,0,0,0,0]"""
175,"CSI_DATA,174,8c:90:2d:97:93:77,-49,11,1,7,1,0,1,0,1,0,1,-97,0,10,2,6957142,0,83,1,128,0,""[0,0,0,0,0,0,0,0,0,0,0,0,-13,2,-15,3,-17,4,-18,4,-19,4,-19,4,-19,3,-17,3,-15,2,-13,2,-10,1,-7,0,-4,1,0,1,1,1,4,1,7,1,9,1,11,3,12,3,12,3,12,3,12,3,12,3,10,3,9,2,0,0,6,1,4,0,2,0,0,0,0,-1,-1,-3,-3,-4,-4,-5,-5,-5,-5,-7,-6,-7,-6,-7,-5,-7,-5,-7,-4,-7,-3,-6,-2,-5,-1,-4,0,-3,0,-2,0,0,0,0,0,1,0,2,0,4,0,4,0,0,0,0,0,0,0,0,0,0]"""
176,"CSI_DATA,175,8c:90:2d:97:93:77,-49,11,1,7,1,0,1,0,1,0,1,-97,0,10,2,6969060,0,83,1,128,0,""[0,0,0,0,0,0,0,0,0,0,0,0,-13,-1,-16,-1,-18,-1,-20,-2,-20,-2,-20,-1,-19,-2,-18,-2,-16,-2,-14,-1,-11,-1,-8,-1,-5,0,-2,1,2,2,4,2,7,3,9,3,11,5,12,5,12,6,13,5,12,5,12,5,11,4,10,4,0,0,6,2,5,1,3,0,1,0,-1,-2,-3,-3,-4,-4,-5,-5,-6,-6,-7,-7,-7,-7,-7,-7,-7,-8,-6,-8,-6,-7,-5,-7,-4,-5,-3,-5,-2,-4,-1,-3,0,-2,1,0,2,1,2,3,2,4,2,5,0,0,0,0,0,0,0,0,0,0]"""
177,"CSI_DATA,176,8c:90:2d:97:93:77,-49,11,1,7,1,0,1,0,1,0,1,-97,0,10,2,6977201,0,83,1,128,0,""[0,0,0,0,0,0,0,0,0,0,0,0,11,7,13,7,16,9,18,9,19,10,18,10,18,9,16,9,13,8,12,7,9,5,6,4,4,1,1,-1,-2,-3,-3,-5,-5,-8,-8,-9,-8,-11,-9,-12,-10,-12,-9,-12,-9,-12,-9,-12,-8,-10,-8,-9,0,0,-6,-6,-5,-5,-3,-3,-2,-1,-1,1,1,3,1,5,2,6,2,7,2,8,2,9,2,9,2,9,2,8,1,8,1,7,0,6,-1,4,-1,3,-1,2,-2,0,-2,-2,-2,-3,-1,-5,-1,-6,0,-6,0,0,0,0,0,0,0,0,0,0]"""
178,"CSI_DATA,177,8c:90:2d:97:93:77,-49,11,1,7,1,0,1,0,1,0,1,-97,0,10,2,6987216,0,83,1,128,0,""[0,0,0,0,0,0,0,0,0,0,0,0,-2,-14,-2,-16,-4,-18,-4,-20,-4,-21,-4,-21,-3,-20,-3,-19,-3,-17,-2,-14,-2,-11,-2,-8,-2,-5,-1,-1,-1,2,-1,5,-2,8,-1,10,-2,12,-1,13,-1,14,-2,14,-1,14,-1,13,-1,12,-1,10,0,0,0,7,0,5,0,3,0,1,0,-1,0,-3,1,-6,1,-7,2,-8,2,-9,2,-10,2,-10,2,-10,2,-9,3,-8,3,-7,3,-6,2,-5,2,-3,1,-2,1,0,0,1,0,3,-1,4,-2,4,-3,4,0,0,0,0,0,0,0,0,0,0]"""
179,"CSI_DATA,178,8c:90:2d:97:93:77,-49,11,1,7,1,0,1,0,1,0,1,-97,0,10,2,6997723,0,83,1,128,0,""[0,0,0,0,0,0,0,0,0,0,0,0,-6,10,-8,13,-8,14,-9,15,-9,15,-10,16,-10,15,-9,14,-8,12,-6,10,-5,8,-3,5,-1,3,0,0,1,0,3,-3,6,-5,7,-6,9,-6,9,-7,10,-7,10,-8,10,-8,9,-8,8,-7,7,-6,0,0,4,-4,3,-3,1,-2,0,-1,-1,0,-3,0,-4,0,-6,0,-7,1,-8,1,-9,1,-9,0,-9,0,-9,0,-8,0,-7,0,-6,0,-4,0,-3,0,-1,-1,0,-1,0,-1,1,-1,2,0,4,0,4,0,0,0,0,0,0,0,0,0,0,0]"""
180,"CSI_DATA,179,8c:90:2d:97:93:77,-49,11,1,7,1,0,1,0,1,0,1,-97,0,10,2,7007338,0,83,1,128,0,""[0,0,0,0,0,0,0,0,0,0,0,0,2,-12,2,-15,2,-16,2,-18,2,-19,3,-19,3,-18,2,-17,2,-15,2,-13,0,-10,0,-7,0,-4,0,-1,-2,0,-3,3,-5,5,-5,7,-6,9,-7,9,-7,10,-8,10,-7,10,-7,9,-6,8,-5,7,0,0,-3,5,-2,3,-1,2,0,0,0,0,1,-1,2,-3,3,-4,5,-4,6,-5,6,-5,6,-5,6,-4,6,-4,6,-3,5,-2,4,-2,3,-1,2,0,1,0,0,0,0,0,-2,0,-3,0,-4,0,-5,0,0,0,0,0,0,0,0,0,0,0]"""
181,"CSI_DATA,180,8c:90:2d:97:93:77,-49,11,1,7,1,0,1,0,1,0,1,-97,0,10,2,7019026,0,83,1,128,0,""[0,0,0,0,0,0,0,0,0,0,0,0,-13,4,-15,5,-18,5,-19,6,-20,6,-20,7,-19,6,-17,6,-15,5,-13,4,-11,3,-8,2,-4,1,-1,0,2,-1,5,-2,8,-3,10,-3,12,-3,13,-3,13,-4,13,-4,13,-4,13,-4,11,-4,10,-4,0,0,7,-3,5,-3,3,-2,1,-1,-2,-1,-4,0,-6,0,-7,1,-8,1,-9,1,-10,1,-10,1,-10,1,-10,0,-9,0,-8,0,-7,0,-6,-1,-4,-2,-3,-2,-1,-2,1,-2,2,-2,4,-2,5,-1,5,0,0,0,0,0,0,0,0,0,0,0]"""
182,"CSI_DATA,181,8c:90:2d:97:93:77,-49,11,1,7,1,0,1,0,1,0,1,-97,0,10,2,7027159,0,83,1,128,0,""[0,0,0,0,0,0,0,0,0,0,0,0,2,13,2,16,4,18,4,18,4,20,4,20,4,19,3,18,3,15,3,13,2,10,1,7,1,4,0,0,0,-3,0,-7,-1,-9,-1,-11,-1,-13,-2,-14,-2,-15,-2,-15,-1,-15,-2,-14,-2,-13,-2,-11,0,0,-2,-8,-2,-6,-1,-4,-1,-2,-1,1,0,3,0,5,0,6,-1,8,-1,9,-1,9,-1,9,-1,9,-2,9,-2,8,-2,7,-2,6,-2,4,-2,3,-2,1,-2,-1,-2,-2,-2,-3,-1,-5,0,-6,1,-6,0,0,0,0,0,0,0,0,0,0]"""
183,"CSI_DATA,182,8c:90:2d:97:93:77,-49,11,1,7,1,0,1,0,1,0,1,-97,0,10,2,7037339,0,83,1,128,0,""[0,0,0,0,0,0,0,0,0,0,0,0,9,-9,11,-11,12,-12,13,-13,14,-14,14,-13,14,-13,13,-12,11,-10,9,-9,7,-7,4,-5,1,-3,0,-1,-2,0,-5,1,-8,2,-9,4,-11,4,-12,4,-13,5,-13,4,-12,5,-12,5,-11,4,-9,4,0,0,-6,2,-4,1,-2,1,0,0,0,0,2,0,4,-1,5,-1,7,-1,8,-1,8,-1,8,-1,8,0,8,0,7,0,6,0,5,0,4,0,2,0,0,0,0,0,-1,0,-3,0,-4,0,-5,0,-5,0,0,0,0,0,0,0,0,0,0,0]"""
184,"CSI_DATA,183,8c:90:2d:97:93:77,-49,11,1,7,1,0,1,0,1,0,0,-97,0,10,2,7047792,0,83,1,128,0,""[0,0,0,0,0,0,0,0,0,0,0,0,3,-12,4,-15,4,-16,4,-17,5,-19,5,-19,5,-18,5,-17,4,-15,3,-13,2,-10,1,-7,0,-4,0,-1,-1,0,-3,3,-5,6,-6,7,-7,8,-7,10,-8,10,-8,10,-8,10,-8,10,-7,8,-6,7,0,0,-3,5,-2,3,-1,2,0,0,0,0,1,-1,2,-3,4,-4,5,-5,6,-5,6,-5,7,-5,7,-5,6,-4,6,-4,5,-3,4,-2,3,-1,2,0,1,0,0,0,0,0,-2,1,-3,1,-4,1,-5,0,0,0,0,0,0,0,0,0,0,0]"""
185,"CSI_DATA,184,8c:90:2d:97:93:77,-49,11,1,7,1,0,1,0,1,0,0,-97,0,10,2,7057288,0,83,1,128,0,""[0,0,0,0,0,0,0,0,0,0,0,0,5,12,7,14,8,16,9,17,9,18,9,18,8,18,8,17,7,15,5,12,5,10,4,7,2,3,1,0,-1,-3,-1,-7,-1,-9,-2,-11,-2,-13,-2,-14,-2,-15,-2,-15,-2,-15,-3,-14,-3,-13,-3,-12,0,0,-2,-8,-2,-6,-2,-4,-1,-2,-1,1,-1,3,-1,5,-1,6,-2,8,-2,9,-2,9,-2,9,-2,9,-3,9,-3,8,-3,7,-3,5,-2,4,-2,2,-2,1,-2,-1,-1,-2,-1,-4,0,-5,1,-5,2,-6,0,0,0,0,0,0,0,0,0,0]"""
186,"CSI_DATA,185,8c:90:2d:97:93:77,-49,11,1,7,1,0,1,0,1,0,0,-97,0,10,2,7067187,0,83,1,128,0,""[0,0,0,0,0,0,0,0,0,0,0,0,-5,-13,-5,-16,-8,-17,-8,-19,-8,-20,-8,-20,-7,-19,-6,-18,-6,-16,-5,-14,-5,-11,-4,-8,-2,-5,-2,-1,-1,2,-1,5,-1,8,0,10,0,12,0,13,0,14,0,14,0,14,0,13,1,12,1,11,0,0,1,7,0,5,0,3,1,1,0,-1,0,-4,1,-6,1,-7,1,-9,2,-9,2,-10,2,-10,2,-10,2,-10,2,-8,2,-8,2,-6,2,-5,1,-3,1,-2,1,0,0,1,0,3,-1,4,-3,4,-4,4,0,0,0,0,0,0,0,0,0,0]"""
187,"CSI_DATA,186,8c:90:2d:97:93:77,-49,11,1,7,1,0,1,0,1,0,0,-97,0,10,2,7077800,0,83,1,128,0,""[0,0,0,0,0,0,0,0,0,0,0,0,-3,-13,-4,-16,-5,-17,-5,-19,-5,-20,-5,-20,-5,-19,-4,-18,-4,-16,-3,-13,-3,-11,-3,-8,-2,-5,-1,-2,-1,2,-1,5,-2,8,-1,10,-2,12,-2,13,-1,13,-2,13,-2,13,-1,13,-1,12,-1,10,0,0,0,7,0,5,0,3,1,1,0,-2,0,-4,1,-6,1,-7,2,-8,3,-9,3,-9,3,-9,3,-9,3,-8,3,-8,3,-7,3,-5,3,-4,2,-3,1,-2,1,0,0,2,-1,3,-2,3,-3,4,-4,4,0,0,0,0,0,0,0,0,0,0]"""
188,"CSI_DATA,187,8c:90:2d:97:93:77,-49,11,1,7,1,0,1,0,1,0,0,-97,0,10,2,7087240,0,83,1,128,0,""[0,0,0,0,0,0,0,0,0,0,0,0,-12,2,-14,4,-16,4,-18,4,-18,5,-19,5,-18,4,-16,4,-15,3,-12,3,-10,2,-7,1,-3,0,0,0,1,0,4,0,7,0,9,0,11,0,12,0,12,0,13,0,12,0,12,0,10,0,9,0,0,0,6,0,4,0,2,0,0,0,0,0,-2,-1,-4,-1,-6,-1,-7,-1,-8,-1,-9,-1,-9,-2,-9,-2,-8,-2,-7,-2,-6,-3,-5,-2,-4,-2,-2,-2,-1,-1,0,-1,0,0,1,0,2,0,3,1,3,1,0,0,0,0,0,0,0,0,0,0]"""
189,"CSI_DATA,188,8c:90:2d:97:93:77,-49,11,1,7,1,0,1,0,1,0,0,-97,0,10,2,7097679,0,83,1,128,0,""[0,0,0,0,0,0,0,0,0,0,0,0,-1,-14,-2,-16,-3,-18,-4,-19,-4,-20,-3,-20,-2,-19,-2,-18,-2,-16,-2,-14,-2,-11,-2,-8,-2,-5,-1,-1,-2,2,-2,5,-3,8,-2,10,-3,12,-3,13,-3,13,-3,13,-3,13,-2,13,-2,11,-2,10,0,0,-1,7,-1,5,-1,3,0,1,0,-2,1,-3,1,-5,2,-7,3,-8,3,-9,4,-9,4,-9,4,-9,4,-8,4,-7,4,-6,4,-5,3,-4,2,-2,1,-1,1,0,0,1,-1,3,-2,3,-4,4,-5,3,0,0,0,0,0,0,0,0,0,0]"""
190,"CSI_DATA,189,8c:90:2d:97:93:77,-49,11,1,7,1,0,1,0,1,0,0,-97,0,10,2,7107236,0,83,1,128,0,""[0,0,0,0,0,0,0,0,0,0,0,0,-10,-9,-13,-10,-15,-11,-16,-12,-17,-13,-17,-13,-16,-12,-15,-11,-13,-10,-11,-9,-9,-7,-7,-5,-4,-3,-2,0,1,2,2,4,4,6,6,8,7,10,7,11,8,11,8,11,8,11,8,10,7,9,6,8,0,0,5,5,3,3,2,2,1,0,-1,-2,-2,-4,-3,-6,-3,-7,-3,-8,-4,-9,-4,-9,-4,-9,-4,-9,-3,-9,-2,-8,-2,-8,-1,-6,-1,-6,0,-4,0,-3,1,-1,1,1,1,2,1,4,0,5,0,5,0,0,0,0,0,0,0,0,0,0]"""
191,"CSI_DATA,190,8c:90:2d:97:93:77,-49,11,1,7,1,0,1,0,1,0,0,-97,0,10,2,7117214,0,83,1,128,0,""[0,0,0,0,0,0,0,0,0,0,0,0,5,12,6,15,8,16,9,17,9,19,8,19,7,18,7,17,6,15,5,13,4,10,3,7,2,4,1,0,0,-3,0,-6,0,-10,-1,-12,-1,-14,-1,-15,-1,-15,-1,-15,0,-16,-1,-15,-1,-13,-1,-12,0,0,-1,-8,-1,-6,-1,-4,-2,-2,-1,1,-2,3,-2,5,-3,6,-3,7,-4,8,-4,9,-4,9,-5,9,-4,8,-5,7,-5,6,-4,5,-4,3,-3,2,-2,1,-2,-1,-1,-2,0,-3,1,-4,3,-5,4,-5,0,0,0,0,0,0,0,0,0,0]"""
192,"CSI_DATA,191,8c:90:2d:97:93:77,-49,11,1,7,1,0,1,0,1,0,0,-97,0,10,2,7127224,0,83,1,128,0,""[0,0,0,0,0,0,0,0,0,0,0,0,12,-2,15,-3,17,-3,18,-3,19,-3,19,-3,18,-3,17,-2,14,-2,12,-2,9,-1,6,-1,3,-1,0,-1,-2,-1,-5,-1,-8,-2,-10,-2,-12,-3,-13,-4,-13,-3,-14,-4,-13,-3,-13,-3,-11,-3,-11,-2,0,0,-7,-1,-5,0,-3,0,-1,0,0,0,1,1,3,2,4,3,5,4,6,4,6,5,6,5,5,5,5,5,4,5,3,5,2,3,1,3,0,2,0,1,0,0,-1,0,-2,-2,-2,-3,-2,-4,-2,-5,0,0,0,0,0,0,0,0,0,0]"""
193,"CSI_DATA,192,8c:90:2d:97:93:77,-49,11,1,7,1,0,1,0,1,0,0,-97,0,10,2,7137321,0,83,1,128,0,""[0,0,0,0,0,0,0,0,0,0,0,0,-9,-10,-11,-12,-14,-13,-14,-14,-15,-15,-15,-15,-14,-15,-13,-14,-11,-12,-10,-11,-8,-8,-6,-6,-4,-4,-2,-1,1,2,2,5,3,7,5,9,5,11,6,12,6,12,6,12,6,12,6,11,6,10,5,9,0,0,4,6,3,4,2,2,1,0,-1,-2,-1,-4,-2,-6,-3,-7,-3,-8,-3,-9,-3,-10,-3,-10,-3,-10,-2,-10,-1,-9,-1,-8,-1,-7,0,-5,0,-4,1,-3,1,-1,1,1,1,2,1,3,0,5,-1,5,0,0,0,0,0,0,0,0,0,0]"""
194,"CSI_DATA,193,8c:90:2d:97:93:77,-49,11,1,7,1,0,1,0,1,0,0,-97,0,10,2,7147814,0,83,1,128,0,""[0,0,0,0,0,0,0,0,0,0,0,0,-11,-8,-13,-9,-16,-10,-17,-11,-18,-11,-17,-11,-17,-11,-16,-10,-14,-9,-12,-8,-9,-6,-7,-5,-4,-2,-1,-1,1,2,3,4,5,6,7,7,8,8,9,9,9,9,9,10,10,9,9,9,8,8,8,7,0,0,5,4,4,3,2,1,1,0,-1,-2,-2,-3,-4,-5,-5,-6,-5,-7,-6,-8,-6,-9,-6,-9,-5,-8,-5,-8,-4,-8,-4,-7,-3,-6,-2,-5,-1,-4,0,-3,1,-1,1,0,2,2,2,3,2,4,1,5,0,0,0,0,0,0,0,0,0,0]"""
195,"CSI_DATA,194,8c:90:2d:97:93:77,-49,11,1,7,1,0,1,0,1,0,0,-97,0,10,2,7157285,0,83,1,128,0,""[0,0,0,0,0,0,0,0,0,0,0,0,-12,-7,-14,-8,-17,-10,-18,-9,-19,-11,-18,-10,-18,-10,-16,-9,-15,-8,-13,-7,-10,-6,-8,-5,-5,-2,-2,0,1,2,3,4,5,6,6,8,7,9,8,10,8,10,9,11,8,11,8,10,7,9,6,8,0,0,5,5,4,3,2,2,1,0,0,-2,-2,-4,-2,-5,-3,-7,-3,-8,-3,-9,-3,-10,-3,-10,-3,-10,-2,-9,-2,-9,-1,-8,-1,-6,-1,-5,0,-4,0,-2,1,-1,1,1,1,2,0,4,-1,5,-1,5,0,0,0,0,0,0,0,0,0,0]"""
196,"CSI_DATA,195,8c:90:2d:97:93:77,-49,11,1,7,1,0,1,0,1,0,0,-97,0,10,2,7167218,0,83,1,128,0,""[0,0,0,0,0,0,0,0,0,0,0,0,-1,13,0,16,1,18,0,19,0,20,0,20,0,19,-1,18,0,16,-1,13,-1,10,0,8,0,4,1,1,1,-3,2,-6,3,-8,4,-11,4,-12,5,-13,5,-14,5,-14,5,-14,5,-13,4,-12,3,-11,0,0,2,-8,1,-6,0,-4,-1,-2,-2,0,-3,2,-4,3,-5,4,-6,5,-7,6,-8,6,-8,6,-8,6,-7,5,-7,5,-6,4,-6,3,-5,2,-4,1,-3,-1,-1,-1,0,-2,1,-3,3,-3,4,-3,5,-2,0,0,0,0,0,0,0,0,0,0]"""
197,"CSI_DATA,196,8c:90:2d:97:93:77,-49,11,1,7,1,0,1,0,1,0,0,-97,0,10,2,7177132,0,83,1,128,0,""[0,0,0,0,0,0,0,0,0,0,0,0,-9,8,-11,10,-12,11,-13,12,-14,12,-14,13,-14,12,-12,11,-11,9,-9,8,-7,6,-5,4,-2,2,0,0,1,0,4,-2,6,-3,8,-5,10,-5,11,-5,11,-6,11,-6,11,-6,10,-6,9,-5,8,-5,0,0,5,-4,3,-3,1,-2,0,-1,0,0,-3,0,-4,0,-6,0,-8,0,-8,0,-9,0,-9,0,-9,0,-9,0,-8,0,-7,0,-5,0,-4,0,-3,0,-1,-1,0,-1,0,-1,1,-1,2,0,4,0,4,0,0,0,0,0,0,0,0,0,0,0]"""
198,"CSI_DATA,197,8c:90:2d:97:93:77,-49,11,1,7,1,0,1,0,1,0,0,-97,0,10,2,7187265,0,83,1,128,0,""[0,0,0,0,0,0,0,0,0,0,0,0,9,9,11,10,13,12,14,13,15,14,14,13,14,13,13,12,11,11,10,9,7,7,6,5,3,2,1,0,-2,-3,-3,-6,-5,-8,-6,-9,-7,-11,-8,-12,-8,-12,-8,-13,-8,-13,-8,-12,-7,-11,-7,-9,0,0,-5,-6,-4,-5,-3,-3,-2,-1,0,1,1,3,2,5,2,6,2,7,3,8,3,9,3,9,2,9,2,8,1,8,1,7,0,5,0,4,-1,3,-1,2,-2,0,-2,-2,-2,-3,-2,-5,-2,-6,-1,-6,0,0,0,0,0,0,0,0,0,0]"""
199,"CSI_DATA,198,8c:90:2d:97:93:77,-49,11,1,7,1,0,1,0,1,0,0,-97,0,10,2,7197722,0,83,1,128,0,""[0,0,0,0,0,0,0,0,0,0,0,0,11,-2,14,-3,17,-3,18,-3,18,-3,19,-3,18,-3,16,-3,14,-2,12,-3,9,-2,6,-1,3,-1,0,-1,-2,0,-5,0,-8,0,-10,0,-12,0,-13,0,-14,0,-14,0,-13,0,-13,0,-12,0,-10,0,0,0,-7,0,-5,0,-3,0,-1,0,0,0,2,0,3,0,5,0,6,0,8,0,8,0,8,0,8,1,7,1,7,1,5,1,4,1,3,1,1,1,0,0,0,0,-1,0,-3,0,-4,0,-5,-1,-5,-2,0,0,0,0,0,0,0,0,0,0]"""
200,"CSI_DATA,199,8c:90:2d:97:93:77,-49,11,1,7,1,0,1,0,1,0,0,-97,0,10,2,7207312,0,83,1,128,0,""[0,0,0,0,0,0,0,0,0,0,0,0,11,1,14,2,16,2,17,2,18,2,18,2,17,3,16,2,14,2,11,1,9,1,6,0,3,0,0,-1,-2,-1,-4,-2,-6,-4,-9,-4,-10,-6,-11,-6,-12,-6,-12,-6,-11,-6,-11,-6,-10,-5,-9,-4,0,0,-6,-2,-4,-1,-3,-1,-1,0,0,0,1,1,2,2,3,3,4,4,5,5,5,5,5,5,5,6,5,5,4,5,3,4,2,3,1,3,0,2,0,1,-1,0,-1,0,-2,-1,-2,-3,-3,-3,-2,-5,0,0,0,0,0,0,0,0,0,0]"""
201,"CSI_DATA,200,8c:90:2d:97:93:77,-49,11,1,7,1,0,1,0,1,0,0,-97,0,10,2,7217359,0,83,1,128,0,""[0,0,0,0,0,0,0,0,0,0,0,0,10,-7,12,-8,14,-9,15,-10,16,-10,16,-10,15,-10,14,-9,12,-7,11,-7,8,-5,5,-4,2,-3,0,-1,-2,0,-5,0,-8,0,-10,1,-12,0,-13,0,-14,1,-14,0,-14,1,-13,1,-11,1,-10,1,0,0,-7,0,-5,0,-3,0,-1,0,0,0,2,0,3,0,5,0,6,0,7,0,8,0,8,0,8,1,7,1,6,1,5,1,4,1,3,1,1,1,0,0,0,0,-1,0,-2,0,-3,-1,-4,-2,-4,-3,0,0,0,0,0,0,0,0,0,0]"""
202,"CSI_DATA,201,8c:90:2d:97:93:77,-49,11,1,7,1,0,1,0,1,0,0,-97,0,10,2,7227309,0,83,1,128,0,""[0,0,0,0,0,0,0,0,0,0,0,0,5,12,6,14,8,16,9,16,9,18,8,18,8,17,8,16,7,14,5,12,4,9,3,7,2,3,1,0,0,-3,-1,-6,-1,-9,-2,-11,-2,-13,-2,-14,-2,-15,-2,-15,-2,-14,-2,-14,-2,-12,-2,-11,0,0,-2,-8,-2,-6,-1,-4,-2,-2,-1,1,-1,2,-1,5,-1,6,-2,7,-2,9,-3,9,-3,9,-3,9,-3,8,-3,7,-3,6,-3,5,-3,4,-3,2,-2,1,-2,-1,-1,-2,0,-4,1,-5,2,-5,3,-5,0,0,0,0,0,0,0,0,0,0]"""
203,"CSI_DATA,202,8c:90:2d:97:93:77,-49,11,1,7,1,0,1,0,1,0,0,-97,0,10,2,7237233,0,83,1,128,0,""[0,0,0,0,0,0,0,0,0,0,0,0,10,6,13,7,15,8,17,9,17,10,17,10,16,9,15,9,13,8,11,6,9,5,6,4,3,1,1,-1,-2,-3,-4,-5,-6,-7,-8,-8,-9,-10,-9,-11,-10,-11,-10,-11,-9,-11,-9,-11,-9,-10,-8,-8,0,0,-6,-6,-5,-4,-3,-2,-2,-1,0,1,1,2,2,4,3,6,3,7,4,7,3,8,3,8,3,8,3,8,2,7,1,7,1,5,0,5,-1,3,-1,2,-2,0,-2,-2,-2,-3,-2,-5,-2,-5,-1,-6,0,0,0,0,0,0,0,0,0,0]"""
204,"CSI_DATA,203,8c:90:2d:97:93:77,-49,11,1,7,1,0,1,0,1,0,0,-97,0,10,2,7247787,0,83,1,128,0,""[0,0,0,0,0,0,0,0,0,0,0,0,-11,-6,-14,-7,-17,-8,-18,-8,-19,-9,-18,-9,-18,-8,-17,-8,-15,-7,-13,-6,-10,-5,-7,-4,-5,-2,-2,0,2,2,3,3,5,5,7,6,8,8,9,9,10,9,10,9,9,9,9,9,8,8,7,7,0,0,6,4,4,2,2,1,1,0,-1,-2,-2,-3,-3,-5,-4,-6,-5,-7,-5,-8,-5,-8,-5,-9,-5,-9,-4,-9,-4,-8,-3,-7,-2,-6,-2,-5,-1,-4,0,-3,1,-1,1,1,1,2,1,3,1,4,1,5,0,0,0,0,0,0,0,0,0,0]"""
205,"CSI_DATA,204,8c:90:2d:97:93:77,-49,11,1,7,1,0,1,0,1,0,0,-97,0,10,2,7257195,0,83,1,128,0,""[0,0,0,0,0,0,0,0,0,0,0,0,10,8,12,9,15,10,16,11,16,12,16,12,15,11,14,11,12,9,10,8,8,6,6,4,3,2,0,-1,-2,-3,-3,-5,-5,-8,-6,-9,-7,-11,-8,-12,-8,-12,-8,-13,-8,-12,-8,-12,-7,-11,-7,-9,0,0,-5,-6,-4,-5,-3,-3,-2,-2,-1,1,0,3,1,5,1,6,1,7,2,8,2,9,2,9,2,9,1,8,1,8,0,7,0,6,-1,4,-1,3,-2,2,-2,0,-2,-2,-2,-3,-2,-4,-1,-6,0,-6,0,0,0,0,0,0,0,0,0,0]"""
206,"CSI_DATA,205,8c:90:2d:97:93:77,-49,11,1,7,1,0,1,0,1,0,0,-97,0,10,2,7267166,0,83,1,128,0,""[0,0,0,0,0,0,0,0,0,0,0,0,8,-9,10,-11,10,-12,12,-13,12,-14,12,-15,12,-13,11,-13,9,-11,7,-9,6,-7,4,-5,1,-3,0,-1,-2,0,-4,1,-7,3,-8,5,-10,5,-11,6,-11,6,-11,6,-11,6,-10,6,-9,6,-8,5,0,0,-5,3,-3,2,-2,1,0,0,0,0,1,-1,3,-2,4,-2,6,-3,6,-3,7,-3,7,-3,7,-3,7,-3,6,-2,6,-1,4,-1,3,0,2,0,1,0,0,0,0,0,-2,1,-3,0,-4,0,-5,0,0,0,0,0,0,0,0,0,0,0]"""
207,"CSI_DATA,206,8c:90:2d:97:93:77,-49,11,1,7,1,0,1,0,1,0,0,-97,0,10,2,7277263,0,83,1,128,0,""[0,0,0,0,0,0,0,0,0,0,0,0,-11,-3,-14,-3,-16,-4,-18,-4,-18,-4,-18,-4,-18,-4,-16,-4,-15,-3,-12,-3,-10,-2,-7,-1,-4,0,-1,0,0,1,2,2,5,4,7,4,8,6,9,6,9,7,10,7,9,7,9,6,8,5,7,5,0,0,5,3,3,1,1,0,0,0,0,-1,-1,-2,-3,-4,-3,-5,-4,-6,-4,-6,-5,-7,-5,-7,-4,-8,-4,-7,-3,-7,-2,-6,-2,-5,-1,-4,0,-3,0,-2,0,0,0,0,0,1,0,2,0,3,0,4,0,0,0,0,0,0,0,0,0,0]"""
208,"CSI_DATA,207,8c:90:2d:97:93:77,-49,11,1,7,1,0,1,0,1,0,0,-97,0,10,2,7287247,0,83,1,128,0,""[0,0,0,0,0,0,0,0,0,0,0,0,12,-2,14,-2,16,-3,16,-3,18,-3,17,-3,17,-3,16,-2,14,-2,13,-2,9,-1,6,-1,3,-1,0,-1,-2,-1,-5,-1,-8,-2,-10,-1,-11,-3,-13,-3,-13,-3,-13,-3,-13,-3,-13,-3,-12,-2,-10,-2,0,0,-7,-1,-5,0,-3,0,-1,0,0,0,1,1,3,1,4,2,5,2,6,3,6,4,7,4,6,4,5,4,5,4,4,4,3,3,1,2,0,2,0,1,0,0,-1,0,-2,-1,-2,-2,-3,-3,-3,-4,0,0,0,0,0,0,0,0,0,0]"""
209,"CSI_DATA,208,8c:90:2d:97:93:77,-49,11,1,7,1,0,1,0,1,0,0,-97,0,10,2,7297596,0,83,1,128,0,""[0,0,0,0,0,0,0,0,0,0,0,0,-11,5,-13,6,-15,7,-16,8,-17,9,-17,9,-17,8,-16,7,-14,6,-12,5,-9,4,-6,2,-3,1,0,0,2,0,4,-1,7,-2,9,-3,11,-3,12,-3,12,-3,12,-3,12,-4,11,-4,10,-3,9,-3,0,0,5,-3,4,-2,2,-1,0,0,-1,0,-3,0,-5,0,-6,0,-8,0,-9,0,-9,0,-9,0,-9,0,-9,0,-8,0,-7,0,-6,0,-4,-1,-3,-1,-1,-1,0,-1,0,-1,1,-1,3,0,4,0,4,0,0,0,0,0,0,0,0,0,0,0]"""
210,"CSI_DATA,209,8c:90:2d:97:93:77,-49,11,1,7,1,0,1,0,1,0,0,-97,0,10,2,7307281,0,83,1,128,0,""[0,0,0,0,0,0,0,0,0,0,0,0,4,12,6,15,7,16,8,18,8,18,8,18,7,18,7,16,6,14,5,12,4,9,3,7,2,4,0,0,-1,-3,-1,-6,-1,-9,-3,-11,-3,-13,-3,-14,-3,-14,-3,-15,-3,-14,-3,-14,-3,-13,-3,-11,0,0,-3,-8,-2,-6,-2,-4,-1,-2,-1,1,-1,3,0,5,0,6,-1,8,0,8,-1,9,-1,9,-1,9,-1,9,-2,8,-2,7,-2,6,-2,4,-2,3,-2,1,-2,-1,-2,-2,-1,-4,-1,-5,0,-6,1,-6,0,0,0,0,0,0,0,0,0,0]"""
211,"CSI_DATA,210,8c:90:2d:97:93:77,-49,11,1,7,1,0,1,0,1,0,0,-97,0,10,2,7318140,0,83,1,128,0,""[0,0,0,0,0,0,0,0,0,0,0,0,5,11,5,14,7,15,8,16,8,18,8,18,8,17,7,16,6,14,5,12,4,9,3,7,2,3,0,0,-1,-3,-1,-6,-2,-9,-3,-11,-4,-13,-4,-14,-4,-14,-4,-14,-4,-14,-5,-13,-4,-12,-4,-11,0,0,-4,-7,-3,-6,-2,-4,-1,-2,-1,1,0,3,1,5,1,6,1,7,1,9,1,9,1,9,1,9,0,9,0,8,0,7,-1,5,-1,4,-2,3,-2,1,-2,0,-2,-2,-2,-3,-2,-4,-1,-6,0,-6,0,0,0,0,0,0,0,0,0,0]"""
212,"CSI_DATA,211,8c:90:2d:97:93:77,-49,11,1,7,1,0,1,0,1,0,0,-97,0,10,2,7327218,0,83,1,128,0,""[0,0,0,0,0,0,0,0,0,0,0,0,3,-12,3,-15,3,-16,4,-17,4,-19,4,-19,4,-18,4,-17,3,-15,2,-13,2,-10,0,-7,0,-4,0,-1,-1,0,-3,4,-4,6,-5,8,-6,9,-6,10,-6,11,-6,11,-6,11,-6,11,-5,9,-4,8,0,0,-2,5,-2,4,0,2,0,0,0,0,0,-2,2,-4,2,-4,4,-6,4,-7,4,-7,5,-7,5,-7,5,-6,5,-6,4,-4,3,-3,3,-2,2,-1,1,0,0,0,0,0,-1,1,-2,2,-3,2,-4,2,0,0,0,0,0,0,0,0,0,0]"""
213,"CSI_DATA,212,8c:90:2d:97:93:77,-49,11,1,7,1,0,1,0,1,0,0,-97,0,10,2,7337350,0,83,1,128,0,""[0,0,0,0,0,0,0,0,0,0,0,0,-10,-10,-12,-12,-14,-13,-15,-14,-15,-14,-15,-14,-15,-14,-14,-13,-12,-12,-10,-10,-8,-8,-7,-6,-4,-3,-2,-1,1,2,2,4,4,7,6,8,7,10,7,11,8,11,8,12,7,11,7,11,7,9,6,8,0,0,5,5,3,4,2,2,1,0,-1,-2,-2,-3,-3,-5,-4,-6,-4,-8,-4,-9,-4,-9,-4,-9,-4,-9,-3,-9,-3,-9,-3,-8,-2,-7,-1,-6,0,-4,0,-3,1,-1,1,1,1,2,2,3,1,4,0,5,0,0,0,0,0,0,0,0,0,0]"""
214,"CSI_DATA,213,8c:90:2d:97:93:77,-49,11,1,7,1,0,1,0,1,0,0,-97,0,10,2,7347861,0,83,1,128,0,""[0,0,0,0,0,0,0,0,0,0,0,0,7,9,10,11,12,12,13,13,13,13,13,14,13,13,12,12,10,11,9,9,7,7,5,5,3,2,0,0,-2,-3,-3,-6,-4,-8,-5,-9,-7,-11,-7,-12,-7,-12,-7,-13,-7,-12,-7,-12,-7,-11,-6,-10,0,0,-5,-6,-4,-5,-3,-3,-2,-1,0,1,0,2,1,4,2,6,2,7,2,8,2,8,2,9,2,8,1,8,1,7,0,6,0,5,-1,4,-1,3,-2,2,-2,0,-2,-2,-2,-3,-2,-4,-1,-5,0,-6,0,0,0,0,0,0,0,0,0,0]"""
215,"CSI_DATA,214,8c:90:2d:97:93:77,-49,11,1,7,1,0,1,0,1,0,0,-97,0,10,2,7357223,0,83,1,128,0,""[0,0,0,0,0,0,0,0,0,0,0,0,0,-14,0,-17,0,-18,-1,-19,-1,-21,0,-21,0,-20,0,-18,0,-16,0,-14,0,-11,-1,-8,-1,-5,-1,-2,-1,2,-2,5,-3,8,-3,10,-3,12,-4,13,-3,13,-4,13,-4,13,-3,13,-3,11,-2,10,0,0,-1,7,-1,5,-1,3,0,1,0,-2,1,-4,1,-5,2,-7,3,-8,3,-9,3,-9,4,-9,4,-9,4,-8,4,-8,3,-7,3,-6,3,-4,2,-3,2,-2,1,0,0,1,-1,3,-2,3,-3,4,-4,4,0,0,0,0,0,0,0,0,0,0]"""
216,"CSI_DATA,215,8c:90:2d:97:93:77,-49,11,1,7,1,0,1,0,1,0,0,-97,0,10,2,7367178,0,83,1,128,0,""[0,0,0,0,0,0,0,0,0,0,0,0,9,-8,11,-10,13,-11,14,-11,14,-12,15,-12,14,-12,13,-11,11,-9,10,-8,7,-6,5,-4,2,-3,0,-1,-2,0,-5,1,-7,2,-9,3,-11,4,-12,4,-12,5,-13,5,-13,5,-12,4,-11,4,-9,4,0,0,-6,2,-4,2,-2,1,0,0,0,0,2,0,4,-1,5,-1,6,-2,7,-2,8,-2,8,-1,8,-1,8,-1,7,-1,6,0,5,0,3,0,2,0,0,0,0,0,-1,0,-2,0,-3,0,-5,0,-5,0,0,0,0,0,0,0,0,0,0,0]"""
217,"CSI_DATA,216,8c:90:2d:97:93:77,-49,11,1,7,1,0,1,0,1,0,0,-97,0,10,2,7377314,0,83,1,128,0,""[0,0,0,0,0,0,0,0,0,0,0,0,-11,-5,-13,-6,-16,-7,-17,-8,-18,-8,-18,-8,-17,-8,-16,-7,-14,-6,-12,-5,-9,-4,-7,-3,-4,-1,-1,0,0,1,2,3,4,5,5,6,7,8,8,8,8,9,8,9,8,9,7,9,7,8,6,7,0,0,4,4,3,2,1,1,0,0,0,-1,-1,-3,-2,-5,-2,-6,-3,-7,-3,-8,-3,-8,-3,-9,-2,-9,-2,-8,-1,-8,-1,-7,0,-5,0,-5,0,-3,0,-2,0,0,0,0,0,1,0,3,0,3,0,4,0,0,0,0,0,0,0,0,0,0]"""
218,"CSI_DATA,217,8c:90:2d:97:93:77,-49,11,1,7,1,0,1,0,1,0,0,-97,0,10,2,7387213,0,83,1,128,0,""[0,0,0,0,0,0,0,0,0,0,0,0,9,4,12,5,15,6,16,7,17,7,16,7,16,7,15,7,13,6,11,5,8,4,6,2,3,0,0,0,-1,-2,-3,-4,-4,-6,-6,-7,-7,-9,-8,-10,-9,-10,-8,-10,-8,-10,-8,-10,-7,-9,-7,-8,0,0,-5,-5,-3,-3,-2,-2,-1,0,0,0,0,2,0,3,1,5,1,6,1,7,1,7,1,8,1,8,0,7,0,7,0,6,0,4,0,3,0,2,0,1,-1,0,-1,-1,0,-2,0,-4,0,-4,0,-5,0,0,0,0,0,0,0,0,0,0]"""
219,"CSI_DATA,218,8c:90:2d:97:93:77,-49,11,1,7,1,0,1,0,1,0,0,-97,0,10,2,7397742,0,83,1,128,0,""[0,0,0,0,0,0,0,0,0,0,0,0,9,8,12,10,14,11,15,11,16,12,15,12,15,11,14,11,13,9,11,8,8,7,6,4,3,2,0,0,-2,-3,-3,-5,-5,-7,-7,-9,-8,-10,-10,-11,-10,-11,-10,-12,-10,-11,-9,-11,-8,-10,-8,-9,0,0,-6,-6,-5,-4,-3,-2,-2,-1,0,1,1,2,2,4,3,5,4,6,4,7,4,8,4,8,4,8,3,8,3,7,2,6,1,5,1,4,0,3,-1,2,-2,0,-2,-1,-3,-3,-3,-4,-3,-5,-2,-6,0,0,0,0,0,0,0,0,0,0]"""
220,"CSI_DATA,219,8c:90:2d:97:93:77,-49,11,1,7,1,0,1,0,1,0,0,-97,0,10,2,7407170,0,83,1,128,0,""[0,0,0,0,0,0,0,0,0,0,0,0,7,9,10,11,12,12,13,13,13,15,13,14,12,14,12,12,10,11,8,9,7,7,5,5,3,2,0,0,-2,-3,-2,-5,-4,-8,-5,-9,-6,-11,-7,-12,-7,-12,-7,-13,-7,-13,-7,-12,-6,-11,-6,-10,0,0,-5,-6,-4,-5,-2,-3,-2,-1,0,1,1,3,1,4,2,6,2,7,2,8,2,8,2,9,2,8,1,8,1,8,0,7,0,5,-1,4,-1,3,-1,2,-2,0,-2,-2,-2,-3,-2,-4,-1,-6,-1,-6,0,0,0,0,0,0,0,0,0,0]"""
221,"CSI_DATA,220,8c:90:2d:97:93:77,-49,11,1,7,1,0,1,0,1,0,0,-97,0,10,2,7417307,0,83,1,128,0,""[0,0,0,0,0,0,0,0,0,0,0,0,4,-13,4,-16,4,-17,5,-18,5,-20,5,-20,5,-19,4,-18,3,-16,3,-14,3,-11,1,-8,0,-5,-1,-2,-2,1,-4,4,-5,7,-6,9,-7,10,-7,11,-7,11,-8,12,-8,12,-7,11,-7,10,-6,9,0,0,-4,6,-3,4,-1,3,0,1,0,-1,1,-3,3,-4,3,-6,5,-7,5,-7,6,-7,6,-7,6,-7,6,-7,6,-6,5,-5,5,-4,4,-3,3,-2,2,-1,1,1,-1,2,-2,2,-3,2,-4,3,-5,2,0,0,0,0,0,0,0,0,0,0]"""
222,"CSI_DATA,221,8c:90:2d:97:93:77,-49,11,1,7,1,0,1,0,1,0,0,-97,0,10,2,7430084,0,83,1,128,0,""[0,0,0,0,0,0,0,0,0,0,0,0,4,-13,5,-15,5,-16,5,-16,6,-18,6,-17,6,-17,6,-16,5,-14,4,-12,3,-10,1,-7,0,-4,0,-1,-2,0,-4,2,-6,4,-7,6,-8,7,-9,8,-10,8,-10,8,-10,9,-9,8,-8,7,-7,6,0,0,-4,4,-3,3,-1,2,0,0,0,0,1,-1,3,-2,5,-2,6,-3,7,-3,8,-3,8,-3,8,-3,7,-2,7,-2,6,-1,5,0,3,0,2,0,1,0,0,0,-1,0,-2,0,-3,0,-5,0,-5,0,0,0,0,0,0,0,0,0,0,0]"""
223,"CSI_DATA,222,8c:90:2d:97:93:77,-49,11,1,7,1,0,1,0,1,0,0,-97,0,10,2,7437408,0,83,1,128,0,""[0,0,0,0,0,0,0,0,0,0,0,0,-9,8,-11,10,-11,11,-12,12,-13,13,-13,13,-13,12,-12,11,-11,10,-9,8,-7,6,-5,4,-2,2,0,0,1,0,4,-1,6,-2,8,-4,10,-4,11,-4,11,-5,12,-5,11,-4,11,-4,9,-4,8,-4,0,0,5,-3,3,-2,2,-2,0,-1,0,0,-3,0,-4,0,-6,0,-7,0,-9,0,-9,0,-9,0,-9,0,-8,-1,-8,-1,-7,-1,-5,-1,-4,-1,-2,-1,-1,-1,0,-1,0,0,1,0,2,0,3,0,3,1,0,0,0,0,0,0,0,0,0,0]"""
224,"CSI_DATA,223,8c:90:2d:97:93:77,-49,11,1,7,1,0,1,0,1,0,1,-97,0,10,2,7447919,0,83,1,128,0,""[0,0,0,0,0,0,0,0,0,0,0,0,7,-10,9,-12,10,-13,11,-14,11,-16,12,-15,11,-15,10,-14,9,-13,7,-11,6,-8,4,-6,1,-4,0,-1,-2,0,-4,2,-6,4,-8,6,-9,7,-10,7,-10,8,-11,8,-11,8,-10,8,-9,7,-8,6,0,0,-5,4,-3,3,-2,1,0,0,0,0,1,-1,3,-3,4,-3,5,-5,6,-5,6,-5,7,-5,7,-5,7,-4,6,-4,5,-2,4,-2,3,-1,2,0,1,0,0,0,0,1,-1,1,-3,1,-4,1,-5,1,0,0,0,0,0,0,0,0,0,0]"""
225,"CSI_DATA,224,8c:90:2d:97:93:77,-49,11,1,7,1,0,1,0,1,0,1,-97,0,10,2,7457288,0,83,1,128,0,""[0,0,0,0,0,0,0,0,0,0,0,0,-9,10,-11,12,-12,13,-12,14,-13,15,-13,15,-12,15,-12,14,-10,12,-9,11,-7,8,-5,5,-3,3,0,1,2,-2,4,-4,6,-6,8,-7,9,-8,10,-8,10,-9,10,-9,11,-9,10,-9,9,-8,7,-8,0,0,5,-6,3,-5,2,-3,0,-2,-1,-1,-3,1,-5,2,-6,3,-8,4,-9,4,-9,4,-9,4,-9,4,-9,3,-8,3,-7,2,-7,1,-5,0,-4,-1,-3,-1,-1,-2,0,-2,2,-3,3,-2,4,-2,5,-2,0,0,0,0,0,0,0,0,0,0]"""
226,"CSI_DATA,225,8c:90:2d:97:93:77,-49,11,1,7,1,0,1,0,1,0,1,-97,0,10,2,7467168,0,83,1,128,0,""[0,0,0,0,0,0,0,0,0,0,0,0,-8,11,-9,14,-10,15,-11,16,-11,17,-12,17,-11,16,-11,15,-9,13,-8,11,-6,9,-5,6,-2,4,0,1,2,-1,5,-4,7,-5,8,-7,10,-8,11,-8,11,-8,12,-8,11,-9,11,-8,9,-8,8,-7,0,0,5,-5,4,-4,2,-3,0,-2,-2,-1,-3,0,-6,1,-7,1,-8,2,-9,2,-10,2,-10,2,-10,1,-10,1,-9,0,-8,0,-7,-1,-5,-1,-4,-1,-3,-2,-1,-2,1,-2,2,-1,4,-1,5,0,5,1,0,0,0,0,0,0,0,0,0,0]"""
227,"CSI_DATA,226,8c:90:2d:97:93:77,-49,11,1,7,1,0,1,0,1,0,1,-97,0,10,2,7477183,0,83,1,128,0,""[0,0,0,0,0,0,0,0,0,0,0,0,13,0,16,0,18,0,19,0,20,0,20,0,19,0,18,0,16,0,14,0,11,0,7,0,4,-1,0,-2,-3,-3,-6,-3,-8,-4,-10,-4,-12,-6,-13,-7,-13,-7,-14,-7,-13,-6,-13,-6,-12,-5,-11,-5,0,0,-8,-3,-6,-2,-4,-1,-2,-1,0,1,2,2,3,3,4,4,5,5,6,6,6,7,6,7,6,7,5,7,5,6,4,6,3,5,1,4,1,3,-1,2,-1,0,-2,-1,-3,-2,-3,-4,-3,-5,-2,-6,0,0,0,0,0,0,0,0,0,0]"""
228,"CSI_DATA,227,8c:90:2d:97:93:77,-49,11,1,7,1,0,1,0,1,0,1,-97,0,10,2,7487283,0,83,1,128,0,""[0,0,0,0,0,0,0,0,0,0,0,0,-12,-6,-15,-6,-18,-7,-19,-7,-19,-8,-19,-8,-19,-7,-17,-7,-15,-6,-13,-5,-10,-5,-8,-4,-5,-2,-2,0,1,2,3,3,5,6,7,7,8,9,9,9,10,9,10,10,9,10,9,9,8,8,7,7,0,0,5,5,4,3,2,1,1,0,-1,-2,-2,-4,-3,-5,-3,-7,-4,-7,-4,-9,-4,-9,-4,-10,-3,-10,-3,-9,-2,-9,-2,-8,-1,-6,-1,-6,0,-4,0,-3,1,-1,1,1,1,2,0,4,0,4,-1,5,0,0,0,0,0,0,0,0,0,0]"""
229,"CSI_DATA,228,8c:90:2d:97:93:77,-49,11,1,7,1,0,1,0,1,0,1,-97,0,10,2,7497649,0,83,1,128,0,""[0,0,0,0,0,0,0,0,0,0,0,0,-10,-8,-13,-10,-15,-11,-16,-12,-17,-13,-17,-13,-16,-12,-15,-12,-13,-10,-11,-9,-9,-7,-7,-5,-4,-3,-2,0,1,2,2,4,4,6,6,8,6,10,7,11,8,11,8,11,8,11,7,11,7,9,6,8,0,0,4,5,3,3,2,2,1,0,0,-2,-1,-4,-2,-6,-3,-7,-3,-8,-4,-9,-3,-9,-3,-10,-3,-10,-3,-9,-2,-9,-2,-7,-1,-6,0,-5,0,-4,0,-3,1,-1,1,1,1,2,1,3,0,5,-1,5,0,0,0,0,0,0,0,0,0,0]"""
230,"CSI_DATA,229,8c:90:2d:97:93:77,-49,11,1,7,1,0,1,0,1,0,1,-97,0,10,2,7507300,0,83,1,128,0,""[0,0,0,0,0,0,0,0,0,0,0,0,7,10,9,13,12,14,12,15,13,16,12,16,12,15,11,14,10,12,8,11,6,8,5,6,3,3,0,0,-2,-3,-2,-6,-3,-8,-5,-10,-6,-12,-7,-13,-7,-13,-7,-14,-7,-14,-7,-13,-6,-11,-6,-10,0,0,-5,-7,-3,-5,-2,-3,-2,-1,0,1,0,3,1,5,1,6,2,7,2,8,2,9,2,9,1,9,1,9,1,8,0,7,0,6,-1,5,-1,3,-2,2,-2,0,-2,-2,-2,-3,-2,-5,-1,-6,-1,-6,0,0,0,0,0,0,0,0,0,0]"""
231,"CSI_DATA,230,8c:90:2d:97:93:77,-49,11,1,7,1,0,1,0,1,0,1,-97,0,10,2,7517414,0,83,1,128,0,""[0,0,0,0,0,0,0,0,0,0,0,0,-9,7,-11,10,-13,10,-14,12,-14,12,-15,13,-14,11,-13,11,-12,9,-10,8,-7,6,-5,4,-2,2,0,0,1,0,4,-2,7,-3,8,-4,10,-5,11,-5,11,-5,11,-5,11,-6,10,-5,9,-5,8,-5,0,0,5,-3,3,-3,1,-2,0,0,-1,0,-3,0,-4,0,-6,0,-8,0,-8,1,-9,1,-9,0,-9,0,-9,0,-8,0,-7,0,-5,0,-4,0,-3,-1,-1,-1,0,-1,0,-1,1,-1,3,0,4,0,4,0,0,0,0,0,0,0,0,0,0,0]"""
232,"CSI_DATA,231,8c:90:2d:97:93:77,-49,11,1,7,1,0,1,0,1,0,1,-97,0,10,2,7527521,0,83,1,128,0,""[0,0,0,0,0,0,0,0,0,0,0,0,0,-13,1,-16,0,-17,0,-19,0,-19,1,-20,0,-19,0,-18,0,-15,0,-13,0,-10,0,-7,0,-4,0,-1,-1,1,-2,4,-3,7,-3,9,-4,10,-4,11,-4,12,-5,12,-4,12,-4,11,-4,10,-3,9,0,0,-1,6,-1,4,0,2,0,0,0,0,0,-2,1,-4,2,-5,3,-7,3,-7,4,-7,4,-7,4,-7,4,-7,4,-6,4,-5,3,-4,2,-2,1,-1,1,0,0,0,0,0,-1,1,-1,2,-3,2,-4,2,0,0,0,0,0,0,0,0,0,0]"""
233,"CSI_DATA,232,8c:90:2d:97:93:77,-49,11,1,7,1,0,1,0,1,0,1,-97,0,10,2,7537322,0,83,1,128,0,""[0,0,0,0,0,0,0,0,0,0,0,0,-7,-12,-8,-15,-10,-16,-11,-17,-11,-18,-11,-18,-10,-17,-10,-16,-9,-14,-8,-12,-6,-10,-5,-7,-3,-4,-2,-1,0,2,0,5,1,8,2,10,3,12,3,12,3,13,3,14,3,13,3,12,3,11,3,10,0,0,2,6,2,5,1,3,1,1,0,-2,-1,-4,-1,-6,-1,-7,-1,-8,-1,-10,0,-10,-1,-10,0,-10,0,-9,0,-9,1,-8,1,-7,1,-5,1,-4,1,-2,1,-1,1,1,0,2,0,4,-1,5,-2,5,0,0,0,0,0,0,0,0,0,0]"""
234,"CSI_DATA,233,8c:90:2d:97:93:77,-49,11,1,7,1,0,1,0,1,0,0,-97,0,10,2,7547823,0,83,1,128,0,""[0,0,0,0,0,0,0,0,0,0,0,0,-11,5,-13,7,-15,8,-16,8,-17,9,-17,9,-17,8,-16,7,-13,6,-11,5,-9,4,-6,2,-3,1,0,0,2,0,4,-1,7,-1,9,-2,11,-2,12,-2,12,-2,13,-2,12,-2,12,-2,10,-2,9,-2,0,0,6,-2,4,-1,1,-1,0,0,-1,0,-3,0,-5,0,-6,0,-8,0,-9,0,-9,0,-9,-1,-9,-1,-8,-1,-8,-1,-6,-2,-5,-1,-4,-1,-2,-1,-1,-1,0,-1,0,0,2,0,2,0,3,0,4,1,0,0,0,0,0,0,0,0,0,0]"""
235,"CSI_DATA,234,8c:90:2d:97:93:77,-49,11,1,7,1,0,1,0,1,0,0,-97,0,10,2,7557260,0,83,1,128,0,""[0,0,0,0,0,0,0,0,0,0,0,0,1,13,2,15,3,18,3,18,4,20,3,20,3,19,2,18,2,15,2,13,2,10,1,7,1,4,0,0,0,-3,1,-6,1,-9,1,-11,1,-13,1,-14,1,-15,1,-15,1,-15,1,-14,1,-12,0,-11,0,0,-1,-8,-1,-6,-1,-4,-1,-2,-1,0,-1,2,-2,4,-3,6,-4,7,-4,8,-4,8,-5,8,-4,8,-5,8,-5,7,-5,6,-4,5,-4,3,-3,2,-2,1,-2,-1,-1,-3,0,-4,1,-4,2,-5,4,-5,0,0,0,0,0,0,0,0,0,0]"""
236,"CSI_DATA,235,8c:90:2d:97:93:77,-49,11,1,7,1,0,1,0,1,0,0,-97,0,10,2,7567247,0,83,1,128,0,""[0,0,0,0,0,0,0,0,0,0,0,0,-12,-5,-15,-6,-18,-6,-19,-7,-19,-7,-19,-7,-18,-7,-17,-6,-15,-6,-13,-5,-11,-4,-8,-3,-5,-1,-1,0,2,2,3,3,6,4,8,5,10,7,10,8,11,8,11,8,11,7,10,7,9,6,8,6,0,0,6,3,4,2,3,1,1,0,-1,-2,-3,-3,-4,-5,-5,-6,-5,-6,-6,-7,-6,-8,-6,-8,-6,-8,-5,-8,-5,-7,-4,-7,-3,-6,-2,-5,-1,-4,0,-3,0,-1,1,0,2,2,2,3,2,4,1,5,0,0,0,0,0,0,0,0,0,0]"""
237,"CSI_DATA,236,8c:90:2d:97:93:77,-49,11,1,7,1,0,1,0,1,0,0,-97,0,10,2,7577187,0,83,1,128,0,""[0,0,0,0,0,0,0,0,0,0,0,0,11,3,14,3,17,4,18,4,19,5,19,4,18,4,17,4,14,4,12,3,10,2,7,2,4,0,0,-1,-3,-3,-4,-4,-7,-5,-9,-6,-10,-8,-12,-8,-12,-8,-12,-9,-12,-8,-12,-8,-10,-7,-10,-6,0,0,-7,-4,-5,-3,-3,-2,-2,-1,0,1,2,2,3,3,4,4,5,5,5,6,5,7,5,7,5,7,5,7,4,7,3,6,2,5,1,4,0,3,-1,2,-1,1,-2,-1,-3,-3,-3,-4,-3,-5,-2,-6,0,0,0,0,0,0,0,0,0,0]"""
238,"CSI_DATA,237,8c:90:2d:97:93:77,-49,11,1,7,1,0,1,0,1,0,0,-97,0,10,2,7587423,0,83,1,128,0,""[0,0,0,0,0,0,0,0,0,0,0,0,-4,12,-4,15,-4,16,-4,17,-5,19,-5,19,-5,18,-5,16,-4,14,-4,13,-3,10,-2,7,-1,4,0,1,1,-2,3,-5,4,-8,5,-10,6,-11,6,-11,6,-12,7,-12,7,-13,6,-12,6,-11,4,-10,0,0,2,-7,2,-6,0,-4,-1,-2,-1,0,-3,1,-4,3,-5,4,-6,5,-7,6,-7,6,-8,6,-7,6,-7,5,-7,4,-6,3,-6,2,-5,1,-4,1,-3,0,-1,-2,0,-2,1,-3,2,-3,4,-3,5,-3,0,0,0,0,0,0,0,0,0,0]"""
239,"CSI_DATA,238,8c:90:2d:97:93:77,-49,11,1,7,1,0,1,0,1,0,0,-97,0,10,2,7597683,0,83,1,128,0,""[0,0,0,0,0,0,0,0,0,0,0,0,12,-2,14,-3,16,-3,16,-3,18,-4,17,-4,17,-3,16,-3,14,-3,12,-3,9,-2,6,-1,3,-1,0,-1,-2,-1,-5,-1,-8,-1,-10,-1,-12,-2,-13,-2,-13,-2,-14,-2,-14,-2,-13,-2,-11,-1,-10,-1,0,0,-7,0,-5,0,-3,0,-1,0,0,0,1,0,3,1,4,1,6,2,6,3,7,3,7,3,7,4,6,3,5,4,4,3,3,3,2,2,0,1,0,1,0,0,-1,0,-2,-1,-3,-2,-3,-3,-3,-4,0,0,0,0,0,0,0,0,0,0]"""
240,"CSI_DATA,239,8c:90:2d:97:93:77,-49,11,1,7,1,0,1,0,1,0,0,-97,0,10,2,7607259,0,83,1,128,0,""[0,0,0,0,0,0,0,0,0,0,0,0,-8,9,-10,11,-11,13,-12,13,-12,14,-13,14,-12,14,-11,12,-10,11,-9,9,-6,7,-4,4,-2,3,0,0,2,0,4,-2,6,-3,8,-5,10,-5,11,-6,11,-6,11,-6,11,-6,11,-6,9,-5,8,-5,0,0,5,-3,3,-3,1,-2,0,-1,-1,0,-3,0,-4,0,-6,0,-8,0,-9,0,-9,0,-9,0,-9,0,-9,0,-8,0,-7,0,-6,-1,-4,0,-3,-1,-1,-1,0,-1,0,0,1,0,2,0,4,0,4,0,0,0,0,0,0,0,0,0,0,0]"""
241,"CSI_DATA,240,8c:90:2d:97:93:77,-49,11,1,7,1,0,1,0,1,0,0,-97,0,10,2,7617293,0,83,1,128,0,""[0,0,0,0,0,0,0,0,0,0,0,0,-13,-4,-15,-3,-19,-4,-19,-4,-21,-5,-20,-4,-19,-4,-18,-4,-16,-3,-14,-3,-11,-3,-8,-2,-5,-1,-1,0,2,1,4,2,7,3,9,3,10,5,12,5,12,5,13,5,13,5,12,5,11,4,10,3,0,0,7,2,5,1,3,0,1,-1,-1,-2,-3,-2,-5,-3,-6,-4,-7,-4,-8,-5,-8,-6,-8,-6,-8,-6,-7,-6,-7,-6,-6,-5,-5,-5,-4,-4,-2,-4,-1,-3,0,-2,2,-1,2,1,3,2,4,3,3,4,0,0,0,0,0,0,0,0,0,0]"""
242,"CSI_DATA,241,8c:90:2d:97:93:77,-49,11,1,7,1,0,1,0,1,0,0,-97,0,10,2,7627239,0,83,1,128,0,""[0,0,0,0,0,0,0,0,0,0,0,0,9,-7,11,-9,13,-10,14,-11,14,-11,15,-12,14,-11,13,-10,11,-9,9,-8,7,-6,4,-4,2,-3,0,-1,-2,0,-5,1,-7,2,-9,3,-11,3,-12,4,-12,4,-13,4,-12,4,-12,4,-11,3,-9,3,0,0,-6,2,-4,2,-2,1,0,0,0,0,1,0,3,-1,5,-1,6,-2,7,-2,8,-2,8,-1,8,-1,7,0,7,0,6,0,5,0,3,0,2,0,0,0,0,0,-1,0,-2,0,-3,0,-5,0,-5,0,0,0,0,0,0,0,0,0,0,0]"""
243,"CSI_DATA,242,8c:90:2d:97:93:77,-49,11,1,7,1,0,1,0,1,0,0,-97,0,10,2,7638546,0,83,1,128,0,""[0,0,0,0,0,0,0,0,0,0,0,0,9,-7,12,-9,13,-9,15,-10,15,-11,15,-11,15,-11,14,-9,12,-8,10,-7,7,-6,5,-4,2,-3,0,-1,-2,0,-5,1,-8,2,-9,3,-11,3,-12,3,-13,4,-13,4,-12,4,-12,4,-10,4,-9,3,0,0,-6,2,-4,2,-2,1,0,0,0,0,2,0,3,-1,5,-1,7,-2,7,-2,8,-2,8,-1,8,-1,8,-1,7,0,6,0,5,0,3,0,2,0,0,0,0,0,-1,0,-2,0,-3,0,-5,0,-5,0,0,0,0,0,0,0,0,0,0,0]"""
244,"CSI_DATA,243,8c:90:2d:97:93:77,-49,11,1,7,1,0,1,0,1,0,0,-97,0,10,2,7647707,0,83,1,128,0,""[0,0,0,0,0,0,0,0,0,0,0,0,-12,0,-15,0,-18,0,-19,0,-20,0,-20,0,-19,0,-18,0,-15,0,-13,0,-10,0,-7,0,-4,0,0,0,1,0,4,0,7,0,9,0,11,1,12,1,12,1,13,1,13,1,12,0,11,0,9,0,0,0,6,0,4,0,2,0,0,0,0,0,-3,-1,-4,-1,-6,-2,-7,-2,-8,-2,-9,-3,-8,-3,-8,-3,-8,-3,-7,-3,-6,-3,-4,-3,-3,-2,-2,-2,-1,-2,0,-1,0,0,2,0,2,0,3,1,3,2,0,0,0,0,0,0,0,0,0,0]"""
245,"CSI_DATA,244,8c:90:2d:97:93:77,-49,11,1,7,1,0,1,0,1,0,0,-97,0,10,2,7657271,0,83,1,128,0,""[0,0,0,0,0,0,0,0,0,0,0,0,4,12,5,15,7,16,8,17,8,19,8,18,7,17,7,16,6,15,5,12,4,9,3,7,2,3,0,0,-1,-3,-1,-6,-2,-9,-3,-11,-3,-13,-3,-14,-3,-15,-3,-15,-3,-15,-3,-14,-3,-13,-3,-11,0,0,-3,-8,-2,-6,-2,-4,-2,-1,-1,1,0,3,0,5,0,6,-1,8,0,9,0,9,-1,9,-1,9,-1,9,-1,8,-2,7,-2,5,-2,4,-2,3,-2,1,-2,-1,-2,-2,-2,-4,-1,-5,0,-6,1,-6,0,0,0,0,0,0,0,0,0,0]"""
246,"CSI_DATA,245,8c:90:2d:97:93:77,-49,11,1,7,1,0,1,0,1,0,0,-97,0,10,2,7667191,0,83,1,128,0,""[0,0,0,0,0,0,0,0,0,0,0,0,5,12,6,14,8,15,8,17,9,18,8,18,8,17,7,15,6,14,5,12,4,9,3,6,2,3,0,0,-1,-3,-1,-6,-2,-9,-3,-11,-3,-13,-3,-14,-3,-14,-3,-14,-3,-14,-3,-14,-3,-12,-3,-11,0,0,-3,-8,-2,-6,-2,-4,-2,-2,-1,1,0,3,0,5,0,6,-1,8,-1,8,0,9,-1,9,-1,9,-1,9,-2,8,-2,7,-2,6,-2,4,-2,3,-2,1,-2,0,-2,-2,-1,-3,0,-5,0,-6,1,-6,0,0,0,0,0,0,0,0,0,0]"""
247,"CSI_DATA,246,8c:90:2d:97:93:77,-49,11,1,7,1,0,1,0,1,0,0,-97,0,10,2,7677147,0,83,1,128,0,""[0,0,0,0,0,0,0,0,0,0,0,0,-3,13,-3,16,-2,17,-2,18,-2,20,-3,20,-3,19,-2,18,-2,15,-2,13,-2,10,-1,7,-1,4,0,1,1,-3,2,-6,3,-9,3,-11,4,-12,4,-13,5,-14,5,-14,4,-14,4,-13,4,-12,3,-11,0,0,2,-8,1,-6,0,-4,-1,-2,-1,0,-2,2,-3,4,-4,5,-5,6,-6,7,-6,7,-6,7,-6,7,-6,7,-6,6,-6,5,-5,3,-4,2,-4,1,-3,0,-2,-1,-1,-2,1,-3,2,-4,3,-4,4,-4,0,0,0,0,0,0,0,0,0,0]"""
248,"CSI_DATA,247,8c:90:2d:97:93:77,-49,11,1,7,1,0,1,0,1,0,0,-97,0,10,2,7687228,0,83,1,128,0,""[0,0,0,0,0,0,0,0,0,0,0,0,-4,11,-5,13,-5,15,-6,16,-6,17,-6,17,-6,17,-6,15,-5,13,-4,11,-3,8,-2,6,-1,3,0,0,1,-1,2,-4,4,-6,5,-8,6,-9,7,-10,7,-10,7,-10,7,-10,7,-10,6,-9,5,-8,0,0,3,-6,1,-4,0,-3,0,-1,0,0,-2,0,-3,1,-5,2,-6,3,-7,4,-8,3,-8,3,-8,3,-7,3,-7,2,-6,1,-5,0,-4,0,-3,0,-1,0,0,-1,0,-1,1,-1,2,-2,4,-1,4,0,0,0,0,0,0,0,0,0,0,0]"""
249,"CSI_DATA,248,8c:90:2d:97:93:77,-49,11,1,7,1,0,1,0,1,0,0,-97,0,10,2,7697694,0,83,1,128,0,""[0,0,0,0,0,0,0,0,0,0,0,0,9,-7,12,-9,13,-9,14,-10,15,-11,15,-11,14,-10,14,-9,12,-8,10,-7,7,-6,5,-4,2,-3,0,-1,-2,0,-5,0,-8,1,-10,2,-12,2,-12,2,-13,2,-13,2,-13,2,-13,2,-11,2,-10,2,0,0,-7,1,-5,1,-3,0,0,0,0,0,1,0,4,0,5,0,6,0,7,0,8,0,8,0,8,0,7,0,7,0,6,0,4,0,3,0,1,0,0,0,0,0,-1,0,-2,0,-3,0,-4,-1,-5,-2,0,0,0,0,0,0,0,0,0,0]"""
250,"CSI_DATA,249,8c:90:2d:97:93:77,-49,11,1,7,1,0,1,0,1,0,0,-97,0,10,2,7707241,0,83,1,128,0,""[0,0,0,0,0,0,0,0,0,0,0,0,11,0,14,0,16,0,18,0,18,0,18,0,17,0,16,0,14,0,12,0,9,0,6,0,3,0,0,-1,-2,-1,-5,-1,-7,-2,-10,-2,-11,-3,-12,-3,-13,-3,-13,-4,-13,-3,-12,-3,-11,-3,-10,-2,0,0,-7,-1,-5,0,-3,0,-1,0,0,0,1,0,3,1,4,2,5,2,6,3,7,3,7,3,6,4,6,4,5,4,4,4,3,3,1,2,0,2,0,1,0,0,-1,0,-2,-1,-3,-2,-3,-3,-3,-4,0,0,0,0,0,0,0,0,0,0]"""
251,"CSI_DATA,250,8c:90:2d:97:93:77,-49,11,1,7,1,0,1,0,1,0,0,-97,0,10,2,7717223,0,83,1,128,0,""[0,0,0,0,0,0,0,0,0,0,0,0,-13,1,-16,2,-18,2,-20,3,-20,3,-20,3,-19,3,-18,3,-16,2,-13,2,-10,1,-8,0,-4,0,0,0,2,0,4,0,8,0,9,0,12,0,12,0,13,0,13,0,13,0,12,0,11,0,10,0,0,0,6,0,4,0,2,0,0,0,0,-1,-3,-1,-5,-1,-6,-2,-7,-2,-8,-2,-9,-3,-9,-3,-9,-3,-8,-3,-7,-3,-6,-4,-5,-3,-4,-3,-2,-2,0,-2,0,-1,1,0,2,0,2,0,3,1,3,2,0,0,0,0,0,0,0,0,0,0]"""
252,"CSI_DATA,251,8c:90:2d:97:93:77,-49,11,1,7,1,0,1,0,1,0,0,-97,0,10,2,7727664,0,83,1,128,0,""[0,0,0,0,0,0,0,0,0,0,0,0,-5,-13,-6,-16,-8,-17,-8,-18,-9,-19,-8,-19,-8,-19,-8,-17,-7,-15,-6,-13,-5,-11,-4,-8,-3,-5,-1,-1,-1,2,-1,5,0,8,1,10,1,12,1,13,1,14,1,14,1,14,1,13,1,12,1,10,0,0,1,7,1,5,1,3,1,1,0,-1,0,-4,0,-6,0,-7,1,-9,1,-10,1,-10,2,-10,2,-10,2,-9,2,-9,2,-7,2,-6,2,-5,2,-3,1,-2,1,0,0,1,0,2,-2,3,-3,4,-3,4,0,0,0,0,0,0,0,0,0,0]"""
253,"CSI_DATA,252,8c:90:2d:97:93:77,-49,11,1,7,1,0,1,0,1,0,0,-97,0,10,2,7737321,0,83,1,128,0,""[0,0,0,0,0,0,0,0,0,0,0,0,8,8,11,10,13,11,14,12,14,13,14,13,14,12,13,11,11,10,9,8,7,7,5,5,3,2,1,-1,-2,-3,-2,-5,-4,-8,-5,-9,-7,-11,-7,-12,-8,-12,-7,-13,-7,-12,-7,-12,-7,-11,-6,-9,0,0,-5,-7,-4,-5,-3,-3,-2,-1,0,1,0,3,1,5,1,6,2,7,2,8,1,9,2,9,1,9,1,8,0,8,0,7,-1,5,-1,4,-1,3,-2,2,-2,0,-2,-2,-1,-3,-1,-5,-1,-6,0,-6,0,0,0,0,0,0,0,0,0,0]"""
254,"CSI_DATA,253,8c:90:2d:97:93:77,-49,11,1,7,1,0,1,0,1,0,0,-97,0,10,2,7747843,0,83,1,128,0,""[0,0,0,0,0,0,0,0,0,0,0,0,-8,9,-9,11,-10,12,-11,14,-11,14,-12,15,-12,14,-11,13,-9,11,-8,9,-6,7,-4,5,-2,3,0,0,1,0,3,-2,6,-4,7,-6,9,-6,10,-7,10,-7,10,-7,10,-8,9,-7,8,-7,7,-6,0,0,4,-4,3,-3,1,-2,0,-1,0,0,-2,0,-4,0,-6,1,-7,2,-8,2,-9,2,-9,1,-9,1,-8,1,-8,0,-7,0,-6,0,-4,0,-3,0,-1,0,0,-1,0,-1,1,-1,2,-1,4,0,4,0,0,0,0,0,0,0,0,0,0,0]"""
255,"CSI_DATA,254,8c:90:2d:97:93:77,-49,11,1,7,1,0,1,0,1,0,0,-97,0,10,2,7757232,0,83,1,128,0,""[0,0,0,0,0,0,0,0,0,0,0,0,-9,10,-10,13,-11,14,-12,15,-12,16,-12,16,-12,15,-11,14,-10,12,-9,11,-7,8,-5,6,-3,3,0,1,2,-2,4,-4,7,-6,8,-7,9,-8,10,-8,11,-9,11,-9,11,-9,10,-9,9,-8,8,-8,0,0,5,-6,3,-5,2,-3,0,-2,-2,-1,-3,1,-5,2,-7,2,-8,3,-9,3,-9,3,-10,3,-9,3,-9,2,-9,2,-8,1,-7,0,-5,0,-4,-1,-2,-1,-1,-2,1,-2,2,-2,3,-2,5,-1,5,-1,0,0,0,0,0,0,0,0,0,0]"""
256,"CSI_DATA,255,8c:90:2d:97:93:77,-49,11,1,7,1,0,1,0,1,0,0,-97,0,10,2,7767950,0,83,1,128,0,""[0,0,0,0,0,0,0,0,0,0,0,0,8,-12,10,-14,10,-15,11,-16,12,-18,12,-17,12,-17,11,-15,9,-13,9,-12,6,-9,4,-7,2,-5,-1,-2,-3,0,-6,2,-9,3,-11,4,-12,5,-13,6,-14,6,-14,6,-14,6,-13,6,-12,5,-10,5,0,0,-7,3,-5,3,-3,2,-1,1,1,0,3,0,5,0,6,-1,8,-1,9,-1,9,0,9,0,9,0,9,0,8,1,7,1,6,1,4,1,3,1,1,1,-1,1,-2,0,-4,0,-4,-1,-6,-2,-6,-3,0,0,0,0,0,0,0,0,0,0]"""
257,"CSI_DATA,256,8c:90:2d:97:93:77,-49,11,1,7,1,0,1,0,1,0,0,-97,0,10,2,7777214,0,83,1,128,0,""[0,0,0,0,0,0,0,0,0,0,0,0,10,-7,12,-9,13,-10,14,-10,15,-11,15,-11,15,-11,13,-9,12,-8,10,-7,8,-5,5,-4,2,-3,0,-1,-2,0,-5,0,-8,0,-10,0,-12,0,-13,0,-14,0,-14,0,-13,0,-13,0,-12,0,-10,0,0,0,-7,0,-5,0,-3,0,-1,0,0,0,1,0,3,0,5,1,6,2,7,2,7,2,7,3,7,3,6,3,5,3,4,3,3,2,2,2,0,1,0,0,0,0,-1,0,-2,-1,-3,-2,-3,-3,-3,-4,0,0,0,0,0,0,0,0,0,0]"""
258,"CSI_DATA,257,8c:90:2d:97:93:77,-49,11,1,7,1,0,1,0,1,0,0,-97,0,10,2,7787877,0,83,1,128,0,""[0,0,0,0,0,0,0,0,0,0,0,0,-5,-13,-7,-15,-8,-17,-9,-18,-9,-19,-9,-19,-8,-18,-8,-17,-7,-15,-6,-13,-5,-10,-4,-8,-3,-5,-1,-1,0,2,0,5,1,8,2,10,2,12,2,13,3,14,3,14,3,13,3,13,2,11,3,10,0,0,2,6,1,5,1,3,1,1,0,-2,-1,-4,-1,-6,-1,-7,-1,-9,-1,-10,-1,-10,-1,-10,-1,-10,0,-9,0,-9,0,-8,1,-7,1,-5,1,-4,1,-2,1,-1,1,1,0,2,0,4,-1,5,-2,5,0,0,0,0,0,0,0,0,0,0]"""
259,"CSI_DATA,258,8c:90:2d:97:93:77,-49,11,1,7,1,0,1,0,1,0,0,-97,0,10,2,7797722,0,83,1,128,0,""[0,0,0,0,0,0,0,0,0,0,0,0,-13,-2,-15,-2,-18,-2,-19,-2,-20,-2,-20,-2,-19,-2,-18,-2,-16,-2,-13,-1,-11,-1,-8,-1,-4,0,-1,0,2,1,4,1,7,2,9,3,11,4,12,4,12,4,12,4,12,4,12,4,11,3,9,3,0,0,7,1,5,0,3,0,1,0,-1,-1,-3,-2,-5,-3,-6,-4,-7,-4,-8,-5,-8,-5,-8,-6,-8,-6,-7,-6,-7,-6,-6,-5,-5,-5,-4,-4,-2,-4,-1,-3,0,-2,1,0,2,1,3,2,3,3,3,4,0,0,0,0,0,0,0,0,0,0]"""
260,"CSI_DATA,259,8c:90:2d:97:93:77,-49,11,1,7,1,0,1,0,1,0,0,-97,0,10,2,7807146,0,83,1,128,0,""[0,0,0,0,0,0,0,0,0,0,0,0,-8,-11,-10,-13,-12,-14,-13,-15,-14,-16,-13,-16,-13,-15,-12,-14,-11,-13,-9,-11,-7,-9,-6,-6,-4,-3,-1,-1,1,2,1,5,3,7,4,9,5,11,6,12,6,12,5,12,6,12,6,12,5,10,5,9,0,0,4,6,3,4,1,2,1,0,-1,-2,-2,-4,-2,-6,-2,-7,-3,-8,-3,-9,-3,-9,-3,-10,-2,-10,-2,-9,-2,-9,-1,-8,-1,-7,0,-5,0,-4,1,-3,1,-1,1,1,1,2,1,3,0,5,-1,5,0,0,0,0,0,0,0,0,0,0]"""
261,"CSI_DATA,260,8c:90:2d:97:93:77,-49,11,1,7,1,0,1,0,1,0,0,-97,0,10,2,7817300,0,83,1,128,0,""[0,0,0,0,0,0,0,0,0,0,0,0,10,-5,12,-6,15,-6,16,-7,16,-8,16,-7,16,-7,15,-7,13,-6,11,-5,8,-3,6,-2,2,-2,0,-1,-2,0,-5,0,-8,0,-10,0,-12,0,-13,0,-13,0,-14,0,-14,0,-13,0,-12,0,-10,0,0,0,-7,0,-5,0,-3,0,-1,0,0,0,1,0,3,0,5,0,6,1,7,2,8,2,7,2,7,2,7,2,6,2,4,2,4,2,2,1,1,1,0,0,0,0,-1,0,-2,0,-3,-2,-4,-3,-3,-3,0,0,0,0,0,0,0,0,0,0]"""
262,"CSI_DATA,261,8c:90:2d:97:93:77,-50,11,1,7,1,0,1,0,1,0,0,-97,0,10,2,7829906,0,83,1,128,0,""[0,0,0,0,0,0,0,0,0,0,0,0,5,10,6,13,9,14,9,15,10,16,9,16,8,16,8,14,7,13,5,11,4,8,3,5,1,2,0,0,0,-2,0,-5,0,-8,-1,-10,-2,-12,-2,-13,-2,-14,-2,-14,-2,-14,-2,-13,-2,-12,-2,-11,0,0,-2,-7,-1,-5,-1,-3,-1,-1,0,0,0,2,0,4,0,5,-1,7,-1,8,-1,8,-1,8,-1,8,-2,7,-2,7,-2,5,-2,4,-2,3,-2,1,-1,0,-1,0,0,-2,0,-3,0,-3,1,-4,2,-4,0,0,0,0,0,0,0,0,0,0]"""
263,"CSI_DATA,262,8c:90:2d:97:93:77,-49,11,1,7,1,0,1,0,1,0,0,-97,0,10,2,7840021,0,83,1,128,0,""[0,0,0,0,0,0,0,0,0,0,0,0,-7,10,-8,13,-8,14,-9,16,-9,16,-10,17,-9,16,-8,15,-7,13,-6,11,-5,8,-3,5,-1,3,0,0,0,-1,2,-4,4,-7,5,-8,7,-9,7,-10,7,-11,8,-11,7,-11,7,-11,6,-10,5,-9,0,0,3,-6,1,-5,0,-3,0,0,0,0,-2,1,-3,2,-4,4,-5,5,-6,6,-7,6,-7,5,-7,5,-7,5,-6,4,-6,3,-5,2,-4,1,-3,0,-2,0,-1,-1,0,-1,0,-2,1,-3,3,-3,4,-3,0,0,0,0,0,0,0,0,0,0]"""
264,"CSI_DATA,263,8c:90:2d:97:93:77,-49,11,1,7,1,0,1,0,1,0,0,-97,0,10,2,7847770,0,83,1,128,0,""[0,0,0,0,0,0,0,0,0,0,0,0,-14,-1,-16,-1,-19,-1,-21,-1,-22,-1,-21,0,-21,0,-19,-1,-17,0,-14,0,-12,-1,-9,-1,-5,0,-1,0,2,0,5,0,8,1,10,1,12,2,13,2,14,2,14,2,14,2,13,2,12,1,11,1,0,0,7,0,5,0,3,-1,1,-1,-2,-1,-4,-1,-6,-2,-7,-2,-9,-2,-10,-3,-10,-3,-10,-4,-10,-4,-9,-4,-8,-4,-7,-4,-6,-3,-5,-3,-3,-3,-2,-3,0,-2,2,-1,3,0,4,1,5,1,5,2,0,0,0,0,0,0,0,0,0,0]"""
265,"CSI_DATA,264,8c:90:2d:97:93:77,-49,11,1,7,1,0,1,0,1,0,0,-97,0,10,2,7857194,0,83,1,128,0,""[0,0,0,0,0,0,0,0,0,0,0,0,-8,-12,-10,-13,-12,-15,-13,-15,-13,-17,-12,-16,-12,-16,-11,-15,-10,-13,-9,-11,-7,-9,-5,-7,-3,-4,-2,-1,0,2,1,5,2,7,3,9,4,11,4,12,4,13,5,13,4,13,4,12,4,11,3,9,0,0,3,6,2,5,1,2,1,0,0,-2,-1,-4,-1,-6,-1,-7,-1,-9,-2,-10,-1,-10,-1,-10,-1,-10,0,-9,0,-9,0,-7,0,-6,0,-5,1,-4,1,-2,1,-1,1,1,0,2,0,4,-1,5,-2,5,0,0,0,0,0,0,0,0,0,0]"""
266,"CSI_DATA,265,8c:90:2d:97:93:77,-49,11,1,7,1,0,1,0,1,0,0,-97,0,10,2,7867498,0,83,1,128,0,""[0,0,0,0,0,0,0,0,0,0,0,0,0,13,1,15,2,17,2,18,2,20,1,20,1,19,1,17,1,15,1,13,0,10,1,7,0,4,0,0,0,-3,2,-6,2,-9,2,-11,2,-13,3,-14,3,-14,3,-14,3,-14,3,-13,3,-12,2,-11,0,0,1,-8,0,-6,0,-4,-1,-2,-1,1,-2,2,-3,4,-4,5,-5,7,-5,7,-6,8,-6,7,-6,7,-6,7,-6,6,-5,5,-5,4,-4,3,-3,1,-2,0,-1,-1,0,-3,1,-3,2,-4,4,-4,5,-4,0,0,0,0,0,0,0,0,0,0]"""
267,"CSI_DATA,266,8c:90:2d:97:93:77,-49,11,1,7,1,0,1,0,1,0,0,-97,0,10,2,7877733,0,83,1,128,0,""[0,0,0,0,0,0,0,0,0,0,0,0,-12,0,-15,0,-18,0,-19,0,-19,0,-19,0,-18,0,-17,0,-15,0,-13,0,-10,0,-7,0,-3,0,0,0,1,0,4,0,7,1,9,1,10,2,11,3,12,3,12,3,12,2,11,2,10,1,9,1,0,0,6,0,4,0,2,0,0,0,0,-1,-2,-1,-4,-2,-5,-3,-6,-4,-7,-4,-7,-5,-7,-5,-7,-5,-6,-5,-6,-5,-5,-4,-4,-4,-2,-3,-1,-3,0,-2,0,-1,0,0,1,0,2,1,2,2,2,3,0,0,0,0,0,0,0,0,0,0]"""
268,"CSI_DATA,267,8c:90:2d:97:93:77,-49,11,1,7,1,0,1,0,1,0,0,-97,0,10,2,7887265,0,83,1,128,0,""[0,0,0,0,0,0,0,0,0,0,0,0,11,-1,14,-2,16,-2,18,-2,18,-2,18,-3,18,-3,16,-2,14,-2,12,-2,9,-1,6,-1,3,-1,0,-1,-2,0,-5,0,-8,0,-10,0,-12,-1,-13,-1,-14,-1,-14,0,-13,0,-13,0,-12,0,-10,0,0,0,-7,0,-5,0,-3,0,-1,0,0,0,2,0,4,0,5,0,6,0,7,1,8,1,8,1,8,1,7,1,6,1,5,1,4,1,3,1,1,1,0,0,0,0,-1,0,-3,0,-4,0,-5,-1,-4,-2,0,0,0,0,0,0,0,0,0,0]"""
269,"CSI_DATA,268,8c:90:2d:97:93:77,-49,11,1,7,1,0,1,0,1,0,0,-97,0,10,2,7897677,0,83,1,128,0,""[0,0,0,0,0,0,0,0,0,0,0,0,9,-8,11,-10,13,-11,14,-12,14,-13,14,-13,14,-12,13,-11,11,-10,9,-8,7,-6,4,-4,1,-3,0,-1,-2,0,-5,1,-7,2,-9,4,-11,4,-12,4,-12,5,-12,5,-12,5,-11,5,-10,4,-9,4,0,0,-6,3,-4,2,-2,1,0,0,0,0,2,0,3,-1,5,-2,6,-3,7,-3,8,-3,8,-2,8,-2,7,-2,7,-2,6,-1,5,0,4,0,2,0,1,0,0,0,0,0,-2,0,-3,0,-5,0,-5,0,0,0,0,0,0,0,0,0,0,0]"""
270,"CSI_DATA,269,8c:90:2d:97:93:77,-49,11,1,7,1,0,1,0,1,0,0,-97,0,10,2,7907236,0,83,1,128,0,""[0,0,0,0,0,0,0,0,0,0,0,0,0,-14,-1,-17,-1,-18,-2,-20,-2,-21,-1,-21,-1,-20,-1,-19,-1,-17,-1,-14,-1,-12,-1,-8,-1,-5,-2,-2,-2,2,-3,5,-4,8,-4,10,-5,12,-5,12,-5,13,-6,13,-5,13,-5,12,-5,11,-4,10,0,0,-3,7,-2,5,-1,3,0,1,0,-1,2,-3,2,-5,4,-6,5,-7,6,-8,6,-7,6,-8,6,-7,6,-7,6,-6,6,-5,5,-4,4,-3,3,-2,2,-1,0,0,-1,2,-2,2,-3,2,-5,2,-6,2,0,0,0,0,0,0,0,0,0,0]"""
271,"CSI_DATA,270,8c:90:2d:97:93:77,-49,11,1,7,1,0,1,0,1,0,0,-97,0,10,2,7917221,0,83,1,128,0,""[0,0,0,0,0,0,0,0,0,0,0,0,7,9,9,11,12,13,13,14,13,15,12,15,12,14,11,13,10,11,8,10,7,8,5,5,3,2,1,-1,-1,-4,-1,-6,-3,-8,-4,-10,-5,-12,-5,-13,-5,-14,-5,-14,-5,-14,-5,-13,-4,-12,-4,-11,0,0,-3,-7,-3,-5,-2,-3,-2,-2,-1,1,-1,3,0,5,0,6,-1,7,-1,9,-1,9,-1,9,-1,9,-2,8,-2,8,-2,7,-2,5,-2,4,-2,3,-2,1,-2,0,-1,-2,-1,-4,0,-5,1,-5,2,-5,0,0,0,0,0,0,0,0,0,0]"""
272,"CSI_DATA,271,8c:90:2d:97:93:77,-49,11,1,7,1,0,1,0,1,0,0,-97,0,10,2,7927239,0,83,1,128,0,""[0,0,0,0,0,0,0,0,0,0,0,0,-3,-12,-4,-15,-6,-16,-6,-18,-6,-19,-6,-19,-5,-18,-5,-17,-4,-15,-4,-12,-3,-10,-2,-7,-1,-4,-1,0,0,1,-1,4,-1,7,0,9,-1,11,0,12,0,13,-1,13,-1,12,0,12,0,11,0,9,0,0,0,6,0,4,0,2,0,0,0,-1,0,-2,1,-4,1,-6,2,-7,2,-8,3,-8,3,-8,3,-8,3,-7,3,-7,3,-5,2,-4,2,-3,1,-2,0,-1,0,0,0,0,0,1,-2,2,-3,2,-4,2,0,0,0,0,0,0,0,0,0,0]"""
273,"CSI_DATA,272,8c:90:2d:97:93:77,-49,11,1,7,1,0,1,0,1,0,0,-97,0,10,2,7941390,0,83,1,128,0,""[0,0,0,0,0,0,0,0,0,0,0,0,12,1,15,1,18,1,19,1,20,1,19,1,19,1,17,1,15,1,13,0,11,0,7,0,4,-1,0,-1,-3,-2,-5,-2,-8,-3,-11,-3,-12,-4,-13,-5,-14,-5,-14,-5,-14,-5,-14,-4,-12,-4,-11,-3,0,0,-8,-2,-6,-1,-4,-1,-2,-1,0,0,3,1,4,2,6,2,7,3,8,3,8,4,8,4,8,4,7,4,6,4,5,4,4,3,3,3,2,2,0,2,-1,1,-3,0,-4,-1,-4,-2,-5,-3,-5,-4,0,0,0,0,0,0,0,0,0,0]"""
274,"CSI_DATA,273,8c:90:2d:97:93:77,-49,11,1,7,1,0,1,0,1,0,1,-97,0,10,2,7947869,0,83,1,128,0,""[0,0,0,0,0,0,0,0,0,0,0,0,-5,11,-6,14,-6,15,-6,16,-6,18,-7,18,-7,17,-6,16,-6,13,-4,11,-3,9,-2,6,-1,3,0,0,0,-1,2,-4,4,-7,4,-8,6,-10,6,-11,7,-11,7,-11,7,-11,6,-11,5,-10,4,-9,0,0,2,-6,1,-4,0,-3,0,-1,0,0,-2,1,-3,2,-4,3,-6,4,-6,5,-7,5,-7,5,-7,5,-7,4,-6,3,-6,2,-5,2,-4,0,-3,0,-2,0,0,-1,0,-1,0,-2,1,-2,3,-3,4,-2,0,0,0,0,0,0,0,0,0,0]"""
275,"CSI_DATA,274,8c:90:2d:97:93:77,-49,11,1,7,1,0,1,0,1,0,1,-97,0,10,2,7957242,0,83,1,128,0,""[0,0,0,0,0,0,0,0,0,0,0,0,-5,-13,-6,-15,-8,-17,-9,-18,-9,-20,-8,-19,-8,-19,-8,-17,-7,-15,-6,-13,-5,-11,-4,-8,-2,-4,-1,-1,0,2,0,5,0,8,1,10,1,12,2,13,2,14,2,14,2,14,2,13,2,12,2,10,0,0,1,7,1,5,0,3,0,1,0,-2,-1,-4,-1,-6,-1,-7,0,-9,0,-10,0,-10,0,-10,1,-10,1,-9,1,-9,1,-8,1,-6,1,-5,1,-4,1,-2,1,0,1,1,0,3,-1,4,-2,5,-3,5,0,0,0,0,0,0,0,0,0,0]"""
276,"CSI_DATA,275,8c:90:2d:97:93:77,-49,11,1,7,1,0,1,0,1,0,1,-97,0,10,2,7967330,0,83,1,128,0,""[0,0,0,0,0,0,0,0,0,0,0,0,-12,-6,-15,-7,-18,-8,-19,-9,-19,-9,-19,-9,-18,-8,-18,-8,-15,-7,-13,-6,-11,-5,-8,-4,-4,-2,-2,0,2,2,3,3,6,5,8,6,10,8,10,8,11,9,11,9,10,8,10,8,9,7,9,6,0,0,6,4,4,2,3,1,1,0,-1,-2,-3,-3,-4,-5,-5,-6,-6,-7,-6,-8,-6,-8,-6,-9,-6,-9,-5,-9,-5,-8,-4,-8,-3,-6,-2,-5,-1,-4,0,-3,1,-1,1,0,2,2,2,3,2,4,1,5,0,0,0,0,0,0,0,0,0,0]"""
277,"CSI_DATA,276,8c:90:2d:97:93:77,-49,11,1,7,1,0,1,0,1,0,1,-97,0,10,2,7977203,0,83,1,128,0,""[0,0,0,0,0,0,0,0,0,0,0,0,-3,-13,-4,-16,-5,-18,-5,-20,-5,-21,-5,-21,-4,-20,-4,-19,-4,-16,-3,-14,-3,-11,-2,-8,-2,-5,-2,-1,-2,2,-2,5,-3,8,-2,10,-3,12,-3,13,-3,13,-3,13,-3,13,-3,13,-3,11,-2,10,0,0,-1,7,-1,5,-1,3,0,1,0,-1,1,-3,2,-5,3,-6,4,-7,4,-8,5,-8,5,-9,5,-8,5,-8,5,-7,5,-6,4,-4,3,-3,3,-2,2,-1,0,0,-1,1,-2,2,-3,3,-4,3,-5,2,0,0,0,0,0,0,0,0,0,0]"""
278,"CSI_DATA,277,8c:90:2d:97:93:77,-49,11,1,7,1,0,1,0,1,0,1,-97,0,10,2,7987284,0,83,1,128,0,""[0,0,0,0,0,0,0,0,0,0,0,0,1,-14,2,-17,1,-18,1,-19,1,-21,2,-21,2,-20,2,-18,2,-16,2,-14,1,-11,0,-8,-1,-5,-2,-2,-3,1,-5,4,-7,6,-8,8,-9,9,-9,10,-9,10,-10,10,-10,10,-9,10,-8,8,-7,8,0,0,-5,6,-4,4,-2,3,-1,1,1,0,2,-1,4,-3,6,-3,7,-3,8,-3,9,-3,9,-3,9,-3,8,-2,8,-2,7,-1,5,0,4,0,3,0,1,0,0,0,-2,0,-3,0,-4,-1,-6,-2,-6,-3,0,0,0,0,0,0,0,0,0,0]"""
279,"CSI_DATA,278,8c:90:2d:97:93:77,-49,11,1,7,1,0,1,0,1,0,1,-97,0,10,2,7997650,0,83,1,128,0,""[0,0,0,0,0,0,0,0,0,0,0,0,6,-12,7,-15,8,-16,8,-17,9,-18,10,-18,9,-17,9,-16,8,-14,7,-13,5,-10,3,-7,1,-5,-1,-3,-3,0,-6,2,-8,3,-10,5,-11,5,-12,6,-13,6,-13,6,-13,6,-12,6,-11,5,-10,4,0,0,-7,3,-5,3,-3,2,-1,1,1,0,2,0,5,0,6,0,8,0,9,0,9,0,9,1,9,1,8,1,8,1,6,1,5,2,4,2,2,1,1,1,-1,0,-2,0,-3,-1,-4,-2,-5,-3,-5,-4,0,0,0,0,0,0,0,0,0,0]"""
280,"CSI_DATA,279,8c:90:2d:97:93:77,-49,11,1,7,1,0,1,0,1,0,1,-97,0,10,2,8007106,0,83,1,128,0,""[0,0,0,0,0,0,0,0,0,0,0,0,5,11,6,14,8,15,8,18,8,19,8,19,7,18,7,16,6,14,5,12,4,9,3,7,2,4,1,0,0,-4,0,-6,0,-9,-1,-11,-1,-13,-1,-14,-1,-15,0,-15,0,-14,0,-14,-1,-13,-1,-11,0,0,-1,-8,-1,-6,-1,-4,-2,-2,-1,0,-2,3,-2,4,-3,6,-4,7,-4,8,-5,8,-5,8,-5,8,-5,7,-5,6,-5,5,-4,4,-4,3,-3,2,-2,0,-2,-1,-1,-2,0,-3,2,-4,3,-4,4,-4,0,0,0,0,0,0,0,0,0,0]"""
281,"CSI_DATA,280,8c:90:2d:97:93:77,-49,11,1,7,1,0,1,0,1,0,1,-97,0,10,2,8017292,0,83,1,128,0,""[0,0,0,0,0,0,0,0,0,0,0,0,-8,-12,-10,-14,-12,-15,-13,-16,-14,-18,-13,-16,-13,-16,-11,-15,-10,-14,-9,-12,-8,-9,-6,-7,-4,-4,-2,-1,0,3,0,5,1,8,2,10,3,12,3,13,4,13,3,14,3,13,3,13,3,11,3,10,0,0,2,7,2,5,1,3,1,1,0,-2,0,-4,0,-6,0,-7,0,-9,0,-10,1,-10,0,-10,1,-10,1,-9,1,-9,2,-8,2,-6,1,-5,1,-4,1,-2,1,0,0,1,-1,3,-1,3,-2,4,-3,4,0,0,0,0,0,0,0,0,0,0]"""
282,"CSI_DATA,281,8c:90:2d:97:93:77,-49,11,1,7,1,0,1,0,1,0,1,-97,0,10,2,8027257,0,83,1,128,0,""[0,0,0,0,0,0,0,0,0,0,0,0,-13,-2,-16,-2,-19,-3,-20,-3,-21,-3,-21,-2,-20,-2,-19,-2,-16,-2,-14,-2,-11,-2,-8,-2,-5,0,-1,0,2,1,4,2,7,2,9,3,11,4,12,5,13,4,13,5,13,4,12,4,11,4,10,3,0,0,7,1,5,0,3,0,1,0,-2,-1,-3,-2,-5,-3,-6,-4,-7,-5,-8,-5,-8,-6,-8,-6,-8,-6,-8,-6,-7,-6,-6,-6,-4,-5,-3,-5,-2,-4,-1,-3,0,-2,2,0,2,1,3,2,3,3,3,4,0,0,0,0,0,0,0,0,0,0]"""
283,"CSI_DATA,282,8c:90:2d:97:93:77,-49,11,1,7,1,0,1,0,1,0,1,-97,0,10,2,8037315,0,83,1,128,0,""[0,0,0,0,0,0,0,0,0,0,0,0,8,10,10,11,12,13,13,13,13,15,13,15,12,14,12,13,10,11,9,10,7,8,5,5,3,2,1,0,-1,-4,-2,-6,-3,-8,-4,-10,-5,-13,-5,-13,-6,-14,-5,-14,-5,-14,-5,-13,-5,-12,-4,-11,0,0,-4,-7,-3,-5,-3,-3,-2,-2,-1,1,0,3,0,5,0,6,0,8,0,9,-1,9,-1,9,-1,9,-2,8,-2,8,-2,7,-2,5,-3,4,-2,3,-2,1,-2,-1,-1,-2,-1,-3,0,-5,1,-5,2,-5,0,0,0,0,0,0,0,0,0,0]"""
284,"CSI_DATA,283,8c:90:2d:97:93:77,-49,11,1,7,1,0,1,0,1,0,0,-97,0,10,2,8047708,0,83,1,128,0,""[0,0,0,0,0,0,0,0,0,0,0,0,-13,-2,-15,-2,-18,-2,-20,-2,-20,-2,-20,-2,-19,-2,-18,-2,-16,-1,-14,-1,-11,-1,-8,-1,-5,0,-1,0,2,0,4,0,8,1,10,1,12,2,13,2,13,2,13,2,13,1,12,1,11,1,10,0,0,0,7,0,5,-1,3,-1,1,-1,-2,-1,-4,-1,-5,-1,-7,-1,-8,-2,-9,-2,-10,-2,-10,-2,-10,-2,-9,-3,-8,-3,-7,-3,-6,-3,-5,-3,-3,-3,-2,-3,0,-2,1,-2,2,-1,4,0,5,0,5,1,0,0,0,0,0,0,0,0,0,0]"""
285,"CSI_DATA,284,8c:90:2d:97:93:77,-49,11,1,7,1,0,1,0,1,0,0,-97,0,10,2,8057122,0,83,1,128,0,""[0,0,0,0,0,0,0,0,0,0,0,0,11,-7,13,-8,15,-9,16,-10,17,-11,17,-11,16,-11,15,-10,13,-9,11,-8,9,-6,6,-4,3,-3,0,-1,-3,0,-5,2,-8,3,-10,5,-12,4,-13,5,-13,6,-13,6,-13,6,-12,6,-11,5,-10,5,0,0,-7,4,-5,3,-3,2,-2,0,1,-1,2,-2,4,-3,5,-3,6,-4,8,-4,8,-4,8,-4,8,-4,8,-4,7,-3,6,-3,5,-2,4,-1,3,0,2,1,0,1,-1,1,-3,2,-4,2,-5,2,-6,2,0,0,0,0,0,0,0,0,0,0]"""
286,"CSI_DATA,285,8c:90:2d:97:93:77,-49,11,1,7,1,0,1,0,1,0,0,-97,0,10,2,8067224,0,83,1,128,0,""[0,0,0,0,0,0,0,0,0,0,0,0,-13,3,-16,4,-18,5,-20,6,-20,6,-20,6,-19,6,-18,5,-16,5,-14,4,-11,3,-8,2,-5,1,-1,0,2,0,5,-1,8,-2,10,-3,12,-3,13,-3,14,-3,14,-3,14,-3,13,-3,12,-3,10,-3,0,0,7,-3,5,-2,3,-2,1,-1,-1,-1,-4,0,-6,0,-7,0,-9,0,-10,1,-10,0,-10,0,-11,0,-10,0,-9,-1,-8,-1,-7,-1,-6,-1,-4,-2,-2,-2,-1,-2,1,-2,3,-2,4,-1,5,-1,6,0,0,0,0,0,0,0,0,0,0,0]"""
287,"CSI_DATA,286,8c:90:2d:97:93:77,-49,11,1,7,1,0,1,0,1,0,0,-97,0,10,2,8077245,0,83,1,128,0,""[0,0,0,0,0,0,0,0,0,0,0,0,11,0,14,0,16,1,18,1,18,1,18,1,17,1,16,1,14,1,12,0,9,0,6,0,3,0,0,-1,-2,-2,-4,-3,-6,-4,-8,-5,-10,-7,-10,-7,-11,-8,-11,-8,-10,-7,-11,-7,-10,-6,-9,-6,0,0,-6,-3,-4,-2,-3,-1,-1,0,0,0,0,1,1,3,2,4,3,5,3,6,3,7,3,7,3,7,2,7,2,6,0,6,0,4,0,3,0,2,0,1,-1,0,0,-1,-1,-2,0,-3,0,-4,0,-5,0,0,0,0,0,0,0,0,0,0]"""
288,"CSI_DATA,287,8c:90:2d:97:93:77,-49,11,1,7,1,0,1,0,1,0,0,-97,0,10,2,8087279,0,83,1,128,0,""[0,0,0,0,0,0,0,0,0,0,0,0,1,13,2,16,3,17,3,19,3,19,2,20,2,19,2,17,2,15,1,13,1,10,1,7,1,4,1,1,1,-3,2,-6,3,-9,3,-10,3,-12,4,-13,4,-14,4,-14,4,-14,4,-13,3,-12,3,-11,0,0,1,-8,1,-6,0,-4,-1,-2,-2,0,-3,2,-4,3,-5,5,-6,6,-7,6,-7,6,-7,6,-8,6,-8,5,-7,5,-6,4,-6,3,-5,2,-4,1,-2,0,-1,-1,0,-2,1,-2,3,-3,4,-3,5,-2,0,0,0,0,0,0,0,0,0,0]"""
289,"CSI_DATA,288,8c:90:2d:97:93:77,-49,11,1,7,1,0,1,0,1,0,0,-97,0,10,2,8097583,0,83,1,128,0,""[0,0,0,0,0,0,0,0,0,0,0,0,4,-14,4,-16,4,-18,4,-19,5,-20,5,-20,5,-20,5,-18,4,-16,3,-14,2,-11,1,-8,0,-5,-1,-2,-2,1,-4,4,-6,7,-7,9,-8,10,-8,11,-8,11,-9,11,-9,11,-8,11,-7,10,-6,9,0,0,-4,6,-3,5,-2,3,0,1,0,-1,2,-2,3,-4,4,-5,6,-6,7,-6,7,-7,7,-6,7,-6,7,-5,7,-5,6,-4,5,-3,4,-2,3,-1,2,0,0,1,-1,1,-3,2,-4,2,-5,2,-6,1,0,0,0,0,0,0,0,0,0,0]"""
290,"CSI_DATA,289,8c:90:2d:97:93:77,-49,11,1,7,1,0,1,0,1,0,0,-97,0,10,2,8107235,0,83,1,128,0,""[0,0,0,0,0,0,0,0,0,0,0,0,-8,10,-10,13,-11,14,-11,15,-12,16,-12,16,-12,16,-11,14,-10,12,-9,11,-7,8,-5,6,-3,4,0,1,2,-2,4,-4,7,-6,8,-8,9,-8,10,-9,11,-9,11,-9,11,-10,10,-9,9,-8,8,-8,0,0,5,-6,3,-5,2,-3,0,-2,-1,-1,-3,1,-5,2,-7,3,-8,3,-9,4,-10,3,-10,3,-10,3,-9,2,-9,2,-8,1,-7,1,-5,0,-4,-1,-3,-1,-1,-2,1,-2,2,-2,3,-2,5,-2,5,-1,0,0,0,0,0,0,0,0,0,0]"""
291,"CSI_DATA,290,8c:90:2d:97:93:77,-49,11,1,7,1,0,1,0,1,0,0,-97,0,10,2,8117163,0,83,1,128,0,""[0,0,0,0,0,0,0,0,0,0,0,0,6,11,7,13,10,15,10,16,11,17,10,17,10,16,9,15,8,13,7,11,5,9,4,6,2,3,0,0,-1,-3,-2,-6,-3,-9,-4,-11,-5,-12,-5,-14,-5,-14,-5,-14,-5,-14,-5,-13,-5,-12,-5,-11,0,0,-4,-7,-3,-5,-2,-3,-2,-2,-1,1,0,3,1,5,1,6,1,8,1,9,1,9,1,9,0,9,0,9,0,8,0,7,-1,6,-1,4,-1,3,-2,2,-2,0,-2,-2,-2,-3,-2,-5,-1,-6,0,-6,0,0,0,0,0,0,0,0,0,0]"""
292,"CSI_DATA,291,8c:90:2d:97:93:77,-49,11,1,7,1,0,1,0,1,0,0,-97,0,10,2,8127216,0,83,1,128,0,""[0,0,0,0,0,0,0,0,0,0,0,0,9,-8,11,-10,13,-10,14,-12,13,-11,15,-12,14,-11,13,-10,11,-9,10,-8,7,-6,4,-4,2,-3,0,-1,-2,0,-5,0,-8,1,-10,2,-12,1,-13,2,-13,2,-13,2,-13,2,-12,2,-11,2,-10,2,0,0,-7,1,-5,1,-2,1,-1,0,0,0,2,0,4,0,5,0,7,0,8,0,8,0,8,0,8,0,7,1,7,0,5,1,4,1,3,1,1,1,0,0,0,0,-1,0,-2,0,-3,-1,-4,-2,-4,-3,0,0,0,0,0,0,0,0,0,0]"""
293,"CSI_DATA,292,8c:90:2d:97:93:77,-49,11,1,7,1,0,1,0,1,0,0,-97,0,10,2,8137380,0,83,1,128,0,""[0,0,0,0,0,0,0,0,0,0,0,0,10,-5,13,-6,15,-7,16,-8,16,-8,16,-8,16,-8,15,-6,13,-6,11,-5,8,-4,6,-3,2,-3,0,-1,-2,0,-5,0,-8,0,-10,0,-12,0,-13,0,-13,0,-14,0,-13,0,-13,0,-12,0,-11,0,0,0,-7,0,-5,0,-3,0,-1,0,0,0,1,0,3,0,5,0,6,0,7,0,8,1,8,1,8,1,7,1,6,1,5,2,4,1,3,1,1,1,0,1,0,0,-1,0,-2,0,-3,-1,-4,-2,-4,-3,0,0,0,0,0,0,0,0,0,0]"""
294,"CSI_DATA,293,8c:90:2d:97:93:77,-49,11,1,7,1,0,1,0,1,0,0,-97,0,10,2,8147784,0,83,1,128,0,""[0,0,0,0,0,0,0,0,0,0,0,0,12,3,15,3,17,4,19,4,20,4,19,4,18,4,17,4,15,3,13,2,10,2,7,1,4,0,0,0,-3,-2,-5,-2,-8,-3,-11,-4,-13,-4,-14,-5,-14,-5,-14,-5,-14,-5,-14,-4,-12,-4,-11,-3,0,0,-8,-2,-6,-1,-4,-1,-2,0,1,0,3,1,5,1,6,2,7,2,8,2,8,3,9,3,8,3,8,3,7,3,6,3,5,3,4,2,2,2,1,2,-1,1,-2,0,-4,0,-5,-1,-6,-2,-6,-3,0,0,0,0,0,0,0,0,0,0]"""
295,"CSI_DATA,294,8c:90:2d:97:93:77,-49,11,1,7,1,0,1,0,1,0,0,-97,0,10,2,8157212,0,83,1,128,0,""[0,0,0,0,0,0,0,0,0,0,0,0,10,6,12,8,15,8,16,9,19,9,18,9,16,9,15,8,13,7,11,6,9,5,6,3,3,1,0,0,-3,-2,-5,-4,-7,-5,-9,-6,-11,-7,-12,-8,-12,-8,-12,-8,-12,-8,-12,-8,-11,-7,-10,-6,0,0,-7,-3,-5,-3,-3,-2,-2,-1,1,0,2,1,4,2,5,3,6,4,7,5,7,5,7,5,7,5,7,5,6,5,5,5,4,4,3,3,1,3,0,2,-1,1,-3,0,-4,-1,-4,-2,-5,-3,-5,-4,0,0,0,0,0,0,0,0,0,0]"""
296,"CSI_DATA,295,8c:90:2d:97:93:77,-49,11,1,7,1,0,1,0,1,0,0,-97,0,10,2,8167237,0,83,1,128,0,""[0,0,0,0,0,0,0,0,0,0,0,0,-13,-1,-16,-1,-19,-1,-20,-1,-21,-1,-20,-1,-19,-1,-18,0,-16,-1,-14,0,-11,0,-8,-1,-5,0,-1,0,2,0,5,0,7,0,10,0,12,1,13,1,13,1,14,1,13,0,13,0,11,0,10,-1,0,0,7,-1,5,-1,3,-1,1,-1,-2,-1,-4,-1,-6,-1,-7,-1,-8,-1,-9,-1,-10,-1,-10,-1,-10,-2,-10,-2,-9,-2,-8,-2,-6,-2,-5,-3,-4,-2,-2,-2,0,-2,1,-2,2,-1,4,-1,5,0,5,1,0,0,0,0,0,0,0,0,0,0]"""
297,"CSI_DATA,296,8c:90:2d:97:93:77,-49,11,1,7,1,0,1,0,1,0,0,-97,0,10,2,8177591,0,83,1,128,0,""[0,0,0,0,0,0,0,0,0,0,0,0,10,-5,13,-6,15,-7,16,-7,16,-8,16,-8,16,-7,15,-6,13,-6,11,-5,8,-4,5,-3,2,-2,0,-1,-2,0,-5,0,-8,0,-10,0,-12,0,-13,0,-13,0,-13,0,-13,0,-13,0,-12,0,-10,0,0,0,-7,0,-5,0,-3,0,-1,0,0,0,1,0,3,0,5,0,6,1,7,1,7,1,8,2,7,2,7,2,6,2,4,2,4,2,2,1,1,1,0,0,0,0,-1,0,-2,0,-3,-1,-4,-2,-3,-3,0,0,0,0,0,0,0,0,0,0]"""
298,"CSI_DATA,297,8c:90:2d:97:93:77,-49,11,1,7,1,0,1,0,1,0,0,-97,0,10,2,8187272,0,83,1,128,0,""[0,0,0,0,0,0,0,0,0,0,0,0,0,-13,1,-15,0,-17,0,-18,0,-20,1,-19,1,-19,1,-17,0,-15,0,-13,0,-10,0,-7,0,-4,0,-1,-1,0,-3,3,-4,6,-5,8,-5,9,-6,10,-6,11,-7,11,-7,11,-6,10,-5,9,-4,8,0,0,-2,5,-2,4,-1,2,0,0,0,0,1,-2,2,-3,3,-4,4,-5,6,-6,6,-5,6,-5,6,-5,6,-4,6,-4,5,-3,4,-2,3,-1,2,0,0,0,0,0,0,0,-2,1,-3,1,-4,0,-5,0,0,0,0,0,0,0,0,0,0,0]"""
299,"CSI_DATA,298,8c:90:2d:97:93:77,-49,11,1,7,1,0,1,0,1,0,0,-97,0,10,2,8197705,0,83,1,128,0,""[0,0,0,0,0,0,0,0,0,0,0,0,2,13,3,15,5,17,5,18,5,19,5,19,4,18,4,17,3,15,3,13,2,10,2,7,1,4,0,0,0,-3,0,-6,0,-9,-1,-11,-1,-13,-1,-14,0,-15,-1,-15,-1,-15,-1,-14,-1,-13,-1,-11,0,0,-1,-8,-1,-6,-1,-4,-1,-2,-1,1,-1,3,-1,5,-2,6,-2,8,-2,9,-3,9,-3,9,-3,9,-3,8,-3,8,-3,6,-3,5,-3,3,-3,2,-2,1,-2,-1,-1,-2,-1,-4,0,-5,1,-5,3,-6,0,0,0,0,0,0,0,0,0,0]"""
300,"CSI_DATA,299,8c:90:2d:97:93:77,-49,11,1,7,1,0,1,0,1,0,0,-97,0,10,2,8207147,0,83,1,128,0,""[0,0,0,0,0,0,0,0,0,0,0,0,10,-6,12,-7,14,-9,15,-9,16,-10,15,-10,15,-9,14,-9,12,-8,10,-7,8,-5,5,-3,2,-3,0,-1,-2,0,-5,0,-7,1,-10,3,-11,2,-12,3,-12,3,-13,3,-12,3,-12,3,-11,3,-9,3,0,0,-6,2,-4,1,-2,0,0,0,0,0,2,0,3,0,5,-1,6,-1,7,-2,8,-1,8,-1,8,-1,7,0,7,0,6,0,5,0,3,0,2,0,0,0,0,0,-1,0,-2,0,-3,0,-5,0,-5,0,0,0,0,0,0,0,0,0,0,0]"""
301,"CSI_DATA,300,8c:90:2d:97:93:77,-49,11,1,7,1,0,1,0,1,0,0,-97,0,10,2,8217246,0,83,1,128,0,""[0,0,0,0,0,0,0,0,0,0,0,0,-12,-1,-15,-1,-18,-2,-18,-1,-19,-1,-19,-1,-18,-1,-17,-1,-15,-1,-13,-1,-10,-1,-7,0,-4,0,-1,0,1,0,3,1,6,2,8,2,10,4,11,4,11,4,11,4,11,4,11,4,9,3,8,2,0,0,6,1,3,0,2,0,0,0,0,-1,-2,-2,-4,-3,-5,-3,-6,-4,-6,-5,-7,-5,-7,-6,-6,-6,-6,-6,-5,-6,-4,-5,-3,-4,-2,-4,-1,-3,0,-2,0,-1,0,0,1,0,1,2,2,3,1,3,0,0,0,0,0,0,0,0,0,0]"""
302,"CSI_DATA,301,8c:90:2d:97:93:77,-49,11,1,7,1,0,1,0,1,0,0,-97,0,10,2,8227318,0,83,1,128,0,""[0,0,0,0,0,0,0,0,0,0,0,0,3,-12,3,-15,4,-16,4,-17,4,-19,4,-18,4,-18,4,-17,3,-15,3,-13,2,-9,0,-7,0,-4,0,-1,-1,0,-3,3,-5,6,-6,7,-7,8,-7,9,-7,10,-7,10,-7,10,-7,9,-6,9,-5,7,0,0,-3,5,-2,4,-1,2,0,0,0,0,1,-1,2,-3,3,-4,5,-5,5,-6,6,-6,6,-6,6,-5,6,-5,5,-4,5,-3,4,-2,3,-1,2,0,1,0,0,0,0,0,-1,1,-2,1,-4,1,-5,1,0,0,0,0,0,0,0,0,0,0]"""
303,"CSI_DATA,302,8c:90:2d:97:93:77,-49,11,1,7,1,0,1,0,1,0,0,-97,0,10,2,8239716,0,83,1,128,0,""[0,0,0,0,0,0,0,0,0,0,0,0,9,8,11,10,14,11,14,12,15,13,14,13,14,12,13,11,11,10,10,8,8,7,6,5,3,2,1,0,-2,-3,-3,-5,-5,-8,-6,-9,-7,-11,-8,-12,-8,-13,-8,-13,-8,-12,-8,-12,-7,-10,-7,-9,0,0,-6,-6,-4,-5,-3,-3,-2,-1,0,1,1,3,2,5,2,6,2,7,3,8,2,9,3,9,2,9,2,8,1,8,1,7,0,6,0,4,-1,3,-1,2,-2,0,-2,-2,-2,-3,-2,-5,-1,-6,-1,-6,0,0,0,0,0,0,0,0,0,0]"""
304,"CSI_DATA,303,8c:90:2d:97:93:77,-49,11,1,7,1,0,1,0,1,0,0,-97,0,10,2,8248156,0,83,1,128,0,""[0,0,0,0,0,0,0,0,0,0,0,0,-8,9,-10,11,-11,12,-12,14,-12,14,-12,14,-12,14,-11,13,-10,11,-8,9,-6,7,-4,5,-2,3,0,0,1,-1,3,-3,6,-5,7,-6,9,-7,9,-8,10,-8,10,-8,9,-8,9,-8,8,-7,7,-7,0,0,4,-5,2,-4,1,-2,0,-1,0,0,-3,0,-4,1,-6,2,-7,2,-8,3,-8,3,-9,3,-8,2,-8,2,-7,1,-7,1,-5,0,-4,0,-3,0,-2,0,0,-1,0,-1,1,-1,2,-1,4,-1,4,-1,0,0,0,0,0,0,0,0,0,0]"""
305,"CSI_DATA,304,8c:90:2d:97:93:77,-49,11,1,7,1,0,1,0,1,0,0,-97,0,10,2,8257258,0,83,1,128,0,""[0,0,0,0,0,0,0,0,0,0,0,0,-11,8,-13,10,-14,10,-15,11,-16,12,-16,12,-16,11,-15,10,-13,9,-11,8,-9,6,-6,4,-4,3,-1,1,3,-1,5,-1,8,-3,10,-4,12,-3,13,-4,13,-4,13,-4,13,-4,12,-4,11,-3,10,-3,0,0,7,-3,4,-3,3,-2,1,-1,-2,-1,-4,-1,-5,-1,-7,-1,-9,-1,-10,-2,-10,-2,-10,-2,-10,-2,-9,-3,-8,-3,-7,-3,-6,-3,-4,-3,-3,-3,-2,-2,0,-2,1,-1,2,0,3,1,4,2,4,3,0,0,0,0,0,0,0,0,0,0]"""
306,"CSI_DATA,305,8c:90:2d:97:93:77,-49,11,1,7,1,0,1,0,1,0,0,-97,0,10,2,8267229,0,83,1,128,0,""[0,0,0,0,0,0,0,0,0,0,0,0,7,11,8,13,10,15,11,15,12,16,11,16,11,15,10,15,9,13,7,11,6,9,4,6,3,3,1,0,-1,-4,-1,-6,-2,-9,-3,-11,-3,-13,-4,-14,-4,-14,-4,-15,-4,-15,-4,-14,-3,-13,-3,-11,0,0,-3,-8,-2,-6,-2,-4,-2,-2,-1,1,-1,3,-1,5,-1,6,-1,8,-2,9,-2,9,-2,9,-2,9,-2,9,-3,8,-3,7,-3,5,-3,4,-2,3,-2,1,-2,-1,-1,-2,0,-4,0,-4,2,-5,3,-6,0,0,0,0,0,0,0,0,0,0]"""
307,"CSI_DATA,306,8c:90:2d:97:93:77,-49,11,1,7,1,0,1,0,1,0,0,-97,0,10,2,8277546,0,83,1,128,0,""[0,0,0,0,0,0,0,0,0,0,0,0,-12,4,-14,6,-17,6,-17,7,-19,7,-18,8,-18,7,-16,6,-15,5,-13,5,-10,3,-7,2,-4,2,-1,1,2,1,5,0,8,-1,10,-1,12,0,13,0,13,-1,13,-1,13,-1,13,-1,11,-1,10,-1,0,0,7,-1,5,-1,3,-2,1,-1,-1,-2,-3,-2,-6,-2,-7,-2,-8,-2,-9,-3,-9,-4,-9,-4,-9,-4,-8,-4,-8,-4,-6,-4,-5,-4,-4,-3,-3,-3,-1,-2,0,-2,1,-1,2,0,3,2,4,3,3,3,0,0,0,0,0,0,0,0,0,0]"""
308,"CSI_DATA,307,8c:90:2d:97:93:77,-49,11,1,7,1,0,1,0,1,0,0,-97,0,10,2,8287255,0,83,1,128,0,""[0,0,0,0,0,0,0,0,0,0,0,0,-9,-9,-12,-11,-14,-12,-15,-13,-16,-14,-15,-14,-15,-13,-14,-12,-12,-11,-11,-10,-9,-8,-6,-6,-4,-3,-2,0,1,3,1,5,3,7,4,9,5,11,5,12,6,12,6,12,6,12,5,11,5,10,5,9,0,0,4,6,3,4,2,2,1,1,0,-2,-1,-4,-2,-6,-1,-7,-1,-9,-2,-9,-1,-10,-1,-10,-1,-10,-1,-10,-1,-9,0,-8,0,-6,1,-5,1,-4,1,-2,1,-1,0,1,0,2,-1,4,-1,5,-2,5,0,0,0,0,0,0,0,0,0,0]"""
309,"CSI_DATA,308,8c:90:2d:97:93:77,-49,11,1,7,1,0,1,0,1,0,0,-97,0,10,2,8299766,0,83,1,128,0,""[0,0,0,0,0,0,0,0,0,0,0,0,6,11,8,13,10,14,11,16,11,17,10,17,10,16,9,15,7,14,6,11,5,9,4,7,2,3,1,0,0,-4,0,-6,0,-10,0,-11,0,-13,0,-14,-1,-15,0,-15,0,-15,0,-14,0,-13,0,-12,0,0,-1,-8,-1,-6,-1,-4,-2,-2,-2,0,-2,2,-3,4,-4,5,-5,6,-5,7,-6,7,-6,8,-6,7,-6,7,-6,6,-6,5,-5,3,-4,3,-3,1,-2,0,-1,-1,0,-2,1,-3,3,-3,4,-3,5,-2,0,0,0,0,0,0,0,0,0,0]"""
310,"CSI_DATA,309,8c:90:2d:97:93:77,-49,11,1,7,1,0,1,0,1,0,0,-97,0,10,2,8307261,0,83,1,128,0,""[0,0,0,0,0,0,0,0,0,0,0,0,-11,-4,-14,-5,-16,-5,-18,-6,-18,-6,-18,-6,-17,-6,-16,-6,-14,-5,-12,-4,-9,-3,-7,-2,-4,0,-1,0,0,1,2,2,4,4,6,5,8,7,8,7,9,8,9,8,9,7,8,7,7,6,7,5,0,0,5,3,3,1,1,0,0,0,0,-1,-1,-3,-2,-4,-3,-5,-3,-6,-4,-7,-4,-8,-4,-8,-3,-8,-3,-8,-2,-7,-1,-6,-1,-5,0,-4,0,-3,0,-2,0,0,0,0,0,1,0,2,0,3,0,4,0,0,0,0,0,0,0,0,0,0]"""
311,"CSI_DATA,310,8c:90:2d:97:93:77,-49,11,1,7,1,0,1,0,1,0,0,-97,0,10,2,8317286,0,83,1,128,0,""[0,0,0,0,0,0,0,0,0,0,0,0,12,-3,15,-3,17,-4,19,-4,19,-4,19,-4,18,-4,17,-4,15,-3,13,-3,10,-3,7,-2,3,-2,0,-2,-3,-1,-6,-1,-9,-1,-11,0,-13,-1,-14,-1,-14,-1,-15,-1,-14,-1,-14,-1,-13,-1,-12,0,0,0,-8,0,-6,0,-4,0,-2,0,0,0,3,0,5,1,6,1,8,1,8,1,9,2,9,2,9,2,8,3,7,2,6,2,5,2,4,2,2,2,1,1,-1,1,-2,0,-3,0,-5,-2,-5,-2,-6,-3,0,0,0,0,0,0,0,0,0,0]"""
312,"CSI_DATA,311,8c:90:2d:97:93:77,-49,11,1,7,1,0,1,0,1,0,0,-97,0,10,2,8327148,0,83,1,128,0,""[0,0,0,0,0,0,0,0,0,0,0,0,-10,7,-11,9,-13,10,-14,11,-14,12,-14,12,-14,12,-13,11,-11,9,-10,8,-8,6,-5,4,-2,2,0,0,1,0,4,-2,6,-4,8,-5,10,-5,11,-6,11,-6,11,-6,11,-6,10,-6,9,-6,8,-5,0,0,5,-4,3,-3,1,-2,0,-1,-1,0,-2,0,-4,0,-6,1,-7,2,-8,2,-9,2,-9,1,-9,1,-8,1,-8,0,-7,0,-6,0,-4,0,-3,0,-2,-1,0,-1,0,-1,1,-1,2,-1,4,0,4,0,0,0,0,0,0,0,0,0,0,0]"""
313,"CSI_DATA,312,8c:90:2d:97:93:77,-49,11,1,7,1,0,1,0,1,0,0,-97,0,10,2,8337611,0,83,1,128,0,""[0,0,0,0,0,0,0,0,0,0,0,0,10,5,13,6,15,7,17,8,17,8,17,8,16,8,15,7,13,6,11,5,9,4,6,3,3,1,0,-1,-3,-3,-4,-4,-7,-6,-8,-7,-10,-9,-11,-9,-11,-9,-11,-9,-11,-9,-11,-9,-10,-8,-9,-7,0,0,-6,-5,-5,-3,-3,-2,-2,-1,0,1,2,2,3,3,4,4,5,5,5,6,5,7,5,7,5,7,4,7,4,6,3,6,2,5,2,4,0,3,-1,2,-1,0,-2,-1,-3,-2,-3,-3,-3,-5,-2,-6,0,0,0,0,0,0,0,0,0,0]"""
314,"CSI_DATA,313,8c:90:2d:97:93:77,-49,11,1,7,1,0,1,0,1,0,0,-97,0,10,2,8350507,0,83,1,128,0,""[0,0,0,0,0,0,0,0,0,0,0,0,1,13,2,16,4,17,4,19,4,20,3,20,3,19,3,18,2,16,2,14,2,11,1,7,1,4,1,0,1,-3,2,-6,2,-9,2,-11,3,-13,3,-14,3,-15,3,-15,3,-14,3,-14,3,-13,2,-11,0,0,1,-8,0,-6,0,-4,-1,-2,-2,0,-2,2,-4,4,-4,5,-6,6,-6,7,-7,7,-7,7,-7,7,-7,6,-7,5,-6,4,-6,3,-5,2,-4,1,-3,0,-1,-1,0,-2,1,-3,2,-3,4,-3,5,-2,0,0,0,0,0,0,0,0,0,0]"""
315,"CSI_DATA,314,8c:90:2d:97:93:77,-49,11,1,7,1,0,1,0,1,0,0,-97,0,10,2,8357130,0,83,1,128,0,""[0,0,0,0,0,0,0,0,0,0,0,0,11,-2,14,-2,16,-2,17,-3,18,-3,18,-3,17,-2,16,-2,14,-2,12,-2,9,-1,6,-1,3,-1,0,-1,-2,-1,-5,-1,-7,-2,-10,-2,-11,-4,-12,-4,-12,-4,-13,-4,-13,-4,-12,-4,-11,-3,-10,-3,0,0,-7,-1,-5,-1,-3,0,-1,0,0,0,0,1,2,2,3,3,4,4,5,5,5,5,5,5,5,6,4,5,3,5,2,5,2,4,0,3,0,2,0,1,0,0,-1,0,-1,-2,-2,-3,-1,-4,-1,-5,0,0,0,0,0,0,0,0,0,0]"""
316,"CSI_DATA,315,8c:90:2d:97:93:77,-49,11,1,7,1,0,1,0,1,0,0,-97,0,10,2,8367299,0,83,1,128,0,""[0,0,0,0,0,0,0,0,0,0,0,0,8,-11,9,-13,11,-14,11,-15,12,-16,12,-16,12,-16,10,-15,9,-13,8,-11,6,-9,4,-6,2,-4,0,-2,-3,1,-5,3,-7,5,-9,7,-10,7,-11,8,-11,9,-11,9,-11,9,-10,8,-9,7,-8,7,0,0,-5,5,-4,4,-3,2,-1,1,0,-1,2,-2,4,-3,5,-4,6,-5,7,-5,8,-6,7,-5,8,-5,7,-5,7,-4,6,-3,5,-3,4,-2,3,-1,2,0,0,1,-1,1,-3,2,-4,2,-5,2,-6,1,0,0,0,0,0,0,0,0,0,0]"""
317,"CSI_DATA,316,8c:90:2d:97:93:77,-49,11,1,7,1,0,1,0,1,0,0,-97,0,10,2,8377275,0,83,1,128,0,""[0,0,0,0,0,0,0,0,0,0,0,0,-13,1,-16,2,-18,2,-20,2,-20,3,-20,3,-20,3,-18,3,-16,2,-14,2,-11,1,-8,0,-4,1,-1,0,2,0,5,0,8,0,10,0,12,1,13,0,13,0,14,0,13,0,13,0,12,0,10,-1,0,0,7,-1,5,-1,3,-1,1,-1,-2,-1,-4,-1,-6,-1,-7,-2,-8,-1,-9,-2,-10,-3,-10,-3,-10,-3,-9,-3,-8,-3,-7,-3,-6,-3,-5,-3,-3,-3,-2,-2,0,-2,1,-1,3,-1,3,0,4,1,5,2,0,0,0,0,0,0,0,0,0,0]"""
318,"CSI_DATA,317,8c:90:2d:97:93:77,-49,11,1,7,1,0,1,0,1,0,0,-97,0,10,2,8387293,0,83,1,128,0,""[0,0,0,0,0,0,0,0,0,0,0,0,10,6,13,8,15,9,17,9,17,10,17,10,16,9,15,9,13,8,11,6,9,5,6,4,3,1,1,-1,-2,-3,-4,-5,-6,-7,-7,-8,-8,-10,-9,-11,-9,-11,-10,-11,-9,-11,-9,-11,-8,-10,-8,-9,0,0,-6,-6,-4,-4,-3,-2,-2,-1,0,1,1,3,2,5,2,6,3,7,3,8,3,8,3,8,3,8,2,8,2,7,1,7,0,5,0,4,-1,3,-1,2,-2,0,-2,-2,-2,-3,-1,-4,-1,-5,0,-6,0,0,0,0,0,0,0,0,0,0]"""
319,"CSI_DATA,318,8c:90:2d:97:93:77,-49,11,1,7,1,0,1,0,1,0,0,-97,0,10,2,8397688,0,83,1,128,0,""[0,0,0,0,0,0,0,0,0,0,0,0,-11,3,-14,4,-17,4,-17,5,-18,5,-18,5,-18,5,-16,4,-14,4,-12,3,-9,2,-7,1,-3,1,0,0,1,0,4,0,7,0,9,-1,11,0,12,0,12,0,13,0,12,0,12,-1,10,-1,9,0,0,0,6,-1,4,-1,2,-1,0,0,-1,0,-3,0,-5,0,-6,-1,-7,0,-8,-1,-9,-1,-9,-1,-9,-2,-8,-2,-7,-2,-6,-2,-5,-2,-4,-2,-2,-2,-1,-1,0,-1,0,0,1,0,2,0,3,0,3,1,0,0,0,0,0,0,0,0,0,0]"""
320,"CSI_DATA,319,8c:90:2d:97:93:77,-49,11,1,7,1,0,1,0,1,0,0,-97,0,10,2,8407365,0,83,1,128,0,""[0,0,0,0,0,0,0,0,0,0,0,0,-9,7,-11,9,-13,10,-13,11,-14,12,-14,12,-13,11,-12,10,-11,9,-10,8,-7,5,-5,3,-2,2,0,0,1,0,4,-2,6,-3,8,-4,10,-4,10,-5,11,-6,11,-5,11,-6,10,-5,9,-5,8,-5,0,0,4,-3,3,-3,1,-2,0,0,-1,0,-3,0,-4,0,-6,0,-7,1,-8,1,-9,0,-9,0,-9,0,-8,0,-8,0,-7,0,-6,0,-4,0,-3,0,-1,-1,0,-1,0,-1,1,-1,2,0,4,0,4,0,0,0,0,0,0,0,0,0,0,0]"""
321,"CSI_DATA,320,8c:90:2d:97:93:77,-49,11,1,7,1,0,1,0,1,0,0,-97,0,10,2,8417259,0,83,1,128,0,""[0,0,0,0,0,0,0,0,0,0,0,0,12,1,15,1,18,1,19,2,20,1,20,1,19,2,18,1,15,1,13,1,10,1,7,0,4,-1,0,-1,-3,-2,-5,-2,-8,-3,-10,-3,-12,-5,-14,-5,-14,-5,-14,-5,-14,-5,-13,-5,-12,-4,-11,-3,0,0,-8,-2,-6,-1,-4,-1,-2,-1,0,1,3,1,4,2,5,2,7,3,8,4,8,4,8,4,8,4,7,4,6,4,5,4,4,3,3,3,2,3,0,2,-1,1,-3,0,-3,-1,-4,-2,-5,-3,-5,-4,0,0,0,0,0,0,0,0,0,0]"""
322,"CSI_DATA,321,8c:90:2d:97:93:77,-49,11,1,7,1,0,1,0,1,0,0,-97,0,10,2,8427448,0,83,1,128,0,""[0,0,0,0,0,0,0,0,0,0,0,0,-11,4,-14,6,-15,6,-17,7,-17,7,-17,8,-17,8,-15,7,-14,6,-11,5,-9,3,-6,2,-3,1,0,0,1,0,4,-1,7,-2,9,-2,11,-2,12,-3,12,-3,12,-3,12,-3,12,-3,10,-2,9,-2,0,0,6,-2,3,-2,2,-1,0,0,-1,0,-3,0,-4,0,-6,0,-8,0,-9,0,-9,0,-9,0,-9,0,-9,0,-8,0,-7,-1,-5,-1,-4,-1,-3,-1,-1,-1,0,-1,0,0,1,0,3,0,4,0,4,0,0,0,0,0,0,0,0,0,0,0]"""
323,"CSI_DATA,322,8c:90:2d:97:93:77,-49,11,1,7,1,0,1,0,1,0,0,-97,0,10,2,8437319,0,83,1,128,0,""[0,0,0,0,0,0,0,0,0,0,0,0,-8,-10,-10,-12,-12,-13,-14,-14,-14,-15,-13,-15,-12,-15,-12,-13,-11,-12,-9,-11,-7,-8,-6,-6,-4,-3,-2,-1,0,2,1,5,2,7,3,9,4,11,4,12,4,13,4,13,4,12,4,12,3,11,3,10,0,0,3,6,2,4,1,2,1,0,0,-2,0,-4,-1,-6,-1,-7,0,-8,0,-9,0,-10,0,-10,0,-10,1,-9,1,-8,1,-8,1,-6,2,-5,1,-3,1,-2,1,0,0,1,0,2,-1,3,-2,4,-3,4,0,0,0,0,0,0,0,0,0,0]"""
324,"CSI_DATA,323,8c:90:2d:97:93:77,-49,11,1,7,1,0,1,0,1,0,1,-97,0,10,2,8447912,0,83,1,128,0,""[0,0,0,0,0,0,0,0,0,0,0,0,6,11,7,13,9,15,10,16,10,17,10,17,9,16,8,15,7,13,6,12,5,9,4,6,2,3,1,0,0,-3,0,-6,-1,-9,-2,-11,-2,-13,-2,-14,-2,-15,-2,-15,-2,-15,-2,-14,-2,-12,-2,-11,0,0,-2,-8,-2,-6,-2,-4,-2,-2,-1,1,-1,3,-1,5,-2,6,-2,7,-3,8,-3,9,-3,9,-3,8,-4,8,-4,7,-4,6,-4,5,-3,4,-3,2,-2,1,-2,-1,-1,-2,0,-3,1,-4,2,-5,3,-5,0,0,0,0,0,0,0,0,0,0]"""
325,"CSI_DATA,324,8c:90:2d:97:93:77,-49,11,1,7,1,0,1,0,1,0,1,-97,0,10,2,8457153,0,83,1,128,0,""[0,0,0,0,0,0,0,0,0,0,0,0,0,-12,1,-16,0,-17,0,-18,0,-19,1,-20,1,-19,1,-17,0,-15,0,-13,0,-10,0,-7,0,-4,0,-1,-1,0,-3,3,-4,6,-5,8,-6,9,-6,10,-6,11,-7,11,-7,10,-6,10,-5,9,-4,8,0,0,-3,5,-2,4,-1,2,0,0,0,0,1,-1,2,-3,3,-4,5,-5,5,-5,6,-5,6,-6,6,-5,6,-4,6,-4,5,-3,4,-2,3,-1,2,0,0,0,0,0,0,0,-2,0,-3,1,-4,0,-5,0,0,0,0,0,0,0,0,0,0,0]"""
326,"CSI_DATA,325,8c:90:2d:97:93:77,-49,11,1,7,1,0,1,0,1,0,1,-97,0,10,2,8467256,0,83,1,128,0,""[0,0,0,0,0,0,0,0,0,0,0,0,-3,13,-3,15,-3,17,-3,18,-3,19,-3,19,-3,19,-3,17,-2,15,-2,13,-2,10,-1,7,-1,4,0,1,1,-3,2,-6,3,-9,3,-11,3,-12,3,-13,4,-14,4,-14,4,-14,3,-13,3,-12,2,-11,0,0,1,-8,0,-6,0,-4,-1,-2,-1,0,-2,2,-2,4,-3,5,-4,7,-5,8,-5,8,-5,8,-5,8,-5,7,-5,7,-5,5,-5,4,-4,3,-3,2,-3,0,-2,-1,-1,-2,0,-3,1,-4,2,-5,3,-5,0,0,0,0,0,0,0,0,0,0]"""
327,"CSI_DATA,326,8c:90:2d:97:93:77,-49,11,1,7,1,0,1,0,1,0,1,-97,0,10,2,8477195,0,83,1,128,0,""[0,0,0,0,0,0,0,0,0,0,0,0,5,-13,5,-15,6,-17,6,-18,6,-20,6,-20,6,-19,6,-17,5,-15,4,-14,3,-11,2,-8,1,-5,-1,-2,-2,1,-4,4,-5,7,-6,9,-7,9,-8,11,-8,11,-8,12,-8,12,-7,11,-7,10,-6,9,0,0,-4,6,-3,5,-2,3,0,1,0,-1,1,-3,3,-4,4,-6,5,-7,5,-8,6,-8,6,-8,6,-7,6,-7,6,-6,5,-5,5,-4,3,-3,3,-2,1,-1,0,0,-1,1,-2,2,-3,3,-4,3,-5,3,0,0,0,0,0,0,0,0,0,0]"""
328,"CSI_DATA,327,8c:90:2d:97:93:77,-49,11,1,7,1,0,1,0,1,0,1,-97,0,10,2,8487287,0,83,1,128,0,""[0,0,0,0,0,0,0,0,0,0,0,0,-11,-7,-13,-9,-17,-9,-18,-10,-18,-10,-18,-11,-17,-10,-16,-9,-14,-8,-12,-7,-10,-6,-7,-5,-4,-2,-1,0,2,2,3,3,5,5,7,6,9,8,10,9,10,9,10,9,10,9,9,8,9,7,8,6,0,0,5,4,4,2,2,1,1,0,-1,-2,-3,-3,-4,-5,-5,-6,-5,-7,-6,-8,-6,-8,-6,-8,-6,-8,-5,-9,-5,-8,-4,-7,-3,-6,-2,-5,-1,-4,0,-3,0,-1,1,0,2,1,2,3,2,4,2,5,0,0,0,0,0,0,0,0,0,0]"""
329,"CSI_DATA,328,8c:90:2d:97:93:77,-49,11,1,7,1,0,1,0,1,0,1,-97,0,10,2,8497557,0,83,1,128,0,""[0,0,0,0,0,0,0,0,0,0,0,0,12,1,15,1,18,2,19,2,20,2,20,1,18,2,17,2,15,1,13,1,10,1,7,0,4,-1,0,-1,-3,-2,-6,-2,-8,-4,-10,-4,-12,-5,-13,-6,-14,-5,-14,-6,-14,-6,-13,-5,-12,-4,-11,-4,0,0,-8,-2,-6,-2,-4,-1,-2,-1,0,1,2,1,4,2,6,3,6,3,7,4,8,4,8,5,7,5,7,5,6,5,5,4,4,4,3,3,1,3,0,2,-1,1,-2,-1,-4,-2,-4,-3,-5,-4,-4,-5,0,0,0,0,0,0,0,0,0,0]"""
330,"CSI_DATA,329,8c:90:2d:97:93:77,-49,11,1,7,1,0,1,0,1,0,1,-97,0,10,2,8507207,0,83,1,128,0,""[0,0,0,0,0,0,0,0,0,0,0,0,-10,-9,-12,-11,-15,-12,-16,-12,-17,-13,-16,-13,-16,-12,-15,-12,-13,-10,-11,-9,-9,-7,-7,-6,-4,-3,-1,0,1,2,2,4,4,6,6,7,7,9,8,10,9,10,9,11,8,10,8,10,7,9,7,8,0,0,5,5,4,3,2,2,1,0,-1,-2,-2,-3,-4,-5,-4,-6,-5,-7,-5,-8,-5,-9,-5,-9,-5,-9,-4,-9,-4,-8,-3,-8,-2,-6,-2,-5,-1,-4,0,-3,1,-1,1,0,2,2,2,3,1,4,1,5,0,0,0,0,0,0,0,0,0,0]"""
331,"CSI_DATA,330,8c:90:2d:97:93:77,-49,11,1,7,1,0,1,0,1,0,1,-97,0,10,2,8517294,0,83,1,128,0,""[0,0,0,0,0,0,0,0,0,0,0,0,-12,-2,-15,-2,-17,-3,-17,-3,-19,-3,-18,-3,-17,-3,-16,-3,-15,-3,-13,-2,-10,-2,-7,-1,-4,0,-1,0,1,1,3,2,5,3,7,4,9,6,10,6,10,6,10,7,10,7,9,6,9,5,8,4,0,0,5,2,4,1,2,0,0,0,0,-1,-1,-3,-2,-4,-3,-5,-4,-6,-5,-7,-5,-7,-5,-8,-4,-8,-4,-7,-3,-7,-2,-6,-1,-5,0,-4,0,-3,0,-2,0,0,0,0,0,1,0,2,0,4,0,4,0,0,0,0,0,0,0,0,0,0]"""
332,"CSI_DATA,331,8c:90:2d:97:93:77,-49,11,1,7,1,0,1,0,1,0,1,-97,0,10,2,8527225,0,83,1,128,0,""[0,0,0,0,0,0,0,0,0,0,0,0,0,12,0,14,0,16,0,17,0,19,0,18,0,18,0,17,0,14,0,12,0,9,0,6,0,3,0,0,0,-2,2,-4,3,-7,3,-9,4,-10,4,-12,4,-12,5,-12,5,-12,4,-11,4,-10,3,-9,0,0,1,-6,0,-5,0,-3,0,-1,-1,0,-2,1,-3,2,-4,3,-6,4,-6,4,-7,4,-7,4,-7,4,-7,3,-7,3,-6,2,-5,1,-4,0,-3,0,-2,0,0,-1,0,-1,1,-2,2,-2,3,-1,4,-1,0,0,0,0,0,0,0,0,0,0]"""
333,"CSI_DATA,332,8c:90:2d:97:93:77,-49,11,1,7,1,0,1,0,1,0,1,-97,0,10,2,8537308,0,83,1,128,0,""[0,0,0,0,0,0,0,0,0,0,0,0,0,13,0,16,1,17,1,19,1,19,1,20,1,19,1,17,1,15,1,13,1,10,0,7,0,4,0,1,0,-3,1,-6,2,-9,1,-11,1,-13,2,-14,2,-15,2,-15,2,-14,1,-14,1,-13,1,-11,0,0,0,-8,0,-6,-1,-4,-1,-2,-1,0,-1,2,-2,4,-2,6,-3,7,-4,8,-4,9,-4,8,-4,9,-4,8,-4,7,-4,6,-4,4,-4,3,-3,2,-3,0,-2,-1,-1,-3,0,-4,1,-4,2,-5,3,-5,0,0,0,0,0,0,0,0,0,0]"""
334,"CSI_DATA,333,8c:90:2d:97:93:77,-49,11,1,7,1,0,1,0,1,0,0,-97,0,10,2,8548006,0,83,1,128,0,""[0,0,0,0,0,0,0,0,0,0,0,0,3,13,4,15,6,17,6,18,6,20,5,19,6,19,5,17,4,16,4,13,3,10,2,7,1,4,0,0,0,-3,0,-6,-1,-9,-1,-11,-1,-13,-1,-14,-2,-15,-1,-15,-1,-15,-1,-14,-1,-13,-2,-12,0,0,-2,-8,-1,-6,-1,-4,-1,-2,-1,0,-1,3,-1,5,-1,6,-2,8,-2,9,-2,9,-3,9,-3,9,-3,8,-3,8,-3,6,-3,5,-3,4,-3,2,-2,1,-2,-1,-2,-2,-1,-4,0,-5,1,-6,2,-6,0,0,0,0,0,0,0,0,0,0]"""
335,"CSI_DATA,334,8c:90:2d:97:93:77,-49,11,1,7,1,0,1,0,1,0,0,-97,0,10,2,8557412,0,83,1,128,0,""[0,0,0,0,0,0,0,0,0,0,0,0,2,-14,3,-17,3,-18,3,-19,3,-20,3,-21,3,-20,2,-18,2,-16,2,-14,1,-11,1,-8,0,-5,-1,-2,-2,1,-3,5,-4,7,-5,10,-5,11,-5,12,-6,13,-6,13,-6,13,-5,12,-4,11,-4,10,0,0,-2,7,-2,5,-1,3,0,1,0,-1,1,-3,2,-5,3,-6,4,-8,4,-8,4,-9,5,-9,5,-8,5,-8,4,-7,4,-6,4,-5,3,-4,2,-2,1,-1,1,0,0,2,-1,2,-2,3,-4,4,-5,4,0,0,0,0,0,0,0,0,0,0]"""
336,"CSI_DATA,335,8c:90:2d:97:93:77,-49,11,1,7,1,0,1,0,1,0,0,-97,0,10,2,8567140,0,83,1,128,0,""[0,0,0,0,0,0,0,0,0,0,0,0,-12,0,-15,0,-18,0,-19,0,-20,0,-20,0,-19,0,-17,0,-15,0,-13,0,-10,0,-7,0,-4,0,0,0,1,0,4,0,7,0,9,0,11,1,12,1,12,1,13,1,12,1,12,1,11,0,9,0,0,0,6,0,4,0,2,0,0,0,-1,0,-2,-1,-5,-1,-6,-1,-7,-2,-8,-2,-8,-2,-9,-3,-9,-3,-8,-3,-7,-3,-6,-3,-5,-3,-3,-3,-2,-2,-1,-2,0,-1,0,0,2,0,3,0,3,1,3,2,0,0,0,0,0,0,0,0,0,0]"""
337,"CSI_DATA,336,8c:90:2d:97:93:77,-49,11,1,7,1,0,1,0,1,0,0,-97,0,10,2,8577235,0,83,1,128,0,""[0,0,0,0,0,0,0,0,0,0,0,0,-1,13,0,16,1,17,1,18,1,20,1,20,0,19,1,17,0,15,0,13,0,10,0,7,0,4,0,1,0,-3,1,-6,2,-9,1,-11,2,-13,2,-14,2,-15,2,-14,2,-15,1,-14,1,-13,0,-11,0,0,0,-8,0,-6,-1,-4,-1,-2,-1,1,-1,3,-2,4,-2,6,-3,7,-3,8,-4,9,-4,9,-4,9,-4,8,-4,7,-4,6,-4,5,-4,4,-3,2,-2,1,-2,-1,-1,-3,0,-4,0,-4,2,-5,3,-5,0,0,0,0,0,0,0,0,0,0]"""
338,"CSI_DATA,337,8c:90:2d:97:93:77,-49,11,1,7,1,0,1,0,1,0,0,-97,0,10,2,8587209,0,83,1,128,0,""[0,0,0,0,0,0,0,0,0,0,0,0,12,-3,15,-4,17,-4,19,-4,19,-4,19,-4,19,-4,17,-3,15,-3,13,-3,10,-2,7,-2,4,-2,0,-2,-3,-2,-6,-2,-8,-3,-11,-3,-13,-4,-14,-4,-14,-4,-14,-4,-14,-4,-13,-4,-12,-3,-11,-3,0,0,-8,-2,-6,-1,-4,-1,-2,0,0,1,2,1,4,3,5,3,6,4,7,4,7,5,7,5,7,5,6,6,5,5,4,5,3,4,2,3,1,3,0,2,-2,0,-2,-1,-3,-2,-3,-3,-4,-4,-3,-6,0,0,0,0,0,0,0,0,0,0]"""
339,"CSI_DATA,338,8c:90:2d:97:93:77,-49,11,1,7,1,0,1,0,1,0,0,-97,0,10,2,8597576,0,83,1,128,0,""[0,0,0,0,0,0,0,0,0,0,0,0,12,2,14,3,18,3,18,4,20,4,19,4,18,4,17,4,15,3,13,2,10,2,7,1,4,0,0,-1,-3,-3,-5,-4,-7,-5,-10,-6,-11,-8,-12,-8,-12,-8,-12,-8,-12,-8,-12,-8,-11,-7,-10,-6,0,0,-7,-4,-6,-3,-4,-1,-2,-1,0,1,2,2,3,4,4,5,5,6,5,7,5,7,5,7,5,7,4,7,4,7,3,6,2,5,1,4,0,3,-1,2,-1,0,-2,-2,-3,-3,-3,-4,-3,-5,-2,-6,0,0,0,0,0,0,0,0,0,0]"""
340,"CSI_DATA,339,8c:90:2d:97:93:77,-49,11,1,7,1,0,1,0,1,0,0,-97,0,10,2,8607269,0,83,1,128,0,""[0,0,0,0,0,0,0,0,0,0,0,0,-9,-10,-11,-11,-14,-13,-14,-14,-15,-15,-14,-14,-14,-14,-13,-13,-11,-12,-10,-10,-8,-9,-6,-6,-4,-3,-2,0,0,3,0,5,1,7,3,9,3,11,3,13,4,13,3,13,3,13,3,12,3,11,3,10,0,0,2,6,1,5,1,2,1,1,0,-2,0,-4,0,-6,0,-7,1,-8,1,-9,2,-10,2,-10,2,-10,2,-9,2,-8,2,-7,2,-6,2,-4,2,-3,1,-2,1,0,0,1,-1,2,-2,3,-3,4,-4,3,0,0,0,0,0,0,0,0,0,0]"""
341,"CSI_DATA,340,8c:90:2d:97:93:77,-49,11,1,7,1,0,1,0,1,0,0,-97,0,10,2,8617202,0,83,1,128,0,""[0,0,0,0,0,0,0,0,0,0,0,0,-6,12,-6,14,-7,16,-7,17,-8,18,-8,18,-8,17,-7,16,-6,14,-6,12,-4,9,-3,7,-2,4,0,1,2,-2,4,-4,6,-6,7,-8,9,-8,9,-9,10,-10,10,-10,10,-10,10,-9,8,-8,8,-8,0,0,5,-6,3,-5,2,-4,0,-2,-2,-1,-3,0,-5,1,-7,1,-8,2,-9,2,-10,2,-10,2,-10,1,-9,1,-9,0,-7,0,-7,-1,-5,-1,-4,-1,-2,-1,-1,-2,1,-2,2,-1,3,-1,5,0,5,1,0,0,0,0,0,0,0,0,0,0]"""
342,"CSI_DATA,341,8c:90:2d:97:93:77,-49,11,1,7,1,0,1,0,1,0,0,-97,0,10,2,8627135,0,83,1,128,0,""[0,0,0,0,0,0,0,0,0,0,0,0,12,0,15,0,18,0,18,1,20,1,19,0,19,1,17,1,15,1,13,1,10,0,7,0,4,-1,1,-2,-3,-3,-5,-4,-7,-5,-10,-6,-11,-7,-12,-8,-12,-8,-12,-8,-12,-8,-12,-8,-11,-7,-10,-6,0,0,-7,-4,-5,-3,-4,-2,-2,-1,0,1,1,2,2,4,3,5,4,6,5,7,4,8,4,8,4,8,3,7,3,7,2,6,1,5,0,4,0,3,-1,2,-1,0,-2,-2,-2,-3,-1,-4,-1,-5,0,-6,0,0,0,0,0,0,0,0,0,0]"""
343,"CSI_DATA,342,8c:90:2d:97:93:77,-49,11,1,7,1,0,1,0,1,0,0,-97,0,10,2,8637240,0,83,1,128,0,""[0,0,0,0,0,0,0,0,0,0,0,0,-13,0,-16,1,-19,0,-20,1,-20,1,-21,1,-20,1,-19,1,-16,0,-14,1,-11,0,-8,0,-4,1,-1,1,2,1,5,1,8,1,10,1,12,2,13,2,13,2,13,2,13,2,13,2,12,1,10,1,0,0,7,0,5,-1,3,-1,1,-1,-2,-1,-4,-2,-6,-2,-7,-3,-8,-3,-9,-3,-10,-4,-10,-4,-10,-4,-9,-4,-8,-4,-7,-4,-6,-4,-4,-4,-3,-3,-1,-3,0,-2,1,-1,3,0,3,1,4,2,4,3,0,0,0,0,0,0,0,0,0,0]"""
344,"CSI_DATA,343,8c:90:2d:97:93:77,-49,11,1,7,1,0,1,0,1,0,0,-97,0,10,2,8649739,0,83,1,128,0,""[0,0,0,0,0,0,0,0,0,0,0,0,-6,10,-7,13,-7,14,-8,15,-8,16,-9,16,-8,16,-7,14,-6,12,-6,11,-5,8,-3,5,-1,3,0,0,1,-1,2,-4,4,-6,5,-8,6,-8,7,-9,7,-10,8,-10,7,-10,7,-10,6,-9,5,-8,0,0,3,-5,2,-4,0,-3,0,-1,0,0,-2,0,-3,2,-4,3,-6,4,-6,4,-7,4,-7,4,-7,4,-7,3,-7,3,-6,2,-5,1,-4,0,-3,0,-2,0,0,-1,0,-1,0,-2,1,-2,3,-2,4,-2,0,0,0,0,0,0,0,0,0,0]"""
345,"CSI_DATA,344,8c:90:2d:97:93:77,-49,11,1,7,1,0,1,0,1,0,0,-97,0,10,2,8657377,0,83,1,128,0,""[0,0,0,0,0,0,0,0,0,0,0,0,2,13,2,16,4,17,4,18,4,19,4,20,3,19,3,17,3,15,2,13,2,10,1,7,1,4,0,0,0,-3,0,-6,0,-9,-1,-11,-1,-13,-1,-14,-1,-15,-1,-15,-2,-15,-2,-14,-2,-13,-2,-11,0,0,-2,-8,-2,-6,-1,-4,-1,-1,0,0,0,3,0,5,0,6,-1,8,-1,9,-1,9,-1,9,-1,9,-1,9,-2,8,-2,7,-2,6,-2,4,-2,3,-2,1,-2,-1,-2,-2,-1,-3,-1,-5,0,-6,1,-6,0,0,0,0,0,0,0,0,0,0]"""
346,"CSI_DATA,345,8c:90:2d:97:93:77,-49,11,1,7,1,0,1,0,1,0,0,-97,0,10,2,8667265,0,83,1,128,0,""[0,0,0,0,0,0,0,0,0,0,0,0,11,2,14,2,17,3,18,3,19,3,19,3,18,3,17,3,15,2,12,1,10,1,7,1,4,-1,0,-1,-3,-2,-5,-2,-8,-3,-10,-3,-12,-4,-13,-5,-14,-5,-14,-5,-13,-4,-13,-4,-12,-4,-11,-3,0,0,-8,-2,-6,-1,-4,-1,-2,-1,1,0,3,1,4,1,6,2,7,2,8,3,8,3,8,3,8,3,8,4,7,3,6,3,4,3,3,2,2,2,0,2,-1,1,-3,0,-4,-1,-5,-2,-5,-3,-5,-3,0,0,0,0,0,0,0,0,0,0]"""
347,"CSI_DATA,346,8c:90:2d:97:93:77,-49,11,1,7,1,0,1,0,1,0,0,-97,0,10,2,8677178,0,83,1,128,0,""[0,0,0,0,0,0,0,0,0,0,0,0,2,12,3,15,4,16,4,18,5,19,4,19,4,18,4,17,3,14,3,12,2,9,2,7,1,4,0,0,-1,-3,0,-6,-1,-9,-1,-11,-1,-13,-2,-14,-2,-14,-2,-14,-1,-14,-2,-14,-2,-12,-2,-11,0,0,-2,-8,-2,-6,-1,-4,-1,-1,0,0,0,3,0,4,0,6,-1,8,-1,8,-1,9,-1,9,-1,9,-2,8,-2,8,-2,7,-2,5,-2,4,-2,3,-2,1,-2,-1,-2,-2,-2,-3,-1,-5,0,-5,1,-6,0,0,0,0,0,0,0,0,0,0]"""
348,"CSI_DATA,347,8c:90:2d:97:93:77,-49,11,1,7,1,0,1,0,1,0,0,-97,0,10,2,8687323,0,83,1,128,0,""[0,0,0,0,0,0,0,0,0,0,0,0,-2,-14,-2,-17,-3,-19,-3,-19,-3,-21,-2,-21,-2,-20,-2,-19,-2,-17,-1,-14,-2,-12,-2,-8,-2,-5,-1,-2,-2,2,-3,5,-4,8,-4,10,-4,11,-5,12,-5,13,-5,13,-5,13,-5,13,-4,11,-4,10,0,0,-2,7,-2,5,-1,3,0,1,1,-1,2,-3,2,-5,3,-6,5,-7,5,-8,6,-8,6,-8,6,-8,6,-7,6,-6,5,-5,5,-4,4,-3,3,-2,1,-1,0,0,-1,1,-2,2,-4,2,-5,2,-6,2,0,0,0,0,0,0,0,0,0,0]"""
349,"CSI_DATA,348,8c:90:2d:97:93:77,-49,11,1,7,1,0,1,0,1,0,0,-97,0,10,2,8697627,0,83,1,128,0,""[0,0,0,0,0,0,0,0,0,0,0,0,-8,9,-9,11,-10,13,-11,13,-11,15,-12,14,-11,14,-10,13,-9,11,-8,9,-6,7,-4,5,-2,3,0,0,1,0,4,-2,6,-4,8,-5,9,-5,10,-6,10,-6,11,-6,11,-7,10,-6,9,-6,8,-5,0,0,5,-4,3,-3,1,-2,0,-1,0,0,-2,0,-4,0,-6,0,-8,0,-9,0,-9,0,-9,0,-9,0,-8,0,-8,0,-7,0,-6,0,-4,-1,-3,-1,-1,-1,0,-1,0,0,1,0,2,0,4,0,4,0,0,0,0,0,0,0,0,0,0,0]"""
350,"CSI_DATA,349,8c:90:2d:97:93:77,-49,11,1,7,1,0,1,0,1,0,0,-97,0,10,2,8709448,0,83,1,128,0,""[0,0,0,0,0,0,0,0,0,0,0,0,0,-14,0,-17,0,-19,0,-20,0,-21,0,-22,0,-20,0,-19,0,-17,0,-15,0,-12,0,-8,-1,-5,-1,-1,-2,2,-3,5,-3,8,-4,10,-4,12,-4,13,-4,13,-4,13,-4,13,-4,13,-4,12,-3,10,0,0,-2,7,-1,5,-1,3,0,1,0,-1,1,-3,1,-5,2,-7,3,-8,4,-9,4,-9,4,-9,4,-9,4,-8,4,-8,4,-6,4,-5,3,-4,2,-3,2,-1,1,0,0,2,-1,3,-2,3,-4,4,-5,4,0,0,0,0,0,0,0,0,0,0]"""
351,"CSI_DATA,350,8c:90:2d:97:93:77,-49,11,1,7,1,0,1,0,1,0,0,-97,0,10,2,8717159,0,83,1,128,0,""[0,0,0,0,0,0,0,0,0,0,0,0,9,-8,11,-10,13,-10,14,-11,14,-12,14,-12,14,-12,13,-11,11,-9,9,-8,7,-6,4,-4,1,-3,0,-1,-2,0,-5,1,-7,2,-9,3,-11,3,-12,4,-12,4,-13,4,-12,5,-12,4,-10,4,-9,3,0,0,-6,2,-4,2,-2,1,0,0,0,0,1,0,3,-1,5,-1,6,-2,7,-2,8,-2,8,-2,8,-1,8,-1,7,-1,6,0,5,0,3,0,2,0,1,0,0,0,-1,0,-2,0,-3,0,-5,0,-5,0,0,0,0,0,0,0,0,0,0,0]"""
352,"CSI_DATA,351,8c:90:2d:97:93:77,-49,11,1,7,1,0,1,0,1,0,0,-97,0,10,2,8727289,0,83,1,128,0,""[0,0,0,0,0,0,0,0,0,0,0,0,2,-14,2,-16,2,-18,2,-19,2,-21,3,-20,3,-20,2,-18,2,-16,2,-14,1,-11,0,-8,0,-5,-1,-2,-2,2,-3,5,-4,7,-5,9,-5,11,-6,12,-6,12,-6,12,-6,13,-6,12,-5,11,-4,10,0,0,-3,7,-2,5,-1,3,0,1,0,-1,1,-3,2,-5,3,-6,4,-8,5,-8,5,-8,5,-9,5,-8,5,-7,5,-7,4,-6,4,-5,3,-4,2,-2,2,-1,1,0,0,2,-1,2,-3,3,-4,3,-5,3,0,0,0,0,0,0,0,0,0,0]"""
353,"CSI_DATA,352,8c:90:2d:97:93:77,-49,11,1,7,1,0,1,0,1,0,0,-97,0,10,2,8737211,0,83,1,128,0,""[0,0,0,0,0,0,0,0,0,0,0,0,-1,-14,-2,-16,-3,-18,-4,-19,-4,-21,-3,-21,-3,-20,-2,-18,-2,-16,-2,-14,-2,-11,-2,-8,-1,-5,-1,-1,-2,2,-3,5,-3,8,-4,10,-4,11,-4,12,-4,13,-5,13,-5,13,-4,13,-4,11,-3,10,0,0,-2,7,-1,5,-1,3,0,1,0,-1,1,-3,2,-5,3,-6,4,-7,5,-8,6,-8,6,-8,6,-7,6,-7,6,-6,5,-5,5,-4,4,-3,3,-2,2,-1,0,0,-1,1,-2,2,-3,2,-5,2,-6,2,0,0,0,0,0,0,0,0,0,0]"""
354,"CSI_DATA,353,8c:90:2d:97:93:77,-49,11,1,7,1,0,1,0,1,0,0,-97,0,10,2,8747816,0,83,1,128,0,""[0,0,0,0,0,0,0,0,0,0,0,0,11,-3,13,-4,16,-5,16,-5,17,-5,17,-6,16,-5,16,-5,13,-4,12,-4,9,-3,6,-2,2,-2,0,-1,-2,-1,-5,0,-8,0,-10,0,-12,-1,-13,-1,-13,-1,-14,-1,-13,-1,-13,0,-12,0,-10,0,0,0,-7,0,-5,0,-3,0,-1,0,0,0,1,0,3,1,5,1,6,1,7,2,7,2,7,3,7,3,6,3,6,3,4,3,3,2,2,2,1,1,0,1,0,0,-1,0,-2,0,-3,-2,-4,-3,-3,-4,0,0,0,0,0,0,0,0,0,0]"""
355,"CSI_DATA,354,8c:90:2d:97:93:77,-49,11,1,7,1,0,1,0,1,0,0,-97,0,10,2,8759632,0,83,1,128,0,""[0,0,0,0,0,0,0,0,0,0,0,0,-13,-2,-16,-2,-19,-2,-20,-2,-21,-2,-21,-2,-20,-2,-19,-2,-16,-2,-14,-1,-11,-1,-8,-1,-5,0,-1,0,2,1,4,1,7,2,10,2,11,3,13,3,13,3,13,3,13,3,12,3,11,3,10,2,0,0,7,1,5,0,3,0,1,-1,-1,-1,-3,-2,-5,-3,-7,-3,-8,-3,-9,-4,-9,-5,-9,-5,-9,-5,-9,-5,-8,-5,-6,-5,-5,-4,-4,-4,-3,-3,-1,-3,0,-2,1,-1,3,0,3,1,4,2,4,3,0,0,0,0,0,0,0,0,0,0]"""
356,"CSI_DATA,355,8c:90:2d:97:93:77,-49,11,1,7,1,0,1,0,1,0,0,-97,0,10,2,8767259,0,83,1,128,0,""[0,0,0,0,0,0,0,0,0,0,0,0,-5,-13,-6,-15,-8,-17,-9,-18,-9,-19,-8,-19,-8,-18,-8,-17,-7,-15,-6,-13,-5,-10,-4,-8,-3,-4,-1,-1,0,2,0,5,0,8,1,10,1,12,2,13,2,13,2,13,2,14,2,13,1,11,2,10,0,0,1,7,1,5,1,3,1,1,0,-2,-1,-4,-1,-6,-1,-7,0,-8,0,-10,0,-10,0,-10,1,-10,1,-9,1,-9,1,-8,1,-6,1,-5,1,-4,1,-2,1,0,0,1,0,3,-1,3,-2,4,-3,5,0,0,0,0,0,0,0,0,0,0]"""
357,"CSI_DATA,356,8c:90:2d:97:93:77,-49,11,1,7,1,0,1,0,1,0,0,-97,0,10,2,8777199,0,83,1,128,0,""[0,0,0,0,0,0,0,0,0,0,0,0,1,14,2,16,3,18,3,20,3,21,2,21,2,20,2,19,2,16,1,14,1,11,1,8,1,4,0,1,1,-3,1,-6,2,-10,2,-12,2,-14,2,-15,2,-15,2,-15,2,-15,2,-15,2,-13,1,-12,0,0,0,-9,0,-6,0,-4,-1,-2,-1,0,-2,3,-3,5,-3,6,-4,8,-5,8,-5,9,-6,9,-6,8,-6,8,-6,7,-5,6,-5,4,-4,3,-3,2,-3,0,-2,-1,-1,-2,1,-4,2,-4,3,-5,4,-5,0,0,0,0,0,0,0,0,0,0]"""
358,"CSI_DATA,357,8c:90:2d:97:93:77,-49,11,1,7,1,0,1,0,1,0,0,-97,0,10,2,8787294,0,83,1,128,0,""[0,0,0,0,0,0,0,0,0,0,0,0,12,-4,14,-5,17,-5,18,-5,18,-6,18,-6,18,-6,17,-5,14,-4,12,-4,10,-3,7,-3,3,-3,0,-2,-4,-1,-6,-1,-9,-1,-11,0,-13,-1,-14,-1,-14,-1,-15,-1,-14,-1,-14,-1,-12,0,-11,0,0,0,-8,0,-6,0,-4,0,-2,0,1,1,2,1,4,1,6,1,7,1,8,2,9,2,9,3,8,3,8,3,7,3,6,3,5,2,3,2,2,2,0,1,-1,1,-2,0,-4,-1,-4,-2,-5,-3,-5,-4,0,0,0,0,0,0,0,0,0,0]"""
359,"CSI_DATA,358,8c:90:2d:97:93:77,-49,11,1,7,1,0,1,0,1,0,0,-97,0,10,2,8797535,0,83,1,128,0,""[0,0,0,0,0,0,0,0,0,0,0,0,9,8,11,10,14,11,14,12,15,12,14,12,14,12,13,11,11,10,10,8,8,6,5,5,3,2,1,-1,-2,-3,-3,-5,-4,-8,-6,-9,-7,-11,-7,-12,-8,-12,-7,-13,-8,-12,-7,-12,-7,-10,-7,-9,0,0,-5,-7,-4,-5,-3,-3,-2,-1,-1,1,0,3,1,4,2,6,2,7,2,8,2,8,2,9,1,9,1,8,0,8,0,7,-1,5,-1,4,-1,3,-1,1,-2,0,-2,-2,-2,-3,-1,-4,0,-6,0,-6,0,0,0,0,0,0,0,0,0,0]"""
360,"CSI_DATA,359,8c:90:2d:97:93:77,-49,11,1,7,1,0,1,0,1,0,0,-97,0,10,2,8807291,0,83,1,128,0,""[0,0,0,0,0,0,0,0,0,0,0,0,6,10,8,12,11,13,11,14,11,15,11,15,11,15,10,14,9,12,7,10,6,8,5,5,2,3,0,0,-1,-3,-2,-6,-2,-9,-4,-10,-4,-12,-5,-13,-5,-14,-5,-14,-5,-14,-5,-13,-4,-12,-4,-10,0,0,-4,-7,-3,-5,-2,-3,-2,-2,-1,1,0,3,0,5,0,6,0,7,0,9,0,9,0,9,-1,9,-1,8,-1,8,-1,7,-2,5,-2,4,-2,3,-2,1,-2,0,-2,-2,-1,-3,-1,-5,0,-5,1,-6,0,0,0,0,0,0,0,0,0,0]"""
361,"CSI_DATA,360,8c:90:2d:97:93:77,-49,11,1,7,1,0,1,0,1,0,0,-97,0,10,2,8817226,0,83,1,128,0,""[0,0,0,0,0,0,0,0,0,0,0,0,4,-13,4,-16,4,-17,5,-18,5,-19,6,-20,6,-19,5,-17,5,-15,3,-13,3,-10,1,-8,0,-5,-1,-2,-3,1,-4,4,-6,6,-7,8,-8,9,-9,10,-9,10,-9,11,-9,10,-8,10,-7,9,-7,8,0,0,-4,6,-3,4,-2,3,-1,1,1,-1,2,-2,3,-4,5,-5,6,-5,7,-6,7,-6,7,-6,7,-6,7,-5,7,-4,6,-4,5,-3,4,-2,3,-1,1,0,0,1,-1,1,-3,2,-4,2,-5,2,-6,1,0,0,0,0,0,0,0,0,0,0]"""
362,"CSI_DATA,361,8c:90:2d:97:93:77,-49,11,1,7,1,0,1,0,1,0,0,-97,0,10,2,8827271,0,83,1,128,0,""[0,0,0,0,0,0,0,0,0,0,0,0,0,-13,0,-16,0,-17,0,-18,0,-20,0,-19,1,-19,1,-17,0,-15,0,-13,0,-10,0,-7,0,-4,-1,-1,-1,0,-3,4,-4,6,-5,8,-5,9,-6,10,-6,11,-6,11,-6,11,-6,10,-5,9,-5,8,0,0,-3,5,-2,4,0,2,0,0,0,0,1,-1,2,-3,3,-4,5,-5,6,-5,6,-5,6,-5,6,-5,6,-4,6,-4,5,-3,4,-2,3,-1,2,0,1,0,0,0,0,0,-1,0,-3,1,-4,0,-5,0,0,0,0,0,0,0,0,0,0,0]"""
363,"CSI_DATA,362,8c:90:2d:97:93:77,-49,11,1,7,1,0,1,0,1,0,0,-97,0,10,2,8837307,0,83,1,128,0,""[0,0,0,0,0,0,0,0,0,0,0,0,10,-6,12,-8,14,-8,15,-8,16,-9,16,-9,16,-9,14,-8,12,-7,11,-6,8,-5,5,-3,2,-3,0,-2,-3,0,-5,0,-8,0,-10,0,-12,0,-13,0,-13,0,-14,0,-13,0,-13,1,-11,0,-10,0,0,0,-7,0,-5,0,-3,0,-1,0,0,0,1,0,3,0,5,0,7,0,7,0,8,0,8,1,8,1,7,1,6,1,5,1,4,1,3,1,1,1,0,0,0,0,-1,0,-2,0,-3,-1,-4,-2,-4,-3,0,0,0,0,0,0,0,0,0,0]"""
364,"CSI_DATA,363,8c:90:2d:97:93:77,-49,11,1,7,1,0,1,0,1,0,0,-97,0,10,2,8847827,0,83,1,128,0,""[0,0,0,0,0,0,0,0,0,0,0,0,1,13,2,15,3,17,3,18,4,19,3,19,3,19,3,17,2,15,2,13,1,10,1,7,1,4,0,0,0,-3,1,-6,1,-9,0,-11,0,-13,0,-14,0,-15,0,-15,0,-15,0,-14,0,-12,-1,-11,0,0,-1,-8,-1,-6,-1,-4,-1,-2,-1,0,-1,2,-2,5,-2,6,-2,7,-3,8,-3,9,-3,9,-4,9,-4,8,-4,7,-4,6,-4,5,-3,4,-3,2,-2,1,-2,-1,-1,-2,0,-4,1,-5,2,-5,3,-5,0,0,0,0,0,0,0,0,0,0]"""
365,"CSI_DATA,364,8c:90:2d:97:93:77,-49,11,1,7,1,0,1,0,1,0,0,-97,0,10,2,8857206,0,83,1,128,0,""[0,0,0,0,0,0,0,0,0,0,0,0,-12,1,-14,2,-17,2,-18,2,-20,2,-19,3,-18,3,-17,3,-15,2,-13,2,-10,1,-7,0,-3,0,0,0,1,0,4,0,7,0,9,0,11,0,12,0,13,0,13,0,13,0,12,0,11,0,9,0,0,0,6,-1,4,-1,2,-1,0,0,0,0,-3,0,-5,0,-6,0,-7,0,-9,0,-9,-1,-9,-1,-9,-1,-8,-2,-8,-2,-7,-2,-5,-1,-4,-2,-2,-2,-1,-1,0,-1,0,0,2,0,3,0,4,0,4,1,0,0,0,0,0,0,0,0,0,0]"""
366,"CSI_DATA,365,8c:90:2d:97:93:77,-49,11,1,7,1,0,1,0,1,0,0,-97,0,10,2,8867226,0,83,1,128,0,""[0,0,0,0,0,0,0,0,0,0,0,0,11,4,14,4,16,5,18,5,19,6,18,6,17,5,16,5,14,4,12,3,10,3,7,2,4,0,0,-1,-3,-3,-4,-4,-7,-6,-9,-6,-11,-8,-11,-8,-12,-8,-12,-9,-12,-8,-12,-8,-10,-7,-10,-6,0,0,-7,-4,-5,-3,-4,-2,-2,-1,0,1,1,2,3,3,4,4,5,5,5,6,5,6,6,7,5,7,5,7,4,6,3,6,2,5,1,4,0,3,-1,2,-2,0,-2,-1,-3,-3,-3,-4,-3,-5,-2,-6,0,0,0,0,0,0,0,0,0,0]"""
367,"CSI_DATA,366,8c:90:2d:97:93:77,-49,11,1,7,1,0,1,0,1,0,0,-97,0,10,2,8877328,0,83,1,128,0,""[0,0,0,0,0,0,0,0,0,0,0,0,-10,-8,-12,-10,-15,-11,-16,-12,-16,-13,-16,-13,-15,-12,-14,-12,-13,-10,-11,-9,-9,-7,-7,-5,-4,-3,-2,0,1,2,2,4,3,7,5,8,7,10,7,11,7,11,7,11,7,11,7,10,6,9,6,8,0,0,4,5,3,3,2,2,1,0,-1,-2,-2,-4,-3,-6,-3,-7,-3,-8,-3,-9,-3,-9,-3,-10,-3,-10,-2,-9,-2,-9,-1,-8,-1,-6,-1,-5,0,-4,0,-3,1,-1,1,1,1,2,1,3,0,5,-1,5,0,0,0,0,0,0,0,0,0,0]"""
368,"CSI_DATA,367,8c:90:2d:97:93:77,-49,11,1,7,1,0,1,0,1,0,0,-97,0,10,2,8887216,0,83,1,128,0,""[0,0,0,0,0,0,0,0,0,0,0,0,-11,6,-14,8,-16,8,-17,9,-17,9,-18,10,-17,9,-16,8,-14,7,-12,6,-9,4,-7,3,-4,3,-1,1,2,0,5,-2,8,-2,10,-3,11,-3,12,-3,13,-4,13,-4,13,-4,12,-3,11,-3,10,-3,0,0,7,-3,5,-3,3,-2,1,-1,-2,-1,-3,-1,-5,-1,-7,-1,-9,0,-10,-1,-10,-1,-10,-1,-10,-2,-9,-2,-8,-2,-7,-2,-6,-2,-5,-2,-3,-2,-2,-2,0,-2,1,-1,3,-1,3,0,5,1,5,2,0,0,0,0,0,0,0,0,0,0]"""
369,"CSI_DATA,368,8c:90:2d:97:93:77,-49,11,1,7,1,0,1,0,1,0,0,-97,0,10,2,8897574,0,83,1,128,0,""[0,0,0,0,0,0,0,0,0,0,0,0,-3,-14,-4,-16,-6,-18,-6,-19,-6,-20,-6,-20,-5,-20,-5,-18,-5,-16,-4,-14,-3,-11,-3,-8,-2,-4,-1,-1,-1,2,-1,5,-2,8,-1,10,-1,12,-1,13,-1,14,-1,14,-2,14,-2,13,-1,12,-1,10,0,0,0,7,0,5,0,3,0,1,0,-1,0,-4,1,-5,2,-7,2,-8,3,-9,3,-9,4,-10,4,-9,4,-8,4,-8,3,-7,3,-5,3,-4,2,-3,2,-2,1,0,0,1,-1,2,-2,3,-4,4,-5,4,0,0,0,0,0,0,0,0,0,0]"""
370,"CSI_DATA,369,8c:90:2d:97:93:77,-49,11,1,7,1,0,1,0,1,0,0,-97,0,10,2,8907334,0,83,1,128,0,""[0,0,0,0,0,0,0,0,0,0,0,0,-8,-10,-10,-13,-13,-13,-13,-15,-14,-16,-13,-15,-13,-15,-12,-14,-11,-12,-9,-11,-7,-8,-6,-6,-3,-3,-2,-1,0,2,1,5,2,7,3,9,4,11,5,12,5,12,5,12,5,12,5,11,4,10,4,9,0,0,3,6,2,4,1,2,1,1,0,-2,-1,-4,-1,-5,-2,-7,-1,-8,-2,-9,-1,-10,-2,-10,-1,-10,-1,-9,0,-9,0,-8,0,-6,1,-5,1,-4,1,-2,1,-1,1,1,0,2,0,3,-1,5,-2,5,0,0,0,0,0,0,0,0,0,0]"""
371,"CSI_DATA,370,8c:90:2d:97:93:77,-49,11,1,7,1,0,1,0,1,0,0,-97,0,10,2,8917239,0,83,1,128,0,""[0,0,0,0,0,0,0,0,0,0,0,0,12,1,15,1,18,2,19,2,20,2,20,1,19,1,17,1,15,1,13,1,10,1,7,0,4,-1,0,-1,-3,-2,-6,-2,-8,-3,-11,-3,-12,-5,-13,-5,-14,-5,-14,-5,-14,-5,-13,-4,-12,-4,-11,-3,0,0,-8,-2,-6,-1,-4,-1,-2,-1,0,1,3,1,4,2,6,3,7,3,8,4,8,4,8,4,8,4,7,4,6,4,6,4,4,3,3,3,2,2,1,2,-1,1,-3,0,-4,-1,-4,-2,-5,-3,-5,-4,0,0,0,0,0,0,0,0,0,0]"""
372,"CSI_DATA,371,8c:90:2d:97:93:77,-49,11,1,7,1,0,1,0,1,0,0,-97,0,10,2,8927208,0,83,1,128,0,""[0,0,0,0,0,0,0,0,0,0,0,0,6,-10,8,-13,8,-14,9,-14,10,-16,10,-16,10,-15,9,-14,8,-12,7,-11,5,-8,3,-6,1,-4,0,-1,-2,0,-5,1,-7,3,-9,4,-10,5,-11,5,-11,5,-12,5,-12,5,-11,5,-10,5,-9,4,0,0,-6,3,-4,2,-2,1,0,0,0,0,1,0,3,0,5,-1,7,-1,8,-1,8,-1,8,-1,8,0,7,0,7,0,6,0,5,0,3,0,2,0,0,0,0,0,-1,0,-2,0,-3,0,-5,0,-5,-1,0,0,0,0,0,0,0,0,0,0]"""
373,"CSI_DATA,372,8c:90:2d:97:93:77,-49,11,1,7,1,0,1,0,1,0,0,-97,0,10,2,8937314,0,83,1,128,0,""[0,0,0,0,0,0,0,0,0,0,0,0,-3,11,-4,14,-3,15,-4,17,-5,18,-5,18,-5,17,-5,16,-4,14,-3,12,-2,9,-1,6,0,3,0,0,1,-1,3,-4,4,-6,5,-8,6,-9,7,-10,7,-11,7,-10,7,-11,7,-10,6,-9,5,-8,0,0,2,-6,1,-4,0,-3,0,-1,-1,0,-2,0,-4,1,-5,2,-6,3,-7,3,-8,3,-8,3,-8,3,-8,2,-7,2,-6,1,-5,0,-4,0,-3,0,-1,0,0,0,0,-1,1,-1,2,-1,4,-1,4,0,0,0,0,0,0,0,0,0,0,0]"""
374,"CSI_DATA,373,8c:90:2d:97:93:77,-49,11,1,7,1,0,1,0,1,0,1,-97,0,10,2,8947726,0,83,1,128,0,""[0,0,0,0,0,0,0,0,0,0,0,0,0,13,0,15,2,17,2,18,2,20,1,19,1,19,1,17,1,15,1,13,1,10,0,7,0,4,0,0,0,-3,1,-6,1,-9,1,-11,1,-12,1,-14,1,-14,1,-14,1,-14,1,-14,1,-12,0,-11,0,0,-1,-8,-1,-6,-1,-4,-1,-1,-1,1,-1,3,-2,5,-2,6,-3,8,-3,8,-3,9,-4,9,-4,8,-4,8,-3,7,-4,6,-4,5,-3,3,-3,2,-2,1,-2,-1,-1,-2,0,-3,0,-5,2,-5,3,-5,0,0,0,0,0,0,0,0,0,0]"""
375,"CSI_DATA,374,8c:90:2d:97:93:77,-49,11,1,7,1,0,1,0,1,0,1,-97,0,10,2,8957185,0,83,1,128,0,""[0,0,0,0,0,0,0,0,0,0,0,0,-12,-4,-15,-4,-18,-5,-19,-5,-20,-5,-20,-5,-19,-5,-18,-5,-16,-4,-14,-3,-11,-3,-8,-2,-5,-1,-1,0,2,1,4,2,7,3,9,3,11,5,12,5,12,5,12,5,12,5,11,5,10,4,9,3,0,0,7,2,4,1,2,0,1,0,-1,-2,-3,-2,-5,-3,-6,-4,-7,-4,-8,-5,-8,-6,-8,-6,-8,-6,-8,-6,-7,-5,-6,-5,-5,-5,-3,-4,-2,-4,-1,-3,0,-2,2,0,2,1,3,2,3,3,3,4,0,0,0,0,0,0,0,0,0,0]"""
376,"CSI_DATA,375,8c:90:2d:97:93:77,-49,11,1,7,1,0,1,0,1,0,1,-97,0,10,2,8967230,0,83,1,128,0,""[0,0,0,0,0,0,0,0,0,0,0,0,-12,0,-15,0,-17,0,-19,0,-19,0,-20,0,-19,0,-18,0,-15,0,-13,0,-10,0,-7,0,-4,0,0,0,1,0,4,0,7,0,9,0,11,1,12,1,13,1,12,1,12,1,12,1,10,0,9,0,0,0,6,0,4,0,2,0,0,0,-1,0,-3,-1,-5,-1,-6,-2,-7,-2,-8,-2,-8,-3,-8,-3,-8,-3,-8,-3,-7,-3,-6,-3,-5,-3,-3,-3,-2,-2,-1,-2,0,-1,0,0,2,0,2,0,3,1,3,2,0,0,0,0,0,0,0,0,0,0]"""
377,"CSI_DATA,376,8c:90:2d:97:93:77,-49,11,1,7,1,0,1,0,1,0,1,-97,0,10,2,8977367,0,83,1,128,0,""[0,0,0,0,0,0,0,0,0,0,0,0,4,12,5,14,7,16,7,17,8,19,7,18,7,18,7,17,6,14,5,12,4,9,3,7,1,3,0,0,-1,-3,-1,-6,-1,-9,-2,-11,-3,-13,-3,-14,-3,-15,-3,-15,-2,-15,-3,-14,-3,-13,-3,-11,0,0,-3,-8,-2,-6,-2,-4,-2,-2,-1,1,0,3,0,5,0,6,0,8,-1,9,-1,9,-1,9,-1,9,-2,8,-2,8,-2,7,-2,6,-2,4,-2,3,-2,1,-2,-1,-2,-2,-1,-3,-1,-5,1,-6,1,-6,0,0,0,0,0,0,0,0,0,0]"""
378,"CSI_DATA,377,8c:90:2d:97:93:77,-49,11,1,7,1,0,1,0,1,0,1,-97,0,10,2,8987306,0,83,1,128,0,""[0,0,0,0,0,0,0,0,0,0,0,0,0,-15,-1,-18,-1,-19,-2,-21,-2,-22,-1,-22,-1,-22,-1,-20,-1,-18,-1,-15,-1,-12,-1,-9,-1,-5,-1,-2,-1,2,-2,5,-3,8,-3,11,-3,12,-3,14,-4,14,-4,14,-4,14,-3,14,-3,12,-3,11,0,0,-2,8,-1,5,-1,3,0,1,0,-1,1,-4,1,-6,2,-7,3,-8,3,-9,4,-10,4,-10,4,-10,4,-9,4,-8,4,-7,3,-6,3,-4,2,-3,2,-1,1,0,0,1,-1,2,-2,3,-4,4,-5,4,0,0,0,0,0,0,0,0,0,0]"""
379,"CSI_DATA,378,8c:90:2d:97:93:77,-49,11,1,7,1,0,1,0,1,0,1,-97,0,10,2,8997717,0,83,1,128,0,""[0,0,0,0,0,0,0,0,0,0,0,0,-1,-14,-1,-16,-2,-18,-2,-19,-2,-21,-2,-20,-2,-20,-1,-18,-2,-16,-1,-14,-2,-11,-1,-8,-1,-5,-1,-2,-1,2,-2,5,-2,8,-2,10,-3,12,-3,13,-3,13,-3,13,-3,13,-2,13,-2,11,-2,10,0,0,-1,7,-1,5,0,3,0,1,0,-2,0,-4,1,-5,1,-7,2,-8,2,-9,3,-10,3,-10,3,-9,3,-9,3,-8,3,-7,3,-6,2,-4,2,-3,1,-1,1,0,0,2,-1,3,-2,3,-3,4,-4,4,0,0,0,0,0,0,0,0,0,0]"""
380,"CSI_DATA,379,8c:90:2d:97:93:77,-49,11,1,7,1,0,1,0,1,0,1,-97,0,10,2,9007139,0,83,1,128,0,""[0,0,0,0,0,0,0,0,0,0,0,0,11,-2,14,-3,16,-4,18,-4,18,-5,18,-5,18,-4,16,-4,14,-3,12,-3,9,-2,6,-2,3,-1,0,-1,-2,0,-5,0,-8,0,-10,0,-12,0,-13,0,-14,0,-14,0,-14,0,-13,0,-12,0,-10,0,0,0,-7,0,-5,0,-3,0,-1,0,0,0,2,0,4,0,5,0,6,0,8,0,8,0,8,0,8,0,8,1,7,1,6,1,4,1,3,1,1,1,0,0,0,0,-1,0,-2,0,-4,0,-5,-1,-5,-2,0,0,0,0,0,0,0,0,0,0]"""
381,"CSI_DATA,380,8c:90:2d:97:93:77,-49,11,1,7,1,0,1,0,1,0,1,-97,0,10,2,9017233,0,83,1,128,0,""[0,0,0,0,0,0,0,0,0,0,0,0,-2,-14,-3,-17,-4,-18,-4,-19,-4,-20,-3,-21,-4,-20,-3,-18,-3,-16,-2,-14,-2,-11,-2,-8,-1,-5,-1,-1,-1,2,-2,5,-3,8,-2,10,-3,12,-3,13,-3,13,-3,14,-3,14,-3,13,-3,12,-2,10,0,0,-1,7,-1,5,-1,3,0,1,0,-1,1,-3,1,-5,2,-6,3,-8,4,-9,4,-9,4,-9,4,-9,4,-8,4,-8,4,-6,4,-5,3,-4,2,-3,2,-1,1,0,0,1,-2,3,-3,3,-4,3,-5,3,0,0,0,0,0,0,0,0,0,0]"""
382,"CSI_DATA,381,8c:90:2d:97:93:77,-49,11,1,7,1,0,1,0,1,0,1,-97,0,10,2,9027262,0,83,1,128,0,""[0,0,0,0,0,0,0,0,0,0,0,0,11,4,14,4,17,5,18,5,19,5,19,6,18,5,16,5,14,4,12,3,10,3,7,2,4,0,1,-1,-3,-3,-4,-4,-7,-5,-9,-6,-11,-7,-12,-8,-12,-8,-12,-8,-12,-8,-12,-8,-11,-7,-10,-6,0,0,-7,-4,-5,-3,-4,-2,-2,-1,0,1,2,2,3,3,4,4,5,5,6,6,6,7,6,7,6,7,5,7,4,6,3,6,2,5,2,4,0,3,0,2,-2,0,-2,-1,-3,-2,-3,-4,-3,-5,-3,-6,0,0,0,0,0,0,0,0,0,0]"""
383,"CSI_DATA,382,8c:90:2d:97:93:77,-49,11,1,7,1,0,1,0,1,0,1,-97,0,10,2,9037272,0,83,1,128,0,""[0,0,0,0,0,0,0,0,0,0,0,0,8,-9,10,-11,11,-12,12,-13,12,-14,12,-14,12,-13,11,-12,9,-11,8,-9,6,-7,4,-5,1,-3,0,-1,-2,0,-5,1,-7,3,-9,4,-10,4,-11,5,-11,5,-12,5,-11,5,-11,5,-10,5,-9,4,0,0,-6,3,-4,2,-2,1,0,0,0,0,1,0,3,-1,5,-1,6,-2,7,-2,8,-2,8,-2,8,-1,7,-1,7,-1,6,0,5,0,3,0,2,0,0,0,0,0,-1,0,-2,0,-3,0,-5,0,-5,0,0,0,0,0,0,0,0,0,0,0]"""
384,"CSI_DATA,383,8c:90:2d:97:93:77,-49,11,1,7,1,0,1,0,1,0,0,-97,0,10,2,9047755,0,83,1,128,0,""[0,0,0,0,0,0,0,0,0,0,0,0,10,7,12,8,15,9,16,10,17,11,16,10,15,10,14,9,13,8,11,7,9,5,6,4,3,1,0,-1,-2,-3,-4,-5,-6,-7,-8,-8,-9,-10,-10,-10,-10,-10,-10,-11,-10,-10,-10,-10,-9,-9,-8,-8,0,0,-6,-5,-5,-4,-3,-2,-2,-1,0,1,1,2,3,4,3,5,4,6,5,7,5,7,5,8,4,8,4,7,3,7,3,6,1,5,1,4,0,3,-1,2,-2,0,-2,-1,-3,-3,-3,-4,-3,-5,-2,-6,0,0,0,0,0,0,0,0,0,0]"""
385,"CSI_DATA,384,8c:90:2d:97:93:77,-49,11,1,7,1,0,1,0,1,0,0,-97,0,10,2,9058916,0,83,1,128,0,""[0,0,0,0,0,0,0,0,0,0,0,0,-2,-14,-2,-17,-3,-19,-3,-20,-4,-21,-3,-21,-3,-20,-3,-19,-2,-17,-2,-14,-2,-11,-2,-8,-2,-5,-1,-1,-2,2,-2,5,-3,8,-2,10,-3,12,-3,13,-3,13,-3,13,-3,13,-3,13,-2,11,-2,11,0,0,-1,7,-1,5,-1,3,0,1,0,-1,1,-3,1,-5,2,-7,3,-8,3,-9,4,-9,4,-9,4,-9,4,-8,4,-7,4,-6,4,-5,3,-4,2,-3,2,-1,1,0,0,1,-2,2,-2,3,-4,4,-5,3,0,0,0,0,0,0,0,0,0,0]"""
386,"CSI_DATA,385,8c:90:2d:97:93:77,-49,11,1,7,1,0,1,0,1,0,0,-97,0,10,2,9067324,0,83,1,128,0,""[0,0,0,0,0,0,0,0,0,0,0,0,3,-13,2,-16,2,-18,2,-19,2,-20,3,-20,3,-20,3,-18,2,-16,2,-14,1,-11,1,-8,0,-5,-1,-2,-2,2,-3,4,-4,7,-5,9,-6,10,-6,12,-6,12,-6,12,-7,12,-6,11,-5,10,-5,9,0,0,-3,6,-2,5,-2,3,0,1,0,-1,1,-3,2,-5,3,-6,4,-7,5,-8,6,-8,6,-8,6,-8,6,-7,5,-7,5,-5,5,-4,4,-3,3,-2,1,-1,1,0,-1,2,-2,2,-3,3,-5,3,-6,3,0,0,0,0,0,0,0,0,0,0]"""
387,"CSI_DATA,386,8c:90:2d:97:93:77,-49,11,1,7,1,0,1,0,1,0,0,-97,0,10,2,9077345,0,83,1,128,0,""[0,0,0,0,0,0,0,0,0,0,0,0,-5,12,-6,15,-6,16,-7,17,-7,18,-7,19,-7,18,-6,16,-6,14,-5,12,-4,10,-3,7,-1,4,0,1,1,-2,3,-5,4,-8,5,-10,6,-11,7,-12,7,-12,7,-12,7,-12,6,-12,6,-11,5,-10,0,0,3,-7,2,-6,1,-4,0,-2,-1,0,-2,2,-3,3,-5,5,-6,6,-6,7,-7,7,-7,7,-7,6,-7,6,-7,5,-6,4,-6,3,-5,2,-4,1,-3,-1,-1,-2,0,-2,1,-3,2,-4,4,-4,4,-4,0,0,0,0,0,0,0,0,0,0]"""
388,"CSI_DATA,387,8c:90:2d:97:93:77,-49,11,1,7,1,0,1,0,1,0,0,-97,0,10,2,9087222,0,83,1,128,0,""[0,0,0,0,0,0,0,0,0,0,0,0,-11,8,-13,10,-14,11,-15,12,-16,13,-16,13,-15,12,-14,11,-12,10,-11,9,-8,7,-6,5,-3,3,-1,1,2,-1,4,-3,7,-4,9,-6,11,-6,11,-7,12,-7,12,-7,12,-7,11,-7,10,-7,9,-6,0,0,6,-5,4,-4,2,-3,0,-1,-1,0,-4,0,-5,1,-7,2,-8,3,-9,3,-10,3,-10,2,-10,2,-9,2,-9,1,-8,1,-7,0,-5,-1,-4,-1,-2,-2,-1,-2,1,-2,2,-2,3,-2,5,-2,5,-1,0,0,0,0,0,0,0,0,0,0]"""
389,"CSI_DATA,388,8c:90:2d:97:93:77,-49,11,1,7,1,0,1,0,1,0,0,-97,0,10,2,9097553,0,83,1,128,0,""[0,0,0,0,0,0,0,0,0,0,0,0,-11,7,-14,9,-15,10,-16,10,-17,11,-17,11,-17,10,-16,9,-13,8,-12,7,-9,5,-6,3,-3,2,0,1,2,0,5,0,8,0,10,-1,12,-1,13,-1,13,-1,14,-1,14,-1,13,-1,11,-1,10,-1,0,0,7,-1,5,-1,2,-1,0,-1,0,-1,-2,-1,-4,-1,-6,-2,-8,-2,-9,-3,-9,-3,-9,-4,-9,-4,-8,-4,-7,-4,-6,-4,-5,-3,-3,-3,-2,-2,0,-1,0,0,0,0,1,0,2,1,3,2,2,3,0,0,0,0,0,0,0,0,0,0]"""
390,"CSI_DATA,389,8c:90:2d:97:93:77,-49,11,1,7,1,0,1,0,1,0,0,-97,0,10,2,9107347,0,83,1,128,0,""[0,0,0,0,0,0,0,0,0,0,0,0,-12,0,-14,1,-18,1,-19,1,-20,1,-19,1,-19,1,-17,1,-15,1,-13,0,-10,0,-7,0,-4,0,0,0,1,0,4,0,6,1,9,0,11,2,12,2,12,2,13,2,12,2,11,1,10,1,9,1,0,0,6,0,4,0,2,0,0,0,0,-1,-2,-1,-4,-2,-5,-3,-6,-3,-7,-4,-7,-4,-8,-5,-7,-5,-6,-5,-6,-5,-5,-4,-4,-4,-2,-3,-1,-3,0,-2,0,0,0,0,1,0,1,1,2,2,2,3,0,0,0,0,0,0,0,0,0,0]"""
391,"CSI_DATA,390,8c:90:2d:97:93:77,-49,11,1,7,1,0,1,0,1,0,0,-97,0,10,2,9117584,0,83,1,128,0,""[0,0,0,0,0,0,0,0,0,0,0,0,-2,-14,-2,-16,-4,-18,-4,-19,-5,-20,-4,-20,-3,-20,-3,-18,-3,-16,-2,-14,-2,-11,-2,-8,-1,-5,-1,-1,-1,2,-2,5,-2,8,-2,10,-2,12,-2,13,-2,14,-2,14,-2,14,-2,13,-1,12,-1,10,0,0,0,7,0,5,0,3,0,1,0,-1,0,-3,0,-5,1,-7,2,-9,2,-9,3,-10,3,-10,3,-9,3,-9,3,-8,3,-7,3,-6,2,-5,2,-3,1,-2,1,0,0,1,-1,2,-2,3,-3,4,-4,4,0,0,0,0,0,0,0,0,0,0]"""
392,"CSI_DATA,391,8c:90:2d:97:93:77,-49,11,1,7,1,0,1,0,1,0,0,-97,0,10,2,9127357,0,83,1,128,0,""[0,0,0,0,0,0,0,0,0,0,0,0,-7,9,-9,12,-10,13,-10,14,-11,15,-11,15,-11,15,-10,13,-9,11,-7,10,-6,7,-4,5,-2,3,0,0,1,-1,3,-3,5,-5,6,-7,8,-8,8,-8,9,-9,9,-9,9,-9,8,-9,7,-8,6,-7,0,0,3,-5,2,-4,0,-2,0,0,-1,0,-2,0,-4,1,-5,2,-6,3,-7,4,-8,4,-8,3,-8,3,-8,2,-7,2,-6,1,-5,0,-4,0,-3,0,-2,0,0,-1,0,-1,1,-2,2,-2,3,-1,4,-1,0,0,0,0,0,0,0,0,0,0]"""
393,"CSI_DATA,392,8c:90:2d:97:93:77,-49,11,1,7,1,0,1,0,1,0,0,-97,0,10,2,9137228,0,83,1,128,0,""[0,0,0,0,0,0,0,0,0,0,0,0,-12,-5,-15,-5,-18,-6,-19,-6,-20,-6,-19,-6,-19,-6,-17,-6,-15,-5,-13,-4,-11,-4,-8,-3,-5,-1,-1,0,2,1,4,2,6,4,9,4,10,6,11,6,12,7,12,7,12,7,11,6,10,5,9,4,0,0,6,2,4,1,3,0,1,0,-1,-2,-3,-3,-5,-4,-6,-5,-7,-6,-7,-6,-8,-7,-8,-7,-7,-7,-7,-7,-6,-6,-5,-6,-4,-5,-3,-5,-2,-4,-1,-3,1,-2,2,0,2,1,3,2,3,3,3,4,0,0,0,0,0,0,0,0,0,0]"""
394,"CSI_DATA,393,8c:90:2d:97:93:77,-49,11,1,7,1,0,1,0,1,0,0,-97,0,10,2,9147721,0,83,1,128,0,""[0,0,0,0,0,0,0,0,0,0,0,0,-11,-4,-14,-5,-17,-5,-18,-6,-19,-6,-18,-6,-17,-6,-16,-6,-14,-5,-12,-4,-10,-3,-7,-2,-4,0,-1,0,0,1,2,3,4,4,6,5,8,7,8,8,9,8,9,8,8,8,8,8,7,7,6,6,0,0,4,3,3,1,1,0,0,0,0,-1,-1,-3,-2,-5,-3,-6,-3,-7,-3,-8,-3,-8,-3,-8,-3,-8,-2,-8,-2,-7,-1,-7,-1,-5,0,-5,0,-3,0,-2,0,0,0,0,0,1,0,3,0,4,0,4,0,0,0,0,0,0,0,0,0,0]"""
395,"CSI_DATA,394,8c:90:2d:97:93:77,-49,11,1,7,1,0,1,0,1,0,0,-97,0,10,2,9157339,0,83,1,128,0,""[0,0,0,0,0,0,0,0,0,0,0,0,11,-2,13,-3,16,-3,16,-4,17,-4,17,-4,16,-3,16,-3,14,-3,12,-3,9,-2,6,-1,3,-2,0,-1,-2,-1,-5,-1,-8,-1,-10,-1,-12,-2,-13,-2,-13,-2,-13,-2,-13,-2,-13,-2,-11,-1,-10,-1,0,0,-7,0,-5,0,-3,0,-1,0,0,0,1,1,3,1,4,2,6,2,6,3,7,3,7,4,6,4,6,3,5,3,4,3,3,3,1,2,0,1,0,0,0,0,-1,0,-2,-1,-3,-2,-3,-3,-3,-4,0,0,0,0,0,0,0,0,0,0]"""
396,"CSI_DATA,395,8c:90:2d:97:93:77,-49,11,1,7,1,0,1,0,1,0,0,-97,0,10,2,9169311,0,83,1,128,0,""[0,0,0,0,0,0,0,0,0,0,0,0,-3,-14,-4,-16,-5,-18,-5,-19,-6,-20,-5,-20,-5,-19,-5,-18,-4,-16,-4,-14,-3,-11,-2,-8,-2,-4,-1,-1,0,2,-1,5,0,8,0,10,0,12,0,13,1,13,0,14,0,13,0,13,0,11,1,10,0,0,1,7,1,5,0,3,0,1,-1,-2,-1,-4,-1,-6,-1,-7,0,-8,0,-9,0,-10,0,-10,0,-10,1,-9,1,-9,1,-8,1,-6,1,-5,1,-4,1,-2,1,0,1,1,0,3,0,4,-1,5,-2,5,0,0,0,0,0,0,0,0,0,0]"""
397,"CSI_DATA,396,8c:90:2d:97:93:77,-49,11,1,7,1,0,1,0,1,0,0,-97,0,10,2,9177192,0,83,1,128,0,""[0,0,0,0,0,0,0,0,0,0,0,0,-5,-12,-7,-15,-8,-15,-9,-17,-9,-18,-9,-18,-8,-17,-8,-16,-7,-14,-6,-12,-5,-10,-4,-7,-3,-4,-1,-1,0,2,1,5,1,8,2,9,3,11,3,12,4,12,3,12,4,12,4,11,3,11,3,9,0,0,3,6,2,4,1,3,0,0,-1,-1,-1,-4,-2,-5,-2,-7,-2,-8,-2,-9,-2,-9,-2,-10,-2,-10,-2,-9,-1,-8,-1,-8,0,-6,0,-5,0,-4,1,-3,1,-1,1,1,1,2,1,3,0,4,-1,5,0,0,0,0,0,0,0,0,0,0]"""
398,"CSI_DATA,397,8c:90:2d:97:93:77,-49,11,1,7,1,0,1,0,1,0,0,-97,0,10,2,9187242,0,83,1,128,0,""[0,0,0,0,0,0,0,0,0,0,0,0,-13,-4,-15,-4,-18,-5,-19,-5,-20,-5,-20,-5,-19,-5,-17,-5,-16,-4,-14,-4,-11,-3,-8,-3,-5,-1,-1,0,2,1,4,2,6,4,9,4,10,6,11,6,12,6,12,6,12,6,11,6,10,5,9,4,0,0,6,2,4,1,3,0,1,0,-1,-2,-3,-3,-4,-4,-5,-5,-6,-6,-7,-7,-7,-7,-7,-7,-7,-8,-6,-7,-6,-7,-5,-6,-4,-5,-3,-5,-2,-4,-1,-3,0,-1,1,0,2,1,2,3,2,4,2,4,0,0,0,0,0,0,0,0,0,0]"""
399,"CSI_DATA,398,8c:90:2d:97:93:77,-49,11,1,7,1,0,1,0,1,0,0,-97,0,10,2,9197498,0,83,1,128,0,""[0,0,0,0,0,0,0,0,0,0,0,0,-8,10,-10,13,-11,14,-11,15,-12,16,-12,16,-12,15,-11,14,-10,12,-9,11,-7,8,-5,6,-3,4,0,1,2,-1,5,-3,7,-5,9,-7,10,-7,11,-7,11,-8,12,-8,12,-8,11,-7,10,-7,9,-6,0,0,6,-5,4,-4,2,-3,0,-1,-2,-1,-4,0,-5,1,-7,1,-9,1,-10,1,-10,1,-10,1,-10,1,-9,0,-9,0,-8,-1,-7,-1,-5,-1,-4,-1,-2,-2,0,-2,1,-1,2,-1,3,-1,5,0,5,1,0,0,0,0,0,0,0,0,0,0]"""
400,"CSI_DATA,399,8c:90:2d:97:93:77,-49,11,1,7,1,0,1,0,1,0,0,-97,0,10,2,9207104,0,83,1,128,0,""[0,0,0,0,0,0,0,0,0,0,0,0,12,4,14,4,17,5,18,5,19,6,19,5,18,5,17,5,14,5,12,3,10,3,7,2,4,0,0,-1,-3,-3,-4,-4,-7,-6,-9,-7,-10,-8,-11,-9,-11,-9,-12,-10,-11,-9,-11,-9,-10,-8,-9,-7,0,0,-7,-5,-5,-3,-3,-2,-2,-1,0,1,1,3,2,4,3,5,4,6,4,7,4,8,4,8,4,8,3,8,3,7,2,7,1,5,1,4,0,3,-1,2,-2,0,-2,-2,-2,-3,-2,-4,-2,-5,-1,-6,0,0,0,0,0,0,0,0,0,0]"""
401,"CSI_DATA,400,8c:90:2d:97:93:77,-49,11,1,7,1,0,1,0,1,0,0,-97,0,10,2,9217247,0,83,1,128,0,""[0,0,0,0,0,0,0,0,0,0,0,0,-8,-11,-10,-13,-12,-14,-13,-15,-14,-16,-13,-16,-12,-16,-12,-14,-10,-13,-9,-11,-7,-9,-6,-6,-4,-3,-2,-1,0,3,0,5,1,8,2,9,2,12,2,13,3,13,2,13,2,13,2,12,2,11,2,10,0,0,2,7,1,5,1,3,1,1,0,-2,0,-4,0,-6,1,-7,1,-8,2,-9,2,-9,2,-10,2,-10,3,-9,3,-8,3,-7,3,-6,2,-5,2,-3,1,-2,0,0,0,1,-2,2,-2,3,-4,3,-4,3,0,0,0,0,0,0,0,0,0,0]"""
402,"CSI_DATA,401,8c:90:2d:97:93:77,-49,11,1,7,1,0,1,0,1,0,0,-97,0,10,2,9227649,0,83,1,128,0,""[0,0,0,0,0,0,0,0,0,0,0,0,7,-10,8,-13,9,-13,10,-14,10,-15,11,-15,11,-15,10,-13,8,-12,7,-10,5,-8,3,-6,1,-4,0,-2,-2,0,-5,1,-8,2,-9,3,-11,4,-12,4,-12,4,-12,4,-12,4,-11,4,-10,4,-9,3,0,0,-6,2,-4,2,-2,1,0,0,0,0,2,0,3,0,5,0,7,0,7,0,8,0,8,0,8,0,8,0,7,0,6,0,5,0,3,0,1,0,0,0,0,0,-1,0,-2,0,-3,0,-4,-1,-5,-2,0,0,0,0,0,0,0,0,0,0]"""
403,"CSI_DATA,402,8c:90:2d:97:93:77,-49,11,1,7,1,0,1,0,1,0,0,-97,0,10,2,9237335,0,83,1,128,0,""[0,0,0,0,0,0,0,0,0,0,0,0,-11,-7,-13,-9,-16,-9,-17,-10,-18,-11,-17,-11,-17,-11,-16,-10,-14,-9,-12,-7,-10,-6,-7,-5,-4,-2,-2,0,1,2,2,4,5,6,6,7,8,9,8,10,9,10,9,10,9,10,8,9,8,8,7,7,0,0,5,4,4,3,2,1,1,0,-1,-2,-2,-3,-3,-5,-4,-7,-4,-7,-4,-8,-4,-9,-4,-9,-4,-9,-3,-9,-3,-8,-2,-8,-2,-6,-1,-5,0,-4,0,-3,1,-1,1,1,1,2,1,3,0,4,0,5,0,0,0,0,0,0,0,0,0,0]"""
404,"CSI_DATA,403,8c:90:2d:97:93:77,-49,11,1,7,1,0,1,0,1,0,0,-97,0,10,2,9247702,0,83,1,128,0,""[0,0,0,0,0,0,0,0,0,0,0,0,-7,-12,-9,-14,-11,-15,-12,-16,-13,-17,-12,-17,-11,-16,-10,-15,-9,-14,-8,-12,-6,-9,-5,-7,-3,-4,-1,-1,0,2,1,5,2,7,3,9,4,11,4,12,4,13,4,13,4,13,4,12,4,11,4,9,0,0,3,6,2,4,1,2,1,0,-1,-2,-1,-4,-2,-6,-2,-7,-1,-8,-2,-9,-2,-10,-2,-10,-1,-10,-1,-10,-1,-9,0,-8,0,-7,0,-6,1,-4,1,-2,1,-1,1,1,1,2,0,4,-1,5,-2,5,0,0,0,0,0,0,0,0,0,0]"""
405,"CSI_DATA,404,8c:90:2d:97:93:77,-49,11,1,7,1,0,1,0,1,0,0,-97,0,10,2,9257226,0,83,1,128,0,""[0,0,0,0,0,0,0,0,0,0,0,0,-9,8,-11,10,-12,11,-13,12,-13,13,-14,13,-13,13,-12,11,-11,10,-9,9,-7,6,-5,4,-2,2,0,0,1,0,3,-3,6,-4,7,-6,9,-6,10,-7,10,-7,10,-7,10,-7,9,-7,8,-6,7,-6,0,0,4,-4,2,-4,1,-2,0,0,0,0,-2,0,-4,1,-5,1,-7,2,-8,2,-8,3,-8,2,-8,2,-8,2,-7,1,-7,0,-6,0,-4,0,-3,0,-1,0,0,-1,0,-1,1,-1,2,-1,3,-1,4,-1,0,0,0,0,0,0,0,0,0,0]"""
406,"CSI_DATA,405,8c:90:2d:97:93:77,-49,11,1,7,1,0,1,0,1,0,0,-97,0,10,2,9267294,0,83,1,128,0,""[0,0,0,0,0,0,0,0,0,0,0,0,4,-12,5,-14,4,-16,5,-16,5,-17,6,-17,6,-16,5,-16,4,-14,4,-12,2,-10,1,-7,0,-4,0,-1,-2,0,-4,2,-6,5,-7,6,-8,7,-8,8,-9,9,-9,8,-9,9,-9,8,-8,7,-6,6,0,0,-4,4,-3,3,-1,2,0,0,0,0,1,-1,3,-2,4,-3,6,-3,7,-4,7,-4,7,-4,7,-3,7,-3,7,-2,6,-2,5,-1,3,0,2,0,1,0,0,0,0,0,-2,0,-3,0,-5,0,-5,0,0,0,0,0,0,0,0,0,0,0]"""
407,"CSI_DATA,406,8c:90:2d:97:93:77,-49,11,1,7,1,0,1,0,1,0,0,-97,0,10,2,9277286,0,83,1,128,0,""[0,0,0,0,0,0,0,0,0,0,0,0,10,3,13,4,16,5,17,5,17,6,17,5,17,5,16,5,13,4,11,3,9,3,6,1,3,0,0,0,-1,-2,-3,-3,-5,-5,-7,-6,-9,-8,-10,-9,-10,-9,-10,-9,-9,-9,-9,-9,-8,-8,-8,-7,0,0,-5,-4,-4,-3,-2,-1,-1,0,0,0,0,2,1,3,2,4,2,5,3,7,2,7,2,8,2,7,2,7,1,6,0,6,0,4,0,3,0,2,0,1,-1,0,-1,-1,-1,-2,-1,-4,0,-5,0,-5,0,0,0,0,0,0,0,0,0,0]"""
408,"CSI_DATA,407,8c:90:2d:97:93:77,-49,11,1,7,1,0,1,0,1,0,0,-97,0,10,2,9287322,0,83,1,128,0,""[0,0,0,0,0,0,0,0,0,0,0,0,2,13,3,15,4,17,5,18,5,19,4,19,4,19,4,17,4,15,3,13,2,10,1,7,1,4,0,1,-1,-3,0,-6,-1,-9,-1,-11,-2,-13,-2,-14,-2,-14,-2,-15,-2,-15,-2,-14,-2,-13,-2,-11,0,0,-2,-7,-2,-6,-1,-4,-1,-2,-1,1,0,3,0,5,0,6,0,8,0,9,-1,9,-1,9,-1,9,-1,9,-1,8,-2,7,-2,6,-2,4,-2,3,-2,1,-2,0,-2,-2,-2,-4,-1,-5,0,-6,1,-6,0,0,0,0,0,0,0,0,0,0]"""
409,"CSI_DATA,408,8c:90:2d:97:93:77,-49,11,1,7,1,0,1,0,1,0,0,-97,0,10,2,9297672,0,83,1,128,0,""[0,0,0,0,0,0,0,0,0,0,0,0,-3,-13,-3,-16,-5,-17,-4,-18,-5,-20,-4,-20,-4,-19,-4,-18,-3,-16,-3,-14,-3,-11,-2,-8,-2,-5,-1,-1,-1,2,-1,5,-1,8,0,10,0,11,0,12,0,13,-1,13,0,13,0,13,0,11,1,10,0,0,1,7,0,5,0,3,0,1,0,-1,0,-3,0,-5,0,-7,0,-9,0,-10,1,-10,1,-10,1,-10,1,-9,1,-8,2,-7,2,-6,2,-5,1,-3,1,-2,1,0,1,1,0,3,0,4,-1,5,-3,5,0,0,0,0,0,0,0,0,0,0]"""
410,"CSI_DATA,409,8c:90:2d:97:93:77,-49,11,1,7,1,0,1,0,1,0,0,-97,0,10,2,9307497,0,83,1,128,0,""[0,0,0,0,0,0,0,0,0,0,0,0,10,7,12,8,15,9,16,10,17,11,16,10,15,10,14,9,13,8,11,7,8,5,6,4,3,1,0,-1,-2,-3,-4,-5,-5,-7,-7,-8,-8,-10,-9,-11,-9,-11,-10,-11,-10,-11,-9,-10,-9,-9,-8,-8,0,0,-6,-6,-4,-4,-3,-2,-2,-1,0,1,1,3,2,4,3,5,3,7,4,8,4,8,4,8,3,8,3,7,2,7,2,6,1,5,0,5,-1,3,-1,2,-2,0,-2,-2,-2,-3,-2,-4,-2,-5,-1,-6,0,0,0,0,0,0,0,0,0,0]"""
411,"CSI_DATA,410,8c:90:2d:97:93:77,-49,11,1,7,1,0,1,0,1,0,0,-97,0,10,2,9317189,0,83,1,128,0,""[0,0,0,0,0,0,0,0,0,0,0,0,-4,-13,-6,-16,-7,-16,-8,-18,-8,-19,-7,-20,-6,-19,-6,-17,-5,-15,-5,-13,-4,-11,-3,-8,-3,-4,-1,-1,-1,2,-1,5,-1,8,0,10,0,12,0,13,0,13,0,14,0,13,0,13,0,11,0,10,0,0,0,7,0,5,0,3,1,1,0,-2,0,-4,1,-5,1,-7,2,-8,2,-9,2,-9,3,-10,3,-9,3,-9,3,-8,3,-7,2,-6,2,-5,2,-3,1,-2,1,0,0,1,-1,3,-2,3,-3,4,-4,4,0,0,0,0,0,0,0,0,0,0]"""
412,"CSI_DATA,411,8c:90:2d:97:93:77,-49,11,1,7,1,0,1,0,1,0,0,-97,0,10,2,9327456,0,83,1,128,0,""[0,0,0,0,0,0,0,0,0,0,0,0,0,13,1,15,3,17,3,18,2,19,2,19,2,19,2,17,1,15,1,13,1,10,1,7,1,4,0,0,0,-3,1,-6,2,-9,2,-11,2,-13,2,-14,2,-14,2,-14,2,-14,2,-14,1,-12,1,-11,0,0,0,-8,0,-6,0,-4,-1,-2,-1,0,-2,2,-2,4,-3,5,-4,7,-5,8,-5,8,-5,8,-5,8,-5,7,-5,7,-5,5,-4,4,-4,3,-3,2,-2,0,-2,-1,-1,-3,0,-3,1,-4,3,-5,4,-4,0,0,0,0,0,0,0,0,0,0]"""
413,"CSI_DATA,412,8c:90:2d:97:93:77,-49,11,1,7,1,0,1,0,1,0,0,-97,0,10,2,9337256,0,83,1,128,0,""[0,0,0,0,0,0,0,0,0,0,0,0,5,11,6,13,8,15,8,15,9,17,8,17,8,16,7,15,7,13,5,11,4,9,3,6,2,3,0,0,-1,-3,-1,-6,-2,-9,-3,-10,-3,-12,-4,-13,-4,-14,-4,-14,-4,-14,-4,-13,-4,-12,-4,-10,0,0,-3,-7,-2,-5,-2,-4,-1,-2,0,0,0,2,0,5,1,6,0,8,0,8,0,9,0,9,0,9,-1,8,-1,8,-1,6,-1,5,-1,4,-2,3,-2,1,-2,0,-2,-2,-1,-3,-1,-4,0,-6,1,-6,0,0,0,0,0,0,0,0,0,0]"""
414,"CSI_DATA,413,8c:90:2d:97:93:77,-49,11,1,7,1,0,1,0,1,0,0,-97,0,10,2,9348591,0,83,1,128,0,""[0,0,0,0,0,0,0,0,0,0,0,0,-12,-5,-15,-6,-18,-7,-19,-7,-20,-7,-19,-7,-19,-7,-17,-7,-15,-6,-13,-5,-11,-4,-8,-3,-5,-1,-1,0,2,1,4,3,6,4,8,5,10,7,11,7,11,7,11,8,11,7,11,7,10,6,9,5,0,0,6,3,4,2,2,1,1,0,-1,-1,-3,-3,-4,-4,-6,-5,-6,-6,-7,-7,-7,-7,-7,-8,-7,-8,-6,-7,-6,-7,-5,-7,-3,-6,-3,-5,-2,-4,-1,-3,0,-2,1,0,2,1,3,3,3,4,2,5,0,0,0,0,0,0,0,0,0,0]"""
415,"CSI_DATA,414,8c:90:2d:97:93:77,-49,11,1,7,1,0,1,0,1,0,0,-97,0,10,2,9357200,0,83,1,128,0,""[0,0,0,0,0,0,0,0,0,0,0,0,-3,-13,-5,-16,-6,-17,-7,-19,-7,-20,-6,-20,-6,-19,-6,-17,-5,-16,-4,-13,-4,-11,-3,-8,-2,-5,-2,-1,-1,2,-2,5,-2,8,-1,10,-1,12,-1,13,-1,13,-2,14,-2,13,-2,13,-2,11,-1,10,0,0,0,7,0,5,0,3,1,1,0,-1,1,-3,1,-5,2,-7,3,-8,3,-9,4,-9,4,-9,4,-9,4,-8,4,-7,4,-6,3,-5,3,-4,2,-3,2,-1,0,0,-1,1,-2,2,-3,3,-4,3,-5,3,0,0,0,0,0,0,0,0,0,0]"""
416,"CSI_DATA,415,8c:90:2d:97:93:77,-49,11,1,7,1,0,1,0,1,0,0,-97,0,10,2,9367323,0,83,1,128,0,""[0,0,0,0,0,0,0,0,0,0,0,0,1,-12,1,-16,0,-16,1,-17,1,-18,1,-19,2,-18,1,-16,1,-15,1,-13,0,-10,0,-7,0,-4,0,-1,-1,0,-3,3,-5,6,-5,8,-6,9,-6,10,-7,10,-7,10,-7,10,-6,10,-6,9,-5,8,0,0,-3,5,-2,4,-1,2,0,0,0,0,1,-2,2,-3,3,-4,5,-4,5,-5,6,-5,6,-5,6,-5,6,-4,6,-3,5,-3,4,-2,3,-1,2,0,0,0,0,0,0,0,-2,1,-3,0,-4,0,-5,0,0,0,0,0,0,0,0,0,0,0]"""
417,"CSI_DATA,416,8c:90:2d:97:93:77,-49,11,1,7,1,0,1,0,1,0,0,-97,0,10,2,9377304,0,83,1,128,0,""[0,0,0,0,0,0,0,0,0,0,0,0,-4,11,-5,14,-5,15,-5,16,-6,18,-6,17,-7,16,-6,15,-5,13,-4,12,-3,9,-2,6,0,3,0,0,1,-1,3,-4,5,-5,6,-8,7,-8,8,-9,8,-9,8,-9,8,-10,8,-9,7,-8,6,-7,0,0,3,-5,2,-4,1,-3,0,-1,-1,0,-2,0,-4,1,-5,1,-7,2,-7,2,-8,3,-8,2,-9,2,-8,1,-7,1,-6,0,-6,0,-4,0,-3,0,-1,0,0,-1,0,-1,1,-1,2,-1,4,0,4,0,0,0,0,0,0,0,0,0,0,0]"""
418,"CSI_DATA,417,8c:90:2d:97:93:77,-49,11,1,7,1,0,1,0,1,0,0,-97,0,10,2,9387268,0,83,1,128,0,""[0,0,0,0,0,0,0,0,0,0,0,0,-1,13,-1,16,0,18,0,19,0,20,-1,20,-1,19,-1,18,-1,16,-1,13,-1,11,-1,8,0,4,0,1,2,-3,3,-5,4,-9,4,-10,5,-12,5,-13,6,-14,6,-14,6,-13,6,-13,5,-12,4,-11,0,0,2,-8,1,-6,0,-4,-1,-2,-1,0,-3,2,-4,3,-5,4,-7,5,-8,6,-8,6,-8,6,-8,5,-8,5,-8,4,-7,3,-6,2,-5,1,-4,0,-3,-1,-1,-1,0,-2,1,-3,3,-3,4,-2,5,-2,0,0,0,0,0,0,0,0,0,0]"""
419,"CSI_DATA,418,8c:90:2d:97:93:77,-49,11,1,7,1,0,1,0,1,0,0,-97,0,10,2,9397758,0,83,1,128,0,""[0,0,0,0,0,0,0,0,0,0,0,0,-9,10,-11,12,-12,13,-13,14,-13,15,-14,15,-13,14,-12,13,-11,11,-10,10,-8,8,-5,5,-3,3,-1,1,2,-1,5,-3,7,-4,9,-6,11,-6,12,-6,12,-7,12,-7,12,-7,12,-7,10,-6,9,-6,0,0,6,-4,4,-4,2,-3,0,-2,-1,-1,-4,0,-5,0,-7,0,-9,1,-10,1,-10,1,-10,0,-10,0,-9,0,-9,-1,-8,-1,-6,-1,-5,-2,-4,-2,-2,-2,0,-2,1,-1,2,-1,3,0,5,0,5,1,0,0,0,0,0,0,0,0,0,0]"""
420,"CSI_DATA,419,8c:90:2d:97:93:77,-49,11,1,7,1,0,1,0,1,0,0,-97,0,10,2,9407108,0,83,1,128,0,""[0,0,0,0,0,0,0,0,0,0,0,0,-11,9,-12,11,-14,12,-15,13,-16,13,-16,13,-15,13,-14,12,-12,10,-11,9,-9,7,-6,5,-3,3,0,1,3,0,5,-2,8,-3,10,-5,11,-5,12,-5,13,-5,13,-5,13,-6,13,-5,11,-5,10,-5,0,0,6,-4,5,-4,2,-3,1,-2,-2,-1,-3,-1,-6,0,-7,0,-9,0,-10,0,-10,-1,-10,-1,-10,-1,-10,-2,-9,-2,-8,-2,-7,-2,-5,-2,-4,-2,-2,-2,0,-2,1,-1,2,-1,3,0,5,1,5,2,0,0,0,0,0,0,0,0,0,0]"""
421,"CSI_DATA,420,8c:90:2d:97:93:77,-49,11,1,7,1,0,1,0,1,0,0,-97,0,10,2,9417180,0,83,1,128,0,""[0,0,0,0,0,0,0,0,0,0,0,0,-1,-14,-2,-18,-3,-20,-4,-20,-4,-22,-3,-22,-2,-21,-2,-20,-2,-18,-2,-15,-2,-12,-2,-9,-2,-5,-2,-1,-2,2,-3,5,-3,8,-4,10,-4,12,-5,13,-4,13,-5,13,-5,14,-4,13,-4,11,-3,10,0,0,-2,7,-1,5,-1,3,0,1,1,-1,2,-3,3,-5,3,-6,5,-7,6,-8,6,-8,6,-8,6,-8,6,-7,6,-6,5,-5,5,-4,4,-3,3,-2,1,-1,0,0,-1,1,-2,2,-3,2,-5,2,-6,2,0,0,0,0,0,0,0,0,0,0]"""
422,"CSI_DATA,421,8c:90:2d:97:93:77,-49,11,1,7,1,0,1,0,1,0,0,-97,0,10,2,9427286,0,83,1,128,0,""[0,0,0,0,0,0,0,0,0,0,0,0,-2,13,-2,16,-2,17,-2,18,-2,20,-2,20,-3,19,-2,17,-3,15,-2,13,-1,10,-1,7,0,4,0,1,1,-3,3,-5,4,-8,5,-10,6,-11,6,-12,6,-13,7,-13,7,-13,6,-12,5,-11,5,-10,0,0,3,-7,2,-6,1,-4,-1,-2,-2,0,-3,1,-4,3,-6,4,-7,5,-8,5,-8,5,-8,5,-9,5,-8,4,-8,3,-7,3,-6,2,-5,1,-4,0,-3,-1,-1,-1,0,-2,2,-3,3,-2,5,-2,5,-1,0,0,0,0,0,0,0,0,0,0]"""
423,"CSI_DATA,422,8c:90:2d:97:93:77,-49,11,1,7,1,0,1,0,1,0,0,-97,0,10,2,9437311,0,83,1,128,0,""[0,0,0,0,0,0,0,0,0,0,0,0,0,-13,0,-15,-2,-17,-2,-18,-2,-20,-1,-19,-1,-19,-1,-17,-1,-15,0,-13,0,-10,0,-7,0,-4,0,-1,-1,1,-2,4,-3,6,-3,9,-3,10,-4,11,-4,12,-4,11,-4,12,-4,11,-4,10,-3,9,0,0,-1,6,-1,4,0,2,0,0,0,0,0,-2,2,-4,3,-5,4,-6,5,-6,5,-6,5,-7,5,-6,5,-5,5,-5,4,-4,4,-3,3,-2,2,-1,1,0,0,0,0,0,-1,1,-3,1,-4,1,-5,0,0,0,0,0,0,0,0,0,0,0]"""
424,"CSI_DATA,423,8c:90:2d:97:93:77,-49,11,1,7,1,0,1,0,1,0,1,-97,0,10,2,9447786,0,83,1,128,0,""[0,0,0,0,0,0,0,0,0,0,0,0,2,11,3,14,4,15,5,17,5,17,4,18,4,17,3,16,3,14,2,11,2,9,1,6,0,3,0,0,0,-2,0,-5,0,-8,0,-10,0,-12,0,-13,0,-13,0,-13,0,-13,0,-13,0,-11,0,-10,0,0,0,-7,0,-5,0,-3,0,-1,0,0,-1,1,-1,3,-2,5,-3,6,-3,7,-4,7,-4,7,-4,7,-4,6,-4,6,-4,4,-3,3,-3,2,-2,1,-1,0,0,0,0,-1,0,-2,1,-3,2,-3,3,-3,0,0,0,0,0,0,0,0,0,0]"""
425,"CSI_DATA,424,8c:90:2d:97:93:77,-49,11,1,7,1,0,1,0,1,0,1,-97,0,10,2,9457253,0,83,1,128,0,""[0,0,0,0,0,0,0,0,0,0,0,0,-6,11,-7,14,-8,15,-9,16,-8,18,-9,18,-9,17,-8,16,-7,14,-6,12,-5,9,-3,6,-2,4,-1,1,1,-2,3,-5,5,-7,6,-9,7,-10,8,-11,8,-11,8,-12,8,-12,7,-12,6,-10,5,-10,0,0,3,-7,2,-6,1,-4,0,-2,-1,0,-3,2,-4,3,-5,4,-6,5,-7,6,-8,6,-8,6,-8,6,-8,5,-7,5,-7,4,-6,3,-5,2,-4,0,-2,-1,-1,-2,0,-3,1,-3,2,-3,4,-4,5,-3,0,0,0,0,0,0,0,0,0,0]"""
426,"CSI_DATA,425,8c:90:2d:97:93:77,-49,11,1,7,1,0,1,0,1,0,1,-97,0,10,2,9468561,0,83,1,128,0,""[0,0,0,0,0,0,0,0,0,0,0,0,-11,5,-13,7,-15,8,-16,8,-16,9,-16,9,-16,9,-15,8,-13,7,-11,6,-9,4,-6,2,-3,1,0,0,1,0,4,-1,7,-2,8,-3,10,-3,11,-3,12,-4,12,-4,12,-4,11,-4,10,-4,8,-3,0,0,5,-2,3,-2,2,-1,0,0,0,0,-3,0,-4,0,-6,0,-8,0,-8,0,-9,0,-9,0,-9,0,-8,0,-8,0,-7,0,-5,0,-4,-1,-3,-1,-1,-1,0,-1,0,-1,1,0,2,0,4,0,4,0,0,0,0,0,0,0,0,0,0,0]"""
427,"CSI_DATA,426,8c:90:2d:97:93:77,-49,11,1,7,1,0,1,0,1,0,1,-97,0,10,2,9477220,0,83,1,128,0,""[0,0,0,0,0,0,0,0,0,0,0,0,-5,11,-6,14,-6,15,-7,17,-7,17,-7,18,-7,17,-6,16,-6,13,-5,11,-3,8,-2,6,0,3,0,0,0,-1,2,-4,4,-7,5,-8,6,-10,6,-10,6,-11,7,-11,7,-11,6,-11,5,-10,4,-9,0,0,2,-6,1,-5,0,-3,0,-1,0,0,-2,1,-3,2,-4,3,-5,4,-6,5,-6,5,-7,5,-7,5,-7,5,-6,3,-6,3,-5,2,-4,0,-3,0,-2,0,0,-1,0,-1,0,-2,1,-2,3,-2,4,-2,0,0,0,0,0,0,0,0,0,0]"""
428,"CSI_DATA,427,8c:90:2d:97:93:77,-49,11,1,7,1,0,1,0,1,0,1,-97,0,10,2,9487341,0,83,1,128,0,""[0,0,0,0,0,0,0,0,0,0,0,0,-12,2,-15,3,-18,3,-18,4,-20,4,-19,4,-18,4,-17,4,-15,3,-13,2,-10,1,-7,0,-3,0,0,0,2,0,4,0,7,0,9,0,11,0,12,0,13,0,13,0,13,0,12,0,11,0,9,0,0,0,6,-1,4,-1,2,0,0,0,-1,0,-3,0,-5,0,-6,0,-7,0,-9,-1,-9,-1,-9,-2,-9,-2,-8,-2,-8,-2,-6,-2,-5,-2,-4,-2,-2,-2,-1,-1,0,-1,0,0,2,0,3,0,4,0,4,1,0,0,0,0,0,0,0,0,0,0]"""
429,"CSI_DATA,428,8c:90:2d:97:93:77,-49,11,1,7,1,0,1,0,1,0,1,-97,0,10,2,9497582,0,83,1,128,0,""[0,0,0,0,0,0,0,0,0,0,0,0,-8,-11,-10,-13,-12,-15,-13,-16,-13,-17,-13,-17,-12,-16,-11,-15,-10,-13,-9,-12,-7,-9,-5,-7,-3,-4,-1,-1,0,2,1,5,3,8,4,9,5,11,5,12,6,12,5,13,5,12,5,12,5,10,5,9,0,0,3,6,3,4,1,2,1,0,0,-2,-2,-4,-2,-6,-2,-7,-2,-8,-3,-9,-3,-10,-3,-10,-2,-10,-2,-9,-2,-9,-1,-8,-1,-7,0,-6,0,-4,1,-3,1,-1,1,1,1,2,1,4,0,5,-1,5,0,0,0,0,0,0,0,0,0,0]"""
430,"CSI_DATA,429,8c:90:2d:97:93:77,-49,11,1,7,1,0,1,0,1,0,1,-97,0,10,2,9507300,0,83,1,128,0,""[0,0,0,0,0,0,0,0,0,0,0,0,-8,-10,-10,-13,-12,-14,-13,-15,-13,-16,-13,-15,-12,-15,-12,-14,-10,-12,-9,-10,-7,-9,-5,-6,-3,-3,-1,-1,1,2,1,5,3,7,4,8,5,10,6,11,6,12,6,12,6,12,6,11,5,10,5,8,0,0,4,5,3,4,2,2,1,0,-1,-2,-2,-4,-2,-5,-3,-7,-3,-8,-3,-9,-3,-9,-3,-9,-3,-9,-2,-9,-2,-9,-1,-7,-1,-6,-1,-5,0,-4,0,-3,1,-1,1,1,1,2,1,4,0,5,0,5,0,0,0,0,0,0,0,0,0,0]"""
431,"CSI_DATA,430,8c:90:2d:97:93:77,-49,11,1,7,1,0,1,0,1,0,1,-97,0,10,2,9517279,0,83,1,128,0,""[0,0,0,0,0,0,0,0,0,0,0,0,-1,13,-2,16,-1,17,-1,18,0,20,-1,20,-1,19,-1,18,-1,15,-1,13,-1,10,0,7,0,4,0,1,0,-3,1,-6,2,-9,2,-11,3,-12,3,-13,3,-14,3,-14,3,-14,3,-14,2,-12,2,-11,0,0,0,-8,0,-6,0,-4,-1,-2,-1,0,-2,2,-2,4,-3,6,-4,7,-4,8,-5,8,-5,8,-5,8,-5,8,-5,7,-5,6,-4,4,-3,3,-3,2,-2,0,-2,-1,-1,-2,0,-4,1,-4,2,-5,3,-5,0,0,0,0,0,0,0,0,0,0]"""
432,"CSI_DATA,431,8c:90:2d:97:93:77,-49,11,1,7,1,0,1,0,1,0,1,-97,0,10,2,9528599,0,83,1,128,0,""[0,0,0,0,0,0,0,0,0,0,0,0,11,1,13,2,17,2,17,3,18,3,18,3,17,3,16,3,14,2,12,1,9,1,6,0,3,0,0,-1,-1,-2,-4,-3,-6,-4,-8,-5,-10,-7,-11,-7,-11,-8,-11,-8,-11,-8,-10,-7,-9,-7,-9,-6,0,0,-6,-3,-4,-2,-3,-1,-1,0,0,0,0,1,1,3,2,4,3,5,3,6,4,7,4,7,3,7,3,7,2,6,1,5,0,4,0,3,0,2,0,1,-1,0,-1,-1,-1,-2,-1,-3,-1,-4,0,-5,0,0,0,0,0,0,0,0,0,0]"""
433,"CSI_DATA,432,8c:90:2d:97:93:77,-49,11,1,7,1,0,1,0,1,0,1,-97,0,10,2,9537246,0,83,1,128,0,""[0,0,0,0,0,0,0,0,0,0,0,0,0,13,0,16,1,17,1,19,1,20,1,20,0,19,0,18,0,16,0,13,0,10,0,8,0,4,1,1,1,-3,2,-6,3,-9,3,-11,4,-12,4,-14,4,-14,5,-14,4,-14,4,-14,4,-12,3,-11,0,0,1,-8,1,-6,0,-4,-1,-2,-2,0,-2,2,-3,4,-4,5,-6,6,-6,7,-7,7,-7,7,-7,7,-7,6,-7,5,-6,4,-6,3,-5,2,-4,1,-3,0,-1,-1,0,-2,1,-3,2,-3,4,-3,5,-3,0,0,0,0,0,0,0,0,0,0]"""
434,"CSI_DATA,433,8c:90:2d:97:93:77,-49,11,1,7,1,0,1,0,1,0,0,-97,0,10,2,9547810,0,83,1,128,0,""[0,0,0,0,0,0,0,0,0,0,0,0,-12,0,-15,0,-18,0,-19,0,-20,0,-20,0,-19,0,-17,0,-15,0,-13,0,-10,0,-7,0,-4,0,0,0,1,0,3,0,6,1,9,0,11,2,12,2,12,2,12,2,12,2,12,1,10,1,9,1,0,0,6,0,4,0,2,0,0,0,-1,0,-3,-1,-4,-1,-6,-2,-7,-2,-8,-3,-8,-3,-8,-4,-8,-4,-7,-4,-7,-3,-6,-4,-5,-3,-3,-3,-2,-2,0,-2,0,-1,0,0,1,0,2,0,3,1,3,2,0,0,0,0,0,0,0,0,0,0]"""
435,"CSI_DATA,434,8c:90:2d:97:93:77,-49,11,1,7,1,0,1,0,1,0,0,-97,0,10,2,9557503,0,83,1,128,0,""[0,0,0,0,0,0,0,0,0,0,0,0,10,6,13,8,15,9,16,9,17,10,17,10,16,10,15,9,13,8,11,6,9,5,6,4,3,1,0,-1,-2,-3,-4,-5,-6,-7,-8,-7,-9,-10,-10,-11,-10,-11,-10,-11,-10,-10,-10,-10,-9,-9,-9,-8,0,0,-7,-5,-5,-4,-3,-3,-2,-1,0,1,1,3,3,4,3,5,4,6,4,7,4,8,4,8,4,8,4,8,3,7,2,7,1,5,1,4,-1,3,-1,2,-2,0,-2,-2,-3,-3,-3,-4,-2,-5,-2,-6,0,0,0,0,0,0,0,0,0,0]"""
436,"CSI_DATA,435,8c:90:2d:97:93:77,-49,11,1,7,1,0,1,0,1,0,0,-97,0,10,2,9567330,0,83,1,128,0,""[0,0,0,0,0,0,0,0,0,0,0,0,-11,5,-14,7,-15,8,-17,9,-17,9,-17,10,-16,9,-15,8,-13,7,-11,6,-9,4,-6,3,-3,2,0,0,1,0,4,-1,7,-2,8,-3,11,-3,12,-4,12,-4,12,-4,12,-4,11,-4,10,-4,9,-4,0,0,5,-3,3,-2,1,-1,0,0,-1,0,-3,0,-5,0,-6,0,-8,0,-8,0,-9,0,-9,0,-9,0,-9,0,-8,0,-7,0,-5,0,-4,0,-3,-1,-1,-1,0,-1,0,-1,1,-1,3,0,4,0,4,0,0,0,0,0,0,0,0,0,0,0]"""
437,"CSI_DATA,436,8c:90:2d:97:93:77,-49,11,1,7,1,0,1,0,1,0,0,-97,0,10,2,9579002,0,83,1,128,0,""[0,0,0,0,0,0,0,0,0,0,0,0,-13,-5,-14,-6,-18,-7,-18,-7,-20,-8,-19,-7,-18,-8,-17,-7,-15,-7,-13,-5,-10,-4,-8,-3,-4,-1,-1,0,1,2,3,3,5,5,8,6,9,7,10,8,10,9,10,9,10,8,10,8,9,7,8,6,0,0,6,4,4,3,3,1,1,0,-1,-2,-2,-3,-3,-5,-4,-6,-5,-7,-6,-8,-6,-8,-6,-9,-5,-9,-5,-8,-4,-8,-3,-7,-2,-6,-2,-5,-1,-4,0,-3,1,-1,1,1,1,2,1,3,1,4,1,5,0,0,0,0,0,0,0,0,0,0]"""
438,"CSI_DATA,437,8c:90:2d:97:93:77,-49,11,1,7,1,0,1,0,1,0,0,-97,0,10,2,9587344,0,83,1,128,0,""[0,0,0,0,0,0,0,0,0,0,0,0,2,13,3,16,4,17,4,19,4,20,4,20,3,19,3,18,3,16,2,14,2,10,1,7,1,4,1,1,0,-3,1,-6,1,-9,1,-11,1,-13,1,-14,1,-15,1,-15,1,-15,1,-14,1,-13,0,-12,0,0,0,-8,-1,-6,-1,-4,-1,-2,-1,0,-1,2,-2,4,-2,6,-4,7,-4,8,-5,9,-4,9,-5,8,-5,7,-5,7,-4,6,-4,5,-3,3,-3,2,-3,0,-2,-1,-1,-3,0,-4,1,-4,3,-5,4,-5,0,0,0,0,0,0,0,0,0,0]"""
439,"CSI_DATA,438,8c:90:2d:97:93:77,-49,11,1,7,1,0,1,0,1,0,0,-97,0,10,2,9597689,0,83,1,128,0,""[0,0,0,0,0,0,0,0,0,0,0,0,8,-9,10,-11,11,-12,12,-12,12,-13,13,-13,12,-13,11,-12,10,-10,8,-9,6,-7,3,-5,1,-3,0,-1,-2,0,-5,1,-7,2,-9,3,-10,4,-11,4,-12,5,-12,5,-12,5,-11,4,-10,4,-9,4,0,0,-6,2,-4,2,-2,1,-1,0,0,0,2,0,3,-1,5,-1,6,-1,7,-1,8,-1,8,-1,8,-1,7,0,7,0,6,0,5,0,3,0,2,0,0,0,0,0,-1,0,-2,0,-3,0,-5,0,-5,-1,0,0,0,0,0,0,0,0,0,0]"""
440,"CSI_DATA,439,8c:90:2d:97:93:77,-49,11,1,7,1,0,1,0,1,0,0,-97,0,10,2,9607249,0,83,1,128,0,""[0,0,0,0,0,0,0,0,0,0,0,0,0,-14,-1,-17,-2,-19,-2,-19,-2,-21,-1,-21,-1,-20,-1,-19,-1,-17,-1,-14,-1,-11,-1,-8,-1,-5,-1,-1,-2,2,-2,5,-3,8,-3,10,-4,11,-4,13,-4,13,-4,13,-4,13,-4,12,-4,11,-3,10,0,0,-2,7,-1,5,-1,3,0,1,0,-1,1,-3,2,-5,3,-7,3,-8,4,-8,4,-9,5,-9,5,-9,5,-8,5,-7,4,-6,4,-5,3,-4,2,-2,2,-1,1,0,0,1,-2,2,-3,3,-4,3,-5,3,0,0,0,0,0,0,0,0,0,0]"""
441,"CSI_DATA,440,8c:90:2d:97:93:77,-49,11,1,7,1,0,1,0,1,0,0,-97,0,10,2,9617181,0,83,1,128,0,""[0,0,0,0,0,0,0,0,0,0,0,0,-14,0,-16,0,-19,0,-20,0,-21,0,-21,1,-20,0,-19,0,-16,0,-14,0,-11,0,-8,0,-5,0,-1,1,2,1,5,1,7,2,10,2,11,3,13,4,13,4,13,4,13,3,13,3,11,3,10,2,0,0,7,1,5,0,3,0,1,-1,-1,-2,-3,-3,-5,-3,-6,-4,-7,-5,-8,-5,-8,-6,-9,-6,-8,-6,-7,-6,-7,-6,-6,-5,-5,-5,-3,-4,-2,-4,-1,-3,0,-2,1,0,2,1,3,2,3,3,3,4,0,0,0,0,0,0,0,0,0,0]"""
442,"CSI_DATA,441,8c:90:2d:97:93:77,-49,11,1,7,1,0,1,0,1,0,0,-97,0,10,2,9627147,0,83,1,128,0,""[0,0,0,0,0,0,0,0,0,0,0,0,-10,6,-12,8,-14,9,-15,9,-16,10,-16,10,-16,9,-14,9,-13,7,-11,7,-8,5,-6,3,-3,2,0,0,2,0,4,0,7,-2,9,-2,10,-2,12,-2,12,-2,12,-2,12,-3,12,-3,10,-2,9,-2,0,0,6,-2,4,-2,2,-1,0,0,0,0,-3,0,-5,0,-6,0,-7,0,-9,-1,-9,-1,-9,-1,-9,-1,-8,-2,-8,-2,-6,-2,-5,-2,-4,-2,-2,-2,-1,-1,0,-1,0,0,1,0,2,0,3,1,3,2,0,0,0,0,0,0,0,0,0,0]"""
443,"CSI_DATA,442,8c:90:2d:97:93:77,-49,11,1,7,1,0,1,0,1,0,0,-97,0,10,2,9637307,0,83,1,128,0,""[0,0,0,0,0,0,0,0,0,0,0,0,-11,-5,-14,-5,-17,-6,-17,-7,-19,-7,-18,-7,-17,-7,-16,-6,-14,-6,-12,-5,-9,-4,-7,-3,-4,0,-1,0,0,1,2,3,4,4,6,5,7,7,8,8,8,8,8,9,8,9,8,8,7,7,6,6,0,0,4,3,3,2,1,0,0,0,0,-1,-1,-3,-2,-4,-3,-6,-3,-7,-4,-8,-3,-8,-3,-8,-3,-9,-2,-8,-2,-8,-1,-7,0,-5,0,-4,0,-3,0,-2,0,0,0,0,0,1,0,3,0,4,0,4,0,0,0,0,0,0,0,0,0,0]"""
444,"CSI_DATA,443,8c:90:2d:97:93:77,-49,11,1,7,1,0,1,0,1,0,0,-97,0,10,2,9647755,0,83,1,128,0,""[0,0,0,0,0,0,0,0,0,0,0,0,-7,-12,-9,-14,-11,-15,-11,-17,-12,-18,-11,-18,-11,-17,-10,-16,-9,-14,-8,-12,-6,-10,-5,-7,-3,-4,-1,-1,0,2,1,5,2,8,3,9,3,12,4,13,4,13,4,13,4,13,4,12,3,11,3,10,0,0,3,6,2,5,1,3,0,1,0,-2,-1,-4,-1,-6,-2,-7,-1,-9,-2,-9,-1,-10,-1,-10,-1,-10,-1,-10,0,-9,0,-8,0,-6,0,-5,1,-4,1,-2,1,-1,1,1,1,2,0,4,-1,5,-2,5,0,0,0,0,0,0,0,0,0,0]"""
445,"CSI_DATA,444,8c:90:2d:97:93:77,-49,11,1,7,1,0,1,0,1,0,0,-97,0,10,2,9657140,0,83,1,128,0,""[0,0,0,0,0,0,0,0,0,0,0,0,3,-13,3,-16,4,-18,4,-19,4,-20,4,-21,5,-20,4,-18,3,-16,3,-14,2,-11,1,-8,0,-5,-1,-2,-2,2,-3,4,-5,7,-5,9,-6,10,-6,11,-6,12,-7,12,-6,12,-6,12,-5,10,-5,9,0,0,-3,6,-2,5,-1,3,0,1,0,-1,1,-3,2,-5,3,-6,4,-7,5,-8,5,-8,5,-8,5,-8,5,-7,5,-7,5,-6,4,-4,3,-4,3,-2,2,-1,0,1,-1,1,-2,2,-3,3,-4,3,-5,3,0,0,0,0,0,0,0,0,0,0]"""
446,"CSI_DATA,445,8c:90:2d:97:93:77,-49,11,1,7,1,0,1,0,1,0,0,-97,0,10,2,9667156,0,83,1,128,0,""[0,0,0,0,0,0,0,0,0,0,0,0,-12,0,-15,0,-18,1,-19,1,-20,1,-20,1,-19,1,-18,0,-15,0,-13,0,-10,0,-7,0,-4,0,0,0,1,0,4,0,7,0,9,0,11,0,12,0,13,0,13,0,12,0,12,0,11,0,9,0,0,0,6,0,4,0,2,0,0,0,-1,0,-3,0,-5,-1,-6,-1,-7,-2,-8,-2,-9,-2,-9,-2,-9,-2,-8,-2,-7,-3,-6,-2,-5,-2,-4,-2,-2,-2,0,-1,0,-1,0,0,2,0,3,0,3,0,4,1,0,0,0,0,0,0,0,0,0,0]"""
447,"CSI_DATA,446,8c:90:2d:97:93:77,-49,11,1,7,1,0,1,0,1,0,0,-97,0,10,2,9677372,0,83,1,128,0,""[0,0,0,0,0,0,0,0,0,0,0,0,-6,11,-7,13,-7,14,-8,15,-8,16,-9,17,-9,16,-8,14,-7,12,-6,11,-4,8,-2,5,-1,3,0,0,1,-1,3,-3,5,-5,7,-7,8,-7,8,-8,9,-9,9,-9,9,-9,8,-8,7,-7,6,-7,0,0,3,-5,2,-4,1,-2,0,-1,-1,0,-3,0,-4,1,-5,1,-7,1,-8,2,-8,2,-9,2,-8,1,-8,1,-8,0,-7,0,-5,0,-4,0,-3,0,-1,0,0,0,0,-1,1,-1,3,0,4,0,4,0,0,0,0,0,0,0,0,0,0,0]"""
448,"CSI_DATA,447,8c:90:2d:97:93:77,-50,11,1,7,1,0,1,0,1,0,0,-97,0,10,2,9687291,0,83,1,128,0,""[0,0,0,0,0,0,0,0,0,0,0,0,-9,8,-11,10,-12,11,-13,12,-14,13,-14,13,-13,13,-12,11,-11,10,-9,8,-7,6,-5,4,-2,2,0,0,1,0,4,-1,7,-3,8,-4,10,-4,11,-5,11,-5,12,-5,11,-5,11,-5,10,-5,8,-4,0,0,5,-3,3,-3,1,-2,0,-1,-1,0,-3,0,-5,0,-6,0,-7,0,-9,0,-9,0,-9,0,-9,0,-8,0,-8,0,-7,0,-6,0,-4,-1,-3,-1,-1,-1,0,-1,0,0,1,0,2,0,4,0,4,0,0,0,0,0,0,0,0,0,0,0]"""
449,"CSI_DATA,448,8c:90:2d:97:93:77,-49,11,1,7,1,0,1,0,1,0,0,-97,0,10,2,9697721,0,83,1,128,0,""[0,0,0,0,0,0,0,0,0,0,0,0,11,-5,13,-6,15,-6,16,-7,17,-7,17,-8,16,-7,15,-7,13,-6,11,-5,8,-4,6,-2,2,-2,0,-1,-2,0,-5,0,-8,1,-10,2,-11,1,-13,2,-13,2,-13,2,-13,2,-12,2,-11,2,-10,2,0,0,-6,1,-4,1,-2,0,-1,0,0,0,2,0,4,-1,5,-1,6,-1,7,-1,8,-1,8,-1,8,-1,7,0,7,0,6,0,5,0,3,0,2,0,0,0,0,0,-1,0,-2,0,-4,0,-5,0,-5,0,0,0,0,0,0,0,0,0,0,0]"""
450,"CSI_DATA,449,8c:90:2d:97:93:77,-49,11,1,7,1,0,1,0,1,0,0,-97,0,10,2,9707229,0,83,1,128,0,""[0,0,0,0,0,0,0,0,0,0,0,0,10,6,13,8,16,9,16,10,17,10,17,10,16,9,15,9,13,8,11,7,9,5,6,3,3,1,0,0,-3,-2,-4,-4,-7,-6,-9,-7,-10,-8,-11,-9,-11,-9,-11,-10,-11,-9,-11,-9,-10,-8,-9,-7,0,0,-7,-4,-5,-3,-3,-2,-2,-1,0,1,2,2,3,3,4,4,5,5,6,6,6,6,6,7,6,7,5,6,5,6,4,6,3,5,2,4,1,3,0,2,-1,1,-3,-1,-3,-2,-4,-3,-4,-4,-4,-5,0,0,0,0,0,0,0,0,0,0]"""
451,"CSI_DATA,450,8c:90:2d:97:93:77,-49,11,1,7,1,0,1,0,1,0,0,-97,0,10,2,9717276,0,83,1,128,0,""[0,0,0,0,0,0,0,0,0,0,0,0,12,4,15,4,18,5,18,6,19,6,19,5,18,5,17,5,15,5,13,4,10,3,7,2,4,0,1,-2,-3,-3,-4,-4,-7,-6,-9,-7,-10,-9,-12,-9,-12,-10,-12,-10,-11,-10,-11,-9,-10,-8,-9,-7,0,0,-7,-5,-5,-3,-4,-2,-2,-1,0,1,1,2,3,4,3,5,4,6,4,7,4,8,4,8,4,8,3,8,3,7,2,7,1,5,1,4,0,3,-1,2,-2,0,-2,-2,-2,-3,-2,-4,-2,-5,-1,-6,0,0,0,0,0,0,0,0,0,0]"""
452,"CSI_DATA,451,8c:90:2d:97:93:77,-49,11,1,7,1,0,1,0,1,0,0,-97,0,10,2,9727180,0,83,1,128,0,""[0,0,0,0,0,0,0,0,0,0,0,0,-12,0,-15,0,-18,0,-19,0,-20,0,-20,0,-19,0,-18,0,-15,0,-13,0,-10,0,-7,0,-4,0,0,0,1,0,4,0,6,1,9,1,10,2,11,3,12,3,12,3,12,3,11,2,10,2,9,1,0,0,6,0,4,0,2,0,0,0,0,-1,-2,-2,-4,-3,-5,-3,-6,-4,-7,-5,-7,-5,-7,-6,-7,-6,-6,-6,-6,-5,-4,-5,-3,-4,-2,-3,-1,-3,0,-2,0,-1,0,0,1,0,1,1,2,3,1,4,0,0,0,0,0,0,0,0,0,0]"""
453,"CSI_DATA,452,8c:90:2d:97:93:77,-49,11,1,7,1,0,1,0,1,0,0,-97,0,10,2,9737320,0,83,1,128,0,""[0,0,0,0,0,0,0,0,0,0,0,0,6,11,7,14,9,15,10,16,10,18,9,17,9,17,8,16,7,14,6,12,5,9,4,6,2,3,1,0,0,-4,-1,-6,-1,-9,-2,-11,-2,-13,-2,-14,-2,-15,-2,-15,-2,-15,-2,-14,-2,-13,-3,-12,0,0,-2,-8,-2,-6,-2,-4,-1,-2,-1,1,-1,3,-1,5,-2,6,-2,8,-3,9,-2,9,-3,9,-3,9,-3,8,-3,7,-3,6,-3,5,-3,4,-3,3,-2,1,-2,0,-1,-2,0,-4,1,-4,2,-5,3,-5,0,0,0,0,0,0,0,0,0,0]"""
454,"CSI_DATA,453,8c:90:2d:97:93:77,-49,11,1,7,1,0,1,0,1,0,0,-97,0,10,2,9747778,0,83,1,128,0,""[0,0,0,0,0,0,0,0,0,0,0,0,11,3,14,3,17,4,18,4,19,5,18,4,18,4,16,4,14,3,13,3,10,2,7,1,3,0,0,-1,-3,-3,-5,-4,-7,-5,-10,-5,-11,-7,-12,-8,-12,-7,-13,-7,-12,-8,-12,-7,-11,-6,-10,-5,0,0,-7,-3,-6,-2,-4,-1,-2,-1,0,1,2,2,3,3,4,4,5,4,6,6,6,6,6,6,6,6,5,6,5,6,4,5,3,5,2,4,1,3,0,2,-1,0,-2,-1,-3,-2,-3,-4,-3,-5,-3,-6,0,0,0,0,0,0,0,0,0,0]"""
455,"CSI_DATA,454,8c:90:2d:97:93:77,-49,11,1,7,1,0,1,0,1,0,0,-97,0,10,2,9757140,0,83,1,128,0,""[0,0,0,0,0,0,0,0,0,0,0,0,0,-14,0,-17,-1,-18,-1,-20,-1,-21,-1,-21,0,-20,0,-18,0,-17,0,-14,-1,-12,-1,-8,-1,-5,-1,-2,-2,2,-3,5,-4,8,-4,10,-5,11,-5,12,-5,13,-6,13,-5,13,-5,12,-4,11,-4,10,0,0,-2,7,-2,5,-1,3,0,1,1,-1,1,-3,2,-5,3,-6,5,-7,5,-8,5,-8,6,-8,6,-8,6,-7,5,-7,5,-5,4,-4,4,-3,3,-2,1,-1,0,0,-1,1,-2,2,-3,3,-5,3,-5,2,0,0,0,0,0,0,0,0,0,0]"""
456,"CSI_DATA,455,8c:90:2d:97:93:77,-49,11,1,7,1,0,1,0,1,0,0,-97,0,10,2,9767183,0,83,1,128,0,""[0,0,0,0,0,0,0,0,0,0,0,0,3,-13,4,-16,4,-18,4,-19,5,-20,5,-20,5,-20,4,-18,4,-16,4,-14,3,-11,2,-8,0,-5,-1,-2,-3,1,-4,4,-6,6,-6,8,-8,9,-8,11,-8,11,-9,11,-9,11,-8,11,-7,9,-6,9,0,0,-4,6,-3,5,-2,3,0,1,0,-1,2,-2,4,-4,5,-5,6,-6,7,-7,7,-6,7,-6,7,-6,7,-5,7,-5,6,-4,5,-3,4,-2,3,-1,2,-1,0,1,-1,1,-2,2,-4,1,-5,2,-6,1,0,0,0,0,0,0,0,0,0,0]"""
457,"CSI_DATA,456,8c:90:2d:97:93:77,-49,11,1,7,1,0,1,0,1,0,0,-97,0,10,2,9777505,0,83,1,128,0,""[0,0,0,0,0,0,0,0,0,0,0,0,11,0,15,-1,17,-1,19,-1,19,-1,19,-1,18,-1,17,-1,15,-1,12,-1,9,0,7,0,3,-1,0,-1,-2,-1,-5,-1,-8,-1,-10,-1,-12,-2,-13,-3,-13,-2,-14,-3,-13,-2,-13,-2,-12,-1,-11,-1,0,0,-7,0,-5,0,-3,0,-1,0,0,0,2,0,3,1,5,1,6,2,7,2,7,3,7,3,7,3,7,3,5,3,4,3,3,2,2,2,1,1,0,1,0,0,-1,0,-2,0,-3,-2,-4,-3,-4,-4,0,0,0,0,0,0,0,0,0,0]"""
458,"CSI_DATA,457,8c:90:2d:97:93:77,-49,11,1,7,1,0,1,0,1,0,0,-97,0,10,2,9787338,0,83,1,128,0,""[0,0,0,0,0,0,0,0,0,0,0,0,6,12,7,14,9,16,10,17,10,18,10,18,9,17,9,16,8,14,6,12,5,9,4,6,2,3,1,0,-1,-3,-1,-6,-2,-9,-3,-11,-4,-13,-4,-14,-4,-15,-4,-15,-4,-15,-4,-14,-3,-13,-4,-11,0,0,-3,-8,-2,-6,-2,-4,-2,-1,-1,1,-1,3,0,5,0,6,-1,8,-1,9,-1,9,-1,10,-1,9,-2,9,-2,8,-2,7,-2,5,-2,4,-2,3,-2,1,-2,-1,-1,-2,-1,-3,0,-5,1,-5,2,-6,0,0,0,0,0,0,0,0,0,0]"""
459,"CSI_DATA,458,8c:90:2d:97:93:77,-49,11,1,7,1,0,1,0,1,0,0,-97,0,10,2,9797588,0,83,1,128,0,""[0,0,0,0,0,0,0,0,0,0,0,0,7,10,9,12,11,13,12,14,13,15,13,15,12,15,11,14,10,12,8,10,7,8,5,5,3,3,0,0,-2,-3,-3,-6,-4,-8,-6,-10,-6,-12,-7,-13,-7,-13,-7,-13,-7,-13,-7,-12,-6,-11,-6,-10,0,0,-5,-7,-4,-5,-3,-3,-2,-1,0,1,1,3,2,4,2,6,2,7,2,8,2,9,2,9,2,9,1,9,1,8,1,7,0,6,-1,5,-1,3,-1,2,-2,0,-2,-2,-2,-4,-2,-4,-2,-6,-1,-6,0,0,0,0,0,0,0,0,0,0]"""
460,"CSI_DATA,459,8c:90:2d:97:93:77,-49,11,1,7,1,0,1,0,1,0,0,-97,0,10,2,9807408,0,83,1,128,0,""[0,0,0,0,0,0,0,0,0,0,0,0,-6,-13,-7,-15,-9,-17,-10,-17,-11,-19,-10,-18,-10,-18,-9,-17,-8,-15,-7,-13,-5,-10,-4,-8,-3,-4,-1,-1,0,2,0,5,1,8,2,10,3,11,3,13,4,13,3,13,3,13,3,13,3,12,3,10,0,0,2,6,2,5,1,3,1,0,0,-2,-1,-4,-1,-6,-1,-7,-1,-9,-1,-10,-1,-10,-1,-10,-1,-10,0,-9,0,-9,0,-8,1,-7,1,-5,0,-4,1,-2,1,-1,1,1,0,3,0,4,-1,5,-2,5,0,0,0,0,0,0,0,0,0,0]"""
461,"CSI_DATA,460,8c:90:2d:97:93:77,-49,11,1,7,1,0,1,0,1,0,0,-97,0,10,2,9817251,0,83,1,128,0,""[0,0,0,0,0,0,0,0,0,0,0,0,-10,-10,-12,-12,-15,-12,-15,-13,-16,-14,-16,-14,-15,-14,-14,-13,-13,-11,-11,-10,-9,-8,-6,-6,-4,-3,-2,-1,1,2,2,4,4,7,5,8,7,10,8,11,8,11,8,12,8,11,7,10,7,9,6,8,0,0,5,5,3,4,2,2,1,0,-1,-2,-2,-3,-3,-5,-4,-7,-4,-8,-5,-9,-4,-9,-4,-9,-4,-10,-3,-9,-3,-9,-2,-8,-2,-6,-1,-6,0,-4,0,-3,1,-1,1,1,1,2,1,3,1,5,0,5,0,0,0,0,0,0,0,0,0,0]"""
462,"CSI_DATA,461,8c:90:2d:97:93:77,-49,11,1,7,1,0,1,0,1,0,0,-97,0,10,2,9827264,0,83,1,128,0,""[0,0,0,0,0,0,0,0,0,0,0,0,-12,4,-14,5,-16,6,-17,6,-18,7,-18,7,-17,7,-16,6,-14,5,-12,4,-9,3,-7,2,-3,1,0,0,1,0,4,0,7,-1,9,-2,11,-2,12,-2,12,-2,13,-2,13,-2,12,-3,10,-2,9,-2,0,0,6,-2,4,-2,1,-1,0,0,-1,0,-3,0,-5,0,-6,0,-8,0,-9,0,-9,0,-9,0,-9,0,-9,0,-8,0,-7,-1,-6,-1,-4,-1,-3,-1,-1,-1,0,-1,0,0,1,0,3,0,4,0,4,0,0,0,0,0,0,0,0,0,0,0]"""
463,"CSI_DATA,462,8c:90:2d:97:93:77,-49,11,1,7,1,0,1,0,1,0,0,-97,0,10,2,9837404,0,83,1,128,0,""[0,0,0,0,0,0,0,0,0,0,0,0,10,7,12,9,15,10,16,10,16,11,16,12,16,11,14,10,12,9,10,8,9,6,6,4,3,2,1,-1,-2,-3,-4,-5,-6,-7,-8,-8,-9,-10,-10,-11,-10,-11,-10,-11,-10,-11,-10,-11,-9,-9,-8,-8,0,0,-6,-6,-5,-4,-3,-3,-2,-1,0,1,1,2,2,4,3,5,3,7,4,7,4,8,4,8,4,8,4,8,3,7,2,7,1,5,1,4,0,3,-1,2,-2,0,-2,-2,-3,-3,-3,-4,-3,-5,-2,-6,0,0,0,0,0,0,0,0,0,0]"""
464,"CSI_DATA,463,8c:90:2d:97:93:77,-49,11,1,7,1,0,1,0,1,0,0,-97,0,10,2,9847780,0,83,1,128,0,""[0,0,0,0,0,0,0,0,0,0,0,0,11,2,13,2,16,3,17,3,18,3,18,3,17,3,16,3,14,2,12,2,9,1,6,1,3,0,0,-1,-2,-2,-4,-3,-6,-4,-8,-5,-10,-7,-11,-7,-11,-8,-11,-8,-11,-7,-10,-7,-10,-6,-8,-5,0,0,-6,-3,-4,-2,-3,0,-1,0,0,0,0,1,2,3,3,4,3,5,4,6,4,6,4,7,4,7,3,6,3,6,1,5,1,4,0,3,0,2,0,1,0,0,-1,-1,-1,-2,-2,-3,-1,-4,-1,-5,0,0,0,0,0,0,0,0,0,0]"""
465,"CSI_DATA,464,8c:90:2d:97:93:77,-49,11,1,7,1,0,1,0,1,0,0,-97,0,10,2,9857315,0,83,1,128,0,""[0,0,0,0,0,0,0,0,0,0,0,0,-12,-3,-15,-3,-17,-3,-19,-4,-19,-4,-19,-4,-18,-4,-17,-3,-15,-3,-13,-2,-10,-2,-7,-2,-4,0,-1,0,1,1,3,2,5,3,7,4,9,6,10,6,10,6,10,6,10,6,10,6,9,5,8,4,0,0,5,2,3,1,2,0,0,0,0,-1,-1,-2,-3,-4,-4,-5,-5,-6,-5,-7,-5,-7,-5,-8,-5,-8,-4,-7,-4,-7,-3,-6,-2,-5,-1,-4,0,-3,0,-2,0,0,0,0,0,1,0,2,0,3,0,4,0,0,0,0,0,0,0,0,0,0]"""
466,"CSI_DATA,465,8c:90:2d:97:93:77,-49,11,1,7,1,0,1,0,1,0,0,-97,0,10,2,9867241,0,83,1,128,0,""[0,0,0,0,0,0,0,0,0,0,0,0,-11,4,-14,5,-16,6,-18,6,-18,7,-18,7,-17,7,-16,6,-14,5,-12,4,-9,3,-7,2,-3,1,0,0,1,0,4,0,7,-1,9,-2,11,-2,12,-3,12,-3,13,-3,12,-2,12,-3,10,-3,9,-2,0,0,6,-2,3,-2,1,-1,0,0,-1,0,-3,0,-5,0,-6,0,-7,0,-9,0,-9,0,-9,0,-9,0,-9,0,-8,0,-7,0,-6,-1,-4,-1,-3,-1,-1,-1,0,-1,0,-1,1,0,3,0,4,0,4,0,0,0,0,0,0,0,0,0,0,0]"""
467,"CSI_DATA,466,8c:90:2d:97:93:77,-49,11,1,7,1,0,1,0,1,0,0,-97,0,10,2,9878072,0,83,1,128,0,""[0,0,0,0,0,0,0,0,0,0,0,0,1,12,1,15,3,16,3,18,3,19,3,19,2,18,2,17,2,15,2,12,1,10,1,7,1,4,0,0,0,-3,0,-6,1,-9,0,-11,1,-13,1,-14,0,-14,1,-14,0,-14,0,-14,0,-13,0,-11,0,0,-1,-8,0,-6,-1,-4,-1,-1,-1,0,-1,3,-1,4,-2,6,-3,7,-3,8,-3,8,-3,9,-3,8,-4,8,-4,7,-4,6,-4,5,-3,4,-3,2,-2,1,-2,-1,-1,-2,-1,-4,0,-4,2,-6,3,-5,0,0,0,0,0,0,0,0,0,0]"""
468,"CSI_DATA,467,8c:90:2d:97:93:77,-49,11,1,7,1,0,1,0,1,0,0,-97,0,10,2,9887746,0,83,1,128,0,""[0,0,0,0,0,0,0,0,0,0,0,0,-5,11,-6,14,-6,15,-7,16,-7,17,-8,17,-7,17,-7,15,-6,13,-5,11,-4,9,-2,6,-1,3,0,0,0,-1,2,-4,4,-6,5,-8,6,-9,7,-10,7,-11,7,-11,7,-11,7,-10,6,-9,5,-9,0,0,2,-6,1,-4,0,-3,0,-1,0,0,-2,1,-3,2,-4,3,-6,4,-6,5,-7,5,-7,5,-7,4,-7,4,-6,3,-6,2,-5,1,-4,0,-3,0,-2,0,0,-1,0,-1,0,-2,2,-2,3,-2,4,-2,0,0,0,0,0,0,0,0,0,0]"""
469,"CSI_DATA,468,8c:90:2d:97:93:77,-49,11,1,7,1,0,1,0,1,0,0,-97,0,10,2,9897735,0,83,1,128,0,""[0,0,0,0,0,0,0,0,0,0,0,0,-3,-14,-3,-17,-5,-18,-5,-19,-5,-21,-5,-20,-4,-20,-4,-18,-4,-16,-3,-14,-3,-11,-2,-8,-2,-5,-1,-2,-1,2,-1,5,-1,8,-1,10,-1,12,-1,13,-1,14,-1,14,-2,14,-1,13,-1,12,-1,10,0,0,0,7,0,5,0,3,1,1,0,-2,0,-4,1,-6,1,-7,2,-9,2,-9,2,-10,2,-10,3,-10,3,-9,2,-8,2,-7,3,-6,2,-5,2,-3,1,-2,1,0,0,1,0,3,-1,4,-3,4,-4,4,0,0,0,0,0,0,0,0,0,0]"""
470,"CSI_DATA,469,8c:90:2d:97:93:77,-49,11,1,7,1,0,1,0,1,0,0,-97,0,10,2,9907120,0,83,1,128,0,""[0,0,0,0,0,0,0,0,0,0,0,0,10,-9,12,-11,13,-12,15,-13,15,-14,16,-14,15,-13,14,-12,12,-10,11,-9,8,-8,6,-6,3,-4,0,-2,-4,-1,-6,1,-9,2,-11,3,-13,3,-14,3,-14,3,-15,3,-14,3,-14,4,-12,3,-11,3,0,0,-8,2,-6,2,-4,1,-2,1,1,0,3,0,5,0,7,0,8,0,9,0,9,0,9,1,9,1,9,1,8,1,6,1,5,2,4,2,2,1,1,1,-1,0,-2,0,-3,-1,-4,-1,-5,-2,-6,-3,0,0,0,0,0,0,0,0,0,0]"""
471,"CSI_DATA,470,8c:90:2d:97:93:77,-49,11,1,7,1,0,1,0,1,0,0,-97,0,10,2,9918259,0,83,1,128,0,""[0,0,0,0,0,0,0,0,0,0,0,0,8,8,11,10,13,11,14,12,14,13,14,13,13,12,13,12,11,11,9,9,7,7,5,5,3,2,1,-1,-1,-3,-2,-6,-3,-8,-5,-10,-5,-12,-6,-13,-6,-14,-6,-14,-6,-13,-5,-13,-5,-12,-5,-10,0,0,-4,-7,-3,-5,-2,-3,-2,-1,-1,1,0,3,0,5,0,6,0,8,-1,9,-1,9,-1,9,-1,9,-1,9,-2,8,-2,7,-2,5,-2,4,-2,3,-2,1,-2,0,-1,-2,0,-3,1,-5,1,-5,2,-5,0,0,0,0,0,0,0,0,0,0]"""
472,"CSI_DATA,471,8c:90:2d:97:93:77,-49,11,1,7,1,0,1,0,1,0,0,-97,0,10,2,9927235,0,83,1,128,0,""[0,0,0,0,0,0,0,0,0,0,0,0,-5,12,-6,15,-7,16,-7,17,-7,18,-8,19,-8,18,-7,16,-6,14,-6,12,-4,10,-3,7,-2,4,0,1,2,-2,4,-4,6,-7,7,-8,8,-9,9,-10,9,-11,10,-11,9,-10,9,-10,8,-9,7,-8,0,0,4,-6,3,-5,1,-4,0,-2,-2,-1,-3,1,-5,2,-6,2,-8,3,-9,3,-9,3,-9,3,-9,3,-9,2,-8,2,-8,1,-7,0,-5,0,-4,-1,-3,-1,-1,-2,1,-2,2,-2,3,-1,5,-1,5,0,0,0,0,0,0,0,0,0,0,0]"""
473,"CSI_DATA,472,8c:90:2d:97:93:77,-49,11,1,7,1,0,1,0,1,0,0,-97,0,10,2,9937307,0,83,1,128,0,""[0,0,0,0,0,0,0,0,0,0,0,0,-7,-11,-9,-13,-11,-15,-12,-16,-12,-17,-12,-17,-11,-17,-10,-16,-9,-14,-8,-12,-7,-10,-5,-7,-4,-4,-2,-1,-1,3,-1,5,-1,8,0,10,0,12,0,13,1,14,0,14,0,14,0,13,0,11,0,10,0,0,1,7,1,5,1,3,1,1,1,-1,1,-3,2,-5,2,-7,3,-8,3,-8,4,-9,4,-9,4,-9,4,-8,4,-7,4,-6,4,-5,3,-4,2,-3,1,-1,0,0,-1,1,-2,2,-3,2,-4,2,-5,2,0,0,0,0,0,0,0,0,0,0]"""
474,"CSI_DATA,473,8c:90:2d:97:93:77,-49,11,1,7,1,0,1,0,1,0,1,-97,0,10,2,9947845,0,83,1,128,0,""[0,0,0,0,0,0,0,0,0,0,0,0,-11,-8,-14,-9,-16,-10,-17,-11,-18,-12,-17,-11,-16,-11,-15,-11,-14,-10,-12,-8,-10,-7,-7,-5,-5,-2,-3,0,0,3,1,5,3,7,4,9,5,11,5,12,5,12,5,13,5,13,5,12,4,11,4,10,0,0,3,7,2,4,2,3,1,1,1,-2,0,-4,0,-6,0,-7,0,-8,1,-9,1,-10,1,-10,2,-10,2,-9,2,-9,2,-7,2,-6,2,-5,1,-3,1,-2,1,0,-1,1,-1,2,-3,3,-4,4,-4,4,0,0,0,0,0,0,0,0,0,0]"""
475,"CSI_DATA,474,8c:90:2d:97:93:77,-49,11,1,7,1,0,1,0,1,0,1,-97,0,10,2,9957154,0,83,1,128,0,""[0,0,0,0,0,0,0,0,0,0,0,0,-11,-6,-14,-7,-16,-8,-17,-8,-18,-9,-17,-9,-17,-8,-16,-8,-14,-7,-12,-6,-9,-5,-7,-3,-4,-1,-1,0,0,1,2,3,4,5,5,7,7,8,7,9,8,9,8,10,8,9,7,9,7,8,6,7,0,0,4,4,2,2,1,0,0,0,0,-1,-1,-3,-1,-4,-2,-6,-2,-7,-3,-8,-3,-8,-3,-9,-2,-9,-2,-8,-1,-8,0,-7,0,-5,0,-4,0,-3,0,-1,0,0,0,0,0,2,0,3,0,4,0,4,0,0,0,0,0,0,0,0,0,0]"""
476,"CSI_DATA,475,8c:90:2d:97:93:77,-49,11,1,7,1,0,1,0,1,0,1,-97,0,10,2,9969363,0,83,1,128,0,""[0,0,0,0,0,0,0,0,0,0,0,0,-12,-6,-15,-7,-17,-8,-19,-9,-19,-8,-20,-9,-18,-9,-17,-8,-15,-7,-13,-6,-11,-5,-8,-3,-5,-2,-2,-1,2,2,3,3,6,5,8,5,10,7,11,7,11,8,11,8,11,8,11,7,10,6,9,5,0,0,6,3,4,2,3,1,1,0,-1,-2,-3,-3,-4,-4,-5,-5,-6,-6,-7,-7,-7,-7,-7,-7,-7,-8,-6,-8,-6,-7,-5,-6,-4,-6,-3,-5,-2,-4,-1,-3,1,-2,1,0,2,1,3,2,3,3,3,5,0,0,0,0,0,0,0,0,0,0]"""
477,"CSI_DATA,476,8c:90:2d:97:93:77,-49,11,1,7,1,0,1,0,1,0,1,-97,0,10,2,9977295,0,83,1,128,0,""[0,0,0,0,0,0,0,0,0,0,0,0,-5,12,-5,16,-5,16,-5,19,-5,19,-5,20,-5,19,-5,17,-4,15,-4,13,-3,10,-2,7,-1,4,0,1,1,-3,3,-5,4,-9,4,-10,5,-12,5,-13,6,-13,6,-13,6,-13,5,-13,5,-11,4,-11,0,0,2,-7,1,-6,1,-4,-1,-2,-1,0,-2,2,-3,4,-4,5,-5,6,-6,7,-6,7,-7,7,-7,7,-7,6,-6,6,-6,5,-5,3,-5,2,-4,1,-3,0,-2,-1,-1,-3,1,-3,2,-4,3,-4,4,-4,0,0,0,0,0,0,0,0,0,0]"""
478,"CSI_DATA,477,8c:90:2d:97:93:77,-49,11,1,7,1,0,1,0,1,0,1,-97,0,10,2,9988672,0,83,1,128,0,""[0,0,0,0,0,0,0,0,0,0,0,0,-5,-13,-6,-15,-8,-16,-9,-18,-10,-19,-9,-19,-8,-18,-8,-17,-7,-15,-6,-13,-5,-10,-4,-8,-3,-4,-1,-1,0,2,0,5,1,8,2,10,2,11,3,13,3,13,3,13,3,13,3,13,3,11,3,10,0,0,2,7,1,5,1,3,1,0,0,-2,-1,-3,-1,-5,-2,-7,-2,-9,-1,-10,-1,-10,-1,-10,-1,-10,-1,-10,-1,-9,0,-8,0,-7,1,-5,1,-4,1,-2,1,-1,1,1,1,3,0,4,0,5,-1,5,0,0,0,0,0,0,0,0,0,0]"""
479,"CSI_DATA,478,8c:90:2d:97:93:77,-49,11,1,7,1,0,1,0,1,0,1,-97,0,10,2,9997616,0,83,1,128,0,""[0,0,0,0,0,0,0,0,0,0,0,0,-6,-12,-8,-15,-10,-16,-10,-17,-11,-19,-10,-18,-10,-18,-9,-17,-8,-15,-7,-13,-6,-10,-5,-7,-3,-4,-2,-1,-1,2,-1,5,-1,8,0,10,0,12,0,13,1,14,1,14,1,14,1,13,1,12,1,10,0,0,1,7,1,5,0,3,1,1,1,-1,0,-3,1,-6,1,-7,2,-8,2,-9,2,-10,2,-10,3,-10,3,-9,3,-8,3,-7,3,-6,2,-5,2,-3,1,-2,1,0,-1,2,-1,3,-2,3,-3,4,-5,4,0,0,0,0,0,0,0,0,0,0]"""
480,"CSI_DATA,479,8c:90:2d:97:93:77,-49,11,1,7,1,0,1,0,1,0,1,-97,0,10,2,10007270,0,83,1,128,0,""[0,0,0,0,0,0,0,0,0,0,0,0,-1,13,0,15,0,17,0,19,0,20,0,20,-1,19,0,18,-1,15,-1,13,0,10,0,7,0,4,0,1,2,-3,2,-6,3,-8,4,-10,5,-12,5,-13,5,-14,5,-13,5,-13,5,-13,4,-11,4,-10,0,0,2,-8,1,-6,0,-4,-1,-2,-2,0,-3,1,-4,3,-5,4,-6,5,-7,6,-7,6,-7,6,-8,6,-8,5,-7,4,-7,3,-6,2,-5,2,-4,0,-3,-1,-1,-1,0,-2,2,-3,3,-3,4,-3,5,-2,0,0,0,0,0,0,0,0,0,0]"""
481,"CSI_DATA,480,8c:90:2d:97:93:77,-49,11,1,7,1,0,1,0,1,0,1,-97,0,10,2,10017177,0,83,1,128,0,""[0,0,0,0,0,0,0,0,0,0,0,0,-8,-11,-10,-13,-12,-14,-13,-16,-14,-16,-13,-17,-12,-16,-11,-16,-10,-13,-9,-11,-7,-10,-6,-7,-4,-4,-2,0,-1,3,-1,5,0,8,1,10,1,12,1,13,1,14,1,14,0,13,1,13,1,12,1,10,0,0,1,7,1,5,0,3,1,1,1,-2,1,-3,2,-6,2,-7,2,-8,4,-8,4,-9,4,-9,4,-9,4,-8,4,-8,4,-6,4,-5,3,-4,2,-3,1,-1,0,0,-1,2,-2,2,-3,2,-5,3,-6,2,0,0,0,0,0,0,0,0,0,0]"""
482,"CSI_DATA,481,8c:90:2d:97:93:77,-49,11,1,7,1,0,1,0,1,0,1,-97,0,10,2,10027120,0,83,1,128,0,""[0,0,0,0,0,0,0,0,0,0,0,0,6,11,8,13,10,15,10,16,11,17,10,17,9,17,8,16,8,14,6,12,5,9,4,6,2,3,2,0,1,-4,1,-6,0,-9,0,-11,0,-13,0,-14,0,-15,0,-15,0,-15,0,-14,0,-13,0,-12,0,0,-1,-8,-1,-6,-1,-4,-1,-2,-2,0,-2,2,-3,4,-4,5,-5,6,-6,7,-6,7,-6,7,-7,7,-6,6,-6,6,-6,5,-5,3,-5,2,-4,1,-3,0,-1,-1,0,-2,2,-3,3,-3,4,-3,5,-2,0,0,0,0,0,0,0,0,0,0]"""
483,"CSI_DATA,482,8c:90:2d:97:93:77,-49,11,1,7,1,0,1,0,1,0,1,-97,0,10,2,10037240,0,83,1,128,0,""[0,0,0,0,0,0,0,0,0,0,0,0,-6,11,-7,15,-7,15,-8,17,-8,18,-9,19,-9,17,-8,16,-7,14,-6,12,-5,9,-3,7,-2,4,0,1,2,-2,4,-4,6,-6,7,-8,9,-9,9,-10,10,-10,10,-10,10,-10,9,-10,8,-9,7,-8,0,0,4,-6,3,-5,2,-4,0,-2,-2,0,-4,1,-5,2,-6,2,-8,3,-9,3,-9,3,-9,3,-10,3,-9,2,-9,2,-8,1,-6,0,-5,-1,-4,-1,-2,-1,-1,-2,1,-2,2,-2,3,-2,5,-1,5,0,0,0,0,0,0,0,0,0,0,0]"""
484,"CSI_DATA,483,8c:90:2d:97:93:77,-48,11,1,6,1,0,1,0,1,0,0,-97,0,10,2,10048091,0,83,1,128,0,""[0,0,0,0,0,0,0,0,0,0,0,0,-13,-5,-16,-6,-20,-6,-21,-7,-22,-7,-21,-7,-21,-7,-19,-7,-16,-6,-15,-5,-12,-4,-8,-3,-5,-1,-1,0,2,1,4,3,6,4,8,5,11,7,12,7,13,7,12,7,12,7,12,7,11,6,10,5,0,0,6,3,4,2,2,1,1,0,-1,-2,-3,-3,-5,-4,-6,-5,-6,-6,-7,-7,-7,-7,-7,-8,-7,-8,-6,-7,-6,-7,-5,-7,-4,-6,-3,-5,-2,-4,-1,-3,1,-2,2,0,2,1,3,3,3,4,2,5,0,0,0,0,0,0,0,0,0,0]"""
485,"CSI_DATA,484,8c:90:2d:97:93:77,-49,11,1,7,1,0,1,0,1,0,0,-97,0,10,2,10057284,0,83,1,128,0,""[0,0,0,0,0,0,0,0,0,0,0,0,-12,2,-15,3,-16,4,-17,4,-18,4,-18,4,-18,4,-16,3,-15,3,-13,2,-10,1,-7,1,-4,1,0,0,1,0,4,0,7,0,9,0,11,0,12,0,13,0,13,1,13,0,12,0,11,0,10,0,0,0,6,0,4,0,2,0,0,0,0,-1,-2,-1,-4,-2,-6,-2,-7,-3,-8,-4,-8,-4,-8,-5,-8,-5,-7,-4,-6,-4,-5,-4,-4,-4,-3,-3,-1,-2,0,-2,0,-1,0,0,1,0,2,1,2,2,2,3,0,0,0,0,0,0,0,0,0,0]"""
486,"CSI_DATA,485,8c:90:2d:97:93:77,-49,11,1,7,1,0,1,0,1,0,0,-97,0,10,2,10067280,0,83,1,128,0,""[0,0,0,0,0,0,0,0,0,0,0,0,-6,-12,-8,-15,-10,-16,-11,-17,-11,-18,-11,-18,-10,-18,-9,-16,-8,-14,-7,-13,-6,-10,-5,-7,-3,-4,-2,-1,-1,2,-1,5,0,8,1,10,1,12,1,13,1,14,1,14,1,14,1,13,1,12,1,10,0,0,1,7,1,5,1,3,1,1,0,-1,0,-4,0,-6,1,-7,2,-8,2,-10,2,-10,2,-10,2,-10,3,-9,3,-8,3,-7,2,-6,2,-5,2,-3,2,-2,1,0,0,1,-1,2,-2,3,-3,4,-4,4,0,0,0,0,0,0,0,0,0,0]"""
487,"CSI_DATA,486,8c:90:2d:97:93:77,-49,11,1,7,1,0,1,0,1,0,0,-97,0,10,2,10077468,0,83,1,128,0,""[0,0,0,0,0,0,0,0,0,0,0,0,6,12,7,14,9,16,10,17,10,17,10,18,9,18,8,16,8,14,6,12,5,10,4,6,2,3,1,0,0,-3,0,-6,-1,-10,-2,-11,-2,-14,-2,-15,-2,-15,-2,-15,-2,-15,-2,-14,-2,-13,-2,-12,0,0,-2,-8,-2,-6,-1,-4,-2,-2,-1,1,-1,3,-2,5,-2,6,-2,8,-3,9,-3,9,-3,9,-4,9,-4,8,-4,8,-4,7,-3,5,-3,4,-3,2,-2,1,-2,-1,-1,-2,0,-4,1,-5,2,-5,3,-5,0,0,0,0,0,0,0,0,0,0]"""
488,"CSI_DATA,487,8c:90:2d:97:93:77,-49,11,1,7,1,0,1,0,1,0,0,-97,0,10,2,10088755,0,83,1,128,0,""[0,0,0,0,0,0,0,0,0,0,0,0,2,-14,3,-16,2,-18,2,-19,2,-20,3,-20,3,-20,3,-18,2,-16,2,-14,1,-11,0,-8,0,-5,-1,-2,-2,2,-3,5,-4,8,-4,10,-5,11,-6,12,-5,12,-6,13,-5,13,-5,12,-5,11,-4,10,0,0,-2,7,-2,5,-1,3,0,1,0,-1,1,-3,2,-5,2,-6,3,-8,4,-9,4,-9,4,-9,4,-9,4,-8,4,-8,4,-6,4,-5,3,-4,2,-2,2,-1,1,0,0,1,-1,2,-2,3,-4,4,-5,4,0,0,0,0,0,0,0,0,0,0]"""
489,"CSI_DATA,488,8c:90:2d:97:93:77,-49,11,1,7,1,0,1,0,1,0,0,-97,0,10,2,10097673,0,83,1,128,0,""[0,0,0,0,0,0,0,0,0,0,0,0,-11,6,-13,7,-15,8,-16,9,-16,10,-16,10,-16,10,-15,9,-13,7,-11,6,-8,5,-6,3,-3,2,0,0,1,0,4,-1,7,-3,8,-4,10,-4,11,-4,12,-5,12,-5,11,-5,11,-5,10,-5,8,-4,0,0,5,-3,3,-3,1,-2,0,0,-1,0,-3,0,-5,0,-6,0,-7,1,-8,1,-9,1,-9,1,-9,0,-9,0,-8,0,-7,0,-6,0,-4,0,-3,0,-1,-1,0,-1,0,-1,1,-1,2,0,4,0,4,0,0,0,0,0,0,0,0,0,0,0]"""
490,"CSI_DATA,489,8c:90:2d:97:93:77,-49,11,1,7,1,0,1,0,1,0,0,-97,0,10,2,10107315,0,83,1,128,0,""[0,0,0,0,0,0,0,0,0,0,0,0,-4,13,-4,15,-3,17,-4,18,-4,19,-4,19,-4,19,-4,17,-3,15,-3,13,-3,10,-2,7,-1,4,0,1,1,-2,2,-6,4,-8,4,-10,5,-12,5,-12,5,-13,5,-13,6,-13,5,-13,5,-11,4,-11,0,0,2,-7,1,-6,1,-4,-1,-2,-1,0,-2,2,-3,4,-4,5,-5,6,-6,7,-6,7,-7,7,-7,7,-7,6,-6,6,-6,4,-5,3,-5,2,-4,1,-3,0,-2,-1,0,-3,1,-3,2,-4,4,-4,4,-4,0,0,0,0,0,0,0,0,0,0]"""
491,"CSI_DATA,490,8c:90:2d:97:93:77,-49,11,1,7,1,0,1,0,1,0,0,-97,0,10,2,10117302,0,83,1,128,0,""[0,0,0,0,0,0,0,0,0,0,0,0,-1,-14,-2,-16,-3,-18,-4,-19,-4,-21,-3,-20,-3,-19,-3,-18,-3,-16,-2,-14,-2,-11,-2,-8,-2,-5,-1,-1,-1,2,-2,5,-2,8,-2,10,-1,12,-1,13,-1,13,-1,14,-1,14,-1,13,-1,12,-1,10,0,0,0,7,0,5,0,3,0,1,0,-1,0,-4,0,-5,1,-7,1,-9,2,-10,2,-10,2,-10,3,-10,2,-9,3,-8,3,-7,3,-6,2,-5,2,-3,1,-2,1,0,0,1,-1,3,-1,3,-2,4,-4,5,0,0,0,0,0,0,0,0,0,0]"""
492,"CSI_DATA,491,8c:90:2d:97:93:77,-49,11,1,7,1,0,1,0,1,0,0,-97,0,10,2,10127229,0,83,1,128,0,""[0,0,0,0,0,0,0,0,0,0,0,0,-9,-10,-11,-12,-14,-13,-14,-14,-15,-15,-14,-15,-14,-14,-13,-13,-12,-12,-10,-10,-8,-8,-6,-6,-4,-3,-1,-1,1,2,2,5,3,7,5,8,6,10,6,11,7,12,7,12,7,12,6,11,6,10,5,8,0,0,4,5,3,4,2,2,1,0,-1,-2,-2,-3,-2,-5,-3,-7,-3,-8,-3,-9,-3,-10,-3,-10,-3,-10,-2,-9,-2,-9,-2,-7,-1,-6,-1,-5,0,-4,0,-3,1,-1,1,1,1,2,1,3,0,5,0,5,0,0,0,0,0,0,0,0,0,0]"""
493,"CSI_DATA,492,8c:90:2d:97:93:77,-49,11,1,7,1,0,1,0,1,0,0,-97,0,10,2,10137371,0,83,1,128,0,""[0,0,0,0,0,0,0,0,0,0,0,0,-3,12,-3,15,-3,16,-3,17,-3,18,-4,19,-4,18,-3,16,-3,14,-3,12,-2,9,-1,6,0,3,0,0,0,-1,2,-4,4,-7,4,-8,5,-10,6,-11,6,-11,7,-11,6,-11,6,-10,5,-10,5,-9,0,0,2,-6,1,-5,0,-3,0,-1,-1,0,-2,0,-3,1,-5,3,-6,3,-7,4,-8,4,-8,4,-8,3,-7,3,-7,2,-6,1,-5,1,-4,0,-3,0,-2,0,0,-1,0,-1,1,-1,2,-1,4,-1,4,0,0,0,0,0,0,0,0,0,0,0]"""
494,"CSI_DATA,493,8c:90:2d:97:93:77,-49,11,1,7,1,0,1,0,1,0,0,-98,0,10,2,10147702,0,83,1,128,0,""[0,0,0,0,0,0,0,0,0,0,0,0,-5,11,-6,14,-6,15,-6,17,-6,17,-7,18,-7,17,-6,15,-5,14,-5,11,-4,9,-2,6,-1,3,0,0,1,-1,3,-3,5,-6,6,-7,7,-9,8,-9,8,-10,9,-10,8,-10,8,-9,7,-9,6,-8,0,0,3,-6,2,-4,1,-3,0,-1,-1,0,-2,0,-4,1,-5,2,-7,2,-8,3,-9,3,-9,3,-9,2,-8,1,-7,1,-7,0,-6,0,-4,0,-3,0,-1,0,0,-1,0,-1,1,-1,2,-1,4,0,5,0,0,0,0,0,0,0,0,0,0,0]"""
495,"CSI_DATA,494,8c:90:2d:97:93:77,-49,11,1,7,1,0,1,0,1,0,0,-98,0,10,2,10157342,0,83,1,128,0,""[0,0,0,0,0,0,0,0,0,0,0,0,2,13,2,16,4,17,4,19,4,20,4,20,3,19,3,18,3,15,2,13,2,10,1,7,1,4,0,0,0,-3,0,-6,0,-9,0,-11,0,-13,0,-14,0,-15,0,-15,0,-15,-1,-14,-1,-13,-1,-12,0,0,-1,-8,-1,-6,-1,-4,-1,-2,-1,0,-1,3,-1,5,-1,6,-2,8,-2,8,-2,9,-2,9,-3,9,-3,8,-3,8,-3,7,-3,5,-3,4,-3,2,-2,1,-2,-1,-1,-2,-1,-4,0,-4,1,-5,2,-6,0,0,0,0,0,0,0,0,0,0]"""
496,"CSI_DATA,495,8c:90:2d:97:93:77,-49,11,1,7,1,0,1,0,1,0,0,-98,0,10,2,10167260,0,83,1,128,0,""[0,0,0,0,0,0,0,0,0,0,0,0,-4,11,-5,14,-6,15,-6,16,-7,18,-7,18,-7,17,-6,16,-5,14,-5,12,-3,9,-2,6,0,3,0,0,1,-1,2,-4,4,-7,5,-9,6,-9,6,-10,7,-11,7,-11,7,-11,6,-11,5,-10,4,-9,0,0,2,-6,1,-5,0,-3,0,-1,0,0,-2,1,-3,2,-4,3,-5,5,-6,5,-7,5,-7,5,-7,5,-7,4,-6,3,-6,2,-5,2,-4,1,-3,0,-2,0,0,-1,0,-1,0,-2,2,-2,3,-3,4,-2,0,0,0,0,0,0,0,0,0,0]"""
497,"CSI_DATA,496,8c:90:2d:97:93:77,-49,11,1,7,1,0,1,0,1,0,0,-98,0,10,2,10177283,0,83,1,128,0,""[0,0,0,0,0,0,0,0,0,0,0,0,8,-9,10,-11,11,-12,12,-14,12,-14,13,-15,12,-14,11,-13,10,-11,8,-10,6,-8,4,-5,1,-3,0,-1,-2,0,-5,2,-7,3,-8,5,-10,5,-11,6,-11,7,-11,7,-11,7,-10,7,-9,6,-8,5,0,0,-5,4,-3,3,-2,1,0,0,0,0,1,-1,3,-2,4,-3,6,-4,7,-4,7,-4,8,-3,7,-3,7,-3,6,-2,6,-1,5,-1,3,0,2,0,1,0,0,0,0,0,-2,0,-3,0,-4,0,-5,0,0,0,0,0,0,0,0,0,0,0]"""
498,"CSI_DATA,497,8c:90:2d:97:93:77,-49,11,1,7,1,0,1,0,1,0,0,-98,0,10,2,10187322,0,83,1,128,0,""[0,0,0,0,0,0,0,0,0,0,0,0,10,3,12,4,16,5,17,6,17,6,17,6,16,6,15,6,13,5,11,4,8,3,6,2,3,0,0,0,-1,-2,-3,-4,-5,-6,-7,-7,-8,-9,-8,-10,-9,-10,-9,-10,-9,-10,-9,-9,-8,-8,-7,-7,0,0,-5,-5,-3,-3,-2,-1,-1,0,0,0,0,2,0,3,1,5,1,6,2,7,2,7,2,8,1,8,1,7,0,7,0,6,0,5,0,4,0,2,0,0,-1,0,-1,-1,0,-2,0,-4,0,-5,0,-5,0,0,0,0,0,0,0,0,0,0]"""
499,"CSI_DATA,498,8c:90:2d:97:93:77,-49,11,1,7,1,0,1,0,1,0,0,-98,0,10,2,10197653,0,83,1,128,0,""[0,0,0,0,0,0,0,0,0,0,0,0,12,3,15,4,17,4,19,4,19,4,19,4,18,4,18,4,15,3,12,2,10,2,7,1,4,0,0,-1,-3,-2,-5,-2,-8,-3,-11,-3,-13,-5,-13,-5,-14,-5,-14,-5,-14,-5,-13,-4,-12,-4,-11,-3,0,0,-8,-2,-6,-1,-4,-1,-2,-1,1,0,3,1,4,1,6,2,7,2,8,2,9,3,9,3,8,3,8,3,7,3,6,3,5,3,4,3,2,2,1,2,-1,1,-3,0,-4,0,-5,-1,-6,-2,-6,-3,0,0,0,0,0,0,0,0,0,0]"""
500,"CSI_DATA,499,8c:90:2d:97:93:77,-49,11,1,7,1,0,1,0,1,0,0,-98,0,10,2,10207215,0,83,1,128,0,""[0,0,0,0,0,0,0,0,0,0,0,0,10,-9,12,-11,14,-12,15,-13,15,-13,15,-14,15,-13,13,-12,12,-11,10,-10,8,-8,6,-6,3,-4,0,-1,-3,1,-5,3,-8,4,-9,6,-11,7,-12,7,-12,8,-12,8,-12,8,-12,7,-10,7,-9,7,0,0,-6,5,-4,3,-3,2,-1,0,0,-1,2,-2,4,-3,5,-4,6,-5,7,-6,8,-6,8,-6,8,-6,8,-5,7,-4,6,-4,5,-3,4,-2,3,-1,2,0,0,1,-1,1,-2,2,-4,2,-5,3,-6,2,0,0,0,0,0,0,0,0,0,0]"""
501,"CSI_DATA,500,8c:90:2d:97:93:77,-49,11,1,7,1,0,1,0,1,0,0,-98,0,10,2,10217306,0,83,1,128,0,""[0,0,0,0,0,0,0,0,0,0,0,0,4,-13,5,-16,5,-17,5,-19,5,-20,5,-20,5,-19,5,-18,4,-16,3,-14,3,-11,2,-8,0,-5,-1,-2,-1,2,-3,5,-4,8,-4,10,-5,11,-5,12,-5,13,-6,13,-5,13,-5,12,-4,11,-4,10,0,0,-2,7,-2,5,-1,3,-1,1,0,-1,1,-3,1,-5,1,-7,2,-8,2,-9,3,-10,3,-10,3,-10,3,-9,3,-8,3,-7,3,-6,3,-4,2,-3,2,-2,1,0,0,1,0,3,-1,4,-2,5,-3,5,0,0,0,0,0,0,0,0,0,0]"""
502,"CSI_DATA,501,8c:90:2d:97:93:77,-49,11,1,7,1,0,1,0,1,0,0,-98,0,10,2,10227232,0,83,1,128,0,""[0,0,0,0,0,0,0,0,0,0,0,0,1,-12,2,-16,1,-16,1,-18,1,-19,2,-20,2,-19,1,-17,1,-15,1,-13,0,-10,0,-7,0,-4,0,-1,-2,0,-3,3,-5,6,-5,8,-6,9,-6,10,-6,11,-7,10,-7,10,-6,10,-6,9,-5,8,0,0,-3,5,-2,4,-1,2,0,0,0,0,1,-1,2,-3,3,-4,5,-5,5,-6,6,-5,6,-5,6,-5,6,-5,6,-4,5,-3,4,-2,3,-1,2,0,0,0,0,0,0,0,-1,1,-3,1,-4,1,-5,0,0,0,0,0,0,0,0,0,0,0]"""
503,"CSI_DATA,502,8c:90:2d:97:93:77,-49,11,1,7,1,0,1,0,1,0,0,-98,0,10,2,10237275,0,83,1,128,0,""[0,0,0,0,0,0,0,0,0,0,0,0,8,-9,10,-11,11,-12,12,-13,13,-14,13,-14,13,-13,12,-12,10,-11,9,-9,6,-7,4,-5,1,-3,0,-1,-3,0,-5,0,-8,2,-10,3,-11,3,-12,3,-13,3,-13,3,-12,3,-12,3,-11,3,-10,3,0,0,-7,2,-4,1,-3,1,0,0,0,0,2,0,4,0,5,0,7,0,8,0,8,0,8,0,8,0,8,0,7,0,6,0,4,0,3,1,1,0,0,0,0,0,-1,0,-2,0,-3,0,-4,-1,-5,-2,0,0,0,0,0,0,0,0,0,0]"""
504,"CSI_DATA,503,8c:90:2d:97:93:77,-49,11,1,7,1,0,1,0,1,0,0,-98,0,10,2,10247813,0,83,1,128,0,""[0,0,0,0,0,0,0,0,0,0,0,0,7,-10,9,-13,9,-14,10,-15,10,-16,11,-16,10,-15,10,-14,8,-12,7,-11,5,-8,3,-6,1,-3,0,-1,-2,0,-4,2,-6,4,-7,6,-9,6,-10,7,-10,8,-10,8,-10,8,-9,8,-9,7,-7,6,0,0,-4,4,-3,3,-2,1,0,0,0,0,1,-1,3,-2,4,-3,5,-4,6,-5,7,-5,7,-4,7,-4,7,-4,6,-3,5,-2,4,-1,3,-1,2,0,1,0,0,0,0,0,-2,1,-3,1,-4,1,-5,0,0,0,0,0,0,0,0,0,0,0]"""
505,"CSI_DATA,504,8c:90:2d:97:93:77,-49,11,1,7,1,0,1,0,1,0,0,-98,0,10,2,10257221,0,83,1,128,0,""[0,0,0,0,0,0,0,0,0,0,0,0,-14,-1,-16,-1,-19,-1,-20,-1,-21,0,-21,0,-20,-1,-19,-1,-17,-1,-14,-1,-11,0,-8,-1,-5,0,-1,0,2,1,5,1,8,2,10,2,12,3,13,3,13,3,14,3,13,3,13,3,11,2,10,2,0,0,7,0,5,0,3,0,1,0,-2,-1,-4,-2,-5,-3,-7,-3,-8,-4,-9,-4,-9,-5,-9,-5,-9,-5,-8,-5,-8,-5,-6,-5,-5,-4,-4,-4,-3,-3,-1,-3,0,-2,2,-1,3,0,3,1,4,2,4,4,0,0,0,0,0,0,0,0,0,0]"""
506,"CSI_DATA,505,8c:90:2d:97:93:77,-49,11,1,7,1,0,1,0,1,0,0,-98,0,10,2,10267229,0,83,1,128,0,""[0,0,0,0,0,0,0,0,0,0,0,0,-11,4,-14,6,-16,7,-17,7,-18,8,-18,8,-16,8,-15,7,-13,7,-12,5,-9,3,-6,2,-3,1,0,0,1,0,4,-1,7,-2,9,-3,10,-3,12,-4,12,-4,12,-4,12,-4,11,-3,10,-3,9,-3,0,0,5,-3,4,-2,1,-1,0,0,0,0,-3,0,-4,0,-6,0,-7,1,-8,0,-9,0,-10,0,-9,0,-9,0,-8,0,-7,0,-6,0,-4,0,-3,-1,-1,-1,0,-1,0,-1,1,-1,3,0,4,0,4,0,0,0,0,0,0,0,0,0,0,0]"""
507,"CSI_DATA,506,8c:90:2d:97:93:77,-49,11,1,7,1,0,1,0,1,0,0,-98,0,10,2,10277303,0,83,1,128,0,""[0,0,0,0,0,0,0,0,0,0,0,0,0,-13,0,-16,0,-17,0,-18,0,-19,0,-20,0,-19,0,-17,0,-15,0,-13,0,-10,0,-7,0,-4,0,-1,-1,0,-3,4,-4,6,-4,8,-5,10,-5,11,-5,11,-6,11,-6,11,-6,11,-5,10,-4,8,0,0,-2,6,-1,4,-1,2,0,0,0,0,1,-1,2,-3,3,-4,5,-5,5,-6,6,-6,6,-6,6,-5,6,-5,5,-4,5,-3,4,-2,3,-1,2,0,1,0,0,0,0,0,-2,1,-3,1,-4,0,-5,0,0,0,0,0,0,0,0,0,0,0]"""
508,"CSI_DATA,507,8c:90:2d:97:93:77,-50,11,1,7,1,0,1,0,1,0,0,-98,0,10,2,10287739,0,83,1,128,0,""[0,0,0,0,0,0,0,0,0,0,0,0,0,12,0,15,0,16,1,17,1,19,0,19,0,18,0,16,0,15,0,13,0,9,0,6,0,3,0,0,0,-2,1,-5,2,-7,2,-10,2,-11,2,-12,2,-13,3,-13,3,-13,2,-12,2,-11,1,-10,0,0,0,-7,0,-5,0,-3,0,-1,0,0,-2,1,-2,2,-3,4,-4,5,-5,6,-6,6,-6,6,-6,6,-6,5,-6,4,-5,3,-4,2,-4,1,-3,0,-2,0,0,0,0,-1,0,-2,1,-2,3,-2,4,-2,0,0,0,0,0,0,0,0,0,0]"""
509,"CSI_DATA,508,8c:90:2d:97:93:77,-49,11,1,7,1,0,1,0,1,0,0,-98,0,10,2,10297683,0,83,1,128,0,""[0,0,0,0,0,0,0,0,0,0,0,0,-3,-14,-4,-17,-5,-18,-5,-19,-5,-20,-5,-21,-5,-20,-5,-19,-4,-16,-4,-14,-3,-11,-2,-8,-2,-5,-1,-2,0,2,0,5,0,8,1,10,1,12,2,13,2,13,1,13,2,13,2,13,2,11,2,10,0,0,2,7,1,5,1,3,0,1,-1,-2,-1,-3,-2,-6,-2,-7,-1,-9,-2,-10,-2,-10,-2,-10,-2,-10,-1,-10,-1,-9,0,-8,0,-7,0,-6,1,-4,1,-2,1,-1,1,1,1,2,1,4,0,5,0,5,0,0,0,0,0,0,0,0,0,0]"""
510,"CSI_DATA,509,8c:90:2d:97:93:77,-49,11,1,7,1,0,1,0,1,0,0,-98,0,10,2,10307309,0,83,1,128,0,""[0,0,0,0,0,0,0,0,0,0,0,0,13,0,15,0,18,0,19,0,20,0,20,-1,19,0,18,0,16,0,13,0,10,0,8,-1,4,-1,0,-1,-3,-1,-6,-1,-9,-2,-11,-1,-13,-2,-15,-2,-15,-2,-15,-2,-15,-2,-14,-2,-13,-1,-12,-1,0,0,-8,0,-6,0,-4,0,-2,0,1,0,3,0,5,0,6,0,8,0,9,1,9,1,9,1,9,1,8,2,8,2,7,2,5,2,4,2,2,2,1,2,-1,1,-2,0,-4,0,-5,0,-6,-1,-6,-2,0,0,0,0,0,0,0,0,0,0]"""
511,"CSI_DATA,510,8c:90:2d:97:93:77,-49,11,1,7,1,0,1,0,1,0,0,-98,0,10,2,10317250,0,83,1,128,0,""[0,0,0,0,0,0,0,0,0,0,0,0,-11,-7,-14,-9,-16,-9,-17,-10,-18,-10,-18,-10,-17,-10,-16,-9,-14,-8,-12,-7,-10,-6,-7,-4,-4,-2,-1,-1,2,1,4,3,6,5,8,5,10,6,11,7,11,7,11,7,11,7,11,6,10,6,9,5,0,0,6,2,5,2,2,1,1,0,-2,-1,-3,-2,-5,-3,-6,-4,-7,-5,-8,-6,-8,-6,-8,-6,-8,-6,-7,-6,-7,-6,-6,-5,-5,-5,-4,-4,-2,-4,-1,-3,0,-2,2,-1,3,0,3,1,4,2,4,3,0,0,0,0,0,0,0,0,0,0]"""
512,"CSI_DATA,511,8c:90:2d:97:93:77,-49,11,1,7,1,0,1,0,1,0,0,-98,0,10,2,10327534,0,83,1,128,0,""[0,0,0,0,0,0,0,0,0,0,0,0,4,-13,5,-17,4,-17,5,-19,5,-20,6,-20,6,-19,6,-18,5,-15,4,-13,3,-11,1,-8,0,-5,-1,-2,-3,0,-6,3,-8,5,-9,6,-10,7,-11,8,-11,9,-12,8,-11,8,-11,8,-10,7,-9,7,0,0,-6,5,-4,4,-3,3,-1,1,1,0,3,-1,5,-1,6,-2,8,-2,8,-2,9,-2,9,-2,9,-1,9,-1,8,0,7,0,6,0,4,1,3,1,1,1,-1,0,-2,0,-3,0,-4,-1,-5,-2,-6,-3,0,0,0,0,0,0,0,0,0,0]"""
513,"CSI_DATA,512,8c:90:2d:97:93:77,-49,11,1,7,1,0,1,0,1,0,0,-98,0,10,2,10337270,0,83,1,128,0,""[0,0,0,0,0,0,0,0,0,0,0,0,-10,6,-12,8,-14,9,-15,9,-16,10,-16,10,-16,9,-14,9,-13,7,-11,6,-8,5,-5,3,-3,2,0,1,2,0,5,0,7,0,9,0,11,0,12,0,12,-1,13,0,12,0,12,0,10,0,9,0,0,0,6,-1,4,-1,2,-1,0,-1,0,-1,-2,-1,-4,-2,-6,-2,-7,-3,-8,-3,-8,-4,-8,-4,-7,-4,-7,-4,-6,-4,-5,-4,-4,-4,-3,-3,-1,-2,0,-1,0,-1,0,0,1,0,1,1,1,3,1,3,0,0,0,0,0,0,0,0,0,0]"""
514,"CSI_DATA,513,8c:90:2d:97:93:77,-49,11,1,7,1,0,1,0,1,0,0,-98,0,10,2,10347869,0,83,1,128,0,""[0,0,0,0,0,0,0,0,0,0,0,0,6,-12,7,-14,8,-16,8,-17,9,-18,9,-18,9,-18,8,-16,7,-14,6,-13,5,-10,3,-7,1,-5,-1,-2,-3,1,-5,3,-7,5,-9,6,-10,7,-11,8,-11,8,-11,8,-11,8,-11,8,-10,7,-9,7,0,0,-6,5,-4,4,-3,2,-1,1,1,0,2,-1,4,-3,5,-3,7,-4,8,-4,9,-4,9,-4,9,-3,8,-3,8,-2,7,-2,5,-1,4,-1,3,0,1,0,0,1,-1,1,-3,1,-4,1,-5,0,-6,-1,0,0,0,0,0,0,0,0,0,0]"""
515,"CSI_DATA,514,8c:90:2d:97:93:77,-49,11,1,7,1,0,1,0,1,0,0,-98,0,10,2,10357150,0,83,1,128,0,""[0,0,0,0,0,0,0,0,0,0,0,0,-12,-6,-14,-7,-18,-7,-18,-8,-19,-9,-19,-8,-18,-8,-17,-8,-15,-7,-13,-6,-10,-5,-8,-4,-5,-2,-2,0,1,2,3,4,5,6,7,7,8,9,9,10,9,10,9,10,9,10,9,9,8,8,7,7,0,0,5,4,4,3,2,1,1,0,-1,-2,-2,-4,-3,-6,-3,-7,-4,-8,-4,-9,-4,-9,-4,-10,-4,-9,-3,-9,-3,-9,-2,-8,-1,-7,-1,-5,0,-4,0,-3,1,-1,1,1,1,2,0,4,0,5,-1,5,0,0,0,0,0,0,0,0,0,0]"""
516,"CSI_DATA,515,8c:90:2d:97:93:77,-49,11,1,7,1,0,1,0,1,0,0,-98,0,10,2,10367247,0,83,1,128,0,""[0,0,0,0,0,0,0,0,0,0,0,0,-9,10,-11,13,-12,14,-12,15,-13,16,-13,16,-13,15,-12,14,-11,12,-10,10,-7,8,-5,6,-3,4,0,1,3,-1,5,-3,8,-4,9,-6,11,-6,12,-7,12,-7,12,-7,12,-7,12,-7,10,-6,9,-6,0,0,6,-4,4,-4,2,-3,0,-2,-2,-1,-4,0,-6,0,-7,0,-9,0,-10,1,-10,1,-10,0,-10,-1,-10,-1,-9,-1,-8,-1,-7,-2,-5,-2,-4,-2,-2,-2,-1,-2,1,-1,2,-1,4,0,5,1,5,2,0,0,0,0,0,0,0,0,0,0]"""
517,"CSI_DATA,516,8c:90:2d:97:93:77,-49,11,1,7,1,0,1,0,1,0,0,-98,0,10,2,10377208,0,83,1,128,0,""[0,0,0,0,0,0,0,0,0,0,0,0,-10,5,-13,7,-14,8,-15,9,-16,9,-16,9,-16,9,-15,8,-13,7,-11,6,-9,4,-6,3,-3,1,0,0,1,0,4,0,7,-1,9,-2,11,-1,12,-2,12,-2,12,-2,12,-2,12,-2,10,-2,9,-1,0,0,5,-1,4,-1,2,-1,0,0,0,0,-3,0,-5,0,-6,-1,-7,-1,-8,-1,-9,-1,-9,-2,-9,-2,-8,-2,-7,-2,-6,-2,-5,-2,-4,-2,-2,-2,-1,-1,0,-1,0,0,1,0,2,0,3,1,3,2,0,0,0,0,0,0,0,0,0,0]"""
518,"CSI_DATA,517,8c:90:2d:97:93:77,-49,11,1,7,1,0,1,0,1,0,0,-98,0,10,2,10389846,0,83,1,128,0,""[0,0,0,0,0,0,0,0,0,0,0,0,11,-1,14,-1,16,-1,18,-1,18,-1,18,-2,17,-1,16,-1,13,-1,11,-1,9,-1,7,0,3,-1,0,-1,-2,-1,-5,-1,-8,-2,-10,-2,-11,-3,-12,-3,-12,-3,-13,-3,-12,-3,-12,-3,-11,-2,-10,-2,0,0,-7,-1,-5,0,-3,0,-1,0,0,0,1,0,3,2,4,2,5,2,6,3,7,4,7,4,6,4,6,4,5,4,4,4,3,3,1,2,0,2,0,1,0,0,-1,0,-2,-1,-2,-2,-3,-3,-3,-4,0,0,0,0,0,0,0,0,0,0]"""
519,"CSI_DATA,518,8c:90:2d:97:93:77,-49,11,1,7,1,0,1,0,1,0,0,-98,0,10,2,10398398,0,83,1,128,0,""[0,0,0,0,0,0,0,0,0,0,0,0,-13,-4,-15,-4,-18,-4,-20,-5,-21,-5,-20,-5,-19,-5,-18,-4,-16,-4,-14,-3,-11,-3,-8,-2,-5,-1,-1,0,2,1,4,1,7,3,9,3,11,4,12,4,13,4,13,4,13,4,12,4,11,3,10,2,0,0,7,1,5,1,3,0,1,-1,-2,-1,-4,-2,-5,-3,-7,-3,-8,-3,-9,-4,-9,-4,-9,-5,-9,-5,-9,-5,-8,-5,-7,-5,-6,-4,-5,-4,-3,-3,-1,-3,0,-2,1,-1,3,0,4,1,4,2,4,3,0,0,0,0,0,0,0,0,0,0]"""
520,"CSI_DATA,519,8c:90:2d:97:93:77,-49,11,1,7,1,0,1,0,1,0,0,-98,0,10,2,10407249,0,83,1,128,0,""[0,0,0,0,0,0,0,0,0,0,0,0,4,-13,4,-16,4,-17,5,-18,4,-19,5,-20,5,-19,4,-17,4,-15,3,-13,2,-11,1,-8,0,-5,-1,-2,-2,2,-3,4,-5,7,-5,9,-6,10,-6,11,-6,12,-7,12,-6,12,-6,11,-5,10,-4,10,0,0,-3,7,-2,5,-1,3,0,1,0,-1,1,-3,2,-5,2,-6,3,-8,4,-8,4,-9,4,-9,5,-8,5,-8,4,-7,4,-6,4,-5,3,-3,2,-2,2,-1,1,0,0,1,-1,2,-2,3,-3,4,-4,4,0,0,0,0,0,0,0,0,0,0]"""
521,"CSI_DATA,520,8c:90:2d:97:93:77,-49,11,1,7,1,0,1,0,1,0,0,-98,0,10,2,10417252,0,83,1,128,0,""[0,0,0,0,0,0,0,0,0,0,0,0,10,-9,12,-11,13,-12,14,-13,15,-14,15,-14,15,-13,13,-12,12,-11,10,-10,8,-8,5,-6,2,-4,-1,-2,-3,-1,-6,1,-9,2,-11,3,-13,2,-14,3,-14,3,-14,3,-14,3,-13,3,-12,3,-11,3,0,0,-7,2,-6,2,-4,1,-1,1,0,0,2,0,5,0,6,0,8,0,9,1,9,1,9,1,9,2,8,2,8,2,6,2,5,2,4,2,2,1,1,1,-1,1,-2,0,-3,-1,-4,-2,-5,-3,-5,-4,0,0,0,0,0,0,0,0,0,0]"""
522,"CSI_DATA,521,8c:90:2d:97:93:77,-49,11,1,7,1,0,1,0,1,0,0,-98,0,10,2,10427728,0,83,1,128,0,""[0,0,0,0,0,0,0,0,0,0,0,0,-10,9,-12,11,-13,12,-14,13,-15,14,-15,14,-14,13,-14,12,-12,11,-10,9,-8,7,-6,5,-3,3,0,1,3,0,5,-2,8,-3,10,-4,12,-4,13,-4,13,-4,13,-4,13,-5,12,-4,11,-4,10,-4,0,0,6,-3,4,-3,2,-3,0,-2,-2,-1,-4,-1,-6,-1,-7,-1,-9,-1,-10,-2,-10,-2,-10,-2,-10,-3,-9,-3,-8,-3,-7,-3,-6,-3,-5,-3,-3,-2,-2,-2,0,-1,1,0,2,0,3,1,4,2,4,3,0,0,0,0,0,0,0,0,0,0]"""
523,"CSI_DATA,522,8c:90:2d:97:93:77,-49,11,1,7,1,0,1,0,1,0,0,-98,0,10,2,10438373,0,83,1,128,0,""[0,0,0,0,0,0,0,0,0,0,0,0,-3,-14,-3,-17,-5,-19,-5,-20,-5,-21,-5,-21,-4,-20,-4,-19,-4,-17,-3,-14,-3,-11,-2,-8,-2,-5,-2,-1,-2,2,-3,5,-3,8,-3,10,-4,12,-4,13,-4,14,-4,14,-4,14,-4,13,-3,12,-3,10,0,0,-2,7,-1,5,-1,3,0,1,1,-1,1,-3,3,-5,4,-6,5,-7,5,-8,6,-8,6,-8,6,-8,6,-7,6,-6,5,-5,4,-4,3,-3,3,-2,1,-1,0,0,-1,1,-2,2,-4,2,-5,2,-6,2,0,0,0,0,0,0,0,0,0,0]"""
524,"CSI_DATA,523,8c:90:2d:97:93:77,-49,11,1,7,1,0,1,0,1,0,1,-98,0,10,2,10450267,0,83,1,128,0,""[0,0,0,0,0,0,0,0,0,0,0,0,-14,1,-17,2,-19,2,-20,2,-21,2,-21,2,-20,1,-19,1,-16,1,-14,1,-11,1,-8,0,-5,1,-1,1,2,1,5,1,8,2,10,2,12,3,13,4,13,4,13,4,13,3,13,3,11,3,10,2,0,0,7,1,5,0,3,-1,1,-1,-1,-2,-3,-2,-5,-4,-6,-4,-7,-5,-8,-6,-8,-6,-9,-7,-8,-7,-7,-7,-6,-6,-5,-6,-4,-5,-3,-4,-2,-4,-1,-3,0,-2,1,0,2,1,2,2,3,4,2,5,0,0,0,0,0,0,0,0,0,0]"""
525,"CSI_DATA,524,8c:90:2d:97:93:77,-49,11,1,7,1,0,1,0,1,0,1,-98,0,10,2,10457117,0,83,1,128,0,""[0,0,0,0,0,0,0,0,0,0,0,0,0,-14,-1,-18,-2,-20,-2,-21,-2,-22,-1,-22,-1,-22,-1,-20,-1,-16,-1,-15,-1,-12,-1,-8,-1,-5,-2,-2,-2,2,-3,5,-4,8,-4,10,-5,11,-5,13,-5,13,-5,13,-6,13,-6,12,-5,11,-4,10,0,0,-3,7,-2,5,-1,3,0,1,1,-1,1,-3,3,-5,4,-6,5,-7,6,-7,6,-8,6,-8,6,-7,6,-7,6,-6,5,-5,5,-4,4,-3,3,-2,1,-1,0,0,-1,2,-2,2,-4,2,-5,2,-6,1,0,0,0,0,0,0,0,0,0,0]"""
526,"CSI_DATA,525,8c:90:2d:97:93:77,-49,11,1,7,1,0,1,0,1,0,1,-98,0,10,2,10467186,0,83,1,128,0,""[0,0,0,0,0,0,0,0,0,0,0,0,5,11,6,13,8,15,9,16,9,17,9,17,8,17,8,15,7,14,6,12,4,9,3,6,2,3,1,0,-1,-3,-1,-6,-1,-9,-2,-11,-2,-13,-3,-14,-3,-14,-3,-14,-3,-14,-2,-14,-2,-12,-3,-11,0,0,-2,-8,-2,-6,-2,-4,-1,-2,-1,1,-1,3,-1,5,-1,6,-2,7,-2,9,-2,9,-2,9,-3,9,-3,8,-3,8,-3,6,-3,5,-3,4,-2,2,-2,1,-2,-1,-1,-3,0,-4,0,-5,1,-5,2,-5,0,0,0,0,0,0,0,0,0,0]"""
527,"CSI_DATA,526,8c:90:2d:97:93:77,-49,11,1,7,1,0,1,0,1,0,1,-98,0,10,2,10477188,0,83,1,128,0,""[0,0,0,0,0,0,0,0,0,0,0,0,-1,13,-1,16,-1,17,-1,18,-1,19,-1,20,-2,19,-1,17,-1,15,-1,13,-1,10,0,7,0,4,0,1,1,-3,2,-6,3,-8,3,-10,4,-12,4,-13,4,-13,5,-14,4,-13,4,-13,4,-12,3,-11,0,0,2,-8,1,-6,0,-4,-1,-2,-1,0,-2,2,-3,4,-4,5,-6,6,-6,7,-6,7,-7,7,-7,7,-7,6,-7,5,-6,4,-6,3,-4,2,-4,1,-3,0,-1,-1,0,-2,1,-3,2,-4,4,-4,4,-3,0,0,0,0,0,0,0,0,0,0]"""
528,"CSI_DATA,527,8c:90:2d:97:93:77,-49,11,1,7,1,0,1,0,1,0,1,-98,0,10,2,10487346,0,83,1,128,0,""[0,0,0,0,0,0,0,0,0,0,0,0,-12,-2,-15,-2,-17,-2,-19,-3,-19,-2,-19,-3,-18,-2,-17,-2,-15,-2,-13,-1,-10,-1,-7,-1,-4,0,0,0,1,0,3,1,6,2,8,3,10,4,11,5,11,5,11,5,11,5,11,4,9,3,8,3,0,0,6,1,4,0,2,0,0,0,0,-1,-2,-2,-3,-3,-5,-4,-6,-5,-6,-5,-7,-5,-7,-6,-6,-6,-6,-6,-5,-6,-4,-5,-3,-4,-2,-4,-1,-3,0,-2,0,-1,0,0,1,0,1,2,2,2,1,3,0,0,0,0,0,0,0,0,0,0]"""
529,"CSI_DATA,528,8c:90:2d:97:93:77,-49,11,1,7,1,0,1,0,1,0,1,-97,0,10,2,10498611,0,83,1,128,0,""[0,0,0,0,0,0,0,0,0,0,0,0,-6,-12,-8,-15,-9,-16,-10,-17,-10,-19,-10,-18,-9,-18,-9,-16,-8,-15,-7,-13,-5,-10,-4,-8,-3,-4,-1,-1,0,2,0,5,1,8,2,10,2,12,3,13,3,13,3,13,3,13,3,12,2,11,3,10,0,0,2,6,1,5,1,3,1,1,0,-2,-1,-4,-1,-6,-1,-7,-1,-9,-1,-10,-1,-10,-1,-10,0,-10,0,-10,0,-9,1,-8,1,-7,1,-5,1,-4,1,-2,1,-1,1,1,0,3,0,4,-1,5,-2,5,0,0,0,0,0,0,0,0,0,0]"""
530,"CSI_DATA,529,8c:90:2d:97:93:77,-49,11,1,7,1,0,1,0,1,0,1,-97,0,10,2,10507150,0,83,1,128,0,""[0,0,0,0,0,0,0,0,0,0,0,0,-11,-7,-14,-9,-16,-9,-18,-10,-18,-11,-18,-10,-17,-10,-16,-9,-14,-8,-12,-7,-10,-6,-7,-4,-4,-2,-1,0,1,2,3,3,5,6,7,6,9,8,10,9,10,9,10,9,10,9,9,8,9,8,8,6,0,0,6,4,4,3,2,1,1,0,-1,-2,-3,-3,-4,-5,-5,-5,-5,-6,-6,-8,-6,-8,-6,-8,-6,-8,-6,-8,-5,-8,-4,-7,-3,-6,-2,-5,-1,-4,0,-3,1,-1,1,0,2,1,2,3,2,4,2,5,0,0,0,0,0,0,0,0,0,0]"""
531,"CSI_DATA,530,8c:90:2d:97:93:77,-49,11,1,7,1,0,1,0,1,0,1,-97,0,10,2,10517282,0,83,1,128,0,""[0,0,0,0,0,0,0,0,0,0,0,0,-12,0,-15,0,-18,0,-19,0,-20,0,-19,0,-19,0,-17,0,-15,0,-13,0,-10,0,-7,0,-4,0,0,0,1,0,4,0,7,1,9,1,11,2,12,2,12,2,12,2,12,2,11,2,10,1,9,0,0,0,6,0,4,0,2,0,0,0,0,0,-3,-1,-4,-2,-6,-2,-7,-2,-8,-3,-8,-3,-8,-4,-8,-4,-7,-4,-7,-4,-6,-4,-4,-3,-3,-3,-2,-2,0,-2,0,-1,0,0,2,0,2,0,3,1,3,2,0,0,0,0,0,0,0,0,0,0]"""
532,"CSI_DATA,531,8c:90:2d:97:93:77,-49,11,1,7,1,0,1,0,1,0,1,-97,0,10,2,10527276,0,83,1,128,0,""[0,0,0,0,0,0,0,0,0,0,0,0,1,-14,1,-16,1,-18,1,-19,1,-21,2,-20,2,-20,2,-18,1,-17,1,-14,1,-11,0,-8,0,-5,-1,-2,-2,2,-3,5,-4,8,-4,10,-5,11,-5,12,-5,12,-5,13,-5,13,-5,12,-4,11,-4,10,0,0,-2,7,-1,5,-1,3,0,1,0,-1,1,-3,2,-5,3,-6,4,-8,4,-9,5,-9,5,-9,5,-9,5,-8,4,-7,4,-6,4,-5,3,-3,2,-2,2,-1,1,0,0,1,-1,3,-2,3,-4,4,-5,4,0,0,0,0,0,0,0,0,0,0]"""
533,"CSI_DATA,532,8c:90:2d:97:93:77,-49,11,1,7,1,0,1,0,1,0,1,-97,0,10,2,10537360,0,83,1,128,0,""[0,0,0,0,0,0,0,0,0,0,0,0,8,-10,9,-12,11,-13,11,-14,12,-15,12,-15,12,-14,11,-13,9,-12,8,-10,6,-8,4,-5,1,-3,0,-1,-2,0,-5,1,-7,3,-9,5,-10,5,-11,6,-11,6,-12,7,-11,6,-11,6,-10,6,-8,5,0,0,-6,3,-4,2,-2,1,0,0,0,0,1,-1,3,-2,5,-2,6,-3,7,-3,7,-3,8,-3,8,-2,7,-2,7,-2,6,-1,5,0,3,0,2,0,0,0,0,0,0,0,-2,0,-3,0,-5,0,-5,0,0,0,0,0,0,0,0,0,0,0]"""
534,"CSI_DATA,533,8c:90:2d:97:93:77,-49,11,1,7,1,0,1,0,1,0,0,-97,0,10,2,10547744,0,83,1,128,0,""[0,0,0,0,0,0,0,0,0,0,0,0,-8,-9,-10,-11,-12,-13,-13,-14,-14,-14,-13,-15,-12,-14,-11,-13,-10,-12,-8,-10,-7,-8,-5,-5,-3,-3,-1,0,0,2,0,4,1,7,2,8,2,11,3,12,3,12,3,12,2,12,2,11,2,10,2,9,0,0,2,6,1,3,0,2,0,0,0,-1,0,-3,0,-5,0,-6,0,-7,0,-8,0,-9,0,-9,0,-9,0,-8,1,-8,1,-6,0,-5,1,-4,0,-3,0,-1,0,0,0,0,0,1,-1,2,-2,3,-3,3,0,0,0,0,0,0,0,0,0,0]"""
535,"CSI_DATA,534,8c:90:2d:97:93:77,-49,11,1,7,1,0,1,0,1,0,0,-97,0,10,2,10557340,0,83,1,128,0,""[0,0,0,0,0,0,0,0,0,0,0,0,-7,-11,-8,-14,-11,-15,-11,-16,-11,-17,-11,-18,-10,-17,-10,-16,-8,-14,-7,-12,-6,-10,-5,-7,-3,-4,-2,-1,-1,2,0,5,0,8,1,10,1,12,1,13,1,13,1,13,1,13,1,13,1,11,1,10,0,0,1,7,1,5,1,3,1,1,0,-2,0,-4,0,-5,1,-7,1,-8,2,-9,2,-10,2,-10,2,-10,2,-9,3,-8,2,-7,2,-6,2,-4,2,-3,1,-2,1,0,0,1,-1,2,-2,3,-3,4,-4,4,0,0,0,0,0,0,0,0,0,0]"""
536,"CSI_DATA,535,8c:90:2d:97:93:77,-49,11,1,7,1,0,1,0,1,0,0,-97,0,10,2,10567270,0,83,1,128,0,""[0,0,0,0,0,0,0,0,0,0,0,0,-12,0,-15,1,-18,1,-19,1,-20,1,-19,2,-19,2,-17,1,-15,1,-13,1,-10,0,-7,0,-4,0,0,0,1,0,4,0,7,0,9,0,11,0,12,0,12,0,13,0,13,0,12,0,11,0,10,0,0,0,6,0,4,0,2,0,0,0,0,0,-3,0,-5,-1,-6,-1,-7,-1,-8,-1,-9,-1,-9,-2,-9,-2,-8,-2,-7,-2,-6,-2,-5,-2,-4,-2,-3,-2,-1,-2,0,-1,0,0,1,0,3,0,4,0,4,1,0,0,0,0,0,0,0,0,0,0]"""
537,"CSI_DATA,536,8c:90:2d:97:93:77,-49,11,1,7,1,0,1,0,1,0,0,-97,0,10,2,10577342,0,83,1,128,0,""[0,0,0,0,0,0,0,0,0,0,0,0,6,-11,8,-13,9,-15,9,-16,10,-17,9,-17,10,-16,9,-15,7,-13,6,-11,4,-9,3,-6,0,-4,0,-1,-2,0,-4,3,-6,5,-7,7,-8,7,-9,8,-9,9,-9,9,-10,9,-9,8,-8,8,-7,7,0,0,-4,4,-2,3,-1,1,0,0,0,0,1,-1,3,-3,4,-4,4,-5,6,-5,6,-5,6,-5,6,-5,6,-4,6,-4,5,-3,4,-2,3,-1,2,0,1,0,0,0,0,0,-1,1,-2,1,-4,1,-5,1,0,0,0,0,0,0,0,0,0,0]"""
538,"CSI_DATA,537,8c:90:2d:97:93:77,-49,11,1,7,1,0,1,0,1,0,0,-97,0,10,2,10587234,0,83,1,128,0,""[0,0,0,0,0,0,0,0,0,0,0,0,-8,-12,-10,-13,-12,-15,-13,-16,-14,-17,-13,-17,-12,-16,-12,-15,-10,-13,-9,-12,-7,-9,-5,-7,-3,-4,-1,-1,0,2,1,5,2,7,4,9,4,11,5,12,5,13,5,13,5,13,5,12,4,11,4,9,0,0,3,6,2,5,2,3,1,0,0,-2,-1,-4,-2,-6,-2,-7,-2,-8,-2,-10,-2,-10,-2,-10,-2,-10,-1,-10,-1,-9,0,-8,0,-7,0,-5,1,-4,1,-3,1,-1,1,1,1,3,0,4,0,5,-1,5,0,0,0,0,0,0,0,0,0,0]"""
539,"CSI_DATA,538,8c:90:2d:97:93:77,-49,11,1,7,1,0,1,0,1,0,0,-97,0,10,2,10597608,0,83,1,128,0,""[0,0,0,0,0,0,0,0,0,0,0,0,-6,-12,-7,-15,-9,-16,-9,-18,-10,-19,-10,-19,-9,-18,-8,-17,-7,-15,-6,-13,-5,-11,-4,-8,-3,-4,-2,-1,-1,2,-1,5,-1,8,0,10,0,12,0,13,0,14,0,14,-1,14,0,13,0,11,0,10,0,0,0,7,0,5,0,3,0,1,0,-1,1,-3,1,-5,2,-7,2,-8,3,-9,3,-9,4,-9,4,-9,4,-8,4,-8,4,-7,3,-5,3,-4,2,-3,1,-1,1,0,0,1,-2,2,-3,3,-4,3,-5,3,0,0,0,0,0,0,0,0,0,0]"""
540,"CSI_DATA,539,8c:90:2d:97:93:77,-49,11,1,7,1,0,1,0,1,0,0,-97,0,10,2,10607146,0,83,1,128,0,""[0,0,0,0,0,0,0,0,0,0,0,0,9,7,12,9,15,10,15,11,16,12,15,11,15,11,13,11,12,9,10,8,8,6,6,4,3,2,1,-1,-1,-4,-2,-6,-3,-8,-5,-10,-6,-12,-6,-13,-6,-13,-6,-14,-6,-13,-6,-13,-5,-11,-5,-10,0,0,-4,-7,-3,-5,-3,-3,-2,-2,-1,1,-1,3,-1,5,-1,6,-1,7,-1,9,-1,9,-1,9,-2,9,-2,8,-2,8,-2,6,-2,5,-3,4,-2,3,-2,1,-2,0,-1,-2,0,-4,1,-4,2,-5,2,-5,0,0,0,0,0,0,0,0,0,0]"""
541,"CSI_DATA,540,8c:90:2d:97:93:77,-49,11,1,7,1,0,1,0,1,0,0,-97,0,10,2,10617267,0,83,1,128,0,""[0,0,0,0,0,0,0,0,0,0,0,0,-2,13,-2,15,-1,17,-1,18,-2,20,-2,19,-2,19,-2,17,-2,15,-2,13,-1,10,0,7,-1,4,0,1,1,-3,2,-6,3,-8,3,-11,4,-12,4,-13,4,-14,5,-14,4,-14,4,-13,3,-12,2,-11,0,0,1,-8,1,-6,0,-4,-1,-2,-1,0,-2,2,-3,4,-4,5,-5,7,-5,7,-6,7,-6,8,-6,7,-6,7,-6,6,-5,5,-5,4,-4,2,-4,1,-3,0,-1,-1,-1,-3,0,-3,2,-4,3,-4,4,-4,0,0,0,0,0,0,0,0,0,0]"""
542,"CSI_DATA,541,8c:90:2d:97:93:77,-49,11,1,7,1,0,1,0,1,0,0,-97,0,10,2,10627250,0,83,1,128,0,""[0,0,0,0,0,0,0,0,0,0,0,0,6,-13,7,-15,7,-16,8,-18,8,-18,8,-19,8,-18,7,-17,6,-15,5,-13,4,-10,3,-7,1,-5,-1,-2,-3,1,-4,4,-6,6,-7,8,-8,9,-9,10,-9,10,-9,10,-9,10,-9,10,-8,9,-7,8,0,0,-4,6,-3,4,-2,3,-1,1,0,-1,2,-2,3,-4,4,-5,6,-6,6,-7,7,-7,7,-7,7,-6,7,-6,6,-5,6,-4,5,-3,4,-2,3,-1,2,0,0,1,-1,1,-2,2,-3,2,-5,2,-6,2,0,0,0,0,0,0,0,0,0,0]"""
543,"CSI_DATA,542,8c:90:2d:97:93:77,-49,11,1,7,1,0,1,0,1,0,0,-97,0,10,2,10637187,0,83,1,128,0,""[0,0,0,0,0,0,0,0,0,0,0,0,-13,-3,-16,-3,-18,-3,-20,-4,-21,-4,-20,-3,-19,-3,-18,-3,-16,-3,-14,-2,-11,-2,-8,-2,-5,0,-2,1,2,2,4,2,6,4,9,5,10,6,11,7,12,7,12,7,11,7,11,7,10,6,9,5,0,0,7,3,5,2,3,0,1,0,-1,-2,-2,-3,-4,-5,-5,-6,-6,-6,-6,-8,-6,-8,-6,-9,-6,-9,-5,-8,-5,-8,-3,-7,-3,-6,-2,-5,-1,-4,0,-3,1,-1,1,1,2,2,1,3,1,4,1,5,0,0,0,0,0,0,0,0,0,0]"""
544,"CSI_DATA,543,8c:90:2d:97:93:77,-49,11,1,7,1,0,1,0,1,0,0,-97,0,10,2,10647716,0,83,1,128,0,""[0,0,0,0,0,0,0,0,0,0,0,0,-3,-14,-4,-16,-6,-18,-6,-19,-6,-20,-5,-21,-5,-20,-5,-18,-4,-16,-3,-14,-3,-11,-3,-8,-2,-5,-2,-1,-2,2,-2,5,-3,8,-3,10,-3,12,-3,13,-3,13,-3,14,-4,13,-3,13,-3,12,-2,10,0,0,-1,7,-1,5,0,3,0,1,1,-1,1,-3,2,-5,3,-6,4,-7,5,-8,5,-9,5,-8,5,-8,5,-7,5,-7,5,-6,4,-4,3,-4,3,-2,2,-1,1,0,-1,1,-2,2,-3,2,-5,2,-5,2,0,0,0,0,0,0,0,0,0,0]"""
545,"CSI_DATA,544,8c:90:2d:97:93:77,-49,11,1,7,1,0,1,0,1,0,0,-97,0,10,2,10657568,0,83,1,128,0,""[0,0,0,0,0,0,0,0,0,0,0,0,-12,2,-14,4,-17,4,-18,5,-19,5,-19,5,-18,5,-17,4,-15,4,-12,3,-10,2,-7,1,-3,1,0,0,1,0,4,0,7,0,9,0,11,0,12,0,12,0,13,0,12,0,12,0,11,-1,10,0,0,0,6,-1,4,-1,2,-1,0,0,0,0,-3,-1,-4,0,-6,-1,-7,-1,-9,-1,-9,-1,-9,-2,-9,-2,-8,-2,-7,-2,-6,-2,-5,-2,-4,-2,-2,-2,-1,-2,0,-1,0,0,2,0,2,0,3,0,4,1,0,0,0,0,0,0,0,0,0,0]"""
546,"CSI_DATA,545,8c:90:2d:97:93:77,-49,11,1,7,1,0,1,0,1,0,0,-97,0,10,2,10667215,0,83,1,128,0,""[0,0,0,0,0,0,0,0,0,0,0,0,1,13,2,15,3,17,3,18,3,19,3,20,3,19,3,17,2,15,2,13,1,10,1,7,1,4,0,0,0,-3,1,-6,1,-9,0,-11,0,-13,0,-14,0,-14,1,-15,1,-14,0,-14,0,-13,0,-11,0,0,-1,-8,-1,-6,-1,-4,-1,-2,-1,0,-1,3,-1,5,-2,6,-3,7,-3,8,-3,8,-4,9,-4,9,-4,8,-4,7,-4,6,-4,5,-3,3,-3,2,-2,1,-2,-1,-1,-2,0,-4,0,-5,2,-5,3,-5,0,0,0,0,0,0,0,0,0,0]"""
547,"CSI_DATA,546,8c:90:2d:97:93:77,-49,11,1,7,1,0,1,0,1,0,0,-97,0,10,2,10677200,0,83,1,128,0,""[0,0,0,0,0,0,0,0,0,0,0,0,-4,-14,-5,-16,-7,-18,-7,-19,-7,-20,-7,-20,-7,-19,-6,-18,-6,-16,-5,-14,-4,-11,-3,-8,-2,-5,-1,-1,-1,2,0,5,0,8,1,10,1,12,1,13,1,14,1,14,1,14,1,13,1,12,1,10,0,0,1,7,1,5,1,3,0,1,0,-2,-1,-4,0,-6,0,-7,0,-9,0,-10,0,-10,0,-10,1,-10,1,-9,1,-9,1,-8,1,-6,1,-5,1,-4,1,-2,1,0,1,1,0,3,-1,4,-2,5,-2,5,0,0,0,0,0,0,0,0,0,0]"""
548,"CSI_DATA,547,8c:90:2d:97:93:77,-49,11,1,7,1,0,1,0,1,0,0,-97,0,10,2,10687278,0,83,1,128,0,""[0,0,0,0,0,0,0,0,0,0,0,0,11,-3,13,-4,16,-5,16,-5,17,-5,17,-5,16,-5,16,-4,14,-4,12,-4,9,-2,6,-2,2,-2,0,-1,-2,-1,-5,0,-8,0,-10,0,-12,-1,-13,-1,-13,-1,-13,-1,-13,-1,-13,-1,-11,0,-10,0,0,0,-7,0,-5,0,-3,0,-1,0,0,0,1,0,3,1,4,1,5,2,7,2,7,3,7,3,7,3,6,3,5,3,4,3,3,2,1,2,0,1,0,1,0,0,-1,0,-2,-1,-3,-2,-3,-3,-3,-4,0,0,0,0,0,0,0,0,0,0]"""
549,"CSI_DATA,548,8c:90:2d:97:93:77,-49,11,1,7,1,0,1,0,1,0,0,-97,0,10,2,10698354,0,83,1,128,0,""[0,0,0,0,0,0,0,0,0,0,0,0,0,-13,0,-15,0,-17,0,-18,0,-20,0,-19,0,-19,0,-17,0,-15,0,-13,0,-10,0,-8,0,-4,0,-1,-2,0,-3,3,-5,6,-5,8,-6,9,-6,10,-7,10,-7,10,-8,10,-7,10,-6,9,-5,8,0,0,-3,5,-2,4,-1,2,0,0,0,0,1,-1,3,-2,4,-3,5,-4,6,-4,7,-4,7,-4,7,-4,7,-3,6,-3,5,-2,4,-1,3,0,2,0,0,0,0,0,0,0,-2,0,-3,0,-5,0,-5,0,0,0,0,0,0,0,0,0,0,0]"""
550,"CSI_DATA,549,8c:90:2d:97:93:77,-49,11,1,7,1,0,1,0,1,0,0,-97,0,10,2,10707386,0,83,1,128,0,""[0,0,0,0,0,0,0,0,0,0,0,0,-10,-8,-13,-10,-15,-11,-16,-12,-17,-12,-17,-12,-16,-12,-15,-11,-13,-11,-11,-9,-9,-7,-7,-5,-5,-3,-2,0,0,3,1,4,3,7,4,8,5,11,5,12,6,12,5,12,5,12,5,12,4,10,4,9,0,0,3,6,2,4,2,2,1,1,0,-2,0,-4,0,-6,0,-7,0,-8,0,-9,0,-10,0,-10,1,-10,1,-9,1,-9,2,-8,1,-6,2,-5,1,-3,1,-2,1,0,0,1,-1,2,-2,3,-3,4,-4,4,0,0,0,0,0,0,0,0,0,0]"""
551,"CSI_DATA,550,8c:90:2d:97:93:77,-49,11,1,7,1,0,1,0,1,0,0,-97,0,10,2,10717253,0,83,1,128,0,""[0,0,0,0,0,0,0,0,0,0,0,0,12,-2,16,-3,18,-3,19,-3,20,-4,20,-4,19,-4,18,-3,16,-3,13,-2,11,-2,7,-2,4,-2,0,-2,-3,-2,-6,-1,-9,-2,-11,-2,-13,-3,-14,-3,-15,-3,-15,-3,-15,-3,-14,-3,-13,-2,-12,-2,0,0,-8,-1,-6,0,-4,0,-2,0,0,1,2,1,5,2,6,2,7,3,8,3,8,4,8,4,8,4,8,4,7,4,6,4,4,3,3,3,1,2,0,2,-1,1,-2,0,-4,-1,-4,-2,-5,-4,-5,-5,0,0,0,0,0,0,0,0,0,0]"""
552,"CSI_DATA,551,8c:90:2d:97:93:77,-49,11,1,7,1,0,1,0,1,0,0,-97,0,10,2,10727235,0,83,1,128,0,""[0,0,0,0,0,0,0,0,0,0,0,0,-12,-5,-15,-6,-17,-7,-18,-7,-19,-7,-19,-7,-18,-7,-17,-6,-15,-6,-13,-5,-10,-4,-8,-3,-5,-1,-2,0,2,2,3,3,6,5,8,6,9,7,10,8,10,8,10,8,10,8,10,8,9,7,8,6,0,0,6,3,4,2,2,1,1,0,-1,-2,-2,-3,-4,-5,-5,-6,-5,-7,-6,-8,-6,-8,-6,-8,-6,-8,-5,-8,-4,-8,-4,-7,-3,-6,-2,-5,-1,-4,0,-3,1,-1,1,0,2,2,2,3,1,4,1,5,0,0,0,0,0,0,0,0,0,0]"""
553,"CSI_DATA,552,8c:90:2d:97:93:77,-49,11,1,7,1,0,1,0,1,0,0,-97,0,10,2,10737365,0,83,1,128,0,""[0,0,0,0,0,0,0,0,0,0,0,0,-13,0,-15,0,-18,0,-20,0,-20,0,-20,1,-20,1,-18,1,-16,0,-14,1,-11,0,-8,0,-5,0,-1,1,2,1,5,1,7,2,9,2,12,3,12,3,13,3,13,3,13,3,12,3,11,2,10,2,0,0,7,1,5,0,3,0,1,-1,-1,-2,-4,-2,-5,-3,-6,-3,-8,-4,-8,-5,-8,-5,-9,-6,-9,-6,-8,-5,-7,-5,-6,-5,-5,-4,-4,-4,-3,-4,-1,-3,0,-2,1,0,2,1,3,2,4,3,3,4,0,0,0,0,0,0,0,0,0,0]"""
554,"CSI_DATA,553,8c:90:2d:97:93:77,-49,11,1,7,1,0,1,0,1,0,0,-97,0,10,2,10747768,0,83,1,128,0,""[0,0,0,0,0,0,0,0,0,0,0,0,1,-14,1,-16,1,-18,1,-19,1,-20,1,-20,1,-20,1,-18,1,-16,1,-14,0,-11,0,-8,-1,-5,-1,-2,-2,2,-3,5,-4,8,-4,10,-5,11,-5,12,-5,13,-5,13,-5,13,-5,12,-5,11,-4,10,0,0,-2,7,-2,5,-1,3,0,1,0,-1,1,-3,2,-5,3,-6,4,-8,5,-8,5,-9,5,-8,5,-8,5,-8,5,-7,5,-6,4,-5,3,-4,2,-2,2,-1,1,0,0,1,-2,2,-3,3,-4,3,-5,3,0,0,0,0,0,0,0,0,0,0]"""
555,"CSI_DATA,554,8c:90:2d:97:93:77,-49,11,1,7,1,0,1,0,1,0,0,-97,0,10,2,10757332,0,83,1,128,0,""[0,0,0,0,0,0,0,0,0,0,0,0,-12,-6,-14,-7,-17,-8,-18,-9,-19,-9,-19,-9,-18,-8,-17,-8,-15,-7,-13,-6,-10,-5,-8,-4,-5,-2,-1,0,2,2,3,3,6,5,8,6,9,7,11,8,11,8,11,8,11,8,10,7,10,6,8,5,0,0,6,3,4,2,2,1,1,0,-1,-2,-3,-3,-4,-4,-5,-5,-6,-6,-7,-7,-7,-7,-7,-8,-7,-8,-7,-7,-6,-7,-5,-7,-4,-5,-3,-5,-2,-4,-1,-3,0,-2,1,0,2,1,3,3,3,4,3,4,0,0,0,0,0,0,0,0,0,0]"""
556,"CSI_DATA,555,8c:90:2d:97:93:77,-49,11,1,7,1,0,1,0,1,0,0,-97,0,10,2,10767258,0,83,1,128,0,""[0,0,0,0,0,0,0,0,0,0,0,0,-12,-2,-14,-2,-16,-3,-18,-4,-18,-3,-18,-3,-17,-4,-16,-4,-15,-3,-13,-2,-10,-2,-7,-1,-4,0,-1,0,0,1,3,2,5,3,7,4,9,6,9,7,10,7,10,7,10,7,9,6,8,6,7,5,0,0,5,3,3,1,1,0,0,0,0,-1,-1,-3,-2,-4,-3,-5,-4,-6,-5,-7,-4,-8,-4,-8,-4,-8,-3,-8,-3,-7,-2,-7,-1,-5,-1,-4,0,-3,0,-2,0,0,0,0,0,1,0,2,0,4,0,4,0,0,0,0,0,0,0,0,0,0]"""
557,"CSI_DATA,556,8c:90:2d:97:93:77,-49,11,1,7,1,0,1,0,1,0,0,-97,0,10,2,10777225,0,83,1,128,0,""[0,0,0,0,0,0,0,0,0,0,0,0,-12,2,-15,3,-16,3,-17,3,-18,4,-18,4,-17,3,-16,3,-15,2,-13,2,-10,1,-7,0,-4,1,0,0,1,0,4,0,7,0,9,0,11,1,12,1,12,0,13,1,12,0,12,0,10,0,9,0,0,0,6,0,4,0,2,0,0,0,0,-1,-2,-1,-4,-2,-6,-2,-7,-3,-8,-4,-8,-4,-8,-4,-8,-5,-7,-5,-6,-4,-5,-4,-4,-3,-3,-3,-1,-3,0,-2,0,-1,0,0,1,0,2,1,2,2,2,3,0,0,0,0,0,0,0,0,0,0]"""
558,"CSI_DATA,557,8c:90:2d:97:93:77,-49,11,1,7,1,0,1,0,1,0,0,-97,0,10,2,10787346,0,83,1,128,0,""[0,0,0,0,0,0,0,0,0,0,0,0,-9,-9,-11,-11,-14,-12,-15,-13,-16,-14,-15,-14,-15,-13,-14,-12,-13,-11,-11,-10,-8,-8,-6,-6,-4,-3,-1,-1,1,2,2,4,4,7,5,8,7,10,7,11,7,11,7,11,7,11,7,11,6,10,6,8,0,0,4,5,3,3,2,2,1,0,-1,-2,-2,-4,-3,-6,-3,-7,-4,-8,-4,-9,-4,-10,-4,-10,-3,-10,-3,-9,-3,-9,-2,-8,-1,-6,-1,-6,0,-4,0,-3,1,-1,1,1,1,2,1,4,1,5,0,5,0,0,0,0,0,0,0,0,0,0]"""
559,"CSI_DATA,558,8c:90:2d:97:93:77,-49,11,1,7,1,0,1,0,1,0,0,-97,0,10,2,10799771,0,83,1,128,0,""[0,0,0,0,0,0,0,0,0,0,0,0,-10,6,-12,9,-14,9,-15,10,-15,11,-15,12,-14,11,-13,10,-12,9,-10,8,-8,5,-5,3,-3,2,0,0,1,0,3,-2,6,-3,8,-5,10,-5,10,-6,11,-6,11,-6,11,-7,10,-6,9,-5,8,-5,0,0,5,-4,3,-3,1,-2,0,0,-1,0,-3,0,-4,0,-6,1,-7,2,-8,2,-9,2,-9,1,-9,1,-8,1,-8,0,-7,0,-6,0,-5,0,-3,0,-1,-1,0,-1,0,-1,1,-1,2,-1,4,-1,5,0,0,0,0,0,0,0,0,0,0,0]"""
560,"CSI_DATA,559,8c:90:2d:97:93:77,-49,11,1,7,1,0,1,0,1,0,0,-97,0,10,2,10807620,0,83,1,128,0,""[0,0,0,0,0,0,0,0,0,0,0,0,5,12,6,14,8,15,9,17,9,17,9,18,8,17,7,16,7,14,6,12,5,9,3,7,2,3,0,0,-1,-3,-1,-6,-2,-9,-3,-11,-3,-13,-4,-14,-4,-14,-4,-15,-4,-14,-4,-14,-4,-12,-4,-11,0,0,-3,-8,-3,-6,-2,-4,-2,-2,-1,1,0,3,0,5,0,6,0,8,0,9,0,9,0,9,0,9,-1,9,-1,8,-1,7,-2,5,-2,4,-2,3,-2,1,-2,-1,-2,-2,-2,-3,-1,-5,0,-6,1,-6,0,0,0,0,0,0,0,0,0,0]"""
561,"CSI_DATA,560,8c:90:2d:97:93:77,-49,11,1,7,1,0,1,0,1,0,0,-97,0,10,2,10817195,0,83,1,128,0,""[0,0,0,0,0,0,0,0,0,0,0,0,-2,-14,-3,-16,-5,-18,-5,-19,-5,-20,-5,-20,-4,-20,-4,-18,-4,-16,-3,-14,-3,-11,-3,-8,-2,-5,-1,-1,-1,2,-1,5,-1,8,-1,10,-1,11,-1,13,0,13,-1,14,0,14,0,13,0,12,0,10,0,0,0,7,0,5,0,3,0,1,0,-1,0,-4,0,-6,0,-7,1,-9,1,-10,1,-10,1,-10,2,-10,2,-9,2,-9,2,-7,2,-6,2,-5,2,-3,1,-2,1,0,1,1,0,3,-1,4,-2,4,-3,5,0,0,0,0,0,0,0,0,0,0]"""
562,"CSI_DATA,561,8c:90:2d:97:93:77,-49,11,1,7,1,0,1,0,1,0,0,-97,0,10,2,10827281,0,83,1,128,0,""[0,0,0,0,0,0,0,0,0,0,0,0,2,-14,2,-16,2,-18,2,-19,2,-20,2,-21,2,-20,2,-18,1,-16,1,-14,1,-11,0,-8,0,-5,-1,-2,-2,2,-3,5,-4,8,-4,9,-5,11,-5,12,-5,13,-5,13,-5,13,-5,12,-4,11,-3,10,0,0,-2,7,-2,5,-1,3,0,1,0,-1,1,-3,1,-5,2,-6,3,-8,4,-9,4,-9,4,-9,4,-9,4,-8,4,-8,4,-6,4,-5,3,-4,2,-3,2,-1,1,0,0,1,-1,3,-2,3,-3,4,-4,4,0,0,0,0,0,0,0,0,0,0]"""
563,"CSI_DATA,562,8c:90:2d:97:93:77,-49,11,1,7,1,0,1,0,1,0,0,-97,0,10,2,10837205,0,83,1,128,0,""[0,0,0,0,0,0,0,0,0,0,0,0,2,-14,3,-16,2,-18,2,-19,2,-20,3,-20,3,-20,2,-18,2,-16,2,-14,1,-11,0,-8,0,-5,-1,-2,-2,1,-3,5,-4,7,-4,9,-5,11,-5,12,-5,13,-6,12,-6,12,-5,12,-5,11,-4,10,0,0,-2,6,-2,5,-1,3,0,1,0,-1,1,-3,2,-5,3,-6,4,-8,4,-9,5,-9,5,-8,5,-9,5,-8,5,-7,4,-6,4,-5,3,-4,3,-2,2,-1,1,0,0,1,-2,2,-3,3,-4,3,-5,3,0,0,0,0,0,0,0,0,0,0]"""
564,"CSI_DATA,563,8c:90:2d:97:93:77,-49,11,1,7,1,0,1,0,1,0,0,-97,0,10,2,10847716,0,83,1,128,0,""[0,0,0,0,0,0,0,0,0,0,0,0,-11,5,-13,6,-15,7,-16,7,-17,8,-17,8,-16,8,-15,7,-13,6,-11,5,-9,3,-6,2,-3,1,0,0,1,0,4,-1,7,-1,8,-2,11,-2,11,-2,12,-3,12,-3,12,-3,11,-3,10,-2,9,-3,0,0,5,-2,3,-2,2,-1,0,0,-1,0,-3,0,-4,0,-6,0,-7,0,-8,0,-9,0,-9,0,-9,0,-9,0,-8,0,-7,-1,-5,-1,-4,-1,-3,-1,-1,-1,0,-1,0,-1,1,0,2,0,4,0,4,0,0,0,0,0,0,0,0,0,0,0]"""
565,"CSI_DATA,564,8c:90:2d:97:93:77,-49,11,1,7,1,0,1,0,1,0,0,-97,0,10,2,10858443,0,83,1,128,0,""[0,0,0,0,0,0,0,0,0,0,0,0,0,-14,0,-17,-1,-18,-1,-19,-1,-21,0,-21,0,-20,0,-19,-1,-17,0,-15,0,-11,-1,-8,-1,-5,-1,-2,-1,2,-3,5,-4,8,-4,10,-4,11,-4,13,-4,13,-5,13,-5,13,-4,12,-4,11,-3,10,0,0,-2,7,-1,5,-1,3,0,1,0,-1,1,-3,2,-5,3,-6,4,-8,5,-9,5,-9,5,-9,5,-8,5,-8,5,-7,5,-6,4,-5,3,-3,2,-2,2,-1,1,0,0,2,-1,2,-3,3,-4,3,-5,3,0,0,0,0,0,0,0,0,0,0]"""
566,"CSI_DATA,565,8c:90:2d:97:93:77,-49,11,1,7,1,0,1,0,1,0,0,-97,0,10,2,10867226,0,83,1,128,0,""[0,0,0,0,0,0,0,0,0,0,0,0,-4,-13,-5,-16,-7,-17,-7,-18,-7,-19,-7,-20,-6,-19,-6,-17,-5,-16,-5,-13,-4,-11,-3,-8,-2,-5,-1,-1,-1,2,-1,5,-1,8,0,10,-1,12,0,13,0,13,-1,13,-1,13,0,13,0,11,0,10,0,0,0,7,0,5,0,3,0,1,0,-2,0,-4,0,-5,1,-7,2,-8,2,-9,2,-9,2,-10,3,-9,3,-9,3,-8,3,-7,3,-6,3,-4,2,-3,1,-2,1,0,0,2,-1,3,-2,3,-3,4,-4,4,0,0,0,0,0,0,0,0,0,0]"""
567,"CSI_DATA,566,8c:90:2d:97:93:77,-49,11,1,7,1,0,1,0,1,0,0,-97,0,10,2,10877204,0,83,1,128,0,""[0,0,0,0,0,0,0,0,0,0,0,0,-9,8,-11,10,-12,11,-13,11,-13,12,-14,13,-13,12,-12,11,-11,9,-9,8,-7,6,-5,4,-2,2,0,0,1,0,4,-2,6,-3,8,-4,10,-4,10,-5,11,-5,11,-5,11,-5,11,-5,9,-5,8,-4,0,0,5,-3,3,-2,1,-2,0,0,-1,0,-2,0,-4,0,-6,0,-8,0,-8,0,-9,0,-9,0,-9,0,-8,0,-8,0,-7,0,-6,0,-4,-1,-3,-1,-1,-1,0,-1,0,0,1,0,2,0,4,0,4,0,0,0,0,0,0,0,0,0,0,0]"""
568,"CSI_DATA,567,8c:90:2d:97:93:77,-49,11,1,7,1,0,1,0,1,0,0,-97,0,10,2,10887348,0,83,1,128,0,""[0,0,0,0,0,0,0,0,0,0,0,0,11,-2,14,-3,16,-3,18,-3,18,-3,18,-3,18,-3,16,-3,14,-3,12,-3,9,-2,6,-1,3,-1,0,0,-2,0,-5,0,-8,0,-10,0,-12,0,-13,0,-14,0,-14,0,-13,0,-13,0,-12,0,-11,0,0,0,-7,0,-4,0,-3,0,-1,0,0,0,2,0,4,0,5,0,7,0,7,0,8,0,8,0,8,0,7,1,7,1,5,1,4,1,3,1,1,1,0,1,0,0,-1,0,-2,0,-4,0,-5,-1,-5,-2,0,0,0,0,0,0,0,0,0,0]"""
569,"CSI_DATA,568,8c:90:2d:97:93:77,-49,11,1,7,1,0,1,0,1,0,0,-97,0,10,2,10902250,0,83,1,128,0,""[0,0,0,0,0,0,0,0,0,0,0,0,10,6,13,7,16,8,17,8,17,9,17,9,16,8,15,8,14,7,11,5,9,4,7,3,3,1,0,-1,-3,-2,-4,-4,-6,-6,-8,-7,-10,-8,-11,-9,-11,-9,-11,-9,-11,-9,-11,-9,-10,-8,-9,-7,0,0,-7,-4,-5,-3,-3,-2,-2,-1,0,1,2,2,3,3,4,4,5,5,6,6,6,6,6,7,6,7,5,6,4,6,4,6,2,5,2,4,1,3,-1,2,-1,1,-3,-1,-3,-2,-3,-3,-3,-4,-3,-5,0,0,0,0,0,0,0,0,0,0]"""
570,"CSI_DATA,569,8c:90:2d:97:93:77,-49,11,1,7,1,0,1,0,1,0,0,-97,0,10,2,10910833,0,83,1,128,0,""[0,0,0,0,0,0,0,0,0,0,0,0,9,-8,11,-10,13,-10,14,-11,15,-12,15,-12,14,-12,13,-11,11,-10,10,-8,7,-6,5,-4,2,-3,0,-1,-2,0,-5,1,-8,2,-9,4,-11,4,-12,4,-12,5,-13,5,-12,5,-12,5,-10,4,-9,4,0,0,-6,3,-4,2,-2,1,0,0,0,0,2,0,3,-1,5,-2,6,-3,7,-3,8,-3,8,-2,8,-2,8,-2,7,-1,6,-1,5,0,3,0,2,0,1,0,0,0,-1,0,-2,0,-4,0,-5,0,-5,0,0,0,0,0,0,0,0,0,0,0]"""
571,"CSI_DATA,570,8c:90:2d:97:93:77,-49,11,1,7,1,0,1,0,1,0,0,-97,0,10,2,10917293,0,83,1,128,0,""[0,0,0,0,0,0,0,0,0,0,0,0,-2,-14,-3,-16,-4,-18,-4,-19,-5,-21,-4,-20,-4,-20,-4,-18,-3,-16,-3,-14,-2,-11,-2,-8,-2,-5,-1,-1,-1,2,-2,5,-2,8,-1,10,-1,12,-1,13,-1,13,-1,14,-1,14,-1,13,-1,11,0,10,0,0,0,7,0,5,0,3,0,1,0,-2,0,-4,0,-6,1,-7,1,-8,1,-10,2,-10,2,-10,2,-9,3,-9,2,-8,2,-7,2,-6,2,-5,2,-3,1,-2,1,0,0,1,0,3,-1,3,-3,4,-4,4,0,0,0,0,0,0,0,0,0,0]"""
572,"CSI_DATA,571,8c:90:2d:97:93:77,-49,11,1,7,1,0,1,0,1,0,0,-97,0,10,2,10927311,0,83,1,128,0,""[0,0,0,0,0,0,0,0,0,0,0,0,-11,5,-13,7,-15,7,-16,8,-17,9,-17,9,-16,8,-15,8,-13,7,-11,6,-9,4,-6,2,-3,1,0,0,1,0,4,-1,7,-2,9,-3,10,-3,11,-3,12,-4,12,-3,12,-4,11,-4,10,-4,9,-4,0,0,5,-3,3,-2,2,-1,0,0,-1,0,-2,0,-5,0,-6,0,-7,0,-8,0,-9,0,-9,0,-9,0,-9,0,-8,0,-7,0,-6,0,-4,-1,-3,-1,-1,-1,0,-1,0,-1,1,-1,2,0,4,0,4,0,0,0,0,0,0,0,0,0,0,0]"""
573,"CSI_DATA,572,8c:90:2d:97:93:77,-49,11,1,7,1,0,1,0,1,0,0,-97,0,10,2,10937235,0,83,1,128,0,""[0,0,0,0,0,0,0,0,0,0,0,0,-12,4,-14,5,-16,5,-17,6,-18,7,-18,7,-18,7,-16,5,-14,5,-13,4,-10,2,-7,2,-3,2,0,1,1,0,4,0,7,0,9,0,11,0,12,0,12,0,13,1,13,0,12,1,11,0,9,0,0,0,6,0,4,0,2,0,0,0,0,-1,-2,-2,-4,-3,-5,-4,-6,-4,-7,-5,-7,-6,-7,-6,-6,-6,-6,-6,-5,-6,-4,-5,-3,-5,-2,-3,-1,-3,0,-2,0,0,0,0,0,1,1,2,1,3,0,4,0,0,0,0,0,0,0,0,0,0]"""
574,"CSI_DATA,573,8c:90:2d:97:93:77,-49,11,1,7,1,0,1,0,1,0,1,-97,0,10,2,10947809,0,83,1,128,0,""[0,0,0,0,0,0,0,0,0,0,0,0,-12,-2,-15,-2,-18,-2,-19,-2,-20,-2,-20,-2,-19,-3,-18,-3,-15,-3,-13,-2,-10,-1,-7,-1,-4,0,-1,0,0,2,2,3,5,4,7,5,8,7,9,8,10,8,9,8,9,8,9,8,8,7,7,6,0,0,5,3,3,1,2,0,0,0,0,-1,0,-3,-1,-5,-2,-6,-2,-7,-2,-8,-2,-9,-2,-9,-2,-9,-1,-8,-1,-8,0,-7,0,-6,0,-4,0,-3,0,-2,0,0,0,0,0,1,0,3,0,4,-1,4,0,0,0,0,0,0,0,0,0,0]"""
575,"CSI_DATA,574,8c:90:2d:97:93:77,-49,11,1,7,1,0,1,0,1,0,1,-97,0,10,2,10957230,0,83,1,128,0,""[0,0,0,0,0,0,0,0,0,0,0,0,5,-13,6,-16,7,-17,7,-18,7,-19,8,-19,8,-18,8,-17,6,-15,6,-13,4,-10,2,-7,1,-5,-1,-2,-3,1,-5,3,-8,5,-8,7,-10,8,-11,8,-11,9,-11,8,-11,9,-11,9,-9,8,-8,7,0,0,-5,5,-4,4,-3,3,-1,1,1,0,2,-1,4,-2,6,-3,7,-3,8,-4,9,-4,9,-3,9,-3,8,-3,8,-2,7,-2,6,-1,4,-1,3,0,1,0,0,1,-2,1,-3,1,-4,0,-6,-1,-6,-1,0,0,0,0,0,0,0,0,0,0]"""
576,"CSI_DATA,575,8c:90:2d:97:93:77,-49,11,1,7,1,0,1,0,1,0,1,-97,0,10,2,10967181,0,83,1,128,0,""[0,0,0,0,0,0,0,0,0,0,0,0,6,11,8,13,10,15,10,16,11,18,10,18,9,16,9,15,8,13,6,11,5,9,4,6,2,3,1,0,0,-4,-1,-6,-1,-9,-2,-11,-2,-13,-2,-14,-2,-15,-2,-15,-2,-15,-2,-14,-2,-12,-2,-11,0,0,-2,-8,-2,-6,-1,-4,-2,-2,-1,1,-1,3,-2,5,-2,6,-3,7,-3,8,-3,9,-4,8,-3,9,-4,8,-4,7,-4,6,-4,5,-3,3,-3,2,-2,1,-1,-1,-1,-2,0,-3,1,-4,3,-5,3,-5,0,0,0,0,0,0,0,0,0,0]"""
577,"CSI_DATA,576,8c:90:2d:97:93:77,-49,11,1,7,1,0,1,0,1,0,1,-97,0,10,2,10977357,0,83,1,128,0,""[0,0,0,0,0,0,0,0,0,0,0,0,12,-2,15,-2,17,-2,19,-2,19,-3,20,-3,19,-2,18,-2,15,-2,13,-2,10,-1,7,-1,4,-2,0,-2,-3,-2,-5,-2,-8,-3,-11,-3,-12,-5,-13,-5,-14,-5,-14,-5,-14,-5,-13,-5,-12,-4,-11,-4,0,0,-8,-2,-6,-2,-4,-1,-2,0,0,1,2,2,4,3,5,4,6,4,6,5,6,6,7,6,6,6,6,6,5,6,4,5,3,5,2,4,1,3,0,2,-1,1,-2,-1,-2,-2,-3,-4,-3,-5,-3,-6,0,0,0,0,0,0,0,0,0,0]"""
578,"CSI_DATA,577,8c:90:2d:97:93:77,-49,11,1,7,1,0,1,0,1,0,1,-97,0,10,2,10987315,0,83,1,128,0,""[0,0,0,0,0,0,0,0,0,0,0,0,7,10,9,12,12,13,12,14,13,15,12,15,11,15,10,14,9,12,8,10,6,8,5,6,3,3,1,0,-1,-3,-1,-6,-2,-9,-3,-11,-3,-13,-4,-14,-4,-14,-3,-14,-4,-14,-4,-14,-4,-12,-3,-11,0,0,-3,-7,-2,-6,-2,-4,-2,-2,-1,1,-1,3,-1,5,-1,6,-2,7,-2,9,-2,9,-2,9,-3,9,-3,8,-3,8,-3,6,-3,5,-3,4,-2,2,-2,1,-2,-1,-1,-2,0,-4,1,-4,2,-5,3,-5,0,0,0,0,0,0,0,0,0,0]"""
579,"CSI_DATA,578,8c:90:2d:97:93:77,-49,11,1,7,1,0,1,0,1,0,1,-97,0,10,2,10997517,0,83,1,128,0,""[0,0,0,0,0,0,0,0,0,0,0,0,-7,10,-8,12,-9,13,-9,14,-10,15,-10,16,-10,15,-9,14,-8,12,-7,10,-5,7,-3,5,-1,3,0,0,1,0,3,-3,6,-4,7,-6,9,-7,9,-7,9,-8,10,-8,10,-8,9,-8,8,-7,7,-6,0,0,4,-4,2,-3,1,-2,0,-1,0,0,-3,0,-4,0,-6,1,-7,1,-8,1,-9,1,-9,1,-9,0,-9,0,-8,0,-7,0,-6,0,-4,0,-3,0,-1,0,0,-1,0,-1,1,-1,2,0,4,0,4,0,0,0,0,0,0,0,0,0,0,0]"""
580,"CSI_DATA,579,8c:90:2d:97:93:77,-49,11,1,7,1,0,1,0,1,0,1,-97,0,10,2,11007300,0,83,1,128,0,""[0,0,0,0,0,0,0,0,0,0,0,0,4,-13,4,-16,4,-17,4,-18,5,-20,5,-20,5,-19,4,-17,4,-16,3,-14,2,-11,1,-8,0,-5,-1,-2,-2,1,-4,4,-5,7,-5,9,-6,10,-7,11,-7,11,-7,12,-7,12,-6,11,-6,10,-5,9,0,0,-3,7,-2,5,-1,3,0,1,0,-1,1,-3,2,-5,3,-6,4,-7,5,-8,6,-8,6,-8,6,-8,6,-7,6,-7,5,-6,4,-4,3,-3,3,-2,1,-1,0,0,0,1,-1,2,-3,3,-4,3,-5,3,0,0,0,0,0,0,0,0,0,0]"""
581,"CSI_DATA,580,8c:90:2d:97:93:77,-49,11,1,7,1,0,1,0,1,0,1,-97,0,10,2,11017252,0,83,1,128,0,""[0,0,0,0,0,0,0,0,0,0,0,0,10,7,12,8,15,9,16,10,17,11,16,10,16,10,15,9,13,8,11,7,8,5,6,4,3,2,0,-1,-2,-3,-4,-5,-6,-7,-8,-8,-9,-10,-10,-10,-10,-11,-10,-11,-10,-11,-10,-10,-9,-9,-8,-8,0,0,-6,-5,-5,-4,-3,-2,-2,-1,0,1,1,2,3,4,4,5,4,6,5,7,4,8,4,8,4,8,4,7,3,7,3,6,1,5,1,4,0,3,-1,2,-2,1,-2,-1,-3,-3,-3,-4,-3,-5,-2,-6,0,0,0,0,0,0,0,0,0,0]"""
582,"CSI_DATA,581,8c:90:2d:97:93:77,-49,11,1,7,1,0,1,0,1,0,1,-97,0,10,2,11027333,0,83,1,128,0,""[0,0,0,0,0,0,0,0,0,0,0,0,-1,13,0,16,1,17,1,18,1,19,1,20,1,19,1,17,0,15,0,13,0,10,1,7,0,4,0,1,0,-3,1,-6,1,-9,1,-11,1,-13,1,-14,2,-14,2,-14,1,-14,1,-14,1,-13,0,-11,0,0,-1,-8,-1,-6,-1,-4,-1,-2,-1,0,-1,3,-2,5,-2,6,-3,7,-3,8,-3,9,-4,9,-4,9,-4,8,-4,7,-4,6,-4,5,-3,4,-3,2,-2,0,-2,-1,-1,-2,-1,-3,0,-4,2,-5,3,-5,0,0,0,0,0,0,0,0,0,0]"""
583,"CSI_DATA,582,8c:90:2d:97:93:77,-49,11,1,7,1,0,1,0,1,0,1,-97,0,10,2,11037216,0,83,1,128,0,""[0,0,0,0,0,0,0,0,0,0,0,0,-2,13,-2,16,-1,18,-1,19,-1,20,-2,20,-2,19,-1,18,-1,16,-1,14,-1,11,-1,7,-1,4,0,1,1,-3,2,-6,3,-9,3,-11,3,-12,4,-14,3,-14,4,-14,4,-14,3,-14,3,-12,2,-11,0,0,1,-8,1,-6,0,-4,-1,-2,-1,0,-2,2,-3,4,-3,6,-4,7,-5,8,-6,8,-6,8,-6,8,-6,7,-5,7,-5,5,-5,4,-4,3,-3,2,-3,0,-2,-1,-1,-3,0,-4,1,-4,3,-5,4,-5,0,0,0,0,0,0,0,0,0,0]"""
584,"CSI_DATA,583,8c:90:2d:97:93:77,-49,11,1,7,1,0,1,0,1,0,0,-97,0,10,2,11047681,0,83,1,128,0,""[0,0,0,0,0,0,0,0,0,0,0,0,12,2,15,2,18,2,19,3,20,3,20,2,19,3,18,3,15,2,13,1,10,1,7,0,4,0,0,-1,-3,-2,-5,-3,-8,-4,-11,-4,-13,-6,-13,-6,-14,-6,-14,-6,-14,-5,-14,-5,-12,-4,-11,-4,0,0,-8,-2,-6,-2,-4,-1,-2,-1,0,0,3,1,5,2,5,3,7,3,7,4,8,4,8,5,8,5,7,5,6,5,5,4,4,4,3,3,2,3,0,2,-1,1,-3,0,-4,-1,-4,-2,-5,-3,-5,-5,0,0,0,0,0,0,0,0,0,0]"""
585,"CSI_DATA,584,8c:90:2d:97:93:77,-49,11,1,7,1,0,1,0,1,0,0,-97,0,10,2,11057133,0,83,1,128,0,""[0,0,0,0,0,0,0,0,0,0,0,0,-12,-7,-14,-8,-17,-8,-18,-9,-19,-10,-19,-9,-18,-9,-17,-8,-15,-8,-13,-6,-10,-5,-8,-4,-5,-2,-1,0,1,2,3,3,5,5,8,6,9,8,10,8,10,9,10,9,10,8,10,8,9,7,8,6,0,0,6,4,4,2,2,1,1,0,-1,-2,-3,-3,-4,-4,-5,-5,-6,-6,-6,-7,-6,-8,-6,-8,-6,-8,-5,-8,-5,-8,-4,-7,-3,-6,-3,-5,-1,-4,0,-3,0,-2,2,0,2,2,2,3,2,4,2,5,0,0,0,0,0,0,0,0,0,0]"""
586,"CSI_DATA,585,8c:90:2d:97:93:77,-49,11,1,7,1,0,1,0,1,0,0,-97,0,10,2,11067227,0,83,1,128,0,""[0,0,0,0,0,0,0,0,0,0,0,0,-11,4,-13,6,-15,7,-17,7,-17,8,-17,9,-17,8,-15,7,-13,6,-11,5,-9,3,-6,2,-3,1,0,0,1,0,4,-1,7,-2,9,-3,11,-2,12,-2,12,-3,12,-3,12,-3,11,-3,10,-3,9,-3,0,0,6,-2,4,-2,2,-1,0,0,0,0,-3,0,-5,0,-6,0,-7,0,-9,0,-9,0,-9,0,-9,0,-9,0,-8,0,-7,-1,-5,-1,-4,-1,-3,-1,-1,-1,0,-1,0,-1,2,0,3,0,4,0,4,0,0,0,0,0,0,0,0,0,0,0]"""
587,"CSI_DATA,586,8c:90:2d:97:93:77,-49,11,1,7,1,0,1,0,1,0,0,-97,0,10,2,11078884,0,83,1,128,0,""[0,0,0,0,0,0,0,0,0,0,0,0,11,2,14,2,17,3,18,3,19,3,19,2,18,3,17,2,14,2,13,2,9,1,6,0,3,0,0,-1,-2,-2,-4,-3,-7,-4,-9,-5,-10,-7,-11,-7,-12,-8,-12,-8,-11,-8,-11,-7,-10,-6,-9,-6,0,0,-6,-3,-5,-2,-3,-1,-1,0,0,0,0,1,2,3,3,4,4,5,4,6,4,6,4,7,4,7,3,6,3,6,2,5,1,4,0,3,0,2,0,1,-1,0,-1,0,-2,-2,-1,-3,-1,-4,-1,-5,0,0,0,0,0,0,0,0,0,0]"""
588,"CSI_DATA,587,8c:90:2d:97:93:77,-49,11,1,7,1,0,1,0,1,0,0,-97,0,10,2,11087185,0,83,1,128,0,""[0,0,0,0,0,0,0,0,0,0,0,0,0,-13,0,-16,0,-17,0,-18,0,-19,0,-20,0,-19,0,-17,0,-15,0,-13,0,-10,0,-7,0,-4,0,-1,-1,1,-2,4,-4,6,-4,8,-5,10,-5,11,-5,11,-5,11,-5,11,-5,11,-5,9,-4,8,0,0,-2,6,-1,4,0,2,0,0,0,0,0,-2,2,-3,3,-4,4,-5,5,-6,5,-6,6,-6,5,-6,6,-5,5,-5,5,-4,4,-3,3,-2,2,-1,0,0,0,0,0,0,-1,1,-3,1,-4,1,-5,1,0,0,0,0,0,0,0,0,0,0]"""
589,"CSI_DATA,588,8c:90:2d:97:93:77,-49,11,1,7,1,0,1,0,1,0,0,-97,0,10,2,11097624,0,83,1,128,0,""[0,0,0,0,0,0,0,0,0,0,0,0,7,11,8,13,11,14,11,15,12,16,11,16,11,16,10,15,9,13,7,11,6,8,5,6,3,3,0,0,-1,-3,-2,-6,-3,-8,-5,-10,-5,-12,-5,-13,-6,-14,-6,-14,-6,-14,-6,-13,-5,-12,-5,-11,0,0,-4,-7,-3,-5,-2,-4,-2,-1,0,1,0,3,1,5,1,6,1,8,1,8,1,9,1,9,1,9,0,9,0,8,0,7,-1,6,-1,4,-1,3,-2,2,-2,0,-2,-2,-2,-3,-1,-5,-1,-6,0,-6,0,0,0,0,0,0,0,0,0,0]"""
590,"CSI_DATA,589,8c:90:2d:97:93:77,-49,11,1,7,1,0,1,0,1,0,0,-97,0,10,2,11107390,0,83,1,128,0,""[0,0,0,0,0,0,0,0,0,0,0,0,12,3,14,3,17,4,18,4,19,4,19,4,18,4,17,4,15,3,13,3,10,2,7,1,4,0,0,-1,-3,-2,-5,-3,-8,-4,-10,-5,-12,-6,-12,-7,-13,-7,-13,-7,-13,-7,-12,-6,-11,-6,-11,-5,0,0,-8,-3,-5,-2,-4,-1,-2,-1,0,1,2,1,4,3,5,3,6,4,7,5,7,5,7,5,7,6,6,6,5,5,4,5,3,4,2,4,1,3,0,2,-1,1,-2,-1,-3,-2,-4,-3,-4,-4,-4,-5,0,0,0,0,0,0,0,0,0,0]"""
591,"CSI_DATA,590,8c:90:2d:97:93:77,-49,11,1,7,1,0,1,0,1,0,0,-97,0,10,2,11117404,0,83,1,128,0,""[0,0,0,0,0,0,0,0,0,0,0,0,6,-10,7,-13,8,-14,9,-15,9,-16,9,-16,9,-16,8,-14,7,-13,6,-11,4,-8,2,-6,1,-4,0,-1,-2,0,-4,2,-6,4,-7,6,-8,7,-9,8,-9,8,-10,8,-10,8,-9,8,-8,7,-7,7,0,0,-4,4,-3,3,-1,1,0,0,0,0,1,-1,2,-2,4,-4,5,-4,6,-5,7,-5,7,-5,7,-4,6,-4,6,-3,5,-2,4,-2,3,-1,2,0,1,0,0,0,0,0,-2,1,-3,1,-4,1,-5,0,0,0,0,0,0,0,0,0,0,0]"""
592,"CSI_DATA,591,8c:90:2d:97:93:77,-49,11,1,7,1,0,1,0,1,0,0,-97,0,10,2,11127271,0,83,1,128,0,""[0,0,0,0,0,0,0,0,0,0,0,0,-2,13,-2,15,-1,17,-2,18,-2,19,-3,20,-3,19,-2,17,-2,15,-2,13,-2,10,-1,7,0,4,0,1,1,-2,3,-5,4,-8,5,-10,5,-11,6,-12,6,-13,6,-13,6,-13,6,-12,5,-11,4,-10,0,0,2,-7,2,-6,1,-4,-1,-2,-2,0,-3,1,-4,3,-6,4,-7,5,-8,5,-8,6,-8,6,-8,5,-8,4,-8,4,-7,3,-6,2,-5,1,-4,0,-2,0,-1,-1,0,-2,2,-2,3,-3,4,-2,5,-2,0,0,0,0,0,0,0,0,0,0]"""
593,"CSI_DATA,592,8c:90:2d:97:93:77,-49,11,1,7,1,0,1,0,1,0,0,-97,0,10,2,11137277,0,83,1,128,0,""[0,0,0,0,0,0,0,0,0,0,0,0,-3,13,-4,15,-3,17,-4,18,-4,19,-4,19,-5,19,-4,17,-4,15,-4,13,-3,10,-2,7,-1,4,0,1,2,-2,3,-5,5,-8,6,-9,7,-10,7,-12,7,-12,8,-12,8,-12,7,-11,6,-10,5,-9,0,0,3,-7,2,-5,1,-4,-1,-2,-1,0,-3,1,-5,3,-6,3,-7,4,-8,5,-8,5,-9,4,-9,4,-8,3,-8,3,-7,2,-6,1,-5,0,-4,0,-2,-1,-1,-2,0,-2,2,-2,3,-2,5,-2,5,-1,0,0,0,0,0,0,0,0,0,0]"""
594,"CSI_DATA,593,8c:90:2d:97:93:77,-49,11,1,7,1,0,1,0,1,0,0,-97,0,10,2,11147778,0,83,1,128,0,""[0,0,0,0,0,0,0,0,0,0,0,0,6,11,7,13,10,15,10,16,11,17,10,17,9,16,9,16,8,13,7,12,5,9,4,6,2,3,1,0,0,-4,0,-6,-1,-9,-2,-11,-2,-13,-2,-14,-3,-15,-2,-15,-3,-15,-2,-14,-2,-13,-2,-11,0,0,-3,-8,-2,-6,-2,-4,-1,-2,-1,1,-1,3,-1,5,-2,6,-2,7,-3,9,-3,9,-3,9,-3,9,-3,8,-4,7,-4,6,-4,5,-3,4,-3,2,-2,1,-2,-1,-1,-2,0,-3,1,-4,2,-5,3,-5,0,0,0,0,0,0,0,0,0,0]"""
595,"CSI_DATA,594,8c:90:2d:97:93:77,-49,11,1,7,1,0,1,0,1,0,0,-97,0,10,2,11157299,0,83,1,128,0,""[0,0,0,0,0,0,0,0,0,0,0,0,11,5,13,5,16,7,17,7,18,8,18,7,17,7,16,7,14,6,12,5,9,4,7,3,4,1,1,-1,-2,-3,-4,-5,-6,-7,-8,-8,-9,-10,-10,-11,-10,-11,-10,-11,-10,-11,-9,-11,-8,-9,-8,-9,0,0,-6,-6,-5,-4,-3,-2,-2,-1,-1,1,1,3,2,4,2,6,3,7,3,8,3,8,2,9,2,9,2,8,1,8,1,7,0,5,-1,5,-1,3,-1,2,-2,0,-2,-2,-2,-3,-1,-5,-1,-5,0,-6,0,0,0,0,0,0,0,0,0,0]"""
596,"CSI_DATA,595,8c:90:2d:97:93:77,-49,11,1,7,1,0,1,0,1,0,0,-97,0,10,2,11167166,0,83,1,128,0,""[0,0,0,0,0,0,0,0,0,0,0,0,-13,2,-16,3,-18,4,-20,4,-21,4,-21,4,-20,4,-18,4,-16,3,-14,3,-11,2,-8,1,-5,1,-1,1,2,1,5,1,8,1,10,1,12,2,13,2,14,2,14,2,14,2,13,2,12,2,10,1,0,0,7,0,5,-1,3,-1,1,-1,-1,-2,-3,-2,-5,-3,-6,-4,-8,-5,-8,-5,-9,-6,-9,-6,-8,-6,-8,-6,-7,-6,-6,-6,-5,-5,-3,-4,-2,-4,-1,-3,0,-2,1,0,2,1,2,2,3,4,3,5,0,0,0,0,0,0,0,0,0,0]"""
597,"CSI_DATA,596,8c:90:2d:97:93:77,-49,11,1,7,1,0,1,0,1,0,0,-97,0,10,2,11177249,0,83,1,128,0,""[0,0,0,0,0,0,0,0,0,0,0,0,-11,-7,-14,-8,-17,-9,-18,-9,-19,-10,-18,-10,-17,-10,-16,-9,-14,-8,-13,-7,-10,-6,-8,-4,-5,-2,-2,0,1,2,2,4,5,6,6,7,8,9,9,10,9,10,9,10,9,10,9,10,8,8,7,8,0,0,5,5,4,3,2,1,1,0,0,-2,-2,-4,-3,-5,-4,-6,-4,-7,-4,-9,-4,-9,-4,-10,-4,-9,-3,-9,-3,-9,-2,-8,-2,-6,-1,-5,0,-4,0,-3,1,-1,1,1,1,2,1,4,0,4,0,5,0,0,0,0,0,0,0,0,0,0]"""
598,"CSI_DATA,597,8c:90:2d:97:93:77,-49,11,1,7,1,0,1,0,1,0,0,-97,0,10,2,11187206,0,83,1,128,0,""[0,0,0,0,0,0,0,0,0,0,0,0,3,-12,4,-15,3,-16,4,-18,3,-18,4,-19,4,-18,4,-17,3,-15,2,-13,1,-10,0,-7,0,-4,0,-1,-2,0,-4,3,-5,5,-6,7,-7,8,-7,9,-8,10,-8,10,-8,10,-7,9,-6,8,-6,7,0,0,-3,5,-2,4,-1,2,0,0,0,0,1,-1,2,-2,4,-3,5,-4,6,-5,6,-5,6,-5,7,-4,6,-4,6,-3,5,-3,4,-2,3,-1,2,0,0,0,0,0,0,0,-1,1,-3,0,-5,0,-5,0,0,0,0,0,0,0,0,0,0,0]"""
599,"CSI_DATA,598,8c:90:2d:97:93:77,-49,11,1,7,1,0,1,0,1,0,0,-97,0,10,2,11197708,0,83,1,128,0,""[0,0,0,0,0,0,0,0,0,0,0,0,-8,-11,-10,-13,-13,-14,-13,-15,-14,-16,-14,-16,-13,-15,-12,-14,-11,-13,-9,-10,-8,-9,-6,-6,-4,-4,-1,-1,1,2,2,5,3,7,4,8,5,10,6,11,7,12,6,12,6,12,6,11,6,10,6,9,0,0,4,5,3,4,2,2,1,0,-1,-2,-2,-4,-3,-5,-3,-7,-3,-8,-4,-9,-4,-10,-4,-10,-3,-10,-3,-9,-2,-9,-2,-8,-1,-6,0,-5,0,-4,0,-3,1,-1,1,1,1,2,1,3,1,5,0,5,0,0,0,0,0,0,0,0,0,0]"""
600,"CSI_DATA,599,8c:90:2d:97:93:77,-49,11,1,7,1,0,1,0,1,0,0,-97,0,10,2,11209310,0,83,1,128,0,""[0,0,0,0,0,0,0,0,0,0,0,0,-11,-6,-14,-7,-17,-8,-18,-9,-19,-9,-18,-9,-17,-9,-16,-8,-15,-8,-12,-7,-10,-5,-8,-4,-5,-2,-2,0,2,2,3,3,5,5,7,6,9,8,10,8,10,9,10,9,10,8,10,8,9,7,8,6,0,0,6,4,4,2,2,1,1,0,-1,-2,-3,-3,-4,-5,-5,-6,-5,-7,-6,-8,-6,-8,-6,-8,-6,-8,-5,-8,-5,-8,-4,-7,-3,-6,-2,-5,-1,-4,0,-3,0,-1,1,0,2,2,2,3,2,4,2,5,0,0,0,0,0,0,0,0,0,0]"""
601,"CSI_DATA,600,8c:90:2d:97:93:77,-49,11,1,7,1,0,1,0,1,0,0,-97,0,10,2,11217424,0,83,1,128,0,""[0,0,0,0,0,0,0,0,0,0,0,0,11,-7,13,-9,15,-9,16,-10,16,-11,17,-11,16,-10,15,-10,13,-8,11,-7,9,-6,6,-4,3,-3,0,-2,-4,-1,-6,0,-9,0,-11,1,-13,1,-14,1,-14,1,-15,1,-14,1,-14,1,-12,1,-11,1,0,0,-8,1,-6,1,-4,1,-2,0,0,0,2,0,5,0,6,1,7,1,8,1,9,2,9,2,9,2,8,2,7,2,6,3,5,2,4,2,2,2,1,1,-1,1,-2,0,-3,-1,-4,-2,-5,-3,-5,-4,0,0,0,0,0,0,0,0,0,0]"""
602,"CSI_DATA,601,8c:90:2d:97:93:77,-49,11,1,7,1,0,1,0,1,0,0,-97,0,10,2,11227239,0,83,1,128,0,""[0,0,0,0,0,0,0,0,0,0,0,0,-11,-7,-14,-9,-16,-9,-19,-10,-19,-11,-19,-11,-18,-11,-16,-10,-14,-9,-12,-8,-10,-6,-7,-5,-4,-2,-2,0,1,2,2,4,4,7,6,8,7,10,7,11,8,11,7,11,7,11,7,10,6,9,6,8,0,0,4,5,3,4,2,2,1,0,0,-2,-1,-4,-2,-6,-2,-7,-3,-8,-2,-9,-3,-10,-2,-10,-2,-10,-1,-9,-1,-9,-1,-8,0,-6,0,-5,0,-4,1,-3,1,-1,1,1,0,3,0,4,-1,5,-2,5,0,0,0,0,0,0,0,0,0,0]"""
603,"CSI_DATA,602,8c:90:2d:97:93:77,-49,11,1,7,1,0,1,0,1,0,0,-97,0,10,2,11237301,0,83,1,128,0,""[0,0,0,0,0,0,0,0,0,0,0,0,1,13,2,16,3,19,3,19,4,21,3,21,2,20,2,19,2,16,1,13,1,10,1,8,1,4,1,0,1,-3,1,-6,2,-9,2,-11,3,-13,3,-14,3,-14,3,-15,3,-15,2,-14,2,-13,2,-11,0,0,0,-8,1,-6,0,-4,-1,-2,-2,0,-2,2,-3,4,-4,5,-5,7,-6,7,-6,8,-6,8,-6,7,-6,7,-6,6,-6,5,-5,4,-4,2,-4,1,-2,0,-1,-1,0,-2,1,-3,2,-3,4,-4,4,-3,0,0,0,0,0,0,0,0,0,0]"""
604,"CSI_DATA,603,8c:90:2d:97:93:77,-49,11,1,7,1,0,1,0,1,0,0,-97,0,10,2,11248036,0,83,1,128,0,""[0,0,0,0,0,0,0,0,0,0,0,0,-12,6,-14,8,-16,8,-17,9,-18,9,-18,9,-18,9,-16,8,-14,7,-12,6,-10,4,-7,3,-4,2,-1,1,2,0,5,-1,8,-1,10,-2,12,-1,13,-2,13,-2,14,-1,13,-2,13,-2,11,-2,10,-2,0,0,7,-2,5,-2,3,-2,1,-1,-1,-1,-4,-2,-5,-2,-7,-2,-8,-3,-9,-3,-9,-3,-9,-4,-9,-4,-9,-4,-8,-4,-7,-4,-6,-4,-4,-3,-3,-3,-2,-2,0,-2,1,-1,2,0,3,1,4,2,4,3,0,0,0,0,0,0,0,0,0,0]"""
605,"CSI_DATA,604,8c:90:2d:97:93:77,-49,11,1,7,1,0,1,0,1,0,0,-97,0,10,2,11257181,0,83,1,128,0,""[0,0,0,0,0,0,0,0,0,0,0,0,-13,3,-16,4,-18,4,-20,5,-21,5,-20,5,-20,5,-18,4,-16,4,-14,3,-11,2,-8,2,-5,2,-1,1,2,1,5,0,8,0,10,0,12,1,13,1,14,1,14,1,14,1,13,1,12,1,10,0,0,0,7,-1,5,-1,3,-1,1,-1,-1,-2,-3,-2,-5,-3,-7,-3,-8,-3,-9,-4,-9,-4,-9,-5,-9,-5,-9,-5,-8,-5,-7,-5,-5,-4,-4,-4,-3,-3,-2,-3,0,-2,1,-1,2,0,3,2,3,3,4,4,0,0,0,0,0,0,0,0,0,0]"""
606,"CSI_DATA,605,8c:90:2d:97:93:77,-49,11,1,7,1,0,1,0,1,0,0,-97,0,10,2,11268851,0,83,1,128,0,""[0,0,0,0,0,0,0,0,0,0,0,0,-1,-14,-2,-17,-4,-18,-4,-20,-4,-21,-3,-21,-3,-20,-3,-19,-3,-16,-2,-14,-2,-11,-2,-8,-1,-5,-1,-2,-1,2,-2,5,-3,8,-3,10,-3,12,-3,13,-3,14,-3,14,-3,13,-3,13,-3,12,-2,10,0,0,-1,7,-1,5,-1,3,0,1,0,-1,1,-3,2,-5,2,-7,3,-8,4,-9,4,-9,4,-9,5,-9,4,-8,4,-7,4,-7,4,-5,3,-4,3,-3,1,-1,1,0,0,1,-1,2,-3,3,-4,4,-5,3,0,0,0,0,0,0,0,0,0,0]"""
607,"CSI_DATA,606,8c:90:2d:97:93:77,-49,11,1,7,1,0,1,0,1,0,0,-97,0,10,2,11277130,0,83,1,128,0,""[0,0,0,0,0,0,0,0,0,0,0,0,11,0,14,0,16,0,18,0,18,0,18,0,17,0,16,0,14,0,12,0,9,0,6,0,3,0,0,0,-2,-1,-4,-2,-7,-3,-9,-3,-11,-5,-12,-5,-12,-5,-12,-5,-12,-5,-12,-5,-11,-4,-10,-4,0,0,-7,-2,-5,-1,-3,0,-1,0,0,0,1,1,3,2,4,3,5,3,5,4,5,5,6,5,5,5,5,5,4,5,3,4,2,3,1,3,0,2,0,1,0,0,-1,0,-2,-1,-2,-2,-3,-3,-2,-5,0,0,0,0,0,0,0,0,0,0]"""
608,"CSI_DATA,607,8c:90:2d:97:93:77,-49,11,1,7,1,0,1,0,1,0,0,-97,0,10,2,11287272,0,83,1,128,0,""[0,0,0,0,0,0,0,0,0,0,0,0,-3,-13,-4,-16,-5,-17,-6,-19,-6,-20,-5,-20,-5,-19,-5,-18,-5,-16,-4,-13,-3,-11,-3,-8,-2,-4,-1,-1,-1,2,-2,5,-1,8,-1,10,-1,12,-1,13,0,13,-1,13,-1,13,-1,13,-1,11,0,10,0,0,0,7,0,5,0,3,0,1,0,-1,0,-3,1,-5,1,-7,2,-8,2,-9,2,-9,2,-10,3,-10,3,-9,3,-8,3,-7,2,-6,2,-5,2,-3,1,-2,1,0,1,1,0,2,-2,4,-3,4,-4,4,0,0,0,0,0,0,0,0,0,0]"""
609,"CSI_DATA,608,8c:90:2d:97:93:77,-49,11,1,7,1,0,1,0,1,0,0,-97,0,10,2,11297684,0,83,1,128,0,""[0,0,0,0,0,0,0,0,0,0,0,0,0,-14,0,-17,-1,-18,-2,-19,-2,-20,-1,-21,-1,-20,-1,-19,-1,-16,-1,-14,-1,-11,-1,-8,-1,-5,-1,-1,-1,2,-2,5,-3,8,-2,10,-3,11,-3,13,-3,13,-3,13,-3,13,-3,13,-2,11,-2,10,0,0,-1,7,0,5,-1,3,0,1,0,-1,0,-3,1,-5,1,-7,2,-9,2,-9,3,-9,3,-9,3,-9,3,-9,3,-8,3,-7,3,-6,2,-4,2,-3,1,-2,1,0,0,1,-1,2,-2,4,-3,4,-4,4,0,0,0,0,0,0,0,0,0,0]"""
610,"CSI_DATA,609,8c:90:2d:97:93:77,-49,11,1,7,1,0,1,0,1,0,0,-97,0,10,2,11307249,0,83,1,128,0,""[0,0,0,0,0,0,0,0,0,0,0,0,-13,-4,-15,-4,-19,-5,-19,-5,-21,-5,-20,-5,-19,-5,-18,-4,-16,-4,-14,-3,-11,-3,-8,-2,-5,-1,-1,0,2,1,4,2,7,3,9,3,11,5,12,5,12,5,13,5,13,5,12,5,11,4,10,3,0,0,7,2,5,1,3,0,1,-1,-1,-2,-3,-2,-5,-3,-6,-4,-7,-5,-9,-5,-8,-6,-9,-6,-8,-6,-8,-6,-7,-6,-6,-6,-5,-5,-4,-4,-3,-4,-1,-3,0,-2,2,-1,3,1,3,2,4,3,3,4,0,0,0,0,0,0,0,0,0,0]"""
611,"CSI_DATA,610,8c:90:2d:97:93:77,-49,11,1,7,1,0,1,0,1,0,0,-97,0,10,2,11320614,0,83,1,128,0,""[0,0,0,0,0,0,0,0,0,0,0,0,-6,12,-7,14,-7,16,-7,16,-8,18,-8,18,-8,17,-7,16,-7,14,-6,12,-5,9,-3,6,-2,4,0,1,1,-2,3,-5,5,-7,6,-9,6,-10,7,-11,7,-12,8,-12,8,-12,7,-12,6,-10,5,-10,0,0,3,-7,2,-6,1,-4,0,-2,-1,0,-2,2,-4,3,-5,4,-6,5,-7,6,-7,6,-8,6,-8,6,-8,5,-7,5,-6,4,-6,3,-5,2,-4,0,-3,0,-2,-2,0,-2,1,-3,2,-3,4,-4,5,-3,0,0,0,0,0,0,0,0,0,0]"""
612,"CSI_DATA,611,8c:90:2d:97:93:77,-49,11,1,7,1,0,1,0,1,0,0,-97,0,10,2,11327258,0,83,1,128,0,""[0,0,0,0,0,0,0,0,0,0,0,0,-9,-10,-11,-12,-13,-13,-14,-14,-15,-15,-14,-15,-13,-15,-13,-13,-11,-12,-10,-10,-8,-8,-6,-6,-4,-3,-1,-1,1,2,2,4,3,7,4,9,5,10,6,11,7,12,6,12,6,12,6,11,6,10,5,9,0,0,4,5,3,4,2,2,1,0,-1,-2,-2,-4,-2,-5,-3,-7,-3,-8,-3,-9,-3,-10,-3,-10,-3,-10,-2,-9,-2,-9,-1,-8,-1,-7,0,-5,0,-4,1,-3,1,-1,1,1,1,2,1,4,0,5,0,5,0,0,0,0,0,0,0,0,0,0]"""
613,"CSI_DATA,612,8c:90:2d:97:93:77,-49,11,1,7,1,0,1,0,1,0,0,-97,0,10,2,11337176,0,83,1,128,0,""[0,0,0,0,0,0,0,0,0,0,0,0,4,-13,5,-16,5,-17,5,-18,5,-19,6,-20,6,-19,6,-18,5,-15,4,-13,3,-11,2,-8,0,-5,-1,-2,-2,1,-4,4,-6,7,-6,9,-7,10,-8,11,-8,11,-8,11,-8,11,-7,11,-7,10,-6,9,0,0,-3,6,-3,5,-2,3,-1,0,0,-1,2,-3,3,-4,4,-6,5,-6,6,-7,6,-8,6,-7,6,-7,6,-6,6,-6,6,-5,5,-4,4,-3,3,-2,2,-1,0,1,-1,1,-2,2,-3,2,-5,3,-6,2,0,0,0,0,0,0,0,0,0,0]"""
614,"CSI_DATA,613,8c:90:2d:97:93:77,-49,11,1,7,1,0,1,0,1,0,0,-97,0,10,2,11347804,0,83,1,128,0,""[0,0,0,0,0,0,0,0,0,0,0,0,-9,-9,-11,-11,-14,-13,-15,-13,-16,-15,-15,-14,-14,-14,-13,-13,-12,-12,-10,-10,-8,-8,-6,-6,-4,-3,-2,0,0,2,1,5,2,7,4,9,4,11,5,12,5,13,5,13,4,13,4,12,4,11,4,10,0,0,3,6,2,4,1,2,1,1,0,-2,0,-4,-1,-6,-1,-7,0,-8,0,-9,0,-10,0,-10,0,-10,1,-9,1,-9,1,-7,1,-6,1,-5,1,-4,1,-2,1,0,0,1,-1,3,-1,4,-2,4,-3,4,0,0,0,0,0,0,0,0,0,0]"""
615,"CSI_DATA,614,8c:90:2d:97:93:77,-49,11,1,7,1,0,1,0,1,0,0,-97,0,10,2,11357199,0,83,1,128,0,""[0,0,0,0,0,0,0,0,0,0,0,0,-12,-6,-14,-7,-17,-8,-18,-9,-19,-9,-19,-9,-18,-9,-17,-8,-15,-7,-13,-6,-10,-5,-8,-4,-5,-2,-2,0,1,2,3,4,5,6,7,7,8,9,9,10,9,10,9,10,9,10,9,9,8,9,7,7,0,0,5,5,4,3,2,1,1,0,0,-2,-2,-4,-3,-6,-4,-7,-4,-8,-4,-9,-4,-9,-4,-10,-4,-10,-3,-9,-3,-9,-2,-8,-2,-6,-1,-6,0,-4,0,-3,1,-1,1,1,1,2,0,4,0,5,-1,5,0,0,0,0,0,0,0,0,0,0]"""
616,"CSI_DATA,615,8c:90:2d:97:93:77,-49,11,1,7,1,0,1,0,1,0,0,-97,0,10,2,11367265,0,83,1,128,0,""[0,0,0,0,0,0,0,0,0,0,0,0,9,7,12,9,14,9,16,10,16,11,16,11,15,11,14,10,13,9,11,7,8,6,6,4,3,1,0,-1,-2,-3,-3,-4,-6,-7,-8,-8,-9,-10,-10,-11,-10,-11,-10,-11,-10,-11,-10,-10,-9,-9,-8,-8,0,0,-6,-5,-5,-4,-3,-2,-2,-1,0,1,1,2,3,4,4,5,4,6,4,7,5,7,5,8,4,8,4,8,3,7,2,6,2,5,1,4,0,3,-1,2,-2,0,-3,-1,-3,-2,-3,-4,-3,-5,-2,-6,0,0,0,0,0,0,0,0,0,0]"""
617,"CSI_DATA,616,8c:90:2d:97:93:77,-49,11,1,7,1,0,1,0,1,0,0,-97,0,10,2,11377162,0,83,1,128,0,""[0,0,0,0,0,0,0,0,0,0,0,0,1,-14,1,-17,0,-18,0,-20,0,-20,1,-21,1,-20,0,-19,0,-16,0,-14,0,-11,-1,-8,-1,-5,-1,-2,-2,2,-3,5,-3,8,-3,10,-4,11,-4,13,-4,13,-4,13,-4,13,-4,12,-3,11,-2,10,0,0,-1,7,-1,5,-1,3,0,1,0,-1,1,-3,1,-5,2,-7,3,-8,3,-9,4,-9,4,-9,4,-9,4,-9,4,-8,4,-7,3,-6,3,-4,2,-3,1,-1,1,0,0,1,-1,2,-2,3,-3,4,-4,4,0,0,0,0,0,0,0,0,0,0]"""
618,"CSI_DATA,617,8c:90:2d:97:93:77,-49,11,1,7,1,0,1,0,1,0,0,-97,0,10,2,11387205,0,83,1,128,0,""[0,0,0,0,0,0,0,0,0,0,0,0,8,-9,9,-12,10,-12,11,-13,12,-14,12,-15,12,-14,11,-13,9,-11,8,-10,6,-7,3,-5,1,-3,0,-1,-2,0,-4,1,-7,3,-8,4,-10,5,-11,6,-11,6,-11,6,-11,6,-11,6,-9,5,-8,5,0,0,-5,3,-4,2,-2,1,0,0,0,0,1,-1,3,-1,5,-2,6,-3,7,-3,7,-3,8,-3,8,-3,7,-2,7,-2,6,-1,4,-1,3,0,2,0,0,0,0,0,0,0,-2,0,-3,0,-5,0,-5,0,0,0,0,0,0,0,0,0,0,0]"""
619,"CSI_DATA,618,8c:90:2d:97:93:77,-49,11,1,7,1,0,1,0,1,0,0,-97,0,10,2,11397646,0,83,1,128,0,""[0,0,0,0,0,0,0,0,0,0,0,0,0,12,0,14,2,16,2,17,2,18,1,18,1,18,1,16,1,14,0,12,0,9,0,6,0,3,0,0,0,-2,1,-5,1,-8,1,-9,1,-11,2,-13,2,-13,2,-13,2,-13,2,-12,2,-11,1,-10,0,0,0,-7,0,-5,0,-3,0,-1,0,0,-1,1,-2,3,-3,4,-4,5,-5,6,-5,6,-5,6,-5,6,-5,5,-5,5,-5,4,-4,2,-4,1,-3,0,-2,0,0,0,0,-1,0,-2,1,-2,3,-2,4,-2,0,0,0,0,0,0,0,0,0,0]"""
620,"CSI_DATA,619,8c:90:2d:97:93:77,-49,11,1,7,1,0,1,0,1,0,0,-97,0,10,2,11407377,0,83,1,128,0,""[0,0,0,0,0,0,0,0,0,0,0,0,11,-2,14,-3,16,-3,16,-4,17,-4,17,-4,17,-4,16,-3,14,-3,12,-3,9,-2,6,-1,3,-1,0,-1,-2,-1,-5,-1,-8,-1,-10,-1,-12,-2,-13,-2,-14,-2,-13,-2,-13,-2,-13,-2,-12,-1,-11,-1,0,0,-7,0,-5,0,-3,0,-1,0,0,0,1,0,3,1,4,2,6,2,7,3,7,3,7,4,7,4,6,4,5,4,4,3,3,3,2,3,0,2,0,1,0,0,-1,0,-2,-1,-3,-2,-3,-3,-3,-4,0,0,0,0,0,0,0,0,0,0]"""
621,"CSI_DATA,620,8c:90:2d:97:93:77,-49,11,1,7,1,0,1,0,1,0,0,-97,0,10,2,11417184,0,83,1,128,0,""[0,0,0,0,0,0,0,0,0,0,0,0,6,-11,7,-13,8,-15,9,-16,9,-17,9,-17,9,-17,8,-16,7,-13,6,-12,4,-9,2,-6,1,-4,0,-1,-1,0,-3,3,-5,5,-6,7,-7,8,-8,9,-8,10,-8,10,-8,10,-7,9,-7,9,-6,8,0,0,-3,5,-2,4,-1,2,0,0,0,0,1,-2,2,-3,2,-5,4,-6,5,-7,5,-7,5,-7,5,-7,5,-6,5,-5,4,-4,4,-3,3,-2,2,-1,1,0,0,0,0,0,-1,1,-2,2,-3,3,-4,2,0,0,0,0,0,0,0,0,0,0]"""
622,"CSI_DATA,621,8c:90:2d:97:93:77,-49,11,1,7,1,0,1,0,1,0,0,-97,0,10,2,11427335,0,83,1,128,0,""[0,0,0,0,0,0,0,0,0,0,0,0,-4,12,-4,15,-4,17,-4,18,-4,19,-5,19,-5,19,-4,17,-4,15,-3,13,-2,10,-2,7,-1,4,0,1,0,-3,2,-6,3,-9,3,-11,4,-12,4,-13,4,-14,5,-14,4,-14,3,-13,3,-12,2,-11,0,0,1,-8,0,-6,0,-4,-1,-2,-1,1,-2,2,-2,4,-3,6,-4,7,-4,8,-4,9,-5,9,-5,8,-5,8,-4,7,-4,6,-4,4,-3,3,-3,2,-3,1,-2,-1,-1,-2,0,-4,0,-4,2,-5,3,-5,0,0,0,0,0,0,0,0,0,0]"""
623,"CSI_DATA,622,8c:90:2d:97:93:77,-49,11,1,7,1,0,1,0,1,0,0,-97,0,10,2,11437263,0,83,1,128,0,""[0,0,0,0,0,0,0,0,0,0,0,0,1,13,2,16,3,18,4,19,4,20,3,20,3,19,3,18,2,16,2,14,1,10,1,7,1,4,1,0,1,-3,1,-6,1,-9,1,-11,1,-13,2,-14,2,-15,2,-15,2,-15,1,-14,1,-13,1,-12,0,0,0,-8,0,-6,-1,-4,-1,-2,-1,0,-2,2,-2,4,-3,6,-4,7,-4,8,-5,8,-5,8,-6,8,-5,7,-5,7,-5,5,-5,4,-4,3,-3,2,-3,0,-1,-1,-1,-2,0,-4,2,-4,3,-5,4,-4,0,0,0,0,0,0,0,0,0,0]"""
624,"CSI_DATA,623,8c:90:2d:97:93:77,-49,11,1,7,1,0,1,0,1,0,1,-97,0,10,2,11447738,0,83,1,128,0,""[0,0,0,0,0,0,0,0,0,0,0,0,2,-14,2,-16,2,-18,2,-19,2,-20,2,-20,3,-19,2,-18,2,-16,2,-14,1,-11,0,-8,0,-5,-1,-2,-2,1,-3,5,-5,7,-5,9,-6,10,-6,11,-6,12,-6,12,-6,12,-6,12,-5,10,-4,9,0,0,-3,6,-2,5,-1,3,0,1,0,-1,1,-3,2,-4,3,-6,5,-7,5,-8,6,-8,6,-8,6,-7,6,-7,5,-6,5,-5,4,-4,3,-3,2,-2,2,-1,0,0,-1,1,-2,2,-3,3,-5,3,-5,2,0,0,0,0,0,0,0,0,0,0]"""
625,"CSI_DATA,624,8c:90:2d:97:93:77,-49,11,1,7,1,0,1,0,1,0,1,-97,0,10,2,11457151,0,83,1,128,0,""[0,0,0,0,0,0,0,0,0,0,0,0,-7,12,-8,14,-8,16,-9,17,-9,18,-10,18,-10,18,-9,16,-8,14,-7,12,-6,9,-4,7,-2,4,0,1,2,-1,5,-4,7,-5,8,-7,10,-8,11,-9,11,-9,11,-9,11,-9,11,-9,10,-8,8,-7,0,0,6,-6,4,-5,2,-3,0,-2,-2,-1,-4,0,-6,1,-7,1,-9,1,-10,1,-10,1,-10,1,-11,0,-10,0,-9,0,-8,-1,-7,-1,-5,-1,-4,-2,-2,-1,0,-2,1,-1,2,-1,3,0,5,1,5,2,0,0,0,0,0,0,0,0,0,0]"""
626,"CSI_DATA,625,8c:90:2d:97:93:77,-49,11,1,7,1,0,1,0,1,0,1,-97,0,10,2,11467265,0,83,1,128,0,""[0,0,0,0,0,0,0,0,0,0,0,0,-5,-13,-7,-16,-9,-18,-9,-19,-10,-20,-9,-20,-8,-20,-8,-18,-7,-16,-6,-13,-5,-11,-4,-8,-3,-5,-2,-1,-1,3,-1,5,-1,8,0,10,0,12,0,13,0,14,0,14,0,14,0,13,0,12,0,11,0,0,0,7,0,5,0,3,1,1,0,-1,1,-4,1,-6,1,-7,2,-8,2,-9,3,-10,3,-10,3,-10,3,-9,3,-8,3,-7,3,-5,3,-4,2,-3,1,-2,1,0,0,1,-1,2,-2,3,-4,4,-5,3,0,0,0,0,0,0,0,0,0,0]"""
627,"CSI_DATA,626,8c:90:2d:97:93:77,-49,11,1,7,1,0,1,0,1,0,1,-97,0,10,2,11477302,0,83,1,128,0,""[0,0,0,0,0,0,0,0,0,0,0,0,12,-7,14,-8,16,-9,17,-9,18,-10,18,-10,18,-9,16,-9,14,-8,12,-7,10,-5,6,-4,3,-3,0,-2,-4,-1,-7,0,-9,0,-12,1,-13,0,-14,0,-15,1,-15,1,-15,1,-14,1,-13,1,-12,1,0,0,-8,1,-6,1,-4,1,-2,0,0,0,3,1,5,1,6,1,8,1,8,2,9,2,9,3,9,3,8,3,8,3,6,3,5,3,3,3,2,2,0,1,-1,1,-2,0,-3,-1,-4,-2,-5,-3,-5,-4,0,0,0,0,0,0,0,0,0,0]"""
628,"CSI_DATA,627,8c:90:2d:97:93:77,-49,11,1,7,1,0,1,0,1,0,1,-97,0,10,2,11487230,0,83,1,128,0,""[0,0,0,0,0,0,0,0,0,0,0,0,7,-12,9,-14,10,-16,10,-17,11,-18,11,-18,11,-17,10,-16,9,-14,8,-12,6,-10,4,-7,1,-5,-1,-3,-4,-1,-6,1,-9,3,-10,4,-12,5,-13,5,-13,6,-14,6,-13,6,-13,6,-11,5,-10,4,0,0,-7,4,-5,3,-3,2,-1,1,0,1,2,0,5,-1,6,-1,7,-1,9,0,9,0,9,0,9,0,9,1,8,1,7,1,6,1,4,1,2,1,1,1,-1,0,-2,0,-3,-1,-4,-2,-5,-3,-5,-4,0,0,0,0,0,0,0,0,0,0]"""
629,"CSI_DATA,628,8c:90:2d:97:93:77,-49,11,1,7,1,0,1,0,1,0,1,-97,0,10,2,11497555,0,83,1,128,0,""[0,0,0,0,0,0,0,0,0,0,0,0,11,5,14,6,16,7,17,7,18,8,18,8,17,8,16,7,14,6,12,5,9,4,7,3,4,1,1,-2,-1,-4,-3,-5,-5,-8,-6,-9,-7,-11,-8,-12,-8,-12,-8,-12,-8,-12,-8,-12,-7,-11,-7,-10,0,0,-5,-7,-4,-5,-3,-3,-2,-2,-1,1,-1,3,0,5,0,6,0,7,0,8,0,9,-1,9,-1,9,-1,9,-2,8,-2,7,-2,5,-2,4,-2,3,-2,1,-1,-1,-1,-2,0,-3,1,-4,2,-5,3,-5,0,0,0,0,0,0,0,0,0,0]"""
630,"CSI_DATA,629,8c:90:2d:97:93:77,-49,11,1,7,1,0,1,0,1,0,1,-97,0,10,2,11507279,0,83,1,128,0,""[0,0,0,0,0,0,0,0,0,0,0,0,11,-3,14,-4,16,-4,16,-5,17,-5,17,-5,17,-5,16,-4,14,-4,12,-3,9,-2,6,-1,3,-2,0,-1,-2,-1,-5,-1,-8,-1,-10,-1,-12,-1,-13,-1,-13,-1,-14,-2,-13,-2,-13,-1,-12,-1,-10,-1,0,0,-7,0,-5,0,-3,0,-1,0,0,0,1,0,3,1,4,2,6,2,7,3,7,3,7,4,7,4,6,4,5,4,4,4,3,3,2,2,0,2,0,1,0,0,-1,0,-2,-1,-2,-2,-3,-4,-3,-4,0,0,0,0,0,0,0,0,0,0]"""
631,"CSI_DATA,630,8c:90:2d:97:93:77,-49,11,1,7,1,0,1,0,1,0,1,-97,0,10,2,11517282,0,83,1,128,0,""[0,0,0,0,0,0,0,0,0,0,0,0,11,3,14,4,17,5,18,5,19,5,19,5,18,5,17,4,15,4,12,3,10,3,7,2,4,0,0,-1,-3,-2,-4,-3,-8,-5,-9,-5,-11,-7,-12,-7,-13,-7,-13,-7,-12,-7,-12,-7,-11,-6,-10,-5,0,0,-8,-3,-6,-2,-4,-1,-2,-1,0,1,2,2,4,3,5,4,6,4,6,5,7,6,7,6,7,6,6,6,5,5,4,5,3,4,2,4,1,3,0,2,-1,1,-3,-1,-3,-2,-4,-3,-4,-4,-4,-5,0,0,0,0,0,0,0,0,0,0]"""
632,"CSI_DATA,631,8c:90:2d:97:93:77,-49,11,1,7,1,0,1,0,1,0,1,-97,0,10,2,11527227,0,83,1,128,0,""[0,0,0,0,0,0,0,0,0,0,0,0,-12,-5,-15,-6,-18,-7,-19,-7,-20,-7,-20,-7,-19,-7,-17,-7,-15,-6,-13,-5,-11,-4,-8,-3,-5,-1,-1,0,2,2,4,3,6,4,8,5,10,7,11,7,11,7,11,8,11,7,11,7,10,6,9,5,0,0,6,3,4,2,2,1,1,0,-1,-2,-3,-3,-4,-4,-5,-5,-6,-6,-7,-7,-7,-7,-7,-8,-7,-8,-6,-8,-6,-7,-5,-7,-3,-6,-2,-5,-1,-4,-1,-3,1,-2,1,0,2,1,3,3,3,4,2,5,0,0,0,0,0,0,0,0,0,0]"""
633,"CSI_DATA,632,8c:90:2d:97:93:77,-49,11,1,7,1,0,1,0,1,0,1,-97,0,10,2,11537275,0,83,1,128,0,""[0,0,0,0,0,0,0,0,0,0,0,0,-13,-3,-16,-3,-19,-3,-20,-3,-21,-3,-20,-3,-20,-3,-18,-3,-16,-3,-14,-2,-11,-2,-8,-2,-5,0,-1,0,2,1,5,2,7,3,9,3,11,5,12,5,13,5,13,5,13,5,12,4,11,3,10,3,0,0,7,1,5,1,3,0,1,0,-1,-1,-3,-2,-5,-3,-6,-4,-7,-4,-8,-5,-8,-6,-9,-6,-9,-6,-8,-6,-7,-6,-6,-6,-5,-5,-4,-4,-2,-4,-1,-3,0,-2,2,0,3,1,3,2,3,3,3,4,0,0,0,0,0,0,0,0,0,0]"""
634,"CSI_DATA,633,8c:90:2d:97:93:77,-49,11,1,7,1,0,1,0,1,0,0,-97,0,10,2,11547770,0,83,1,128,0,""[0,0,0,0,0,0,0,0,0,0,0,0,-11,-8,-13,-9,-16,-10,-16,-10,-17,-11,-17,-11,-16,-11,-15,-10,-13,-9,-11,-8,-9,-6,-7,-5,-4,-2,-2,0,1,2,2,4,3,6,5,8,6,10,7,11,7,11,7,11,7,11,6,10,6,9,5,8,0,0,4,5,3,4,2,2,1,1,0,-2,-1,-4,-1,-6,-2,-7,-2,-8,-2,-9,-2,-10,-2,-10,-2,-10,-1,-9,-1,-9,0,-8,0,-6,0,-5,1,-4,1,-2,1,-1,0,1,0,2,-1,4,-1,4,-2,5,0,0,0,0,0,0,0,0,0,0]"""
635,"CSI_DATA,634,8c:90:2d:97:93:77,-49,11,1,7,1,0,1,0,1,0,0,-98,0,10,2,11557849,0,83,1,128,0,""[0,0,0,0,0,0,0,0,0,0,0,0,5,-13,6,-15,6,-17,7,-18,7,-19,7,-19,7,-18,7,-17,6,-15,5,-13,4,-10,2,-8,1,-5,-1,-2,-3,1,-5,3,-7,5,-8,7,-10,8,-10,9,-10,9,-11,9,-11,9,-10,9,-9,8,-8,7,0,0,-5,5,-4,4,-3,2,-1,1,1,0,2,-2,4,-3,6,-3,7,-4,8,-4,9,-4,9,-4,9,-3,8,-3,8,-3,7,-2,5,-1,4,-1,3,0,1,0,0,1,-2,1,-3,1,-4,0,-6,0,-6,-1,0,0,0,0,0,0,0,0,0,0]"""
636,"CSI_DATA,635,8c:90:2d:97:93:77,-49,11,1,7,1,0,1,0,1,0,0,-98,0,10,2,11567230,0,83,1,128,0,""[0,0,0,0,0,0,0,0,0,0,0,0,8,10,10,11,12,13,12,14,13,15,13,15,12,14,11,14,10,12,8,10,7,8,5,5,3,2,1,-1,0,-4,-1,-6,-1,-9,-2,-11,-2,-13,-2,-14,-2,-15,-2,-15,-2,-14,-2,-14,-2,-12,-2,-11,0,0,-2,-8,-2,-6,-2,-4,-2,-2,-2,0,-2,2,-3,5,-3,6,-4,7,-4,8,-5,8,-5,8,-5,8,-5,7,-6,6,-5,5,-5,4,-4,3,-3,1,-3,1,-1,-1,0,-2,1,-3,2,-3,4,-3,4,-3,0,0,0,0,0,0,0,0,0,0]"""
637,"CSI_DATA,636,8c:90:2d:97:93:77,-49,11,1,7,1,0,1,0,1,0,0,-98,0,10,2,11577319,0,83,1,128,0,""[0,0,0,0,0,0,0,0,0,0,0,0,8,9,10,11,12,12,13,14,13,14,13,15,12,14,11,13,10,12,8,10,7,8,5,5,3,2,1,-1,0,-4,-1,-6,-1,-9,-2,-11,-2,-13,-3,-14,-3,-15,-3,-15,-2,-14,-3,-14,-2,-13,-2,-11,0,0,-2,-8,-2,-6,-2,-4,-2,-2,-2,1,-2,3,-2,5,-3,6,-3,7,-4,8,-4,8,-5,8,-5,8,-5,7,-5,7,-5,5,-4,4,-4,3,-3,2,-2,0,-1,-1,0,-2,1,-3,2,-4,3,-4,4,-3,0,0,0,0,0,0,0,0,0,0]"""
638,"CSI_DATA,637,8c:90:2d:97:93:77,-49,11,1,7,1,0,1,0,1,0,0,-98,0,10,2,11587316,0,83,1,128,0,""[0,0,0,0,0,0,0,0,0,0,0,0,-8,11,-9,13,-10,15,-10,16,-11,18,-11,17,-11,17,-10,15,-9,13,-8,12,-6,9,-4,6,-2,4,0,1,2,-2,4,-4,7,-5,8,-7,10,-8,10,-9,11,-9,11,-9,11,-9,10,-9,9,-8,8,-8,0,0,5,-6,4,-5,2,-3,0,-2,-2,-1,-3,0,-5,1,-7,2,-9,2,-9,2,-10,2,-10,2,-10,2,-10,1,-9,1,-8,0,-7,0,-5,-1,-4,-1,-2,-1,-1,-2,1,-2,2,-2,3,-1,5,0,5,0,0,0,0,0,0,0,0,0,0,0]"""
639,"CSI_DATA,638,8c:90:2d:97:93:77,-49,11,1,7,1,0,1,0,1,0,0,-98,0,10,2,11597521,0,83,1,128,0,""[0,0,0,0,0,0,0,0,0,0,0,0,-12,1,-15,1,-18,2,-18,2,-20,2,-19,2,-19,2,-18,2,-15,1,-13,2,-10,0,-7,0,-4,0,0,0,1,0,4,0,7,0,9,0,11,0,12,0,13,0,13,0,13,0,12,0,11,0,9,0,0,0,6,0,4,-1,2,0,0,0,-1,0,-3,0,-5,-1,-6,-1,-7,-1,-9,-1,-9,-1,-9,-2,-9,-2,-8,-2,-7,-2,-6,-2,-5,-2,-4,-2,-2,-2,-1,-2,0,-1,0,0,2,0,3,0,3,0,4,1,0,0,0,0,0,0,0,0,0,0]"""
640,"CSI_DATA,639,8c:90:2d:97:93:77,-49,11,1,7,1,0,1,0,1,0,0,-98,0,10,2,11607350,0,83,1,128,0,""[0,0,0,0,0,0,0,0,0,0,0,0,4,-13,4,-16,5,-17,5,-18,5,-20,6,-20,5,-19,5,-17,4,-16,4,-14,3,-11,2,-8,0,-5,-1,-2,-2,1,-4,4,-5,7,-6,9,-6,10,-7,11,-7,12,-7,12,-7,12,-7,11,-6,10,-5,9,0,0,-3,6,-2,5,-2,3,-1,1,0,-1,1,-3,2,-5,3,-6,4,-7,5,-8,5,-8,6,-8,6,-8,6,-8,5,-7,5,-6,4,-5,3,-4,2,-2,2,-1,1,0,-1,1,-2,2,-3,3,-4,3,-5,3,0,0,0,0,0,0,0,0,0,0]"""
641,"CSI_DATA,640,8c:90:2d:97:93:77,-49,11,1,7,1,0,1,0,1,0,0,-98,0,10,2,11618893,0,83,1,128,0,""[0,0,0,0,0,0,0,0,0,0,0,0,0,12,0,15,1,16,1,18,1,19,0,20,0,18,0,17,0,15,0,13,0,10,0,7,0,3,0,0,0,-2,1,-5,2,-8,2,-10,2,-12,3,-13,2,-13,3,-14,3,-13,2,-13,2,-11,1,-10,0,0,0,-7,0,-5,0,-3,0,-1,0,0,-2,1,-2,3,-3,4,-4,5,-5,6,-6,6,-6,6,-6,6,-6,5,-6,5,-5,3,-4,2,-4,1,-3,0,-2,0,0,0,0,-1,0,-2,1,-3,3,-2,4,-2,0,0,0,0,0,0,0,0,0,0]"""
642,"CSI_DATA,641,8c:90:2d:97:93:77,-49,11,1,7,1,0,1,0,1,0,0,-98,0,10,2,11627193,0,83,1,128,0,""[0,0,0,0,0,0,0,0,0,0,0,0,11,-1,14,-2,16,-2,17,-2,18,-2,17,-2,17,-2,16,-2,14,-2,13,-1,9,-1,6,-1,3,-1,0,-1,-2,-1,-5,-1,-8,-2,-10,-2,-12,-3,-13,-3,-13,-3,-13,-3,-13,-3,-13,-3,-11,-3,-10,-2,0,0,-7,-1,-5,0,-3,0,-1,0,0,0,1,1,3,1,4,2,5,3,6,4,6,4,6,4,6,5,5,5,5,4,3,4,3,3,1,2,0,2,0,1,0,0,-1,0,-2,-1,-2,-2,-3,-4,-2,-4,0,0,0,0,0,0,0,0,0,0]"""
643,"CSI_DATA,642,8c:90:2d:97:93:77,-49,11,1,7,1,0,1,0,1,0,0,-98,0,10,2,11637249,0,83,1,128,0,""[0,0,0,0,0,0,0,0,0,0,0,0,0,-14,0,-16,-1,-19,-1,-19,-1,-21,-1,-21,0,-20,0,-19,0,-17,0,-14,-1,-11,-1,-8,-1,-5,-1,-2,-1,2,-2,5,-3,8,-2,10,-3,11,-3,13,-3,13,-3,13,-3,13,-3,13,-2,12,-2,10,0,0,-1,7,-1,6,-1,3,0,1,0,-1,0,-3,1,-5,1,-7,2,-9,2,-9,3,-10,3,-10,3,-9,3,-9,3,-8,3,-7,3,-6,3,-4,2,-3,1,-2,1,0,0,1,-1,3,-1,4,-3,4,-4,5,0,0,0,0,0,0,0,0,0,0]"""
644,"CSI_DATA,643,8c:90:2d:97:93:77,-49,11,1,7,1,0,1,0,1,0,0,-98,0,10,2,11647724,0,83,1,128,0,""[0,0,0,0,0,0,0,0,0,0,0,0,-4,12,-5,15,-5,16,-6,18,-5,19,-6,19,-5,18,-5,17,-5,15,-4,13,-3,10,-2,7,-1,4,0,1,1,-3,2,-6,3,-9,4,-10,5,-12,5,-13,5,-13,5,-14,5,-14,4,-13,4,-12,3,-11,0,0,1,-8,1,-6,0,-4,-1,-2,-1,0,-2,2,-3,4,-3,5,-4,7,-5,8,-5,8,-6,8,-5,8,-6,7,-5,6,-5,5,-5,4,-4,3,-3,1,-3,0,-2,-1,-1,-3,0,-4,1,-4,2,-5,3,-5,0,0,0,0,0,0,0,0,0,0]"""
645,"CSI_DATA,644,8c:90:2d:97:93:77,-49,11,1,7,1,0,1,0,1,0,0,-98,0,10,2,11657509,0,83,1,128,0,""[0,0,0,0,0,0,0,0,0,0,0,0,-1,-15,-2,-18,-3,-19,-3,-21,-3,-22,-2,-22,-2,-21,-3,-20,-2,-17,-2,-15,-2,-12,-2,-9,-1,-6,-1,-2,-2,2,-3,5,-3,9,-3,11,-3,13,-3,13,-3,14,-4,14,-4,14,-3,14,-3,12,-2,11,0,0,-1,8,-1,6,-1,3,0,1,0,-1,1,-4,1,-5,2,-7,3,-8,4,-9,4,-10,5,-10,5,-9,5,-8,5,-8,4,-7,4,-5,4,-4,3,-3,2,-1,1,0,0,1,-1,3,-3,3,-4,4,-5,4,0,0,0,0,0,0,0,0,0,0]"""
646,"CSI_DATA,645,8c:90:2d:97:93:77,-49,11,1,7,1,0,1,0,1,0,0,-98,0,10,2,11667165,0,83,1,128,0,""[0,0,0,0,0,0,0,0,0,0,0,0,-5,10,-6,13,-7,14,-7,15,-7,16,-7,17,-7,16,-6,15,-5,13,-5,11,-4,8,-2,5,-1,3,0,0,1,-1,2,-4,5,-6,5,-8,6,-9,7,-10,7,-10,7,-10,7,-10,7,-10,6,-9,5,-8,0,0,3,-6,1,-4,0,-3,0,-1,0,0,-2,0,-3,2,-4,3,-6,4,-7,4,-7,4,-8,4,-7,4,-7,3,-7,2,-6,2,-5,1,-4,0,-3,0,-2,0,0,-1,0,-1,0,-1,1,-2,3,-2,4,-1,0,0,0,0,0,0,0,0,0,0]"""
647,"CSI_DATA,646,8c:90:2d:97:93:77,-49,11,1,7,1,0,1,0,1,0,0,-98,0,10,2,11679999,0,83,1,128,0,""[0,0,0,0,0,0,0,0,0,0,0,0,10,6,13,7,16,7,17,8,18,8,17,9,17,8,15,8,14,7,12,6,9,4,7,3,3,1,0,0,-3,-3,-4,-4,-7,-6,-9,-7,-10,-8,-11,-9,-11,-9,-11,-10,-11,-10,-11,-9,-10,-8,-9,-7,0,0,-7,-5,-5,-3,-3,-2,-2,-1,0,1,2,2,3,4,4,5,5,5,5,6,5,7,6,7,5,7,5,7,4,6,3,6,2,5,1,4,0,3,-1,2,-1,1,-3,-1,-3,-2,-3,-4,-3,-5,-3,-6,0,0,0,0,0,0,0,0,0,0]"""
648,"CSI_DATA,647,8c:90:2d:97:93:77,-49,11,1,7,1,0,1,0,1,0,0,-98,0,10,2,11687370,0,83,1,128,0,""[0,0,0,0,0,0,0,0,0,0,0,0,-10,-9,-12,-11,-14,-11,-16,-12,-17,-13,-16,-13,-16,-12,-15,-12,-13,-10,-11,-9,-9,-7,-7,-5,-4,-3,-1,0,1,2,2,4,4,6,6,7,7,9,8,10,8,10,8,11,8,10,8,10,7,9,7,8,0,0,5,5,4,3,2,2,1,0,-1,-2,-2,-3,-3,-5,-4,-6,-4,-7,-5,-8,-5,-9,-5,-9,-5,-9,-4,-9,-4,-8,-3,-7,-2,-6,-1,-5,-1,-4,0,-3,1,-1,1,0,2,2,2,3,1,4,1,5,0,0,0,0,0,0,0,0,0,0]"""
649,"CSI_DATA,648,8c:90:2d:97:93:77,-49,11,1,7,1,0,1,0,1,0,0,-98,0,10,2,11697548,0,83,1,128,0,""[0,0,0,0,0,0,0,0,0,0,0,0,-11,6,-13,8,-14,8,-16,9,-16,10,-17,10,-16,9,-15,9,-13,7,-11,6,-9,5,-6,3,-3,2,0,0,1,0,4,-1,7,-3,8,-4,11,-4,11,-4,12,-5,12,-4,12,-5,11,-5,10,-4,9,-4,0,0,5,-3,3,-2,1,-2,0,0,0,0,-3,0,-5,0,-6,0,-7,0,-8,0,-9,0,-9,0,-9,0,-9,0,-8,0,-7,0,-5,0,-5,0,-3,0,-1,-1,0,-1,0,-1,1,-1,2,0,4,0,5,0,0,0,0,0,0,0,0,0,0,0]"""
650,"CSI_DATA,649,8c:90:2d:97:93:77,-49,11,1,7,1,0,1,0,1,0,0,-98,0,10,2,11707214,0,83,1,128,0,""[0,0,0,0,0,0,0,0,0,0,0,0,0,-13,0,-16,0,-17,0,-19,0,-20,0,-20,0,-19,0,-17,0,-15,0,-13,0,-10,0,-7,0,-4,0,-1,-1,1,-3,4,-4,6,-4,8,-5,10,-5,11,-5,11,-6,11,-5,11,-5,10,-4,9,-4,9,0,0,-2,5,-1,4,-1,2,0,0,0,0,1,-2,2,-3,3,-4,5,-5,5,-6,5,-6,6,-6,6,-5,6,-5,5,-4,5,-3,4,-2,3,-1,2,-1,0,0,0,0,0,0,-2,1,-3,1,-4,0,-5,0,0,0,0,0,0,0,0,0,0,0]"""
651,"CSI_DATA,650,8c:90:2d:97:93:77,-49,11,1,7,1,0,1,0,1,0,0,-98,0,10,2,11717336,0,83,1,128,0,""[0,0,0,0,0,0,0,0,0,0,0,0,9,-8,11,-10,13,-11,14,-11,14,-12,14,-13,14,-12,13,-11,11,-9,9,-8,7,-6,4,-4,1,-3,0,-1,-3,0,-5,0,-8,1,-10,2,-12,2,-13,2,-13,3,-13,2,-13,2,-12,3,-11,2,-10,2,0,0,-6,1,-5,1,-3,0,0,0,0,0,2,0,4,0,5,0,7,0,8,0,8,0,8,0,8,0,7,0,6,0,6,0,4,0,3,0,1,0,0,0,0,0,-1,0,-2,0,-3,0,-4,-1,-5,-2,0,0,0,0,0,0,0,0,0,0]"""
652,"CSI_DATA,651,8c:90:2d:97:93:77,-49,11,1,7,1,0,1,0,1,0,0,-98,0,10,2,11730239,0,83,1,128,0,""[0,0,0,0,0,0,0,0,0,0,0,0,12,-4,15,-5,17,-5,18,-5,19,-6,19,-6,18,-5,17,-5,15,-5,13,-4,10,-3,7,-2,4,-2,0,-1,-3,0,-6,0,-9,1,-11,2,-13,1,-14,2,-14,2,-14,2,-14,2,-14,2,-12,2,-11,2,0,0,-8,2,-6,1,-3,1,-2,0,1,-1,3,-1,5,-2,6,-2,7,-2,9,-2,9,-2,9,-2,9,-2,9,-1,8,-1,7,-1,6,0,4,0,3,1,2,1,0,1,-2,1,-3,1,-5,1,-6,1,-6,0,0,0,0,0,0,0,0,0,0,0]"""
653,"CSI_DATA,652,8c:90:2d:97:93:77,-49,11,1,7,1,0,1,0,1,0,0,-98,0,10,2,11737326,0,83,1,128,0,""[0,0,0,0,0,0,0,0,0,0,0,0,-12,5,-15,7,-17,8,-18,8,-19,8,-19,9,-18,8,-17,8,-15,6,-13,6,-10,4,-7,3,-4,2,-1,0,3,-1,5,-2,8,-3,10,-4,12,-4,13,-4,13,-5,13,-5,13,-5,12,-5,11,-5,9,-4,0,0,6,-4,4,-3,2,-2,0,-1,-2,-1,-4,0,-6,1,-7,1,-8,2,-9,2,-10,2,-10,1,-10,1,-10,1,-9,0,-8,0,-7,-1,-6,-1,-4,-2,-3,-2,-1,-2,1,-2,2,-2,3,-1,5,-1,5,-1,0,0,0,0,0,0,0,0,0,0]"""
654,"CSI_DATA,653,8c:90:2d:97:93:77,-49,11,1,7,1,0,1,0,1,0,0,-98,0,10,2,11747783,0,83,1,128,0,""[0,0,0,0,0,0,0,0,0,0,0,0,-12,6,-14,8,-16,9,-17,10,-18,11,-18,10,-17,10,-17,10,-15,8,-13,7,-10,6,-7,4,-4,2,-1,1,2,-1,5,-3,8,-4,10,-5,11,-5,13,-5,13,-6,13,-6,13,-6,12,-6,11,-6,9,-6,0,0,6,-4,4,-3,2,-3,0,-1,-2,-1,-4,0,-6,1,-7,2,-9,2,-9,2,-10,2,-10,2,-10,2,-9,1,-9,1,-8,1,-7,0,-5,-1,-4,-1,-3,-2,-1,-2,1,-2,2,-2,3,-2,5,-2,5,-1,0,0,0,0,0,0,0,0,0,0]"""
655,"CSI_DATA,654,8c:90:2d:97:93:77,-49,11,1,7,1,0,1,0,1,0,0,-98,0,10,2,11757359,0,83,1,128,0,""[0,0,0,0,0,0,0,0,0,0,0,0,11,0,14,-1,17,-1,18,-1,19,-1,19,-1,18,-1,17,-1,14,0,12,-1,9,0,6,0,3,-1,0,-1,-2,-2,-4,-2,-7,-3,-9,-3,-11,-5,-12,-5,-12,-5,-13,-6,-12,-5,-12,-5,-11,-5,-10,-4,0,0,-7,-2,-5,-1,-3,0,-1,0,0,0,0,1,2,3,3,3,3,4,4,5,4,6,4,6,4,6,3,6,3,5,2,5,1,4,0,3,0,2,0,1,0,0,-1,-1,-1,-2,-1,-3,-1,-4,-1,-5,0,0,0,0,0,0,0,0,0,0]"""
656,"CSI_DATA,655,8c:90:2d:97:93:77,-49,11,1,7,1,0,1,0,1,0,0,-98,0,10,2,11767238,0,83,1,128,0,""[0,0,0,0,0,0,0,0,0,0,0,0,8,9,10,11,13,12,13,13,14,14,13,14,13,14,12,13,10,11,9,9,7,8,5,5,3,2,1,-1,0,-4,-1,-6,-2,-9,-3,-10,-4,-13,-4,-14,-5,-14,-4,-14,-4,-14,-4,-14,-4,-12,-4,-11,0,0,-3,-8,-3,-6,-2,-4,-2,-2,-1,1,-1,3,-1,5,-2,6,-2,7,-2,9,-2,9,-3,9,-3,9,-3,8,-3,7,-3,6,-3,5,-3,4,-3,2,-2,1,-1,-1,-1,-2,0,-3,1,-4,2,-5,3,-5,0,0,0,0,0,0,0,0,0,0]"""
657,"CSI_DATA,656,8c:90:2d:97:93:77,-49,11,1,7,1,0,1,0,1,0,0,-98,0,10,2,11777554,0,83,1,128,0,""[0,0,0,0,0,0,0,0,0,0,0,0,-13,-4,-16,-5,-18,-5,-19,-5,-20,-6,-20,-6,-19,-6,-18,-6,-16,-5,-14,-4,-11,-4,-8,-3,-5,-1,-2,0,1,2,3,4,6,5,8,6,8,8,9,9,10,10,10,10,9,9,9,9,9,8,8,7,0,0,5,4,4,3,3,1,1,0,0,-2,-2,-4,-2,-5,-3,-7,-3,-8,-4,-9,-3,-10,-4,-10,-3,-10,-3,-9,-2,-9,-2,-8,-1,-7,0,-5,0,-4,0,-2,1,-1,0,1,0,2,0,4,-1,5,-2,5,0,0,0,0,0,0,0,0,0,0]"""
658,"CSI_DATA,657,8c:90:2d:97:93:77,-49,11,1,7,1,0,1,0,1,0,0,-98,0,10,2,11787232,0,83,1,128,0,""[0,0,0,0,0,0,0,0,0,0,0,0,-12,-7,-15,-8,-17,-8,-18,-9,-19,-10,-19,-10,-18,-10,-17,-9,-15,-8,-13,-7,-10,-5,-8,-4,-5,-2,-2,0,1,2,3,4,5,6,7,7,8,9,8,10,9,10,9,11,9,10,9,10,8,9,7,8,0,0,5,5,4,3,2,2,1,1,-1,-2,-1,-4,-3,-5,-3,-7,-3,-8,-4,-9,-3,-10,-4,-10,-3,-10,-3,-9,-2,-9,-1,-8,-1,-6,0,-5,0,-4,0,-2,1,-1,1,1,1,2,0,4,0,5,-1,5,0,0,0,0,0,0,0,0,0,0]"""
659,"CSI_DATA,658,8c:90:2d:97:93:77,-49,11,1,7,1,0,1,0,1,0,0,-98,0,10,2,11797500,0,83,1,128,0,""[0,0,0,0,0,0,0,0,0,0,0,0,4,12,5,14,7,16,7,17,8,18,7,18,7,18,6,16,6,14,5,12,3,10,3,7,2,3,1,0,0,-3,0,-6,0,-9,0,-11,0,-13,-1,-14,-1,-15,0,-15,0,-15,-1,-14,0,-13,-1,-12,0,0,-1,-8,-1,-6,-1,-4,-1,-2,-1,0,-2,2,-2,4,-3,6,-3,7,-4,8,-4,8,-4,8,-5,8,-5,7,-5,7,-5,6,-4,4,-4,3,-3,2,-3,0,-2,-1,-1,-2,1,-3,1,-4,3,-4,4,-4,0,0,0,0,0,0,0,0,0,0]"""
660,"CSI_DATA,659,8c:90:2d:97:93:77,-49,11,1,7,1,0,1,0,1,0,0,-98,0,10,2,11807153,0,83,1,128,0,""[0,0,0,0,0,0,0,0,0,0,0,0,7,-12,8,-14,9,-16,9,-17,10,-18,10,-18,10,-18,9,-16,8,-14,7,-12,5,-10,3,-7,2,-5,-1,-2,-3,1,-5,3,-7,5,-8,7,-9,8,-10,9,-10,10,-11,9,-10,10,-10,10,-9,8,-8,8,0,0,-5,5,-4,4,-2,3,-1,1,1,-1,2,-3,4,-3,5,-5,6,-5,7,-6,8,-6,8,-6,8,-6,7,-5,7,-4,6,-4,5,-3,4,-2,3,-1,2,0,0,1,-1,1,-3,2,-4,2,-5,2,-6,1,0,0,0,0,0,0,0,0,0,0]"""
661,"CSI_DATA,660,8c:90:2d:97:93:77,-49,11,1,7,1,0,1,0,1,0,0,-98,0,10,2,11817169,0,83,1,128,0,""[0,0,0,0,0,0,0,0,0,0,0,0,-11,-7,-14,-8,-17,-9,-18,-10,-19,-10,-19,-10,-18,-10,-17,-9,-15,-8,-13,-7,-10,-6,-8,-4,-5,-2,-1,0,1,2,3,3,6,6,8,6,9,8,10,9,10,9,10,9,10,9,10,8,9,8,8,6,0,0,6,4,4,2,3,1,1,0,-1,-2,-3,-3,-4,-5,-5,-6,-6,-7,-6,-8,-6,-8,-6,-9,-6,-8,-5,-9,-5,-8,-4,-7,-3,-6,-2,-5,-1,-4,0,-3,1,-1,1,0,2,1,2,3,2,4,2,5,0,0,0,0,0,0,0,0,0,0]"""
662,"CSI_DATA,661,8c:90:2d:97:93:77,-49,11,1,7,1,0,1,0,1,0,0,-98,0,10,2,11827313,0,83,1,128,0,""[0,0,0,0,0,0,0,0,0,0,0,0,2,12,3,15,4,17,4,17,5,19,4,19,4,18,4,17,4,15,3,13,2,10,2,7,1,4,0,0,0,-3,0,-6,0,-9,0,-11,0,-13,-1,-14,-1,-14,-1,-15,-1,-15,-1,-14,-1,-13,-1,-11,0,0,-1,-8,-1,-6,-1,-4,-2,-2,-1,1,-1,3,-1,5,-1,6,-2,7,-2,9,-3,9,-3,9,-3,9,-3,8,-3,8,-3,6,-3,5,-3,4,-3,2,-2,1,-2,-1,-2,-2,-1,-4,0,-5,1,-5,2,-5,0,0,0,0,0,0,0,0,0,0]"""
663,"CSI_DATA,662,8c:90:2d:97:93:77,-49,11,1,7,1,0,1,0,1,0,0,-98,0,10,2,11837240,0,83,1,128,0,""[0,0,0,0,0,0,0,0,0,0,0,0,6,11,8,13,10,14,11,15,11,16,11,17,11,16,10,14,9,13,7,11,6,8,4,6,2,3,0,0,-1,-3,-2,-6,-3,-9,-4,-10,-5,-12,-6,-13,-6,-14,-6,-14,-6,-14,-6,-13,-5,-12,-5,-10,0,0,-4,-7,-3,-5,-2,-3,-2,-1,0,1,0,3,1,5,1,6,1,7,2,8,1,9,1,9,1,9,1,9,0,8,0,7,-1,5,-1,4,-1,3,-2,1,-2,0,-2,-2,-2,-3,-2,-5,-1,-6,0,-6,0,0,0,0,0,0,0,0,0,0]"""
664,"CSI_DATA,663,8c:90:2d:97:93:77,-49,11,1,7,1,0,1,0,1,0,0,-98,0,10,2,11847751,0,83,1,128,0,""[0,0,0,0,0,0,0,0,0,0,0,0,5,-12,7,-15,7,-16,8,-17,8,-19,8,-19,8,-18,7,-16,6,-15,5,-13,4,-10,3,-7,1,-5,-1,-2,-2,1,-4,4,-6,6,-7,8,-8,9,-9,10,-9,10,-9,11,-9,11,-8,10,-8,9,-7,8,0,0,-4,6,-3,4,-2,3,-1,1,0,-1,2,-3,3,-4,4,-5,5,-6,6,-7,7,-7,7,-7,7,-7,7,-6,6,-6,5,-4,5,-4,4,-2,3,-1,2,0,0,1,-1,1,-2,2,-3,2,-5,3,-6,2,0,0,0,0,0,0,0,0,0,0]"""
665,"CSI_DATA,664,8c:90:2d:97:93:77,-49,11,1,7,1,0,1,0,1,0,0,-98,0,10,2,11857159,0,83,1,128,0,""[0,0,0,0,0,0,0,0,0,0,0,0,-13,1,-16,2,-19,2,-19,2,-21,3,-20,3,-20,3,-19,2,-16,2,-14,2,-11,1,-8,1,-5,1,-1,1,2,0,5,0,8,0,10,0,12,1,13,1,14,0,14,0,14,0,13,0,12,0,11,-1,0,0,7,-1,5,-1,3,-1,1,-1,-2,-1,-4,-1,-6,-1,-7,-1,-9,-2,-10,-2,-10,-3,-10,-3,-10,-3,-9,-3,-9,-3,-7,-3,-6,-3,-5,-3,-3,-3,-2,-2,0,-2,1,-1,3,-1,4,0,5,1,5,2,0,0,0,0,0,0,0,0,0,0]"""
666,"CSI_DATA,665,8c:90:2d:97:93:77,-49,11,1,7,1,0,1,0,1,0,0,-98,0,10,2,11867153,0,83,1,128,0,""[0,0,0,0,0,0,0,0,0,0,0,0,4,-13,5,-16,5,-17,5,-19,5,-20,5,-20,5,-19,5,-18,4,-16,4,-14,2,-11,2,-8,0,-5,-1,-2,-2,1,-4,4,-5,7,-6,9,-7,10,-8,11,-8,12,-8,11,-8,12,-8,11,-7,10,-6,9,0,0,-4,6,-3,5,-2,3,-1,1,0,-1,1,-3,3,-4,4,-6,5,-7,6,-7,6,-8,6,-7,7,-7,7,-6,6,-6,6,-5,5,-4,4,-3,3,-2,2,0,0,1,-1,1,-2,2,-3,3,-5,3,-6,2,0,0,0,0,0,0,0,0,0,0]"""
667,"CSI_DATA,666,8c:90:2d:97:93:77,-49,11,1,7,1,0,1,0,1,0,0,-98,0,10,2,11877246,0,83,1,128,0,""[0,0,0,0,0,0,0,0,0,0,0,0,-6,-12,-8,-15,-10,-16,-10,-17,-11,-18,-10,-19,-10,-18,-9,-17,-8,-15,-7,-12,-6,-10,-5,-8,-3,-4,-2,-1,-1,2,-1,5,0,8,1,10,1,12,1,13,1,13,1,14,1,13,1,13,2,12,1,10,0,0,1,7,1,5,1,3,1,1,0,-2,0,-4,1,-6,1,-7,1,-8,1,-9,2,-10,2,-10,2,-10,2,-9,2,-9,3,-7,2,-6,2,-5,2,-3,1,-2,1,0,0,1,-1,2,-2,4,-3,4,-4,4,0,0,0,0,0,0,0,0,0,0]"""
668,"CSI_DATA,667,8c:90:2d:97:93:77,-49,11,1,7,1,0,1,0,1,0,0,-98,0,10,2,11887296,0,83,1,128,0,""[0,0,0,0,0,0,0,0,0,0,0,0,-10,-10,-12,-12,-15,-13,-15,-14,-16,-14,-15,-14,-14,-14,-13,-13,-12,-12,-10,-10,-8,-8,-7,-6,-4,-3,-2,-1,0,2,1,5,2,7,4,9,4,11,5,12,5,13,5,13,5,12,5,12,4,11,4,10,0,0,3,6,2,4,1,2,1,1,0,-2,-1,-4,-1,-6,-1,-7,-1,-9,-1,-10,0,-10,0,-10,0,-10,0,-10,1,-9,1,-8,1,-6,1,-5,1,-4,1,-2,0,-1,0,1,-1,2,-1,4,-2,4,-3,5,0,0,0,0,0,0,0,0,0,0]"""
669,"CSI_DATA,668,8c:90:2d:97:93:77,-49,11,1,7,1,0,1,0,1,0,0,-98,0,10,2,11897483,0,83,1,128,0,""[0,0,0,0,0,0,0,0,0,0,0,0,6,11,8,14,9,15,10,16,10,17,10,17,9,17,8,15,7,14,7,11,5,9,4,6,2,3,0,0,-1,-3,-1,-6,-2,-9,-3,-11,-4,-13,-4,-14,-4,-14,-4,-14,-4,-14,-4,-13,-4,-12,-4,-11,0,0,-3,-8,-2,-6,-2,-4,-2,-2,-1,1,0,3,0,5,0,6,0,8,0,8,0,9,0,9,0,9,-1,9,-1,8,-1,7,-2,5,-2,4,-2,3,-2,1,-2,-1,-2,-2,-2,-3,-1,-5,0,-6,1,-6,0,0,0,0,0,0,0,0,0,0]"""
670,"CSI_DATA,669,8c:90:2d:97:93:77,-49,11,1,7,1,0,1,0,1,0,0,-98,0,10,2,11907214,0,83,1,128,0,""[0,0,0,0,0,0,0,0,0,0,0,0,10,-6,12,-7,14,-9,15,-9,16,-10,16,-10,15,-10,14,-9,12,-8,10,-7,8,-5,5,-3,2,-2,0,-1,-2,0,-5,0,-8,1,-10,3,-12,2,-13,3,-13,3,-13,3,-13,3,-12,3,-11,3,-10,2,0,0,-6,2,-5,1,-3,0,0,0,0,0,2,0,4,-1,5,-1,7,-1,8,-1,8,-1,8,-1,8,-1,8,0,7,0,6,0,5,0,3,0,2,0,0,0,0,0,-1,0,-2,0,-3,0,-5,0,-5,0,0,0,0,0,0,0,0,0,0,0]"""
671,"CSI_DATA,670,8c:90:2d:97:93:77,-49,11,1,7,1,0,1,0,1,0,0,-98,0,10,2,11917314,0,83,1,128,0,""[0,0,0,0,0,0,0,0,0,0,0,0,-8,-12,-9,-13,-11,-15,-12,-16,-13,-17,-12,-17,-12,-17,-11,-16,-10,-14,-8,-12,-7,-9,-5,-7,-3,-4,-1,-1,0,2,1,5,2,8,3,10,3,11,4,12,5,13,4,13,4,13,4,12,4,11,4,9,0,0,3,6,2,5,1,3,1,1,0,-2,-1,-4,-1,-6,-2,-7,-2,-9,-2,-9,-2,-10,-2,-10,-1,-10,-1,-10,0,-9,0,-8,1,-7,1,-6,1,-4,1,-2,1,0,1,1,1,3,0,4,-1,5,-2,5,0,0,0,0,0,0,0,0,0,0]"""
672,"CSI_DATA,671,8c:90:2d:97:93:77,-49,11,1,7,1,0,1,0,1,0,0,-98,0,10,2,11927287,0,83,1,128,0,""[0,0,0,0,0,0,0,0,0,0,0,0,-13,0,-16,0,-18,0,-20,0,-21,0,-20,0,-20,0,-19,0,-16,0,-14,0,-11,0,-7,0,-4,0,0,0,1,0,3,1,7,2,9,2,10,3,12,4,12,4,13,3,12,3,12,3,10,2,9,2,0,0,6,0,4,0,2,0,0,0,0,-1,-2,-2,-4,-3,-5,-3,-6,-4,-7,-5,-7,-6,-7,-6,-7,-6,-6,-6,-5,-6,-4,-6,-3,-5,-2,-4,-1,-3,0,-2,0,-1,0,0,1,0,1,2,1,3,1,4,0,0,0,0,0,0,0,0,0,0]"""
673,"CSI_DATA,672,8c:90:2d:97:93:77,-49,11,1,7,1,0,1,0,1,0,0,-98,0,10,2,11937318,0,83,1,128,0,""[0,0,0,0,0,0,0,0,0,0,0,0,8,-9,10,-11,11,-12,12,-13,13,-14,13,-14,13,-14,12,-12,10,-11,8,-9,6,-7,4,-5,1,-3,0,-1,-3,0,-5,0,-8,2,-9,3,-11,3,-12,4,-13,4,-13,4,-13,4,-12,4,-11,3,-10,3,0,0,-7,2,-4,1,-3,1,0,0,0,0,2,0,4,0,5,0,7,-1,8,0,8,0,8,0,8,0,8,0,7,0,6,0,5,0,3,0,1,0,0,0,0,0,-1,0,-2,0,-4,0,-4,-1,-5,-2,0,0,0,0,0,0,0,0,0,0]"""
674,"CSI_DATA,673,8c:90:2d:97:93:77,-49,11,1,7,1,0,1,0,1,0,1,-98,0,10,2,11947757,0,83,1,128,0,""[0,0,0,0,0,0,0,0,0,0,0,0,-4,12,-5,15,-4,16,-5,18,-5,19,-6,19,-6,18,-5,17,-5,15,-4,13,-3,10,-2,7,-1,4,0,1,2,-2,3,-5,5,-8,6,-9,6,-11,7,-12,7,-12,8,-12,8,-12,7,-11,6,-10,5,-10,0,0,3,-7,2,-5,1,-4,-1,-2,-2,0,-3,1,-4,3,-6,4,-7,5,-8,5,-8,5,-8,5,-8,5,-8,4,-8,4,-7,3,-6,2,-5,1,-4,0,-3,-1,-1,-2,0,-2,2,-3,3,-3,4,-3,5,-2,0,0,0,0,0,0,0,0,0,0]"""
675,"CSI_DATA,674,8c:90:2d:97:93:77,-49,11,1,7,1,0,1,0,1,0,1,-98,0,10,2,11957180,0,83,1,128,0,""[0,0,0,0,0,0,0,0,0,0,0,0,-12,-6,-15,-7,-17,-7,-18,-8,-19,-8,-19,-8,-18,-8,-17,-7,-15,-7,-13,-6,-10,-5,-8,-4,-5,-2,-1,0,2,2,3,3,6,5,7,6,9,8,10,9,10,9,10,9,10,8,9,8,9,7,8,6,0,0,6,4,4,3,2,1,1,0,-1,-2,-2,-4,-3,-5,-4,-6,-5,-7,-5,-8,-5,-9,-5,-9,-5,-9,-5,-9,-4,-8,-3,-7,-2,-6,-2,-5,-1,-4,0,-3,1,-1,1,1,1,2,1,3,1,4,0,5,0,0,0,0,0,0,0,0,0,0]"""
676,"CSI_DATA,675,8c:90:2d:97:93:77,-49,11,1,7,1,0,1,0,1,0,1,-98,0,10,2,11967208,0,83,1,128,0,""[0,0,0,0,0,0,0,0,0,0,0,0,12,3,15,4,18,4,19,4,20,5,19,4,19,4,18,4,15,4,13,3,10,2,7,2,4,0,1,-1,-3,-3,-5,-4,-7,-6,-10,-6,-11,-8,-12,-8,-13,-8,-13,-9,-12,-8,-12,-8,-11,-7,-10,-6,0,0,-7,-4,-5,-3,-4,-2,-2,-1,0,1,2,2,3,4,4,4,5,6,5,7,6,7,6,8,5,7,5,7,4,7,3,6,2,5,1,4,0,3,-1,2,-2,0,-2,-1,-3,-3,-3,-4,-3,-5,-2,-6,0,0,0,0,0,0,0,0,0,0]"""
677,"CSI_DATA,676,8c:90:2d:97:93:77,-49,11,1,7,1,0,1,0,1,0,1,-98,0,10,2,11977230,0,83,1,128,0,""[0,0,0,0,0,0,0,0,0,0,0,0,-5,-13,-6,-15,-8,-17,-8,-18,-9,-19,-8,-20,-7,-19,-7,-18,-6,-16,-6,-14,-5,-11,-4,-8,-3,-5,-2,-1,-1,2,-2,5,-1,8,-1,10,-1,12,-1,13,-1,14,-1,14,-1,14,-1,13,-1,12,-1,11,0,0,0,7,0,5,0,3,0,1,0,-1,1,-4,1,-5,2,-7,3,-8,3,-9,4,-9,4,-9,4,-9,4,-8,4,-7,4,-6,4,-5,3,-4,2,-3,1,-1,1,0,-1,1,-2,2,-3,3,-4,3,-5,3,0,0,0,0,0,0,0,0,0,0]"""
678,"CSI_DATA,677,8c:90:2d:97:93:77,-49,11,1,7,1,0,1,0,1,0,1,-98,0,10,2,11987248,0,83,1,128,0,""[0,0,0,0,0,0,0,0,0,0,0,0,-11,4,-14,6,-16,7,-16,7,-16,8,-17,8,-16,8,-16,7,-14,6,-12,5,-9,3,-6,2,-3,1,0,0,1,0,4,0,7,0,9,-1,11,0,12,0,12,-1,13,-1,13,-1,12,-1,11,-1,9,-1,0,0,6,-1,4,-1,2,-1,0,0,0,0,-3,0,-5,-1,-6,-1,-8,-1,-8,-1,-9,-2,-9,-2,-8,-2,-8,-2,-7,-3,-6,-3,-5,-2,-3,-2,-2,-2,-1,-1,0,-1,0,0,1,0,2,0,3,1,3,2,0,0,0,0,0,0,0,0,0,0]"""
679,"CSI_DATA,678,8c:90:2d:97:93:77,-49,11,1,7,1,0,1,0,1,0,1,-98,0,10,2,11997695,0,83,1,128,0,""[0,0,0,0,0,0,0,0,0,0,0,0,-9,-11,-11,-12,-13,-14,-14,-15,-15,-15,-15,-15,-14,-15,-13,-14,-12,-12,-10,-10,-8,-8,-6,-7,-4,-4,-1,-1,1,2,2,4,3,7,5,9,6,11,6,11,7,12,7,12,6,12,6,11,6,10,5,9,0,0,4,6,3,4,2,2,1,0,0,-2,-2,-4,-3,-6,-3,-7,-3,-8,-3,-9,-3,-10,-3,-10,-3,-10,-2,-9,-2,-9,-1,-8,-1,-7,-1,-5,0,-4,0,-3,1,-1,1,1,1,2,1,4,1,5,-1,5,0,0,0,0,0,0,0,0,0,0]"""
680,"CSI_DATA,679,8c:90:2d:97:93:77,-49,11,1,7,1,0,1,0,1,0,1,-98,0,10,2,12007177,0,83,1,128,0,""[0,0,0,0,0,0,0,0,0,0,0,0,-13,1,-16,1,-19,2,-20,2,-21,2,-21,2,-20,2,-19,2,-17,2,-14,2,-11,1,-8,0,-4,1,-1,0,2,0,5,0,8,0,10,0,12,1,13,1,14,1,14,1,14,1,13,0,12,0,10,0,0,0,7,-1,5,-1,3,-1,1,-1,-1,-1,-4,-1,-6,-2,-7,-2,-8,-2,-9,-3,-10,-3,-10,-3,-10,-3,-9,-4,-8,-4,-7,-4,-6,-3,-5,-3,-3,-3,-2,-2,0,-2,1,-1,3,0,4,0,5,1,5,2,0,0,0,0,0,0,0,0,0,0]"""
681,"CSI_DATA,680,8c:90:2d:97:93:77,-49,11,1,7,1,0,1,0,1,0,1,-98,0,10,2,12017141,0,83,1,128,0,""[0,0,0,0,0,0,0,0,0,0,0,0,-13,-2,-16,-2,-19,-2,-20,-2,-21,-3,-21,-2,-20,-2,-19,-2,-16,-2,-14,-2,-11,-1,-9,-1,-5,0,-1,0,2,1,4,1,7,2,10,3,11,4,13,4,13,4,13,4,13,3,12,3,11,3,10,2,0,0,7,1,5,0,3,0,1,-1,-2,-1,-4,-2,-5,-3,-7,-3,-8,-4,-9,-5,-9,-5,-9,-6,-9,-6,-8,-6,-7,-5,-6,-5,-5,-5,-4,-4,-3,-4,-1,-3,0,-2,2,-1,2,0,3,1,4,3,4,3,0,0,0,0,0,0,0,0,0,0]"""
682,"CSI_DATA,681,8c:90:2d:97:93:77,-49,11,1,7,1,0,1,0,1,0,1,-98,0,10,2,12028530,0,83,1,128,0,""[0,0,0,0,0,0,0,0,0,0,0,0,-2,-13,-3,-16,-4,-18,-4,-19,-4,-20,-4,-20,-3,-20,-3,-18,-3,-16,-2,-14,-2,-11,-2,-8,-1,-4,0,0,-1,1,-1,4,-2,7,-2,9,-2,11,-3,13,-2,13,-3,13,-3,13,-2,12,-3,11,-2,10,0,0,-1,6,0,4,0,2,0,0,0,0,0,-2,2,-4,2,-6,3,-6,4,-7,5,-7,5,-8,5,-7,5,-7,5,-6,4,-5,3,-4,3,-2,2,-1,1,0,0,0,0,0,-1,1,-2,1,-4,1,-5,1,0,0,0,0,0,0,0,0,0,0]"""
683,"CSI_DATA,682,8c:90:2d:97:93:77,-49,11,1,7,1,0,1,0,1,0,1,-98,0,10,2,12037310,0,83,1,128,0,""[0,0,0,0,0,0,0,0,0,0,0,0,0,-14,0,-17,-1,-18,-1,-19,-2,-21,-1,-20,-1,-20,-1,-18,-1,-16,-1,-14,-1,-11,-1,-8,-1,-5,-1,-2,-2,2,-3,5,-4,7,-4,9,-5,11,-5,12,-5,13,-5,13,-5,13,-5,12,-5,11,-4,10,0,0,-2,7,-2,5,-1,3,0,1,1,-1,2,-3,2,-4,4,-6,5,-7,5,-8,6,-8,6,-8,6,-7,6,-7,5,-6,5,-5,5,-4,4,-3,3,-2,2,-1,0,0,-1,1,-2,2,-3,2,-5,2,-6,2,0,0,0,0,0,0,0,0,0,0]"""
684,"CSI_DATA,683,8c:90:2d:97:93:77,-49,11,1,7,1,0,1,0,1,0,0,-98,0,10,2,12047748,0,83,1,128,0,""[0,0,0,0,0,0,0,0,0,0,0,0,5,12,6,14,8,16,8,16,8,18,8,18,8,17,8,16,7,14,6,12,4,9,3,7,2,3,0,0,-1,-3,-2,-6,-3,-9,-4,-10,-5,-12,-5,-13,-5,-14,-5,-14,-5,-14,-5,-13,-5,-12,-5,-11,0,0,-4,-7,-3,-5,-2,-4,-1,-1,0,1,1,3,1,4,2,6,2,7,2,8,2,9,2,9,2,9,2,8,1,8,1,7,0,6,0,5,-1,3,-1,2,-2,0,-2,-2,-3,-3,-2,-4,-2,-6,-1,-6,0,0,0,0,0,0,0,0,0,0]"""
685,"CSI_DATA,684,8c:90:2d:97:93:77,-49,11,1,7,1,0,1,0,1,0,0,-98,0,10,2,12057281,0,83,1,128,0,""[0,0,0,0,0,0,0,0,0,0,0,0,1,-14,1,-17,1,-19,1,-20,1,-21,1,-21,1,-20,1,-19,0,-17,0,-15,1,-11,0,-8,0,-5,-1,-2,-1,2,-2,5,-2,8,-3,10,-3,12,-3,13,-3,13,-2,14,-3,14,-3,13,-3,12,-2,10,0,0,-1,7,0,5,-1,3,0,1,0,-1,0,-3,0,-6,1,-7,1,-9,1,-10,2,-10,2,-10,2,-10,2,-9,2,-9,2,-7,2,-6,2,-5,2,-3,1,-2,1,0,1,1,0,3,-1,4,-2,5,-3,5,0,0,0,0,0,0,0,0,0,0]"""
686,"CSI_DATA,685,8c:90:2d:97:93:77,-49,11,1,7,1,0,1,0,1,0,0,-98,0,10,2,12067419,0,83,1,128,0,""[0,0,0,0,0,0,0,0,0,0,0,0,-10,-9,-12,-11,-15,-12,-15,-13,-16,-14,-15,-13,-15,-13,-14,-12,-12,-11,-10,-9,-8,-8,-6,-6,-4,-3,-2,0,0,3,1,5,2,7,3,9,4,11,4,12,4,13,4,13,4,13,4,12,4,11,3,10,0,0,3,6,2,4,1,2,1,1,0,-2,0,-4,0,-6,0,-7,0,-8,0,-10,1,-10,1,-10,1,-10,1,-9,2,-8,2,-7,2,-6,2,-5,1,-3,1,-2,1,0,0,1,-1,2,-2,3,-3,4,-4,4,0,0,0,0,0,0,0,0,0,0]"""
687,"CSI_DATA,686,8c:90:2d:97:93:77,-49,11,1,7,1,0,1,0,1,0,0,-98,0,10,2,12077213,0,83,1,128,0,""[0,0,0,0,0,0,0,0,0,0,0,0,5,-13,5,-16,5,-18,6,-18,6,-20,7,-20,7,-19,6,-18,5,-15,5,-14,4,-11,2,-8,0,-5,-1,-2,-3,1,-5,3,-7,5,-9,7,-10,8,-10,9,-11,9,-11,9,-11,9,-10,9,-10,8,-8,7,0,0,-6,5,-4,4,-3,3,-1,1,1,0,2,-1,5,-2,6,-3,7,-3,8,-3,9,-3,9,-3,9,-2,8,-2,8,-2,7,-1,6,-1,4,0,3,0,1,0,0,0,-2,0,-3,0,-4,0,-6,-1,-6,-2,0,0,0,0,0,0,0,0,0,0]"""
688,"CSI_DATA,687,8c:90:2d:97:93:77,-49,11,1,7,1,0,1,0,1,0,0,-98,0,10,2,12089964,0,83,1,128,0,""[0,0,0,0,0,0,0,0,0,0,0,0,-10,-10,-12,-11,-14,-13,-15,-14,-16,-15,-15,-14,-15,-14,-14,-13,-12,-12,-10,-10,-8,-8,-6,-6,-4,-3,-2,0,0,3,1,5,2,7,3,10,4,12,4,13,4,13,4,13,4,13,3,13,3,11,3,10,0,0,3,7,2,5,1,2,1,1,0,-2,0,-4,0,-6,0,-7,0,-9,1,-10,1,-10,2,-10,2,-10,2,-9,2,-9,2,-7,2,-6,2,-5,1,-3,1,-2,0,0,0,1,-1,2,-2,3,-3,4,-4,4,0,0,0,0,0,0,0,0,0,0]"""
689,"CSI_DATA,688,8c:90:2d:97:93:77,-49,11,1,7,1,0,1,0,1,0,0,-98,0,10,2,12097559,0,83,1,128,0,""[0,0,0,0,0,0,0,0,0,0,0,0,-6,-12,-8,-15,-10,-18,-10,-18,-11,-20,-10,-20,-10,-20,-9,-18,-8,-15,-7,-13,-6,-10,-4,-8,-3,-4,-2,-1,-1,2,-1,5,-1,8,0,10,0,12,1,13,1,14,0,14,0,14,0,13,0,12,1,11,0,0,1,7,0,5,0,3,1,1,0,-1,0,-3,1,-6,1,-7,2,-8,2,-9,3,-10,3,-10,3,-10,3,-9,3,-8,3,-7,3,-5,3,-4,2,-3,1,-2,0,0,0,2,-2,2,-2,3,-4,4,-5,3,0,0,0,0,0,0,0,0,0,0]"""
690,"CSI_DATA,689,8c:90:2d:97:93:77,-49,11,1,7,1,0,1,0,1,0,0,-98,0,10,2,12107305,0,83,1,128,0,""[0,0,0,0,0,0,0,0,0,0,0,0,12,2,15,2,18,3,19,3,20,4,20,4,19,3,18,4,15,3,13,2,10,2,8,1,4,0,1,-2,-3,-3,-5,-4,-7,-6,-10,-7,-11,-8,-12,-9,-13,-9,-13,-9,-13,-9,-12,-9,-11,-7,-10,-7,0,0,-7,-4,-6,-3,-4,-2,-2,-1,0,1,1,3,3,4,4,5,4,6,5,7,5,8,5,8,4,8,4,8,3,7,2,7,2,5,0,4,0,3,-1,2,-2,0,-2,-2,-2,-3,-2,-4,-2,-5,-1,-7,0,0,0,0,0,0,0,0,0,0]"""
691,"CSI_DATA,690,8c:90:2d:97:93:77,-49,11,1,7,1,0,1,0,1,0,0,-98,0,10,2,12117259,0,83,1,128,0,""[0,0,0,0,0,0,0,0,0,0,0,0,-5,10,-6,13,-7,14,-8,15,-8,16,-8,17,-8,16,-8,14,-7,12,-6,11,-4,8,-3,5,-1,3,0,0,1,-1,3,-4,5,-6,6,-7,7,-8,8,-9,8,-9,9,-9,8,-9,7,-9,7,-8,6,-7,0,0,3,-5,2,-4,0,-3,0,-1,0,0,-2,0,-4,1,-5,2,-7,3,-7,3,-8,3,-8,3,-8,2,-8,2,-7,1,-7,1,-5,0,-4,0,-3,0,-1,0,0,-1,0,-1,1,-1,2,-1,3,-1,4,0,0,0,0,0,0,0,0,0,0,0]"""
692,"CSI_DATA,691,8c:90:2d:97:93:77,-49,11,1,7,1,0,1,0,1,0,0,-98,0,10,2,12127230,0,83,1,128,0,""[0,0,0,0,0,0,0,0,0,0,0,0,4,12,5,15,7,17,7,17,8,19,7,19,7,18,6,17,5,15,5,13,4,10,3,7,2,3,1,0,0,-3,0,-7,0,-9,-1,-11,-1,-13,-1,-15,-1,-15,-1,-15,-1,-15,-2,-14,-1,-13,-2,-12,0,0,-2,-8,-1,-6,-1,-4,-1,-2,-1,1,-1,3,-2,5,-2,6,-2,8,-3,9,-3,9,-3,9,-3,9,-4,8,-4,7,-4,6,-3,5,-3,4,-3,2,-2,1,-2,-1,-1,-2,0,-4,1,-5,2,-5,3,-5,0,0,0,0,0,0,0,0,0,0]"""
693,"CSI_DATA,692,8c:90:2d:97:93:77,-49,11,1,7,1,0,1,0,1,0,0,-98,0,10,2,12138971,0,83,1,128,0,""[0,0,0,0,0,0,0,0,0,0,0,0,0,-14,-1,-16,-1,-18,-1,-19,-2,-20,-1,-20,0,-20,-1,-18,-1,-16,0,-14,-1,-11,-1,-8,-1,-5,-1,-2,-2,2,-3,5,-4,7,-4,9,-4,11,-5,12,-5,13,-5,13,-5,13,-4,12,-4,11,-4,10,0,0,-2,6,-2,5,-1,3,0,1,1,-1,1,-3,2,-5,3,-6,4,-7,5,-8,5,-8,5,-8,5,-8,5,-7,5,-6,5,-6,4,-4,3,-3,3,-2,2,-1,0,0,0,1,-2,2,-3,3,-4,3,-6,3,0,0,0,0,0,0,0,0,0,0]"""
694,"CSI_DATA,693,8c:90:2d:97:93:77,-49,11,1,7,1,0,1,0,1,0,0,-98,0,10,2,12147736,0,83,1,128,0,""[0,0,0,0,0,0,0,0,0,0,0,0,6,11,8,13,10,15,10,16,11,17,11,17,10,16,10,15,8,13,7,11,6,9,4,6,2,3,1,0,-1,-3,-2,-6,-3,-9,-4,-11,-4,-12,-5,-13,-5,-14,-5,-14,-5,-14,-5,-13,-5,-12,-5,-10,0,0,-4,-7,-3,-6,-2,-3,-2,-1,-1,1,0,3,1,4,1,6,1,7,1,9,0,9,1,9,1,9,0,9,0,8,-1,7,-1,6,-1,4,-2,3,-2,1,-2,0,-2,-2,-2,-3,-1,-5,0,-6,0,-7,0,0,0,0,0,0,0,0,0,0]"""
695,"CSI_DATA,694,8c:90:2d:97:93:77,-49,11,1,7,1,0,1,0,1,0,0,-98,0,10,2,12157232,0,83,1,128,0,""[0,0,0,0,0,0,0,0,0,0,0,0,-7,-11,-10,-14,-12,-15,-12,-16,-13,-17,-13,-17,-12,-17,-11,-15,-10,-14,-9,-11,-7,-9,-6,-7,-3,-4,-2,-1,0,2,1,5,2,8,3,9,4,11,5,12,5,13,5,13,5,13,5,12,4,11,4,9,0,0,3,6,2,4,1,3,1,1,-1,-2,-1,-4,-2,-6,-2,-7,-2,-8,-2,-10,-2,-10,-2,-10,-2,-10,-1,-10,-1,-9,0,-8,0,-7,0,-5,1,-4,1,-2,1,-1,1,1,1,2,0,4,0,5,-1,5,0,0,0,0,0,0,0,0,0,0]"""
696,"CSI_DATA,695,8c:90:2d:97:93:77,-49,11,1,7,1,0,1,0,1,0,0,-98,0,10,2,12167230,0,83,1,128,0,""[0,0,0,0,0,0,0,0,0,0,0,0,8,-9,10,-11,12,-12,12,-13,13,-14,12,-14,13,-14,12,-12,10,-11,8,-9,6,-7,4,-5,1,-3,0,-1,-2,0,-5,2,-7,3,-9,5,-10,5,-11,6,-12,6,-12,6,-11,6,-11,6,-10,6,-9,5,0,0,-5,3,-4,2,-2,1,0,0,0,0,1,-1,3,-2,5,-2,6,-3,7,-3,8,-3,8,-3,7,-3,7,-2,7,-2,6,-1,5,-1,3,0,2,0,1,0,0,0,0,0,-2,1,-3,0,-5,0,-5,0,0,0,0,0,0,0,0,0,0,0]"""
697,"CSI_DATA,696,8c:90:2d:97:93:77,-49,11,1,7,1,0,1,0,1,0,0,-98,0,10,2,12177307,0,83,1,128,0,""[0,0,0,0,0,0,0,0,0,0,0,0,3,12,5,15,6,16,7,18,7,19,7,19,7,18,6,17,5,15,5,12,3,10,3,7,1,3,0,0,-1,-3,-1,-6,-1,-9,-2,-11,-2,-13,-2,-14,-3,-15,-2,-15,-2,-15,-3,-14,-2,-13,-3,-11,0,0,-3,-8,-2,-6,-2,-4,-1,-2,0,1,0,3,-1,5,-1,6,-1,8,-1,9,-1,9,-1,9,-2,9,-2,9,-2,8,-2,7,-2,5,-2,4,-2,3,-2,1,-2,-1,-1,-2,-1,-4,0,-5,1,-6,2,-6,0,0,0,0,0,0,0,0,0,0]"""
698,"CSI_DATA,697,8c:90:2d:97:93:77,-49,11,1,7,1,0,1,0,1,0,0,-98,0,10,2,12189525,0,83,1,128,0,""[0,0,0,0,0,0,0,0,0,0,0,0,12,2,14,2,18,3,18,3,20,3,19,3,18,3,17,3,15,3,13,2,10,1,7,1,4,0,0,-1,-3,-2,-5,-3,-8,-4,-10,-5,-12,-6,-13,-6,-13,-6,-14,-6,-13,-6,-13,-6,-11,-5,-11,-4,0,0,-8,-3,-6,-2,-4,-1,-2,-1,0,0,2,2,4,2,5,3,6,4,7,5,7,5,7,5,7,5,6,5,6,5,5,5,3,4,3,3,1,3,0,2,-1,1,-3,-1,-3,-2,-4,-3,-4,-4,-4,-5,0,0,0,0,0,0,0,0,0,0]"""
699,"CSI_DATA,698,8c:90:2d:97:93:77,-49,11,1,7,1,0,1,0,1,0,0,-98,0,10,2,12197601,0,83,1,128,0,""[0,0,0,0,0,0,0,0,0,0,0,0,-6,10,-7,13,-8,15,-8,15,-9,17,-9,17,-9,16,-8,15,-7,13,-7,11,-5,8,-3,5,-1,3,0,0,1,0,4,-3,5,-5,7,-7,8,-7,9,-8,9,-9,10,-9,10,-8,9,-8,8,-7,7,-7,0,0,4,-5,2,-4,1,-3,0,-1,-1,0,-3,0,-4,0,-5,1,-7,2,-8,2,-9,1,-9,1,-9,1,-8,0,-8,0,-6,0,-6,0,-4,0,-3,0,-1,0,0,-1,0,-1,1,-1,2,0,4,0,4,0,0,0,0,0,0,0,0,0,0,0]"""
700,"CSI_DATA,699,8c:90:2d:97:93:77,-49,11,1,7,1,0,1,0,1,0,0,-98,0,10,2,12207181,0,83,1,128,0,""[0,0,0,0,0,0,0,0,0,0,0,0,0,-13,0,-16,0,-17,0,-19,0,-19,0,-20,0,-19,0,-18,0,-15,0,-13,0,-10,0,-7,0,-4,0,-1,-1,0,-3,3,-4,6,-4,8,-5,10,-5,10,-5,11,-6,11,-6,11,-5,10,-5,9,-4,8,0,0,-2,6,-1,4,0,2,0,0,0,0,1,-1,2,-3,3,-4,4,-5,5,-6,6,-6,6,-6,6,-6,6,-5,6,-4,5,-3,4,-2,3,-1,2,0,1,0,0,0,0,0,-1,1,-3,1,-4,1,-5,0,0,0,0,0,0,0,0,0,0,0]"""
701,"CSI_DATA,700,8c:90:2d:97:93:77,-49,11,1,7,1,0,1,0,1,0,0,-98,0,10,2,12217192,0,83,1,128,0,""[0,0,0,0,0,0,0,0,0,0,0,0,-8,-11,-10,-13,-12,-15,-13,-15,-14,-17,-13,-17,-13,-16,-12,-15,-10,-13,-9,-11,-7,-9,-6,-7,-4,-4,-1,-1,0,2,1,5,3,7,4,9,5,11,5,12,5,12,5,13,6,12,5,12,5,10,5,9,0,0,4,6,2,4,1,2,1,0,-1,-2,-1,-4,-2,-6,-2,-7,-2,-8,-3,-10,-3,-10,-3,-10,-2,-10,-2,-10,-1,-9,-1,-8,0,-7,0,-5,0,-4,1,-2,1,-1,1,1,1,2,1,4,0,5,-1,5,0,0,0,0,0,0,0,0,0,0]"""
702,"CSI_DATA,701,8c:90:2d:97:93:77,-49,11,1,7,1,0,1,0,1,0,0,-98,0,10,2,12227215,0,83,1,128,0,""[0,0,0,0,0,0,0,0,0,0,0,0,-1,13,-1,16,0,17,1,19,1,20,0,20,0,20,0,18,0,16,0,13,0,10,0,7,0,4,0,0,0,-3,1,-6,2,-9,2,-11,2,-13,3,-14,3,-14,3,-14,3,-14,2,-14,2,-13,2,-11,0,0,0,-8,0,-6,0,-4,-1,-2,-1,0,-2,2,-2,4,-3,6,-4,8,-4,8,-5,8,-5,8,-5,8,-5,8,-5,7,-5,6,-4,4,-4,3,-3,2,-3,0,-2,-1,-1,-3,0,-3,1,-5,3,-5,4,-5,0,0,0,0,0,0,0,0,0,0]"""
703,"CSI_DATA,702,8c:90:2d:97:93:77,-49,11,1,7,1,0,1,0,1,0,0,-98,0,10,2,12237348,0,83,1,128,0,""[0,0,0,0,0,0,0,0,0,0,0,0,6,11,7,14,9,15,10,16,10,17,10,18,9,17,9,15,7,13,6,11,5,9,4,6,2,3,1,0,-1,-3,-2,-6,-2,-9,-3,-11,-4,-13,-4,-14,-4,-14,-4,-14,-4,-14,-4,-14,-4,-12,-4,-11,0,0,-3,-8,-2,-5,-2,-4,-2,-1,0,1,0,3,0,5,0,6,0,8,0,9,0,9,0,9,0,9,-1,8,-1,8,-1,7,-2,5,-1,4,-2,3,-2,1,-2,0,-2,-2,-1,-4,-1,-5,0,-6,1,-6,0,0,0,0,0,0,0,0,0,0]"""
704,"CSI_DATA,703,8c:90:2d:97:93:77,-49,11,1,7,1,0,1,0,1,0,0,-98,0,10,2,12247760,0,83,1,128,0,""[0,0,0,0,0,0,0,0,0,0,0,0,-1,13,0,16,1,17,1,19,1,20,0,20,0,19,0,18,0,15,0,13,0,10,0,7,0,4,0,1,0,-3,1,-6,2,-9,1,-11,2,-13,2,-14,2,-14,2,-14,2,-14,2,-14,1,-12,1,-11,0,0,0,-8,0,-6,0,-4,-1,-2,-1,1,-2,3,-2,5,-3,6,-3,7,-4,8,-4,9,-4,9,-4,8,-4,8,-4,7,-4,6,-4,4,-3,3,-3,2,-2,0,-2,-1,-1,-2,0,-4,1,-5,2,-5,3,-5,0,0,0,0,0,0,0,0,0,0]"""
705,"CSI_DATA,704,8c:90:2d:97:93:77,-49,11,1,7,1,0,1,0,1,0,0,-98,0,10,2,12257198,0,83,1,128,0,""[0,0,0,0,0,0,0,0,0,0,0,0,4,12,6,14,8,16,8,18,9,20,8,19,8,19,7,16,6,14,5,12,4,10,3,7,2,3,1,0,0,-4,0,-6,0,-9,-1,-11,-1,-13,-1,-14,-1,-15,-1,-15,-1,-15,-1,-14,-1,-13,-1,-12,0,0,-2,-8,-1,-6,-1,-4,-1,-2,-1,0,-2,3,-2,5,-2,6,-3,8,-3,8,-4,9,-4,9,-4,8,-5,8,-5,7,-4,6,-4,5,-4,3,-3,2,-2,1,-2,-1,-1,-2,0,-4,1,-4,3,-5,4,-4,0,0,0,0,0,0,0,0,0,0]"""
706,"CSI_DATA,705,8c:90:2d:97:93:77,-49,11,1,7,1,0,1,0,1,0,0,-98,0,10,2,12267352,0,83,1,128,0,""[0,0,0,0,0,0,0,0,0,0,0,0,-13,-5,-16,-6,-18,-6,-19,-7,-20,-7,-20,-7,-19,-7,-18,-7,-16,-6,-14,-5,-11,-4,-8,-3,-5,-1,-2,1,1,2,3,4,6,5,8,6,9,9,10,9,10,9,10,9,10,9,10,9,9,8,8,7,0,0,6,4,4,3,3,1,1,0,-1,-2,-2,-4,-3,-6,-4,-7,-4,-8,-5,-9,-4,-9,-4,-10,-4,-10,-4,-9,-3,-9,-2,-8,-2,-6,-1,-6,0,-4,0,-3,1,-1,1,1,1,2,1,4,0,5,-1,5,0,0,0,0,0,0,0,0,0,0]"""
707,"CSI_DATA,706,8c:90:2d:97:93:77,-49,11,1,7,1,0,1,0,1,0,0,-98,0,10,2,12277255,0,83,1,128,0,""[0,0,0,0,0,0,0,0,0,0,0,0,10,8,12,10,14,11,16,12,16,12,16,12,15,12,14,11,12,10,10,8,8,7,6,5,3,2,1,-1,-1,-4,-2,-6,-4,-8,-5,-10,-6,-12,-7,-13,-7,-13,-7,-14,-7,-13,-7,-13,-6,-12,-6,-10,0,0,-5,-7,-4,-5,-3,-3,-2,-2,-1,1,0,3,0,5,0,6,0,8,0,8,0,9,-1,10,-1,9,-1,9,-2,8,-2,7,-2,5,-2,5,-2,3,-2,1,-2,0,-1,-2,-1,-4,0,-5,1,-5,2,-6,0,0,0,0,0,0,0,0,0,0]"""
708,"CSI_DATA,707,8c:90:2d:97:93:77,-49,11,1,7,1,0,1,0,1,0,0,-98,0,10,2,12287237,0,83,1,128,0,""[0,0,0,0,0,0,0,0,0,0,0,0,-3,-14,-4,-16,-5,-18,-5,-19,-5,-21,-4,-20,-4,-20,-3,-18,-3,-16,-3,-14,-3,-11,-2,-8,-2,-5,-2,-2,-2,2,-3,5,-4,8,-4,10,-4,11,-4,12,-5,13,-5,13,-5,13,-5,13,-4,11,-4,10,0,0,-2,7,-2,5,-1,3,0,1,1,-1,2,-3,3,-4,4,-6,5,-7,6,-7,6,-7,7,-7,7,-7,7,-6,6,-5,6,-5,5,-3,4,-2,3,-2,2,-1,0,1,-1,1,-3,2,-4,2,-5,1,-6,1,0,0,0,0,0,0,0,0,0,0]"""
709,"CSI_DATA,708,8c:90:2d:97:93:77,-49,11,1,7,1,0,1,0,1,0,0,-98,0,10,2,12297663,0,83,1,128,0,""[0,0,0,0,0,0,0,0,0,0,0,0,-13,2,-16,3,-18,4,-20,3,-20,3,-21,4,-20,3,-18,3,-16,2,-14,2,-11,2,-8,1,-5,1,-1,1,2,1,5,1,8,2,10,2,11,3,13,3,13,3,13,3,13,3,12,3,11,3,10,2,0,0,7,1,5,0,3,-1,1,-1,-1,-2,-3,-3,-4,-4,-6,-5,-7,-6,-7,-6,-7,-7,-8,-7,-7,-7,-7,-7,-6,-7,-5,-6,-4,-5,-3,-5,-2,-4,-1,-3,0,-1,1,0,2,1,2,3,2,4,1,5,0,0,0,0,0,0,0,0,0,0]"""
710,"CSI_DATA,709,8c:90:2d:97:93:77,-49,11,1,7,1,0,1,0,1,0,0,-98,0,10,2,12307212,0,83,1,128,0,""[0,0,0,0,0,0,0,0,0,0,0,0,-7,-12,-9,-14,-11,-15,-12,-16,-12,-17,-12,-17,-11,-17,-10,-16,-9,-14,-8,-12,-6,-10,-5,-7,-3,-4,-2,-1,0,2,0,5,1,8,2,9,3,12,3,13,3,13,3,13,3,13,3,13,3,11,3,10,0,0,2,7,1,4,1,3,1,1,0,-2,-1,-4,-1,-6,-1,-7,0,-8,0,-10,0,-10,0,-10,0,-10,1,-9,1,-9,1,-8,1,-6,1,-5,1,-4,1,-2,1,0,0,1,0,2,-1,3,-2,4,-3,5,0,0,0,0,0,0,0,0,0,0]"""
711,"CSI_DATA,710,8c:90:2d:97:93:77,-49,11,1,7,1,0,1,0,1,0,0,-98,0,10,2,12317130,0,83,1,128,0,""[0,0,0,0,0,0,0,0,0,0,0,0,6,-10,7,-13,8,-15,8,-15,9,-16,9,-17,9,-16,8,-14,7,-13,5,-11,4,-9,2,-6,0,-4,0,-1,-2,0,-4,3,-6,4,-7,6,-8,7,-9,8,-9,8,-9,8,-9,9,-8,8,-7,8,-6,7,0,0,-4,4,-3,3,-1,2,0,0,0,0,1,-1,3,-2,4,-3,5,-5,5,-5,6,-5,6,-5,6,-5,6,-4,6,-3,5,-3,4,-2,3,-1,2,0,1,0,0,0,0,0,-1,1,-2,1,-4,1,-5,1,0,0,0,0,0,0,0,0,0,0]"""
712,"CSI_DATA,711,8c:90:2d:97:93:77,-49,11,1,7,1,0,1,0,1,0,0,-98,0,10,2,12327274,0,83,1,128,0,""[0,0,0,0,0,0,0,0,0,0,0,0,-12,2,-14,2,-17,3,-18,3,-19,4,-19,4,-18,4,-17,3,-15,3,-13,2,-10,1,-7,0,-4,0,0,0,1,0,4,0,7,0,9,0,11,0,12,0,12,0,13,0,13,0,12,0,11,0,9,0,0,0,6,-1,4,-1,2,-1,0,0,-1,0,-3,0,-5,0,-6,0,-8,0,-9,-1,-9,-1,-9,-1,-9,-1,-8,-2,-8,-2,-6,-2,-5,-2,-4,-2,-3,-2,-1,-2,0,-1,0,0,2,0,3,0,3,0,4,1,0,0,0,0,0,0,0,0,0,0]"""
713,"CSI_DATA,712,8c:90:2d:97:93:77,-49,11,1,7,1,0,1,0,1,0,0,-98,0,10,2,12337200,0,83,1,128,0,""[0,0,0,0,0,0,0,0,0,0,0,0,-12,2,-14,2,-17,3,-18,3,-19,3,-19,3,-18,3,-17,2,-15,2,-13,2,-10,1,-7,0,-4,0,0,0,1,0,4,0,7,0,9,0,11,0,12,0,12,0,13,0,12,0,12,0,10,0,10,0,0,0,6,0,4,0,2,0,0,0,0,0,-3,0,-5,-1,-6,-1,-7,-1,-8,-1,-9,-2,-9,-2,-9,-2,-8,-2,-7,-2,-6,-2,-5,-2,-4,-2,-2,-2,-1,-2,0,-1,0,0,1,0,3,0,3,0,4,1,0,0,0,0,0,0,0,0,0,0]"""
714,"CSI_DATA,713,8c:90:2d:97:93:77,-49,11,1,7,1,0,1,0,1,0,0,-98,0,10,2,12349843,0,83,1,128,0,""[0,0,0,0,0,0,0,0,0,0,0,0,11,-4,14,-5,16,-5,18,-6,18,-6,18,-6,18,-6,16,-5,14,-4,12,-4,9,-3,6,-2,2,-2,0,-1,-3,-1,-5,0,-8,0,-10,0,-12,0,-13,0,-14,0,-14,0,-14,0,-13,0,-12,0,-11,0,0,0,-7,0,-5,0,-3,0,-1,0,0,0,2,0,4,0,5,1,6,1,7,1,8,2,8,2,7,2,7,3,6,2,5,2,4,2,2,2,1,1,0,0,0,0,-1,0,-2,0,-3,-1,-4,-3,-4,-4,0,0,0,0,0,0,0,0,0,0]"""
715,"CSI_DATA,714,8c:90:2d:97:93:77,-49,11,1,7,1,0,1,0,1,0,0,-98,0,10,2,12357388,0,83,1,128,0,""[0,0,0,0,0,0,0,0,0,0,0,0,3,13,4,15,6,17,6,18,6,19,6,19,5,18,5,17,4,15,4,13,3,10,2,7,1,4,0,0,0,-3,0,-6,0,-9,-1,-11,-1,-13,-1,-14,-2,-15,-2,-15,-1,-15,-2,-14,-2,-13,-2,-11,0,0,-2,-8,-2,-6,-1,-4,-1,-2,-1,1,-1,3,-1,5,-1,6,-1,8,-2,9,-2,9,-2,9,-2,9,-2,8,-2,8,-3,7,-3,6,-3,4,-2,2,-2,1,-2,-1,-1,-2,-1,-4,0,-5,1,-5,2,-6,0,0,0,0,0,0,0,0,0,0]"""
716,"CSI_DATA,715,8c:90:2d:97:93:77,-49,11,1,7,1,0,1,0,1,0,0,-98,0,10,2,12367233,0,83,1,128,0,""[0,0,0,0,0,0,0,0,0,0,0,0,4,12,6,14,8,16,8,17,9,18,8,18,8,18,7,16,6,14,5,12,4,10,3,7,2,3,0,0,-1,-3,-1,-6,-1,-9,-2,-11,-3,-13,-3,-14,-4,-15,-3,-15,-3,-15,-4,-14,-3,-13,-3,-11,0,0,-3,-8,-2,-6,-2,-4,-2,-2,-1,1,0,3,0,5,0,6,0,8,-1,9,-1,9,-1,10,-1,10,-1,9,-2,8,-2,7,-2,6,-2,4,-2,3,-2,1,-2,-1,-2,-2,-1,-4,-1,-5,1,-6,2,-6,0,0,0,0,0,0,0,0,0,0]"""
717,"CSI_DATA,716,8c:90:2d:97:93:77,-49,11,1,7,1,0,1,0,1,0,0,-98,0,10,2,12377225,0,83,1,128,0,""[0,0,0,0,0,0,0,0,0,0,0,0,-12,-6,-15,-7,-18,-7,-19,-8,-20,-8,-19,-8,-19,-8,-18,-7,-16,-7,-13,-6,-11,-5,-8,-3,-5,-2,-2,0,2,2,4,3,6,5,8,6,9,7,10,8,11,8,11,8,11,8,11,8,10,6,9,6,0,0,6,3,4,2,3,1,1,0,-1,-2,-3,-3,-4,-5,-5,-5,-6,-6,-7,-7,-7,-8,-7,-8,-7,-8,-6,-8,-5,-8,-4,-7,-3,-6,-2,-5,-2,-4,0,-3,0,-2,1,0,2,2,2,3,2,4,2,5,0,0,0,0,0,0,0,0,0,0]"""
718,"CSI_DATA,717,8c:90:2d:97:93:77,-49,11,1,7,1,0,1,0,1,0,0,-98,0,10,2,12387281,0,83,1,128,0,""[0,0,0,0,0,0,0,0,0,0,0,0,-10,7,-12,9,-13,10,-14,11,-14,12,-15,12,-14,11,-14,10,-12,8,-10,7,-8,5,-5,4,-3,2,0,0,2,0,4,0,7,-1,9,-2,11,-2,12,-2,12,-3,13,-2,12,-3,12,-3,10,-3,9,-2,0,0,6,-2,4,-2,2,-1,0,-1,-1,0,-3,-1,-4,-1,-6,-1,-8,-1,-8,-1,-9,-2,-9,-2,-9,-2,-8,-3,-7,-3,-6,-3,-5,-2,-3,-2,-2,-2,-1,-1,0,-1,0,0,1,0,2,0,3,1,3,2,0,0,0,0,0,0,0,0,0,0]"""
719,"CSI_DATA,718,8c:90:2d:97:93:77,-49,11,1,7,1,0,1,0,1,0,0,-98,0,10,2,12397559,0,83,1,128,0,""[0,0,0,0,0,0,0,0,0,0,0,0,-1,-13,-1,-16,-2,-17,-2,-18,-2,-19,-2,-19,-1,-19,-1,-17,-1,-15,-1,-13,-1,-10,-1,-7,-1,-4,0,0,-1,1,-2,4,-3,7,-2,9,-3,10,-3,11,-3,12,-4,12,-3,12,-3,11,-3,10,-2,9,0,0,-1,6,-1,4,0,2,0,0,0,0,0,-2,1,-4,2,-5,3,-6,4,-7,4,-7,5,-7,5,-7,5,-6,4,-5,4,-4,3,-3,2,-2,2,-1,0,0,0,0,0,0,-1,1,-2,1,-4,1,-5,1,0,0,0,0,0,0,0,0,0,0]"""
720,"CSI_DATA,719,8c:90:2d:97:93:77,-49,11,1,7,1,0,1,0,1,0,0,-98,0,10,2,12407328,0,83,1,128,0,""[0,0,0,0,0,0,0,0,0,0,0,0,-13,-3,-15,-3,-19,-4,-20,-4,-21,-4,-20,-4,-19,-3,-18,-3,-16,-3,-14,-3,-11,-2,-8,-2,-5,0,-1,0,2,1,4,2,7,3,9,3,11,5,12,5,13,5,13,5,12,5,12,4,11,4,10,3,0,0,7,2,5,1,3,0,1,0,-1,-1,-3,-2,-5,-3,-6,-4,-8,-4,-8,-6,-8,-6,-8,-6,-8,-6,-7,-6,-7,-6,-6,-6,-5,-5,-3,-4,-2,-4,-1,-3,0,-2,1,0,2,1,3,2,3,3,3,4,0,0,0,0,0,0,0,0,0,0]"""
721,"CSI_DATA,720,8c:90:2d:97:93:77,-49,11,1,7,1,0,1,0,1,0,0,-98,0,10,2,12417189,0,83,1,128,0,""[0,0,0,0,0,0,0,0,0,0,0,0,9,8,12,9,14,10,15,11,15,12,16,12,15,11,14,10,12,9,10,8,8,6,6,4,3,2,1,0,-2,-3,-4,-5,-5,-8,-7,-8,-8,-10,-9,-11,-10,-11,-9,-12,-9,-11,-9,-11,-8,-9,-8,-9,0,0,-6,-6,-5,-4,-3,-3,-2,-1,0,1,1,2,2,4,3,5,3,7,4,7,4,8,4,8,4,8,3,8,2,7,2,6,1,5,0,4,0,3,-1,2,-2,0,-2,-1,-3,-3,-3,-4,-2,-5,-2,-6,0,0,0,0,0,0,0,0,0,0]"""
722,"CSI_DATA,721,8c:90:2d:97:93:77,-49,11,1,7,1,0,1,0,1,0,0,-98,0,10,2,12427249,0,83,1,128,0,""[0,0,0,0,0,0,0,0,0,0,0,0,4,-13,5,-16,5,-17,6,-18,6,-19,6,-20,6,-19,5,-18,5,-15,4,-13,3,-10,2,-8,1,-5,-1,-2,-2,1,-4,4,-6,7,-7,8,-7,9,-8,10,-8,11,-8,11,-8,11,-8,11,-7,10,-6,9,0,0,-4,6,-3,5,-2,3,-1,1,0,-1,2,-2,3,-4,4,-5,6,-6,6,-7,7,-7,7,-7,7,-6,7,-6,6,-5,6,-4,5,-3,4,-2,3,-1,2,0,0,1,-1,1,-2,2,-3,2,-5,2,-6,2,0,0,0,0,0,0,0,0,0,0]"""
723,"CSI_DATA,722,8c:90:2d:97:93:77,-49,11,1,7,1,0,1,0,1,0,0,-98,0,10,2,12438106,0,83,1,128,0,""[0,0,0,0,0,0,0,0,0,0,0,0,11,1,14,2,16,2,17,3,18,3,17,3,16,3,16,3,14,2,12,2,9,1,6,0,3,0,0,-1,-2,-2,-4,-3,-6,-4,-8,-5,-10,-7,-11,-8,-11,-7,-11,-8,-11,-8,-10,-7,-10,-6,-9,-6,0,0,-6,-3,-4,-2,-3,-1,-1,0,0,0,0,1,2,3,2,4,3,5,4,6,4,6,4,7,4,7,3,6,2,6,1,5,1,4,0,3,0,2,0,1,-1,0,-1,0,-1,-2,-1,-3,-1,-4,0,-5,0,0,0,0,0,0,0,0,0,0]"""
724,"CSI_DATA,723,8c:90:2d:97:93:77,-49,11,1,7,1,0,1,0,1,0,1,-98,0,10,2,12449290,0,83,1,128,0,""[0,0,0,0,0,0,0,0,0,0,0,0,5,12,6,14,8,15,9,17,9,17,9,18,9,17,8,16,7,14,6,11,5,9,4,6,2,3,0,0,-2,-3,-2,-6,-3,-9,-4,-10,-6,-12,-6,-13,-6,-13,-6,-14,-6,-13,-6,-13,-6,-12,-6,-10,0,0,-5,-7,-4,-5,-2,-3,-2,-1,0,1,1,2,2,4,2,6,3,7,3,8,3,9,3,9,3,9,2,8,2,8,1,7,1,5,0,4,0,3,-1,2,-2,0,-3,-1,-3,-3,-3,-4,-3,-5,-2,-6,0,0,0,0,0,0,0,0,0,0]"""
725,"CSI_DATA,724,8c:90:2d:97:93:77,-49,11,1,7,1,0,1,0,1,0,1,-98,0,10,2,12457249,0,83,1,128,0,""[0,0,0,0,0,0,0,0,0,0,0,0,-7,10,-9,13,-10,15,-10,15,-11,17,-10,17,-10,16,-9,15,-8,13,-7,12,-6,8,-4,6,-2,3,-1,1,1,-2,3,-5,5,-7,6,-9,7,-10,7,-11,7,-12,8,-12,7,-12,7,-12,6,-11,5,-10,0,0,3,-7,2,-6,1,-4,0,-1,-1,0,-2,2,-3,4,-4,5,-5,6,-6,7,-6,7,-6,7,-7,7,-6,6,-6,5,-6,4,-5,4,-4,2,-4,1,-3,0,-2,-1,-1,-2,0,-3,1,-4,3,-5,4,-4,0,0,0,0,0,0,0,0,0,0]"""
726,"CSI_DATA,725,8c:90:2d:97:93:77,-49,11,1,7,1,0,1,0,1,0,1,-97,0,10,2,12467174,0,83,1,128,0,""[0,0,0,0,0,0,0,0,0,0,0,0,-6,12,-7,14,-7,16,-8,17,-8,18,-8,19,-8,18,-7,16,-7,14,-6,13,-4,9,-3,7,-2,4,0,1,1,-3,2,-5,4,-8,4,-10,5,-11,6,-12,6,-13,6,-13,6,-13,6,-13,5,-12,4,-10,0,0,2,-7,1,-6,0,-4,0,-2,-1,0,-2,2,-3,4,-4,5,-5,7,-5,7,-6,8,-6,8,-6,8,-6,7,-6,6,-5,5,-5,4,-4,3,-4,1,-3,0,-2,-1,-1,-3,0,-4,1,-4,2,-5,3,-5,0,0,0,0,0,0,0,0,0,0]"""
727,"CSI_DATA,726,8c:90:2d:97:93:77,-49,11,1,7,1,0,1,0,1,0,1,-97,0,10,2,12477284,0,83,1,128,0,""[0,0,0,0,0,0,0,0,0,0,0,0,6,-11,7,-14,8,-15,8,-16,9,-16,9,-16,9,-16,8,-15,7,-14,6,-12,5,-9,2,-6,0,-4,0,-1,-2,0,-5,2,-7,4,-8,5,-9,6,-10,7,-11,7,-11,7,-11,7,-11,7,-9,6,-8,5,0,0,-5,3,-4,3,-2,1,0,0,0,0,1,0,3,-1,5,-2,7,-3,7,-2,8,-2,8,-2,8,-2,8,-1,7,-1,6,0,5,0,3,0,2,0,0,0,0,0,-1,0,-2,0,-3,0,-5,0,-5,0,0,0,0,0,0,0,0,0,0,0]"""
728,"CSI_DATA,727,8c:90:2d:97:93:77,-49,11,1,7,1,0,1,0,1,0,1,-97,0,10,2,12487287,0,83,1,128,0,""[0,0,0,0,0,0,0,0,0,0,0,0,10,-4,13,-5,15,-6,16,-7,16,-7,16,-7,16,-6,15,-6,13,-5,11,-4,9,-3,5,-2,2,-2,0,-1,-2,-1,-5,0,-8,0,-10,0,-12,0,-13,0,-13,0,-13,0,-13,0,-13,0,-12,0,-10,0,0,0,-7,0,-5,0,-3,0,-1,0,0,0,1,0,3,0,5,1,6,1,7,1,7,2,7,2,7,2,7,2,6,2,5,2,3,2,2,1,1,1,0,0,0,0,-1,0,-2,0,-3,-1,-4,-2,-4,-3,0,0,0,0,0,0,0,0,0,0]"""
729,"CSI_DATA,728,8c:90:2d:97:93:77,-49,11,1,7,1,0,1,0,1,0,1,-97,0,10,2,12497635,0,83,1,128,0,""[0,0,0,0,0,0,0,0,0,0,0,0,-10,-9,-13,-10,-15,-11,-17,-12,-17,-13,-17,-13,-16,-13,-15,-11,-13,-11,-11,-9,-9,-7,-7,-5,-4,-3,-2,0,1,2,2,4,5,6,7,7,8,9,8,10,9,10,9,11,9,10,9,10,8,9,7,8,0,0,5,5,4,3,2,2,1,0,-1,-2,-2,-4,-3,-5,-4,-6,-4,-7,-5,-8,-5,-9,-5,-9,-5,-9,-5,-9,-4,-8,-3,-8,-2,-6,-1,-5,-1,-4,0,-3,1,-1,1,0,2,2,2,3,1,4,1,5,0,0,0,0,0,0,0,0,0,0]"""
730,"CSI_DATA,729,8c:90:2d:97:93:77,-49,11,1,7,1,0,1,0,1,0,1,-97,0,10,2,12507187,0,83,1,128,0,""[0,0,0,0,0,0,0,0,0,0,0,0,-2,-14,-3,-16,-4,-18,-4,-19,-4,-20,-4,-20,-3,-20,-3,-18,-3,-16,-2,-14,-2,-11,-2,-8,-1,-5,-1,-1,-1,2,-2,5,-2,8,-2,10,-2,12,-2,13,-2,13,-2,13,-2,14,-2,13,-2,12,-1,10,0,0,0,7,0,5,0,3,0,1,0,-1,0,-3,1,-5,1,-7,2,-8,3,-9,3,-9,3,-10,3,-9,3,-9,3,-8,3,-7,3,-6,2,-4,2,-3,2,-2,1,0,0,1,-1,3,-2,3,-3,4,-4,4,0,0,0,0,0,0,0,0,0,0]"""
731,"CSI_DATA,730,8c:90:2d:97:93:77,-49,11,1,7,1,0,1,0,1,0,1,-98,0,10,2,12517301,0,83,1,128,0,""[0,0,0,0,0,0,0,0,0,0,0,0,9,8,12,10,14,10,15,11,16,12,16,12,15,11,14,11,12,9,10,8,8,6,6,4,3,2,0,0,-2,-3,-3,-5,-5,-7,-7,-9,-8,-10,-9,-11,-9,-12,-10,-12,-10,-11,-9,-11,-8,-10,-8,-9,0,0,-6,-6,-5,-5,-3,-3,-2,-1,0,0,1,2,2,4,3,5,4,7,4,8,4,8,4,8,3,8,3,8,2,7,2,7,1,5,0,5,0,3,-1,2,-2,0,-2,-2,-3,-3,-2,-4,-2,-5,-1,-6,0,0,0,0,0,0,0,0,0,0]"""
732,"CSI_DATA,731,8c:90:2d:97:93:77,-49,11,1,7,1,0,1,0,1,0,1,-97,0,10,2,12527224,0,83,1,128,0,""[0,0,0,0,0,0,0,0,0,0,0,0,4,12,5,14,7,17,7,18,7,19,6,19,6,18,6,17,5,15,4,13,3,9,2,7,2,3,1,0,0,-3,0,-6,1,-9,0,-11,0,-13,0,-14,0,-15,0,-15,0,-15,0,-14,0,-13,0,-11,0,0,-1,-8,-1,-6,-1,-4,-1,-2,-1,0,-2,2,-3,5,-3,6,-4,7,-4,8,-5,8,-5,8,-5,8,-5,7,-5,7,-5,5,-4,4,-4,3,-3,2,-2,1,-1,-1,0,-2,0,-3,2,-4,3,-4,4,-4,0,0,0,0,0,0,0,0,0,0]"""
733,"CSI_DATA,732,8c:90:2d:97:93:77,-49,11,1,7,1,0,1,0,1,0,1,-97,0,10,2,12537334,0,83,1,128,0,""[0,0,0,0,0,0,0,0,0,0,0,0,-6,-12,-8,-14,-10,-16,-10,-17,-10,-18,-10,-18,-9,-17,-9,-16,-8,-14,-6,-13,-5,-10,-4,-7,-3,-4,-2,-1,-1,2,-1,5,0,8,0,10,0,12,1,13,1,13,0,13,0,13,0,13,0,11,0,10,0,0,1,7,1,5,0,3,1,1,0,-1,0,-4,1,-5,1,-7,2,-8,2,-9,3,-9,3,-9,3,-9,3,-8,3,-8,3,-6,3,-6,2,-4,2,-3,2,-2,1,0,0,1,-1,2,-3,3,-4,3,-5,3,0,0,0,0,0,0,0,0,0,0]"""
734,"CSI_DATA,733,8c:90:2d:97:93:77,-49,11,1,7,1,0,1,0,1,0,0,-97,0,10,2,12548712,0,83,1,128,0,""[0,0,0,0,0,0,0,0,0,0,0,0,9,7,11,9,14,10,15,11,16,11,15,11,15,11,14,10,12,9,10,7,8,5,6,4,3,2,0,0,-3,-2,-4,-4,-6,-6,-8,-7,-10,-9,-10,-10,-11,-10,-11,-10,-10,-10,-11,-9,-10,-8,-9,-7,0,0,-7,-5,-5,-3,-3,-2,-2,-1,0,0,2,2,3,3,4,4,5,5,6,6,6,6,6,6,6,6,5,6,5,6,4,6,3,4,2,4,1,3,0,2,-2,0,-3,-1,-3,-2,-4,-3,-4,-4,-4,-5,0,0,0,0,0,0,0,0,0,0]"""
735,"CSI_DATA,734,8c:90:2d:97:93:77,-49,11,1,7,1,0,1,0,1,0,0,-97,0,10,2,12557382,0,83,1,128,0,""[0,0,0,0,0,0,0,0,0,0,0,0,7,-11,8,-13,9,-15,10,-16,10,-17,10,-17,10,-17,9,-16,8,-14,7,-12,5,-9,3,-7,1,-4,0,-2,-2,1,-4,4,-6,6,-7,8,-8,9,-9,10,-9,11,-9,11,-9,11,-8,10,-7,9,-6,8,0,0,-4,6,-3,5,-2,3,-1,1,0,-1,1,-3,2,-4,3,-6,4,-7,5,-8,6,-8,6,-8,6,-7,6,-7,5,-6,5,-5,5,-4,4,-3,3,-2,2,-1,1,0,0,1,-2,2,-3,3,-4,4,-5,3,0,0,0,0,0,0,0,0,0,0]"""
736,"CSI_DATA,735,8c:90:2d:97:93:77,-49,11,1,7,1,0,1,0,1,0,0,-98,0,10,2,12567272,0,83,1,128,0,""[0,0,0,0,0,0,0,0,0,0,0,0,-2,-14,-2,-16,-3,-17,-3,-19,-3,-20,-3,-20,-3,-20,-3,-18,-3,-16,-2,-14,-2,-11,-2,-8,-1,-5,-1,-2,0,2,0,5,-1,8,0,10,0,12,0,13,0,13,0,13,0,14,1,13,1,12,1,10,0,0,1,7,1,5,0,3,0,0,-1,-1,-1,-4,-1,-5,-1,-7,-1,-9,-1,-10,-1,-10,-1,-10,-1,-10,0,-9,0,-9,0,-8,1,-7,1,-5,1,-4,1,-2,1,-1,1,1,1,3,1,3,0,5,-1,5,0,0,0,0,0,0,0,0,0,0]"""
737,"CSI_DATA,736,8c:90:2d:97:93:77,-49,11,1,7,1,0,1,0,1,0,0,-98,0,10,2,12577312,0,83,1,128,0,""[0,0,0,0,0,0,0,0,0,0,0,0,11,0,14,0,16,0,17,0,18,0,17,0,17,0,16,0,14,0,12,0,9,0,6,0,3,0,0,-1,-2,-2,-4,-2,-7,-3,-10,-3,-11,-4,-12,-5,-13,-5,-13,-5,-12,-5,-12,-4,-11,-4,-10,-3,0,0,-7,-2,-5,-1,-3,0,-1,0,0,0,1,1,3,2,4,3,5,4,5,4,5,5,6,5,6,5,5,5,4,5,3,4,2,4,1,3,0,2,0,1,0,0,-1,0,-2,-1,-2,-3,-2,-4,-2,-4,0,0,0,0,0,0,0,0,0,0]"""
738,"CSI_DATA,737,8c:90:2d:97:93:77,-49,11,1,7,1,0,1,0,1,0,0,-98,0,10,2,12587182,0,83,1,128,0,""[0,0,0,0,0,0,0,0,0,0,0,0,-11,4,-14,7,-15,7,-17,7,-17,8,-18,8,-17,7,-16,7,-14,6,-12,5,-9,3,-6,2,-3,1,0,0,1,0,4,0,7,0,9,0,11,0,12,0,13,0,13,0,12,0,12,0,11,0,10,0,0,0,6,0,4,0,2,0,0,0,0,-1,-2,-1,-4,-2,-5,-2,-7,-3,-8,-4,-8,-4,-8,-5,-8,-4,-7,-5,-6,-5,-5,-4,-4,-4,-2,-3,-1,-2,0,-1,0,0,0,0,1,0,1,1,2,2,1,3,0,0,0,0,0,0,0,0,0,0]"""
739,"CSI_DATA,738,8c:90:2d:97:93:77,-49,11,1,7,1,0,1,0,1,0,0,-98,0,10,2,12599180,0,83,1,128,0,""[0,0,0,0,0,0,0,0,0,0,0,0,-4,-14,-5,-16,-7,-17,-7,-18,-7,-20,-7,-20,-7,-19,-6,-18,-5,-16,-5,-14,-4,-11,-3,-8,-2,-5,-2,-1,-1,2,-1,5,-1,8,-1,10,-1,12,-1,13,-1,14,0,14,-1,14,-1,13,-1,12,0,10,0,0,0,7,0,5,0,3,0,1,0,-2,1,-3,1,-6,1,-7,2,-8,2,-9,2,-9,3,-10,3,-9,3,-9,3,-8,3,-7,3,-6,2,-5,2,-3,1,-2,1,0,0,1,-1,2,-2,3,-3,4,-4,4,0,0,0,0,0,0,0,0,0,0]"""
740,"CSI_DATA,739,8c:90:2d:97:93:77,-49,11,1,7,1,0,1,0,1,0,0,-98,0,10,2,12607328,0,83,1,128,0,""[0,0,0,0,0,0,0,0,0,0,0,0,2,13,2,16,3,17,4,19,4,20,3,20,3,19,3,18,2,16,2,13,2,11,1,7,1,4,1,1,0,-3,1,-6,1,-10,1,-12,1,-13,1,-14,1,-15,1,-15,1,-15,1,-14,1,-13,0,-12,0,0,0,-8,-1,-6,-1,-4,-1,-2,-1,1,-2,3,-2,4,-3,6,-4,7,-4,8,-5,8,-5,9,-5,8,-5,8,-5,7,-5,6,-4,4,-4,3,-3,2,-2,0,-2,-1,-1,-3,0,-4,1,-4,3,-5,4,-5,0,0,0,0,0,0,0,0,0,0]"""
741,"CSI_DATA,740,8c:90:2d:97:93:77,-49,11,1,7,1,0,1,0,1,0,0,-98,0,10,2,12617292,0,83,1,128,0,""[0,0,0,0,0,0,0,0,0,0,0,0,-6,12,-7,15,-7,16,-7,17,-8,19,-8,18,-8,18,-8,16,-7,14,-6,13,-5,10,-3,7,-2,4,0,1,2,-2,4,-4,6,-7,7,-8,8,-9,9,-10,9,-11,10,-11,10,-11,9,-10,8,-9,7,-9,0,0,4,-6,3,-5,2,-3,0,-2,-1,0,-3,1,-5,2,-6,3,-8,3,-9,4,-9,4,-10,3,-10,3,-9,3,-9,2,-8,1,-7,0,-5,0,-4,-1,-2,-1,-1,-2,1,-2,2,-2,3,-2,5,-1,5,-1,0,0,0,0,0,0,0,0,0,0]"""
742,"CSI_DATA,741,8c:90:2d:97:93:77,-49,11,1,7,1,0,1,0,1,0,0,-98,0,10,2,12627230,0,83,1,128,0,""[0,0,0,0,0,0,0,0,0,0,0,0,11,0,14,0,16,0,18,0,18,0,18,0,18,0,16,0,14,0,12,0,9,0,6,0,3,0,0,-1,-2,-2,-4,-2,-6,-4,-9,-4,-10,-6,-11,-6,-12,-6,-12,-7,-11,-6,-11,-6,-10,-6,-9,-5,0,0,-7,-3,-5,-1,-3,0,-1,0,0,0,0,1,2,3,2,4,3,5,4,6,4,6,4,7,4,7,3,7,3,6,1,5,1,4,0,3,0,2,0,1,-1,0,-1,-1,-1,-2,-1,-3,-1,-4,0,-5,0,0,0,0,0,0,0,0,0,0]"""
743,"CSI_DATA,742,8c:90:2d:97:93:77,-49,11,1,7,1,0,1,0,1,0,0,-98,0,10,2,12637431,0,83,1,128,0,""[0,0,0,0,0,0,0,0,0,0,0,0,-2,11,-2,15,-1,16,-1,17,-1,18,-2,19,-2,18,-2,16,-1,14,-1,12,-1,9,0,6,0,3,0,0,0,-1,2,-4,3,-7,4,-8,5,-10,5,-11,5,-12,5,-12,5,-11,5,-11,4,-10,4,-9,0,0,1,-6,1,-5,0,-3,0,-1,0,0,-2,1,-3,2,-4,3,-6,4,-6,4,-7,4,-7,4,-7,4,-7,4,-7,3,-6,2,-5,1,-4,0,-3,0,-2,0,0,-1,0,-1,0,-2,2,-2,3,-1,4,-1,0,0,0,0,0,0,0,0,0,0]"""
744,"CSI_DATA,743,8c:90:2d:97:93:77,-49,11,1,7,1,0,1,0,1,0,0,-98,0,10,2,12648775,0,83,1,128,0,""[0,0,0,0,0,0,0,0,0,0,0,0,-12,-3,-15,-4,-18,-4,-19,-5,-20,-5,-20,-5,-19,-5,-18,-4,-15,-4,-13,-3,-11,-3,-8,-2,-4,-1,-1,0,2,1,4,2,7,3,9,3,11,5,12,5,12,5,12,5,12,5,12,5,11,4,9,3,0,0,7,2,5,1,3,0,1,0,-2,-1,-3,-2,-5,-3,-6,-4,-8,-4,-8,-5,-8,-5,-8,-6,-8,-6,-8,-6,-7,-5,-6,-5,-5,-5,-4,-5,-2,-3,-1,-3,0,-2,2,0,3,0,3,1,4,2,4,3,0,0,0,0,0,0,0,0,0,0]"""
745,"CSI_DATA,744,8c:90:2d:97:93:77,-49,11,1,7,1,0,1,0,1,0,0,-98,0,10,2,12657250,0,83,1,128,0,""[0,0,0,0,0,0,0,0,0,0,0,0,11,3,14,4,17,5,19,5,19,6,19,5,18,5,17,5,15,4,12,3,10,3,7,2,4,0,0,-1,-3,-2,-5,-3,-8,-4,-10,-5,-12,-7,-13,-7,-13,-7,-13,-7,-13,-7,-13,-6,-11,-6,-11,-5,0,0,-8,-3,-5,-2,-4,-1,-2,-1,0,0,2,2,4,3,5,3,6,4,7,4,7,5,8,5,7,5,7,5,6,5,5,5,4,4,3,3,1,3,0,2,-1,1,-3,-1,-4,-2,-4,-3,-5,-4,-5,-5,0,0,0,0,0,0,0,0,0,0]"""
746,"CSI_DATA,745,8c:90:2d:97:93:77,-49,11,1,7,1,0,1,0,1,0,0,-98,0,10,2,12667238,0,83,1,128,0,""[0,0,0,0,0,0,0,0,0,0,0,0,-12,-2,-14,-3,-17,-3,-18,-3,-19,-4,-19,-3,-18,-3,-17,-3,-15,-3,-13,-2,-10,-2,-7,-1,-4,0,0,0,1,0,3,1,5,2,8,3,9,4,10,5,11,5,11,5,11,5,10,5,9,4,8,3,0,0,5,1,4,0,2,0,0,0,0,-1,-2,-2,-4,-3,-5,-4,-5,-4,-6,-5,-6,-6,-6,-6,-6,-6,-6,-6,-5,-6,-4,-5,-3,-4,-2,-4,-1,-3,0,-2,0,-1,0,0,1,0,1,1,1,2,1,3,0,0,0,0,0,0,0,0,0,0]"""
747,"CSI_DATA,746,8c:90:2d:97:93:77,-49,11,1,7,1,0,1,0,1,0,0,-98,0,10,2,12678048,0,83,1,128,0,""[0,0,0,0,0,0,0,0,0,0,0,0,9,-8,11,-10,12,-11,13,-12,14,-13,14,-13,13,-12,12,-11,11,-10,9,-9,6,-7,4,-5,2,-3,0,-1,-2,0,-5,1,-7,2,-9,3,-11,3,-12,4,-12,4,-12,4,-12,4,-12,4,-10,4,-9,4,0,0,-6,2,-4,2,-2,1,-1,0,0,0,2,0,4,-1,5,-1,6,-1,8,-1,8,-1,8,-1,8,-1,7,-1,7,0,6,0,5,0,3,0,2,0,0,0,0,0,-1,0,-2,0,-3,0,-5,0,-5,0,0,0,0,0,0,0,0,0,0,0]"""
748,"CSI_DATA,747,8c:90:2d:97:93:77,-49,11,1,7,1,0,1,0,1,0,0,-98,0,10,2,12687309,0,83,1,128,0,""[0,0,0,0,0,0,0,0,0,0,0,0,5,11,6,14,8,15,9,17,9,17,9,18,8,17,7,16,6,14,5,12,4,9,3,6,2,3,1,0,-1,-3,-1,-6,-1,-9,-1,-11,-2,-13,-2,-14,-2,-15,-2,-15,-2,-14,-2,-14,-2,-13,-2,-11,0,0,-2,-8,-1,-6,-1,-4,-2,-2,-1,1,-1,3,-1,5,-2,6,-2,7,-2,8,-3,9,-3,9,-3,9,-3,8,-4,7,-4,6,-3,5,-3,4,-3,2,-2,1,-2,-1,-1,-2,0,-4,1,-4,2,-5,3,-5,0,0,0,0,0,0,0,0,0,0]"""
749,"CSI_DATA,748,8c:90:2d:97:93:77,-49,11,1,7,1,0,1,0,1,0,0,-98,0,10,2,12697488,0,83,1,128,0,""[0,0,0,0,0,0,0,0,0,0,0,0,11,-4,13,-5,16,-6,16,-6,16,-6,16,-6,16,-6,16,-5,14,-5,12,-4,9,-3,6,-2,3,-2,0,-1,-2,0,-5,0,-8,0,-10,0,-12,0,-13,0,-14,0,-14,0,-14,0,-13,0,-12,0,-11,0,0,0,-7,0,-5,0,-3,0,-1,0,0,0,2,0,3,0,5,0,7,0,8,1,8,1,8,1,8,1,7,2,6,2,5,2,4,1,3,1,1,1,0,0,0,0,-1,0,-2,0,-3,-1,-4,-2,-4,-3,0,0,0,0,0,0,0,0,0,0]"""
750,"CSI_DATA,749,8c:90:2d:97:93:77,-49,11,1,7,1,0,1,0,1,0,0,-98,0,10,2,12707238,0,83,1,128,0,""[0,0,0,0,0,0,0,0,0,0,0,0,0,13,1,16,2,17,2,18,3,20,2,20,2,19,2,18,2,16,1,13,0,10,0,7,0,4,0,1,0,-3,2,-6,2,-9,2,-11,2,-13,2,-14,2,-15,2,-15,3,-15,2,-14,2,-12,1,-11,0,0,0,-8,0,-6,0,-4,-1,-2,-1,0,-2,2,-2,4,-3,6,-5,7,-5,8,-6,8,-6,8,-6,7,-6,7,-6,6,-5,5,-5,4,-4,3,-3,1,-3,0,-2,-1,-1,-3,0,-3,2,-4,3,-4,4,-4,0,0,0,0,0,0,0,0,0,0]"""
751,"CSI_DATA,750,8c:90:2d:97:93:77,-49,11,1,7,1,0,1,0,1,0,0,-98,0,10,2,12717227,0,83,1,128,0,""[0,0,0,0,0,0,0,0,0,0,0,0,-6,-12,-8,-15,-10,-16,-10,-17,-10,-18,-10,-18,-9,-17,-9,-16,-8,-14,-6,-12,-6,-10,-5,-7,-3,-4,-2,-1,-1,2,0,5,0,8,1,10,1,12,1,13,2,13,1,13,1,13,2,13,1,11,2,10,0,0,1,7,1,5,0,3,0,1,0,-1,0,-4,0,-6,0,-7,1,-8,1,-9,1,-10,1,-10,2,-10,2,-9,2,-9,2,-7,2,-6,2,-5,1,-3,1,-2,1,0,0,1,-1,3,-1,3,-3,4,-4,4,0,0,0,0,0,0,0,0,0,0]"""
752,"CSI_DATA,751,8c:90:2d:97:93:77,-49,11,1,7,1,0,1,0,1,0,0,-98,0,10,2,12727231,0,83,1,128,0,""[0,0,0,0,0,0,0,0,0,0,0,0,-1,-14,-1,-16,-2,-18,-2,-19,-3,-21,-2,-20,-2,-20,-1,-18,-2,-16,-1,-14,-1,-11,-1,-8,-1,-5,-1,-2,-2,2,-3,5,-3,8,-4,9,-4,11,-4,12,-4,13,-5,13,-4,13,-4,12,-4,11,-3,10,0,0,-2,7,-2,5,-1,3,0,1,0,-1,1,-3,2,-5,3,-6,4,-7,4,-8,5,-8,5,-8,5,-8,5,-7,5,-7,5,-6,4,-4,3,-3,2,-2,2,-1,0,0,-1,1,-2,2,-3,3,-5,3,-5,3,0,0,0,0,0,0,0,0,0,0]"""
753,"CSI_DATA,752,8c:90:2d:97:93:77,-49,11,1,7,1,0,1,0,1,0,0,-98,0,10,2,12737250,0,83,1,128,0,""[0,0,0,0,0,0,0,0,0,0,0,0,-11,3,-14,4,-16,5,-16,5,-17,6,-17,6,-17,6,-16,5,-14,4,-12,4,-9,2,-7,1,-3,1,0,0,1,0,4,0,7,0,9,-1,11,0,12,0,12,0,13,0,12,-1,12,0,10,-1,9,-1,0,0,6,-1,4,-1,2,-1,0,0,0,0,-2,0,-5,-1,-6,-1,-7,0,-8,-1,-9,-1,-9,-2,-9,-2,-8,-2,-7,-2,-6,-2,-5,-2,-4,-2,-2,-2,-1,-1,0,-1,0,0,1,0,3,0,3,1,3,1,0,0,0,0,0,0,0,0,0,0]"""
754,"CSI_DATA,753,8c:90:2d:97:93:77,-49,11,1,7,1,0,1,0,1,0,0,-98,0,10,2,12747705,0,83,1,128,0,""[0,0,0,0,0,0,0,0,0,0,0,0,-12,0,-15,0,-18,0,-19,0,-20,0,-20,0,-19,0,-18,0,-15,0,-13,0,-10,0,-7,0,-4,0,0,0,1,0,3,0,7,1,9,1,10,3,11,3,12,3,12,3,12,3,11,2,10,2,9,1,0,0,6,0,4,0,2,0,0,0,0,-1,-2,-1,-4,-2,-5,-3,-6,-4,-7,-4,-7,-5,-8,-5,-7,-5,-7,-5,-6,-5,-5,-5,-4,-4,-2,-3,-1,-3,0,-2,0,-1,0,0,1,0,2,1,2,2,2,3,0,0,0,0,0,0,0,0,0,0]"""
755,"CSI_DATA,754,8c:90:2d:97:93:77,-49,11,1,7,1,0,1,0,1,0,0,-98,0,10,2,12757306,0,83,1,128,0,""[0,0,0,0,0,0,0,0,0,0,0,0,-11,4,-13,6,-15,6,-16,7,-16,7,-16,8,-16,7,-15,6,-14,5,-12,5,-9,3,-6,2,-3,1,0,0,1,0,4,0,7,-1,9,-2,11,-1,12,-1,12,-2,13,-1,12,-2,11,-2,10,-2,9,-2,0,0,6,-1,4,-1,2,-1,0,0,-1,0,-3,0,-4,0,-6,0,-8,0,-8,0,-9,0,-9,-1,-9,-1,-8,-1,-8,-1,-7,-2,-5,-1,-4,-1,-2,-2,-1,-1,0,-1,0,0,1,0,3,0,3,0,4,1,0,0,0,0,0,0,0,0,0,0]"""
756,"CSI_DATA,755,8c:90:2d:97:93:77,-49,11,1,7,1,0,1,0,1,0,0,-98,0,10,2,12767306,0,83,1,128,0,""[0,0,0,0,0,0,0,0,0,0,0,0,-11,-7,-13,-9,-17,-10,-17,-10,-19,-11,-17,-10,-17,-10,-16,-9,-14,-8,-12,-7,-10,-6,-8,-4,-4,-2,-2,0,1,2,3,4,5,5,7,6,8,8,10,9,10,9,10,9,10,9,10,8,9,7,8,6,0,0,6,4,4,3,2,1,1,0,-1,-2,-3,-3,-4,-4,-5,-5,-6,-7,-7,-7,-6,-8,-7,-8,-6,-8,-6,-8,-5,-8,-4,-7,-3,-6,-2,-5,-1,-4,-1,-3,1,-1,1,0,2,2,2,3,2,4,2,5,0,0,0,0,0,0,0,0,0,0]"""
757,"CSI_DATA,756,8c:90:2d:97:93:77,-49,11,1,7,1,0,1,0,1,0,0,-98,0,10,2,12777348,0,83,1,128,0,""[0,0,0,0,0,0,0,0,0,0,0,0,1,-15,1,-18,0,-19,0,-21,0,-22,1,-22,1,-21,1,-20,1,-17,0,-15,0,-12,0,-9,-1,-6,-2,-2,-3,2,-4,5,-5,7,-6,10,-7,11,-7,12,-7,13,-8,13,-7,13,-7,12,-6,11,-5,10,0,0,-4,7,-3,5,-2,3,0,1,0,-1,2,-3,4,-4,5,-5,6,-6,7,-7,7,-7,8,-7,8,-6,8,-6,7,-5,6,-4,5,-3,4,-2,3,-1,2,0,0,1,-1,1,-3,2,-4,2,-6,1,-7,1,0,0,0,0,0,0,0,0,0,0]"""
758,"CSI_DATA,757,8c:90:2d:97:93:77,-49,11,1,7,1,0,1,0,1,0,0,-98,0,10,2,12787252,0,83,1,128,0,""[0,0,0,0,0,0,0,0,0,0,0,0,-4,12,-5,15,-4,16,-4,18,-5,19,-5,19,-5,18,-5,17,-4,15,-4,13,-3,10,-2,7,-1,4,0,1,2,-2,3,-5,6,-7,6,-9,7,-10,8,-11,8,-12,8,-12,8,-12,8,-11,7,-10,6,-9,0,0,3,-7,2,-5,1,-4,0,-2,-2,0,-3,1,-5,2,-6,3,-8,4,-9,4,-9,4,-9,4,-9,4,-9,3,-8,3,-8,2,-6,1,-5,0,-4,0,-2,-1,-1,-2,0,-2,2,-2,3,-2,5,-1,5,-1,0,0,0,0,0,0,0,0,0,0]"""
759,"CSI_DATA,758,8c:90:2d:97:93:77,-49,11,1,7,1,0,1,0,1,0,0,-98,0,10,2,12797538,0,83,1,128,0,""[0,0,0,0,0,0,0,0,0,0,0,0,-12,0,-15,0,-17,0,-19,0,-20,0,-20,0,-19,0,-18,0,-15,0,-13,0,-10,0,-7,0,-4,0,-1,0,1,1,3,2,6,3,8,3,9,5,10,5,11,5,11,6,11,5,10,6,9,5,8,4,0,0,6,2,4,1,2,0,0,0,0,-1,-1,-3,-2,-4,-3,-5,-4,-6,-4,-7,-4,-8,-4,-8,-3,-8,-3,-8,-2,-7,-1,-7,-1,-5,0,-4,0,-3,0,-1,0,0,0,0,0,1,0,3,0,4,0,4,0,0,0,0,0,0,0,0,0,0]"""
760,"CSI_DATA,759,8c:90:2d:97:93:77,-49,11,1,7,1,0,1,0,1,0,0,-98,0,10,2,12807217,0,83,1,128,0,""[0,0,0,0,0,0,0,0,0,0,0,0,-13,-3,-16,-3,-18,-4,-19,-4,-20,-4,-20,-4,-19,-4,-18,-4,-15,-4,-13,-4,-11,-3,-8,-2,-5,0,-2,1,1,3,3,4,5,5,7,6,8,9,9,9,9,9,9,10,9,9,9,9,8,8,7,7,0,0,5,5,4,3,3,1,1,0,0,-2,-1,-4,-2,-6,-2,-7,-3,-8,-2,-9,-2,-9,-2,-10,-2,-10,-1,-9,-1,-9,0,-8,0,-6,0,-5,1,-4,1,-2,0,-1,0,1,0,2,-1,3,-2,4,-3,4,0,0,0,0,0,0,0,0,0,0]"""
761,"CSI_DATA,760,8c:90:2d:97:93:77,-49,11,1,7,1,0,1,0,1,0,0,-98,0,10,2,12817249,0,83,1,128,0,""[0,0,0,0,0,0,0,0,0,0,0,0,11,-8,13,-9,15,-10,16,-10,17,-11,17,-11,17,-11,16,-10,14,-9,12,-8,9,-6,6,-5,3,-3,0,-3,-4,-1,-6,0,-9,0,-12,1,-13,1,-14,1,-15,2,-15,1,-15,1,-14,1,-13,1,-12,1,0,0,-8,1,-6,1,-4,1,-2,1,0,1,3,0,5,1,6,1,8,1,9,2,9,2,9,2,9,2,9,3,8,3,6,2,5,2,4,2,2,2,1,1,-1,1,-2,0,-3,-1,-4,-2,-5,-3,-5,-4,0,0,0,0,0,0,0,0,0,0]"""
762,"CSI_DATA,761,8c:90:2d:97:93:77,-49,11,1,7,1,0,1,0,1,0,0,-98,0,10,2,12827171,0,83,1,128,0,""[0,0,0,0,0,0,0,0,0,0,0,0,11,0,14,-1,17,-1,18,-1,19,-1,18,-1,18,-2,17,-1,14,-1,12,-1,9,0,6,0,3,0,0,0,-2,0,-5,0,-7,-1,-10,-1,-12,-2,-13,-2,-14,-1,-14,-1,-14,-1,-13,-1,-11,-1,-10,-1,0,0,-7,0,-5,0,-3,0,-1,0,0,0,2,0,4,0,5,0,6,0,7,1,8,2,8,2,7,2,7,2,6,2,5,2,4,2,3,1,1,1,0,1,0,0,-1,0,-2,0,-4,-1,-4,-2,-4,-3,0,0,0,0,0,0,0,0,0,0]"""
763,"CSI_DATA,762,8c:90:2d:97:93:77,-49,11,1,7,1,0,1,0,1,0,0,-98,0,10,2,12837223,0,83,1,128,0,""[0,0,0,0,0,0,0,0,0,0,0,0,9,-7,11,-9,13,-10,14,-11,14,-11,15,-12,14,-11,13,-10,11,-9,9,-8,7,-6,5,-4,1,-3,0,-1,-2,0,-5,1,-7,2,-9,3,-11,3,-12,4,-12,4,-12,5,-12,4,-12,4,-10,4,-9,4,0,0,-6,3,-4,2,-2,1,-1,0,0,0,2,0,3,-1,5,-1,6,-2,7,-2,8,-2,8,-2,8,-2,8,-1,7,-1,6,0,5,0,3,0,2,0,0,0,0,0,-1,0,-2,0,-4,0,-5,0,-5,0,0,0,0,0,0,0,0,0,0,0]"""
764,"CSI_DATA,763,8c:90:2d:97:93:77,-49,11,1,7,1,0,1,0,1,0,0,-98,0,10,2,12848758,0,83,1,128,0,""[0,0,0,0,0,0,0,0,0,0,0,0,-11,-4,-13,-5,-16,-6,-16,-7,-17,-7,-17,-7,-16,-7,-16,-6,-14,-5,-12,-5,-9,-4,-7,-3,-4,-1,-1,0,0,1,2,3,4,4,6,5,7,7,8,8,9,8,9,8,8,8,8,8,7,7,7,6,0,0,4,3,3,2,2,0,0,0,0,-1,-1,-2,-2,-4,-3,-5,-4,-6,-4,-7,-4,-8,-4,-8,-3,-8,-3,-8,-3,-7,-1,-6,-1,-5,0,-4,0,-3,0,-2,0,0,0,0,0,1,0,2,0,3,0,4,0,0,0,0,0,0,0,0,0,0]"""
765,"CSI_DATA,764,8c:90:2d:97:93:77,-49,11,1,7,1,0,1,0,1,0,0,-98,0,10,2,12858030,0,83,1,128,0,""[0,0,0,0,0,0,0,0,0,0,0,0,-11,-4,-14,-4,-17,-5,-18,-5,-19,-6,-19,-6,-18,-5,-17,-5,-15,-4,-12,-4,-10,-3,-7,-2,-4,0,-1,0,0,1,2,2,5,4,7,5,8,7,9,7,10,7,10,7,9,7,9,7,8,6,7,5,0,0,5,3,3,1,2,0,0,0,0,-1,-1,-2,-2,-4,-3,-5,-4,-6,-4,-7,-4,-8,-5,-8,-4,-8,-4,-7,-3,-7,-2,-6,-1,-5,-1,-4,0,-3,0,-2,0,0,0,0,0,1,0,2,0,3,0,4,0,0,0,0,0,0,0,0,0,0]"""
766,"CSI_DATA,765,8c:90:2d:97:93:77,-49,11,1,7,1,0,1,0,1,0,0,-98,0,10,2,12867474,0,83,1,128,0,""[0,0,0,0,0,0,0,0,0,0,0,0,-9,10,-10,12,-11,13,-12,14,-12,16,-13,15,-12,15,-11,14,-10,12,-9,11,-7,8,-5,5,-3,3,0,1,2,-2,4,-4,6,-6,8,-7,9,-8,10,-9,10,-9,10,-9,10,-9,10,-9,9,-8,8,-8,0,0,5,-6,3,-5,2,-3,0,-2,-1,0,-3,1,-5,2,-6,3,-8,4,-8,4,-9,4,-9,4,-9,3,-9,3,-8,3,-7,2,-7,1,-5,0,-4,-1,-3,-1,-1,-2,0,-2,2,-2,3,-2,5,-2,5,-1,0,0,0,0,0,0,0,0,0,0]"""
767,"CSI_DATA,766,8c:90:2d:97:93:77,-48,11,1,7,1,0,1,0,1,0,0,-98,0,10,2,12877209,0,83,1,128,0,""[0,0,0,0,0,0,0,0,0,0,0,0,12,2,14,2,19,3,19,3,21,3,20,3,20,3,19,3,15,2,13,2,10,1,7,1,4,0,0,-1,-3,-2,-5,-3,-8,-4,-10,-4,-12,-6,-13,-6,-13,-6,-14,-6,-13,-6,-13,-6,-12,-5,-11,-4,0,0,-8,-3,-6,-2,-4,-1,-2,0,0,0,2,1,4,2,6,3,6,4,7,4,7,5,7,5,7,5,7,5,6,5,5,5,4,4,2,3,1,3,0,2,-1,1,-3,-1,-3,-2,-4,-3,-4,-4,-4,-5,0,0,0,0,0,0,0,0,0,0]"""
768,"CSI_DATA,767,8c:90:2d:97:93:77,-49,11,1,7,1,0,1,0,1,0,0,-98,0,10,2,12887786,0,83,1,128,0,""[0,0,0,0,0,0,0,0,0,0,0,0,9,9,11,10,14,12,15,12,16,13,15,13,14,13,13,12,11,11,10,9,8,7,5,5,3,2,1,-1,-1,-4,-2,-6,-3,-8,-5,-10,-5,-13,-5,-14,-6,-14,-6,-14,-5,-14,-5,-14,-5,-12,-4,-11,0,0,-4,-7,-3,-6,-2,-3,-2,-2,-1,1,-1,3,-1,5,-1,6,-1,7,-1,9,-2,9,-2,9,-2,9,-3,8,-3,8,-3,6,-3,5,-3,4,-3,3,-2,1,-2,-1,-1,-2,0,-3,1,-4,2,-5,3,-5,0,0,0,0,0,0,0,0,0,0]"""
769,"CSI_DATA,768,8c:90:2d:97:93:77,-49,11,1,7,1,0,1,0,1,0,0,-98,0,10,2,12897586,0,83,1,128,0,""[0,0,0,0,0,0,0,0,0,0,0,0,2,13,3,15,5,17,5,18,5,19,4,19,4,19,3,17,3,15,2,13,2,10,2,7,1,4,1,0,1,-3,1,-6,2,-9,2,-11,3,-13,3,-13,3,-14,4,-14,3,-14,3,-14,3,-12,2,-11,0,0,1,-8,1,-6,0,-4,-1,-2,-2,0,-3,2,-4,4,-5,5,-6,6,-7,6,-7,6,-7,6,-8,6,-7,5,-7,5,-7,4,-6,3,-5,2,-4,0,-3,0,-1,-1,0,-2,2,-3,3,-3,4,-2,5,-2,0,0,0,0,0,0,0,0,0,0]"""
770,"CSI_DATA,769,8c:90:2d:97:93:77,-49,11,1,7,1,0,1,0,1,0,0,-98,0,10,2,12907341,0,83,1,128,0,""[0,0,0,0,0,0,0,0,0,0,0,0,-10,9,-12,11,-13,12,-14,12,-15,14,-15,13,-15,13,-14,12,-12,10,-11,9,-8,7,-6,5,-3,3,0,2,2,0,5,-2,8,-3,10,-4,11,-3,12,-4,13,-4,13,-4,13,-4,13,-4,11,-4,10,-4,0,0,7,-3,5,-3,3,-2,1,-2,-1,-1,-3,-1,-5,-1,-7,-2,-9,-2,-9,-2,-10,-2,-10,-3,-10,-3,-9,-3,-8,-4,-7,-3,-6,-3,-5,-3,-3,-3,-1,-2,0,-2,1,-1,2,0,3,1,4,2,4,3,0,0,0,0,0,0,0,0,0,0]"""
771,"CSI_DATA,770,8c:90:2d:97:93:77,-49,11,1,7,1,0,1,0,1,0,0,-98,0,10,2,12917222,0,83,1,128,0,""[0,0,0,0,0,0,0,0,0,0,0,0,-12,2,-14,3,-17,3,-18,4,-19,4,-19,5,-18,4,-17,4,-15,3,-13,3,-10,2,-7,1,-3,0,0,0,1,0,4,0,7,0,9,-1,11,0,12,0,13,0,13,0,13,0,12,0,11,0,9,-1,0,0,6,-1,4,-1,2,-1,0,0,-1,0,-3,0,-5,0,-6,0,-8,0,-9,-1,-9,-1,-9,-1,-9,-1,-9,-2,-8,-2,-6,-2,-5,-2,-4,-2,-2,-2,-1,-1,0,-1,0,0,1,0,3,0,3,0,4,1,0,0,0,0,0,0,0,0,0,0]"""
772,"CSI_DATA,771,8c:90:2d:97:93:77,-49,11,1,7,1,0,1,0,1,0,0,-98,0,10,2,12927309,0,83,1,128,0,""[0,0,0,0,0,0,0,0,0,0,0,0,-13,0,-16,1,-19,1,-20,1,-21,0,-21,1,-20,1,-18,1,-17,1,-14,0,-11,0,-8,0,-5,0,-1,0,2,1,5,1,8,1,10,1,12,2,13,2,13,2,14,2,13,2,13,1,12,1,10,1,0,0,7,0,5,-1,3,-1,1,-1,-1,-1,-4,-2,-5,-2,-7,-3,-8,-3,-9,-3,-9,-4,-10,-4,-9,-4,-9,-4,-8,-4,-7,-4,-6,-4,-4,-4,-3,-3,-1,-3,0,-2,2,-1,2,0,3,1,4,2,4,3,0,0,0,0,0,0,0,0,0,0]"""
773,"CSI_DATA,772,8c:90:2d:97:93:77,-49,11,1,7,1,0,1,0,1,0,0,-98,0,10,2,12937223,0,83,1,128,0,""[0,0,0,0,0,0,0,0,0,0,0,0,3,-14,4,-16,3,-18,4,-18,4,-20,4,-20,4,-20,4,-18,3,-16,3,-14,2,-11,1,-8,0,-5,-1,-2,-2,1,-4,4,-6,7,-6,9,-7,10,-7,11,-8,12,-8,12,-8,12,-7,11,-7,10,-6,9,0,0,-4,7,-3,5,-2,3,0,1,0,-1,2,-3,3,-4,4,-5,5,-6,6,-7,7,-7,7,-7,7,-7,7,-6,6,-6,6,-4,5,-4,4,-3,3,-2,2,-1,0,0,-1,1,-2,2,-4,2,-5,2,-6,2,0,0,0,0,0,0,0,0,0,0]"""
774,"CSI_DATA,773,8c:90:2d:97:93:77,-49,11,1,7,1,0,1,0,1,0,1,-98,0,10,2,12950098,0,83,1,128,0,""[0,0,0,0,0,0,0,0,0,0,0,0,-9,-8,-11,-9,-14,-11,-15,-11,-16,-12,-15,-12,-14,-12,-13,-11,-12,-10,-10,-8,-8,-6,-6,-4,-3,-2,0,0,0,1,1,3,2,6,4,7,5,9,6,10,6,10,6,11,6,10,6,10,5,9,5,7,0,0,3,5,2,3,1,1,0,0,0,-1,0,-3,-1,-5,-2,-6,-2,-7,-2,-8,-2,-9,-2,-9,-2,-9,-1,-8,-1,-8,0,-7,0,-6,0,-5,0,-3,0,-1,0,0,0,0,0,1,0,2,0,4,0,4,0,0,0,0,0,0,0,0,0,0]"""
775,"CSI_DATA,774,8c:90:2d:97:93:77,-49,11,1,7,1,0,1,0,1,0,1,-98,0,10,2,12959146,0,83,1,128,0,""[0,0,0,0,0,0,0,0,0,0,0,0,10,5,13,6,16,7,17,8,17,8,18,8,16,8,15,7,13,7,12,5,9,4,7,3,3,1,1,-1,-2,-3,-4,-4,-6,-7,-8,-7,-10,-10,-10,-10,-10,-10,-10,-11,-10,-10,-10,-10,-9,-9,-9,-8,0,0,-6,-6,-5,-4,-3,-2,-2,-1,0,1,1,3,2,4,3,6,3,6,4,8,4,8,4,8,3,8,3,8,2,7,1,7,1,5,0,4,-1,3,-1,2,-2,0,-2,-2,-2,-3,-2,-4,-2,-6,-1,-6,0,0,0,0,0,0,0,0,0,0]"""
776,"CSI_DATA,775,8c:90:2d:97:93:77,-49,11,1,7,1,0,1,0,1,0,1,-98,0,10,2,12967298,0,83,1,128,0,""[0,0,0,0,0,0,0,0,0,0,0,0,-12,0,-15,0,-17,0,-19,0,-20,0,-20,0,-19,0,-17,0,-15,0,-13,0,-10,0,-7,0,-4,0,0,0,1,0,4,0,7,0,8,0,11,1,12,2,12,2,12,2,12,1,12,1,10,1,9,0,0,0,6,0,4,0,2,0,0,0,0,0,-2,-1,-5,-2,-6,-2,-7,-2,-8,-3,-8,-3,-8,-4,-8,-4,-8,-4,-7,-4,-6,-4,-4,-3,-3,-3,-2,-2,0,-2,0,-1,0,0,2,0,2,0,3,1,3,2,0,0,0,0,0,0,0,0,0,0]"""
777,"CSI_DATA,776,8c:90:2d:97:93:77,-49,11,1,7,1,0,1,0,1,0,1,-98,0,10,2,12977216,0,83,1,128,0,""[0,0,0,0,0,0,0,0,0,0,0,0,-4,-13,-4,-16,-6,-18,-6,-18,-7,-20,-6,-20,-6,-19,-6,-18,-5,-16,-4,-14,-4,-11,-3,-8,-2,-5,-1,-1,0,2,-1,5,-1,8,0,10,0,12,0,13,0,14,0,14,0,14,0,13,0,12,0,10,0,0,1,7,0,5,0,3,0,1,0,-2,0,-4,0,-5,0,-7,1,-8,1,-9,2,-10,2,-10,2,-10,2,-9,2,-8,2,-7,2,-6,2,-5,1,-3,1,-2,1,0,0,1,0,3,-1,4,-3,4,-4,5,0,0,0,0,0,0,0,0,0,0]"""
778,"CSI_DATA,777,8c:90:2d:97:93:77,-49,11,1,7,1,0,1,0,1,0,1,-98,0,10,2,12987769,0,83,1,128,0,""[0,0,0,0,0,0,0,0,0,0,0,0,-8,9,-9,11,-10,12,-11,13,-11,15,-11,15,-11,14,-10,13,-9,11,-8,10,-6,7,-4,4,-2,2,0,0,1,0,3,-3,5,-5,7,-7,8,-7,9,-8,9,-8,10,-8,9,-9,9,-8,8,-7,6,-7,0,0,3,-5,2,-3,0,-2,0,-1,-1,0,-3,0,-4,1,-5,2,-7,2,-8,3,-8,3,-8,3,-8,2,-8,2,-7,1,-6,0,-6,0,-4,0,-3,0,-1,0,0,-1,0,-1,1,-1,2,-2,4,-1,4,-1,0,0,0,0,0,0,0,0,0,0]"""
779,"CSI_DATA,778,8c:90:2d:97:93:77,-49,11,1,7,1,0,1,0,1,0,1,-98,0,10,2,12997447,0,83,1,128,0,""[0,0,0,0,0,0,0,0,0,0,0,0,-11,4,-14,5,-16,6,-17,6,-17,7,-18,7,-17,7,-16,6,-14,5,-11,4,-9,3,-6,2,-3,1,0,0,2,0,4,-1,7,-1,9,-2,11,-2,11,-2,12,-3,12,-2,12,-3,12,-3,10,-3,9,-3,0,0,5,-2,3,-2,1,-1,0,0,-1,0,-3,0,-5,0,-6,0,-7,0,-8,0,-9,0,-9,0,-9,0,-9,0,-8,0,-7,0,-6,0,-4,-1,-3,-1,-1,-1,0,-1,0,0,2,0,3,0,4,0,4,0,0,0,0,0,0,0,0,0,0,0]"""
780,"CSI_DATA,779,8c:90:2d:97:93:77,-49,11,1,7,1,0,1,0,1,0,1,-98,0,10,2,13008596,0,83,1,128,0,""[0,0,0,0,0,0,0,0,0,0,0,0,-12,0,-15,1,-17,1,-19,1,-20,2,-20,2,-19,2,-17,2,-15,1,-13,1,-10,0,-7,0,-4,0,0,0,1,0,4,0,7,0,9,0,11,0,12,0,13,0,13,0,13,0,12,0,10,0,9,0,0,0,6,0,4,0,2,0,0,0,-1,0,-3,-1,-5,-1,-6,-1,-7,-2,-8,-2,-9,-2,-9,-3,-8,-3,-8,-3,-7,-3,-6,-3,-5,-3,-3,-2,-2,-2,0,-1,0,-1,0,0,1,0,2,0,3,1,3,2,0,0,0,0,0,0,0,0,0,0]"""
781,"CSI_DATA,780,8c:90:2d:97:93:77,-49,11,1,7,1,0,1,0,1,0,1,-98,0,10,2,13017194,0,83,1,128,0,""[0,0,0,0,0,0,0,0,0,0,0,0,11,0,14,0,16,0,17,0,18,0,17,0,17,0,16,0,14,0,12,0,9,0,6,0,3,-1,0,-1,-2,-2,-4,-2,-7,-2,-10,-3,-11,-4,-12,-5,-12,-5,-13,-5,-13,-5,-12,-5,-11,-4,-10,-3,0,0,-7,-2,-5,-1,-3,0,-1,0,0,0,1,1,3,2,4,3,5,3,5,5,6,5,5,5,5,5,4,5,4,5,3,4,2,3,1,3,0,2,0,1,0,0,-1,0,-2,-1,-2,-3,-2,-4,-2,-5,0,0,0,0,0,0,0,0,0,0]"""
782,"CSI_DATA,781,8c:90:2d:97:93:77,-49,11,1,7,1,0,1,0,1,0,1,-98,0,10,2,13027249,0,83,1,128,0,""[0,0,0,0,0,0,0,0,0,0,0,0,5,-11,6,-14,6,-15,7,-16,7,-16,8,-16,8,-16,7,-15,6,-13,5,-12,4,-9,2,-6,0,-4,0,-1,-2,0,-4,2,-7,4,-8,5,-9,6,-10,6,-10,7,-11,7,-10,7,-10,7,-9,6,-8,6,0,0,-5,3,-4,3,-2,1,0,0,0,0,1,0,3,-1,5,-1,6,-2,7,-2,8,-2,8,-2,8,-2,8,-1,7,0,6,0,5,0,3,0,2,0,0,0,0,0,-1,0,-2,0,-3,0,-5,0,-5,-1,0,0,0,0,0,0,0,0,0,0]"""
783,"CSI_DATA,782,8c:90:2d:97:93:77,-49,11,1,7,1,0,1,0,1,0,1,-98,0,10,2,13037411,0,83,1,128,0,""[0,0,0,0,0,0,0,0,0,0,0,0,12,1,15,1,18,2,19,2,20,2,19,2,19,1,18,1,15,1,13,1,10,1,7,0,4,-1,0,-1,-3,-2,-5,-3,-8,-4,-11,-4,-12,-5,-13,-5,-14,-5,-14,-5,-14,-5,-13,-5,-12,-5,-11,-4,0,0,-8,-2,-6,-2,-4,-1,-2,-1,0,0,2,1,4,2,6,3,6,3,8,4,8,5,8,5,7,5,7,5,6,5,5,4,4,4,3,3,1,3,0,2,-1,1,-2,-1,-4,-2,-4,-3,-5,-4,-4,-5,0,0,0,0,0,0,0,0,0,0]"""
784,"CSI_DATA,783,8c:90:2d:97:93:77,-49,11,1,7,1,0,1,0,1,0,0,-98,0,10,2,13047777,0,83,1,128,0,""[0,0,0,0,0,0,0,0,0,0,0,0,-1,13,-1,16,0,17,-1,18,-1,20,-1,20,-1,19,-1,17,-1,15,-1,13,-1,10,0,7,0,4,0,1,0,-3,2,-6,3,-9,3,-11,3,-12,4,-13,4,-14,4,-14,4,-14,3,-13,3,-12,2,-11,0,0,1,-8,1,-6,0,-4,-1,-2,-1,0,-2,2,-3,4,-4,5,-4,7,-5,7,-5,8,-6,8,-6,7,-6,7,-6,6,-5,5,-5,4,-4,3,-3,1,-3,0,-2,-1,0,-2,1,-3,2,-4,3,-4,4,-4,0,0,0,0,0,0,0,0,0,0]"""
785,"CSI_DATA,784,8c:90:2d:97:93:77,-49,11,1,7,1,0,1,0,1,0,0,-98,0,10,2,13058158,0,83,1,128,0,""[0,0,0,0,0,0,0,0,0,0,0,0,8,9,10,10,13,12,13,12,14,13,13,13,13,13,12,12,10,10,9,9,7,7,5,5,3,2,1,0,-1,-3,-2,-5,-4,-8,-5,-9,-6,-11,-7,-13,-7,-13,-7,-13,-7,-13,-7,-12,-6,-11,-6,-10,0,0,-5,-7,-4,-5,-2,-3,-2,-1,0,1,0,3,1,5,1,6,2,7,2,8,1,9,1,9,1,9,1,8,0,8,0,7,-1,6,-1,5,-1,3,-1,2,-1,0,-2,-2,-2,-3,-1,-5,0,-5,0,-6,0,0,0,0,0,0,0,0,0,0]"""
786,"CSI_DATA,785,8c:90:2d:97:93:77,-49,11,1,7,1,0,1,0,1,0,0,-98,0,10,2,13067247,0,83,1,128,0,""[0,0,0,0,0,0,0,0,0,0,0,0,-10,-10,-12,-11,-15,-12,-16,-13,-16,-14,-16,-14,-15,-13,-14,-13,-13,-11,-11,-9,-9,-8,-7,-6,-4,-3,-2,-1,0,2,2,4,3,7,5,8,6,10,7,11,7,11,7,12,7,12,7,11,6,10,6,8,0,0,4,6,3,4,2,2,1,0,-1,-2,-2,-4,-2,-5,-3,-7,-3,-8,-3,-10,-3,-10,-3,-10,-3,-10,-2,-9,-2,-9,-1,-8,-1,-7,-1,-5,0,-4,0,-3,1,-1,1,1,1,2,0,4,0,5,-1,5,0,0,0,0,0,0,0,0,0,0]"""
787,"CSI_DATA,786,8c:90:2d:97:93:77,-49,11,1,7,1,0,1,0,1,0,0,-98,0,10,2,13077254,0,83,1,128,0,""[0,0,0,0,0,0,0,0,0,0,0,0,-9,-10,-11,-11,-14,-13,-15,-14,-15,-15,-14,-14,-14,-14,-13,-13,-12,-11,-10,-10,-8,-8,-7,-6,-3,-3,-2,-1,1,2,1,5,3,7,5,9,5,11,6,11,6,12,6,12,6,12,6,11,5,10,5,9,0,0,4,6,3,4,1,2,1,0,0,-2,-1,-4,-2,-6,-3,-7,-3,-8,-3,-9,-2,-10,-3,-10,-2,-10,-2,-9,-2,-9,-1,-8,0,-6,0,-5,0,-4,0,-3,1,-1,1,1,1,2,0,4,-1,5,-1,5,0,0,0,0,0,0,0,0,0,0]"""
788,"CSI_DATA,787,8c:90:2d:97:93:77,-49,11,1,7,1,0,1,0,1,0,0,-98,0,10,2,13087192,0,83,1,128,0,""[0,0,0,0,0,0,0,0,0,0,0,0,-7,12,-8,14,-8,16,-8,17,-9,18,-9,18,-9,17,-9,16,-7,14,-6,12,-5,9,-4,6,-2,4,0,1,1,-2,4,-5,6,-7,7,-9,8,-10,8,-11,9,-11,9,-11,9,-11,8,-11,7,-10,6,-9,0,0,4,-7,3,-6,1,-4,0,-2,-1,0,-3,1,-5,3,-6,3,-7,5,-8,5,-9,5,-9,5,-9,5,-8,4,-8,4,-7,3,-6,2,-5,1,-4,0,-3,-1,-1,-2,0,-2,2,-3,3,-3,4,-3,5,-2,0,0,0,0,0,0,0,0,0,0]"""
789,"CSI_DATA,788,8c:90:2d:97:93:77,-49,11,1,7,1,0,1,0,1,0,0,-98,0,10,2,13097595,0,83,1,128,0,""[0,0,0,0,0,0,0,0,0,0,0,0,-8,-11,-10,-13,-13,-15,-13,-15,-14,-17,-13,-16,-12,-16,-12,-15,-10,-13,-9,-12,-7,-9,-6,-7,-3,-3,-1,-1,0,3,0,5,2,8,3,10,3,11,4,13,4,13,4,13,4,13,4,12,3,11,3,10,0,0,2,7,2,5,1,2,1,1,0,-2,-1,-4,-1,-6,-1,-7,0,-9,0,-10,0,-10,0,-10,0,-10,1,-10,1,-9,1,-8,1,-7,1,-6,1,-4,1,-2,1,0,0,1,0,3,-1,4,-2,5,-3,5,0,0,0,0,0,0,0,0,0,0]"""
790,"CSI_DATA,789,8c:90:2d:97:93:77,-49,11,1,7,1,0,1,0,1,0,0,-98,0,10,2,13107296,0,83,1,128,0,""[0,0,0,0,0,0,0,0,0,0,0,0,7,9,9,11,12,12,13,13,13,14,13,14,12,14,11,13,10,11,8,9,7,7,5,5,3,2,0,0,-2,-3,-2,-6,-3,-8,-5,-10,-6,-12,-7,-13,-6,-13,-7,-13,-6,-13,-6,-12,-6,-11,-6,-10,0,0,-4,-7,-3,-5,-2,-3,-2,-2,0,1,0,3,1,5,1,6,1,7,1,8,1,9,1,9,1,9,0,8,0,8,-1,7,-1,6,-1,4,-1,3,-2,1,-2,0,-2,-2,-2,-3,-1,-5,0,-6,1,-6,0,0,0,0,0,0,0,0,0,0]"""
791,"CSI_DATA,790,8c:90:2d:97:93:77,-49,11,1,7,1,0,1,0,1,0,0,-98,0,10,2,13117204,0,83,1,128,0,""[0,0,0,0,0,0,0,0,0,0,0,0,-11,-6,-14,-7,-17,-8,-18,-8,-19,-9,-18,-8,-18,-8,-17,-8,-15,-7,-13,-6,-10,-5,-8,-3,-5,-2,-1,0,1,2,3,3,5,5,7,6,9,8,10,8,10,9,10,9,10,8,10,8,9,7,8,6,0,0,6,4,4,2,3,1,1,0,-1,-2,-3,-3,-4,-5,-5,-6,-5,-7,-6,-8,-6,-8,-6,-8,-6,-8,-5,-8,-4,-8,-4,-7,-3,-6,-2,-5,-1,-4,0,-3,1,-1,1,1,2,2,2,3,1,4,1,5,0,0,0,0,0,0,0,0,0,0]"""
792,"CSI_DATA,791,8c:90:2d:97:93:77,-49,11,1,7,1,0,1,0,1,0,0,-98,0,10,2,13127180,0,83,1,128,0,""[0,0,0,0,0,0,0,0,0,0,0,0,-6,10,-7,13,-7,14,-8,15,-8,16,-9,16,-8,15,-8,14,-7,12,-6,11,-4,8,-3,5,-1,3,0,0,1,-1,3,-3,5,-6,6,-7,7,-8,8,-9,8,-10,8,-10,8,-10,8,-9,7,-8,6,-7,0,0,3,-5,2,-4,0,-3,0,-1,0,0,-2,0,-3,1,-5,2,-6,3,-7,4,-8,3,-8,3,-8,3,-7,2,-7,2,-6,1,-5,0,-4,0,-3,0,-2,0,0,-1,0,-1,1,-1,2,-1,4,-1,4,0,0,0,0,0,0,0,0,0,0,0]"""
793,"CSI_DATA,792,8c:90:2d:97:93:77,-49,11,1,7,1,0,1,0,1,0,0,-98,0,10,2,13137305,0,83,1,128,0,""[0,0,0,0,0,0,0,0,0,0,0,0,-11,5,-13,6,-15,7,-17,7,-17,8,-18,8,-16,8,-15,7,-14,6,-11,5,-9,4,-6,2,-3,2,0,0,1,0,4,-1,7,-2,9,-3,11,-3,12,-3,12,-3,12,-3,12,-4,12,-4,10,-3,9,-3,0,0,5,-2,3,-2,2,-1,0,0,-1,0,-3,0,-4,0,-6,0,-7,0,-8,0,-9,0,-9,0,-9,0,-9,0,-8,0,-7,0,-6,0,-4,-1,-3,-1,-1,-1,0,-1,0,-1,1,0,2,0,4,0,4,0,0,0,0,0,0,0,0,0,0,0]"""
794,"CSI_DATA,793,8c:90:2d:97:93:77,-49,11,1,7,1,0,1,0,1,0,0,-98,0,10,2,13147654,0,83,1,128,0,""[0,0,0,0,0,0,0,0,0,0,0,0,10,5,13,6,16,7,17,7,18,8,17,8,17,8,16,7,14,6,12,5,9,4,7,3,4,1,0,-1,-3,-3,-5,-4,-7,-6,-9,-6,-10,-8,-11,-9,-12,-9,-12,-9,-12,-9,-11,-8,-10,-7,-10,-7,0,0,-7,-4,-5,-3,-4,-2,-2,-1,0,1,2,2,3,3,4,4,5,5,6,6,6,6,6,7,6,7,5,7,5,6,4,6,2,5,2,4,1,3,-1,2,-1,0,-2,-1,-3,-2,-3,-4,-4,-5,-3,-5,0,0,0,0,0,0,0,0,0,0]"""
795,"CSI_DATA,794,8c:90:2d:97:93:77,-49,11,1,7,1,0,1,0,1,0,0,-98,0,10,2,13157509,0,83,1,128,0,""[0,0,0,0,0,0,0,0,0,0,0,0,2,-13,3,-15,3,-16,3,-17,3,-19,4,-19,4,-18,4,-17,3,-15,2,-13,1,-10,0,-7,0,-4,0,-1,-1,0,-3,4,-4,6,-4,8,-5,9,-6,10,-6,11,-6,11,-6,11,-5,10,-5,9,-4,8,0,0,-2,6,-1,4,0,2,0,0,0,0,0,-2,1,-3,2,-5,3,-6,4,-7,4,-7,5,-7,5,-7,4,-6,4,-6,4,-4,3,-4,2,-2,2,-1,1,0,0,0,0,0,-1,1,-2,2,-3,2,-4,2,0,0,0,0,0,0,0,0,0,0]"""
796,"CSI_DATA,795,8c:90:2d:97:93:77,-49,11,1,7,1,0,1,0,1,0,0,-98,0,10,2,13167298,0,83,1,128,0,""[0,0,0,0,0,0,0,0,0,0,0,0,8,9,10,11,13,12,13,13,14,14,13,14,13,13,12,12,10,11,9,9,7,7,5,5,3,2,0,-1,-2,-3,-3,-6,-4,-8,-6,-9,-7,-11,-7,-12,-8,-13,-8,-13,-8,-12,-8,-12,-7,-11,-7,-9,0,0,-5,-7,-4,-5,-3,-3,-2,-1,0,1,1,2,1,4,2,6,2,7,3,8,3,8,3,9,2,9,2,8,2,8,1,7,0,5,0,4,-1,3,-1,2,-2,0,-2,-2,-2,-3,-2,-5,-2,-6,-1,-6,0,0,0,0,0,0,0,0,0,0]"""
797,"CSI_DATA,796,8c:90:2d:97:93:77,-49,11,1,7,1,0,1,0,1,0,0,-98,0,10,2,13177272,0,83,1,128,0,""[0,0,0,0,0,0,0,0,0,0,0,0,10,-5,13,-7,15,-7,16,-8,17,-9,17,-9,16,-8,15,-7,13,-7,11,-6,8,-4,6,-3,2,-2,0,-1,-3,0,-5,0,-8,0,-10,1,-12,1,-13,1,-13,1,-14,1,-13,2,-13,2,-12,1,-10,2,0,0,-7,1,-4,1,-3,0,-1,0,0,0,2,0,4,0,5,0,7,0,8,0,8,0,8,0,8,0,8,0,7,0,6,0,5,0,3,0,2,0,0,0,0,0,-1,0,-3,0,-4,0,-5,0,-5,-1,0,0,0,0,0,0,0,0,0,0]"""
798,"CSI_DATA,797,8c:90:2d:97:93:77,-49,11,1,7,1,0,1,0,1,0,0,-98,0,10,2,13189552,0,83,1,128,0,""[0,0,0,0,0,0,0,0,0,0,0,0,-4,11,-5,14,-5,15,-6,16,-6,17,-7,18,-7,17,-6,15,-5,13,-4,11,-3,9,-2,6,0,3,0,0,1,-1,3,-3,5,-6,6,-7,7,-9,8,-9,8,-9,8,-9,8,-9,8,-9,7,-8,6,-8,0,0,3,-5,2,-4,1,-3,0,-1,-1,0,-2,0,-4,1,-5,1,-7,2,-8,3,-8,2,-8,2,-8,2,-8,1,-7,1,-7,0,-6,0,-4,0,-3,0,-1,0,0,-1,0,-1,1,-1,2,-1,4,0,4,0,0,0,0,0,0,0,0,0,0,0]"""
799,"CSI_DATA,798,8c:90:2d:97:93:77,-49,11,1,7,1,0,1,0,1,0,0,-98,0,10,2,13197543,0,83,1,128,0,""[0,0,0,0,0,0,0,0,0,0,0,0,-5,-13,-6,-16,-8,-17,-8,-18,-8,-19,-7,-20,-7,-19,-6,-18,-5,-16,-5,-14,-4,-11,-4,-8,-3,-5,-2,-1,-2,2,-2,5,-3,8,-2,10,-3,12,-3,13,-3,14,-3,14,-3,13,-3,13,-2,11,-2,11,0,0,-1,7,-1,5,0,3,0,1,0,-1,1,-3,2,-5,3,-6,4,-7,5,-8,5,-8,5,-8,6,-8,6,-7,5,-6,5,-5,4,-4,4,-3,3,-2,1,-1,0,0,-1,1,-2,2,-4,2,-5,2,-6,1,0,0,0,0,0,0,0,0,0,0]"""
800,"CSI_DATA,799,8c:90:2d:97:93:77,-49,11,1,7,1,0,1,0,1,0,0,-98,0,10,2,13207112,0,83,1,128,0,""[0,0,0,0,0,0,0,0,0,0,0,0,-12,7,-14,8,-16,9,-17,10,-18,11,-18,11,-18,10,-16,9,-15,8,-13,7,-9,6,-7,4,-4,3,-1,1,2,-1,5,-2,8,-3,10,-3,12,-4,13,-4,13,-4,14,-4,14,-4,13,-4,11,-4,10,-4,0,0,7,-3,5,-3,3,-2,1,-1,-2,-1,-4,-1,-6,-1,-7,-1,-9,0,-10,0,-10,-1,-10,-1,-10,-1,-10,-1,-9,-2,-8,-2,-7,-2,-5,-2,-4,-2,-2,-2,0,-2,1,-1,2,-1,3,0,5,0,5,2,0,0,0,0,0,0,0,0,0,0]"""
801,"CSI_DATA,800,8c:90:2d:97:93:77,-49,11,1,7,1,0,1,0,1,0,0,-98,0,10,2,13217230,0,83,1,128,0,""[0,0,0,0,0,0,0,0,0,0,0,0,-5,-13,-7,-15,-8,-17,-9,-18,-9,-19,-9,-19,-8,-18,-8,-17,-7,-15,-6,-13,-5,-10,-4,-8,-3,-4,-2,-1,0,2,0,5,0,8,1,10,1,12,1,13,2,13,1,14,1,14,1,13,1,12,1,10,0,0,1,7,1,5,1,3,1,1,0,-2,0,-4,0,-6,0,-7,1,-8,1,-9,1,-10,1,-10,1,-10,2,-9,2,-8,2,-7,2,-6,2,-5,2,-3,1,-2,1,0,0,1,0,2,-1,3,-2,4,-3,4,0,0,0,0,0,0,0,0,0,0]"""
802,"CSI_DATA,801,8c:90:2d:97:93:77,-49,11,1,7,1,0,1,0,1,0,0,-98,0,10,2,13227209,0,83,1,128,0,""[0,0,0,0,0,0,0,0,0,0,0,0,-10,7,-12,9,-13,9,-14,10,-15,11,-15,11,-15,11,-14,10,-12,8,-10,7,-8,5,-5,3,-3,2,0,1,1,0,4,0,7,-1,9,-2,10,-2,11,-2,12,-2,12,-2,12,-2,11,-2,10,-2,9,-2,0,0,6,-2,4,-1,2,-1,0,-1,0,-1,-2,-1,-4,-1,-6,-1,-7,-1,-8,-2,-9,-2,-9,-2,-8,-2,-8,-3,-7,-3,-6,-3,-5,-3,-3,-2,-2,-2,0,-1,0,-1,0,0,1,0,2,0,3,1,2,2,0,0,0,0,0,0,0,0,0,0]"""
803,"CSI_DATA,802,8c:90:2d:97:93:77,-49,11,1,7,1,0,1,0,1,0,0,-98,0,10,2,13237290,0,83,1,128,0,""[0,0,0,0,0,0,0,0,0,0,0,0,-11,-7,-14,-8,-17,-9,-17,-10,-18,-10,-17,-10,-17,-10,-16,-9,-14,-9,-12,-7,-10,-6,-8,-4,-5,-2,-2,0,0,3,2,4,4,7,5,8,6,10,7,11,7,12,7,12,6,12,6,11,6,9,5,9,0,0,4,5,3,4,2,2,1,1,0,-2,-1,-4,-1,-6,-1,-7,-1,-8,-1,-10,-1,-10,-1,-10,-1,-10,0,-10,0,-9,0,-8,1,-6,1,-5,1,-4,1,-2,1,-1,0,1,0,2,-1,4,-2,4,-3,4,0,0,0,0,0,0,0,0,0,0]"""
804,"CSI_DATA,803,8c:90:2d:97:93:77,-49,11,1,7,1,0,1,0,1,0,0,-98,0,10,2,13247720,0,83,1,128,0,""[0,0,0,0,0,0,0,0,0,0,0,0,1,13,2,15,3,17,3,18,4,19,3,20,3,19,3,17,2,15,2,13,2,10,1,7,1,4,0,0,0,-3,0,-6,1,-9,0,-11,0,-13,0,-14,0,-15,0,-15,0,-14,0,-14,0,-13,-1,-11,0,0,-1,-8,-1,-6,-1,-4,-1,-2,-1,1,-1,3,-2,5,-2,6,-2,7,-3,8,-3,9,-3,9,-3,9,-3,8,-3,8,-3,6,-4,5,-3,4,-3,2,-2,1,-2,-1,-1,-2,-1,-4,0,-5,1,-5,2,-5,0,0,0,0,0,0,0,0,0,0]"""
805,"CSI_DATA,804,8c:90:2d:97:93:77,-49,11,1,7,1,0,1,0,1,0,0,-98,0,10,2,13257297,0,83,1,128,0,""[0,0,0,0,0,0,0,0,0,0,0,0,0,-12,0,-15,0,-17,0,-18,0,-19,0,-20,0,-19,0,-17,0,-15,0,-13,0,-10,0,-7,0,-4,0,-1,0,1,-1,4,-2,7,-2,9,-2,10,-2,11,-2,12,-2,12,-2,12,-2,12,-2,10,-1,9,0,0,0,6,0,4,0,2,0,0,0,0,0,-3,0,-4,0,-6,1,-7,2,-8,2,-8,2,-8,2,-8,3,-8,3,-7,2,-6,2,-4,1,-3,1,-2,1,0,0,0,0,0,0,1,-1,2,-2,3,-3,3,0,0,0,0,0,0,0,0,0,0]"""
806,"CSI_DATA,805,8c:90:2d:97:93:77,-49,11,1,7,1,0,1,0,1,0,0,-98,0,10,2,13267228,0,83,1,128,0,""[0,0,0,0,0,0,0,0,0,0,0,0,-9,-9,-12,-11,-15,-12,-15,-13,-16,-14,-16,-14,-15,-13,-14,-12,-13,-11,-11,-9,-9,-8,-7,-5,-4,-3,-1,-1,1,2,2,4,4,6,6,7,7,10,8,10,8,11,8,11,8,10,8,10,7,9,7,8,0,0,5,5,3,3,2,2,1,0,-1,-2,-2,-3,-3,-5,-4,-6,-5,-7,-5,-8,-5,-9,-5,-9,-5,-9,-4,-9,-4,-8,-3,-7,-2,-6,-2,-5,-1,-4,0,-3,1,-1,2,0,2,2,2,3,2,4,1,5,0,0,0,0,0,0,0,0,0,0]"""
807,"CSI_DATA,806,8c:90:2d:97:93:77,-49,11,1,7,1,0,1,0,1,0,0,-98,0,10,2,13277204,0,83,1,128,0,""[0,0,0,0,0,0,0,0,0,0,0,0,-8,8,-10,10,-12,11,-13,12,-13,13,-13,13,-13,12,-12,11,-10,10,-9,9,-7,7,-4,4,-2,2,0,0,1,0,3,-3,6,-4,7,-6,9,-6,10,-7,10,-7,10,-7,10,-7,9,-7,8,-6,7,-6,0,0,4,-4,2,-3,1,-2,0,-1,0,0,-2,0,-4,0,-6,1,-7,2,-8,2,-8,3,-9,2,-8,2,-8,2,-7,1,-7,0,-6,0,-4,0,-3,0,-2,0,0,-1,0,-1,1,-1,2,-1,4,-1,4,-1,0,0,0,0,0,0,0,0,0,0]"""
808,"CSI_DATA,807,8c:90:2d:97:93:77,-49,11,1,7,1,0,1,0,1,0,0,-98,0,10,2,13287284,0,83,1,128,0,""[0,0,0,0,0,0,0,0,0,0,0,0,-10,-8,-13,-10,-16,-10,-17,-12,-17,-12,-17,-12,-16,-11,-15,-11,-14,-10,-11,-8,-9,-7,-7,-5,-5,-3,-1,0,1,2,2,4,5,6,6,7,8,9,8,10,9,10,9,10,9,10,8,9,8,8,7,7,0,0,5,5,3,3,2,1,1,0,-1,-2,-2,-3,-3,-5,-4,-6,-5,-7,-5,-8,-5,-9,-5,-9,-5,-9,-5,-9,-4,-8,-3,-7,-2,-6,-1,-5,-1,-4,0,-3,1,-1,1,0,2,2,2,3,1,4,1,5,0,0,0,0,0,0,0,0,0,0]"""
809,"CSI_DATA,808,8c:90:2d:97:93:77,-49,11,1,7,1,0,1,0,1,0,0,-98,0,10,2,13297519,0,83,1,128,0,""[0,0,0,0,0,0,0,0,0,0,0,0,11,3,14,4,17,5,18,5,19,6,19,5,18,5,17,5,15,4,12,3,10,3,7,2,3,0,0,-1,-3,-2,-5,-4,-7,-5,-10,-5,-11,-7,-12,-7,-13,-7,-13,-8,-13,-7,-12,-7,-11,-6,-10,-5,0,0,-7,-3,-5,-2,-4,-2,-2,-1,0,1,2,1,4,3,5,4,6,4,6,5,7,5,7,6,7,6,6,6,5,6,4,5,3,4,2,4,1,3,0,2,-2,1,-2,-1,-3,-2,-4,-3,-4,-4,-4,-5,0,0,0,0,0,0,0,0,0,0]"""
810,"CSI_DATA,809,8c:90:2d:97:93:77,-49,11,1,7,1,0,1,0,1,0,0,-98,0,10,2,13307177,0,83,1,128,0,""[0,0,0,0,0,0,0,0,0,0,0,0,-11,-8,-13,-9,-17,-10,-17,-10,-18,-11,-18,-11,-17,-10,-16,-9,-14,-9,-12,-7,-10,-6,-7,-4,-4,-2,-1,-1,1,2,3,4,5,6,7,7,9,8,9,9,10,9,10,9,10,9,9,9,9,8,8,6,0,0,5,4,4,3,2,1,1,0,-1,-2,-3,-3,-4,-5,-5,-6,-5,-7,-6,-8,-6,-8,-6,-9,-6,-9,-5,-8,-5,-8,-4,-7,-3,-6,-2,-6,-1,-4,0,-3,1,-1,1,0,2,2,2,3,2,4,1,5,0,0,0,0,0,0,0,0,0,0]"""
811,"CSI_DATA,810,8c:90:2d:97:93:77,-49,11,1,7,1,0,1,0,1,0,0,-98,0,10,2,13317244,0,83,1,128,0,""[0,0,0,0,0,0,0,0,0,0,0,0,8,9,10,11,13,12,13,13,14,14,13,14,13,14,12,13,10,11,9,9,7,8,5,5,3,2,0,0,-2,-3,-3,-6,-4,-8,-6,-10,-6,-11,-7,-13,-7,-13,-7,-13,-7,-13,-7,-12,-6,-11,-6,-10,0,0,-5,-7,-4,-5,-3,-3,-2,-1,0,1,1,3,1,5,2,6,2,7,2,8,2,9,2,9,2,9,1,8,1,8,0,7,0,6,0,5,-1,3,-2,2,-2,0,-2,-2,-2,-4,-2,-5,-1,-6,0,-6,0,0,0,0,0,0,0,0,0,0]"""
812,"CSI_DATA,811,8c:90:2d:97:93:77,-49,11,1,7,1,0,1,0,1,0,0,-98,0,10,2,13327295,0,83,1,128,0,""[0,0,0,0,0,0,0,0,0,0,0,0,10,3,13,4,16,4,17,5,18,6,17,5,17,5,15,5,13,4,11,3,9,2,6,1,3,0,0,0,-1,-2,-3,-3,-5,-5,-7,-6,-9,-8,-9,-9,-10,-9,-10,-9,-10,-9,-9,-9,-9,-8,-8,-7,0,0,-6,-4,-4,-2,-3,-1,-1,0,0,0,0,2,1,3,2,4,2,5,2,6,3,7,3,7,2,7,2,7,1,6,0,6,0,4,0,3,0,2,0,1,-1,0,-1,-1,-1,-2,0,-4,0,-4,0,-5,0,0,0,0,0,0,0,0,0,0]"""
813,"CSI_DATA,812,8c:90:2d:97:93:77,-49,11,1,7,1,0,1,0,1,0,0,-98,0,10,2,13337241,0,83,1,128,0,""[0,0,0,0,0,0,0,0,0,0,0,0,-11,-4,-14,-5,-17,-5,-18,-6,-19,-6,-18,-6,-18,-6,-17,-6,-14,-5,-12,-4,-10,-3,-7,-2,-4,0,-1,0,0,1,2,3,4,4,6,5,8,7,9,8,9,8,9,8,9,8,8,8,7,7,7,6,0,0,5,3,3,2,2,0,0,0,0,-1,-1,-2,-2,-4,-3,-5,-3,-6,-4,-8,-3,-8,-3,-9,-3,-9,-3,-8,-2,-8,-1,-7,0,-5,0,-4,0,-3,0,-2,0,0,0,0,0,1,0,3,0,4,0,4,0,0,0,0,0,0,0,0,0,0]"""
814,"CSI_DATA,813,8c:90:2d:97:93:77,-49,11,1,7,1,0,1,0,1,0,0,-98,0,10,2,13347905,0,83,1,128,0,""[0,0,0,0,0,0,0,0,0,0,0,0,-12,3,-14,4,-16,5,-17,5,-18,6,-18,6,-18,6,-16,5,-14,5,-12,4,-9,3,-7,1,-3,1,0,0,1,0,4,0,7,-1,9,-2,11,-1,12,-2,12,-2,13,-2,12,-2,11,-2,10,-2,9,-2,0,0,6,-2,4,-1,2,-1,0,0,-1,0,-3,0,-5,0,-6,0,-8,0,-9,0,-9,0,-9,0,-9,0,-8,0,-8,0,-7,-1,-6,-1,-4,-2,-3,-1,-1,-1,0,-1,0,0,1,0,3,0,4,0,4,0,0,0,0,0,0,0,0,0,0,0]"""
815,"CSI_DATA,814,8c:90:2d:97:93:77,-49,11,1,7,1,0,1,0,1,0,0,-98,0,10,2,13359606,0,83,1,128,0,""[0,0,0,0,0,0,0,0,0,0,0,0,11,0,13,0,17,0,17,0,18,0,18,0,18,0,16,0,14,0,12,0,9,0,6,0,3,0,0,0,-2,-1,-5,-1,-7,-1,-10,-1,-11,-2,-13,-2,-13,-2,-13,-3,-13,-2,-13,-2,-11,-2,-10,-1,0,0,-7,0,-5,0,-3,0,-1,0,0,0,1,0,3,0,5,1,6,1,7,2,7,2,7,2,7,3,7,3,6,2,5,2,3,2,2,2,1,1,0,1,0,0,-1,0,-3,0,-3,-1,-4,-2,-4,-3,0,0,0,0,0,0,0,0,0,0]"""
816,"CSI_DATA,815,8c:90:2d:97:93:77,-49,11,1,7,1,0,1,0,1,0,0,-98,0,10,2,13367767,0,83,1,128,0,""[0,0,0,0,0,0,0,0,0,0,0,0,4,12,5,15,7,16,8,17,8,18,8,18,7,18,7,16,6,15,5,12,4,10,3,7,1,3,0,0,-1,-3,-1,-6,-1,-9,-2,-11,-2,-13,-3,-14,-3,-15,-3,-15,-3,-14,-3,-14,-2,-13,-3,-11,0,0,-2,-8,-2,-6,-2,-4,-1,-2,-1,1,-1,3,0,5,-1,6,-1,8,-1,8,-2,9,-2,9,-2,9,-2,9,-2,8,-2,7,-3,5,-3,4,-2,2,-2,1,-2,-1,-1,-2,-1,-3,0,-5,1,-5,2,-6,0,0,0,0,0,0,0,0,0,0]"""
817,"CSI_DATA,816,8c:90:2d:97:93:77,-49,11,1,7,1,0,1,0,1,0,0,-98,0,10,2,13377151,0,83,1,128,0,""[0,0,0,0,0,0,0,0,0,0,0,0,-12,2,-15,3,-17,3,-19,4,-19,4,-19,5,-18,4,-17,4,-15,3,-13,3,-10,1,-7,1,-4,0,0,0,1,0,4,0,7,0,9,-1,11,0,12,0,13,-1,13,0,13,-1,12,-1,11,-1,9,-1,0,0,6,-1,4,-1,2,0,0,0,-1,0,-3,0,-5,0,-6,0,-8,0,-9,0,-9,0,-9,-1,-9,-1,-9,-1,-8,-1,-6,-2,-6,-1,-4,-2,-2,-2,-1,-1,0,-1,0,0,2,0,3,0,4,0,4,1,0,0,0,0,0,0,0,0,0,0]"""
818,"CSI_DATA,817,8c:90:2d:97:93:77,-49,11,1,7,1,0,1,0,1,0,0,-98,0,10,2,13387347,0,83,1,128,0,""[0,0,0,0,0,0,0,0,0,0,0,0,9,-11,10,-13,11,-14,12,-15,13,-17,13,-16,13,-16,12,-14,10,-13,9,-11,7,-9,5,-7,2,-4,-1,-2,-3,0,-6,2,-8,3,-10,5,-12,5,-13,6,-13,6,-14,6,-14,6,-13,6,-12,5,-10,4,0,0,-7,3,-5,3,-3,2,-1,1,0,0,3,-1,5,-1,6,-1,8,-2,9,-1,9,-1,9,-1,9,-1,8,0,8,0,7,0,6,1,4,1,3,1,1,1,-1,1,-2,0,-3,0,-4,-1,-6,-2,-6,-3,0,0,0,0,0,0,0,0,0,0]"""
819,"CSI_DATA,818,8c:90:2d:97:93:77,-49,11,1,7,1,0,1,0,1,0,0,-98,0,10,2,13397632,0,83,1,128,0,""[0,0,0,0,0,0,0,0,0,0,0,0,11,5,13,5,16,6,17,6,18,7,17,7,17,7,15,7,14,6,12,5,9,3,6,3,4,0,0,-1,-2,-3,-4,-4,-6,-6,-8,-7,-9,-9,-10,-10,-10,-10,-10,-10,-10,-10,-10,-10,-9,-8,-8,-8,0,0,-6,-5,-5,-3,-3,-2,-2,-1,0,1,1,2,2,4,2,5,3,6,4,8,3,8,3,8,3,8,3,7,2,7,1,7,1,5,0,4,-1,3,-1,2,-1,0,-2,-2,-2,-3,-2,-4,-1,-5,-1,-6,0,0,0,0,0,0,0,0,0,0]"""
820,"CSI_DATA,819,8c:90:2d:97:93:77,-49,11,1,7,1,0,1,0,1,0,0,-98,0,10,2,13407354,0,83,1,128,0,""[0,0,0,0,0,0,0,0,0,0,0,0,12,3,14,3,17,4,18,4,19,5,18,4,18,4,17,4,15,4,13,3,10,2,7,2,4,0,1,-2,-3,-3,-4,-4,-7,-6,-9,-7,-10,-9,-11,-9,-12,-9,-12,-9,-12,-9,-11,-9,-10,-8,-9,-7,0,0,-7,-5,-5,-3,-4,-2,-2,-1,-1,1,1,2,2,4,3,5,4,6,4,7,4,8,4,8,4,8,3,8,3,7,2,6,1,5,0,4,0,3,-1,2,-2,0,-2,-2,-2,-3,-2,-4,-1,-6,-1,-6,0,0,0,0,0,0,0,0,0,0]"""
821,"CSI_DATA,820,8c:90:2d:97:93:77,-49,11,1,7,1,0,1,0,1,0,0,-98,0,10,2,13418184,0,83,1,128,0,""[0,0,0,0,0,0,0,0,0,0,0,0,10,-9,12,-10,14,-11,14,-12,15,-13,15,-12,15,-12,14,-11,12,-10,11,-9,8,-7,5,-5,3,-4,0,-2,-4,-1,-6,0,-9,1,-11,2,-12,2,-13,2,-14,2,-15,2,-14,2,-13,2,-12,2,-11,2,0,0,-8,1,-6,1,-4,1,-2,1,0,1,2,1,4,1,6,1,7,1,8,1,8,2,9,2,9,2,8,2,7,3,6,2,5,2,3,2,2,2,1,1,-1,1,-2,0,-3,-1,-4,-2,-5,-3,-5,-4,0,0,0,0,0,0,0,0,0,0]"""
822,"CSI_DATA,821,8c:90:2d:97:93:77,-49,11,1,7,1,0,1,0,1,0,0,-98,0,10,2,13427176,0,83,1,128,0,""[0,0,0,0,0,0,0,0,0,0,0,0,1,-14,1,-16,0,-18,0,-19,0,-21,1,-21,1,-20,1,-19,1,-16,1,-15,0,-12,0,-8,-1,-5,-2,-2,-3,2,-4,4,-6,7,-6,9,-7,10,-7,11,-8,12,-8,12,-8,12,-7,11,-7,10,-6,9,0,0,-4,6,-3,5,-2,3,0,1,1,0,2,-2,4,-3,5,-4,6,-5,7,-6,8,-6,8,-6,8,-5,7,-5,7,-4,6,-3,5,-2,4,-2,3,-1,2,0,0,0,-2,1,-3,1,-4,1,-6,0,-6,0,0,0,0,0,0,0,0,0,0,0]"""
823,"CSI_DATA,822,8c:90:2d:97:93:77,-49,11,1,7,1,0,1,0,1,0,0,-98,0,10,2,13437343,0,83,1,128,0,""[0,0,0,0,0,0,0,0,0,0,0,0,5,-12,6,-15,6,-16,7,-17,7,-18,7,-18,7,-18,7,-16,6,-14,5,-13,3,-10,2,-7,0,-4,0,-1,-2,0,-4,3,-6,5,-7,7,-8,8,-9,9,-9,9,-9,9,-10,9,-9,9,-8,8,-7,7,0,0,-4,5,-3,4,-1,2,0,0,0,0,1,-1,3,-2,4,-3,5,-5,6,-5,7,-5,7,-5,7,-4,7,-4,6,-4,5,-2,5,-2,3,-1,2,0,0,0,0,0,0,0,-2,1,-3,1,-5,1,-5,0,0,0,0,0,0,0,0,0,0,0]"""
824,"CSI_DATA,823,8c:90:2d:97:93:77,-49,11,1,7,1,0,1,0,1,0,1,-98,0,10,2,13447854,0,83,1,128,0,""[0,0,0,0,0,0,0,0,0,0,0,0,-13,1,-16,1,-19,1,-20,1,-20,1,-20,2,-20,2,-19,1,-16,1,-14,1,-11,0,-8,0,-5,1,-1,0,2,1,5,0,8,1,10,0,12,1,13,1,13,1,13,1,13,1,13,1,12,1,10,0,0,0,7,-1,5,-1,3,-1,1,-1,-1,-1,-3,-2,-6,-2,-7,-2,-8,-3,-9,-3,-9,-3,-10,-4,-10,-4,-9,-4,-8,-4,-7,-4,-6,-3,-4,-3,-3,-3,-2,-3,0,-2,1,-1,3,0,3,1,4,2,4,3,0,0,0,0,0,0,0,0,0,0]"""
825,"CSI_DATA,824,8c:90:2d:97:93:77,-49,11,1,7,1,0,1,0,1,0,1,-98,0,10,2,13457175,0,83,1,128,0,""[0,0,0,0,0,0,0,0,0,0,0,0,-4,12,-5,15,-4,16,-5,18,-4,19,-5,20,-5,19,-4,17,-4,15,-3,13,-3,10,-2,7,-1,4,0,1,1,-2,2,-5,4,-8,4,-10,5,-12,6,-12,6,-13,6,-13,6,-13,5,-13,5,-12,4,-10,0,0,2,-7,1,-6,0,-4,-1,-2,-1,0,-2,2,-3,3,-4,5,-6,6,-6,7,-6,7,-7,7,-7,7,-7,6,-7,5,-6,4,-5,3,-5,2,-4,1,-3,0,-2,-2,0,-2,1,-3,2,-4,3,-4,4,-4,0,0,0,0,0,0,0,0,0,0]"""
826,"CSI_DATA,825,8c:90:2d:97:93:77,-49,11,1,7,1,0,1,0,1,0,1,-98,0,10,2,13469243,0,83,1,128,0,""[0,0,0,0,0,0,0,0,0,0,0,0,7,-10,9,-12,10,-13,11,-14,11,-15,12,-15,11,-14,10,-13,9,-12,7,-10,6,-8,3,-5,1,-3,0,-1,-2,0,-4,2,-7,4,-8,5,-10,6,-11,6,-11,7,-11,7,-11,7,-10,7,-9,6,-8,6,0,0,-5,4,-4,3,-2,1,0,0,0,0,1,-1,3,-2,5,-3,6,-3,7,-4,7,-3,7,-3,7,-3,7,-3,6,-2,6,-2,4,-1,3,0,2,0,1,0,0,0,-1,0,-2,0,-3,0,-5,0,-5,0,0,0,0,0,0,0,0,0,0,0]"""
827,"CSI_DATA,826,8c:90:2d:97:93:77,-49,11,1,7,1,0,1,0,1,0,1,-98,0,10,2,13477315,0,83,1,128,0,""[0,0,0,0,0,0,0,0,0,0,0,0,1,12,1,15,3,16,3,18,3,18,2,19,2,18,2,17,2,15,1,13,1,10,1,7,1,4,0,1,0,-3,0,-6,1,-9,0,-11,0,-12,0,-13,0,-14,1,-14,0,-14,0,-14,0,-12,-1,-11,0,0,-1,-8,-1,-6,-1,-4,-1,-1,-1,0,-1,2,-1,4,-2,6,-2,7,-2,8,-3,9,-3,9,-3,8,-3,8,-3,7,-3,6,-3,5,-3,4,-3,2,-2,1,-2,-1,-1,-2,-1,-4,0,-5,1,-5,2,-6,0,0,0,0,0,0,0,0,0,0]"""
828,"CSI_DATA,827,8c:90:2d:97:93:77,-49,11,1,7,1,0,1,0,1,0,1,-98,0,10,2,13487236,0,83,1,128,0,""[0,0,0,0,0,0,0,0,0,0,0,0,-6,11,-7,14,-8,16,-8,17,-9,18,-9,18,-9,17,-8,16,-7,13,-6,12,-5,9,-3,6,-1,3,0,0,1,-1,3,-4,5,-6,6,-8,7,-10,8,-10,8,-11,8,-11,8,-11,8,-11,7,-10,6,-9,0,0,3,-6,2,-5,0,-3,0,-1,0,0,-2,1,-3,2,-5,3,-6,4,-7,5,-8,5,-8,4,-8,4,-8,4,-7,3,-7,2,-6,1,-4,0,-3,0,-2,0,0,-1,0,-1,1,-2,2,-2,3,-2,5,-2,0,0,0,0,0,0,0,0,0,0]"""
829,"CSI_DATA,828,8c:90:2d:97:93:77,-49,11,1,7,1,0,1,0,1,0,1,-98,0,10,2,13497620,0,83,1,128,0,""[0,0,0,0,0,0,0,0,0,0,0,0,7,9,9,12,12,13,12,14,13,15,12,15,12,14,11,13,10,12,8,10,6,8,5,5,3,2,1,-1,-1,-4,-1,-6,-2,-9,-4,-10,-4,-12,-5,-13,-5,-14,-5,-14,-4,-14,-4,-13,-4,-12,-4,-11,0,0,-3,-8,-2,-6,-2,-4,-2,-2,-1,1,-1,3,-1,5,-1,6,-1,7,-1,8,-1,9,-2,9,-2,9,-2,8,-2,8,-2,6,-3,5,-3,4,-2,3,-2,1,-2,-1,-1,-2,0,-4,0,-5,2,-5,2,-5,0,0,0,0,0,0,0,0,0,0]"""
830,"CSI_DATA,829,8c:90:2d:97:93:77,-49,11,1,7,1,0,1,0,1,0,1,-98,0,10,2,13507204,0,83,1,128,0,""[0,0,0,0,0,0,0,0,0,0,0,0,-12,0,-15,0,-17,0,-18,0,-19,0,-19,0,-18,0,-17,-1,-15,0,-13,0,-10,0,-7,0,-4,0,-1,0,1,1,3,1,7,2,8,3,10,4,11,5,11,5,11,5,11,5,11,4,10,4,8,3,0,0,5,1,4,0,2,0,0,0,0,-1,-2,-2,-3,-3,-4,-4,-5,-5,-6,-6,-6,-6,-6,-7,-6,-7,-5,-7,-4,-6,-3,-6,-2,-5,-1,-4,0,-3,0,-2,0,0,0,0,1,1,1,2,1,3,0,4,0,0,0,0,0,0,0,0,0,0]"""
831,"CSI_DATA,830,8c:90:2d:97:93:77,-49,11,1,7,1,0,1,0,1,0,1,-98,0,10,2,13517307,0,83,1,128,0,""[0,0,0,0,0,0,0,0,0,0,0,0,8,9,10,11,13,12,14,13,14,14,14,14,13,14,13,12,11,11,9,9,7,7,5,5,3,2,1,-1,-2,-3,-3,-5,-5,-8,-6,-9,-7,-11,-8,-12,-8,-13,-8,-13,-8,-13,-8,-12,-7,-11,-7,-9,0,0,-5,-7,-4,-5,-3,-3,-2,-1,0,1,1,3,2,4,2,5,2,7,3,8,3,9,3,9,2,8,2,8,1,8,1,7,0,5,0,4,-1,3,-1,2,-2,0,-2,-2,-2,-3,-2,-4,-2,-6,-1,-6,0,0,0,0,0,0,0,0,0,0]"""
832,"CSI_DATA,831,8c:90:2d:97:93:77,-49,11,1,7,1,0,1,0,1,0,1,-98,0,10,2,13527226,0,83,1,128,0,""[0,0,0,0,0,0,0,0,0,0,0,0,-4,13,-4,16,-4,17,-4,18,-4,19,-4,19,-4,19,-4,17,-4,15,-3,13,-2,10,-2,7,-1,4,0,1,1,-3,2,-6,3,-8,3,-10,5,-12,5,-13,5,-13,5,-13,5,-13,5,-13,4,-12,3,-11,0,0,1,-7,1,-6,0,-4,-1,-2,-1,0,-2,2,-3,4,-4,5,-5,7,-5,7,-6,7,-6,8,-6,7,-6,7,-6,6,-5,5,-5,4,-4,2,-3,1,-2,0,-1,-1,-1,-3,0,-4,1,-4,3,-5,4,-4,0,0,0,0,0,0,0,0,0,0]"""
833,"CSI_DATA,832,8c:90:2d:97:93:77,-49,11,1,7,1,0,1,0,1,0,1,-98,0,10,2,13537522,0,83,1,128,0,""[0,0,0,0,0,0,0,0,0,0,0,0,2,12,3,15,4,17,5,18,5,19,4,19,3,18,3,17,3,15,2,12,2,10,2,7,1,4,0,0,0,-3,1,-6,0,-9,0,-11,0,-13,0,-14,0,-14,0,-15,0,-14,0,-14,0,-13,-1,-11,0,0,-1,-8,-1,-6,-1,-4,-1,-2,-1,1,-1,3,-2,5,-2,6,-3,8,-3,8,-3,9,-3,9,-3,9,-4,8,-4,7,-4,6,-4,5,-3,4,-3,2,-2,1,-2,-1,-1,-3,0,-4,0,-4,2,-5,3,-5,0,0,0,0,0,0,0,0,0,0]"""
834,"CSI_DATA,833,8c:90:2d:97:93:77,-49,11,1,7,1,0,1,0,1,0,0,-98,0,10,2,13547780,0,83,1,128,0,""[0,0,0,0,0,0,0,0,0,0,0,0,10,7,13,8,15,9,16,10,17,10,16,10,15,10,14,9,13,8,11,7,8,5,7,4,3,1,1,-1,-1,-4,-3,-5,-4,-8,-7,-9,-8,-11,-8,-12,-8,-12,-8,-12,-8,-12,-8,-11,-7,-11,-7,-9,0,0,-5,-6,-4,-5,-3,-3,-2,-1,-1,1,0,3,1,4,1,6,2,7,2,8,2,9,2,9,1,9,1,8,0,8,0,7,0,6,-1,4,-1,3,-1,2,-2,0,-2,-2,-2,-3,-1,-5,0,-6,1,-6,0,0,0,0,0,0,0,0,0,0]"""
835,"CSI_DATA,834,8c:90:2d:97:93:77,-49,11,1,7,1,0,1,0,1,0,0,-98,0,10,2,13557217,0,83,1,128,0,""[0,0,0,0,0,0,0,0,0,0,0,0,10,2,13,4,16,4,17,5,17,5,18,5,17,5,15,5,13,4,11,3,9,2,6,1,3,0,0,0,-1,-2,-3,-3,-5,-5,-8,-6,-9,-8,-10,-9,-10,-9,-10,-9,-10,-9,-10,-8,-9,-7,-8,-6,0,0,-5,-4,-4,-2,-3,-1,-1,0,0,0,0,1,1,3,2,4,3,5,3,6,3,7,3,7,3,7,2,7,2,6,1,5,0,4,0,3,0,2,0,1,-1,0,-1,-1,-1,-2,-1,-3,-1,-5,0,-5,0,0,0,0,0,0,0,0,0,0]"""
836,"CSI_DATA,835,8c:90:2d:97:93:77,-49,11,1,7,1,0,1,0,1,0,0,-98,0,10,2,13567182,0,83,1,128,0,""[0,0,0,0,0,0,0,0,0,0,0,0,10,7,13,8,16,9,16,10,17,10,17,10,16,10,15,9,13,8,11,7,9,5,7,4,3,1,0,0,-3,-2,-4,-4,-7,-6,-8,-7,-10,-9,-11,-10,-12,-10,-12,-10,-12,-9,-11,-9,-10,-8,-10,-7,0,0,-7,-4,-5,-3,-3,-2,-2,-1,0,1,2,2,4,3,5,4,5,5,6,6,6,7,6,7,6,7,6,7,5,6,4,6,3,5,2,4,1,3,0,2,-2,1,-3,-1,-3,-2,-4,-3,-4,-5,-3,-5,0,0,0,0,0,0,0,0,0,0]"""
837,"CSI_DATA,836,8c:90:2d:97:93:77,-49,11,1,7,1,0,1,0,1,0,0,-98,0,10,2,13577293,0,83,1,128,0,""[0,0,0,0,0,0,0,0,0,0,0,0,-13,-3,-16,-3,-18,-3,-20,-3,-21,-3,-20,-3,-20,-3,-18,-3,-16,-2,-14,-2,-11,-2,-8,-1,-5,0,-1,0,2,1,4,1,7,2,9,3,11,4,12,4,13,4,13,4,13,4,12,4,11,3,10,3,0,0,7,1,5,0,3,0,1,-1,-1,-2,-3,-2,-5,-3,-6,-4,-8,-4,-8,-5,-9,-5,-9,-5,-9,-6,-8,-5,-7,-5,-6,-5,-5,-4,-4,-4,-3,-3,-1,-3,0,-2,2,0,2,0,3,2,4,3,4,4,0,0,0,0,0,0,0,0,0,0]"""
838,"CSI_DATA,837,8c:90:2d:97:93:77,-49,11,1,7,1,0,1,0,1,0,0,-98,0,10,2,13587311,0,83,1,128,0,""[0,0,0,0,0,0,0,0,0,0,0,0,-4,12,-5,16,-4,16,-5,18,-5,19,-6,20,-6,18,-5,17,-5,15,-4,13,-3,10,-2,7,-1,4,0,1,2,-2,4,-5,6,-7,6,-9,7,-10,8,-11,8,-12,8,-12,8,-12,7,-12,7,-10,6,-9,0,0,3,-7,2,-5,1,-4,0,-2,-1,0,-3,1,-5,2,-6,3,-8,4,-8,4,-9,4,-9,4,-9,4,-9,3,-8,3,-8,2,-6,1,-5,1,-4,0,-3,-1,-1,-2,0,-2,2,-2,3,-2,4,-2,5,-1,0,0,0,0,0,0,0,0,0,0]"""
839,"CSI_DATA,838,8c:90:2d:97:93:77,-49,11,1,7,1,0,1,0,1,0,0,-98,0,10,2,13597589,0,83,1,128,0,""[0,0,0,0,0,0,0,0,0,0,0,0,-5,-13,-7,-15,-9,-17,-9,-18,-9,-20,-8,-19,-8,-19,-8,-18,-7,-16,-6,-14,-5,-11,-4,-8,-3,-4,-2,-1,-1,3,-1,5,-1,8,0,10,0,12,-1,13,0,14,-1,14,-1,14,-1,13,0,12,0,11,0,0,0,7,0,5,0,3,0,1,0,-2,1,-3,1,-6,2,-7,2,-8,3,-9,3,-9,4,-9,4,-9,4,-8,4,-8,4,-6,3,-5,3,-4,2,-3,1,-2,0,0,0,1,-2,2,-3,3,-4,3,-5,3,0,0,0,0,0,0,0,0,0,0]"""
840,"CSI_DATA,839,8c:90:2d:97:93:77,-49,11,1,7,1,0,1,0,1,0,0,-98,0,10,2,13607306,0,83,1,128,0,""[0,0,0,0,0,0,0,0,0,0,0,0,2,-14,3,-16,2,-18,3,-19,3,-20,3,-21,3,-20,3,-18,3,-16,2,-14,2,-11,1,-8,0,-5,-1,-2,-3,1,-4,4,-6,6,-7,8,-8,10,-8,11,-8,11,-9,11,-9,11,-8,10,-7,9,-6,9,0,0,-4,6,-3,4,-2,3,-1,1,1,-1,2,-2,3,-4,5,-5,6,-5,7,-6,8,-6,8,-5,8,-5,8,-5,7,-4,6,-3,5,-2,4,-2,3,-1,1,0,0,1,-1,1,-3,1,-4,1,-5,1,-6,0,0,0,0,0,0,0,0,0,0,0]"""
841,"CSI_DATA,840,8c:90:2d:97:93:77,-49,11,1,7,1,0,1,0,1,0,0,-98,0,10,2,13617170,0,83,1,128,0,""[0,0,0,0,0,0,0,0,0,0,0,0,-4,13,-4,15,-4,17,-5,18,-5,20,-5,19,-5,19,-5,17,-4,15,-4,13,-3,10,-2,7,-1,4,0,1,1,-2,3,-5,5,-8,5,-10,6,-11,7,-12,7,-12,7,-13,7,-13,7,-12,6,-11,5,-10,0,0,3,-7,2,-6,1,-4,-1,-2,-2,0,-3,2,-4,3,-5,4,-6,5,-7,6,-8,6,-8,6,-8,6,-8,5,-8,5,-7,3,-6,2,-5,1,-4,0,-2,0,-1,-2,0,-2,1,-3,2,-3,4,-3,5,-2,0,0,0,0,0,0,0,0,0,0]"""
842,"CSI_DATA,841,8c:90:2d:97:93:77,-49,11,1,7,1,0,1,0,1,0,0,-98,0,10,2,13627231,0,83,1,128,0,""[0,0,0,0,0,0,0,0,0,0,0,0,11,-3,14,-4,16,-5,17,-5,18,-6,18,-6,17,-6,16,-5,14,-5,12,-4,9,-2,6,-2,3,-2,0,-1,-3,0,-5,0,-8,0,-10,0,-12,0,-13,0,-14,0,-14,0,-14,0,-13,0,-12,0,-11,0,0,0,-7,0,-5,0,-3,0,-1,0,0,0,2,0,4,0,5,0,7,0,8,0,8,0,8,0,8,1,8,1,7,1,6,1,4,1,3,1,1,1,0,1,0,0,-1,0,-3,0,-4,0,-5,-1,-5,-2,0,0,0,0,0,0,0,0,0,0]"""
843,"CSI_DATA,842,8c:90:2d:97:93:77,-49,11,1,7,1,0,1,0,1,0,0,-98,0,10,2,13637310,0,83,1,128,0,""[0,0,0,0,0,0,0,0,0,0,0,0,1,12,2,16,3,17,3,19,3,19,3,20,2,19,2,18,2,16,1,13,1,10,1,7,1,4,1,0,1,-3,2,-6,3,-9,2,-10,3,-13,3,-14,3,-14,4,-14,3,-14,3,-14,3,-12,2,-11,0,0,1,-8,0,-6,0,-4,-1,-2,-1,0,-2,2,-3,4,-4,5,-5,6,-6,7,-7,7,-7,7,-7,7,-7,6,-6,5,-6,4,-5,3,-5,2,-4,1,-3,0,-1,-1,0,-2,1,-3,2,-3,4,-3,5,-3,0,0,0,0,0,0,0,0,0,0]"""
844,"CSI_DATA,843,8c:90:2d:97:93:77,-49,11,1,7,1,0,1,0,1,0,0,-98,0,10,2,13647706,0,83,1,128,0,""[0,0,0,0,0,0,0,0,0,0,0,0,-2,-14,-4,-16,-5,-18,-5,-19,-5,-21,-5,-21,-4,-20,-4,-18,-4,-16,-3,-14,-3,-11,-2,-8,-2,-5,-2,-2,-2,2,-2,5,-3,8,-2,10,-3,12,-3,13,-3,13,-4,13,-3,13,-3,13,-3,12,-2,10,0,0,-1,7,-1,5,0,3,0,1,0,-1,1,-3,2,-5,3,-6,4,-7,5,-8,5,-8,5,-9,5,-8,5,-8,5,-7,5,-6,4,-5,3,-4,3,-2,2,-1,0,0,-1,1,-2,2,-3,3,-5,3,-6,2,0,0,0,0,0,0,0,0,0,0]"""
845,"CSI_DATA,844,8c:90:2d:97:93:77,-49,11,1,7,1,0,1,0,1,0,0,-98,0,10,2,13657145,0,83,1,128,0,""[0,0,0,0,0,0,0,0,0,0,0,0,-10,-10,-12,-11,-15,-12,-16,-13,-16,-14,-16,-14,-15,-13,-14,-13,-13,-11,-11,-10,-9,-8,-7,-6,-5,-3,-2,0,1,2,1,5,3,7,4,9,5,11,6,12,6,12,6,13,6,12,6,12,5,10,5,9,0,0,4,6,3,4,2,2,1,1,0,-2,-1,-4,-1,-6,-2,-7,-1,-9,-2,-10,-1,-10,-1,-10,-1,-10,-1,-10,0,-9,0,-8,1,-7,1,-5,1,-4,1,-2,1,-1,0,1,0,3,-1,4,-1,5,-3,5,0,0,0,0,0,0,0,0,0,0]"""
846,"CSI_DATA,845,8c:90:2d:97:93:77,-49,11,1,7,1,0,1,0,1,0,0,-98,0,10,2,13667257,0,83,1,128,0,""[0,0,0,0,0,0,0,0,0,0,0,0,10,7,13,8,15,9,16,10,17,11,17,10,16,10,15,9,13,8,11,7,9,5,6,4,3,1,1,-1,-2,-3,-4,-5,-6,-7,-8,-8,-9,-11,-9,-11,-10,-11,-10,-12,-10,-11,-9,-11,-8,-10,-8,-9,0,0,-6,-6,-5,-4,-3,-3,-2,-1,0,1,1,3,2,4,3,5,3,7,3,8,3,8,3,9,3,9,3,8,2,8,1,7,0,5,0,5,-1,3,-1,2,-2,0,-2,-2,-2,-3,-2,-4,-2,-5,-1,-6,0,0,0,0,0,0,0,0,0,0]"""
847,"CSI_DATA,846,8c:90:2d:97:93:77,-49,11,1,7,1,0,1,0,1,0,0,-98,0,10,2,13677596,0,83,1,128,0,""[0,0,0,0,0,0,0,0,0,0,0,0,12,-4,14,-6,17,-6,18,-7,19,-7,19,-7,18,-7,17,-6,15,-5,13,-5,10,-4,7,-3,3,-3,0,-2,-3,-1,-6,-1,-9,-1,-11,0,-13,-1,-14,0,-15,0,-15,0,-15,0,-14,0,-13,0,-11,0,0,0,-8,0,-6,1,-4,0,-2,0,1,0,3,1,5,1,6,1,7,1,8,2,9,2,9,2,9,2,8,3,7,3,6,3,5,3,4,2,2,2,1,2,-1,1,-2,0,-4,-1,-5,-2,-5,-3,-5,-4,0,0,0,0,0,0,0,0,0,0]"""
848,"CSI_DATA,847,8c:90:2d:97:93:77,-49,11,1,7,1,0,1,0,1,0,0,-98,0,10,2,13687224,0,83,1,128,0,""[0,0,0,0,0,0,0,0,0,0,0,0,-2,13,-2,16,-2,17,-2,19,-2,20,-2,20,-2,19,-2,18,-2,16,-2,13,-2,10,-1,7,0,4,0,1,1,-3,2,-5,3,-8,4,-10,5,-12,5,-13,5,-13,5,-14,5,-13,5,-13,4,-12,3,-11,0,0,2,-8,1,-6,1,-4,-1,-2,-1,0,-3,2,-4,4,-4,5,-6,6,-6,7,-7,7,-7,7,-7,6,-7,6,-7,5,-6,4,-6,3,-5,2,-4,1,-3,0,-1,-2,0,-2,1,-3,2,-3,4,-4,5,-3,0,0,0,0,0,0,0,0,0,0]"""
849,"CSI_DATA,848,8c:90:2d:97:93:77,-49,11,1,7,1,0,1,0,1,0,0,-98,0,10,2,13697571,0,83,1,128,0,""[0,0,0,0,0,0,0,0,0,0,0,0,11,-3,14,-4,16,-4,17,-4,18,-5,18,-5,17,-5,16,-4,14,-4,12,-3,9,-2,6,-2,3,-1,0,-1,-3,0,-5,0,-8,0,-10,0,-12,0,-14,0,-14,0,-14,0,-14,0,-13,0,-12,0,-10,0,0,0,-7,0,-5,0,-3,0,-1,0,0,0,2,0,4,0,5,0,6,0,8,1,8,1,8,1,8,1,7,2,7,2,5,1,4,1,3,1,1,1,0,0,0,0,-1,0,-2,0,-3,-1,-4,-2,-4,-3,0,0,0,0,0,0,0,0,0,0]"""
850,"CSI_DATA,849,8c:90:2d:97:93:77,-49,11,1,7,1,0,1,0,1,0,0,-98,0,10,2,13707293,0,83,1,128,0,""[0,0,0,0,0,0,0,0,0,0,0,0,12,-6,14,-7,17,-8,18,-8,19,-8,19,-9,18,-8,17,-8,15,-7,12,-6,10,-5,7,-4,3,-3,0,-2,-4,-1,-6,0,-9,0,-11,1,-14,1,-15,1,-15,1,-15,1,-15,1,-14,1,-13,1,-12,1,0,0,-8,1,-6,1,-4,1,-2,0,1,0,3,0,5,0,6,0,8,0,9,0,9,1,9,1,9,1,9,1,8,2,7,2,5,2,4,1,3,2,1,1,-1,1,-2,0,-3,0,-5,-1,-6,-2,-6,-3,0,0,0,0,0,0,0,0,0,0]"""
851,"CSI_DATA,850,8c:90:2d:97:93:77,-49,11,1,7,1,0,1,0,1,0,0,-98,0,10,2,13717255,0,83,1,128,0,""[0,0,0,0,0,0,0,0,0,0,0,0,10,5,12,6,15,6,16,7,17,8,16,7,16,7,14,7,13,6,11,5,8,3,6,2,3,0,0,0,-1,-2,-3,-4,-5,-6,-7,-7,-8,-9,-8,-10,-9,-10,-9,-10,-9,-10,-8,-10,-8,-9,-7,-8,0,0,-5,-5,-4,-3,-2,-1,-1,0,0,0,0,2,1,3,1,4,2,6,2,7,2,7,2,8,1,8,1,7,1,7,0,6,0,4,0,3,0,2,0,1,-1,0,-1,-1,-1,-2,0,-4,0,-4,0,-5,0,0,0,0,0,0,0,0,0,0]"""
852,"CSI_DATA,851,8c:90:2d:97:93:77,-49,11,1,7,1,0,1,0,1,0,0,-98,0,10,2,13727948,0,83,1,128,0,""[0,0,0,0,0,0,0,0,0,0,0,0,-5,11,-6,13,-5,15,-6,16,-6,18,-7,17,-7,17,-6,15,-5,13,-5,12,-3,8,-2,6,-1,3,0,0,1,-1,3,-4,5,-6,6,-8,7,-8,7,-9,8,-9,8,-10,8,-10,8,-10,6,-9,5,-8,0,0,3,-6,2,-5,0,-3,0,-1,0,0,-2,0,-4,1,-5,2,-7,2,-7,3,-8,3,-8,3,-8,3,-8,2,-7,2,-6,1,-6,0,-4,0,-3,0,-1,0,0,-1,0,-1,1,-1,2,-1,4,-1,4,0,0,0,0,0,0,0,0,0,0,0]"""
853,"CSI_DATA,852,8c:90:2d:97:93:77,-49,11,1,7,1,0,1,0,1,0,0,-98,0,10,2,13737305,0,83,1,128,0,""[0,0,0,0,0,0,0,0,0,0,0,0,2,13,2,15,4,17,4,18,4,20,4,20,4,19,4,18,3,15,3,13,2,10,1,7,1,4,0,0,0,-3,0,-6,0,-9,0,-12,0,-13,-1,-14,-1,-15,0,-15,0,-15,-1,-14,-1,-13,-1,-11,0,0,-2,-8,-1,-6,-1,-4,-2,-2,-1,1,-1,3,-1,5,-1,6,-2,8,-2,9,-2,9,-3,9,-3,9,-3,8,-3,8,-3,6,-3,5,-3,4,-2,3,-2,1,-2,-1,-1,-3,-1,-4,0,-5,1,-6,2,-6,0,0,0,0,0,0,0,0,0,0]"""
854,"CSI_DATA,853,8c:90:2d:97:93:77,-49,11,1,7,1,0,1,0,1,0,0,-98,0,10,2,13747807,0,83,1,128,0,""[0,0,0,0,0,0,0,0,0,0,0,0,9,8,11,9,14,10,15,11,16,11,15,11,15,11,14,10,12,9,10,7,8,6,6,4,3,2,0,0,-2,-3,-4,-5,-5,-7,-7,-8,-9,-10,-9,-11,-10,-11,-10,-11,-10,-11,-9,-10,-9,-9,-8,-8,0,0,-6,-5,-5,-4,-3,-2,-2,-1,0,1,1,2,3,4,3,5,4,6,4,7,4,8,4,8,4,8,3,8,3,7,2,6,1,5,0,4,0,3,-1,2,-2,0,-2,-1,-3,-2,-3,-4,-2,-5,-2,-6,0,0,0,0,0,0,0,0,0,0]"""
855,"CSI_DATA,854,8c:90:2d:97:93:77,-49,11,1,7,1,0,1,0,1,0,0,-98,0,10,2,13757180,0,83,1,128,0,""[0,0,0,0,0,0,0,0,0,0,0,0,-10,-9,-12,-11,-15,-12,-16,-13,-16,-14,-16,-14,-15,-13,-14,-12,-13,-11,-11,-10,-9,-8,-7,-6,-4,-3,-2,-1,1,2,2,4,4,7,6,8,7,10,8,11,8,11,8,11,8,11,8,10,7,9,6,8,0,0,5,5,3,4,2,2,1,0,-1,-2,-2,-3,-3,-5,-4,-6,-4,-8,-5,-9,-5,-9,-5,-9,-4,-10,-4,-9,-3,-9,-3,-8,-2,-6,-1,-5,0,-4,0,-3,1,-1,1,1,1,2,1,3,1,4,0,5,0,0,0,0,0,0,0,0,0,0]"""
856,"CSI_DATA,855,8c:90:2d:97:93:77,-50,11,1,7,1,0,1,0,1,0,0,-98,0,10,2,13769290,0,83,1,128,0,""[0,0,0,0,0,0,0,0,0,0,0,0,4,11,6,13,7,15,8,16,8,17,7,17,7,17,6,15,6,14,4,11,3,9,2,6,1,2,0,0,0,-2,0,-5,0,-8,0,-10,0,-12,-1,-13,-1,-14,0,-14,0,-14,0,-13,0,-12,0,-11,0,0,-1,-7,-1,-5,0,-3,0,-1,0,0,0,2,-1,3,-1,5,-2,6,-3,7,-3,8,-3,8,-3,8,-3,7,-3,6,-3,5,-3,3,-2,3,-2,1,-2,0,-1,0,0,-1,0,-3,0,-3,1,-4,2,-4,0,0,0,0,0,0,0,0,0,0]"""
857,"CSI_DATA,856,8c:90:2d:97:93:77,-49,11,1,7,1,0,1,0,1,0,0,-98,0,10,2,13777229,0,83,1,128,0,""[0,0,0,0,0,0,0,0,0,0,0,0,3,-12,4,-15,4,-16,4,-17,4,-19,5,-18,5,-18,4,-16,4,-15,3,-13,2,-9,1,-7,0,-4,0,-1,-2,0,-4,3,-6,5,-7,7,-8,7,-8,8,-9,9,-9,9,-9,9,-9,8,-7,7,-7,6,0,0,-4,4,-3,3,-1,2,0,0,0,0,1,-1,3,-2,4,-2,6,-3,7,-4,7,-3,7,-3,7,-3,7,-2,7,-2,5,-1,5,-1,3,0,2,0,1,0,0,0,0,0,-2,0,-3,0,-5,0,-5,0,0,0,0,0,0,0,0,0,0,0]"""
858,"CSI_DATA,857,8c:90:2d:97:93:77,-49,11,1,7,1,0,1,0,1,0,0,-98,0,10,2,13787272,0,83,1,128,0,""[0,0,0,0,0,0,0,0,0,0,0,0,8,-9,10,-11,12,-12,13,-13,13,-14,13,-14,12,-14,11,-13,10,-11,8,-10,6,-7,4,-5,1,-3,0,-1,-2,0,-4,2,-6,4,-8,5,-10,6,-11,7,-11,7,-11,7,-11,8,-10,8,-9,7,-8,6,0,0,-5,4,-3,3,-2,1,0,0,0,0,1,-1,3,-3,4,-3,5,-4,6,-5,7,-5,7,-5,7,-5,6,-4,6,-4,5,-3,5,-2,3,-1,2,0,1,0,0,0,0,0,-1,1,-3,1,-4,1,-5,1,0,0,0,0,0,0,0,0,0,0]"""
859,"CSI_DATA,858,8c:90:2d:97:93:77,-49,11,1,7,1,0,1,0,1,0,0,-98,0,10,2,13797594,0,83,1,128,0,""[0,0,0,0,0,0,0,0,0,0,0,0,5,12,6,15,8,16,9,17,9,18,9,18,8,17,8,16,7,14,6,12,4,9,3,6,2,3,0,0,-1,-3,-2,-6,-2,-9,-3,-11,-4,-13,-4,-14,-5,-14,-5,-14,-4,-14,-5,-14,-4,-12,-4,-11,0,0,-4,-7,-3,-6,-2,-4,-2,-1,0,1,0,3,1,5,1,6,1,8,1,9,1,9,1,9,1,9,0,9,0,8,0,7,-1,6,-1,4,-1,3,-2,2,-2,0,-2,-2,-2,-3,-2,-5,-1,-6,0,-6,0,0,0,0,0,0,0,0,0,0]"""
860,"CSI_DATA,859,8c:90:2d:97:93:77,-49,11,1,7,1,0,1,0,1,0,0,-98,0,10,2,13807225,0,83,1,128,0,""[0,0,0,0,0,0,0,0,0,0,0,0,-11,4,-13,6,-15,6,-16,7,-16,8,-16,8,-16,7,-16,7,-13,6,-12,5,-9,3,-6,2,-3,1,0,0,1,0,4,0,7,-1,9,-2,11,-1,12,-2,12,-2,12,-2,12,-2,11,-2,10,-2,9,-2,0,0,5,-2,4,-1,2,-1,0,0,0,0,-3,0,-5,0,-6,0,-7,0,-9,0,-9,0,-9,0,-9,-1,-8,-1,-7,-1,-7,-1,-5,-1,-4,-1,-2,-1,-1,-1,0,-1,0,0,1,0,2,0,4,0,4,1,0,0,0,0,0,0,0,0,0,0]"""
861,"CSI_DATA,860,8c:90:2d:97:93:77,-49,11,1,7,1,0,1,0,1,0,0,-98,0,10,2,13817187,0,83,1,128,0,""[0,0,0,0,0,0,0,0,0,0,0,0,-13,-2,-16,-2,-18,-2,-19,-3,-20,-3,-20,-3,-19,-3,-18,-3,-15,-2,-13,-2,-11,-1,-8,-1,-4,0,-1,0,1,0,3,1,6,3,8,3,10,5,11,6,11,6,11,6,11,6,10,5,9,5,9,4,0,0,6,2,3,1,2,0,0,0,0,-1,-2,-2,-3,-3,-4,-4,-5,-5,-6,-6,-6,-7,-6,-7,-6,-7,-5,-7,-4,-7,-3,-6,-2,-5,-1,-4,0,-3,0,-2,0,-1,0,0,1,0,1,2,1,3,0,4,0,0,0,0,0,0,0,0,0,0]"""
862,"CSI_DATA,861,8c:90:2d:97:93:77,-49,11,1,7,1,0,1,0,1,0,0,-98,0,10,2,13827763,0,83,1,128,0,""[0,0,0,0,0,0,0,0,0,0,0,0,-10,-10,-12,-11,-15,-12,-16,-13,-16,-13,-16,-14,-16,-13,-15,-12,-13,-11,-11,-9,-9,-8,-6,-6,-4,-3,-1,0,1,3,2,4,4,7,5,8,6,10,7,11,7,12,7,12,7,12,7,11,6,10,6,9,0,0,4,5,3,4,2,2,1,0,0,-2,-2,-4,-2,-6,-3,-7,-3,-8,-3,-9,-3,-10,-3,-10,-3,-10,-2,-9,-2,-9,-1,-8,-1,-7,0,-6,0,-4,1,-3,1,-1,1,1,1,2,0,4,0,4,-1,5,0,0,0,0,0,0,0,0,0,0]"""
863,"CSI_DATA,862,8c:90:2d:97:93:77,-49,11,1,7,1,0,1,0,1,0,0,-98,0,10,2,13837329,0,83,1,128,0,""[0,0,0,0,0,0,0,0,0,0,0,0,-11,5,-14,7,-15,7,-17,8,-17,8,-18,9,-17,8,-16,7,-14,6,-12,5,-9,4,-6,2,-3,2,0,0,1,0,4,-1,7,-1,9,-3,11,-2,12,-2,12,-3,13,-2,12,-3,12,-3,10,-3,9,-3,0,0,6,-2,3,-2,2,-1,0,0,-1,0,-2,0,-5,0,-6,0,-8,0,-9,0,-9,0,-9,0,-9,0,-9,0,-8,0,-7,-1,-6,-1,-4,-1,-3,-1,-1,-1,0,-1,0,0,1,0,3,0,4,0,4,0,0,0,0,0,0,0,0,0,0,0]"""
864,"CSI_DATA,863,8c:90:2d:97:93:77,-49,11,1,7,1,0,1,0,1,0,0,-98,0,10,2,13847804,0,83,1,128,0,""[0,0,0,0,0,0,0,0,0,0,0,0,11,-2,14,-3,16,-4,18,-4,19,-4,19,-4,18,-4,16,-4,14,-3,12,-3,9,-2,6,-1,2,-1,0,-1,-2,0,-5,0,-8,0,-10,0,-12,0,-14,0,-14,0,-14,0,-14,0,-13,0,-12,0,-11,0,0,0,-7,0,-5,0,-3,0,-1,0,0,0,2,0,4,0,5,0,6,0,8,0,8,0,8,0,8,1,7,1,7,1,6,1,4,1,3,1,1,1,0,0,0,0,-1,0,-3,0,-4,0,-4,-1,-5,-2,0,0,0,0,0,0,0,0,0,0]"""
865,"CSI_DATA,864,8c:90:2d:97:93:77,-49,11,1,7,1,0,1,0,1,0,0,-98,0,10,2,13857233,0,83,1,128,0,""[0,0,0,0,0,0,0,0,0,0,0,0,7,10,9,12,11,13,12,15,12,15,12,16,11,15,10,14,9,12,8,10,6,8,4,6,2,3,1,0,-1,-3,-2,-6,-2,-9,-4,-10,-4,-13,-5,-13,-5,-14,-5,-14,-5,-14,-5,-13,-4,-12,-4,-11,0,0,-4,-8,-3,-5,-2,-3,-2,-2,-1,1,0,3,0,5,0,6,0,8,-1,8,-1,9,-1,9,-1,9,-2,9,-2,8,-2,7,-2,5,-2,4,-2,3,-2,1,-2,-1,-2,-2,-1,-3,0,-5,1,-5,2,-6,0,0,0,0,0,0,0,0,0,0]"""
866,"CSI_DATA,865,8c:90:2d:97:93:77,-49,11,1,7,1,0,1,0,1,0,0,-98,0,10,2,13867307,0,83,1,128,0,""[0,0,0,0,0,0,0,0,0,0,0,0,-12,-1,-15,-1,-18,-1,-19,-1,-20,-1,-20,-1,-19,-1,-18,-1,-15,-1,-13,-1,-10,-1,-7,0,-4,0,0,0,1,0,3,1,6,2,8,2,10,3,11,4,12,4,12,4,12,4,11,3,10,3,9,2,0,0,6,0,4,0,2,0,0,0,0,0,-2,-1,-4,-3,-5,-3,-6,-4,-7,-5,-7,-5,-7,-5,-7,-6,-6,-6,-6,-5,-5,-5,-3,-4,-2,-4,-1,-3,0,-2,0,-1,0,0,1,0,2,1,2,2,2,3,0,0,0,0,0,0,0,0,0,0]"""
867,"CSI_DATA,866,8c:90:2d:97:93:77,-49,11,1,7,1,0,1,0,1,0,0,-98,0,10,2,13878227,0,83,1,128,0,""[0,0,0,0,0,0,0,0,0,0,0,0,4,12,5,14,7,16,8,17,8,18,7,18,7,17,6,16,6,14,5,12,4,9,3,6,2,3,0,0,0,-3,0,-6,-1,-9,-2,-11,-2,-13,-2,-14,-2,-14,-2,-14,-2,-14,-2,-14,-2,-12,-2,-11,0,0,-2,-8,-2,-6,-2,-4,-1,-2,-1,1,-1,3,-1,5,-1,6,-2,7,-2,8,-2,9,-2,9,-2,9,-2,8,-3,8,-3,7,-3,5,-3,4,-2,2,-2,1,-2,-1,-1,-2,-1,-3,0,-5,1,-5,2,-5,0,0,0,0,0,0,0,0,0,0]"""
868,"CSI_DATA,867,8c:90:2d:97:93:77,-49,11,1,7,1,0,1,0,1,0,0,-98,0,10,2,13887296,0,83,1,128,0,""[0,0,0,0,0,0,0,0,0,0,0,0,7,11,8,13,10,15,11,15,12,17,11,16,11,16,10,14,9,13,8,11,6,8,4,6,2,3,0,0,-1,-3,-2,-6,-4,-9,-5,-10,-5,-12,-6,-13,-6,-14,-6,-14,-6,-14,-6,-13,-6,-12,-6,-10,0,0,-5,-7,-4,-5,-2,-3,-2,-2,0,1,1,3,1,5,2,6,2,8,2,8,2,9,2,9,2,9,1,9,1,8,0,7,-1,6,-1,4,-1,3,-1,2,-2,0,-2,-2,-2,-3,-2,-5,-1,-6,0,-6,0,0,0,0,0,0,0,0,0,0]"""
869,"CSI_DATA,868,8c:90:2d:97:93:77,-49,11,1,7,1,0,1,0,1,0,0,-98,0,10,2,13897609,0,83,1,128,0,""[0,0,0,0,0,0,0,0,0,0,0,0,-3,-14,-4,-16,-5,-18,-6,-19,-6,-20,-5,-20,-5,-20,-5,-18,-4,-16,-4,-14,-3,-11,-3,-8,-2,-5,-1,-2,-1,2,-2,5,-1,8,0,10,-1,12,-1,13,0,14,-1,14,-1,14,0,13,-1,12,0,11,0,0,0,7,0,5,0,3,0,1,0,-2,0,-4,0,-6,0,-7,1,-8,2,-9,2,-10,2,-10,2,-10,2,-9,2,-8,2,-7,2,-6,2,-5,2,-3,1,-2,1,0,0,1,0,3,-1,4,-3,4,-4,5,0,0,0,0,0,0,0,0,0,0]"""
870,"CSI_DATA,869,8c:90:2d:97:93:77,-49,11,1,7,1,0,1,0,1,0,0,-98,0,10,2,13907232,0,83,1,128,0,""[0,0,0,0,0,0,0,0,0,0,0,0,8,10,10,12,12,13,13,14,13,15,13,15,12,14,12,13,10,12,8,10,7,8,5,6,3,3,1,0,-1,-3,-2,-6,-3,-8,-4,-10,-5,-12,-5,-13,-6,-14,-5,-14,-5,-14,-5,-13,-5,-12,-5,-11,0,0,-4,-7,-3,-6,-2,-4,-2,-2,-1,1,0,3,0,5,0,6,0,7,0,8,-1,9,-1,9,-1,9,-1,9,-2,8,-2,7,-2,5,-2,4,-2,3,-2,1,-2,-1,-1,-2,-1,-3,0,-5,1,-5,2,-6,0,0,0,0,0,0,0,0,0,0]"""
871,"CSI_DATA,870,8c:90:2d:97:93:77,-49,11,1,7,1,0,1,0,1,0,0,-98,0,10,2,13917300,0,83,1,128,0,""[0,0,0,0,0,0,0,0,0,0,0,0,-8,-11,-10,-13,-12,-15,-13,-16,-14,-17,-13,-16,-12,-16,-12,-15,-10,-13,-9,-11,-7,-9,-6,-7,-4,-4,-2,-1,0,3,1,5,2,7,3,9,4,11,4,12,5,13,4,13,4,13,4,12,4,11,4,10,0,0,3,6,2,4,1,2,1,1,0,-2,-1,-4,-1,-6,-1,-7,-1,-8,-1,-9,-1,-10,-1,-10,-1,-10,0,-10,0,-9,0,-8,1,-6,1,-6,1,-4,1,-2,1,0,1,1,0,3,0,4,-1,5,-2,5,0,0,0,0,0,0,0,0,0,0]"""
872,"CSI_DATA,871,8c:90:2d:97:93:77,-49,11,1,7,1,0,1,0,1,0,0,-98,0,10,2,13927242,0,83,1,128,0,""[0,0,0,0,0,0,0,0,0,0,0,0,-1,13,-1,16,0,18,0,19,0,20,-1,21,-1,19,-1,18,-1,16,-1,14,0,11,0,8,0,4,0,1,1,-3,2,-6,3,-9,3,-11,4,-12,4,-13,4,-14,5,-14,4,-14,4,-14,3,-12,3,-11,0,0,1,-8,1,-6,0,-4,-1,-2,-1,0,-2,2,-4,4,-4,5,-6,6,-6,7,-6,7,-7,7,-6,7,-7,7,-7,6,-6,5,-5,4,-4,2,-4,1,-3,0,-1,-1,0,-2,1,-3,2,-4,4,-4,5,-4,0,0,0,0,0,0,0,0,0,0]"""
873,"CSI_DATA,872,8c:90:2d:97:93:77,-49,11,1,7,1,0,1,0,1,0,0,-98,0,10,2,13937299,0,83,1,128,0,""[0,0,0,0,0,0,0,0,0,0,0,0,11,2,13,2,16,3,17,3,18,3,18,3,17,3,16,3,14,2,12,2,9,1,6,0,3,0,0,-1,-1,-2,-3,-3,-5,-5,-7,-6,-9,-8,-10,-9,-10,-9,-10,-9,-10,-9,-10,-8,-9,-7,-8,-6,0,0,-6,-4,-4,-3,-3,-1,-1,0,0,0,0,2,1,3,2,5,2,6,2,6,2,7,2,7,2,7,1,7,1,7,0,5,0,4,0,3,0,2,0,1,-1,0,-1,-1,0,-2,0,-4,0,-4,0,-5,0,0,0,0,0,0,0,0,0,0]"""
874,"CSI_DATA,873,8c:90:2d:97:93:77,-49,11,1,7,1,0,1,0,1,0,1,-98,0,10,2,13947702,0,83,1,128,0,""[0,0,0,0,0,0,0,0,0,0,0,0,-8,9,-10,11,-11,13,-12,14,-12,15,-13,15,-13,14,-11,12,-10,11,-9,9,-6,7,-4,5,-2,3,0,0,1,0,4,-1,7,-3,8,-4,10,-4,11,-5,11,-5,12,-5,12,-5,11,-5,10,-4,9,-4,0,0,5,-3,4,-2,2,-2,0,-1,0,0,-3,0,-5,0,-6,0,-8,0,-9,0,-9,0,-9,0,-9,-1,-9,-1,-8,-1,-7,-2,-5,-2,-4,-1,-2,-1,-1,-1,0,-1,0,0,1,0,2,0,3,1,3,2,0,0,0,0,0,0,0,0,0,0]"""
875,"CSI_DATA,874,8c:90:2d:97:93:77,-49,11,1,7,1,0,1,0,1,0,1,-98,0,10,2,13957315,0,83,1,128,0,""[0,0,0,0,0,0,0,0,0,0,0,0,11,-2,14,-2,16,-3,18,-3,19,-3,19,-3,18,-3,16,-3,14,-3,12,-2,9,-1,6,-1,3,-1,0,0,-2,0,-5,0,-8,0,-10,0,-12,0,-13,0,-14,0,-14,0,-14,0,-13,0,-12,0,-10,0,0,0,-7,0,-5,0,-3,0,-1,0,0,0,2,0,4,0,5,0,6,0,8,0,8,1,8,1,8,1,7,1,6,1,5,2,4,1,3,1,1,1,0,0,0,0,-1,0,-3,0,-3,0,-4,-1,-4,-2,0,0,0,0,0,0,0,0,0,0]"""
876,"CSI_DATA,875,8c:90:2d:97:93:77,-49,11,1,7,1,0,1,0,1,0,1,-98,0,10,2,13967227,0,83,1,128,0,""[0,0,0,0,0,0,0,0,0,0,0,0,-5,11,-6,14,-6,15,-6,16,-7,18,-7,18,-7,17,-6,16,-5,14,-5,12,-4,9,-2,6,-1,3,0,0,0,-1,2,-4,3,-7,4,-9,5,-10,6,-11,6,-11,6,-12,6,-12,6,-11,5,-10,4,-9,0,0,2,-6,1,-5,0,-3,0,-1,0,0,-2,1,-3,2,-4,4,-5,5,-6,6,-6,6,-6,6,-6,5,-6,5,-6,4,-5,3,-5,2,-4,1,-3,0,-2,0,-1,-1,0,-1,0,-2,1,-3,2,-3,4,-2,0,0,0,0,0,0,0,0,0,0]"""
877,"CSI_DATA,876,8c:90:2d:97:93:77,-49,11,1,7,1,0,1,0,1,0,1,-98,0,10,2,13977361,0,83,1,128,0,""[0,0,0,0,0,0,0,0,0,0,0,0,-2,13,-2,16,-1,18,-1,19,-1,21,-2,20,-2,20,-2,18,-2,16,-2,14,-1,11,-1,7,0,4,0,1,1,-3,2,-6,4,-8,4,-11,4,-12,5,-13,5,-14,5,-14,6,-14,5,-13,5,-12,4,-11,0,0,2,-8,1,-6,0,-4,-1,-2,-1,0,-3,2,-4,4,-5,5,-6,6,-7,7,-7,6,-8,6,-8,6,-7,5,-7,5,-6,4,-6,3,-5,2,-4,1,-3,0,-1,-2,0,-2,1,-3,3,-3,4,-3,5,-3,0,0,0,0,0,0,0,0,0,0]"""
878,"CSI_DATA,877,8c:90:2d:97:93:77,-49,11,1,7,1,0,1,0,1,0,1,-98,0,10,2,13987273,0,83,1,128,0,""[0,0,0,0,0,0,0,0,0,0,0,0,-11,-8,-13,-10,-15,-10,-17,-12,-17,-12,-17,-12,-16,-12,-15,-11,-13,-10,-11,-8,-9,-7,-7,-5,-4,-3,-2,-1,1,2,2,4,4,7,6,7,7,10,8,10,8,11,8,11,8,11,8,10,7,9,7,8,0,0,5,5,3,3,2,2,1,0,-1,-2,-2,-4,-3,-6,-4,-7,-4,-8,-4,-9,-4,-9,-4,-10,-4,-10,-4,-9,-3,-9,-2,-8,-1,-6,-1,-6,0,-4,0,-3,1,-1,1,1,1,2,1,3,1,5,0,5,0,0,0,0,0,0,0,0,0,0]"""
879,"CSI_DATA,878,8c:90:2d:97:93:77,-49,11,1,7,1,0,1,0,1,0,1,-98,0,10,2,13997488,0,83,1,128,0,""[0,0,0,0,0,0,0,0,0,0,0,0,-13,-3,-16,-3,-19,-3,-20,-4,-22,-4,-21,-4,-20,-4,-19,-4,-16,-3,-15,-3,-11,-2,-9,-2,-5,0,-2,0,2,2,4,3,7,4,9,4,11,6,12,6,12,6,12,7,12,6,12,6,10,5,10,4,0,0,7,3,5,1,3,0,1,0,-1,-2,-3,-3,-4,-4,-6,-5,-7,-6,-7,-7,-7,-7,-7,-8,-7,-8,-6,-8,-6,-7,-5,-7,-4,-6,-2,-5,-1,-4,0,-3,1,-2,1,0,2,2,2,3,2,4,2,5,0,0,0,0,0,0,0,0,0,0]"""
880,"CSI_DATA,879,8c:90:2d:97:93:77,-49,11,1,7,1,0,1,0,1,0,1,-98,0,10,2,14007368,0,83,1,128,0,""[0,0,0,0,0,0,0,0,0,0,0,0,-7,-12,-8,-15,-10,-16,-10,-17,-11,-18,-10,-18,-9,-18,-9,-17,-8,-15,-7,-13,-6,-10,-4,-7,-3,-4,-2,-1,-1,2,0,5,0,8,1,10,1,12,1,13,1,13,1,14,1,13,2,13,1,11,1,11,0,0,1,7,1,5,0,3,1,1,0,-2,0,-4,0,-6,1,-7,1,-9,1,-10,1,-10,2,-10,2,-10,2,-9,2,-8,3,-7,3,-6,2,-5,2,-3,1,-2,1,0,0,1,-1,3,-2,3,-3,4,-4,4,0,0,0,0,0,0,0,0,0,0]"""
881,"CSI_DATA,880,8c:90:2d:97:93:77,-49,11,1,7,1,0,1,0,1,0,1,-98,0,10,2,14017271,0,83,1,128,0,""[0,0,0,0,0,0,0,0,0,0,0,0,0,13,0,16,1,18,1,19,1,20,0,20,0,20,0,18,0,16,0,14,0,11,0,7,0,4,0,1,1,-3,2,-6,3,-9,2,-11,3,-12,3,-14,4,-14,4,-14,4,-14,3,-14,3,-13,2,-11,0,0,1,-8,1,-6,0,-4,-1,-2,-1,0,-2,2,-3,4,-4,5,-5,7,-5,7,-6,8,-6,8,-6,8,-6,7,-6,6,-6,5,-5,4,-4,3,-4,1,-2,0,-2,-1,0,-3,1,-3,2,-4,3,-4,4,-4,0,0,0,0,0,0,0,0,0,0]"""
882,"CSI_DATA,881,8c:90:2d:97:93:77,-49,11,1,7,1,0,1,0,1,0,1,-98,0,10,2,14027242,0,83,1,128,0,""[0,0,0,0,0,0,0,0,0,0,0,0,5,11,7,14,8,15,9,17,10,17,9,17,8,17,8,16,7,14,6,11,5,9,4,7,3,3,1,0,0,-4,0,-6,0,-9,-1,-11,-1,-13,-1,-14,-1,-14,0,-15,-1,-14,-1,-14,-1,-12,-1,-11,0,0,-1,-8,-1,-6,-1,-4,-2,-2,-2,0,-2,2,-2,4,-3,6,-4,7,-4,8,-5,8,-5,8,-5,8,-5,7,-5,6,-5,6,-4,4,-4,3,-3,1,-2,0,-1,-1,0,-2,1,-3,2,-4,3,-4,4,-4,0,0,0,0,0,0,0,0,0,0]"""
883,"CSI_DATA,882,8c:90:2d:97:93:77,-49,11,1,7,1,0,1,0,1,0,1,-98,0,10,2,14037242,0,83,1,128,0,""[0,0,0,0,0,0,0,0,0,0,0,0,-8,9,-9,12,-10,13,-11,14,-11,14,-12,15,-12,14,-11,13,-9,11,-8,9,-6,7,-4,5,-1,3,0,1,1,0,4,-2,7,-3,8,-4,10,-5,11,-5,11,-6,12,-5,11,-6,10,-5,9,-5,8,-4,0,0,5,-3,3,-3,2,-2,0,-1,-1,0,-3,0,-4,0,-6,0,-7,0,-8,0,-9,0,-9,0,-9,0,-8,0,-8,-1,-6,-1,-5,-1,-4,-1,-2,-1,-1,-1,0,-1,0,0,1,0,2,0,3,0,3,1,0,0,0,0,0,0,0,0,0,0]"""
884,"CSI_DATA,883,8c:90:2d:97:93:77,-49,11,1,7,1,0,1,0,1,0,0,-98,0,10,2,14047806,0,83,1,128,0,""[0,0,0,0,0,0,0,0,0,0,0,0,-3,-14,-4,-16,-5,-18,-5,-19,-6,-20,-5,-20,-5,-20,-5,-18,-4,-16,-4,-14,-3,-11,-3,-8,-2,-5,-1,-1,-1,2,-1,5,-1,8,0,10,0,12,0,13,0,14,0,14,0,14,0,13,0,12,0,10,0,0,1,7,1,5,0,3,0,0,0,-2,0,-4,0,-6,0,-7,0,-9,1,-10,1,-10,1,-10,1,-10,2,-9,2,-9,2,-8,2,-6,2,-5,1,-3,1,-2,1,0,1,1,0,3,-1,4,-2,5,-3,5,0,0,0,0,0,0,0,0,0,0]"""
885,"CSI_DATA,884,8c:90:2d:97:93:77,-49,11,1,7,1,0,1,0,1,0,0,-98,0,10,2,14057264,0,83,1,128,0,""[0,0,0,0,0,0,0,0,0,0,0,0,6,11,7,14,9,15,10,16,10,17,10,17,9,17,9,15,8,13,6,11,5,9,4,6,2,3,0,0,-1,-3,-2,-6,-2,-9,-3,-11,-4,-13,-5,-14,-5,-14,-5,-14,-5,-14,-5,-14,-4,-12,-4,-11,0,0,-4,-7,-3,-6,-2,-4,-2,-2,0,1,0,3,0,5,1,6,0,8,0,9,0,9,0,9,0,9,-1,9,-1,8,-1,7,-2,6,-2,4,-2,3,-2,1,-2,0,-2,-2,-1,-4,-1,-5,0,-6,1,-6,0,0,0,0,0,0,0,0,0,0]"""
886,"CSI_DATA,885,8c:90:2d:97:93:77,-49,11,1,7,1,0,1,0,1,0,0,-98,0,10,2,14067325,0,83,1,128,0,""[0,0,0,0,0,0,0,0,0,0,0,0,10,-6,12,-7,14,-8,15,-9,16,-9,16,-9,16,-9,14,-8,12,-7,10,-6,8,-5,5,-3,2,-3,0,-1,-3,0,-5,0,-8,1,-10,2,-11,1,-13,2,-13,2,-13,2,-13,2,-12,2,-11,2,-10,2,0,0,-7,1,-4,1,-2,0,-1,0,0,0,2,0,4,0,5,0,7,-1,7,-1,8,0,8,0,8,0,8,0,7,0,6,0,5,0,3,0,2,0,0,0,0,0,-1,0,-3,0,-4,0,-5,0,-5,-1,0,0,0,0,0,0,0,0,0,0]"""
887,"CSI_DATA,886,8c:90:2d:97:93:77,-49,11,1,7,1,0,1,0,1,0,0,-98,0,10,2,14077352,0,83,1,128,0,""[0,0,0,0,0,0,0,0,0,0,0,0,-13,-2,-16,-2,-18,-2,-20,-2,-21,-2,-21,-2,-19,-2,-18,-2,-16,-2,-14,-1,-11,-1,-8,-1,-5,0,-1,0,2,1,4,1,7,2,9,2,11,4,12,4,13,4,13,4,13,3,12,3,11,3,10,2,0,0,7,1,5,0,3,0,1,0,-1,-1,-3,-2,-5,-3,-7,-3,-8,-4,-9,-4,-9,-5,-9,-5,-9,-5,-8,-5,-7,-5,-6,-5,-5,-4,-4,-4,-3,-4,-1,-3,0,-2,1,-1,2,0,3,2,4,2,4,3,0,0,0,0,0,0,0,0,0,0]"""
888,"CSI_DATA,887,8c:90:2d:97:93:77,-49,11,1,7,1,0,1,0,1,0,0,-98,0,10,2,14087299,0,83,1,128,0,""[0,0,0,0,0,0,0,0,0,0,0,0,12,2,14,2,18,2,19,2,19,3,19,3,19,3,17,3,15,2,13,2,10,1,7,1,4,-1,0,-1,-3,-2,-5,-3,-8,-4,-10,-4,-12,-6,-13,-6,-13,-6,-14,-6,-13,-6,-13,-6,-12,-5,-11,-4,0,0,-8,-3,-6,-2,-4,-1,-2,-1,0,0,2,1,4,2,5,3,6,3,7,4,7,5,7,5,7,5,6,5,6,5,5,5,4,4,2,3,1,3,0,2,-2,1,-3,-1,-3,-2,-4,-3,-4,-4,-4,-5,0,0,0,0,0,0,0,0,0,0]"""
889,"CSI_DATA,888,8c:90:2d:97:93:77,-49,11,1,7,1,0,1,0,1,0,0,-98,0,10,2,14097540,0,83,1,128,0,""[0,0,0,0,0,0,0,0,0,0,0,0,-8,7,-11,10,-12,11,-13,11,-13,12,-14,13,-13,12,-12,11,-11,9,-9,8,-7,6,-5,4,-2,2,0,0,1,0,3,-2,6,-3,7,-5,9,-5,10,-6,10,-6,11,-6,10,-6,10,-6,8,-5,8,-5,0,0,5,-4,3,-3,1,-2,0,-1,0,0,-2,0,-4,0,-6,1,-7,1,-8,1,-8,1,-9,1,-9,1,-8,0,-8,0,-7,0,-5,0,-4,0,-3,0,-1,-1,0,-1,0,-1,1,-1,2,0,4,0,4,0,0,0,0,0,0,0,0,0,0,0]"""
890,"CSI_DATA,889,8c:90:2d:97:93:77,-49,11,1,7,1,0,1,0,1,0,0,-98,0,10,2,14107520,0,83,1,128,0,""[0,0,0,0,0,0,0,0,0,0,0,0,10,7,12,8,15,10,16,10,17,11,16,10,15,10,15,9,13,9,11,7,9,5,6,4,3,1,0,-1,-2,-3,-4,-5,-6,-7,-8,-8,-9,-10,-10,-10,-10,-11,-10,-11,-10,-11,-10,-10,-9,-9,-9,-8,0,0,-7,-5,-5,-4,-3,-2,-2,-1,0,1,1,2,3,4,3,5,4,6,5,7,5,7,5,8,5,8,4,8,3,7,2,7,2,5,1,4,0,3,-1,2,-2,0,-2,-2,-3,-3,-3,-4,-3,-5,-2,-6,0,0,0,0,0,0,0,0,0,0]"""
891,"CSI_DATA,890,8c:90:2d:97:93:77,-49,11,1,7,1,0,1,0,1,0,0,-98,0,10,2,14117141,0,83,1,128,0,""[0,0,0,0,0,0,0,0,0,0,0,0,-12,-7,-14,-7,-17,-8,-18,-8,-19,-9,-18,-9,-18,-9,-17,-8,-15,-7,-13,-6,-10,-5,-8,-4,-4,-2,-1,0,2,2,3,3,5,5,7,6,9,8,10,8,10,8,10,9,10,8,10,8,9,7,8,6,0,0,5,4,4,2,2,1,1,0,-1,-2,-3,-3,-4,-4,-5,-6,-6,-7,-6,-8,-6,-8,-6,-8,-6,-8,-5,-8,-5,-8,-4,-7,-3,-6,-2,-5,-1,-4,0,-3,1,-1,1,0,2,2,2,3,2,4,1,5,0,0,0,0,0,0,0,0,0,0]"""
892,"CSI_DATA,891,8c:90:2d:97:93:77,-49,11,1,7,1,0,1,0,1,0,0,-98,0,10,2,14127234,0,83,1,128,0,""[0,0,0,0,0,0,0,0,0,0,0,0,-12,-2,-15,-3,-18,-3,-19,-3,-20,-3,-19,-3,-18,-4,-17,-4,-15,-3,-13,-2,-10,-2,-7,-1,-4,0,-1,0,0,1,3,2,5,3,7,4,8,6,9,7,10,7,10,7,10,7,9,6,8,5,8,5,0,0,5,2,4,1,2,0,0,0,0,-1,-1,-2,-2,-4,-3,-5,-4,-6,-4,-7,-5,-7,-5,-8,-4,-8,-3,-8,-3,-7,-2,-7,-1,-5,0,-4,0,-3,0,-2,0,0,0,0,0,1,0,2,0,3,0,4,0,0,0,0,0,0,0,0,0,0]"""
893,"CSI_DATA,892,8c:90:2d:97:93:77,-49,11,1,7,1,0,1,0,1,0,0,-98,0,10,2,14137339,0,83,1,128,0,""[0,0,0,0,0,0,0,0,0,0,0,0,4,10,6,12,8,14,9,15,9,16,8,16,7,15,7,14,6,12,5,11,4,8,3,5,1,2,0,0,0,-3,0,-5,0,-8,0,-10,0,-12,0,-13,-1,-13,0,-13,0,-13,-1,-12,0,-11,0,-10,0,0,-1,-7,0,-5,0,-3,-1,-1,0,0,0,1,-1,3,-1,5,-2,6,-2,7,-3,7,-3,7,-3,7,-3,7,-4,6,-3,5,-3,3,-2,2,-2,1,-1,0,-1,0,0,-1,0,-2,0,-3,2,-3,3,-3,0,0,0,0,0,0,0,0,0,0]"""
894,"CSI_DATA,893,8c:90:2d:97:93:77,-49,11,1,7,1,0,1,0,1,0,0,-98,0,10,2,14147823,0,83,1,128,0,""[0,0,0,0,0,0,0,0,0,0,0,0,-13,-1,-16,-1,-19,-1,-20,-1,-21,-1,-20,-1,-20,-1,-18,-1,-16,0,-14,0,-11,-1,-8,-1,-5,0,-1,0,2,1,5,1,7,2,10,1,11,3,13,3,13,2,13,3,13,3,12,2,11,2,10,1,0,0,7,0,5,0,3,-1,1,-1,-2,-1,-4,-2,-6,-2,-7,-3,-8,-3,-9,-4,-9,-4,-10,-5,-9,-5,-9,-5,-8,-5,-7,-4,-6,-4,-4,-4,-3,-3,-2,-3,0,-2,2,-1,3,0,3,1,4,2,4,3,0,0,0,0,0,0,0,0,0,0]"""
895,"CSI_DATA,894,8c:90:2d:97:93:77,-49,11,1,7,1,0,1,0,1,0,0,-98,0,10,2,14157197,0,83,1,128,0,""[0,0,0,0,0,0,0,0,0,0,0,0,12,2,15,2,18,2,19,2,20,2,19,2,19,2,17,2,15,2,13,1,10,1,7,1,4,0,0,-1,-3,-2,-5,-2,-8,-4,-10,-4,-12,-5,-13,-6,-14,-6,-14,-6,-13,-5,-13,-5,-12,-4,-11,-4,0,0,-8,-2,-6,-2,-4,-1,-2,-1,0,1,2,1,4,2,6,3,6,3,7,4,8,4,8,5,8,5,7,5,6,4,5,4,4,4,3,3,1,3,0,2,-1,1,-3,-1,-3,-2,-4,-3,-5,-3,-5,-5,0,0,0,0,0,0,0,0,0,0]"""
896,"CSI_DATA,895,8c:90:2d:97:93:77,-49,11,1,7,1,0,1,0,1,0,0,-98,0,10,2,14167150,0,83,1,128,0,""[0,0,0,0,0,0,0,0,0,0,0,0,-8,8,-10,11,-11,12,-12,13,-12,13,-13,14,-12,13,-11,12,-10,10,-8,9,-6,6,-4,4,-2,2,0,0,1,0,3,-3,6,-4,7,-6,9,-6,9,-7,10,-7,10,-8,10,-8,9,-7,8,-7,7,-6,0,0,4,-5,3,-4,1,-2,0,0,0,0,-2,0,-4,1,-5,1,-7,2,-7,3,-8,3,-9,2,-8,2,-8,2,-7,1,-6,0,-5,0,-4,0,-3,0,-1,0,0,-1,0,-1,1,-1,2,-1,3,-1,4,-1,0,0,0,0,0,0,0,0,0,0]"""
897,"CSI_DATA,896,8c:90:2d:97:93:77,-49,11,1,7,1,0,1,0,1,0,0,-98,0,10,2,14178761,0,83,1,128,0,""[0,0,0,0,0,0,0,0,0,0,0,0,3,10,4,13,6,14,7,16,7,16,6,17,6,16,5,15,5,13,3,11,3,8,2,5,1,2,0,0,0,-2,0,-5,0,-8,0,-9,0,-12,0,-13,0,-13,0,-14,0,-13,0,-13,0,-11,0,-10,0,0,0,-7,0,-5,0,-3,-1,-1,0,0,0,1,-1,4,-1,5,-2,6,-3,7,-3,7,-3,7,-4,7,-4,6,-3,6,-3,4,-3,3,-3,2,-2,1,-1,0,-1,0,0,-1,0,-2,0,-3,2,-3,3,-3,0,0,0,0,0,0,0,0,0,0]"""
898,"CSI_DATA,897,8c:90:2d:97:93:77,-49,11,1,7,1,0,1,0,1,0,0,-98,0,10,2,14187255,0,83,1,128,0,""[0,0,0,0,0,0,0,0,0,0,0,0,-2,13,-1,16,-1,17,-1,18,-1,20,-2,20,-2,19,-2,18,-2,15,-2,13,-1,10,-1,8,0,4,1,1,2,-2,4,-5,5,-7,6,-9,7,-10,8,-11,8,-12,8,-12,8,-12,8,-11,7,-10,6,-9,0,0,4,-7,3,-6,2,-4,0,-2,-2,-1,-3,0,-5,2,-6,2,-8,3,-9,3,-10,3,-10,3,-10,2,-9,2,-9,1,-8,0,-7,0,-5,0,-4,-1,-2,-1,-1,-1,1,-2,2,-1,4,-1,4,0,5,1,0,0,0,0,0,0,0,0,0,0]"""
899,"CSI_DATA,898,8c:90:2d:97:93:77,-49,11,1,7,1,0,1,0,1,0,0,-98,0,10,2,14197532,0,83,1,128,0,""[0,0,0,0,0,0,0,0,0,0,0,0,-7,-12,-9,-14,-11,-16,-11,-18,-11,-19,-11,-19,-10,-19,-10,-16,-9,-14,-8,-12,-6,-10,-5,-7,-3,-4,-2,-1,0,3,1,5,1,8,2,10,3,12,3,13,4,13,3,13,3,13,3,13,3,11,3,10,0,0,2,6,2,5,1,3,1,1,0,-2,-1,-4,-1,-6,-1,-7,-1,-9,-1,-10,-1,-10,-1,-10,-1,-10,0,-10,0,-9,1,-8,1,-7,1,-5,1,-4,1,-2,1,-1,1,1,0,3,0,4,-1,5,-2,5,0,0,0,0,0,0,0,0,0,0]"""
900,"CSI_DATA,899,8c:90:2d:97:93:77,-49,11,1,7,1,0,1,0,1,0,0,-98,0,10,2,14207230,0,83,1,128,0,""[0,0,0,0,0,0,0,0,0,0,0,0,-1,13,-1,16,0,18,0,20,0,21,-1,22,-1,20,-1,19,-1,16,-1,13,0,10,0,7,0,4,0,1,1,-3,1,-6,2,-9,2,-11,3,-13,3,-14,3,-14,4,-14,3,-14,3,-14,2,-13,2,-11,0,0,1,-8,0,-6,0,-4,-1,-2,-1,0,-2,2,-3,4,-3,6,-4,7,-5,8,-5,8,-5,8,-6,8,-5,7,-6,6,-5,5,-5,4,-4,3,-3,1,-3,0,-2,-1,-1,-2,0,-4,1,-4,3,-5,4,-5,0,0,0,0,0,0,0,0,0,0]"""
901,"CSI_DATA,900,8c:90:2d:97:93:77,-49,11,1,7,1,0,1,0,1,0,0,-98,0,10,2,14217299,0,83,1,128,0,""[0,0,0,0,0,0,0,0,0,0,0,0,2,-13,2,-16,2,-17,2,-19,2,-20,3,-20,3,-20,3,-18,2,-16,2,-14,1,-11,0,-8,0,-5,-2,-2,-3,1,-4,4,-6,6,-7,8,-8,9,-8,10,-9,11,-8,11,-9,11,-8,10,-7,9,-7,8,0,0,-4,6,-3,5,-2,3,0,1,0,-1,2,-2,3,-3,5,-4,6,-5,7,-5,8,-5,8,-5,8,-4,8,-4,7,-4,6,-3,5,-2,4,-1,3,-1,1,0,0,0,-2,1,-3,1,-4,1,-6,0,-6,-1,0,0,0,0,0,0,0,0,0,0]"""
902,"CSI_DATA,901,8c:90:2d:97:93:77,-49,11,1,7,1,0,1,0,1,0,0,-98,0,10,2,14227311,0,83,1,128,0,""[0,0,0,0,0,0,0,0,0,0,0,0,-4,-13,-6,-16,-7,-18,-7,-19,-8,-20,-7,-20,-6,-19,-6,-18,-5,-16,-5,-14,-4,-11,-4,-8,-3,-5,-2,-1,-2,3,-2,5,-3,8,-2,10,-3,12,-3,13,-3,14,-3,14,-3,13,-3,13,-2,11,-2,10,0,0,-1,7,-1,5,-1,3,1,1,0,-1,1,-3,2,-5,3,-6,4,-7,5,-8,5,-8,6,-8,6,-8,6,-7,5,-6,5,-5,4,-4,4,-3,3,-2,2,-1,0,0,-1,1,-2,2,-4,2,-5,2,-6,1,0,0,0,0,0,0,0,0,0,0]"""
903,"CSI_DATA,902,8c:90:2d:97:93:77,-49,11,1,7,1,0,1,0,1,0,0,-98,0,10,2,14237531,0,83,1,128,0,""[0,0,0,0,0,0,0,0,0,0,0,0,-12,0,-15,0,-18,0,-19,0,-20,0,-19,0,-19,0,-17,0,-15,0,-13,0,-10,0,-7,0,-4,0,0,0,1,0,4,0,6,1,9,1,11,2,12,2,12,2,12,2,12,2,12,1,10,1,9,1,0,0,6,0,4,0,2,0,0,0,0,-1,-2,-1,-4,-2,-5,-3,-6,-3,-7,-4,-8,-4,-8,-4,-8,-5,-7,-4,-6,-4,-5,-4,-4,-4,-3,-3,-1,-3,0,-2,0,-1,0,0,1,0,2,1,2,2,2,3,0,0,0,0,0,0,0,0,0,0]"""
904,"CSI_DATA,903,8c:90:2d:97:93:77,-49,11,1,7,1,0,1,0,1,0,0,-98,0,10,2,14247801,0,83,1,128,0,""[0,0,0,0,0,0,0,0,0,0,0,0,9,8,12,9,14,11,15,11,16,12,16,12,15,11,14,10,12,9,11,8,8,6,6,4,3,2,0,-1,-2,-3,-3,-5,-5,-8,-7,-9,-8,-11,-9,-12,-9,-12,-9,-12,-9,-12,-9,-11,-8,-10,-8,-9,0,0,-6,-6,-4,-4,-3,-3,-2,-1,0,0,1,3,2,4,3,5,3,6,4,7,4,8,4,8,3,8,2,8,2,8,2,7,1,5,0,5,0,3,-1,2,-2,0,-2,-2,-3,-3,-3,-4,-2,-6,-1,-6,0,0,0,0,0,0,0,0,0,0]"""
905,"CSI_DATA,904,8c:90:2d:97:93:77,-49,11,1,7,1,0,1,0,1,0,0,-98,0,10,2,14257237,0,83,1,128,0,""[0,0,0,0,0,0,0,0,0,0,0,0,10,7,12,9,15,10,15,10,16,11,16,11,15,11,14,10,12,9,11,7,8,6,6,4,3,1,0,-1,-2,-3,-3,-5,-5,-7,-7,-8,-9,-10,-10,-11,-10,-11,-10,-11,-10,-11,-9,-11,-8,-9,-8,-8,0,0,-6,-6,-5,-4,-3,-2,-2,-1,0,1,1,2,2,4,3,5,4,6,4,8,4,8,4,8,4,8,3,8,3,7,2,6,1,5,1,4,0,3,-1,2,-2,0,-2,-2,-3,-3,-3,-4,-2,-5,-2,-6,0,0,0,0,0,0,0,0,0,0]"""
906,"CSI_DATA,905,8c:90:2d:97:93:77,-49,11,1,7,1,0,1,0,1,0,0,-98,0,10,2,14267302,0,83,1,128,0,""[0,0,0,0,0,0,0,0,0,0,0,0,-2,-14,-3,-17,-4,-19,-4,-20,-5,-21,-4,-21,-4,-20,-4,-19,-4,-17,-3,-14,-2,-11,-2,-8,-2,-5,-2,-1,-1,2,-2,5,-2,8,-2,10,-2,12,-3,13,-2,14,-3,14,-3,14,-2,13,-2,12,-1,10,0,0,-1,7,0,5,0,3,0,1,0,-2,1,-3,1,-6,2,-7,3,-8,3,-9,4,-9,4,-10,4,-9,4,-9,4,-8,4,-7,3,-6,3,-4,2,-3,1,-1,0,0,0,1,-1,2,-2,3,-4,4,-5,3,0,0,0,0,0,0,0,0,0,0]"""
907,"CSI_DATA,906,8c:90:2d:97:93:77,-49,11,1,7,1,0,1,0,1,0,0,-98,0,10,2,14277233,0,83,1,128,0,""[0,0,0,0,0,0,0,0,0,0,0,0,-10,-9,-12,-10,-15,-11,-16,-12,-17,-13,-16,-13,-15,-13,-14,-12,-12,-10,-10,-9,-9,-7,-7,-6,-4,-3,-1,0,1,2,2,5,3,7,5,8,6,10,6,11,7,11,6,11,6,11,6,11,6,10,5,9,0,0,4,5,3,4,2,2,1,0,0,-2,-2,-4,-2,-6,-2,-7,-2,-8,-3,-9,-2,-10,-2,-10,-2,-10,-2,-9,-1,-9,-1,-8,0,-6,0,-5,0,-4,1,-3,1,-1,1,1,1,3,0,4,-1,5,-1,5,0,0,0,0,0,0,0,0,0,0]"""
908,"CSI_DATA,907,8c:90:2d:97:93:77,-49,11,1,7,1,0,1,0,1,0,0,-98,0,10,2,14289289,0,83,1,128,0,""[0,0,0,0,0,0,0,0,0,0,0,0,-12,0,-15,0,-16,0,-18,0,-18,0,-18,0,-18,0,-16,0,-15,0,-13,0,-10,0,-7,0,-4,0,0,0,1,0,3,0,7,1,8,1,11,2,11,2,12,2,12,2,12,2,11,2,10,1,9,1,0,0,6,0,4,0,2,0,0,0,0,-1,-2,-1,-4,-2,-5,-3,-6,-3,-7,-4,-7,-4,-8,-4,-7,-5,-7,-4,-6,-5,-5,-4,-4,-3,-2,-3,-1,-2,0,-2,0,0,0,0,1,0,2,1,2,2,2,3,0,0,0,0,0,0,0,0,0,0]"""
909,"CSI_DATA,908,8c:90:2d:97:93:77,-49,11,1,7,1,0,1,0,1,0,0,-98,0,10,2,14297532,0,83,1,128,0,""[0,0,0,0,0,0,0,0,0,0,0,0,-4,-13,-5,-16,-7,-18,-7,-19,-7,-20,-7,-20,-6,-19,-6,-18,-5,-16,-5,-14,-4,-11,-3,-8,-2,-5,-1,-1,-1,2,-1,5,-1,8,0,10,0,12,0,13,0,14,0,14,0,14,0,13,1,12,1,10,0,0,1,7,0,5,0,3,0,1,0,-2,0,-4,0,-6,0,-7,1,-9,1,-10,1,-10,1,-10,1,-10,2,-9,2,-9,2,-7,2,-6,2,-5,2,-3,1,-2,1,0,0,2,0,3,-1,4,-2,5,-3,5,0,0,0,0,0,0,0,0,0,0]"""
910,"CSI_DATA,909,8c:90:2d:97:93:77,-49,11,1,7,1,0,1,0,1,0,0,-98,0,10,2,14307166,0,83,1,128,0,""[0,0,0,0,0,0,0,0,0,0,0,0,6,-10,8,-13,9,-13,10,-15,10,-16,11,-16,10,-15,9,-14,8,-12,7,-10,5,-8,3,-6,1,-4,0,-1,-2,0,-4,2,-6,4,-8,6,-9,6,-10,7,-10,7,-11,7,-10,7,-10,7,-8,6,-7,6,0,0,-5,4,-3,3,-2,2,0,0,0,0,1,-1,3,-2,4,-3,6,-4,6,-4,7,-4,7,-4,7,-4,7,-3,6,-3,6,-2,4,-1,3,0,2,0,1,0,0,0,0,0,-2,0,-3,1,-5,0,-5,0,0,0,0,0,0,0,0,0,0,0]"""
911,"CSI_DATA,910,8c:90:2d:97:93:77,-49,11,1,7,1,0,1,0,1,0,0,-98,0,10,2,14317195,0,83,1,128,0,""[0,0,0,0,0,0,0,0,0,0,0,0,-7,9,-9,12,-10,13,-11,14,-11,15,-11,15,-11,14,-10,13,-9,11,-7,10,-6,7,-4,5,-1,3,0,0,1,0,3,-3,5,-5,6,-7,8,-7,9,-8,9,-9,9,-9,9,-9,8,-8,7,-8,6,-7,0,0,3,-5,2,-4,1,-2,0,-1,-1,0,-2,0,-4,1,-5,2,-6,3,-7,3,-8,3,-8,3,-8,3,-8,2,-7,2,-7,1,-6,0,-4,0,-3,0,-2,0,0,-1,0,-1,1,-2,2,-1,3,-1,4,-1,0,0,0,0,0,0,0,0,0,0]"""
912,"CSI_DATA,911,8c:90:2d:97:93:77,-49,11,1,7,1,0,1,0,1,0,0,-98,0,10,2,14327202,0,83,1,128,0,""[0,0,0,0,0,0,0,0,0,0,0,0,-9,8,-10,10,-12,11,-13,12,-13,13,-13,13,-13,13,-12,12,-10,10,-9,8,-7,6,-5,4,-2,2,0,0,1,0,3,-2,6,-4,7,-6,9,-6,9,-7,10,-7,10,-7,10,-7,9,-7,8,-6,7,-5,0,0,4,-4,3,-3,1,-2,0,-1,-1,0,-2,0,-4,0,-6,1,-7,2,-8,2,-8,2,-9,2,-8,2,-8,1,-8,1,-7,0,-5,0,-4,0,-3,0,-1,0,0,-1,0,-1,1,-1,2,-1,3,-1,4,0,0,0,0,0,0,0,0,0,0,0]"""
913,"CSI_DATA,912,8c:90:2d:97:93:77,-49,11,1,7,1,0,1,0,1,0,0,-98,0,10,2,14337197,0,83,1,128,0,""[0,0,0,0,0,0,0,0,0,0,0,0,-4,-13,-5,-16,-6,-18,-7,-19,-7,-20,-6,-20,-7,-19,-6,-18,-5,-16,-4,-14,-4,-11,-3,-8,-2,-5,-1,-1,-1,2,-1,5,-1,8,0,10,0,12,0,13,1,14,0,14,0,14,0,13,0,12,1,10,0,0,1,7,1,5,0,3,0,1,0,-2,0,-4,0,-6,0,-7,0,-8,1,-10,1,-10,1,-10,1,-10,1,-10,2,-9,2,-7,2,-6,2,-5,1,-3,1,-2,1,0,0,1,0,2,-1,4,-2,5,-3,5,0,0,0,0,0,0,0,0,0,0]"""
914,"CSI_DATA,913,8c:90:2d:97:93:77,-49,11,1,7,1,0,1,0,1,0,0,-98,0,10,2,14347807,0,83,1,128,0,""[0,0,0,0,0,0,0,0,0,0,0,0,11,0,14,0,16,0,17,0,17,0,17,0,17,0,16,0,14,0,12,0,9,0,6,0,3,0,0,-1,-2,-2,-4,-2,-7,-3,-9,-3,-11,-5,-12,-5,-12,-5,-13,-6,-12,-5,-12,-5,-11,-4,-10,-4,0,0,-7,-2,-5,-1,-3,0,-1,0,0,0,0,1,2,2,3,3,5,4,5,5,5,5,5,5,5,6,4,5,4,5,2,5,1,3,1,3,0,2,0,1,0,0,-1,0,-1,-1,-2,-3,-2,-4,-1,-5,0,0,0,0,0,0,0,0,0,0]"""
915,"CSI_DATA,914,8c:90:2d:97:93:77,-49,11,1,7,1,0,1,0,1,0,0,-98,0,10,2,14357279,0,83,1,128,0,""[0,0,0,0,0,0,0,0,0,0,0,0,7,8,9,9,12,11,13,12,13,12,13,12,12,12,11,11,10,10,8,8,6,6,4,4,2,1,0,0,0,-2,-1,-5,-2,-7,-4,-9,-4,-11,-5,-12,-5,-13,-5,-13,-4,-13,-5,-12,-4,-11,-4,-10,0,0,-3,-6,-2,-4,-1,-2,-1,-1,0,0,0,2,0,4,0,5,0,7,0,8,0,8,0,8,0,8,-1,7,-1,7,-1,6,-1,4,-1,3,-1,2,-1,0,-1,0,0,-1,0,-2,0,-4,0,-4,1,-4,0,0,0,0,0,0,0,0,0,0]"""
916,"CSI_DATA,915,8c:90:2d:97:93:77,-49,11,1,7,1,0,1,0,1,0,0,-98,0,10,2,14367206,0,83,1,128,0,""[0,0,0,0,0,0,0,0,0,0,0,0,10,7,12,8,15,9,16,10,17,11,16,10,16,10,15,9,13,8,11,7,8,5,6,4,3,1,0,-1,-2,-3,-4,-5,-5,-7,-8,-8,-9,-10,-10,-11,-10,-11,-10,-11,-10,-11,-10,-11,-9,-9,-8,-8,0,0,-6,-6,-5,-4,-3,-3,-2,-1,0,1,1,2,2,4,3,5,4,6,4,7,4,8,4,8,4,8,3,8,3,7,2,6,1,5,0,4,0,3,-1,2,-2,0,-2,-2,-3,-3,-3,-4,-2,-5,-2,-6,0,0,0,0,0,0,0,0,0,0]"""
917,"CSI_DATA,916,8c:90:2d:97:93:77,-49,11,1,7,1,0,1,0,1,0,0,-98,0,10,2,14377154,0,83,1,128,0,""[0,0,0,0,0,0,0,0,0,0,0,0,-12,-5,-15,-6,-18,-7,-19,-8,-20,-8,-19,-7,-19,-7,-17,-7,-15,-6,-13,-5,-11,-4,-8,-3,-5,-1,-1,0,2,1,4,3,6,4,8,5,10,7,11,7,11,7,11,7,11,7,11,7,10,6,9,5,0,0,6,3,4,2,2,1,1,0,-1,-2,-3,-3,-5,-4,-6,-5,-6,-6,-7,-7,-7,-7,-7,-8,-7,-8,-6,-7,-6,-7,-5,-7,-4,-6,-3,-5,-2,-4,-1,-3,1,-2,2,0,2,1,2,2,3,4,2,5,0,0,0,0,0,0,0,0,0,0]"""
918,"CSI_DATA,917,8c:90:2d:97:93:77,-49,11,1,7,1,0,1,0,1,0,0,-98,0,10,2,14387349,0,83,1,128,0,""[0,0,0,0,0,0,0,0,0,0,0,0,12,0,15,0,18,0,19,0,20,0,20,0,19,0,18,0,15,0,13,-1,10,0,8,0,4,-1,0,-1,-3,-2,-5,-2,-9,-3,-10,-2,-13,-4,-14,-4,-14,-4,-14,-4,-14,-4,-14,-3,-12,-3,-11,-2,0,0,-8,-1,-6,-1,-4,-1,-2,-1,0,0,3,1,5,2,6,2,7,3,8,3,8,3,8,3,8,4,8,4,7,4,6,4,4,3,3,3,2,2,0,2,-1,1,-2,0,-3,-1,-4,-2,-5,-3,-5,-4,0,0,0,0,0,0,0,0,0,0]"""
919,"CSI_DATA,918,8c:90:2d:97:93:77,-49,11,1,7,1,0,1,0,1,0,0,-98,0,10,2,14397491,0,83,1,128,0,""[0,0,0,0,0,0,0,0,0,0,0,0,-2,-13,-3,-16,-5,-18,-5,-19,-5,-20,-4,-20,-4,-20,-4,-18,-4,-16,-3,-14,-3,-11,-3,-8,-2,-5,-1,-1,-1,2,-1,5,-1,8,-1,10,-1,12,-1,13,0,13,-1,14,0,14,-1,13,0,12,0,10,0,0,0,7,0,5,0,3,0,1,0,-1,0,-3,0,-5,1,-7,1,-9,1,-10,2,-10,2,-10,2,-10,2,-9,2,-9,2,-7,2,-6,2,-5,2,-3,1,-2,1,0,1,1,0,3,-1,4,-2,5,-3,5,0,0,0,0,0,0,0,0,0,0]"""
920,"CSI_DATA,919,8c:90:2d:97:93:77,-49,11,1,7,1,0,1,0,1,0,0,-98,0,10,2,14407154,0,83,1,128,0,""[0,0,0,0,0,0,0,0,0,0,0,0,4,12,5,15,7,16,8,17,8,18,8,18,7,18,7,16,6,14,5,12,4,10,3,7,2,3,0,0,-1,-3,-1,-6,-1,-9,-2,-11,-2,-13,-3,-14,-3,-15,-3,-15,-3,-14,-3,-14,-3,-13,-3,-11,0,0,-3,-8,-2,-6,-2,-4,-2,-1,-1,1,0,3,0,5,0,6,-1,8,-1,9,-1,9,-1,9,-1,9,-2,8,-2,8,-2,7,-2,5,-2,4,-2,3,-2,1,-2,-1,-2,-2,-1,-3,-1,-5,1,-6,1,-6,0,0,0,0,0,0,0,0,0,0]"""
921,"CSI_DATA,920,8c:90:2d:97:93:77,-49,11,1,7,1,0,1,0,1,0,0,-98,0,10,2,14417243,0,83,1,128,0,""[0,0,0,0,0,0,0,0,0,0,0,0,1,12,1,15,3,17,3,18,4,19,3,20,3,19,2,17,2,15,2,13,1,10,1,7,1,4,0,0,0,-3,0,-6,1,-9,0,-11,0,-13,0,-14,0,-15,0,-15,0,-14,0,-14,0,-13,0,-11,0,0,-1,-8,-1,-6,-1,-4,-1,-2,-1,1,-1,2,-1,5,-2,6,-2,8,-3,8,-3,9,-3,9,-3,9,-3,8,-3,7,-3,6,-3,5,-3,4,-3,2,-2,1,-2,-1,-1,-2,-1,-3,0,-5,1,-5,3,-6,0,0,0,0,0,0,0,0,0,0]"""
922,"CSI_DATA,921,8c:90:2d:97:93:77,-49,11,1,7,1,0,1,0,1,0,0,-98,0,10,2,14427146,0,83,1,128,0,""[0,0,0,0,0,0,0,0,0,0,0,0,6,-13,7,-15,8,-16,8,-17,9,-18,9,-18,9,-18,8,-16,7,-15,7,-13,5,-10,3,-7,1,-5,-1,-2,-3,1,-5,3,-8,5,-9,7,-10,7,-11,8,-11,8,-12,8,-12,8,-11,8,-10,7,-9,6,0,0,-6,5,-4,4,-3,2,-1,1,0,0,2,-1,4,-2,6,-3,8,-3,8,-4,9,-3,9,-3,9,-3,8,-2,8,-2,7,-1,6,-1,4,0,3,0,1,0,0,1,-2,1,-3,0,-4,0,-6,-1,-6,-1,0,0,0,0,0,0,0,0,0,0]"""
923,"CSI_DATA,922,8c:90:2d:97:93:77,-49,11,1,7,1,0,1,0,1,0,0,-98,0,10,2,14437270,0,83,1,128,0,""[0,0,0,0,0,0,0,0,0,0,0,0,12,0,15,0,17,1,19,1,19,1,19,1,18,1,17,1,15,1,13,0,10,0,7,0,4,-1,1,-2,-3,-3,-5,-4,-8,-5,-10,-5,-11,-7,-12,-7,-13,-8,-13,-8,-13,-7,-12,-7,-11,-6,-10,-6,0,0,-7,-4,-6,-2,-4,-2,-2,0,0,1,1,2,3,4,3,5,4,6,5,7,5,7,5,8,4,8,4,7,3,7,2,6,2,5,1,4,0,3,-1,2,-2,0,-2,-2,-2,-3,-2,-4,-2,-5,-1,-6,0,0,0,0,0,0,0,0,0,0]"""
924,"CSI_DATA,923,8c:90:2d:97:93:77,-49,11,1,7,1,0,1,0,1,0,1,-98,0,10,2,14447817,0,83,1,128,0,""[0,0,0,0,0,0,0,0,0,0,0,0,6,-14,7,-17,8,-18,8,-20,9,-20,9,-20,9,-20,9,-18,7,-16,6,-14,5,-11,3,-8,1,-6,-1,-3,-3,0,-6,3,-8,5,-10,7,-12,7,-12,8,-13,9,-13,8,-13,8,-13,8,-11,7,-10,7,0,0,-7,4,-5,4,-3,3,-1,1,0,0,3,-1,5,-2,7,-2,8,-2,9,-2,10,-2,10,-2,10,-1,9,-1,9,-1,7,0,6,0,5,1,3,1,1,1,-1,1,-2,0,-3,0,-5,-1,-6,-2,-6,-3,0,0,0,0,0,0,0,0,0,0]"""
925,"CSI_DATA,924,8c:90:2d:97:93:77,-49,11,1,7,1,0,1,0,1,0,1,-98,0,10,2,14457173,0,83,1,128,0,""[0,0,0,0,0,0,0,0,0,0,0,0,4,-13,5,-16,4,-17,5,-18,5,-19,6,-20,6,-18,6,-17,5,-15,4,-13,3,-11,2,-8,1,-5,-1,-2,-3,1,-5,3,-7,5,-8,7,-9,8,-10,8,-11,9,-11,9,-11,9,-10,9,-9,8,-8,7,0,0,-5,5,-4,4,-3,3,-1,1,1,0,2,-1,4,-2,6,-2,7,-3,8,-3,9,-3,9,-3,9,-3,8,-2,8,-1,7,-1,5,0,4,0,3,0,1,0,0,1,-2,0,-3,0,-4,0,-6,-1,-6,-2,0,0,0,0,0,0,0,0,0,0]"""
926,"CSI_DATA,925,8c:90:2d:97:93:77,-49,11,1,7,1,0,1,0,1,0,1,-98,0,10,2,14467295,0,83,1,128,0,""[0,0,0,0,0,0,0,0,0,0,0,0,12,-1,15,-1,17,-1,19,-1,19,-1,19,-1,19,-1,17,-1,15,-1,13,-1,10,-1,7,0,4,-1,1,-2,-3,-2,-5,-2,-8,-4,-10,-4,-12,-6,-13,-6,-13,-6,-14,-6,-13,-5,-13,-6,-12,-5,-11,-4,0,0,-8,-3,-6,-2,-4,-1,-2,-1,0,1,2,2,3,3,5,4,5,5,6,5,6,6,7,7,6,7,5,6,5,6,4,6,3,5,1,4,0,3,0,2,-1,0,-2,-1,-3,-3,-3,-4,-3,-5,-2,-6,0,0,0,0,0,0,0,0,0,0]"""
927,"CSI_DATA,926,8c:90:2d:97:93:77,-49,11,1,7,1,0,1,0,1,0,1,-98,0,10,2,14477215,0,83,1,128,0,""[0,0,0,0,0,0,0,0,0,0,0,0,7,10,9,12,12,13,13,14,13,15,13,14,12,14,12,13,10,11,9,10,7,7,5,5,2,3,0,0,-2,-3,-3,-5,-4,-8,-6,-10,-7,-12,-7,-12,-8,-13,-8,-13,-8,-13,-7,-12,-7,-11,-6,-10,0,0,-5,-7,-4,-5,-3,-3,-2,-1,0,1,1,3,2,4,2,6,2,7,3,8,3,8,3,9,2,9,2,8,2,8,1,7,0,5,0,4,-1,3,-1,2,-2,0,-2,-2,-2,-3,-2,-4,-2,-6,-1,-6,0,0,0,0,0,0,0,0,0,0]"""
928,"CSI_DATA,927,8c:90:2d:97:93:77,-49,11,1,7,1,0,1,0,1,0,1,-98,0,10,2,14487209,0,83,1,128,0,""[0,0,0,0,0,0,0,0,0,0,0,0,-12,0,-15,0,-17,0,-19,0,-19,0,-20,0,-19,0,-17,0,-15,0,-13,0,-10,0,-7,0,-4,0,0,0,1,0,3,0,6,1,9,1,10,2,11,2,12,2,12,2,12,2,12,2,10,1,9,1,0,0,6,0,4,0,2,0,0,0,0,0,-2,-1,-4,-2,-6,-2,-7,-3,-7,-3,-8,-4,-8,-4,-8,-4,-7,-4,-6,-4,-5,-4,-4,-3,-3,-3,-2,-2,0,-2,0,-1,0,0,1,0,2,1,3,2,3,3,0,0,0,0,0,0,0,0,0,0]"""
929,"CSI_DATA,928,8c:90:2d:97:93:77,-49,11,1,7,1,0,1,0,1,0,1,-98,0,10,2,14497599,0,83,1,128,0,""[0,0,0,0,0,0,0,0,0,0,0,0,6,10,9,13,10,14,11,15,12,16,11,16,11,15,10,14,9,12,8,11,6,8,5,6,3,3,1,0,-1,-3,-2,-6,-3,-9,-5,-10,-5,-12,-6,-13,-6,-14,-6,-14,-6,-14,-6,-13,-5,-12,-5,-11,0,0,-4,-7,-3,-5,-2,-3,-2,-2,0,1,0,3,1,5,1,6,1,7,1,8,1,9,1,9,1,9,0,8,0,8,0,7,-1,6,-1,5,-2,3,-2,2,-2,0,-2,-2,-2,-3,-1,-5,-1,-6,0,-6,0,0,0,0,0,0,0,0,0,0]"""
930,"CSI_DATA,929,8c:90:2d:97:93:77,-49,11,1,7,1,0,1,0,1,0,1,-98,0,10,2,14507246,0,83,1,128,0,""[0,0,0,0,0,0,0,0,0,0,0,0,12,-2,14,-3,18,-3,18,-3,20,-3,19,-4,19,-3,17,-3,15,-3,13,-3,10,-2,7,-1,3,-2,0,-2,-3,-1,-6,-1,-8,-1,-11,-1,-13,-2,-14,-2,-14,-1,-15,-2,-15,-1,-14,-1,-13,-1,-11,-1,0,0,-8,0,-6,0,-4,0,-2,0,1,0,3,0,5,1,6,1,7,1,9,1,9,2,9,2,9,2,8,2,7,3,6,3,5,2,3,2,2,2,1,1,-1,1,-2,0,-4,-1,-5,-2,-5,-2,-6,-3,0,0,0,0,0,0,0,0,0,0]"""
931,"CSI_DATA,930,8c:90:2d:97:93:77,-49,11,1,7,1,0,1,0,1,0,1,-98,0,10,2,14517137,0,83,1,128,0,""[0,0,0,0,0,0,0,0,0,0,0,0,9,-8,11,-10,13,-11,14,-12,15,-13,14,-13,14,-12,13,-11,12,-9,10,-9,7,-6,5,-5,2,-3,0,-2,-3,0,-6,0,-8,0,-11,1,-12,1,-13,1,-14,1,-14,1,-14,1,-13,1,-12,1,-10,1,0,0,-7,0,-5,0,-3,0,-1,0,0,0,2,0,4,0,5,0,7,0,8,1,8,1,8,2,8,2,7,2,6,2,5,2,4,2,2,2,1,1,0,0,0,0,-1,0,-2,0,-3,-2,-4,-3,-4,-4,0,0,0,0,0,0,0,0,0,0]"""
932,"CSI_DATA,931,8c:90:2d:97:93:77,-49,11,1,7,1,0,1,0,1,0,1,-98,0,10,2,14527255,0,83,1,128,0,""[0,0,0,0,0,0,0,0,0,0,0,0,2,12,3,15,5,17,5,18,5,19,5,19,4,19,4,17,3,15,3,13,3,10,2,7,1,4,1,0,1,-3,2,-6,2,-9,2,-11,2,-13,3,-14,3,-14,3,-14,3,-15,3,-14,2,-12,2,-11,0,0,1,-8,1,-6,0,-4,-1,-2,-2,0,-3,2,-4,4,-5,5,-6,6,-7,6,-7,7,-7,7,-7,6,-7,6,-7,5,-6,4,-6,3,-5,2,-4,1,-3,0,-1,-1,0,-2,1,-3,3,-3,4,-3,5,-2,0,0,0,0,0,0,0,0,0,0]"""
933,"CSI_DATA,932,8c:90:2d:97:93:77,-49,11,1,7,1,0,1,0,1,0,1,-98,0,10,2,14537189,0,83,1,128,0,""[0,0,0,0,0,0,0,0,0,0,0,0,12,1,15,1,17,2,19,2,19,2,19,2,18,2,17,2,15,2,13,1,10,1,7,1,4,-1,0,-2,-3,-2,-5,-3,-8,-4,-10,-5,-12,-6,-13,-7,-13,-7,-13,-7,-13,-7,-12,-6,-11,-6,-10,-5,0,0,-7,-3,-6,-2,-4,-1,-2,-1,0,1,2,2,3,3,4,4,6,4,6,5,6,6,6,6,6,6,5,6,5,6,4,5,3,4,1,4,1,3,-1,2,-1,0,-2,-1,-3,-2,-3,-4,-3,-5,-3,-6,0,0,0,0,0,0,0,0,0,0]"""
934,"CSI_DATA,933,8c:90:2d:97:93:77,-49,11,1,7,1,0,1,0,1,0,0,-98,0,10,2,14547780,0,83,1,128,0,""[0,0,0,0,0,0,0,0,0,0,0,0,-1,-14,-1,-17,-2,-18,-2,-19,-2,-21,-2,-21,-1,-20,-2,-19,-1,-17,-1,-14,-1,-12,-1,-8,-1,-5,-1,-2,-1,2,-3,5,-3,8,-3,10,-4,12,-4,13,-4,13,-4,13,-4,13,-3,13,-3,11,-3,10,0,0,-2,7,-1,5,-1,3,0,1,0,-1,1,-3,2,-5,2,-7,4,-8,4,-9,4,-9,5,-9,5,-9,5,-8,5,-7,4,-6,4,-5,3,-4,2,-3,2,-1,0,0,0,1,-2,3,-3,3,-4,3,-5,3,0,0,0,0,0,0,0,0,0,0]"""
935,"CSI_DATA,934,8c:90:2d:97:93:77,-49,11,1,7,1,0,1,0,1,0,0,-98,0,10,2,14557233,0,83,1,128,0,""[0,0,0,0,0,0,0,0,0,0,0,0,-8,11,-9,13,-9,14,-10,15,-10,16,-11,17,-11,16,-10,15,-9,13,-8,11,-6,9,-4,6,-3,4,0,1,2,-2,4,-4,6,-6,7,-8,9,-8,9,-9,10,-10,10,-10,10,-10,9,-10,8,-9,7,-8,0,0,4,-6,3,-5,2,-4,0,-2,-1,-1,-3,1,-5,2,-6,3,-8,3,-8,4,-9,4,-9,4,-9,4,-9,3,-8,2,-7,2,-6,1,-5,1,-4,0,-2,-1,-1,-2,0,-2,2,-2,3,-2,5,-2,5,-1,0,0,0,0,0,0,0,0,0,0]"""
936,"CSI_DATA,935,8c:90:2d:97:93:77,-49,11,1,7,1,0,1,0,1,0,0,-98,0,10,2,14567223,0,83,1,128,0,""[0,0,0,0,0,0,0,0,0,0,0,0,2,-13,2,-16,2,-17,2,-18,2,-19,2,-19,2,-19,2,-17,1,-15,1,-13,1,-10,0,-7,0,-4,0,-1,-1,0,-3,3,-5,5,-6,7,-6,9,-7,10,-7,10,-7,10,-7,10,-7,10,-6,8,-5,8,0,0,-3,5,-2,4,-1,2,0,0,0,0,1,-2,3,-3,3,-4,5,-5,6,-5,6,-5,7,-5,7,-4,6,-4,6,-3,5,-2,4,-2,3,-1,2,0,1,0,0,0,0,0,-2,0,-3,0,-4,0,-5,0,0,0,0,0,0,0,0,0,0,0]"""
937,"CSI_DATA,936,8c:90:2d:97:93:77,-49,11,1,7,1,0,1,0,1,0,0,-98,0,10,2,14577269,0,83,1,128,0,""[0,0,0,0,0,0,0,0,0,0,0,0,7,-9,9,-12,10,-12,12,-14,11,-14,12,-15,12,-13,11,-13,10,-11,8,-9,6,-8,4,-5,1,-4,0,-1,-2,0,-5,1,-8,2,-9,3,-11,3,-12,3,-12,4,-13,4,-12,4,-12,4,-11,3,-10,3,0,0,-6,2,-5,1,-3,1,0,0,0,0,2,0,3,0,5,0,7,0,8,0,8,0,8,0,8,0,7,0,7,0,6,0,5,0,3,0,1,0,0,0,0,0,-1,0,-2,0,-3,0,-4,-1,-5,-2,0,0,0,0,0,0,0,0,0,0]"""
938,"CSI_DATA,937,8c:90:2d:97:93:77,-49,11,1,7,1,0,1,0,1,0,0,-98,0,10,2,14588515,0,83,1,128,0,""[0,0,0,0,0,0,0,0,0,0,0,0,-12,-5,-15,-6,-17,-7,-18,-8,-19,-8,-19,-8,-18,-8,-17,-7,-15,-6,-13,-5,-10,-5,-8,-3,-4,-2,-1,0,2,1,4,3,6,5,8,5,10,7,11,8,11,8,11,8,11,8,10,7,10,6,9,5,0,0,6,3,4,2,2,1,1,0,-1,-1,-3,-3,-4,-4,-5,-5,-6,-6,-7,-7,-7,-8,-7,-8,-7,-8,-6,-7,-5,-7,-4,-7,-3,-6,-3,-5,-2,-4,-1,-3,0,-2,2,0,2,1,2,3,2,4,2,5,0,0,0,0,0,0,0,0,0,0]"""
939,"CSI_DATA,938,8c:90:2d:97:93:77,-49,11,1,7,1,0,1,0,1,0,0,-98,0,10,2,14597739,0,83,1,128,0,""[0,0,0,0,0,0,0,0,0,0,0,0,0,-14,0,-17,-1,-18,-1,-19,-1,-20,-1,-21,0,-20,0,-18,-1,-16,0,-14,-1,-11,-1,-8,-1,-5,-1,-2,-1,2,-2,5,-3,8,-3,10,-3,11,-4,12,-4,13,-4,13,-4,13,-3,13,-3,11,-2,10,0,0,-1,7,-1,5,-1,3,0,1,0,-1,1,-3,1,-5,2,-7,3,-8,3,-9,4,-9,4,-9,4,-9,4,-8,4,-8,4,-6,3,-5,3,-4,2,-3,2,-1,1,0,0,1,-1,2,-2,3,-3,4,-5,4,0,0,0,0,0,0,0,0,0,0]"""
940,"CSI_DATA,939,8c:90:2d:97:93:77,-49,11,1,7,1,0,1,0,1,0,0,-98,0,10,2,14607123,0,83,1,128,0,""[0,0,0,0,0,0,0,0,0,0,0,0,12,2,14,2,18,2,19,3,20,3,19,3,19,3,17,2,15,2,13,2,10,1,7,1,4,-1,0,-1,-3,-2,-5,-3,-8,-4,-10,-4,-12,-6,-13,-6,-13,-6,-14,-6,-13,-6,-13,-6,-12,-5,-11,-4,0,0,-8,-3,-6,-2,-4,-1,-2,-1,0,1,2,1,4,3,5,3,6,4,7,4,7,5,8,5,7,5,7,5,6,5,5,5,3,4,3,3,1,2,0,2,-1,1,-2,-1,-4,-2,-4,-3,-5,-4,-4,-5,0,0,0,0,0,0,0,0,0,0]"""
941,"CSI_DATA,940,8c:90:2d:97:93:77,-49,11,1,7,1,0,1,0,1,0,0,-98,0,10,2,14617238,0,83,1,128,0,""[0,0,0,0,0,0,0,0,0,0,0,0,-11,4,-14,6,-16,6,-17,7,-17,7,-18,8,-17,7,-16,7,-14,6,-11,5,-9,3,-6,2,-3,1,0,0,1,0,4,-1,7,-1,9,-2,10,-2,12,-2,12,-3,12,-3,12,-3,11,-3,10,-3,9,-3,0,0,6,-2,4,-2,1,-1,0,0,-1,0,-3,0,-5,0,-6,0,-7,0,-8,0,-9,0,-9,0,-9,0,-9,0,-8,0,-7,0,-6,0,-4,-1,-3,-1,-1,-1,0,-1,0,0,1,0,2,0,4,0,4,0,0,0,0,0,0,0,0,0,0,0]"""
942,"CSI_DATA,941,8c:90:2d:97:93:77,-49,11,1,7,1,0,1,0,1,0,0,-98,0,10,2,14627287,0,83,1,128,0,""[0,0,0,0,0,0,0,0,0,0,0,0,-11,3,-14,4,-16,5,-17,5,-18,6,-18,6,-17,6,-16,5,-14,4,-12,4,-10,3,-7,2,-3,1,0,0,1,0,4,0,7,-1,9,-2,11,-1,12,-1,12,-2,13,-2,12,-2,12,-2,10,-2,9,-2,0,0,6,-2,4,-2,2,-1,0,0,-1,0,-2,0,-5,0,-6,0,-7,0,-9,0,-9,0,-9,0,-9,0,-8,0,-8,0,-7,-1,-6,-1,-4,-1,-3,-1,-1,-1,0,-1,0,-1,1,0,3,0,4,0,4,0,0,0,0,0,0,0,0,0,0,0]"""
943,"CSI_DATA,942,8c:90:2d:97:93:77,-49,11,1,7,1,0,1,0,1,0,0,-98,0,10,2,14637177,0,83,1,128,0,""[0,0,0,0,0,0,0,0,0,0,0,0,-6,10,-8,12,-8,13,-9,14,-9,16,-9,16,-9,15,-8,14,-7,12,-6,11,-5,8,-3,5,-1,3,0,0,1,-1,3,-3,5,-5,6,-7,8,-8,8,-9,8,-9,9,-9,8,-9,8,-9,7,-8,6,-7,0,0,3,-5,2,-4,1,-3,0,-1,-1,0,-2,0,-4,1,-5,2,-6,3,-7,3,-8,3,-8,3,-8,3,-8,2,-7,2,-6,1,-5,0,-4,0,-3,0,-2,0,0,-1,0,-1,1,-1,2,-1,3,-1,4,0,0,0,0,0,0,0,0,0,0,0]"""
944,"CSI_DATA,943,8c:90:2d:97:93:77,-49,11,1,7,1,0,1,0,1,0,0,-98,0,10,2,14647696,0,83,1,128,0,""[0,0,0,0,0,0,0,0,0,0,0,0,6,-11,7,-13,8,-15,8,-16,9,-17,9,-17,9,-16,8,-15,7,-13,6,-12,4,-9,2,-6,0,-4,0,-1,-2,0,-4,2,-6,4,-8,6,-9,7,-9,7,-10,8,-10,8,-10,8,-10,8,-9,7,-7,6,0,0,-4,4,-3,3,-2,1,0,0,0,0,1,-1,3,-2,4,-3,6,-4,7,-4,7,-4,7,-4,7,-4,7,-3,7,-3,5,-2,5,-1,3,0,2,0,1,0,0,0,-1,0,-2,0,-3,0,-5,0,-5,0,0,0,0,0,0,0,0,0,0,0]"""
945,"CSI_DATA,944,8c:90:2d:97:93:77,-49,11,1,7,1,0,1,0,1,0,0,-98,0,10,2,14659379,0,83,1,128,0,""[0,0,0,0,0,0,0,0,0,0,0,0,5,-11,7,-14,7,-14,7,-15,8,-16,8,-16,8,-16,8,-15,7,-13,6,-12,4,-9,2,-6,0,-4,0,-1,-2,0,-4,2,-7,4,-8,5,-9,6,-10,6,-10,7,-11,7,-11,7,-10,7,-9,6,-8,5,0,0,-5,4,-3,3,-2,1,0,0,0,0,1,0,3,-1,5,-2,6,-2,7,-2,8,-2,8,-2,8,-2,7,-1,7,-1,6,0,5,0,3,0,2,0,0,0,0,0,-1,0,-2,0,-3,0,-5,0,-5,0,0,0,0,0,0,0,0,0,0,0]"""
946,"CSI_DATA,945,8c:90:2d:97:93:77,-49,11,1,7,1,0,1,0,1,0,0,-98,0,10,2,14667215,0,83,1,128,0,""[0,0,0,0,0,0,0,0,0,0,0,0,11,0,14,0,16,0,17,0,18,0,18,0,17,0,16,0,14,0,12,0,9,0,6,0,3,0,0,-1,-2,-2,-4,-2,-7,-3,-9,-3,-11,-5,-12,-6,-12,-6,-12,-6,-12,-6,-12,-5,-11,-4,-10,-4,0,0,-7,-2,-5,-1,-3,0,-1,0,0,0,1,1,2,2,3,3,4,4,5,5,5,5,5,5,5,6,4,6,4,5,2,5,2,4,0,3,0,2,0,1,0,0,-1,0,-2,-2,-2,-3,-2,-4,-1,-5,0,0,0,0,0,0,0,0,0,0]"""
947,"CSI_DATA,946,8c:90:2d:97:93:77,-49,11,1,7,1,0,1,0,1,0,0,-98,0,10,2,14677201,0,83,1,128,0,""[0,0,0,0,0,0,0,0,0,0,0,0,-11,-4,-14,-4,-16,-5,-18,-6,-18,-6,-19,-6,-18,-6,-17,-5,-14,-5,-12,-4,-10,-3,-7,-2,-4,0,-1,0,0,1,2,2,4,4,6,5,8,8,8,8,9,8,8,9,8,8,8,8,7,7,7,6,0,0,4,3,3,2,1,0,0,0,0,-1,-1,-3,-2,-4,-2,-6,-3,-6,-3,-8,-3,-8,-3,-9,-3,-9,-2,-9,-1,-8,-1,-7,0,-5,0,-4,0,-3,0,-2,0,0,0,0,0,1,0,3,0,4,0,4,0,0,0,0,0,0,0,0,0,0]"""
948,"CSI_DATA,947,8c:90:2d:97:93:77,-49,11,1,7,1,0,1,0,1,0,0,-98,0,10,2,14687289,0,83,1,128,0,""[0,0,0,0,0,0,0,0,0,0,0,0,-11,-6,-14,-7,-18,-8,-18,-8,-19,-9,-19,-9,-18,-8,-17,-8,-15,-7,-13,-6,-10,-5,-8,-4,-5,-2,-1,0,2,1,3,3,6,5,8,5,9,7,10,8,11,8,11,8,11,8,10,8,9,7,9,6,0,0,6,4,4,2,2,1,1,0,-1,-2,-3,-3,-4,-4,-5,-5,-6,-6,-7,-7,-7,-7,-7,-8,-7,-8,-6,-8,-5,-7,-5,-7,-4,-6,-2,-5,-2,-4,-1,-3,1,-2,1,0,2,1,2,3,2,4,2,5,0,0,0,0,0,0,0,0,0,0]"""
949,"CSI_DATA,948,8c:90:2d:97:93:77,-49,11,1,7,1,0,1,0,1,0,0,-98,0,10,2,14699252,0,83,1,128,0,""[0,0,0,0,0,0,0,0,0,0,0,0,-1,-14,-1,-17,-3,-18,-3,-19,-3,-20,-2,-20,-2,-20,-2,-18,-2,-16,-2,-14,-2,-11,-2,-8,-1,-5,-1,-2,-1,2,-2,5,-2,8,-2,10,-2,12,-2,13,-2,13,-2,14,-2,13,-2,13,-2,12,-1,10,0,0,-1,7,0,5,0,3,0,1,0,-2,0,-3,1,-5,1,-7,2,-8,2,-9,2,-10,2,-10,3,-9,3,-9,2,-8,3,-7,3,-6,2,-5,2,-3,1,-2,1,0,0,2,-1,3,-1,3,-3,4,-4,4,0,0,0,0,0,0,0,0,0,0]"""
950,"CSI_DATA,949,8c:90:2d:97:93:77,-49,11,1,7,1,0,1,0,1,0,0,-98,0,10,2,14707208,0,83,1,128,0,""[0,0,0,0,0,0,0,0,0,0,0,0,12,-3,14,-3,17,-3,18,-3,19,-4,19,-4,18,-3,17,-3,15,-3,13,-3,10,-2,7,-2,3,-2,0,-2,-3,-2,-5,-1,-8,-2,-11,-2,-13,-3,-14,-3,-14,-3,-14,-3,-14,-3,-14,-2,-12,-2,-11,-2,0,0,-8,-1,-6,0,-4,0,-2,0,0,1,2,1,4,2,6,2,7,2,8,3,8,3,8,4,8,4,7,4,6,4,5,4,4,3,3,3,2,2,0,2,-1,1,-2,0,-3,-1,-4,-2,-5,-3,-5,-4,0,0,0,0,0,0,0,0,0,0]"""
951,"CSI_DATA,950,8c:90:2d:97:93:77,-49,11,1,7,1,0,1,0,1,0,0,-98,0,10,2,14717242,0,83,1,128,0,""[0,0,0,0,0,0,0,0,0,0,0,0,-8,10,-10,12,-11,13,-12,14,-12,15,-12,16,-12,15,-11,14,-10,12,-8,11,-7,8,-4,6,-2,4,-1,1,2,-1,4,-4,7,-5,8,-7,9,-7,10,-8,10,-9,11,-9,10,-9,10,-9,9,-8,8,-7,0,0,5,-5,4,-4,2,-3,0,-1,-2,-1,-3,0,-5,2,-6,2,-8,2,-9,3,-9,3,-10,3,-9,2,-9,2,-9,1,-8,1,-7,0,-5,-1,-4,-1,-2,-1,-1,-2,1,-2,2,-2,3,-2,4,-1,5,-1,0,0,0,0,0,0,0,0,0,0]"""
952,"CSI_DATA,951,8c:90:2d:97:93:77,-49,11,1,7,1,0,1,0,1,0,0,-98,0,10,2,14727248,0,83,1,128,0,""[0,0,0,0,0,0,0,0,0,0,0,0,-10,6,-12,7,-14,9,-15,9,-16,10,-15,10,-15,10,-14,9,-12,7,-11,6,-8,4,-6,3,-3,1,0,0,1,0,4,-1,6,-2,9,-3,10,-2,11,-3,11,-4,12,-3,12,-4,11,-3,10,-3,9,-3,0,0,5,-2,4,-2,1,-1,0,0,-1,0,-3,0,-5,0,-6,0,-8,0,-9,0,-9,0,-9,0,-9,0,-8,0,-8,-1,-6,-1,-5,-1,-4,-1,-3,-1,-1,-1,0,-1,0,0,1,0,2,0,4,0,4,0,0,0,0,0,0,0,0,0,0,0]"""
953,"CSI_DATA,952,8c:90:2d:97:93:77,-49,11,1,7,1,0,1,0,1,0,0,-98,0,10,2,14737206,0,83,1,128,0,""[0,0,0,0,0,0,0,0,0,0,0,0,-5,-12,-7,-15,-9,-16,-9,-18,-9,-18,-9,-19,-8,-18,-8,-17,-7,-15,-6,-12,-5,-10,-4,-8,-3,-4,-2,-1,-1,3,-2,5,-2,8,-1,10,-1,12,-1,13,-2,13,-2,14,-2,13,-2,13,-1,12,-1,10,0,0,-1,7,-1,5,0,3,1,1,0,-1,1,-4,2,-5,3,-6,4,-7,4,-8,5,-8,5,-8,5,-8,5,-7,5,-7,5,-6,4,-4,3,-3,2,-2,1,-1,0,0,-1,1,-2,2,-3,2,-5,2,-6,2,0,0,0,0,0,0,0,0,0,0]"""
954,"CSI_DATA,953,8c:90:2d:97:93:77,-49,11,1,7,1,0,1,0,1,0,0,-98,0,10,2,14749576,0,83,1,128,0,""[0,0,0,0,0,0,0,0,0,0,0,0,7,-10,9,-12,10,-13,10,-14,11,-15,11,-15,11,-14,10,-13,9,-11,8,-10,5,-8,3,-6,1,-4,0,-2,-2,0,-5,0,-7,2,-9,3,-10,3,-12,3,-12,4,-13,4,-12,4,-12,4,-10,4,-9,3,0,0,-6,2,-5,1,-3,1,0,0,0,0,1,0,3,0,5,0,7,0,8,0,8,0,8,0,8,0,7,0,7,0,5,0,4,0,3,0,1,0,0,0,0,0,-1,0,-2,0,-3,0,-4,-2,-4,-2,0,0,0,0,0,0,0,0,0,0]"""
955,"CSI_DATA,954,8c:90:2d:97:93:77,-49,11,1,7,1,0,1,0,1,0,0,-98,0,10,2,14757338,0,83,1,128,0,""[0,0,0,0,0,0,0,0,0,0,0,0,4,-12,5,-14,5,-16,5,-16,6,-18,6,-18,6,-17,6,-16,5,-14,4,-13,2,-9,1,-6,0,-4,0,-1,-1,0,-3,3,-5,5,-6,7,-7,8,-8,9,-8,9,-8,10,-8,10,-8,10,-7,8,-6,7,0,0,-3,5,-2,4,-1,2,0,0,0,0,1,-2,2,-3,3,-4,4,-5,5,-6,6,-6,6,-6,6,-5,6,-5,6,-4,5,-3,4,-2,3,-1,2,0,1,0,0,0,0,0,-1,1,-2,1,-4,1,-5,1,0,0,0,0,0,0,0,0,0,0]"""
956,"CSI_DATA,955,8c:90:2d:97:93:77,-49,11,1,7,1,0,1,0,1,0,0,-98,0,10,2,14767165,0,83,1,128,0,""[0,0,0,0,0,0,0,0,0,0,0,0,-2,13,-2,15,-2,17,-2,18,-2,20,-2,19,-3,19,-2,17,-2,15,-2,13,-1,10,-1,7,0,4,0,1,1,-3,2,-6,3,-8,3,-11,4,-12,4,-13,4,-14,4,-14,4,-14,4,-13,3,-12,3,-11,0,0,1,-8,1,-6,0,-4,-1,-2,-1,0,-2,2,-3,4,-4,5,-5,7,-5,7,-6,7,-6,8,-6,7,-6,7,-6,6,-6,5,-5,4,-4,3,-4,1,-3,0,-2,-1,-1,-2,0,-4,1,-4,3,-4,4,-4,0,0,0,0,0,0,0,0,0,0]"""
957,"CSI_DATA,956,8c:90:2d:97:93:77,-49,11,1,7,1,0,1,0,1,0,0,-98,0,10,2,14777283,0,83,1,128,0,""[0,0,0,0,0,0,0,0,0,0,0,0,-12,-5,-14,-7,-18,-7,-19,-8,-20,-8,-19,-8,-18,-8,-17,-8,-15,-7,-13,-6,-11,-5,-8,-4,-5,-2,-1,0,2,1,3,3,6,5,8,6,9,7,10,8,11,8,11,8,10,8,10,8,9,7,9,6,0,0,6,4,4,2,2,1,1,0,-1,-2,-3,-3,-4,-4,-5,-6,-6,-7,-6,-7,-6,-8,-6,-8,-6,-8,-5,-8,-5,-8,-4,-7,-3,-6,-2,-5,-1,-4,0,-3,1,-1,2,0,2,2,2,3,2,4,1,5,0,0,0,0,0,0,0,0,0,0]"""
958,"CSI_DATA,957,8c:90:2d:97:93:77,-49,11,1,7,1,0,1,0,1,0,0,-98,0,10,2,14787238,0,83,1,128,0,""[0,0,0,0,0,0,0,0,0,0,0,0,7,-9,9,-11,11,-12,11,-13,12,-14,12,-14,12,-13,11,-12,9,-11,8,-10,6,-7,3,-5,1,-3,0,-1,-2,0,-5,1,-8,2,-9,3,-11,3,-11,4,-12,4,-12,4,-12,4,-11,4,-10,4,-9,3,0,0,-6,2,-4,2,-2,1,0,0,0,0,1,0,3,0,5,0,7,-1,8,0,8,0,8,0,8,0,7,0,7,0,5,0,5,0,3,0,2,0,0,0,0,0,-1,0,-2,0,-3,0,-5,-1,-5,-1,0,0,0,0,0,0,0,0,0,0]"""
959,"CSI_DATA,958,8c:90:2d:97:93:77,-49,11,1,7,1,0,1,0,1,0,0,-98,0,10,2,14797630,0,83,1,128,0,""[0,0,0,0,0,0,0,0,0,0,0,0,-13,2,-16,3,-18,3,-19,4,-20,4,-20,4,-19,4,-18,4,-16,3,-14,3,-11,2,-8,1,-5,1,-1,0,2,0,5,-1,8,-1,10,-2,12,-1,13,-1,14,-2,14,-2,13,-2,13,-2,12,-2,10,-2,0,0,7,-2,5,-2,3,-1,1,-1,-2,-1,-4,0,-6,0,-7,0,-9,0,-10,0,-10,0,-10,-1,-10,-1,-10,-1,-9,-1,-8,-2,-7,-2,-5,-2,-4,-2,-2,-2,-1,-2,1,-2,2,-2,4,-1,5,0,5,0,0,0,0,0,0,0,0,0,0,0]"""
960,"CSI_DATA,959,8c:90:2d:97:93:77,-49,11,1,7,1,0,1,0,1,0,0,-98,0,10,2,14807181,0,83,1,128,0,""[0,0,0,0,0,0,0,0,0,0,0,0,-7,-12,-8,-14,-10,-15,-11,-16,-11,-18,-11,-18,-11,-16,-10,-15,-9,-13,-8,-11,-6,-9,-5,-7,-3,-4,-1,-1,1,2,1,5,3,7,4,9,5,11,5,11,6,12,6,12,6,12,6,11,5,10,5,9,0,0,3,5,2,4,1,2,1,0,-1,-2,-2,-4,-3,-5,-3,-6,-4,-8,-4,-9,-4,-9,-4,-9,-4,-9,-3,-9,-3,-8,-2,-7,-1,-6,-1,-5,0,-4,0,-2,1,-1,1,1,2,2,1,3,1,4,0,5,0,0,0,0,0,0,0,0,0,0]"""
961,"CSI_DATA,960,8c:90:2d:97:93:77,-49,11,1,7,1,0,1,0,1,0,0,-98,0,10,2,14817269,0,83,1,128,0,""[0,0,0,0,0,0,0,0,0,0,0,0,-3,-14,-4,-16,-6,-19,-6,-19,-6,-21,-6,-21,-6,-20,-5,-19,-5,-16,-4,-14,-3,-11,-3,-8,-2,-5,-1,-1,0,2,0,5,0,8,1,10,1,12,1,13,1,13,1,14,1,14,1,13,1,12,2,10,0,0,1,7,1,5,0,3,0,0,-1,-2,-1,-4,-1,-6,-1,-7,-1,-9,-1,-10,-1,-10,0,-10,0,-10,0,-9,0,-9,0,-8,1,-7,1,-5,1,-4,1,-2,1,-1,1,1,1,2,0,4,-1,5,-2,5,0,0,0,0,0,0,0,0,0,0]"""
962,"CSI_DATA,961,8c:90:2d:97:93:77,-49,11,1,7,1,0,1,0,1,0,0,-98,0,10,2,14827191,0,83,1,128,0,""[0,0,0,0,0,0,0,0,0,0,0,0,8,-10,10,-12,10,-13,12,-14,12,-14,13,-15,12,-13,12,-12,10,-11,8,-10,6,-8,3,-6,1,-4,0,-2,-2,0,-5,0,-8,2,-10,3,-11,3,-12,3,-13,3,-13,3,-13,3,-12,4,-11,3,-10,3,0,0,-6,2,-5,1,-2,0,0,0,0,0,1,0,4,0,5,0,7,0,8,0,8,0,8,0,8,0,7,0,7,0,5,0,4,1,3,1,1,0,0,0,0,0,-1,0,-2,0,-3,-1,-4,-2,-4,-3,0,0,0,0,0,0,0,0,0,0]"""
963,"CSI_DATA,962,8c:90:2d:97:93:77,-49,11,1,7,1,0,1,0,1,0,0,-98,0,10,2,14837422,0,83,1,128,0,""[0,0,0,0,0,0,0,0,0,0,0,0,-11,5,-13,7,-15,7,-16,8,-16,9,-16,9,-16,8,-15,7,-13,6,-12,5,-9,4,-6,2,-3,2,0,0,1,0,4,0,7,0,9,0,11,0,12,0,12,0,13,0,13,0,12,0,11,0,9,0,0,0,6,0,4,0,2,0,0,0,0,-1,-2,-1,-4,-2,-5,-2,-7,-3,-8,-3,-8,-4,-8,-4,-8,-4,-7,-4,-6,-4,-5,-4,-4,-3,-3,-3,-2,-3,0,-1,0,-1,0,0,1,0,1,1,2,2,2,3,0,0,0,0,0,0,0,0,0,0]"""
964,"CSI_DATA,963,8c:90:2d:97:93:77,-49,11,1,7,1,0,1,0,1,0,0,-98,0,10,2,14847708,0,83,1,128,0,""[0,0,0,0,0,0,0,0,0,0,0,0,-10,-9,-12,-10,-15,-11,-16,-12,-17,-13,-17,-12,-16,-12,-15,-11,-13,-10,-12,-8,-9,-7,-7,-5,-4,-3,-1,-1,1,2,3,4,4,6,6,7,7,9,8,10,9,10,9,10,9,10,9,10,8,8,7,7,0,0,5,5,4,3,2,2,1,0,-1,-2,-2,-3,-4,-5,-4,-6,-5,-7,-5,-8,-5,-9,-5,-9,-5,-9,-4,-9,-4,-8,-3,-7,-2,-6,-2,-5,-1,-4,0,-3,1,-1,1,0,2,2,2,3,1,4,1,5,0,0,0,0,0,0,0,0,0,0]"""
965,"CSI_DATA,964,8c:90:2d:97:93:77,-49,11,1,7,1,0,1,0,1,0,0,-98,0,10,2,14857143,0,83,1,128,0,""[0,0,0,0,0,0,0,0,0,0,0,0,-8,-11,-10,-12,-13,-14,-14,-14,-14,-16,-14,-15,-13,-15,-12,-14,-11,-12,-10,-11,-8,-9,-6,-6,-4,-4,-1,-1,1,2,2,5,3,7,4,9,5,11,6,12,6,12,6,12,6,12,6,12,5,10,5,9,0,0,4,6,2,4,1,2,1,0,-1,-2,-1,-4,-2,-5,-3,-7,-3,-8,-3,-9,-3,-10,-3,-10,-2,-10,-2,-9,-2,-9,-1,-8,-1,-7,0,-5,0,-4,0,-3,1,-1,1,1,1,2,1,4,0,5,-1,5,0,0,0,0,0,0,0,0,0,0]"""
966,"CSI_DATA,965,8c:90:2d:97:93:77,-49,11,1,7,1,0,1,0,1,0,0,-98,0,10,2,14867276,0,83,1,128,0,""[0,0,0,0,0,0,0,0,0,0,0,0,-11,-8,-13,-9,-16,-9,-18,-10,-18,-10,-18,-10,-17,-10,-16,-10,-14,-8,-12,-7,-10,-6,-8,-5,-5,-2,-1,-1,2,2,3,3,5,5,7,6,9,8,9,9,10,9,10,9,10,9,10,8,9,7,8,7,0,0,5,4,4,3,2,1,1,0,-1,-2,-3,-3,-4,-5,-5,-6,-6,-7,-6,-7,-6,-8,-6,-8,-6,-8,-5,-8,-5,-8,-4,-7,-3,-6,-2,-5,-1,-4,0,-3,1,-1,2,0,2,2,2,3,2,4,1,5,0,0,0,0,0,0,0,0,0,0]"""
967,"CSI_DATA,966,8c:90:2d:97:93:77,-49,11,1,7,1,0,1,0,1,0,0,-98,0,10,2,14877211,0,83,1,128,0,""[0,0,0,0,0,0,0,0,0,0,0,0,-10,6,-13,7,-14,8,-16,9,-16,9,-16,10,-16,9,-15,8,-13,7,-11,6,-8,4,-6,3,-3,2,0,0,1,0,4,0,7,-1,9,-2,11,-1,12,-2,12,-2,13,-2,12,-2,12,-2,11,-2,9,-2,0,0,6,-2,4,-2,2,-1,0,-1,0,0,-3,0,-5,0,-6,0,-8,-1,-8,-1,-9,-1,-9,-2,-9,-2,-8,-2,-7,-2,-6,-2,-5,-2,-4,-2,-2,-2,-1,-1,0,-1,0,0,2,0,2,0,3,1,3,2,0,0,0,0,0,0,0,0,0,0]"""
968,"CSI_DATA,967,8c:90:2d:97:93:77,-49,11,1,7,1,0,1,0,1,0,0,-98,0,10,2,14887226,0,83,1,128,0,""[0,0,0,0,0,0,0,0,0,0,0,0,0,13,0,15,1,17,1,18,1,19,1,20,0,19,0,18,0,16,0,13,0,10,0,7,0,4,1,1,1,-3,2,-6,3,-8,3,-11,3,-12,4,-13,4,-14,4,-14,4,-14,4,-13,3,-12,2,-11,0,0,2,-8,1,-6,0,-4,-1,-2,-2,0,-2,2,-3,4,-5,5,-5,6,-6,7,-7,7,-7,7,-7,6,-7,6,-7,5,-6,4,-6,3,-5,2,-4,1,-3,0,-1,-1,0,-2,1,-3,2,-3,4,-3,5,-3,0,0,0,0,0,0,0,0,0,0]"""
969,"CSI_DATA,968,8c:90:2d:97:93:77,-49,11,1,7,1,0,1,0,1,0,0,-98,0,10,2,14897573,0,83,1,128,0,""[0,0,0,0,0,0,0,0,0,0,0,0,12,-5,14,-7,17,-7,18,-7,18,-8,18,-8,18,-8,16,-8,14,-7,12,-7,10,-5,7,-3,3,-3,0,-1,-3,0,-6,1,-9,2,-11,4,-12,3,-14,4,-14,4,-14,5,-14,5,-13,4,-12,4,-11,4,0,0,-7,3,-5,3,-3,1,-2,0,1,-1,2,-2,4,-2,6,-3,7,-4,8,-4,9,-4,9,-4,9,-4,8,-3,8,-3,7,-2,6,-2,5,-1,3,0,2,1,0,1,-2,1,-3,2,-4,2,-6,2,-6,1,0,0,0,0,0,0,0,0,0,0]"""
970,"CSI_DATA,969,8c:90:2d:97:93:77,-49,11,1,7,1,0,1,0,1,0,0,-98,0,10,2,14907163,0,83,1,128,0,""[0,0,0,0,0,0,0,0,0,0,0,0,3,12,4,15,5,16,5,18,6,19,5,19,5,18,5,17,4,15,4,13,3,10,2,7,1,4,0,1,-1,-3,-1,-6,-1,-9,-2,-11,-3,-13,-3,-14,-3,-14,-3,-15,-3,-14,-3,-14,-3,-13,-3,-11,0,0,-3,-8,-2,-6,-1,-4,-1,-2,0,0,0,3,1,5,0,6,0,8,1,9,0,9,0,9,0,9,0,9,0,8,-1,7,-1,6,-2,5,-2,3,-2,2,-2,0,-2,-2,-2,-3,-2,-5,-1,-6,0,-6,0,0,0,0,0,0,0,0,0,0]"""
971,"CSI_DATA,970,8c:90:2d:97:93:77,-49,11,1,7,1,0,1,0,1,0,0,-98,0,10,2,14917282,0,83,1,128,0,""[0,0,0,0,0,0,0,0,0,0,0,0,-13,0,-15,0,-19,1,-19,1,-21,1,-20,1,-19,1,-18,1,-16,1,-14,1,-11,0,-8,0,-5,0,-1,0,2,0,5,0,7,0,10,-1,11,0,13,-1,13,-1,14,-1,14,-1,13,-1,12,-1,11,-1,0,0,7,-2,5,-2,3,-1,1,-1,-2,-1,-4,0,-6,0,-7,0,-8,0,-10,0,-10,0,-10,0,-10,-1,-9,-1,-9,-1,-8,-1,-7,-1,-5,-2,-4,-2,-2,-2,-1,-2,1,-2,3,-2,4,-2,5,-1,5,0,0,0,0,0,0,0,0,0,0,0]"""
972,"CSI_DATA,971,8c:90:2d:97:93:77,-49,11,1,7,1,0,1,0,1,0,0,-98,0,10,2,14927133,0,83,1,128,0,""[0,0,0,0,0,0,0,0,0,0,0,0,-11,6,-13,8,-15,8,-15,9,-16,10,-16,10,-16,9,-15,8,-13,7,-11,6,-8,5,-6,3,-3,2,0,0,1,0,4,0,7,-1,9,-2,11,-1,12,-2,12,-2,13,-2,12,-2,12,-2,10,-2,9,-2,0,0,6,-1,4,-1,2,-1,0,0,0,0,-3,0,-4,0,-6,0,-8,-1,-9,-1,-9,-1,-9,-1,-9,-2,-8,-2,-7,-2,-6,-2,-5,-2,-4,-2,-2,-2,-1,-1,0,-1,0,0,1,0,2,0,3,1,3,2,0,0,0,0,0,0,0,0,0,0]"""
973,"CSI_DATA,972,8c:90:2d:97:93:77,-49,11,1,7,1,0,1,0,1,0,0,-98,0,10,2,14937189,0,83,1,128,0,""[0,0,0,0,0,0,0,0,0,0,0,0,-1,12,0,15,0,16,0,17,0,18,0,19,0,18,0,17,0,14,0,12,0,9,0,6,0,3,0,0,0,-2,2,-5,2,-7,3,-9,3,-11,3,-12,3,-12,4,-13,4,-12,4,-12,3,-10,2,-9,0,0,1,-7,0,-5,0,-3,0,-1,0,0,-1,1,-2,3,-4,4,-5,5,-6,5,-6,5,-6,5,-6,5,-6,4,-6,4,-6,3,-5,2,-4,1,-3,0,-2,0,0,0,0,-1,0,-2,1,-2,3,-2,4,-2,0,0,0,0,0,0,0,0,0,0]"""
974,"CSI_DATA,973,8c:90:2d:97:93:77,-49,11,1,7,1,0,1,0,1,0,1,-98,0,10,2,14947781,0,83,1,128,0,""[0,0,0,0,0,0,0,0,0,0,0,0,11,-2,13,-3,17,-3,17,-3,18,-3,18,-4,17,-4,17,-3,14,-3,12,-3,9,-2,6,-1,3,-1,0,-1,-2,0,-5,0,-7,0,-10,0,-12,0,-13,0,-13,0,-14,0,-14,0,-13,0,-12,0,-10,0,0,0,-7,0,-5,0,-3,0,-1,0,0,0,2,0,4,0,5,0,6,0,8,0,8,0,8,0,8,0,7,1,7,1,5,1,4,1,3,1,1,1,0,1,0,0,-1,0,-3,0,-4,0,-4,-1,-5,-2,0,0,0,0,0,0,0,0,0,0]"""
975,"CSI_DATA,974,8c:90:2d:97:93:77,-49,11,1,7,1,0,1,0,1,0,1,-98,0,10,2,14957262,0,83,1,128,0,""[0,0,0,0,0,0,0,0,0,0,0,0,8,-8,10,-10,11,-11,13,-12,13,-13,14,-13,13,-13,12,-12,10,-10,9,-9,6,-7,4,-5,1,-3,0,-1,-2,0,-4,1,-7,3,-9,4,-11,4,-11,5,-12,5,-12,5,-12,6,-11,6,-10,5,-9,4,0,0,-6,3,-4,2,-2,1,0,0,0,0,1,0,3,-1,5,-2,6,-2,7,-2,8,-3,8,-3,8,-2,8,-2,7,-1,6,-1,5,0,3,0,2,0,0,0,0,0,-1,0,-2,0,-3,0,-5,0,-6,0,0,0,0,0,0,0,0,0,0,0]"""
976,"CSI_DATA,975,8c:90:2d:97:93:77,-49,11,1,7,1,0,1,0,1,0,1,-98,0,10,2,14967564,0,83,1,128,0,""[0,0,0,0,0,0,0,0,0,0,0,0,-2,-14,-2,-17,-4,-18,-4,-19,-4,-20,-3,-21,-3,-20,-3,-18,-3,-16,-2,-14,-2,-11,-2,-8,-2,-5,-1,-2,-1,2,-1,5,-2,8,-2,10,-2,12,-2,13,-2,13,-2,13,-2,13,-2,13,-2,12,-1,10,0,0,-1,7,-1,5,0,3,0,1,0,-1,0,-4,1,-5,1,-7,2,-8,2,-9,3,-10,3,-10,3,-9,3,-9,3,-8,3,-7,3,-5,3,-5,2,-3,1,-1,1,0,0,2,-1,3,-2,4,-3,4,-4,4,0,0,0,0,0,0,0,0,0,0]"""
977,"CSI_DATA,976,8c:90:2d:97:93:77,-49,11,1,7,1,0,1,0,1,0,1,-98,0,10,2,14977195,0,83,1,128,0,""[0,0,0,0,0,0,0,0,0,0,0,0,12,-2,15,-3,17,-4,18,-3,19,-4,19,-4,18,-4,17,-3,16,-3,13,-3,10,-2,7,-1,3,-2,0,-1,-2,-1,-5,-1,-8,-1,-11,-1,-12,-2,-14,-2,-14,-2,-15,-2,-15,-2,-14,-2,-12,-2,-11,-1,0,0,-8,-1,-6,0,-3,0,-1,0,0,0,1,1,3,1,5,2,6,2,7,3,7,4,7,4,7,5,6,5,6,4,4,4,3,3,2,3,0,2,0,1,0,0,-1,0,-2,-1,-3,-2,-3,-4,-3,-5,0,0,0,0,0,0,0,0,0,0]"""
978,"CSI_DATA,977,8c:90:2d:97:93:77,-49,11,1,7,1,0,1,0,1,0,1,-98,0,10,2,14987201,0,83,1,128,0,""[0,0,0,0,0,0,0,0,0,0,0,0,11,1,14,2,16,2,18,3,18,3,18,3,17,3,16,3,14,2,12,1,9,1,6,0,3,0,0,-1,-1,-2,-3,-3,-6,-5,-8,-5,-10,-7,-11,-8,-11,-8,-11,-8,-11,-7,-11,-7,-9,-6,-9,-6,0,0,-6,-3,-4,-2,-3,-1,-1,0,0,0,0,1,2,3,3,4,3,5,4,6,4,6,4,7,3,7,3,6,2,6,1,6,0,4,0,3,0,2,0,1,-1,0,-1,0,-1,-2,-1,-3,-1,-4,0,-5,0,0,0,0,0,0,0,0,0,0]"""
979,"CSI_DATA,978,8c:90:2d:97:93:77,-49,11,1,7,1,0,1,0,1,0,1,-98,0,10,2,14998951,0,83,1,128,0,""[0,0,0,0,0,0,0,0,0,0,0,0,-11,5,-13,6,-16,8,-16,8,-17,8,-17,9,-17,9,-15,8,-13,7,-12,6,-9,4,-6,2,-3,1,0,0,1,0,4,-2,6,-2,8,-4,10,-4,11,-4,12,-5,12,-5,12,-5,11,-5,10,-4,8,-4,0,0,5,-3,3,-2,1,-1,0,0,-1,0,-3,0,-5,0,-6,0,-7,1,-9,1,-9,1,-9,1,-9,0,-8,0,-8,0,-7,0,-6,0,-5,0,-3,0,-1,-1,0,-1,0,-1,1,-1,3,-1,4,0,4,0,0,0,0,0,0,0,0,0,0,0]"""
980,"CSI_DATA,979,8c:90:2d:97:93:77,-49,11,1,7,1,0,1,0,1,0,1,-98,0,10,2,15007442,0,83,1,128,0,""[0,0,0,0,0,0,0,0,0,0,0,0,-11,-6,-14,-7,-17,-8,-18,-9,-18,-9,-19,-9,-18,-9,-16,-8,-15,-7,-12,-6,-10,-5,-8,-4,-4,-2,-1,0,2,1,3,3,6,4,8,5,10,7,10,7,11,8,11,8,10,7,10,7,9,6,9,5,0,0,6,3,4,2,2,1,1,0,-1,-1,-3,-3,-4,-4,-6,-5,-6,-6,-7,-6,-7,-7,-7,-7,-7,-7,-7,-7,-6,-7,-5,-7,-4,-5,-3,-5,-2,-4,-1,-3,0,-2,2,0,2,1,3,2,3,3,3,4,0,0,0,0,0,0,0,0,0,0]"""
981,"CSI_DATA,980,8c:90:2d:97:93:77,-49,11,1,7,1,0,1,0,1,0,1,-98,0,10,2,15017183,0,83,1,128,0,""[0,0,0,0,0,0,0,0,0,0,0,0,7,11,8,13,10,15,11,16,11,16,11,17,10,16,10,15,9,13,7,11,6,9,4,6,2,3,1,0,-1,-3,-1,-6,-2,-9,-4,-10,-4,-13,-4,-14,-4,-14,-4,-15,-5,-14,-4,-14,-4,-12,-4,-11,0,0,-3,-8,-3,-6,-2,-4,-2,-2,-1,1,0,3,0,5,0,7,0,7,-1,9,-1,9,-1,9,-1,9,-2,9,-2,8,-2,7,-2,6,-2,4,-2,3,-2,1,-2,-1,-2,-2,-1,-3,0,-5,1,-6,2,-6,0,0,0,0,0,0,0,0,0,0]"""
982,"CSI_DATA,981,8c:90:2d:97:93:77,-49,11,1,7,1,0,1,0,1,0,1,-98,0,10,2,15027166,0,83,1,128,0,""[0,0,0,0,0,0,0,0,0,0,0,0,1,-13,1,-15,0,-17,1,-18,0,-19,1,-19,1,-19,1,-17,0,-15,0,-13,0,-10,0,-7,0,-4,0,-1,-1,0,-2,3,-3,6,-4,8,-4,10,-5,11,-5,11,-5,11,-5,11,-5,11,-4,9,-3,8,0,0,-2,6,-1,4,0,2,0,0,0,0,0,-2,1,-4,2,-5,3,-6,4,-7,5,-7,5,-7,5,-7,5,-6,4,-6,4,-4,3,-3,2,-2,2,-1,1,0,0,0,0,0,-1,1,-2,2,-4,2,-4,2,0,0,0,0,0,0,0,0,0,0]"""
