Packet_No,CSI_Data
1,"CSI_DATA,0,8c:90:2d:97:93:77,-50,11,1,7,1,0,1,0,1,0,0,-97,0,2,1,4567840,0,83,1,128,0,""[0,0,0,0,0,0,0,0,0,0,0,0,2,3,3,5,4,5,4,6,4,7,5,7,5,7,4,7,4,6,4,5,4,4,3,3,2,2,1,0,0,-2,-1,-4,-2,-6,-4,-7,-5,-9,-6,-9,-7,-10,-8,-11,-8,-12,-9,-11,-8,-11,-7,-10,0,0,-4,-7,-3,-6,0,-3,2,-1,4,1,6,3,7,5,9,6,10,8,11,8,12,8,12,8,12,8,11,7,9,6,8,5,6,4,3,2,1,1,-2,0,-6,0,-8,0,-11,0,-14,0,-17,0,-19,0,0,0,0,0,0,0,0,0,0,0]"""
2,"CSI_DATA,1,8c:90:2d:97:93:77,-50,11,1,7,1,0,1,0,1,0,0,-97,0,2,1,4576082,0,83,1,128,0,""[0,0,0,0,0,0,0,0,0,0,0,0,-6,1,-7,1,-8,1,-9,1,-10,1,-10,1,-10,1,-10,1,-9,1,-8,1,-7,2,-5,1,-4,1,-2,1,1,1,3,2,5,2,7,2,9,1,10,1,12,1,13,1,14,1,14,1,13,2,12,2,0,0,7,2,5,1,2,1,-2,1,-5,0,-8,-1,-10,-1,-13,-1,-14,-2,-16,-2,-16,-2,-17,-2,-16,-2,-15,-2,-12,-2,-11,-2,-9,-1,-5,-1,-2,-1,1,-1,4,-1,7,-2,10,-3,13,-4,16,-4,18,-4,0,0,0,0,0,0,0,0,0,0]"""
3,"CSI_DATA,2,8c:90:2d:97:93:77,-50,11,1,7,1,0,1,0,1,0,0,-97,0,2,1,4584446,0,83,1,128,0,""[0,0,0,0,0,0,0,0,0,0,0,0,-5,-3,-6,-4,-7,-5,-7,-5,-8,-6,-8,-6,-8,-6,-8,-6,-7,-5,-7,-5,-6,-4,-5,-3,-4,-2,-3,0,-1,2,0,3,1,5,3,6,4,8,5,9,6,10,7,11,7,12,7,11,6,11,5,10,0,0,2,7,1,4,0,2,-2,-1,-3,-4,-5,-6,-6,-8,-7,-10,-8,-12,-9,-13,-8,-14,-9,-14,-8,-13,-8,-12,-7,-11,-6,-9,-5,-7,-3,-5,-1,-2,1,0,3,2,5,5,7,6,9,9,12,10,14,12,0,0,0,0,0,0,0,0,0,0]"""
4,"CSI_DATA,3,8c:90:2d:97:93:77,-51,11,1,7,1,0,1,0,1,0,0,-97,0,2,1,4595203,0,83,1,128,0,""[0,0,0,0,0,0,0,0,0,0,0,0,3,4,4,5,4,6,4,7,5,8,5,8,5,8,5,7,4,7,4,6,4,4,3,3,2,2,1,0,0,-2,-1,-4,-3,-6,-4,-7,-6,-9,-7,-10,-8,-11,-9,-12,-9,-12,-10,-12,-9,-12,-8,-11,0,0,-5,-8,-3,-6,-1,-4,2,-1,4,1,6,3,8,5,10,6,12,8,13,8,14,8,14,8,14,7,13,7,11,6,9,5,7,4,4,2,1,1,-2,0,-6,0,-8,1,-12,1,-15,1,-18,2,-21,2,0,0,0,0,0,0,0,0,0,0]"""
5,"CSI_DATA,4,8c:90:2d:97:93:77,-52,11,1,7,1,0,1,0,1,0,0,-97,0,2,1,4605701,0,83,1,128,0,""[0,0,0,0,0,0,0,0,0,0,0,0,2,4,3,5,3,6,3,8,3,8,3,8,3,8,3,8,3,7,3,7,3,6,2,4,2,2,2,0,2,-2,1,-4,2,-6,1,-8,1,-10,1,-12,1,-13,1,-14,1,-15,2,-15,2,-14,2,-12,0,0,2,-8,2,-5,1,-2,0,1,-1,4,-2,7,-3,9,-4,11,-4,12,-5,14,-6,14,-6,14,-5,14,-5,13,-4,11,-3,9,-3,7,-2,4,0,2,0,-1,1,-5,1,-8,2,-12,2,-14,3,-17,3,-19,0,0,0,0,0,0,0,0,0,0]"""
6,"CSI_DATA,5,8c:90:2d:97:93:77,-52,11,1,7,1,0,1,0,1,0,0,-97,0,2,1,4614362,0,83,1,128,0,""[0,0,0,0,0,0,0,0,0,0,0,0,-3,4,-4,6,-4,6,-5,7,-6,7,-6,7,-6,7,-6,6,-6,6,-5,6,-4,5,-3,4,-2,3,0,2,2,1,4,0,6,-1,7,-2,9,-3,10,-4,11,-5,12,-5,13,-5,13,-5,13,-4,12,-3,0,0,7,-1,5,-1,2,0,-2,0,-4,1,-7,0,-10,1,-12,1,-15,1,-16,1,-16,1,-16,0,-16,0,-14,0,-13,0,-10,0,-8,0,-5,0,-2,0,1,0,4,-1,7,-1,10,-2,13,-2,16,-2,18,-3,0,0,0,0,0,0,0,0,0,0]"""
7,"CSI_DATA,6,8c:90:2d:97:93:77,-51,11,1,7,1,0,1,0,1,0,0,-97,0,2,1,4624432,0,83,1,128,0,""[0,0,0,0,0,0,0,0,0,0,0,0,2,4,2,5,2,7,2,8,2,8,2,8,2,9,2,8,2,8,2,7,2,6,2,4,2,2,2,0,1,-2,1,-4,1,-6,0,-8,0,-10,0,-11,0,-13,0,-14,0,-15,-1,-15,0,-14,0,-13,0,0,1,-9,1,-6,1,-2,1,0,0,4,1,7,0,9,0,11,0,13,0,15,0,15,0,15,0,15,0,13,0,12,0,10,0,7,-1,4,-1,2,-1,-2,-2,-5,-3,-8,-5,-11,-5,-14,-7,-15,-8,-18,0,0,0,0,0,0,0,0,0,0]"""
8,"CSI_DATA,7,8c:90:2d:97:93:77,-51,11,1,7,1,0,1,0,1,0,0,-97,0,2,1,4634300,0,83,1,128,0,""[0,0,0,0,0,0,0,0,0,0,0,0,0,4,0,6,0,7,-1,8,-1,9,-1,9,-1,9,-1,8,-1,8,0,7,0,6,0,4,1,3,1,1,2,-1,2,-3,2,-5,3,-7,3,-9,4,-11,4,-12,4,-13,4,-14,4,-14,5,-13,5,-12,0,0,3,-8,3,-5,2,-2,0,1,-1,4,-2,7,-4,9,-4,11,-4,13,-5,14,-6,14,-6,14,-5,14,-5,13,-4,11,-4,10,-3,6,-2,4,-1,1,-1,-1,-1,-5,0,-9,0,-12,0,-14,-1,-17,-1,-19,0,0,0,0,0,0,0,0,0,0]"""
9,"CSI_DATA,8,8c:90:2d:97:93:77,-52,11,1,7,1,0,1,0,1,0,0,-97,0,2,1,4644712,0,83,1,128,0,""[0,0,0,0,0,0,0,0,0,0,0,0,4,-2,5,-2,7,-2,8,-2,8,-2,8,-2,8,-2,8,-3,7,-2,6,-2,6,-2,4,-3,2,-2,0,-2,-2,-1,-4,-1,-6,-1,-8,0,-10,1,-11,1,-13,2,-14,2,-14,2,-15,2,-14,2,-13,2,0,0,-9,0,-6,-1,-3,-3,0,-2,3,-4,6,-5,8,-5,10,-6,12,-7,13,-7,14,-7,13,-8,13,-8,12,-7,10,-7,8,-6,7,-4,4,-3,2,-1,-1,1,-3,4,-4,7,-6,9,-7,12,-8,14,-9,16,0,0,0,0,0,0,0,0,0,0]"""
10,"CSI_DATA,9,8c:90:2d:97:93:77,-52,11,1,7,1,0,1,0,1,0,0,-97,0,2,1,4654458,0,83,1,128,0,""[0,0,0,0,0,0,0,0,0,0,0,0,4,2,5,3,6,4,6,5,7,5,7,6,7,6,7,5,6,5,6,4,5,3,4,2,3,1,2,-1,0,-3,-1,-4,-3,-6,-4,-7,-5,-9,-6,-10,-7,-11,-7,-12,-8,-12,-8,-13,-7,-12,-6,-11,0,0,-4,-8,-2,-6,-1,-3,1,0,3,2,4,5,5,8,6,9,8,11,8,12,8,13,8,13,8,12,7,11,6,10,5,8,4,5,2,4,0,1,-2,-1,-4,-3,-6,-6,-8,-7,-11,-9,-13,-11,-15,-12,0,0,0,0,0,0,0,0,0,0]"""
11,"CSI_DATA,10,8c:90:2d:97:93:77,-52,11,1,7,1,0,1,0,1,0,0,-97,0,2,1,4664374,0,83,1,128,0,""[0,0,0,0,0,0,0,0,0,0,0,0,4,-3,5,-4,6,-5,7,-5,8,-5,8,-5,8,-5,7,-5,7,-5,6,-4,5,-4,4,-4,2,-3,0,-3,-2,-2,-4,-1,-6,0,-8,1,-10,1,-11,2,-12,3,-14,3,-14,3,-14,3,-14,2,-13,2,0,0,-8,0,-6,-1,-3,-1,0,-2,3,-3,6,-3,8,-4,11,-4,13,-5,14,-5,14,-5,14,-5,14,-5,13,-5,11,-5,9,-4,7,-3,4,-2,1,-1,-2,0,-4,2,-6,4,-9,6,-12,8,-14,10,-15,11,0,0,0,0,0,0,0,0,0,0]"""
12,"CSI_DATA,11,8c:90:2d:97:93:77,-52,11,1,7,1,0,1,0,1,0,0,-97,0,2,1,4677296,0,83,1,128,0,""[0,0,0,0,0,0,0,0,0,0,0,0,-3,-5,-3,-6,-3,-7,-3,-8,-3,-9,-3,-10,-3,-10,-3,-9,-3,-8,-3,-7,-3,-6,-3,-5,-3,-3,-3,-1,-2,1,-1,3,-1,5,0,7,0,9,1,10,2,11,2,12,2,13,2,13,2,13,1,12,0,0,0,8,-1,5,-1,2,-3,-1,-3,-4,-4,-7,-4,-9,-5,-11,-6,-13,-6,-14,-6,-15,-7,-15,-7,-14,-6,-13,-5,-12,-4,-10,-4,-7,-2,-5,0,-3,2,0,4,2,5,4,8,6,10,8,12,9,15,11,0,0,0,0,0,0,0,0,0,0]"""
13,"CSI_DATA,12,8c:90:2d:97:93:77,-52,11,1,7,1,0,1,0,1,0,0,-97,0,2,1,4684303,0,83,1,128,0,""[0,0,0,0,0,0,0,0,0,0,0,0,4,-1,6,-2,7,-2,8,-2,8,-2,9,-2,8,-2,8,-2,8,-2,7,-2,6,-2,4,-2,3,-2,0,-2,-2,-2,-4,-2,-6,-2,-8,-1,-10,-1,-11,0,-13,0,-13,0,-14,0,-15,0,-14,0,-12,0,0,0,-8,-1,-6,-2,-3,-2,0,-2,3,-3,6,-3,9,-3,11,-3,13,-4,14,-4,14,-4,14,-4,14,-5,13,-4,11,-4,9,-3,7,-2,4,-2,1,-1,-2,1,-4,2,-6,5,-8,7,-10,9,-12,10,-14,12,0,0,0,0,0,0,0,0,0,0]"""
14,"CSI_DATA,13,8c:90:2d:97:93:77,-52,11,1,7,1,0,1,0,1,0,0,-97,0,2,1,4694316,0,83,1,128,0,""[0,0,0,0,0,0,0,0,0,0,0,0,3,3,4,4,4,5,5,6,5,6,5,7,6,7,5,6,5,6,5,5,4,4,3,3,3,1,2,0,0,-2,-1,-4,-2,-6,-3,-8,-4,-8,-5,-10,-6,-11,-7,-12,-7,-12,-7,-13,-7,-12,-6,-11,0,0,-3,-8,-2,-6,0,-3,1,0,3,2,4,5,6,7,7,9,8,10,9,11,9,12,9,11,9,11,8,10,7,9,6,7,5,5,2,3,0,2,-2,-1,-5,-2,-7,-4,-10,-5,-12,-7,-15,-7,-18,-8,0,0,0,0,0,0,0,0,0,0]"""
15,"CSI_DATA,14,8c:90:2d:97:93:77,-52,11,1,7,1,0,1,0,1,0,0,-97,0,2,1,4705070,0,83,1,128,0,""[0,0,0,0,0,0,0,0,0,0,0,0,-4,-3,-6,-4,-7,-5,-7,-6,-8,-6,-8,-6,-8,-6,-8,-6,-7,-5,-7,-5,-6,-4,-5,-3,-4,-2,-2,0,-1,2,1,3,2,4,4,5,6,6,7,7,8,8,9,9,10,9,10,9,9,9,8,9,0,0,4,6,2,4,0,2,-3,0,-5,-1,-7,-4,-9,-6,-10,-7,-12,-8,-13,-9,-13,-9,-13,-9,-13,-8,-12,-8,-10,-7,-9,-6,-7,-4,-4,-3,-2,-2,1,-1,4,0,7,0,10,1,13,1,16,1,18,1,0,0,0,0,0,0,0,0,0,0]"""
16,"CSI_DATA,15,8c:90:2d:97:93:77,-52,11,1,7,1,0,1,0,1,0,0,-97,0,2,1,4715769,0,83,1,128,0,""[0,0,0,0,0,0,0,0,0,0,0,0,-5,1,-7,1,-8,1,-9,1,-9,1,-10,1,-9,1,-9,1,-9,1,-8,1,-7,1,-5,2,-3,1,-2,1,1,1,3,1,5,1,7,1,9,0,10,0,12,0,13,0,13,0,14,-1,13,0,12,0,0,0,7,0,5,1,2,1,-2,1,-5,1,-7,1,-10,1,-12,1,-14,1,-15,2,-16,1,-16,2,-15,2,-14,2,-12,1,-11,1,-8,1,-5,1,-2,0,1,-1,4,-3,6,-5,8,-7,11,-8,14,-9,16,-10,0,0,0,0,0,0,0,0,0,0]"""
17,"CSI_DATA,16,8c:90:2d:97:93:77,-52,11,1,7,1,0,1,0,1,0,0,-97,0,2,1,4724467,0,83,1,128,0,""[0,0,0,0,0,0,0,0,0,0,0,0,-3,-5,-3,-6,-3,-7,-4,-8,-3,-9,-4,-9,-4,-9,-3,-9,-4,-8,-4,-7,-3,-6,-3,-5,-3,-3,-3,-1,-2,1,-1,3,-1,5,0,7,0,8,0,10,1,12,2,13,2,13,2,13,1,12,1,12,0,0,-1,8,-1,5,-2,2,-3,-1,-2,-4,-2,-7,-3,-9,-3,-12,-4,-14,-5,-14,-5,-15,-5,-15,-5,-15,-5,-14,-3,-12,-3,-10,-3,-7,-1,-5,0,-2,1,0,3,3,4,6,6,8,8,10,10,12,11,14,0,0,0,0,0,0,0,0,0,0]"""
18,"CSI_DATA,17,8c:90:2d:97:93:77,-52,11,1,7,1,0,1,0,1,0,0,-97,0,2,1,4734397,0,83,1,128,0,""[0,0,0,0,0,0,0,0,0,0,0,0,4,0,6,1,7,1,8,2,9,2,9,2,8,2,8,2,8,1,7,1,6,1,4,0,3,-1,1,-1,-1,-2,-3,-3,-5,-4,-7,-5,-8,-5,-10,-6,-12,-6,-12,-7,-13,-7,-13,-7,-12,-7,-11,-7,0,0,-7,-5,-5,-4,-2,-3,1,-2,4,0,6,1,9,3,10,3,12,4,14,5,14,5,14,5,14,4,13,4,11,3,9,3,7,2,4,1,1,0,-3,0,-5,0,-8,0,-11,1,-14,0,-17,1,-19,1,0,0,0,0,0,0,0,0,0,0]"""
19,"CSI_DATA,18,8c:90:2d:97:93:77,-52,11,1,7,1,0,1,0,1,0,0,-97,0,2,1,4744314,0,83,1,128,0,""[0,0,0,0,0,0,0,0,0,0,0,0,1,-5,2,-6,3,-7,4,-8,4,-9,4,-9,4,-9,4,-9,3,-8,2,-7,2,-7,1,-5,0,-4,-1,-2,-2,0,-3,1,-4,3,-5,5,-6,6,-7,8,-7,9,-8,10,-8,11,-8,11,-8,10,-8,9,0,0,-6,5,-4,3,-3,0,-2,-2,0,-5,2,-7,3,-9,4,-11,4,-13,5,-14,5,-15,5,-15,4,-14,4,-13,3,-12,3,-10,2,-7,1,-5,1,-2,1,1,1,4,0,7,1,10,2,13,2,15,3,17,0,0,0,0,0,0,0,0,0,0]"""
20,"CSI_DATA,19,8c:90:2d:97:93:77,-52,11,1,7,1,0,1,0,1,0,0,-97,0,2,1,4754577,0,83,1,128,0,""[0,0,0,0,0,0,0,0,0,0,0,0,2,4,2,5,2,7,2,8,2,8,2,9,2,8,2,8,2,8,2,7,2,5,2,4,2,2,1,0,1,-2,1,-4,1,-6,0,-8,0,-10,0,-11,0,-13,0,-14,0,-15,0,-14,0,-14,1,-13,0,0,1,-9,1,-5,1,-2,1,0,0,4,0,7,-1,9,-1,12,0,13,0,14,0,15,-1,15,0,15,0,13,0,12,0,10,0,7,-1,5,-1,1,-2,-2,-2,-5,-3,-8,-4,-11,-5,-14,-6,-16,-7,-18,0,0,0,0,0,0,0,0,0,0]"""
21,"CSI_DATA,20,8c:90:2d:97:93:77,-52,11,1,7,1,0,1,0,1,0,0,-97,0,2,1,4764350,0,83,1,128,0,""[0,0,0,0,0,0,0,0,0,0,0,0,-1,-6,-1,-7,0,-8,0,-9,0,-10,0,-10,0,-10,0,-10,0,-9,0,-8,-1,-7,-1,-6,-1,-4,-2,-2,-3,0,-3,2,-3,4,-4,6,-5,8,-5,10,-5,11,-5,12,-6,12,-6,12,-6,11,-6,11,0,0,-5,7,-4,3,-2,1,-1,-2,0,-5,1,-8,3,-10,3,-12,4,-13,5,-15,5,-15,5,-15,5,-15,4,-13,3,-12,3,-10,2,-8,1,-5,0,-2,0,0,0,4,-1,8,-1,10,-1,14,-1,16,-1,18,0,0,0,0,0,0,0,0,0,0]"""
22,"CSI_DATA,21,8c:90:2d:97:93:77,-52,11,1,7,1,0,1,0,1,0,0,-97,0,2,1,4774771,0,83,1,128,0,""[0,0,0,0,0,0,0,0,0,0,0,0,1,4,2,6,2,7,2,7,2,8,2,9,2,8,2,8,2,7,2,7,2,5,2,4,2,2,1,0,1,-2,0,-4,-1,-6,-2,-8,-2,-9,-3,-11,-3,-12,-4,-13,-4,-14,-5,-14,-4,-14,-3,-12,0,0,-1,-9,-1,-6,0,-3,2,0,2,2,4,5,5,7,6,9,7,11,8,12,8,13,8,13,8,12,8,11,6,10,5,8,4,6,2,3,0,2,-3,0,-5,-2,-7,-4,-11,-5,-13,-6,-16,-7,-18,-8,0,0,0,0,0,0,0,0,0,0]"""
23,"CSI_DATA,22,8c:90:2d:97:93:77,-52,11,1,7,1,0,1,0,1,0,0,-97,0,2,1,4784439,0,83,1,128,0,""[0,0,0,0,0,0,0,0,0,0,0,0,-5,0,-7,0,-8,0,-9,0,-10,0,-10,-1,-10,0,-10,0,-9,0,-8,-1,-7,0,-6,1,-4,1,-2,1,0,1,3,2,5,2,7,2,9,2,10,1,12,1,13,1,14,2,14,2,13,2,11,2,0,0,7,2,5,2,2,2,-2,1,-5,1,-8,0,-10,0,-12,0,-14,0,-16,-1,-16,0,-16,0,-16,0,-15,0,-13,0,-11,0,-8,0,-5,0,-2,-1,1,-1,4,-3,6,-4,9,-6,11,-7,15,-8,16,-10,0,0,0,0,0,0,0,0,0,0]"""
24,"CSI_DATA,23,8c:90:2d:97:93:77,-52,11,1,7,1,0,1,0,1,0,0,-97,0,2,1,4794392,0,83,1,128,0,""[0,0,0,0,0,0,0,0,0,0,0,0,2,4,3,5,3,6,3,7,4,8,4,8,4,8,3,8,3,7,3,6,3,5,2,4,2,2,2,0,1,-2,0,-4,0,-6,-1,-8,-2,-10,-2,-11,-3,-13,-3,-14,-3,-14,-3,-15,-2,-14,-2,-13,0,0,-1,-9,0,-6,1,-3,1,0,1,4,2,7,2,9,2,11,3,13,3,14,3,15,3,15,3,14,3,13,2,11,2,9,1,6,1,5,0,2,-2,-1,-4,-4,-4,-7,-6,-10,-8,-12,-10,-14,-11,-16,0,0,0,0,0,0,0,0,0,0]"""
25,"CSI_DATA,24,8c:90:2d:97:93:77,-52,11,1,7,1,0,1,0,1,0,0,-97,0,2,1,4804828,0,83,1,128,0,""[0,0,0,0,0,0,0,0,0,0,0,0,4,1,6,1,6,2,7,2,8,3,8,3,8,3,8,3,7,2,6,2,6,2,4,1,3,0,2,-1,0,-3,-2,-4,-4,-5,-6,-6,-8,-7,-9,-8,-10,-8,-11,-9,-12,-9,-12,-9,-11,-9,-9,-9,0,0,-6,-7,-4,-4,-1,-3,2,-1,3,1,6,3,7,5,9,6,11,7,12,8,12,9,12,9,12,8,11,8,9,7,8,6,6,4,3,2,0,1,-3,-1,-5,-2,-7,-3,-11,-3,-13,-5,-16,-5,-19,-5,0,0,0,0,0,0,0,0,0,0]"""
26,"CSI_DATA,25,8c:90:2d:97:93:77,-52,11,1,7,1,0,1,0,1,0,0,-97,0,2,1,4814592,0,83,1,128,0,""[0,0,0,0,0,0,0,0,0,0,0,0,2,-5,3,-6,4,-7,5,-7,5,-8,5,-8,5,-8,5,-8,4,-7,4,-7,3,-6,2,-5,1,-4,-1,-2,-3,-1,-4,0,-6,2,-7,3,-9,5,-10,6,-11,7,-11,7,-12,8,-12,8,-12,7,-11,6,0,0,-7,3,-6,1,-3,-1,0,-2,2,-4,5,-6,7,-7,9,-8,10,-9,11,-10,12,-10,12,-10,11,-10,10,-10,9,-8,7,-7,6,-5,3,-4,1,-2,-1,1,-3,3,-4,6,-6,9,-7,12,-9,13,-10,16,0,0,0,0,0,0,0,0,0,0]"""
27,"CSI_DATA,26,8c:90:2d:97:93:77,-52,11,1,7,1,0,1,0,1,0,0,-97,0,2,1,4824599,0,83,1,128,0,""[0,0,0,0,0,0,0,0,0,0,0,0,3,3,4,4,4,6,5,7,5,8,5,8,5,8,5,8,5,6,5,6,3,5,3,3,3,1,2,0,0,-3,0,-4,-1,-6,-2,-8,-3,-10,-4,-12,-4,-13,-5,-14,-5,-15,-5,-15,-4,-14,-3,-13,0,0,-2,-9,-1,-6,0,-3,2,0,2,4,2,6,3,9,4,12,5,13,5,15,5,15,5,15,5,15,5,13,4,12,3,10,2,7,1,4,0,2,-2,-1,-4,-4,-6,-7,-8,-10,-9,-12,-12,-14,-13,-16,0,0,0,0,0,0,0,0,0,0]"""
28,"CSI_DATA,27,8c:90:2d:97:93:77,-52,11,1,7,1,0,1,0,1,0,0,-97,0,2,1,4834310,0,83,1,128,0,""[0,0,0,0,0,0,0,0,0,0,0,0,-5,1,-6,1,-7,1,-9,1,-9,1,-9,1,-10,2,-9,2,-9,2,-7,2,-7,2,-5,1,-3,1,-1,1,1,0,3,1,5,0,7,-1,9,-2,10,-2,12,-2,12,-3,13,-3,14,-3,13,-3,11,-2,0,0,8,-1,5,0,2,1,-1,2,-4,2,-7,3,-9,4,-11,4,-13,5,-14,6,-14,6,-14,6,-14,6,-13,6,-11,5,-9,4,-7,3,-5,2,-3,0,0,-2,2,-4,4,-7,5,-9,7,-12,8,-14,9,-16,0,0,0,0,0,0,0,0,0,0]"""
29,"CSI_DATA,28,8c:90:2d:97:93:77,-52,11,1,7,1,0,1,0,1,0,0,-97,0,2,1,4844416,0,83,1,128,0,""[0,0,0,0,0,0,0,0,0,0,0,0,4,1,6,1,7,1,8,2,8,2,8,2,8,2,8,2,8,2,7,1,6,1,5,0,3,-1,1,-2,-1,-3,-3,-3,-5,-4,-7,-5,-8,-5,-10,-6,-12,-6,-12,-7,-13,-6,-13,-6,-12,-7,-11,-6,0,0,-7,-5,-5,-4,-2,-3,2,-1,4,0,6,1,9,2,10,3,12,4,14,4,14,5,14,4,14,4,13,4,11,3,9,3,7,2,4,1,1,0,-2,0,-5,0,-8,0,-11,1,-14,1,-17,2,-19,2,0,0,0,0,0,0,0,0,0,0]"""
30,"CSI_DATA,29,8c:90:2d:97:93:77,-52,11,1,7,1,0,1,0,1,0,0,-97,0,2,1,4854511,0,83,1,128,0,""[0,0,0,0,0,0,0,0,0,0,0,0,4,-1,6,-1,7,-1,8,0,9,0,9,0,9,0,8,0,8,0,7,-1,6,-1,4,-1,3,-1,1,-2,-1,-2,-3,-2,-6,-3,-8,-3,-10,-3,-11,-3,-13,-2,-14,-3,-14,-3,-14,-3,-14,-4,-12,-3,0,0,-8,-3,-5,-3,-2,-2,1,-2,4,-2,7,-1,9,-1,11,0,13,0,14,0,15,0,15,0,14,0,14,0,11,-1,10,0,7,0,4,-1,1,0,-2,0,-5,2,-7,3,-10,4,-12,5,-15,6,-17,8,0,0,0,0,0,0,0,0,0,0]"""
31,"CSI_DATA,30,8c:90:2d:97:93:77,-52,11,1,7,1,0,1,0,1,0,0,-97,0,2,1,4864455,0,83,1,128,0,""[0,0,0,0,0,0,0,0,0,0,0,0,4,-1,6,-1,7,-1,8,0,9,-1,9,0,9,-1,8,-1,8,0,7,-1,6,-1,4,-1,3,-2,0,-2,-2,-2,-3,-3,-6,-3,-8,-2,-10,-2,-11,-2,-13,-2,-14,-2,-14,-3,-15,-3,-14,-3,-12,-3,0,0,-8,-3,-5,-3,-2,-2,1,-2,4,-2,6,-1,9,-1,11,-1,13,-1,14,-1,15,-1,15,-1,15,-1,13,-1,11,-1,9,-1,7,-1,4,-1,1,0,-2,0,-5,2,-7,3,-10,5,-12,6,-14,8,-17,9,0,0,0,0,0,0,0,0,0,0]"""
32,"CSI_DATA,31,8c:90:2d:97:93:77,-52,11,1,7,1,0,1,0,1,0,0,-97,0,2,1,4874606,0,83,1,128,0,""[0,0,0,0,0,0,0,0,0,0,0,0,-5,0,-7,0,-8,1,-9,0,-9,0,-10,1,-10,0,-9,1,-9,0,-8,0,-7,1,-5,1,-4,1,-2,1,0,1,2,1,5,1,7,1,9,0,10,0,12,-1,13,0,13,-1,13,-1,13,0,12,0,0,0,7,1,4,1,2,2,-2,1,-4,2,-7,1,-10,2,-12,2,-14,2,-15,3,-15,3,-15,3,-15,3,-14,3,-12,3,-10,2,-8,1,-5,1,-2,0,0,-2,3,-4,5,-6,7,-8,9,-10,11,-11,13,-13,0,0,0,0,0,0,0,0,0,0]"""
33,"CSI_DATA,32,8c:90:2d:97:93:77,-52,11,1,7,1,0,1,0,1,0,0,-97,0,2,1,4884382,0,83,1,128,0,""[0,0,0,0,0,0,0,0,0,0,0,0,3,-4,5,-4,5,-5,7,-5,7,-5,8,-5,8,-5,7,-5,7,-5,6,-4,5,-4,4,-4,2,-3,0,-2,-3,-1,-4,0,-6,0,-8,1,-10,3,-11,3,-12,4,-13,5,-13,5,-13,5,-13,4,-12,4,0,0,-8,1,-6,0,-3,-1,0,-2,3,-4,5,-5,8,-6,9,-7,11,-8,12,-8,12,-9,13,-9,12,-9,11,-8,9,-7,8,-6,6,-4,4,-3,1,-2,-1,1,-3,3,-4,6,-5,9,-7,12,-8,14,-9,16,0,0,0,0,0,0,0,0,0,0]"""
34,"CSI_DATA,33,8c:90:2d:97:93:77,-52,11,1,7,1,0,1,0,1,0,0,-97,0,2,1,4894633,0,83,1,128,0,""[0,0,0,0,0,0,0,0,0,0,0,0,-1,-5,-1,-7,0,-8,0,-9,0,-9,0,-10,0,-10,0,-10,0,-9,-1,-8,-1,-7,-1,-5,-2,-4,-2,-2,-2,0,-1,3,-2,5,-2,7,-2,9,-2,10,-1,12,-1,13,-1,13,-1,13,-1,13,-2,12,0,0,-2,7,-2,5,-2,2,-3,-1,-3,-5,-3,-7,-3,-10,-3,-12,-4,-14,-4,-15,-4,-16,-5,-15,-5,-15,-5,-14,-4,-12,-3,-10,-3,-8,-1,-5,0,-3,1,0,4,2,5,5,7,7,10,8,12,10,14,11,0,0,0,0,0,0,0,0,0,0]"""
35,"CSI_DATA,34,8c:90:2d:97:93:77,-52,11,1,7,1,0,1,0,1,0,0,-97,0,2,1,4904467,0,83,1,128,0,""[0,0,0,0,0,0,0,0,0,0,0,0,-4,-4,-4,-5,-5,-6,-5,-7,-6,-8,-6,-8,-6,-8,-6,-7,-5,-7,-5,-6,-5,-5,-4,-4,-3,-3,-2,-1,-1,1,0,3,2,5,3,6,4,7,6,8,7,9,8,10,8,11,8,10,8,11,6,9,0,0,3,6,2,5,-1,3,-3,0,-5,-2,-7,-4,-8,-6,-10,-7,-12,-8,-13,-9,-13,-9,-14,-9,-13,-9,-12,-8,-11,-7,-9,-6,-7,-4,-4,-3,-2,-2,1,-1,4,-1,7,-1,10,-1,13,-1,16,-1,18,-1,0,0,0,0,0,0,0,0,0,0]"""
36,"CSI_DATA,35,8c:90:2d:97:93:77,-52,11,1,7,1,0,1,0,1,0,0,-97,0,2,1,4914600,0,83,1,128,0,""[0,0,0,0,0,0,0,0,0,0,0,0,-5,-3,-6,-4,-7,-4,-8,-5,-8,-5,-9,-5,-8,-5,-8,-5,-8,-4,-7,-4,-6,-3,-5,-2,-4,-1,-2,0,0,1,2,2,4,3,6,4,8,4,9,5,11,5,11,6,12,6,12,6,11,6,10,5,0,0,6,4,4,3,1,2,-2,1,-5,0,-8,-1,-10,-1,-12,-2,-14,-2,-15,-2,-16,-2,-16,-2,-16,-2,-15,-1,-12,-1,-10,-1,-8,-1,-5,-1,-2,-1,0,-2,3,-3,6,-5,9,-6,11,-8,13,-9,15,-11,0,0,0,0,0,0,0,0,0,0]"""
37,"CSI_DATA,36,8c:90:2d:97:93:77,-52,11,1,7,1,0,1,0,1,0,0,-97,0,2,1,4932608,0,83,1,128,0,""[0,0,0,0,0,0,0,0,0,0,0,0,-5,2,-6,3,-7,3,-8,4,-9,4,-9,4,-9,4,-9,4,-8,4,-7,3,-6,3,-4,3,-3,2,-1,2,1,1,3,1,5,0,7,0,9,0,11,-1,12,-1,13,-1,14,-1,14,-1,13,-1,12,0,0,0,8,1,5,1,2,1,-2,0,-5,0,-7,0,-10,0,-12,-1,-14,-1,-16,-1,-16,-1,-16,-1,-16,-1,-15,-1,-12,-1,-10,-1,-9,0,-5,0,-2,0,1,-1,4,-1,7,-2,10,-2,13,-3,16,-4,18,-3,0,0,0,0,0,0,0,0,0,0]"""
38,"CSI_DATA,37,8c:90:2d:97:93:77,-51,11,1,7,1,0,1,0,1,0,0,-97,0,2,1,4937503,0,83,1,128,0,""[0,0,0,0,0,0,0,0,0,0,0,0,-1,4,-1,6,-1,6,-2,8,-2,8,-2,9,-2,8,-1,8,-1,8,-1,7,0,6,0,4,0,3,0,1,1,-1,0,-4,0,-6,0,-8,-1,-10,-1,-11,-2,-13,-2,-14,-2,-14,-3,-14,-2,-14,-2,-12,0,0,-1,-9,0,-6,1,-3,2,0,3,2,5,5,6,7,6,9,8,11,8,11,9,12,10,11,9,11,9,10,8,8,6,7,5,5,2,3,0,2,-3,1,-5,-1,-8,-1,-11,-1,-14,-1,-17,-1,-19,-1,0,0,0,0,0,0,0,0,0,0]"""
39,"CSI_DATA,38,8c:90:2d:97:93:77,-51,11,1,7,1,0,1,0,1,0,0,-97,0,2,1,4944468,0,83,1,128,0,""[0,0,0,0,0,0,0,0,0,0,0,0,-4,-3,-5,-4,-7,-5,-7,-5,-8,-6,-8,-6,-8,-5,-8,-5,-7,-5,-7,-4,-6,-3,-5,-2,-3,-1,-2,0,0,1,2,2,4,2,6,3,8,3,10,4,11,4,12,4,13,4,13,4,12,4,11,4,0,0,7,3,4,3,1,3,-2,2,-5,1,-8,1,-10,1,-12,1,-14,1,-15,2,-16,2,-16,2,-15,3,-14,3,-12,2,-10,2,-8,1,-6,1,-3,-1,-1,-2,2,-5,4,-7,6,-10,7,-12,8,-14,9,-16,0,0,0,0,0,0,0,0,0,0]"""
40,"CSI_DATA,39,8c:90:2d:97:93:77,-51,11,1,7,1,0,1,0,1,0,0,-97,0,2,1,4954643,0,83,1,128,0,""[0,0,0,0,0,0,0,0,0,0,0,0,-3,3,-4,4,-5,5,-6,6,-6,6,-7,6,-6,6,-6,6,-6,6,-5,6,-4,4,-3,3,-2,2,-1,1,1,-1,2,-3,3,-5,4,-6,4,-8,5,-9,5,-11,6,-12,6,-12,6,-13,6,-12,6,-11,0,0,4,-7,3,-4,2,-2,2,1,1,4,0,7,0,9,-1,11,0,13,0,14,0,15,0,15,0,14,1,13,0,11,0,10,1,7,-1,5,-2,2,-3,-1,-4,-3,-6,-6,-8,-7,-10,-9,-13,-11,-15,-12,0,0,0,0,0,0,0,0,0,0]"""
41,"CSI_DATA,40,8c:90:2d:97:93:77,-52,11,1,7,1,0,1,0,1,0,0,-97,0,2,1,4964353,0,83,1,128,0,""[0,0,0,0,0,0,0,0,0,0,0,0,-1,4,-1,6,-2,7,-3,8,-3,8,-3,8,-3,9,-3,8,-3,8,-2,7,-2,6,-1,5,0,3,1,1,1,-1,2,-3,3,-5,4,-7,4,-9,5,-10,6,-11,6,-12,6,-13,7,-13,6,-12,6,-11,0,0,4,-7,3,-4,2,-1,0,0,-2,4,-3,7,-5,9,-5,10,-6,12,-7,13,-7,14,-7,14,-7,13,-6,12,-5,11,-5,9,-3,7,-2,4,-2,2,-1,-2,0,-5,0,-9,0,-12,0,-15,0,-17,0,-19,0,0,0,0,0,0,0,0,0,0]"""
42,"CSI_DATA,41,8c:90:2d:97:93:77,-52,11,1,7,1,0,1,0,1,0,0,-97,0,2,1,4974603,0,83,1,128,0,""[0,0,0,0,0,0,0,0,0,0,0,0,5,0,6,1,7,1,8,1,8,2,8,2,9,2,8,2,8,1,7,1,6,1,4,0,3,-1,2,-2,-1,-3,-3,-3,-5,-4,-7,-5,-8,-6,-10,-6,-11,-6,-12,-7,-13,-8,-13,-7,-12,-8,-11,-7,0,0,-6,-6,-4,-4,-2,-3,2,-1,4,0,6,2,8,3,10,5,12,6,13,6,13,7,14,7,13,6,12,5,10,5,9,4,7,2,3,1,1,1,-2,0,-5,-1,-8,-1,-11,-1,-14,-2,-17,-2,-19,-2,0,0,0,0,0,0,0,0,0,0]"""
43,"CSI_DATA,42,8c:90:2d:97:93:77,-52,11,1,7,1,0,1,0,1,0,0,-97,0,2,1,4984703,0,83,1,128,0,""[0,0,0,0,0,0,0,0,0,0,0,0,2,-4,3,-6,4,-6,4,-7,5,-8,5,-8,5,-8,5,-8,4,-7,3,-6,3,-6,2,-5,0,-4,-1,-2,-2,-1,-4,1,-5,2,-6,4,-7,6,-8,7,-9,8,-10,9,-10,9,-10,10,-10,8,-9,7,0,0,-7,5,-5,2,-3,0,-1,-2,1,-5,3,-7,4,-9,6,-10,7,-11,8,-12,8,-13,8,-13,7,-13,7,-12,6,-11,5,-9,4,-7,2,-5,1,-2,0,1,-1,4,-2,8,-2,10,-2,13,-2,15,-3,17,0,0,0,0,0,0,0,0,0,0]"""
44,"CSI_DATA,43,8c:90:2d:97:93:77,-52,11,1,7,1,0,1,0,1,0,0,-97,0,2,1,4994377,0,83,1,128,0,""[0,0,0,0,0,0,0,0,0,0,0,0,4,-2,5,-2,7,-3,8,-3,8,-3,8,-3,8,-3,8,-3,7,-3,7,-3,5,-3,4,-3,2,-2,0,-2,-2,-1,-4,-1,-6,-1,-8,0,-10,0,-11,1,-13,1,-14,1,-14,1,-14,1,-14,1,-12,1,0,0,-8,0,-6,-1,-3,-2,0,-2,3,-3,6,-4,8,-4,10,-5,12,-5,13,-6,14,-5,14,-6,13,-6,12,-5,10,-5,9,-4,7,-3,4,-3,1,-1,-1,1,-3,3,-6,5,-7,8,-9,10,-11,12,-12,13,0,0,0,0,0,0,0,0,0,0]"""
45,"CSI_DATA,44,8c:90:2d:97:93:77,-51,11,1,7,1,0,1,0,1,0,0,-97,0,2,1,5004402,0,83,1,128,0,""[0,0,0,0,0,0,0,0,0,0,0,0,-2,-5,-3,-6,-3,-7,-3,-8,-3,-9,-3,-9,-3,-9,-3,-9,-3,-8,-3,-8,-3,-6,-2,-5,-2,-3,-2,-1,-2,1,-1,3,0,5,0,7,0,9,1,10,2,11,2,13,2,13,2,13,2,13,1,11,0,0,-1,7,-1,5,-2,2,-3,-1,-3,-4,-3,-7,-4,-10,-5,-11,-6,-13,-6,-14,-6,-15,-6,-15,-7,-14,-6,-13,-5,-12,-4,-10,-4,-7,-2,-5,0,-2,1,0,3,2,5,5,8,6,10,8,13,10,14,11,0,0,0,0,0,0,0,0,0,0]"""
46,"CSI_DATA,45,8c:90:2d:97:93:77,-52,11,1,7,1,0,1,0,1,0,0,-97,0,2,1,5014597,0,83,1,128,0,""[0,0,0,0,0,0,0,0,0,0,0,0,-1,-5,-1,-7,-1,-8,0,-9,0,-10,0,-10,0,-10,0,-10,0,-9,0,-8,0,-7,-1,-6,-2,-4,-2,-2,-3,0,-4,2,-4,4,-5,6,-5,8,-6,9,-6,11,-6,12,-7,12,-7,12,-8,11,-7,10,0,0,-5,6,-4,3,-3,1,-1,-2,1,-5,3,-7,4,-9,5,-11,7,-12,7,-13,8,-14,8,-14,8,-14,7,-13,6,-11,5,-9,3,-7,2,-5,0,-2,-1,1,-2,4,-3,7,-4,10,-5,13,-6,15,-6,17,0,0,0,0,0,0,0,0,0,0]"""
47,"CSI_DATA,46,8c:90:2d:97:93:77,-52,11,1,7,1,0,1,0,1,0,0,-97,0,2,1,5024505,0,83,1,128,0,""[0,0,0,0,0,0,0,0,0,0,0,0,-5,-4,-5,-4,-6,-5,-7,-6,-7,-7,-7,-7,-7,-7,-7,-7,-6,-6,-6,-6,-6,-5,-4,-4,-4,-2,-2,0,-2,2,0,3,1,5,2,7,3,8,4,10,4,11,5,12,5,13,4,13,4,12,3,11,0,0,1,7,0,5,-1,1,-2,-1,-3,-4,-3,-7,-4,-10,-5,-12,-5,-13,-5,-15,-5,-15,-5,-15,-5,-15,-5,-13,-4,-12,-4,-10,-3,-7,-2,-5,-1,-2,1,1,2,3,3,7,5,9,6,12,8,13,9,15,0,0,0,0,0,0,0,0,0,0]"""
48,"CSI_DATA,47,8c:90:2d:97:93:77,-51,11,1,7,1,0,1,0,1,0,0,-97,0,2,1,5034433,0,83,1,128,0,""[0,0,0,0,0,0,0,0,0,0,0,0,3,2,5,3,6,4,6,5,7,5,7,5,7,5,7,4,6,4,6,4,5,3,4,1,2,1,1,-1,0,-2,-2,-4,-3,-5,-6,-6,-7,-7,-8,-8,-10,-8,-10,-9,-11,-9,-11,-10,-10,-10,-9,-9,0,0,-5,-6,-3,-5,-1,-3,2,-1,4,1,6,2,8,4,10,5,11,6,13,7,13,7,13,7,13,6,12,5,10,5,9,4,7,3,3,2,1,0,-2,0,-5,0,-8,0,-11,0,-14,0,-17,0,-20,0,0,0,0,0,0,0,0,0,0,0]"""
49,"CSI_DATA,48,8c:90:2d:97:93:77,-51,11,1,7,1,0,1,0,1,0,0,-97,0,2,1,5044377,0,83,1,128,0,""[0,0,0,0,0,0,0,0,0,0,0,0,4,-2,5,-2,7,-2,8,-2,9,-2,8,-2,9,-2,8,-2,8,-2,7,-2,6,-2,4,-2,2,-2,1,-2,-2,-2,-4,-2,-6,-1,-8,-1,-10,-1,-12,0,-13,0,-14,0,-14,0,-15,0,-14,-1,-12,-1,0,0,-8,-1,-6,-2,-2,-2,0,-2,4,-3,6,-3,9,-3,11,-4,12,-4,14,-4,14,-4,15,-4,14,-4,13,-4,11,-4,9,-3,7,-3,4,-2,1,-1,-1,1,-4,2,-6,5,-8,7,-11,9,-13,10,-14,12,0,0,0,0,0,0,0,0,0,0]"""
50,"CSI_DATA,49,8c:90:2d:97:93:77,-52,11,1,7,1,0,1,0,1,0,0,-97,0,2,1,5054417,0,83,1,128,0,""[0,0,0,0,0,0,0,0,0,0,0,0,-2,4,-3,5,-3,6,-4,7,-5,8,-5,8,-4,8,-4,8,-4,7,-4,6,-3,6,-2,4,-1,3,0,1,1,-1,2,-3,3,-5,4,-7,4,-9,5,-10,5,-11,6,-12,6,-13,6,-13,6,-12,6,-11,0,0,4,-7,3,-4,2,-1,1,1,0,4,-1,7,-2,9,-3,11,-2,13,-3,14,-3,15,-3,15,-3,14,-2,13,-2,12,-2,10,-1,7,-2,5,-2,2,-2,-1,-3,-4,-3,-7,-5,-10,-6,-13,-8,-15,-9,-17,0,0,0,0,0,0,0,0,0,0]"""
51,"CSI_DATA,50,8c:90:2d:97:93:77,-52,11,1,7,1,0,1,0,1,0,0,-97,0,2,1,5064487,0,83,1,128,0,""[0,0,0,0,0,0,0,0,0,0,0,0,-2,-4,-3,-5,-3,-6,-4,-7,-4,-7,-4,-8,-4,-8,-4,-7,-4,-7,-3,-6,-3,-5,-2,-4,-2,-2,-1,0,-1,0,0,2,0,4,0,6,0,8,0,10,1,11,1,12,1,13,1,12,0,12,0,11,0,0,0,7,0,3,0,0,-1,0,-1,-3,-1,-6,-2,-9,-2,-11,-3,-13,-3,-14,-2,-15,-3,-15,-3,-14,-3,-13,-2,-11,-2,-9,-1,-7,0,-4,0,-1,0,0,1,2,2,6,4,8,6,10,7,12,8,14,0,0,0,0,0,0,0,0,0,0]"""
52,"CSI_DATA,51,8c:90:2d:97:93:77,-52,11,1,7,1,0,1,0,1,0,0,-97,0,2,1,5074665,0,83,1,128,0,""[0,0,0,0,0,0,0,0,0,0,0,0,-1,3,-2,4,-2,6,-3,6,-4,7,-4,7,-4,7,-3,7,-3,6,-2,5,-2,5,-1,3,0,2,0,0,0,0,2,-1,3,-3,4,-5,5,-6,6,-8,7,-9,7,-10,8,-10,8,-10,8,-9,7,-8,0,0,4,-5,3,-2,1,0,0,0,-1,3,-3,5,-5,6,-7,8,-8,9,-8,10,-9,11,-9,11,-8,11,-8,10,-6,9,-5,7,-4,4,-2,3,-1,0,0,-1,0,-4,0,-8,1,-10,2,-13,3,-16,3,-18,0,0,0,0,0,0,0,0,0,0]"""
53,"CSI_DATA,52,8c:90:2d:97:93:77,-52,11,1,7,1,0,1,0,1,0,0,-97,0,2,1,5087087,0,83,1,128,0,""[0,0,0,0,0,0,0,0,0,0,0,0,0,3,0,5,0,6,0,7,0,7,0,8,0,7,0,7,0,7,0,6,0,5,0,3,0,2,0,0,0,0,0,-3,0,-5,0,-7,0,-8,0,-10,0,-12,0,-13,0,-13,0,-13,0,-13,0,-11,0,0,0,-7,0,-4,0,-2,1,0,1,2,1,5,1,7,1,10,2,12,3,12,3,13,3,13,3,12,3,11,2,10,2,8,1,6,0,3,0,1,-2,0,-4,-2,-5,-4,-8,-5,-10,-7,-13,-9,-15,-10,0,0,0,0,0,0,0,0,0,0]"""
54,"CSI_DATA,53,8c:90:2d:97:93:77,-52,11,1,7,1,0,1,0,1,0,0,-97,0,2,1,5094394,0,83,1,128,0,""[0,0,0,0,0,0,0,0,0,0,0,0,-3,3,-4,5,-4,6,-5,7,-6,7,-6,7,-5,7,-5,7,-5,6,-4,6,-3,5,-2,4,-1,3,0,1,1,-1,3,-2,4,-4,5,-6,6,-7,7,-9,8,-10,8,-11,8,-11,8,-11,8,-10,8,-9,0,0,5,-6,4,-3,2,-1,0,1,-2,4,-4,6,-5,8,-6,10,-7,12,-8,12,-8,13,-8,13,-7,12,-7,12,-6,10,-5,9,-4,6,-3,4,-2,1,-1,-1,-1,-5,0,-8,0,-11,0,-14,-1,-17,-1,-19,0,0,0,0,0,0,0,0,0,0]"""
55,"CSI_DATA,54,8c:90:2d:97:93:77,-52,11,1,7,1,0,1,0,1,0,0,-97,0,2,1,5104493,0,83,1,128,0,""[0,0,0,0,0,0,0,0,0,0,0,0,4,-2,6,-2,7,-2,8,-2,9,-2,9,-2,9,-2,9,-2,8,-2,7,-2,6,-2,4,-2,3,-2,1,-2,-2,-2,-4,-2,-6,-3,-8,-2,-10,-2,-12,-2,-13,-2,-14,-2,-14,-2,-15,-2,-14,-2,-13,-2,0,0,-8,-3,-5,-3,-3,-2,1,-1,4,-1,7,-1,9,-1,11,0,13,0,14,0,15,0,15,0,15,0,14,0,11,0,9,-1,7,0,4,-1,1,0,-2,0,-6,1,-7,2,-11,3,-13,5,-16,5,-18,6,0,0,0,0,0,0,0,0,0,0]"""
56,"CSI_DATA,55,8c:90:2d:97:93:77,-52,11,1,7,1,0,1,0,1,0,0,-97,0,2,1,5115063,0,83,1,128,0,""[0,0,0,0,0,0,0,0,0,0,0,0,3,3,4,5,4,6,5,7,5,7,6,7,6,7,5,7,5,7,5,6,4,5,3,3,3,1,2,0,0,-2,-1,-4,-2,-6,-3,-8,-4,-10,-5,-11,-6,-12,-6,-13,-7,-14,-7,-14,-6,-14,-5,-13,0,0,-3,-9,-2,-6,0,-3,2,0,2,3,4,6,5,8,6,10,7,12,8,13,8,14,8,14,8,13,7,12,7,10,5,9,4,6,2,4,0,2,-2,-1,-5,-3,-7,-6,-9,-7,-12,-9,-15,-10,-17,-12,0,0,0,0,0,0,0,0,0,0]"""
57,"CSI_DATA,56,8c:90:2d:97:93:77,-52,11,1,7,1,0,1,0,1,0,0,-97,0,2,1,5125555,0,83,1,128,0,""[0,0,0,0,0,0,0,0,0,0,0,0,-4,2,-5,3,-7,3,-7,4,-8,4,-8,4,-8,4,-8,4,-7,4,-6,4,-6,3,-4,3,-3,2,-1,1,1,0,3,0,4,-1,6,-3,8,-3,9,-4,11,-5,11,-5,12,-6,12,-6,12,-5,10,-4,0,0,7,-2,4,-1,2,0,0,1,-4,3,-6,4,-8,5,-10,6,-11,7,-13,7,-13,7,-13,8,-13,8,-12,7,-10,6,-8,5,-7,3,-4,2,-2,0,0,-2,2,-4,3,-7,5,-10,6,-12,8,-14,8,-16,0,0,0,0,0,0,0,0,0,0]"""
58,"CSI_DATA,57,8c:90:2d:97:93:77,-51,11,1,7,1,0,1,0,1,0,0,-97,0,2,1,5134664,0,83,1,128,0,""[0,0,0,0,0,0,0,0,0,0,0,0,-5,-1,-6,-2,-8,-2,-9,-2,-10,-3,-9,-3,-9,-3,-9,-2,-9,-2,-8,-2,-7,-1,-5,-1,-4,0,-2,0,0,1,2,2,4,2,6,3,8,3,10,3,11,3,12,4,13,4,13,4,12,4,11,4,0,0,7,3,4,2,1,2,-2,1,-5,0,-8,0,-10,-1,-12,-1,-14,-2,-15,-2,-16,-1,-16,-1,-16,-1,-14,-1,-12,-1,-10,-1,-8,-1,-5,0,-2,-1,1,-1,4,-2,6,-4,9,-5,11,-7,14,-8,16,-9,0,0,0,0,0,0,0,0,0,0]"""
59,"CSI_DATA,58,8c:90:2d:97:93:77,-52,11,1,7,1,0,1,0,1,0,0,-97,0,2,1,5144415,0,83,1,128,0,""[0,0,0,0,0,0,0,0,0,0,0,0,-5,-2,-7,-2,-8,-2,-9,-3,-9,-3,-9,-3,-10,-3,-9,-3,-8,-3,-8,-3,-7,-2,-5,-1,-4,-1,-2,0,0,1,2,2,4,2,6,3,8,3,10,3,11,3,12,4,13,4,13,4,13,4,11,3,0,0,7,3,4,2,1,2,-2,1,-5,1,-8,0,-10,0,-12,-1,-14,-1,-16,-1,-16,-1,-16,0,-16,-1,-15,0,-13,0,-10,0,-9,-1,-6,0,-2,-1,1,-2,3,-3,6,-5,8,-7,11,-8,13,-10,15,-11,0,0,0,0,0,0,0,0,0,0]"""
60,"CSI_DATA,59,8c:90:2d:97:93:77,-52,11,1,7,1,0,1,0,1,0,0,-97,0,2,1,5154607,0,83,1,128,0,""[0,0,0,0,0,0,0,0,0,0,0,0,-4,-2,-5,-3,-5,-4,-6,-5,-7,-5,-7,-6,-7,-5,-6,-5,-6,-5,-6,-4,-5,-3,-4,-2,-3,-1,-2,0,0,1,0,2,1,4,2,5,3,7,4,8,5,9,6,10,6,10,6,10,5,10,4,9,0,0,2,6,0,3,0,1,-1,0,-2,-2,-4,-5,-5,-7,-6,-9,-7,-10,-8,-12,-8,-12,-8,-12,-8,-12,-8,-11,-6,-9,-5,-7,-4,-5,-2,-3,0,-1,0,0,2,1,4,3,7,5,9,7,12,8,14,10,0,0,0,0,0,0,0,0,0,0]"""
61,"CSI_DATA,60,8c:90:2d:97:93:77,-52,11,1,7,1,0,1,0,1,0,0,-97,0,2,1,5167102,0,83,1,128,0,""[0,0,0,0,0,0,0,0,0,0,0,0,-4,3,-5,4,-6,5,-7,6,-7,6,-8,6,-8,6,-7,6,-7,5,-6,5,-5,4,-4,4,-2,3,0,2,1,1,3,0,5,-1,7,-3,9,-4,10,-5,11,-6,12,-6,12,-6,13,-6,13,-5,11,-5,0,0,7,-3,5,-1,2,0,-2,1,-4,2,-6,3,-9,5,-11,5,-13,5,-14,6,-15,7,-14,7,-14,6,-14,6,-11,5,-10,4,-7,3,-5,2,-2,0,1,-2,3,-4,5,-6,7,-9,9,-10,11,-13,13,-14,0,0,0,0,0,0,0,0,0,0]"""
62,"CSI_DATA,61,8c:90:2d:97:93:77,-52,11,1,7,1,0,1,0,1,0,0,-97,0,2,1,5174562,0,83,1,128,0,""[0,0,0,0,0,0,0,0,0,0,0,0,-5,-3,-6,-4,-7,-4,-8,-5,-8,-5,-8,-6,-8,-6,-8,-5,-8,-5,-7,-4,-7,-4,-5,-2,-4,-1,-2,0,0,1,1,3,3,4,5,5,6,5,8,6,10,7,10,7,11,8,11,7,11,8,9,7,0,0,5,5,3,4,1,2,-3,0,-5,-1,-8,-2,-10,-3,-11,-5,-13,-5,-15,-6,-15,-6,-15,-6,-15,-5,-14,-5,-12,-4,-10,-3,-8,-3,-5,-2,-2,-1,1,-1,5,-2,7,-2,10,-3,12,-4,16,-4,18,-5,0,0,0,0,0,0,0,0,0,0]"""
63,"CSI_DATA,62,8c:90:2d:97:93:77,-52,11,1,7,1,0,1,0,1,0,0,-97,0,2,1,5184390,0,83,1,128,0,""[0,0,0,0,0,0,0,0,0,0,0,0,-5,1,-6,2,-7,2,-8,2,-9,3,-9,3,-9,3,-9,3,-8,3,-7,3,-6,2,-5,2,-3,2,-1,1,1,0,3,0,5,-1,6,-2,9,-3,10,-3,11,-4,12,-5,13,-5,13,-5,12,-4,11,-4,0,0,7,-2,5,0,2,1,-1,1,-4,3,-6,4,-8,5,-10,6,-12,7,-13,7,-13,7,-13,8,-13,8,-12,7,-10,6,-9,5,-7,4,-4,2,-3,0,-1,-2,1,-5,3,-8,4,-10,5,-13,6,-15,7,-18,0,0,0,0,0,0,0,0,0,0]"""
64,"CSI_DATA,63,8c:90:2d:97:93:77,-52,11,1,7,1,0,1,0,1,0,0,-97,0,2,1,5194439,0,83,1,128,0,""[0,0,0,0,0,0,0,0,0,0,0,0,-5,-1,-7,-2,-8,-2,-9,-2,-9,-3,-9,-3,-10,-2,-9,-2,-9,-2,-8,-1,-7,-1,-5,-1,-4,0,-2,0,0,1,2,1,4,2,6,2,9,2,10,2,12,2,13,2,13,2,13,1,13,2,11,2,0,0,7,1,4,2,1,2,-2,1,-5,2,-7,2,-10,2,-12,2,-13,2,-15,2,-16,3,-16,3,-15,3,-14,3,-12,3,-10,2,-8,1,-6,1,-3,-1,0,-2,2,-4,5,-7,6,-9,8,-11,10,-13,11,-15,0,0,0,0,0,0,0,0,0,0]"""
65,"CSI_DATA,64,8c:90:2d:97:93:77,-52,11,1,7,1,0,1,0,1,0,0,-97,0,2,1,5204408,0,83,1,128,0,""[0,0,0,0,0,0,0,0,0,0,0,0,-5,-3,-6,-4,-7,-5,-7,-5,-8,-6,-8,-6,-8,-6,-8,-6,-7,-5,-7,-5,-6,-4,-5,-3,-4,-1,-2,0,-1,1,1,3,3,4,5,5,6,5,8,7,9,7,10,8,10,9,11,8,10,8,8,8,0,0,5,5,3,4,0,2,-2,0,-5,-1,-7,-3,-10,-4,-11,-5,-13,-6,-15,-6,-15,-7,-15,-6,-14,-6,-14,-5,-12,-5,-10,-4,-8,-3,-5,-2,-2,-2,1,-1,4,-2,7,-2,10,-3,13,-3,16,-4,18,-4,0,0,0,0,0,0,0,0,0,0]"""
66,"CSI_DATA,65,8c:90:2d:97:93:77,-52,11,1,7,1,0,1,0,1,0,0,-97,0,2,1,5215010,0,83,1,128,0,""[0,0,0,0,0,0,0,0,0,0,0,0,2,-4,3,-6,4,-6,5,-7,5,-8,5,-8,5,-8,5,-8,4,-7,4,-7,3,-6,2,-5,1,-4,-1,-2,-2,-1,-3,1,-5,3,-6,5,-7,6,-8,8,-8,9,-9,10,-9,10,-10,10,-9,10,-9,9,0,0,-7,5,-5,3,-3,0,-1,-2,1,-5,2,-8,3,-10,4,-11,4,-13,5,-14,6,-15,6,-15,5,-15,5,-14,4,-12,3,-10,2,-8,2,-5,1,-3,1,1,1,4,1,8,2,11,2,14,3,16,4,18,0,0,0,0,0,0,0,0,0,0]"""
67,"CSI_DATA,66,8c:90:2d:97:93:77,-52,11,1,7,1,0,1,0,1,0,0,-97,0,2,1,5226019,0,83,1,128,0,""[0,0,0,0,0,0,0,0,0,0,0,0,1,2,2,4,2,5,2,6,3,6,3,7,3,7,3,6,3,6,2,5,2,4,1,2,1,1,0,0,0,-1,0,-3,0,-5,-1,-7,-2,-8,-3,-10,-3,-11,-4,-12,-4,-13,-4,-12,-4,-12,-3,-11,0,0,-1,-7,0,-4,0,-2,1,0,1,2,2,4,3,7,4,9,5,10,5,11,5,12,5,12,5,11,5,11,4,9,3,7,2,5,0,3,0,0,-1,0,-3,-2,-5,-4,-8,-6,-10,-8,-13,-9,-15,-10,0,0,0,0,0,0,0,0,0,0]"""
68,"CSI_DATA,67,8c:90:2d:97:93:77,-52,11,1,7,1,0,1,0,1,0,0,-97,0,2,1,5234429,0,83,1,128,0,""[0,0,0,0,0,0,0,0,0,0,0,0,1,-3,3,-4,3,-5,4,-6,5,-6,5,-6,5,-6,4,-6,4,-6,3,-5,3,-4,2,-3,0,-3,0,-1,-1,0,-3,0,-4,1,-6,2,-7,4,-8,5,-10,6,-10,7,-11,7,-11,7,-11,6,-10,5,0,0,-7,3,-4,0,-2,0,0,-1,1,-3,3,-5,5,-7,6,-8,7,-9,9,-10,9,-11,9,-11,9,-11,8,-10,6,-9,5,-7,3,-5,2,-3,0,-1,0,0,-1,3,-2,6,-2,9,-3,12,-4,14,-4,17,0,0,0,0,0,0,0,0,0,0]"""
69,"CSI_DATA,68,8c:90:2d:97:93:77,-52,11,1,7,1,0,1,0,1,0,0,-97,0,2,1,5244358,0,83,1,128,0,""[0,0,0,0,0,0,0,0,0,0,0,0,3,2,5,3,6,4,6,5,7,5,7,5,7,5,7,5,6,4,6,4,5,3,4,2,2,1,1,0,0,-2,-2,-4,-4,-5,-6,-6,-7,-7,-9,-8,-10,-9,-10,-9,-11,-10,-11,-10,-10,-10,-9,-9,0,0,-6,-7,-4,-5,-1,-3,2,-1,4,0,6,2,8,4,10,5,11,6,13,7,13,7,13,6,13,6,12,5,10,4,9,4,6,3,3,1,1,1,-2,0,-5,0,-8,0,-11,0,-14,0,-17,1,-19,1,0,0,0,0,0,0,0,0,0,0]"""
70,"CSI_DATA,69,8c:90:2d:97:93:77,-52,11,1,7,1,0,1,0,1,0,0,-97,0,2,1,5254416,0,83,1,128,0,""[0,0,0,0,0,0,0,0,0,0,0,0,1,-5,2,-6,2,-7,3,-8,4,-9,4,-9,4,-9,3,-8,3,-8,2,-7,1,-6,1,-5,0,-3,-1,-2,-2,0,-3,1,-4,3,-5,6,-6,7,-6,9,-7,10,-7,11,-7,11,-7,11,-7,10,-7,10,0,0,-6,6,-4,3,-3,0,-2,-2,0,-5,1,-7,2,-10,3,-12,3,-13,3,-15,4,-15,3,-15,4,-15,3,-14,2,-12,2,-10,1,-7,1,-5,1,-2,1,0,1,4,1,7,3,10,3,12,4,15,5,17,0,0,0,0,0,0,0,0,0,0]"""
71,"CSI_DATA,70,8c:90:2d:97:93:77,-52,11,1,7,1,0,1,0,1,0,0,-97,0,2,1,5265230,0,83,1,128,0,""[0,0,0,0,0,0,0,0,0,0,0,0,-3,3,-4,5,-5,6,-6,6,-6,6,-6,7,-6,7,-6,6,-6,6,-5,5,-4,5,-3,4,-2,2,0,1,1,0,2,-2,4,-3,5,-5,6,-7,7,-8,8,-9,9,-10,9,-11,8,-10,9,-10,8,-9,0,0,6,-6,4,-3,2,-1,0,2,-2,4,-4,6,-6,8,-6,9,-7,11,-8,12,-8,13,-8,13,-8,12,-7,11,-6,10,-5,8,-4,6,-3,4,-2,1,-1,-2,-1,-5,0,-8,-1,-11,-1,-14,-1,-17,-1,-19,0,0,0,0,0,0,0,0,0,0]"""
72,"CSI_DATA,71,8c:90:2d:97:93:77,-52,11,1,7,1,0,1,0,1,0,0,-97,0,2,1,5274647,0,83,1,128,0,""[0,0,0,0,0,0,0,0,0,0,0,0,3,0,5,0,6,1,7,2,7,2,7,2,8,2,7,1,7,2,6,1,5,0,4,0,2,0,0,-1,0,-2,-1,-3,-3,-4,-5,-5,-7,-6,-8,-6,-9,-7,-10,-8,-11,-8,-10,-8,-10,-9,-8,-8,0,0,-5,-5,-3,-4,0,-2,1,0,2,0,4,2,6,4,8,5,10,7,11,8,11,8,11,8,11,7,10,6,9,6,6,4,5,3,2,1,0,0,-1,0,-4,-1,-7,-2,-10,-3,-12,-4,-16,-5,-17,-5,0,0,0,0,0,0,0,0,0,0]"""
73,"CSI_DATA,72,8c:90:2d:97:93:77,-52,11,1,7,1,0,1,0,1,0,0,-97,0,2,1,5284364,0,83,1,128,0,""[0,0,0,0,0,0,0,0,0,0,0,0,2,-5,2,-6,3,-7,4,-8,4,-8,5,-8,5,-8,5,-8,4,-7,4,-7,3,-6,2,-5,1,-4,-1,-2,-2,-1,-5,0,-6,2,-7,3,-9,5,-9,6,-10,7,-11,8,-12,8,-12,8,-12,7,-10,6,0,0,-7,3,-6,1,-3,0,0,-2,2,-4,5,-5,7,-7,8,-8,10,-9,11,-10,12,-10,12,-10,11,-10,10,-9,9,-8,7,-7,5,-5,3,-4,1,-2,-1,0,-3,3,-5,6,-6,8,-8,11,-10,13,-11,15,0,0,0,0,0,0,0,0,0,0]"""
74,"CSI_DATA,73,8c:90:2d:97:93:77,-52,11,1,7,1,0,1,0,1,0,0,-97,0,2,1,5294521,0,83,1,128,0,""[0,0,0,0,0,0,0,0,0,0,0,0,2,3,3,5,3,6,4,6,4,7,4,7,4,7,4,7,4,6,4,5,4,4,3,3,2,2,1,0,0,-2,-2,-3,-3,-5,-5,-6,-6,-7,-8,-9,-9,-9,-9,-10,-10,-10,-10,-10,-9,-10,-8,-9,0,0,-5,-7,-3,-5,-1,-4,2,-2,4,0,6,1,9,2,11,3,12,4,13,4,14,5,14,4,14,3,13,3,11,2,9,2,7,1,4,1,1,1,-2,1,-5,2,-8,3,-10,4,-13,5,-15,7,-18,8,0,0,0,0,0,0,0,0,0,0]"""
75,"CSI_DATA,74,8c:90:2d:97:93:77,-51,11,1,7,1,0,1,0,1,0,0,-97,0,2,1,5304481,0,83,1,128,0,""[0,0,0,0,0,0,0,0,0,0,0,0,-5,1,-6,1,-7,1,-9,2,-9,2,-9,2,-9,2,-9,2,-8,2,-7,2,-6,2,-5,2,-4,1,-1,0,1,0,3,-1,5,-1,6,-3,8,-4,9,-4,10,-5,11,-6,11,-7,12,-6,11,-6,10,-6,0,0,7,-3,5,-2,2,1,0,2,-2,3,-5,6,-6,7,-8,9,-8,10,-9,11,-10,11,-10,11,-9,11,-8,11,-6,9,-6,8,-4,5,-4,3,-2,1,-2,-2,-2,-5,-1,-9,-2,-11,-2,-14,-3,-16,-3,-20,0,0,0,0,0,0,0,0,0,0]"""
76,"CSI_DATA,75,8c:90:2d:97:93:77,-52,11,1,7,1,0,1,0,1,0,0,-97,0,2,1,5315064,0,83,1,128,0,""[0,0,0,0,0,0,0,0,0,0,0,0,5,0,6,0,8,1,8,1,9,1,10,1,9,1,9,1,8,1,7,1,6,0,5,0,3,-1,1,-2,-1,-2,-3,-3,-6,-4,-8,-4,-10,-4,-12,-4,-14,-4,-14,-4,-15,-4,-15,-4,-14,-5,-13,-4,0,0,-9,-4,-6,-4,-2,-3,1,-2,5,-2,7,-1,10,-1,13,0,14,0,16,0,16,0,17,0,16,0,14,-1,13,-1,10,-1,8,-1,4,-1,1,0,-2,1,-5,2,-8,3,-11,5,-14,7,-17,8,-19,9,0,0,0,0,0,0,0,0,0,0]"""
77,"CSI_DATA,76,8c:90:2d:97:93:77,-52,11,1,7,1,0,1,0,1,0,0,-97,0,2,1,5324869,0,83,1,128,0,""[0,0,0,0,0,0,0,0,0,0,0,0,-5,0,-7,0,-8,0,-9,0,-10,0,-10,0,-10,0,-9,0,-9,1,-8,0,-7,1,-5,1,-3,1,-2,1,1,1,3,1,5,1,7,1,9,0,10,0,12,0,13,0,13,0,13,-1,13,0,11,0,0,0,7,0,4,1,2,1,-2,1,-5,2,-7,2,-10,2,-11,2,-13,3,-15,3,-16,3,-15,3,-15,4,-14,3,-12,3,-10,2,-8,1,-5,1,-2,-1,0,-2,3,-4,5,-6,7,-9,9,-11,11,-12,13,-14,0,0,0,0,0,0,0,0,0,0]"""
78,"CSI_DATA,77,8c:90:2d:97:93:77,-52,11,1,7,1,0,1,0,1,0,0,-97,0,2,1,5334443,0,83,1,128,0,""[0,0,0,0,0,0,0,0,0,0,0,0,4,-3,5,-4,6,-4,7,-4,8,-4,8,-5,8,-4,8,-4,7,-4,6,-4,5,-4,4,-4,2,-3,0,-3,-2,-2,-4,-2,-6,-1,-8,0,-10,0,-11,1,-13,1,-14,1,-14,1,-15,1,-14,0,-13,0,0,0,-8,-1,-6,-2,-3,-2,1,-1,4,-2,6,-2,9,-2,11,-2,13,-2,14,-2,15,-2,15,-2,15,-2,14,-2,11,-2,9,-2,7,-1,4,-1,1,-1,-2,1,-5,1,-8,3,-10,4,-13,5,-16,6,-18,7,0,0,0,0,0,0,0,0,0,0]"""
79,"CSI_DATA,78,8c:90:2d:97:93:77,-52,11,1,7,1,0,1,0,1,0,0,-97,0,2,1,5344449,0,83,1,128,0,""[0,0,0,0,0,0,0,0,0,0,0,0,4,1,6,1,6,2,7,2,8,2,8,3,8,3,8,3,7,2,7,2,6,1,4,1,3,0,1,-2,-1,-2,-3,-3,-5,-5,-7,-5,-8,-6,-10,-6,-11,-7,-12,-7,-12,-8,-12,-8,-12,-8,-10,-7,0,0,-6,-6,-4,-4,-2,-3,2,-1,4,0,6,2,8,3,10,4,12,5,13,6,14,6,14,6,14,5,13,5,11,4,9,3,7,2,4,1,1,1,-2,0,-5,0,-8,0,-11,0,-14,0,-17,0,-20,0,0,0,0,0,0,0,0,0,0,0]"""
80,"CSI_DATA,79,8c:90:2d:97:93:77,-52,11,1,7,1,0,1,0,1,0,0,-97,0,2,1,5354390,0,83,1,128,0,""[0,0,0,0,0,0,0,0,0,0,0,0,3,-4,3,-6,4,-6,5,-7,6,-7,6,-8,6,-8,5,-7,5,-7,4,-6,3,-6,2,-5,1,-4,-1,-2,-3,-1,-4,0,-5,2,-7,3,-9,5,-9,6,-10,7,-11,8,-11,9,-11,9,-11,8,-10,7,0,0,-7,4,-5,2,-3,-1,-1,-2,2,-5,4,-6,6,-8,8,-10,9,-11,9,-11,10,-12,10,-12,9,-12,9,-11,7,-10,6,-9,4,-6,3,-5,1,-2,0,1,-2,4,-3,8,-3,10,-4,13,-5,16,-5,18,0,0,0,0,0,0,0,0,0,0]"""
81,"CSI_DATA,80,8c:90:2d:97:93:77,-52,11,1,7,1,0,1,0,1,0,0,-97,0,2,1,5365126,0,83,1,128,0,""[0,0,0,0,0,0,0,0,0,0,0,0,-4,3,-5,4,-6,5,-7,5,-8,6,-8,6,-8,6,-7,6,-7,5,-6,5,-5,4,-4,3,-2,3,0,1,1,0,3,-1,5,-1,7,-3,8,-4,10,-5,11,-6,12,-6,12,-6,12,-6,12,-6,11,-5,0,0,7,-3,5,-1,2,0,-1,1,-4,2,-7,4,-9,5,-11,5,-13,6,-14,7,-15,7,-14,7,-14,7,-13,7,-11,6,-9,5,-7,3,-5,2,-2,0,0,-2,3,-4,5,-7,7,-9,9,-11,10,-13,12,-15,0,0,0,0,0,0,0,0,0,0]"""
82,"CSI_DATA,81,8c:90:2d:97:93:77,-52,11,1,7,1,0,1,0,1,0,0,-97,0,2,1,5374629,0,83,1,128,0,""[0,0,0,0,0,0,0,0,0,0,0,0,2,-5,2,-6,3,-7,4,-8,5,-8,5,-8,5,-8,5,-8,4,-8,4,-7,3,-6,2,-5,0,-4,-1,-2,-3,-1,-4,0,-6,2,-7,4,-8,5,-9,6,-10,7,-11,7,-11,8,-11,8,-11,7,-10,7,0,0,-7,4,-5,1,-3,0,0,-1,2,-4,4,-6,7,-7,8,-8,9,-9,11,-10,11,-10,11,-11,11,-10,10,-10,8,-9,7,-7,5,-5,3,-4,1,-2,-1,0,-3,3,-4,6,-6,9,-8,11,-9,14,-10,15,0,0,0,0,0,0,0,0,0,0]"""
83,"CSI_DATA,82,8c:90:2d:97:93:77,-52,11,1,7,1,0,1,0,1,0,0,-97,0,2,1,5384427,0,83,1,128,0,""[0,0,0,0,0,0,0,0,0,0,0,0,-5,0,-7,0,-8,0,-9,0,-9,0,-10,0,-10,0,-9,0,-9,0,-8,0,-7,0,-6,1,-4,1,-2,1,0,1,3,2,5,1,7,1,9,1,10,1,12,1,13,1,13,1,14,1,13,2,11,2,0,0,7,1,4,2,2,2,-2,1,-5,0,-7,0,-10,1,-12,0,-14,0,-15,0,-16,0,-16,0,-16,0,-14,0,-12,0,-10,0,-9,0,-5,0,-2,-1,1,-1,4,-3,6,-4,9,-6,12,-7,14,-8,16,-9,0,0,0,0,0,0,0,0,0,0]"""
84,"CSI_DATA,83,8c:90:2d:97:93:77,-52,11,1,7,1,0,1,0,1,0,0,-97,0,2,1,5394449,0,83,1,128,0,""[0,0,0,0,0,0,0,0,0,0,0,0,3,3,3,4,4,5,4,6,5,7,5,7,5,7,4,7,4,6,4,5,3,4,3,3,2,2,1,0,0,-2,-1,-4,-2,-6,-3,-8,-4,-9,-5,-10,-6,-11,-6,-12,-7,-13,-7,-12,-7,-12,-6,-11,0,0,-3,-8,-2,-5,0,-3,2,0,3,2,4,4,5,7,7,8,8,10,9,11,9,11,9,11,9,10,8,9,7,9,6,7,5,5,2,3,0,1,-2,0,-5,-2,-7,-3,-10,-4,-12,-5,-16,-6,-18,-7,0,0,0,0,0,0,0,0,0,0]"""
85,"CSI_DATA,84,8c:90:2d:97:93:77,-52,11,1,7,1,0,1,0,1,0,0,-97,0,2,1,5404354,0,83,1,128,0,""[0,0,0,0,0,0,0,0,0,0,0,0,3,-4,4,-4,5,-5,6,-6,7,-6,7,-6,7,-6,6,-6,6,-6,5,-5,4,-5,3,-4,1,-3,0,-2,-2,-1,-4,0,-6,1,-7,3,-9,4,-10,5,-11,6,-11,7,-12,7,-12,7,-12,6,-11,6,0,0,-8,3,-5,1,-3,-1,-1,-2,2,-4,4,-6,6,-7,7,-9,8,-10,10,-11,10,-12,10,-12,9,-12,8,-11,7,-10,6,-9,4,-6,3,-4,1,-2,0,1,-1,4,-2,7,-3,11,-3,13,-4,15,-4,18,0,0,0,0,0,0,0,0,0,0]"""
86,"CSI_DATA,85,8c:90:2d:97:93:77,-52,11,1,7,1,0,1,0,1,0,0,-97,0,2,1,5414514,0,83,1,128,0,""[0,0,0,0,0,0,0,0,0,0,0,0,1,-5,2,-6,3,-7,4,-7,4,-8,4,-8,4,-8,4,-8,3,-7,3,-7,2,-7,1,-5,0,-4,-1,-2,-2,0,-3,1,-4,3,-5,5,-6,7,-7,8,-7,10,-8,10,-7,11,-8,11,-8,10,-7,9,0,0,-6,5,-4,3,-3,0,-2,-2,0,-5,1,-7,2,-10,3,-11,3,-13,3,-15,3,-15,3,-15,3,-15,3,-14,2,-12,2,-10,1,-8,1,-5,1,-3,1,1,1,4,1,7,3,9,3,12,5,14,6,17,0,0,0,0,0,0,0,0,0,0]"""
87,"CSI_DATA,86,8c:90:2d:97:93:77,-51,11,1,7,1,0,1,0,1,0,0,-97,0,2,1,5425627,0,83,1,128,0,""[0,0,0,0,0,0,0,0,0,0,0,0,-1,4,-1,6,-2,7,-2,8,-3,8,-2,9,-2,8,-2,8,-2,8,-1,7,-1,6,-1,5,0,3,0,1,1,-1,2,-3,2,-5,3,-7,3,-9,3,-11,4,-12,4,-13,4,-14,4,-14,4,-13,4,-12,0,0,3,-8,2,-5,2,-2,1,1,0,4,-1,6,-2,9,-2,11,-2,12,-3,14,-3,15,-3,14,-3,14,-2,13,-2,11,-2,10,-1,7,-1,4,-1,2,-2,-2,-3,-4,-3,-8,-4,-11,-5,-14,-6,-16,-7,-18,0,0,0,0,0,0,0,0,0,0]"""
88,"CSI_DATA,87,8c:90:2d:97:93:77,-51,11,1,7,1,0,1,0,1,0,0,-97,0,2,1,5434376,0,83,1,128,0,""[0,0,0,0,0,0,0,0,0,0,0,0,1,-5,2,-6,3,-7,4,-8,4,-8,4,-8,4,-9,4,-9,3,-8,3,-7,2,-7,1,-5,0,-4,-1,-2,-2,0,-4,1,-4,3,-5,5,-7,6,-7,8,-8,9,-8,10,-9,11,-9,11,-9,10,-8,9,0,0,-6,5,-4,3,-3,0,-1,-2,1,-5,2,-7,4,-10,4,-11,5,-12,6,-14,7,-14,6,-14,6,-14,5,-13,4,-11,4,-10,3,-7,2,-5,1,-2,1,1,0,4,-1,8,-1,10,-1,13,0,16,0,19,0,0,0,0,0,0,0,0,0,0]"""
89,"CSI_DATA,88,8c:90:2d:97:93:77,-52,11,1,7,1,0,1,0,1,0,0,-97,0,2,1,5444797,0,83,1,128,0,""[0,0,0,0,0,0,0,0,0,0,0,0,-3,-3,-4,-4,-5,-5,-5,-6,-6,-6,-6,-7,-6,-6,-6,-6,-5,-6,-5,-5,-4,-4,-3,-3,-3,-1,-2,0,-1,0,0,2,0,4,1,6,1,8,2,9,3,10,3,11,3,12,3,12,2,11,2,11,0,0,0,6,0,4,0,0,-1,0,-1,-3,-2,-6,-2,-9,-3,-10,-3,-13,-4,-14,-3,-15,-4,-14,-4,-14,-3,-13,-3,-11,-2,-9,-2,-6,-1,-4,0,-1,0,0,1,3,2,5,4,8,5,11,7,13,8,15,0,0,0,0,0,0,0,0,0,0]"""
90,"CSI_DATA,89,8c:90:2d:97:93:77,-52,11,1,7,1,0,1,0,1,0,0,-97,0,2,1,5454345,0,83,1,128,0,""[0,0,0,0,0,0,0,0,0,0,0,0,3,-4,3,-5,4,-6,5,-7,6,-7,6,-8,6,-7,6,-7,5,-7,5,-6,4,-6,2,-5,1,-4,-1,-3,-2,-2,-4,-1,-6,1,-8,2,-9,3,-11,4,-12,5,-12,5,-13,5,-13,5,-13,5,-12,4,0,0,-8,2,-5,0,-3,-1,0,-1,3,-3,6,-4,8,-5,10,-5,12,-6,13,-6,14,-6,14,-7,13,-7,12,-6,10,-6,9,-5,7,-4,3,-3,1,-1,-2,0,-4,2,-6,5,-9,6,-11,9,-14,10,-15,11,0,0,0,0,0,0,0,0,0,0]"""
91,"CSI_DATA,90,8c:90:2d:97:93:77,-51,11,1,7,1,0,1,0,1,0,0,-97,0,2,1,5464471,0,83,1,128,0,""[0,0,0,0,0,0,0,0,0,0,0,0,0,-5,0,-7,0,-8,1,-9,1,-9,1,-9,1,-10,1,-9,1,-9,0,-8,0,-7,-1,-6,-1,-4,-2,-2,-2,0,-3,2,-3,4,-3,7,-4,8,-4,10,-4,11,-4,12,-5,13,-4,12,-5,12,-5,11,0,0,-4,7,-3,4,-2,1,-2,-2,-1,-5,0,-7,0,-10,1,-12,1,-14,1,-15,1,-16,1,-16,1,-15,1,-14,0,-13,0,-11,0,-8,0,-5,1,-3,1,0,2,3,2,7,4,9,4,12,6,15,7,17,0,0,0,0,0,0,0,0,0,0]"""
92,"CSI_DATA,91,8c:90:2d:97:93:77,-52,11,1,7,1,0,1,0,1,0,0,-97,0,2,1,5475440,0,83,1,128,0,""[0,0,0,0,0,0,0,0,0,0,0,0,1,4,2,5,2,6,2,7,3,8,2,8,3,8,2,8,2,7,2,6,2,5,2,4,2,2,1,0,0,-2,-1,-4,-2,-6,-3,-8,-3,-9,-5,-10,-5,-11,-6,-13,-6,-13,-7,-13,-6,-13,-5,-11,0,0,-3,-8,-1,-6,0,-3,2,-1,3,2,5,4,7,6,8,7,10,9,10,10,11,10,11,9,11,9,10,8,9,7,7,5,6,4,3,2,1,2,-2,0,-5,0,-8,0,-11,-1,-14,0,-17,-1,-20,-1,0,0,0,0,0,0,0,0,0,0]"""
93,"CSI_DATA,92,8c:90:2d:97:93:77,-52,11,1,7,1,0,1,0,1,0,0,-97,0,2,1,5484535,0,83,1,128,0,""[0,0,0,0,0,0,0,0,0,0,0,0,-5,1,-6,1,-8,2,-9,1,-9,2,-9,2,-9,2,-9,2,-9,2,-8,2,-6,2,-5,2,-3,1,-1,1,1,0,3,0,5,-1,7,-2,8,-2,10,-3,11,-4,12,-5,13,-5,12,-5,12,-5,11,-4,0,0,7,-2,5,0,2,1,0,2,-3,3,-6,4,-8,6,-9,7,-11,8,-12,9,-12,9,-12,10,-11,10,-11,9,-9,8,-8,7,-6,5,-4,3,-3,1,-1,-2,0,-5,1,-9,1,-11,2,-14,2,-16,2,-19,0,0,0,0,0,0,0,0,0,0]"""
94,"CSI_DATA,93,8c:90:2d:97:93:77,-52,11,1,7,1,0,1,0,1,0,0,-97,0,2,1,5496789,0,83,1,128,0,""[0,0,0,0,0,0,0,0,0,0,0,0,-1,3,-1,4,-2,5,-3,6,-3,7,-3,7,-3,7,-3,7,-2,6,-2,6,-1,5,-1,4,0,2,0,0,1,0,1,-1,3,-3,3,-5,4,-7,5,-8,6,-9,6,-10,7,-11,7,-11,7,-10,6,-9,0,0,4,-5,3,-3,1,0,0,0,-1,3,-3,5,-4,6,-5,9,-6,10,-7,11,-8,11,-8,12,-7,11,-7,10,-6,9,-4,7,-3,5,-2,3,-1,0,0,-1,0,-4,0,-8,0,-10,1,-13,1,-16,1,-18,0,0,0,0,0,0,0,0,0,0]"""
95,"CSI_DATA,94,8c:90:2d:97:93:77,-52,11,1,7,1,0,1,0,1,0,0,-97,0,2,1,5504415,0,83,1,128,0,""[0,0,0,0,0,0,0,0,0,0,0,0,1,-4,2,-5,3,-6,3,-6,4,-7,4,-7,4,-7,4,-7,3,-6,3,-6,2,-5,1,-4,0,-3,0,-1,-2,0,-3,0,-4,1,-6,3,-7,5,-8,6,-9,7,-10,8,-10,9,-10,8,-10,7,-9,6,0,0,-6,3,-4,1,-2,0,0,-1,0,-3,2,-5,4,-7,6,-9,7,-10,8,-11,8,-12,8,-12,8,-12,7,-10,6,-9,4,-8,3,-5,1,-4,0,-1,0,0,0,3,-1,6,-2,9,-2,13,-3,15,-3,17,0,0,0,0,0,0,0,0,0,0]"""
96,"CSI_DATA,95,8c:90:2d:97:93:77,-51,11,1,7,1,0,1,0,1,0,0,-97,0,2,1,5514500,0,83,1,128,0,""[0,0,0,0,0,0,0,0,0,0,0,0,3,-4,4,-5,5,-5,6,-6,6,-6,6,-7,6,-7,6,-6,6,-6,5,-6,4,-5,3,-4,1,-3,0,-2,-2,0,-3,1,-4,3,-5,5,-7,6,-7,7,-8,9,-9,9,-9,10,-9,11,-9,10,-8,9,0,0,-7,5,-5,3,-3,0,-2,-3,-1,-5,1,-8,2,-9,3,-12,3,-13,3,-14,3,-16,2,-15,2,-15,2,-14,2,-12,1,-11,1,-8,1,-5,1,-3,2,0,3,3,3,6,5,9,6,11,8,13,9,15,0,0,0,0,0,0,0,0,0,0]"""
97,"CSI_DATA,96,8c:90:2d:97:93:77,-51,11,1,7,1,0,1,0,1,0,0,-97,0,2,1,5525128,0,83,1,128,0,""[0,0,0,0,0,0,0,0,0,0,0,0,0,4,0,6,0,7,0,8,0,8,0,9,0,9,0,8,0,8,1,7,1,6,1,4,1,2,1,1,1,-2,0,-4,0,-6,0,-8,-1,-9,-2,-11,-2,-12,-2,-14,-2,-14,-3,-14,-2,-14,-2,-13,0,0,-1,-8,0,-6,1,-3,2,0,3,3,3,5,4,8,5,10,6,11,7,12,7,13,7,12,7,12,7,11,5,10,5,8,4,6,1,4,-1,2,-3,0,-5,-2,-7,-3,-10,-5,-13,-6,-16,-6,-18,-7,0,0,0,0,0,0,0,0,0,0]"""
98,"CSI_DATA,97,8c:90:2d:97:93:77,-52,11,1,7,1,0,1,0,1,0,0,-97,0,2,1,5534457,0,83,1,128,0,""[0,0,0,0,0,0,0,0,0,0,0,0,2,2,3,3,4,4,4,5,5,5,5,6,5,5,5,5,4,4,4,4,3,3,2,2,2,0,1,0,0,-1,0,-3,-1,-5,-3,-7,-4,-8,-4,-9,-6,-10,-6,-11,-7,-12,-7,-12,-5,-11,-5,-11,0,0,-2,-7,-1,-5,0,-2,0,0,1,1,3,4,4,6,5,8,7,9,7,11,7,12,7,11,7,11,7,10,6,8,4,7,4,4,1,2,0,0,-1,0,-4,-2,-6,-3,-9,-5,-11,-7,-14,-8,-16,-9,0,0,0,0,0,0,0,0,0,0]"""
99,"CSI_DATA,98,8c:90:2d:97:93:77,-52,11,1,7,1,0,1,0,1,0,0,-97,0,2,1,5544451,0,83,1,128,0,""[0,0,0,0,0,0,0,0,0,0,0,0,-5,2,-6,3,-7,4,-8,4,-9,4,-9,4,-9,4,-8,4,-8,4,-7,3,-6,3,-5,3,-3,2,-1,1,1,0,3,0,5,-1,7,-2,8,-3,10,-3,12,-4,12,-4,13,-5,13,-5,13,-4,11,-3,0,0,7,-2,5,-1,2,0,-1,1,-4,2,-7,3,-9,4,-11,4,-13,5,-14,5,-15,6,-15,6,-14,6,-13,6,-11,5,-10,4,-7,3,-5,2,-2,0,0,-1,2,-4,4,-7,7,-9,8,-11,10,-13,12,-15,0,0,0,0,0,0,0,0,0,0]"""
100,"CSI_DATA,99,8c:90:2d:97:93:77,-52,11,1,7,1,0,1,0,1,0,0,-97,0,2,1,5554477,0,83,1,128,0,""[0,0,0,0,0,0,0,0,0,0,0,0,1,-5,2,-6,2,-8,3,-8,3,-9,3,-9,3,-9,3,-9,3,-8,3,-8,2,-7,1,-6,0,-4,-1,-2,-3,0,-4,1,-5,3,-6,5,-7,7,-8,8,-9,9,-9,10,-9,10,-9,10,-10,10,-9,9,0,0,-6,5,-5,2,-3,0,-1,-2,1,-4,3,-7,5,-9,6,-10,7,-12,8,-13,8,-13,8,-13,8,-13,8,-12,6,-11,5,-9,4,-7,2,-5,1,-2,0,1,-1,4,-2,7,-3,10,-3,13,-4,15,-4,18,0,0,0,0,0,0,0,0,0,0]"""
101,"CSI_DATA,100,8c:90:2d:97:93:77,-52,11,1,7,1,0,1,0,1,0,0,-97,0,2,1,5564555,0,83,1,128,0,""[0,0,0,0,0,0,0,0,0,0,0,0,4,-2,6,-2,7,-3,8,-2,9,-3,9,-3,9,-3,9,-3,8,-3,7,-3,6,-3,5,-3,2,-2,1,-2,-2,-2,-4,-2,-6,-1,-8,0,-10,0,-12,1,-13,2,-14,2,-15,2,-15,2,-15,1,-13,1,0,0,-9,0,-6,-1,-3,-2,0,-2,3,-3,6,-4,9,-5,11,-5,12,-6,14,-6,15,-7,15,-7,14,-7,13,-7,11,-6,9,-5,7,-4,4,-3,2,-1,-1,1,-3,3,-5,7,-7,9,-9,11,-11,13,-12,15,0,0,0,0,0,0,0,0,0,0]"""
102,"CSI_DATA,101,8c:90:2d:97:93:77,-52,11,1,7,1,0,1,0,1,0,1,-97,0,2,1,5575043,0,83,1,128,0,""[0,0,0,0,0,0,0,0,0,0,0,0,4,2,5,3,6,3,7,4,7,4,8,5,7,4,7,4,7,3,6,3,5,3,4,1,3,0,1,-1,-1,-2,-2,-3,-4,-5,-6,-6,-8,-6,-10,-7,-11,-7,-12,-8,-12,-8,-13,-8,-12,-8,-10,-7,0,0,-7,-6,-4,-5,-1,-3,2,-1,4,-1,6,1,9,2,11,2,12,3,14,4,14,3,15,3,14,3,13,3,11,2,9,1,7,1,4,0,1,0,-2,1,-5,1,-7,2,-11,3,-13,4,-16,5,-18,6,0,0,0,0,0,0,0,0,0,0]"""
103,"CSI_DATA,102,8c:90:2d:97:93:77,-52,11,1,7,1,0,1,0,1,0,1,-97,0,2,1,5584296,0,83,1,128,0,""[0,0,0,0,0,0,0,0,0,0,0,0,3,0,4,1,6,1,6,1,7,2,7,2,7,2,7,2,6,2,6,1,5,0,3,0,2,0,0,0,0,-1,-2,-2,-4,-3,-5,-4,-7,-4,-9,-5,-10,-6,-11,-6,-12,-6,-12,-6,-11,-6,-10,-6,0,0,-6,-5,-4,-3,-1,-2,0,0,3,0,5,0,8,1,9,2,11,3,13,3,13,3,13,3,13,3,12,2,10,2,8,1,6,1,3,0,0,0,-1,0,-4,0,-7,0,-10,1,-13,2,-15,1,-18,2,0,0,0,0,0,0,0,0,0,0]"""
104,"CSI_DATA,103,8c:90:2d:97:93:77,-52,11,1,7,1,0,1,0,1,0,1,-97,0,2,1,5594500,0,83,1,128,0,""[0,0,0,0,0,0,0,0,0,0,0,0,0,-4,0,-6,0,-7,0,-8,0,-8,0,-9,0,-9,0,-8,0,-8,0,-7,0,-6,0,-4,-1,-3,-1,-1,-1,0,-1,2,-1,4,-1,6,-1,8,-1,9,-1,11,-1,11,0,12,-1,12,-1,12,-2,11,0,0,-1,6,-1,3,-1,0,-2,-1,-1,-4,-1,-7,0,-9,-1,-11,-1,-13,-1,-14,-1,-15,-1,-15,-1,-14,-2,-13,-1,-11,-1,-10,-1,-7,0,-4,0,-2,1,0,2,2,3,5,5,7,6,10,9,12,10,13,0,0,0,0,0,0,0,0,0,0]"""
105,"CSI_DATA,104,8c:90:2d:97:93:77,-52,11,1,7,1,0,1,0,1,0,1,-97,0,2,1,5604452,0,83,1,128,0,""[0,0,0,0,0,0,0,0,0,0,0,0,1,3,2,4,2,5,2,6,3,7,2,7,3,7,3,6,3,6,2,5,2,4,1,2,1,1,0,0,0,-1,0,-3,0,-5,-1,-7,-2,-8,-3,-10,-4,-10,-5,-12,-5,-12,-5,-12,-4,-12,-3,-11,0,0,-1,-7,-1,-5,0,-2,1,0,2,1,2,4,4,6,5,8,7,9,7,11,7,11,7,11,7,10,7,9,6,8,4,7,3,4,1,2,0,0,-2,0,-4,-1,-6,-2,-9,-4,-12,-5,-14,-6,-16,-7,0,0,0,0,0,0,0,0,0,0]"""
106,"CSI_DATA,105,8c:90:2d:97:93:77,-52,11,1,7,1,0,1,0,1,0,1,-97,0,2,1,5614354,0,83,1,128,0,""[0,0,0,0,0,0,0,0,0,0,0,0,1,-5,2,-6,3,-8,3,-8,4,-9,4,-9,4,-9,3,-9,3,-8,3,-8,2,-7,1,-5,0,-4,-1,-2,-3,0,-4,1,-5,3,-6,5,-7,7,-8,8,-8,9,-9,10,-9,11,-9,11,-9,10,-8,9,0,0,-6,5,-5,2,-3,0,-1,-2,1,-5,3,-7,4,-9,5,-11,6,-12,7,-14,7,-14,7,-14,7,-14,6,-13,5,-12,4,-10,3,-7,2,-5,1,-2,0,0,0,4,-1,8,-1,11,-2,14,-1,16,-2,18,0,0,0,0,0,0,0,0,0,0]"""
107,"CSI_DATA,106,8c:90:2d:97:93:77,-52,11,1,7,1,0,1,0,1,0,1,-97,0,2,1,5624834,0,83,1,128,0,""[0,0,0,0,0,0,0,0,0,0,0,0,3,3,4,4,4,5,5,6,5,7,5,7,5,7,5,7,5,6,4,6,4,4,3,3,2,1,2,0,0,-2,-1,-4,-2,-6,-3,-8,-4,-9,-5,-11,-6,-11,-7,-12,-7,-13,-7,-13,-6,-13,-5,-12,0,0,-3,-8,-2,-6,0,-3,2,0,2,2,3,5,5,8,6,9,7,11,8,12,8,13,9,12,8,11,8,11,7,9,5,8,4,5,2,3,0,1,-2,-1,-5,-3,-7,-5,-10,-5,-12,-7,-15,-8,-17,-10,0,0,0,0,0,0,0,0,0,0]"""
108,"CSI_DATA,107,8c:90:2d:97:93:77,-51,11,1,7,1,0,1,0,1,0,1,-97,0,2,1,5634953,0,83,1,128,0,""[0,0,0,0,0,0,0,0,0,0,0,0,3,2,4,3,5,4,6,5,7,5,7,5,7,5,7,5,6,4,6,4,5,3,4,2,3,1,1,-1,0,-2,-2,-4,-3,-5,-5,-7,-7,-7,-8,-8,-9,-9,-10,-10,-11,-10,-11,-10,-10,-10,-9,-9,0,0,-5,-7,-3,-5,-1,-3,2,-1,3,1,6,3,8,4,9,6,11,7,12,7,13,7,13,7,13,7,12,6,10,5,8,4,6,3,3,2,1,1,-2,0,-6,0,-8,0,-11,0,-14,0,-17,0,-19,0,0,0,0,0,0,0,0,0,0,0]"""
109,"CSI_DATA,108,8c:90:2d:97:93:77,-51,11,1,7,1,0,1,0,1,0,1,-97,0,2,1,5644834,0,83,1,128,0,""[0,0,0,0,0,0,0,0,0,0,0,0,-3,3,-4,4,-5,5,-6,6,-6,6,-6,6,-6,7,-6,6,-5,6,-5,5,-4,5,-3,4,-2,3,0,1,2,0,2,-1,4,-3,5,-5,6,-6,8,-7,8,-8,9,-9,9,-10,9,-10,9,-9,8,-8,0,0,6,-5,4,-3,2,0,0,1,-2,4,-4,5,-6,7,-7,8,-8,10,-9,11,-9,12,-9,12,-9,11,-8,10,-7,9,-6,8,-5,5,-3,4,-2,1,-1,-1,0,-5,1,-8,1,-11,1,-14,1,-16,2,-18,0,0,0,0,0,0,0,0,0,0]"""
110,"CSI_DATA,109,8c:90:2d:97:93:77,-51,11,1,7,1,0,1,0,1,0,1,-97,0,2,1,5654341,0,83,1,128,0,""[0,0,0,0,0,0,0,0,0,0,0,0,-4,-4,-5,-5,-5,-6,-5,-7,-6,-8,-6,-8,-6,-8,-6,-7,-6,-7,-6,-6,-5,-5,-4,-4,-3,-2,-2,-1,-1,1,0,3,1,5,3,6,4,8,5,9,6,10,7,11,7,11,7,11,6,11,5,10,0,0,3,7,1,5,-1,2,-3,-1,-4,-2,-6,-5,-7,-7,-9,-9,-11,-10,-11,-11,-12,-11,-12,-11,-12,-10,-11,-9,-9,-8,-8,-7,-7,-5,-4,-4,-1,-2,2,-1,5,0,6,1,9,1,13,2,15,2,18,3,0,0,0,0,0,0,0,0,0,0]"""
111,"CSI_DATA,110,8c:90:2d:97:93:77,-52,11,1,7,1,0,1,0,1,0,1,-97,0,2,1,5664446,0,83,1,128,0,""[0,0,0,0,0,0,0,0,0,0,0,0,2,-2,3,-3,5,-4,6,-4,6,-5,6,-5,6,-5,6,-5,5,-5,4,-4,4,-4,2,-3,1,-2,0,-1,-2,0,-3,0,-5,0,-7,1,-8,2,-10,3,-10,4,-11,5,-12,5,-12,5,-12,4,-10,4,0,0,-7,1,-5,0,-2,0,0,-1,1,-3,4,-5,6,-6,8,-7,9,-8,10,-9,11,-9,11,-9,11,-9,9,-8,8,-7,6,-6,4,-4,2,-3,0,-1,0,0,-2,3,-3,6,-4,9,-5,12,-7,14,-7,16,0,0,0,0,0,0,0,0,0,0]"""
112,"CSI_DATA,111,8c:90:2d:97:93:77,-52,11,1,7,1,0,1,0,1,0,0,-97,0,2,1,5675117,0,83,1,128,0,""[0,0,0,0,0,0,0,0,0,0,0,0,3,0,5,1,5,1,7,2,7,2,7,2,7,2,7,2,6,1,6,1,5,0,3,0,2,0,0,0,0,-2,-2,-3,-4,-4,-5,-4,-7,-5,-9,-6,-10,-6,-11,-6,-12,-7,-12,-6,-11,-7,-10,-6,0,0,-6,-5,-3,-4,-1,-2,1,0,3,0,5,0,8,2,9,2,11,4,13,4,13,4,13,4,13,3,12,3,9,3,8,2,6,1,2,0,0,0,-1,0,-4,0,-7,0,-10,0,-13,0,-16,1,-19,1,0,0,0,0,0,0,0,0,0,0]"""
113,"CSI_DATA,112,8c:90:2d:97:93:77,-52,11,1,7,1,0,1,0,1,0,0,-97,0,2,1,5684392,0,83,1,128,0,""[0,0,0,0,0,0,0,0,0,0,0,0,-4,-3,-6,-4,-6,-5,-7,-6,-7,-6,-8,-6,-8,-6,-8,-5,-8,-5,-7,-5,-6,-4,-5,-3,-4,-1,-2,0,0,1,1,2,3,4,5,4,7,5,9,5,10,6,11,7,11,6,12,7,11,7,10,6,0,0,6,4,3,3,1,2,-2,1,-5,0,-8,-1,-10,-2,-12,-2,-14,-3,-15,-3,-16,-3,-16,-3,-16,-3,-15,-2,-12,-2,-10,-1,-8,-2,-5,-1,-2,-1,0,-2,3,-3,6,-5,9,-6,11,-8,14,-9,16,-10,0,0,0,0,0,0,0,0,0,0]"""
114,"CSI_DATA,113,8c:90:2d:97:93:77,-52,11,1,7,1,0,1,0,1,0,0,-97,0,2,1,5694416,0,83,1,128,0,""[0,0,0,0,0,0,0,0,0,0,0,0,4,-1,5,0,6,0,8,0,8,0,8,0,8,0,8,0,8,0,7,0,6,-1,4,-1,2,-1,1,-1,-1,-2,-3,-2,-5,-2,-8,-2,-10,-2,-11,-1,-13,-1,-14,-1,-14,-1,-14,-1,-14,-1,-12,-1,0,0,-8,-2,-5,-2,-3,-3,0,-2,4,-3,6,-3,8,-3,11,-4,12,-4,13,-5,14,-5,14,-5,14,-6,12,-5,10,-4,8,-4,6,-3,4,-2,2,-1,0,1,-3,3,-5,6,-6,8,-8,11,-9,13,-11,15,0,0,0,0,0,0,0,0,0,0]"""
115,"CSI_DATA,114,8c:90:2d:97:93:77,-52,11,1,7,1,0,1,0,1,0,0,-97,0,2,1,5704399,0,83,1,128,0,""[0,0,0,0,0,0,0,0,0,0,0,0,-5,-2,-7,-2,-8,-2,-9,-3,-9,-3,-9,-3,-9,-3,-9,-3,-9,-2,-8,-2,-7,-2,-5,-1,-4,0,-2,0,0,1,2,2,4,2,6,2,9,3,10,3,11,3,12,3,13,3,13,3,13,3,11,3,0,0,7,3,4,2,1,2,-2,1,-5,1,-8,0,-10,0,-12,0,-14,0,-16,1,-16,0,-16,1,-16,1,-14,1,-13,1,-11,1,-8,0,-6,0,-3,-1,0,-2,3,-4,5,-6,8,-8,10,-10,12,-11,14,-13,0,0,0,0,0,0,0,0,0,0]"""
116,"CSI_DATA,115,8c:90:2d:97:93:77,-52,11,1,7,1,0,1,0,1,0,0,-97,0,2,1,5714484,0,83,1,128,0,""[0,0,0,0,0,0,0,0,0,0,0,0,0,3,0,5,-1,6,-2,6,-2,7,-2,7,-2,8,-2,7,-2,7,-1,6,-1,5,0,4,0,2,0,0,0,0,0,-2,1,-4,1,-6,2,-8,2,-10,2,-11,3,-12,3,-13,3,-13,3,-12,2,-10,0,0,2,-7,1,-4,1,-1,0,0,0,2,0,6,0,8,0,10,0,12,0,13,-1,14,0,14,0,13,0,12,0,11,0,9,0,6,0,3,0,1,-1,0,-2,-3,-3,-7,-5,-9,-6,-11,-8,-14,-9,-15,0,0,0,0,0,0,0,0,0,0]"""
117,"CSI_DATA,116,8c:90:2d:97:93:77,-52,11,1,7,1,0,1,0,1,0,0,-97,0,2,1,5724662,0,83,1,128,0,""[0,0,0,0,0,0,0,0,0,0,0,0,-1,-5,-2,-7,-2,-8,-2,-9,-2,-9,-2,-10,-2,-10,-2,-9,-2,-9,-2,-8,-3,-7,-2,-5,-2,-4,-2,-2,-1,1,-1,3,0,5,1,7,2,8,2,10,4,11,3,12,4,13,4,13,3,12,3,11,0,0,1,7,0,5,-1,2,-3,-1,-4,-3,-6,-5,-7,-7,-8,-9,-10,-10,-11,-11,-11,-12,-12,-11,-11,-11,-11,-10,-9,-9,-8,-7,-7,-6,-4,-4,-1,-3,2,-2,4,-1,7,-1,10,0,13,0,16,0,19,0,0,0,0,0,0,0,0,0,0,0]"""
118,"CSI_DATA,117,8c:90:2d:97:93:77,-52,11,1,7,1,0,1,0,1,0,0,-97,0,2,1,5734638,0,83,1,128,0,""[0,0,0,0,0,0,0,0,0,0,0,0,-4,2,-5,3,-7,3,-8,4,-8,4,-8,4,-8,5,-8,4,-7,4,-6,4,-6,4,-4,3,-2,2,-1,1,1,0,3,-1,4,-3,6,-4,7,-5,8,-7,10,-8,10,-8,10,-9,10,-9,10,-9,9,-8,0,0,6,-5,4,-2,2,0,1,2,-2,4,-4,6,-6,8,-7,10,-7,11,-8,12,-8,13,-8,13,-7,13,-7,12,-6,10,-5,9,-4,6,-3,4,-2,1,-2,-2,-2,-5,-1,-8,-2,-11,-3,-14,-4,-17,-4,-19,0,0,0,0,0,0,0,0,0,0]"""
119,"CSI_DATA,118,8c:90:2d:97:93:77,-52,11,1,7,1,0,1,0,1,0,0,-97,0,2,1,5744837,0,83,1,128,0,""[0,0,0,0,0,0,0,0,0,0,0,0,2,4,3,5,3,6,4,7,4,8,4,8,4,8,4,8,4,7,4,6,4,5,3,4,2,2,1,0,0,-2,-1,-4,-2,-6,-4,-8,-5,-9,-6,-10,-7,-11,-8,-12,-9,-13,-9,-12,-8,-12,-7,-11,0,0,-4,-8,-2,-6,0,-4,2,-1,4,1,6,3,8,5,9,6,11,7,12,8,13,8,13,8,13,7,12,7,10,5,8,4,7,4,3,2,1,1,-2,0,-6,1,-9,1,-12,1,-15,2,-17,2,-20,3,0,0,0,0,0,0,0,0,0,0]"""
120,"CSI_DATA,119,8c:90:2d:97:93:77,-52,11,1,7,1,0,1,0,1,0,0,-97,0,2,1,5754390,0,83,1,128,0,""[0,0,0,0,0,0,0,0,0,0,0,0,3,0,5,0,6,0,7,0,8,0,8,0,8,0,7,0,7,0,6,0,5,0,4,0,2,0,0,0,0,-1,-2,-2,-4,-2,-7,-3,-8,-3,-10,-3,-11,-3,-13,-3,-13,-4,-14,-4,-13,-4,-11,-4,0,0,-7,-3,-4,-3,-1,-2,0,0,3,0,5,0,8,0,10,0,12,0,13,1,14,1,14,1,14,0,12,0,10,0,8,0,7,0,3,0,0,0,-1,0,-4,0,-7,1,-10,2,-12,3,-15,4,-18,5,0,0,0,0,0,0,0,0,0,0]"""
121,"CSI_DATA,120,8c:90:2d:97:93:77,-52,11,1,7,1,0,1,0,1,0,0,-97,0,2,1,5764404,0,83,1,128,0,""[0,0,0,0,0,0,0,0,0,0,0,0,-2,-3,-3,-5,-3,-6,-3,-7,-4,-8,-4,-8,-4,-8,-4,-8,-4,-7,-4,-6,-3,-5,-3,-4,-2,-2,-1,0,-1,0,0,2,0,4,0,6,0,8,1,9,2,10,2,11,2,12,2,12,2,12,1,10,0,0,0,6,0,4,0,1,-1,0,-2,-3,-2,-6,-3,-8,-4,-10,-5,-12,-5,-14,-5,-14,-6,-14,-5,-13,-5,-12,-4,-10,-3,-9,-3,-6,-1,-4,0,-1,0,0,2,1,4,4,6,6,8,8,11,10,12,12,0,0,0,0,0,0,0,0,0,0]"""
122,"CSI_DATA,121,8c:90:2d:97:93:77,-52,11,1,7,1,0,1,0,1,0,0,-97,0,2,1,5774672,0,83,1,128,0,""[0,0,0,0,0,0,0,0,0,0,0,0,-1,-6,-1,-7,-1,-8,0,-9,-1,-10,0,-10,0,-10,-1,-9,-1,-9,-1,-8,-1,-7,-1,-5,-2,-4,-2,-2,-2,0,-1,3,-1,5,-1,7,0,9,0,10,1,12,1,13,1,13,2,13,1,13,1,12,0,0,-1,8,-1,5,-2,2,-3,-1,-4,-4,-4,-6,-6,-9,-6,-10,-8,-12,-8,-13,-9,-14,-9,-14,-9,-13,-8,-12,-7,-10,-6,-9,-5,-7,-3,-5,0,-3,2,-1,5,0,7,2,10,2,12,3,16,4,18,5,0,0,0,0,0,0,0,0,0,0]"""
123,"CSI_DATA,122,8c:90:2d:97:93:77,-52,11,1,7,1,0,1,0,1,0,0,-97,0,2,1,5784334,0,83,1,128,0,""[0,0,0,0,0,0,0,0,0,0,0,0,1,-5,2,-6,3,-7,3,-8,3,-9,4,-9,3,-9,3,-9,3,-8,2,-7,1,-6,1,-5,-1,-4,-1,-2,-2,0,-3,2,-3,5,-3,6,-4,8,-4,10,-4,11,-4,12,-4,13,-4,13,-5,12,-4,11,0,0,-4,7,-3,4,-3,1,-3,-2,-2,-5,-2,-7,-2,-10,-2,-12,-3,-14,-3,-15,-3,-16,-3,-16,-3,-15,-4,-14,-3,-12,-3,-10,-3,-8,-1,-5,0,-3,2,0,4,2,5,4,8,6,10,8,13,10,15,11,0,0,0,0,0,0,0,0,0,0]"""
124,"CSI_DATA,123,8c:90:2d:97:93:77,-52,11,1,7,1,0,1,0,1,0,0,-97,0,2,1,5794390,0,83,1,128,0,""[0,0,0,0,0,0,0,0,0,0,0,0,-3,4,-4,5,-5,6,-5,6,-5,7,-6,7,-6,7,-5,7,-5,6,-4,6,-3,5,-3,4,-1,2,0,1,1,-1,2,-3,3,-5,3,-7,4,-8,5,-10,5,-12,6,-12,6,-13,6,-13,6,-13,6,-11,0,0,4,-8,3,-5,2,-2,1,1,0,4,-1,7,-1,9,-1,11,-1,13,-2,15,-2,15,-1,15,-1,14,0,13,-1,12,-1,10,0,7,-1,5,-2,2,-3,-1,-4,-4,-5,-7,-7,-10,-9,-11,-11,-14,-13,-15,0,0,0,0,0,0,0,0,0,0]"""
125,"CSI_DATA,124,8c:90:2d:97:93:77,-52,11,1,7,1,0,1,0,1,0,0,-97,0,2,1,5804535,0,83,1,128,0,""[0,0,0,0,0,0,0,0,0,0,0,0,-4,2,-5,3,-6,4,-8,5,-8,5,-8,5,-8,5,-8,5,-7,4,-7,4,-6,4,-4,3,-3,2,0,1,1,0,3,0,5,-1,6,-3,8,-4,10,-5,11,-6,11,-6,12,-7,12,-7,12,-6,11,-5,0,0,7,-3,5,-1,2,0,-1,1,-4,3,-6,4,-8,5,-10,6,-11,7,-13,8,-13,8,-13,9,-13,8,-12,8,-10,7,-8,6,-7,4,-4,3,-2,1,0,-2,1,-5,3,-8,4,-10,6,-13,7,-15,8,-17,0,0,0,0,0,0,0,0,0,0]"""
126,"CSI_DATA,125,8c:90:2d:97:93:77,-52,11,1,7,1,0,1,0,1,0,0,-97,0,2,1,5814518,0,83,1,128,0,""[0,0,0,0,0,0,0,0,0,0,0,0,3,-4,4,-5,5,-6,6,-6,6,-7,6,-7,6,-7,6,-7,5,-6,5,-6,4,-5,3,-4,1,-4,-1,-2,-2,-1,-4,0,-6,1,-7,3,-9,4,-10,5,-11,6,-12,7,-12,7,-12,7,-12,7,-11,6,0,0,-8,3,-6,1,-3,-1,-1,-2,2,-4,5,-6,7,-7,8,-9,10,-10,11,-11,11,-11,11,-11,11,-11,10,-10,8,-9,7,-8,5,-5,3,-4,1,-1,0,1,-2,3,-3,7,-4,10,-5,13,-6,15,-7,17,0,0,0,0,0,0,0,0,0,0]"""
127,"CSI_DATA,126,8c:90:2d:97:93:77,-51,11,1,7,1,0,1,0,1,0,0,-97,0,2,1,5824549,0,83,1,128,0,""[0,0,0,0,0,0,0,0,0,0,0,0,3,3,4,4,4,5,5,6,5,6,5,7,5,7,5,6,5,6,5,5,4,4,3,3,2,1,1,-1,0,-2,-1,-4,-2,-5,-4,-7,-5,-8,-6,-10,-7,-10,-8,-12,-8,-12,-8,-12,-8,-12,-7,-11,0,0,-4,-8,-2,-6,-1,-3,2,-1,3,2,5,4,6,6,8,8,9,9,10,10,11,10,11,10,10,10,10,9,8,8,7,6,5,5,3,3,0,1,-3,0,-5,-1,-8,-2,-10,-3,-14,-4,-17,-4,-19,-5,0,0,0,0,0,0,0,0,0,0]"""
128,"CSI_DATA,127,8c:90:2d:97:93:77,-52,11,1,7,1,0,1,0,1,0,0,-97,0,2,1,5834561,0,83,1,128,0,""[0,0,0,0,0,0,0,0,0,0,0,0,2,-4,3,-5,4,-6,5,-7,5,-8,5,-8,5,-8,5,-8,4,-7,4,-6,3,-6,2,-5,1,-3,-1,-2,-2,-1,-4,1,-5,3,-6,4,-7,6,-8,7,-9,8,-10,9,-10,10,-10,10,-11,8,-9,8,0,0,-7,5,-5,2,-3,0,-1,-2,1,-5,3,-7,5,-9,6,-10,7,-12,7,-13,8,-13,8,-13,8,-13,7,-12,5,-11,5,-9,3,-7,2,-5,1,-2,0,0,-1,4,-1,8,-1,10,-1,13,-1,16,-1,18,0,0,0,0,0,0,0,0,0,0]"""
129,"CSI_DATA,128,8c:90:2d:97:93:77,-51,11,1,7,1,0,1,0,1,0,0,-97,0,2,1,5844424,0,83,1,128,0,""[0,0,0,0,0,0,0,0,0,0,0,0,-5,-2,-6,-3,-7,-3,-8,-4,-9,-4,-9,-5,-9,-5,-8,-4,-8,-4,-7,-3,-7,-3,-5,-2,-4,-1,-2,0,0,1,2,3,4,3,5,4,7,4,9,5,11,6,11,6,12,6,12,6,11,6,10,6,0,0,6,4,3,3,1,2,-2,0,-5,0,-7,-2,-10,-2,-12,-4,-13,-4,-15,-4,-16,-4,-16,-4,-15,-4,-14,-3,-12,-3,-10,-2,-8,-2,-5,-2,-2,-1,0,-1,4,-2,7,-3,9,-4,12,-5,15,-6,18,-6,0,0,0,0,0,0,0,0,0,0]"""
130,"CSI_DATA,129,8c:90:2d:97:93:77,-52,11,1,7,1,0,1,0,1,0,0,-97,0,2,1,5854538,0,83,1,128,0,""[0,0,0,0,0,0,0,0,0,0,0,0,-5,1,-6,1,-7,2,-8,2,-9,2,-9,2,-9,2,-9,2,-8,2,-7,2,-6,2,-4,1,-3,1,0,1,0,0,2,0,5,0,7,0,9,0,11,0,12,-1,13,0,14,-1,14,-1,13,0,12,0,0,0,7,0,5,0,1,0,-1,0,-4,0,-7,0,-10,0,-12,0,-14,0,-16,0,-16,0,-17,1,-16,1,-15,1,-12,0,-10,0,-8,0,-4,0,-1,0,0,0,3,-2,6,-4,9,-5,12,-7,15,-8,17,-9,0,0,0,0,0,0,0,0,0,0]"""
131,"CSI_DATA,130,8c:90:2d:97:93:77,-52,11,1,7,1,0,1,0,1,0,0,-97,0,2,1,5864482,0,83,1,128,0,""[0,0,0,0,0,0,0,0,0,0,0,0,3,-1,5,-1,6,-2,7,-1,7,-1,8,-1,8,-1,7,-1,7,-2,6,-1,5,-1,3,-1,2,-1,0,-1,-1,-1,-3,-1,-5,-1,-8,-1,-9,0,-11,0,-12,0,-13,0,-14,0,-14,0,-14,-1,-11,-1,0,0,-8,-1,-5,-1,-2,-1,0,0,3,0,6,0,8,0,10,0,12,0,14,0,14,0,14,0,14,0,13,0,11,0,9,0,7,0,3,0,0,0,-1,0,-4,0,-6,2,-10,3,-12,4,-16,5,-17,6,0,0,0,0,0,0,0,0,0,0]"""
132,"CSI_DATA,131,8c:90:2d:97:93:77,-52,11,1,7,1,0,1,0,1,0,0,-97,0,2,1,5874813,0,83,1,128,0,""[0,0,0,0,0,0,0,0,0,0,0,0,-1,4,-1,6,-2,7,-2,8,-2,8,-2,8,-2,9,-2,8,-2,8,-1,7,-1,6,-1,4,0,3,1,1,1,-1,1,-3,1,-5,1,-8,2,-9,2,-11,2,-12,2,-14,2,-14,2,-14,2,-14,2,-13,0,0,3,-8,2,-5,1,-2,2,0,0,3,0,6,0,9,0,11,1,12,1,14,1,15,1,14,1,14,1,13,1,11,1,9,0,7,0,4,-1,2,-3,-1,-4,-4,-5,-7,-7,-9,-9,-11,-11,-13,-12,-15,0,0,0,0,0,0,0,0,0,0]"""
133,"CSI_DATA,132,8c:90:2d:97:93:77,-52,11,1,7,1,0,1,0,1,0,0,-97,0,2,1,5884277,0,83,1,128,0,""[0,0,0,0,0,0,0,0,0,0,0,0,-4,-4,-5,-5,-6,-6,-6,-7,-7,-7,-7,-8,-6,-7,-7,-7,-6,-7,-6,-6,-5,-5,-4,-3,-4,-2,-2,-1,-1,1,1,3,2,5,4,6,5,7,7,8,8,9,9,10,9,10,10,10,9,10,8,9,0,0,4,6,2,4,0,2,-3,0,-5,-2,-7,-4,-9,-5,-11,-6,-12,-7,-14,-8,-14,-8,-14,-8,-14,-7,-14,-7,-11,-6,-10,-5,-7,-4,-5,-3,-2,-2,1,-1,5,-1,7,-1,10,-2,13,-2,16,-2,19,-3,0,0,0,0,0,0,0,0,0,0]"""
134,"CSI_DATA,133,8c:90:2d:97:93:77,-52,11,1,7,1,0,1,0,1,0,0,-97,0,2,1,5894356,0,83,1,128,0,""[0,0,0,0,0,0,0,0,0,0,0,0,-5,-2,-6,-3,-7,-3,-8,-4,-9,-4,-9,-5,-9,-4,-9,-4,-8,-3,-8,-3,-7,-3,-5,-2,-4,-1,-2,0,0,1,2,2,4,3,6,3,8,4,10,4,11,4,12,5,13,5,13,5,12,5,11,5,0,0,7,3,4,3,1,2,-2,1,-5,0,-8,0,-10,-1,-12,-2,-14,-2,-16,-1,-16,-1,-16,-1,-16,0,-15,-1,-13,0,-11,0,-9,-1,-5,0,-3,-1,0,-2,4,-3,6,-5,9,-7,11,-9,13,-10,15,-11,0,0,0,0,0,0,0,0,0,0]"""
135,"CSI_DATA,134,8c:90:2d:97:93:77,-52,11,1,7,1,0,1,0,1,0,0,-97,0,2,1,5907277,0,83,1,128,0,""[0,0,0,0,0,0,0,0,0,0,0,0,-5,-1,-5,-1,-6,-1,-8,-2,-9,-2,-8,-2,-8,-2,-8,-2,-7,-2,-7,-1,-6,-1,-5,0,-3,0,-1,0,0,0,1,1,3,2,5,2,7,3,8,4,10,3,11,4,11,4,11,5,10,5,9,4,0,0,5,3,3,2,0,1,-1,0,-4,0,-6,-1,-9,-2,-11,-2,-12,-3,-14,-3,-14,-4,-14,-4,-14,-3,-13,-3,-11,-2,-9,-2,-7,-1,-4,0,-1,0,0,0,3,0,6,-1,9,-2,11,-2,15,-3,16,-3,0,0,0,0,0,0,0,0,0,0]"""
136,"CSI_DATA,135,8c:90:2d:97:93:77,-52,11,1,7,1,0,1,0,1,0,0,-97,0,2,1,5914495,0,83,1,128,0,""[0,0,0,0,0,0,0,0,0,0,0,0,0,-4,0,-5,0,-6,0,-8,0,-8,0,-9,0,-9,0,-8,0,-8,0,-7,0,-6,0,-4,0,-3,-1,-1,-1,0,-2,1,-3,3,-3,5,-3,7,-3,9,-4,10,-4,11,-4,11,-5,11,-5,11,-5,9,0,0,-3,5,-3,3,-2,0,0,-1,0,-4,0,-6,1,-9,2,-10,2,-12,2,-13,3,-14,3,-14,2,-13,2,-12,1,-11,1,-10,0,-6,0,-4,0,-1,0,0,0,2,0,7,0,9,0,12,1,14,1,16,0,0,0,0,0,0,0,0,0,0]"""
137,"CSI_DATA,136,8c:90:2d:97:93:77,-52,11,1,7,1,0,1,0,1,0,0,-97,0,2,1,5924434,0,83,1,128,0,""[0,0,0,0,0,0,0,0,0,0,0,0,-4,-4,-5,-5,-5,-6,-6,-7,-6,-7,-6,-7,-6,-7,-6,-7,-6,-6,-6,-6,-5,-5,-4,-4,-3,-2,-2,-1,0,1,1,2,3,4,4,5,6,6,8,7,9,7,10,8,10,8,11,7,10,8,9,7,0,0,5,5,3,4,1,3,-2,1,-5,0,-7,-1,-10,-2,-12,-2,-13,-3,-15,-3,-15,-3,-16,-2,-16,-2,-14,-2,-12,-2,-10,-1,-8,-1,-6,-1,-3,-2,0,-2,3,-4,6,-6,8,-7,10,-9,12,-10,14,-12,0,0,0,0,0,0,0,0,0,0]"""
138,"CSI_DATA,137,8c:90:2d:97:93:77,-51,11,1,7,1,0,1,0,1,0,0,-97,0,2,1,5934854,0,83,1,128,0,""[0,0,0,0,0,0,0,0,0,0,0,0,-5,2,-6,2,-7,3,-8,3,-8,3,-9,3,-9,3,-8,3,-8,3,-7,3,-6,3,-5,2,-3,2,-1,0,1,0,3,-1,4,-3,6,-4,8,-5,9,-6,10,-7,10,-8,11,-9,11,-9,10,-8,10,-7,0,0,7,-4,4,-2,2,0,1,2,-2,4,-4,6,-5,8,-6,10,-6,11,-7,13,-7,13,-7,13,-7,13,-6,12,-5,11,-4,9,-3,6,-3,4,-3,1,-3,-2,-3,-5,-3,-8,-4,-11,-4,-13,-6,-16,-7,-18,0,0,0,0,0,0,0,0,0,0]"""
139,"CSI_DATA,138,8c:90:2d:97:93:77,-52,11,1,7,1,0,1,0,1,0,0,-97,0,2,1,5944328,0,83,1,128,0,""[0,0,0,0,0,0,0,0,0,0,0,0,0,4,1,6,0,7,0,8,0,9,0,9,0,9,1,8,0,8,0,7,1,6,1,5,1,3,1,1,1,-2,2,-3,2,-5,2,-8,2,-10,2,-12,2,-13,2,-13,3,-14,3,-14,3,-13,3,-12,0,0,2,-8,2,-5,2,-2,1,0,-1,4,-1,7,-2,9,-3,11,-3,12,-3,14,-4,14,-3,14,-3,14,-3,13,-3,11,-2,10,-2,7,-2,4,-1,1,-1,-1,-1,-5,-1,-9,-2,-11,-2,-14,-3,-17,-3,-19,0,0,0,0,0,0,0,0,0,0]"""
140,"CSI_DATA,139,8c:90:2d:97:93:77,-52,11,1,7,1,0,1,0,1,0,0,-97,0,2,1,5954393,0,83,1,128,0,""[0,0,0,0,0,0,0,0,0,0,0,0,-5,-2,-7,-2,-8,-3,-8,-3,-9,-3,-9,-4,-9,-4,-9,-3,-8,-3,-8,-3,-7,-2,-5,-1,-4,0,-2,0,0,2,2,3,3,3,6,4,7,5,8,6,10,6,11,7,11,7,12,7,11,7,9,7,0,0,5,5,3,3,1,2,-2,0,-4,-2,-7,-3,-9,-5,-11,-6,-12,-7,-14,-8,-14,-7,-14,-7,-14,-7,-13,-7,-11,-6,-9,-5,-8,-4,-4,-3,-2,-2,1,-1,4,0,7,1,10,0,13,1,16,1,18,1,0,0,0,0,0,0,0,0,0,0]"""
141,"CSI_DATA,140,8c:90:2d:97:93:77,-52,11,1,7,1,0,1,0,1,0,0,-97,0,2,1,5964395,0,83,1,128,0,""[0,0,0,0,0,0,0,0,0,0,0,0,-5,-1,-7,-1,-8,-1,-9,-1,-10,-1,-10,-2,-10,-2,-10,-1,-9,-1,-8,-1,-7,0,-5,0,-4,0,-2,1,0,2,2,2,4,3,7,3,8,3,10,3,11,4,12,4,13,4,13,4,13,4,11,4,0,0,7,3,4,2,1,1,-2,1,-4,-1,-7,-2,-10,-3,-12,-3,-14,-4,-15,-4,-16,-5,-16,-4,-16,-4,-14,-4,-12,-3,-10,-3,-8,-2,-5,-2,-2,-1,1,-1,5,-1,7,-1,10,-2,13,-2,16,-3,19,-3,0,0,0,0,0,0,0,0,0,0]"""
142,"CSI_DATA,141,8c:90:2d:97:93:77,-52,11,1,7,1,0,1,0,1,0,0,-97,0,2,1,5974645,0,83,1,128,0,""[0,0,0,0,0,0,0,0,0,0,0,0,3,-3,5,-4,6,-5,7,-5,7,-5,7,-6,7,-6,7,-6,6,-5,6,-5,5,-5,3,-4,2,-3,0,-2,-2,-1,-4,-1,-6,0,-8,2,-9,3,-11,4,-12,4,-13,5,-13,5,-14,5,-13,4,-12,4,0,0,-8,2,-6,0,-3,-1,0,-2,3,-4,5,-5,7,-6,9,-7,11,-8,12,-9,13,-9,13,-9,12,-9,11,-8,9,-8,8,-6,6,-5,4,-3,1,-1,-1,1,-3,3,-4,7,-6,9,-8,12,-9,13,-10,16,0,0,0,0,0,0,0,0,0,0]"""
143,"CSI_DATA,142,8c:90:2d:97:93:77,-52,11,1,7,1,0,1,0,1,0,0,-97,0,2,1,5985009,0,83,1,128,0,""[0,0,0,0,0,0,0,0,0,0,0,0,2,4,2,5,3,6,3,7,3,8,3,8,3,8,3,8,3,7,3,6,2,6,2,4,2,2,1,0,1,-2,0,-4,-1,-6,-1,-9,-1,-10,-2,-11,-3,-13,-3,-14,-3,-15,-3,-15,-3,-14,-2,-12,0,0,0,-9,0,-5,0,-2,1,0,2,3,2,6,2,9,3,11,4,13,4,14,4,15,4,14,4,14,4,12,4,11,3,9,3,6,1,4,-1,2,-2,-1,-4,-4,-5,-7,-8,-9,-10,-11,-12,-12,-14,-14,0,0,0,0,0,0,0,0,0,0]"""
144,"CSI_DATA,143,8c:90:2d:97:93:77,-52,11,1,7,1,0,1,0,1,0,0,-97,0,2,1,5994530,0,83,1,128,0,""[0,0,0,0,0,0,0,0,0,0,0,0,4,0,5,1,7,1,8,1,8,2,8,2,9,2,8,1,8,1,7,1,6,0,5,0,3,-1,1,-1,-1,-2,-3,-3,-5,-4,-7,-4,-9,-4,-11,-4,-12,-5,-13,-5,-13,-5,-13,-5,-13,-5,-12,-5,0,0,-8,-4,-5,-4,-2,-3,1,-2,4,-1,7,0,9,0,11,1,13,2,15,2,15,2,15,2,14,1,13,1,12,1,9,1,8,0,4,0,1,0,-2,0,-5,1,-7,3,-11,3,-13,5,-16,6,-18,6,0,0,0,0,0,0,0,0,0,0]"""
145,"CSI_DATA,144,8c:90:2d:97:93:77,-52,11,1,7,1,0,1,0,1,0,0,-97,0,2,1,6004533,0,83,1,128,0,""[0,0,0,0,0,0,0,0,0,0,0,0,4,-1,5,-1,7,-1,8,-1,9,-1,9,-1,9,-1,8,-1,8,-1,7,-1,6,-1,4,-2,3,-2,1,-2,-2,-2,-4,-2,-6,-2,-8,-2,-10,-1,-11,-1,-13,-1,-14,-1,-15,-1,-15,-1,-14,-1,-12,-1,0,0,-9,-1,-6,-2,-3,-2,0,-2,4,-2,6,-3,9,-3,11,-3,12,-4,14,-4,15,-4,15,-4,14,-4,13,-4,11,-4,9,-3,7,-2,4,-2,2,-1,-1,1,-4,3,-6,5,-8,7,-10,9,-12,11,-14,13,0,0,0,0,0,0,0,0,0,0]"""
146,"CSI_DATA,145,8c:90:2d:97:93:77,-52,11,1,7,1,0,1,0,1,0,0,-97,0,2,1,6014475,0,83,1,128,0,""[0,0,0,0,0,0,0,0,0,0,0,0,-4,-3,-6,-4,-7,-4,-7,-5,-8,-6,-8,-6,-8,-6,-8,-5,-8,-5,-7,-4,-7,-4,-5,-2,-4,-2,-2,0,-1,1,1,2,3,4,5,5,6,5,8,6,9,7,10,7,11,8,11,8,10,8,9,7,0,0,5,5,3,4,1,2,-2,0,-5,-1,-7,-2,-10,-4,-11,-5,-13,-5,-14,-6,-15,-6,-15,-6,-15,-6,-13,-5,-12,-4,-10,-3,-8,-3,-5,-2,-2,-1,1,-1,4,-2,7,-2,10,-3,13,-4,16,-4,18,-4,0,0,0,0,0,0,0,0,0,0]"""
147,"CSI_DATA,146,8c:90:2d:97:93:77,-52,11,1,7,1,0,1,0,1,0,0,-97,0,2,1,6024439,0,83,1,128,0,""[0,0,0,0,0,0,0,0,0,0,0,0,-4,-3,-6,-4,-7,-4,-7,-5,-8,-5,-8,-6,-8,-5,-8,-5,-7,-5,-7,-5,-6,-3,-5,-2,-4,-1,-2,0,0,1,1,2,3,3,5,4,7,5,9,6,10,6,11,6,12,7,11,6,11,7,9,6,0,0,6,4,3,3,0,2,-2,0,-5,0,-7,-1,-10,-2,-12,-3,-14,-4,-15,-4,-15,-4,-16,-3,-15,-3,-14,-3,-12,-2,-10,-2,-8,-2,-5,-1,-2,-1,1,-2,4,-3,6,-4,9,-5,12,-6,14,-7,16,-8,0,0,0,0,0,0,0,0,0,0]"""
148,"CSI_DATA,147,8c:90:2d:97:93:77,-52,11,1,7,1,0,1,0,1,0,0,-97,0,2,1,6034398,0,83,1,128,0,""[0,0,0,0,0,0,0,0,0,0,0,0,-2,-5,-3,-6,-3,-7,-3,-9,-3,-9,-4,-9,-4,-9,-4,-9,-3,-8,-3,-7,-3,-6,-3,-5,-3,-3,-2,-1,-2,1,0,3,0,5,1,7,2,9,3,10,4,11,4,12,5,13,5,12,4,12,4,11,0,0,1,7,0,5,-1,2,-3,-1,-4,-3,-5,-6,-7,-8,-8,-10,-9,-11,-10,-12,-10,-13,-11,-12,-11,-12,-10,-11,-8,-9,-7,-8,-6,-6,-3,-4,-1,-3,1,-1,4,0,7,2,10,2,13,3,16,3,18,4,0,0,0,0,0,0,0,0,0,0]"""
149,"CSI_DATA,148,8c:90:2d:97:93:77,-52,11,1,7,1,0,1,0,1,0,0,-97,0,2,1,6044443,0,83,1,128,0,""[0,0,0,0,0,0,0,0,0,0,0,0,-5,-1,-7,-1,-8,-2,-9,-3,-10,-2,-9,-3,-10,-2,-9,-2,-9,-2,-8,-2,-7,-1,-6,-1,-4,0,-2,1,0,1,2,2,5,2,7,2,9,2,10,2,12,2,13,2,13,2,14,2,13,2,11,2,0,0,7,2,4,2,1,2,-1,1,-5,1,-8,1,-10,1,-12,1,-14,1,-15,2,-16,2,-16,2,-15,2,-15,2,-13,2,-10,2,-8,1,-5,1,-3,-1,0,-2,3,-4,5,-7,7,-8,9,-11,11,-12,13,-14,0,0,0,0,0,0,0,0,0,0]"""
150,"CSI_DATA,149,8c:90:2d:97:93:77,-52,11,1,7,1,0,1,0,1,0,0,-97,0,2,1,6054429,0,83,1,128,0,""[0,0,0,0,0,0,0,0,0,0,0,0,3,-4,4,-5,5,-5,6,-6,6,-6,7,-7,6,-7,6,-6,6,-6,5,-6,4,-5,3,-4,1,-3,0,-2,-2,-1,-3,1,-5,2,-6,4,-8,5,-9,6,-10,7,-10,8,-11,9,-11,9,-11,7,-10,7,0,0,-7,4,-5,2,-3,-1,-1,-2,1,-5,3,-7,5,-9,5,-10,6,-12,7,-13,7,-13,7,-13,7,-13,6,-12,5,-11,4,-10,3,-7,2,-5,1,-2,1,1,1,4,0,8,0,10,1,13,1,16,1,18,0,0,0,0,0,0,0,0,0,0]"""
151,"CSI_DATA,150,8c:90:2d:97:93:77,-52,11,1,7,1,0,1,0,1,0,0,-97,0,2,1,6064399,0,83,1,128,0,""[0,0,0,0,0,0,0,0,0,0,0,0,-2,-5,-2,-7,-3,-8,-3,-9,-3,-9,-3,-10,-3,-10,-3,-9,-3,-8,-3,-8,-3,-7,-2,-5,-2,-3,-2,-2,-2,1,-1,3,0,5,1,7,1,9,2,11,2,12,3,13,3,14,3,13,3,13,2,12,0,0,0,8,0,5,-1,2,-3,-1,-3,-3,-4,-6,-6,-9,-7,-10,-8,-12,-9,-13,-9,-14,-9,-14,-9,-13,-9,-12,-7,-10,-6,-9,-6,-7,-3,-5,-1,-3,2,-1,4,1,6,2,9,4,12,5,15,6,18,7,0,0,0,0,0,0,0,0,0,0]"""
152,"CSI_DATA,151,8c:90:2d:97:93:77,-52,11,1,7,1,0,1,0,1,0,1,-97,0,2,1,6074649,0,83,1,128,0,""[0,0,0,0,0,0,0,0,0,0,0,0,3,-2,4,-3,5,-3,6,-4,7,-4,7,-4,7,-4,6,-4,6,-3,5,-3,4,-3,3,-3,1,-2,0,-1,-1,-1,-4,0,-5,0,-7,0,-9,0,-11,1,-12,2,-12,2,-13,2,-13,2,-13,1,-12,1,0,0,-7,0,-5,0,-2,0,0,-1,3,-2,5,-3,8,-3,9,-4,11,-4,12,-4,13,-5,14,-5,13,-5,12,-5,10,-4,8,-4,6,-2,3,-2,0,0,0,0,-3,2,-5,4,-7,6,-10,8,-12,10,-14,11,0,0,0,0,0,0,0,0,0,0]"""
153,"CSI_DATA,152,8c:90:2d:97:93:77,-52,11,1,7,1,0,1,0,1,0,1,-97,0,2,1,6088587,0,83,1,128,0,""[0,0,0,0,0,0,0,0,0,0,0,0,0,-4,0,-6,0,-7,0,-8,0,-9,0,-8,0,-9,0,-8,0,-8,0,-7,0,-6,0,-5,0,-3,-1,-1,-1,0,-2,1,-3,3,-3,5,-4,7,-4,8,-5,10,-5,11,-6,11,-6,11,-6,10,-5,9,0,0,-4,5,-3,3,-1,0,0,-1,0,-4,1,-6,2,-9,3,-10,3,-12,5,-13,5,-14,5,-14,5,-13,4,-12,3,-11,2,-8,1,-7,0,-4,0,-1,0,0,0,3,0,7,0,10,-1,13,-1,15,-1,17,0,0,0,0,0,0,0,0,0,0]"""
154,"CSI_DATA,153,8c:90:2d:97:93:77,-52,11,1,7,1,0,1,0,1,0,1,-97,0,2,1,6094399,0,83,1,128,0,""[0,0,0,0,0,0,0,0,0,0,0,0,0,-5,0,-7,0,-8,0,-9,1,-9,1,-10,1,-10,0,-9,0,-9,0,-8,-1,-7,-1,-5,-1,-4,-1,-2,-2,0,-2,3,-2,5,-2,7,-2,8,-2,10,-2,12,-2,13,-2,13,-1,13,-2,13,-2,12,0,0,-2,7,-2,5,-2,1,-3,-2,-2,-4,-3,-7,-3,-9,-3,-12,-4,-13,-4,-14,-4,-15,-5,-15,-5,-14,-5,-13,-4,-12,-3,-10,-3,-7,-2,-5,0,-3,2,0,4,2,5,4,8,6,10,8,13,10,14,11,0,0,0,0,0,0,0,0,0,0]"""
155,"CSI_DATA,154,8c:90:2d:97:93:77,-52,11,1,7,1,0,1,0,1,0,1,-97,0,2,1,6104289,0,83,1,128,0,""[0,0,0,0,0,0,0,0,0,0,0,0,-3,-4,-4,-5,-4,-6,-5,-7,-5,-8,-5,-8,-5,-8,-5,-8,-5,-7,-5,-6,-4,-5,-4,-4,-3,-3,-2,-1,-1,1,0,3,1,5,2,6,3,8,4,9,5,10,6,11,6,11,6,11,5,11,5,10,0,0,2,7,1,5,-1,2,-3,-1,-4,-3,-5,-5,-7,-7,-8,-9,-9,-10,-10,-11,-11,-11,-11,-11,-10,-11,-10,-10,-8,-9,-7,-7,-6,-5,-3,-4,-1,-2,2,-1,4,0,6,1,9,2,12,3,15,3,17,4,0,0,0,0,0,0,0,0,0,0]"""
156,"CSI_DATA,155,8c:90:2d:97:93:77,-52,11,1,7,1,0,1,0,1,0,1,-97,0,2,1,6114424,0,83,1,128,0,""[0,0,0,0,0,0,0,0,0,0,0,0,4,1,6,1,6,2,8,2,8,2,8,3,8,2,8,2,7,2,7,1,6,1,4,0,3,0,1,-1,-1,-2,-3,-3,-5,-4,-7,-4,-9,-5,-10,-5,-12,-5,-13,-6,-13,-6,-13,-6,-13,-6,-12,-6,0,0,-7,-5,-5,-4,-2,-3,1,-1,4,-1,7,0,9,1,11,1,13,2,14,2,15,2,15,2,14,1,13,1,11,1,9,0,7,0,4,0,1,0,-2,1,-5,1,-8,2,-10,3,-13,5,-16,6,-18,7,0,0,0,0,0,0,0,0,0,0]"""
157,"CSI_DATA,156,8c:90:2d:97:93:77,-52,11,1,7,1,0,1,0,1,0,1,-97,0,2,1,6124439,0,83,1,128,0,""[0,0,0,0,0,0,0,0,0,0,0,0,-2,-4,-3,-5,-3,-6,-4,-7,-4,-7,-4,-8,-4,-8,-4,-7,-4,-6,-4,-6,-3,-5,-3,-3,-2,-2,-1,0,0,0,0,2,0,4,1,6,2,7,3,8,3,10,4,10,4,11,5,11,4,11,3,10,0,0,1,6,0,4,0,1,-2,0,-3,-2,-4,-5,-5,-7,-7,-8,-8,-10,-9,-11,-9,-12,-9,-11,-9,-11,-9,-10,-7,-8,-6,-7,-5,-5,-2,-3,0,-1,1,0,3,0,5,1,8,3,11,3,14,4,16,5,0,0,0,0,0,0,0,0,0,0]"""
158,"CSI_DATA,157,8c:90:2d:97:93:77,-52,11,1,7,1,0,1,0,1,0,1,-97,0,2,1,6134433,0,83,1,128,0,""[0,0,0,0,0,0,0,0,0,0,0,0,0,-5,0,-7,0,-8,1,-9,1,-9,1,-10,1,-10,0,-10,0,-9,0,-8,0,-7,0,-6,-1,-4,-2,-2,-3,0,-3,2,-3,5,-4,7,-4,8,-4,10,-4,11,-4,12,-5,13,-5,13,-5,13,-5,11,0,0,-4,7,-3,4,-3,1,-2,-2,-1,-5,0,-8,1,-10,1,-12,2,-14,2,-15,2,-16,2,-16,2,-15,2,-14,1,-12,1,-11,0,-8,0,-5,0,-3,1,0,1,4,2,7,2,10,3,13,4,15,5,18,0,0,0,0,0,0,0,0,0,0]"""
159,"CSI_DATA,158,8c:90:2d:97:93:77,-52,11,1,7,1,0,1,0,1,0,1,-97,0,2,1,6144425,0,83,1,128,0,""[0,0,0,0,0,0,0,0,0,0,0,0,4,0,6,1,7,1,8,1,9,2,9,2,9,1,8,1,8,1,7,1,6,0,4,0,3,-1,1,-2,-1,-2,-3,-3,-5,-4,-7,-4,-9,-4,-11,-5,-12,-5,-13,-5,-14,-5,-14,-6,-13,-6,-12,-6,0,0,-8,-4,-5,-4,-2,-3,1,-1,4,-1,6,0,9,1,11,2,13,2,14,2,15,3,15,2,15,2,14,2,11,1,9,1,7,0,4,0,1,0,-2,0,-5,1,-8,2,-11,3,-14,4,-17,5,-19,5,0,0,0,0,0,0,0,0,0,0]"""
160,"CSI_DATA,159,8c:90:2d:97:93:77,-52,11,1,7,1,0,1,0,1,0,1,-97,0,2,1,6155808,0,83,1,128,0,""[0,0,0,0,0,0,0,0,0,0,0,0,4,1,6,2,7,3,8,4,8,4,8,4,9,4,8,4,8,4,7,3,6,2,5,1,3,0,2,-1,0,-3,-3,-4,-4,-5,-6,-7,-8,-7,-10,-8,-11,-8,-12,-9,-12,-10,-13,-9,-12,-10,-10,-9,0,0,-6,-7,-4,-5,-2,-3,2,-1,4,1,6,3,8,4,10,6,13,6,14,7,14,8,14,7,14,7,13,6,11,5,9,4,7,3,4,2,1,1,-2,0,-6,0,-8,-1,-12,-1,-15,-1,-19,-1,-21,-1,0,0,0,0,0,0,0,0,0,0]"""
161,"CSI_DATA,160,8c:90:2d:97:93:77,-52,11,1,7,1,0,1,0,1,0,1,-97,0,2,1,6165306,0,83,1,128,0,""[0,0,0,0,0,0,0,0,0,0,0,0,-5,2,-6,3,-7,3,-8,4,-9,4,-9,3,-9,4,-8,3,-8,3,-7,3,-6,3,-5,2,-3,2,-1,1,1,1,3,0,5,0,7,-1,9,-1,10,-2,12,-3,13,-3,13,-3,14,-3,13,-2,12,-2,0,0,7,-1,5,0,2,1,-1,1,-4,1,-7,1,-9,2,-12,2,-14,2,-15,2,-16,2,-16,3,-15,3,-14,2,-12,2,-10,2,-8,1,-5,1,-2,0,1,-1,3,-3,6,-5,8,-6,11,-8,14,-9,16,-10,0,0,0,0,0,0,0,0,0,0]"""
162,"CSI_DATA,161,8c:90:2d:97:93:77,-51,11,1,7,1,0,1,0,1,0,0,-97,0,2,1,6190069,0,83,1,128,0,""[0,0,0,0,0,0,0,0,0,0,0,0,2,-5,2,-7,2,-8,3,-9,3,-9,3,-10,3,-10,2,-9,2,-9,2,-8,1,-7,1,-5,0,-4,0,-2,-1,1,-1,2,-1,4,-1,7,0,9,1,11,1,14,2,14,2,15,2,15,1,15,2,13,0,0,0,9,-1,7,-2,3,-3,0,-5,-2,-8,-4,-10,-7,-11,-8,-13,-9,-15,-10,-15,-10,-15,-9,-16,-9,-15,-8,-13,-7,-10,-5,-9,-4,-5,-3,-3,-3,0,-3,3,-4,7,-5,10,-7,13,-9,15,-10,17,-13,0,0,0,0,0,0,0,0,0,0]"""
163,"CSI_DATA,162,8c:90:2d:97:93:77,-50,11,1,7,1,0,1,0,1,0,0,-97,0,2,1,6195105,0,83,1,128,0,""[0,0,0,0,0,0,0,0,0,0,0,0,-2,3,-3,5,-3,7,-4,8,-4,8,-4,9,-4,9,-3,8,-3,8,-2,7,-2,7,-1,4,-1,3,-1,1,0,-1,0,-3,0,-5,0,-8,-1,-11,-1,-13,-2,-14,-2,-15,-3,-16,-3,-16,-2,-16,-2,-15,0,0,-1,-10,0,-7,2,-4,3,-1,5,1,7,3,9,7,9,8,11,9,13,10,14,9,14,9,14,9,14,8,10,5,9,5,7,4,4,2,1,2,-2,2,-5,2,-9,4,-11,4,-15,7,-17,8,-20,9,0,0,0,0,0,0,0,0,0,0]"""
164,"CSI_DATA,163,8c:90:2d:97:93:77,-50,11,1,7,1,0,1,0,1,0,0,-97,0,2,1,6199952,0,83,1,128,0,""[0,0,0,0,0,0,0,0,0,0,0,0,3,-3,4,-4,5,-5,7,-5,7,-7,8,-7,8,-7,7,-7,5,-7,5,-7,4,-5,2,-4,2,-3,0,-2,-1,0,-3,2,-4,4,-4,7,-5,9,-5,10,-5,13,-5,13,-5,14,-5,15,-5,14,-5,13,0,0,-4,8,-4,5,-4,1,-4,-2,-4,-4,-4,-8,-4,-10,-5,-14,-5,-15,-7,-16,-7,-16,-8,-16,-9,-16,-9,-15,-7,-13,-7,-10,-5,-9,-3,-5,-1,-3,2,-2,5,-1,8,-1,11,0,15,0,19,0,21,0,0,0,0,0,0,0,0,0,0,0]"""
165,"CSI_DATA,164,8c:90:2d:97:93:77,-51,11,1,7,1,0,1,0,1,0,0,-97,0,2,1,6205603,0,83,1,128,0,""[0,0,0,0,0,0,0,0,0,0,0,0,-5,-1,-7,-1,-8,-2,-9,-2,-9,-3,-10,-3,-10,-3,-9,-3,-9,-3,-8,-2,-7,-2,-5,-1,-4,0,-3,1,-1,2,1,3,3,4,5,5,6,6,8,7,9,7,10,8,11,8,10,9,10,8,8,8,0,0,5,5,3,4,1,1,-2,0,-4,-3,-6,-5,-7,-7,-9,-8,-11,-10,-12,-11,-12,-11,-12,-11,-11,-11,-11,-10,-9,-9,-8,-7,-6,-6,-4,-4,-2,-2,1,0,4,2,6,4,9,5,11,7,14,8,16,9,0,0,0,0,0,0,0,0,0,0]"""
166,"CSI_DATA,165,8c:90:2d:97:93:77,-52,11,1,7,1,0,1,0,1,0,0,-97,0,2,1,6214469,0,83,1,128,0,""[0,0,0,0,0,0,0,0,0,0,0,0,2,-5,3,-7,3,-8,4,-9,5,-9,5,-9,5,-9,5,-9,4,-8,4,-7,3,-7,2,-6,1,-4,-1,-3,-3,-1,-5,0,-6,2,-8,4,-10,5,-11,6,-12,7,-13,8,-13,9,-14,8,-13,7,-12,6,0,0,-8,4,-6,1,-3,0,0,-2,3,-4,6,-6,8,-7,10,-8,12,-9,14,-9,14,-9,14,-10,13,-9,12,-9,10,-8,9,-7,7,-5,4,-4,1,-2,-2,1,-4,3,-6,6,-9,9,-11,11,-13,13,-14,15,0,0,0,0,0,0,0,0,0,0]"""
167,"CSI_DATA,166,8c:90:2d:97:93:77,-51,11,1,7,1,0,1,0,1,0,0,-97,0,2,1,6224458,0,83,1,128,0,""[0,0,0,0,0,0,0,0,0,0,0,0,0,4,0,6,0,7,0,8,0,8,0,9,0,9,0,8,0,8,0,7,0,6,0,4,1,3,1,1,1,-1,1,-3,1,-6,1,-8,1,-10,1,-11,1,-12,1,-14,1,-14,1,-14,1,-14,2,-13,0,0,2,-8,1,-5,1,-2,2,0,1,4,0,7,0,9,0,11,1,13,1,14,1,15,1,15,1,14,1,13,1,12,1,10,1,7,0,5,-1,2,-2,-1,-4,-4,-4,-7,-6,-9,-8,-12,-10,-14,-11,-16,0,0,0,0,0,0,0,0,0,0]"""
168,"CSI_DATA,167,8c:90:2d:97:93:77,-51,11,1,7,1,0,1,0,1,0,0,-97,0,2,1,6234428,0,83,1,128,0,""[0,0,0,0,0,0,0,0,0,0,0,0,4,1,5,1,7,1,8,2,8,2,8,2,8,2,8,2,8,2,7,2,6,1,4,0,3,-1,1,-1,-1,-2,-3,-3,-5,-4,-7,-4,-10,-5,-11,-5,-13,-5,-14,-6,-14,-6,-15,-6,-14,-7,-13,-6,0,0,-7,-4,-5,-4,-2,-3,1,-1,4,-1,6,1,10,1,12,2,14,2,15,3,16,3,16,2,15,2,14,2,13,1,10,1,7,1,4,0,1,0,-2,1,-5,1,-8,2,-12,3,-14,4,-17,5,-20,6,0,0,0,0,0,0,0,0,0,0]"""
169,"CSI_DATA,168,8c:90:2d:97:93:77,-52,11,1,7,1,0,1,0,1,0,0,-97,0,2,1,6244767,0,83,1,128,0,""[0,0,0,0,0,0,0,0,0,0,0,0,3,-3,4,-4,5,-5,6,-6,7,-6,7,-6,7,-6,7,-6,6,-5,6,-5,5,-5,3,-4,1,-3,0,-3,-2,-2,-4,-1,-6,0,-8,1,-10,2,-11,3,-12,3,-13,4,-14,3,-14,4,-13,3,-12,3,0,0,-9,1,-6,0,-3,-2,1,-2,3,-3,6,-4,8,-4,10,-5,12,-5,13,-5,14,-6,14,-6,13,-6,12,-6,11,-5,9,-4,6,-3,4,-2,1,-1,-2,1,-4,3,-6,5,-8,6,-10,9,-13,10,-14,12,0,0,0,0,0,0,0,0,0,0]"""
170,"CSI_DATA,169,8c:90:2d:97:93:77,-52,11,1,7,1,0,1,0,1,0,0,-97,0,2,1,6254447,0,83,1,128,0,""[0,0,0,0,0,0,0,0,0,0,0,0,-5,1,-6,2,-7,2,-8,2,-9,2,-10,2,-9,2,-9,2,-9,2,-8,2,-7,2,-5,2,-4,1,-2,1,1,1,3,1,5,1,7,0,9,-1,10,-1,12,-1,13,-1,14,-1,14,-1,13,0,11,0,0,0,7,0,5,1,2,1,-2,1,-5,1,-7,1,-10,1,-12,1,-14,1,-15,1,-16,1,-16,1,-15,1,-14,1,-12,1,-10,1,-8,0,-5,0,-2,0,1,-1,4,-3,6,-4,9,-6,11,-7,14,-8,16,-9,0,0,0,0,0,0,0,0,0,0]"""
171,"CSI_DATA,170,8c:90:2d:97:93:77,-52,11,1,7,1,0,1,0,1,0,0,-97,0,2,1,6264496,0,83,1,128,0,""[0,0,0,0,0,0,0,0,0,0,0,0,3,1,4,2,5,4,5,4,6,5,6,6,6,5,6,5,5,4,5,4,4,3,3,2,2,0,1,0,0,-2,0,-3,-1,-5,-3,-7,-4,-8,-5,-10,-6,-11,-7,-12,-7,-13,-6,-13,-6,-13,-4,-12,0,0,-2,-8,-1,-5,0,-2,0,0,1,2,2,5,3,8,5,9,5,11,6,13,6,14,6,13,6,13,5,11,5,10,4,8,3,6,0,3,0,1,-1,0,-3,-3,-5,-6,-8,-8,-10,-10,-12,-12,-14,-13,0,0,0,0,0,0,0,0,0,0]"""
172,"CSI_DATA,171,8c:90:2d:97:93:77,-52,11,1,7,1,0,1,0,1,0,0,-98,0,2,1,6274539,0,83,1,128,0,""[0,0,0,0,0,0,0,0,0,0,0,0,4,1,6,1,6,1,8,2,8,2,8,3,8,2,8,2,8,2,7,1,6,1,5,0,3,-1,1,-1,-1,-2,-3,-3,-5,-4,-7,-5,-9,-5,-10,-6,-12,-6,-12,-7,-13,-7,-13,-7,-12,-7,-11,-7,0,0,-7,-5,-5,-4,-2,-3,1,-1,4,0,6,1,9,2,10,3,12,4,13,4,14,5,14,4,14,4,13,4,11,3,9,2,7,2,4,1,1,1,-2,0,-5,0,-8,1,-11,1,-14,1,-17,2,-19,2,0,0,0,0,0,0,0,0,0,0]"""
173,"CSI_DATA,172,8c:90:2d:97:93:77,-51,11,1,7,1,0,1,0,1,0,0,-98,0,2,1,6284396,0,83,1,128,0,""[0,0,0,0,0,0,0,0,0,0,0,0,2,-4,3,-6,4,-6,5,-7,5,-7,6,-7,5,-8,5,-7,5,-7,4,-6,3,-6,2,-5,1,-3,-1,-2,-2,-1,-4,0,-5,2,-7,4,-8,5,-10,6,-10,7,-11,8,-11,8,-11,8,-11,7,-10,6,0,0,-7,3,-5,1,-3,-1,-1,-2,2,-4,4,-6,6,-8,8,-9,8,-10,9,-11,10,-12,10,-12,9,-12,9,-11,7,-9,6,-8,4,-6,3,-4,1,-2,0,1,-2,4,-3,7,-4,10,-5,13,-5,15,-6,17,0,0,0,0,0,0,0,0,0,0]"""
174,"CSI_DATA,173,8c:90:2d:97:93:77,-52,11,1,7,1,0,1,0,1,0,0,-98,0,2,1,6294407,0,83,1,128,0,""[0,0,0,0,0,0,0,0,0,0,0,0,-5,-3,-6,-4,-7,-5,-8,-5,-8,-6,-8,-6,-8,-6,-8,-6,-8,-5,-7,-5,-6,-4,-5,-3,-4,-1,-2,0,-1,1,1,3,3,4,5,6,6,6,8,7,9,8,9,9,10,9,10,9,9,9,8,8,0,0,4,5,3,4,0,2,-2,0,-4,-2,-6,-4,-9,-5,-10,-7,-12,-8,-13,-9,-13,-9,-14,-9,-13,-8,-12,-8,-11,-7,-9,-6,-7,-4,-4,-3,-1,-2,1,-1,4,0,7,0,10,0,13,1,16,1,18,1,0,0,0,0,0,0,0,0,0,0]"""
175,"CSI_DATA,174,8c:90:2d:97:93:77,-52,11,1,7,1,0,1,0,1,0,0,-97,0,2,1,6304490,0,83,1,128,0,""[0,0,0,0,0,0,0,0,0,0,0,0,-3,4,-4,5,-5,5,-6,6,-6,7,-6,7,-6,7,-6,7,-5,6,-5,6,-4,5,-3,4,-1,3,0,1,1,0,3,-2,4,-3,5,-5,7,-6,8,-8,9,-9,9,-9,9,-10,9,-10,10,-9,9,-8,0,0,6,-5,4,-3,2,-1,0,1,-3,4,-4,6,-6,7,-8,9,-8,10,-9,11,-10,11,-10,12,-9,11,-8,11,-7,9,-6,8,-5,5,-4,4,-2,1,-1,-2,0,-5,1,-9,2,-11,2,-14,2,-16,3,-19,0,0,0,0,0,0,0,0,0,0]"""
176,"CSI_DATA,175,8c:90:2d:97:93:77,-52,11,1,7,1,0,1,0,1,0,0,-98,0,2,1,6315936,0,83,1,128,0,""[0,0,0,0,0,0,0,0,0,0,0,0,0,-5,-1,-6,0,-7,0,-8,0,-9,0,-9,0,-9,0,-9,0,-8,0,-7,0,-6,0,-4,-1,-2,-1,-1,-1,0,-1,1,-1,4,-1,6,-2,8,-2,10,-2,11,-2,12,-2,12,-2,12,-2,12,-2,10,0,0,-3,6,-2,3,-1,0,-1,-1,0,-4,0,-7,0,-9,0,-11,0,-13,0,-14,0,-15,0,-15,0,-14,0,-13,0,-12,0,-10,0,-6,0,-4,0,-2,0,0,1,3,1,6,2,8,4,12,5,13,5,16,0,0,0,0,0,0,0,0,0,0]"""
177,"CSI_DATA,176,8c:90:2d:97:93:77,-52,11,1,7,1,0,1,0,1,0,0,-98,0,2,1,6324512,0,83,1,128,0,""[0,0,0,0,0,0,0,0,0,0,0,0,1,-5,2,-6,3,-7,4,-8,4,-8,4,-8,4,-9,4,-8,4,-8,2,-7,2,-6,1,-5,0,-4,-1,-2,-3,0,-3,2,-4,3,-5,5,-6,7,-7,8,-8,10,-8,10,-8,11,-9,11,-9,10,-8,9,0,0,-6,6,-4,3,-3,0,-2,-2,1,-5,2,-7,4,-10,4,-11,5,-13,6,-14,6,-15,6,-15,5,-14,5,-13,4,-12,3,-10,2,-7,2,-5,1,-2,1,1,0,4,0,7,0,10,1,13,1,16,2,18,0,0,0,0,0,0,0,0,0,0]"""
178,"CSI_DATA,177,8c:90:2d:97:93:77,-52,11,1,7,1,0,1,0,1,0,0,-98,0,2,1,6334311,0,83,1,128,0,""[0,0,0,0,0,0,0,0,0,0,0,0,1,4,1,5,1,7,1,8,1,8,2,9,2,9,2,8,2,7,2,6,2,6,1,4,1,2,1,0,1,-2,0,-4,0,-6,-1,-8,-2,-10,-2,-11,-3,-12,-3,-13,-4,-15,-3,-14,-3,-14,-2,-13,0,0,-1,-8,0,-6,0,-3,2,0,2,3,3,5,3,8,4,10,6,12,6,13,6,14,6,13,7,13,6,12,5,10,4,8,4,6,1,4,-1,2,-3,0,-5,-3,-7,-5,-10,-6,-12,-8,-15,-9,-17,-10,0,0,0,0,0,0,0,0,0,0]"""
179,"CSI_DATA,178,8c:90:2d:97:93:77,-52,11,1,7,1,0,1,0,1,0,0,-98,0,2,1,6344372,0,83,1,128,0,""[0,0,0,0,0,0,0,0,0,0,0,0,-3,-4,-4,-6,-4,-7,-5,-8,-5,-8,-5,-9,-5,-9,-5,-8,-5,-8,-5,-7,-4,-6,-4,-4,-3,-3,-2,-1,-1,1,0,3,1,5,3,6,4,8,5,9,6,10,7,11,7,12,7,11,7,11,6,10,0,0,2,7,1,5,0,3,-3,0,-4,-3,-6,-5,-8,-6,-9,-8,-11,-9,-12,-10,-13,-10,-13,-10,-13,-10,-12,-9,-10,-8,-9,-7,-7,-5,-4,-4,-1,-2,1,-1,5,-1,7,0,10,0,13,0,17,1,19,0,0,0,0,0,0,0,0,0,0,0]"""
180,"CSI_DATA,179,8c:90:2d:97:93:77,-52,11,1,7,1,0,1,0,1,0,0,-98,0,2,1,6354511,0,83,1,128,0,""[0,0,0,0,0,0,0,0,0,0,0,0,4,-1,5,-1,7,-1,8,-1,9,-1,8,-1,9,-1,8,-1,8,-1,7,-1,6,-2,4,-2,2,-2,1,-2,-2,-2,-4,-2,-6,-2,-8,-1,-10,0,-11,0,-13,0,-14,0,-15,1,-14,0,-14,0,-12,0,0,0,-8,-1,-6,-2,-3,-2,0,-2,3,-3,6,-4,8,-4,10,-5,12,-5,13,-6,14,-6,14,-6,13,-6,12,-6,10,-6,8,-5,6,-4,4,-2,2,-1,-1,1,-2,3,-4,6,-6,9,-8,11,-9,13,-10,15,0,0,0,0,0,0,0,0,0,0]"""
181,"CSI_DATA,180,8c:90:2d:97:93:77,-52,11,1,7,1,0,1,0,1,0,0,-98,0,2,1,6364523,0,83,1,128,0,""[0,0,0,0,0,0,0,0,0,0,0,0,-2,-5,-2,-7,-2,-8,-2,-8,-2,-9,-2,-9,-3,-9,-3,-9,-3,-8,-3,-8,-2,-7,-2,-5,-2,-3,-2,-1,-2,1,-1,3,0,5,0,7,1,8,2,10,3,11,2,12,3,13,3,13,2,13,1,11,0,0,0,7,0,5,-2,2,-3,-1,-4,-4,-5,-6,-6,-8,-7,-10,-8,-12,-8,-13,-8,-13,-9,-13,-9,-13,-8,-12,-7,-10,-6,-9,-5,-7,-3,-5,-1,-3,1,-1,4,1,6,2,9,3,11,4,15,6,17,6,0,0,0,0,0,0,0,0,0,0]"""
182,"CSI_DATA,181,8c:90:2d:97:93:77,-52,11,1,7,1,0,1,0,1,0,0,-98,0,2,1,6374638,0,83,1,128,0,""[0,0,0,0,0,0,0,0,0,0,0,0,-5,0,-6,-1,-7,-1,-8,-2,-8,-2,-9,-2,-9,-2,-8,-2,-8,-1,-7,-1,-6,-1,-4,0,-3,0,-1,0,0,1,1,2,3,2,5,3,6,4,8,5,9,5,10,6,10,6,10,6,10,6,8,6,0,0,4,4,2,2,0,1,-2,0,-3,-1,-6,-3,-8,-4,-9,-6,-11,-7,-12,-7,-13,-8,-13,-7,-12,-7,-12,-6,-10,-6,-8,-5,-7,-3,-4,-2,-1,-1,1,0,3,0,6,1,9,0,12,1,15,2,17,2,0,0,0,0,0,0,0,0,0,0]"""
183,"CSI_DATA,182,8c:90:2d:97:93:77,-52,11,1,7,1,0,1,0,1,0,0,-98,0,2,1,6384363,0,83,1,128,0,""[0,0,0,0,0,0,0,0,0,0,0,0,3,-3,4,-5,5,-5,6,-5,7,-6,7,-6,7,-5,7,-5,6,-5,5,-5,5,-4,4,-4,2,-3,0,-2,-2,-1,-4,-1,-6,0,-8,1,-10,2,-11,3,-12,3,-13,3,-14,3,-14,3,-14,2,-12,2,0,0,-8,0,-6,-1,-3,-1,0,-2,3,-3,6,-3,8,-4,10,-4,13,-4,14,-5,14,-4,14,-5,14,-5,13,-5,10,-4,9,-3,7,-3,4,-2,1,-1,-2,0,-4,2,-7,4,-9,6,-11,8,-14,9,-16,10,0,0,0,0,0,0,0,0,0,0]"""
184,"CSI_DATA,183,8c:90:2d:97:93:77,-52,11,1,7,1,0,1,0,1,0,0,-98,0,2,1,6394548,0,83,1,128,0,""[0,0,0,0,0,0,0,0,0,0,0,0,0,4,0,6,0,7,0,8,0,8,0,9,0,9,0,9,0,8,0,7,1,6,1,4,1,3,1,1,1,-2,0,-4,0,-6,-1,-8,-1,-10,-2,-11,-2,-13,-3,-14,-2,-14,-3,-15,-3,-14,-2,-13,0,0,-1,-8,0,-6,1,-3,2,0,3,3,3,5,4,7,5,10,6,11,7,12,8,13,8,12,8,12,8,11,6,9,6,8,4,6,2,4,0,2,-3,0,-5,-1,-8,-3,-11,-4,-13,-4,-17,-5,-19,-6,0,0,0,0,0,0,0,0,0,0]"""
185,"CSI_DATA,184,8c:90:2d:97:93:77,-52,11,1,7,1,0,1,0,1,0,0,-98,0,2,1,6404408,0,83,1,128,0,""[0,0,0,0,0,0,0,0,0,0,0,0,4,0,5,1,7,1,8,1,8,2,8,2,9,1,8,1,8,0,7,0,6,0,5,0,2,-1,1,-1,-1,-2,-3,-2,-5,-2,-8,-2,-9,-2,-11,-2,-13,-1,-14,-1,-14,-1,-14,-1,-14,-2,-12,-1,0,0,-8,-1,-5,-2,-3,-3,0,-2,3,-3,6,-3,9,-4,10,-5,11,-6,13,-6,13,-6,13,-6,13,-6,11,-6,10,-6,8,-5,6,-3,4,-3,2,-1,0,1,-2,4,-3,7,-5,9,-6,12,-7,14,-8,16,0,0,0,0,0,0,0,0,0,0]"""
186,"CSI_DATA,185,8c:90:2d:97:93:77,-52,11,1,7,1,0,1,0,1,0,0,-98,0,2,1,6414513,0,83,1,128,0,""[0,0,0,0,0,0,0,0,0,0,0,0,1,4,2,6,2,6,2,7,3,8,3,8,3,9,3,8,3,7,3,6,2,5,2,4,1,2,1,0,0,-2,-1,-4,-2,-6,-2,-8,-3,-9,-4,-11,-5,-12,-6,-13,-6,-13,-6,-13,-5,-13,-5,-12,0,0,-2,-9,-1,-6,0,-3,2,-1,3,2,4,4,6,7,7,8,9,10,9,10,10,11,10,11,10,10,9,10,8,8,6,7,5,5,3,3,0,2,-3,0,-6,-1,-8,-2,-11,-2,-14,-3,-17,-4,-19,-4,0,0,0,0,0,0,0,0,0,0]"""
187,"CSI_DATA,186,8c:90:2d:97:93:77,-52,11,1,7,1,0,1,0,1,0,0,-98,0,2,1,6424347,0,83,1,128,0,""[0,0,0,0,0,0,0,0,0,0,0,0,-4,-1,-6,-1,-7,-1,-8,-2,-8,-2,-9,-3,-8,-3,-8,-3,-7,-2,-7,-2,-6,-1,-4,-1,-3,0,-1,0,0,0,1,1,2,2,5,3,6,4,8,4,9,5,10,5,10,6,11,6,10,6,8,5,0,0,5,4,3,2,0,1,-1,0,-4,0,-6,-2,-8,-3,-10,-4,-12,-5,-13,-5,-14,-6,-14,-6,-14,-5,-12,-4,-10,-4,-9,-3,-7,-2,-4,-1,-1,0,0,0,3,0,6,0,9,0,12,0,15,0,16,0,0,0,0,0,0,0,0,0,0,0]"""
188,"CSI_DATA,187,8c:90:2d:97:93:77,-52,11,1,7,1,0,1,0,1,0,0,-98,0,2,1,6434474,0,83,1,128,0,""[0,0,0,0,0,0,0,0,0,0,0,0,3,0,5,1,5,1,6,2,7,3,7,3,7,3,6,3,6,2,6,2,5,1,3,0,2,0,1,0,0,-2,-1,-3,-2,-5,-4,-6,-5,-7,-6,-8,-8,-9,-8,-10,-9,-10,-8,-10,-8,-10,-6,-10,0,0,-3,-7,-2,-4,0,-2,0,0,1,1,3,4,4,6,5,8,6,9,7,11,7,11,8,11,7,11,6,10,5,8,4,7,3,4,1,3,0,0,-1,0,-3,-2,-5,-5,-8,-6,-10,-9,-12,-10,-14,-12,0,0,0,0,0,0,0,0,0,0]"""
189,"CSI_DATA,188,8c:90:2d:97:93:77,-51,11,1,7,1,0,1,0,1,0,0,-98,0,2,1,6444418,0,83,1,128,0,""[0,0,0,0,0,0,0,0,0,0,0,0,2,-5,2,-6,3,-7,4,-8,4,-8,4,-9,4,-9,3,-8,3,-8,2,-7,2,-6,1,-5,0,-4,-1,-2,-2,0,-3,2,-4,4,-5,6,-6,7,-6,9,-6,10,-7,11,-7,12,-7,12,-7,11,-7,10,0,0,-5,6,-4,3,-3,0,-2,-2,-1,-5,0,-8,1,-10,1,-12,1,-14,2,-15,2,-16,2,-15,1,-15,1,-14,1,-12,0,-11,0,-8,1,-6,1,-3,2,0,2,4,3,7,4,9,6,12,7,14,9,16,0,0,0,0,0,0,0,0,0,0]"""
190,"CSI_DATA,189,8c:90:2d:97:93:77,-51,11,1,7,1,0,1,0,1,0,0,-98,0,2,1,6454472,0,83,1,128,0,""[0,0,0,0,0,0,0,0,0,0,0,0,-4,2,-5,3,-7,3,-8,4,-8,4,-9,4,-8,4,-8,4,-8,4,-7,4,-6,3,-4,3,-3,2,-1,1,1,0,3,-1,5,-2,6,-4,8,-5,9,-5,10,-7,11,-7,12,-8,11,-7,11,-7,10,-6,0,0,7,-3,5,-1,2,0,0,2,-3,4,-5,5,-7,7,-9,8,-9,9,-11,10,-11,11,-11,11,-10,10,-9,10,-8,9,-7,7,-5,5,-4,3,-2,0,-1,-2,0,-5,1,-9,1,-12,1,-15,2,-18,1,-20,0,0,0,0,0,0,0,0,0,0]"""
191,"CSI_DATA,190,8c:90:2d:97:93:77,-52,11,1,7,1,0,1,0,1,0,0,-98,0,2,1,6464491,0,83,1,128,0,""[0,0,0,0,0,0,0,0,0,0,0,0,1,-5,1,-6,2,-7,2,-8,3,-9,3,-9,3,-9,3,-9,3,-8,2,-8,1,-7,1,-5,0,-4,-2,-2,-3,0,-3,1,-5,3,-6,5,-7,6,-8,8,-9,9,-9,10,-9,10,-9,10,-9,9,-9,8,0,0,-6,5,-5,2,-2,0,-1,-2,1,-5,4,-6,5,-8,7,-10,8,-11,9,-12,9,-13,9,-12,9,-13,8,-11,7,-10,5,-8,4,-6,2,-4,1,-2,0,0,-2,4,-4,7,-4,9,-5,13,-6,15,-7,17,0,0,0,0,0,0,0,0,0,0]"""
192,"CSI_DATA,191,8c:90:2d:97:93:77,-52,11,1,7,1,0,1,0,1,0,0,-98,0,2,1,6474612,0,83,1,128,0,""[0,0,0,0,0,0,0,0,0,0,0,0,-3,-3,-4,-4,-4,-5,-5,-6,-5,-7,-5,-7,-5,-7,-5,-6,-5,-6,-4,-5,-4,-5,-3,-3,-2,-1,-2,0,-1,0,0,2,0,4,1,6,2,7,2,9,3,10,3,11,4,12,4,11,3,11,2,10,0,0,0,6,0,3,0,1,-1,0,-2,-3,-2,-6,-4,-8,-4,-10,-5,-12,-6,-13,-6,-13,-6,-13,-6,-13,-6,-12,-5,-10,-4,-9,-3,-6,-1,-4,0,-1,0,0,2,2,4,4,6,6,8,8,10,10,12,12,0,0,0,0,0,0,0,0,0,0]"""
193,"CSI_DATA,192,8c:90:2d:97:93:77,-52,11,1,7,1,0,1,0,1,0,0,-98,0,2,1,6484616,0,83,1,128,0,""[0,0,0,0,0,0,0,0,0,0,0,0,-2,-3,-3,-5,-4,-5,-4,-6,-4,-7,-5,-7,-5,-7,-5,-7,-4,-7,-4,-5,-4,-5,-3,-3,-2,-2,-1,0,0,0,0,2,1,4,1,5,2,7,3,8,4,9,5,10,6,11,5,11,5,10,4,9,0,0,1,6,0,4,0,1,-2,0,-3,-2,-4,-5,-6,-6,-8,-8,-8,-10,-10,-10,-10,-11,-10,-11,-10,-10,-9,-9,-8,-8,-6,-7,-5,-5,-2,-3,0,-1,0,0,4,0,5,1,9,1,11,2,15,3,16,4,0,0,0,0,0,0,0,0,0,0]"""
194,"CSI_DATA,193,8c:90:2d:97:93:77,-52,11,1,7,1,0,1,0,1,0,0,-98,0,2,1,6494541,0,83,1,128,0,""[0,0,0,0,0,0,0,0,0,0,0,0,0,-4,0,-6,0,-7,0,-8,0,-8,0,-9,0,-8,0,-8,0,-8,0,-7,0,-6,0,-4,-1,-3,-1,-1,-1,0,-1,2,0,4,0,6,0,8,0,9,0,11,0,12,0,13,0,12,0,12,0,11,0,0,0,6,-1,4,-1,1,-2,0,-2,-3,-2,-6,-2,-8,-3,-10,-4,-12,-4,-14,-4,-14,-4,-14,-4,-13,-4,-12,-4,-11,-3,-9,-2,-6,-1,-4,0,-2,1,0,3,1,4,3,7,5,9,7,12,8,14,9,0,0,0,0,0,0,0,0,0,0]"""
195,"CSI_DATA,194,8c:90:2d:97:93:77,-52,11,1,7,1,0,1,0,1,0,0,-98,0,2,1,6504428,0,83,1,128,0,""[0,0,0,0,0,0,0,0,0,0,0,0,0,-4,0,-6,0,-7,0,-8,0,-8,0,-9,0,-9,0,-8,0,-8,0,-7,0,-6,0,-5,0,-3,-1,-1,-1,0,-1,1,-2,4,-2,6,-2,7,-2,9,-2,10,-2,11,-2,12,-2,12,-2,11,-3,10,0,0,-3,6,-2,3,-1,0,-1,-1,-1,-4,0,-6,0,-9,0,-11,0,-13,0,-14,0,-15,-1,-15,0,-14,-1,-13,0,-11,0,-10,0,-7,0,-4,0,-2,1,0,2,2,2,5,5,7,6,10,8,12,10,13,0,0,0,0,0,0,0,0,0,0]"""
196,"CSI_DATA,195,8c:90:2d:97:93:77,-52,11,1,7,1,0,1,0,1,0,0,-98,0,2,1,6514533,0,83,1,128,0,""[0,0,0,0,0,0,0,0,0,0,0,0,4,-2,5,-2,7,-3,7,-3,8,-3,8,-3,8,-3,8,-3,8,-3,7,-3,5,-3,4,-2,2,-2,0,-2,-2,-2,-4,-1,-6,-1,-8,0,-10,0,-11,1,-13,1,-14,1,-14,2,-14,2,-14,1,-13,1,0,0,-8,0,-6,-1,-3,-2,0,-2,4,-3,6,-3,9,-4,10,-4,12,-4,13,-5,14,-5,14,-5,14,-6,13,-5,10,-5,9,-4,7,-3,4,-2,2,-1,-1,1,-3,3,-6,6,-8,7,-9,10,-12,12,-13,13,0,0,0,0,0,0,0,0,0,0]"""
197,"CSI_DATA,196,8c:90:2d:97:93:77,-52,11,1,7,1,0,1,0,1,0,0,-98,0,2,1,6524358,0,83,1,128,0,""[0,0,0,0,0,0,0,0,0,0,0,0,-4,-2,-5,-3,-5,-4,-6,-5,-7,-5,-7,-5,-7,-5,-6,-5,-6,-5,-6,-4,-5,-3,-4,-2,-3,0,-2,0,0,0,0,2,1,4,2,5,3,6,4,8,5,9,6,9,6,11,6,10,5,10,4,9,0,0,2,6,0,4,0,1,-1,0,-2,-2,-4,-5,-5,-7,-6,-9,-7,-10,-8,-12,-8,-12,-8,-12,-8,-11,-8,-10,-7,-9,-5,-8,-4,-5,-2,-3,0,-1,0,0,2,1,4,3,7,5,9,6,12,8,14,9,0,0,0,0,0,0,0,0,0,0]"""
198,"CSI_DATA,197,8c:90:2d:97:93:77,-52,11,1,7,1,0,1,0,1,0,0,-98,0,2,1,6534383,0,83,1,128,0,""[0,0,0,0,0,0,0,0,0,0,0,0,4,-1,6,-1,7,-1,8,0,9,0,9,0,9,0,9,0,8,0,7,0,6,-1,5,-1,3,-1,1,-2,-1,-2,-3,-3,-6,-3,-7,-3,-9,-3,-11,-3,-12,-4,-13,-4,-14,-4,-14,-5,-13,-5,-12,-5,0,0,-8,-4,-5,-3,-2,-2,1,-1,3,-1,6,0,9,1,11,2,13,2,14,2,15,3,14,3,14,2,13,2,11,2,9,1,7,1,4,0,1,0,-2,0,-5,0,-8,1,-11,1,-14,2,-17,2,-19,3,0,0,0,0,0,0,0,0,0,0]"""
199,"CSI_DATA,198,8c:90:2d:97:93:77,-52,11,1,7,1,0,1,0,1,0,0,-98,0,2,1,6544318,0,83,1,128,0,""[0,0,0,0,0,0,0,0,0,0,0,0,0,-5,1,-7,1,-8,2,-9,2,-9,2,-10,2,-10,2,-9,2,-9,1,-8,1,-7,0,-6,-1,-4,-2,-2,-2,0,-3,2,-4,4,-5,6,-6,8,-6,9,-6,11,-7,11,-7,12,-7,12,-7,11,-7,10,0,0,-6,6,-4,3,-3,0,-1,-2,0,-5,2,-7,3,-10,4,-12,5,-13,5,-14,6,-15,5,-15,5,-15,4,-13,4,-12,3,-10,2,-7,2,-6,0,-2,0,1,0,4,-1,8,0,11,0,14,0,16,0,18,0,0,0,0,0,0,0,0,0,0]"""
200,"CSI_DATA,199,8c:90:2d:97:93:77,-52,11,1,7,1,0,1,0,1,0,0,-98,0,2,1,6554402,0,83,1,128,0,""[0,0,0,0,0,0,0,0,0,0,0,0,-5,-3,-6,-4,-7,-5,-7,-5,-8,-6,-8,-6,-8,-6,-8,-6,-8,-5,-7,-5,-6,-4,-5,-3,-4,-1,-3,0,-1,2,1,3,2,4,4,6,5,7,7,8,8,9,9,9,9,10,9,10,9,10,7,9,0,0,4,6,2,4,0,2,-3,0,-4,-2,-6,-5,-8,-6,-9,-8,-11,-9,-12,-10,-12,-11,-13,-11,-12,-10,-11,-9,-10,-8,-9,-7,-7,-5,-4,-4,-2,-2,1,-1,4,0,6,2,10,2,13,3,16,4,18,5,0,0,0,0,0,0,0,0,0,0]"""
201,"CSI_DATA,200,8c:90:2d:97:93:77,-51,11,1,7,1,0,1,0,1,0,0,-98,0,2,1,6564554,0,83,1,128,0,""[0,0,0,0,0,0,0,0,0,0,0,0,-3,-4,-5,-5,-5,-6,-5,-7,-6,-8,-6,-8,-6,-8,-6,-8,-6,-7,-6,-6,-5,-6,-4,-4,-3,-3,-2,-1,-1,1,0,3,2,5,3,6,4,8,5,9,6,9,7,11,7,11,7,11,7,11,6,10,0,0,3,7,2,5,-1,2,-3,0,-4,-3,-6,-5,-7,-7,-9,-8,-11,-10,-11,-10,-12,-11,-12,-11,-12,-10,-11,-9,-10,-8,-8,-7,-7,-5,-4,-3,-1,-3,1,-1,4,0,7,1,10,1,12,2,16,2,18,3,0,0,0,0,0,0,0,0,0,0]"""
202,"CSI_DATA,201,8c:90:2d:97:93:77,-52,11,1,7,1,0,1,0,1,0,1,-98,0,2,1,6574588,0,83,1,128,0,""[0,0,0,0,0,0,0,0,0,0,0,0,0,-5,1,-7,2,-8,2,-8,2,-9,2,-9,2,-9,2,-9,2,-8,1,-8,1,-7,0,-5,-1,-4,-1,-2,-2,0,-2,2,-3,4,-4,7,-4,8,-5,10,-5,11,-5,12,-5,13,-5,12,-5,12,-5,10,0,0,-4,7,-4,3,-3,1,-2,-2,-1,-5,0,-8,0,-10,0,-12,0,-14,0,-15,0,-16,1,-16,0,-15,0,-14,0,-13,0,-10,-1,-8,0,-5,1,-3,1,0,2,3,3,7,5,9,6,11,8,14,9,15,0,0,0,0,0,0,0,0,0,0]"""
203,"CSI_DATA,202,8c:90:2d:97:93:77,-52,11,1,7,1,0,1,0,1,0,1,-98,0,2,1,6584375,0,83,1,128,0,""[0,0,0,0,0,0,0,0,0,0,0,0,-5,-2,-6,-3,-8,-3,-8,-4,-9,-4,-9,-4,-9,-4,-9,-3,-8,-3,-7,-3,-6,-2,-5,-1,-3,-1,-2,0,0,1,2,2,4,3,6,3,8,4,10,4,11,4,12,4,13,4,12,4,12,5,10,4,0,0,7,3,3,3,1,2,-2,1,-5,1,-8,0,-11,0,-12,-1,-14,-1,-15,-1,-16,-1,-16,-1,-16,0,-14,0,-12,0,-10,0,-8,0,-5,0,-2,-1,0,-2,3,-4,6,-5,8,-7,10,-9,13,-10,15,-12,0,0,0,0,0,0,0,0,0,0]"""
204,"CSI_DATA,203,8c:90:2d:97:93:77,-52,11,1,7,1,0,1,0,1,0,1,-98,0,2,1,6594552,0,83,1,128,0,""[0,0,0,0,0,0,0,0,0,0,0,0,-1,-4,-1,-5,-1,-7,-1,-8,-1,-8,-1,-9,-2,-9,-1,-8,-1,-8,-1,-7,-1,-6,-1,-4,-1,-2,-2,0,-1,0,-1,2,-1,4,0,6,-1,8,-1,10,0,11,-1,12,0,12,-1,12,-1,12,-1,10,0,0,-1,6,-1,3,-1,0,-1,-1,0,-4,0,-7,0,-9,0,-11,0,-13,0,-14,0,-15,0,-15,0,-15,0,-13,0,-12,0,-10,0,-7,0,-4,0,-2,0,0,0,3,1,7,2,9,3,11,5,14,5,16,0,0,0,0,0,0,0,0,0,0]"""
205,"CSI_DATA,204,8c:90:2d:97:93:77,-52,11,1,7,1,0,1,0,1,0,1,-98,0,2,1,6604438,0,83,1,128,0,""[0,0,0,0,0,0,0,0,0,0,0,0,0,-4,0,-6,1,-7,1,-7,2,-8,2,-8,2,-8,2,-8,2,-7,1,-7,0,-6,0,-5,0,-3,0,-1,-2,0,-3,0,-3,2,-5,4,-5,6,-6,7,-7,8,-8,10,-8,10,-8,10,-8,9,-7,8,0,0,-5,4,-4,1,-2,0,0,-1,0,-4,2,-6,4,-8,5,-9,6,-11,6,-12,7,-12,7,-12,7,-12,6,-11,4,-10,3,-8,2,-6,1,-4,0,-1,0,0,-1,3,-1,7,-2,9,-2,12,-3,15,-3,17,0,0,0,0,0,0,0,0,0,0]"""
206,"CSI_DATA,205,8c:90:2d:97:93:77,-52,11,1,7,1,0,1,0,1,0,1,-98,0,2,1,6614496,0,83,1,128,0,""[0,0,0,0,0,0,0,0,0,0,0,0,-5,2,-6,2,-7,2,-8,2,-9,3,-9,3,-9,3,-9,3,-8,3,-7,2,-6,2,-5,2,-3,1,-1,1,1,0,3,-1,5,-1,7,-2,8,-3,10,-4,11,-5,12,-5,12,-5,12,-5,12,-5,11,-4,0,0,7,-3,5,-1,2,1,0,1,-4,3,-6,4,-8,6,-10,6,-11,8,-12,9,-12,9,-12,9,-12,9,-11,8,-9,8,-8,6,-6,4,-4,3,-2,0,-1,-1,0,-5,2,-8,2,-11,3,-13,4,-16,4,-18,0,0,0,0,0,0,0,0,0,0]"""
207,"CSI_DATA,206,8c:90:2d:97:93:77,-52,11,1,7,1,0,1,0,1,0,1,-98,0,2,1,6624894,0,83,1,128,0,""[0,0,0,0,0,0,0,0,0,0,0,0,3,-4,4,-5,5,-5,6,-6,7,-6,7,-6,7,-6,6,-6,6,-6,5,-6,4,-5,3,-4,1,-3,0,-2,-2,-1,-3,1,-5,2,-6,4,-8,5,-9,6,-10,7,-11,8,-11,9,-11,9,-11,8,-10,7,0,0,-7,4,-5,1,-3,0,-1,-2,1,-5,3,-7,4,-9,5,-10,6,-12,7,-13,8,-14,7,-14,7,-13,6,-13,5,-11,4,-10,3,-7,2,-5,1,-2,1,1,1,4,0,8,1,10,1,13,2,16,2,18,0,0,0,0,0,0,0,0,0,0]"""
208,"CSI_DATA,207,8c:90:2d:97:93:77,-52,11,1,7,1,0,1,0,1,0,1,-98,0,2,1,6634375,0,83,1,128,0,""[0,0,0,0,0,0,0,0,0,0,0,0,0,-4,0,-6,0,-7,0,-8,0,-8,0,-9,0,-9,0,-8,0,-8,0,-7,0,-6,0,-4,-1,-2,-1,-1,-1,0,-1,2,-1,4,0,6,0,7,0,9,0,11,0,12,0,12,0,12,0,12,0,11,0,0,-1,6,-1,4,-1,1,-2,0,-2,-3,-2,-6,-2,-8,-3,-10,-4,-12,-4,-13,-4,-14,-4,-14,-4,-13,-4,-12,-4,-11,-3,-9,-2,-6,-1,-4,0,-2,1,0,3,1,4,4,7,5,9,7,12,8,14,10,0,0,0,0,0,0,0,0,0,0]"""
209,"CSI_DATA,208,8c:90:2d:97:93:77,-52,11,1,7,1,0,1,0,1,0,1,-98,0,2,1,6644336,0,83,1,128,0,""[0,0,0,0,0,0,0,0,0,0,0,0,2,-5,3,-6,3,-7,4,-7,4,-8,4,-8,5,-8,4,-8,4,-8,3,-7,2,-6,2,-5,0,-4,-1,-2,-2,0,-3,1,-4,3,-5,5,-6,7,-7,8,-7,9,-8,10,-8,11,-8,11,-8,10,-8,9,0,0,-6,5,-4,3,-3,0,-2,-2,0,-5,2,-7,3,-9,3,-11,4,-13,4,-14,4,-15,4,-15,4,-15,3,-13,3,-12,2,-10,2,-7,1,-5,1,-2,1,0,1,4,1,7,2,10,3,13,4,15,5,17,0,0,0,0,0,0,0,0,0,0]"""
210,"CSI_DATA,209,8c:90:2d:97:93:77,-52,11,1,7,1,0,1,0,1,0,1,-98,0,2,1,6654645,0,83,1,128,0,""[0,0,0,0,0,0,0,0,0,0,0,0,-5,-3,-6,-3,-7,-4,-8,-5,-8,-5,-9,-6,-9,-5,-8,-5,-8,-5,-7,-4,-6,-4,-5,-2,-4,-1,-2,0,0,1,2,2,3,4,5,4,7,5,9,6,10,6,11,7,12,7,12,7,11,7,9,6,0,0,5,5,3,4,1,2,-2,0,-5,0,-8,-2,-10,-3,-12,-4,-13,-4,-15,-5,-16,-5,-16,-4,-15,-4,-14,-4,-12,-3,-10,-3,-8,-2,-5,-2,-2,-1,1,-2,4,-2,7,-3,10,-4,12,-5,15,-6,17,-7,0,0,0,0,0,0,0,0,0,0]"""
211,"CSI_DATA,210,8c:90:2d:97:93:77,-52,11,1,7,1,0,1,0,1,0,1,-98,0,2,1,6664390,0,83,1,128,0,""[0,0,0,0,0,0,0,0,0,0,0,0,-4,2,-6,3,-7,3,-8,4,-9,4,-9,4,-9,5,-8,4,-8,4,-7,4,-6,3,-5,2,-3,2,-1,1,1,0,3,-1,5,-2,6,-3,8,-5,10,-5,10,-6,11,-7,12,-7,12,-7,12,-6,11,-6,0,0,7,-3,5,-2,2,0,0,1,-3,3,-5,5,-8,7,-9,8,-10,9,-11,10,-12,10,-12,11,-11,10,-10,10,-9,9,-7,7,-6,5,-4,3,-3,1,-1,-2,0,-5,1,-9,2,-11,2,-15,2,-17,3,-19,0,0,0,0,0,0,0,0,0,0]"""
212,"CSI_DATA,211,8c:90:2d:97:93:77,-52,11,1,7,1,0,1,0,1,0,0,-98,0,2,1,6674931,0,83,1,128,0,""[0,0,0,0,0,0,0,0,0,0,0,0,3,-4,4,-4,5,-5,6,-5,7,-6,7,-6,7,-6,7,-6,6,-5,5,-5,5,-5,3,-4,1,-3,0,-2,-2,-1,-4,0,-6,1,-7,3,-9,4,-11,4,-11,5,-12,6,-13,6,-13,6,-13,5,-12,5,0,0,-8,2,-6,1,-3,-1,0,-2,3,-4,5,-5,7,-7,9,-8,10,-9,11,-9,12,-10,12,-10,11,-10,10,-9,8,-8,7,-7,6,-5,3,-4,1,-2,-1,1,-2,4,-4,7,-5,9,-6,12,-7,14,-8,17,0,0,0,0,0,0,0,0,0,0]"""
213,"CSI_DATA,212,8c:90:2d:97:93:77,-52,11,1,7,1,0,1,0,1,0,0,-98,0,2,1,6684487,0,83,1,128,0,""[0,0,0,0,0,0,0,0,0,0,0,0,-1,-4,-1,-6,-1,-7,-1,-8,-1,-9,-1,-9,-1,-9,-1,-8,-1,-8,-1,-7,-1,-6,-1,-4,-1,-2,-1,-1,-1,0,-1,2,-1,4,-1,6,-1,8,-1,9,0,11,0,12,-1,13,-1,12,-1,12,-1,10,0,0,-1,6,-1,3,-1,0,-1,0,0,-4,0,-7,0,-9,0,-11,0,-13,0,-14,0,-15,0,-15,0,-14,-1,-13,-1,-11,0,-9,0,-7,0,-4,0,-2,0,0,1,2,2,6,3,8,4,11,6,13,7,14,0,0,0,0,0,0,0,0,0,0]"""
214,"CSI_DATA,213,8c:90:2d:97:93:77,-52,11,1,7,1,0,1,0,1,0,0,-98,0,2,1,6694386,0,83,1,128,0,""[0,0,0,0,0,0,0,0,0,0,0,0,-5,2,-6,2,-7,3,-9,3,-9,3,-9,2,-9,2,-9,2,-8,2,-7,2,-7,2,-5,2,-4,2,-1,1,1,1,3,0,5,0,7,-1,9,-2,10,-2,12,-2,13,-2,14,-3,14,-3,13,-2,12,-2,0,0,7,-1,5,0,2,1,-1,1,-5,2,-8,2,-10,3,-12,3,-13,3,-15,4,-15,4,-16,4,-15,4,-14,4,-12,3,-10,3,-8,2,-5,1,-2,0,0,-2,3,-3,5,-5,8,-8,9,-10,12,-11,14,-13,0,0,0,0,0,0,0,0,0,0]"""
215,"CSI_DATA,214,8c:90:2d:97:93:77,-52,11,1,7,1,0,1,0,1,0,0,-98,0,2,1,6704354,0,83,1,128,0,""[0,0,0,0,0,0,0,0,0,0,0,0,-1,4,-2,6,-2,7,-2,8,-3,8,-3,8,-3,8,-3,8,-2,8,-2,7,-1,6,-1,5,0,2,1,1,2,-1,2,-3,3,-5,4,-7,5,-9,5,-10,5,-11,5,-12,6,-13,6,-13,6,-12,5,-11,0,0,4,-7,3,-4,2,-1,1,1,-1,4,-3,6,-4,9,-5,10,-5,12,-5,13,-6,14,-5,14,-5,13,-5,12,-4,11,-4,9,-3,6,-2,4,-2,1,-1,-1,-1,-5,-1,-8,-1,-11,-2,-14,-2,-16,-2,-19,0,0,0,0,0,0,0,0,0,0]"""
216,"CSI_DATA,215,8c:90:2d:97:93:77,-52,11,1,7,1,0,1,0,1,0,0,-98,0,2,1,6714398,0,83,1,128,0,""[0,0,0,0,0,0,0,0,0,0,0,0,3,3,4,5,4,5,4,6,5,7,4,7,4,8,4,7,4,6,4,6,4,5,3,3,2,2,1,0,0,-2,-1,-4,-2,-6,-3,-8,-4,-9,-5,-11,-6,-12,-6,-13,-6,-13,-7,-13,-6,-13,-5,-12,0,0,-3,-8,-2,-6,0,-3,2,0,3,2,4,5,5,7,6,9,7,11,8,12,9,12,9,12,9,12,8,10,7,9,5,7,4,5,2,4,0,1,-3,0,-5,-2,-7,-4,-10,-5,-12,-7,-16,-8,-17,-9,0,0,0,0,0,0,0,0,0,0]"""
217,"CSI_DATA,216,8c:90:2d:97:93:77,-52,11,1,7,1,0,1,0,1,0,0,-98,0,2,1,6726397,0,83,1,128,0,""[0,0,0,0,0,0,0,0,0,0,0,0,3,-3,4,-4,5,-5,7,-5,7,-5,7,-6,7,-6,7,-6,6,-6,5,-5,4,-5,3,-4,1,-3,0,-2,-2,-1,-4,0,-6,2,-7,3,-9,4,-10,5,-11,7,-11,7,-12,8,-12,8,-12,7,-11,6,0,0,-8,3,-5,1,-3,-1,-1,-3,2,-5,4,-7,6,-8,7,-10,8,-11,9,-12,9,-13,9,-13,9,-12,7,-11,6,-11,5,-9,4,-6,2,-4,1,-2,1,1,0,4,-1,7,-1,10,-1,14,-1,16,-1,18,0,0,0,0,0,0,0,0,0,0]"""
218,"CSI_DATA,217,8c:90:2d:97:93:77,-52,11,1,7,1,0,1,0,1,0,0,-98,0,2,1,6734374,0,83,1,128,0,""[0,0,0,0,0,0,0,0,0,0,0,0,4,-1,5,-2,7,-2,8,-2,8,-2,9,-2,8,-2,8,-2,7,-2,7,-2,6,-2,4,-2,2,-2,0,-2,-2,-1,-4,-1,-6,0,-7,1,-9,1,-11,2,-12,2,-13,2,-14,3,-13,3,-13,2,-12,2,0,0,-8,1,-5,-1,-3,-2,0,-2,3,-4,5,-5,7,-6,9,-7,10,-8,11,-9,12,-9,11,-10,11,-9,10,-9,8,-8,7,-7,5,-5,3,-3,2,-1,0,1,-1,4,-2,8,-3,10,-4,13,-4,15,-4,17,0,0,0,0,0,0,0,0,0,0]"""
219,"CSI_DATA,218,8c:90:2d:97:93:77,-52,11,1,7,1,0,1,0,1,0,0,-98,0,2,1,6744436,0,83,1,128,0,""[0,0,0,0,0,0,0,0,0,0,0,0,-2,4,-2,5,-3,6,-4,7,-4,8,-4,8,-4,8,-4,8,-3,7,-3,7,-2,6,-2,4,-1,3,0,1,1,-1,1,-3,2,-5,3,-7,3,-9,4,-11,4,-12,4,-13,4,-14,4,-14,4,-13,4,-12,0,0,3,-8,2,-5,2,-2,2,1,0,4,0,6,0,9,-1,11,0,13,-1,14,0,15,0,15,0,14,0,13,0,12,0,10,0,7,-1,4,-2,2,-3,-1,-4,-4,-5,-7,-7,-9,-9,-11,-11,-13,-13,-15,0,0,0,0,0,0,0,0,0,0]"""
220,"CSI_DATA,219,8c:90:2d:97:93:77,-52,11,1,7,1,0,1,0,1,0,0,-98,0,2,1,6754408,0,83,1,128,0,""[0,0,0,0,0,0,0,0,0,0,0,0,3,3,4,4,5,5,5,5,6,6,6,6,6,6,6,5,6,5,5,4,5,4,3,2,2,1,1,0,-1,-2,-2,-3,-4,-5,-6,-6,-7,-6,-9,-7,-10,-8,-11,-8,-12,-9,-12,-9,-11,-9,-10,-8,0,0,-6,-6,-4,-5,-1,-4,1,-2,4,-1,7,1,9,1,11,2,13,3,14,3,15,3,15,3,14,2,13,2,11,1,10,0,7,1,4,0,2,0,-1,1,-4,2,-7,4,-10,5,-12,7,-15,8,-17,9,0,0,0,0,0,0,0,0,0,0]"""
221,"CSI_DATA,220,8c:90:2d:97:93:77,-52,11,1,7,1,0,1,0,1,0,0,-98,0,2,1,6764466,0,83,1,128,0,""[0,0,0,0,0,0,0,0,0,0,0,0,-3,4,-4,5,-4,6,-5,7,-5,8,-5,8,-5,8,-5,7,-5,7,-4,6,-4,6,-2,4,-1,3,0,1,1,0,3,-1,5,-3,6,-5,7,-6,8,-8,9,-9,10,-9,10,-9,11,-9,11,-8,10,-7,0,0,7,-5,4,-3,2,-1,-1,1,-3,3,-6,4,-8,6,-10,7,-11,7,-12,8,-13,8,-13,9,-13,9,-12,8,-10,7,-8,6,-7,4,-4,3,-2,1,0,-1,3,-4,4,-7,6,-9,7,-12,9,-14,11,-16,0,0,0,0,0,0,0,0,0,0]"""
222,"CSI_DATA,221,8c:90:2d:97:93:77,-52,11,1,7,1,0,1,0,1,0,0,-98,0,2,1,6774632,0,83,1,128,0,""[0,0,0,0,0,0,0,0,0,0,0,0,2,-3,3,-4,4,-5,5,-5,6,-5,6,-5,6,-5,6,-5,5,-5,5,-4,4,-4,2,-3,1,-2,0,-2,-1,-1,-3,0,-5,0,-7,0,-9,0,-10,1,-12,2,-13,1,-13,2,-13,2,-13,1,-11,1,0,0,-7,0,-5,0,-2,0,0,0,2,-1,5,-1,8,-1,10,-2,12,-1,13,-2,14,-2,14,-2,13,-2,12,-2,10,-2,8,-1,6,-1,3,-1,0,0,-1,0,-4,0,-6,2,-8,3,-12,4,-15,5,-17,6,0,0,0,0,0,0,0,0,0,0]"""
223,"CSI_DATA,222,8c:90:2d:97:93:77,-51,11,1,7,1,0,1,0,1,0,0,-98,0,2,1,6784448,0,83,1,128,0,""[0,0,0,0,0,0,0,0,0,0,0,0,4,-2,5,-2,7,-2,8,-2,8,-3,9,-2,9,-2,8,-2,8,-2,7,-2,6,-2,4,-2,3,-2,0,-2,-2,-2,-4,-1,-6,-2,-8,-1,-10,0,-11,0,-13,0,-14,0,-14,1,-15,1,-14,0,-12,0,0,0,-8,-1,-6,-2,-3,-2,1,-2,4,-3,6,-3,9,-3,11,-4,13,-4,14,-4,14,-4,14,-5,14,-5,13,-5,11,-4,9,-3,7,-3,4,-2,2,-1,-1,1,-4,3,-6,5,-8,7,-10,9,-12,11,-14,12,0,0,0,0,0,0,0,0,0,0]"""
224,"CSI_DATA,223,8c:90:2d:97:93:77,-51,11,1,7,1,0,1,0,1,0,0,-98,0,2,1,6794456,0,83,1,128,0,""[0,0,0,0,0,0,0,0,0,0,0,0,0,-5,0,-6,1,-8,1,-8,1,-9,1,-9,1,-9,1,-9,1,-9,1,-8,0,-7,0,-5,-1,-4,-1,-2,-2,1,-3,2,-3,4,-3,6,-4,8,-4,9,-4,11,-5,12,-5,13,-4,12,-5,12,-5,11,0,0,-4,7,-3,4,-2,1,-2,-2,-1,-5,0,-8,1,-10,1,-12,1,-13,1,-15,1,-15,1,-15,1,-15,1,-14,0,-12,0,-10,0,-8,0,-5,0,-2,1,0,2,3,2,7,3,9,4,12,6,14,6,16,0,0,0,0,0,0,0,0,0,0]"""
225,"CSI_DATA,224,8c:90:2d:97:93:77,-51,11,1,7,1,0,1,0,1,0,0,-98,0,2,1,6804964,0,83,1,128,0,""[0,0,0,0,0,0,0,0,0,0,0,0,0,4,0,5,0,7,-1,8,-1,8,0,9,0,9,0,9,0,8,0,7,0,6,0,4,1,3,1,1,1,-2,1,-4,1,-6,1,-8,1,-10,1,-11,1,-13,1,-14,1,-14,1,-14,1,-14,1,-13,0,0,1,-9,1,-5,1,-2,1,0,1,4,1,6,1,9,1,11,1,13,1,14,1,15,1,15,2,14,2,13,1,11,1,10,1,7,0,4,-1,2,-2,-1,-4,-4,-4,-7,-7,-9,-8,-11,-10,-14,-12,-15,0,0,0,0,0,0,0,0,0,0]"""
226,"CSI_DATA,225,8c:90:2d:97:93:77,-52,11,1,7,1,0,1,0,1,0,0,-98,0,2,1,6814456,0,83,1,128,0,""[0,0,0,0,0,0,0,0,0,0,0,0,-1,-4,0,-5,0,-7,0,-8,0,-9,0,-9,0,-9,0,-9,0,-8,0,-7,0,-6,0,-4,-1,-3,-1,-1,-1,0,-1,1,-1,3,-2,6,-2,8,-2,10,-2,11,-2,12,-2,13,-2,12,-3,11,-3,10,0,0,-2,6,-2,3,-1,0,0,0,0,-4,0,-7,0,-9,0,-11,0,-13,1,-14,1,-14,1,-14,1,-14,0,-13,0,-12,0,-10,0,-7,0,-4,0,-1,0,0,0,2,0,6,1,9,1,12,2,15,2,17,0,0,0,0,0,0,0,0,0,0]"""
227,"CSI_DATA,226,8c:90:2d:97:93:77,-52,11,1,7,1,0,1,0,1,0,0,-98,0,2,1,6824597,0,83,1,128,0,""[0,0,0,0,0,0,0,0,0,0,0,0,3,-2,5,-2,5,-2,7,-2,7,-2,7,-2,7,-2,7,-2,6,-2,6,-2,4,-2,3,-2,1,-2,0,-2,-1,-1,-3,-1,-5,-1,-7,0,-9,0,-10,0,-12,0,-13,0,-13,0,-14,0,-13,-1,-11,-1,0,0,-7,-1,-5,-1,-2,-1,0,0,3,0,5,0,8,0,10,0,12,0,13,0,14,0,14,0,13,0,12,0,10,0,8,0,6,0,3,0,0,0,-1,0,-4,0,-7,1,-9,1,-12,2,-15,3,-18,3,0,0,0,0,0,0,0,0,0,0]"""
228,"CSI_DATA,227,8c:90:2d:97:93:77,-52,11,1,7,1,0,1,0,1,0,0,-98,0,2,1,6834435,0,83,1,128,0,""[0,0,0,0,0,0,0,0,0,0,0,0,-5,2,-6,2,-7,3,-8,2,-9,3,-9,3,-9,3,-9,3,-8,2,-7,2,-6,3,-5,2,-3,1,-1,1,1,0,3,0,5,-1,6,-2,9,-3,10,-4,11,-5,12,-5,12,-5,12,-5,12,-5,11,-4,0,0,7,-2,5,-1,2,1,-1,1,-4,3,-6,4,-8,5,-10,6,-11,6,-12,7,-13,8,-13,8,-12,8,-11,7,-10,7,-9,6,-7,4,-4,2,-2,0,-1,-2,1,-4,3,-8,4,-10,5,-13,5,-15,6,-17,0,0,0,0,0,0,0,0,0,0]"""
229,"CSI_DATA,228,8c:90:2d:97:93:77,-52,11,1,7,1,0,1,0,1,0,0,-98,0,2,1,6844449,0,83,1,128,0,""[0,0,0,0,0,0,0,0,0,0,0,0,4,2,5,3,5,4,6,4,7,5,7,5,7,5,7,4,6,4,6,3,5,3,4,1,3,1,1,-1,-1,-2,-2,-4,-4,-4,-6,-5,-8,-6,-9,-7,-11,-7,-11,-8,-12,-8,-12,-8,-11,-9,-9,-8,0,0,-6,-6,-4,-4,-1,-3,1,-1,4,0,6,1,8,2,10,3,12,4,13,4,14,5,14,4,14,4,12,3,11,3,9,2,7,2,4,0,1,1,-2,1,-5,1,-7,2,-11,3,-13,3,-16,4,-18,5,0,0,0,0,0,0,0,0,0,0]"""
230,"CSI_DATA,229,8c:90:2d:97:93:77,-52,11,1,7,1,0,1,0,1,0,0,-98,0,2,1,6854381,0,83,1,128,0,""[0,0,0,0,0,0,0,0,0,0,0,0,2,-4,3,-5,4,-6,5,-7,6,-7,6,-7,6,-7,5,-7,5,-7,4,-6,4,-6,2,-5,1,-3,-1,-2,-2,-1,-4,0,-5,2,-7,4,-8,5,-9,6,-10,7,-11,8,-11,8,-11,9,-11,7,-10,7,0,0,-7,4,-5,2,-3,-1,-1,-2,2,-4,4,-6,6,-8,7,-9,8,-11,9,-12,9,-13,9,-12,9,-12,8,-11,7,-10,6,-9,4,-6,3,-4,1,-2,0,1,-1,4,-2,7,-3,10,-3,13,-3,16,-4,18,0,0,0,0,0,0,0,0,0,0]"""
231,"CSI_DATA,230,8c:90:2d:97:93:77,-52,11,1,7,1,0,1,0,1,0,0,-98,0,2,1,6864352,0,83,1,128,0,""[0,0,0,0,0,0,0,0,0,0,0,0,-1,-4,-1,-5,-1,-7,-1,-7,-1,-8,-1,-9,-1,-8,-1,-8,-1,-8,-1,-7,-1,-6,-1,-4,-1,-2,-1,-1,-1,0,0,2,0,4,0,6,0,8,0,9,0,11,0,12,0,12,0,12,0,12,0,10,0,0,0,7,0,4,-1,1,-2,-1,-2,-3,-2,-6,-3,-8,-3,-10,-4,-12,-5,-13,-5,-14,-5,-14,-5,-13,-5,-12,-4,-10,-3,-9,-3,-6,-1,-4,0,-2,1,0,3,1,4,3,7,5,9,7,11,8,13,9,0,0,0,0,0,0,0,0,0,0]"""
232,"CSI_DATA,231,8c:90:2d:97:93:77,-52,11,1,7,1,0,1,0,1,0,0,-98,0,2,1,6874953,0,83,1,128,0,""[0,0,0,0,0,0,0,0,0,0,0,0,-1,-5,-1,-7,-1,-8,0,-9,-1,-9,0,-10,0,-10,-1,-9,-1,-9,-1,-8,-1,-7,-1,-5,-1,-3,-1,-2,-2,1,-1,3,-2,5,-1,7,-1,9,-1,10,0,12,0,13,0,13,0,14,0,13,0,12,0,0,-1,8,-1,5,-2,2,-3,-1,-3,-4,-4,-7,-4,-9,-5,-11,-6,-13,-7,-14,-7,-15,-7,-15,-7,-14,-7,-13,-6,-11,-5,-10,-4,-7,-2,-5,-1,-3,2,-1,4,2,6,3,9,5,11,6,14,7,16,8,0,0,0,0,0,0,0,0,0,0]"""
233,"CSI_DATA,232,8c:90:2d:97:93:77,-52,11,1,7,1,0,1,0,1,0,0,-98,0,2,1,6884419,0,83,1,128,0,""[0,0,0,0,0,0,0,0,0,0,0,0,4,0,6,0,7,0,8,1,9,1,8,1,9,1,8,1,8,0,7,0,6,0,5,0,2,-1,1,-1,-1,-2,-4,-2,-6,-2,-8,-2,-10,-2,-12,-2,-13,-2,-14,-2,-15,-1,-15,-2,-14,-2,-13,-2,0,0,-8,-2,-6,-3,-2,-3,0,-2,4,-3,6,-3,9,-3,11,-3,12,-4,14,-4,14,-5,14,-5,14,-5,13,-5,11,-5,9,-4,7,-3,4,-2,2,-1,-1,1,-3,3,-5,6,-7,9,-8,11,-10,13,-11,15,0,0,0,0,0,0,0,0,0,0]"""
234,"CSI_DATA,233,8c:90:2d:97:93:77,-52,11,1,7,1,0,1,0,1,0,0,-98,0,2,1,6894606,0,83,1,128,0,""[0,0,0,0,0,0,0,0,0,0,0,0,3,2,5,3,6,4,6,5,7,5,7,5,7,5,7,5,6,4,6,3,5,3,4,2,2,1,1,-1,-1,-2,-2,-3,-4,-4,-6,-5,-8,-6,-10,-6,-11,-6,-12,-7,-13,-7,-13,-8,-12,-8,-11,-7,0,0,-7,-5,-5,-4,-2,-3,1,-2,4,-1,7,0,9,0,11,1,13,1,15,1,15,2,15,1,14,1,13,0,11,0,9,0,7,0,5,-1,1,0,-1,1,-4,2,-7,4,-9,6,-12,8,-14,9,-16,11,0,0,0,0,0,0,0,0,0,0]"""
235,"CSI_DATA,234,8c:90:2d:97:93:77,-52,11,1,7,1,0,1,0,1,0,0,-98,0,2,1,6904349,0,83,1,128,0,""[0,0,0,0,0,0,0,0,0,0,0,0,0,-4,1,-6,2,-6,2,-7,3,-8,3,-8,3,-8,2,-8,2,-7,2,-6,1,-5,0,-4,0,-3,0,-1,-1,0,-3,0,-4,2,-5,4,-5,6,-6,7,-7,8,-8,9,-8,10,-8,10,-8,9,-7,8,0,0,-5,4,-3,2,-2,0,0,-1,0,-4,1,-6,3,-8,4,-10,5,-11,6,-13,6,-13,6,-13,6,-13,5,-12,4,-11,2,-9,1,-6,1,-4,0,-1,0,0,0,3,0,7,0,9,0,12,0,15,0,17,0,0,0,0,0,0,0,0,0,0]"""
236,"CSI_DATA,235,8c:90:2d:97:93:77,-52,11,1,7,1,0,1,0,1,0,0,-98,0,2,1,6914436,0,83,1,128,0,""[0,0,0,0,0,0,0,0,0,0,0,0,-4,-1,-6,-1,-7,-2,-8,-2,-8,-2,-9,-2,-8,-2,-8,-2,-8,-1,-7,-1,-6,-1,-5,0,-3,0,-1,0,0,0,1,2,3,2,5,3,7,3,8,4,10,4,11,4,11,5,11,5,11,5,9,5,0,0,5,3,3,2,0,1,-1,0,-4,0,-6,-1,-9,-2,-11,-3,-13,-3,-14,-4,-15,-5,-14,-4,-14,-3,-13,-3,-11,-2,-9,-2,-7,-1,-4,0,-1,0,0,0,3,0,6,-1,9,-2,12,-2,15,-2,17,-3,0,0,0,0,0,0,0,0,0,0]"""
237,"CSI_DATA,236,8c:90:2d:97:93:77,-52,11,1,7,1,0,1,0,1,0,0,-98,0,2,1,6924857,0,83,1,128,0,""[0,0,0,0,0,0,0,0,0,0,0,0,-5,1,-7,2,-8,2,-9,2,-9,2,-9,2,-9,2,-9,2,-8,3,-7,2,-6,2,-5,2,-3,1,-1,1,1,0,3,-1,5,-2,7,-3,9,-3,10,-4,11,-5,12,-6,12,-6,12,-6,12,-6,11,-5,0,0,8,-3,5,-1,2,0,0,2,-3,4,-5,5,-7,6,-9,8,-10,9,-11,10,-11,10,-11,11,-11,11,-10,10,-8,9,-7,7,-5,5,-4,3,-3,1,-2,-2,-1,-5,0,-8,1,-12,1,-14,0,-17,1,-19,0,0,0,0,0,0,0,0,0,0]"""
238,"CSI_DATA,237,8c:90:2d:97:93:77,-52,11,1,7,1,0,1,0,1,0,0,-98,0,2,1,6934410,0,83,1,128,0,""[0,0,0,0,0,0,0,0,0,0,0,0,-4,2,-6,3,-7,3,-8,4,-9,4,-9,4,-8,4,-8,4,-7,4,-7,4,-6,3,-5,2,-3,2,-1,1,1,0,3,-1,4,-2,6,-4,8,-5,9,-6,10,-7,10,-8,11,-9,11,-8,10,-8,10,-7,0,0,6,-4,4,-2,2,0,0,2,-2,4,-4,6,-6,8,-7,9,-8,11,-9,12,-9,12,-9,13,-8,12,-7,11,-7,10,-6,9,-4,6,-3,4,-2,1,-2,-2,-1,-5,-1,-8,-1,-11,-2,-15,-2,-17,-3,-19,0,0,0,0,0,0,0,0,0,0]"""
239,"CSI_DATA,238,8c:90:2d:97:93:77,-52,11,1,7,1,0,1,0,1,0,0,-98,0,2,1,6944363,0,83,1,128,0,""[0,0,0,0,0,0,0,0,0,0,0,0,-2,-5,-2,-6,-3,-8,-3,-8,-3,-9,-3,-9,-3,-9,-3,-9,-3,-8,-3,-7,-3,-6,-3,-5,-2,-3,-2,-1,-1,1,0,3,1,5,2,7,2,8,3,10,4,11,5,12,5,12,5,13,4,12,4,11,0,0,2,7,1,5,-1,3,-3,-1,-4,-3,-6,-5,-7,-7,-9,-9,-10,-10,-11,-11,-11,-11,-12,-11,-11,-10,-11,-10,-10,-8,-8,-7,-7,-6,-4,-3,-1,-2,2,-1,5,0,7,0,10,0,13,0,16,0,18,0,0,0,0,0,0,0,0,0,0,0]"""
240,"CSI_DATA,239,8c:90:2d:97:93:77,-52,11,1,7,1,0,1,0,1,0,0,-98,0,2,1,6954421,0,83,1,128,0,""[0,0,0,0,0,0,0,0,0,0,0,0,4,0,6,1,7,1,8,2,9,2,9,2,8,2,8,2,8,2,7,2,6,1,5,0,3,-1,1,-2,-1,-2,-3,-3,-5,-4,-7,-5,-8,-5,-10,-6,-12,-6,-12,-7,-13,-7,-13,-7,-13,-7,-11,-7,0,0,-7,-5,-5,-4,-2,-3,2,-1,4,0,6,2,9,2,11,3,13,4,14,4,14,5,14,4,14,4,13,4,11,3,9,3,7,2,4,1,1,0,-2,0,-5,0,-8,0,-11,1,-14,1,-17,2,-20,2,0,0,0,0,0,0,0,0,0,0]"""
241,"CSI_DATA,240,8c:90:2d:97:93:77,-52,11,1,7,1,0,1,0,1,0,0,-98,0,2,1,6964961,0,83,1,128,0,""[0,0,0,0,0,0,0,0,0,0,0,0,-3,-5,-4,-6,-4,-7,-4,-8,-4,-9,-4,-9,-4,-9,-4,-9,-4,-8,-4,-7,-4,-6,-3,-5,-3,-3,-2,-1,-2,1,-1,3,0,5,0,7,0,9,1,10,1,12,1,13,2,14,2,13,2,13,1,12,0,0,-1,8,-1,5,-1,1,-2,-1,-2,-5,-2,-8,-3,-10,-3,-12,-4,-14,-4,-15,-4,-16,-5,-16,-4,-15,-4,-14,-4,-13,-3,-10,-3,-8,-1,-5,0,-3,1,0,3,3,3,6,6,8,8,11,10,13,11,15,0,0,0,0,0,0,0,0,0,0]"""
242,"CSI_DATA,241,8c:90:2d:97:93:77,-52,11,1,7,1,0,1,0,1,0,0,-98,0,2,1,6975753,0,83,1,128,0,""[0,0,0,0,0,0,0,0,0,0,0,0,-5,0,-6,0,-7,0,-8,-1,-8,-1,-9,-1,-9,-1,-8,-1,-8,-1,-7,-1,-6,0,-5,0,-3,0,-1,0,0,1,1,2,3,2,5,3,6,4,7,5,9,5,9,6,10,7,10,6,9,7,7,6,0,0,4,4,2,2,0,0,-1,0,-3,-2,-5,-4,-7,-6,-9,-7,-10,-8,-11,-9,-11,-10,-11,-10,-11,-9,-10,-8,-9,-7,-7,-6,-6,-4,-3,-3,-1,-1,0,0,3,0,5,2,8,4,10,5,13,7,15,7,0,0,0,0,0,0,0,0,0,0]"""
243,"CSI_DATA,242,8c:90:2d:97:93:77,-52,11,1,7,1,0,1,0,1,0,0,-98,0,2,1,6984458,0,83,1,128,0,""[0,0,0,0,0,0,0,0,0,0,0,0,1,3,2,4,2,5,2,6,2,7,2,7,2,7,2,7,2,6,2,5,2,4,1,3,1,1,1,0,0,-1,0,-3,0,-5,0,-7,0,-9,0,-11,0,-12,0,-13,0,-14,0,-14,0,-13,0,-12,0,0,0,-7,0,-4,0,-1,0,0,0,3,0,6,0,8,0,10,0,12,0,13,-1,14,0,14,0,13,0,12,0,11,0,9,0,6,0,3,0,1,0,-1,-1,-4,-1,-8,-2,-10,-2,-13,-3,-16,-3,-18,0,0,0,0,0,0,0,0,0,0]"""
244,"CSI_DATA,243,8c:90:2d:97:93:77,-51,11,1,7,1,0,1,0,1,0,0,-98,0,2,1,6994411,0,83,1,128,0,""[0,0,0,0,0,0,0,0,0,0,0,0,-3,-5,-4,-6,-4,-6,-5,-8,-5,-8,-5,-8,-5,-8,-5,-8,-5,-7,-5,-7,-4,-6,-4,-4,-3,-3,-2,-1,-1,1,-1,3,1,5,2,7,2,8,4,9,4,11,5,11,5,13,5,12,4,12,3,11,0,0,1,7,1,5,-1,2,-3,-1,-4,-3,-5,-6,-6,-8,-7,-10,-8,-11,-9,-13,-9,-13,-9,-13,-9,-12,-9,-11,-8,-10,-6,-9,-6,-6,-3,-4,-1,-3,1,-1,4,1,6,3,8,4,12,6,15,6,16,7,0,0,0,0,0,0,0,0,0,0]"""
245,"CSI_DATA,244,8c:90:2d:97:93:77,-51,11,1,7,1,0,1,0,1,0,0,-98,0,2,1,7004396,0,83,1,128,0,""[0,0,0,0,0,0,0,0,0,0,0,0,1,4,2,5,2,6,2,7,3,8,2,8,3,8,3,7,3,7,3,6,2,5,2,4,1,2,1,0,1,-2,-1,-4,-1,-6,-2,-8,-3,-9,-4,-11,-5,-11,-6,-13,-5,-14,-6,-13,-5,-13,-4,-12,0,0,-2,-8,-2,-6,0,-3,2,0,3,2,4,5,5,6,7,8,8,10,9,11,9,11,10,11,10,10,9,9,8,8,6,7,5,5,2,3,0,2,-2,0,-5,-1,-8,-2,-11,-3,-14,-4,-17,-4,-19,-5,0,0,0,0,0,0,0,0,0,0]"""
246,"CSI_DATA,245,8c:90:2d:97:93:77,-51,11,1,7,1,0,1,0,1,0,0,-98,0,2,1,7014403,0,83,1,128,0,""[0,0,0,0,0,0,0,0,0,0,0,0,4,2,5,2,6,3,6,4,7,4,7,4,7,4,7,4,7,4,6,3,5,2,4,1,3,0,1,-1,-1,-2,-3,-3,-4,-4,-6,-5,-8,-6,-10,-6,-11,-7,-12,-7,-12,-8,-12,-8,-12,-8,-10,-7,0,0,-7,-5,-4,-4,-2,-3,1,-1,4,-1,6,1,9,1,11,2,12,2,14,3,14,3,15,2,14,2,13,2,11,1,9,0,8,0,4,0,1,1,-2,1,-5,2,-7,3,-10,4,-13,5,-15,6,-18,7,0,0,0,0,0,0,0,0,0,0]"""
247,"CSI_DATA,246,8c:90:2d:97:93:77,-52,11,1,7,1,0,1,0,1,0,0,-98,0,2,1,7024509,0,83,1,128,0,""[0,0,0,0,0,0,0,0,0,0,0,0,-1,4,-1,5,-2,7,-2,8,-2,9,-2,9,-2,8,-2,8,-2,8,-1,7,-2,6,-1,4,0,3,1,1,1,-2,2,-3,2,-5,2,-8,3,-9,3,-11,3,-12,3,-13,4,-14,4,-14,4,-13,3,-12,0,0,3,-8,2,-5,1,-2,1,1,0,4,-1,7,-1,9,-2,11,-1,13,-2,14,-2,15,-2,15,-1,14,-1,13,-1,12,-1,10,-1,7,-1,4,-1,2,-2,-1,-3,-4,-4,-8,-5,-10,-6,-13,-8,-15,-9,-17,0,0,0,0,0,0,0,0,0,0]"""
248,"CSI_DATA,247,8c:90:2d:97:93:77,-52,11,1,7,1,0,1,0,1,0,0,-98,0,2,1,7034482,0,83,1,128,0,""[0,0,0,0,0,0,0,0,0,0,0,0,4,2,5,2,6,3,7,4,7,4,7,4,7,5,7,4,7,4,6,3,5,2,4,1,3,0,1,-1,0,-2,-2,-4,-4,-5,-6,-6,-7,-7,-9,-8,-10,-9,-11,-9,-11,-9,-11,-9,-11,-9,-9,-9,0,0,-6,-6,-4,-5,-1,-3,2,-1,4,1,6,2,8,4,10,5,12,6,12,7,13,7,13,6,13,6,12,5,10,5,8,4,6,3,4,1,1,1,-2,0,-5,0,-8,-1,-11,0,-14,0,-17,0,-19,0,0,0,0,0,0,0,0,0,0,0]"""
249,"CSI_DATA,248,8c:90:2d:97:93:77,-51,11,1,7,1,0,1,0,1,0,0,-98,0,2,1,7044390,0,83,1,128,0,""[0,0,0,0,0,0,0,0,0,0,0,0,-4,-3,-5,-4,-6,-5,-7,-6,-7,-6,-7,-7,-7,-7,-7,-6,-7,-6,-7,-5,-6,-4,-5,-3,-4,-2,-2,0,-1,1,1,3,2,4,4,6,5,7,6,8,7,8,8,9,9,10,9,10,8,10,7,9,0,0,4,6,2,4,0,2,-3,0,-4,-2,-6,-4,-8,-6,-10,-7,-11,-9,-12,-9,-13,-10,-13,-9,-13,-9,-12,-8,-10,-7,-9,-6,-7,-5,-4,-3,-2,-2,1,-1,4,0,6,1,10,1,13,1,16,1,18,2,0,0,0,0,0,0,0,0,0,0]"""
250,"CSI_DATA,249,8c:90:2d:97:93:77,-52,11,1,7,1,0,1,0,1,0,0,-98,0,2,1,7054379,0,83,1,128,0,""[0,0,0,0,0,0,0,0,0,0,0,0,4,-1,6,-1,7,-1,8,-1,9,-1,9,0,9,0,8,0,8,-1,7,-1,6,-1,4,-1,3,-1,1,-2,-2,-2,-3,-2,-6,-3,-8,-2,-10,-2,-11,-2,-13,-2,-14,-2,-14,-2,-14,-2,-14,-3,-12,-2,0,0,-8,-3,-5,-3,-3,-3,1,-2,4,-2,7,-2,9,-2,11,-2,13,-1,14,-1,15,-1,15,-2,14,-2,13,-2,11,-2,9,-2,7,-1,4,-1,1,-1,-2,1,-4,2,-7,4,-9,6,-12,7,-14,8,-16,10,0,0,0,0,0,0,0,0,0,0]"""
251,"CSI_DATA,250,8c:90:2d:97:93:77,-51,11,1,7,1,0,1,0,1,0,0,-98,0,2,1,7064575,0,83,1,128,0,""[0,0,0,0,0,0,0,0,0,0,0,0,3,-4,4,-5,5,-5,6,-6,6,-6,7,-6,7,-6,6,-6,6,-6,5,-6,4,-5,3,-4,1,-3,-1,-2,-2,-1,-4,0,-5,1,-7,3,-8,4,-10,5,-11,6,-12,7,-12,7,-12,7,-12,7,-11,6,0,0,-8,3,-5,1,-3,-1,-1,-2,2,-4,5,-6,6,-8,8,-9,9,-10,10,-11,10,-11,10,-11,10,-11,9,-11,7,-10,6,-8,4,-6,3,-4,1,-2,0,1,-1,4,-2,7,-3,10,-4,13,-4,15,-5,18,0,0,0,0,0,0,0,0,0,0]"""
252,"CSI_DATA,251,8c:90:2d:97:93:77,-52,11,1,7,1,0,1,0,1,0,1,-98,0,2,1,7074519,0,83,1,128,0,""[0,0,0,0,0,0,0,0,0,0,0,0,-2,4,-3,5,-3,7,-4,7,-4,8,-4,8,-4,8,-4,8,-4,7,-4,7,-3,6,-2,5,-1,3,0,1,2,0,3,-2,5,-3,5,-5,7,-7,8,-8,9,-9,9,-10,10,-10,10,-10,10,-9,9,-8,0,0,6,-5,4,-3,2,-1,-1,1,-3,3,-6,4,-8,6,-9,7,-11,9,-12,9,-12,10,-12,10,-12,10,-11,9,-9,8,-8,6,-6,5,-4,3,-2,1,0,-1,2,-4,4,-7,6,-10,7,-12,9,-14,10,-16,0,0,0,0,0,0,0,0,0,0]"""
253,"CSI_DATA,252,8c:90:2d:97:93:77,-52,11,1,7,1,0,1,0,1,0,1,-98,0,2,1,7084351,0,83,1,128,0,""[0,0,0,0,0,0,0,0,0,0,0,0,3,-4,4,-5,4,-7,5,-7,6,-7,6,-7,6,-7,6,-7,5,-7,5,-6,4,-6,2,-5,1,-4,-1,-3,-2,-1,-5,-1,-7,1,-8,2,-9,3,-11,4,-12,4,-13,5,-13,5,-14,5,-13,4,-12,3,0,0,-8,1,-6,0,-3,-1,1,-2,3,-2,6,-3,8,-4,10,-4,12,-5,14,-5,14,-5,14,-6,14,-6,13,-5,11,-5,8,-4,7,-3,4,-2,1,-1,-2,0,-5,2,-7,4,-9,6,-12,8,-14,9,-16,10,0,0,0,0,0,0,0,0,0,0]"""
254,"CSI_DATA,253,8c:90:2d:97:93:77,-52,11,1,7,1,0,1,0,1,0,1,-98,0,2,1,7094434,0,83,1,128,0,""[0,0,0,0,0,0,0,0,0,0,0,0,4,-3,5,-3,6,-4,7,-4,7,-4,8,-4,8,-5,7,-5,7,-4,6,-4,5,-4,4,-3,2,-3,0,-2,-2,-1,-4,0,-6,0,-8,2,-9,3,-10,4,-12,4,-13,5,-13,5,-13,5,-13,4,-12,4,0,0,-8,2,-6,0,-3,-1,-1,-2,2,-4,5,-6,7,-7,9,-8,9,-9,11,-10,11,-10,11,-10,10,-10,9,-9,8,-9,7,-7,5,-5,3,-4,2,-1,0,1,-1,4,-3,7,-3,10,-4,13,-5,15,-5,17,0,0,0,0,0,0,0,0,0,0]"""
255,"CSI_DATA,254,8c:90:2d:97:93:77,-52,11,1,7,1,0,1,0,1,0,1,-98,0,2,1,7104503,0,83,1,128,0,""[0,0,0,0,0,0,0,0,0,0,0,0,2,3,3,4,3,5,4,7,4,7,4,7,4,7,4,7,4,6,4,5,3,5,3,3,2,2,1,0,0,-2,-1,-4,-2,-6,-4,-7,-5,-9,-6,-10,-7,-11,-7,-11,-8,-12,-8,-12,-7,-12,-6,-11,0,0,-4,-8,-2,-6,0,-3,2,0,3,1,5,4,7,6,8,7,10,8,11,9,11,10,11,9,11,9,11,8,9,7,7,6,6,4,3,2,0,1,-2,0,-5,-1,-8,-1,-11,-2,-14,-2,-17,-2,-19,-2,0,0,0,0,0,0,0,0,0,0]"""
256,"CSI_DATA,255,8c:90:2d:97:93:77,-52,11,1,7,1,0,1,0,1,0,1,-98,0,2,1,7114347,0,83,1,128,0,""[0,0,0,0,0,0,0,0,0,0,0,0,-4,3,-5,4,-5,5,-7,5,-7,5,-7,6,-7,6,-7,6,-7,5,-5,5,-5,4,-4,3,-2,2,-1,1,1,0,2,-2,4,-3,5,-5,7,-6,8,-7,9,-8,10,-9,10,-9,10,-9,10,-9,9,-8,0,0,6,-5,4,-3,2,0,0,1,-2,4,-4,6,-6,7,-7,9,-8,10,-9,11,-9,12,-9,12,-9,12,-8,11,-7,9,-6,8,-5,5,-3,4,-2,1,-1,-2,-1,-5,1,-8,0,-11,0,-14,0,-16,0,-19,0,0,0,0,0,0,0,0,0,0]"""
257,"CSI_DATA,256,8c:90:2d:97:93:77,-52,11,1,7,1,0,1,0,1,0,1,-98,0,2,1,7124443,0,83,1,128,0,""[0,0,0,0,0,0,0,0,0,0,0,0,0,-4,0,-6,0,-7,0,-8,0,-9,0,-9,0,-9,0,-9,0,-8,0,-7,0,-6,-1,-5,-1,-3,-1,-1,-1,0,-2,1,-2,3,-2,6,-3,7,-3,9,-3,10,-4,11,-4,12,-4,12,-4,11,-4,10,0,0,-3,6,-2,3,-1,0,0,-1,0,-4,0,-7,1,-9,2,-10,3,-12,3,-14,4,-14,4,-14,3,-14,3,-12,2,-11,1,-9,1,-7,0,-4,0,-1,0,0,0,3,0,7,0,10,0,13,0,15,0,17,0,0,0,0,0,0,0,0,0,0]"""
258,"CSI_DATA,257,8c:90:2d:97:93:77,-52,11,1,7,1,0,1,0,1,0,1,-98,0,2,1,7135136,0,83,1,128,0,""[0,0,0,0,0,0,0,0,0,0,0,0,-3,4,-4,5,-5,6,-6,6,-6,7,-7,7,-6,7,-6,6,-6,6,-5,6,-4,5,-3,4,-2,3,0,2,1,0,3,-1,5,-2,7,-4,8,-5,9,-6,10,-7,11,-8,11,-8,11,-8,11,-7,10,-7,0,0,7,-4,5,-2,2,0,-1,1,-3,3,-6,4,-8,5,-10,6,-12,7,-13,8,-13,8,-13,9,-13,8,-12,8,-10,7,-8,6,-7,4,-4,3,-2,1,0,-1,2,-4,4,-7,6,-10,8,-12,9,-14,11,-16,0,0,0,0,0,0,0,0,0,0]"""
259,"CSI_DATA,258,8c:90:2d:97:93:77,-51,11,1,7,1,0,1,0,1,0,1,-98,0,2,1,7144314,0,83,1,128,0,""[0,0,0,0,0,0,0,0,0,0,0,0,-4,-3,-6,-4,-7,-4,-7,-6,-8,-6,-8,-6,-8,-6,-8,-5,-7,-5,-7,-4,-6,-4,-5,-3,-4,-1,-2,0,0,1,2,2,3,3,6,4,7,5,9,6,10,6,11,6,12,7,12,6,11,7,10,6,0,0,6,4,3,3,0,3,-2,1,-5,0,-8,-1,-10,-2,-12,-2,-13,-2,-15,-3,-16,-3,-16,-2,-16,-2,-14,-2,-13,-1,-10,-1,-8,-1,-5,-1,-3,-1,0,-2,3,-3,6,-5,8,-7,11,-8,13,-10,15,-11,0,0,0,0,0,0,0,0,0,0]"""
260,"CSI_DATA,259,8c:90:2d:97:93:77,-51,11,1,7,1,0,1,0,1,0,1,-98,0,2,1,7154514,0,83,1,128,0,""[0,0,0,0,0,0,0,0,0,0,0,0,-3,4,-3,5,-5,6,-5,6,-5,7,-6,7,-6,7,-5,7,-5,7,-4,6,-4,6,-3,4,-1,3,0,1,1,-1,2,-3,3,-5,4,-7,5,-8,5,-10,6,-11,6,-12,6,-13,6,-13,6,-12,6,-11,0,0,5,-7,3,-4,2,-1,1,1,0,4,-1,7,-2,9,-2,11,-2,13,-3,14,-3,15,-3,15,-2,14,-2,13,-2,12,-1,9,-1,7,-2,5,-2,2,-2,-1,-4,-4,-4,-7,-6,-10,-7,-12,-9,-14,-11,-16,0,0,0,0,0,0,0,0,0,0]"""
261,"CSI_DATA,260,8c:90:2d:97:93:77,-52,11,1,7,1,0,1,0,1,0,1,-98,0,2,1,7164862,0,83,1,128,0,""[0,0,0,0,0,0,0,0,0,0,0,0,4,-3,5,-3,6,-3,7,-4,8,-4,9,-4,8,-3,8,-3,7,-3,6,-3,6,-3,4,-3,2,-3,0,-2,-2,-2,-4,-2,-6,-1,-8,0,-10,0,-12,0,-13,1,-14,1,-14,1,-14,1,-14,0,-13,0,0,0,-8,-1,-6,-1,-3,-2,0,-2,3,-2,6,-3,9,-3,11,-3,13,-3,14,-3,15,-4,15,-4,14,-4,13,-4,11,-3,9,-3,7,-2,4,-2,1,-1,-2,0,-4,2,-7,4,-9,6,-12,8,-14,9,-16,11,0,0,0,0,0,0,0,0,0,0]"""
262,"CSI_DATA,261,8c:90:2d:97:93:77,-51,11,1,6,1,0,1,0,1,0,1,-98,0,2,1,7165341,0,83,1,128,0,""[0,0,0,0,0,0,0,0,0,0,0,0,2,4,2,5,3,6,3,7,3,8,3,8,3,8,3,7,3,7,3,6,2,5,2,4,2,2,1,0,1,-2,0,-4,-1,-6,-1,-8,-2,-10,-2,-11,-3,-13,-3,-14,-3,-15,-3,-15,-3,-14,-2,-13,0,0,-1,-8,-1,-5,0,-3,1,0,2,3,2,6,2,8,3,10,4,13,4,14,4,15,4,15,4,14,4,13,3,11,3,9,2,6,0,4,0,2,-2,-1,-4,-4,-5,-6,-7,-9,-9,-11,-11,-13,-14,-15,0,0,0,0,0,0,0,0,0,0]"""
263,"CSI_DATA,262,8c:90:2d:97:93:77,-52,11,1,7,1,0,1,0,1,0,0,-98,0,2,1,7174798,0,83,1,128,0,""[0,0,0,0,0,0,0,0,0,0,0,0,-1,-4,-1,-6,-1,-7,-1,-8,-1,-8,-1,-9,-1,-9,-1,-8,-1,-8,-1,-7,-1,-6,-1,-4,-1,-2,-1,0,-1,0,-1,2,-1,4,-1,6,-1,8,-1,9,-1,11,0,12,-1,12,0,12,-1,11,-1,11,0,0,-1,6,-1,3,-1,0,-1,0,0,-4,0,-7,0,-9,0,-11,0,-13,0,-14,0,-15,0,-15,0,-14,0,-13,-1,-12,0,-10,-1,-7,0,-4,0,-2,0,0,1,2,2,6,3,8,4,11,7,13,7,14,0,0,0,0,0,0,0,0,0,0]"""
264,"CSI_DATA,263,8c:90:2d:97:93:77,-52,11,1,7,1,0,1,0,1,0,0,-98,0,2,1,7184821,0,83,1,128,0,""[0,0,0,0,0,0,0,0,0,0,0,0,1,2,2,3,3,5,3,6,3,6,3,7,3,7,3,6,3,6,3,5,3,4,2,3,1,1,0,0,0,-1,0,-3,0,-5,-1,-7,-2,-8,-3,-10,-3,-11,-4,-12,-4,-13,-4,-13,-3,-13,-2,-11,0,0,-1,-7,0,-5,0,-2,0,0,1,2,2,5,3,7,3,9,5,11,5,12,5,13,5,13,5,12,5,11,4,10,3,8,2,5,0,3,0,0,-1,0,-4,-2,-5,-5,-7,-7,-9,-8,-12,-10,-14,-12,0,0,0,0,0,0,0,0,0,0]"""
265,"CSI_DATA,264,8c:90:2d:97:93:77,-52,11,1,7,1,0,1,0,1,0,0,-98,0,2,1,7194468,0,83,1,128,0,""[0,0,0,0,0,0,0,0,0,0,0,0,-4,-1,-5,-2,-6,-3,-7,-3,-7,-3,-8,-4,-8,-4,-7,-4,-7,-3,-6,-3,-5,-2,-4,-1,-3,0,-1,0,0,1,0,2,2,3,4,4,5,5,6,6,8,7,8,8,9,8,8,8,8,8,6,8,0,0,3,5,1,3,0,1,-1,0,-3,-2,-5,-4,-6,-6,-8,-7,-10,-8,-11,-10,-11,-10,-11,-10,-11,-9,-10,-8,-9,-7,-7,-6,-5,-4,-3,-2,-1,-1,0,0,3,0,5,1,8,2,11,3,14,4,16,6,0,0,0,0,0,0,0,0,0,0]"""
266,"CSI_DATA,265,8c:90:2d:97:93:77,-52,11,1,7,1,0,1,0,1,0,0,-98,0,2,1,7204395,0,83,1,128,0,""[0,0,0,0,0,0,0,0,0,0,0,0,-4,-2,-5,-3,-6,-3,-6,-4,-7,-5,-7,-5,-7,-5,-7,-4,-6,-4,-6,-4,-5,-3,-4,-2,-3,0,-2,0,0,1,0,2,1,4,3,5,4,6,5,7,6,8,7,9,8,9,7,9,7,9,6,9,0,0,3,5,1,3,0,1,-2,0,-3,-2,-4,-4,-6,-6,-8,-8,-9,-9,-10,-11,-10,-11,-10,-11,-10,-10,-9,-9,-8,-8,-6,-7,-5,-5,-3,-3,0,-1,0,0,3,0,5,2,8,3,10,4,13,6,15,7,0,0,0,0,0,0,0,0,0,0]"""
267,"CSI_DATA,266,8c:90:2d:97:93:77,-52,11,1,7,1,0,1,0,1,0,0,-98,0,2,1,7214566,0,83,1,128,0,""[0,0,0,0,0,0,0,0,0,0,0,0,1,4,1,5,2,7,2,8,2,8,2,9,2,9,2,8,2,7,2,7,2,6,1,4,1,2,1,0,1,-2,0,-4,-1,-6,-2,-8,-2,-10,-3,-11,-4,-13,-4,-13,-5,-14,-5,-14,-4,-14,-3,-13,0,0,-2,-9,-1,-6,0,-3,2,0,2,3,4,5,5,8,6,10,7,11,8,12,8,13,8,13,8,12,8,11,7,9,5,8,4,6,2,4,0,2,-3,0,-6,-2,-7,-3,-10,-4,-13,-6,-16,-7,-19,-8,0,0,0,0,0,0,0,0,0,0]"""
268,"CSI_DATA,267,8c:90:2d:97:93:77,-52,11,1,7,1,0,1,0,1,0,0,-98,0,2,1,7224519,0,83,1,128,0,""[0,0,0,0,0,0,0,0,0,0,0,0,-5,0,-7,0,-8,0,-9,0,-10,0,-10,-1,-10,-1,-10,-1,-9,0,-8,0,-7,0,-6,0,-4,0,-2,1,1,1,3,1,5,1,7,1,9,0,10,0,12,0,13,0,14,0,14,0,13,0,12,0,0,0,7,1,5,1,2,1,-1,1,-5,2,-7,2,-10,2,-12,2,-14,2,-15,3,-15,3,-16,4,-15,4,-14,4,-12,3,-10,3,-8,2,-5,1,-3,0,0,-2,2,-4,5,-7,7,-9,8,-11,10,-13,12,-15,0,0,0,0,0,0,0,0,0,0]"""
269,"CSI_DATA,268,8c:90:2d:97:93:77,-52,11,1,7,1,0,1,0,1,0,0,-98,0,2,1,7234502,0,83,1,128,0,""[0,0,0,0,0,0,0,0,0,0,0,0,4,-1,5,-1,7,-1,8,-1,9,-1,9,-2,9,-1,8,-1,8,-2,7,-1,6,-2,4,-2,2,-2,1,-2,-2,-2,-4,-2,-6,-2,-8,-1,-10,-1,-11,0,-13,0,-14,0,-15,0,-14,1,-14,0,-13,0,0,0,-8,-1,-6,-2,-2,-2,0,-2,4,-3,6,-3,9,-4,11,-4,12,-5,13,-5,14,-5,14,-6,14,-6,13,-5,11,-5,9,-4,7,-3,4,-3,1,-1,-1,1,-3,3,-5,6,-7,8,-9,10,-11,12,-12,14,0,0,0,0,0,0,0,0,0,0]"""
270,"CSI_DATA,269,8c:90:2d:97:93:77,-52,11,1,7,1,0,1,0,1,0,0,-98,0,2,1,7244418,0,83,1,128,0,""[0,0,0,0,0,0,0,0,0,0,0,0,0,3,0,5,0,6,-1,7,-1,7,-1,7,0,8,0,7,0,7,0,6,0,5,0,3,0,2,0,0,0,0,0,-2,0,-5,1,-7,1,-9,1,-10,1,-12,1,-12,1,-14,1,-13,1,-13,1,-11,0,0,1,-7,0,-4,0,-1,0,0,0,3,0,6,0,8,0,10,0,12,0,13,0,14,0,14,0,13,0,12,0,10,0,8,0,6,0,3,0,1,-1,0,-2,-3,-4,-6,-5,-8,-7,-11,-9,-13,-11,-15,0,0,0,0,0,0,0,0,0,0]"""
271,"CSI_DATA,270,8c:90:2d:97:93:77,-52,11,1,7,1,0,1,0,1,0,0,-97,0,2,1,7254431,0,83,1,128,0,""[0,0,0,0,0,0,0,0,0,0,0,0,3,-3,5,-4,6,-5,7,-5,8,-5,8,-5,7,-5,7,-5,6,-5,6,-4,5,-4,3,-4,2,-3,0,-2,-2,-1,-4,-1,-6,1,-8,2,-9,3,-11,3,-12,4,-13,5,-13,5,-14,5,-13,4,-12,4,0,0,-8,2,-6,0,-3,-1,0,-2,3,-4,5,-5,8,-6,9,-7,11,-8,12,-8,12,-9,13,-9,12,-9,11,-8,9,-8,8,-7,6,-5,3,-4,1,-2,0,1,-2,4,-4,7,-6,9,-7,12,-8,14,-9,16,0,0,0,0,0,0,0,0,0,0]"""
272,"CSI_DATA,271,8c:90:2d:97:93:77,-52,11,1,7,1,0,1,0,1,0,0,-97,0,2,1,7264382,0,83,1,128,0,""[0,0,0,0,0,0,0,0,0,0,0,0,-3,4,-4,5,-5,6,-5,6,-6,7,-6,7,-5,7,-5,7,-5,6,-4,6,-4,5,-2,4,-1,2,0,1,1,-1,2,-2,3,-4,4,-6,5,-8,6,-9,6,-10,7,-11,8,-12,7,-12,8,-11,7,-10,0,0,5,-7,3,-4,2,-1,1,1,-1,4,-2,7,-3,9,-4,10,-4,12,-5,13,-5,14,-5,14,-5,14,-4,12,-3,11,-3,9,-2,6,-2,4,-2,2,-2,-2,-3,-4,-3,-8,-4,-11,-4,-14,-6,-16,-7,-18,0,0,0,0,0,0,0,0,0,0]"""
273,"CSI_DATA,272,8c:90:2d:97:93:77,-52,11,1,7,1,0,1,0,1,0,0,-97,0,2,1,7274578,0,83,1,128,0,""[0,0,0,0,0,0,0,0,0,0,0,0,4,2,5,3,5,4,6,4,7,5,7,6,7,5,7,5,6,5,6,4,5,3,4,2,3,1,2,-1,0,-2,-2,-4,-3,-5,-5,-7,-6,-8,-7,-9,-8,-10,-9,-11,-9,-11,-9,-12,-9,-11,-8,-10,0,0,-5,-8,-3,-5,-1,-3,2,-1,3,2,5,4,7,6,8,7,10,8,10,10,11,10,11,10,11,9,10,9,8,7,7,6,6,4,3,3,0,1,-2,-1,-5,-2,-8,-3,-10,-4,-13,-5,-17,-6,-19,-6,0,0,0,0,0,0,0,0,0,0]"""
274,"CSI_DATA,273,8c:90:2d:97:93:77,-51,11,1,7,1,0,1,0,1,0,0,-97,0,2,1,7284872,0,83,1,128,0,""[0,0,0,0,0,0,0,0,0,0,0,0,-4,3,-5,3,-6,4,-7,5,-8,5,-8,5,-8,5,-7,5,-7,5,-6,4,-5,4,-4,3,-2,2,-1,1,1,0,3,-1,5,-3,6,-4,8,-5,9,-6,10,-7,11,-7,11,-8,12,-8,11,-7,10,-6,0,0,7,-4,5,-2,2,0,0,1,-3,3,-6,5,-8,6,-9,8,-10,9,-11,10,-12,10,-11,10,-11,10,-10,9,-9,8,-7,7,-6,5,-4,3,-2,1,-1,-2,1,-5,2,-8,2,-11,3,-14,3,-16,4,-19,0,0,0,0,0,0,0,0,0,0]"""
275,"CSI_DATA,274,8c:90:2d:97:93:77,-52,11,1,7,1,0,1,0,1,0,0,-97,0,2,1,7294375,0,83,1,128,0,""[0,0,0,0,0,0,0,0,0,0,0,0,-1,-5,-1,-7,-1,-8,0,-9,0,-10,0,-10,-1,-10,-1,-9,-1,-9,-1,-8,-1,-7,-1,-5,-1,-4,-2,-2,-2,0,-2,3,-2,5,-2,7,-2,9,-2,10,-2,12,-2,13,-2,14,-2,13,-2,13,-3,11,0,0,-3,7,-2,4,-2,2,-2,-2,-2,-4,-2,-7,-2,-10,-2,-12,-3,-14,-3,-15,-2,-16,-2,-16,-3,-15,-3,-14,-3,-13,-2,-10,-2,-8,-1,-5,0,-3,2,0,3,3,4,6,6,8,8,10,10,12,12,14,0,0,0,0,0,0,0,0,0,0]"""
276,"CSI_DATA,275,8c:90:2d:97:93:77,-51,11,1,7,1,0,1,0,1,0,0,-97,0,2,1,7304386,0,83,1,128,0,""[0,0,0,0,0,0,0,0,0,0,0,0,-5,-1,-6,-1,-8,-1,-9,-1,-10,-1,-9,-2,-10,-2,-9,-1,-9,-1,-8,-1,-7,0,-6,0,-4,0,-2,1,0,1,2,2,4,2,7,2,8,2,10,2,11,2,12,2,13,3,13,2,13,3,11,2,0,0,7,2,4,2,1,2,-2,1,-5,1,-7,0,-10,0,-12,0,-14,0,-15,0,-16,0,-16,0,-15,0,-14,0,-12,1,-10,1,-8,0,-5,0,-2,-1,0,-2,3,-3,6,-5,8,-7,11,-8,13,-10,15,-11,0,0,0,0,0,0,0,0,0,0]"""
277,"CSI_DATA,276,8c:90:2d:97:93:77,-52,11,1,7,1,0,1,0,1,0,0,-97,0,2,1,7315042,0,83,1,128,0,""[0,0,0,0,0,0,0,0,0,0,0,0,3,-4,5,-4,6,-4,7,-5,8,-5,8,-5,8,-5,7,-5,7,-4,6,-4,5,-4,3,-4,2,-3,0,-3,-2,-2,-4,-1,-6,-1,-8,-1,-10,0,-11,0,-13,1,-14,1,-14,1,-15,1,-14,0,-12,0,0,0,-9,-1,-6,-1,-3,-1,1,-1,3,-2,7,-1,9,-1,11,-1,13,-1,14,-1,15,0,15,-1,14,-1,13,-1,12,-1,9,-1,8,-1,4,-1,1,0,-2,0,-5,1,-8,1,-11,2,-13,3,-17,4,-19,4,0,0,0,0,0,0,0,0,0,0]"""
278,"CSI_DATA,277,8c:90:2d:97:93:77,-52,11,1,7,1,0,1,0,1,0,0,-97,0,2,1,7324523,0,83,1,128,0,""[0,0,0,0,0,0,0,0,0,0,0,0,4,0,5,0,6,0,7,0,8,0,8,0,8,0,8,0,7,0,6,0,5,0,4,0,2,-1,0,-1,-1,-1,-3,-2,-5,-2,-7,-2,-9,-2,-11,-2,-12,-2,-13,-2,-14,-2,-14,-2,-13,-2,-12,-2,0,0,-7,-2,-5,-2,-2,-2,0,0,3,-1,6,0,8,0,11,0,12,0,14,0,14,0,15,0,14,0,12,0,11,0,9,0,6,0,3,0,1,0,0,0,-4,1,-7,2,-9,4,-12,5,-15,6,-17,7,0,0,0,0,0,0,0,0,0,0]"""
279,"CSI_DATA,278,8c:90:2d:97:93:77,-52,11,1,7,1,0,1,0,1,0,0,-98,0,2,1,7334651,0,83,1,128,0,""[0,0,0,0,0,0,0,0,0,0,0,0,0,-5,0,-7,0,-8,1,-9,1,-10,1,-10,1,-10,1,-9,1,-9,0,-8,0,-7,-1,-6,-1,-4,-1,-2,-2,0,-2,3,-2,5,-2,7,-2,8,-2,10,-2,12,-1,13,-1,14,-1,14,-1,13,-2,11,0,0,-2,8,-2,5,-2,1,-3,-2,-2,-4,-3,-7,-3,-10,-4,-12,-5,-13,-5,-15,-6,-15,-6,-15,-6,-15,-6,-13,-5,-12,-4,-10,-4,-7,-2,-5,0,-3,2,0,4,2,6,3,9,5,11,6,14,8,16,9,0,0,0,0,0,0,0,0,0,0]"""
280,"CSI_DATA,279,8c:90:2d:97:93:77,-52,11,1,7,1,0,1,0,1,0,0,-97,0,2,1,7344332,0,83,1,128,0,""[0,0,0,0,0,0,0,0,0,0,0,0,-4,3,-5,4,-6,4,-7,5,-8,5,-8,5,-8,5,-8,5,-7,5,-6,4,-5,4,-4,3,-3,2,-1,1,1,0,2,-2,4,-3,6,-5,7,-6,8,-7,9,-9,9,-9,10,-10,10,-10,10,-9,9,-9,0,0,6,-5,4,-3,3,-1,1,2,-2,4,-4,6,-5,8,-6,10,-6,12,-7,13,-7,13,-7,13,-7,13,-6,12,-5,11,-5,9,-3,7,-3,4,-2,1,-2,-1,-2,-5,-2,-8,-3,-11,-4,-14,-5,-16,-6,-18,0,0,0,0,0,0,0,0,0,0]"""
281,"CSI_DATA,280,8c:90:2d:97:93:77,-52,11,1,7,1,0,1,0,1,0,0,-98,0,2,1,7354385,0,83,1,128,0,""[0,0,0,0,0,0,0,0,0,0,0,0,4,0,6,0,7,0,8,1,8,1,9,1,9,1,8,0,8,0,7,0,6,0,5,-1,3,-1,1,-1,-1,-2,-3,-2,-5,-2,-8,-2,-10,-2,-11,-2,-13,-2,-14,-2,-14,-1,-15,-2,-14,-2,-12,-2,0,0,-8,-2,-5,-2,-2,-2,0,-2,4,-3,6,-3,9,-3,11,-3,12,-3,14,-4,14,-4,15,-5,14,-5,13,-5,11,-4,8,-4,7,-3,4,-2,1,-1,-1,1,-3,3,-6,6,-7,8,-9,11,-10,12,-12,14,0,0,0,0,0,0,0,0,0,0]"""
282,"CSI_DATA,281,8c:90:2d:97:93:77,-52,11,1,7,1,0,1,0,1,0,0,-98,0,2,1,7364482,0,83,1,128,0,""[0,0,0,0,0,0,0,0,0,0,0,0,-5,-1,-7,0,-8,-1,-9,-1,-10,-1,-10,-2,-10,-1,-10,-1,-9,-1,-8,-1,-7,0,-6,0,-4,0,-1,0,1,1,2,1,5,1,7,1,9,1,11,1,12,1,13,0,14,0,13,1,13,1,12,1,0,0,7,1,5,1,1,1,-1,1,-5,2,-7,2,-10,2,-12,3,-14,3,-15,3,-16,3,-16,3,-16,4,-14,4,-12,3,-10,3,-8,1,-5,1,-3,-1,0,-2,2,-4,5,-7,7,-9,9,-12,10,-13,12,-15,0,0,0,0,0,0,0,0,0,0]"""
283,"CSI_DATA,282,8c:90:2d:97:93:77,-51,11,1,7,1,0,1,0,1,0,0,-98,0,2,1,7374604,0,83,1,128,0,""[0,0,0,0,0,0,0,0,0,0,0,0,-1,4,-2,5,-2,6,-3,7,-3,8,-3,8,-3,8,-3,8,-3,7,-2,6,-2,6,-1,4,0,3,1,1,1,-1,2,-3,2,-5,3,-7,3,-9,4,-10,4,-12,4,-13,4,-13,4,-14,5,-13,4,-11,0,0,3,-8,2,-5,2,-2,1,1,0,4,-1,7,-1,9,-2,11,-2,13,-2,14,-2,14,-2,15,-1,14,-1,13,-1,11,-1,10,-1,7,-1,4,-2,2,-2,-1,-3,-4,-4,-8,-5,-10,-6,-13,-8,-15,-9,-17,0,0,0,0,0,0,0,0,0,0]"""
284,"CSI_DATA,283,8c:90:2d:97:93:77,-52,11,1,7,1,0,1,0,1,0,0,-98,0,2,1,7384418,0,83,1,128,0,""[0,0,0,0,0,0,0,0,0,0,0,0,-2,4,-3,5,-3,6,-4,7,-4,7,-5,8,-4,8,-4,7,-4,7,-3,6,-3,5,-2,4,-1,3,0,1,1,-1,2,-3,3,-4,4,-7,4,-8,5,-9,6,-11,6,-12,6,-12,6,-12,6,-11,6,-10,0,0,5,-7,3,-4,2,-1,1,1,-1,4,-2,6,-3,9,-4,11,-4,12,-5,13,-5,14,-5,14,-5,14,-4,13,-3,11,-3,9,-2,6,-2,4,-2,1,-2,-2,-2,-5,-2,-8,-3,-11,-4,-14,-5,-16,-6,-18,0,0,0,0,0,0,0,0,0,0]"""
285,"CSI_DATA,284,8c:90:2d:97:93:77,-52,11,1,7,1,0,1,0,1,0,0,-98,0,2,1,7394325,0,83,1,128,0,""[0,0,0,0,0,0,0,0,0,0,0,0,3,-3,4,-4,5,-4,7,-5,7,-5,7,-5,7,-5,7,-5,7,-5,5,-5,4,-4,3,-4,1,-3,0,-2,-2,-1,-4,0,-6,1,-7,3,-9,4,-10,4,-11,6,-12,6,-12,6,-12,7,-12,6,-11,5,0,0,-8,3,-6,1,-4,-1,-1,-2,2,-4,4,-6,6,-7,8,-9,9,-10,9,-11,9,-11,10,-12,9,-12,8,-11,7,-10,6,-8,4,-6,3,-4,1,-2,0,1,-1,4,-2,7,-2,10,-2,13,-3,16,-3,18,0,0,0,0,0,0,0,0,0,0]"""
286,"CSI_DATA,285,8c:90:2d:97:93:77,-52,11,1,7,1,0,1,0,1,0,0,-98,0,2,1,7404391,0,83,1,128,0,""[0,0,0,0,0,0,0,0,0,0,0,0,3,0,4,1,5,2,6,2,6,3,7,3,7,3,6,3,6,3,5,2,4,1,3,0,2,0,0,0,0,-1,-1,-3,-3,-4,-4,-6,-5,-7,-7,-8,-8,-8,-9,-9,-9,-10,-9,-10,-8,-10,-7,-9,0,0,-4,-6,-2,-4,0,-1,0,0,2,1,4,3,5,5,6,7,8,8,9,9,9,10,9,9,9,9,8,8,7,7,5,5,4,3,1,2,0,0,-1,0,-4,-1,-6,-3,-9,-4,-11,-6,-14,-7,-16,-8,0,0,0,0,0,0,0,0,0,0]"""
287,"CSI_DATA,286,8c:90:2d:97:93:77,-52,11,1,7,1,0,1,0,1,0,0,-98,0,2,1,7414559,0,83,1,128,0,""[0,0,0,0,0,0,0,0,0,0,0,0,-2,-4,-3,-5,-3,-6,-4,-7,-4,-7,-4,-8,-4,-8,-4,-8,-4,-7,-3,-6,-3,-5,-3,-4,-2,-2,-2,0,-1,0,0,2,0,4,0,6,0,8,0,10,1,11,1,11,1,12,1,12,0,12,0,10,0,0,0,7,0,3,0,0,-1,0,-1,-4,-1,-6,-2,-8,-2,-11,-3,-12,-3,-14,-3,-15,-3,-15,-3,-14,-3,-13,-3,-12,-2,-9,-1,-6,0,-4,0,-2,0,0,1,2,2,5,4,8,6,10,7,12,9,14,0,0,0,0,0,0,0,0,0,0]"""
288,"CSI_DATA,287,8c:90:2d:97:93:77,-52,11,1,7,1,0,1,0,1,0,0,-98,0,2,1,7424494,0,83,1,128,0,""[0,0,0,0,0,0,0,0,0,0,0,0,-2,-5,-3,-6,-3,-7,-3,-8,-4,-9,-4,-9,-4,-9,-4,-9,-4,-8,-4,-7,-3,-6,-3,-5,-3,-3,-2,-1,-1,1,0,3,1,5,2,7,3,8,4,9,5,11,5,11,5,12,6,12,5,12,4,11,0,0,2,7,1,5,-1,2,-3,-1,-4,-2,-6,-5,-8,-7,-9,-8,-11,-10,-12,-11,-12,-11,-12,-11,-12,-10,-12,-9,-10,-8,-8,-7,-7,-5,-4,-4,-1,-3,2,-1,5,-1,7,0,10,0,13,0,16,0,18,0,0,0,0,0,0,0,0,0,0,0]"""
289,"CSI_DATA,288,8c:90:2d:97:93:77,-52,11,1,7,1,0,1,0,1,0,0,-98,0,2,1,7434264,0,83,1,128,0,""[0,0,0,0,0,0,0,0,0,0,0,0,2,-4,3,-5,5,-5,6,-6,6,-6,6,-6,6,-6,6,-6,6,-6,4,-6,4,-5,3,-4,1,-3,0,-2,-2,-1,-3,1,-5,2,-6,4,-7,6,-9,7,-9,8,-10,9,-10,9,-10,9,-10,8,-9,8,0,0,-7,4,-5,2,-3,0,-2,-2,1,-5,2,-7,4,-9,5,-11,5,-12,6,-13,6,-14,6,-14,5,-14,5,-13,4,-12,3,-10,2,-7,2,-5,1,-2,1,1,1,4,1,7,2,10,2,13,3,15,4,17,0,0,0,0,0,0,0,0,0,0]"""
290,"CSI_DATA,289,8c:90:2d:97:93:77,-52,11,1,7,1,0,1,0,1,0,0,-98,0,2,1,7444474,0,83,1,128,0,""[0,0,0,0,0,0,0,0,0,0,0,0,-5,2,-5,3,-7,4,-8,4,-8,4,-9,4,-9,4,-8,5,-7,4,-6,4,-6,3,-4,3,-3,2,-1,1,1,0,3,-2,4,-3,6,-4,7,-6,9,-7,9,-8,10,-9,10,-10,10,-9,10,-9,9,-8,0,0,6,-5,4,-3,2,0,1,2,-2,4,-4,6,-5,8,-6,10,-7,11,-7,12,-8,13,-7,13,-7,13,-6,12,-5,11,-5,9,-4,6,-3,4,-2,1,-2,-1,-2,-5,-2,-8,-3,-11,-4,-14,-4,-17,-6,-19,0,0,0,0,0,0,0,0,0,0]"""
291,"CSI_DATA,290,8c:90:2d:97:93:77,-52,11,1,7,1,0,1,0,1,0,0,-98,0,2,1,7454298,0,83,1,128,0,""[0,0,0,0,0,0,0,0,0,0,0,0,3,3,4,4,4,5,5,6,5,6,5,7,6,7,5,6,5,6,4,5,4,4,3,3,2,1,1,0,0,-2,-2,-4,-3,-5,-5,-7,-6,-8,-7,-9,-9,-10,-9,-10,-9,-11,-9,-11,-9,-11,-8,-10,0,0,-5,-7,-3,-5,-1,-3,2,-1,4,0,6,2,8,4,9,5,11,7,12,7,13,7,13,7,13,7,12,6,10,5,8,4,6,3,4,2,1,1,-2,0,-5,0,-8,1,-11,1,-14,1,-17,1,-19,2,0,0,0,0,0,0,0,0,0,0]"""
292,"CSI_DATA,291,8c:90:2d:97:93:77,-52,11,1,7,1,0,1,0,1,0,0,-98,0,2,1,7464386,0,83,1,128,0,""[0,0,0,0,0,0,0,0,0,0,0,0,-1,-5,-1,-7,-1,-8,0,-9,0,-9,0,-9,0,-10,0,-9,0,-9,0,-8,-1,-7,-1,-5,-1,-4,-2,-2,-2,0,-3,2,-3,4,-3,6,-4,8,-4,10,-4,11,-4,12,-4,13,-4,13,-5,12,-4,11,0,0,-4,7,-3,3,-2,1,-2,-2,0,-5,0,-7,1,-10,2,-12,2,-13,2,-14,3,-15,3,-15,2,-15,2,-13,2,-12,1,-10,1,-8,1,-5,0,-2,0,0,1,4,0,7,2,10,2,13,3,15,3,17,0,0,0,0,0,0,0,0,0,0]"""
293,"CSI_DATA,292,8c:90:2d:97:93:77,-51,11,1,7,1,0,1,0,1,0,0,-98,0,2,1,7474599,0,83,1,128,0,""[0,0,0,0,0,0,0,0,0,0,0,0,1,4,1,5,1,7,0,8,0,8,1,9,1,9,0,8,0,8,1,7,0,6,1,4,1,3,1,0,1,-2,1,-4,1,-6,0,-8,0,-10,0,-11,0,-12,0,-14,0,-14,0,-14,0,-14,1,-13,0,0,1,-9,1,-5,1,-3,1,1,1,3,1,6,1,9,1,11,2,13,2,14,2,15,3,15,3,14,3,13,2,11,2,10,1,7,0,4,-1,2,-2,-1,-4,-4,-5,-7,-7,-9,-9,-11,-11,-13,-13,-15,0,0,0,0,0,0,0,0,0,0]"""
294,"CSI_DATA,293,8c:90:2d:97:93:77,-52,11,1,7,1,0,1,0,1,0,0,-98,0,2,1,7484314,0,83,1,128,0,""[0,0,0,0,0,0,0,0,0,0,0,0,3,-4,4,-4,6,-5,7,-5,7,-5,8,-5,7,-6,7,-5,7,-5,6,-5,4,-4,3,-4,1,-3,0,-2,-2,-1,-4,0,-6,0,-8,2,-9,3,-11,4,-12,4,-13,5,-13,5,-13,5,-13,4,-12,4,0,0,-8,2,-6,0,-3,-2,0,-2,3,-4,5,-5,7,-6,9,-7,10,-8,11,-9,12,-9,12,-9,11,-9,11,-9,9,-8,7,-7,6,-5,3,-4,1,-1,0,1,-2,3,-4,7,-5,9,-7,12,-8,14,-9,16,0,0,0,0,0,0,0,0,0,0]"""
295,"CSI_DATA,294,8c:90:2d:97:93:77,-52,11,1,7,1,0,1,0,1,0,0,-98,0,2,1,7494479,0,83,1,128,0,""[0,0,0,0,0,0,0,0,0,0,0,0,-5,-3,-6,-4,-6,-5,-7,-6,-7,-6,-8,-7,-7,-6,-7,-6,-7,-6,-6,-5,-6,-4,-5,-3,-3,-2,-3,0,-1,1,1,3,2,4,4,6,5,7,7,8,8,9,8,9,9,10,9,10,8,10,7,9,0,0,4,6,2,4,0,2,-3,0,-4,-2,-6,-5,-8,-6,-10,-7,-11,-9,-12,-9,-13,-10,-13,-9,-13,-9,-12,-9,-10,-7,-9,-6,-7,-5,-4,-3,-1,-2,1,-1,4,0,7,1,10,1,13,1,16,2,18,2,0,0,0,0,0,0,0,0,0,0]"""
296,"CSI_DATA,295,8c:90:2d:97:93:77,-52,11,1,7,1,0,1,0,1,0,0,-98,0,2,1,7504429,0,83,1,128,0,""[0,0,0,0,0,0,0,0,0,0,0,0,3,-4,4,-5,5,-6,6,-6,6,-7,7,-6,7,-6,7,-6,6,-6,5,-5,4,-5,3,-4,1,-3,0,-3,-2,-2,-4,-1,-6,0,-8,1,-9,2,-11,2,-12,3,-13,3,-14,3,-14,4,-14,3,-12,2,0,0,-8,0,-6,0,-3,-1,1,-2,3,-2,6,-3,9,-3,11,-3,13,-3,14,-4,15,-4,15,-4,14,-4,13,-4,11,-3,9,-3,7,-3,4,-2,1,-1,-2,0,-5,2,-7,3,-10,4,-13,6,-16,7,-17,8,0,0,0,0,0,0,0,0,0,0]"""
297,"CSI_DATA,296,8c:90:2d:97:93:77,-52,11,1,7,1,0,1,0,1,0,0,-98,0,2,1,7514502,0,83,1,128,0,""[0,0,0,0,0,0,0,0,0,0,0,0,3,0,5,0,5,1,6,2,7,2,7,2,7,2,7,2,6,2,6,1,4,1,3,0,2,0,1,0,0,-2,-1,-3,-3,-4,-5,-5,-6,-6,-7,-7,-9,-8,-9,-8,-10,-9,-9,-9,-9,-9,-8,-8,0,0,-4,-6,-2,-3,0,-2,0,0,2,1,4,3,5,5,7,6,9,7,9,8,10,9,10,9,10,9,8,8,7,7,6,5,4,4,1,1,0,0,-1,0,-4,-1,-6,-3,-9,-4,-12,-5,-14,-6,-16,-7,0,0,0,0,0,0,0,0,0,0]"""
298,"CSI_DATA,297,8c:90:2d:97:93:77,-52,11,1,7,1,0,1,0,1,0,0,-98,0,2,1,7525270,0,83,1,128,0,""[0,0,0,0,0,0,0,0,0,0,0,0,0,-5,0,-7,1,-8,1,-9,1,-10,1,-10,1,-10,1,-9,1,-9,1,-8,0,-7,0,-6,-1,-4,-1,-2,-2,0,-2,2,-3,4,-4,6,-4,8,-4,10,-5,11,-5,12,-5,13,-5,13,-5,12,-5,11,0,0,-4,7,-3,4,-2,1,-2,-2,-1,-5,0,-8,1,-10,1,-12,1,-14,1,-15,1,-16,1,-16,1,-15,1,-14,0,-13,0,-11,0,-8,0,-5,1,-3,1,0,2,3,2,7,3,9,4,12,6,14,7,17,0,0,0,0,0,0,0,0,0,0]"""
299,"CSI_DATA,298,8c:90:2d:97:93:77,-52,11,1,7,1,0,1,0,1,0,0,-98,0,2,1,7534521,0,83,1,128,0,""[0,0,0,0,0,0,0,0,0,0,0,0,1,-5,2,-6,3,-7,4,-8,4,-8,4,-8,4,-8,4,-8,4,-8,3,-7,2,-7,1,-5,0,-4,-1,-2,-2,0,-4,1,-4,3,-5,5,-7,6,-8,8,-8,9,-9,10,-9,10,-9,10,-9,10,-9,8,0,0,-6,5,-4,2,-3,0,-1,-2,1,-5,3,-7,4,-9,5,-11,6,-12,6,-13,7,-14,7,-14,6,-14,6,-13,5,-11,4,-10,3,-7,2,-5,1,-2,1,1,0,4,-1,7,-1,10,-1,13,0,16,-1,18,0,0,0,0,0,0,0,0,0,0]"""
300,"CSI_DATA,299,8c:90:2d:97:93:77,-52,11,1,7,1,0,1,0,1,0,0,-98,0,2,1,7544750,0,83,1,128,0,""[0,0,0,0,0,0,0,0,0,0,0,0,3,-4,4,-5,5,-6,6,-6,6,-6,7,-7,6,-7,6,-7,5,-7,5,-6,4,-5,3,-4,1,-3,-1,-2,-2,-1,-4,0,-5,2,-7,4,-8,5,-9,6,-10,7,-11,8,-11,8,-11,9,-11,8,-10,7,0,0,-7,4,-5,2,-3,0,-1,-3,1,-5,3,-7,5,-9,6,-10,7,-12,7,-13,8,-13,8,-13,7,-13,6,-13,5,-11,4,-10,3,-7,2,-5,1,-2,0,1,0,4,0,8,0,11,0,13,0,16,0,18,0,0,0,0,0,0,0,0,0,0]"""
301,"CSI_DATA,300,8c:90:2d:97:93:77,-52,11,1,7,1,0,1,0,1,0,0,-98,0,2,1,7554574,0,83,1,128,0,""[0,0,0,0,0,0,0,0,0,0,0,0,-3,-4,-4,-6,-4,-7,-4,-8,-5,-8,-5,-9,-5,-8,-5,-8,-5,-8,-5,-7,-4,-6,-4,-4,-3,-3,-2,-1,-1,1,0,3,1,5,3,6,3,8,4,9,5,11,6,11,6,12,6,12,6,12,5,10,0,0,2,7,1,5,-1,2,-3,-1,-4,-3,-6,-5,-7,-7,-9,-9,-10,-11,-11,-11,-12,-12,-12,-11,-12,-11,-11,-10,-9,-9,-8,-8,-6,-6,-4,-4,-1,-2,1,-1,4,0,7,1,10,2,13,2,16,3,18,3,0,0,0,0,0,0,0,0,0,0]"""
302,"CSI_DATA,301,8c:90:2d:97:93:77,-51,11,1,7,1,0,1,0,1,0,0,-98,0,2,1,7564391,0,83,1,128,0,""[0,0,0,0,0,0,0,0,0,0,0,0,-4,-4,-5,-5,-6,-6,-6,-7,-6,-7,-6,-7,-6,-7,-6,-7,-6,-7,-6,-6,-5,-5,-4,-4,-3,-2,-2,-1,0,1,1,3,2,4,4,6,5,7,6,8,7,8,8,9,9,10,9,10,8,10,7,9,0,0,4,6,2,4,0,2,-3,0,-4,-2,-7,-4,-9,-5,-10,-7,-12,-8,-13,-8,-13,-9,-13,-8,-13,-8,-12,-7,-11,-6,-9,-5,-7,-4,-5,-3,-2,-2,1,-1,5,-1,7,-1,10,-1,13,-1,16,-2,18,-2,0,0,0,0,0,0,0,0,0,0]"""
303,"CSI_DATA,302,8c:90:2d:97:93:77,-52,11,1,7,1,0,1,0,1,0,1,-98,0,2,1,7574893,0,83,1,128,0,""[0,0,0,0,0,0,0,0,0,0,0,0,-2,4,-3,5,-3,6,-4,7,-4,8,-4,8,-4,8,-4,8,-3,7,-3,6,-3,6,-2,4,-1,3,1,1,1,-1,2,-3,3,-5,4,-6,5,-8,5,-10,6,-11,7,-12,7,-12,7,-12,7,-11,6,-10,0,0,5,-7,3,-4,2,-1,1,1,-1,4,-3,7,-4,8,-5,10,-5,12,-6,13,-6,14,-6,14,-5,13,-5,13,-4,11,-4,10,-3,6,-2,4,-2,1,-2,-2,-2,-5,-1,-9,-2,-12,-2,-14,-3,-17,-3,-19,0,0,0,0,0,0,0,0,0,0]"""
304,"CSI_DATA,303,8c:90:2d:97:93:77,-52,11,1,7,1,0,1,0,1,0,1,-98,0,2,1,7584572,0,83,1,128,0,""[0,0,0,0,0,0,0,0,0,0,0,0,4,1,6,1,7,1,8,2,8,2,8,2,9,2,8,2,8,2,7,1,6,1,5,0,3,-1,1,-1,-1,-2,-3,-3,-5,-4,-7,-4,-9,-4,-11,-5,-12,-5,-13,-5,-14,-5,-14,-5,-13,-6,-11,-5,0,0,-7,-4,-5,-3,-2,-3,1,-2,4,-1,7,-1,9,0,11,1,13,1,14,1,15,1,15,1,14,1,14,0,11,0,9,0,7,0,4,-1,1,0,-2,0,-5,2,-7,3,-10,4,-13,6,-15,7,-18,8,0,0,0,0,0,0,0,0,0,0]"""
305,"CSI_DATA,304,8c:90:2d:97:93:77,-52,11,1,7,1,0,1,0,1,0,1,-98,0,2,1,7596012,0,83,1,128,0,""[0,0,0,0,0,0,0,0,0,0,0,0,-2,-4,-3,-5,-4,-6,-4,-8,-4,-8,-4,-9,-4,-8,-4,-8,-4,-7,-4,-6,-3,-5,-3,-4,-2,-2,-1,0,-1,0,0,2,0,5,0,7,1,9,1,10,2,11,3,12,3,13,3,13,2,12,1,11,0,0,0,7,0,4,0,1,-1,0,-2,-3,-3,-6,-4,-9,-4,-11,-5,-12,-6,-14,-6,-15,-6,-15,-6,-14,-6,-13,-4,-12,-4,-10,-3,-7,-1,-4,0,-2,0,0,2,2,4,4,7,6,9,8,12,10,14,12,0,0,0,0,0,0,0,0,0,0]"""
306,"CSI_DATA,305,8c:90:2d:97:93:77,-52,11,1,7,1,0,1,0,1,0,1,-98,0,2,1,7604786,0,83,1,128,0,""[0,0,0,0,0,0,0,0,0,0,0,0,-5,-2,-7,-3,-7,-3,-8,-4,-9,-4,-9,-4,-9,-4,-9,-3,-9,-3,-8,-3,-7,-2,-5,-1,-4,-1,-2,0,-1,1,2,3,4,4,6,4,7,5,9,5,10,6,11,6,12,6,12,6,11,7,10,6,0,0,5,4,4,3,1,2,-2,0,-5,-1,-7,-2,-9,-3,-11,-5,-13,-5,-15,-6,-15,-6,-15,-6,-15,-6,-14,-5,-12,-4,-10,-4,-8,-3,-5,-2,-2,-1,1,-1,4,-1,7,-2,10,-2,13,-2,16,-3,18,-3,0,0,0,0,0,0,0,0,0,0]"""
307,"CSI_DATA,306,8c:90:2d:97:93:77,-52,11,1,7,1,0,1,0,1,0,1,-98,0,2,1,7614511,0,83,1,128,0,""[0,0,0,0,0,0,0,0,0,0,0,0,3,0,5,0,6,1,6,1,7,2,7,2,7,2,7,1,6,1,6,1,5,0,3,0,2,0,0,0,0,-1,-2,-2,-4,-3,-6,-4,-7,-4,-9,-4,-11,-5,-11,-5,-12,-6,-12,-5,-11,-6,-10,-5,0,0,-6,-4,-4,-3,-1,-2,0,-1,3,0,5,0,8,0,10,1,12,2,13,2,14,2,14,2,13,1,12,1,10,1,8,0,6,0,3,0,0,0,-1,0,-4,0,-7,1,-10,2,-12,3,-15,3,-17,4,0,0,0,0,0,0,0,0,0,0]"""
308,"CSI_DATA,307,8c:90:2d:97:93:77,-52,11,1,7,1,0,1,0,1,0,1,-98,0,2,1,7625560,0,83,1,128,0,""[0,0,0,0,0,0,0,0,0,0,0,0,0,3,0,5,0,6,0,7,1,7,1,8,0,7,1,7,1,7,1,6,1,5,0,3,0,1,0,0,0,-1,0,-3,0,-5,0,-7,0,-9,0,-11,-1,-12,-1,-13,-2,-13,-2,-13,-1,-13,-1,-12,0,0,0,-8,0,-5,0,-2,1,0,1,2,1,5,2,7,2,10,3,11,4,12,4,13,5,13,4,12,4,11,3,10,2,8,2,6,0,3,0,1,-2,0,-4,-2,-5,-4,-8,-6,-10,-8,-13,-10,-15,-11,0,0,0,0,0,0,0,0,0,0]"""
309,"CSI_DATA,308,8c:90:2d:97:93:77,-52,11,1,7,1,0,1,0,1,0,1,-98,0,2,1,7634790,0,83,1,128,0,""[0,0,0,0,0,0,0,0,0,0,0,0,3,-3,5,-3,6,-4,7,-4,8,-4,8,-4,8,-4,8,-4,7,-4,6,-4,5,-4,4,-3,2,-2,0,-2,-2,-1,-4,0,-6,0,-8,2,-9,2,-11,4,-12,4,-13,5,-13,5,-13,5,-13,4,-12,4,0,0,-8,2,-6,0,-3,-1,0,-2,2,-4,5,-6,7,-7,8,-8,9,-9,11,-10,11,-10,11,-10,11,-10,10,-9,8,-9,7,-8,5,-5,3,-4,2,-2,0,1,-1,4,-3,7,-3,10,-4,13,-5,15,-5,17,0,0,0,0,0,0,0,0,0,0]"""
310,"CSI_DATA,309,8c:90:2d:97:93:77,-52,11,1,7,1,0,1,0,1,0,1,-98,0,2,1,7646872,0,83,1,128,0,""[0,0,0,0,0,0,0,0,0,0,0,0,-4,0,-6,0,-7,0,-8,0,-9,0,-9,0,-9,0,-9,0,-8,0,-8,0,-6,0,-5,0,-3,0,-1,0,0,0,2,0,4,1,6,0,8,0,10,0,11,0,12,0,13,0,13,0,12,0,11,0,0,0,6,0,4,1,0,1,-1,0,-4,0,-7,0,-9,0,-11,0,-13,0,-14,0,-15,0,-15,0,-14,1,-14,1,-12,1,-10,0,-7,0,-4,0,-2,0,0,-1,2,-2,4,-4,7,-6,10,-8,12,-9,14,-11,0,0,0,0,0,0,0,0,0,0]"""
311,"CSI_DATA,310,8c:90:2d:97:93:77,-52,11,1,7,1,0,1,0,1,0,1,-98,0,2,1,7654526,0,83,1,128,0,""[0,0,0,0,0,0,0,0,0,0,0,0,4,2,5,3,5,4,6,4,6,5,6,5,7,6,6,6,6,5,5,4,5,4,4,2,3,1,2,-1,0,-3,-1,-4,-3,-6,-4,-8,-5,-9,-6,-10,-7,-11,-7,-12,-8,-13,-8,-13,-7,-12,-6,-12,0,0,-3,-8,-2,-5,0,-2,1,0,2,3,4,6,5,7,5,9,6,11,7,12,7,13,7,13,7,12,7,11,6,10,4,8,4,6,2,4,0,2,-2,-1,-4,-3,-5,-6,-8,-8,-10,-10,-13,-12,-14,-13,0,0,0,0,0,0,0,0,0,0]"""
312,"CSI_DATA,311,8c:90:2d:97:93:77,-52,11,1,7,1,0,1,0,1,0,1,-98,0,2,1,7664375,0,83,1,128,0,""[0,0,0,0,0,0,0,0,0,0,0,0,-1,4,-2,6,-2,7,-3,8,-3,8,-3,9,-3,8,-3,8,-3,8,-2,7,-2,6,-1,5,0,3,1,1,2,-1,3,-2,3,-4,4,-6,5,-8,6,-10,6,-11,7,-11,7,-12,7,-12,8,-11,7,-10,0,0,4,-6,3,-4,2,-1,0,1,-2,4,-4,6,-5,8,-6,10,-7,11,-8,12,-8,13,-9,13,-8,13,-7,11,-6,10,-5,8,-4,6,-3,4,-2,2,-1,-2,0,-5,1,-8,2,-11,2,-14,3,-17,3,-19,0,0,0,0,0,0,0,0,0,0]"""
313,"CSI_DATA,312,8c:90:2d:97:93:77,-52,11,1,7,1,0,1,0,1,0,0,-98,0,2,1,7674606,0,83,1,128,0,""[0,0,0,0,0,0,0,0,0,0,0,0,0,4,-1,6,-1,7,-1,8,-1,9,-1,9,-1,9,-1,8,-1,8,-1,7,-1,6,0,5,0,3,1,1,1,-1,2,-3,3,-5,3,-7,3,-9,4,-11,4,-12,4,-13,4,-14,4,-14,5,-13,4,-12,0,0,4,-8,3,-5,2,-2,0,0,-1,4,-2,7,-3,9,-4,11,-4,12,-5,14,-5,14,-5,15,-5,14,-5,13,-4,11,-3,9,-3,7,-2,5,-1,1,-1,-2,-1,-5,-1,-9,-1,-12,-1,-15,-2,-17,-2,-19,0,0,0,0,0,0,0,0,0,0]"""
314,"CSI_DATA,313,8c:90:2d:97:93:77,-52,11,1,7,1,0,1,0,1,0,0,-98,0,2,1,7684847,0,83,1,128,0,""[0,0,0,0,0,0,0,0,0,0,0,0,4,-2,6,-2,7,-2,8,-2,8,-2,9,-2,9,-2,9,-2,8,-2,7,-2,6,-2,4,-2,3,-2,1,-2,-2,-2,-4,-2,-6,-2,-8,-2,-10,-2,-11,-1,-13,-1,-14,-1,-15,-1,-15,-1,-14,-2,-12,-1,0,0,-8,-2,-6,-2,-3,-2,1,-2,4,-2,7,-2,9,-2,11,-1,13,-1,14,-2,15,-2,15,-2,14,-2,13,-2,11,-2,9,-2,7,-1,4,-1,1,0,-2,0,-5,2,-7,4,-10,5,-12,7,-15,8,-17,9,0,0,0,0,0,0,0,0,0,0]"""
315,"CSI_DATA,314,8c:90:2d:97:93:77,-51,11,1,7,1,0,1,0,1,0,0,-98,0,2,1,7694363,0,83,1,128,0,""[0,0,0,0,0,0,0,0,0,0,0,0,4,1,5,1,7,1,7,2,8,2,8,2,8,3,8,2,7,2,7,2,6,1,4,0,3,-1,1,-1,-1,-2,-3,-4,-5,-4,-7,-5,-9,-5,-10,-5,-11,-5,-12,-6,-13,-7,-13,-6,-13,-7,-11,-6,0,0,-7,-5,-5,-4,-2,-3,1,-1,4,0,6,1,9,1,11,2,12,2,14,3,14,3,14,3,14,3,13,2,11,2,9,1,7,1,4,0,1,0,-2,0,-5,1,-8,2,-10,3,-14,3,-18,4,-20,5,0,0,0,0,0,0,0,0,0,0]"""
316,"CSI_DATA,315,8c:90:2d:97:93:77,-52,11,1,7,1,0,1,0,1,0,0,-98,0,2,1,7704518,0,83,1,128,0,""[0,0,0,0,0,0,0,0,0,0,0,0,4,2,5,2,6,3,7,4,8,4,8,4,8,4,8,3,7,3,7,3,6,2,5,1,3,0,1,-1,-1,-2,-3,-3,-5,-4,-7,-5,-8,-5,-10,-6,-12,-6,-13,-6,-13,-7,-14,-7,-13,-7,-11,-6,0,0,-7,-5,-5,-4,-2,-3,1,-2,4,-1,7,0,9,0,11,1,13,1,15,2,15,1,15,1,15,1,14,0,12,0,9,0,7,0,4,-1,1,0,-2,1,-5,2,-7,4,-10,5,-12,7,-15,8,-18,9,0,0,0,0,0,0,0,0,0,0]"""
317,"CSI_DATA,316,8c:90:2d:97:93:77,-52,11,1,7,1,0,1,0,1,0,0,-98,0,2,1,7714480,0,83,1,128,0,""[0,0,0,0,0,0,0,0,0,0,0,0,2,3,3,5,4,6,4,7,4,8,4,8,4,8,4,7,4,7,3,6,3,5,3,3,2,2,1,0,0,-2,-1,-4,-2,-6,-3,-8,-4,-9,-5,-11,-6,-12,-7,-12,-7,-13,-7,-13,-7,-13,-5,-11,0,0,-3,-8,-2,-6,0,-3,2,0,3,2,5,4,7,6,8,8,9,9,10,11,10,11,11,10,10,10,10,9,8,8,7,6,6,5,3,3,0,1,-3,0,-5,-1,-8,-2,-11,-3,-14,-4,-17,-4,-19,-4,0,0,0,0,0,0,0,0,0,0]"""
318,"CSI_DATA,317,8c:90:2d:97:93:77,-52,11,1,7,1,0,1,0,1,0,0,-98,0,2,1,7725079,0,83,1,128,0,""[0,0,0,0,0,0,0,0,0,0,0,0,2,2,3,3,4,4,4,5,5,5,5,5,5,6,5,5,4,5,4,4,3,3,2,2,2,0,1,0,0,-2,0,-3,0,-5,-2,-7,-3,-9,-4,-10,-5,-11,-5,-12,-5,-12,-5,-12,-4,-12,-4,-11,0,0,-1,-7,-1,-5,0,-2,0,0,1,2,2,5,2,7,3,9,4,11,5,12,5,13,4,13,4,13,4,11,3,10,3,8,2,5,0,3,0,1,-1,0,-3,-3,-4,-6,-7,-8,-9,-11,-11,-12,-12,-14,0,0,0,0,0,0,0,0,0,0]"""
319,"CSI_DATA,318,8c:90:2d:97:93:77,-52,11,1,7,1,0,1,0,1,0,0,-98,0,2,1,7734542,0,83,1,128,0,""[0,0,0,0,0,0,0,0,0,0,0,0,-4,0,-5,-2,-6,-2,-7,-3,-8,-3,-8,-3,-8,-3,-8,-3,-7,-3,-7,-2,-5,-2,-4,-1,-3,0,-2,0,0,1,0,1,2,3,4,4,5,5,6,6,7,7,8,8,9,8,8,8,8,8,6,7,0,0,3,5,1,3,0,1,-1,0,-3,-2,-5,-4,-6,-6,-8,-7,-9,-9,-10,-10,-11,-10,-11,-10,-11,-9,-10,-9,-8,-8,-7,-7,-5,-4,-3,-3,0,-1,0,0,3,0,5,2,8,3,10,4,14,6,16,7,0,0,0,0,0,0,0,0,0,0]"""
320,"CSI_DATA,319,8c:90:2d:97:93:77,-52,11,1,7,1,0,1,0,1,0,0,-98,0,2,1,7744508,0,83,1,128,0,""[0,0,0,0,0,0,0,0,0,0,0,0,-1,-5,-1,-7,-1,-8,-1,-9,-1,-10,-1,-10,-1,-10,-1,-9,-1,-9,-1,-8,-1,-7,-1,-5,-2,-4,-2,-2,-2,1,-2,3,-1,5,-1,7,-1,9,-1,10,0,12,0,13,0,14,0,14,-1,13,-1,12,0,0,-1,8,-2,5,-2,2,-3,-2,-3,-4,-3,-7,-4,-10,-4,-11,-5,-14,-5,-15,-6,-15,-6,-15,-6,-15,-6,-13,-5,-12,-4,-10,-4,-7,-2,-5,0,-3,2,0,4,2,5,4,8,6,11,8,13,9,15,10,0,0,0,0,0,0,0,0,0,0]"""
321,"CSI_DATA,320,8c:90:2d:97:93:77,-52,11,1,7,1,0,1,0,1,0,0,-98,0,2,1,7754433,0,83,1,128,0,""[0,0,0,0,0,0,0,0,0,0,0,0,3,-3,4,-4,5,-5,6,-5,7,-6,7,-6,7,-6,6,-6,6,-6,5,-5,4,-5,3,-4,1,-3,0,-2,-2,-1,-3,0,-5,2,-7,3,-8,4,-9,6,-10,7,-11,8,-11,8,-11,8,-11,7,-10,7,0,0,-7,4,-5,1,-3,-1,-1,-3,1,-5,2,-7,4,-9,5,-10,6,-12,6,-13,7,-13,7,-13,6,-13,6,-12,5,-11,4,-9,2,-7,2,-5,1,-2,1,1,1,4,1,7,1,10,1,13,2,15,3,17,0,0,0,0,0,0,0,0,0,0]"""
322,"CSI_DATA,321,8c:90:2d:97:93:77,-52,11,1,7,1,0,1,0,1,0,0,-97,0,2,1,7764366,0,83,1,128,0,""[0,0,0,0,0,0,0,0,0,0,0,0,0,-4,0,-6,0,-7,0,-8,0,-9,0,-9,0,-9,0,-8,0,-8,0,-7,0,-6,-1,-4,-1,-3,-1,-1,-1,0,-1,2,-1,4,0,6,0,8,0,9,0,10,0,12,0,13,0,12,0,12,0,11,0,0,-1,6,-1,3,-1,0,-2,0,-1,-3,-1,-6,-2,-8,-2,-11,-3,-12,-3,-14,-3,-14,-3,-14,-4,-14,-3,-13,-3,-11,-2,-9,-2,-7,0,-4,0,-2,0,0,3,1,4,4,6,6,8,8,10,9,12,11,0,0,0,0,0,0,0,0,0,0]"""
323,"CSI_DATA,322,8c:90:2d:97:93:77,-52,11,1,7,1,0,1,0,1,0,0,-98,0,2,1,7774865,0,83,1,128,0,""[0,0,0,0,0,0,0,0,0,0,0,0,-5,-3,-6,-3,-7,-4,-8,-4,-9,-5,-9,-5,-9,-5,-9,-5,-8,-4,-8,-4,-7,-3,-5,-2,-4,-1,-2,0,0,1,2,2,4,3,6,4,7,4,9,5,10,5,11,6,12,6,12,6,12,6,10,6,0,0,6,4,4,3,1,2,-2,1,-5,0,-7,-1,-10,-2,-12,-3,-14,-3,-15,-3,-16,-4,-16,-3,-15,-2,-15,-2,-12,-2,-10,-2,-8,-1,-6,-1,-2,-1,1,-2,4,-2,6,-4,9,-5,12,-7,15,-8,16,-8,0,0,0,0,0,0,0,0,0,0]"""
324,"CSI_DATA,323,8c:90:2d:97:93:77,-52,11,1,7,1,0,1,0,1,0,0,-98,0,2,1,7784395,0,83,1,128,0,""[0,0,0,0,0,0,0,0,0,0,0,0,0,3,0,5,0,6,0,7,0,7,0,8,0,8,0,7,0,6,0,6,0,5,0,3,0,1,0,0,0,-1,0,-3,0,-5,0,-7,0,-9,0,-10,-1,-11,-1,-13,-1,-13,-1,-13,-1,-13,0,-11,0,0,0,-8,0,-5,0,-2,1,0,1,2,2,5,2,7,3,9,4,11,4,12,4,13,5,12,5,12,5,11,4,9,3,7,2,5,0,3,0,1,-2,0,-4,-2,-6,-4,-8,-5,-11,-7,-14,-8,-15,-9,0,0,0,0,0,0,0,0,0,0]"""
325,"CSI_DATA,324,8c:90:2d:97:93:77,-52,11,1,7,1,0,1,0,1,0,0,-98,0,2,1,7794723,0,83,1,128,0,""[0,0,0,0,0,0,0,0,0,0,0,0,-5,0,-7,0,-8,0,-9,0,-10,-1,-10,-1,-10,0,-9,-1,-9,0,-8,-1,-7,-1,-6,0,-4,1,-2,1,0,1,3,2,5,2,7,2,9,2,10,2,12,2,12,3,14,2,14,3,13,3,11,3,0,0,7,2,4,2,1,1,-2,1,-5,0,-8,-1,-10,-1,-12,-2,-14,-2,-15,-2,-16,-2,-16,-2,-16,-2,-15,-2,-13,-2,-10,-1,-8,-1,-5,-1,-2,-1,1,-1,4,-2,7,-3,9,-4,13,-5,16,-6,17,-6,0,0,0,0,0,0,0,0,0,0]"""
326,"CSI_DATA,325,8c:90:2d:97:93:77,-52,11,1,7,1,0,1,0,1,0,0,-98,0,2,1,7804482,0,83,1,128,0,""[0,0,0,0,0,0,0,0,0,0,0,0,4,0,6,0,7,0,8,1,9,1,9,1,9,1,8,1,8,1,7,0,6,0,4,0,3,-1,1,-2,-1,-3,-3,-3,-5,-4,-7,-4,-9,-5,-10,-5,-12,-5,-13,-6,-13,-6,-14,-6,-13,-6,-11,-6,0,0,-7,-5,-5,-4,-2,-3,1,-1,4,0,6,1,9,2,11,3,12,4,13,4,14,5,15,4,14,4,13,4,11,3,9,3,7,2,4,1,1,0,-3,0,-5,0,-8,0,-11,0,-14,0,-17,0,-20,0,0,0,0,0,0,0,0,0,0,0]"""
327,"CSI_DATA,326,8c:90:2d:97:93:77,-52,11,1,7,1,0,1,0,1,0,0,-97,0,2,1,7816836,0,83,1,128,0,""[0,0,0,0,0,0,0,0,0,0,0,0,-1,4,-1,5,-1,7,-1,8,-2,9,-2,9,-2,9,-2,8,-2,8,-2,7,-1,6,-1,5,0,3,1,1,1,-1,2,-3,3,-4,4,-7,4,-8,5,-10,5,-11,6,-12,6,-13,6,-13,6,-12,6,-11,0,0,4,-7,3,-4,2,-1,0,1,-2,4,-3,6,-5,8,-6,10,-7,11,-8,12,-8,13,-8,13,-8,13,-7,11,-6,10,-5,8,-4,6,-3,4,-2,1,0,-2,0,-5,1,-9,2,-11,2,-14,2,-16,3,-19,0,0,0,0,0,0,0,0,0,0]"""
328,"CSI_DATA,327,8c:90:2d:97:93:77,-52,11,1,7,1,0,1,0,1,0,0,-97,0,2,1,7825273,0,83,1,128,0,""[0,0,0,0,0,0,0,0,0,0,0,0,3,0,4,1,5,2,6,3,6,3,6,4,7,3,6,3,6,3,5,2,4,1,3,1,2,0,1,0,0,-2,-1,-3,-2,-4,-4,-6,-5,-7,-6,-8,-7,-9,-8,-10,-8,-11,-8,-10,-7,-10,-6,-9,0,0,-3,-6,-2,-4,0,-2,0,0,1,1,3,4,4,6,6,7,7,9,8,10,8,10,8,10,8,10,7,9,6,8,5,6,3,4,1,2,0,0,-1,0,-3,-2,-5,-4,-8,-6,-11,-7,-14,-9,-15,-10,0,0,0,0,0,0,0,0,0,0]"""
329,"CSI_DATA,328,8c:90:2d:97:93:77,-52,11,1,7,1,0,1,0,1,0,0,-97,0,2,1,7834467,0,83,1,128,0,""[0,0,0,0,0,0,0,0,0,0,0,0,-2,-5,-2,-6,-2,-8,-2,-9,-2,-9,-2,-10,-2,-10,-2,-9,-2,-8,-2,-8,-2,-7,-2,-6,-2,-4,-2,-1,-2,0,-2,3,-3,5,-2,7,-3,9,-3,10,-3,12,-3,13,-3,13,-3,13,-3,13,-3,11,0,0,-3,7,-3,4,-2,1,-1,-2,0,-5,0,-8,1,-10,2,-12,2,-13,2,-15,2,-15,2,-16,2,-15,2,-14,1,-12,1,-10,1,-8,0,-5,0,-2,0,1,0,4,0,8,1,10,1,14,2,15,2,18,0,0,0,0,0,0,0,0,0,0]"""
330,"CSI_DATA,329,8c:90:2d:97:93:77,-52,11,1,7,1,0,1,0,1,0,0,-97,0,2,1,7844336,0,83,1,128,0,""[0,0,0,0,0,0,0,0,0,0,0,0,-5,-1,-7,-1,-8,-1,-9,-1,-10,-1,-10,-1,-10,-1,-9,-1,-9,-1,-8,-1,-7,0,-5,0,-4,0,-2,0,1,1,3,1,5,1,7,1,9,1,10,1,12,0,13,0,13,0,14,0,13,1,11,0,0,0,7,1,5,1,2,2,-1,1,-5,2,-7,2,-10,2,-12,2,-13,3,-15,3,-15,3,-15,4,-15,4,-14,4,-11,3,-10,3,-8,2,-5,1,-2,0,0,-2,2,-4,4,-7,6,-9,8,-11,9,-14,11,-15,0,0,0,0,0,0,0,0,0,0]"""
331,"CSI_DATA,330,8c:90:2d:97:93:77,-52,11,1,7,1,0,1,0,1,0,0,-97,0,2,1,7854568,0,83,1,128,0,""[0,0,0,0,0,0,0,0,0,0,0,0,-5,1,-6,2,-7,3,-8,3,-9,3,-9,3,-9,3,-9,3,-8,3,-7,3,-6,3,-5,2,-3,1,-1,1,1,0,3,0,5,-2,6,-2,8,-3,10,-4,11,-5,11,-5,12,-6,12,-5,12,-5,10,-5,0,0,7,-3,5,-1,2,1,-1,2,-4,3,-6,4,-8,6,-9,7,-11,8,-12,9,-13,9,-12,9,-11,9,-11,9,-9,7,-8,6,-6,4,-4,3,-3,0,-1,-2,1,-5,2,-8,2,-11,3,-14,4,-16,4,-18,0,0,0,0,0,0,0,0,0,0]"""
332,"CSI_DATA,331,8c:90:2d:97:93:77,-52,11,1,7,1,0,1,0,1,0,0,-97,0,2,1,7864481,0,83,1,128,0,""[0,0,0,0,0,0,0,0,0,0,0,0,4,-3,5,-3,6,-3,7,-4,8,-4,7,-4,8,-4,7,-5,7,-4,6,-4,5,-4,4,-3,2,-3,0,-2,-2,-1,-4,0,-5,1,-7,3,-9,3,-10,4,-11,5,-12,6,-12,7,-12,7,-11,6,-11,5,0,0,-8,3,-5,1,-3,-1,-1,-3,2,-5,3,-7,5,-8,6,-10,7,-11,8,-12,8,-13,8,-13,8,-13,7,-12,6,-11,5,-9,3,-7,3,-4,2,-2,1,1,1,4,0,8,0,10,0,13,1,16,2,18,0,0,0,0,0,0,0,0,0,0]"""
333,"CSI_DATA,332,8c:90:2d:97:93:77,-52,11,1,7,1,0,1,0,1,0,0,-97,0,2,1,7874535,0,83,1,128,0,""[0,0,0,0,0,0,0,0,0,0,0,0,-4,-4,-5,-5,-6,-6,-7,-6,-7,-7,-7,-7,-7,-7,-7,-6,-7,-6,-6,-5,-6,-4,-5,-3,-3,-2,-2,-1,0,1,1,3,3,4,5,5,6,5,8,6,10,7,10,7,11,8,11,8,10,8,9,7,0,0,5,5,3,4,0,3,-3,1,-5,0,-8,-2,-10,-2,-12,-3,-13,-4,-15,-4,-16,-4,-16,-4,-15,-3,-14,-3,-12,-2,-10,-2,-8,-2,-5,-1,-2,-2,1,-2,4,-3,6,-5,9,-6,12,-7,14,-9,16,-10,0,0,0,0,0,0,0,0,0,0]"""
334,"CSI_DATA,333,8c:90:2d:97:93:77,-52,11,1,7,1,0,1,0,1,0,0,-97,0,2,1,7884806,0,83,1,128,0,""[0,0,0,0,0,0,0,0,0,0,0,0,-5,0,-6,0,-8,-1,-9,-1,-9,-1,-10,-1,-9,-1,-9,-1,-9,-1,-8,0,-7,0,-5,0,-3,0,-2,0,1,0,2,1,5,0,6,0,9,0,10,-1,11,-1,13,-1,13,-1,13,-2,13,-1,11,-1,0,0,7,0,4,1,2,2,-1,1,-4,3,-7,3,-9,4,-11,5,-12,5,-13,6,-14,6,-14,7,-13,7,-12,6,-10,6,-9,5,-7,3,-5,2,-3,0,-1,-2,1,-5,3,-8,3,-11,5,-13,5,-15,6,-17,0,0,0,0,0,0,0,0,0,0]"""
335,"CSI_DATA,334,8c:90:2d:97:93:77,-51,11,1,6,1,0,1,0,1,0,0,-97,0,2,1,7885852,0,83,1,128,0,""[0,0,0,0,0,0,0,0,0,0,0,0,-6,0,-7,0,-10,0,-11,-1,-12,-1,-12,-1,-12,-1,-11,-1,-11,0,-10,0,-7,0,-6,0,-4,0,-2,1,1,1,3,2,5,2,7,2,10,2,12,2,14,1,15,2,16,2,15,2,15,3,13,2,0,0,8,1,5,2,1,2,-2,1,-5,1,-8,0,-12,0,-14,0,-16,0,-19,0,-20,0,-20,0,-19,0,-17,0,-15,1,-12,0,-10,0,-5,0,-2,0,1,-2,4,-3,7,-5,11,-7,13,-8,17,-11,19,-11,0,0,0,0,0,0,0,0,0,0]"""
336,"CSI_DATA,335,8c:90:2d:97:93:77,-52,11,1,7,1,0,1,0,1,0,0,-97,0,2,1,7894796,0,83,1,128,0,""[0,0,0,0,0,0,0,0,0,0,0,0,0,-4,0,-6,0,-7,0,-8,0,-9,0,-9,0,-9,0,-8,0,-8,0,-7,0,-6,0,-4,-1,-2,-1,-1,-2,0,-1,2,-1,4,-1,6,-2,8,-2,9,-2,11,-2,12,-2,12,-2,12,-2,12,-2,11,0,0,-2,6,-2,3,-1,0,-1,-1,0,-4,0,-7,0,-9,0,-11,0,-13,0,-14,0,-15,0,-15,0,-15,0,-13,0,-11,0,-10,0,-7,0,-5,0,-1,0,0,0,3,1,6,2,9,3,12,5,14,5,16,0,0,0,0,0,0,0,0,0,0]"""
337,"CSI_DATA,336,8c:90:2d:97:93:77,-52,11,1,7,1,0,1,0,1,0,0,-97,0,2,1,7904406,0,83,1,128,0,""[0,0,0,0,0,0,0,0,0,0,0,0,0,4,0,5,0,6,0,7,0,8,0,8,0,8,0,8,0,7,0,6,0,5,0,4,0,2,0,0,0,-1,0,-2,1,-4,1,-7,1,-9,2,-10,2,-12,2,-12,2,-13,2,-13,3,-12,3,-11,0,0,2,-7,1,-4,0,-1,0,0,0,3,0,6,-1,8,-2,10,-2,12,-2,14,-3,14,-2,14,-2,13,-2,12,-2,11,-1,8,-1,6,-1,3,0,1,0,0,-1,-4,-1,-7,-2,-10,-2,-13,-3,-16,-3,-17,0,0,0,0,0,0,0,0,0,0]"""
338,"CSI_DATA,337,8c:90:2d:97:93:77,-52,11,1,7,1,0,1,0,1,0,0,-97,0,2,1,7915117,0,83,1,128,0,""[0,0,0,0,0,0,0,0,0,0,0,0,-5,-1,-7,0,-8,-1,-9,-1,-10,-1,-10,-1,-10,-1,-9,-1,-9,-1,-8,-1,-7,0,-5,0,-4,1,-2,1,1,1,3,1,5,1,7,1,9,1,10,1,12,0,13,0,13,0,13,0,13,1,11,1,0,0,7,1,5,1,1,2,-2,1,-5,2,-8,2,-10,2,-11,2,-13,2,-15,3,-16,3,-15,3,-14,3,-13,4,-12,3,-10,2,-8,2,-5,1,-2,-1,0,-2,3,-4,5,-7,6,-9,9,-11,10,-13,12,-14,0,0,0,0,0,0,0,0,0,0]"""
339,"CSI_DATA,338,8c:90:2d:97:93:77,-52,11,1,7,1,0,1,0,1,0,0,-97,0,2,1,7924566,0,83,1,128,0,""[0,0,0,0,0,0,0,0,0,0,0,0,-3,3,-4,5,-5,6,-6,6,-6,7,-6,7,-6,7,-6,7,-5,7,-4,6,-4,5,-3,4,-1,2,0,1,1,-1,2,-2,4,-4,5,-6,6,-7,7,-9,7,-10,8,-12,8,-12,8,-12,8,-11,7,-10,0,0,5,-7,3,-4,2,-1,1,1,-1,4,-3,6,-4,9,-4,11,-5,12,-6,14,-6,14,-6,14,-5,14,-5,12,-4,11,-3,9,-2,6,-2,5,-2,1,-2,-2,-3,-5,-2,-9,-3,-11,-4,-14,-5,-16,-6,-19,0,0,0,0,0,0,0,0,0,0]"""
340,"CSI_DATA,339,8c:90:2d:97:93:77,-52,11,1,7,1,0,1,0,1,0,0,-97,0,2,1,7934333,0,83,1,128,0,""[0,0,0,0,0,0,0,0,0,0,0,0,-4,0,-6,0,-7,-1,-8,-2,-8,-2,-9,-2,-9,-2,-8,-2,-8,-2,-7,-1,-6,-1,-4,0,-3,0,-1,0,0,1,1,2,3,2,4,3,6,4,7,5,9,5,9,6,10,7,10,6,9,6,8,6,0,0,4,4,2,2,0,1,-1,0,-4,-1,-6,-3,-8,-4,-9,-6,-11,-7,-12,-7,-12,-8,-13,-7,-12,-7,-11,-7,-10,-6,-8,-5,-6,-3,-3,-2,-1,-1,0,0,3,0,6,0,9,1,12,1,15,2,17,2,0,0,0,0,0,0,0,0,0,0]"""
341,"CSI_DATA,340,8c:90:2d:97:93:77,-52,11,1,7,1,0,1,0,1,0,0,-97,0,2,1,7944425,0,83,1,128,0,""[0,0,0,0,0,0,0,0,0,0,0,0,0,3,0,5,0,6,0,7,0,8,0,8,0,8,0,8,0,7,0,6,0,5,0,4,0,2,0,0,0,0,1,-2,1,-4,1,-7,2,-8,2,-10,2,-11,2,-12,3,-13,2,-13,3,-12,3,-11,0,0,2,-7,1,-4,0,-1,0,0,0,3,0,6,-1,8,-2,10,-2,12,-2,13,-3,14,-3,14,-2,13,-2,12,-1,10,-1,8,-1,6,-1,4,0,1,-1,-1,-1,-4,-1,-7,-2,-10,-2,-14,-3,-16,-4,-18,0,0,0,0,0,0,0,0,0,0]"""
342,"CSI_DATA,341,8c:90:2d:97:93:77,-52,11,1,7,1,0,1,0,1,0,0,-97,0,2,1,7954480,0,83,1,128,0,""[0,0,0,0,0,0,0,0,0,0,0,0,4,-2,5,-3,7,-3,7,-3,8,-3,8,-3,8,-3,8,-3,8,-3,7,-3,6,-3,4,-3,2,-2,0,-2,-2,-2,-4,-2,-6,-1,-8,-1,-10,0,-12,0,-13,1,-14,1,-15,1,-14,1,-14,0,-12,0,0,0,-8,-1,-6,-1,-3,-2,0,-2,3,-2,6,-2,9,-3,11,-3,13,-3,14,-3,15,-3,15,-4,14,-4,13,-3,11,-3,9,-3,7,-2,4,-2,1,-1,-2,1,-4,2,-7,4,-9,6,-12,8,-14,9,-16,10,0,0,0,0,0,0,0,0,0,0]"""
343,"CSI_DATA,342,8c:90:2d:97:93:77,-52,11,1,7,1,0,1,0,1,0,0,-97,0,2,1,7964417,0,83,1,128,0,""[0,0,0,0,0,0,0,0,0,0,0,0,1,-5,1,-7,2,-8,2,-8,2,-9,2,-9,2,-9,2,-9,2,-8,1,-8,1,-7,0,-5,0,-4,-1,-2,-2,0,-3,2,-4,4,-4,6,-5,8,-6,9,-6,10,-7,11,-7,12,-7,12,-7,11,-6,10,0,0,-5,6,-4,3,-3,0,-2,-2,0,-5,1,-8,2,-10,3,-12,3,-13,4,-14,4,-15,4,-15,4,-15,3,-14,3,-12,2,-10,1,-8,1,-5,0,-2,0,1,1,4,1,8,2,10,2,13,3,15,3,18,0,0,0,0,0,0,0,0,0,0]"""
344,"CSI_DATA,343,8c:90:2d:97:93:77,-52,11,1,7,1,0,1,0,1,0,0,-97,0,2,1,7974674,0,83,1,128,0,""[0,0,0,0,0,0,0,0,0,0,0,0,4,2,5,2,6,3,7,4,7,4,8,4,8,5,7,4,7,4,6,3,6,2,4,1,3,0,2,-1,0,-2,-2,-4,-4,-5,-6,-6,-7,-7,-9,-8,-10,-9,-11,-9,-11,-10,-12,-10,-10,-10,-9,-9,0,0,-6,-6,-4,-5,-1,-3,2,-1,3,1,6,3,8,4,9,6,11,6,12,7,13,8,13,7,12,7,12,6,10,5,8,4,6,3,3,2,1,1,-3,0,-5,-1,-8,-1,-11,-1,-14,-2,-17,-2,-20,-2,0,0,0,0,0,0,0,0,0,0]"""
345,"CSI_DATA,344,8c:90:2d:97:93:77,-52,11,1,7,1,0,1,0,1,0,0,-97,0,2,1,7987317,0,83,1,128,0,""[0,0,0,0,0,0,0,0,0,0,0,0,-2,-6,-2,-7,-1,-8,-1,-10,-1,-10,-1,-11,-1,-11,-2,-10,-2,-10,-2,-8,-2,-8,-2,-6,-2,-4,-2,-2,-2,1,-2,3,-2,5,-2,8,-2,10,-1,11,-2,13,-1,14,-1,15,-1,15,-2,14,-2,13,0,0,-3,8,-2,5,-2,1,-3,-1,-2,-5,-2,-8,-2,-11,-2,-13,-3,-15,-3,-16,-3,-17,-3,-17,-2,-16,-3,-15,-2,-13,-2,-12,-2,-8,-1,-6,0,-3,1,0,3,3,4,7,6,9,8,12,10,14,11,16,0,0,0,0,0,0,0,0,0,0]"""
346,"CSI_DATA,345,8c:90:2d:97:93:77,-51,11,1,7,1,0,1,0,1,0,0,-97,0,2,1,7994551,0,83,1,128,0,""[0,0,0,0,0,0,0,0,0,0,0,0,-2,-5,-3,-6,-3,-7,-3,-8,-3,-9,-4,-9,-4,-9,-4,-9,-3,-8,-3,-7,-3,-6,-3,-5,-3,-3,-2,-1,-2,1,-1,3,0,5,1,7,1,9,1,10,2,11,2,12,2,13,3,13,2,12,1,11,0,0,0,7,-1,5,-1,2,-3,-1,-3,-4,-4,-7,-4,-9,-5,-11,-6,-13,-7,-14,-7,-14,-7,-14,-7,-14,-7,-12,-5,-11,-5,-9,-4,-7,-2,-5,-1,-3,2,0,3,2,5,5,8,6,10,8,13,9,15,11,0,0,0,0,0,0,0,0,0,0]"""
347,"CSI_DATA,346,8c:90:2d:97:93:77,-51,11,1,7,1,0,1,0,1,0,0,-97,0,2,1,8004445,0,83,1,128,0,""[0,0,0,0,0,0,0,0,0,0,0,0,-4,-4,-5,-5,-5,-6,-6,-7,-6,-7,-6,-8,-6,-8,-6,-7,-6,-7,-5,-6,-5,-5,-4,-4,-3,-2,-2,-1,-1,1,0,3,1,5,3,6,3,8,4,9,5,10,6,11,6,12,6,12,5,12,5,10,0,0,2,7,1,5,-1,2,-3,-1,-4,-3,-5,-6,-6,-8,-8,-9,-9,-11,-9,-12,-10,-13,-10,-12,-10,-12,-9,-11,-8,-10,-7,-8,-6,-7,-3,-4,-1,-2,1,0,4,1,6,3,9,4,12,5,14,7,16,8,0,0,0,0,0,0,0,0,0,0]"""
348,"CSI_DATA,347,8c:90:2d:97:93:77,-52,11,1,7,1,0,1,0,1,0,0,-97,0,2,1,8014463,0,83,1,128,0,""[0,0,0,0,0,0,0,0,0,0,0,0,1,2,2,4,3,5,3,6,3,7,3,7,3,7,3,7,3,6,3,5,2,4,1,2,1,1,1,0,0,-1,0,-3,0,-5,0,-7,0,-9,0,-11,0,-12,-1,-13,-1,-13,0,-14,0,-13,0,-12,0,0,0,-8,0,-4,0,-1,0,0,0,3,0,6,0,8,0,10,0,12,0,13,0,14,0,14,0,13,0,12,0,11,0,9,0,6,0,3,0,1,0,-1,-1,-4,-1,-7,-2,-10,-2,-13,-3,-15,-4,-18,0,0,0,0,0,0,0,0,0,0]"""
349,"CSI_DATA,348,8c:90:2d:97:93:77,-52,11,1,7,1,0,1,0,1,0,0,-97,0,2,1,8024416,0,83,1,128,0,""[0,0,0,0,0,0,0,0,0,0,0,0,-3,-3,-4,-4,-5,-5,-5,-6,-6,-7,-6,-7,-6,-7,-6,-7,-6,-6,-5,-5,-4,-4,-3,-3,-3,-1,-2,0,-1,0,0,2,0,4,1,6,2,8,3,9,4,10,4,12,5,12,4,12,3,12,3,10,0,0,1,6,0,4,0,1,-1,0,-2,-3,-3,-6,-4,-8,-5,-10,-6,-12,-6,-13,-6,-14,-7,-14,-7,-13,-6,-12,-6,-11,-4,-9,-4,-6,-2,-4,0,-1,0,0,2,2,4,4,7,6,8,9,11,10,13,12,0,0,0,0,0,0,0,0,0,0]"""
350,"CSI_DATA,349,8c:90:2d:97:93:77,-52,11,1,7,1,0,1,0,1,0,0,-97,0,2,1,8034357,0,83,1,128,0,""[0,0,0,0,0,0,0,0,0,0,0,0,-5,1,-6,1,-8,2,-9,1,-10,2,-10,1,-10,2,-9,2,-9,2,-8,2,-7,2,-5,1,-3,1,-1,1,1,1,3,0,5,0,7,-1,9,-1,11,-2,12,-3,13,-3,14,-3,14,-3,13,-2,11,-2,0,0,8,-1,5,0,2,1,-1,1,-4,2,-7,3,-9,4,-11,4,-13,5,-14,5,-15,6,-15,6,-14,6,-13,5,-11,5,-9,4,-8,3,-5,2,-2,0,0,-2,2,-4,4,-7,5,-10,7,-12,9,-14,10,-16,0,0,0,0,0,0,0,0,0,0]"""
351,"CSI_DATA,350,8c:90:2d:97:93:77,-52,11,1,7,1,0,1,0,1,0,0,-97,0,2,1,8044364,0,83,1,128,0,""[0,0,0,0,0,0,0,0,0,0,0,0,-5,2,-6,2,-7,3,-8,3,-8,4,-9,4,-9,4,-8,4,-8,3,-7,3,-6,3,-5,3,-3,2,-1,1,1,0,3,-1,5,-1,7,-3,8,-3,10,-4,11,-5,11,-5,12,-6,12,-6,12,-5,10,-5,0,0,7,-2,5,-1,2,0,-1,1,-4,3,-6,4,-8,5,-10,6,-11,7,-12,8,-13,8,-13,8,-12,9,-11,8,-9,7,-8,6,-6,4,-4,3,-2,1,-1,-2,1,-5,3,-8,3,-11,4,-13,5,-15,6,-19,0,0,0,0,0,0,0,0,0,0]"""
352,"CSI_DATA,351,8c:90:2d:97:93:77,-52,11,1,7,1,0,1,0,1,0,0,-97,0,2,1,8057771,0,83,1,128,0,""[0,0,0,0,0,0,0,0,0,0,0,0,-2,-4,-3,-5,-3,-6,-4,-7,-4,-8,-4,-8,-4,-8,-4,-7,-4,-7,-3,-6,-3,-5,-2,-3,-2,-2,-1,0,0,0,0,2,0,4,1,6,2,7,2,9,3,10,4,11,4,12,4,12,3,11,3,10,0,0,0,6,0,4,0,1,-2,0,-3,-3,-4,-5,-5,-7,-6,-9,-7,-11,-8,-12,-8,-13,-9,-12,-8,-12,-8,-10,-7,-9,-5,-8,-5,-5,-2,-3,0,-2,0,0,3,0,5,2,8,3,11,4,14,6,16,6,0,0,0,0,0,0,0,0,0,0]"""
353,"CSI_DATA,352,8c:90:2d:97:93:77,-52,11,1,7,1,0,1,0,1,0,0,-97,0,2,1,8064471,0,83,1,128,0,""[0,0,0,0,0,0,0,0,0,0,0,0,2,-4,3,-5,4,-6,5,-7,6,-7,6,-7,6,-7,5,-7,5,-7,4,-6,3,-6,2,-5,1,-4,-1,-2,-3,-1,-4,0,-5,2,-7,4,-8,5,-9,7,-10,7,-10,8,-11,9,-11,9,-11,8,-10,7,0,0,-7,4,-5,2,-3,0,-1,-2,1,-5,3,-7,5,-8,6,-10,7,-11,8,-13,8,-13,8,-13,8,-13,7,-12,6,-11,5,-9,4,-7,2,-5,1,-2,0,1,-1,4,-1,8,-2,10,-2,13,-2,16,-2,18,0,0,0,0,0,0,0,0,0,0]"""
354,"CSI_DATA,353,8c:90:2d:97:93:77,-52,11,1,7,1,0,1,0,1,0,1,-97,0,2,1,8074759,0,83,1,128,0,""[0,0,0,0,0,0,0,0,0,0,0,0,-4,3,-5,4,-6,5,-6,5,-7,5,-7,6,-7,6,-7,6,-6,5,-5,5,-5,4,-3,3,-2,2,0,1,1,0,2,-2,4,-3,5,-5,7,-6,7,-7,9,-8,9,-9,9,-10,9,-10,9,-9,9,-8,0,0,6,-5,4,-3,2,-1,0,1,-2,4,-4,6,-5,8,-6,9,-7,11,-8,12,-8,13,-8,12,-8,12,-7,12,-6,10,-5,8,-4,6,-3,4,-2,1,-1,-2,-2,-5,-1,-9,-1,-11,-1,-14,-2,-16,-3,-19,0,0,0,0,0,0,0,0,0,0]"""
355,"CSI_DATA,354,8c:90:2d:97:93:77,-52,11,1,7,1,0,1,0,1,0,1,-97,0,2,1,8084577,0,83,1,128,0,""[0,0,0,0,0,0,0,0,0,0,0,0,-4,3,-5,3,-6,4,-7,4,-8,5,-8,5,-8,5,-7,5,-7,5,-6,4,-5,4,-4,3,-2,2,-1,1,1,0,3,-1,4,-2,6,-4,8,-5,9,-6,10,-7,11,-8,10,-8,11,-8,11,-8,10,-7,0,0,6,-4,4,-2,2,0,0,1,-3,4,-5,5,-7,7,-8,9,-9,10,-10,10,-10,11,-10,11,-9,11,-9,10,-7,9,-7,8,-5,5,-4,3,-2,1,-1,-2,-1,-5,1,-9,0,-11,1,-14,1,-16,1,-19,0,0,0,0,0,0,0,0,0,0]"""
356,"CSI_DATA,355,8c:90:2d:97:93:77,-52,11,1,7,1,0,1,0,1,0,1,-97,0,2,1,8094377,0,83,1,128,0,""[0,0,0,0,0,0,0,0,0,0,0,0,4,-2,5,-3,6,-3,7,-3,8,-3,8,-3,8,-4,8,-3,7,-4,6,-3,5,-3,4,-3,2,-3,0,-2,-2,-1,-4,-1,-5,0,-8,1,-9,2,-11,3,-12,3,-13,4,-13,4,-14,3,-13,3,-12,3,0,0,-8,1,-6,-1,-3,-2,-1,-2,3,-4,5,-5,7,-6,9,-7,10,-8,12,-9,12,-9,12,-9,11,-9,10,-9,9,-8,7,-7,5,-5,3,-4,2,-2,0,1,-2,3,-3,7,-4,10,-6,12,-6,14,-7,17,0,0,0,0,0,0,0,0,0,0]"""
357,"CSI_DATA,356,8c:90:2d:97:93:77,-52,11,1,7,1,0,1,0,1,0,1,-97,0,2,1,8104384,0,83,1,128,0,""[0,0,0,0,0,0,0,0,0,0,0,0,0,-4,0,-5,0,-7,0,-8,0,-9,1,-8,1,-9,1,-8,0,-8,0,-7,0,-6,0,-5,0,-3,-1,-1,-2,0,-2,0,-3,3,-4,5,-5,6,-6,8,-6,9,-6,10,-7,10,-7,10,-7,9,-6,8,0,0,-5,5,-3,2,-2,0,0,-1,0,-4,2,-6,3,-8,4,-9,5,-11,6,-12,6,-13,6,-13,6,-12,5,-11,4,-10,3,-8,3,-6,1,-4,0,-1,0,0,0,3,-1,6,-2,9,-2,12,-3,14,-4,16,0,0,0,0,0,0,0,0,0,0]"""
358,"CSI_DATA,357,8c:90:2d:97:93:77,-52,11,1,7,1,0,1,0,1,0,1,-97,0,2,1,8115608,0,83,1,128,0,""[0,0,0,0,0,0,0,0,0,0,0,0,-2,4,-2,6,-3,7,-4,7,-4,8,-4,8,-4,8,-4,7,-4,7,-4,7,-3,5,-2,5,-1,3,1,2,2,0,3,-2,4,-3,5,-5,6,-7,7,-8,8,-9,9,-10,9,-10,9,-10,9,-10,8,-8,0,0,6,-5,4,-3,2,-1,-1,1,-3,3,-5,5,-7,7,-9,8,-10,9,-11,10,-11,10,-12,11,-11,10,-10,9,-9,8,-7,7,-6,5,-4,3,-2,1,0,-1,1,-4,3,-8,5,-10,6,-13,7,-15,8,-17,0,0,0,0,0,0,0,0,0,0]"""
359,"CSI_DATA,358,8c:90:2d:97:93:77,-52,11,1,7,1,0,1,0,1,0,1,-97,0,2,1,8124406,0,83,1,128,0,""[0,0,0,0,0,0,0,0,0,0,0,0,0,-5,1,-7,1,-8,2,-9,2,-9,2,-10,1,-9,1,-9,1,-9,0,-8,0,-7,0,-5,-1,-4,-1,-2,-2,0,-2,2,-2,5,-3,7,-3,8,-3,10,-2,12,-3,13,-2,13,-2,13,-3,13,-3,12,0,0,-3,7,-2,4,-2,1,-3,-2,-2,-4,-2,-8,-3,-10,-3,-12,-4,-14,-4,-15,-4,-15,-4,-15,-5,-15,-4,-14,-4,-12,-3,-10,-3,-7,-2,-5,0,-3,2,0,4,2,6,4,8,6,10,8,13,9,15,11,0,0,0,0,0,0,0,0,0,0]"""
360,"CSI_DATA,359,8c:90:2d:97:93:77,-52,11,1,7,1,0,1,0,1,0,1,-97,0,2,1,8135534,0,83,1,128,0,""[0,0,0,0,0,0,0,0,0,0,0,0,4,-4,4,-5,6,-5,7,-6,7,-6,8,-6,7,-7,7,-6,6,-6,5,-6,4,-5,3,-4,1,-3,0,-2,-2,-1,-4,1,-5,2,-7,4,-8,6,-9,7,-10,8,-11,9,-11,10,-11,9,-11,9,-10,8,0,0,-7,5,-5,2,-3,0,-2,-3,1,-5,2,-8,3,-10,4,-12,5,-13,6,-15,6,-15,6,-15,5,-15,4,-14,3,-13,3,-11,2,-8,2,-5,1,-3,1,1,2,4,2,8,3,11,4,14,5,16,6,18,0,0,0,0,0,0,0,0,0,0]"""
361,"CSI_DATA,360,8c:90:2d:97:93:77,-52,11,1,7,1,0,1,0,1,0,1,-97,0,2,1,8145411,0,83,1,128,0,""[0,0,0,0,0,0,0,0,0,0,0,0,-4,3,-5,4,-6,4,-7,5,-7,5,-7,6,-8,6,-7,6,-6,5,-5,5,-5,4,-4,3,-2,2,0,1,1,-1,2,-2,4,-4,5,-6,6,-7,8,-8,8,-9,8,-10,9,-11,9,-11,9,-10,8,-9,0,0,6,-6,4,-3,2,-1,1,2,-1,4,-3,6,-4,9,-5,10,-5,13,-5,14,-5,14,-5,14,-4,14,-4,13,-4,12,-3,9,-2,7,-2,4,-2,2,-2,-1,-3,-5,-3,-8,-4,-11,-5,-13,-7,-15,-8,-18,0,0,0,0,0,0,0,0,0,0]"""
362,"CSI_DATA,361,8c:90:2d:97:93:77,-52,11,1,7,1,0,1,0,1,0,1,-97,0,2,1,8154480,0,83,1,128,0,""[0,0,0,0,0,0,0,0,0,0,0,0,0,3,0,5,0,6,0,7,0,7,0,8,0,8,0,7,0,7,0,6,0,5,0,3,0,2,0,0,0,0,1,-2,1,-4,1,-7,2,-8,2,-10,2,-11,2,-12,2,-13,2,-13,3,-12,2,-11,0,0,2,-7,1,-4,0,-1,0,0,0,3,0,5,-1,8,-2,10,-1,11,-2,13,-2,14,-2,13,-2,13,-2,12,-1,10,-1,8,0,6,0,3,0,1,0,0,-1,-3,-1,-7,-2,-10,-3,-13,-4,-15,-4,-16,0,0,0,0,0,0,0,0,0,0]"""
363,"CSI_DATA,362,8c:90:2d:97:93:77,-52,11,1,7,1,0,1,0,1,0,1,-97,0,2,1,8164529,0,83,1,128,0,""[0,0,0,0,0,0,0,0,0,0,0,0,3,0,5,0,6,1,7,1,7,1,7,2,8,2,7,2,7,1,6,1,5,1,4,0,2,0,1,-1,0,-2,-1,-3,-3,-4,-4,-6,-6,-6,-8,-7,-9,-8,-9,-9,-10,-10,-10,-10,-9,-9,-7,-9,0,0,-4,-6,-2,-4,0,-1,0,0,1,1,3,4,5,6,6,7,7,8,8,10,9,10,8,10,8,10,8,9,7,7,5,6,4,4,1,2,0,0,-1,0,-4,-2,-5,-4,-8,-6,-11,-8,-13,-9,-15,-10,0,0,0,0,0,0,0,0,0,0]"""
364,"CSI_DATA,363,8c:90:2d:97:93:77,-51,11,1,7,1,0,1,0,1,0,0,-97,0,2,1,8174670,0,83,1,128,0,""[0,0,0,0,0,0,0,0,0,0,0,0,-1,-5,-1,-7,-1,-8,-1,-9,-1,-9,-1,-10,-1,-9,-1,-9,-1,-8,-1,-8,-2,-7,-2,-5,-2,-4,-2,-1,-1,1,-1,3,-1,5,-1,7,0,9,0,10,1,12,1,12,1,13,1,13,1,13,0,12,0,0,-1,7,-1,5,-2,2,-3,-1,-4,-4,-4,-7,-5,-9,-6,-10,-7,-12,-8,-13,-8,-14,-8,-14,-8,-13,-8,-12,-7,-10,-6,-9,-5,-7,-3,-5,-1,-3,2,-1,4,1,6,2,9,3,12,5,15,5,18,6,0,0,0,0,0,0,0,0,0,0]"""
365,"CSI_DATA,364,8c:90:2d:97:93:77,-51,11,1,7,1,0,1,0,1,0,0,-97,0,2,1,8184482,0,83,1,128,0,""[0,0,0,0,0,0,0,0,0,0,0,0,3,-4,4,-4,5,-5,7,-5,7,-6,7,-6,7,-6,7,-6,6,-5,5,-5,4,-5,3,-4,1,-3,0,-2,-2,-1,-4,0,-5,2,-7,3,-8,4,-10,6,-10,7,-11,7,-12,8,-12,8,-11,7,-11,6,0,0,-8,3,-6,1,-3,-1,-1,-2,2,-5,3,-7,5,-9,7,-10,7,-12,8,-12,9,-13,8,-13,8,-13,7,-12,6,-11,5,-9,4,-7,2,-4,2,-2,1,1,0,4,-1,8,-1,11,-1,13,0,16,0,19,0,0,0,0,0,0,0,0,0,0]"""
366,"CSI_DATA,365,8c:90:2d:97:93:77,-51,11,1,7,1,0,1,0,1,0,0,-97,0,2,1,8194599,0,83,1,128,0,""[0,0,0,0,0,0,0,0,0,0,0,0,3,-3,5,-3,7,-3,8,-4,8,-4,8,-4,8,-4,8,-4,7,-4,6,-3,5,-4,4,-3,2,-2,0,-2,-2,-1,-4,0,-6,0,-8,1,-9,3,-11,3,-14,4,-14,4,-15,5,-15,4,-14,4,-13,3,0,0,-9,1,-5,-1,-3,-2,0,-2,2,-4,5,-5,8,-6,9,-7,10,-9,11,-9,13,-10,13,-10,11,-10,10,-9,8,-8,7,-7,5,-5,4,-4,2,-2,0,1,-2,4,-3,7,-3,10,-5,14,-5,16,-6,18,0,0,0,0,0,0,0,0,0,0]"""
367,"CSI_DATA,366,8c:90:2d:97:93:77,-52,11,1,7,1,0,1,0,1,0,0,-97,0,2,1,8204417,0,83,1,128,0,""[0,0,0,0,0,0,0,0,0,0,0,0,-1,-5,-1,-7,-2,-8,-2,-9,-1,-10,-1,-10,-1,-10,-1,-10,-1,-9,-1,-8,-1,-7,-2,-6,-2,-4,-2,-2,-3,0,-3,2,-4,4,-4,6,-4,8,-5,10,-5,11,-5,12,-6,13,-6,13,-6,12,-6,10,0,0,-4,6,-4,3,-2,1,-1,-2,1,-5,2,-7,4,-9,5,-11,6,-12,7,-14,7,-14,7,-14,6,-14,6,-13,5,-11,4,-9,3,-7,2,-5,0,-2,-1,1,-2,4,-3,7,-3,10,-4,13,-5,15,-6,17,0,0,0,0,0,0,0,0,0,0]"""
368,"CSI_DATA,367,8c:90:2d:97:93:77,-52,11,1,7,1,0,1,0,1,0,0,-97,0,2,1,8214498,0,83,1,128,0,""[0,0,0,0,0,0,0,0,0,0,0,0,1,-3,2,-5,3,-5,3,-6,4,-7,4,-7,4,-7,3,-7,4,-6,3,-5,2,-5,1,-4,0,-2,0,-1,-1,0,-3,0,-4,1,-6,3,-7,4,-8,5,-9,6,-10,7,-10,8,-10,7,-10,6,-9,6,0,0,-6,3,-4,1,-2,0,0,-1,1,-3,3,-5,5,-7,6,-8,7,-9,9,-10,9,-10,9,-11,8,-10,7,-9,6,-9,5,-7,3,-5,1,-3,0,-1,0,0,-1,2,-2,6,-3,9,-4,12,-5,14,-5,16,0,0,0,0,0,0,0,0,0,0]"""
369,"CSI_DATA,368,8c:90:2d:97:93:77,-52,11,1,7,1,0,1,0,1,0,0,-97,0,2,1,8224612,0,83,1,128,0,""[0,0,0,0,0,0,0,0,0,0,0,0,4,2,5,3,6,3,6,4,7,4,7,5,7,4,7,4,7,4,6,3,5,2,4,1,3,0,1,-1,-1,-2,-3,-3,-4,-4,-6,-5,-8,-6,-10,-7,-11,-7,-12,-8,-12,-8,-13,-8,-12,-8,-11,-7,0,0,-7,-6,-4,-5,-2,-3,2,-2,4,-1,6,1,9,2,11,3,12,3,14,3,14,3,15,3,14,2,13,2,11,2,9,1,7,1,4,1,1,0,-2,1,-5,2,-8,3,-10,4,-13,5,-16,6,-18,7,0,0,0,0,0,0,0,0,0,0]"""
370,"CSI_DATA,369,8c:90:2d:97:93:77,-52,11,1,7,1,0,1,0,1,0,0,-97,0,2,1,8234498,0,83,1,128,0,""[0,0,0,0,0,0,0,0,0,0,0,0,-3,4,-3,5,-4,6,-4,7,-5,7,-5,8,-5,8,-4,7,-4,7,-3,6,-3,6,-2,4,-1,3,0,1,1,-1,2,-3,3,-5,3,-7,4,-8,5,-10,5,-12,5,-12,5,-13,5,-13,5,-13,5,-12,0,0,4,-8,3,-5,2,-2,1,1,0,4,-1,7,-1,9,-1,11,-1,13,-1,14,-1,15,-1,15,0,14,0,13,0,12,0,10,0,7,-1,4,-2,1,-3,-1,-4,-4,-5,-7,-7,-9,-8,-11,-11,-13,-12,-15,0,0,0,0,0,0,0,0,0,0]"""
371,"CSI_DATA,370,8c:90:2d:97:93:77,-52,11,1,7,1,0,1,0,1,0,0,-97,0,2,1,8244451,0,83,1,128,0,""[0,0,0,0,0,0,0,0,0,0,0,0,-2,-5,-2,-7,-2,-8,-1,-9,-2,-9,-2,-10,-2,-10,-2,-9,-2,-9,-2,-8,-2,-7,-2,-5,-2,-3,-2,-2,-2,0,-1,3,0,5,0,7,1,9,1,10,2,12,2,13,2,13,3,13,2,13,1,12,0,0,0,7,-1,5,-2,2,-3,-1,-4,-3,-4,-6,-6,-8,-6,-10,-8,-12,-8,-13,-8,-14,-9,-14,-9,-13,-8,-12,-7,-10,-6,-9,-5,-7,-3,-5,-1,-3,2,-1,4,1,7,2,10,3,12,4,15,5,17,6,0,0,0,0,0,0,0,0,0,0]"""
372,"CSI_DATA,371,8c:90:2d:97:93:77,-52,11,1,7,1,0,1,0,1,0,0,-97,0,2,1,8254422,0,83,1,128,0,""[0,0,0,0,0,0,0,0,0,0,0,0,-4,0,-6,0,-7,0,-8,0,-9,0,-9,0,-9,0,-8,0,-8,0,-7,0,-6,0,-4,0,-3,0,-1,0,0,0,2,1,4,1,6,1,8,1,9,1,11,1,12,2,12,2,12,2,12,2,10,2,0,0,6,2,3,1,0,0,-1,0,-4,0,-6,0,-9,-1,-11,-1,-13,-2,-15,-2,-15,-2,-15,-2,-14,-2,-13,-1,-11,-1,-9,-1,-7,-1,-4,0,-1,0,0,0,3,-1,6,-1,9,-2,11,-3,15,-3,17,-4,0,0,0,0,0,0,0,0,0,0]"""
373,"CSI_DATA,372,8c:90:2d:97:93:77,-52,11,1,7,1,0,1,0,1,0,0,-97,0,2,1,8264488,0,83,1,128,0,""[0,0,0,0,0,0,0,0,0,0,0,0,3,-2,4,-2,5,-3,6,-3,7,-3,7,-3,7,-3,7,-3,6,-3,5,-3,4,-3,3,-2,1,-2,0,-1,-1,-1,-3,0,-5,0,-7,0,-9,0,-10,0,-12,1,-13,1,-13,1,-14,1,-13,0,-11,0,0,0,-7,0,-5,0,-2,0,0,-1,2,-2,5,-2,8,-3,9,-3,11,-4,13,-4,13,-4,13,-4,13,-4,11,-4,10,-4,7,-3,6,-2,3,-1,0,0,-1,0,-3,2,-5,4,-8,6,-10,8,-12,10,-13,11,0,0,0,0,0,0,0,0,0,0]"""
374,"CSI_DATA,373,8c:90:2d:97:93:77,-51,11,1,7,1,0,1,0,1,0,0,-97,0,2,1,8277372,0,83,1,128,0,""[0,0,0,0,0,0,0,0,0,0,0,0,-2,4,-3,5,-4,6,-4,7,-5,7,-5,7,-5,8,-5,7,-4,7,-3,7,-3,5,-2,4,-1,3,0,1,1,-1,2,-3,2,-5,3,-7,3,-8,4,-10,4,-12,4,-13,4,-13,4,-14,4,-13,4,-12,0,0,3,-8,2,-5,2,-2,2,1,1,4,1,6,0,9,1,11,1,13,1,14,1,14,2,14,2,14,2,13,2,11,1,9,1,7,0,4,-1,2,-3,-1,-4,-3,-6,-5,-8,-7,-11,-9,-13,-11,-15,-12,0,0,0,0,0,0,0,0,0,0]"""
375,"CSI_DATA,374,8c:90:2d:97:93:77,-52,11,1,7,1,0,1,0,1,0,0,-97,0,2,1,8284426,0,83,1,128,0,""[0,0,0,0,0,0,0,0,0,0,0,0,3,3,4,4,5,5,6,6,7,6,7,6,7,6,7,6,6,5,6,4,5,3,4,2,3,1,1,0,-1,-2,-3,-4,-4,-5,-6,-6,-9,-6,-10,-7,-12,-8,-12,-8,-13,-8,-14,-9,-12,-8,-11,-7,0,0,-7,-6,-4,-5,-2,-4,1,-2,5,-1,7,0,10,0,12,1,14,1,15,1,16,1,16,1,16,1,15,0,12,0,10,-1,8,0,5,0,2,0,-1,2,-4,3,-7,5,-10,7,-12,9,-14,11,-16,12,0,0,0,0,0,0,0,0,0,0]"""
376,"CSI_DATA,375,8c:90:2d:97:93:77,-52,11,1,7,1,0,1,0,1,0,0,-97,0,2,1,8294424,0,83,1,128,0,""[0,0,0,0,0,0,0,0,0,0,0,0,1,3,1,4,1,5,1,6,2,7,2,7,2,7,2,7,1,6,2,5,1,4,0,3,1,1,0,0,0,-1,0,-3,0,-5,0,-7,-1,-9,-1,-11,-1,-11,-2,-13,-1,-13,-2,-13,-1,-13,-1,-12,0,0,0,-8,0,-4,0,-1,1,0,0,2,1,5,1,8,2,9,3,11,2,13,3,13,3,13,3,13,2,11,2,10,1,8,1,5,0,3,0,1,-1,0,-3,-3,-4,-6,-6,-8,-8,-10,-10,-12,-12,-13,0,0,0,0,0,0,0,0,0,0]"""
377,"CSI_DATA,376,8c:90:2d:97:93:77,-52,11,1,7,1,0,1,0,1,0,0,-97,0,2,1,8304550,0,83,1,128,0,""[0,0,0,0,0,0,0,0,0,0,0,0,2,2,3,3,3,4,4,5,4,6,4,6,4,6,4,6,3,5,3,4,2,4,2,2,1,1,0,0,0,-1,0,-3,-1,-5,-3,-7,-4,-8,-4,-9,-5,-10,-6,-11,-6,-12,-6,-12,-5,-12,-5,-10,0,0,-2,-7,-1,-5,0,-2,0,0,2,1,3,3,5,6,6,7,8,9,8,10,8,11,9,10,8,10,8,9,6,7,5,6,4,4,1,2,0,0,-2,0,-4,-1,-6,-2,-9,-4,-12,-5,-15,-5,-17,-6,0,0,0,0,0,0,0,0,0,0]"""
378,"CSI_DATA,377,8c:90:2d:97:93:77,-52,11,1,7,1,0,1,0,1,0,0,-97,0,2,1,8315380,0,83,1,128,0,""[0,0,0,0,0,0,0,0,0,0,0,0,0,3,1,4,1,6,1,6,1,7,1,7,1,7,1,7,1,7,1,6,0,4,0,3,0,1,0,0,0,-1,0,-3,0,-5,0,-7,0,-9,0,-10,-1,-12,-1,-13,-1,-13,-1,-13,-1,-13,0,-12,0,0,0,-8,0,-4,0,-2,0,0,0,2,1,5,1,7,2,9,3,11,3,13,3,13,3,13,3,12,3,11,2,10,2,8,1,5,0,3,0,1,-1,0,-3,-2,-5,-5,-7,-7,-9,-9,-11,-11,-13,-12,0,0,0,0,0,0,0,0,0,0]"""
379,"CSI_DATA,378,8c:90:2d:97:93:77,-52,11,1,7,1,0,1,0,1,0,0,-97,0,2,1,8326810,0,83,1,128,0,""[0,0,0,0,0,0,0,0,0,0,0,0,1,3,1,4,2,6,2,6,2,7,2,7,2,7,2,7,2,6,2,6,1,5,1,3,1,1,0,0,1,-1,0,-3,0,-5,0,-8,0,-9,-1,-11,-1,-12,-1,-13,-1,-14,-1,-14,0,-13,0,-12,0,0,0,-7,0,-4,0,-1,0,0,0,3,0,5,0,8,1,10,2,12,2,13,2,14,1,13,1,13,2,12,1,11,1,8,0,6,0,3,0,1,-1,0,-3,-3,-3,-6,-5,-9,-7,-11,-9,-13,-10,-15,0,0,0,0,0,0,0,0,0,0]"""
380,"CSI_DATA,379,8c:90:2d:97:93:77,-52,11,1,7,1,0,1,0,1,0,0,-97,0,2,1,8335705,0,83,1,128,0,""[0,0,0,0,0,0,0,0,0,0,0,0,2,-3,3,-4,4,-5,5,-6,5,-6,5,-6,5,-6,5,-6,4,-6,4,-5,3,-4,2,-3,0,-2,0,-2,-1,0,-3,0,-4,0,-6,2,-7,3,-9,5,-10,5,-11,6,-11,6,-12,6,-11,5,-10,5,0,0,-7,2,-4,0,-2,0,0,-1,1,-3,3,-4,6,-6,7,-7,8,-8,10,-9,11,-9,10,-10,10,-9,9,-8,7,-8,6,-6,4,-5,2,-3,0,-1,0,0,-1,2,-3,6,-4,8,-6,11,-7,13,-7,16,0,0,0,0,0,0,0,0,0,0]"""
381,"CSI_DATA,380,8c:90:2d:97:93:77,-52,11,1,7,1,0,1,0,1,0,0,-97,0,2,1,8344461,0,83,1,128,0,""[0,0,0,0,0,0,0,0,0,0,0,0,-4,3,-5,4,-6,4,-7,4,-8,5,-8,5,-8,5,-7,5,-7,5,-6,4,-5,4,-4,3,-2,2,-1,1,1,0,2,-1,4,-3,6,-4,7,-6,8,-7,9,-8,10,-9,10,-10,10,-10,10,-9,9,-8,0,0,6,-5,4,-3,2,0,1,1,-2,4,-3,6,-5,8,-6,10,-6,11,-7,12,-8,13,-8,14,-7,13,-6,12,-6,11,-5,9,-4,6,-3,4,-2,1,-2,-2,-2,-5,-2,-9,-2,-11,-3,-14,-4,-17,-5,-19,0,0,0,0,0,0,0,0,0,0]"""
382,"CSI_DATA,381,8c:90:2d:97:93:77,-52,11,1,7,1,0,1,0,1,0,0,-97,0,2,1,8354381,0,83,1,128,0,""[0,0,0,0,0,0,0,0,0,0,0,0,-2,-5,-2,-7,-3,-8,-3,-8,-3,-9,-3,-9,-3,-10,-3,-9,-3,-8,-3,-8,-3,-7,-2,-5,-2,-3,-2,-1,-1,1,0,3,0,5,1,7,1,8,2,10,3,11,3,12,4,13,4,13,3,12,3,11,0,0,0,7,0,5,-1,2,-3,-1,-4,-3,-5,-6,-6,-8,-7,-10,-8,-11,-9,-12,-10,-13,-10,-13,-10,-12,-9,-11,-8,-10,-6,-8,-6,-6,-3,-4,-1,-3,2,-1,5,0,7,2,10,2,12,3,15,4,18,4,0,0,0,0,0,0,0,0,0,0]"""
383,"CSI_DATA,382,8c:90:2d:97:93:77,-52,11,1,7,1,0,1,0,1,0,0,-97,0,2,1,8364484,0,83,1,128,0,""[0,0,0,0,0,0,0,0,0,0,0,0,3,2,5,3,5,4,6,5,6,5,7,6,7,5,6,5,6,4,5,4,5,3,4,2,3,1,1,-1,-1,-2,-2,-4,-4,-5,-6,-6,-7,-7,-8,-8,-9,-8,-10,-9,-11,-10,-11,-10,-10,-10,-9,-9,0,0,-5,-7,-4,-5,-1,-4,2,-1,4,1,6,2,8,4,10,5,12,6,13,6,13,7,14,6,13,6,12,5,11,5,8,3,7,2,4,2,1,1,-2,0,-5,0,-8,1,-11,1,-14,1,-17,2,-19,2,0,0,0,0,0,0,0,0,0,0]"""
384,"CSI_DATA,383,8c:90:2d:97:93:77,-52,11,1,7,1,0,1,0,1,0,0,-97,0,2,1,8374686,0,83,1,128,0,""[0,0,0,0,0,0,0,0,0,0,0,0,4,-3,5,-4,6,-4,7,-4,8,-5,8,-5,7,-5,7,-5,6,-5,5,-4,5,-4,3,-3,2,-3,0,-2,-2,-1,-4,-1,-6,1,-7,2,-9,3,-10,4,-12,5,-12,5,-13,6,-13,5,-13,5,-11,4,0,0,-8,2,-5,0,-3,-1,-1,-2,2,-4,4,-6,7,-7,8,-8,9,-9,10,-10,10,-11,11,-11,10,-11,9,-10,7,-9,6,-8,5,-6,3,-4,2,-2,0,1,-1,4,-3,7,-3,10,-4,13,-4,15,-4,17,0,0,0,0,0,0,0,0,0,0]"""
385,"CSI_DATA,384,8c:90:2d:97:93:77,-52,11,1,7,1,0,1,0,1,0,0,-97,0,2,1,8384357,0,83,1,128,0,""[0,0,0,0,0,0,0,0,0,0,0,0,2,-5,4,-5,4,-6,5,-7,6,-7,6,-7,5,-7,5,-7,5,-7,4,-6,3,-6,2,-5,1,-3,-1,-2,-2,-1,-3,1,-5,2,-6,4,-8,5,-9,7,-9,8,-10,9,-10,9,-10,9,-10,8,-10,8,0,0,-7,4,-5,2,-3,0,-2,-2,1,-5,3,-7,4,-9,5,-10,6,-12,7,-13,7,-14,7,-14,7,-13,6,-12,5,-11,4,-9,3,-7,2,-5,1,-2,1,1,0,4,-1,7,0,10,0,13,0,16,0,18,0,0,0,0,0,0,0,0,0,0]"""
386,"CSI_DATA,385,8c:90:2d:97:93:77,-52,11,1,7,1,0,1,0,1,0,0,-97,0,2,1,8394434,0,83,1,128,0,""[0,0,0,0,0,0,0,0,0,0,0,0,4,0,6,0,7,1,8,1,9,1,8,1,9,1,8,1,8,1,7,1,6,0,5,-1,3,-1,1,-1,-1,-2,-3,-3,-6,-3,-7,-3,-10,-3,-11,-3,-13,-3,-14,-3,-14,-3,-14,-3,-14,-3,-12,-3,0,0,-8,-3,-5,-3,-2,-2,1,-2,4,-3,6,-2,9,-2,11,-2,13,-2,14,-2,15,-2,15,-3,15,-3,14,-3,11,-3,9,-3,7,-2,4,-2,1,0,-1,1,-4,3,-6,5,-8,7,-11,9,-12,11,-14,13,0,0,0,0,0,0,0,0,0,0]"""
387,"CSI_DATA,386,8c:90:2d:97:93:77,-52,11,1,7,1,0,1,0,1,0,0,-97,0,2,1,8404417,0,83,1,128,0,""[0,0,0,0,0,0,0,0,0,0,0,0,-5,-2,-7,-3,-7,-3,-8,-4,-9,-4,-9,-4,-9,-4,-9,-4,-8,-4,-7,-3,-7,-3,-5,-2,-4,-1,-2,0,-1,1,2,3,4,4,5,5,7,5,8,6,10,7,10,7,11,8,11,8,10,8,9,7,0,0,5,5,3,3,1,2,-3,0,-5,-1,-7,-3,-9,-5,-11,-6,-13,-7,-13,-7,-15,-8,-14,-7,-14,-7,-13,-7,-11,-6,-10,-5,-7,-4,-5,-2,-2,-2,1,-1,4,-1,7,0,10,0,13,0,16,1,19,1,0,0,0,0,0,0,0,0,0,0]"""
388,"CSI_DATA,387,8c:90:2d:97:93:77,-52,11,1,7,1,0,1,0,1,0,0,-97,0,2,1,8414709,0,83,1,128,0,""[0,0,0,0,0,0,0,0,0,0,0,0,4,-2,5,-3,7,-3,8,-3,8,-4,9,-4,8,-4,8,-4,8,-4,6,-3,6,-3,4,-3,2,-3,0,-2,-2,-2,-4,-2,-6,-2,-8,-1,-10,0,-12,0,-13,1,-14,1,-15,1,-15,1,-14,0,-12,0,0,0,-8,-1,-6,-1,-3,-2,0,-2,4,-2,7,-2,9,-2,11,-3,13,-2,14,-3,15,-3,15,-3,14,-3,13,-3,11,-3,10,-2,7,-2,4,-2,1,-1,-2,0,-5,1,-7,3,-10,5,-12,7,-15,8,-17,9,0,0,0,0,0,0,0,0,0,0]"""
389,"CSI_DATA,388,8c:90:2d:97:93:77,-52,11,1,7,1,0,1,0,1,0,0,-97,0,2,1,8424320,0,83,1,128,0,""[0,0,0,0,0,0,0,0,0,0,0,0,-5,1,-7,1,-8,1,-9,1,-10,1,-10,0,-10,1,-9,1,-8,1,-8,1,-7,1,-5,1,-4,1,-2,1,0,1,3,2,5,2,7,1,9,1,10,1,12,1,13,1,13,2,13,2,13,2,11,2,0,0,7,2,4,1,1,1,-2,1,-4,0,-7,-1,-10,-1,-12,-2,-14,-2,-15,-2,-15,-2,-16,-2,-15,-2,-14,-2,-12,-2,-10,-2,-8,-1,-5,-1,-2,-1,1,-1,4,-1,6,-2,10,-3,13,-3,15,-4,18,-4,0,0,0,0,0,0,0,0,0,0]"""
390,"CSI_DATA,389,8c:90:2d:97:93:77,-52,11,1,7,1,0,1,0,1,0,0,-97,0,2,1,8434347,0,83,1,128,0,""[0,0,0,0,0,0,0,0,0,0,0,0,4,-3,5,-3,6,-4,8,-4,8,-4,8,-4,8,-4,8,-4,7,-4,7,-4,5,-4,4,-3,2,-3,0,-3,-2,-2,-4,-2,-6,-1,-8,-1,-10,0,-12,0,-13,1,-14,1,-15,1,-15,1,-14,0,-12,0,0,0,-9,-1,-6,-1,-3,-2,1,-2,3,-2,6,-2,9,-2,11,-2,13,-2,15,-2,15,-2,15,-3,15,-2,14,-3,11,-2,9,-2,7,-2,4,-2,1,-1,-2,0,-5,2,-7,3,-10,4,-13,6,-15,7,-18,8,0,0,0,0,0,0,0,0,0,0]"""
391,"CSI_DATA,390,8c:90:2d:97:93:77,-52,11,1,7,1,0,1,0,1,0,0,-97,0,2,1,8445004,0,83,1,128,0,""[0,0,0,0,0,0,0,0,0,0,0,0,-4,-4,-5,-5,-5,-6,-5,-7,-6,-8,-6,-8,-6,-8,-6,-8,-6,-7,-5,-6,-5,-5,-4,-4,-3,-2,-3,0,-2,1,0,3,1,5,2,7,2,8,3,10,4,11,4,12,5,13,5,12,4,12,3,11,0,0,1,7,0,5,-1,2,-2,-1,-3,-4,-4,-7,-5,-9,-6,-11,-7,-12,-8,-13,-8,-14,-8,-14,-8,-13,-7,-12,-6,-11,-5,-9,-5,-7,-2,-5,-1,-3,1,0,3,2,5,4,8,6,10,8,13,10,14,11,0,0,0,0,0,0,0,0,0,0]"""
392,"CSI_DATA,391,8c:90:2d:97:93:77,-52,11,1,7,1,0,1,0,1,0,0,-97,0,2,1,8454774,0,83,1,128,0,""[0,0,0,0,0,0,0,0,0,0,0,0,4,-1,6,0,7,0,8,0,9,0,9,0,9,0,8,0,8,0,7,0,6,-1,5,-1,3,-1,1,-2,-1,-2,-4,-3,-6,-3,-8,-3,-10,-3,-12,-3,-13,-3,-14,-3,-14,-3,-14,-3,-14,-4,-13,-3,0,0,-8,-3,-5,-3,-2,-2,1,-2,4,-2,6,-2,9,-1,11,-1,13,-1,14,-1,15,-1,15,-1,15,-1,13,-1,11,-1,9,-1,7,-1,4,-1,1,0,-2,1,-5,2,-7,3,-9,5,-12,7,-14,8,-17,9,0,0,0,0,0,0,0,0,0,0]"""
393,"CSI_DATA,392,8c:90:2d:97:93:77,-52,11,1,7,1,0,1,0,1,0,0,-97,0,2,1,8467009,0,83,1,128,0,""[0,0,0,0,0,0,0,0,0,0,0,0,-4,0,-6,-1,-7,-1,-8,-1,-9,-2,-9,-2,-9,-2,-9,-1,-8,-1,-7,-1,-6,-1,-4,0,-3,0,-1,0,0,0,1,2,3,2,5,3,6,3,8,4,9,4,11,5,11,5,11,5,10,5,9,5,0,0,4,3,3,2,0,1,-2,0,-4,0,-6,-2,-8,-3,-10,-4,-12,-5,-14,-6,-14,-6,-14,-5,-14,-5,-13,-4,-11,-4,-9,-3,-7,-2,-3,-1,-1,0,1,0,3,0,6,0,9,0,12,0,15,0,17,0,0,0,0,0,0,0,0,0,0,0]"""
394,"CSI_DATA,393,8c:90:2d:97:93:77,-52,11,1,7,1,0,1,0,1,0,0,-97,0,2,1,8474661,0,83,1,128,0,""[0,0,0,0,0,0,0,0,0,0,0,0,-4,3,-5,4,-6,5,-6,6,-7,6,-7,6,-7,6,-7,6,-6,6,-6,5,-4,5,-4,4,-2,2,0,2,1,0,3,-1,5,-2,6,-4,7,-5,9,-6,10,-7,11,-8,11,-8,12,-8,12,-7,10,-6,0,0,7,-4,5,-2,2,0,-1,1,-3,3,-6,4,-8,6,-10,7,-11,8,-12,9,-12,9,-13,9,-12,9,-11,8,-10,7,-8,6,-6,4,-4,3,-2,1,0,-2,1,-4,3,-8,5,-10,6,-13,7,-15,8,-17,0,0,0,0,0,0,0,0,0,0]"""
395,"CSI_DATA,394,8c:90:2d:97:93:77,-51,11,1,7,1,0,1,0,1,0,0,-97,0,2,1,8510782,0,83,1,128,0,""[0,0,0,0,0,0,0,0,0,0,0,0,2,-4,3,-6,4,-6,5,-7,5,-7,5,-7,5,-8,5,-7,4,-7,4,-6,3,-6,2,-4,1,-4,-1,-2,-2,0,-3,1,-4,3,-5,5,-6,6,-7,8,-8,9,-8,10,-8,11,-8,11,-8,10,-8,9,0,0,-6,5,-5,3,-3,0,-2,-2,0,-5,1,-7,2,-10,2,-12,2,-14,3,-15,3,-15,2,-15,2,-15,2,-14,2,-12,1,-10,0,-8,1,-5,1,-3,1,0,2,3,3,6,4,9,6,11,7,14,9,16,0,0,0,0,0,0,0,0,0,0]"""
396,"CSI_DATA,395,8c:90:2d:97:93:77,-51,11,1,7,1,0,1,0,1,0,0,-97,0,2,1,8515927,0,83,1,128,0,""[0,0,0,0,0,0,0,0,0,0,0,0,-5,-3,-6,-4,-7,-5,-7,-5,-8,-6,-8,-6,-8,-6,-8,-5,-7,-5,-7,-5,-6,-3,-5,-3,-4,-2,-2,0,0,1,1,2,3,3,5,4,7,5,8,5,10,6,11,7,13,7,13,6,11,7,10,6,0,0,6,4,3,3,1,2,-2,1,-5,0,-8,-1,-10,-2,-13,-2,-15,-3,-16,-3,-17,-3,-17,-2,-17,-2,-15,-2,-13,-1,-10,-1,-8,-1,-5,-1,-2,-1,0,-2,4,-3,6,-5,8,-6,11,-8,14,-9,16,-10,0,0,0,0,0,0,0,0,0,0]"""
397,"CSI_DATA,396,8c:90:2d:97:93:77,-51,11,1,7,1,0,1,0,1,0,0,-97,0,2,1,8521036,0,83,1,128,0,""[0,0,0,0,0,0,0,0,0,0,0,0,1,4,1,6,1,7,1,8,1,8,1,9,1,9,1,8,1,8,1,7,1,6,1,4,1,2,1,1,1,-2,0,-4,0,-6,0,-8,-1,-10,-1,-11,-2,-13,-2,-14,-2,-14,-3,-14,-1,-14,-1,-13,0,0,0,-9,0,-6,1,-3,2,0,2,3,3,6,3,8,4,10,5,12,5,13,6,14,6,14,6,13,5,12,5,10,3,9,3,6,1,4,-1,2,-3,0,-5,-3,-7,-5,-9,-6,-12,-8,-15,-9,-18,-10,0,0,0,0,0,0,0,0,0,0]"""
398,"CSI_DATA,397,8c:90:2d:97:93:77,-52,11,1,7,1,0,1,0,1,0,0,-97,0,2,1,8526381,0,83,1,128,0,""[0,0,0,0,0,0,0,0,0,0,0,0,-4,1,-6,1,-7,2,-8,2,-8,2,-8,2,-9,2,-8,2,-8,2,-7,1,-6,2,-4,1,-2,1,0,1,0,0,2,0,4,0,6,0,8,0,10,0,11,0,13,0,13,0,13,0,12,0,11,0,0,0,6,0,4,0,0,0,-1,0,-3,0,-7,0,-9,-1,-11,-1,-13,-2,-15,-2,-15,-2,-15,-2,-15,-2,-13,-1,-12,-1,-9,-1,-8,-1,-4,0,-1,0,1,0,4,0,6,0,9,0,12,-1,16,-1,18,-1,0,0,0,0,0,0,0,0,0,0]"""
399,"CSI_DATA,398,8c:90:2d:97:93:77,-52,11,1,7,1,0,1,0,1,0,0,-97,0,2,1,8531201,0,83,1,128,0,""[0,0,0,0,0,0,0,0,0,0,0,0,2,-4,3,-6,4,-7,4,-7,5,-8,6,-8,5,-8,5,-7,5,-7,4,-7,4,-6,2,-5,1,-4,-1,-3,-3,-1,-4,0,-6,1,-8,3,-9,4,-10,5,-11,6,-12,6,-13,6,-13,6,-13,5,-11,4,0,0,-8,2,-6,1,-3,-1,0,-2,3,-3,5,-4,8,-5,10,-6,12,-6,13,-7,14,-7,13,-8,13,-7,12,-7,10,-6,8,-5,6,-4,3,-3,1,-1,-2,0,-4,2,-6,5,-8,7,-11,9,-13,11,-14,11,0,0,0,0,0,0,0,0,0,0]"""
400,"CSI_DATA,399,8c:90:2d:97:93:77,-52,11,1,7,1,0,1,0,1,0,0,-97,0,2,1,8536047,0,83,1,128,0,""[0,0,0,0,0,0,0,0,0,0,0,0,-4,0,-6,0,-7,-1,-8,-1,-8,-1,-9,-2,-9,-2,-8,-2,-8,-1,-7,-1,-6,-1,-5,0,-3,0,-2,0,0,1,0,2,2,3,4,4,6,5,7,6,8,6,9,7,9,8,9,7,9,8,7,7,0,0,4,5,2,2,0,0,-1,0,-3,-2,-5,-4,-7,-6,-8,-7,-9,-9,-10,-9,-10,-11,-11,-10,-10,-10,-9,-9,-8,-8,-6,-7,-5,-4,-3,-3,-1,-1,0,0,3,1,5,3,7,4,10,6,13,7,14,8,0,0,0,0,0,0,0,0,0,0]"""
401,"CSI_DATA,400,8c:90:2d:97:93:77,-52,11,1,7,1,0,1,0,1,0,0,-97,0,2,1,8544787,0,83,1,128,0,""[0,0,0,0,0,0,0,0,0,0,0,0,-4,3,-5,4,-6,5,-7,5,-8,5,-8,5,-8,5,-8,5,-7,4,-6,4,-5,4,-4,3,-3,2,-1,2,1,1,3,0,5,-1,7,-2,9,-3,10,-3,12,-4,12,-4,13,-4,13,-4,13,-4,11,-3,0,0,7,-2,5,-1,2,0,-2,1,-4,1,-7,2,-10,2,-12,2,-14,2,-15,3,-16,3,-16,3,-15,3,-14,3,-12,2,-10,2,-8,1,-5,1,-2,0,1,-1,4,-2,6,-4,9,-5,11,-7,14,-8,16,-9,0,0,0,0,0,0,0,0,0,0]"""
402,"CSI_DATA,401,8c:90:2d:97:93:77,-52,11,1,7,1,0,1,0,1,0,0,-97,0,2,1,8554383,0,83,1,128,0,""[0,0,0,0,0,0,0,0,0,0,0,0,-4,0,-6,0,-7,-1,-8,-1,-9,-1,-9,-1,-9,-1,-8,-1,-8,-1,-7,0,-6,0,-5,0,-3,0,-1,0,0,0,1,1,3,1,5,1,7,1,9,1,10,2,11,1,12,2,12,2,11,2,10,2,0,0,6,1,3,1,0,1,-1,0,-4,0,-6,0,-9,0,-11,0,-13,0,-14,0,-15,0,-15,0,-14,0,-13,0,-11,0,-9,0,-7,0,-4,0,-1,0,0,0,3,-2,5,-4,8,-5,10,-6,13,-7,15,-8,0,0,0,0,0,0,0,0,0,0]"""
403,"CSI_DATA,402,8c:90:2d:97:93:77,-52,11,1,7,1,0,1,0,1,0,0,-97,0,2,1,8564491,0,83,1,128,0,""[0,0,0,0,0,0,0,0,0,0,0,0,0,-4,1,-5,1,-7,1,-7,2,-8,2,-8,2,-8,2,-8,1,-7,1,-6,0,-6,0,-4,0,-3,0,-1,-1,0,-2,1,-3,2,-4,4,-4,6,-5,8,-5,9,-6,10,-6,10,-6,11,-7,10,-6,9,0,0,-5,5,-3,2,-2,0,-1,-1,0,-4,0,-6,2,-9,3,-10,3,-12,4,-13,4,-14,4,-14,4,-13,3,-12,2,-11,2,-9,1,-6,0,-4,0,-1,0,0,0,3,0,6,0,10,0,12,0,15,1,16,0,0,0,0,0,0,0,0,0,0]"""
404,"CSI_DATA,403,8c:90:2d:97:93:77,-52,11,1,7,1,0,1,0,1,0,1,-97,0,2,1,8574703,0,83,1,128,0,""[0,0,0,0,0,0,0,0,0,0,0,0,-3,2,-4,3,-5,4,-6,4,-6,5,-6,5,-6,5,-6,5,-5,4,-5,4,-4,3,-3,2,-1,2,0,0,0,0,2,0,3,-1,5,-3,6,-5,8,-6,9,-7,9,-7,10,-8,10,-8,10,-6,9,-6,0,0,6,-3,3,-1,1,0,0,0,-2,3,-4,4,-6,6,-8,7,-9,8,-10,9,-10,9,-10,9,-10,9,-9,8,-7,7,-6,6,-5,4,-3,2,-1,0,0,-1,0,-4,1,-7,1,-10,3,-13,3,-15,4,-16,0,0,0,0,0,0,0,0,0,0]"""
405,"CSI_DATA,404,8c:90:2d:97:93:77,-52,11,1,7,1,0,1,0,1,0,1,-97,0,2,1,8584445,0,83,1,128,0,""[0,0,0,0,0,0,0,0,0,0,0,0,-4,0,-5,0,-7,1,-8,0,-9,1,-8,1,-8,1,-8,1,-7,1,-7,1,-6,1,-4,0,-2,0,0,0,0,0,2,0,4,0,6,0,8,0,9,-1,11,-1,12,-1,13,-1,12,-1,12,0,11,0,0,0,6,0,3,0,1,0,0,0,-3,1,-6,1,-9,2,-10,2,-12,2,-14,3,-14,3,-14,3,-14,3,-12,2,-11,2,-9,2,-7,1,-4,0,-1,0,0,-1,2,-3,4,-5,6,-7,8,-9,10,-11,12,-12,0,0,0,0,0,0,0,0,0,0]"""
406,"CSI_DATA,405,8c:90:2d:97:93:77,-51,11,1,7,1,0,1,0,1,0,1,-97,0,2,1,8594699,0,83,1,128,0,""[0,0,0,0,0,0,0,0,0,0,0,0,4,-2,5,-3,7,-3,8,-3,8,-3,8,-3,8,-3,8,-3,7,-3,7,-3,6,-3,4,-3,2,-2,0,-2,-2,-1,-4,-1,-6,-1,-8,0,-10,1,-11,2,-14,2,-14,3,-15,3,-15,3,-15,2,-13,2,0,0,-8,0,-6,-1,-3,-2,0,-2,3,-3,6,-4,8,-5,10,-6,11,-7,14,-7,14,-8,14,-8,14,-8,13,-7,10,-7,8,-6,6,-4,4,-3,1,-1,0,1,-3,4,-4,7,-6,9,-7,13,-9,14,-10,16,0,0,0,0,0,0,0,0,0,0]"""
407,"CSI_DATA,406,8c:90:2d:97:93:77,-51,11,1,7,1,0,1,0,1,0,1,-97,0,2,1,8604424,0,83,1,128,0,""[0,0,0,0,0,0,0,0,0,0,0,0,-5,-1,-7,-1,-8,-1,-9,-1,-9,-1,-10,-1,-9,-1,-9,-1,-9,-1,-8,-1,-7,0,-5,0,-4,0,-2,1,0,1,2,1,5,1,6,1,9,1,10,1,13,0,14,1,14,0,14,0,14,1,11,1,0,0,7,1,5,1,2,1,-2,1,-5,2,-7,2,-10,2,-13,2,-14,2,-15,3,-16,3,-16,3,-16,3,-15,3,-13,3,-10,2,-8,1,-5,0,-2,0,0,-2,2,-4,5,-6,6,-8,9,-11,10,-13,13,-15,0,0,0,0,0,0,0,0,0,0]"""
408,"CSI_DATA,407,8c:90:2d:97:93:77,-52,11,1,7,1,0,1,0,1,0,1,-97,0,2,1,8614370,0,83,1,128,0,""[0,0,0,0,0,0,0,0,0,0,0,0,4,0,6,0,7,0,8,0,8,1,9,1,9,1,8,1,8,0,7,0,6,0,4,-1,3,-1,1,-2,-1,-3,-3,-3,-5,-4,-7,-5,-9,-5,-10,-5,-11,-6,-12,-7,-13,-7,-13,-7,-12,-7,-11,-7,0,0,-7,-5,-4,-4,-2,-3,1,-1,4,1,6,2,8,3,9,5,12,6,13,6,13,7,13,7,13,7,12,6,10,5,8,4,6,3,4,1,1,1,-2,-1,-5,-1,-8,-2,-11,-2,-13,-3,-17,-3,-19,-4,0,0,0,0,0,0,0,0,0,0]"""
409,"CSI_DATA,408,8c:90:2d:97:93:77,-52,11,1,7,1,0,1,0,1,0,1,-97,0,2,1,8624466,0,83,1,128,0,""[0,0,0,0,0,0,0,0,0,0,0,0,-3,-3,-3,-4,-4,-6,-4,-6,-5,-7,-4,-7,-5,-7,-5,-7,-4,-6,-4,-6,-4,-5,-3,-3,-2,-2,-2,0,-1,0,0,2,0,4,0,6,1,7,1,9,2,10,2,11,2,12,2,12,1,11,1,10,0,0,0,6,0,3,0,1,-1,0,-1,-3,-2,-6,-2,-9,-3,-10,-4,-12,-4,-14,-3,-14,-3,-14,-3,-14,-3,-12,-3,-11,-2,-9,-2,-6,-1,-4,0,-2,0,0,1,2,3,5,4,7,6,10,8,12,9,13,0,0,0,0,0,0,0,0,0,0]"""
410,"CSI_DATA,409,8c:90:2d:97:93:77,-52,11,1,7,1,0,1,0,1,0,1,-97,0,2,1,8636601,0,83,1,128,0,""[0,0,0,0,0,0,0,0,0,0,0,0,4,-3,5,-4,6,-4,7,-5,7,-5,8,-5,8,-5,7,-5,7,-5,6,-5,5,-4,3,-4,2,-3,0,-3,-2,-2,-4,-2,-6,-1,-8,0,-10,1,-12,2,-13,2,-14,3,-14,3,-14,2,-14,2,-12,1,0,0,-8,0,-6,-1,-3,-2,0,-2,3,-3,6,-3,9,-3,11,-4,13,-4,14,-4,14,-4,15,-5,14,-5,13,-5,11,-4,9,-3,7,-3,4,-2,1,-1,-2,0,-5,2,-7,4,-9,6,-12,8,-14,9,-16,10,0,0,0,0,0,0,0,0,0,0]"""
411,"CSI_DATA,410,8c:90:2d:97:93:77,-52,11,1,7,1,0,1,0,1,0,1,-97,0,2,1,8644447,0,83,1,128,0,""[0,0,0,0,0,0,0,0,0,0,0,0,0,-4,-1,-6,-1,-7,0,-8,0,-9,0,-9,0,-9,0,-8,-1,-8,-1,-7,-1,-6,-1,-4,-1,-2,-1,-1,-1,0,0,2,0,4,0,6,0,8,0,9,0,11,0,11,0,13,0,13,0,12,0,11,0,0,0,7,0,4,-1,1,-2,0,-2,-3,-2,-6,-3,-8,-3,-11,-4,-12,-5,-14,-5,-14,-5,-14,-5,-13,-5,-12,-4,-11,-3,-9,-3,-6,-1,-4,0,-2,1,0,3,1,4,4,7,5,9,7,12,8,14,10,0,0,0,0,0,0,0,0,0,0]"""
412,"CSI_DATA,411,8c:90:2d:97:93:77,-52,11,1,7,1,0,1,0,1,0,1,-97,0,2,1,8654471,0,83,1,128,0,""[0,0,0,0,0,0,0,0,0,0,0,0,0,3,-1,5,-1,5,-2,6,-2,7,-2,8,-2,8,-2,7,-1,6,-1,6,-1,5,0,4,0,2,0,0,0,0,0,-2,1,-4,1,-6,2,-8,2,-10,2,-11,2,-12,2,-13,3,-13,3,-12,2,-11,0,0,2,-7,1,-4,1,-1,0,0,0,3,0,6,0,8,0,10,0,11,0,13,0,14,0,14,0,13,0,12,0,10,0,9,0,6,0,3,0,1,-1,0,-2,-3,-3,-6,-5,-9,-6,-11,-8,-13,-10,-15,0,0,0,0,0,0,0,0,0,0]"""
413,"CSI_DATA,412,8c:90:2d:97:93:77,-52,11,1,7,1,0,1,0,1,0,1,-97,0,2,1,8664471,0,83,1,128,0,""[0,0,0,0,0,0,0,0,0,0,0,0,-3,2,-5,3,-6,4,-7,4,-8,4,-8,4,-8,4,-7,4,-6,4,-6,4,-5,3,-3,2,-2,2,0,0,0,0,3,0,4,0,6,-2,8,-3,10,-3,11,-4,12,-5,12,-5,13,-5,12,-4,11,-3,0,0,6,-1,4,0,1,0,0,0,-3,1,-6,2,-8,3,-11,4,-12,4,-14,5,-14,6,-14,6,-14,6,-13,5,-11,4,-9,4,-7,2,-4,1,-1,0,0,0,2,-3,4,-6,6,-8,8,-11,10,-12,12,-14,0,0,0,0,0,0,0,0,0,0]"""
414,"CSI_DATA,413,8c:90:2d:97:93:77,-52,11,1,7,1,0,1,0,1,0,0,-97,0,2,1,8674648,0,83,1,128,0,""[0,0,0,0,0,0,0,0,0,0,0,0,2,-3,3,-4,4,-5,5,-5,6,-5,6,-5,6,-5,6,-5,5,-4,4,-4,3,-4,2,-3,0,-2,0,-1,-1,0,-3,0,-5,0,-7,1,-8,2,-10,3,-11,3,-12,4,-12,4,-13,4,-12,4,-11,3,0,0,-7,1,-5,0,-2,0,0,-1,2,-3,4,-3,7,-4,8,-5,10,-6,12,-6,12,-7,12,-7,12,-7,11,-6,9,-6,7,-5,5,-3,3,-2,0,0,0,0,-2,2,-5,5,-6,7,-8,9,-10,11,-11,13,0,0,0,0,0,0,0,0,0,0]"""
415,"CSI_DATA,414,8c:90:2d:97:93:77,-52,11,1,7,1,0,1,0,1,0,0,-97,0,2,1,8684405,0,83,1,128,0,""[0,0,0,0,0,0,0,0,0,0,0,0,-4,-2,-5,-3,-6,-3,-6,-4,-7,-5,-7,-5,-7,-5,-7,-5,-7,-4,-6,-4,-5,-3,-4,-2,-3,-1,-2,0,0,0,0,2,1,3,3,5,4,6,5,7,7,8,7,8,8,9,8,10,7,9,6,8,0,0,2,5,1,3,0,1,-1,0,-3,-2,-5,-4,-6,-6,-8,-7,-9,-9,-10,-10,-11,-11,-11,-10,-11,-9,-10,-9,-8,-7,-7,-7,-5,-4,-3,-3,-1,-1,0,0,3,0,5,2,9,3,11,3,14,5,16,5,0,0,0,0,0,0,0,0,0,0]"""
416,"CSI_DATA,415,8c:90:2d:97:93:77,-52,11,1,7,1,0,1,0,1,0,0,-97,0,2,1,8696340,0,83,1,128,0,""[0,0,0,0,0,0,0,0,0,0,0,0,0,3,0,5,0,6,0,7,0,8,0,8,0,8,0,8,0,7,0,6,0,5,0,3,0,2,1,0,0,-1,0,-3,0,-5,0,-7,0,-9,0,-11,0,-12,0,-13,0,-14,0,-14,0,-13,0,-12,0,0,0,-8,0,-5,0,-2,1,0,0,2,0,5,0,8,0,11,0,12,1,14,1,14,1,14,1,14,0,13,0,11,0,9,0,6,0,4,0,1,-1,0,-2,-3,-3,-7,-5,-9,-7,-11,-9,-13,-11,-15,0,0,0,0,0,0,0,0,0,0]"""
417,"CSI_DATA,416,8c:90:2d:97:93:77,-52,11,1,7,1,0,1,0,1,0,0,-97,0,2,1,8704425,0,83,1,128,0,""[0,0,0,0,0,0,0,0,0,0,0,0,-5,-2,-7,-2,-8,-3,-9,-3,-9,-3,-9,-4,-9,-3,-9,-3,-8,-3,-7,-3,-7,-2,-5,-1,-4,-1,-2,0,0,1,2,2,4,3,6,4,7,4,9,5,10,5,11,6,12,6,12,6,11,6,10,5,0,0,6,4,4,3,1,2,-2,0,-5,-1,-7,-2,-9,-3,-12,-4,-13,-5,-15,-5,-15,-5,-15,-5,-14,-5,-14,-4,-12,-4,-10,-3,-8,-3,-5,-2,-2,-1,1,-1,4,-2,7,-2,10,-2,13,-3,16,-4,18,-4,0,0,0,0,0,0,0,0,0,0]"""
418,"CSI_DATA,417,8c:90:2d:97:93:77,-52,11,1,7,1,0,1,0,1,0,0,-97,0,2,1,8714695,0,83,1,128,0,""[0,0,0,0,0,0,0,0,0,0,0,0,-4,-4,-5,-5,-5,-6,-6,-7,-6,-7,-6,-7,-6,-7,-6,-7,-6,-6,-6,-6,-5,-5,-4,-4,-4,-2,-2,-1,-1,1,0,3,2,4,4,6,5,7,6,8,7,8,8,9,8,10,9,10,8,10,6,9,0,0,3,6,2,4,0,2,-3,0,-4,-2,-6,-4,-8,-5,-10,-7,-12,-8,-13,-8,-13,-9,-13,-9,-13,-8,-12,-7,-11,-7,-9,-5,-7,-5,-4,-3,-2,-2,1,-1,4,-1,7,-1,10,-1,13,-1,16,-1,18,-1,0,0,0,0,0,0,0,0,0,0]"""
419,"CSI_DATA,418,8c:90:2d:97:93:77,-52,11,1,7,1,0,1,0,1,0,0,-97,0,2,1,8724809,0,83,1,128,0,""[0,0,0,0,0,0,0,0,0,0,0,0,0,-5,0,-7,1,-8,2,-8,2,-9,2,-9,2,-9,1,-9,1,-8,1,-8,0,-7,0,-5,-1,-4,-1,-2,-2,0,-3,2,-3,4,-3,6,-4,8,-5,9,-5,11,-5,12,-5,13,-5,12,-5,11,-5,11,0,0,-4,6,-3,4,-3,0,-2,-2,-1,-5,0,-7,1,-10,1,-12,1,-14,1,-15,1,-15,1,-16,1,-15,0,-14,0,-12,0,-10,0,-7,0,-5,1,-3,1,0,2,3,2,6,4,9,5,12,6,14,7,16,0,0,0,0,0,0,0,0,0,0]"""
420,"CSI_DATA,419,8c:90:2d:97:93:77,-52,11,1,7,1,0,1,0,1,0,0,-97,0,2,1,8734405,0,83,1,128,0,""[0,0,0,0,0,0,0,0,0,0,0,0,1,-5,2,-6,2,-7,3,-8,3,-8,3,-9,3,-9,3,-8,3,-8,2,-7,2,-6,1,-5,0,-4,-1,-2,-2,0,-3,2,-4,4,-4,6,-5,7,-6,9,-6,10,-6,11,-7,11,-7,11,-7,11,-6,10,0,0,-5,6,-4,3,-3,0,-2,-2,0,-5,0,-7,1,-10,2,-12,2,-13,2,-15,2,-15,2,-15,2,-15,2,-14,1,-12,1,-10,0,-8,0,-5,1,-2,1,0,2,3,2,7,4,9,4,12,6,14,7,16,0,0,0,0,0,0,0,0,0,0]"""
421,"CSI_DATA,420,8c:90:2d:97:93:77,-52,11,1,7,1,0,1,0,1,0,0,-97,0,2,1,8752055,0,83,1,128,0,""[0,0,0,0,0,0,0,0,0,0,0,0,2,-3,3,-4,4,-5,5,-5,5,-6,5,-6,5,-6,5,-6,4,-5,4,-5,3,-4,2,-3,0,-2,0,-1,-1,0,-3,0,-4,0,-6,1,-8,2,-9,4,-10,5,-11,5,-12,5,-12,5,-11,5,-10,4,0,0,-6,2,-5,0,-2,0,0,-1,1,-3,4,-4,6,-5,8,-6,9,-7,10,-8,11,-8,11,-8,11,-8,9,-7,8,-7,6,-6,4,-4,2,-3,0,-1,0,0,-2,2,-3,6,-5,8,-7,10,-8,12,-9,14,0,0,0,0,0,0,0,0,0,0]"""
422,"CSI_DATA,421,8c:90:2d:97:93:77,-52,11,1,7,1,0,1,0,1,0,0,-97,0,2,1,8757607,0,83,1,128,0,""[0,0,0,0,0,0,0,0,0,0,0,0,0,-4,0,-6,0,-7,0,-8,0,-8,0,-9,0,-9,0,-9,0,-8,0,-7,0,-6,0,-5,-1,-3,-1,-1,-1,0,-2,1,-2,3,-3,5,-3,7,-3,9,-3,11,-4,11,-4,12,-4,12,-4,11,-4,10,0,0,-3,6,-2,3,-1,0,-1,-1,0,-4,0,-7,0,-9,1,-11,1,-13,2,-14,2,-14,2,-15,2,-14,1,-13,1,-11,0,-9,0,-7,0,-4,0,-1,0,0,0,3,0,6,0,10,0,12,2,15,2,16,0,0,0,0,0,0,0,0,0,0]"""
423,"CSI_DATA,422,8c:90:2d:97:93:77,-52,11,1,7,1,0,1,0,1,0,0,-97,0,2,1,8764479,0,83,1,128,0,""[0,0,0,0,0,0,0,0,0,0,0,0,-5,-2,-6,-3,-7,-3,-8,-4,-9,-4,-9,-4,-9,-4,-9,-3,-8,-3,-7,-3,-7,-2,-5,-1,-4,-1,-2,0,0,1,2,2,4,2,6,3,8,3,10,3,11,4,12,3,13,4,13,4,12,4,10,4,0,0,7,3,4,3,1,2,-2,1,-5,1,-8,1,-10,0,-12,0,-14,0,-15,0,-16,0,-16,1,-15,1,-14,1,-12,1,-10,1,-8,0,-5,0,-3,-1,0,-2,3,-4,5,-6,8,-8,10,-10,12,-11,13,-13,0,0,0,0,0,0,0,0,0,0]"""
424,"CSI_DATA,423,8c:90:2d:97:93:77,-52,11,1,7,1,0,1,0,1,0,0,-97,0,2,1,8775118,0,83,1,128,0,""[0,0,0,0,0,0,0,0,0,0,0,0,0,-4,0,-6,0,-7,-1,-8,0,-8,0,-9,-1,-9,-1,-8,-1,-7,-1,-7,-1,-5,-1,-4,-1,-2,-1,0,-1,0,0,2,0,4,0,6,0,7,0,9,0,11,0,11,0,13,1,12,0,12,0,10,0,0,0,6,0,4,-1,1,-2,0,-2,-3,-3,-5,-4,-8,-5,-10,-6,-11,-6,-13,-7,-13,-7,-13,-7,-12,-7,-12,-6,-10,-4,-8,-4,-6,-1,-4,0,-2,1,0,3,0,5,2,8,3,10,4,14,5,15,6,0,0,0,0,0,0,0,0,0,0]"""
425,"CSI_DATA,424,8c:90:2d:97:93:77,-52,11,1,7,1,0,1,0,1,0,0,-97,0,2,1,8784567,0,83,1,128,0,""[0,0,0,0,0,0,0,0,0,0,0,0,-5,-1,-7,-2,-8,-2,-9,-2,-9,-3,-10,-3,-10,-3,-9,-3,-9,-2,-8,-2,-7,-2,-5,-1,-4,0,-2,1,0,1,2,2,4,3,6,4,8,4,9,4,11,4,12,5,12,6,12,5,12,5,10,5,0,0,6,4,4,3,1,2,-2,0,-5,-1,-8,-2,-10,-3,-12,-3,-14,-4,-15,-5,-16,-5,-16,-5,-15,-4,-14,-4,-12,-3,-10,-3,-8,-2,-5,-1,-2,-1,1,-1,4,-1,7,-2,10,-2,13,-3,16,-4,18,-4,0,0,0,0,0,0,0,0,0,0]"""
426,"CSI_DATA,425,8c:90:2d:97:93:77,-52,11,1,7,1,0,1,0,1,0,0,-97,0,2,1,8794362,0,83,1,128,0,""[0,0,0,0,0,0,0,0,0,0,0,0,1,4,1,6,2,7,1,8,2,8,1,9,2,8,2,8,1,8,2,7,1,6,1,4,2,2,2,1,1,-2,1,-4,0,-6,0,-8,0,-10,0,-11,-1,-13,-1,-14,-1,-15,-1,-14,0,-14,0,-13,0,0,1,-9,0,-6,1,-3,1,1,1,3,1,7,1,9,1,11,2,13,2,14,2,15,2,15,2,14,2,13,1,11,1,9,1,6,0,4,-1,2,-2,-1,-4,-4,-5,-7,-6,-10,-8,-12,-10,-14,-11,-16,0,0,0,0,0,0,0,0,0,0]"""
427,"CSI_DATA,426,8c:90:2d:97:93:77,-52,11,1,7,1,0,1,0,1,0,0,-97,0,2,1,8804492,0,83,1,128,0,""[0,0,0,0,0,0,0,0,0,0,0,0,4,-2,5,-3,7,-3,7,-3,8,-3,9,-3,8,-3,8,-3,8,-3,7,-3,6,-3,4,-3,3,-3,0,-2,-2,-2,-4,-2,-6,-2,-8,-1,-10,0,-12,0,-13,0,-14,0,-15,0,-15,0,-14,-1,-12,-1,0,0,-9,-1,-6,-2,-3,-2,1,-2,3,-2,6,-2,9,-2,11,-2,13,-2,14,-3,15,-3,15,-3,15,-3,13,-3,11,-3,9,-2,7,-2,4,-1,1,-1,-2,0,-4,2,-7,4,-10,5,-12,7,-15,8,-16,9,0,0,0,0,0,0,0,0,0,0]"""
428,"CSI_DATA,427,8c:90:2d:97:93:77,-52,11,1,7,1,0,1,0,1,0,0,-97,0,2,1,8814517,0,83,1,128,0,""[0,0,0,0,0,0,0,0,0,0,0,0,-6,-1,-7,-1,-8,-1,-9,-2,-10,-2,-10,-2,-10,-2,-9,-2,-9,-2,-8,-2,-7,-1,-5,-1,-4,0,-2,1,0,1,2,2,4,3,6,3,8,3,10,4,11,4,12,4,12,5,13,5,12,5,10,5,0,0,6,4,4,3,1,2,-2,0,-5,-1,-7,-2,-10,-3,-12,-3,-14,-4,-15,-4,-16,-5,-15,-5,-15,-5,-14,-4,-12,-3,-10,-3,-8,-2,-5,-1,-2,-1,1,-1,4,-2,7,-2,10,-2,13,-3,16,-3,18,-3,0,0,0,0,0,0,0,0,0,0]"""
429,"CSI_DATA,428,8c:90:2d:97:93:77,-52,11,1,7,1,0,1,0,1,0,0,-97,0,2,1,8824441,0,83,1,128,0,""[0,0,0,0,0,0,0,0,0,0,0,0,0,-5,0,-7,0,-8,1,-9,1,-9,0,-10,1,-10,1,-9,1,-9,0,-8,0,-7,-1,-6,-1,-4,-2,-2,-2,0,-3,2,-3,4,-4,6,-5,8,-5,9,-5,11,-6,12,-6,12,-6,12,-6,11,-6,10,0,0,-5,6,-4,4,-2,1,-1,-2,0,-5,1,-7,2,-10,3,-12,3,-13,4,-14,5,-15,5,-15,4,-15,4,-13,3,-12,2,-10,2,-7,1,-5,0,-2,0,1,0,4,0,8,0,10,0,13,1,16,1,18,0,0,0,0,0,0,0,0,0,0]"""
430,"CSI_DATA,429,8c:90:2d:97:93:77,-52,11,1,7,1,0,1,0,1,0,0,-97,0,2,1,8834369,0,83,1,128,0,""[0,0,0,0,0,0,0,0,0,0,0,0,4,-3,5,-4,6,-4,7,-5,8,-5,8,-4,8,-5,8,-5,7,-4,6,-4,5,-4,4,-4,2,-3,0,-3,-2,-2,-4,-1,-6,-1,-8,0,-10,1,-11,2,-13,2,-14,3,-14,3,-14,3,-14,2,-12,1,0,0,-8,0,-6,-1,-3,-2,1,-2,3,-3,6,-3,8,-4,10,-5,12,-5,14,-5,14,-5,14,-5,14,-5,12,-5,11,-5,9,-4,7,-3,4,-2,1,-1,-1,1,-4,2,-6,5,-9,7,-11,9,-13,10,-15,12,0,0,0,0,0,0,0,0,0,0]"""
431,"CSI_DATA,430,8c:90:2d:97:93:77,-52,11,1,7,1,0,1,0,1,0,0,-97,0,2,1,8844595,0,83,1,128,0,""[0,0,0,0,0,0,0,0,0,0,0,0,2,2,3,3,4,4,4,5,4,5,4,6,4,6,4,5,4,5,4,4,3,3,2,2,1,0,1,0,0,-1,0,-3,-1,-5,-2,-7,-3,-8,-4,-9,-5,-10,-6,-12,-6,-12,-6,-12,-5,-12,-4,-10,0,0,-2,-7,-1,-5,0,-2,1,0,1,1,3,4,4,6,5,8,6,10,7,11,8,11,7,11,7,10,7,10,6,8,4,7,3,4,1,2,0,0,-1,0,-4,-2,-6,-4,-8,-5,-11,-7,-14,-8,-16,-10,0,0,0,0,0,0,0,0,0,0]"""
432,"CSI_DATA,431,8c:90:2d:97:93:77,-52,11,1,7,1,0,1,0,1,0,0,-97,0,2,1,8854509,0,83,1,128,0,""[0,0,0,0,0,0,0,0,0,0,0,0,-3,-3,-3,-5,-4,-5,-4,-7,-4,-7,-5,-8,-5,-8,-4,-7,-4,-7,-4,-5,-3,-5,-3,-3,-2,-2,-2,0,-1,0,0,2,0,4,0,6,1,7,2,9,3,10,3,11,4,12,3,12,3,11,2,10,0,0,0,7,0,4,0,1,-2,0,-2,-3,-3,-5,-4,-8,-5,-10,-6,-11,-7,-13,-7,-13,-7,-13,-7,-13,-6,-12,-5,-10,-4,-8,-4,-6,-2,-4,0,-1,1,0,2,1,4,4,7,5,9,7,12,8,14,10,0,0,0,0,0,0,0,0,0,0]"""
433,"CSI_DATA,432,8c:90:2d:97:93:77,-52,11,1,7,1,0,1,0,1,0,0,-97,0,2,1,8864385,0,83,1,128,0,""[0,0,0,0,0,0,0,0,0,0,0,0,0,5,0,6,0,7,0,8,0,9,0,9,0,9,0,8,0,8,1,7,0,6,0,5,1,2,1,1,1,-2,1,-4,1,-6,0,-8,1,-10,0,-11,0,-13,0,-14,0,-14,0,-14,1,-14,1,-13,0,0,1,-8,1,-5,1,-2,1,1,1,3,1,7,1,9,1,11,2,13,2,14,2,14,2,15,2,14,2,13,2,11,2,9,1,6,0,4,-1,2,-2,-1,-4,-4,-5,-7,-7,-9,-9,-12,-11,-13,-13,-15,0,0,0,0,0,0,0,0,0,0]"""
434,"CSI_DATA,433,8c:90:2d:97:93:77,-52,11,1,7,1,0,1,0,1,0,0,-97,0,2,1,8876309,0,83,1,128,0,""[0,0,0,0,0,0,0,0,0,0,0,0,4,2,5,3,5,4,6,5,6,5,7,6,7,5,6,5,6,5,6,4,5,3,3,2,3,1,1,-1,0,-2,-1,-4,-3,-5,-4,-7,-5,-8,-7,-9,-8,-10,-8,-11,-9,-12,-9,-12,-8,-12,-7,-11,0,0,-4,-8,-2,-5,0,-3,1,0,3,2,4,4,6,6,7,8,9,10,9,10,10,11,10,11,9,11,9,10,7,8,6,7,5,4,2,3,0,1,-3,0,-5,-2,-7,-4,-10,-5,-12,-7,-15,-8,-18,-9,0,0,0,0,0,0,0,0,0,0]"""
435,"CSI_DATA,434,8c:90:2d:97:93:77,-52,11,1,7,1,0,1,0,1,0,0,-97,0,2,1,8884849,0,83,1,128,0,""[0,0,0,0,0,0,0,0,0,0,0,0,-2,4,-3,5,-4,6,-5,6,-5,7,-5,7,-5,7,-5,7,-4,7,-4,6,-3,5,-2,4,-1,3,0,1,2,-1,2,-2,4,-4,5,-6,6,-7,7,-9,8,-10,8,-11,8,-11,8,-11,8,-10,8,-10,0,0,6,-6,4,-3,2,-1,0,1,-2,4,-4,6,-5,8,-6,9,-7,11,-8,12,-8,13,-8,12,-8,12,-7,11,-6,10,-5,8,-4,6,-3,4,-2,1,-1,-2,-1,-5,0,-8,0,-11,0,-14,0,-17,0,-19,0,0,0,0,0,0,0,0,0,0]"""
436,"CSI_DATA,435,8c:90:2d:97:93:77,-52,11,1,7,1,0,1,0,1,0,0,-97,0,2,1,8894387,0,83,1,128,0,""[0,0,0,0,0,0,0,0,0,0,0,0,3,-3,5,-4,6,-5,7,-5,7,-6,7,-5,7,-6,7,-5,6,-5,5,-5,5,-4,3,-4,2,-3,0,-2,-2,-1,-4,-1,-6,0,-7,2,-9,3,-11,3,-12,4,-12,5,-13,5,-13,5,-13,4,-11,4,0,0,-8,2,-6,0,-3,-1,0,-2,2,-4,5,-5,7,-6,9,-7,10,-8,12,-9,12,-9,12,-9,12,-9,10,-8,9,-8,7,-7,5,-5,3,-4,1,-1,0,1,-2,3,-4,7,-5,9,-7,12,-8,14,-9,16,0,0,0,0,0,0,0,0,0,0]"""
437,"CSI_DATA,436,8c:90:2d:97:93:77,-52,11,1,7,1,0,1,0,1,0,0,-97,0,2,1,8904400,0,83,1,128,0,""[0,0,0,0,0,0,0,0,0,0,0,0,-3,-3,-3,-4,-4,-6,-4,-6,-4,-7,-4,-7,-5,-7,-5,-7,-4,-7,-4,-6,-3,-5,-3,-3,-2,-2,-2,0,-1,0,0,2,0,4,0,6,0,8,0,10,0,11,0,12,0,13,0,12,0,12,0,11,0,0,0,7,0,3,0,0,0,0,0,-4,0,-6,0,-9,0,-11,0,-13,0,-14,0,-15,0,-15,0,-14,0,-13,0,-12,0,-10,0,-7,0,-4,0,-2,0,0,0,3,0,6,1,9,2,12,3,14,3,17,0,0,0,0,0,0,0,0,0,0]"""
438,"CSI_DATA,437,8c:90:2d:97:93:77,-52,11,1,7,1,0,1,0,1,0,0,-97,0,2,1,8914421,0,83,1,128,0,""[0,0,0,0,0,0,0,0,0,0,0,0,-3,4,-4,5,-5,6,-6,6,-7,6,-7,6,-7,6,-7,6,-6,6,-6,5,-5,5,-3,4,-2,3,0,2,2,0,4,-1,5,-1,7,-3,8,-4,10,-5,11,-6,12,-6,13,-6,13,-5,13,-5,11,-4,0,0,7,-2,5,-1,2,0,-1,0,-4,1,-7,2,-10,3,-11,3,-13,3,-15,4,-16,4,-15,4,-15,4,-14,3,-12,3,-10,2,-8,2,-4,1,-2,0,1,-1,4,-2,6,-5,9,-6,12,-8,14,-8,16,-9,0,0,0,0,0,0,0,0,0,0]"""
439,"CSI_DATA,438,8c:90:2d:97:93:77,-52,11,1,7,1,0,1,0,1,0,0,-97,0,2,1,8924341,0,83,1,128,0,""[0,0,0,0,0,0,0,0,0,0,0,0,4,-3,5,-3,7,-4,8,-4,8,-4,8,-4,8,-4,8,-4,7,-4,6,-4,5,-4,4,-3,2,-3,0,-2,-2,-2,-4,-1,-6,0,-8,1,-10,2,-11,2,-12,3,-13,4,-14,4,-14,4,-14,3,-13,3,0,0,-8,1,-6,0,-3,-2,0,-2,3,-4,5,-5,8,-6,10,-7,11,-7,12,-8,13,-8,13,-9,12,-9,11,-8,9,-7,8,-7,6,-5,4,-4,2,-1,-1,1,-2,4,-4,7,-5,10,-6,12,-8,14,-9,16,0,0,0,0,0,0,0,0,0,0]"""
440,"CSI_DATA,439,8c:90:2d:97:93:77,-52,11,1,7,1,0,1,0,1,0,0,-97,0,2,1,8934380,0,83,1,128,0,""[0,0,0,0,0,0,0,0,0,0,0,0,2,4,3,5,3,6,3,7,3,8,3,8,3,8,4,7,3,7,3,6,3,5,2,3,2,2,1,0,0,-2,-1,-4,-2,-6,-3,-8,-4,-9,-5,-11,-6,-12,-6,-13,-6,-13,-7,-13,-6,-13,-5,-12,0,0,-2,-8,-2,-6,0,-3,2,-1,3,2,4,5,6,7,7,8,9,10,9,11,10,11,10,11,10,10,9,9,8,8,7,7,5,5,3,3,0,1,-3,0,-5,-1,-8,-2,-11,-3,-14,-4,-17,-5,-19,-5,0,0,0,0,0,0,0,0,0,0]"""
441,"CSI_DATA,440,8c:90:2d:97:93:77,-52,11,1,7,1,0,1,0,1,0,0,-97,0,2,1,8944387,0,83,1,128,0,""[0,0,0,0,0,0,0,0,0,0,0,0,-1,4,-1,6,-2,7,-2,8,-2,9,-2,9,-2,9,-2,8,-1,8,-1,7,-1,6,0,4,0,3,1,1,1,-1,1,-4,1,-6,2,-8,2,-9,1,-11,1,-13,1,-14,2,-15,1,-15,2,-14,2,-13,0,0,2,-9,1,-6,1,-3,1,1,1,4,1,6,1,9,2,11,3,13,3,14,2,15,3,14,3,14,3,13,3,11,2,9,2,7,0,4,-1,2,-3,-1,-5,-3,-6,-6,-8,-8,-11,-10,-13,-11,-15,-13,0,0,0,0,0,0,0,0,0,0]"""
442,"CSI_DATA,441,8c:90:2d:97:93:77,-52,11,1,7,1,0,1,0,1,0,0,-97,0,2,1,8954373,0,83,1,128,0,""[0,0,0,0,0,0,0,0,0,0,0,0,-2,-3,-3,-5,-3,-6,-3,-7,-3,-8,-3,-8,-3,-8,-3,-8,-3,-7,-3,-6,-2,-5,-2,-4,-2,-2,-2,0,-1,0,-1,2,0,4,0,6,0,9,0,10,0,11,0,12,0,12,0,12,0,12,0,10,0,0,-1,7,-1,3,-1,0,-1,0,0,-4,0,-7,0,-9,0,-11,0,-13,0,-14,0,-15,0,-15,0,-14,0,-13,0,-12,0,-10,0,-7,0,-4,0,-1,0,0,0,3,0,7,1,9,1,12,2,14,3,17,0,0,0,0,0,0,0,0,0,0]"""
443,"CSI_DATA,442,8c:90:2d:97:93:77,-52,11,1,7,1,0,1,0,1,0,0,-97,0,2,1,8964541,0,83,1,128,0,""[0,0,0,0,0,0,0,0,0,0,0,0,-5,0,-6,0,-7,0,-8,-1,-9,-1,-9,-1,-9,-1,-8,-1,-8,-1,-7,-1,-6,0,-5,0,-3,0,-2,0,0,0,1,2,3,2,5,3,7,3,8,4,10,4,10,5,11,5,11,5,11,5,9,5,0,0,5,3,3,2,0,0,-1,0,-4,0,-6,-2,-8,-3,-10,-4,-12,-6,-13,-6,-14,-6,-14,-6,-13,-6,-13,-5,-11,-5,-8,-4,-7,-2,-3,-1,0,0,0,0,3,0,6,0,9,0,12,0,16,0,18,0,0,0,0,0,0,0,0,0,0,0]"""
444,"CSI_DATA,443,8c:90:2d:97:93:77,-52,11,1,7,1,0,1,0,1,0,0,-97,0,2,1,8974584,0,83,1,128,0,""[0,0,0,0,0,0,0,0,0,0,0,0,0,-5,0,-7,1,-8,1,-9,1,-9,1,-10,1,-9,1,-9,1,-9,0,-8,0,-7,0,-5,-1,-4,-2,-2,-2,0,-2,3,-2,5,-2,7,-3,8,-3,10,-3,12,-3,12,-3,13,-3,13,-3,13,-3,11,0,0,-3,7,-3,4,-2,1,-3,-1,-2,-4,-2,-7,-2,-10,-2,-12,-3,-14,-3,-15,-3,-16,-3,-15,-3,-15,-3,-14,-3,-12,-2,-10,-2,-8,-1,-5,0,-3,2,0,3,3,5,5,7,7,9,9,12,11,13,12,0,0,0,0,0,0,0,0,0,0]"""
445,"CSI_DATA,444,8c:90:2d:97:93:77,-52,11,1,7,1,0,1,0,1,0,0,-97,0,2,1,8984412,0,83,1,128,0,""[0,0,0,0,0,0,0,0,0,0,0,0,-4,-4,-5,-5,-6,-5,-7,-6,-7,-7,-7,-7,-7,-7,-7,-7,-6,-6,-6,-5,-6,-4,-5,-3,-4,-2,-2,0,-1,1,1,3,2,4,5,5,6,6,7,7,8,8,9,9,9,9,10,9,9,9,8,8,0,0,4,6,2,4,0,2,-2,0,-5,-1,-7,-3,-9,-4,-11,-5,-12,-6,-14,-7,-15,-7,-15,-7,-14,-7,-13,-6,-11,-5,-9,-5,-8,-4,-5,-2,-2,-2,1,-2,4,-2,7,-2,10,-3,13,-3,16,-4,18,-4,0,0,0,0,0,0,0,0,0,0]"""
446,"CSI_DATA,445,8c:90:2d:97:93:77,-52,11,1,7,1,0,1,0,1,0,0,-97,0,2,1,8994473,0,83,1,128,0,""[0,0,0,0,0,0,0,0,0,0,0,0,-1,4,-2,6,-2,7,-2,8,-3,8,-3,8,-3,9,-2,8,-2,7,-2,7,-1,6,-1,4,0,3,0,1,1,-1,1,-4,1,-6,2,-8,2,-9,2,-11,2,-12,2,-14,2,-14,2,-15,2,-14,2,-13,0,0,2,-8,2,-5,1,-2,2,1,1,3,1,7,1,9,1,11,2,13,3,14,3,15,3,14,3,14,3,13,3,11,2,9,2,7,0,4,-1,2,-3,-1,-5,-3,-6,-6,-9,-8,-11,-9,-14,-11,-15,-12,0,0,0,0,0,0,0,0,0,0]"""
447,"CSI_DATA,446,8c:90:2d:97:93:77,-52,11,1,7,1,0,1,0,1,0,0,-97,0,2,1,9004564,0,83,1,128,0,""[0,0,0,0,0,0,0,0,0,0,0,0,4,2,5,3,6,4,7,5,8,5,8,5,8,5,7,5,7,4,7,4,5,3,4,2,3,0,1,-1,-1,-2,-2,-4,-4,-5,-6,-6,-8,-7,-10,-8,-11,-8,-12,-9,-12,-9,-13,-9,-12,-9,-11,-9,0,0,-7,-6,-4,-5,-1,-3,2,-1,4,0,7,1,9,3,11,4,13,4,14,5,15,5,15,5,15,4,14,4,12,3,9,2,8,2,4,1,1,0,-2,0,-6,1,-9,2,-12,3,-14,4,-17,4,-20,4,0,0,0,0,0,0,0,0,0,0]"""
448,"CSI_DATA,447,8c:90:2d:97:93:77,-52,11,1,7,1,0,1,0,1,0,0,-97,0,2,1,9014391,0,83,1,128,0,""[0,0,0,0,0,0,0,0,0,0,0,0,4,-1,5,-2,7,-2,8,-2,8,-2,9,-2,8,-2,8,-2,7,-2,6,-2,6,-2,4,-2,2,-2,0,-2,-2,-2,-4,-2,-6,-1,-8,0,-10,0,-11,0,-13,1,-14,1,-14,1,-14,1,-14,0,-13,0,0,0,-9,0,-6,-2,-3,-2,0,-2,3,-3,6,-4,8,-5,10,-5,11,-6,13,-6,14,-6,14,-6,13,-6,12,-6,10,-6,8,-5,7,-4,4,-3,2,-1,-1,1,-3,3,-5,6,-6,8,-8,11,-10,13,-11,14,0,0,0,0,0,0,0,0,0,0]"""
449,"CSI_DATA,448,8c:90:2d:97:93:77,-52,11,1,7,1,0,1,0,1,0,0,-97,0,2,1,9024996,0,83,1,128,0,""[0,0,0,0,0,0,0,0,0,0,0,0,4,1,6,1,6,2,8,2,8,3,8,3,8,3,8,3,7,2,7,2,6,1,4,1,3,0,1,-2,-1,-2,-3,-3,-5,-4,-6,-5,-8,-5,-10,-6,-11,-6,-12,-7,-13,-8,-13,-7,-12,-8,-11,-7,0,0,-6,-5,-4,-4,-2,-3,1,-1,4,0,6,1,8,2,10,3,12,4,13,5,14,5,14,4,14,4,13,4,11,3,9,3,7,2,4,1,1,0,-2,0,-5,0,-8,1,-11,1,-14,2,-17,2,-19,2,0,0,0,0,0,0,0,0,0,0]"""
450,"CSI_DATA,449,8c:90:2d:97:93:77,-52,11,1,7,1,0,1,0,1,0,0,-97,0,2,1,9034391,0,83,1,128,0,""[0,0,0,0,0,0,0,0,0,0,0,0,-5,1,-6,2,-8,2,-9,2,-9,2,-10,2,-9,2,-9,2,-8,2,-7,2,-7,2,-5,2,-3,1,-1,1,1,0,3,1,5,0,7,-1,9,-1,11,-1,12,-2,13,-2,13,-2,13,-2,13,-2,12,-1,0,0,8,0,5,0,2,1,-1,1,-4,2,-7,2,-10,3,-12,3,-13,3,-14,4,-15,4,-15,4,-15,4,-13,4,-12,4,-9,3,-8,1,-5,1,-2,0,0,-2,3,-4,5,-6,7,-8,9,-10,11,-12,13,-13,0,0,0,0,0,0,0,0,0,0]"""
451,"CSI_DATA,450,8c:90:2d:97:93:77,-52,11,1,7,1,0,1,0,1,0,0,-97,0,2,1,9044420,0,83,1,128,0,""[0,0,0,0,0,0,0,0,0,0,0,0,4,-1,6,-2,7,-2,8,-2,8,-2,9,-2,9,-1,8,-2,8,-2,7,-2,6,-2,4,-2,3,-2,0,-2,-2,-2,-4,-2,-6,-2,-8,-2,-10,-1,-11,-1,-13,0,-14,0,-14,0,-15,0,-14,-1,-13,-1,0,0,-9,-1,-6,-2,-3,-2,1,-2,3,-2,6,-3,9,-3,11,-3,12,-3,14,-4,14,-4,14,-5,14,-4,13,-4,11,-4,9,-3,7,-2,4,-2,1,-1,-2,1,-4,3,-6,5,-8,7,-10,9,-13,11,-14,12,0,0,0,0,0,0,0,0,0,0]"""
452,"CSI_DATA,451,8c:90:2d:97:93:77,-52,11,1,7,1,0,1,0,1,0,0,-97,0,2,1,9054613,0,83,1,128,0,""[0,0,0,0,0,0,0,0,0,0,0,0,3,0,5,0,6,0,7,0,8,0,8,0,8,0,7,0,7,0,6,0,5,0,3,0,2,-1,0,-1,0,-1,-2,-2,-5,-3,-7,-3,-8,-3,-10,-3,-11,-4,-12,-4,-13,-4,-13,-4,-12,-5,-10,-5,0,0,-6,-3,-4,-2,-1,-1,0,0,2,0,5,0,8,1,10,2,11,2,13,3,13,4,13,3,13,3,11,2,10,2,8,1,6,0,3,0,0,0,-2,0,-4,0,-7,0,-10,0,-13,0,-16,0,-18,0,0,0,0,0,0,0,0,0,0,0]"""
453,"CSI_DATA,452,8c:90:2d:97:93:77,-52,11,1,7,1,0,1,0,1,0,0,-97,0,2,1,9064416,0,83,1,128,0,""[0,0,0,0,0,0,0,0,0,0,0,0,-5,0,-6,0,-7,0,-8,0,-8,0,-9,0,-9,0,-8,0,-8,0,-7,0,-6,0,-4,0,-3,0,-1,0,0,1,1,1,4,1,6,1,7,2,9,2,10,2,11,3,12,3,12,3,11,3,10,3,0,0,5,2,3,1,0,0,-1,0,-3,0,-6,-2,-8,-2,-10,-3,-12,-4,-13,-4,-14,-5,-14,-4,-13,-4,-12,-4,-10,-4,-8,-3,-7,-2,-4,-1,-1,-1,0,0,3,0,6,0,9,0,12,0,15,0,17,0,0,0,0,0,0,0,0,0,0,0]"""
454,"CSI_DATA,453,8c:90:2d:97:93:77,-52,11,1,7,1,0,1,0,1,0,1,-97,0,2,1,9074648,0,83,1,128,0,""[0,0,0,0,0,0,0,0,0,0,0,0,1,-5,1,-6,2,-8,2,-8,2,-9,2,-9,2,-10,2,-9,2,-8,1,-8,1,-7,0,-5,-1,-4,-2,-2,-2,0,-3,3,-3,4,-3,7,-3,8,-4,10,-4,11,-3,12,-4,13,-4,13,-4,12,-4,11,0,0,-4,7,-3,5,-3,1,-2,-2,-2,-5,-1,-7,-1,-10,-2,-12,-2,-14,-2,-16,-2,-16,-2,-16,-2,-15,-3,-14,-3,-13,-2,-10,-2,-8,-1,-5,0,-3,2,0,3,3,4,5,7,8,9,10,11,12,12,13,0,0,0,0,0,0,0,0,0,0]"""
455,"CSI_DATA,454,8c:90:2d:97:93:77,-52,11,1,7,1,0,1,0,1,0,1,-97,0,2,1,9084533,0,83,1,128,0,""[0,0,0,0,0,0,0,0,0,0,0,0,3,3,4,4,4,5,5,6,5,7,5,7,6,6,5,6,5,6,5,5,5,4,3,3,2,1,1,0,0,-2,-2,-4,-3,-6,-5,-7,-6,-8,-7,-9,-8,-10,-9,-10,-10,-11,-10,-11,-10,-11,-8,-10,0,0,-5,-7,-3,-6,-1,-3,1,-1,4,0,6,2,8,4,10,5,11,6,13,6,13,7,13,6,13,6,12,5,10,4,8,3,7,3,4,1,1,1,-2,1,-5,0,-8,1,-11,1,-14,2,-17,3,-19,3,0,0,0,0,0,0,0,0,0,0]"""
456,"CSI_DATA,455,8c:90:2d:97:93:77,-52,11,1,7,1,0,1,0,1,0,1,-97,0,2,1,9094465,0,83,1,128,0,""[0,0,0,0,0,0,0,0,0,0,0,0,0,3,0,5,0,5,0,7,0,7,0,8,0,8,0,7,1,7,1,6,0,4,0,3,0,1,0,0,0,-1,0,-3,0,-5,0,-7,-1,-9,-1,-10,-2,-11,-2,-13,-2,-13,-3,-13,-2,-13,-1,-12,0,0,0,-7,0,-5,0,-2,1,0,1,2,2,4,3,6,4,9,5,10,6,11,7,12,7,12,7,11,6,10,5,9,4,7,3,5,1,2,0,0,-2,0,-4,-1,-6,-3,-10,-4,-12,-5,-15,-6,-17,-7,0,0,0,0,0,0,0,0,0,0]"""
457,"CSI_DATA,456,8c:90:2d:97:93:77,-52,11,1,7,1,0,1,0,1,0,1,-97,0,2,1,9104486,0,83,1,128,0,""[0,0,0,0,0,0,0,0,0,0,0,0,3,-3,5,-4,6,-5,7,-5,7,-5,7,-6,7,-6,7,-5,6,-5,5,-5,5,-4,3,-4,1,-3,0,-2,-3,-1,-4,0,-6,1,-7,2,-9,4,-10,5,-11,5,-12,6,-12,7,-12,6,-12,6,-11,5,0,0,-8,3,-5,1,-3,-1,-1,-2,2,-4,4,-6,6,-8,8,-9,8,-10,10,-10,10,-11,10,-11,9,-11,8,-10,7,-10,6,-8,4,-6,3,-4,1,-2,0,1,-1,4,-2,7,-2,10,-3,13,-3,15,-4,18,0,0,0,0,0,0,0,0,0,0]"""
458,"CSI_DATA,457,8c:90:2d:97:93:77,-52,11,1,7,1,0,1,0,1,0,1,-97,0,2,1,9114465,0,83,1,128,0,""[0,0,0,0,0,0,0,0,0,0,0,0,-3,-4,-4,-6,-4,-7,-4,-8,-4,-9,-4,-9,-4,-9,-5,-8,-4,-8,-4,-7,-3,-6,-3,-5,-3,-3,-2,-1,-2,1,-1,3,0,5,0,7,0,9,1,10,1,11,2,12,2,13,2,13,1,12,0,12,0,0,-1,7,-1,5,-1,2,-2,-1,-2,-5,-2,-7,-3,-10,-3,-12,-4,-13,-4,-14,-4,-16,-4,-15,-4,-14,-4,-13,-3,-12,-3,-10,-2,-7,-1,-5,0,-2,1,0,2,3,3,6,5,8,7,11,9,12,10,14,0,0,0,0,0,0,0,0,0,0]"""
459,"CSI_DATA,458,8c:90:2d:97:93:77,-52,11,1,7,1,0,1,0,1,0,1,-97,0,2,1,9125145,0,83,1,128,0,""[0,0,0,0,0,0,0,0,0,0,0,0,3,-3,5,-4,6,-4,7,-5,7,-5,7,-5,7,-5,7,-5,6,-5,6,-4,4,-5,3,-4,2,-3,0,-2,-2,-2,-4,-1,-6,0,-8,1,-10,2,-11,3,-12,4,-13,4,-13,4,-13,4,-13,4,-12,3,0,0,-8,1,-5,0,-3,-1,0,-2,3,-3,5,-4,8,-5,9,-6,11,-7,12,-7,13,-7,13,-8,12,-8,11,-7,9,-6,8,-5,6,-4,4,-3,1,-1,-1,1,-3,3,-5,6,-6,8,-8,11,-10,12,-11,14,0,0,0,0,0,0,0,0,0,0]"""
460,"CSI_DATA,459,8c:90:2d:97:93:77,-52,11,1,7,1,0,1,0,1,0,1,-97,0,2,1,9134387,0,83,1,128,0,""[0,0,0,0,0,0,0,0,0,0,0,0,-5,2,-6,2,-7,3,-8,3,-8,3,-9,3,-9,3,-8,3,-8,3,-7,3,-6,3,-4,3,-3,2,-1,1,1,1,3,0,5,-1,7,-1,9,-2,10,-3,11,-3,12,-4,13,-4,13,-4,13,-3,11,-3,0,0,7,-2,5,0,2,1,-1,1,-4,2,-7,3,-9,3,-11,4,-13,4,-14,5,-15,5,-15,5,-14,5,-13,4,-11,4,-10,3,-7,2,-4,1,-2,0,1,-2,3,-4,5,-6,7,-8,9,-11,11,-12,12,-14,0,0,0,0,0,0,0,0,0,0]"""
461,"CSI_DATA,460,8c:90:2d:97:93:77,-52,11,1,7,1,0,1,0,1,0,1,-97,0,2,1,9144366,0,83,1,128,0,""[0,0,0,0,0,0,0,0,0,0,0,0,0,4,0,6,0,7,0,8,0,8,0,9,0,9,-1,8,0,8,0,7,0,6,0,5,1,3,1,1,2,-2,2,-3,2,-6,2,-7,3,-10,3,-11,3,-12,4,-13,3,-14,4,-14,4,-13,4,-12,0,0,3,-8,2,-5,1,-1,0,1,-1,4,-2,7,-3,9,-4,11,-4,12,-5,13,-5,14,-5,14,-5,14,-5,13,-4,11,-3,9,-2,6,-2,4,-1,1,-1,-2,-1,-5,0,-9,0,-12,-1,-15,-1,-17,-1,-19,0,0,0,0,0,0,0,0,0,0]"""
462,"CSI_DATA,461,8c:90:2d:97:93:77,-52,11,1,7,1,0,1,0,1,0,1,-97,0,2,1,9154356,0,83,1,128,0,""[0,0,0,0,0,0,0,0,0,0,0,0,1,-5,1,-7,2,-7,3,-9,3,-9,3,-9,3,-9,3,-9,3,-8,3,-7,2,-7,1,-6,0,-4,-1,-2,-3,-1,-4,1,-5,3,-6,5,-7,6,-8,8,-9,9,-10,9,-10,10,-10,10,-10,9,-10,8,0,0,-7,4,-5,2,-3,0,0,-2,2,-5,4,-6,6,-8,8,-9,9,-10,10,-11,10,-11,10,-12,10,-11,9,-10,8,-9,6,-8,5,-6,3,-4,1,-2,-1,1,-3,4,-4,7,-5,10,-6,12,-8,14,-9,17,0,0,0,0,0,0,0,0,0,0]"""
463,"CSI_DATA,462,8c:90:2d:97:93:77,-52,11,1,7,1,0,1,0,1,0,1,-97,0,2,1,9164488,0,83,1,128,0,""[0,0,0,0,0,0,0,0,0,0,0,0,0,-4,0,-6,0,-7,0,-8,0,-9,0,-9,0,-9,0,-9,0,-8,0,-7,0,-6,-1,-4,-1,-3,-1,0,-1,0,-1,2,-1,4,-1,6,-1,8,-1,9,-1,11,-1,12,-1,13,0,12,-1,12,-1,10,0,0,-1,6,-1,3,-1,0,-1,-1,-1,-4,-1,-6,-1,-9,-1,-11,-2,-13,-2,-14,-2,-15,-2,-15,-2,-14,-2,-13,-2,-11,-1,-9,-1,-6,0,-4,0,-2,0,0,2,2,3,5,5,7,7,9,9,11,10,13,0,0,0,0,0,0,0,0,0,0]"""
464,"CSI_DATA,463,8c:90:2d:97:93:77,-52,11,1,7,1,0,1,0,1,0,0,-97,0,2,1,9174611,0,83,1,128,0,""[0,0,0,0,0,0,0,0,0,0,0,0,1,-5,2,-6,3,-7,4,-8,4,-8,4,-8,4,-8,4,-8,3,-8,3,-7,2,-6,1,-5,0,-3,-1,-2,-2,0,-3,1,-4,3,-5,5,-6,7,-7,9,-7,10,-7,11,-8,11,-8,11,-8,10,-7,10,0,0,-6,6,-4,3,-3,1,-2,-2,0,-5,1,-7,2,-10,3,-12,3,-13,3,-15,4,-15,3,-15,3,-15,2,-13,2,-12,2,-10,1,-8,1,-5,1,-2,1,1,2,4,2,7,3,10,4,13,5,14,6,17,0,0,0,0,0,0,0,0,0,0]"""
465,"CSI_DATA,464,8c:90:2d:97:93:77,-52,11,1,7,1,0,1,0,1,0,0,-97,0,2,1,9184388,0,83,1,128,0,""[0,0,0,0,0,0,0,0,0,0,0,0,4,2,5,3,6,3,7,4,7,4,7,5,7,4,7,4,7,4,6,3,5,2,4,1,3,0,1,-1,-1,-3,-2,-4,-4,-5,-6,-6,-8,-6,-9,-7,-11,-8,-11,-9,-12,-8,-12,-8,-11,-9,-10,-8,0,0,-6,-6,-4,-5,-2,-3,2,-2,4,0,6,1,8,2,11,3,12,4,13,5,14,5,14,4,14,4,13,4,11,3,9,3,7,2,4,1,1,0,-2,0,-5,1,-8,2,-11,2,-14,3,-17,3,-19,4,0,0,0,0,0,0,0,0,0,0]"""
466,"CSI_DATA,465,8c:90:2d:97:93:77,-52,11,1,7,1,0,1,0,1,0,0,-97,0,2,1,9194395,0,83,1,128,0,""[0,0,0,0,0,0,0,0,0,0,0,0,0,4,0,6,0,7,-1,8,-1,9,-1,9,-1,9,-1,8,0,8,0,7,0,6,0,4,0,3,1,1,1,-2,1,-4,1,-6,1,-8,1,-10,0,-11,0,-12,0,-14,0,-15,0,-15,1,-14,1,-13,0,0,1,-9,1,-6,1,-3,2,0,2,3,2,6,2,9,2,11,3,13,3,14,3,15,4,14,4,14,4,12,3,11,2,9,2,7,0,4,-1,2,-3,0,-5,-3,-6,-6,-9,-8,-11,-9,-14,-11,-15,-12,0,0,0,0,0,0,0,0,0,0]"""
467,"CSI_DATA,466,8c:90:2d:97:93:77,-52,11,1,7,1,0,1,0,1,0,0,-97,0,2,1,9204342,0,83,1,128,0,""[0,0,0,0,0,0,0,0,0,0,0,0,4,-1,5,-1,7,-1,8,0,8,-1,8,0,9,-1,8,-1,8,-1,7,-1,5,-1,4,-1,2,-1,1,-2,-2,-2,-3,-2,-5,-1,-8,-1,-10,-1,-11,-1,-12,-1,-14,0,-14,0,-14,0,-13,-1,-12,-1,0,0,-8,-1,-6,-2,-3,-3,0,-2,3,-3,6,-3,8,-4,10,-4,11,-5,13,-5,14,-5,14,-5,13,-6,12,-5,10,-5,8,-4,7,-3,4,-3,2,-1,-1,1,-3,3,-5,6,-6,8,-8,11,-10,12,-11,14,0,0,0,0,0,0,0,0,0,0]"""
468,"CSI_DATA,467,8c:90:2d:97:93:77,-52,11,1,7,1,0,1,0,1,0,0,-97,0,2,1,9215005,0,83,1,128,0,""[0,0,0,0,0,0,0,0,0,0,0,0,-5,0,-6,0,-7,0,-8,0,-9,0,-9,0,-9,0,-8,0,-8,0,-7,0,-6,0,-4,0,-3,0,-1,0,0,1,2,1,3,1,6,1,7,1,9,1,11,1,12,1,13,1,12,1,12,2,10,2,0,0,6,1,3,1,1,0,-1,0,-4,0,-6,0,-9,0,-11,0,-13,-1,-15,-1,-15,-1,-15,-1,-15,0,-13,0,-12,0,-10,0,-7,0,-4,0,-1,0,0,0,3,-1,5,-2,9,-2,11,-4,14,-5,17,-5,0,0,0,0,0,0,0,0,0,0]"""
469,"CSI_DATA,468,8c:90:2d:97:93:77,-52,11,1,7,1,0,1,0,1,0,0,-97,0,2,1,9224463,0,83,1,128,0,""[0,0,0,0,0,0,0,0,0,0,0,0,0,3,1,4,1,6,1,7,1,8,1,7,1,7,1,7,1,6,1,6,0,5,0,3,0,1,0,0,1,-1,0,-3,0,-5,0,-7,0,-9,0,-11,0,-12,0,-13,0,-14,0,-14,0,-13,0,-12,0,0,0,-8,0,-4,0,-1,0,0,0,3,0,6,0,8,0,10,0,12,0,14,0,14,0,14,0,13,0,12,0,11,0,9,0,6,0,3,0,1,-1,0,-2,-4,-2,-7,-4,-10,-5,-12,-7,-15,-7,-16,0,0,0,0,0,0,0,0,0,0]"""
470,"CSI_DATA,469,8c:90:2d:97:93:77,-52,11,1,7,1,0,1,0,1,0,0,-97,0,2,1,9235136,0,83,1,128,0,""[0,0,0,0,0,0,0,0,0,0,0,0,-5,-1,-6,-1,-7,-2,-7,-3,-8,-3,-8,-3,-8,-3,-8,-3,-7,-2,-7,-2,-6,-1,-4,0,-3,0,-1,0,0,1,0,2,3,3,5,3,6,4,7,5,9,6,9,6,10,7,10,7,9,7,8,6,0,0,4,4,2,3,0,1,-1,0,-3,0,-6,-3,-8,-4,-9,-5,-12,-6,-13,-7,-13,-7,-13,-7,-12,-7,-12,-6,-10,-6,-8,-4,-6,-3,-3,-1,-1,-1,0,0,3,0,6,0,9,0,12,0,15,1,17,1,0,0,0,0,0,0,0,0,0,0]"""
471,"CSI_DATA,470,8c:90:2d:97:93:77,-52,11,1,7,1,0,1,0,1,0,0,-97,0,2,1,9244423,0,83,1,128,0,""[0,0,0,0,0,0,0,0,0,0,0,0,4,-2,5,-2,7,-2,8,-2,9,-2,9,-2,9,-2,8,-2,8,-2,7,-2,6,-2,4,-2,3,-2,0,-2,-2,-2,-4,-1,-6,-1,-8,-1,-10,0,-11,1,-12,1,-14,2,-14,2,-14,2,-13,1,-12,1,0,0,-9,0,-6,-1,-3,-2,0,-2,3,-3,5,-4,8,-5,10,-6,11,-6,12,-7,13,-7,13,-8,12,-7,11,-7,10,-7,8,-6,6,-4,4,-3,2,-1,-1,1,-2,4,-4,7,-6,9,-7,12,-8,14,-9,16,0,0,0,0,0,0,0,0,0,0]"""
472,"CSI_DATA,471,8c:90:2d:97:93:77,-52,11,1,7,1,0,1,0,1,0,0,-97,0,2,1,9254344,0,83,1,128,0,""[0,0,0,0,0,0,0,0,0,0,0,0,-2,4,-3,5,-4,6,-4,7,-4,7,-5,7,-5,8,-5,7,-4,7,-4,6,-3,5,-2,4,-1,3,0,1,1,-1,2,-3,3,-4,4,-6,5,-8,6,-9,6,-11,7,-11,7,-12,7,-12,7,-12,6,-10,0,0,5,-7,4,-4,2,-1,1,1,-1,4,-2,6,-4,8,-5,10,-5,12,-5,13,-6,14,-6,14,-5,13,-5,12,-4,11,-3,9,-3,6,-2,4,-2,1,-2,-2,-2,-5,-2,-9,-2,-11,-3,-14,-4,-16,-4,-19,0,0,0,0,0,0,0,0,0,0]"""
473,"CSI_DATA,472,8c:90:2d:97:93:77,-52,11,1,7,1,0,1,0,1,0,0,-97,0,2,1,9264388,0,83,1,128,0,""[0,0,0,0,0,0,0,0,0,0,0,0,-4,3,-5,4,-6,5,-7,6,-7,6,-7,6,-7,6,-7,6,-7,5,-6,5,-5,5,-4,3,-2,3,-1,2,1,0,3,-1,5,-2,6,-4,8,-5,9,-6,10,-7,11,-7,12,-8,12,-8,11,-7,10,-6,0,0,7,-4,5,-2,2,0,-1,1,-3,3,-6,4,-8,5,-10,6,-11,7,-12,8,-13,8,-13,9,-13,8,-12,8,-10,7,-8,5,-7,4,-4,2,-2,1,0,-2,2,-4,4,-7,5,-10,7,-13,8,-15,9,-17,0,0,0,0,0,0,0,0,0,0]"""
474,"CSI_DATA,473,8c:90:2d:97:93:77,-52,11,1,7,1,0,1,0,1,0,0,-97,0,2,1,9274512,0,83,1,128,0,""[0,0,0,0,0,0,0,0,0,0,0,0,-4,3,-5,4,-6,5,-7,5,-8,5,-8,5,-7,6,-8,5,-7,5,-6,5,-5,4,-4,3,-2,2,-1,1,1,0,3,0,5,-2,7,-3,8,-4,10,-5,11,-6,12,-7,12,-7,12,-7,12,-6,10,-5,0,0,7,-3,5,-2,2,0,-1,1,-3,3,-6,4,-8,5,-10,6,-11,7,-13,8,-13,8,-13,8,-13,8,-12,7,-10,6,-8,6,-7,4,-5,2,-2,1,0,-2,2,-4,4,-7,5,-10,7,-13,8,-14,9,-17,0,0,0,0,0,0,0,0,0,0]"""
475,"CSI_DATA,474,8c:90:2d:97:93:77,-52,11,1,7,1,0,1,0,1,0,0,-97,0,2,1,9285458,0,83,1,128,0,""[0,0,0,0,0,0,0,0,0,0,0,0,-5,1,-6,2,-8,2,-9,2,-9,2,-10,2,-9,2,-9,2,-9,2,-7,1,-7,2,-5,2,-3,1,-2,1,1,1,3,1,5,1,7,0,9,0,11,-1,12,-1,13,-1,13,-1,14,-1,13,0,11,0,0,0,7,1,5,1,2,1,-2,1,-4,1,-7,1,-10,1,-12,1,-14,1,-15,1,-16,1,-16,1,-15,2,-14,2,-12,2,-10,1,-8,1,-5,1,-2,0,1,-1,3,-3,6,-5,9,-6,12,-7,14,-9,16,-10,0,0,0,0,0,0,0,0,0,0]"""
476,"CSI_DATA,475,8c:90:2d:97:93:77,-52,11,1,7,1,0,1,0,1,0,0,-97,0,2,1,9294340,0,83,1,128,0,""[0,0,0,0,0,0,0,0,0,0,0,0,-5,-3,-6,-4,-7,-4,-8,-5,-8,-6,-8,-6,-8,-6,-8,-6,-8,-5,-7,-4,-6,-3,-5,-2,-4,-1,-2,0,-1,1,1,3,3,4,5,6,6,6,7,7,8,8,9,9,9,9,10,9,9,9,8,8,0,0,4,6,3,4,0,2,-2,0,-4,-2,-6,-4,-8,-6,-10,-7,-11,-8,-13,-9,-13,-9,-13,-9,-13,-9,-12,-8,-10,-7,-9,-6,-7,-5,-4,-3,-1,-2,2,-1,4,0,7,1,10,1,13,2,16,2,18,3,0,0,0,0,0,0,0,0,0,0]"""
477,"CSI_DATA,476,8c:90:2d:97:93:77,-52,11,1,7,1,0,1,0,1,0,0,-97,0,2,1,9304319,0,83,1,128,0,""[0,0,0,0,0,0,0,0,0,0,0,0,-5,2,-6,2,-8,3,-8,3,-9,3,-9,3,-9,4,-9,3,-8,3,-7,3,-6,3,-5,2,-3,2,-1,1,1,1,3,0,5,0,7,-1,9,-2,10,-3,12,-3,13,-3,13,-4,14,-4,13,-3,12,-3,0,0,8,-1,5,0,2,1,-1,1,-4,2,-7,3,-10,3,-11,4,-13,4,-15,4,-15,5,-15,5,-15,5,-13,4,-12,4,-10,4,-8,2,-5,1,-2,0,1,-2,3,-4,5,-6,7,-8,9,-10,11,-12,13,-14,0,0,0,0,0,0,0,0,0,0]"""
478,"CSI_DATA,477,8c:90:2d:97:93:77,-51,11,1,7,1,0,1,0,1,0,0,-97,0,2,1,9315066,0,83,1,128,0,""[0,0,0,0,0,0,0,0,0,0,0,0,3,-3,5,-4,6,-5,7,-4,8,-5,8,-5,7,-5,7,-5,7,-5,6,-4,5,-4,3,-4,2,-3,0,-2,-2,-1,-4,-1,-6,0,-8,2,-9,3,-11,3,-12,4,-12,5,-13,5,-14,5,-13,4,-12,4,0,0,-8,2,-6,0,-3,-2,0,-2,3,-4,5,-5,7,-6,9,-7,10,-8,12,-9,12,-9,12,-9,11,-9,10,-9,9,-8,7,-7,5,-5,3,-3,1,-1,-1,1,-2,4,-4,7,-5,9,-6,12,-7,14,-8,18,0,0,0,0,0,0,0,0,0,0]"""
479,"CSI_DATA,478,8c:90:2d:97:93:77,-52,11,1,7,1,0,1,0,1,0,0,-97,0,2,1,9324429,0,83,1,128,0,""[0,0,0,0,0,0,0,0,0,0,0,0,1,4,2,5,2,7,1,8,2,8,2,8,2,8,2,8,2,7,2,6,2,6,1,4,2,2,1,0,1,-2,0,-4,0,-6,0,-8,0,-9,0,-11,-1,-13,-1,-14,-1,-14,-2,-14,-1,-14,-1,-13,0,0,0,-8,1,-6,1,-2,1,0,1,3,1,6,2,9,2,11,2,13,3,14,3,14,3,14,3,14,3,13,2,11,2,10,1,7,0,4,-1,2,-2,-1,-4,-4,-5,-7,-7,-9,-8,-11,-11,-13,-13,-15,0,0,0,0,0,0,0,0,0,0]"""
480,"CSI_DATA,479,8c:90:2d:97:93:77,-52,11,1,7,1,0,1,0,1,0,0,-97,0,2,1,9334349,0,83,1,128,0,""[0,0,0,0,0,0,0,0,0,0,0,0,-2,-5,-3,-6,-3,-7,-3,-8,-3,-9,-4,-9,-4,-9,-4,-9,-3,-8,-4,-8,-3,-7,-3,-5,-3,-3,-2,-1,-2,1,-1,3,-1,5,0,7,0,9,1,10,1,12,2,13,2,13,2,13,1,13,1,12,0,0,0,8,-1,5,-2,2,-2,-1,-3,-4,-3,-7,-4,-9,-4,-11,-5,-13,-5,-14,-5,-15,-6,-15,-5,-14,-5,-13,-4,-12,-4,-10,-3,-7,-2,-5,0,-2,1,0,3,3,5,5,7,7,9,9,11,11,13,13,0,0,0,0,0,0,0,0,0,0]"""
481,"CSI_DATA,480,8c:90:2d:97:93:77,-52,11,1,7,1,0,1,0,1,0,0,-97,0,2,1,9344396,0,83,1,128,0,""[0,0,0,0,0,0,0,0,0,0,0,0,-4,-2,-5,-3,-5,-4,-6,-5,-6,-5,-6,-6,-6,-6,-6,-6,-6,-5,-5,-5,-5,-4,-4,-3,-3,-1,-2,0,-1,1,0,2,0,4,0,6,1,8,2,9,2,10,2,11,2,12,3,12,2,12,1,10,0,0,0,7,0,4,0,0,-1,0,-1,-4,0,-6,-1,-9,-2,-11,-2,-13,-1,-14,-1,-15,-1,-15,-1,-14,-1,-13,-1,-11,0,-10,-1,-6,0,-4,0,-1,0,0,0,3,0,6,1,9,2,12,3,14,4,17,0,0,0,0,0,0,0,0,0,0]"""
482,"CSI_DATA,481,8c:90:2d:97:93:77,-52,11,1,7,1,0,1,0,1,0,0,-97,0,2,1,9354409,0,83,1,128,0,""[0,0,0,0,0,0,0,0,0,0,0,0,-2,-4,-2,-5,-2,-6,-3,-8,-3,-8,-2,-8,-3,-8,-3,-8,-2,-8,-2,-6,-2,-5,-2,-4,-2,-2,-2,0,-1,0,-1,2,-1,4,0,6,0,8,0,10,0,11,0,12,0,13,0,13,0,12,-1,11,0,0,-1,6,-1,3,-1,0,0,0,0,-4,0,-7,0,-9,0,-11,0,-13,0,-14,0,-15,0,-15,0,-15,0,-13,0,-11,0,-9,0,-7,0,-4,0,-1,0,0,0,3,0,7,1,9,2,12,2,14,3,17,0,0,0,0,0,0,0,0,0,0]"""
483,"CSI_DATA,482,8c:90:2d:97:93:77,-52,11,1,7,1,0,1,0,1,0,0,-97,0,2,1,9364373,0,83,1,128,0,""[0,0,0,0,0,0,0,0,0,0,0,0,3,3,3,4,4,5,4,6,4,7,5,7,4,7,5,7,4,6,4,5,3,4,3,3,2,1,1,0,0,-2,-1,-4,-2,-6,-3,-7,-5,-8,-5,-10,-6,-11,-7,-12,-7,-13,-8,-12,-7,-12,-6,-11,0,0,-3,-8,-2,-6,0,-3,2,-1,3,2,4,4,6,6,7,8,9,9,9,10,10,11,10,11,10,10,9,9,8,8,6,7,5,5,2,3,0,1,-3,0,-5,-2,-7,-3,-10,-4,-13,-4,-16,-5,-18,-6,0,0,0,0,0,0,0,0,0,0]"""
484,"CSI_DATA,483,8c:90:2d:97:93:77,-52,11,1,7,1,0,1,0,1,0,0,-97,0,2,1,9374677,0,83,1,128,0,""[0,0,0,0,0,0,0,0,0,0,0,0,-4,2,-5,3,-7,3,-8,4,-8,4,-8,4,-8,4,-8,4,-7,4,-6,4,-5,3,-4,3,-3,2,-1,1,1,0,3,-1,4,-2,6,-3,8,-4,9,-5,10,-6,11,-6,11,-7,12,-7,12,-6,10,-6,0,0,7,-3,4,-1,2,0,0,1,-3,3,-5,5,-7,6,-9,7,-10,8,-11,9,-12,10,-12,10,-11,10,-10,9,-8,8,-7,7,-6,4,-4,3,-2,1,-1,-2,0,-5,1,-9,2,-11,3,-14,3,-16,3,-18,0,0,0,0,0,0,0,0,0,0]"""
485,"CSI_DATA,484,8c:90:2d:97:93:77,-52,11,1,7,1,0,1,0,1,0,0,-97,0,2,1,9384496,0,83,1,128,0,""[0,0,0,0,0,0,0,0,0,0,0,0,-5,-2,-6,-3,-7,-3,-8,-4,-9,-5,-9,-5,-9,-5,-9,-4,-8,-4,-8,-4,-7,-3,-5,-2,-4,-1,-2,0,0,1,2,3,4,4,6,4,7,5,9,5,10,6,11,6,12,7,12,7,11,7,10,6,0,0,6,5,3,3,1,2,-2,0,-5,0,-7,-2,-10,-3,-12,-4,-13,-4,-15,-5,-16,-5,-16,-5,-15,-4,-14,-4,-12,-3,-10,-3,-8,-2,-5,-2,-2,-2,1,-1,4,-2,6,-2,10,-4,13,-4,16,-5,19,-6,0,0,0,0,0,0,0,0,0,0]"""
486,"CSI_DATA,485,8c:90:2d:97:93:77,-52,11,1,7,1,0,1,0,1,0,0,-97,0,2,1,9394339,0,83,1,128,0,""[0,0,0,0,0,0,0,0,0,0,0,0,3,-2,4,-2,5,-3,6,-3,7,-3,8,-3,7,-3,7,-2,7,-2,6,-2,5,-2,3,-2,1,-2,0,-2,-1,-2,-3,-1,-5,-1,-8,-1,-8,-1,-10,-1,-12,-1,-13,-1,-13,-1,-13,-1,-13,-1,-11,-2,0,0,-7,-2,-4,-1,-1,-1,0,0,2,0,5,0,8,0,10,0,12,1,13,1,14,2,14,1,13,1,12,1,10,1,8,1,6,0,3,0,0,0,-1,0,-4,0,-7,0,-10,0,-13,0,-16,0,-19,0,0,0,0,0,0,0,0,0,0,0]"""
487,"CSI_DATA,486,8c:90:2d:97:93:77,-52,11,1,7,1,0,1,0,1,0,0,-97,0,2,1,9404370,0,83,1,128,0,""[0,0,0,0,0,0,0,0,0,0,0,0,-4,0,-6,0,-7,0,-8,0,-8,0,-9,0,-9,0,-8,0,-8,0,-7,0,-6,0,-4,0,-3,0,-1,0,0,1,2,1,4,1,6,1,7,2,9,2,10,2,11,3,12,3,12,3,11,3,10,3,0,0,6,2,3,1,0,0,-1,0,-3,0,-6,-2,-8,-3,-11,-3,-12,-4,-13,-5,-14,-5,-14,-5,-14,-5,-13,-4,-11,-3,-9,-3,-7,-2,-4,-1,0,0,1,0,3,0,6,0,9,0,12,0,15,0,17,0,0,0,0,0,0,0,0,0,0,0]"""
488,"CSI_DATA,487,8c:90:2d:97:93:77,-51,11,1,7,1,0,1,0,1,0,0,-97,0,2,1,9414467,0,83,1,128,0,""[0,0,0,0,0,0,0,0,0,0,0,0,-4,2,-5,3,-7,4,-7,4,-8,4,-8,4,-8,5,-8,4,-7,4,-6,4,-6,4,-4,3,-3,2,-1,1,1,0,3,-1,5,-2,6,-3,8,-4,9,-5,11,-7,11,-7,11,-7,11,-8,11,-7,10,-6,0,0,7,-4,4,-2,2,0,0,1,-3,3,-6,5,-8,6,-9,7,-10,8,-11,10,-11,10,-11,10,-11,10,-10,9,-9,9,-7,7,-6,5,-4,3,-2,1,-1,-2,0,-5,1,-9,2,-11,2,-14,3,-16,3,-20,0,0,0,0,0,0,0,0,0,0]"""
489,"CSI_DATA,488,8c:90:2d:97:93:77,-51,11,1,7,1,0,1,0,1,0,0,-97,0,2,1,9424383,0,83,1,128,0,""[0,0,0,0,0,0,0,0,0,0,0,0,4,-1,6,-2,7,-2,8,-2,9,-2,9,-2,9,-2,9,-2,8,-2,7,-2,6,-2,4,-2,2,-2,0,-2,-2,-2,-4,-2,-6,-2,-8,-1,-10,0,-13,0,-15,0,-15,1,-16,1,-16,1,-16,0,-14,0,0,0,-9,-1,-6,-2,-3,-2,0,-2,3,-3,6,-4,9,-4,11,-4,14,-5,15,-6,16,-6,16,-6,15,-6,14,-6,11,-5,9,-5,7,-3,4,-2,2,-1,-1,1,-3,3,-6,6,-8,9,-9,11,-11,14,-13,16,0,0,0,0,0,0,0,0,0,0]"""
490,"CSI_DATA,489,8c:90:2d:97:93:77,-52,11,1,7,1,0,1,0,1,0,0,-97,0,2,1,9434422,0,83,1,128,0,""[0,0,0,0,0,0,0,0,0,0,0,0,3,2,3,3,4,4,4,4,5,5,5,6,5,5,5,5,4,4,4,4,3,3,2,2,2,0,0,0,0,-1,0,-3,-1,-5,-2,-7,-3,-8,-4,-10,-5,-10,-5,-11,-5,-12,-6,-12,-5,-12,-4,-11,0,0,-2,-7,-1,-5,0,-2,0,0,1,2,2,5,3,7,4,9,5,10,5,12,6,12,5,12,5,12,5,10,4,9,3,7,2,5,1,2,0,0,-1,0,-3,-2,-5,-5,-7,-7,-9,-9,-12,-10,-13,-12,0,0,0,0,0,0,0,0,0,0]"""
491,"CSI_DATA,490,8c:90:2d:97:93:77,-52,11,1,7,1,0,1,0,1,0,0,-97,0,2,1,9444454,0,83,1,128,0,""[0,0,0,0,0,0,0,0,0,0,0,0,-3,-3,-4,-4,-4,-5,-4,-6,-5,-7,-5,-7,-5,-7,-5,-7,-5,-6,-4,-5,-4,-4,-3,-3,-3,-1,-1,0,0,0,0,2,0,4,1,6,2,7,3,9,4,9,4,11,4,11,5,11,4,11,3,10,0,0,0,6,0,3,0,1,-2,0,-3,-2,-3,-5,-5,-7,-6,-9,-7,-11,-8,-12,-8,-13,-8,-12,-8,-12,-7,-11,-6,-10,-5,-8,-4,-6,-1,-4,0,-1,1,0,3,1,5,3,8,4,10,6,13,7,15,8,0,0,0,0,0,0,0,0,0,0]"""
492,"CSI_DATA,491,8c:90:2d:97:93:77,-52,11,1,7,1,0,1,0,1,0,0,-97,0,2,1,9455028,0,83,1,128,0,""[0,0,0,0,0,0,0,0,0,0,0,0,-1,-4,-2,-5,-2,-6,-2,-8,-2,-8,-2,-8,-2,-8,-2,-8,-2,-8,-2,-7,-2,-6,-2,-4,-1,-2,-1,0,-1,0,0,2,0,4,0,6,0,8,0,9,0,11,1,12,1,13,1,12,0,12,0,11,0,0,0,6,0,4,-1,1,-2,0,-2,-3,-2,-6,-3,-8,-3,-10,-5,-12,-5,-13,-5,-14,-5,-13,-5,-13,-5,-12,-4,-11,-3,-9,-3,-6,-1,-4,0,-2,0,0,3,1,4,4,7,6,9,8,11,9,13,10,0,0,0,0,0,0,0,0,0,0]"""
493,"CSI_DATA,492,8c:90:2d:97:93:77,-52,11,1,7,1,0,1,0,1,0,0,-97,0,2,1,9464449,0,83,1,128,0,""[0,0,0,0,0,0,0,0,0,0,0,0,-5,-1,-7,-1,-8,-1,-9,-1,-9,-2,-10,-1,-9,-1,-9,-1,-9,-1,-8,-1,-7,0,-6,0,-3,0,-2,1,1,1,2,1,5,2,7,2,9,1,10,1,12,1,13,1,13,1,14,1,13,2,11,1,0,0,7,1,5,2,2,2,-2,1,-5,1,-7,1,-10,2,-12,2,-13,1,-15,2,-15,2,-16,3,-15,3,-14,2,-12,2,-10,2,-8,1,-5,1,-2,0,0,-2,3,-4,5,-6,7,-8,9,-11,11,-12,13,-13,0,0,0,0,0,0,0,0,0,0]"""
494,"CSI_DATA,493,8c:90:2d:97:93:77,-52,11,1,7,1,0,1,0,1,0,0,-97,0,2,1,9474636,0,83,1,128,0,""[0,0,0,0,0,0,0,0,0,0,0,0,1,-5,2,-6,2,-7,3,-8,3,-9,4,-9,3,-9,3,-8,3,-8,2,-7,2,-6,1,-5,0,-4,-1,-2,-2,0,-3,2,-4,4,-5,5,-6,7,-6,9,-7,10,-7,11,-8,12,-7,12,-7,10,-7,10,0,0,-5,6,-4,3,-3,0,-2,-2,0,-5,1,-8,2,-10,3,-12,3,-13,4,-15,3,-15,3,-15,3,-15,3,-13,2,-12,2,-10,1,-8,1,-5,1,-2,1,1,1,4,1,7,3,10,3,13,5,15,5,17,0,0,0,0,0,0,0,0,0,0]"""
495,"CSI_DATA,494,8c:90:2d:97:93:77,-52,11,1,7,1,0,1,0,1,0,0,-97,0,2,1,9484432,0,83,1,128,0,""[0,0,0,0,0,0,0,0,0,0,0,0,-5,-1,-7,-2,-8,-2,-9,-2,-9,-2,-10,-3,-10,-3,-9,-3,-9,-2,-8,-2,-7,-1,-5,-1,-4,0,-2,0,0,1,2,2,4,3,6,4,8,3,10,4,11,4,12,5,12,5,13,5,12,6,10,5,0,0,6,4,4,3,1,2,-3,1,-5,0,-7,-2,-10,-2,-12,-3,-14,-3,-15,-3,-15,-4,-16,-3,-15,-3,-14,-3,-12,-3,-10,-2,-8,-2,-5,-2,-2,-1,1,-1,4,-2,6,-3,10,-4,13,-4,16,-5,18,-6,0,0,0,0,0,0,0,0,0,0]"""
496,"CSI_DATA,495,8c:90:2d:97:93:77,-52,11,1,7,1,0,1,0,1,0,0,-97,0,2,1,9494376,0,83,1,128,0,""[0,0,0,0,0,0,0,0,0,0,0,0,-4,3,-5,4,-6,5,-7,5,-7,6,-8,6,-7,6,-7,5,-7,5,-6,5,-5,4,-4,3,-2,3,-1,1,1,0,3,-1,5,-2,6,-4,8,-5,9,-6,10,-8,10,-8,11,-9,11,-8,10,-8,10,-7,0,0,7,-4,4,-2,2,0,0,1,-3,3,-5,5,-7,7,-8,8,-9,9,-11,10,-11,10,-11,11,-10,10,-10,10,-8,8,-7,7,-6,5,-4,3,-2,1,-1,-2,0,-5,2,-8,2,-11,3,-14,4,-16,4,-18,0,0,0,0,0,0,0,0,0,0]"""
497,"CSI_DATA,496,8c:90:2d:97:93:77,-52,11,1,7,1,0,1,0,1,0,0,-97,0,2,1,9504401,0,83,1,128,0,""[0,0,0,0,0,0,0,0,0,0,0,0,4,1,6,1,7,2,8,2,8,2,8,3,8,2,8,2,7,2,7,2,6,1,5,0,3,-1,1,-1,-1,-2,-3,-3,-5,-4,-7,-5,-8,-5,-10,-6,-12,-6,-12,-6,-13,-7,-13,-7,-13,-7,-11,-6,0,0,-7,-5,-5,-4,-2,-3,1,-1,4,-1,6,1,9,2,11,2,12,3,14,4,14,3,15,3,14,3,13,2,11,2,9,2,7,1,4,1,1,0,-2,0,-5,1,-8,1,-11,2,-14,3,-17,4,-19,4,0,0,0,0,0,0,0,0,0,0]"""
498,"CSI_DATA,497,8c:90:2d:97:93:77,-52,11,1,7,1,0,1,0,1,0,0,-97,0,2,1,9514372,0,83,1,128,0,""[0,0,0,0,0,0,0,0,0,0,0,0,2,4,3,5,3,6,3,7,4,8,4,8,4,8,4,7,4,7,3,6,3,5,3,4,2,2,1,0,0,-2,-1,-4,-2,-6,-3,-8,-4,-9,-5,-11,-6,-12,-6,-13,-7,-14,-6,-13,-6,-13,-5,-12,0,0,-3,-8,-2,-6,0,-3,2,0,3,2,4,4,6,6,7,8,9,10,9,11,9,11,10,11,10,11,9,10,8,8,6,7,5,5,2,3,0,2,-3,0,-5,-2,-8,-3,-11,-3,-14,-5,-17,-5,-19,-5,0,0,0,0,0,0,0,0,0,0]"""
499,"CSI_DATA,498,8c:90:2d:97:93:77,-52,11,1,7,1,0,1,0,1,0,0,-97,0,2,1,9524541,0,83,1,128,0,""[0,0,0,0,0,0,0,0,0,0,0,0,4,1,6,1,7,1,8,1,8,2,8,2,8,1,8,2,8,1,7,1,6,0,4,0,3,-1,1,-2,-1,-2,-3,-3,-6,-3,-7,-3,-9,-3,-11,-4,-13,-3,-14,-4,-14,-4,-14,-3,-13,-4,-12,-4,0,0,-8,-3,-5,-3,-2,-3,1,-2,4,-2,7,-2,9,-2,11,-2,13,-1,15,-1,15,-2,15,-2,15,-2,13,-2,11,-2,9,-2,7,-1,4,-1,2,0,-1,1,-4,3,-7,5,-9,7,-11,9,-13,10,-15,12,0,0,0,0,0,0,0,0,0,0]"""
500,"CSI_DATA,499,8c:90:2d:97:93:77,-52,11,1,7,1,0,1,0,1,0,0,-97,0,2,1,9534416,0,83,1,128,0,""[0,0,0,0,0,0,0,0,0,0,0,0,-1,-5,-1,-7,-2,-7,-1,-9,-1,-10,-1,-10,-2,-10,-2,-9,-2,-9,-2,-8,-2,-7,-2,-5,-2,-4,-2,-2,-2,1,-1,3,-1,5,0,7,0,9,1,11,1,12,2,12,2,14,2,13,2,13,1,12,0,0,0,8,-1,5,-2,2,-3,-1,-3,-3,-4,-6,-5,-9,-6,-11,-7,-12,-8,-13,-8,-14,-9,-13,-9,-13,-8,-12,-7,-10,-6,-9,-5,-7,-3,-5,0,-3,2,-1,4,1,6,2,10,3,12,4,15,5,17,6,0,0,0,0,0,0,0,0,0,0]"""
501,"CSI_DATA,500,8c:90:2d:97:93:77,-52,11,1,7,1,0,1,0,1,0,0,-97,0,2,1,9544400,0,83,1,128,0,""[0,0,0,0,0,0,0,0,0,0,0,0,-5,1,-6,1,-7,2,-9,2,-9,2,-9,2,-9,2,-9,3,-8,2,-7,2,-6,2,-5,2,-3,1,-1,1,1,0,3,0,5,-1,7,-2,9,-2,10,-3,11,-4,12,-4,13,-4,13,-5,12,-3,11,-4,0,0,7,-2,5,0,2,1,0,1,-4,3,-6,4,-9,5,-10,6,-12,7,-12,7,-13,8,-13,8,-13,8,-12,7,-10,7,-8,6,-6,3,-5,2,-2,1,-1,-2,1,-5,3,-8,4,-11,5,-13,5,-16,6,-18,0,0,0,0,0,0,0,0,0,0]"""
502,"CSI_DATA,501,8c:90:2d:97:93:77,-52,11,1,7,1,0,1,0,1,0,0,-97,0,2,1,9556484,0,83,1,128,0,""[0,0,0,0,0,0,0,0,0,0,0,0,1,4,1,5,1,6,1,7,1,8,1,8,1,8,2,8,1,7,1,6,2,5,1,4,1,2,1,0,1,-2,1,-4,0,-6,-1,-8,-1,-10,-1,-11,-2,-12,-2,-13,-3,-14,-3,-14,-2,-13,-2,-12,0,0,-1,-8,0,-6,0,-3,2,0,2,3,2,5,3,8,4,9,5,11,5,12,5,13,6,13,6,12,6,11,5,10,4,8,3,6,1,4,-1,2,-3,-1,-5,-3,-6,-5,-9,-6,-11,-8,-14,-9,-16,-10,0,0,0,0,0,0,0,0,0,0]"""
503,"CSI_DATA,502,8c:90:2d:97:93:77,-52,11,1,7,1,0,1,0,1,0,0,-97,0,2,1,9564438,0,83,1,128,0,""[0,0,0,0,0,0,0,0,0,0,0,0,3,-2,4,-2,6,-2,6,-2,7,-3,8,-2,7,-2,7,-2,6,-2,6,-2,4,-2,3,-2,1,-2,0,-1,-1,-1,-3,-1,-5,-1,-7,0,-9,0,-10,0,-12,0,-13,0,-13,0,-13,0,-13,0,-11,-1,0,0,-7,-1,-5,-1,-2,-1,0,0,2,0,6,0,8,0,10,0,12,0,13,0,14,0,14,0,14,0,12,0,10,0,8,0,7,0,3,0,0,0,-1,0,-4,0,-6,1,-10,2,-12,3,-15,4,-18,4,0,0,0,0,0,0,0,0,0,0]"""
504,"CSI_DATA,503,8c:90:2d:97:93:77,-52,11,1,7,1,0,1,0,1,0,1,-97,0,2,1,9574562,0,83,1,128,0,""[0,0,0,0,0,0,0,0,0,0,0,0,3,-1,5,-1,6,-1,7,-1,8,-1,8,-1,8,-1,7,-1,7,-1,6,-1,5,-1,3,-1,2,-1,0,-1,-1,-2,-3,-2,-5,-2,-7,-2,-9,-2,-10,-2,-12,-2,-13,-2,-13,-2,-13,-2,-13,-3,-11,-3,0,0,-7,-2,-4,-2,-1,-1,0,0,3,0,5,0,8,0,10,1,12,1,13,2,14,2,14,1,14,1,13,1,10,1,9,0,6,0,3,0,0,0,-2,0,-5,0,-7,0,-10,0,-13,0,-16,1,-19,0,0,0,0,0,0,0,0,0,0,0]"""
505,"CSI_DATA,504,8c:90:2d:97:93:77,-52,11,1,7,1,0,1,0,1,0,1,-97,0,2,1,9584387,0,83,1,128,0,""[0,0,0,0,0,0,0,0,0,0,0,0,4,2,5,3,5,3,6,5,6,5,7,5,7,5,7,5,6,4,6,3,5,3,4,1,3,0,1,-1,0,-2,-2,-4,-4,-5,-5,-6,-7,-7,-8,-8,-10,-8,-10,-9,-11,-9,-11,-9,-10,-10,-9,-9,0,0,-6,-6,-4,-5,-1,-3,1,-1,3,0,6,2,8,3,10,4,11,5,13,6,13,6,13,6,13,6,12,5,10,4,8,3,7,3,3,1,1,1,-2,0,-5,0,-8,0,-11,1,-14,1,-17,1,-19,2,0,0,0,0,0,0,0,0,0,0]"""
506,"CSI_DATA,505,8c:90:2d:97:93:77,-52,11,1,7,1,0,1,0,1,0,1,-97,0,2,1,9594484,0,83,1,128,0,""[0,0,0,0,0,0,0,0,0,0,0,0,4,-2,5,-2,7,-2,8,-2,9,-2,8,-2,9,-3,8,-3,8,-3,6,-3,6,-3,4,-2,2,-2,0,-2,-2,-1,-4,-1,-6,0,-8,1,-10,1,-11,2,-13,3,-13,3,-14,4,-14,3,-14,3,-12,2,0,0,-8,1,-6,0,-3,-2,0,-2,3,-4,5,-5,7,-6,9,-8,10,-9,12,-9,12,-10,12,-10,11,-10,10,-9,8,-9,7,-7,5,-5,3,-4,2,-1,0,1,-1,4,-2,8,-3,11,-4,13,-5,16,-5,18,0,0,0,0,0,0,0,0,0,0]"""
507,"CSI_DATA,506,8c:90:2d:97:93:77,-52,11,1,7,1,0,1,0,1,0,1,-97,0,2,1,9604451,0,83,1,128,0,""[0,0,0,0,0,0,0,0,0,0,0,0,3,3,4,4,5,5,5,6,5,6,6,7,5,7,5,6,5,5,5,5,4,4,3,3,2,1,1,0,0,-2,-2,-4,-3,-6,-4,-7,-6,-8,-7,-9,-8,-10,-9,-11,-9,-11,-9,-11,-9,-11,-8,-10,0,0,-5,-7,-3,-5,-1,-3,2,-1,4,1,6,3,7,4,9,6,10,7,12,8,12,8,12,7,12,7,11,6,10,6,8,4,6,3,3,2,1,1,-2,0,-5,0,-8,-1,-11,0,-14,0,-17,0,-19,0,0,0,0,0,0,0,0,0,0,0]"""
508,"CSI_DATA,507,8c:90:2d:97:93:77,-52,11,1,7,1,0,1,0,1,0,1,-97,0,2,1,9614402,0,83,1,128,0,""[0,0,0,0,0,0,0,0,0,0,0,0,0,-4,0,-6,0,-7,0,-8,0,-8,0,-9,0,-9,0,-8,0,-8,0,-7,0,-6,0,-4,-1,-3,0,-1,-1,0,-1,1,-1,4,-1,6,-2,8,-1,9,-1,10,-2,11,-2,13,-1,12,-2,12,-2,11,0,0,-2,6,-1,4,-1,0,-2,-1,-1,-4,-1,-6,0,-9,0,-11,-1,-13,-1,-14,-1,-15,-1,-14,-1,-14,-1,-13,-1,-12,-1,-10,-1,-7,0,-4,0,-2,1,0,2,2,3,5,5,7,6,9,9,12,10,13,0,0,0,0,0,0,0,0,0,0]"""
509,"CSI_DATA,508,8c:90:2d:97:93:77,-52,11,1,7,1,0,1,0,1,0,1,-97,0,2,1,9624526,0,83,1,128,0,""[0,0,0,0,0,0,0,0,0,0,0,0,3,-4,4,-5,5,-6,6,-6,6,-6,6,-7,6,-7,6,-7,5,-6,4,-6,4,-5,2,-4,1,-3,-1,-2,-2,-1,-4,1,-5,2,-7,4,-7,5,-8,6,-9,7,-10,8,-11,9,-10,9,-10,8,-9,7,0,0,-7,4,-5,2,-3,-1,-1,-2,1,-5,3,-7,4,-9,5,-10,6,-12,6,-13,6,-13,7,-13,6,-13,6,-12,5,-11,4,-9,3,-7,2,-4,1,-2,1,1,0,4,0,8,1,10,1,13,1,15,2,17,0,0,0,0,0,0,0,0,0,0]"""
510,"CSI_DATA,509,8c:90:2d:97:93:77,-52,11,1,7,1,0,1,0,1,0,1,-97,0,2,1,9634331,0,83,1,128,0,""[0,0,0,0,0,0,0,0,0,0,0,0,-4,2,-6,3,-7,3,-8,4,-8,4,-9,4,-8,4,-8,4,-8,4,-7,3,-6,3,-4,3,-3,2,-1,1,1,0,3,0,5,-1,7,-2,8,-4,10,-5,11,-5,12,-5,12,-6,12,-6,12,-5,11,-5,0,0,7,-3,5,-1,2,0,-1,1,-4,3,-6,4,-9,5,-10,6,-12,7,-13,7,-13,8,-13,8,-13,8,-12,7,-10,7,-8,5,-7,4,-5,2,-3,0,0,-2,2,-5,3,-7,5,-10,6,-13,7,-15,8,-18,0,0,0,0,0,0,0,0,0,0]"""
511,"CSI_DATA,510,8c:90:2d:97:93:77,-51,11,1,7,1,0,1,0,1,0,1,-97,0,2,1,9644791,0,83,1,128,0,""[0,0,0,0,0,0,0,0,0,0,0,0,-5,-2,-7,-2,-8,-3,-8,-3,-9,-3,-9,-4,-9,-4,-9,-3,-8,-3,-8,-3,-7,-2,-5,-1,-4,-1,-2,0,0,1,2,2,4,3,6,4,7,4,9,5,10,5,11,6,12,6,12,6,11,6,10,6,0,0,6,4,4,3,1,2,-2,0,-4,-1,-7,-2,-10,-3,-11,-4,-13,-5,-14,-5,-15,-5,-15,-5,-15,-4,-14,-4,-12,-3,-10,-3,-8,-2,-5,-2,-2,-1,1,-1,4,-2,7,-3,10,-3,12,-3,16,-4,19,-4,0,0,0,0,0,0,0,0,0,0]"""
512,"CSI_DATA,511,8c:90:2d:97:93:77,-52,11,1,7,1,0,1,0,1,0,1,-97,0,2,1,9654407,0,83,1,128,0,""[0,0,0,0,0,0,0,0,0,0,0,0,3,0,5,-1,6,0,7,0,8,0,8,0,8,0,8,0,7,0,6,0,5,0,3,0,2,-1,0,-1,0,-2,-2,-2,-4,-3,-6,-3,-8,-4,-9,-5,-11,-5,-11,-6,-12,-6,-12,-6,-11,-6,-10,-6,0,0,-6,-4,-3,-3,-1,-1,0,0,2,0,4,2,7,3,8,5,10,6,11,7,11,7,11,7,11,7,10,6,8,5,7,5,5,2,2,1,0,0,-1,0,-4,-1,-6,-3,-9,-4,-12,-5,-15,-6,-17,-7,0,0,0,0,0,0,0,0,0,0]"""
513,"CSI_DATA,512,8c:90:2d:97:93:77,-52,11,1,7,1,0,1,0,1,0,1,-97,0,2,1,9664457,0,83,1,128,0,""[0,0,0,0,0,0,0,0,0,0,0,0,3,0,4,0,6,1,7,2,7,2,7,2,7,2,7,2,6,2,6,1,5,1,3,0,2,0,1,-1,0,-2,-1,-3,-2,-4,-4,-6,-6,-7,-6,-8,-8,-9,-8,-10,-9,-10,-8,-11,-8,-11,-7,-9,0,0,-4,-7,-2,-4,0,-1,0,0,1,2,3,4,4,6,4,8,6,9,7,11,7,12,7,12,7,11,6,10,5,9,4,7,3,4,1,2,0,0,-1,0,-3,-3,-4,-6,-7,-8,-9,-10,-11,-12,-12,-13,0,0,0,0,0,0,0,0,0,0]"""
514,"CSI_DATA,513,8c:90:2d:97:93:77,-52,11,1,7,1,0,1,0,1,0,0,-97,0,2,1,9674517,0,83,1,128,0,""[0,0,0,0,0,0,0,0,0,0,0,0,4,1,5,1,6,2,7,2,8,2,8,3,8,2,8,2,7,2,7,2,6,1,4,0,3,-1,1,-1,-1,-2,-3,-3,-5,-4,-7,-5,-8,-5,-10,-5,-12,-6,-12,-7,-13,-7,-13,-7,-12,-7,-11,-7,0,0,-7,-5,-5,-4,-2,-3,1,-1,4,0,6,1,9,1,10,2,12,3,14,4,14,3,14,3,14,3,13,3,11,2,9,1,7,1,4,0,1,0,-2,0,-5,1,-8,2,-11,2,-14,3,-18,4,-20,4,0,0,0,0,0,0,0,0,0,0]"""
515,"CSI_DATA,514,8c:90:2d:97:93:77,-52,11,1,7,1,0,1,0,1,0,0,-97,0,2,1,9684451,0,83,1,128,0,""[0,0,0,0,0,0,0,0,0,0,0,0,2,4,2,5,2,6,2,7,3,8,3,8,2,8,3,8,2,7,2,6,2,5,2,4,2,2,1,1,1,-2,0,-4,-1,-6,-2,-8,-2,-9,-2,-11,-3,-12,-4,-13,-4,-14,-4,-14,-4,-13,-3,-12,0,0,-1,-8,0,-6,0,-3,2,0,2,3,2,5,4,8,4,10,5,12,6,13,6,13,7,13,7,12,6,11,5,10,4,8,3,6,1,4,0,1,-3,-1,-5,-3,-7,-5,-10,-6,-12,-8,-14,-9,-16,-10,0,0,0,0,0,0,0,0,0,0]"""
516,"CSI_DATA,515,8c:90:2d:97:93:77,-52,11,1,7,1,0,1,0,1,0,0,-97,0,2,1,9695094,0,83,1,128,0,""[0,0,0,0,0,0,0,0,0,0,0,0,-5,-1,-7,0,-8,-1,-9,-1,-10,-1,-10,-1,-10,-1,-9,-1,-9,-1,-8,-1,-7,0,-6,0,-3,1,-2,1,1,1,3,1,5,1,7,1,9,1,10,1,12,1,13,0,14,1,13,0,13,1,11,1,0,0,7,1,5,1,1,1,-1,1,-5,2,-7,1,-10,2,-12,2,-13,2,-15,3,-16,2,-16,3,-15,3,-14,3,-12,3,-10,2,-8,1,-5,1,-3,0,0,-2,3,-4,5,-7,7,-9,9,-11,11,-12,12,-14,0,0,0,0,0,0,0,0,0,0]"""
517,"CSI_DATA,516,8c:90:2d:97:93:77,-52,11,1,7,1,0,1,0,1,0,0,-97,0,2,1,9704578,0,83,1,128,0,""[0,0,0,0,0,0,0,0,0,0,0,0,-5,-3,-6,-4,-7,-5,-7,-5,-8,-6,-8,-6,-8,-6,-8,-6,-7,-5,-7,-5,-6,-4,-5,-2,-4,-2,-2,0,-1,2,1,3,3,4,5,6,6,7,7,8,8,8,9,9,10,9,10,9,9,9,8,8,0,0,5,6,3,4,0,2,-3,0,-4,-2,-7,-4,-8,-5,-10,-7,-12,-8,-13,-8,-14,-8,-14,-8,-13,-8,-12,-7,-11,-7,-9,-5,-7,-4,-4,-3,-2,-2,1,-1,5,0,7,0,10,0,13,0,16,0,18,0,0,0,0,0,0,0,0,0,0,0]"""
518,"CSI_DATA,517,8c:90:2d:97:93:77,-52,11,1,7,1,0,1,0,1,0,0,-97,0,2,1,9714447,0,83,1,128,0,""[0,0,0,0,0,0,0,0,0,0,0,0,-5,0,-7,0,-8,0,-9,0,-10,0,-10,0,-10,0,-9,0,-9,0,-8,0,-7,1,-6,0,-4,1,-2,1,1,1,3,2,5,1,7,1,9,1,10,1,12,1,13,1,13,1,14,1,13,1,12,1,0,0,7,1,5,1,2,1,-2,1,-4,1,-7,1,-10,1,-12,1,-14,1,-15,1,-16,1,-16,1,-16,1,-14,1,-12,1,-10,1,-8,1,-5,0,-2,-1,1,-2,4,-3,6,-5,8,-7,11,-8,13,-10,15,-11,0,0,0,0,0,0,0,0,0,0]"""
519,"CSI_DATA,518,8c:90:2d:97:93:77,-52,11,1,7,1,0,1,0,1,0,0,-97,0,2,1,9725038,0,83,1,128,0,""[0,0,0,0,0,0,0,0,0,0,0,0,4,2,5,2,6,3,7,4,8,4,8,4,8,4,7,4,7,4,6,3,6,2,4,1,3,0,1,-1,0,-2,-2,-4,-4,-5,-6,-6,-7,-7,-9,-8,-10,-9,-11,-9,-12,-10,-12,-10,-11,-10,-9,-9,0,0,-6,-6,-4,-5,-1,-3,1,-1,3,1,6,2,8,4,10,5,12,6,13,7,13,8,13,7,13,7,12,6,11,5,8,4,7,3,3,1,1,1,-2,0,-5,0,-8,0,-12,-1,-14,-1,-17,-1,-20,-1,0,0,0,0,0,0,0,0,0,0]"""
520,"CSI_DATA,519,8c:90:2d:97:93:77,-52,11,1,7,1,0,1,0,1,0,0,-97,0,2,1,9734529,0,83,1,128,0,""[0,0,0,0,0,0,0,0,0,0,0,0,4,-1,6,-1,7,-2,8,-1,9,-1,9,-1,9,-1,8,-1,8,-1,7,-1,6,-2,4,-2,3,-2,1,-2,-2,-2,-4,-2,-6,-3,-8,-2,-10,-2,-11,-2,-13,-2,-13,-2,-14,-2,-14,-2,-14,-2,-12,-2,0,0,-8,-2,-6,-3,-3,-2,1,-2,4,-2,7,-1,9,-1,11,-1,13,-1,14,-1,15,-1,15,-2,14,-2,13,-2,11,-2,9,-2,7,-1,4,-1,1,0,-2,0,-5,2,-7,3,-10,5,-12,7,-15,8,-18,9,0,0,0,0,0,0,0,0,0,0]"""
521,"CSI_DATA,520,8c:90:2d:97:93:77,-51,11,1,7,1,0,1,0,1,0,0,-97,0,2,1,9744341,0,83,1,128,0,""[0,0,0,0,0,0,0,0,0,0,0,0,-4,3,-5,4,-6,5,-7,5,-7,5,-7,5,-7,6,-7,6,-6,5,-6,5,-5,4,-4,4,-2,2,-1,1,1,0,3,-1,5,-2,6,-4,8,-5,9,-7,10,-7,10,-8,11,-8,11,-8,11,-7,10,-7,0,0,7,-4,4,-2,2,0,0,1,-3,3,-5,5,-7,6,-9,8,-10,9,-11,10,-11,10,-11,10,-11,10,-10,9,-9,8,-7,7,-6,5,-4,3,-2,1,-1,-2,1,-5,2,-8,3,-11,4,-14,4,-16,5,-19,0,0,0,0,0,0,0,0,0,0]"""
522,"CSI_DATA,521,8c:90:2d:97:93:77,-52,11,1,7,1,0,1,0,1,0,0,-97,0,2,1,9754392,0,83,1,128,0,""[0,0,0,0,0,0,0,0,0,0,0,0,1,4,1,6,1,7,1,8,1,9,1,9,1,9,1,9,1,8,1,7,1,6,1,5,1,2,1,1,1,-1,2,-4,2,-6,2,-8,3,-10,3,-11,3,-13,3,-14,3,-14,4,-14,4,-13,4,-12,0,0,3,-8,2,-5,1,-2,0,0,-2,3,-2,6,-4,9,-4,11,-5,12,-6,13,-6,14,-6,14,-5,14,-5,13,-4,11,-3,9,-3,7,-2,4,-1,1,-1,-1,0,-5,0,-8,0,-12,1,-14,1,-17,1,-19,0,0,0,0,0,0,0,0,0,0]"""
523,"CSI_DATA,522,8c:90:2d:97:93:77,-52,11,1,7,1,0,1,0,1,0,0,-97,0,2,1,9764381,0,83,1,128,0,""[0,0,0,0,0,0,0,0,0,0,0,0,2,-5,3,-6,4,-7,4,-8,5,-8,5,-8,5,-8,5,-8,5,-7,4,-7,3,-6,2,-5,1,-4,-1,-3,-3,-2,-5,0,-6,1,-8,2,-9,4,-10,5,-12,6,-12,6,-13,6,-13,6,-13,5,-11,4,0,0,-8,2,-6,1,-3,-1,1,-2,3,-3,5,-4,8,-5,10,-6,11,-6,13,-7,14,-7,13,-7,13,-7,12,-7,10,-6,8,-5,7,-4,3,-3,1,-1,-2,0,-4,2,-6,4,-9,7,-11,9,-13,10,-15,11,0,0,0,0,0,0,0,0,0,0]"""
524,"CSI_DATA,523,8c:90:2d:97:93:77,-52,11,1,7,1,0,1,0,1,0,0,-97,0,2,1,9774631,0,83,1,128,0,""[0,0,0,0,0,0,0,0,0,0,0,0,0,-5,0,-7,0,-8,1,-9,1,-10,1,-10,1,-10,1,-9,0,-9,0,-8,-1,-7,-1,-5,-1,-4,-1,-2,-2,0,-2,3,-2,5,-2,7,-2,9,-2,10,-2,12,-2,13,-2,14,-2,14,-2,13,-2,12,0,0,-3,7,-2,4,-2,1,-3,-2,-2,-4,-2,-8,-2,-10,-3,-12,-4,-14,-4,-15,-4,-15,-4,-16,-5,-15,-4,-14,-4,-12,-3,-10,-3,-8,-1,-5,0,-3,2,0,4,2,5,5,8,7,10,8,13,10,14,11,0,0,0,0,0,0,0,0,0,0]"""
525,"CSI_DATA,524,8c:90:2d:97:93:77,-52,11,1,7,1,0,1,0,1,0,0,-97,0,2,1,9784367,0,83,1,128,0,""[0,0,0,0,0,0,0,0,0,0,0,0,2,4,2,5,2,6,3,7,3,8,3,8,3,8,3,8,3,7,3,6,3,5,2,4,2,2,1,0,0,-2,-1,-4,-2,-6,-3,-8,-4,-9,-5,-11,-6,-12,-6,-12,-7,-13,-7,-13,-6,-13,-6,-12,0,0,-3,-8,-2,-6,0,-3,2,-1,4,2,5,4,6,6,8,7,9,9,11,10,11,10,11,10,11,9,10,8,9,7,7,6,6,4,3,3,0,1,-2,0,-6,0,-8,0,-11,-1,-14,-1,-17,-1,-20,-1,0,0,0,0,0,0,0,0,0,0]"""
526,"CSI_DATA,525,8c:90:2d:97:93:77,-52,11,1,7,1,0,1,0,1,0,0,-97,0,2,1,9794528,0,83,1,128,0,""[0,0,0,0,0,0,0,0,0,0,0,0,1,4,2,5,2,7,2,7,3,8,2,8,3,8,3,8,2,7,2,7,2,5,2,4,2,2,1,0,0,-2,-1,-4,-1,-6,-2,-8,-3,-9,-4,-11,-5,-12,-5,-13,-5,-14,-5,-14,-4,-13,-4,-12,0,0,-2,-8,-1,-6,0,-3,2,0,3,2,4,4,6,7,6,9,8,10,9,11,9,12,9,12,9,11,8,10,7,9,6,7,5,6,2,3,0,2,-3,0,-6,-2,-8,-2,-11,-3,-13,-4,-17,-5,-19,-5,0,0,0,0,0,0,0,0,0,0]"""
527,"CSI_DATA,526,8c:90:2d:97:93:77,-52,11,1,7,1,0,1,0,1,0,0,-97,0,2,1,9804484,0,83,1,128,0,""[0,0,0,0,0,0,0,0,0,0,0,0,-4,-2,-5,-3,-6,-3,-7,-4,-7,-5,-7,-5,-7,-5,-7,-4,-7,-4,-6,-4,-5,-3,-4,-2,-3,0,-1,0,0,1,0,2,1,4,3,5,4,6,5,7,7,8,7,9,8,9,8,9,7,9,6,8,0,0,3,5,1,3,0,1,-1,0,-3,-2,-5,-4,-6,-6,-8,-8,-9,-9,-10,-10,-10,-10,-11,-10,-10,-10,-10,-9,-8,-8,-7,-7,-5,-4,-2,-3,0,-1,1,0,3,0,5,2,8,3,11,4,14,5,16,6,0,0,0,0,0,0,0,0,0,0]"""
528,"CSI_DATA,527,8c:90:2d:97:93:77,-52,11,1,7,1,0,1,0,1,0,0,-97,0,2,1,9814374,0,83,1,128,0,""[0,0,0,0,0,0,0,0,0,0,0,0,2,-3,3,-4,4,-5,5,-5,6,-5,6,-5,6,-5,6,-5,5,-5,4,-4,3,-4,2,-3,0,-2,0,-1,-1,-1,-3,0,-5,0,-7,1,-8,2,-10,3,-11,3,-12,4,-12,4,-13,4,-12,3,-11,3,0,0,-7,1,-5,0,-2,0,0,-1,2,-2,4,-3,7,-4,9,-5,10,-6,12,-6,13,-7,12,-7,12,-7,11,-6,9,-5,7,-4,5,-3,2,-2,0,0,0,0,-2,2,-5,5,-7,7,-8,10,-11,11,-12,13,0,0,0,0,0,0,0,0,0,0]"""
529,"CSI_DATA,528,8c:90:2d:97:93:77,-52,11,1,7,1,0,1,0,1,0,0,-97,0,2,1,9824336,0,83,1,128,0,""[0,0,0,0,0,0,0,0,0,0,0,0,-5,0,-6,0,-8,0,-9,0,-10,0,-9,0,-10,1,-9,1,-8,1,-8,1,-7,1,-5,1,-3,1,-2,1,1,0,3,0,5,-1,7,-1,9,-1,10,-2,11,-3,12,-3,13,-4,13,-4,12,-3,11,-3,0,0,8,-1,5,0,2,1,0,2,-3,3,-6,4,-8,5,-10,6,-11,7,-12,8,-13,8,-13,9,-12,9,-11,8,-10,7,-8,6,-6,4,-5,3,-3,0,-2,-2,0,-5,1,-8,2,-11,2,-14,3,-16,3,-19,0,0,0,0,0,0,0,0,0,0]"""
530,"CSI_DATA,529,8c:90:2d:97:93:77,-52,11,1,7,1,0,1,0,1,0,0,-97,0,2,1,9834421,0,83,1,128,0,""[0,0,0,0,0,0,0,0,0,0,0,0,-4,-4,-5,-5,-6,-6,-7,-6,-6,-7,-7,-7,-7,-7,-7,-7,-6,-6,-6,-5,-5,-4,-5,-3,-3,-2,-2,-1,0,1,1,2,3,4,5,5,6,6,8,6,9,7,10,8,10,8,11,8,10,8,9,7,0,0,5,5,3,4,0,3,-2,1,-5,0,-7,-1,-10,-2,-12,-3,-13,-3,-15,-4,-15,-3,-16,-3,-15,-3,-14,-2,-12,-2,-11,-2,-8,-2,-5,-2,-2,-1,0,-2,3,-3,6,-5,9,-6,11,-8,13,-9,15,-10,0,0,0,0,0,0,0,0,0,0]"""
531,"CSI_DATA,530,8c:90:2d:97:93:77,-52,11,1,7,1,0,1,0,1,0,0,-97,0,2,1,9844411,0,83,1,128,0,""[0,0,0,0,0,0,0,0,0,0,0,0,2,2,3,3,3,4,4,5,4,6,4,6,4,6,4,5,4,5,4,4,3,3,2,2,2,0,1,0,0,-1,0,-3,-1,-5,-3,-6,-4,-8,-5,-9,-6,-10,-6,-11,-7,-11,-7,-11,-6,-11,-5,-10,0,0,-2,-7,-1,-5,0,-2,1,0,2,1,3,3,5,5,6,7,8,8,8,9,9,10,9,10,9,10,8,8,7,7,5,6,4,4,1,2,0,0,-1,0,-4,-1,-6,-2,-9,-3,-12,-4,-15,-5,-17,-5,0,0,0,0,0,0,0,0,0,0]"""
532,"CSI_DATA,531,8c:90:2d:97:93:77,-52,11,1,7,1,0,1,0,1,0,0,-97,0,2,1,9854441,0,83,1,128,0,""[0,0,0,0,0,0,0,0,0,0,0,0,-1,-4,-1,-6,-1,-7,0,-8,-1,-9,-1,-9,0,-9,-1,-8,-1,-8,-1,-7,-1,-6,-1,-4,-1,-2,-1,0,-1,0,-1,2,-1,4,-1,6,-1,7,-1,9,-1,11,0,12,0,13,0,12,-1,12,-1,10,0,0,-1,6,-1,4,-1,0,-2,0,0,-4,0,-6,0,-9,0,-11,-1,-13,-1,-14,-1,-15,-1,-15,-1,-14,-1,-13,-1,-12,-1,-9,-1,-7,0,-4,0,-1,0,0,1,2,2,5,4,8,5,11,7,12,8,14,0,0,0,0,0,0,0,0,0,0]"""
533,"CSI_DATA,532,8c:90:2d:97:93:77,-52,11,1,7,1,0,1,0,1,0,0,-97,0,2,1,9864357,0,83,1,128,0,""[0,0,0,0,0,0,0,0,0,0,0,0,-4,3,-5,4,-6,5,-7,5,-7,6,-8,6,-7,6,-7,5,-6,5,-6,4,-5,4,-4,3,-2,2,0,1,1,0,3,-1,5,-2,6,-4,8,-5,9,-6,10,-7,11,-8,11,-8,11,-8,11,-7,10,-7,0,0,7,-4,5,-2,2,0,0,1,-3,3,-6,4,-8,6,-9,7,-10,8,-12,9,-12,9,-12,10,-12,9,-11,9,-9,8,-7,6,-6,5,-4,3,-2,1,-1,-2,1,-5,3,-8,4,-11,5,-13,6,-15,7,-17,0,0,0,0,0,0,0,0,0,0]"""
534,"CSI_DATA,533,8c:90:2d:97:93:77,-52,11,1,7,1,0,1,0,1,0,0,-97,0,2,1,9874616,0,83,1,128,0,""[0,0,0,0,0,0,0,0,0,0,0,0,4,-3,5,-4,6,-4,7,-4,8,-4,8,-4,8,-4,7,-4,7,-4,6,-4,5,-4,4,-3,2,-2,0,-2,-2,-1,-4,-1,-6,0,-8,1,-9,2,-11,3,-12,4,-13,4,-14,4,-13,4,-13,4,-12,3,0,0,-8,2,-6,0,-3,-1,0,-2,3,-4,5,-5,7,-6,9,-7,10,-8,12,-8,12,-9,12,-9,12,-9,11,-8,9,-8,7,-6,6,-5,3,-3,1,-1,0,1,-3,4,-4,7,-5,9,-6,12,-7,14,-8,16,0,0,0,0,0,0,0,0,0,0]"""
535,"CSI_DATA,534,8c:90:2d:97:93:77,-52,11,1,7,1,0,1,0,1,0,0,-97,0,2,1,9884410,0,83,1,128,0,""[0,0,0,0,0,0,0,0,0,0,0,0,1,-5,2,-6,2,-7,3,-8,4,-9,3,-9,4,-9,3,-8,3,-8,2,-7,2,-7,1,-5,0,-3,-1,-2,-3,0,-3,2,-4,3,-5,5,-6,7,-6,9,-7,10,-7,11,-7,12,-7,11,-7,10,-7,10,0,0,-5,6,-4,3,-3,0,-2,-2,0,-5,1,-8,2,-10,3,-11,3,-13,3,-14,4,-15,3,-15,3,-15,3,-13,2,-12,2,-10,1,-7,1,-5,1,-3,1,0,1,3,1,7,2,10,3,13,4,15,5,17,0,0,0,0,0,0,0,0,0,0]"""
536,"CSI_DATA,535,8c:90:2d:97:93:77,-52,11,1,7,1,0,1,0,1,0,0,-97,0,2,1,9894563,0,83,1,128,0,""[0,0,0,0,0,0,0,0,0,0,0,0,2,1,4,2,4,3,5,4,5,5,5,5,5,4,5,4,5,4,5,3,3,2,2,1,2,0,0,0,0,-2,-1,-3,-2,-4,-4,-6,-5,-7,-6,-8,-8,-9,-8,-9,-9,-10,-9,-10,-8,-10,-7,-9,0,0,-4,-6,-2,-4,0,-2,1,0,2,0,4,2,6,4,7,5,9,7,10,8,10,8,10,8,10,7,9,7,8,6,6,4,5,3,2,1,0,0,-2,0,-4,0,-7,-1,-10,-2,-13,-2,-16,-2,-18,-3,0,0,0,0,0,0,0,0,0,0]"""
537,"CSI_DATA,536,8c:90:2d:97:93:77,-52,11,1,7,1,0,1,0,1,0,0,-97,0,2,1,9904454,0,83,1,128,0,""[0,0,0,0,0,0,0,0,0,0,0,0,-4,2,-6,3,-7,4,-8,4,-8,4,-9,4,-9,4,-8,4,-8,3,-7,3,-6,3,-4,3,-3,2,-1,1,1,1,3,-1,5,-1,7,-2,8,-3,10,-4,11,-4,12,-5,13,-5,12,-5,12,-4,11,-4,0,0,7,-2,5,0,2,0,-1,1,-4,3,-6,3,-9,4,-11,5,-12,5,-13,6,-14,7,-14,7,-14,7,-13,6,-11,6,-9,4,-7,3,-5,2,-2,0,0,-2,2,-4,4,-7,6,-9,8,-11,9,-14,11,-15,0,0,0,0,0,0,0,0,0,0]"""
538,"CSI_DATA,537,8c:90:2d:97:93:77,-52,11,1,7,1,0,1,0,1,0,0,-97,0,2,1,9914379,0,83,1,128,0,""[0,0,0,0,0,0,0,0,0,0,0,0,-1,-5,-1,-7,-1,-8,-1,-9,-1,-10,-1,-10,-1,-10,-1,-9,-1,-9,-1,-8,-1,-7,-1,-6,-2,-4,-2,-2,-3,0,-3,2,-3,4,-4,7,-4,8,-4,10,-4,11,-5,12,-5,13,-5,13,-5,12,-5,11,0,0,-4,7,-3,4,-2,1,-1,-1,0,-5,1,-7,2,-10,3,-11,3,-13,4,-15,4,-15,4,-15,4,-15,4,-13,3,-12,2,-10,1,-7,1,-5,0,-2,0,1,0,4,-1,8,-1,11,-1,13,0,16,0,18,0,0,0,0,0,0,0,0,0,0]"""
539,"CSI_DATA,538,8c:90:2d:97:93:77,-52,11,1,7,1,0,1,0,1,0,0,-97,0,2,1,9924440,0,83,1,128,0,""[0,0,0,0,0,0,0,0,0,0,0,0,-5,-2,-6,-3,-7,-4,-8,-4,-8,-5,-9,-5,-9,-5,-8,-5,-8,-5,-7,-4,-6,-3,-5,-2,-4,-1,-2,0,-1,2,1,3,3,4,5,5,6,6,8,7,9,8,10,8,10,9,10,9,9,9,8,8,0,0,5,6,3,4,1,2,-3,0,-4,-2,-7,-4,-8,-6,-10,-7,-12,-8,-13,-9,-13,-9,-13,-9,-13,-9,-12,-8,-11,-7,-9,-6,-7,-5,-4,-3,-1,-2,1,-1,4,0,7,1,10,2,13,2,16,3,18,3,0,0,0,0,0,0,0,0,0,0]"""
540,"CSI_DATA,539,8c:90:2d:97:93:77,-52,11,1,7,1,0,1,0,1,0,0,-97,0,2,1,9934373,0,83,1,128,0,""[0,0,0,0,0,0,0,0,0,0,0,0,-2,-5,-2,-6,-2,-7,-2,-9,-2,-9,-2,-10,-2,-10,-2,-9,-2,-9,-2,-8,-2,-7,-2,-5,-2,-3,-2,-1,-2,1,-2,3,-2,5,-2,7,-2,8,-2,10,-2,12,-2,13,-2,13,-2,13,-2,12,-2,11,0,0,-2,7,-2,4,-2,1,-2,-1,-1,-5,-1,-8,0,-10,0,-12,-1,-13,0,-15,0,-16,-1,-16,-1,-15,-1,-14,-1,-12,-1,-10,-1,-7,0,-6,0,-3,1,0,2,3,2,7,3,9,4,12,6,14,7,16,0,0,0,0,0,0,0,0,0,0]"""
541,"CSI_DATA,540,8c:90:2d:97:93:77,-51,11,1,7,1,0,1,0,1,0,0,-97,0,2,1,9944490,0,83,1,128,0,""[0,0,0,0,0,0,0,0,0,0,0,0,4,0,6,0,7,1,8,1,8,1,8,2,8,2,8,1,7,1,7,1,5,1,4,0,3,-1,1,-1,-1,-2,-3,-3,-5,-4,-7,-4,-9,-5,-10,-5,-11,-5,-13,-6,-13,-6,-13,-6,-12,-6,-11,-6,0,0,-7,-5,-5,-3,-2,-3,1,-2,3,-1,6,1,9,1,10,2,12,3,14,3,14,3,14,3,14,3,13,2,11,2,9,1,7,1,4,0,1,1,-2,0,-5,0,-7,1,-10,2,-13,3,-16,3,-20,4,0,0,0,0,0,0,0,0,0,0]"""
542,"CSI_DATA,541,8c:90:2d:97:93:77,-51,11,1,7,1,0,1,0,1,0,0,-97,0,2,1,9954468,0,83,1,128,0,""[0,0,0,0,0,0,0,0,0,0,0,0,4,0,6,0,7,0,8,0,9,0,9,0,9,0,8,0,8,0,7,0,6,0,5,-1,3,-1,1,-2,-2,-2,-4,-3,-6,-3,-8,-3,-10,-3,-11,-3,-12,-3,-13,-3,-14,-4,-14,-3,-14,-4,-12,-4,0,0,-8,-3,-5,-3,-2,-3,1,-2,3,-2,6,-1,9,-1,11,0,13,0,14,0,15,0,15,0,15,0,14,0,11,0,9,-1,7,0,4,-1,1,0,-2,0,-4,2,-7,3,-10,4,-13,6,-15,7,-18,8,0,0,0,0,0,0,0,0,0,0]"""
543,"CSI_DATA,542,8c:90:2d:97:93:77,-52,11,1,7,1,0,1,0,1,0,0,-97,0,2,1,9964578,0,83,1,128,0,""[0,0,0,0,0,0,0,0,0,0,0,0,-5,0,-7,0,-8,0,-9,0,-10,0,-10,0,-10,-1,-10,0,-9,0,-8,0,-7,1,-5,0,-4,1,-2,1,1,1,3,1,5,1,7,1,9,1,11,0,12,0,13,0,14,0,14,0,13,1,12,0,0,0,7,1,5,1,2,2,-2,1,-5,1,-7,2,-10,2,-12,2,-13,2,-15,3,-16,3,-16,3,-15,3,-14,3,-12,3,-10,2,-8,1,-5,1,-2,0,0,-2,3,-4,5,-7,7,-9,9,-11,11,-12,13,-14,0,0,0,0,0,0,0,0,0,0]"""
544,"CSI_DATA,543,8c:90:2d:97:93:77,-52,11,1,7,1,0,1,0,1,0,0,-97,0,2,1,9975017,0,83,1,128,0,""[0,0,0,0,0,0,0,0,0,0,0,0,3,0,5,0,6,0,7,0,7,0,7,1,7,1,7,1,6,0,6,0,5,0,3,0,2,0,0,-1,0,-2,-2,-2,-4,-4,-6,-4,-7,-5,-8,-6,-10,-6,-10,-7,-11,-7,-11,-7,-10,-7,-9,-7,0,0,-5,-5,-3,-3,-1,-1,0,0,2,0,4,2,6,4,8,5,9,6,11,7,11,7,11,7,11,6,10,6,8,5,6,4,5,2,2,1,0,0,-2,0,-4,-1,-6,-2,-10,-3,-12,-4,-15,-5,-16,-6,0,0,0,0,0,0,0,0,0,0]"""
545,"CSI_DATA,544,8c:90:2d:97:93:77,-52,11,1,7,1,0,1,0,1,0,0,-97,0,2,1,9984490,0,83,1,128,0,""[0,0,0,0,0,0,0,0,0,0,0,0,-6,0,-7,1,-8,1,-9,0,-10,0,-10,0,-10,0,-9,0,-9,0,-8,0,-7,1,-5,1,-4,1,-2,1,0,2,3,2,5,2,7,2,8,2,10,2,12,2,12,2,13,3,13,3,12,3,11,3,0,0,7,2,4,2,2,1,-2,0,-4,0,-7,-1,-9,-2,-12,-3,-13,-3,-15,-4,-15,-4,-16,-3,-15,-3,-14,-3,-12,-3,-10,-2,-8,-2,-5,-1,-2,-1,1,-1,4,-1,7,-1,10,-2,13,-2,16,-2,18,-2,0,0,0,0,0,0,0,0,0,0]"""
546,"CSI_DATA,545,8c:90:2d:97:93:77,-52,11,1,7,1,0,1,0,1,0,0,-97,0,2,1,9994418,0,83,1,128,0,""[0,0,0,0,0,0,0,0,0,0,0,0,3,-4,4,-5,5,-5,6,-6,6,-6,7,-6,7,-6,6,-6,6,-6,5,-5,4,-5,3,-4,1,-3,0,-2,-2,-1,-4,0,-6,2,-7,3,-9,4,-10,5,-11,6,-11,7,-12,7,-12,7,-12,6,-11,6,0,0,-8,3,-6,1,-3,-1,-1,-2,2,-4,4,-6,6,-8,7,-9,8,-10,10,-11,10,-11,10,-12,10,-11,9,-11,7,-10,6,-8,4,-6,3,-4,1,-2,0,1,-1,4,-2,7,-3,10,-4,13,-4,15,-4,17,0,0,0,0,0,0,0,0,0,0]"""
547,"CSI_DATA,546,8c:90:2d:97:93:77,-52,11,1,7,1,0,1,0,1,0,0,-97,0,2,1,10004499,0,83,1,128,0,""[0,0,0,0,0,0,0,0,0,0,0,0,3,3,4,4,4,5,5,6,5,6,6,7,6,7,5,6,5,6,5,5,4,4,3,3,3,1,2,-1,0,-2,-2,-4,-3,-6,-4,-7,-6,-8,-7,-9,-8,-10,-9,-11,-9,-12,-9,-12,-8,-12,-7,-11,0,0,-4,-7,-2,-6,-1,-3,2,-1,3,1,5,3,7,5,9,7,10,8,11,9,11,10,12,9,12,9,11,8,9,7,7,6,6,4,3,3,0,1,-3,0,-6,-1,-8,-1,-11,-2,-14,-2,-17,-3,-20,-3,0,0,0,0,0,0,0,0,0,0]"""
548,"CSI_DATA,547,8c:90:2d:97:93:77,-52,11,1,7,1,0,1,0,1,0,0,-97,0,2,1,10014515,0,83,1,128,0,""[0,0,0,0,0,0,0,0,0,0,0,0,4,2,5,4,5,4,6,5,6,5,7,5,6,5,7,5,6,4,5,4,5,3,4,2,3,0,1,-1,0,-2,-2,-4,-4,-6,-6,-6,-7,-7,-8,-8,-10,-9,-11,-9,-11,-9,-11,-9,-11,-9,-9,-9,0,0,-6,-6,-4,-5,-1,-3,1,-1,4,0,6,2,8,3,10,4,12,5,13,6,13,6,13,5,13,5,12,5,11,4,9,3,7,2,4,1,1,0,-2,0,-5,0,-8,1,-11,2,-14,2,-16,3,-19,3,0,0,0,0,0,0,0,0,0,0]"""
549,"CSI_DATA,548,8c:90:2d:97:93:77,-52,11,1,7,1,0,1,0,1,0,0,-97,0,2,1,10024359,0,83,1,128,0,""[0,0,0,0,0,0,0,0,0,0,0,0,-5,-3,-6,-4,-6,-5,-7,-6,-7,-6,-7,-7,-7,-6,-7,-6,-7,-6,-6,-5,-6,-4,-5,-3,-3,-2,-2,0,-1,2,1,3,3,4,4,6,5,6,7,7,8,8,8,9,9,10,9,9,8,9,7,9,0,0,4,6,2,4,0,2,-3,0,-4,-2,-6,-4,-8,-5,-10,-7,-12,-8,-12,-9,-13,-9,-13,-9,-13,-8,-12,-8,-11,-7,-9,-6,-7,-4,-4,-3,-1,-2,1,-1,4,-1,7,0,10,0,13,0,16,0,18,0,0,0,0,0,0,0,0,0,0,0]"""
550,"CSI_DATA,549,8c:90:2d:97:93:77,-52,11,1,7,1,0,1,0,1,0,0,-97,0,2,1,10034597,0,83,1,128,0,""[0,0,0,0,0,0,0,0,0,0,0,0,-2,-5,-3,-6,-3,-7,-3,-8,-3,-9,-3,-10,-3,-9,-3,-9,-3,-8,-3,-7,-3,-6,-3,-5,-2,-3,-2,-1,-2,1,-1,3,0,5,0,7,1,9,1,10,2,11,2,12,3,13,3,13,2,13,2,11,0,0,0,8,-1,5,-1,2,-3,-1,-3,-4,-4,-6,-4,-8,-5,-11,-7,-12,-7,-13,-7,-14,-7,-14,-7,-13,-7,-12,-6,-11,-5,-9,-4,-7,-2,-5,-1,-3,2,-1,4,1,6,4,8,5,11,7,14,8,16,9,0,0,0,0,0,0,0,0,0,0]"""
551,"CSI_DATA,550,8c:90:2d:97:93:77,-52,11,1,7,1,0,1,0,1,0,0,-97,0,2,1,10044835,0,83,1,128,0,""[0,0,0,0,0,0,0,0,0,0,0,0,1,-5,1,-7,2,-8,3,-9,4,-9,3,-10,3,-10,3,-9,3,-9,2,-8,2,-7,1,-6,-1,-4,-1,-2,-3,0,-3,2,-4,4,-5,6,-6,8,-6,10,-7,11,-7,12,-7,13,-7,13,-7,12,-7,11,0,0,-5,7,-4,4,-3,1,-2,-2,-1,-5,1,-8,2,-11,2,-13,2,-14,2,-16,3,-17,3,-17,2,-16,2,-15,2,-13,1,-11,0,-8,1,-6,1,-3,1,0,2,4,2,8,3,10,5,13,6,16,7,18,0,0,0,0,0,0,0,0,0,0]"""
552,"CSI_DATA,551,8c:90:2d:97:93:77,-52,11,1,7,1,0,1,0,1,0,0,-97,0,2,1,10054350,0,83,1,128,0,""[0,0,0,0,0,0,0,0,0,0,0,0,3,3,4,4,4,5,5,6,5,7,5,7,5,7,5,6,5,6,5,5,4,4,3,3,2,1,1,0,0,-2,-1,-4,-3,-6,-4,-7,-5,-9,-7,-10,-7,-11,-8,-11,-8,-12,-9,-12,-8,-12,-7,-11,0,0,-4,-8,-2,-5,0,-3,2,-1,3,2,5,4,7,5,8,7,10,9,11,10,11,10,11,10,11,9,10,8,8,7,7,6,6,4,3,3,0,1,-3,0,-5,-1,-8,-2,-11,-3,-13,-3,-17,-4,-19,-4,0,0,0,0,0,0,0,0,0,0]"""
553,"CSI_DATA,552,8c:90:2d:97:93:77,-52,11,1,7,1,0,1,0,1,0,0,-97,0,2,1,10064447,0,83,1,128,0,""[0,0,0,0,0,0,0,0,0,0,0,0,4,-2,5,-3,6,-4,7,-4,8,-4,8,-3,8,-4,8,-4,7,-4,6,-3,5,-3,4,-3,2,-3,0,-2,-2,-2,-4,-2,-6,-1,-8,0,-10,0,-11,1,-13,2,-14,2,-14,2,-14,2,-14,1,-12,1,0,0,-8,0,-6,-1,-3,-1,0,-2,3,-3,6,-3,9,-4,10,-4,12,-5,13,-5,14,-6,14,-5,13,-6,13,-5,11,-5,9,-4,7,-3,4,-2,1,-1,-2,1,-3,3,-6,6,-8,7,-10,10,-12,11,-14,13,0,0,0,0,0,0,0,0,0,0]"""
554,"CSI_DATA,553,8c:90:2d:97:93:77,-52,11,1,7,1,0,1,0,1,0,1,-97,0,2,1,10074697,0,83,1,128,0,""[0,0,0,0,0,0,0,0,0,0,0,0,-2,-3,-3,-5,-3,-6,-4,-7,-4,-7,-4,-8,-4,-7,-4,-7,-4,-7,-3,-6,-3,-5,-2,-3,-2,-2,-2,0,-1,0,0,2,0,4,0,6,0,8,1,9,2,10,2,11,2,12,2,12,1,12,1,10,0,0,0,6,0,4,0,1,-1,0,-1,-3,-3,-6,-3,-8,-4,-10,-4,-12,-5,-13,-5,-14,-5,-14,-4,-13,-5,-12,-4,-11,-3,-9,-2,-6,-1,-4,0,-2,0,0,2,2,3,4,6,6,7,9,10,10,12,12,0,0,0,0,0,0,0,0,0,0]"""
555,"CSI_DATA,554,8c:90:2d:97:93:77,-52,11,1,7,1,0,1,0,1,0,1,-97,0,2,1,10084457,0,83,1,128,0,""[0,0,0,0,0,0,0,0,0,0,0,0,-5,0,-7,1,-8,0,-9,0,-10,0,-10,0,-10,0,-10,0,-9,0,-8,0,-7,0,-5,1,-4,1,-2,1,1,1,3,1,5,2,7,2,9,2,10,2,12,2,13,2,13,2,14,2,13,2,11,2,0,0,7,2,5,2,2,1,-2,1,-5,0,-8,0,-10,-1,-12,-1,-14,-2,-15,-2,-16,-2,-16,-2,-15,-2,-14,-1,-13,-1,-10,-1,-8,-1,-5,0,-2,-1,1,-1,4,-2,7,-3,9,-4,12,-5,15,-6,18,-7,0,0,0,0,0,0,0,0,0,0]"""
556,"CSI_DATA,555,8c:90:2d:97:93:77,-52,11,1,7,1,0,1,0,1,0,1,-97,0,2,1,10094382,0,83,1,128,0,""[0,0,0,0,0,0,0,0,0,0,0,0,4,-1,5,0,7,0,8,0,8,0,8,0,9,0,8,0,7,0,7,0,6,0,5,-1,3,-1,1,-2,-1,-2,-3,-2,-5,-3,-8,-3,-9,-3,-11,-3,-12,-3,-14,-3,-14,-3,-14,-3,-14,-3,-12,-3,0,0,-8,-3,-5,-3,-2,-3,1,-2,4,-2,6,-2,9,-2,11,-1,13,-1,14,-1,15,-1,14,-2,14,-2,13,-2,11,-2,9,-2,7,-1,4,-1,2,-1,-1,1,-4,2,-7,4,-9,6,-11,8,-14,9,-15,10,0,0,0,0,0,0,0,0,0,0]"""
557,"CSI_DATA,556,8c:90:2d:97:93:77,-52,11,1,7,1,0,1,0,1,0,1,-97,0,2,1,10104643,0,83,1,128,0,""[0,0,0,0,0,0,0,0,0,0,0,0,-4,3,-5,4,-7,5,-7,6,-8,6,-8,6,-8,6,-8,6,-7,5,-7,5,-5,4,-4,3,-3,3,-1,2,1,0,3,-1,6,-1,8,-3,9,-4,11,-5,12,-6,13,-6,13,-6,13,-6,13,-5,12,-5,0,0,8,-3,5,-1,2,0,-1,1,-4,2,-7,3,-10,4,-12,5,-13,5,-15,6,-16,6,-16,6,-15,6,-14,6,-12,5,-10,4,-8,3,-5,2,-2,0,0,-1,3,-4,5,-7,8,-9,10,-12,12,-13,14,-15,0,0,0,0,0,0,0,0,0,0]"""
558,"CSI_DATA,557,8c:90:2d:97:93:77,-52,11,1,7,1,0,1,0,1,0,1,-97,0,2,1,10114478,0,83,1,128,0,""[0,0,0,0,0,0,0,0,0,0,0,0,1,4,1,6,1,7,1,8,1,8,1,9,1,8,1,8,1,8,1,7,1,6,1,4,1,2,1,1,1,-2,1,-4,1,-6,1,-8,1,-10,1,-11,0,-12,0,-14,1,-14,1,-14,1,-14,1,-12,0,0,1,-8,1,-5,1,-2,1,0,0,4,0,7,0,9,0,11,0,13,0,14,0,15,0,15,0,14,1,13,0,12,1,10,0,7,-1,4,-1,2,-2,-1,-3,-4,-4,-8,-5,-10,-6,-13,-8,-15,-9,-17,0,0,0,0,0,0,0,0,0,0]"""
559,"CSI_DATA,558,8c:90:2d:97:93:77,-51,11,1,7,1,0,1,0,1,0,1,-97,0,2,1,10124385,0,83,1,128,0,""[0,0,0,0,0,0,0,0,0,0,0,0,2,4,3,5,3,6,3,7,4,7,3,8,3,8,3,7,3,7,3,6,3,5,2,3,2,2,1,0,1,-3,0,-4,-1,-6,-2,-8,-2,-10,-3,-11,-4,-12,-4,-13,-4,-14,-5,-14,-4,-13,-3,-12,0,0,-1,-9,-1,-5,0,-3,2,0,2,3,3,6,3,8,4,10,6,11,6,13,6,13,6,13,6,13,6,11,5,10,4,8,4,6,1,3,-1,1,-2,-1,-4,-3,-6,-5,-9,-7,-11,-8,-14,-10,-16,-11,0,0,0,0,0,0,0,0,0,0]"""
560,"CSI_DATA,559,8c:90:2d:97:93:77,-51,11,1,7,1,0,1,0,1,0,1,-97,0,2,1,10160161,0,83,1,128,0,""[0,0,0,0,0,0,0,0,0,0,0,0,-5,0,-7,0,-8,0,-9,0,-10,0,-10,-1,-10,0,-9,-1,-9,0,-8,0,-7,0,-5,1,-4,1,-2,1,0,1,3,2,5,2,7,2,9,1,10,2,12,2,12,2,13,2,13,2,13,2,11,2,0,0,7,2,4,2,1,2,-2,0,-5,1,-7,0,-10,0,-12,-1,-14,-1,-15,-1,-16,-1,-16,-1,-16,-1,-14,0,-12,0,-10,0,-8,-1,-5,-1,-2,-1,1,-1,4,-3,6,-4,9,-5,11,-6,15,-7,16,-9,0,0,0,0,0,0,0,0,0,0]"""
561,"CSI_DATA,560,8c:90:2d:97:93:77,-51,11,1,7,1,0,1,0,1,0,1,-97,0,2,1,10165187,0,83,1,128,0,""[0,0,0,0,0,0,0,0,0,0,0,0,-5,0,-7,0,-8,0,-9,0,-9,0,-10,-1,-10,0,-9,0,-9,0,-8,0,-7,0,-5,0,-4,1,-2,1,0,1,3,2,5,2,7,2,8,2,10,2,12,2,13,2,13,3,13,2,13,3,11,3,0,0,7,2,4,2,2,1,-2,1,-5,0,-7,-1,-10,-1,-12,-2,-14,-2,-15,-2,-16,-2,-16,-2,-15,-2,-14,-2,-12,-1,-10,-1,-8,-1,-5,-1,-2,-1,1,-1,4,-2,6,-3,9,-4,13,-5,15,-5,18,-6,0,0,0,0,0,0,0,0,0,0]"""
562,"CSI_DATA,561,8c:90:2d:97:93:77,-51,11,1,7,1,0,1,0,1,0,1,-97,0,2,1,10170446,0,83,1,128,0,""[0,0,0,0,0,0,0,0,0,0,0,0,-4,3,-5,4,-6,5,-7,5,-7,6,-7,6,-7,6,-7,6,-6,5,-6,5,-5,4,-4,3,-2,3,0,1,2,0,3,-1,4,-3,6,-4,7,-5,8,-7,9,-8,10,-8,11,-9,10,-9,10,-8,9,-8,0,0,6,-4,4,-2,2,0,0,1,-3,3,-4,5,-6,7,-8,9,-9,10,-10,11,-10,11,-10,12,-9,11,-9,10,-7,9,-6,7,-5,5,-3,3,-2,1,-1,-2,0,-5,1,-8,1,-11,1,-14,1,-16,2,-18,0,0,0,0,0,0,0,0,0,0]"""
563,"CSI_DATA,562,8c:90:2d:97:93:77,-52,11,1,7,1,0,1,0,1,0,0,-97,0,2,1,10175952,0,83,1,128,0,""[0,0,0,0,0,0,0,0,0,0,0,0,-4,0,-6,0,-7,0,-8,0,-9,0,-9,0,-9,0,-8,0,-8,0,-7,0,-6,0,-4,0,-3,0,-1,0,0,0,2,1,4,1,6,1,8,1,9,1,11,1,12,1,12,2,12,2,12,2,10,2,0,0,6,2,3,1,0,0,-1,0,-4,0,-6,0,-9,-1,-11,-2,-13,-3,-14,-3,-15,-4,-14,-3,-14,-3,-13,-3,-11,-3,-9,-2,-7,-1,-4,0,-1,0,0,0,3,0,6,0,9,0,12,0,15,0,17,0,0,0,0,0,0,0,0,0,0,0]"""
564,"CSI_DATA,563,8c:90:2d:97:93:77,-52,11,1,7,1,0,1,0,1,0,0,-97,0,2,1,10181525,0,83,1,128,0,""[0,0,0,0,0,0,0,0,0,0,0,0,3,-4,5,-4,6,-5,7,-5,7,-5,8,-5,8,-5,7,-5,7,-5,6,-4,5,-4,3,-4,2,-3,0,-2,-2,-2,-4,-2,-6,-1,-8,0,-10,1,-11,1,-13,2,-14,1,-14,2,-14,2,-14,1,-12,1,0,0,-8,0,-6,-1,-3,-2,1,-2,3,-2,6,-2,9,-2,11,-2,13,-2,14,-3,14,-2,15,-3,14,-3,13,-3,11,-2,9,-2,7,-2,4,-2,1,-1,-2,0,-5,1,-7,2,-10,4,-13,5,-16,6,-18,7,0,0,0,0,0,0,0,0,0,0]"""
565,"CSI_DATA,564,8c:90:2d:97:93:77,-52,11,1,7,1,0,1,0,1,0,0,-97,0,2,1,10186479,0,83,1,128,0,""[0,0,0,0,0,0,0,0,0,0,0,0,2,-4,3,-6,3,-7,5,-8,5,-8,5,-8,5,-8,5,-8,4,-7,4,-7,3,-6,2,-5,0,-4,-1,-3,-2,-1,-4,0,-6,1,-8,2,-9,4,-10,5,-11,6,-12,6,-12,6,-13,7,-13,6,-11,5,0,0,-7,2,-6,1,-3,-1,0,-2,3,-3,5,-4,8,-5,10,-6,11,-7,12,-7,13,-7,13,-8,13,-7,12,-7,10,-6,8,-5,6,-4,3,-3,1,-1,-2,0,-4,2,-6,5,-8,7,-10,9,-13,10,-15,12,0,0,0,0,0,0,0,0,0,0]"""
566,"CSI_DATA,565,8c:90:2d:97:93:77,-52,11,1,7,1,0,1,0,1,0,0,-97,0,2,1,10194365,0,83,1,128,0,""[0,0,0,0,0,0,0,0,0,0,0,0,-3,-3,-4,-3,-5,-5,-5,-6,-6,-6,-6,-7,-6,-6,-6,-6,-5,-6,-5,-5,-4,-4,-4,-2,-3,-1,-2,0,-1,1,0,2,0,4,0,6,1,7,2,9,2,10,3,11,4,12,3,12,2,11,2,10,0,0,0,7,0,3,0,0,-1,0,-1,-3,-2,-6,-2,-9,-3,-11,-4,-12,-4,-13,-4,-14,-4,-14,-4,-14,-3,-13,-3,-11,-2,-9,-2,-6,-1,-4,0,-1,0,0,1,2,2,5,4,8,6,10,7,12,8,15,0,0,0,0,0,0,0,0,0,0]"""
567,"CSI_DATA,566,8c:90:2d:97:93:77,-52,11,1,7,1,0,1,0,1,0,0,-97,0,2,1,10208095,0,83,1,128,0,""[0,0,0,0,0,0,0,0,0,0,0,0,-2,-4,-2,-5,-2,-7,-2,-7,-2,-8,-2,-9,-2,-8,-2,-8,-2,-7,-2,-7,-2,-5,-2,-4,-2,-2,-2,0,-1,0,-1,2,-1,4,0,6,0,8,0,10,0,10,0,12,0,13,0,12,0,12,-1,10,0,0,-1,6,-1,3,-1,0,-1,0,0,-4,0,-6,0,-9,0,-11,0,-13,0,-14,0,-15,0,-15,0,-14,0,-13,0,-12,0,-10,0,-7,0,-4,0,-2,0,0,1,2,1,6,2,9,3,12,5,14,5,16,0,0,0,0,0,0,0,0,0,0]"""
568,"CSI_DATA,567,8c:90:2d:97:93:77,-52,11,1,7,1,0,1,0,1,0,0,-97,0,2,1,10214537,0,83,1,128,0,""[0,0,0,0,0,0,0,0,0,0,0,0,4,2,5,3,6,3,7,4,7,4,7,4,8,4,7,4,7,4,6,3,5,2,4,1,3,0,1,-1,-1,-2,-3,-4,-5,-5,-6,-6,-8,-6,-10,-7,-11,-7,-12,-8,-12,-8,-12,-9,-12,-8,-10,-8,0,0,-7,-6,-4,-5,-2,-3,2,-1,4,0,6,1,8,2,10,3,13,4,14,4,14,5,14,4,14,4,13,3,11,3,9,2,7,1,4,1,1,1,-2,1,-5,1,-8,2,-11,2,-14,3,-16,3,-19,4,0,0,0,0,0,0,0,0,0,0]"""
569,"CSI_DATA,568,8c:90:2d:97:93:77,-52,11,1,7,1,0,1,0,1,0,0,-97,0,2,1,10224748,0,83,1,128,0,""[0,0,0,0,0,0,0,0,0,0,0,0,3,-4,4,-5,5,-6,6,-6,6,-6,6,-7,6,-7,6,-6,5,-6,5,-6,4,-5,3,-4,1,-3,-1,-2,-3,-1,-4,0,-6,2,-7,3,-8,5,-10,6,-10,7,-11,8,-12,8,-12,8,-11,7,-11,6,0,0,-8,3,-5,1,-3,-1,-1,-2,1,-4,4,-7,5,-8,7,-9,8,-11,9,-11,10,-12,10,-12,9,-12,8,-11,6,-10,5,-8,4,-6,2,-5,1,-2,0,1,-1,4,-2,8,-2,10,-3,13,-3,15,-4,18,0,0,0,0,0,0,0,0,0,0]"""
570,"CSI_DATA,569,8c:90:2d:97:93:77,-52,11,1,7,1,0,1,0,1,0,0,-97,0,2,1,10234433,0,83,1,128,0,""[0,0,0,0,0,0,0,0,0,0,0,0,-3,-5,-3,-6,-3,-8,-3,-8,-4,-9,-3,-9,-3,-9,-3,-9,-4,-8,-3,-7,-3,-6,-3,-4,-3,-3,-2,-1,-2,1,-1,3,0,5,1,7,1,8,2,10,2,11,2,12,3,13,3,13,2,13,1,11,0,0,0,7,0,4,-2,2,-3,-1,-3,-4,-4,-7,-4,-9,-5,-11,-6,-13,-7,-14,-7,-15,-7,-14,-7,-14,-7,-12,-6,-11,-5,-9,-4,-7,-2,-5,0,-3,2,0,4,2,6,4,8,6,10,7,13,9,15,10,0,0,0,0,0,0,0,0,0,0]"""
571,"CSI_DATA,570,8c:90:2d:97:93:77,-52,11,1,7,1,0,1,0,1,0,0,-97,0,2,1,10244443,0,83,1,128,0,""[0,0,0,0,0,0,0,0,0,0,0,0,2,-5,3,-6,4,-7,4,-7,5,-8,5,-8,5,-8,5,-7,4,-7,3,-7,3,-6,2,-5,1,-4,-1,-2,-3,0,-3,1,-5,3,-6,4,-7,6,-8,8,-9,9,-9,9,-10,10,-10,10,-10,9,-9,8,0,0,-7,5,-5,2,-3,0,-2,-2,1,-5,2,-7,4,-9,5,-11,5,-13,6,-13,6,-14,6,-14,6,-14,5,-13,4,-12,4,-10,2,-7,2,-5,1,-2,0,0,0,4,0,8,0,10,0,13,1,16,2,18,0,0,0,0,0,0,0,0,0,0]"""
572,"CSI_DATA,571,8c:90:2d:97:93:77,-52,11,1,7,1,0,1,0,1,0,0,-97,0,2,1,10254385,0,83,1,128,0,""[0,0,0,0,0,0,0,0,0,0,0,0,-2,-5,-2,-7,-2,-8,-1,-9,-2,-10,-2,-10,-2,-10,-2,-9,-2,-9,-2,-8,-2,-7,-2,-5,-2,-3,-2,-2,-2,1,-2,3,-2,5,-2,7,-2,9,-2,11,-2,12,-2,13,-1,14,-1,14,-2,13,-2,12,0,0,-3,7,-2,4,-2,1,-2,-2,-1,-5,-1,-8,-1,-10,-1,-12,-1,-14,-1,-15,-1,-16,-1,-16,-1,-15,-2,-14,-2,-13,-1,-10,-1,-8,0,-5,0,-2,1,1,2,3,3,7,4,10,6,12,8,14,8,16,0,0,0,0,0,0,0,0,0,0]"""
573,"CSI_DATA,572,8c:90:2d:97:93:77,-52,11,1,7,1,0,1,0,1,0,0,-97,0,2,1,10264401,0,83,1,128,0,""[0,0,0,0,0,0,0,0,0,0,0,0,-3,-3,-4,-4,-5,-5,-5,-6,-5,-7,-5,-7,-5,-7,-5,-6,-5,-6,-4,-5,-4,-4,-3,-3,-2,-1,-2,0,-1,0,0,2,0,4,0,6,1,8,2,9,3,10,3,11,3,12,3,12,2,11,2,10,0,0,0,6,0,4,0,1,-1,0,-2,-3,-2,-6,-3,-8,-3,-10,-4,-12,-5,-13,-5,-14,-5,-14,-5,-13,-4,-12,-4,-11,-3,-9,-3,-6,-1,-4,0,-1,0,0,2,2,3,5,5,7,7,9,9,11,11,13,0,0,0,0,0,0,0,0,0,0]"""
574,"CSI_DATA,573,8c:90:2d:97:93:77,-52,11,1,7,1,0,1,0,1,0,0,-97,0,2,1,10275065,0,83,1,128,0,""[0,0,0,0,0,0,0,0,0,0,0,0,-3,4,-4,5,-5,6,-6,6,-6,7,-6,6,-6,7,-6,6,-6,6,-5,5,-4,5,-3,4,-2,3,0,1,2,0,3,-1,5,-3,6,-4,7,-6,9,-7,10,-7,10,-8,11,-8,11,-8,11,-7,10,-7,0,0,7,-4,5,-2,2,0,-1,1,-3,3,-5,4,-8,6,-10,7,-11,7,-12,8,-13,8,-12,9,-12,9,-11,8,-10,7,-8,6,-6,4,-4,2,-2,1,0,-2,2,-4,4,-7,5,-10,7,-12,8,-14,10,-16,0,0,0,0,0,0,0,0,0,0]"""
575,"CSI_DATA,574,8c:90:2d:97:93:77,-52,11,1,7,1,0,1,0,1,0,0,-97,0,2,1,10287612,0,83,1,128,0,""[0,0,0,0,0,0,0,0,0,0,0,0,3,-4,4,-5,5,-6,6,-6,7,-6,7,-6,7,-6,6,-6,6,-6,5,-5,5,-5,3,-4,1,-3,-1,-2,-2,-1,-4,-1,-6,0,-8,1,-10,2,-11,3,-12,4,-13,5,-14,5,-14,5,-13,4,-12,3,0,0,-8,1,-6,0,-3,-1,0,-2,3,-3,6,-4,8,-5,10,-6,11,-7,13,-7,14,-7,13,-7,13,-7,11,-7,10,-6,8,-5,6,-4,3,-3,1,-1,-2,0,-4,3,-5,6,-8,8,-10,10,-12,11,-13,13,0,0,0,0,0,0,0,0,0,0]"""
576,"CSI_DATA,575,8c:90:2d:97:93:77,-52,11,1,7,1,0,1,0,1,0,0,-97,0,2,1,10294441,0,83,1,128,0,""[0,0,0,0,0,0,0,0,0,0,0,0,2,-5,3,-6,4,-7,4,-7,5,-8,5,-8,5,-8,5,-8,5,-7,4,-6,3,-6,1,-5,0,-3,-1,-2,-3,-1,-4,0,-5,2,-7,4,-8,5,-9,6,-10,7,-11,8,-11,8,-11,9,-12,8,-10,7,0,0,-7,4,-5,1,-3,0,-1,-2,2,-4,4,-6,6,-7,8,-9,9,-10,10,-11,11,-11,10,-12,10,-11,9,-11,8,-9,6,-8,5,-5,3,-4,1,-2,-1,1,-2,4,-4,7,-4,10,-6,13,-6,15,-7,17,0,0,0,0,0,0,0,0,0,0]"""
577,"CSI_DATA,576,8c:90:2d:97:93:77,-52,11,1,7,1,0,1,0,1,0,0,-97,0,2,1,10304517,0,83,1,128,0,""[0,0,0,0,0,0,0,0,0,0,0,0,0,4,0,6,0,7,0,8,0,8,0,9,0,9,0,8,0,8,0,7,0,6,0,5,1,2,1,1,1,-2,2,-3,2,-6,2,-8,2,-10,2,-11,2,-13,2,-14,2,-14,2,-15,2,-14,2,-12,0,0,2,-8,2,-5,1,-2,1,1,0,4,0,7,-1,9,-1,11,-1,13,-1,14,-1,15,-1,15,-1,14,-1,13,-1,12,-1,10,0,7,-1,4,-2,1,-2,-1,-2,-5,-3,-8,-4,-11,-5,-13,-7,-16,-7,-18,0,0,0,0,0,0,0,0,0,0]"""
578,"CSI_DATA,577,8c:90:2d:97:93:77,-52,11,1,7,1,0,1,0,1,0,0,-97,0,2,1,10314387,0,83,1,128,0,""[0,0,0,0,0,0,0,0,0,0,0,0,2,4,3,5,3,6,3,6,4,7,3,7,4,7,4,7,4,6,3,6,3,5,2,3,2,1,1,0,0,-2,0,-4,-1,-6,-2,-8,-3,-9,-4,-11,-5,-12,-5,-13,-6,-13,-6,-13,-5,-13,-4,-12,0,0,-2,-8,-1,-6,0,-3,2,0,2,2,4,5,5,7,6,9,7,10,8,12,7,12,8,12,8,11,7,10,6,9,5,7,4,5,2,4,0,2,-2,-1,-5,-2,-7,-4,-10,-5,-12,-7,-15,-8,-17,-9,0,0,0,0,0,0,0,0,0,0]"""
579,"CSI_DATA,578,8c:90:2d:97:93:77,-52,11,1,7,1,0,1,0,1,0,0,-97,0,2,1,10324457,0,83,1,128,0,""[0,0,0,0,0,0,0,0,0,0,0,0,-2,-5,-2,-7,-2,-8,-2,-9,-2,-10,-2,-10,-2,-10,-2,-9,-2,-9,-2,-8,-2,-7,-2,-5,-2,-3,-2,-1,-2,1,-2,3,-1,5,-1,7,-1,9,-1,11,0,12,0,13,0,14,0,14,0,13,-1,12,0,0,-1,8,-2,5,-2,2,-3,-1,-2,-4,-3,-7,-3,-10,-3,-12,-4,-14,-5,-15,-5,-16,-5,-15,-5,-15,-5,-14,-4,-12,-4,-10,-3,-8,-2,-5,0,-3,1,0,3,2,5,5,7,7,9,9,12,11,13,13,0,0,0,0,0,0,0,0,0,0]"""
580,"CSI_DATA,579,8c:90:2d:97:93:77,-52,11,1,7,1,0,1,0,1,0,0,-97,0,2,1,10334423,0,83,1,128,0,""[0,0,0,0,0,0,0,0,0,0,0,0,4,0,6,0,7,0,8,1,8,1,8,1,8,1,8,1,7,1,7,0,6,0,4,-1,3,-1,1,-2,-1,-2,-3,-3,-5,-3,-7,-4,-9,-4,-11,-4,-12,-4,-13,-4,-14,-5,-14,-4,-13,-5,-12,-4,0,0,-7,-4,-5,-3,-2,-3,1,-2,4,-1,6,-1,9,0,11,1,13,1,14,1,14,1,15,0,14,0,13,0,11,0,9,0,7,0,4,0,1,0,-2,1,-5,1,-7,3,-10,4,-12,5,-15,7,-18,7,0,0,0,0,0,0,0,0,0,0]"""
581,"CSI_DATA,580,8c:90:2d:97:93:77,-52,11,1,7,1,0,1,0,1,0,0,-97,0,2,1,10344446,0,83,1,128,0,""[0,0,0,0,0,0,0,0,0,0,0,0,-4,-4,-5,-5,-6,-6,-7,-6,-7,-7,-7,-7,-7,-7,-7,-7,-6,-7,-6,-6,-5,-5,-5,-4,-4,-2,-3,-1,-2,2,-1,3,0,5,1,7,1,9,2,10,2,12,3,12,3,13,2,13,1,13,1,12,0,0,0,8,-1,5,-1,1,-1,-1,-1,-5,-1,-8,-1,-10,-1,-12,-1,-13,-1,-15,-1,-16,-1,-16,-1,-16,-1,-14,-1,-13,-1,-11,-1,-8,0,-5,-1,-3,0,1,0,4,0,7,1,11,2,13,2,16,2,18,0,0,0,0,0,0,0,0,0,0]"""
582,"CSI_DATA,581,8c:90:2d:97:93:77,-52,11,1,7,1,0,1,0,1,0,0,-97,0,2,1,10354519,0,83,1,128,0,""[0,0,0,0,0,0,0,0,0,0,0,0,3,2,5,3,5,4,6,5,6,6,6,6,6,6,6,6,5,6,5,5,5,4,4,3,3,1,2,-1,1,-3,0,-4,-1,-6,-2,-8,-3,-10,-4,-11,-4,-13,-4,-14,-4,-14,-4,-14,-3,-14,-3,-13,0,0,-1,-9,0,-6,0,-2,1,0,1,4,1,7,1,9,1,11,1,13,1,14,1,15,1,15,1,14,1,13,1,12,1,10,0,7,0,5,0,1,-1,-1,-2,-5,-2,-8,-3,-11,-3,-14,-4,-17,-5,-19,0,0,0,0,0,0,0,0,0,0]"""
583,"CSI_DATA,582,8c:90:2d:97:93:77,-51,11,1,7,1,0,1,0,1,0,0,-97,0,2,1,10364472,0,83,1,128,0,""[0,0,0,0,0,0,0,0,0,0,0,0,4,-3,5,-3,6,-4,7,-4,8,-4,8,-4,8,-4,8,-4,7,-4,6,-4,5,-4,3,-3,2,-3,0,-2,-2,-2,-4,-1,-6,-1,-8,0,-10,0,-11,1,-13,2,-13,2,-14,2,-14,2,-13,1,-13,1,0,0,-8,0,-6,-1,-3,-2,0,-2,3,-3,6,-3,9,-3,11,-4,13,-4,14,-4,14,-4,14,-5,14,-4,13,-4,11,-4,9,-3,7,-2,4,-2,1,-1,-2,1,-4,2,-7,4,-9,6,-11,8,-13,9,-15,11,0,0,0,0,0,0,0,0,0,0]"""
584,"CSI_DATA,583,8c:90:2d:97:93:77,-52,11,1,7,1,0,1,0,1,0,0,-97,0,2,1,10374712,0,83,1,128,0,""[0,0,0,0,0,0,0,0,0,0,0,0,4,-2,5,-3,6,-3,8,-3,8,-3,8,-3,8,-3,8,-3,7,-3,7,-3,5,-3,4,-3,2,-2,0,-2,-2,-2,-4,-2,-6,-1,-8,-1,-10,0,-12,0,-13,0,-14,1,-14,1,-14,0,-14,0,-13,0,0,0,-8,-1,-6,-2,-3,-2,1,-2,3,-3,6,-2,9,-2,11,-2,13,-3,14,-3,15,-3,15,-4,14,-3,13,-3,11,-3,9,-3,7,-2,4,-1,1,-1,-1,0,-4,2,-6,4,-9,6,-12,7,-14,9,-16,10,0,0,0,0,0,0,0,0,0,0]"""
585,"CSI_DATA,584,8c:90:2d:97:93:77,-51,11,1,7,1,0,1,0,1,0,0,-97,0,2,1,10385049,0,83,1,128,0,""[0,0,0,0,0,0,0,0,0,0,0,0,-4,3,-5,4,-6,5,-7,5,-8,5,-8,5,-8,5,-7,5,-7,5,-6,4,-5,4,-4,3,-2,2,0,1,2,0,3,0,5,-2,6,-3,8,-4,9,-5,10,-6,11,-7,12,-7,12,-7,12,-6,10,-5,0,0,7,-3,5,-1,2,0,-1,1,-4,3,-6,4,-8,5,-10,6,-12,7,-13,7,-13,8,-13,8,-13,8,-12,7,-10,7,-9,5,-7,4,-4,3,-2,0,0,-2,2,-4,4,-7,5,-10,7,-12,8,-14,9,-16,0,0,0,0,0,0,0,0,0,0]"""
586,"CSI_DATA,585,8c:90:2d:97:93:77,-52,11,1,7,1,0,1,0,1,0,0,-97,0,2,1,10394441,0,83,1,128,0,""[0,0,0,0,0,0,0,0,0,0,0,0,3,-3,5,-4,6,-5,7,-5,7,-5,8,-5,7,-5,7,-5,7,-5,6,-4,5,-4,3,-4,2,-3,0,-3,-2,-2,-4,-2,-7,-1,-8,0,-10,0,-11,1,-13,2,-14,1,-14,1,-14,1,-14,1,-12,0,0,0,-8,-1,-6,-1,-3,-2,1,-1,3,-2,6,-2,8,-2,11,-2,13,-2,14,-2,15,-1,15,-2,14,-2,13,-2,11,-1,9,-2,7,-2,4,-1,1,-1,-2,0,-5,1,-7,2,-10,3,-13,4,-16,5,-18,6,0,0,0,0,0,0,0,0,0,0]"""
587,"CSI_DATA,586,8c:90:2d:97:93:77,-52,11,1,7,1,0,1,0,1,0,0,-97,0,2,1,10404329,0,83,1,128,0,""[0,0,0,0,0,0,0,0,0,0,0,0,-2,4,-2,6,-3,6,-4,8,-4,8,-4,8,-4,8,-4,8,-4,7,-3,6,-3,6,-1,5,0,3,0,1,2,0,3,-2,4,-4,5,-5,6,-7,8,-8,8,-9,9,-10,10,-10,9,-10,9,-9,9,-9,0,0,6,-5,4,-3,2,-1,-1,1,-3,3,-5,5,-7,6,-9,7,-10,8,-11,9,-12,10,-12,10,-11,10,-11,9,-9,7,-8,6,-6,5,-4,3,-1,1,0,-1,2,-4,4,-7,5,-9,6,-12,8,-14,9,-16,0,0,0,0,0,0,0,0,0,0]"""
588,"CSI_DATA,587,8c:90:2d:97:93:77,-52,11,1,7,1,0,1,0,1,0,0,-97,0,2,1,10414593,0,83,1,128,0,""[0,0,0,0,0,0,0,0,0,0,0,0,2,-4,3,-6,4,-7,5,-7,5,-8,5,-8,5,-8,5,-8,4,-7,3,-7,2,-6,2,-5,0,-3,-1,-2,-3,0,-4,1,-5,2,-6,4,-7,6,-8,7,-9,8,-9,9,-10,10,-10,9,-10,9,-9,8,0,0,-7,5,-5,2,-3,-1,-1,-2,1,-5,3,-7,4,-9,5,-11,6,-11,7,-13,8,-13,7,-13,7,-13,6,-12,5,-11,4,-9,3,-7,2,-4,1,-2,0,1,0,4,-1,7,-1,11,-1,13,-1,16,-1,18,0,0,0,0,0,0,0,0,0,0]"""
589,"CSI_DATA,588,8c:90:2d:97:93:77,-52,11,1,7,1,0,1,0,1,0,0,-97,0,2,1,10424640,0,83,1,128,0,""[0,0,0,0,0,0,0,0,0,0,0,0,4,1,5,1,7,1,8,2,8,2,9,2,9,2,8,2,8,1,7,1,6,0,4,0,3,-1,1,-1,-1,-2,-3,-3,-5,-3,-7,-4,-9,-5,-11,-4,-13,-4,-13,-4,-14,-4,-14,-5,-13,-5,-12,-5,0,0,-8,-4,-5,-3,-3,-3,1,-2,4,-1,7,-1,9,-1,11,-1,13,0,15,0,15,0,15,0,15,-1,14,-1,11,-1,9,-1,7,-1,4,-1,1,0,-2,1,-4,2,-7,4,-10,5,-13,7,-15,8,-18,9,0,0,0,0,0,0,0,0,0,0]"""
590,"CSI_DATA,589,8c:90:2d:97:93:77,-52,11,1,7,1,0,1,0,1,0,0,-97,0,2,1,10434491,0,83,1,128,0,""[0,0,0,0,0,0,0,0,0,0,0,0,-4,3,-5,4,-6,5,-6,5,-7,6,-7,6,-7,6,-6,6,-6,6,-5,5,-5,5,-3,4,-2,2,0,1,2,0,3,-1,5,-3,6,-4,8,-5,9,-7,10,-8,10,-8,11,-9,11,-9,11,-8,10,-7,0,0,6,-4,4,-2,2,0,-1,1,-3,3,-5,5,-7,7,-9,8,-10,9,-11,10,-12,10,-12,10,-11,10,-10,9,-9,8,-7,7,-6,5,-4,3,-2,1,-1,-2,1,-5,2,-8,3,-11,4,-14,5,-16,5,-18,0,0,0,0,0,0,0,0,0,0]"""
591,"CSI_DATA,590,8c:90:2d:97:93:77,-52,11,1,7,1,0,1,0,1,0,0,-97,0,2,1,10444561,0,83,1,128,0,""[0,0,0,0,0,0,0,0,0,0,0,0,3,-4,5,-4,6,-5,7,-5,7,-5,7,-5,8,-5,7,-5,6,-5,6,-4,5,-4,3,-4,1,-3,0,-2,-2,-1,-4,-1,-6,0,-8,1,-10,2,-11,3,-12,3,-13,4,-14,4,-14,4,-13,3,-12,3,0,0,-8,1,-6,-1,-3,-2,0,-2,3,-4,5,-4,8,-5,10,-6,11,-6,13,-7,13,-7,13,-7,13,-7,12,-7,10,-6,8,-5,6,-4,3,-3,1,-1,-1,1,-4,3,-5,6,-7,8,-9,11,-11,12,-12,14,0,0,0,0,0,0,0,0,0,0]"""
592,"CSI_DATA,591,8c:90:2d:97:93:77,-52,11,1,7,1,0,1,0,1,0,0,-97,0,2,1,10455037,0,83,1,128,0,""[0,0,0,0,0,0,0,0,0,0,0,0,-4,-3,-5,-4,-6,-6,-6,-6,-7,-7,-7,-7,-7,-7,-6,-7,-6,-6,-6,-5,-5,-5,-4,-4,-3,-2,-3,0,-1,2,0,3,1,5,2,6,3,8,4,9,5,10,6,11,6,12,6,11,5,11,4,10,0,0,2,7,1,4,0,2,-3,-1,-3,-3,-4,-6,-5,-8,-6,-10,-8,-11,-8,-12,-9,-13,-9,-13,-9,-12,-8,-11,-7,-10,-5,-8,-5,-6,-3,-4,-1,-2,1,0,3,2,5,4,8,6,10,7,13,8,14,9,0,0,0,0,0,0,0,0,0,0]"""
593,"CSI_DATA,592,8c:90:2d:97:93:77,-52,11,1,7,1,0,1,0,1,0,0,-97,0,2,1,10464431,0,83,1,128,0,""[0,0,0,0,0,0,0,0,0,0,0,0,1,4,1,6,1,7,1,8,2,9,2,9,2,8,1,8,1,8,1,7,1,5,1,4,1,2,1,0,1,-2,1,-4,1,-6,0,-8,0,-10,0,-12,0,-13,0,-14,0,-15,-1,-14,0,-14,0,-13,0,0,1,-9,1,-5,1,-2,1,1,1,4,0,6,0,9,1,11,1,13,1,14,1,15,1,15,1,14,1,13,1,12,0,9,0,7,0,4,-1,2,-2,-1,-3,-4,-4,-7,-6,-10,-7,-13,-9,-15,-10,-17,0,0,0,0,0,0,0,0,0,0]"""
594,"CSI_DATA,593,8c:90:2d:97:93:77,-52,11,1,7,1,0,1,0,1,0,0,-97,0,2,1,10474654,0,83,1,128,0,""[0,0,0,0,0,0,0,0,0,0,0,0,-3,-5,-3,-6,-4,-7,-3,-8,-4,-9,-4,-9,-4,-9,-4,-9,-3,-8,-4,-7,-3,-6,-3,-5,-3,-3,-2,-1,-2,1,-1,3,-1,5,0,7,0,9,0,10,1,12,1,13,1,13,1,13,1,12,0,12,0,0,-1,7,-1,4,-1,2,-2,-1,-2,-4,-2,-7,-2,-10,-3,-12,-3,-14,-4,-15,-4,-16,-4,-15,-3,-15,-3,-14,-3,-12,-2,-10,-2,-7,-1,-5,0,-3,1,0,3,3,3,6,5,9,7,11,9,13,10,15,0,0,0,0,0,0,0,0,0,0]"""
595,"CSI_DATA,594,8c:90:2d:97:93:77,-52,11,1,7,1,0,1,0,1,0,0,-97,0,2,1,10484280,0,83,1,128,0,""[0,0,0,0,0,0,0,0,0,0,0,0,3,0,5,0,6,1,6,1,7,2,7,2,7,2,7,2,6,2,6,1,5,0,3,0,2,0,1,-1,0,-2,-1,-3,-3,-4,-6,-5,-6,-6,-8,-7,-9,-7,-10,-8,-11,-8,-11,-8,-10,-8,-9,-8,0,0,-5,-5,-3,-3,-1,-2,0,0,2,0,4,3,6,4,8,5,10,6,11,7,11,7,11,7,11,7,10,6,8,6,7,4,5,3,2,1,0,0,-1,0,-4,-1,-7,-2,-10,-3,-13,-3,-15,-4,-18,-5,0,0,0,0,0,0,0,0,0,0]"""
596,"CSI_DATA,595,8c:90:2d:97:93:77,-52,11,1,7,1,0,1,0,1,0,0,-97,0,2,1,10494466,0,83,1,128,0,""[0,0,0,0,0,0,0,0,0,0,0,0,-4,-2,-5,-3,-6,-3,-6,-4,-7,-4,-7,-5,-7,-4,-7,-4,-6,-4,-6,-3,-5,-2,-4,-1,-3,0,-1,0,0,0,0,2,2,3,3,5,4,5,6,6,7,7,8,8,8,8,9,8,8,8,6,7,0,0,3,5,1,3,0,1,-1,0,-3,-1,-5,-3,-7,-5,-9,-6,-10,-7,-11,-9,-12,-9,-12,-9,-11,-8,-11,-7,-9,-7,-7,-5,-6,-4,-3,-2,0,-1,0,0,3,0,5,0,9,0,11,1,15,1,17,2,0,0,0,0,0,0,0,0,0,0]"""
597,"CSI_DATA,596,8c:90:2d:97:93:77,-52,11,1,7,1,0,1,0,1,0,0,-97,0,2,1,10504542,0,83,1,128,0,""[0,0,0,0,0,0,0,0,0,0,0,0,4,-1,6,-1,7,-2,8,-1,8,-1,9,-1,8,-2,8,-1,8,-1,7,-1,6,-2,4,-2,3,-2,0,-2,-1,-2,-4,-2,-6,-2,-8,-2,-10,-2,-11,-2,-13,-2,-14,-2,-14,-2,-14,-2,-14,-2,-12,-2,0,0,-8,-2,-6,-2,-3,-2,1,-2,4,-2,6,-1,9,-1,11,-1,13,-1,14,-1,14,-1,15,-1,14,-2,13,-2,11,-2,9,-1,7,-1,4,-1,1,-1,-2,1,-5,2,-7,3,-10,5,-12,6,-15,8,-17,8,0,0,0,0,0,0,0,0,0,0]"""
598,"CSI_DATA,597,8c:90:2d:97:93:77,-52,11,1,7,1,0,1,0,1,0,0,-97,0,2,1,10514497,0,83,1,128,0,""[0,0,0,0,0,0,0,0,0,0,0,0,-2,-3,-3,-4,-4,-5,-4,-6,-4,-6,-4,-7,-4,-7,-4,-7,-4,-6,-3,-5,-3,-5,-2,-3,-2,-1,-2,0,-1,0,0,2,0,4,0,5,2,7,2,8,3,9,3,10,4,11,4,10,3,10,2,10,0,0,0,6,0,3,0,1,-2,0,-2,-2,-4,-5,-4,-7,-5,-9,-6,-10,-7,-11,-7,-12,-8,-12,-7,-11,-7,-10,-6,-9,-5,-7,-4,-5,-2,-3,0,-1,0,0,3,0,4,2,7,4,10,5,12,6,14,7,0,0,0,0,0,0,0,0,0,0]"""
599,"CSI_DATA,598,8c:90:2d:97:93:77,-52,11,1,7,1,0,1,0,1,0,0,-97,0,2,1,10524594,0,83,1,128,0,""[0,0,0,0,0,0,0,0,0,0,0,0,-5,0,-7,0,-8,0,-9,0,-10,0,-10,-1,-10,0,-9,0,-9,0,-8,0,-7,0,-6,1,-4,1,-2,1,1,1,3,1,5,2,7,1,9,1,10,1,12,1,13,1,13,1,14,1,13,2,11,2,0,0,7,2,5,2,1,2,-2,1,-5,1,-8,0,-10,0,-12,1,-14,0,-15,1,-16,0,-16,1,-15,1,-14,1,-13,1,-11,1,-8,0,-5,0,-3,0,1,-2,4,-3,6,-5,9,-7,11,-8,14,-10,15,-10,0,0,0,0,0,0,0,0,0,0]"""
600,"CSI_DATA,599,8c:90:2d:97:93:77,-52,11,1,7,1,0,1,0,1,0,0,-97,0,2,1,10534402,0,83,1,128,0,""[0,0,0,0,0,0,0,0,0,0,0,0,4,0,6,-1,6,0,8,0,8,0,9,0,9,0,8,0,7,0,7,0,6,-1,4,-1,3,-1,1,-2,-1,-3,-3,-3,-5,-3,-7,-4,-9,-4,-11,-4,-12,-4,-13,-4,-14,-4,-14,-5,-13,-5,-11,-5,0,0,-8,-4,-5,-3,-2,-3,1,-2,4,-1,6,0,9,1,11,1,13,2,14,2,14,2,15,2,14,2,13,1,11,1,9,1,7,0,4,0,1,0,-2,0,-5,1,-8,2,-10,2,-13,3,-16,4,-19,4,0,0,0,0,0,0,0,0,0,0]"""
601,"CSI_DATA,600,8c:90:2d:97:93:77,-51,11,1,7,1,0,1,0,1,0,0,-97,0,2,1,10544485,0,83,1,128,0,""[0,0,0,0,0,0,0,0,0,0,0,0,0,4,0,6,-1,7,-1,8,-1,9,-1,9,-1,9,-1,8,-1,8,-1,7,0,6,0,4,0,3,1,1,1,-2,1,-3,2,-5,2,-8,3,-9,3,-11,3,-12,3,-13,3,-14,3,-14,4,-13,4,-12,0,0,3,-8,2,-5,1,-2,1,1,0,4,-1,7,-2,9,-2,11,-2,13,-2,14,-3,15,-3,14,-2,14,-2,13,-2,12,-2,9,-1,7,-1,4,-1,2,-2,-1,-2,-5,-2,-8,-3,-11,-4,-14,-5,-16,-6,-18,0,0,0,0,0,0,0,0,0,0]"""
602,"CSI_DATA,601,8c:90:2d:97:93:77,-52,11,1,7,1,0,1,0,1,0,0,-97,0,2,1,10554480,0,83,1,128,0,""[0,0,0,0,0,0,0,0,0,0,0,0,0,-5,0,-6,0,-8,1,-9,1,-9,1,-9,2,-9,1,-9,1,-9,1,-8,0,-7,0,-6,-1,-4,-2,-2,-2,0,-3,2,-4,4,-4,6,-6,8,-6,9,-6,10,-7,11,-7,12,-6,12,-7,11,-6,10,0,0,-5,6,-4,3,-3,0,-1,-2,0,-5,2,-7,3,-10,4,-11,5,-12,5,-14,5,-15,5,-15,5,-14,5,-13,4,-12,3,-10,2,-7,1,-5,1,-2,0,0,0,4,-1,7,0,10,-1,13,0,16,0,19,0,0,0,0,0,0,0,0,0,0]"""
603,"CSI_DATA,602,8c:90:2d:97:93:77,-52,11,1,7,1,0,1,0,1,0,0,-97,0,2,1,10564489,0,83,1,128,0,""[0,0,0,0,0,0,0,0,0,0,0,0,3,-4,4,-5,5,-6,6,-6,6,-7,7,-7,7,-6,7,-6,6,-6,5,-6,4,-5,3,-4,1,-4,0,-3,-2,-2,-5,-1,-7,0,-8,1,-10,1,-11,2,-13,2,-14,3,-14,3,-14,3,-14,2,-12,1,0,0,-8,0,-6,-1,-3,-1,1,-1,3,-2,6,-2,8,-2,11,-2,13,-2,14,-2,15,-2,15,-2,14,-2,13,-2,11,-2,9,-2,7,-2,4,-1,1,-1,-2,0,-5,0,-8,2,-11,3,-13,4,-16,5,-19,5,0,0,0,0,0,0,0,0,0,0]"""
604,"CSI_DATA,603,8c:90:2d:97:93:77,-52,11,1,7,1,0,1,0,1,0,1,-97,0,2,1,10574640,0,83,1,128,0,""[0,0,0,0,0,0,0,0,0,0,0,0,-1,5,-1,6,-1,7,-1,8,-2,9,-2,9,-2,9,-2,8,-2,8,-1,7,-1,6,0,5,0,3,1,1,2,-1,3,-3,4,-4,5,-6,6,-8,7,-9,7,-10,8,-11,8,-12,9,-12,9,-10,8,-9,0,0,5,-6,4,-3,2,-1,-1,1,-3,3,-5,5,-7,6,-9,8,-11,8,-12,9,-12,10,-12,10,-12,9,-11,8,-10,7,-8,6,-6,5,-4,3,-2,1,1,-1,3,-3,4,-6,6,-9,8,-12,10,-13,12,-15,0,0,0,0,0,0,0,0,0,0]"""
605,"CSI_DATA,604,8c:90:2d:97:93:77,-52,11,1,7,1,0,1,0,1,0,1,-97,0,2,1,10584373,0,83,1,128,0,""[0,0,0,0,0,0,0,0,0,0,0,0,4,0,6,1,7,1,8,1,8,1,8,2,8,1,8,1,7,1,7,1,6,0,4,0,3,-1,1,-2,-1,-2,-3,-3,-5,-4,-7,-4,-9,-4,-10,-5,-12,-5,-13,-5,-13,-6,-13,-5,-13,-6,-11,-5,0,0,-7,-4,-5,-3,-2,-3,1,-1,4,-1,6,0,8,1,10,1,12,1,14,2,14,2,14,2,14,1,13,1,11,1,9,1,7,1,4,0,1,0,-2,0,-5,1,-8,2,-10,3,-13,4,-16,5,-19,5,0,0,0,0,0,0,0,0,0,0]"""
606,"CSI_DATA,605,8c:90:2d:97:93:77,-52,11,1,7,1,0,1,0,1,0,1,-97,0,2,1,10594421,0,83,1,128,0,""[0,0,0,0,0,0,0,0,0,0,0,0,1,4,2,6,2,6,2,8,2,8,2,9,2,9,2,8,2,7,2,6,2,5,2,4,2,2,1,0,1,-2,0,-4,0,-6,-1,-8,-1,-10,-2,-11,-2,-13,-3,-14,-3,-14,-3,-14,-3,-13,-2,-13,0,0,-1,-9,0,-6,1,-3,2,0,2,3,2,6,3,8,4,10,4,12,5,13,5,14,5,14,5,13,5,12,4,11,3,9,3,6,1,4,-1,2,-2,-1,-4,-4,-6,-6,-9,-7,-11,-9,-14,-11,-15,-12,0,0,0,0,0,0,0,0,0,0]"""
607,"CSI_DATA,606,8c:90:2d:97:93:77,-52,11,1,7,1,0,1,0,1,0,1,-97,0,2,1,10604361,0,83,1,128,0,""[0,0,0,0,0,0,0,0,0,0,0,0,0,4,0,6,0,7,-1,8,-1,9,-1,8,-1,9,-1,8,-1,8,0,7,0,6,0,4,1,3,1,1,1,-1,1,-4,2,-6,2,-8,2,-9,2,-11,2,-12,2,-13,2,-14,2,-14,2,-14,2,-12,0,0,2,-8,2,-5,1,-2,1,1,1,4,0,7,0,9,0,11,0,13,0,13,0,14,0,15,1,14,1,13,0,11,0,9,0,7,-1,4,-1,2,-2,-1,-3,-4,-4,-7,-6,-9,-7,-12,-10,-14,-11,-16,0,0,0,0,0,0,0,0,0,0]"""
608,"CSI_DATA,607,8c:90:2d:97:93:77,-52,11,1,7,1,0,1,0,1,0,1,-97,0,2,1,10616731,0,83,1,128,0,""[0,0,0,0,0,0,0,0,0,0,0,0,-3,2,-4,3,-5,4,-5,5,-6,5,-6,5,-6,5,-6,5,-6,5,-5,4,-4,3,-2,3,-1,2,0,1,1,0,3,0,4,0,6,-1,7,-3,9,-3,10,-5,11,-5,12,-5,12,-5,11,-4,10,-3,0,0,6,-1,4,0,1,0,-1,0,-3,1,-6,1,-8,2,-10,3,-12,3,-14,4,-14,3,-14,4,-13,3,-13,3,-11,2,-9,2,-7,1,-4,0,-1,0,0,0,3,-2,4,-4,7,-6,10,-7,12,-9,14,-10,0,0,0,0,0,0,0,0,0,0]"""
609,"CSI_DATA,608,8c:90:2d:97:93:77,-51,11,1,7,1,0,1,0,1,0,1,-97,0,2,1,10624397,0,83,1,128,0,""[0,0,0,0,0,0,0,0,0,0,0,0,0,4,1,6,0,7,0,8,1,8,0,9,1,9,0,8,1,7,1,7,1,6,1,4,1,2,1,0,1,-2,1,-4,0,-6,0,-8,-1,-10,-1,-11,-1,-12,-2,-14,-2,-14,-2,-14,-1,-14,-1,-12,0,0,0,-9,0,-6,1,-3,2,0,2,3,3,6,3,8,4,10,5,12,5,13,5,14,5,13,6,13,5,12,4,10,3,9,3,6,1,4,-1,2,-3,-1,-5,-2,-6,-5,-9,-6,-11,-8,-14,-9,-16,-10,0,0,0,0,0,0,0,0,0,0]"""
610,"CSI_DATA,609,8c:90:2d:97:93:77,-51,11,1,7,1,0,1,0,1,0,1,-97,0,2,1,10634457,0,83,1,128,0,""[0,0,0,0,0,0,0,0,0,0,0,0,4,0,6,0,7,1,8,1,8,1,9,1,8,1,8,1,8,1,7,1,6,0,4,0,3,-1,1,-2,-1,-2,-4,-3,-5,-3,-7,-3,-9,-4,-11,-4,-13,-4,-14,-4,-15,-4,-15,-4,-15,-4,-13,-4,0,0,-8,-4,-5,-3,-2,-3,1,-2,4,-2,7,-1,9,-1,11,-1,14,-1,15,0,16,0,16,-1,15,-1,14,-1,11,-1,9,-1,7,-1,4,-1,1,0,-1,1,-4,2,-7,4,-9,6,-13,7,-15,9,-17,10,0,0,0,0,0,0,0,0,0,0]"""
611,"CSI_DATA,610,8c:90:2d:97:93:77,-51,11,1,7,1,0,1,0,1,0,1,-97,0,2,1,10644499,0,83,1,128,0,""[0,0,0,0,0,0,0,0,0,0,0,0,-3,3,-4,4,-5,5,-6,6,-7,6,-7,6,-7,6,-6,6,-6,6,-5,5,-4,4,-3,3,-1,2,0,1,2,-1,3,-2,4,-3,5,-5,6,-6,8,-7,8,-9,9,-9,9,-10,9,-10,9,-9,8,-8,0,0,6,-5,4,-3,2,0,1,1,-2,4,-4,5,-5,8,-7,9,-7,11,-8,13,-8,13,-8,13,-8,13,-7,11,-6,10,-5,8,-4,6,-3,4,-2,1,-1,-2,-1,-5,-1,-9,-1,-11,-1,-15,-1,-17,-1,-19,0,0,0,0,0,0,0,0,0,0]"""
612,"CSI_DATA,611,8c:90:2d:97:93:77,-50,11,1,6,1,0,1,0,1,0,1,-97,0,2,1,10644780,0,83,1,128,0,""[0,0,0,0,0,0,0,0,0,0,0,0,3,-4,4,-4,6,-6,7,-6,8,-7,8,-7,8,-7,8,-7,7,-6,6,-6,4,-6,3,-4,1,-3,-1,-2,-3,-1,-4,0,-7,1,-9,3,-11,4,-12,6,-13,7,-14,7,-14,8,-14,8,-14,7,-13,7,0,0,-9,3,-7,1,-3,-1,-1,-2,2,-6,4,-7,7,-9,9,-11,11,-12,12,-13,12,-13,12,-14,11,-14,11,-13,8,-12,7,-9,4,-7,3,-6,1,-2,0,1,-1,4,-2,8,-2,12,-3,15,-3,18,-3,22,0,0,0,0,0,0,0,0,0,0]"""
613,"CSI_DATA,612,8c:90:2d:97:93:77,-52,11,1,7,1,0,1,0,1,0,1,-97,0,2,1,10654378,0,83,1,128,0,""[0,0,0,0,0,0,0,0,0,0,0,0,1,-5,1,-7,1,-8,2,-9,2,-9,2,-9,3,-9,3,-9,2,-8,2,-7,1,-7,0,-6,0,-4,-2,-3,-3,-1,-4,1,-6,2,-7,4,-8,6,-9,7,-10,8,-10,8,-11,8,-12,9,-11,8,-10,7,0,0,-7,3,-5,2,-3,0,0,-2,3,-3,5,-5,7,-6,9,-7,11,-7,11,-8,13,-8,13,-9,12,-8,11,-8,9,-7,8,-6,6,-4,3,-3,1,-1,-2,0,-4,2,-6,4,-8,7,-11,8,-13,10,-15,11,0,0,0,0,0,0,0,0,0,0]"""
614,"CSI_DATA,613,8c:90:2d:97:93:77,-52,11,1,7,1,0,1,0,1,0,1,-97,0,2,1,10664490,0,83,1,128,0,""[0,0,0,0,0,0,0,0,0,0,0,0,0,4,0,6,-1,7,-1,8,-1,9,-2,9,-1,9,-2,8,-1,8,-1,7,-1,6,0,5,0,3,1,1,2,-1,3,-3,4,-4,5,-6,5,-8,6,-10,7,-11,8,-11,8,-12,8,-12,8,-11,7,-10,0,0,5,-6,4,-4,2,-1,-1,1,-3,3,-5,5,-7,6,-8,8,-10,9,-11,9,-12,10,-12,10,-11,10,-11,9,-9,7,-7,6,-6,4,-4,3,-2,1,1,-1,3,-4,4,-6,6,-9,8,-12,10,-13,11,-15,0,0,0,0,0,0,0,0,0,0]"""
615,"CSI_DATA,614,8c:90:2d:97:93:77,-52,11,1,7,1,0,1,0,1,0,0,-97,0,2,1,10674460,0,83,1,128,0,""[0,0,0,0,0,0,0,0,0,0,0,0,0,-5,0,-7,0,-8,1,-8,1,-9,1,-9,1,-10,1,-9,1,-9,0,-8,0,-7,0,-5,-1,-3,-2,-1,-2,1,-2,3,-2,4,-2,7,-3,8,-3,10,-2,11,-2,12,-3,13,-2,13,-3,12,-3,12,0,0,-3,7,-3,4,-3,1,-3,-2,-2,-5,-2,-7,-2,-10,-2,-12,-3,-14,-3,-15,-3,-16,-3,-15,-3,-15,-3,-14,-3,-12,-2,-10,-2,-8,-1,-5,0,-3,2,0,3,2,4,5,7,7,9,9,11,11,13,12,0,0,0,0,0,0,0,0,0,0]"""
616,"CSI_DATA,615,8c:90:2d:97:93:77,-52,11,1,7,1,0,1,0,1,0,0,-97,0,2,1,10684392,0,83,1,128,0,""[0,0,0,0,0,0,0,0,0,0,0,0,4,1,5,2,6,2,7,3,8,3,8,4,8,4,7,3,7,3,6,2,6,1,4,1,2,0,1,-1,-1,-2,-3,-3,-5,-4,-7,-4,-9,-5,-10,-5,-12,-6,-13,-6,-13,-6,-13,-6,-12,-6,-11,-5,0,0,-7,-4,-5,-4,-2,-3,1,-2,4,-2,7,-1,9,0,11,0,13,0,14,0,15,0,15,-1,14,-1,13,-1,11,-1,9,-1,7,0,4,0,2,0,-1,1,-4,2,-6,5,-9,6,-11,8,-13,9,-15,11,0,0,0,0,0,0,0,0,0,0]"""
617,"CSI_DATA,616,8c:90:2d:97:93:77,-52,11,1,7,1,0,1,0,1,0,0,-97,0,2,1,10697206,0,83,1,128,0,""[0,0,0,0,0,0,0,0,0,0,0,0,-5,-1,-7,-1,-8,-1,-9,-2,-10,-2,-10,-2,-10,-2,-9,-2,-9,-1,-8,-1,-7,-1,-5,0,-3,0,-1,0,0,1,2,1,5,1,7,1,8,1,11,1,12,1,13,1,13,0,13,1,12,1,12,1,0,0,7,1,5,1,2,2,-1,1,-5,2,-7,2,-10,2,-11,3,-13,3,-15,4,-15,4,-15,4,-15,4,-13,4,-11,4,-9,4,-7,2,-5,1,-3,0,-1,-2,2,-4,4,-7,5,-10,7,-12,8,-14,9,-16,0,0,0,0,0,0,0,0,0,0]"""
618,"CSI_DATA,617,8c:90:2d:97:93:77,-52,11,1,7,1,0,1,0,1,0,0,-97,0,2,1,10704518,0,83,1,128,0,""[0,0,0,0,0,0,0,0,0,0,0,0,-5,0,-6,0,-7,0,-8,-1,-9,0,-9,-1,-9,-1,-8,0,-8,0,-7,0,-6,0,-4,0,-3,0,-1,0,0,0,2,1,4,2,6,1,7,1,9,2,11,2,11,2,12,2,12,2,12,2,10,2,0,0,6,1,3,1,0,1,-1,0,-4,0,-6,0,-9,0,-11,0,-13,0,-14,0,-15,0,-15,0,-15,0,-13,0,-11,0,-9,0,-7,0,-4,0,-1,0,0,0,3,-2,5,-3,8,-5,10,-6,13,-7,15,-8,0,0,0,0,0,0,0,0,0,0]"""
619,"CSI_DATA,618,8c:90:2d:97:93:77,-52,11,1,7,1,0,1,0,1,0,0,-97,0,2,1,10714571,0,83,1,128,0,""[0,0,0,0,0,0,0,0,0,0,0,0,-4,0,-6,0,-7,0,-8,0,-9,0,-9,0,-9,0,-8,0,-8,0,-7,0,-6,0,-4,0,-3,0,-1,0,0,0,1,1,4,2,6,2,7,2,9,2,10,2,11,2,12,3,12,3,11,3,10,3,0,0,6,2,3,1,0,1,-2,0,-4,0,-6,0,-9,-1,-11,-1,-12,-2,-14,-2,-14,-3,-15,-2,-14,-2,-13,-1,-11,-1,-9,-1,-7,-1,-4,0,-1,0,0,0,3,0,6,-2,8,-2,11,-3,14,-3,17,-4,0,0,0,0,0,0,0,0,0,0]"""
620,"CSI_DATA,619,8c:90:2d:97:93:77,-52,11,1,7,1,0,1,0,1,0,0,-97,0,2,1,10724369,0,83,1,128,0,""[0,0,0,0,0,0,0,0,0,0,0,0,-5,1,-6,1,-8,1,-8,1,-9,1,-9,1,-9,1,-9,1,-8,1,-8,1,-6,1,-5,1,-3,1,-1,1,1,1,3,0,5,0,7,-1,9,-2,10,-2,11,-3,12,-3,13,-3,13,-3,12,-3,11,-3,0,0,7,-1,5,0,2,1,-1,1,-4,3,-6,4,-9,5,-10,6,-11,6,-13,7,-14,7,-13,7,-13,7,-12,6,-11,6,-9,5,-7,3,-5,2,-3,0,-1,-2,1,-5,3,-8,4,-11,5,-13,6,-15,6,-18,0,0,0,0,0,0,0,0,0,0]"""
621,"CSI_DATA,620,8c:90:2d:97:93:77,-52,11,1,7,1,0,1,0,1,0,0,-97,0,2,1,10734489,0,83,1,128,0,""[0,0,0,0,0,0,0,0,0,0,0,0,-1,-5,-2,-7,-1,-8,-1,-8,-1,-9,-1,-10,-1,-9,-1,-9,-1,-8,-2,-8,-2,-6,-2,-5,-2,-3,-2,-1,-2,1,-1,3,-1,5,0,7,0,8,0,10,1,12,1,13,1,13,2,13,1,12,0,11,0,0,-1,7,-1,5,-2,2,-3,-1,-3,-4,-4,-6,-5,-9,-6,-10,-7,-12,-7,-14,-7,-14,-8,-14,-8,-13,-7,-12,-6,-11,-5,-9,-5,-7,-2,-5,0,-3,1,-1,4,1,6,2,9,4,11,5,14,6,17,7,0,0,0,0,0,0,0,0,0,0]"""
622,"CSI_DATA,621,8c:90:2d:97:93:77,-52,11,1,7,1,0,1,0,1,0,0,-97,0,2,1,10744496,0,83,1,128,0,""[0,0,0,0,0,0,0,0,0,0,0,0,3,-4,4,-5,5,-6,6,-6,6,-7,6,-7,6,-7,6,-6,5,-6,5,-6,4,-5,2,-5,1,-3,-1,-2,-3,-1,-4,0,-6,1,-8,2,-9,3,-11,4,-11,5,-12,6,-13,6,-13,6,-12,5,-11,5,0,0,-8,2,-5,1,-3,-1,0,-2,2,-4,5,-5,7,-6,9,-7,10,-9,12,-9,12,-9,12,-10,11,-9,11,-9,9,-8,7,-7,6,-5,3,-4,1,-1,-1,1,-3,4,-5,6,-6,9,-8,11,-9,13,-10,15,0,0,0,0,0,0,0,0,0,0]"""
623,"CSI_DATA,622,8c:90:2d:97:93:77,-52,11,1,7,1,0,1,0,1,0,0,-97,0,2,1,10754311,0,83,1,128,0,""[0,0,0,0,0,0,0,0,0,0,0,0,0,3,0,5,0,6,0,7,0,8,0,8,0,8,0,7,0,7,0,6,0,5,0,3,0,1,0,0,1,-1,1,-2,1,-4,1,-7,2,-9,2,-10,2,-11,2,-13,2,-13,2,-13,2,-12,3,-11,0,0,2,-7,1,-4,0,-1,0,0,0,3,0,6,-1,8,-1,10,-2,12,-2,13,-2,14,-2,14,-2,13,-2,12,-2,10,-1,9,-1,6,-1,3,0,1,0,-1,-1,-4,-1,-7,-2,-10,-3,-13,-4,-15,-4,-18,0,0,0,0,0,0,0,0,0,0]"""
624,"CSI_DATA,623,8c:90:2d:97:93:77,-52,11,1,7,1,0,1,0,1,0,0,-97,0,2,1,10764511,0,83,1,128,0,""[0,0,0,0,0,0,0,0,0,0,0,0,-1,4,-1,6,-1,7,-2,8,-2,9,-2,9,-3,8,-2,8,-2,8,-2,7,-1,6,-1,5,0,3,1,1,2,-1,3,-2,4,-4,5,-6,6,-8,6,-9,7,-10,8,-11,8,-12,8,-11,8,-10,8,-9,0,0,5,-6,4,-4,2,-1,-1,1,-3,3,-5,5,-7,7,-8,8,-9,9,-11,10,-11,10,-11,11,-11,10,-10,9,-9,9,-7,7,-6,5,-4,3,-2,1,0,-1,2,-4,3,-7,5,-10,6,-13,8,-14,9,-17,0,0,0,0,0,0,0,0,0,0]"""
625,"CSI_DATA,624,8c:90:2d:97:93:77,-52,11,1,7,1,0,1,0,1,0,0,-97,0,2,1,10774599,0,83,1,128,0,""[0,0,0,0,0,0,0,0,0,0,0,0,-5,1,-7,2,-7,2,-9,2,-9,2,-10,2,-9,2,-9,2,-9,2,-8,2,-6,2,-5,2,-3,1,-1,1,1,1,3,1,5,1,7,1,9,1,10,0,12,1,13,1,14,1,14,1,13,1,11,2,0,0,7,2,5,1,2,1,-2,0,-5,0,-7,0,-10,-1,-12,-1,-14,-2,-15,-1,-16,-2,-16,-2,-16,-1,-14,-1,-12,-1,-11,-1,-8,-1,-5,-1,-2,-1,1,-1,4,-2,7,-2,10,-3,12,-4,16,-5,18,-5,0,0,0,0,0,0,0,0,0,0]"""
626,"CSI_DATA,625,8c:90:2d:97:93:77,-52,11,1,7,1,0,1,0,1,0,0,-97,0,2,1,10784486,0,83,1,128,0,""[0,0,0,0,0,0,0,0,0,0,0,0,4,-3,5,-3,6,-4,7,-4,8,-4,8,-4,8,-4,8,-4,7,-4,7,-3,6,-3,4,-4,2,-3,0,-2,-2,-2,-4,-2,-6,-1,-8,0,-10,0,-12,0,-13,1,-14,1,-14,1,-15,1,-14,0,-12,0,0,0,-8,-1,-6,-1,-3,-2,1,-2,3,-2,6,-2,9,-3,11,-3,13,-3,14,-3,15,-3,15,-3,14,-3,13,-3,11,-3,9,-2,7,-2,4,-2,1,-1,-2,0,-5,2,-7,4,-10,5,-12,7,-15,8,-17,9,0,0,0,0,0,0,0,0,0,0]"""
627,"CSI_DATA,626,8c:90:2d:97:93:77,-52,11,1,7,1,0,1,0,1,0,0,-97,0,2,1,10795068,0,83,1,128,0,""[0,0,0,0,0,0,0,0,0,0,0,0,1,-5,2,-6,3,-8,4,-8,4,-8,4,-8,5,-8,4,-8,4,-8,3,-7,2,-6,1,-5,0,-4,-1,-2,-3,-1,-4,0,-6,2,-7,3,-8,5,-9,6,-10,7,-11,8,-12,8,-12,8,-12,7,-10,6,0,0,-7,3,-5,1,-3,-1,0,-2,3,-4,5,-5,7,-7,9,-7,10,-8,12,-9,12,-9,12,-9,12,-9,11,-8,9,-7,7,-6,5,-5,3,-3,1,-2,-2,0,-4,3,-5,5,-7,8,-9,10,-11,12,-13,14,0,0,0,0,0,0,0,0,0,0]"""
628,"CSI_DATA,627,8c:90:2d:97:93:77,-52,11,1,7,1,0,1,0,1,0,0,-97,0,2,1,10804514,0,83,1,128,0,""[0,0,0,0,0,0,0,0,0,0,0,0,4,-1,6,-1,7,-1,8,-1,8,0,9,0,9,0,8,0,8,0,7,0,6,-1,4,-1,3,-2,1,-2,-1,-3,-3,-3,-5,-4,-7,-5,-8,-6,-10,-6,-11,-7,-12,-7,-13,-8,-12,-7,-11,-8,-10,-7,0,0,-7,-6,-4,-4,-2,-2,1,-1,3,1,5,3,7,5,9,6,10,8,11,8,12,9,12,9,11,8,10,8,9,7,7,6,5,4,3,2,1,1,-2,-1,-5,-3,-7,-5,-10,-6,-12,-7,-15,-8,-17,-9,0,0,0,0,0,0,0,0,0,0]"""
629,"CSI_DATA,628,8c:90:2d:97:93:77,-52,11,1,7,1,0,1,0,1,0,0,-97,0,2,1,10814374,0,83,1,128,0,""[0,0,0,0,0,0,0,0,0,0,0,0,0,4,0,6,0,7,-1,8,-1,8,-1,9,-1,9,-1,8,-1,8,0,7,0,6,0,5,1,2,1,1,2,-1,2,-3,3,-5,3,-7,4,-9,4,-11,5,-12,5,-13,5,-13,5,-13,5,-12,5,-11,0,0,4,-7,3,-4,1,-1,0,1,-1,4,-3,6,-4,8,-5,10,-6,11,-6,13,-7,13,-7,13,-7,13,-6,12,-5,10,-4,8,-4,6,-2,4,-1,1,-1,-1,0,-5,1,-8,0,-11,1,-14,1,-16,1,-19,0,0,0,0,0,0,0,0,0,0]"""
630,"CSI_DATA,629,8c:90:2d:97:93:77,-52,11,1,7,1,0,1,0,1,0,0,-97,0,2,1,10824451,0,83,1,128,0,""[0,0,0,0,0,0,0,0,0,0,0,0,-1,-5,-1,-7,-1,-8,0,-9,0,-10,0,-10,0,-9,-1,-10,-1,-9,-1,-8,-1,-7,-1,-5,-2,-3,-2,-2,-3,1,-3,2,-3,5,-3,7,-3,9,-4,10,-3,11,-4,12,-3,13,-4,13,-4,12,-4,11,0,0,-3,7,-3,4,-2,1,-2,-1,-1,-5,0,-7,0,-10,0,-12,0,-14,1,-15,1,-16,1,-16,1,-15,0,-14,0,-12,0,-10,0,-8,0,-5,0,-3,1,0,2,3,2,7,3,10,4,12,6,15,7,17,0,0,0,0,0,0,0,0,0,0]"""
631,"CSI_DATA,630,8c:90:2d:97:93:77,-51,11,1,6,1,0,1,0,1,0,0,-97,0,2,1,10834496,0,83,1,128,0,""[0,0,0,0,0,0,0,0,0,0,0,0,4,0,6,-1,7,0,8,0,10,0,10,0,10,0,8,0,8,0,7,0,6,-1,4,-1,3,-1,1,-2,-1,-2,-4,-3,-6,-3,-8,-4,-10,-4,-12,-4,-13,-4,-14,-4,-15,-4,-15,-4,-14,-4,-13,-4,0,0,-8,-3,-5,-3,-2,-2,1,-1,4,-1,6,0,10,0,12,1,13,1,15,1,16,1,16,1,15,1,14,1,12,0,10,0,7,0,4,0,1,0,-2,0,-5,1,-7,2,-11,3,-14,4,-17,5,-20,5,0,0,0,0,0,0,0,0,0,0]"""
632,"CSI_DATA,631,8c:90:2d:97:93:77,-52,11,1,7,1,0,1,0,1,0,0,-97,0,2,1,10844377,0,83,1,128,0,""[0,0,0,0,0,0,0,0,0,0,0,0,-5,-3,-6,-4,-6,-5,-7,-6,-7,-6,-8,-7,-7,-7,-7,-6,-7,-6,-6,-5,-6,-4,-5,-3,-4,-2,-3,0,-1,1,0,3,2,5,3,6,4,7,5,9,7,9,7,10,8,11,8,10,7,10,6,10,0,0,3,7,2,4,0,2,-2,-1,-4,-3,-5,-5,-7,-7,-8,-9,-9,-10,-10,-11,-11,-12,-11,-12,-10,-11,-10,-10,-9,-9,-7,-8,-6,-6,-3,-4,-1,-2,1,0,4,1,6,3,9,4,12,5,15,6,16,7,0,0,0,0,0,0,0,0,0,0]"""
633,"CSI_DATA,632,8c:90:2d:97:93:77,-52,11,1,7,1,0,1,0,1,0,0,-97,0,2,1,10854372,0,83,1,128,0,""[0,0,0,0,0,0,0,0,0,0,0,0,1,4,2,5,2,7,2,8,2,8,2,8,2,9,2,8,2,8,2,6,1,5,1,4,2,2,1,0,1,-2,1,-4,1,-6,0,-8,0,-10,0,-12,-1,-13,-1,-14,-1,-15,-1,-14,0,-14,0,-13,0,0,1,-8,1,-6,1,-2,1,0,1,4,1,6,1,9,1,11,1,13,1,14,1,15,1,14,1,14,1,13,1,11,1,9,1,7,0,4,-1,1,-2,-1,-3,-4,-4,-8,-6,-10,-7,-13,-9,-15,-10,-17,0,0,0,0,0,0,0,0,0,0]"""
634,"CSI_DATA,633,8c:90:2d:97:93:77,-52,11,1,7,1,0,1,0,1,0,0,-97,0,2,1,10864304,0,83,1,128,0,""[0,0,0,0,0,0,0,0,0,0,0,0,-5,1,-7,1,-8,2,-9,2,-10,2,-10,1,-10,2,-9,1,-8,2,-8,2,-7,1,-5,1,-3,1,-1,1,1,1,3,1,5,1,8,1,9,1,11,0,12,0,13,0,13,1,14,1,13,1,11,1,0,0,7,1,5,1,2,1,-2,1,-4,0,-8,0,-10,0,-12,0,-14,-1,-15,-1,-16,-1,-16,-1,-15,-1,-14,0,-12,0,-10,-1,-8,-1,-5,0,-2,-1,1,-1,4,-2,7,-3,10,-5,12,-5,15,-6,17,-6,0,0,0,0,0,0,0,0,0,0]"""
635,"CSI_DATA,634,8c:90:2d:97:93:77,-52,11,1,7,1,0,1,0,1,0,0,-97,0,2,1,10874465,0,83,1,128,0,""[0,0,0,0,0,0,0,0,0,0,0,0,-3,-3,-4,-4,-5,-5,-5,-6,-6,-6,-5,-7,-5,-7,-5,-6,-5,-6,-5,-5,-4,-4,-3,-3,-2,-1,-2,0,-1,0,0,2,0,4,1,6,1,7,3,9,3,10,4,11,4,12,4,11,3,11,2,10,0,0,1,6,0,4,0,0,-1,0,-2,-3,-3,-6,-4,-8,-4,-10,-6,-12,-6,-13,-6,-13,-6,-13,-6,-13,-6,-12,-5,-10,-4,-8,-3,-6,-1,-4,0,-1,0,0,2,1,4,4,6,6,8,8,11,10,13,11,0,0,0,0,0,0,0,0,0,0]"""
636,"CSI_DATA,635,8c:90:2d:97:93:77,-52,11,1,7,1,0,1,0,1,0,0,-97,0,2,1,10884361,0,83,1,128,0,""[0,0,0,0,0,0,0,0,0,0,0,0,2,-5,3,-6,3,-7,4,-8,5,-8,5,-8,5,-8,5,-8,4,-7,4,-7,3,-6,2,-5,1,-4,-1,-2,-3,-1,-5,0,-6,2,-8,3,-9,4,-9,6,-11,6,-11,8,-12,8,-12,7,-12,6,-11,6,0,0,-7,3,-6,1,-3,-1,0,-2,2,-4,5,-5,7,-6,9,-8,11,-8,12,-9,12,-9,12,-9,12,-9,11,-8,9,-8,8,-6,6,-5,3,-4,1,-2,-1,0,-3,3,-5,6,-7,8,-9,11,-11,13,-12,14,0,0,0,0,0,0,0,0,0,0]"""
637,"CSI_DATA,636,8c:90:2d:97:93:77,-52,11,1,7,1,0,1,0,1,0,0,-97,0,2,1,10894461,0,83,1,128,0,""[0,0,0,0,0,0,0,0,0,0,0,0,-3,-5,-3,-6,-3,-7,-4,-8,-4,-9,-4,-9,-4,-9,-4,-9,-3,-8,-4,-7,-3,-6,-3,-5,-3,-3,-3,-1,-2,1,-1,3,-1,5,0,7,0,9,0,11,1,12,1,13,1,13,1,13,0,12,0,11,0,0,-1,8,-1,5,-1,2,-2,-1,-2,-5,-2,-7,-2,-10,-2,-12,-3,-14,-3,-15,-3,-16,-3,-16,-3,-15,-3,-14,-3,-12,-2,-10,-2,-8,-1,-5,0,-3,1,0,2,3,3,6,5,8,7,11,8,13,10,15,0,0,0,0,0,0,0,0,0,0]"""
638,"CSI_DATA,637,8c:90:2d:97:93:77,-52,11,1,7,1,0,1,0,1,0,0,-97,0,2,1,10904348,0,83,1,128,0,""[0,0,0,0,0,0,0,0,0,0,0,0,2,4,3,5,3,6,3,7,3,8,3,8,3,8,3,7,3,7,3,6,3,5,2,3,2,2,1,0,1,-2,0,-4,0,-6,-1,-8,-2,-10,-3,-12,-3,-12,-3,-13,-4,-14,-4,-14,-3,-14,-3,-12,0,0,-1,-9,0,-5,0,-3,1,0,1,3,2,6,3,8,3,11,4,12,4,14,4,14,5,14,4,13,4,12,4,11,3,9,2,7,1,4,-1,2,-2,-1,-4,-4,-5,-6,-8,-9,-10,-11,-12,-12,-14,-14,0,0,0,0,0,0,0,0,0,0]"""
639,"CSI_DATA,638,8c:90:2d:97:93:77,-52,11,1,7,1,0,1,0,1,0,0,-97,0,2,1,10914432,0,83,1,128,0,""[0,0,0,0,0,0,0,0,0,0,0,0,-3,4,-4,5,-5,6,-6,6,-6,7,-7,7,-7,7,-7,7,-6,6,-5,5,-5,5,-3,4,-2,3,0,1,1,0,3,-1,5,-3,7,-4,8,-5,9,-6,10,-7,11,-8,11,-8,12,-8,12,-7,10,-6,0,0,7,-4,5,-2,2,0,-1,1,-4,3,-6,4,-8,5,-10,6,-12,7,-13,7,-13,8,-13,8,-13,8,-12,7,-10,7,-8,5,-7,3,-4,2,-1,1,0,-2,2,-4,4,-7,6,-10,7,-12,9,-14,10,-15,0,0,0,0,0,0,0,0,0,0]"""
640,"CSI_DATA,639,8c:90:2d:97:93:77,-52,11,1,7,1,0,1,0,1,0,0,-97,0,2,1,10924725,0,83,1,128,0,""[0,0,0,0,0,0,0,0,0,0,0,0,3,0,5,0,6,0,6,1,7,1,7,1,8,1,7,1,6,0,6,0,5,0,3,0,2,0,1,-1,0,-2,-2,-3,-4,-3,-6,-5,-7,-5,-8,-6,-10,-6,-10,-7,-11,-8,-11,-7,-10,-8,-9,-7,0,0,-5,-5,-3,-3,-1,-1,0,0,2,0,4,2,7,3,8,4,10,5,11,6,11,7,11,7,11,6,10,6,8,5,7,4,5,2,2,1,0,0,-1,0,-4,0,-6,-1,-9,-2,-12,-3,-16,-3,-18,-4,0,0,0,0,0,0,0,0,0,0]"""
641,"CSI_DATA,640,8c:90:2d:97:93:77,-52,11,1,7,1,0,1,0,1,0,0,-97,0,2,1,10934589,0,83,1,128,0,""[0,0,0,0,0,0,0,0,0,0,0,0,3,1,4,2,5,3,5,4,6,4,6,4,6,4,6,4,5,4,5,3,4,2,2,1,2,0,1,0,0,-2,0,-3,-2,-5,-3,-6,-4,-8,-5,-9,-6,-10,-6,-11,-7,-11,-7,-11,-6,-11,-5,-10,0,0,-2,-7,-1,-4,0,-2,1,0,2,2,3,4,4,6,5,8,6,10,7,11,7,11,7,11,7,11,6,10,5,9,4,7,3,4,1,2,0,0,-1,0,-4,-2,-5,-4,-8,-6,-10,-8,-12,-9,-15,-11,0,0,0,0,0,0,0,0,0,0]"""
642,"CSI_DATA,641,8c:90:2d:97:93:77,-52,11,1,7,1,0,1,0,1,0,0,-97,0,2,1,10944389,0,83,1,128,0,""[0,0,0,0,0,0,0,0,0,0,0,0,4,-3,5,-4,6,-5,7,-5,8,-5,8,-5,8,-5,7,-5,7,-5,6,-4,5,-4,3,-4,2,-3,0,-2,-2,-2,-4,-2,-7,-1,-8,0,-10,1,-12,2,-13,2,-14,2,-14,2,-14,2,-14,1,-12,1,0,0,-8,0,-6,-1,-3,-2,0,-2,3,-3,6,-3,9,-3,11,-4,13,-4,14,-4,14,-4,14,-4,14,-4,13,-4,11,-3,9,-3,7,-2,4,-2,1,-1,-2,0,-5,2,-7,4,-9,5,-12,7,-14,9,-17,10,0,0,0,0,0,0,0,0,0,0]"""
643,"CSI_DATA,642,8c:90:2d:97:93:77,-52,11,1,7,1,0,1,0,1,0,0,-97,0,2,1,10954692,0,83,1,128,0,""[0,0,0,0,0,0,0,0,0,0,0,0,-3,4,-3,5,-4,6,-5,7,-5,8,-6,7,-5,8,-5,7,-5,7,-4,6,-3,5,-2,4,-1,3,0,1,2,0,3,-1,4,-3,6,-5,7,-7,8,-8,9,-8,10,-9,10,-10,10,-10,10,-9,9,-8,0,0,6,-5,4,-3,2,0,-1,1,-3,3,-5,5,-7,6,-9,7,-10,9,-11,10,-12,10,-12,10,-12,10,-11,9,-9,8,-7,6,-6,4,-4,3,-2,1,0,-2,2,-5,3,-8,4,-10,6,-13,7,-15,8,-17,0,0,0,0,0,0,0,0,0,0]"""
644,"CSI_DATA,643,8c:90:2d:97:93:77,-52,11,1,7,1,0,1,0,1,0,0,-97,0,2,1,10964357,0,83,1,128,0,""[0,0,0,0,0,0,0,0,0,0,0,0,0,-5,1,-7,1,-8,2,-8,2,-9,2,-9,2,-9,2,-9,2,-8,1,-7,1,-7,0,-6,-1,-4,-2,-2,-3,0,-3,2,-4,4,-5,6,-6,7,-6,9,-6,10,-6,11,-7,12,-7,12,-7,11,-7,10,0,0,-5,6,-4,3,-3,0,-2,-2,0,-5,1,-7,3,-10,3,-11,3,-13,4,-14,5,-15,4,-15,4,-15,4,-13,3,-12,2,-10,1,-7,1,-5,0,-3,0,0,0,4,0,8,1,11,1,13,1,15,2,18,0,0,0,0,0,0,0,0,0,0]"""
645,"CSI_DATA,644,8c:90:2d:97:93:77,-52,11,1,7,1,0,1,0,1,0,0,-97,0,2,1,10975041,0,83,1,128,0,""[0,0,0,0,0,0,0,0,0,0,0,0,4,1,6,1,7,1,8,2,8,2,8,2,8,2,8,2,7,2,7,1,6,1,4,0,3,-1,1,-2,-1,-3,-3,-3,-5,-4,-7,-5,-9,-5,-10,-6,-11,-6,-12,-6,-13,-7,-13,-7,-12,-7,-11,-6,0,0,-7,-5,-5,-4,-2,-3,1,-1,4,0,6,1,8,2,10,2,12,3,14,3,14,4,14,4,14,3,12,3,11,3,9,2,7,1,4,0,1,0,-2,0,-5,1,-8,1,-11,2,-14,2,-17,3,-19,3,0,0,0,0,0,0,0,0,0,0]"""
646,"CSI_DATA,645,8c:90:2d:97:93:77,-52,11,1,7,1,0,1,0,1,0,0,-97,0,2,1,10984359,0,83,1,128,0,""[0,0,0,0,0,0,0,0,0,0,0,0,-3,-4,-4,-6,-4,-7,-5,-8,-5,-8,-5,-9,-5,-8,-5,-8,-4,-8,-4,-7,-4,-6,-3,-4,-3,-3,-2,-1,-2,1,-1,3,0,6,1,7,1,8,2,10,3,11,3,12,3,13,3,13,3,12,2,11,0,0,0,7,0,5,-1,2,-2,-1,-3,-4,-3,-7,-4,-9,-5,-11,-6,-13,-6,-14,-6,-14,-7,-14,-7,-14,-6,-13,-5,-11,-4,-9,-4,-7,-2,-5,-1,-2,1,0,4,2,4,5,7,7,9,9,12,10,14,12,0,0,0,0,0,0,0,0,0,0]"""
647,"CSI_DATA,646,8c:90:2d:97:93:77,-52,11,1,7,1,0,1,0,1,0,0,-97,0,2,1,10994501,0,83,1,128,0,""[0,0,0,0,0,0,0,0,0,0,0,0,0,4,1,6,0,7,0,8,0,9,0,9,0,9,-1,9,0,8,0,7,1,6,1,5,1,3,1,1,2,-2,2,-3,3,-5,3,-7,3,-9,4,-11,4,-12,4,-13,5,-13,5,-13,5,-13,5,-11,0,0,4,-7,3,-5,2,-2,0,1,-1,4,-3,6,-4,8,-6,10,-6,11,-7,13,-7,13,-7,14,-7,13,-6,12,-6,10,-5,9,-4,6,-2,4,-1,1,0,-2,0,-5,1,-8,2,-11,2,-14,3,-16,3,-19,0,0,0,0,0,0,0,0,0,0]"""
648,"CSI_DATA,647,8c:90:2d:97:93:77,-52,11,1,7,1,0,1,0,1,0,0,-97,0,2,1,11004319,0,83,1,128,0,""[0,0,0,0,0,0,0,0,0,0,0,0,-4,-1,-6,-2,-6,-3,-7,-3,-7,-4,-8,-4,-8,-4,-7,-4,-7,-3,-6,-3,-5,-2,-4,-1,-3,0,-1,0,0,1,0,2,1,4,3,5,4,6,5,7,6,8,7,9,7,9,7,10,6,9,5,9,0,0,2,6,1,3,0,1,-1,0,-2,-2,-4,-5,-5,-7,-6,-9,-8,-10,-8,-12,-8,-12,-8,-12,-8,-12,-7,-11,-6,-9,-5,-8,-4,-5,-2,-3,0,-1,0,0,2,1,4,4,7,6,8,7,11,9,13,11,0,0,0,0,0,0,0,0,0,0]"""
649,"CSI_DATA,648,8c:90:2d:97:93:77,-52,11,1,7,1,0,1,0,1,0,0,-97,0,2,1,11014523,0,83,1,128,0,""[0,0,0,0,0,0,0,0,0,0,0,0,-1,-5,-1,-7,-1,-8,0,-9,0,-9,0,-9,0,-9,-1,-9,0,-9,-1,-8,-1,-7,-1,-5,-2,-4,-2,-2,-2,1,-2,3,-2,5,-3,7,-3,8,-3,10,-3,11,-2,12,-3,13,-3,13,-3,12,-3,11,0,0,-3,7,-3,4,-2,1,-2,-2,-1,-5,-1,-7,-1,-10,-1,-12,-1,-14,-1,-15,-1,-15,-1,-15,-1,-15,-1,-14,-1,-12,-1,-10,-1,-8,0,-5,0,-2,1,0,2,3,3,6,5,9,6,11,8,13,9,15,0,0,0,0,0,0,0,0,0,0]"""
650,"CSI_DATA,649,8c:90:2d:97:93:77,-52,11,1,7,1,0,1,0,1,0,0,-97,0,2,1,11026399,0,83,1,128,0,""[0,0,0,0,0,0,0,0,0,0,0,0,-1,5,-1,6,-1,8,-1,8,-2,9,-2,9,-2,10,-1,9,-1,9,-1,7,-1,6,-1,5,0,3,1,1,1,-1,2,-4,2,-6,2,-8,2,-10,2,-12,2,-13,3,-14,2,-15,2,-15,3,-14,3,-13,0,0,2,-9,2,-5,1,-2,1,1,0,4,0,7,0,9,0,12,0,14,0,16,0,16,0,16,0,15,1,14,0,13,0,10,0,7,-1,5,-1,2,-3,-1,-3,-4,-5,-8,-7,-11,-8,-13,-10,-15,-11,-18,0,0,0,0,0,0,0,0,0,0]"""
651,"CSI_DATA,650,8c:90:2d:97:93:77,-52,11,1,7,1,0,1,0,1,0,0,-97,0,2,1,11034432,0,83,1,128,0,""[0,0,0,0,0,0,0,0,0,0,0,0,4,2,5,3,5,4,6,4,7,5,7,5,7,5,6,5,6,4,5,4,5,3,4,2,3,0,1,-1,0,-3,-2,-4,-4,-5,-5,-7,-6,-8,-7,-9,-8,-10,-9,-11,-9,-11,-10,-11,-9,-11,-8,-10,0,0,-5,-7,-3,-5,-1,-3,1,-1,3,1,5,4,7,6,8,7,10,8,10,9,11,10,11,10,11,9,10,8,9,7,7,6,5,4,3,3,0,1,-3,-1,-5,-1,-7,-3,-10,-3,-14,-4,-16,-5,-18,-5,0,0,0,0,0,0,0,0,0,0]"""
652,"CSI_DATA,651,8c:90:2d:97:93:77,-52,11,1,7,1,0,1,0,1,0,0,-97,0,2,1,11044358,0,83,1,128,0,""[0,0,0,0,0,0,0,0,0,0,0,0,-6,-1,-7,-1,-8,-1,-9,-2,-10,-3,-10,-3,-10,-3,-9,-3,-8,-2,-8,-2,-7,-1,-5,-1,-4,0,-2,1,0,2,2,3,4,3,6,4,8,4,9,5,10,5,11,6,12,6,12,6,12,6,10,6,0,0,6,4,3,3,1,2,-2,0,-5,-1,-7,-3,-10,-4,-11,-5,-13,-6,-14,-6,-15,-6,-15,-6,-15,-5,-14,-5,-11,-5,-10,-4,-8,-3,-5,-2,-1,-2,1,-1,4,-1,7,-1,10,-1,13,-1,16,-2,19,-2,0,0,0,0,0,0,0,0,0,0]"""
653,"CSI_DATA,652,8c:90:2d:97:93:77,-52,11,1,7,1,0,1,0,1,0,0,-97,0,2,1,11054911,0,83,1,128,0,""[0,0,0,0,0,0,0,0,0,0,0,0,-2,4,-2,5,-3,7,-4,7,-4,8,-4,8,-4,8,-3,8,-3,7,-3,7,-2,6,-1,4,0,3,1,1,2,-1,2,-3,4,-4,4,-7,5,-8,6,-10,6,-11,7,-12,7,-12,7,-12,7,-12,6,-10,0,0,5,-7,3,-4,2,-1,0,1,-2,4,-3,6,-4,8,-5,10,-6,12,-6,13,-7,14,-7,13,-7,13,-6,12,-5,11,-4,9,-3,6,-3,4,-2,2,-1,-2,-1,-5,0,-8,-1,-12,-1,-15,-1,-17,-1,-19,0,0,0,0,0,0,0,0,0,0]"""
654,"CSI_DATA,653,8c:90:2d:97:93:77,-52,11,1,7,1,0,1,0,1,0,0,-97,0,2,1,11064388,0,83,1,128,0,""[0,0,0,0,0,0,0,0,0,0,0,0,-1,-5,-1,-7,-1,-8,0,-9,0,-9,0,-10,-1,-10,-1,-9,0,-9,-1,-8,-1,-7,-1,-5,-2,-4,-2,-2,-3,1,-3,3,-3,5,-3,7,-3,9,-3,10,-3,12,-3,13,-3,13,-3,13,-4,12,-4,11,0,0,-3,7,-3,4,-2,1,-2,-2,-1,-5,0,-8,0,-10,0,-12,0,-14,0,-15,1,-16,0,-16,0,-15,0,-14,0,-13,0,-11,0,-8,0,-5,0,-3,1,0,2,3,2,7,3,10,4,12,6,15,6,17,0,0,0,0,0,0,0,0,0,0]"""
655,"CSI_DATA,654,8c:90:2d:97:93:77,-52,11,1,7,1,0,1,0,1,0,1,-97,0,2,1,11074583,0,83,1,128,0,""[0,0,0,0,0,0,0,0,0,0,0,0,4,0,6,1,7,2,7,2,8,2,8,2,8,2,8,2,7,2,7,2,5,1,4,0,3,0,1,-2,-1,-2,-3,-4,-5,-4,-7,-5,-8,-6,-10,-6,-11,-6,-12,-7,-13,-8,-12,-7,-12,-8,-11,-7,0,0,-7,-5,-5,-4,-2,-3,2,-1,4,0,6,1,8,3,11,3,12,4,13,5,14,5,14,5,14,5,12,4,10,4,8,3,7,2,4,1,1,1,-2,0,-5,0,-8,0,-11,1,-14,1,-17,1,-19,1,0,0,0,0,0,0,0,0,0,0]"""
656,"CSI_DATA,655,8c:90:2d:97:93:77,-52,11,1,7,1,0,1,0,1,0,1,-97,0,2,1,11084331,0,83,1,128,0,""[0,0,0,0,0,0,0,0,0,0,0,0,2,2,2,4,3,5,3,6,3,6,3,7,3,7,3,6,3,6,2,5,2,4,1,2,1,0,0,0,0,-2,0,-3,0,-5,0,-7,0,-9,-1,-10,-1,-11,-2,-12,-2,-13,-2,-13,-1,-12,-1,-12,0,0,0,-7,0,-4,0,-1,0,0,0,3,0,5,0,8,1,10,1,11,1,13,1,13,1,13,1,13,1,11,0,10,0,8,0,6,0,3,0,1,-1,0,-2,-3,-3,-7,-4,-9,-6,-12,-7,-13,-8,-15,0,0,0,0,0,0,0,0,0,0]"""
657,"CSI_DATA,656,8c:90:2d:97:93:77,-52,11,1,7,1,0,1,0,1,0,1,-97,0,2,1,11094605,0,83,1,128,0,""[0,0,0,0,0,0,0,0,0,0,0,0,-4,2,-6,3,-7,4,-7,4,-8,4,-8,4,-8,4,-8,4,-8,4,-7,4,-5,3,-4,3,-2,2,-1,1,1,1,3,0,5,-1,7,-2,9,-3,10,-4,11,-4,12,-5,12,-5,13,-5,12,-4,11,-4,0,0,7,-2,5,-1,2,0,-1,1,-4,2,-6,3,-9,4,-11,5,-12,5,-14,6,-14,6,-14,7,-13,6,-12,6,-11,5,-9,4,-7,3,-5,2,-2,0,0,-2,2,-4,4,-7,6,-9,8,-12,10,-14,11,-15,0,0,0,0,0,0,0,0,0,0]"""
658,"CSI_DATA,657,8c:90:2d:97:93:77,-52,11,1,7,1,0,1,0,1,0,1,-97,0,2,1,11105014,0,83,1,128,0,""[0,0,0,0,0,0,0,0,0,0,0,0,4,0,6,0,7,0,8,0,9,0,9,0,9,0,8,0,8,0,7,0,6,-1,4,-1,3,-1,1,-2,-1,-2,-4,-3,-6,-3,-8,-3,-9,-4,-11,-4,-13,-4,-14,-4,-14,-4,-14,-4,-13,-4,-12,-4,0,0,-8,-4,-5,-3,-2,-2,1,-2,4,-1,7,0,9,0,11,1,13,1,14,1,15,1,15,1,14,1,13,0,11,0,9,0,7,0,4,0,1,0,-2,1,-5,1,-8,2,-11,3,-13,4,-16,5,-18,6,0,0,0,0,0,0,0,0,0,0]"""
659,"CSI_DATA,658,8c:90:2d:97:93:77,-52,11,1,7,1,0,1,0,1,0,1,-97,0,2,1,11114429,0,83,1,128,0,""[0,0,0,0,0,0,0,0,0,0,0,0,4,2,5,3,6,4,6,4,7,5,7,5,7,5,7,5,6,4,6,4,5,3,4,2,3,1,1,-1,0,-3,-2,-4,-4,-5,-6,-7,-7,-8,-8,-8,-10,-9,-10,-10,-11,-10,-11,-10,-10,-10,-9,-9,0,0,-5,-7,-3,-5,-1,-3,2,-1,4,1,5,3,8,4,9,6,11,7,12,8,12,8,12,8,12,7,11,6,9,6,8,5,6,3,3,2,1,1,-2,0,-6,0,-8,-1,-11,-1,-14,-1,-17,-2,-20,-2,0,0,0,0,0,0,0,0,0,0]"""
660,"CSI_DATA,659,8c:90:2d:97:93:77,-52,11,1,7,1,0,1,0,1,0,1,-97,0,2,1,11124390,0,83,1,128,0,""[0,0,0,0,0,0,0,0,0,0,0,0,-4,-4,-5,-5,-5,-6,-6,-7,-6,-8,-6,-8,-6,-8,-6,-7,-6,-7,-5,-6,-5,-5,-4,-4,-3,-2,-2,-1,-1,1,0,3,1,5,3,7,4,8,5,9,6,10,6,11,7,11,7,11,6,11,5,10,0,0,2,7,1,4,-1,2,-3,-1,-4,-3,-6,-5,-7,-7,-8,-9,-10,-10,-11,-11,-11,-12,-11,-11,-11,-11,-10,-10,-9,-9,-7,-7,-6,-6,-3,-4,-1,-2,1,0,5,1,7,2,9,2,12,3,16,4,18,5,0,0,0,0,0,0,0,0,0,0]"""
661,"CSI_DATA,660,8c:90:2d:97:93:77,-52,11,1,7,1,0,1,0,1,0,1,-97,0,2,1,11134379,0,83,1,128,0,""[0,0,0,0,0,0,0,0,0,0,0,0,-4,3,-5,4,-6,5,-7,5,-7,5,-8,5,-8,5,-7,5,-7,5,-6,4,-5,4,-4,3,-2,2,0,1,2,0,3,-1,5,-2,6,-3,8,-5,9,-6,10,-7,11,-7,11,-7,12,-7,11,-6,10,-6,0,0,7,-3,4,-2,2,0,0,1,-3,3,-6,5,-8,5,-10,7,-11,8,-12,8,-12,9,-13,9,-12,9,-11,8,-9,7,-8,6,-6,4,-4,3,-2,0,0,-2,2,-5,3,-8,4,-10,5,-13,7,-15,7,-18,0,0,0,0,0,0,0,0,0,0]"""
662,"CSI_DATA,661,8c:90:2d:97:93:77,-51,11,1,7,1,0,1,0,1,0,1,-97,0,2,1,11144377,0,83,1,128,0,""[0,0,0,0,0,0,0,0,0,0,0,0,4,-3,5,-3,6,-4,7,-4,8,-4,8,-4,8,-4,7,-4,7,-4,6,-4,5,-4,4,-3,2,-3,0,-2,-2,-2,-4,-2,-6,-1,-8,0,-10,1,-11,1,-13,2,-14,2,-14,2,-14,2,-14,1,-12,1,0,0,-8,0,-6,-1,-2,-2,0,-2,3,-3,6,-3,9,-4,10,-4,12,-4,13,-5,14,-5,14,-5,13,-5,12,-5,10,-4,8,-4,7,-3,4,-2,1,-1,-1,0,-4,3,-6,5,-8,7,-11,9,-12,11,-14,12,0,0,0,0,0,0,0,0,0,0]"""
663,"CSI_DATA,662,8c:90:2d:97:93:77,-52,11,1,7,1,0,1,0,1,0,1,-97,0,2,1,11154394,0,83,1,128,0,""[0,0,0,0,0,0,0,0,0,0,0,0,4,-2,5,-3,6,-3,7,-3,8,-3,8,-3,8,-3,8,-3,7,-3,6,-3,5,-3,4,-3,2,-2,0,-2,-2,-2,-4,-2,-6,-1,-8,-1,-10,0,-12,0,-13,0,-14,1,-15,0,-14,1,-14,0,-12,0,0,0,-8,-1,-6,-1,-3,-2,0,-2,3,-2,6,-3,9,-3,11,-3,12,-3,14,-3,14,-4,15,-4,14,-4,13,-4,11,-3,9,-3,7,-2,4,-2,1,-1,-2,0,-4,2,-6,5,-9,6,-11,8,-14,10,-15,11,0,0,0,0,0,0,0,0,0,0]"""
664,"CSI_DATA,663,8c:90:2d:97:93:77,-52,11,1,7,1,0,1,0,1,0,1,-97,0,2,1,11164378,0,83,1,128,0,""[0,0,0,0,0,0,0,0,0,0,0,0,-2,-5,-1,-7,-1,-8,-1,-9,-1,-10,-1,-10,-1,-10,-1,-10,-1,-9,-1,-8,-1,-7,-1,-6,-2,-4,-2,-2,-3,1,-4,2,-4,4,-5,6,-5,8,-6,10,-6,11,-6,12,-7,12,-7,12,-7,11,-7,10,0,0,-5,6,-4,3,-2,1,-1,-1,1,-4,3,-7,5,-9,6,-10,7,-12,8,-13,8,-13,8,-13,8,-13,7,-12,6,-11,4,-9,4,-7,2,-5,1,-2,-1,0,-2,4,-4,7,-5,10,-6,13,-7,15,-8,17,0,0,0,0,0,0,0,0,0,0]"""
665,"CSI_DATA,664,8c:90:2d:97:93:77,-52,11,1,7,1,0,1,0,1,0,0,-97,0,2,1,11175013,0,83,1,128,0,""[0,0,0,0,0,0,0,0,0,0,0,0,-1,5,-1,6,-1,7,-2,8,-3,9,-3,9,-3,9,-3,8,-2,8,-2,7,-2,6,-1,5,0,3,1,1,2,-1,3,-2,5,-4,6,-6,6,-8,7,-9,8,-10,9,-11,9,-11,10,-11,9,-10,9,-9,0,0,6,-5,4,-3,2,-1,-1,1,-3,3,-6,4,-8,6,-10,7,-11,8,-12,9,-13,9,-13,9,-13,9,-12,8,-10,7,-9,6,-7,4,-4,3,-1,1,0,-1,3,-4,5,-6,6,-9,9,-11,11,-13,13,-15,0,0,0,0,0,0,0,0,0,0]"""
666,"CSI_DATA,665,8c:90:2d:97:93:77,-52,11,1,7,1,0,1,0,1,0,0,-97,0,2,1,11184332,0,83,1,128,0,""[0,0,0,0,0,0,0,0,0,0,0,0,3,3,4,4,5,5,5,6,5,6,6,7,5,7,5,6,5,5,5,5,4,3,3,3,2,1,2,0,0,-2,-1,-4,-3,-6,-4,-7,-5,-8,-7,-10,-8,-11,-8,-12,-9,-12,-9,-12,-8,-12,-7,-11,0,0,-4,-7,-3,-5,-1,-4,2,-1,3,1,5,4,7,5,9,7,10,8,11,9,12,9,12,9,12,8,11,7,9,6,7,5,6,4,3,2,1,1,-3,0,-5,-1,-8,-1,-11,-1,-14,-2,-17,-2,-20,-2,0,0,0,0,0,0,0,0,0,0]"""
667,"CSI_DATA,666,8c:90:2d:97:93:77,-52,11,1,7,1,0,1,0,1,0,0,-97,0,2,1,11194537,0,83,1,128,0,""[0,0,0,0,0,0,0,0,0,0,0,0,3,3,4,4,4,5,4,6,5,6,5,7,5,7,4,6,4,6,4,5,3,4,3,3,2,1,1,0,0,-2,-1,-4,-2,-6,-4,-7,-4,-9,-6,-10,-6,-11,-7,-12,-8,-12,-8,-12,-7,-12,-6,-11,0,0,-3,-8,-2,-6,0,-3,2,-1,3,2,4,4,6,6,7,8,8,9,9,10,10,10,10,10,10,10,9,9,7,8,6,6,5,5,2,3,0,1,-2,0,-5,-1,-8,-3,-10,-3,-13,-4,-16,-5,-19,-5,0,0,0,0,0,0,0,0,0,0]"""
668,"CSI_DATA,667,8c:90:2d:97:93:77,-52,11,1,7,1,0,1,0,1,0,0,-97,0,2,1,11204550,0,83,1,128,0,""[0,0,0,0,0,0,0,0,0,0,0,0,-1,4,0,6,-1,7,-2,8,-1,9,-2,8,-1,8,-1,8,-1,8,-1,7,0,6,-1,4,0,2,1,0,1,-2,2,-3,2,-5,2,-8,2,-9,2,-11,2,-12,2,-13,3,-14,3,-14,3,-13,3,-12,0,0,3,-8,2,-5,1,-2,1,1,0,4,0,6,0,9,-1,11,0,13,-1,14,-1,15,-1,15,-1,14,0,12,0,12,0,9,0,7,-1,4,-1,2,-2,-1,-3,-4,-4,-7,-5,-10,-7,-13,-9,-15,-10,-16,0,0,0,0,0,0,0,0,0,0]"""
669,"CSI_DATA,668,8c:90:2d:97:93:77,-52,11,1,7,1,0,1,0,1,0,0,-97,0,2,1,11217726,0,83,1,128,0,""[0,0,0,0,0,0,0,0,0,0,0,0,3,-2,4,-2,5,-3,7,-3,7,-3,7,-3,8,-3,7,-3,6,-3,6,-3,5,-2,3,-2,1,-2,0,-2,-1,-1,-3,-1,-5,-1,-7,-1,-9,-1,-11,0,-12,0,-13,-1,-13,0,-14,0,-13,-1,-12,-1,0,0,-7,-1,-5,-1,-2,-1,0,0,3,0,5,0,8,0,10,0,12,0,13,0,14,1,14,1,13,0,12,0,10,0,8,0,6,0,3,0,0,0,-1,0,-5,0,-7,0,-10,0,-13,0,-16,1,-19,1,0,0,0,0,0,0,0,0,0,0]"""
670,"CSI_DATA,669,8c:90:2d:97:93:77,-52,11,1,7,1,0,1,0,1,0,0,-97,0,2,1,11224425,0,83,1,128,0,""[0,0,0,0,0,0,0,0,0,0,0,0,-3,2,-5,3,-6,3,-6,4,-7,4,-8,3,-7,3,-7,3,-6,3,-6,3,-5,2,-4,2,-2,1,0,1,1,0,3,0,4,0,6,0,8,0,10,-1,11,-1,12,-1,13,-1,13,-1,12,0,11,0,0,0,6,0,4,0,1,0,-1,0,-3,0,-6,0,-9,0,-11,0,-13,0,-15,0,-15,0,-15,0,-14,0,-13,0,-11,0,-9,0,-7,0,-4,0,0,0,0,0,3,-1,6,-2,9,-3,11,-4,15,-5,17,-5,0,0,0,0,0,0,0,0,0,0]"""
671,"CSI_DATA,670,8c:90:2d:97:93:77,-52,11,1,7,1,0,1,0,1,0,0,-97,0,2,1,11234523,0,83,1,128,0,""[0,0,0,0,0,0,0,0,0,0,0,0,-5,-1,-7,-2,-8,-2,-9,-2,-9,-2,-10,-2,-9,-2,-9,-2,-9,-2,-8,-2,-7,-1,-5,-1,-4,0,-2,0,1,1,3,2,4,2,6,2,9,2,10,2,12,3,12,3,13,3,13,3,12,3,11,3,0,0,7,2,4,2,1,2,-2,1,-5,1,-8,1,-10,1,-12,1,-14,0,-15,1,-16,1,-16,1,-15,1,-14,1,-12,2,-10,1,-8,0,-5,0,-3,-1,0,-2,3,-4,5,-6,8,-8,10,-10,12,-11,14,-13,0,0,0,0,0,0,0,0,0,0]"""
672,"CSI_DATA,671,8c:90:2d:97:93:77,-52,11,1,7,1,0,1,0,1,0,0,-97,0,2,1,11244392,0,83,1,128,0,""[0,0,0,0,0,0,0,0,0,0,0,0,-5,-1,-6,-1,-8,-1,-9,-1,-10,-1,-10,-2,-10,-1,-9,-1,-9,-1,-8,-1,-7,0,-6,0,-4,0,-2,1,1,1,3,1,5,1,7,1,9,1,11,1,12,1,13,1,13,1,14,1,13,1,11,1,0,0,7,1,4,1,2,1,-1,1,-5,2,-7,2,-10,2,-12,2,-13,2,-15,3,-16,3,-15,3,-15,3,-14,3,-12,3,-10,2,-8,1,-5,1,-3,0,0,-2,2,-4,4,-7,7,-9,9,-11,10,-13,12,-14,0,0,0,0,0,0,0,0,0,0]"""
673,"CSI_DATA,672,8c:90:2d:97:93:77,-52,11,1,7,1,0,1,0,1,0,0,-97,0,2,1,11254531,0,83,1,128,0,""[0,0,0,0,0,0,0,0,0,0,0,0,0,3,0,5,0,6,0,7,0,7,0,8,0,8,0,7,0,6,0,6,0,5,0,3,0,1,0,0,0,-1,0,-3,1,-5,1,-7,1,-8,1,-10,1,-11,1,-12,1,-13,1,-13,1,-12,1,-11,0,0,1,-7,1,-4,1,-1,1,0,0,3,0,5,0,8,0,10,0,12,0,13,0,13,0,14,0,13,0,12,0,10,0,8,0,5,0,3,0,1,-1,0,-2,-3,-3,-6,-5,-9,-6,-11,-8,-13,-9,-15,0,0,0,0,0,0,0,0,0,0]"""
674,"CSI_DATA,673,8c:90:2d:97:93:77,-52,11,1,7,1,0,1,0,1,0,0,-97,0,2,1,11264428,0,83,1,128,0,""[0,0,0,0,0,0,0,0,0,0,0,0,-5,-1,-7,-1,-8,-2,-9,-2,-10,-2,-9,-2,-10,-2,-9,-2,-8,-2,-8,-2,-7,-1,-5,0,-4,0,-2,1,0,1,2,2,4,2,6,3,8,3,10,3,11,3,12,3,13,3,13,3,12,4,11,3,0,0,7,2,4,2,1,2,-2,1,-5,1,-8,0,-10,0,-12,-1,-14,-1,-15,-1,-15,-1,-16,-1,-15,0,-14,0,-12,0,-10,0,-8,0,-5,0,-2,-1,1,-2,4,-3,6,-5,9,-6,11,-8,13,-9,15,-10,0,0,0,0,0,0,0,0,0,0]"""
675,"CSI_DATA,674,8c:90:2d:97:93:77,-52,11,1,7,1,0,1,0,1,0,0,-97,0,2,1,11275767,0,83,1,128,0,""[0,0,0,0,0,0,0,0,0,0,0,0,0,4,-1,6,-1,7,-1,8,-1,9,-1,8,-1,8,-1,8,-1,8,-1,7,-1,6,0,4,0,3,1,1,1,-1,2,-4,2,-5,2,-8,3,-9,3,-11,3,-12,4,-13,4,-14,4,-14,4,-13,4,-12,0,0,3,-8,2,-5,1,-2,1,1,-1,4,-1,6,-2,9,-3,11,-2,12,-3,14,-3,14,-3,14,-3,14,-3,13,-3,11,-2,9,-2,7,-1,4,-2,1,-2,-2,-2,-4,-2,-9,-3,-11,-4,-14,-5,-16,-5,-18,0,0,0,0,0,0,0,0,0,0]"""
676,"CSI_DATA,675,8c:90:2d:97:93:77,-51,11,1,7,1,0,1,0,1,0,0,-97,0,2,1,11284386,0,83,1,128,0,""[0,0,0,0,0,0,0,0,0,0,0,0,-5,-2,-7,-2,-8,-3,-8,-3,-9,-3,-9,-4,-9,-3,-9,-3,-8,-3,-8,-3,-7,-2,-5,-1,-4,-1,-2,1,0,1,2,3,4,4,6,4,7,5,8,5,10,6,11,6,11,7,12,7,11,7,9,6,0,0,5,5,3,3,0,2,-3,0,-5,-1,-7,-3,-9,-4,-11,-5,-13,-6,-14,-7,-14,-7,-14,-7,-14,-7,-13,-6,-11,-5,-9,-4,-8,-3,-4,-2,-2,-1,1,-1,4,-1,7,-1,10,0,13,-1,16,0,18,-1,0,0,0,0,0,0,0,0,0,0]"""
677,"CSI_DATA,676,8c:90:2d:97:93:77,-52,11,1,7,1,0,1,0,1,0,0,-97,0,2,1,11294420,0,83,1,128,0,""[0,0,0,0,0,0,0,0,0,0,0,0,3,3,4,4,4,5,4,6,5,7,5,7,5,7,4,7,4,6,4,5,4,4,3,3,2,1,2,-1,0,-3,-1,-4,-2,-6,-3,-8,-4,-9,-4,-11,-5,-12,-6,-13,-6,-13,-6,-13,-5,-13,-4,-12,0,0,-3,-8,-2,-6,0,-3,2,0,2,3,3,5,4,8,5,9,6,11,7,12,7,13,7,13,7,12,6,11,5,10,4,8,4,6,2,4,0,1,-2,-1,-5,-3,-6,-5,-9,-7,-11,-8,-14,-10,-16,-11,0,0,0,0,0,0,0,0,0,0]"""
678,"CSI_DATA,677,8c:90:2d:97:93:77,-52,11,1,7,1,0,1,0,1,0,0,-97,0,2,1,11304514,0,83,1,128,0,""[0,0,0,0,0,0,0,0,0,0,0,0,4,0,5,0,6,0,7,0,8,0,8,0,8,0,7,0,7,0,6,0,5,0,3,0,2,0,0,-1,0,-2,-2,-3,-3,-4,-6,-5,-7,-6,-8,-6,-9,-7,-10,-7,-11,-8,-11,-8,-10,-8,-9,-8,0,0,-5,-5,-3,-3,0,-1,0,0,2,1,4,3,5,5,7,6,9,7,10,9,10,9,10,9,10,8,8,7,8,7,6,5,5,3,2,2,0,0,-1,0,-3,-2,-6,-3,-9,-5,-11,-7,-14,-8,-16,-9,0,0,0,0,0,0,0,0,0,0]"""
679,"CSI_DATA,678,8c:90:2d:97:93:77,-52,11,1,7,1,0,1,0,1,0,0,-97,0,2,1,11314413,0,83,1,128,0,""[0,0,0,0,0,0,0,0,0,0,0,0,2,4,2,5,3,7,2,8,3,8,2,9,2,9,2,8,2,7,2,7,2,6,2,4,2,2,1,0,1,-2,2,-4,2,-6,1,-8,2,-10,2,-11,2,-13,2,-14,2,-14,2,-14,3,-13,3,-12,0,0,3,-8,1,-5,1,-2,0,1,-1,4,-2,6,-3,9,-4,10,-4,12,-5,14,-6,14,-5,14,-5,13,-5,12,-4,11,-3,9,-3,7,-2,4,-1,1,0,-1,0,-5,1,-8,1,-11,1,-15,2,-17,2,-19,0,0,0,0,0,0,0,0,0,0]"""
680,"CSI_DATA,679,8c:90:2d:97:93:77,-52,11,1,7,1,0,1,0,1,0,0,-97,0,2,1,11324411,0,83,1,128,0,""[0,0,0,0,0,0,0,0,0,0,0,0,4,-2,5,-2,7,-3,8,-3,9,-3,9,-2,8,-3,8,-3,8,-3,7,-3,6,-3,4,-2,2,-2,0,-2,-2,-2,-4,-2,-6,-1,-8,0,-10,0,-12,0,-13,1,-14,1,-15,1,-15,1,-14,0,-13,1,0,0,-8,0,-6,-1,-3,-2,0,-2,3,-3,6,-4,9,-4,10,-5,12,-5,13,-6,14,-6,14,-6,13,-6,12,-6,10,-6,9,-5,7,-4,4,-3,1,-1,-1,1,-3,3,-5,6,-7,8,-9,11,-11,13,-12,14,0,0,0,0,0,0,0,0,0,0]"""
681,"CSI_DATA,680,8c:90:2d:97:93:77,-52,11,1,7,1,0,1,0,1,0,0,-97,0,2,1,11334520,0,83,1,128,0,""[0,0,0,0,0,0,0,0,0,0,0,0,-5,-3,-6,-4,-7,-4,-8,-5,-8,-5,-8,-6,-8,-5,-8,-5,-7,-5,-7,-5,-6,-4,-5,-2,-4,-1,-2,0,-1,1,1,3,3,4,5,5,7,6,8,7,9,7,10,8,10,8,11,8,10,8,9,7,0,0,5,5,3,4,0,2,-3,0,-5,-1,-7,-3,-9,-4,-11,-5,-13,-6,-14,-6,-14,-7,-15,-6,-14,-6,-13,-5,-12,-5,-10,-4,-8,-3,-5,-2,-2,-2,1,-1,4,-1,7,-1,10,-2,13,-3,16,-3,18,-3,0,0,0,0,0,0,0,0,0,0]"""
682,"CSI_DATA,681,8c:90:2d:97:93:77,-52,11,1,7,1,0,1,0,1,0,0,-97,0,2,1,11344374,0,83,1,128,0,""[0,0,0,0,0,0,0,0,0,0,0,0,4,-2,5,-2,6,-3,7,-3,8,-3,8,-3,8,-3,8,-3,7,-3,6,-3,5,-3,4,-3,2,-2,0,-2,-2,-2,-4,-1,-6,-1,-8,0,-10,0,-11,1,-13,1,-13,2,-14,2,-14,2,-14,1,-12,1,0,0,-8,-1,-6,-1,-3,-2,0,-2,3,-3,6,-4,8,-4,10,-5,11,-6,13,-6,14,-6,13,-6,13,-6,12,-6,10,-6,8,-5,6,-3,4,-3,2,-1,-1,1,-3,3,-5,6,-7,8,-8,11,-10,13,-11,14,0,0,0,0,0,0,0,0,0,0]"""
683,"CSI_DATA,682,8c:90:2d:97:93:77,-52,11,1,7,1,0,1,0,1,0,0,-97,0,2,1,11354466,0,83,1,128,0,""[0,0,0,0,0,0,0,0,0,0,0,0,5,-2,6,-2,7,-3,8,-2,8,-2,9,-2,9,-2,8,-3,8,-2,6,-2,6,-2,4,-2,2,-2,0,-2,-2,-2,-4,-2,-6,-2,-8,-1,-10,-1,-11,-1,-13,0,-14,0,-14,0,-15,0,-14,0,-12,-1,0,0,-8,-1,-6,-2,-3,-2,1,-2,3,-2,6,-2,9,-3,11,-3,13,-3,14,-3,15,-4,15,-4,14,-4,13,-4,11,-3,9,-3,7,-2,4,-2,1,-1,-2,1,-4,2,-6,5,-9,7,-11,8,-13,10,-15,11,0,0,0,0,0,0,0,0,0,0]"""
684,"CSI_DATA,683,8c:90:2d:97:93:77,-52,11,1,7,1,0,1,0,1,0,0,-97,0,2,1,11364374,0,83,1,128,0,""[0,0,0,0,0,0,0,0,0,0,0,0,4,-2,6,-2,7,-3,8,-3,9,-3,9,-3,8,-2,8,-2,7,-3,7,-2,6,-2,4,-2,2,-2,0,-2,-2,-2,-4,-2,-6,-2,-8,-1,-10,0,-12,0,-13,0,-14,0,-14,0,-14,0,-14,0,-12,0,0,0,-9,-1,-6,-2,-3,-2,1,-2,4,-3,6,-3,9,-3,11,-3,12,-3,14,-3,15,-4,14,-4,14,-4,13,-4,11,-3,9,-3,7,-2,4,-2,1,-1,-1,1,-4,3,-6,5,-9,6,-11,8,-13,10,-15,11,0,0,0,0,0,0,0,0,0,0]"""
685,"CSI_DATA,684,8c:90:2d:97:93:77,-52,11,1,7,1,0,1,0,1,0,0,-97,0,2,1,11374597,0,83,1,128,0,""[0,0,0,0,0,0,0,0,0,0,0,0,-4,-4,-5,-5,-5,-6,-5,-7,-6,-8,-6,-8,-6,-8,-6,-8,-5,-7,-6,-6,-5,-5,-4,-4,-3,-2,-2,-1,-1,1,0,3,1,5,3,7,4,8,5,9,6,10,7,11,7,11,7,11,6,11,6,10,0,0,3,7,1,5,0,2,-3,0,-4,-2,-6,-5,-8,-6,-10,-8,-11,-9,-11,-10,-12,-11,-13,-10,-13,-10,-11,-9,-10,-8,-8,-7,-7,-5,-4,-3,-1,-2,1,-1,5,0,7,0,10,1,13,1,16,2,19,2,0,0,0,0,0,0,0,0,0,0]"""
686,"CSI_DATA,685,8c:90:2d:97:93:77,-52,11,1,7,1,0,1,0,1,0,0,-97,0,2,1,11384319,0,83,1,128,0,""[0,0,0,0,0,0,0,0,0,0,0,0,-5,-3,-6,-4,-7,-4,-8,-5,-9,-5,-9,-6,-8,-6,-8,-5,-8,-5,-7,-4,-7,-3,-5,-2,-4,-1,-2,0,0,2,2,3,3,4,5,5,7,6,8,6,10,7,11,8,12,8,12,8,11,8,9,7,0,0,6,5,3,4,1,2,-3,0,-5,-1,-7,-2,-10,-4,-12,-4,-14,-6,-15,-6,-16,-6,-16,-5,-16,-5,-14,-5,-12,-4,-10,-4,-8,-3,-5,-2,-2,-2,1,-1,4,-1,7,-2,10,-3,13,-4,17,-4,19,-5,0,0,0,0,0,0,0,0,0,0]"""
687,"CSI_DATA,686,8c:90:2d:97:93:77,-52,11,1,7,1,0,1,0,1,0,0,-97,0,2,1,11394425,0,83,1,128,0,""[0,0,0,0,0,0,0,0,0,0,0,0,-1,4,-2,5,-3,7,-3,7,-3,8,-3,8,-3,8,-3,8,-3,7,-2,7,-2,6,-1,4,0,2,1,1,1,-1,2,-3,2,-5,3,-7,4,-9,4,-10,4,-12,4,-13,5,-14,5,-13,5,-12,4,-11,0,0,3,-8,3,-5,1,-2,1,1,0,4,-1,6,-2,9,-2,11,-2,12,-3,14,-3,14,-3,14,-2,14,-2,13,-2,11,-2,9,-1,6,-1,4,-1,2,-2,-1,-3,-4,-3,-8,-4,-11,-5,-13,-7,-15,-8,-17,0,0,0,0,0,0,0,0,0,0]"""
688,"CSI_DATA,687,8c:90:2d:97:93:77,-52,11,1,7,1,0,1,0,1,0,0,-97,0,2,1,11404420,0,83,1,128,0,""[0,0,0,0,0,0,0,0,0,0,0,0,2,-5,3,-6,3,-7,4,-8,5,-8,5,-8,5,-8,5,-8,4,-7,4,-7,3,-6,2,-5,0,-4,-1,-2,-3,-1,-4,0,-6,2,-7,3,-8,4,-10,5,-11,6,-12,7,-12,7,-12,7,-12,6,-11,5,0,0,-7,2,-6,1,-3,-1,0,-2,3,-4,5,-5,7,-6,9,-7,10,-8,12,-8,13,-8,12,-9,12,-9,11,-8,9,-7,7,-6,6,-5,3,-3,1,-2,-2,1,-4,3,-5,6,-8,8,-9,10,-11,12,-13,14,0,0,0,0,0,0,0,0,0,0]"""
689,"CSI_DATA,688,8c:90:2d:97:93:77,-52,11,1,7,1,0,1,0,1,0,0,-97,0,2,1,11414418,0,83,1,128,0,""[0,0,0,0,0,0,0,0,0,0,0,0,-4,0,-5,1,-7,1,-7,1,-8,1,-9,1,-9,0,-8,1,-8,1,-7,1,-5,0,-4,0,-2,0,0,0,0,0,2,1,4,0,6,0,8,0,9,0,11,0,12,0,12,0,12,0,12,0,10,1,0,0,6,1,4,0,0,0,-1,0,-3,0,-6,0,-9,0,-11,-1,-12,-1,-14,-2,-15,-2,-14,-1,-14,-1,-13,-1,-11,-1,-9,-1,-7,0,-4,0,-1,0,0,0,3,0,5,-1,9,-2,12,-2,15,-2,17,-2,0,0,0,0,0,0,0,0,0,0]"""
690,"CSI_DATA,689,8c:90:2d:97:93:77,-52,11,1,7,1,0,1,0,1,0,0,-97,0,2,1,11424371,0,83,1,128,0,""[0,0,0,0,0,0,0,0,0,0,0,0,-5,1,-6,2,-7,2,-8,2,-9,2,-9,2,-9,3,-8,3,-8,3,-7,2,-6,2,-5,2,-3,1,-1,1,1,0,3,0,5,-1,6,-2,8,-3,10,-4,11,-4,12,-5,12,-5,12,-5,12,-4,11,-4,0,0,7,-2,4,-1,2,1,0,1,-3,3,-5,5,-8,6,-9,6,-10,8,-12,8,-12,9,-12,9,-12,9,-10,8,-9,7,-7,6,-6,4,-4,3,-2,1,-1,-2,0,-5,2,-9,2,-11,3,-14,4,-16,4,-18,0,0,0,0,0,0,0,0,0,0]"""
691,"CSI_DATA,690,8c:90:2d:97:93:77,-52,11,1,7,1,0,1,0,1,0,0,-97,0,2,1,11435830,0,83,1,128,0,""[0,0,0,0,0,0,0,0,0,0,0,0,2,3,3,5,4,5,4,7,4,7,4,7,4,7,4,7,4,6,4,5,4,4,3,3,2,1,1,0,0,-2,-2,-4,-3,-6,-4,-7,-5,-8,-6,-10,-8,-10,-8,-11,-8,-12,-8,-12,-8,-11,-7,-10,0,0,-4,-7,-2,-5,-1,-3,2,-1,4,1,5,3,7,4,9,6,11,7,12,8,12,8,12,8,12,7,11,6,10,5,7,4,6,3,3,2,1,1,-2,0,-6,0,-8,0,-11,1,-14,1,-17,1,-19,1,0,0,0,0,0,0,0,0,0,0]"""
692,"CSI_DATA,691,8c:90:2d:97:93:77,-52,11,1,7,1,0,1,0,1,0,0,-97,0,2,1,11444460,0,83,1,128,0,""[0,0,0,0,0,0,0,0,0,0,0,0,3,3,4,5,4,5,5,6,5,7,5,7,5,7,5,6,5,6,5,5,4,4,3,3,2,1,1,0,0,-2,-1,-4,-3,-6,-4,-7,-5,-9,-6,-10,-7,-11,-8,-12,-8,-12,-8,-12,-7,-12,-6,-11,0,0,-4,-8,-2,-6,-1,-3,2,-1,3,1,5,4,6,6,8,7,10,9,10,10,10,10,11,10,11,10,10,9,8,7,7,6,6,4,3,3,0,1,-3,0,-5,-1,-8,-2,-11,-3,-14,-3,-17,-4,-19,-4,0,0,0,0,0,0,0,0,0,0]"""
693,"CSI_DATA,692,8c:90:2d:97:93:77,-52,11,1,7,1,0,1,0,1,0,0,-97,0,2,1,11454367,0,83,1,128,0,""[0,0,0,0,0,0,0,0,0,0,0,0,2,4,3,5,3,6,3,7,4,8,4,8,4,8,4,7,4,7,4,6,3,5,2,3,2,2,1,0,0,-2,-1,-4,-2,-6,-3,-8,-4,-9,-5,-11,-6,-11,-6,-12,-6,-14,-7,-13,-6,-13,-5,-12,0,0,-3,-8,-2,-6,0,-3,2,-1,3,2,4,4,6,7,7,8,9,10,9,11,9,11,10,12,10,10,9,9,8,8,6,6,5,5,2,3,0,2,-3,0,-6,-2,-8,-3,-11,-3,-14,-4,-17,-4,-19,-5,0,0,0,0,0,0,0,0,0,0]"""
694,"CSI_DATA,693,8c:90:2d:97:93:77,-52,11,1,7,1,0,1,0,1,0,0,-97,0,2,1,11464455,0,83,1,128,0,""[0,0,0,0,0,0,0,0,0,0,0,0,1,4,0,6,0,7,0,8,0,8,0,8,0,9,0,8,0,7,0,7,0,6,1,4,1,2,1,1,1,-1,2,-3,2,-5,2,-8,2,-9,3,-11,3,-12,3,-13,3,-14,3,-13,4,-13,4,-12,0,0,3,-7,2,-5,1,-2,0,1,-1,4,-2,6,-2,9,-3,10,-4,12,-4,13,-4,14,-4,14,-4,14,-4,12,-3,11,-3,9,-2,6,-2,4,-1,1,-1,-2,-1,-5,-1,-8,-1,-11,-2,-14,-2,-17,-3,-19,0,0,0,0,0,0,0,0,0,0]"""
695,"CSI_DATA,694,8c:90:2d:97:93:77,-52,11,1,7,1,0,1,0,1,0,0,-97,0,2,1,11474516,0,83,1,128,0,""[0,0,0,0,0,0,0,0,0,0,0,0,2,4,2,5,3,6,3,7,3,8,3,8,3,8,3,7,3,7,3,6,2,5,2,4,2,2,1,0,1,-2,0,-4,0,-6,-1,-8,-1,-10,-2,-11,-2,-12,-2,-13,-3,-14,-2,-14,-2,-14,-1,-12,0,0,0,-8,0,-5,1,-2,1,0,1,3,1,6,2,9,2,10,3,12,3,14,3,14,3,14,3,13,3,12,2,11,2,9,2,6,0,4,-1,1,-2,-1,-4,-4,-5,-7,-7,-9,-8,-12,-10,-13,-11,-15,0,0,0,0,0,0,0,0,0,0]"""
696,"CSI_DATA,695,8c:90:2d:97:93:77,-52,11,1,7,1,0,1,0,1,0,0,-97,0,2,1,11484316,0,83,1,128,0,""[0,0,0,0,0,0,0,0,0,0,0,0,4,-1,6,-2,7,-2,8,-1,9,-1,9,-1,9,-1,9,-1,8,-1,7,-1,6,-1,4,-2,3,-2,1,-2,-1,-2,-4,-2,-6,-3,-8,-3,-10,-3,-11,-3,-13,-3,-14,-3,-14,-4,-14,-4,-14,-4,-12,-4,0,0,-8,-3,-5,-3,-2,-2,1,-1,3,-1,6,0,9,1,11,1,13,2,14,2,15,2,15,2,14,2,13,2,11,1,9,1,7,0,4,0,1,0,-2,0,-5,0,-8,1,-11,2,-14,2,-17,3,-19,3,0,0,0,0,0,0,0,0,0,0]"""
697,"CSI_DATA,696,8c:90:2d:97:93:77,-52,11,1,7,1,0,1,0,1,0,0,-97,0,2,1,11494332,0,83,1,128,0,""[0,0,0,0,0,0,0,0,0,0,0,0,3,0,5,0,6,0,6,1,7,1,8,1,7,1,7,1,7,1,6,0,5,0,4,0,2,0,0,-1,0,-2,-1,-3,-3,-4,-5,-5,-6,-6,-8,-7,-9,-7,-10,-8,-10,-8,-10,-9,-9,-8,-8,-8,0,0,-4,-5,-3,-4,0,-2,0,0,2,1,4,3,6,4,7,6,9,7,9,8,10,9,10,9,9,8,9,8,7,6,6,5,4,3,2,2,0,0,-1,0,-4,-2,-6,-3,-9,-4,-11,-6,-14,-7,-16,-8,0,0,0,0,0,0,0,0,0,0]"""
698,"CSI_DATA,697,8c:90:2d:97:93:77,-52,11,1,7,1,0,1,0,1,0,0,-97,0,2,1,11504467,0,83,1,128,0,""[0,0,0,0,0,0,0,0,0,0,0,0,4,-2,6,-3,7,-3,8,-3,9,-3,9,-2,9,-3,8,-2,8,-2,7,-2,6,-2,4,-2,3,-2,1,-2,-2,-2,-4,-3,-6,-3,-8,-2,-10,-2,-12,-2,-13,-2,-14,-2,-14,-3,-14,-3,-14,-4,-12,-3,0,0,-8,-3,-5,-3,-2,-2,1,-1,4,-1,7,0,9,1,11,1,13,2,14,2,15,3,15,2,14,2,13,2,11,1,9,1,7,0,4,0,1,0,-2,0,-6,0,-8,0,-11,1,-14,1,-17,1,-20,2,0,0,0,0,0,0,0,0,0,0]"""
699,"CSI_DATA,698,8c:90:2d:97:93:77,-52,11,1,7,1,0,1,0,1,0,0,-97,0,2,1,11514384,0,83,1,128,0,""[0,0,0,0,0,0,0,0,0,0,0,0,0,-4,0,-6,0,-7,0,-8,0,-9,0,-9,0,-9,0,-8,0,-8,0,-7,0,-6,0,-5,-1,-3,-1,-1,-2,0,-2,1,-2,3,-2,6,-3,8,-3,9,-2,10,-3,11,-3,12,-3,12,-3,11,-4,10,0,0,-3,6,-2,3,-1,0,0,-1,0,-4,0,-7,0,-9,1,-11,0,-13,1,-13,1,-14,1,-15,1,-14,0,-13,0,-12,0,-9,0,-7,0,-4,0,-1,0,0,0,3,0,7,1,9,1,12,2,14,3,17,0,0,0,0,0,0,0,0,0,0]"""
700,"CSI_DATA,699,8c:90:2d:97:93:77,-52,11,1,7,1,0,1,0,1,0,0,-97,0,2,1,11524375,0,83,1,128,0,""[0,0,0,0,0,0,0,0,0,0,0,0,-5,-3,-6,-3,-7,-4,-8,-5,-8,-5,-9,-5,-8,-5,-8,-5,-8,-5,-7,-4,-7,-3,-5,-2,-4,-1,-2,0,0,1,1,3,3,4,5,5,6,5,8,6,9,7,10,7,10,8,11,8,10,8,8,7,0,0,5,5,3,4,0,2,-2,0,-5,-1,-7,-3,-9,-4,-11,-5,-13,-6,-14,-7,-14,-7,-14,-7,-14,-6,-13,-6,-11,-5,-9,-5,-8,-4,-4,-2,-2,-2,1,-1,4,-1,7,-1,10,-1,13,-1,16,-2,18,-2,0,0,0,0,0,0,0,0,0,0]"""
701,"CSI_DATA,700,8c:90:2d:97:93:77,-52,11,1,7,1,0,1,0,1,0,0,-97,0,2,1,11534426,0,83,1,128,0,""[0,0,0,0,0,0,0,0,0,0,0,0,-3,-5,-4,-6,-4,-7,-4,-8,-4,-8,-4,-9,-5,-9,-4,-9,-4,-8,-4,-7,-4,-6,-3,-5,-3,-3,-2,-1,-2,1,-1,3,0,5,0,7,1,8,2,10,2,11,2,13,3,13,2,13,2,13,2,11,0,0,0,8,-1,5,-2,2,-3,-1,-2,-4,-3,-7,-4,-9,-4,-11,-5,-13,-5,-15,-5,-15,-6,-15,-6,-14,-5,-13,-5,-12,-4,-10,-4,-7,-2,-5,-1,-3,2,0,3,2,5,6,7,7,9,10,11,11,13,13,0,0,0,0,0,0,0,0,0,0]"""
702,"CSI_DATA,701,8c:90:2d:97:93:77,-52,11,1,7,1,0,1,0,1,0,0,-97,0,2,1,11544413,0,83,1,128,0,""[0,0,0,0,0,0,0,0,0,0,0,0,-3,-5,-4,-6,-5,-7,-5,-8,-5,-8,-5,-8,-5,-9,-5,-8,-5,-7,-5,-7,-5,-6,-4,-4,-3,-3,-2,-1,-1,1,0,3,1,5,3,7,4,8,4,9,5,10,6,11,6,12,7,12,6,11,5,10,0,0,3,7,1,5,-1,2,-3,0,-4,-3,-6,-5,-8,-7,-9,-9,-10,-10,-11,-11,-12,-11,-12,-11,-12,-10,-11,-9,-9,-8,-8,-7,-7,-5,-4,-4,-1,-2,1,-1,4,0,7,1,10,1,13,2,17,2,18,3,0,0,0,0,0,0,0,0,0,0]"""
703,"CSI_DATA,702,8c:90:2d:97:93:77,-52,11,1,7,1,0,1,0,1,0,0,-97,0,2,1,11554398,0,83,1,128,0,""[0,0,0,0,0,0,0,0,0,0,0,0,-5,-2,-7,-2,-8,-2,-9,-3,-9,-3,-9,-3,-9,-3,-9,-3,-8,-3,-8,-3,-7,-2,-5,-1,-4,-1,-2,0,0,1,2,2,4,3,6,4,8,4,9,4,11,5,12,5,12,5,13,5,12,5,10,5,0,0,6,4,4,3,1,2,-2,0,-5,0,-7,-1,-10,-2,-12,-3,-14,-3,-15,-3,-16,-3,-16,-3,-16,-3,-14,-2,-12,-2,-10,-2,-8,-2,-5,-1,-2,-1,1,-1,4,-2,6,-3,9,-5,12,-6,15,-6,18,-7,0,0,0,0,0,0,0,0,0,0]"""
704,"CSI_DATA,703,8c:90:2d:97:93:77,-52,11,1,7,1,0,1,0,1,0,0,-97,0,2,1,11564504,0,83,1,128,0,""[0,0,0,0,0,0,0,0,0,0,0,0,-3,4,-3,5,-4,6,-5,7,-5,7,-5,7,-5,7,-5,7,-4,6,-4,6,-3,5,-2,4,-1,2,0,1,1,-1,2,-3,3,-4,4,-7,5,-8,6,-9,6,-11,7,-11,7,-12,7,-12,7,-12,7,-10,0,0,5,-7,3,-4,2,-1,1,1,-1,4,-2,7,-3,9,-4,11,-4,12,-4,14,-5,14,-4,14,-4,14,-4,13,-3,11,-3,9,-2,7,-2,4,-2,1,-2,-1,-3,-5,-3,-8,-4,-11,-5,-14,-6,-16,-7,-18,0,0,0,0,0,0,0,0,0,0]"""
705,"CSI_DATA,704,8c:90:2d:97:93:77,-52,11,1,7,1,0,1,0,1,0,1,-97,0,2,1,11574727,0,83,1,128,0,""[0,0,0,0,0,0,0,0,0,0,0,0,0,-4,1,-5,1,-7,2,-7,2,-8,3,-8,2,-8,2,-8,2,-7,1,-6,1,-5,0,-4,0,-3,0,-1,-2,0,-3,0,-4,2,-5,4,-6,5,-7,7,-8,7,-8,9,-9,9,-9,9,-9,8,-8,7,0,0,-6,3,-4,1,-2,0,0,-1,1,-3,3,-5,5,-7,6,-8,7,-10,8,-11,9,-11,9,-11,9,-11,7,-10,6,-9,5,-7,3,-5,1,-3,0,-1,0,0,-1,3,-2,6,-4,9,-5,12,-6,14,-7,16,0,0,0,0,0,0,0,0,0,0]"""
706,"CSI_DATA,705,8c:90:2d:97:93:77,-52,11,1,7,1,0,1,0,1,0,1,-97,0,2,1,11584487,0,83,1,128,0,""[0,0,0,0,0,0,0,0,0,0,0,0,1,-4,2,-5,3,-6,4,-6,4,-7,4,-7,4,-7,4,-7,3,-6,3,-6,2,-5,1,-4,0,-3,0,-1,-1,0,-3,0,-5,1,-6,3,-7,4,-8,6,-9,7,-10,7,-10,8,-10,8,-10,7,-9,6,0,0,-6,3,-4,1,-2,0,0,-1,1,-4,3,-5,5,-7,6,-9,7,-10,8,-10,9,-11,9,-11,8,-11,8,-10,6,-9,5,-7,3,-5,2,-4,0,-1,0,0,-1,3,-2,6,-2,9,-3,12,-4,14,-5,17,0,0,0,0,0,0,0,0,0,0]"""
707,"CSI_DATA,706,8c:90:2d:97:93:77,-52,11,1,7,1,0,1,0,1,0,1,-97,0,2,1,11594462,0,83,1,128,0,""[0,0,0,0,0,0,0,0,0,0,0,0,1,4,2,5,2,6,2,7,2,8,2,9,2,8,2,8,2,7,2,7,2,5,2,4,1,2,1,0,0,-2,0,-4,-1,-6,-2,-8,-3,-9,-3,-11,-4,-12,-5,-13,-5,-14,-5,-14,-4,-13,-4,-12,0,0,-2,-9,-1,-6,0,-3,2,0,3,2,4,5,5,7,6,9,8,10,8,11,9,12,9,12,9,11,8,10,7,9,6,7,5,5,2,3,0,1,-2,0,-5,-2,-8,-2,-11,-4,-14,-4,-16,-5,-19,-5,0,0,0,0,0,0,0,0,0,0]"""
708,"CSI_DATA,707,8c:90:2d:97:93:77,-52,11,1,7,1,0,1,0,1,0,1,-97,0,2,1,11604410,0,83,1,128,0,""[0,0,0,0,0,0,0,0,0,0,0,0,2,3,3,5,3,6,3,7,4,8,4,8,4,8,4,7,3,7,4,6,3,4,2,3,2,2,1,0,0,-2,-1,-4,-2,-6,-4,-8,-4,-9,-5,-10,-7,-11,-7,-12,-7,-13,-8,-13,-7,-12,-6,-11,0,0,-3,-8,-2,-6,0,-3,2,0,3,1,5,4,7,5,8,7,10,8,11,9,11,9,12,9,11,9,11,8,9,6,7,6,6,4,3,2,0,1,-2,0,-6,0,-8,-1,-11,-1,-14,-1,-17,-1,-20,-1,0,0,0,0,0,0,0,0,0,0]"""
709,"CSI_DATA,708,8c:90:2d:97:93:77,-52,11,1,7,1,0,1,0,1,0,1,-97,0,2,1,11617067,0,83,1,128,0,""[0,0,0,0,0,0,0,0,0,0,0,0,4,1,5,2,7,2,7,3,8,3,8,3,8,3,8,3,7,2,6,2,5,1,4,0,3,0,1,-1,-1,-2,-3,-2,-5,-3,-7,-3,-9,-4,-11,-4,-12,-4,-13,-3,-14,-3,-14,-3,-13,-4,-12,-3,0,0,-8,-3,-5,-3,-2,-3,1,-3,4,-3,6,-2,9,-3,11,-3,12,-3,14,-3,14,-4,15,-4,14,-4,13,-4,11,-4,9,-4,7,-2,4,-2,2,-1,-1,1,-3,4,-5,6,-7,9,-8,11,-9,13,-11,15,0,0,0,0,0,0,0,0,0,0]"""
710,"CSI_DATA,709,8c:90:2d:97:93:77,-52,11,1,7,1,0,1,0,1,0,1,-97,0,2,1,11624463,0,83,1,128,0,""[0,0,0,0,0,0,0,0,0,0,0,0,4,-1,6,-2,7,-2,8,-2,8,-2,8,-2,8,-2,8,-2,7,-2,6,-2,6,-2,4,-2,2,-2,0,-2,-2,-1,-4,-1,-6,0,-8,0,-10,1,-11,2,-12,2,-13,2,-14,3,-14,3,-13,2,-12,2,0,0,-8,1,-6,-1,-3,-2,-1,-3,2,-4,5,-5,7,-6,9,-7,10,-8,11,-9,12,-9,12,-10,11,-10,10,-9,8,-8,7,-7,5,-5,3,-4,2,-1,1,1,-1,4,-2,7,-3,10,-3,13,-4,15,-4,17,0,0,0,0,0,0,0,0,0,0]"""
711,"CSI_DATA,710,8c:90:2d:97:93:77,-52,11,1,7,1,0,1,0,1,0,1,-97,0,2,1,11634462,0,83,1,128,0,""[0,0,0,0,0,0,0,0,0,0,0,0,-6,0,-7,0,-9,0,-9,-1,-10,-1,-10,-1,-10,-1,-10,-1,-9,0,-8,0,-7,0,-6,0,-4,1,-2,1,1,1,3,1,5,1,7,1,9,0,11,0,12,0,14,0,14,0,14,0,14,0,12,0,0,0,8,0,5,1,2,2,-2,1,-5,2,-7,2,-10,3,-12,4,-14,4,-15,4,-16,5,-16,5,-15,5,-14,5,-12,4,-10,3,-8,2,-5,1,-3,0,0,-2,2,-4,4,-8,6,-10,8,-13,10,-15,11,-16,0,0,0,0,0,0,0,0,0,0]"""
712,"CSI_DATA,711,8c:90:2d:97:93:77,-51,11,1,7,1,0,1,0,1,0,1,-97,0,2,1,11644480,0,83,1,128,0,""[0,0,0,0,0,0,0,0,0,0,0,0,-5,0,-7,0,-8,0,-9,0,-10,-1,-10,-1,-10,-1,-9,-1,-9,0,-8,-1,-7,0,-6,0,-4,0,-2,1,0,1,3,2,4,2,7,3,8,2,10,3,11,3,12,3,13,4,13,3,12,4,11,4,0,0,7,3,4,2,1,1,-2,0,-5,0,-7,-1,-10,-2,-12,-3,-13,-3,-15,-4,-16,-4,-16,-3,-15,-3,-14,-3,-12,-2,-10,-2,-8,-2,-5,-1,-2,-1,1,-1,4,-1,7,-2,10,-3,13,-4,16,-4,19,-5,0,0,0,0,0,0,0,0,0,0]"""
713,"CSI_DATA,712,8c:90:2d:97:93:77,-52,11,1,7,1,0,1,0,1,0,1,-97,0,2,1,11654410,0,83,1,128,0,""[0,0,0,0,0,0,0,0,0,0,0,0,3,-3,5,-4,6,-5,7,-5,7,-5,8,-5,8,-5,7,-5,7,-5,6,-5,5,-4,3,-4,2,-3,0,-2,-2,-2,-4,-1,-6,0,-8,1,-10,2,-11,3,-13,3,-13,3,-13,4,-14,4,-13,3,-12,2,0,0,-8,1,-6,-1,-3,-2,0,-2,3,-3,5,-4,8,-5,10,-5,12,-6,13,-6,13,-7,14,-7,13,-7,12,-6,10,-5,8,-5,6,-3,4,-3,1,-1,-1,1,-4,3,-6,6,-8,8,-10,10,-12,11,-13,14,0,0,0,0,0,0,0,0,0,0]"""
714,"CSI_DATA,713,8c:90:2d:97:93:77,-52,11,1,7,1,0,1,0,1,0,1,-97,0,2,1,11664433,0,83,1,128,0,""[0,0,0,0,0,0,0,0,0,0,0,0,1,-5,2,-7,2,-8,3,-9,3,-9,4,-9,3,-9,3,-9,3,-8,2,-8,2,-7,1,-6,0,-4,-1,-2,-2,0,-4,1,-5,3,-6,5,-8,6,-8,8,-9,9,-10,9,-10,10,-11,10,-11,9,-9,8,0,0,-7,5,-5,2,-3,0,0,-2,2,-4,4,-6,6,-8,7,-9,8,-11,9,-11,11,-12,10,-12,10,-12,9,-11,8,-9,6,-8,5,-6,3,-4,1,-2,-1,1,-2,3,-4,7,-5,10,-7,13,-8,15,-9,18,0,0,0,0,0,0,0,0,0,0]"""
715,"CSI_DATA,714,8c:90:2d:97:93:77,-52,11,1,7,1,0,1,0,1,0,0,-97,0,2,1,11675092,0,83,1,128,0,""[0,0,0,0,0,0,0,0,0,0,0,0,0,-5,0,-7,1,-8,1,-9,2,-9,2,-10,2,-9,1,-9,2,-9,1,-8,1,-7,0,-6,-1,-4,-2,-2,-3,0,-3,1,-5,3,-5,5,-7,7,-7,8,-8,10,-8,10,-8,11,-9,11,-9,10,-8,9,0,0,-6,5,-4,2,-3,0,-1,-2,1,-4,3,-6,5,-8,6,-10,7,-11,8,-12,9,-12,9,-13,9,-12,8,-11,6,-10,5,-9,4,-6,2,-5,1,-2,-1,1,-2,3,-3,7,-4,10,-5,13,-6,14,-7,17,0,0,0,0,0,0,0,0,0,0]"""
716,"CSI_DATA,715,8c:90:2d:97:93:77,-51,11,1,7,1,0,1,0,1,0,0,-97,0,2,1,11684665,0,83,1,128,0,""[0,0,0,0,0,0,0,0,0,0,0,0,1,-5,1,-7,1,-8,3,-9,3,-9,3,-9,2,-9,2,-9,2,-8,2,-8,1,-7,1,-5,0,-4,-1,-2,-3,0,-3,2,-4,4,-5,6,-6,7,-6,9,-6,10,-7,11,-7,12,-7,11,-7,11,-7,10,0,0,-5,6,-4,3,-2,0,-2,-2,0,-5,1,-7,2,-9,3,-11,3,-13,4,-14,4,-15,4,-15,4,-15,3,-14,2,-12,2,-10,1,-7,1,-5,0,-2,1,0,1,4,1,7,2,10,3,13,3,15,4,18,0,0,0,0,0,0,0,0,0,0]"""
717,"CSI_DATA,716,8c:90:2d:97:93:77,-52,11,1,7,1,0,1,0,1,0,0,-97,0,2,1,11697832,0,83,1,128,0,""[0,0,0,0,0,0,0,0,0,0,0,0,4,-2,5,-2,7,-2,8,-2,8,-2,8,-2,9,-2,8,-2,8,-2,7,-2,6,-2,4,-2,2,-2,0,-2,-2,-2,-4,-2,-6,-1,-8,-1,-10,-1,-11,0,-13,0,-14,0,-14,0,-14,0,-14,-1,-12,0,0,0,-8,-1,-6,-2,-3,-2,0,-2,3,-3,6,-3,9,-3,11,-3,12,-4,14,-4,14,-4,14,-4,14,-5,13,-4,11,-4,8,-3,7,-2,4,-2,1,-1,-1,1,-4,3,-6,5,-8,7,-11,9,-13,10,-14,12,0,0,0,0,0,0,0,0,0,0]"""
718,"CSI_DATA,717,8c:90:2d:97:93:77,-52,11,1,7,1,0,1,0,1,0,0,-97,0,2,1,11704514,0,83,1,128,0,""[0,0,0,0,0,0,0,0,0,0,0,0,-1,-5,-2,-7,-2,-8,-1,-9,-1,-10,-1,-10,-1,-10,-1,-9,-1,-9,-1,-8,-1,-7,-2,-5,-2,-4,-2,-2,-3,1,-3,2,-3,4,-4,7,-4,8,-5,10,-5,11,-6,12,-5,13,-5,12,-6,12,-5,10,0,0,-4,6,-4,3,-2,1,-1,-2,0,-5,2,-7,3,-10,4,-11,4,-13,6,-14,6,-15,6,-15,6,-14,5,-13,4,-12,3,-10,2,-7,1,-5,0,-2,-1,1,-1,4,-2,8,-3,11,-3,14,-4,16,-4,18,0,0,0,0,0,0,0,0,0,0]"""
719,"CSI_DATA,718,8c:90:2d:97:93:77,-52,11,1,7,1,0,1,0,1,0,0,-97,0,2,1,11714450,0,83,1,128,0,""[0,0,0,0,0,0,0,0,0,0,0,0,4,-2,6,-2,7,-1,8,-1,9,-2,9,-1,9,-1,8,-1,8,-2,7,-2,6,-1,4,-2,3,-2,1,-3,-1,-3,-4,-3,-6,-3,-8,-4,-9,-4,-11,-4,-12,-4,-13,-4,-14,-5,-14,-5,-13,-5,-11,-5,0,0,-7,-4,-5,-3,-2,-2,1,-1,3,0,6,1,8,3,10,3,12,4,14,5,14,5,14,5,13,5,12,4,11,3,9,3,7,2,3,1,1,0,-3,-1,-5,-1,-8,-1,-11,-2,-14,-2,-17,-2,-19,-3,0,0,0,0,0,0,0,0,0,0]"""
720,"CSI_DATA,719,8c:90:2d:97:93:77,-52,11,1,7,1,0,1,0,1,0,0,-97,0,2,1,11724403,0,83,1,128,0,""[0,0,0,0,0,0,0,0,0,0,0,0,3,-3,4,-4,6,-5,7,-5,7,-6,7,-5,7,-6,7,-5,6,-5,5,-5,4,-4,3,-4,1,-3,0,-2,-2,-1,-4,-1,-6,0,-7,2,-9,3,-11,4,-12,5,-12,5,-13,6,-13,6,-13,4,-12,4,0,0,-8,2,-6,0,-3,-1,0,-2,3,-4,5,-5,7,-7,9,-8,10,-8,11,-9,11,-10,11,-10,11,-10,10,-9,8,-8,7,-7,5,-5,3,-4,1,-1,-1,1,-2,4,-3,7,-5,9,-6,12,-7,14,-8,18,0,0,0,0,0,0,0,0,0,0]"""
721,"CSI_DATA,720,8c:90:2d:97:93:77,-52,11,1,7,1,0,1,0,1,0,0,-97,0,2,1,11734398,0,83,1,128,0,""[0,0,0,0,0,0,0,0,0,0,0,0,-4,-4,-5,-5,-6,-5,-7,-6,-7,-7,-7,-7,-7,-7,-7,-7,-7,-6,-6,-6,-6,-4,-5,-3,-4,-2,-2,0,-1,1,1,3,2,4,4,6,6,7,7,8,8,9,9,9,9,9,9,9,9,10,8,9,0,0,4,6,2,4,0,2,-3,0,-5,-1,-7,-3,-9,-5,-11,-6,-13,-7,-14,-8,-14,-8,-14,-8,-14,-7,-13,-7,-11,-6,-9,-5,-8,-4,-5,-2,-2,-2,1,-1,5,-1,7,-2,10,-2,13,-2,16,-2,18,-2,0,0,0,0,0,0,0,0,0,0]"""
722,"CSI_DATA,721,8c:90:2d:97:93:77,-52,11,1,7,1,0,1,0,1,0,0,-97,0,2,1,11744465,0,83,1,128,0,""[0,0,0,0,0,0,0,0,0,0,0,0,-4,3,-5,4,-6,5,-7,5,-7,6,-7,6,-7,6,-7,6,-6,5,-5,5,-5,4,-4,4,-2,2,0,1,2,0,3,-2,4,-3,6,-5,7,-6,8,-7,9,-9,9,-9,10,-10,10,-10,10,-9,9,-8,0,0,6,-5,4,-3,2,-1,0,1,-2,4,-4,6,-5,8,-7,10,-7,11,-8,12,-8,13,-8,13,-8,12,-7,12,-6,10,-5,9,-4,6,-3,4,-2,1,-2,-2,-1,-5,0,-9,-1,-11,-1,-14,-2,-17,-2,-19,0,0,0,0,0,0,0,0,0,0]"""
723,"CSI_DATA,722,8c:90:2d:97:93:77,-52,11,1,7,1,0,1,0,1,0,0,-97,0,2,1,11754586,0,83,1,128,0,""[0,0,0,0,0,0,0,0,0,0,0,0,-4,-4,-5,-5,-5,-6,-6,-7,-6,-8,-6,-8,-6,-8,-6,-8,-6,-7,-5,-6,-5,-5,-4,-4,-4,-2,-2,0,-1,1,0,3,1,5,2,7,3,8,5,9,5,10,6,11,6,12,7,12,5,11,5,10,0,0,2,7,1,4,-1,2,-3,-1,-4,-3,-5,-5,-6,-8,-8,-9,-9,-11,-10,-12,-10,-12,-10,-12,-10,-12,-10,-10,-9,-9,-7,-8,-6,-6,-3,-4,-1,-2,2,-1,4,1,6,2,10,4,12,5,15,5,17,7,0,0,0,0,0,0,0,0,0,0]"""
724,"CSI_DATA,723,8c:90:2d:97:93:77,-52,11,1,7,1,0,1,0,1,0,0,-97,0,2,1,11764339,0,83,1,128,0,""[0,0,0,0,0,0,0,0,0,0,0,0,-1,-5,-1,-7,0,-8,0,-9,0,-9,0,-10,0,-10,0,-9,0,-9,-1,-8,-1,-7,-1,-5,-1,-4,-2,-2,-2,0,-2,2,-3,5,-3,7,-3,8,-3,10,-3,11,-3,13,-3,13,-4,13,-4,12,-4,11,0,0,-4,7,-3,4,-2,1,-2,-2,-1,-5,-1,-7,0,-10,0,-12,0,-14,0,-15,0,-16,0,-16,0,-15,-1,-14,-1,-12,-1,-11,-1,-8,0,-6,0,-3,1,0,2,3,3,7,4,9,5,12,7,14,8,16,0,0,0,0,0,0,0,0,0,0]"""
725,"CSI_DATA,724,8c:90:2d:97:93:77,-52,11,1,7,1,0,1,0,1,0,0,-97,0,2,1,11775239,0,83,1,128,0,""[0,0,0,0,0,0,0,0,0,0,0,0,-2,4,-2,5,-3,6,-4,7,-4,8,-5,8,-4,8,-4,8,-4,7,-3,6,-3,6,-2,4,-1,3,0,1,2,-1,3,-2,4,-4,5,-6,6,-7,7,-9,7,-10,8,-11,9,-12,8,-11,8,-10,8,-9,0,0,5,-6,4,-3,2,-1,0,1,-2,3,-4,5,-6,8,-7,9,-8,11,-9,12,-9,12,-9,12,-9,12,-8,11,-7,10,-6,8,-4,6,-3,4,-2,1,-1,-2,0,-5,1,-8,2,-11,2,-15,2,-16,3,-19,0,0,0,0,0,0,0,0,0,0]"""
726,"CSI_DATA,725,8c:90:2d:97:93:77,-52,11,1,7,1,0,1,0,1,0,0,-97,0,2,1,11784443,0,83,1,128,0,""[0,0,0,0,0,0,0,0,0,0,0,0,3,3,5,4,5,5,6,5,6,6,6,6,6,6,6,6,6,6,5,5,5,4,3,2,3,1,2,-1,0,-2,-1,-4,-3,-6,-4,-8,-5,-9,-6,-10,-7,-11,-7,-12,-8,-13,-8,-13,-7,-12,-6,-12,0,0,-4,-8,-2,-5,-1,-3,1,0,2,2,4,5,5,7,6,9,8,10,9,11,9,12,9,12,9,11,8,10,7,9,5,8,4,5,2,3,0,2,-3,-1,-5,-2,-7,-5,-10,-6,-13,-7,-15,-9,-17,-10,0,0,0,0,0,0,0,0,0,0]"""
727,"CSI_DATA,726,8c:90:2d:97:93:77,-52,11,1,7,1,0,1,0,1,0,0,-97,0,2,1,11795029,0,83,1,128,0,""[0,0,0,0,0,0,0,0,0,0,0,0,4,2,5,2,6,3,7,4,7,4,8,5,8,4,7,4,7,4,6,3,5,2,4,1,3,0,1,-1,-1,-3,-2,-4,-4,-5,-5,-7,-7,-7,-8,-9,-9,-9,-10,-10,-10,-11,-10,-10,-10,-10,-8,-10,0,0,-5,-7,-3,-5,-1,-3,1,-1,3,2,5,3,7,5,8,7,10,8,11,9,11,10,12,9,11,9,10,8,9,7,7,6,6,4,3,3,0,1,-2,-1,-5,-2,-8,-3,-11,-4,-14,-5,-17,-5,-19,-6,0,0,0,0,0,0,0,0,0,0]"""
728,"CSI_DATA,727,8c:90:2d:97:93:77,-52,11,1,7,1,0,1,0,1,0,0,-97,0,2,1,11804502,0,83,1,128,0,""[0,0,0,0,0,0,0,0,0,0,0,0,-2,-4,-3,-5,-3,-6,-3,-7,-3,-8,-4,-8,-4,-8,-3,-8,-3,-7,-3,-6,-3,-5,-2,-4,-2,-2,-2,0,-1,0,0,2,0,4,0,6,0,8,0,9,0,11,0,12,1,13,0,12,0,11,0,10,0,0,0,7,0,3,-1,0,-1,0,-1,-3,-1,-7,-1,-9,-2,-11,-2,-13,-2,-14,-2,-15,-2,-14,-2,-14,-3,-13,-2,-11,-2,-9,-1,-7,0,-4,0,-1,0,0,1,2,2,6,4,8,6,11,7,13,8,15,0,0,0,0,0,0,0,0,0,0]"""
729,"CSI_DATA,728,8c:90:2d:97:93:77,-52,11,1,7,1,0,1,0,1,0,0,-97,0,2,1,11814491,0,83,1,128,0,""[0,0,0,0,0,0,0,0,0,0,0,0,-5,0,-7,0,-8,-1,-9,-1,-9,-1,-10,-1,-10,-2,-10,-2,-9,-1,-8,-1,-7,0,-5,0,-4,0,-2,1,0,2,2,2,4,3,6,4,8,4,9,5,10,5,11,6,12,6,12,5,11,6,10,6,0,0,6,4,3,3,1,1,-2,0,-4,-1,-7,-3,-9,-4,-11,-5,-12,-7,-13,-7,-14,-7,-14,-7,-14,-7,-13,-7,-11,-6,-9,-5,-7,-4,-4,-3,-2,-2,1,-1,4,0,7,1,10,2,12,2,16,2,18,3,0,0,0,0,0,0,0,0,0,0]"""
730,"CSI_DATA,729,8c:90:2d:97:93:77,-52,11,1,7,1,0,1,0,1,0,0,-97,0,2,1,11825049,0,83,1,128,0,""[0,0,0,0,0,0,0,0,0,0,0,0,-4,3,-5,4,-6,4,-7,5,-7,5,-7,5,-7,5,-7,5,-7,5,-6,4,-5,4,-4,3,-2,2,-1,1,1,0,3,-1,4,-2,6,-4,7,-5,9,-6,9,-7,10,-8,11,-9,10,-8,10,-7,10,-7,0,0,7,-4,4,-2,2,0,0,1,-3,3,-5,5,-7,7,-8,8,-9,9,-10,11,-10,11,-10,11,-10,11,-9,10,-7,9,-7,8,-5,5,-3,3,-3,1,-1,-2,0,-5,1,-8,1,-11,2,-14,2,-16,2,-18,0,0,0,0,0,0,0,0,0,0]"""
731,"CSI_DATA,730,8c:90:2d:97:93:77,-52,11,1,7,1,0,1,0,1,0,0,-97,0,2,1,11834448,0,83,1,128,0,""[0,0,0,0,0,0,0,0,0,0,0,0,4,-2,6,-2,7,-2,8,-2,8,-2,8,-2,8,-2,8,-2,7,-2,7,-2,5,-2,4,-2,2,-2,1,-2,-2,-1,-4,-1,-6,-1,-8,-1,-10,0,-11,0,-13,1,-14,1,-14,1,-14,1,-14,1,-12,1,0,0,-8,0,-6,-1,-3,-2,0,-2,3,-3,6,-4,8,-5,10,-5,12,-6,12,-6,13,-6,13,-7,13,-7,11,-6,10,-6,8,-5,6,-4,4,-3,1,-1,-1,1,-3,3,-5,6,-6,9,-8,11,-9,13,-11,15,0,0,0,0,0,0,0,0,0,0]"""
732,"CSI_DATA,731,8c:90:2d:97:93:77,-52,11,1,7,1,0,1,0,1,0,0,-97,0,2,1,11845523,0,83,1,128,0,""[0,0,0,0,0,0,0,0,0,0,0,0,3,-4,4,-5,5,-6,6,-6,6,-6,7,-6,6,-6,6,-6,6,-6,5,-5,4,-5,3,-4,1,-3,0,-2,-2,-1,-4,0,-6,1,-7,3,-9,4,-10,5,-11,6,-12,6,-12,7,-12,6,-12,6,-11,5,0,0,-8,3,-5,1,-3,-1,-1,-2,2,-4,5,-6,6,-7,8,-8,9,-9,10,-10,10,-11,10,-11,10,-10,9,-10,8,-9,6,-8,5,-5,3,-4,1,-2,0,1,-2,4,-3,7,-4,10,-5,12,-6,15,-7,17,0,0,0,0,0,0,0,0,0,0]"""
733,"CSI_DATA,732,8c:90:2d:97:93:77,-52,11,1,7,1,0,1,0,1,0,0,-97,0,2,1,11854399,0,83,1,128,0,""[0,0,0,0,0,0,0,0,0,0,0,0,-5,2,-6,3,-7,3,-8,3,-9,4,-9,4,-9,4,-8,4,-8,4,-7,3,-6,3,-5,3,-3,2,-1,1,1,0,3,0,5,-1,7,-2,8,-3,10,-4,11,-5,12,-5,12,-6,13,-6,12,-5,11,-5,0,0,7,-2,5,-1,2,0,-1,1,-4,3,-6,4,-8,5,-10,6,-11,7,-13,8,-13,8,-13,9,-13,8,-11,8,-10,7,-8,6,-7,4,-4,3,-3,0,0,-2,1,-5,3,-8,4,-11,5,-13,6,-16,7,-17,0,0,0,0,0,0,0,0,0,0]"""
734,"CSI_DATA,733,8c:90:2d:97:93:77,-52,11,1,7,1,0,1,0,1,0,0,-97,0,2,1,11864450,0,83,1,128,0,""[0,0,0,0,0,0,0,0,0,0,0,0,-4,-3,-6,-4,-6,-5,-7,-5,-8,-6,-7,-7,-8,-6,-7,-6,-7,-6,-7,-5,-6,-4,-5,-3,-3,-1,-2,0,-1,1,1,3,3,5,4,6,5,7,6,8,8,9,8,9,9,10,9,10,8,10,7,9,0,0,4,6,2,5,0,2,-3,0,-4,-2,-6,-4,-8,-5,-10,-7,-11,-8,-13,-9,-13,-10,-12,-10,-13,-9,-12,-8,-10,-7,-8,-6,-7,-5,-4,-3,-1,-2,1,-1,5,0,7,1,10,1,13,2,16,2,18,2,0,0,0,0,0,0,0,0,0,0]"""
735,"CSI_DATA,734,8c:90:2d:97:93:77,-52,11,1,7,1,0,1,0,1,0,0,-97,0,2,1,11874511,0,83,1,128,0,""[0,0,0,0,0,0,0,0,0,0,0,0,-5,-2,-7,-2,-8,-3,-8,-3,-9,-3,-9,-4,-9,-4,-9,-3,-8,-3,-8,-3,-7,-2,-5,-1,-4,-1,-2,0,0,2,2,2,4,3,6,4,7,4,9,5,10,5,11,6,12,6,12,6,11,6,10,6,0,0,6,4,4,3,1,2,-2,0,-5,-1,-7,-2,-10,-3,-11,-4,-13,-4,-15,-5,-15,-5,-15,-5,-15,-4,-14,-4,-12,-3,-10,-3,-8,-2,-5,-2,-2,-1,1,-1,4,-2,7,-2,10,-3,13,-3,16,-4,18,-4,0,0,0,0,0,0,0,0,0,0]"""
736,"CSI_DATA,735,8c:90:2d:97:93:77,-52,11,1,7,1,0,1,0,1,0,0,-97,0,2,1,11884488,0,83,1,128,0,""[0,0,0,0,0,0,0,0,0,0,0,0,-3,-5,-4,-6,-3,-7,-4,-8,-4,-9,-4,-9,-4,-9,-4,-9,-4,-8,-4,-7,-3,-6,-3,-5,-3,-3,-2,-1,-2,1,-1,3,0,5,1,7,1,9,2,10,2,12,2,13,3,13,3,13,3,13,2,11,0,0,0,7,0,5,-1,2,-3,-1,-3,-4,-3,-6,-5,-9,-5,-11,-6,-13,-7,-14,-7,-14,-7,-14,-7,-14,-7,-13,-6,-11,-5,-9,-4,-7,-2,-5,0,-3,1,0,4,2,5,4,8,6,10,8,13,9,15,11,0,0,0,0,0,0,0,0,0,0]"""
737,"CSI_DATA,736,8c:90:2d:97:93:77,-52,11,1,7,1,0,1,0,1,0,0,-97,0,2,1,11894399,0,83,1,128,0,""[0,0,0,0,0,0,0,0,0,0,0,0,-4,-1,-6,-1,-6,-2,-7,-3,-8,-3,-8,-3,-8,-3,-8,-3,-7,-3,-7,-2,-6,-1,-4,-1,-3,0,-1,0,0,0,0,2,2,3,4,4,6,5,7,6,8,6,9,7,9,7,9,7,9,7,7,7,0,0,4,4,2,3,0,1,-1,0,-3,-1,-6,-3,-8,-4,-9,-5,-11,-7,-12,-7,-13,-8,-12,-8,-12,-7,-11,-7,-10,-6,-8,-5,-6,-3,-3,-2,-1,-1,0,0,3,0,6,0,9,1,12,1,15,2,17,2,0,0,0,0,0,0,0,0,0,0]"""
738,"CSI_DATA,737,8c:90:2d:97:93:77,-52,11,1,7,1,0,1,0,1,0,0,-97,0,2,1,11904454,0,83,1,128,0,""[0,0,0,0,0,0,0,0,0,0,0,0,-3,-3,-4,-4,-4,-5,-5,-6,-5,-7,-5,-7,-5,-7,-5,-7,-4,-6,-5,-5,-4,-4,-3,-3,-2,-1,-2,0,0,0,0,2,0,4,1,6,2,7,2,9,3,10,4,11,4,11,4,11,4,11,3,10,0,0,0,6,0,4,0,1,-2,0,-2,-2,-3,-6,-4,-8,-5,-10,-6,-11,-7,-12,-7,-13,-7,-13,-7,-12,-6,-11,-6,-10,-5,-8,-3,-6,-1,-4,0,-2,0,0,2,1,4,4,7,5,9,7,12,9,13,10,0,0,0,0,0,0,0,0,0,0]"""
739,"CSI_DATA,738,8c:90:2d:97:93:77,-52,11,1,7,1,0,1,0,1,0,0,-97,0,2,1,11914471,0,83,1,128,0,""[0,0,0,0,0,0,0,0,0,0,0,0,-2,-4,-2,-5,-2,-7,-2,-8,-3,-8,-2,-8,-2,-9,-2,-8,-2,-8,-2,-7,-2,-6,-2,-4,-2,-2,-1,0,-1,0,-1,2,0,4,0,6,0,8,0,10,0,11,0,12,0,13,0,13,0,12,0,11,0,0,-1,7,-1,3,-1,0,-1,0,0,-3,0,-6,0,-9,0,-11,0,-13,-1,-14,0,-15,-1,-15,-1,-14,0,-13,0,-12,0,-10,0,-7,0,-4,0,-2,0,0,1,3,1,6,3,9,4,11,6,14,6,16,0,0,0,0,0,0,0,0,0,0]"""
740,"CSI_DATA,739,8c:90:2d:97:93:77,-52,11,1,7,1,0,1,0,1,0,0,-97,0,2,1,11925331,0,83,1,128,0,""[0,0,0,0,0,0,0,0,0,0,0,0,-5,1,-6,1,-7,1,-8,1,-9,1,-9,1,-9,1,-9,1,-8,1,-7,1,-6,1,-5,1,-3,1,-1,1,1,0,3,0,5,0,7,-1,9,-1,10,-1,11,-1,12,-2,12,-2,13,-2,12,-2,11,-1,0,0,7,-1,5,0,2,1,-1,1,-4,2,-7,2,-9,3,-11,4,-12,4,-14,4,-14,5,-14,5,-14,5,-13,5,-11,4,-9,3,-7,2,-5,2,-2,0,0,-2,2,-4,4,-7,6,-9,7,-12,9,-14,9,-15,0,0,0,0,0,0,0,0,0,0]"""
741,"CSI_DATA,740,8c:90:2d:97:93:77,-52,11,1,7,1,0,1,0,1,0,0,-97,0,2,1,11934643,0,83,1,128,0,""[0,0,0,0,0,0,0,0,0,0,0,0,-3,4,-3,5,-4,6,-5,7,-5,7,-5,7,-5,7,-5,7,-5,7,-4,6,-3,5,-3,4,-1,3,0,1,2,-1,2,-2,3,-4,5,-6,5,-8,6,-9,7,-11,7,-12,8,-12,8,-12,8,-11,7,-10,0,0,5,-6,3,-4,2,-1,1,1,-1,4,-3,6,-4,9,-5,11,-5,12,-6,13,-5,14,-6,14,-5,14,-5,12,-4,11,-3,9,-3,6,-3,4,-2,1,-2,-2,-2,-5,-2,-9,-3,-12,-3,-14,-4,-17,-5,-19,0,0,0,0,0,0,0,0,0,0]"""
742,"CSI_DATA,741,8c:90:2d:97:93:77,-52,11,1,7,1,0,1,0,1,0,0,-97,0,2,1,11944456,0,83,1,128,0,""[0,0,0,0,0,0,0,0,0,0,0,0,0,-4,0,-6,1,-7,1,-8,2,-8,2,-8,2,-8,2,-8,1,-7,1,-6,0,-6,0,-4,0,-3,-1,-1,-1,0,-2,1,-3,3,-4,4,-5,7,-5,8,-6,9,-6,10,-6,11,-6,11,-7,10,-6,9,0,0,-4,5,-3,2,-2,0,-1,-1,0,-4,0,-6,2,-8,2,-11,2,-12,3,-13,3,-14,3,-14,3,-13,2,-13,2,-11,1,-9,0,-6,0,-4,0,-1,0,0,0,3,0,7,0,9,1,12,2,14,2,17,0,0,0,0,0,0,0,0,0,0]"""
743,"CSI_DATA,742,8c:90:2d:97:93:77,-52,11,1,7,1,0,1,0,1,0,0,-97,0,2,1,11954699,0,83,1,128,0,""[0,0,0,0,0,0,0,0,0,0,0,0,3,-3,4,-4,5,-5,6,-5,7,-6,7,-5,7,-6,7,-6,6,-5,5,-5,4,-5,3,-4,2,-3,0,-2,-2,-1,-4,0,-5,1,-7,2,-9,3,-11,4,-11,5,-12,6,-13,6,-13,6,-12,5,-11,5,0,0,-8,2,-6,0,-3,-1,0,-2,2,-4,5,-5,7,-7,8,-8,9,-9,11,-10,11,-10,11,-10,11,-10,10,-9,8,-9,7,-7,5,-5,3,-4,1,-2,0,1,-2,4,-4,7,-4,10,-6,13,-6,15,-7,17,0,0,0,0,0,0,0,0,0,0]"""
744,"CSI_DATA,743,8c:90:2d:97:93:77,-52,11,1,7,1,0,1,0,1,0,0,-97,0,2,1,11964542,0,83,1,128,0,""[0,0,0,0,0,0,0,0,0,0,0,0,-6,-1,-7,-1,-8,-1,-9,-2,-10,-2,-10,-2,-10,-2,-9,-2,-9,-2,-8,-1,-7,-1,-5,0,-4,0,-2,1,0,1,2,2,4,3,6,4,8,4,9,5,10,6,11,6,12,6,12,6,11,6,10,6,0,0,6,4,3,3,1,1,-3,0,-4,-2,-7,-4,-9,-5,-11,-6,-13,-7,-14,-7,-14,-8,-14,-8,-14,-7,-13,-7,-11,-6,-9,-5,-7,-4,-4,-3,-1,-2,1,-1,4,0,7,1,10,1,13,2,16,3,19,3,0,0,0,0,0,0,0,0,0,0]"""
745,"CSI_DATA,744,8c:90:2d:97:93:77,-52,11,1,7,1,0,1,0,1,0,0,-97,0,2,1,11975026,0,83,1,128,0,""[0,0,0,0,0,0,0,0,0,0,0,0,-1,4,-2,6,-2,7,-3,8,-3,8,-3,9,-3,9,-2,8,-2,8,-2,7,-1,6,-1,5,0,3,1,1,1,-1,2,-3,3,-5,4,-7,4,-9,4,-10,5,-12,5,-13,6,-13,5,-13,6,-12,5,-11,0,0,4,-7,3,-4,1,-2,1,1,-1,4,-2,7,-3,9,-4,11,-4,12,-5,14,-5,14,-5,14,-5,14,-4,12,-3,11,-3,9,-2,6,-2,4,-1,2,-1,-2,-1,-5,-2,-8,-2,-12,-2,-15,-3,-17,-4,-19,0,0,0,0,0,0,0,0,0,0]"""
746,"CSI_DATA,745,8c:90:2d:97:93:77,-52,11,1,7,1,0,1,0,1,0,0,-97,0,2,1,11984526,0,83,1,128,0,""[0,0,0,0,0,0,0,0,0,0,0,0,2,3,3,5,4,5,3,7,4,7,4,8,4,8,4,7,4,7,4,6,3,5,3,4,2,2,1,0,1,-2,0,-4,-1,-6,-2,-8,-3,-10,-3,-11,-4,-12,-4,-13,-5,-14,-5,-14,-4,-13,-3,-12,0,0,-2,-9,-1,-5,0,-2,1,0,2,3,2,6,3,8,4,10,5,12,5,13,6,14,6,14,6,13,5,12,4,10,4,9,3,6,1,4,0,2,-3,-1,-4,-3,-6,-6,-8,-8,-10,-10,-13,-12,-15,-13,0,0,0,0,0,0,0,0,0,0]"""
747,"CSI_DATA,746,8c:90:2d:97:93:77,-52,11,1,7,1,0,1,0,1,0,0,-97,0,2,1,11996497,0,83,1,128,0,""[0,0,0,0,0,0,0,0,0,0,0,0,-1,4,-2,5,-2,7,-3,7,-3,8,-3,8,-3,8,-3,8,-3,7,-2,7,-2,6,-1,4,0,3,1,1,1,-1,2,-3,3,-5,3,-7,4,-9,5,-10,5,-11,5,-13,5,-14,5,-13,5,-12,5,-11,0,0,4,-8,3,-5,2,-2,1,1,-1,4,-2,6,-3,9,-3,11,-3,12,-4,14,-4,14,-4,15,-4,14,-3,13,-3,12,-2,10,-2,6,-2,4,-2,1,-2,-1,-2,-5,-2,-9,-3,-11,-4,-14,-5,-16,-6,-18,0,0,0,0,0,0,0,0,0,0]"""
748,"CSI_DATA,747,8c:90:2d:97:93:77,-51,11,1,7,1,0,1,0,1,0,0,-97,0,2,1,12004749,0,83,1,128,0,""[0,0,0,0,0,0,0,0,0,0,0,0,-5,0,-7,-1,-8,-1,-9,-1,-9,-1,-10,-1,-10,-1,-9,-1,-9,0,-8,0,-7,0,-5,0,-4,0,-2,1,1,1,2,1,5,2,7,1,9,1,10,1,12,1,13,1,13,1,13,1,13,2,11,1,0,0,7,1,4,2,1,1,-2,1,-5,2,-7,1,-10,1,-12,1,-14,1,-15,2,-16,1,-16,2,-15,2,-14,2,-12,2,-10,1,-8,0,-5,1,-3,-1,0,-2,3,-3,5,-6,7,-7,10,-9,12,-11,14,-12,0,0,0,0,0,0,0,0,0,0]"""
749,"CSI_DATA,748,8c:90:2d:97:93:77,-52,11,1,7,1,0,1,0,1,0,0,-97,0,2,1,12014417,0,83,1,128,0,""[0,0,0,0,0,0,0,0,0,0,0,0,4,-2,5,-2,7,-2,8,-2,8,-2,8,-2,8,-2,8,-2,7,-3,6,-2,6,-3,4,-2,2,-2,0,-2,-2,-2,-4,-1,-6,-1,-8,0,-10,0,-11,1,-13,1,-14,2,-14,2,-14,2,-13,1,-12,1,0,0,-8,0,-6,-1,-3,-2,0,-2,3,-3,6,-4,8,-5,10,-5,11,-6,12,-7,13,-7,13,-7,13,-7,11,-7,10,-6,8,-5,6,-4,4,-3,2,-1,-1,1,-3,3,-5,7,-6,9,-7,11,-9,13,-10,15,0,0,0,0,0,0,0,0,0,0]"""
750,"CSI_DATA,749,8c:90:2d:97:93:77,-52,11,1,7,1,0,1,0,1,0,0,-97,0,2,1,12026953,0,83,1,128,0,""[0,0,0,0,0,0,0,0,0,0,0,0,3,-5,4,-5,4,-6,5,-7,6,-7,6,-7,6,-7,6,-7,5,-7,5,-6,4,-6,2,-5,1,-4,-1,-3,-2,-1,-4,0,-6,1,-8,3,-9,3,-11,5,-12,6,-13,6,-13,6,-13,6,-13,5,-11,4,0,0,-8,2,-6,1,-3,-1,0,-2,3,-3,5,-4,8,-6,10,-6,11,-7,13,-7,14,-8,13,-8,13,-7,12,-7,10,-6,8,-6,6,-4,4,-3,1,-1,-2,1,-4,3,-6,5,-8,8,-10,10,-12,12,-14,13,0,0,0,0,0,0,0,0,0,0]"""
751,"CSI_DATA,750,8c:90:2d:97:93:77,-52,11,1,7,1,0,1,0,1,0,0,-97,0,2,1,12034576,0,83,1,128,0,""[0,0,0,0,0,0,0,0,0,0,0,0,0,-4,0,-6,0,-7,0,-8,0,-9,0,-9,0,-9,0,-8,0,-8,0,-7,0,-6,0,-5,0,-3,-1,-1,-2,0,-2,1,-3,3,-3,5,-4,7,-5,8,-5,10,-5,10,-5,11,-5,11,-6,10,-5,9,0,0,-4,5,-3,2,-1,0,0,-1,0,-4,1,-6,2,-8,3,-10,4,-12,4,-13,5,-13,5,-13,4,-13,4,-12,3,-11,2,-9,1,-6,0,-4,0,-1,0,0,0,3,0,7,0,9,-1,13,-1,15,-1,17,0,0,0,0,0,0,0,0,0,0]"""
752,"CSI_DATA,751,8c:90:2d:97:93:77,-52,11,1,7,1,0,1,0,1,0,0,-97,0,2,1,12044800,0,83,1,128,0,""[0,0,0,0,0,0,0,0,0,0,0,0,-6,-1,-7,-2,-9,-2,-9,-3,-10,-3,-10,-3,-10,-3,-10,-2,-10,-3,-9,-2,-8,-1,-6,-1,-4,0,-2,0,0,1,2,2,5,3,7,3,9,3,11,3,12,4,13,4,14,4,14,4,13,4,12,4,0,0,7,3,5,3,1,2,-2,1,-5,1,-8,0,-11,0,-13,-1,-15,-1,-17,-1,-17,-1,-18,0,-17,0,-15,0,-14,0,-11,0,-9,-1,-6,-1,-2,-1,1,-2,4,-3,7,-6,10,-7,12,-9,15,-10,17,-11,0,0,0,0,0,0,0,0,0,0]"""
753,"CSI_DATA,752,8c:90:2d:97:93:77,-52,11,1,7,1,0,1,0,1,0,0,-97,0,2,1,12054496,0,83,1,128,0,""[0,0,0,0,0,0,0,0,0,0,0,0,0,4,0,5,0,7,0,8,0,8,0,9,0,9,0,8,0,8,0,7,0,6,1,4,1,2,1,1,1,-2,1,-4,0,-6,0,-8,0,-10,0,-11,0,-13,0,-14,0,-14,-1,-14,0,-14,1,-12,0,0,1,-8,1,-5,1,-2,2,0,1,3,1,6,2,8,2,10,2,12,3,14,3,14,3,14,3,14,3,12,2,11,2,9,2,6,0,4,-1,1,-3,-1,-4,-3,-5,-6,-8,-8,-10,-10,-12,-12,-14,-13,0,0,0,0,0,0,0,0,0,0]"""
754,"CSI_DATA,753,8c:90:2d:97:93:77,-52,11,1,7,1,0,1,0,1,0,0,-97,0,2,1,12064537,0,83,1,128,0,""[0,0,0,0,0,0,0,0,0,0,0,0,0,-4,0,-6,0,-7,0,-8,0,-8,0,-9,0,-9,0,-8,0,-8,0,-7,0,-6,0,-4,-1,-2,0,-1,-1,0,-1,2,-1,4,-1,6,-1,7,-1,9,-1,10,-1,11,-1,12,0,12,-1,12,-1,10,0,0,-1,6,-1,3,-1,0,-2,-1,-1,-3,-1,-6,-1,-9,-2,-11,-2,-12,-3,-14,-2,-15,-3,-14,-3,-14,-3,-13,-2,-11,-2,-9,-2,-7,0,-5,0,-2,1,0,2,1,4,4,6,6,8,8,11,10,12,11,0,0,0,0,0,0,0,0,0,0]"""
755,"CSI_DATA,754,8c:90:2d:97:93:77,-52,11,1,7,1,0,1,0,1,0,1,-97,0,2,1,12074664,0,83,1,128,0,""[0,0,0,0,0,0,0,0,0,0,0,0,4,-2,5,-2,6,-2,8,-2,8,-2,8,-2,8,-2,8,-2,7,-3,7,-2,6,-3,4,-2,2,-2,0,-2,-2,-2,-4,-1,-6,-1,-8,0,-10,1,-11,1,-13,1,-13,2,-14,2,-14,2,-14,1,-12,1,0,0,-8,0,-6,-1,-3,-2,0,-2,3,-3,6,-4,8,-5,10,-6,11,-6,12,-6,13,-7,13,-7,13,-7,12,-7,10,-6,8,-5,6,-4,4,-3,2,-1,-1,1,-3,3,-5,6,-6,9,-8,11,-9,13,-10,15,0,0,0,0,0,0,0,0,0,0]"""
756,"CSI_DATA,755,8c:90:2d:97:93:77,-52,11,1,7,1,0,1,0,1,0,1,-97,0,2,1,12084397,0,83,1,128,0,""[0,0,0,0,0,0,0,0,0,0,0,0,-4,-4,-5,-5,-6,-6,-6,-7,-6,-8,-6,-8,-6,-8,-6,-7,-6,-7,-6,-6,-5,-5,-4,-4,-3,-2,-2,-1,-1,1,0,3,2,5,3,6,5,7,6,8,7,9,7,10,8,11,8,11,7,11,6,10,0,0,3,7,2,4,0,2,-3,0,-4,-2,-6,-4,-8,-6,-10,-8,-11,-9,-12,-10,-13,-10,-13,-10,-12,-10,-12,-9,-10,-8,-8,-7,-7,-5,-4,-3,-2,-2,2,-1,5,0,7,0,10,1,13,1,16,1,19,1,0,0,0,0,0,0,0,0,0,0]"""
757,"CSI_DATA,756,8c:90:2d:97:93:77,-52,11,1,7,1,0,1,0,1,0,1,-97,0,2,1,12094721,0,83,1,128,0,""[0,0,0,0,0,0,0,0,0,0,0,0,-5,-2,-6,-2,-7,-3,-8,-3,-9,-3,-9,-4,-9,-4,-9,-3,-8,-3,-7,-3,-7,-2,-5,-1,-4,-1,-2,0,0,1,2,2,4,3,6,3,8,4,9,4,11,5,12,5,12,5,12,5,12,5,10,5,0,0,6,4,4,3,1,2,-2,1,-5,0,-7,-1,-10,-1,-12,-2,-14,-2,-15,-2,-15,-3,-16,-2,-15,-2,-14,-2,-12,-2,-10,-1,-8,-1,-5,-1,-2,-1,1,-2,4,-3,6,-4,9,-5,12,-6,14,-7,16,-9,0,0,0,0,0,0,0,0,0,0]"""
758,"CSI_DATA,757,8c:90:2d:97:93:77,-52,11,1,7,1,0,1,0,1,0,1,-97,0,2,1,12104522,0,83,1,128,0,""[0,0,0,0,0,0,0,0,0,0,0,0,-5,1,-6,1,-7,2,-8,2,-9,2,-9,2,-9,2,-9,2,-8,2,-7,2,-7,2,-5,2,-3,1,-1,1,1,1,3,0,5,-1,7,-1,9,-2,10,-2,11,-3,12,-3,13,-4,13,-4,13,-3,11,-3,0,0,7,-1,5,0,2,1,-1,1,-4,3,-6,4,-9,4,-11,5,-12,6,-13,7,-14,7,-14,7,-13,7,-12,7,-10,6,-9,5,-7,3,-5,2,-3,0,-1,-2,1,-5,3,-8,4,-10,5,-13,6,-15,7,-17,0,0,0,0,0,0,0,0,0,0]"""
759,"CSI_DATA,758,8c:90:2d:97:93:77,-52,11,1,7,1,0,1,0,1,0,1,-97,0,2,1,12114762,0,83,1,128,0,""[0,0,0,0,0,0,0,0,0,0,0,0,-5,-2,-7,-2,-8,-2,-9,-3,-10,-3,-9,-3,-10,-3,-9,-3,-9,-3,-8,-2,-7,-2,-6,-1,-4,0,-2,1,0,2,2,2,4,3,6,4,8,4,9,5,11,5,12,5,12,6,13,5,12,6,10,5,0,0,6,4,4,3,1,2,-2,0,-5,-1,-7,-2,-9,-3,-11,-4,-13,-4,-15,-5,-15,-5,-15,-5,-15,-5,-14,-4,-12,-3,-10,-3,-8,-2,-5,-2,-2,-1,1,-1,4,-1,7,-2,10,-3,13,-3,16,-4,18,-4,0,0,0,0,0,0,0,0,0,0]"""
760,"CSI_DATA,759,8c:90:2d:97:93:77,-52,11,1,7,1,0,1,0,1,0,1,-97,0,2,1,12124974,0,83,1,128,0,""[0,0,0,0,0,0,0,0,0,0,0,0,-5,0,-6,1,-8,1,-9,1,-9,1,-10,0,-10,1,-9,1,-9,1,-8,1,-7,1,-5,1,-3,1,-1,1,1,1,3,1,5,1,7,0,9,0,10,0,12,0,13,0,13,-1,13,0,13,0,11,1,0,0,7,1,5,1,2,1,-1,1,-4,1,-7,1,-10,1,-12,1,-14,1,-15,2,-15,2,-16,2,-15,3,-14,2,-12,2,-10,1,-8,1,-5,1,-2,0,1,-2,3,-3,6,-6,8,-7,10,-9,13,-11,14,-11,0,0,0,0,0,0,0,0,0,0]"""
761,"CSI_DATA,760,8c:90:2d:97:93:77,-52,11,1,7,1,0,1,0,1,0,1,-97,0,2,1,12134284,0,83,1,128,0,""[0,0,0,0,0,0,0,0,0,0,0,0,-4,3,-5,4,-6,5,-7,5,-7,6,-8,6,-8,6,-7,6,-7,5,-6,5,-5,5,-4,4,-2,2,0,2,1,0,3,-1,5,-2,6,-3,8,-5,9,-6,10,-7,11,-7,12,-7,12,-7,12,-7,10,-6,0,0,7,-4,5,-2,2,0,-1,1,-4,3,-6,4,-8,6,-10,7,-11,8,-12,8,-13,9,-13,9,-12,9,-11,8,-10,7,-8,6,-6,4,-5,3,-2,1,0,-2,1,-5,3,-8,4,-10,6,-13,7,-15,9,-17,0,0,0,0,0,0,0,0,0,0]"""
762,"CSI_DATA,761,8c:90:2d:97:93:77,-52,11,1,7,1,0,1,0,1,0,1,-97,0,2,1,12144514,0,83,1,128,0,""[0,0,0,0,0,0,0,0,0,0,0,0,3,-5,3,-5,5,-7,6,-7,6,-8,6,-8,6,-8,6,-7,5,-7,5,-7,4,-6,2,-5,1,-4,-1,-2,-2,-1,-4,0,-5,2,-7,4,-8,5,-10,7,-11,8,-11,8,-12,9,-12,9,-12,8,-11,7,0,0,-7,4,-6,2,-3,-1,-1,-2,2,-5,4,-7,6,-9,7,-10,8,-11,10,-12,10,-13,10,-13,9,-13,9,-12,7,-11,6,-9,4,-7,3,-5,1,-2,0,1,-1,4,-3,8,-3,11,-4,14,-4,17,-4,19,0,0,0,0,0,0,0,0,0,0]"""
763,"CSI_DATA,762,8c:90:2d:97:93:77,-52,11,1,7,1,0,1,0,1,0,1,-97,0,2,1,12154532,0,83,1,128,0,""[0,0,0,0,0,0,0,0,0,0,0,0,3,-3,4,-4,6,-5,7,-5,7,-5,7,-5,7,-5,7,-5,7,-5,6,-5,5,-5,3,-4,2,-3,0,-2,-2,-1,-4,-1,-6,0,-8,1,-10,2,-11,3,-12,3,-13,4,-14,4,-14,4,-13,3,-12,3,0,0,-8,1,-6,0,-3,-2,0,-2,3,-3,5,-4,8,-5,10,-6,11,-7,13,-7,13,-7,13,-8,13,-8,12,-7,10,-6,8,-5,6,-4,4,-3,1,-1,-1,1,-3,3,-5,6,-7,8,-9,11,-11,13,-12,14,0,0,0,0,0,0,0,0,0,0]"""
764,"CSI_DATA,763,8c:90:2d:97:93:77,-51,11,1,7,1,0,1,0,1,0,1,-97,0,2,1,12164413,0,83,1,128,0,""[0,0,0,0,0,0,0,0,0,0,0,0,-3,-4,-4,-6,-4,-7,-5,-8,-5,-8,-5,-9,-5,-9,-5,-8,-5,-8,-5,-7,-4,-6,-3,-4,-3,-3,-2,-1,-2,1,0,3,1,5,2,7,2,8,3,10,3,11,4,12,5,13,5,12,4,12,3,11,0,0,1,7,0,5,-1,2,-3,-1,-3,-3,-4,-6,-5,-9,-6,-10,-7,-12,-8,-13,-8,-14,-9,-13,-9,-13,-8,-12,-7,-11,-6,-9,-5,-7,-2,-5,0,-3,1,0,4,2,6,4,8,5,11,7,14,8,16,9,0,0,0,0,0,0,0,0,0,0]"""
765,"CSI_DATA,764,8c:90:2d:97:93:77,-51,11,1,7,1,0,1,0,1,0,0,-97,0,2,1,12174567,0,83,1,128,0,""[0,0,0,0,0,0,0,0,0,0,0,0,3,3,4,4,4,5,4,6,5,7,5,7,5,7,5,7,4,6,4,6,3,4,3,3,2,2,1,0,0,-2,-1,-4,-2,-6,-3,-8,-4,-9,-5,-10,-6,-11,-6,-12,-7,-13,-7,-13,-7,-12,-6,-11,0,0,-3,-8,-2,-6,0,-3,2,0,3,2,4,5,5,7,7,8,8,10,9,11,9,11,10,11,9,10,8,10,7,8,6,7,5,5,2,3,0,1,-3,0,-5,-2,-7,-4,-10,-4,-13,-5,-16,-6,-18,-7,0,0,0,0,0,0,0,0,0,0]"""
766,"CSI_DATA,765,8c:90:2d:97:93:77,-52,11,1,7,1,0,1,0,1,0,0,-97,0,2,1,12184757,0,83,1,128,0,""[0,0,0,0,0,0,0,0,0,0,0,0,-4,-4,-4,-6,-5,-7,-5,-7,-5,-8,-5,-8,-6,-8,-5,-8,-5,-7,-5,-7,-4,-5,-4,-4,-3,-2,-2,-1,-1,1,0,3,1,5,2,7,3,8,4,9,5,10,5,12,6,12,6,12,5,12,4,11,0,0,1,7,1,4,-1,2,-3,-1,-4,-3,-5,-6,-6,-8,-7,-10,-9,-11,-10,-12,-10,-13,-10,-12,-10,-12,-9,-11,-8,-10,-7,-8,-6,-6,-3,-4,-1,-3,1,0,4,1,6,2,9,3,12,5,15,5,17,6,0,0,0,0,0,0,0,0,0,0]"""
767,"CSI_DATA,766,8c:90:2d:97:93:77,-52,11,1,7,1,0,1,0,1,0,0,-97,0,2,1,12194440,0,83,1,128,0,""[0,0,0,0,0,0,0,0,0,0,0,0,-4,0,-6,0,-7,0,-8,-1,-9,-1,-9,-1,-9,-1,-9,-1,-8,-1,-7,0,-6,0,-5,0,-3,0,-1,0,0,1,1,1,3,2,5,3,6,4,8,4,9,5,10,5,11,6,10,6,10,6,8,6,0,0,5,4,3,2,0,0,-1,0,-3,-1,-5,-3,-8,-5,-9,-6,-11,-7,-12,-8,-13,-8,-13,-8,-12,-7,-11,-7,-10,-6,-8,-5,-6,-3,-3,-2,-1,-1,0,0,3,0,6,1,9,2,12,3,14,4,17,5,0,0,0,0,0,0,0,0,0,0]"""
768,"CSI_DATA,767,8c:90:2d:97:93:77,-52,11,1,7,1,0,1,0,1,0,0,-97,0,2,1,12204499,0,83,1,128,0,""[0,0,0,0,0,0,0,0,0,0,0,0,-4,0,-6,-1,-6,-1,-7,-2,-8,-2,-8,-3,-8,-3,-8,-2,-7,-2,-7,-2,-6,-1,-4,0,-3,0,-1,0,0,0,0,2,2,3,4,4,6,4,7,5,8,6,9,7,9,7,9,7,9,7,7,7,0,0,4,4,2,2,0,1,-2,0,-3,-1,-5,-3,-7,-5,-9,-6,-10,-7,-11,-8,-12,-9,-12,-9,-11,-8,-10,-7,-9,-7,-7,-6,-6,-4,-3,-2,-1,-1,0,0,4,0,6,1,8,2,11,3,14,4,16,5,0,0,0,0,0,0,0,0,0,0]"""
769,"CSI_DATA,768,8c:90:2d:97:93:77,-52,11,1,7,1,0,1,0,1,0,0,-97,0,2,1,12214497,0,83,1,128,0,""[0,0,0,0,0,0,0,0,0,0,0,0,-1,4,-2,5,-3,6,-4,7,-4,8,-4,8,-4,8,-3,7,-3,7,-3,6,-2,5,-2,4,0,3,0,1,1,-1,2,-3,2,-5,3,-7,4,-9,4,-10,5,-11,5,-12,5,-13,5,-13,5,-13,5,-11,0,0,4,-7,2,-5,2,-2,1,1,0,4,-1,6,-2,9,-2,11,-2,13,-3,14,-2,14,-2,15,-2,14,-2,13,-1,11,-1,9,-1,7,-1,4,-2,2,-2,-1,-3,-4,-4,-7,-5,-10,-6,-13,-8,-15,-9,-17,0,0,0,0,0,0,0,0,0,0]"""
770,"CSI_DATA,769,8c:90:2d:97:93:77,-52,11,1,7,1,0,1,0,1,0,0,-97,0,2,1,12224459,0,83,1,128,0,""[0,0,0,0,0,0,0,0,0,0,0,0,3,-3,5,-4,6,-4,7,-5,7,-5,7,-5,8,-5,7,-5,6,-5,5,-4,5,-4,3,-4,2,-3,0,-2,-2,-1,-4,0,-6,1,-7,2,-9,3,-10,4,-11,5,-12,6,-12,6,-13,6,-12,5,-11,5,0,0,-8,3,-6,1,-3,-1,-1,-2,2,-4,4,-6,6,-8,7,-9,8,-10,9,-11,10,-11,10,-11,9,-11,8,-11,7,-10,6,-8,4,-6,3,-4,2,-2,0,1,-1,4,-2,7,-2,10,-3,13,-3,16,-3,17,0,0,0,0,0,0,0,0,0,0]"""
771,"CSI_DATA,770,8c:90:2d:97:93:77,-52,11,1,7,1,0,1,0,1,0,0,-97,0,2,1,12234480,0,83,1,128,0,""[0,0,0,0,0,0,0,0,0,0,0,0,3,-3,4,-4,6,-5,7,-5,7,-5,7,-5,7,-5,7,-5,6,-5,6,-5,5,-4,3,-4,1,-3,0,-2,-2,-1,-4,0,-5,1,-8,2,-9,3,-10,5,-11,5,-12,6,-13,6,-12,7,-12,6,-11,5,0,0,-8,3,-6,1,-3,-1,-1,-2,2,-4,4,-6,6,-8,7,-9,8,-10,9,-11,10,-11,10,-12,9,-11,9,-10,7,-10,6,-8,4,-6,3,-4,1,-2,0,1,-1,4,-2,8,-2,10,-3,13,-3,15,-3,18,0,0,0,0,0,0,0,0,0,0]"""
772,"CSI_DATA,771,8c:90:2d:97:93:77,-52,11,1,7,1,0,1,0,1,0,0,-97,0,2,1,12244385,0,83,1,128,0,""[0,0,0,0,0,0,0,0,0,0,0,0,2,-5,3,-5,4,-6,5,-7,6,-7,6,-7,6,-7,6,-7,5,-7,5,-6,4,-6,2,-5,1,-3,-1,-2,-3,-1,-4,0,-6,1,-7,2,-9,4,-10,4,-12,5,-12,6,-13,6,-13,6,-13,5,-11,4,0,0,-8,2,-6,1,-3,-1,0,-2,3,-3,5,-5,8,-5,9,-7,11,-7,12,-8,12,-8,13,-8,12,-8,11,-7,9,-7,8,-5,6,-4,3,-3,1,-1,-1,1,-3,3,-6,6,-8,8,-9,10,-11,11,-13,13,0,0,0,0,0,0,0,0,0,0]"""
773,"CSI_DATA,772,8c:90:2d:97:93:77,-52,11,1,7,1,0,1,0,1,0,0,-97,0,2,1,12255061,0,83,1,128,0,""[0,0,0,0,0,0,0,0,0,0,0,0,-5,0,-6,0,-7,0,-8,0,-9,0,-9,0,-9,0,-8,0,-8,0,-7,0,-6,0,-4,0,-3,0,-1,0,0,0,1,1,4,1,6,1,7,1,9,2,10,2,11,2,12,2,12,2,11,2,10,2,0,0,6,1,3,1,0,1,-1,0,-4,0,-6,0,-9,0,-11,-1,-13,-1,-14,-1,-15,-1,-15,-1,-14,0,-13,-1,-11,0,-9,0,-7,0,-4,0,-1,0,0,0,3,-1,5,-2,8,-3,11,-4,14,-5,16,-6,0,0,0,0,0,0,0,0,0,0]"""
774,"CSI_DATA,773,8c:90:2d:97:93:77,-51,11,1,7,1,0,1,0,1,0,0,-97,0,2,1,12264384,0,83,1,128,0,""[0,0,0,0,0,0,0,0,0,0,0,0,-1,4,-1,6,-2,7,-2,7,-2,8,-2,9,-2,8,-2,8,-2,8,-1,7,-1,6,0,4,0,3,0,0,1,-1,1,-4,1,-6,1,-8,0,-10,1,-11,0,-12,0,-13,-1,-14,-1,-14,0,-14,0,-12,0,0,1,-9,1,-6,1,-3,2,0,2,3,3,6,4,8,4,10,5,11,6,12,6,13,6,13,7,12,6,11,5,10,4,8,3,6,1,4,-1,2,-3,0,-5,-2,-8,-3,-10,-4,-13,-5,-16,-6,-18,-6,0,0,0,0,0,0,0,0,0,0]"""
775,"CSI_DATA,774,8c:90:2d:97:93:77,-52,11,1,7,1,0,1,0,1,0,0,-97,0,2,1,12274427,0,83,1,128,0,""[0,0,0,0,0,0,0,0,0,0,0,0,-2,-5,-3,-6,-4,-7,-4,-8,-4,-9,-4,-9,-4,-9,-4,-8,-4,-8,-4,-7,-4,-6,-3,-4,-3,-3,-2,-1,-1,1,0,3,1,5,2,6,3,8,4,9,5,10,6,11,6,12,6,11,6,11,5,10,0,0,2,7,1,5,-1,3,-3,0,-5,-2,-6,-4,-8,-6,-9,-8,-11,-9,-12,-10,-12,-9,-13,-9,-12,-9,-12,-8,-10,-7,-9,-6,-7,-5,-4,-3,-2,-2,1,-2,5,-1,7,-1,10,-1,13,-2,16,-2,18,-2,0,0,0,0,0,0,0,0,0,0]"""
776,"CSI_DATA,775,8c:90:2d:97:93:77,-52,11,1,7,1,0,1,0,1,0,0,-97,0,2,1,12284386,0,83,1,128,0,""[0,0,0,0,0,0,0,0,0,0,0,0,0,3,0,5,0,6,-1,7,-1,7,-1,8,-1,8,0,7,0,7,0,6,0,5,0,3,0,2,0,0,0,0,0,-2,1,-4,1,-7,2,-8,2,-10,2,-12,2,-12,2,-13,3,-13,2,-12,2,-11,0,0,2,-7,1,-4,0,-1,0,0,0,3,0,6,0,8,0,10,0,12,0,13,0,14,0,14,0,13,0,12,0,11,0,8,0,6,0,3,0,1,-1,0,-2,-3,-3,-6,-4,-10,-5,-12,-7,-14,-8,-16,0,0,0,0,0,0,0,0,0,0]"""
777,"CSI_DATA,776,8c:90:2d:97:93:77,-52,11,1,7,1,0,1,0,1,0,0,-97,0,2,1,12294366,0,83,1,128,0,""[0,0,0,0,0,0,0,0,0,0,0,0,-3,4,-4,5,-5,6,-5,6,-6,7,-6,7,-6,7,-6,7,-5,6,-5,6,-4,5,-3,4,-1,3,0,1,2,0,3,-1,5,-2,6,-4,7,-6,9,-7,9,-8,10,-9,11,-9,11,-8,11,-8,10,-7,0,0,6,-4,4,-2,2,-1,-1,1,-3,3,-6,4,-8,6,-9,7,-10,8,-12,8,-12,9,-13,9,-12,9,-11,8,-10,7,-8,6,-6,4,-4,2,-2,1,0,-1,2,-4,4,-7,5,-10,7,-13,8,-15,9,-16,0,0,0,0,0,0,0,0,0,0]"""
778,"CSI_DATA,777,8c:90:2d:97:93:77,-52,11,1,7,1,0,1,0,1,0,0,-97,0,2,1,12304436,0,83,1,128,0,""[0,0,0,0,0,0,0,0,0,0,0,0,3,1,4,2,5,2,6,3,6,3,6,4,6,4,6,3,6,3,5,2,4,2,3,1,2,0,0,0,0,-2,-1,-3,-2,-5,-4,-6,-5,-7,-6,-8,-7,-9,-8,-10,-8,-10,-8,-10,-7,-10,-6,-9,0,0,-3,-7,-2,-4,0,-2,1,0,1,1,3,3,5,5,6,7,8,8,8,10,9,10,9,10,8,10,8,9,7,7,5,6,4,4,1,2,0,0,-2,0,-4,-1,-6,-3,-9,-5,-11,-6,-15,-7,-17,-8,0,0,0,0,0,0,0,0,0,0]"""
779,"CSI_DATA,778,8c:90:2d:97:93:77,-52,11,1,7,1,0,1,0,1,0,0,-97,0,2,1,12314407,0,83,1,128,0,""[0,0,0,0,0,0,0,0,0,0,0,0,-5,-1,-7,-2,-8,-2,-9,-2,-9,-3,-10,-3,-10,-3,-9,-3,-9,-2,-8,-2,-7,-2,-6,-1,-4,0,-2,1,0,1,2,2,4,3,6,4,8,4,10,4,11,5,12,5,12,6,12,6,12,6,10,6,0,0,6,4,4,3,1,2,-2,0,-5,-1,-7,-2,-9,-3,-12,-4,-14,-5,-15,-5,-15,-6,-16,-5,-15,-5,-14,-4,-12,-4,-10,-3,-8,-3,-5,-2,-2,-2,2,-1,4,-1,7,-1,10,-2,13,-2,16,-2,19,-3,0,0,0,0,0,0,0,0,0,0]"""
780,"CSI_DATA,779,8c:90:2d:97:93:77,-52,11,1,7,1,0,1,0,1,0,0,-97,0,2,1,12324342,0,83,1,128,0,""[0,0,0,0,0,0,0,0,0,0,0,0,2,-4,4,-6,4,-6,5,-7,6,-7,6,-7,6,-7,6,-7,5,-7,5,-6,4,-6,2,-5,1,-3,-1,-3,-3,-1,-4,0,-6,1,-8,3,-9,4,-10,5,-11,6,-12,7,-12,7,-12,7,-12,6,-11,5,0,0,-8,3,-5,1,-3,-1,0,-2,2,-4,5,-5,7,-7,9,-8,10,-9,11,-9,12,-10,12,-10,11,-10,11,-9,9,-8,7,-7,5,-5,3,-4,1,-1,-1,1,-3,4,-4,7,-6,9,-7,12,-9,14,-9,16,0,0,0,0,0,0,0,0,0,0]"""
781,"CSI_DATA,780,8c:90:2d:97:93:77,-52,11,1,7,1,0,1,0,1,0,0,-97,0,2,1,12334373,0,83,1,128,0,""[0,0,0,0,0,0,0,0,0,0,0,0,-4,-3,-5,-5,-6,-5,-7,-6,-7,-7,-7,-7,-7,-7,-7,-7,-7,-6,-6,-6,-5,-5,-5,-3,-4,-2,-3,0,-1,2,0,3,1,5,2,7,3,8,4,9,5,11,5,11,6,12,6,12,6,12,4,11,0,0,2,7,1,4,-1,2,-3,-1,-3,-4,-4,-6,-5,-9,-6,-11,-7,-12,-8,-13,-8,-14,-8,-13,-8,-13,-8,-12,-7,-11,-6,-9,-4,-7,-3,-5,-1,-2,1,0,3,2,5,5,7,7,10,8,13,10,14,12,0,0,0,0,0,0,0,0,0,0]"""
782,"CSI_DATA,781,8c:90:2d:97:93:77,-52,11,1,7,1,0,1,0,1,0,0,-97,0,2,1,12344443,0,83,1,128,0,""[0,0,0,0,0,0,0,0,0,0,0,0,-4,2,-6,3,-7,3,-8,4,-9,4,-9,4,-9,4,-8,4,-8,4,-7,3,-6,3,-5,3,-3,2,-1,1,1,1,3,0,6,0,7,-1,9,-2,10,-3,12,-4,13,-4,13,-4,13,-4,13,-3,11,-3,0,0,7,-1,5,0,2,1,-1,1,-4,2,-7,2,-10,3,-12,4,-13,4,-14,5,-15,5,-15,5,-15,5,-14,4,-12,4,-10,3,-8,2,-5,1,-2,0,1,-2,3,-4,5,-6,7,-8,9,-10,11,-12,13,-13,0,0,0,0,0,0,0,0,0,0]"""
783,"CSI_DATA,782,8c:90:2d:97:93:77,-52,11,1,7,1,0,1,0,1,0,0,-97,0,2,1,12357120,0,83,1,128,0,""[0,0,0,0,0,0,0,0,0,0,0,0,0,-4,0,-6,0,-7,0,-8,0,-9,0,-9,0,-9,0,-8,0,-8,0,-7,0,-6,0,-4,-1,-3,-1,-1,-2,0,-1,1,-2,3,-2,5,-3,7,-3,9,-3,10,-4,11,-4,12,-4,12,-4,11,-3,10,0,0,-3,5,-3,3,-1,0,-1,-1,0,-4,0,-7,1,-9,1,-11,1,-12,2,-14,2,-14,2,-14,1,-14,1,-13,1,-11,1,-9,0,-6,0,-4,0,-2,0,0,0,3,0,6,0,9,0,12,1,14,2,17,0,0,0,0,0,0,0,0,0,0]"""
784,"CSI_DATA,783,8c:90:2d:97:93:77,-52,11,1,7,1,0,1,0,1,0,0,-97,0,2,1,12364517,0,83,1,128,0,""[0,0,0,0,0,0,0,0,0,0,0,0,-1,-5,0,-6,0,-8,0,-9,0,-9,1,-10,0,-10,0,-9,0,-9,-1,-8,0,-7,-1,-5,-1,-4,-2,-2,-2,1,-3,2,-3,5,-3,6,-4,9,-4,10,-4,11,-4,12,-4,13,-4,13,-4,12,-4,11,0,0,-4,7,-3,4,-2,1,-2,-2,-1,-5,0,-7,0,-10,0,-12,0,-14,0,-15,0,-16,0,-16,0,-15,0,-14,0,-12,0,-11,-1,-8,0,-5,0,-3,1,1,2,3,3,7,4,9,5,12,7,14,8,16,0,0,0,0,0,0,0,0,0,0]"""
785,"CSI_DATA,784,8c:90:2d:97:93:77,-52,11,1,7,1,0,1,0,1,0,0,-97,0,2,1,12374596,0,83,1,128,0,""[0,0,0,0,0,0,0,0,0,0,0,0,-1,4,-1,6,-1,7,-2,8,-2,8,-2,9,-2,9,-2,8,-1,8,-1,7,-1,6,0,5,0,2,0,1,1,-1,2,-3,2,-6,2,-7,3,-9,4,-11,4,-12,4,-13,4,-14,4,-14,4,-13,4,-12,0,0,3,-8,2,-5,2,-2,1,1,0,4,-1,7,-2,9,-2,11,-2,13,-3,14,-3,15,-3,15,-3,14,-3,13,-2,12,-2,9,-1,7,-1,4,-2,1,-2,-1,-2,-4,-2,-9,-4,-11,-5,-14,-6,-16,-6,-18,0,0,0,0,0,0,0,0,0,0]"""
786,"CSI_DATA,785,8c:90:2d:97:93:77,-52,11,1,7,1,0,1,0,1,0,0,-97,0,2,1,12384781,0,83,1,128,0,""[0,0,0,0,0,0,0,0,0,0,0,0,4,0,5,1,7,0,8,1,8,1,8,1,9,1,8,1,8,1,7,0,6,0,4,-1,3,-1,1,-1,-1,-2,-3,-3,-5,-3,-7,-3,-9,-3,-11,-3,-12,-3,-13,-3,-14,-3,-14,-3,-13,-4,-12,-3,0,0,-8,-3,-5,-3,-2,-3,1,-2,3,-2,6,-2,9,-2,11,-1,12,-2,14,-2,14,-2,15,-2,14,-3,13,-2,11,-2,9,-2,7,-1,4,-1,2,-1,-1,1,-4,3,-6,5,-9,7,-10,9,-13,10,-15,11,0,0,0,0,0,0,0,0,0,0]"""
787,"CSI_DATA,786,8c:90:2d:97:93:77,-52,11,1,7,1,0,1,0,1,0,0,-97,0,2,1,12394374,0,83,1,128,0,""[0,0,0,0,0,0,0,0,0,0,0,0,-4,2,-6,2,-7,3,-8,3,-9,3,-9,3,-9,3,-8,3,-8,3,-7,3,-6,3,-4,2,-3,1,-1,1,1,0,3,0,5,-1,7,-2,9,-3,10,-4,11,-4,12,-5,12,-5,12,-6,12,-4,11,-4,0,0,7,-2,5,-1,2,0,-1,2,-4,3,-6,4,-8,5,-10,6,-11,7,-12,7,-13,8,-13,9,-12,8,-12,7,-10,7,-8,6,-7,4,-4,2,-2,0,0,-2,1,-5,3,-8,4,-10,5,-13,6,-15,7,-18,0,0,0,0,0,0,0,0,0,0]"""
788,"CSI_DATA,787,8c:90:2d:97:93:77,-52,11,1,7,1,0,1,0,1,0,0,-97,0,2,1,12404401,0,83,1,128,0,""[0,0,0,0,0,0,0,0,0,0,0,0,-2,4,-2,5,-2,7,-3,7,-3,8,-3,8,-3,8,-3,8,-3,7,-2,7,-2,6,-1,4,0,3,1,1,1,-1,2,-3,3,-5,3,-7,3,-9,4,-10,4,-12,4,-13,4,-14,5,-14,5,-12,4,-11,0,0,3,-7,3,-5,1,-2,1,1,0,4,-1,6,-1,9,-2,11,-2,12,-2,14,-2,15,-2,14,-2,14,-2,13,-2,11,-1,9,-1,7,-2,4,-2,2,-2,-1,-3,-4,-4,-8,-5,-10,-6,-13,-7,-15,-9,-17,0,0,0,0,0,0,0,0,0,0]"""
789,"CSI_DATA,788,8c:90:2d:97:93:77,-52,11,1,7,1,0,1,0,1,0,0,-97,0,2,1,12414504,0,83,1,128,0,""[0,0,0,0,0,0,0,0,0,0,0,0,3,-1,5,-1,6,-1,7,-1,7,0,8,0,8,0,7,0,7,0,6,-1,5,0,3,-1,2,-1,0,-1,0,-2,-3,-2,-5,-2,-7,-2,-8,-3,-10,-3,-11,-3,-12,-3,-13,-4,-13,-4,-12,-4,-11,-4,0,0,-6,-3,-4,-2,-1,-1,0,0,2,0,5,0,8,1,10,2,11,2,13,3,13,3,13,3,12,3,12,2,10,2,8,2,6,0,3,0,0,0,-1,0,-4,0,-7,0,-10,0,-13,0,-16,0,-18,0,0,0,0,0,0,0,0,0,0,0]"""
790,"CSI_DATA,789,8c:90:2d:97:93:77,-52,11,1,7,1,0,1,0,1,0,0,-97,0,2,1,12424403,0,83,1,128,0,""[0,0,0,0,0,0,0,0,0,0,0,0,-1,3,-1,5,-2,6,-2,7,-2,7,-3,7,-2,7,-2,7,-2,6,-1,6,-1,5,0,4,0,2,0,0,1,0,2,-1,3,-3,4,-6,4,-7,5,-8,6,-10,6,-10,7,-11,7,-11,7,-10,6,-9,0,0,4,-5,3,-3,1,0,0,0,-1,3,-3,4,-5,7,-6,8,-6,9,-8,11,-8,11,-8,11,-8,11,-7,10,-6,9,-4,7,-4,5,-2,3,-1,0,0,-1,0,-4,0,-7,1,-10,2,-14,3,-15,3,-17,0,0,0,0,0,0,0,0,0,0]"""
791,"CSI_DATA,790,8c:90:2d:97:93:77,-52,11,1,7,1,0,1,0,1,0,0,-97,0,2,1,12434452,0,83,1,128,0,""[0,0,0,0,0,0,0,0,0,0,0,0,-2,-5,-3,-6,-3,-8,-3,-9,-4,-9,-3,-9,-3,-9,-4,-9,-3,-8,-4,-7,-3,-6,-3,-5,-3,-3,-2,-1,-2,1,-1,3,0,5,1,7,1,9,2,10,3,12,3,12,3,14,3,13,3,13,2,11,0,0,0,7,0,5,-2,2,-3,-1,-3,-3,-5,-6,-5,-9,-6,-11,-8,-12,-8,-13,-8,-14,-8,-14,-8,-13,-8,-12,-7,-11,-6,-9,-5,-7,-3,-5,-1,-3,2,0,4,1,6,3,9,5,11,6,15,7,17,8,0,0,0,0,0,0,0,0,0,0]"""
792,"CSI_DATA,791,8c:90:2d:97:93:77,-52,11,1,7,1,0,1,0,1,0,0,-97,0,2,1,12444387,0,83,1,128,0,""[0,0,0,0,0,0,0,0,0,0,0,0,4,2,5,3,6,4,6,4,7,5,7,5,7,5,7,4,7,4,6,3,5,3,4,1,3,0,1,-1,-1,-2,-3,-3,-4,-5,-6,-6,-8,-6,-9,-7,-11,-7,-12,-8,-13,-8,-12,-8,-12,-8,-11,-7,0,0,-7,-6,-4,-5,-2,-3,1,-1,4,-1,6,0,9,1,11,1,13,2,14,2,15,2,15,2,15,2,13,1,11,1,9,1,7,1,4,0,1,1,-2,1,-5,2,-8,4,-10,5,-12,6,-15,8,-17,9,0,0,0,0,0,0,0,0,0,0]"""
793,"CSI_DATA,792,8c:90:2d:97:93:77,-52,11,1,7,1,0,1,0,1,0,0,-97,0,2,1,12454739,0,83,1,128,0,""[0,0,0,0,0,0,0,0,0,0,0,0,-1,4,-2,6,-2,7,-3,7,-3,8,-3,8,-2,8,-2,8,-2,7,-2,7,-1,6,-1,4,0,3,1,1,1,-1,1,-4,2,-6,2,-8,2,-9,2,-11,2,-12,2,-13,3,-14,2,-14,3,-13,3,-12,0,0,2,-8,2,-5,2,-2,1,0,1,3,1,6,0,9,1,10,1,12,1,14,1,15,1,15,2,14,2,12,2,11,1,9,1,7,0,4,-1,2,-3,-1,-4,-4,-5,-6,-8,-8,-10,-10,-12,-12,-14,-13,0,0,0,0,0,0,0,0,0,0]"""
794,"CSI_DATA,793,8c:90:2d:97:93:77,-52,11,1,7,1,0,1,0,1,0,0,-97,0,2,1,12464496,0,83,1,128,0,""[0,0,0,0,0,0,0,0,0,0,0,0,1,3,1,4,1,5,1,7,1,7,1,7,1,8,1,7,1,6,1,6,1,5,1,3,1,1,1,0,0,-1,0,-3,0,-5,0,-7,0,-9,0,-10,0,-12,0,-13,0,-14,0,-13,0,-13,0,-12,0,0,0,-8,0,-4,0,-1,0,0,0,3,0,5,0,8,0,10,0,12,0,13,0,14,0,14,0,13,0,12,0,11,0,9,0,6,0,3,0,1,-1,0,-2,-3,-3,-7,-4,-10,-6,-12,-7,-14,-8,-16,0,0,0,0,0,0,0,0,0,0]"""
795,"CSI_DATA,794,8c:90:2d:97:93:77,-51,11,1,7,1,0,1,0,1,0,0,-97,0,2,1,12475076,0,83,1,128,0,""[0,0,0,0,0,0,0,0,0,0,0,0,-4,-4,-5,-5,-5,-6,-6,-7,-6,-7,-6,-7,-7,-7,-7,-6,-7,-6,-6,-5,-5,-4,-4,-3,-3,-2,-2,-1,0,1,1,2,3,3,5,4,7,5,8,5,10,6,10,6,11,6,11,6,11,7,10,6,0,0,6,4,3,4,0,3,-2,1,-5,1,-8,0,-10,0,-12,0,-13,0,-15,0,-15,0,-16,0,-15,1,-14,1,-12,1,-10,0,-8,0,-5,0,-3,-1,0,-2,2,-4,5,-7,7,-9,8,-11,10,-13,11,-15,0,0,0,0,0,0,0,0,0,0]"""
796,"CSI_DATA,795,8c:90:2d:97:93:77,-51,11,1,7,1,0,1,0,1,0,0,-97,0,2,1,12484531,0,83,1,128,0,""[0,0,0,0,0,0,0,0,0,0,0,0,-4,-4,-5,-5,-6,-6,-6,-7,-6,-7,-7,-7,-7,-7,-7,-7,-6,-7,-6,-6,-5,-5,-4,-4,-3,-2,-2,-1,-1,1,1,3,3,4,4,6,5,6,7,7,8,8,9,9,9,9,10,9,9,9,8,8,0,0,5,6,2,4,0,3,-3,0,-5,-1,-7,-3,-9,-4,-11,-5,-13,-6,-15,-7,-16,-7,-16,-6,-16,-6,-14,-6,-13,-5,-10,-4,-8,-3,-5,-2,-2,-2,1,-2,4,-2,6,-2,10,-3,14,-4,17,-5,19,-6,0,0,0,0,0,0,0,0,0,0]"""
797,"CSI_DATA,796,8c:90:2d:97:93:77,-51,11,1,7,1,0,1,0,1,0,0,-97,0,2,1,12494409,0,83,1,128,0,""[0,0,0,0,0,0,0,0,0,0,0,0,-5,1,-7,0,-8,1,-9,1,-9,1,-10,1,-10,1,-9,1,-9,1,-8,1,-7,1,-5,1,-3,1,-2,1,1,0,3,0,5,-1,7,-1,8,-2,11,-2,11,-3,13,-3,14,-3,14,-3,14,-3,11,-2,0,0,8,-1,5,0,2,1,-1,1,-4,3,-6,4,-9,5,-10,6,-13,7,-14,7,-14,8,-14,8,-14,8,-13,8,-10,7,-8,6,-7,4,-5,2,-3,0,-1,-2,1,-5,2,-8,3,-11,4,-15,5,-17,5,-19,0,0,0,0,0,0,0,0,0,0]"""
798,"CSI_DATA,797,8c:90:2d:97:93:77,-52,11,1,7,1,0,1,0,1,0,0,-97,0,2,1,12504670,0,83,1,128,0,""[0,0,0,0,0,0,0,0,0,0,0,0,3,-4,4,-5,5,-5,6,-6,7,-6,7,-6,7,-6,7,-6,6,-6,6,-5,4,-5,3,-4,2,-3,0,-3,-2,-2,-5,-1,-6,0,-8,1,-10,1,-11,2,-13,3,-13,3,-14,3,-14,3,-14,2,-12,2,0,0,-8,0,-6,0,-3,-1,1,-2,3,-2,6,-3,8,-3,11,-3,12,-3,14,-4,15,-4,14,-4,14,-4,13,-4,11,-4,9,-3,7,-3,4,-2,1,-1,-2,0,-5,1,-7,3,-10,5,-13,6,-15,7,-17,8,0,0,0,0,0,0,0,0,0,0]"""
799,"CSI_DATA,798,8c:90:2d:97:93:77,-52,11,1,7,1,0,1,0,1,0,0,-97,0,2,1,12514423,0,83,1,128,0,""[0,0,0,0,0,0,0,0,0,0,0,0,3,0,5,1,5,1,6,2,7,3,7,3,7,3,7,2,6,2,6,2,4,1,3,0,2,0,1,0,0,-2,-1,-3,-3,-4,-4,-6,-5,-7,-7,-8,-8,-9,-8,-9,-9,-10,-9,-10,-8,-10,-7,-9,0,0,-4,-6,-2,-4,0,-2,0,0,2,1,3,3,5,6,6,7,7,8,8,9,8,10,9,10,8,10,8,9,6,8,5,6,4,4,1,2,0,0,-1,0,-4,-2,-5,-4,-9,-5,-11,-7,-14,-9,-15,-10,0,0,0,0,0,0,0,0,0,0]"""
800,"CSI_DATA,799,8c:90:2d:97:93:77,-52,11,1,7,1,0,1,0,1,0,0,-97,0,2,1,12524465,0,83,1,128,0,""[0,0,0,0,0,0,0,0,0,0,0,0,-3,-5,-3,-6,-4,-7,-4,-8,-4,-9,-4,-9,-4,-9,-4,-9,-4,-8,-4,-7,-4,-6,-3,-5,-3,-3,-3,-1,-1,1,-1,3,0,5,1,7,1,8,2,10,3,11,3,12,3,13,4,13,3,12,2,11,0,0,1,7,0,5,-1,2,-3,-1,-3,-3,-4,-6,-5,-9,-6,-10,-7,-12,-8,-13,-8,-14,-8,-13,-8,-13,-8,-12,-7,-11,-5,-9,-5,-7,-2,-5,-1,-3,2,0,4,2,6,4,9,5,11,7,14,8,16,9,0,0,0,0,0,0,0,0,0,0]"""
801,"CSI_DATA,800,8c:90:2d:97:93:77,-52,11,1,7,1,0,1,0,1,0,0,-97,0,2,1,12534361,0,83,1,128,0,""[0,0,0,0,0,0,0,0,0,0,0,0,3,3,4,4,4,5,5,6,5,7,5,7,5,7,5,6,5,6,5,5,4,4,3,2,2,1,1,-1,0,-2,-2,-4,-3,-5,-5,-7,-6,-8,-7,-9,-9,-10,-9,-11,-10,-11,-10,-11,-9,-11,-8,-10,0,0,-5,-7,-3,-5,-1,-4,2,-1,4,0,6,2,8,3,10,5,11,5,13,6,14,6,14,6,13,5,13,4,10,4,9,3,7,3,4,1,1,1,-2,1,-5,1,-8,2,-11,3,-13,4,-17,4,-19,5,0,0,0,0,0,0,0,0,0,0]"""
802,"CSI_DATA,801,8c:90:2d:97:93:77,-52,11,1,7,1,0,1,0,1,0,0,-97,0,2,1,12544431,0,83,1,128,0,""[0,0,0,0,0,0,0,0,0,0,0,0,2,-5,2,-6,3,-7,4,-7,4,-8,4,-8,4,-8,4,-8,3,-7,3,-7,2,-6,1,-5,0,-4,-1,-2,-2,0,-3,1,-4,3,-5,6,-6,7,-6,8,-7,10,-7,11,-7,12,-7,11,-7,11,-7,9,0,0,-6,6,-4,3,-3,1,-2,-2,-1,-5,0,-7,1,-10,1,-11,1,-13,2,-15,2,-15,1,-15,1,-15,1,-13,1,-12,1,-10,0,-8,0,-5,1,-3,2,1,2,3,3,6,5,9,6,12,8,13,9,15,0,0,0,0,0,0,0,0,0,0]"""
803,"CSI_DATA,802,8c:90:2d:97:93:77,-52,11,1,7,1,0,1,0,1,0,0,-97,0,2,1,12554370,0,83,1,128,0,""[0,0,0,0,0,0,0,0,0,0,0,0,2,-3,3,-4,4,-5,5,-5,6,-5,6,-5,6,-5,5,-5,5,-5,4,-4,3,-4,2,-3,0,-2,0,-1,-2,0,-3,0,-5,0,-7,1,-9,2,-10,3,-11,4,-12,4,-13,4,-13,4,-12,3,-11,3,0,0,-7,1,-5,0,-2,0,0,-1,2,-2,5,-4,7,-5,8,-5,11,-6,12,-7,12,-7,12,-7,11,-7,11,-6,9,-6,7,-5,5,-3,3,-2,0,0,0,0,-3,3,-4,5,-6,7,-8,10,-10,11,-11,13,0,0,0,0,0,0,0,0,0,0]"""
804,"CSI_DATA,803,8c:90:2d:97:93:77,-52,11,1,7,1,0,1,0,1,0,0,-97,0,2,1,12564499,0,83,1,128,0,""[0,0,0,0,0,0,0,0,0,0,0,0,3,0,4,1,6,2,6,3,7,3,7,3,7,3,6,3,6,3,5,2,5,1,3,0,2,0,1,0,0,-2,-1,-3,-3,-4,-5,-5,-6,-6,-7,-7,-9,-8,-9,-8,-10,-9,-10,-9,-9,-9,-8,-8,0,0,-4,-6,-3,-4,0,-2,0,0,2,0,4,2,6,4,8,5,10,6,11,7,11,8,11,7,11,7,10,6,9,5,7,4,5,2,2,1,0,0,-2,0,-4,0,-7,-1,-9,-2,-13,-2,-16,-3,-18,-3,0,0,0,0,0,0,0,0,0,0]"""
805,"CSI_DATA,804,8c:90:2d:97:93:77,-51,11,1,7,1,0,1,0,1,0,1,-97,0,2,1,12574632,0,83,1,128,0,""[0,0,0,0,0,0,0,0,0,0,0,0,0,4,0,6,0,7,0,8,0,8,0,9,0,9,0,8,0,8,0,7,1,6,1,4,1,2,1,0,1,-2,0,-4,0,-6,0,-8,-1,-10,-1,-11,-1,-13,-1,-14,-2,-14,-2,-14,-1,-14,-1,-13,0,0,0,-9,0,-6,1,-3,2,0,2,3,2,6,3,8,4,10,5,12,5,13,6,14,6,13,6,13,6,12,4,10,4,9,3,6,1,4,-1,1,-3,0,-5,-3,-7,-4,-10,-6,-12,-7,-15,-9,-18,-10,0,0,0,0,0,0,0,0,0,0]"""
806,"CSI_DATA,805,8c:90:2d:97:93:77,-51,11,1,7,1,0,1,0,1,0,1,-97,0,2,1,12584530,0,83,1,128,0,""[0,0,0,0,0,0,0,0,0,0,0,0,-4,-3,-5,-5,-6,-5,-7,-6,-7,-7,-7,-6,-8,-6,-7,-6,-7,-5,-6,-5,-6,-4,-5,-3,-3,-1,-2,0,0,1,2,3,3,3,5,5,6,5,8,5,10,6,10,7,13,7,11,7,10,7,10,6,0,0,6,4,3,3,0,3,-2,1,-5,0,-8,-1,-10,-2,-13,-2,-15,-2,-16,-3,-17,-3,-17,-3,-17,-3,-15,-2,-13,-1,-10,-1,-8,-1,-6,-1,-2,-1,0,-2,3,-3,6,-5,9,-6,11,-8,15,-9,16,-11,0,0,0,0,0,0,0,0,0,0]"""
807,"CSI_DATA,806,8c:90:2d:97:93:77,-51,11,1,7,1,0,1,0,1,0,1,-97,0,2,1,12594350,0,83,1,128,0,""[0,0,0,0,0,0,0,0,0,0,0,0,4,-1,6,-1,7,-2,8,-2,8,-2,8,-2,8,-2,8,-2,7,-2,6,-2,6,-2,4,-2,2,-2,0,-2,-2,-1,-4,-1,-6,-1,-8,0,-9,1,-11,1,-13,1,-14,2,-15,2,-15,2,-14,2,-13,1,0,0,-8,0,-6,-1,-3,-2,0,-3,3,-4,5,-5,8,-6,10,-6,11,-7,13,-8,13,-8,13,-9,13,-9,11,-8,9,-8,7,-6,6,-4,4,-3,2,-1,0,1,-2,4,-3,7,-4,9,-5,13,-6,16,-7,18,0,0,0,0,0,0,0,0,0,0]"""
808,"CSI_DATA,807,8c:90:2d:97:93:77,-52,11,1,7,1,0,1,0,1,0,1,-97,0,2,1,12604771,0,83,1,128,0,""[0,0,0,0,0,0,0,0,0,0,0,0,2,2,3,4,4,5,4,6,4,7,4,7,4,7,4,7,4,6,3,5,3,4,2,3,2,1,1,0,0,-2,0,-4,0,-6,0,-8,-1,-10,-1,-12,-1,-13,-2,-14,-2,-15,-2,-15,-1,-14,0,-13,0,0,0,-8,0,-5,0,-2,0,0,0,3,0,6,0,9,0,11,0,13,0,15,0,15,0,15,0,15,0,14,0,12,0,9,0,6,0,4,0,1,0,0,-1,-4,-2,-8,-3,-11,-4,-14,-5,-17,-6,-19,0,0,0,0,0,0,0,0,0,0]"""
809,"CSI_DATA,808,8c:90:2d:97:93:77,-52,11,1,7,1,0,1,0,1,0,1,-97,0,2,1,12614371,0,83,1,128,0,""[0,0,0,0,0,0,0,0,0,0,0,0,-5,2,-7,2,-7,2,-9,2,-9,2,-10,2,-10,2,-9,2,-8,2,-8,2,-7,2,-5,2,-4,2,-2,1,1,1,3,1,5,1,7,1,9,1,10,1,12,0,13,1,14,1,14,1,13,2,11,2,0,0,7,1,4,1,2,1,-2,0,-5,0,-7,-1,-10,-1,-12,-2,-14,-2,-15,-3,-16,-3,-16,-2,-16,-2,-14,-2,-12,-2,-10,-2,-8,-1,-5,-1,-2,-1,1,-1,4,-1,7,-2,10,-2,13,-2,16,-3,18,-3,0,0,0,0,0,0,0,0,0,0]"""
810,"CSI_DATA,809,8c:90:2d:97:93:77,-52,11,1,7,1,0,1,0,1,0,1,-97,0,2,1,12624404,0,83,1,128,0,""[0,0,0,0,0,0,0,0,0,0,0,0,-2,4,-3,5,-4,6,-5,6,-5,7,-5,7,-5,7,-5,7,-4,7,-4,6,-3,5,-2,4,-1,3,0,1,2,-1,2,-2,3,-4,4,-6,5,-7,6,-9,7,-10,7,-11,7,-12,7,-12,7,-11,7,-10,0,0,5,-6,4,-4,2,-1,1,1,-1,4,-2,6,-3,9,-4,10,-5,12,-6,13,-6,14,-6,14,-5,13,-5,12,-4,11,-4,9,-3,6,-2,4,-2,1,-2,-2,-2,-5,-2,-8,-3,-11,-3,-14,-4,-16,-5,-18,0,0,0,0,0,0,0,0,0,0]"""
811,"CSI_DATA,810,8c:90:2d:97:93:77,-52,11,1,7,1,0,1,0,1,0,1,-97,0,2,1,12634434,0,83,1,128,0,""[0,0,0,0,0,0,0,0,0,0,0,0,2,4,3,5,3,6,4,7,4,7,4,8,4,8,4,7,4,7,4,6,4,5,3,3,2,2,1,0,0,-2,-1,-4,-2,-6,-3,-8,-4,-9,-5,-11,-6,-11,-6,-12,-7,-13,-7,-13,-6,-13,-6,-12,0,0,-3,-8,-2,-6,0,-3,2,0,3,2,4,5,6,6,7,8,9,9,10,10,10,11,11,11,10,10,10,9,8,8,6,7,5,5,2,3,0,1,-3,0,-5,-1,-8,-2,-11,-3,-14,-3,-17,-4,-19,-5,0,0,0,0,0,0,0,0,0,0]"""
812,"CSI_DATA,811,8c:90:2d:97:93:77,-52,11,1,7,1,0,1,0,1,0,1,-97,0,2,1,12644378,0,83,1,128,0,""[0,0,0,0,0,0,0,0,0,0,0,0,-2,4,-2,6,-3,7,-3,7,-3,8,-3,9,-3,9,-3,8,-2,8,-2,7,-2,6,-1,5,0,3,1,1,1,-1,2,-3,2,-5,3,-8,3,-9,3,-11,3,-12,3,-14,4,-14,4,-14,4,-13,4,-12,0,0,3,-8,2,-5,2,-2,1,1,0,4,0,7,0,9,-1,11,0,13,0,15,-1,15,-1,15,0,15,0,13,0,12,0,10,0,7,-1,4,-1,2,-2,-1,-4,-4,-5,-7,-6,-10,-8,-13,-10,-14,-12,-16,0,0,0,0,0,0,0,0,0,0]"""
813,"CSI_DATA,812,8c:90:2d:97:93:77,-52,11,1,7,1,0,1,0,1,0,1,-97,0,2,1,12654352,0,83,1,128,0,""[0,0,0,0,0,0,0,0,0,0,0,0,-4,1,-6,1,-6,2,-8,2,-8,2,-9,2,-9,2,-8,2,-7,2,-7,1,-6,2,-4,1,-2,1,0,1,0,0,2,0,5,0,6,0,8,0,10,0,11,0,12,0,13,0,13,0,12,0,11,0,0,0,6,0,4,0,1,0,-1,0,-4,0,-6,0,-9,0,-11,0,-13,0,-15,0,-15,0,-15,0,-15,0,-14,0,-12,0,-10,0,-7,0,-4,0,-1,0,0,0,3,-1,6,-2,9,-3,11,-4,14,-5,17,-6,0,0,0,0,0,0,0,0,0,0]"""
814,"CSI_DATA,813,8c:90:2d:97:93:77,-52,11,1,7,1,0,1,0,1,0,1,-97,0,2,1,12664626,0,83,1,128,0,""[0,0,0,0,0,0,0,0,0,0,0,0,0,-4,0,-6,0,-7,1,-7,1,-9,1,-8,1,-9,1,-8,1,-8,0,-7,0,-6,0,-5,0,-3,-1,-1,-2,0,-3,0,-4,2,-4,4,-6,6,-7,7,-7,9,-7,9,-8,10,-8,10,-8,9,-7,8,0,0,-5,4,-4,2,-2,0,0,-1,0,-4,2,-6,3,-8,5,-9,6,-11,7,-12,7,-12,7,-13,6,-12,6,-11,5,-9,3,-8,3,-6,1,-4,0,-1,0,0,-1,3,-1,6,-2,9,-3,12,-4,15,-4,16,0,0,0,0,0,0,0,0,0,0]"""
815,"CSI_DATA,814,8c:90:2d:97:93:77,-52,11,1,7,1,0,1,0,1,0,0,-97,0,2,1,12674545,0,83,1,128,0,""[0,0,0,0,0,0,0,0,0,0,0,0,-2,-5,-2,-6,-2,-8,-2,-9,-2,-9,-2,-10,-3,-10,-3,-9,-2,-9,-2,-8,-2,-7,-2,-5,-2,-3,-2,-1,-2,1,-1,3,0,5,0,7,1,9,1,10,2,11,2,12,2,13,2,13,1,13,1,11,0,0,0,8,-1,5,-1,1,-3,-1,-3,-4,-5,-6,-5,-8,-6,-11,-8,-12,-8,-13,-8,-14,-8,-14,-8,-13,-8,-12,-7,-10,-6,-9,-5,-7,-3,-5,-1,-3,2,-1,4,1,6,3,9,4,11,5,15,6,16,7,0,0,0,0,0,0,0,0,0,0]"""
816,"CSI_DATA,815,8c:90:2d:97:93:77,-51,11,1,7,1,0,1,0,1,0,0,-97,0,2,1,12684472,0,83,1,128,0,""[0,0,0,0,0,0,0,0,0,0,0,0,-2,4,-2,5,-3,6,-4,7,-4,8,-4,8,-4,8,-4,8,-3,7,-3,7,-2,5,-2,4,-1,2,0,1,1,-1,1,-3,2,-5,3,-7,4,-9,4,-10,4,-12,4,-12,5,-13,4,-13,4,-12,5,-11,0,0,3,-7,2,-4,2,-2,1,1,0,4,0,6,-1,9,-1,11,-1,13,-1,14,-1,15,-1,15,-1,14,0,13,-1,12,-1,9,-1,7,-1,4,-1,1,-3,-1,-4,-4,-4,-7,-6,-10,-8,-12,-10,-14,-11,-16,0,0,0,0,0,0,0,0,0,0]"""
817,"CSI_DATA,816,8c:90:2d:97:93:77,-52,11,1,7,1,0,1,0,1,0,0,-97,0,2,1,12695015,0,83,1,128,0,""[0,0,0,0,0,0,0,0,0,0,0,0,-2,4,-2,5,-3,7,-4,7,-4,8,-4,8,-4,8,-4,8,-4,7,-3,6,-2,6,-2,4,-1,2,0,1,1,-1,3,-2,4,-4,4,-6,5,-8,6,-9,7,-10,7,-11,7,-12,7,-12,8,-11,7,-10,0,0,5,-6,4,-3,1,-1,0,1,-2,4,-3,6,-5,8,-6,10,-6,11,-7,12,-8,12,-8,13,-7,12,-7,12,-6,10,-5,9,-3,6,-3,4,-2,1,-1,-2,0,-5,0,-9,0,-11,0,-14,1,-16,1,-19,0,0,0,0,0,0,0,0,0,0]"""
818,"CSI_DATA,817,8c:90:2d:97:93:77,-52,11,1,7,1,0,1,0,1,0,0,-97,0,2,1,12704317,0,83,1,128,0,""[0,0,0,0,0,0,0,0,0,0,0,0,-5,0,-7,0,-8,0,-9,0,-9,0,-10,0,-10,0,-9,0,-9,0,-8,0,-7,0,-5,1,-4,1,-2,1,1,1,3,2,5,2,7,2,9,1,11,1,12,1,13,1,13,1,13,1,13,2,11,2,0,0,7,2,4,1,1,1,-2,1,-5,1,-7,0,-10,0,-12,0,-14,0,-15,0,-16,0,-16,0,-15,0,-14,1,-12,0,-10,0,-8,0,-5,0,-2,-1,1,-2,4,-3,6,-4,9,-6,12,-7,14,-8,16,-9,0,0,0,0,0,0,0,0,0,0]"""
819,"CSI_DATA,818,8c:90:2d:97:93:77,-52,11,1,7,1,0,1,0,1,0,0,-97,0,2,1,12715142,0,83,1,128,0,""[0,0,0,0,0,0,0,0,0,0,0,0,3,0,5,1,5,1,6,2,6,2,7,3,6,3,6,3,6,2,6,2,4,1,3,0,2,0,1,0,0,-1,-1,-3,-3,-4,-5,-5,-6,-6,-7,-7,-8,-8,-9,-8,-9,-9,-10,-9,-9,-8,-8,-8,0,0,-4,-6,-2,-4,0,-2,1,0,2,0,4,2,6,4,7,5,9,6,10,7,10,8,11,8,10,7,9,6,8,6,6,4,4,3,2,1,0,0,-1,0,-4,-1,-6,-2,-9,-2,-13,-3,-15,-4,-17,-4,0,0,0,0,0,0,0,0,0,0]"""
820,"CSI_DATA,819,8c:90:2d:97:93:77,-52,11,1,7,1,0,1,0,1,0,0,-97,0,2,1,12724483,0,83,1,128,0,""[0,0,0,0,0,0,0,0,0,0,0,0,-1,4,-2,6,-2,7,-3,7,-3,8,-3,8,-3,8,-3,8,-2,8,-2,7,-2,6,-1,4,0,3,1,1,2,-1,2,-3,2,-5,3,-7,3,-9,4,-11,4,-12,4,-13,4,-13,4,-14,5,-12,4,-12,0,0,4,-7,2,-5,2,-2,1,1,-1,4,-1,7,-2,9,-2,11,-2,13,-2,14,-3,14,-2,15,-2,14,-2,13,-2,12,-1,9,-1,7,-1,4,-2,1,-3,-2,-3,-5,-3,-8,-5,-11,-5,-13,-7,-15,-8,-17,0,0,0,0,0,0,0,0,0,0]"""
821,"CSI_DATA,820,8c:90:2d:97:93:77,-52,11,1,7,1,0,1,0,1,0,0,-97,0,2,1,12734343,0,83,1,128,0,""[0,0,0,0,0,0,0,0,0,0,0,0,-4,-4,-5,-5,-6,-6,-6,-7,-7,-8,-6,-8,-6,-7,-6,-7,-6,-6,-6,-6,-5,-5,-4,-3,-3,-2,-2,-1,-1,1,1,3,2,5,4,6,5,7,6,8,7,9,8,9,9,10,9,10,8,10,7,9,0,0,4,6,2,4,0,2,-3,0,-5,-2,-7,-4,-9,-5,-10,-6,-12,-8,-13,-9,-14,-9,-14,-9,-14,-8,-13,-7,-11,-6,-9,-5,-7,-4,-5,-3,-1,-2,1,-1,4,-1,7,-1,10,-1,13,-1,17,-1,18,-2,0,0,0,0,0,0,0,0,0,0]"""
822,"CSI_DATA,821,8c:90:2d:97:93:77,-52,11,1,7,1,0,1,0,1,0,0,-97,0,2,1,12744566,0,83,1,128,0,""[0,0,0,0,0,0,0,0,0,0,0,0,0,3,0,5,0,6,0,6,0,7,1,8,1,8,0,7,1,7,1,6,1,5,0,3,1,1,0,0,0,-1,0,-3,0,-5,0,-8,0,-9,0,-10,0,-12,0,-13,-1,-14,-1,-13,0,-13,0,-12,0,0,0,-8,0,-5,0,-2,1,0,0,2,1,5,1,7,1,10,2,11,2,13,2,13,2,13,3,13,3,11,2,10,1,8,1,5,0,3,0,1,-1,0,-3,-2,-4,-5,-6,-8,-9,-10,-11,-11,-12,-13,0,0,0,0,0,0,0,0,0,0]"""
823,"CSI_DATA,822,8c:90:2d:97:93:77,-52,11,1,7,1,0,1,0,1,0,0,-97,0,2,1,12754431,0,83,1,128,0,""[0,0,0,0,0,0,0,0,0,0,0,0,-4,3,-5,4,-6,5,-7,5,-8,5,-8,5,-8,5,-8,5,-7,5,-6,4,-5,4,-4,3,-2,2,0,1,2,0,3,-1,5,-2,6,-3,8,-5,9,-6,10,-7,11,-7,12,-7,12,-7,11,-7,11,-6,0,0,7,-4,4,-2,2,0,0,1,-4,3,-6,5,-8,6,-9,7,-11,8,-12,9,-12,9,-12,10,-12,9,-11,9,-9,7,-8,7,-6,4,-4,3,-2,0,0,-2,1,-5,3,-8,4,-11,5,-14,6,-16,7,-18,0,0,0,0,0,0,0,0,0,0]"""
824,"CSI_DATA,823,8c:90:2d:97:93:77,-52,11,1,7,1,0,1,0,1,0,0,-97,0,2,1,12767135,0,83,1,128,0,""[0,0,0,0,0,0,0,0,0,0,0,0,3,-4,4,-5,5,-6,6,-6,7,-7,7,-6,7,-7,6,-6,5,-6,5,-6,4,-5,3,-4,1,-4,0,-3,-2,-2,-4,-1,-6,0,-8,2,-9,3,-11,4,-12,4,-13,5,-13,6,-13,5,-13,4,-12,4,0,0,-8,2,-5,0,-3,-1,0,-2,3,-3,6,-4,8,-6,10,-6,11,-7,13,-7,13,-8,13,-8,13,-7,12,-7,10,-7,8,-6,6,-4,3,-3,1,-1,-1,0,-4,3,-6,6,-8,8,-10,10,-11,12,-13,13,0,0,0,0,0,0,0,0,0,0]"""
825,"CSI_DATA,824,8c:90:2d:97:93:77,-52,11,1,7,1,0,1,0,1,0,0,-97,0,2,1,12774415,0,83,1,128,0,""[0,0,0,0,0,0,0,0,0,0,0,0,4,-2,6,-3,7,-3,8,-3,8,-3,8,-3,9,-3,8,-3,8,-3,7,-3,5,-2,4,-3,2,-2,0,-2,-2,-2,-4,-2,-6,-2,-8,-1,-10,-1,-12,-1,-13,0,-14,0,-14,0,-15,0,-15,-1,-13,-1,0,0,-9,-2,-5,-2,-3,-2,1,-1,4,-2,7,-2,9,-2,11,-2,13,-2,15,-2,15,-2,15,-3,15,-3,13,-3,11,-3,9,-2,7,-1,4,-1,1,-1,-2,0,-5,2,-7,4,-10,5,-12,7,-15,8,-17,9,0,0,0,0,0,0,0,0,0,0]"""
826,"CSI_DATA,825,8c:90:2d:97:93:77,-52,11,1,7,1,0,1,0,1,0,0,-97,0,2,1,12784729,0,83,1,128,0,""[0,0,0,0,0,0,0,0,0,0,0,0,3,3,4,4,4,6,4,7,4,7,4,8,5,8,4,7,4,6,4,6,3,5,3,3,2,2,2,0,1,-3,0,-4,-1,-6,-2,-8,-3,-10,-4,-11,-4,-12,-5,-13,-5,-14,-5,-14,-4,-13,-3,-13,0,0,-2,-9,-1,-6,0,-3,1,0,2,3,3,6,3,8,4,10,5,12,5,13,5,14,6,14,6,13,5,12,5,11,4,9,3,6,1,4,0,2,-2,-1,-4,-4,-6,-6,-8,-8,-10,-11,-13,-12,-14,-14,0,0,0,0,0,0,0,0,0,0]"""
827,"CSI_DATA,826,8c:90:2d:97:93:77,-52,11,1,7,1,0,1,0,1,0,0,-97,0,2,1,12794495,0,83,1,128,0,""[0,0,0,0,0,0,0,0,0,0,0,0,4,1,6,1,6,1,8,2,8,2,9,2,8,2,8,2,7,2,7,1,6,1,4,0,3,-1,1,-1,-1,-2,-3,-3,-5,-4,-7,-5,-9,-5,-10,-5,-12,-6,-12,-6,-13,-6,-13,-7,-12,-7,-11,-6,0,0,-7,-5,-5,-4,-2,-3,1,-1,4,0,6,1,9,2,11,2,12,3,14,3,14,4,14,3,14,3,13,3,11,2,9,2,7,1,4,0,1,1,-2,0,-5,1,-8,2,-11,2,-14,3,-17,3,-19,4,0,0,0,0,0,0,0,0,0,0]"""
828,"CSI_DATA,827,8c:90:2d:97:93:77,-51,11,1,7,1,0,1,0,1,0,0,-97,0,2,1,12804415,0,83,1,128,0,""[0,0,0,0,0,0,0,0,0,0,0,0,0,-5,-1,-7,0,-8,0,-9,0,-9,0,-10,1,-10,0,-9,0,-9,0,-8,0,-7,-1,-5,-1,-4,-2,-2,-2,1,-3,2,-3,4,-3,6,-4,8,-4,10,-4,11,-5,12,-4,13,-4,13,-5,12,-5,11,0,0,-4,7,-3,4,-2,1,-2,-2,-1,-5,0,-8,1,-10,1,-12,1,-14,1,-15,1,-16,1,-16,1,-15,1,-14,1,-12,1,-11,0,-7,0,-5,0,-3,1,0,1,4,2,7,3,10,4,12,5,15,6,17,0,0,0,0,0,0,0,0,0,0]"""
829,"CSI_DATA,828,8c:90:2d:97:93:77,-52,11,1,7,1,0,1,0,1,0,0,-97,0,2,1,12814444,0,83,1,128,0,""[0,0,0,0,0,0,0,0,0,0,0,0,-4,-4,-5,-5,-5,-6,-6,-7,-6,-7,-7,-8,-6,-7,-6,-7,-6,-6,-6,-6,-5,-5,-4,-3,-3,-2,-2,-1,-1,1,0,3,2,5,3,6,4,7,6,8,7,9,7,10,8,11,8,10,7,10,6,9,0,0,3,6,2,4,-1,2,-3,0,-4,-2,-6,-5,-8,-6,-9,-8,-11,-9,-12,-10,-12,-10,-12,-10,-12,-9,-11,-9,-10,-8,-8,-6,-7,-5,-4,-3,-1,-2,1,-1,5,0,7,1,10,1,12,1,16,2,18,2,0,0,0,0,0,0,0,0,0,0]"""
830,"CSI_DATA,829,8c:90:2d:97:93:77,-52,11,1,7,1,0,1,0,1,0,0,-97,0,2,1,12824425,0,83,1,128,0,""[0,0,0,0,0,0,0,0,0,0,0,0,-4,-2,-5,-3,-5,-4,-6,-5,-6,-5,-7,-6,-6,-6,-6,-5,-6,-5,-5,-4,-4,-3,-4,-2,-3,-1,-2,0,-1,1,0,2,0,4,2,5,3,7,4,8,4,9,5,10,5,11,5,11,4,10,3,9,0,0,1,6,0,3,0,0,-1,0,-2,-3,-3,-5,-4,-8,-5,-10,-6,-11,-7,-12,-6,-13,-7,-13,-6,-12,-6,-11,-5,-10,-4,-8,-3,-6,-1,-4,0,-1,0,0,2,2,3,4,6,6,8,8,10,10,12,12,0,0,0,0,0,0,0,0,0,0]"""
831,"CSI_DATA,830,8c:90:2d:97:93:77,-52,11,1,7,1,0,1,0,1,0,0,-97,0,2,1,12834366,0,83,1,128,0,""[0,0,0,0,0,0,0,0,0,0,0,0,0,-5,0,-7,0,-8,0,-9,0,-10,1,-10,1,-10,0,-9,1,-9,0,-8,0,-7,-1,-6,-1,-4,-2,-2,-3,0,-3,2,-4,4,-5,6,-5,8,-5,9,-6,11,-6,11,-7,12,-6,12,-7,11,-6,10,0,0,-5,6,-4,3,-3,1,-1,-2,1,-5,2,-7,3,-9,4,-11,5,-12,6,-14,6,-14,6,-14,6,-14,5,-13,5,-11,3,-10,3,-7,1,-5,0,-2,-1,1,-1,4,-2,7,-2,11,-2,14,-3,16,-3,18,0,0,0,0,0,0,0,0,0,0]"""
832,"CSI_DATA,831,8c:90:2d:97:93:77,-52,11,1,7,1,0,1,0,1,0,0,-97,0,2,1,12844391,0,83,1,128,0,""[0,0,0,0,0,0,0,0,0,0,0,0,1,-5,2,-6,3,-7,4,-8,4,-8,4,-8,5,-8,4,-8,4,-7,3,-7,2,-6,2,-5,0,-3,-1,-2,-3,0,-3,1,-5,3,-6,5,-7,6,-8,8,-8,9,-9,10,-9,11,-9,10,-9,10,-8,9,0,0,-6,5,-5,2,-3,0,-2,-2,1,-5,2,-7,4,-9,5,-11,5,-12,6,-14,6,-14,6,-14,5,-14,5,-13,4,-12,3,-10,3,-7,2,-5,1,-2,1,1,0,4,0,7,1,10,1,13,1,15,2,18,0,0,0,0,0,0,0,0,0,0]"""
833,"CSI_DATA,832,8c:90:2d:97:93:77,-52,11,1,7,1,0,1,0,1,0,0,-97,0,2,1,12854450,0,83,1,128,0,""[0,0,0,0,0,0,0,0,0,0,0,0,2,-5,3,-6,4,-7,4,-7,5,-8,5,-8,5,-8,5,-8,4,-7,4,-7,3,-6,2,-5,0,-3,-1,-2,-2,0,-3,1,-5,3,-6,4,-7,6,-8,7,-9,8,-9,9,-10,10,-10,10,-10,9,-9,8,0,0,-7,5,-5,2,-3,0,-2,-2,1,-5,2,-7,4,-9,5,-11,5,-12,6,-13,7,-14,6,-14,6,-14,5,-12,4,-12,4,-9,3,-7,2,-5,1,-2,1,1,0,4,0,7,0,10,0,13,0,16,1,18,0,0,0,0,0,0,0,0,0,0]"""
834,"CSI_DATA,833,8c:90:2d:97:93:77,-52,11,1,7,1,0,1,0,1,0,0,-97,0,2,1,12864449,0,83,1,128,0,""[0,0,0,0,0,0,0,0,0,0,0,0,-5,-1,-7,-2,-8,-2,-9,-2,-9,-3,-9,-3,-10,-3,-9,-2,-9,-2,-8,-2,-7,-1,-5,0,-4,0,-2,0,0,1,2,1,5,2,6,2,9,2,10,2,12,2,13,2,13,2,13,2,13,2,12,2,0,0,7,2,4,2,1,2,-2,1,-5,1,-8,2,-10,2,-12,2,-14,2,-15,2,-16,2,-15,3,-15,3,-14,3,-12,3,-10,2,-8,1,-5,1,-3,-1,0,-2,2,-4,5,-7,7,-9,8,-11,10,-13,12,-15,0,0,0,0,0,0,0,0,0,0]"""
835,"CSI_DATA,834,8c:90:2d:97:93:77,-52,11,1,7,1,0,1,0,1,0,0,-97,0,2,1,12879538,0,83,1,128,0,""[0,0,0,0,0,0,0,0,0,0,0,0,-4,3,-5,4,-6,5,-7,5,-7,6,-7,6,-8,6,-7,5,-7,5,-6,5,-5,4,-4,4,-2,2,0,1,1,0,4,-1,5,-2,7,-3,8,-4,10,-5,11,-6,11,-6,12,-7,13,-6,12,-6,11,-5,0,0,7,-3,5,-1,2,0,-1,1,-4,2,-6,4,-9,5,-11,5,-12,5,-14,7,-14,7,-14,7,-14,7,-13,6,-11,6,-9,4,-7,3,-5,2,-2,0,1,-2,3,-4,4,-7,7,-9,8,-11,11,-13,12,-15,0,0,0,0,0,0,0,0,0,0]"""
836,"CSI_DATA,835,8c:90:2d:97:93:77,-52,11,1,7,1,0,1,0,1,0,0,-97,0,2,1,12884358,0,83,1,128,0,""[0,0,0,0,0,0,0,0,0,0,0,0,3,0,5,0,6,0,7,0,8,0,8,0,8,0,7,0,7,0,6,0,5,0,3,-1,2,-1,0,-1,0,-1,-3,-2,-5,-2,-7,-2,-9,-2,-10,-2,-11,-2,-13,-2,-13,-2,-13,-2,-13,-3,-11,-3,0,0,-7,-2,-4,-2,-1,-1,0,0,3,0,6,0,8,0,10,0,12,0,13,0,14,1,14,0,13,0,13,0,10,0,8,0,6,0,3,0,0,0,-1,0,-4,0,-6,1,-9,1,-13,2,-16,3,-18,4,0,0,0,0,0,0,0,0,0,0]"""
837,"CSI_DATA,836,8c:90:2d:97:93:77,-52,11,1,7,1,0,1,0,1,0,0,-97,0,2,1,12894419,0,83,1,128,0,""[0,0,0,0,0,0,0,0,0,0,0,0,2,3,3,4,4,5,4,6,5,6,5,7,5,6,5,6,5,6,4,5,4,4,3,3,2,1,1,0,-1,-2,-2,-4,-3,-5,-5,-6,-6,-7,-8,-9,-9,-9,-9,-10,-10,-11,-10,-10,-10,-10,-9,-9,0,0,-5,-7,-3,-5,-1,-4,2,-1,4,0,6,1,8,3,10,4,12,5,13,5,13,5,14,5,14,4,12,4,11,3,9,3,7,3,4,1,1,1,-2,1,-5,1,-8,2,-10,3,-13,4,-16,5,-19,6,0,0,0,0,0,0,0,0,0,0]"""
838,"CSI_DATA,837,8c:90:2d:97:93:77,-52,11,1,7,1,0,1,0,1,0,0,-97,0,2,1,12904376,0,83,1,128,0,""[0,0,0,0,0,0,0,0,0,0,0,0,3,-4,4,-4,5,-5,6,-5,7,-5,7,-6,7,-6,7,-5,6,-5,5,-5,4,-5,3,-4,1,-3,0,-2,-2,-1,-3,0,-5,2,-7,4,-8,5,-9,6,-10,7,-10,8,-11,9,-11,9,-11,8,-10,7,0,0,-7,4,-5,2,-3,0,-2,-3,1,-5,2,-7,4,-9,4,-11,5,-13,6,-14,6,-14,5,-14,5,-14,4,-13,4,-12,3,-10,2,-7,2,-5,1,-2,1,1,1,4,2,7,3,9,3,13,5,15,6,17,0,0,0,0,0,0,0,0,0,0]"""
839,"CSI_DATA,838,8c:90:2d:97:93:77,-52,11,1,7,1,0,1,0,1,0,0,-97,0,2,1,12914491,0,83,1,128,0,""[0,0,0,0,0,0,0,0,0,0,0,0,-1,3,-1,5,-1,6,-2,6,-2,7,-2,7,-2,7,-2,7,-2,7,-1,5,-1,5,0,3,0,2,0,0,0,0,1,-2,2,-4,2,-6,3,-8,4,-9,4,-11,4,-12,5,-12,5,-12,5,-11,5,-10,0,0,3,-6,2,-3,1,0,0,0,0,3,-1,5,-2,8,-2,10,-3,11,-3,13,-4,13,-4,13,-3,13,-3,11,-2,10,-2,8,-1,5,-1,3,0,0,0,-1,-1,-4,-1,-8,-1,-10,-2,-13,-3,-15,-3,-18,0,0,0,0,0,0,0,0,0,0]"""
840,"CSI_DATA,839,8c:90:2d:97:93:77,-52,11,1,7,1,0,1,0,1,0,0,-97,0,2,1,12924336,0,83,1,128,0,""[0,0,0,0,0,0,0,0,0,0,0,0,4,-1,6,-1,7,-1,8,-1,9,-1,9,0,9,0,8,0,8,-1,7,-1,6,-1,4,-1,3,-1,1,-2,-1,-2,-4,-3,-6,-3,-8,-3,-9,-3,-11,-3,-13,-2,-14,-3,-14,-3,-14,-3,-14,-3,-12,-3,0,0,-8,-3,-5,-3,-3,-2,1,-2,4,-2,6,-1,9,-1,11,-1,13,0,14,0,15,0,15,0,14,0,13,-1,11,-1,9,-1,8,-1,4,-1,1,0,-2,0,-5,2,-7,3,-10,4,-13,6,-15,6,-18,8,0,0,0,0,0,0,0,0,0,0]"""
841,"CSI_DATA,840,8c:90:2d:97:93:77,-52,11,1,7,1,0,1,0,1,0,0,-97,0,2,1,12934308,0,83,1,128,0,""[0,0,0,0,0,0,0,0,0,0,0,0,-3,4,-3,5,-4,6,-5,7,-5,7,-5,7,-5,7,-5,7,-5,7,-4,6,-3,5,-3,4,-1,3,0,1,1,-1,2,-2,4,-4,5,-6,6,-7,7,-9,7,-10,8,-11,8,-11,9,-11,8,-10,8,-10,0,0,5,-6,4,-3,2,-1,0,1,-2,4,-4,6,-5,8,-6,9,-7,11,-7,12,-8,13,-8,13,-7,13,-6,12,-6,10,-5,9,-4,6,-3,4,-2,1,-1,-2,-1,-5,0,-9,0,-11,0,-14,0,-17,-1,-19,0,0,0,0,0,0,0,0,0,0]"""
842,"CSI_DATA,841,8c:90:2d:97:93:77,-52,11,1,7,1,0,1,0,1,0,0,-97,0,2,1,12944513,0,83,1,128,0,""[0,0,0,0,0,0,0,0,0,0,0,0,-5,0,-6,0,-8,1,-9,0,-10,0,-10,0,-10,0,-9,0,-9,0,-8,0,-7,0,-5,1,-3,1,-2,1,1,1,3,1,5,1,7,1,9,0,10,0,12,0,13,-1,13,0,13,0,13,0,11,0,0,0,7,1,5,1,2,1,-1,1,-5,2,-7,2,-10,2,-12,2,-13,2,-15,3,-15,3,-15,3,-15,3,-14,3,-12,3,-10,3,-8,2,-5,1,-2,0,0,-2,3,-3,5,-6,7,-8,9,-10,11,-12,13,-13,0,0,0,0,0,0,0,0,0,0]"""
843,"CSI_DATA,842,8c:90:2d:97:93:77,-52,11,1,7,1,0,1,0,1,0,0,-97,0,2,1,12954517,0,83,1,128,0,""[0,0,0,0,0,0,0,0,0,0,0,0,4,-2,5,-3,7,-3,8,-3,8,-3,8,-3,8,-3,8,-3,7,-3,7,-3,5,-3,4,-2,2,-2,0,-2,-2,-1,-4,-1,-6,-1,-8,0,-10,1,-11,1,-13,2,-14,2,-14,3,-14,2,-13,2,-13,1,0,0,-8,0,-6,-1,-3,-2,0,-2,3,-3,6,-4,8,-5,10,-5,12,-6,13,-7,13,-7,13,-7,13,-7,12,-6,10,-6,8,-5,6,-3,4,-3,1,-1,-1,1,-3,4,-5,6,-7,9,-8,11,-10,13,-11,15,0,0,0,0,0,0,0,0,0,0]"""
844,"CSI_DATA,843,8c:90:2d:97:93:77,-52,11,1,7,1,0,1,0,1,0,0,-97,0,2,1,12964407,0,83,1,128,0,""[0,0,0,0,0,0,0,0,0,0,0,0,-5,2,-6,3,-7,3,-9,3,-9,3,-9,3,-9,4,-9,3,-8,3,-8,3,-6,3,-5,3,-3,2,-1,1,1,1,3,0,5,-1,7,-1,9,-2,10,-3,12,-4,13,-4,14,-5,13,-4,13,-3,11,-3,0,0,8,-1,5,0,2,1,-1,1,-4,3,-7,4,-9,4,-11,4,-13,5,-14,6,-15,6,-15,7,-14,7,-13,6,-11,5,-9,5,-8,3,-5,2,-2,0,0,-1,2,-4,4,-7,6,-10,8,-12,9,-14,11,-16,0,0,0,0,0,0,0,0,0,0]"""
845,"CSI_DATA,844,8c:90:2d:97:93:77,-52,11,1,7,1,0,1,0,1,0,0,-97,0,2,1,12974678,0,83,1,128,0,""[0,0,0,0,0,0,0,0,0,0,0,0,1,-5,2,-6,3,-8,3,-8,4,-8,4,-9,3,-9,3,-8,3,-8,2,-7,2,-7,1,-5,0,-4,-1,-2,-3,0,-3,1,-5,3,-5,5,-7,7,-7,8,-8,9,-8,10,-8,11,-8,11,-9,10,-8,9,0,0,-6,5,-5,3,-3,0,-2,-2,1,-5,2,-8,4,-9,5,-11,5,-12,6,-14,7,-14,6,-14,6,-14,6,-13,4,-11,3,-10,2,-7,2,-5,0,-2,0,1,-1,4,-1,8,-1,11,0,14,0,16,0,18,0,0,0,0,0,0,0,0,0,0]"""
846,"CSI_DATA,845,8c:90:2d:97:93:77,-52,11,1,7,1,0,1,0,1,0,0,-97,0,2,1,12984331,0,83,1,128,0,""[0,0,0,0,0,0,0,0,0,0,0,0,-4,-4,-5,-5,-5,-6,-5,-7,-6,-8,-6,-8,-6,-8,-6,-7,-6,-7,-5,-6,-5,-5,-4,-4,-3,-2,-2,-1,-1,2,0,3,1,5,2,7,3,8,4,9,5,10,6,11,6,12,6,11,5,11,4,11,0,0,2,7,1,4,-1,2,-3,-1,-4,-3,-5,-5,-6,-8,-8,-10,-9,-11,-10,-12,-10,-12,-10,-12,-10,-12,-9,-11,-8,-10,-7,-8,-6,-6,-3,-4,-1,-2,1,0,4,1,7,3,9,4,12,5,15,6,17,7,0,0,0,0,0,0,0,0,0,0]"""
847,"CSI_DATA,846,8c:90:2d:97:93:77,-52,11,1,7,1,0,1,0,1,0,0,-97,0,2,1,12994407,0,83,1,128,0,""[0,0,0,0,0,0,0,0,0,0,0,0,0,4,0,6,0,7,0,8,0,8,0,9,0,9,0,8,0,8,0,7,0,6,0,4,1,2,1,0,1,-2,1,-4,1,-6,1,-8,1,-9,0,-11,0,-12,0,-14,0,-14,0,-14,1,-13,1,-12,0,0,1,-8,1,-5,1,-2,1,0,1,3,1,6,2,9,2,11,3,13,2,14,2,14,2,15,2,14,2,13,2,11,1,9,1,6,0,4,-1,1,-3,-1,-4,-4,-5,-7,-7,-9,-9,-11,-12,-13,-13,-14,0,0,0,0,0,0,0,0,0,0]"""
848,"CSI_DATA,847,8c:90:2d:97:93:77,-52,11,1,7,1,0,1,0,1,0,0,-97,0,2,1,13004443,0,83,1,128,0,""[0,0,0,0,0,0,0,0,0,0,0,0,1,-5,1,-6,2,-8,2,-9,3,-9,3,-9,3,-9,2,-9,2,-8,2,-7,1,-7,1,-5,0,-4,-1,-2,-2,0,-4,2,-5,3,-5,5,-6,7,-7,9,-7,9,-8,11,-8,11,-8,11,-8,10,-8,9,0,0,-6,5,-5,3,-3,0,-1,-2,1,-5,2,-7,4,-9,5,-11,5,-12,6,-13,7,-14,7,-14,6,-13,6,-12,5,-11,3,-9,3,-7,2,-5,1,-2,0,1,-1,4,-1,8,-2,11,-2,13,-2,16,-2,18,0,0,0,0,0,0,0,0,0,0]"""
849,"CSI_DATA,848,8c:90:2d:97:93:77,-51,11,1,7,1,0,1,0,1,0,0,-97,0,2,1,13014557,0,83,1,128,0,""[0,0,0,0,0,0,0,0,0,0,0,0,-4,2,-6,3,-7,3,-8,4,-8,4,-8,4,-8,4,-8,4,-7,4,-7,3,-6,3,-5,3,-3,2,-1,1,1,0,3,0,5,-1,7,-2,8,-3,10,-4,11,-5,12,-5,12,-5,13,-6,12,-5,11,-4,0,0,7,-2,5,-1,2,1,-1,1,-4,3,-6,3,-9,5,-10,5,-12,6,-13,7,-14,7,-14,7,-14,7,-12,6,-11,6,-9,5,-7,3,-4,2,-2,0,0,-2,2,-4,4,-7,6,-10,7,-12,8,-14,10,-16,0,0,0,0,0,0,0,0,0,0]"""
850,"CSI_DATA,849,8c:90:2d:97:93:77,-52,11,1,7,1,0,1,0,1,0,0,-97,0,2,1,13024975,0,83,1,128,0,""[0,0,0,0,0,0,0,0,0,0,0,0,3,-4,4,-5,5,-5,6,-6,7,-6,7,-6,7,-6,7,-6,6,-6,5,-5,4,-5,3,-4,1,-3,0,-2,-3,-1,-4,0,-6,1,-7,2,-9,3,-10,4,-11,5,-12,6,-13,7,-13,6,-12,5,-11,5,0,0,-8,2,-6,0,-3,-1,0,-2,2,-4,5,-6,7,-7,8,-8,9,-9,11,-10,11,-10,11,-10,11,-10,10,-10,8,-9,7,-7,5,-5,3,-4,1,-2,-1,1,-2,4,-3,7,-4,10,-6,13,-7,15,-7,18,0,0,0,0,0,0,0,0,0,0]"""
851,"CSI_DATA,850,8c:90:2d:97:93:77,-51,11,1,7,1,0,1,0,1,0,0,-97,0,2,1,13034493,0,83,1,128,0,""[0,0,0,0,0,0,0,0,0,0,0,0,-2,4,-3,5,-4,6,-4,7,-4,8,-4,8,-4,8,-4,7,-4,7,-3,6,-3,6,-2,4,-1,3,0,1,2,-1,3,-3,4,-4,4,-6,5,-8,6,-9,7,-10,7,-11,8,-12,7,-12,8,-11,7,-10,0,0,5,-7,4,-4,2,-1,0,1,-2,4,-3,6,-5,9,-6,10,-6,12,-7,13,-7,14,-7,14,-7,13,-6,12,-5,11,-4,9,-3,6,-2,4,-2,1,-1,-2,-1,-5,-1,-8,-1,-12,-1,-15,-1,-17,-1,-19,0,0,0,0,0,0,0,0,0,0]"""
852,"CSI_DATA,851,8c:90:2d:97:93:77,-52,11,1,7,1,0,1,0,1,0,0,-97,0,2,1,13044991,0,83,1,128,0,""[0,0,0,0,0,0,0,0,0,0,0,0,-4,0,-6,1,-7,1,-8,0,-8,1,-9,0,-9,0,-8,0,-8,0,-7,0,-6,0,-4,0,-3,0,-1,1,0,1,2,1,4,1,6,2,8,2,9,3,10,2,11,3,12,3,12,3,11,3,10,3,0,0,6,2,3,1,0,0,-1,0,-3,-1,-5,-2,-8,-3,-10,-5,-12,-6,-12,-6,-13,-7,-13,-7,-13,-6,-12,-6,-10,-5,-8,-4,-7,-3,-3,-2,0,0,0,0,3,0,5,1,9,2,11,3,14,4,17,5,0,0,0,0,0,0,0,0,0,0]"""
853,"CSI_DATA,852,8c:90:2d:97:93:77,-52,11,1,7,1,0,1,0,1,0,0,-97,0,2,1,13054462,0,83,1,128,0,""[0,0,0,0,0,0,0,0,0,0,0,0,0,3,1,4,0,6,1,7,0,7,0,8,0,8,0,7,0,7,0,6,0,5,0,3,0,1,0,0,1,-1,1,-3,1,-5,1,-6,1,-9,1,-10,1,-12,1,-12,1,-13,2,-13,2,-12,2,-11,0,0,1,-7,1,-4,0,-1,0,0,0,3,-1,5,-2,8,-2,10,-3,11,-3,13,-4,13,-4,13,-3,13,-3,12,-3,10,-2,8,-1,5,-1,3,0,0,0,-1,0,-4,0,-8,0,-11,0,-14,0,-16,0,-18,0,0,0,0,0,0,0,0,0,0]"""
854,"CSI_DATA,853,8c:90:2d:97:93:77,-52,11,1,7,1,0,1,0,1,0,0,-97,0,2,1,13064418,0,83,1,128,0,""[0,0,0,0,0,0,0,0,0,0,0,0,2,4,3,5,4,6,4,7,4,8,4,8,4,8,4,7,4,7,4,6,3,5,2,3,2,1,2,0,0,-2,-1,-4,-2,-6,-3,-8,-4,-9,-5,-11,-6,-12,-7,-13,-7,-13,-7,-13,-6,-13,-5,-12,0,0,-3,-8,-2,-6,0,-3,2,0,3,2,5,4,6,6,8,8,9,10,10,10,10,11,11,11,10,10,10,9,8,8,7,6,5,4,3,3,0,1,-2,0,-6,-1,-8,-2,-11,-3,-14,-4,-17,-4,-19,-5,0,0,0,0,0,0,0,0,0,0]"""
855,"CSI_DATA,854,8c:90:2d:97:93:77,-51,11,1,6,1,0,1,0,1,0,1,-97,0,2,1,13075513,0,83,1,128,0,""[0,0,0,0,0,0,0,0,0,0,0,0,-5,-3,-6,-4,-8,-4,-9,-5,-9,-6,-9,-6,-9,-5,-9,-5,-8,-5,-8,-4,-6,-3,-5,-2,-4,-1,-2,0,0,1,1,3,3,4,5,5,6,6,8,8,10,8,11,9,11,10,11,9,10,10,9,9,0,0,5,5,3,4,0,2,-3,0,-4,-1,-8,-3,-10,-5,-12,-6,-13,-8,-16,-9,-16,-9,-16,-8,-16,-8,-15,-6,-12,-6,-10,-5,-9,-4,-4,-3,-2,-1,1,-1,5,-1,8,-1,11,-1,15,-1,18,-1,20,-1,0,0,0,0,0,0,0,0,0,0]"""
856,"CSI_DATA,855,8c:90:2d:97:93:77,-52,11,1,7,1,0,1,0,1,0,1,-97,0,2,1,13084608,0,83,1,128,0,""[0,0,0,0,0,0,0,0,0,0,0,0,1,4,0,6,0,7,1,8,0,8,0,9,0,9,0,8,0,8,1,7,1,6,1,4,1,2,1,1,1,-2,1,-4,1,-6,1,-8,1,-10,1,-11,1,-12,1,-14,1,-14,1,-14,1,-14,2,-12,0,0,1,-8,1,-5,1,-2,1,1,0,4,0,7,0,9,0,11,0,13,0,14,0,15,0,15,0,14,0,13,0,12,0,9,0,7,-1,4,-1,1,-2,-1,-3,-4,-3,-8,-5,-10,-7,-13,-8,-15,-9,-17,0,0,0,0,0,0,0,0,0,0]"""
857,"CSI_DATA,856,8c:90:2d:97:93:77,-52,11,1,7,1,0,1,0,1,0,1,-97,0,2,1,13094344,0,83,1,128,0,""[0,0,0,0,0,0,0,0,0,0,0,0,1,-5,2,-6,2,-7,3,-8,3,-9,3,-9,3,-9,3,-9,3,-8,2,-7,2,-7,1,-5,0,-4,-1,-2,-3,0,-4,1,-5,3,-6,5,-7,7,-8,8,-8,9,-9,10,-9,10,-9,11,-9,10,-8,9,0,0,-6,5,-5,2,-3,0,-1,-2,1,-5,3,-7,4,-9,6,-10,7,-12,8,-13,8,-14,7,-14,7,-13,7,-12,6,-11,4,-9,3,-6,2,-4,1,-2,0,1,-1,4,-2,7,-2,10,-3,13,-3,15,-4,18,0,0,0,0,0,0,0,0,0,0]"""
858,"CSI_DATA,857,8c:90:2d:97:93:77,-52,11,1,7,1,0,1,0,1,0,1,-97,0,2,1,13104702,0,83,1,128,0,""[0,0,0,0,0,0,0,0,0,0,0,0,3,-3,5,-5,5,-5,7,-5,7,-6,7,-6,7,-6,7,-6,6,-5,5,-5,4,-4,3,-4,1,-3,0,-2,-2,-1,-4,-1,-6,0,-8,1,-9,3,-11,3,-12,5,-13,5,-13,5,-13,5,-13,4,-12,4,0,0,-8,1,-6,0,-3,-1,0,-2,3,-4,5,-5,8,-6,9,-7,11,-8,12,-8,13,-8,13,-9,12,-9,11,-8,9,-7,8,-6,6,-4,3,-4,1,-1,-1,1,-3,4,-5,6,-6,9,-8,11,-9,13,-11,15,0,0,0,0,0,0,0,0,0,0]"""
859,"CSI_DATA,858,8c:90:2d:97:93:77,-52,11,1,7,1,0,1,0,1,0,1,-97,0,2,1,13114483,0,83,1,128,0,""[0,0,0,0,0,0,0,0,0,0,0,0,0,3,0,5,0,6,0,7,0,8,0,8,0,8,0,7,0,7,0,6,0,5,0,4,0,2,0,0,1,-1,1,-3,1,-4,1,-7,1,-8,2,-10,2,-11,2,-12,2,-13,2,-13,3,-12,3,-11,0,0,2,-7,1,-4,0,-1,0,0,0,3,-1,5,-2,8,-3,10,-3,11,-4,13,-4,13,-4,13,-4,13,-4,11,-3,10,-2,8,-2,6,0,3,0,0,0,-1,0,-4,0,-8,0,-11,0,-14,0,-16,0,-18,0,0,0,0,0,0,0,0,0,0]"""
860,"CSI_DATA,859,8c:90:2d:97:93:77,-52,11,1,7,1,0,1,0,1,0,1,-97,0,2,1,13125605,0,83,1,128,0,""[0,0,0,0,0,0,0,0,0,0,0,0,3,-3,4,-4,5,-4,6,-5,7,-5,7,-5,7,-5,7,-5,6,-4,6,-3,4,-4,2,-3,1,-3,0,-2,-1,-1,-4,0,-6,0,-8,0,-9,0,-11,0,-13,0,-14,1,-15,0,-14,0,-14,0,-12,0,0,0,-8,0,-5,0,-2,-1,0,-1,3,-1,6,-1,9,-1,11,-1,13,0,15,-1,15,-1,15,-1,15,-1,13,-1,11,0,9,0,7,0,3,0,0,0,-2,0,-5,0,-7,1,-10,2,-13,4,-17,4,-19,5,0,0,0,0,0,0,0,0,0,0]"""
861,"CSI_DATA,860,8c:90:2d:97:93:77,-52,11,1,7,1,0,1,0,1,0,1,-97,0,2,1,13134474,0,83,1,128,0,""[0,0,0,0,0,0,0,0,0,0,0,0,0,-5,1,-7,1,-8,2,-8,2,-9,2,-9,2,-9,2,-9,2,-8,1,-8,0,-7,0,-5,-1,-3,-2,-2,-2,0,-3,2,-3,4,-4,6,-4,8,-5,9,-5,11,-5,12,-5,12,-5,12,-6,11,-5,10,0,0,-4,7,-4,4,-3,1,-2,-2,-1,-5,0,-8,1,-10,1,-12,1,-14,1,-15,2,-16,2,-15,1,-15,1,-14,1,-12,1,-10,0,-8,0,-5,1,-2,1,0,2,3,2,7,4,10,4,12,6,15,7,16,0,0,0,0,0,0,0,0,0,0]"""
862,"CSI_DATA,861,8c:90:2d:97:93:77,-52,11,1,7,1,0,1,0,1,0,1,-97,0,2,1,13144462,0,83,1,128,0,""[0,0,0,0,0,0,0,0,0,0,0,0,0,-6,0,-7,1,-8,1,-9,1,-9,1,-10,1,-10,1,-9,1,-9,0,-8,0,-7,0,-5,-1,-4,-1,-2,-2,1,-2,3,-3,5,-3,7,-2,8,-3,10,-2,12,-2,13,-2,13,-3,13,-3,13,-3,11,0,0,-3,7,-3,4,-2,1,-3,-2,-2,-4,-2,-7,-2,-10,-3,-12,-3,-14,-3,-15,-3,-16,-4,-16,-4,-15,-4,-14,-3,-12,-3,-10,-3,-8,-1,-5,0,-3,2,0,3,2,5,5,7,7,9,9,12,10,14,12,0,0,0,0,0,0,0,0,0,0]"""
863,"CSI_DATA,862,8c:90:2d:97:93:77,-52,11,1,7,1,0,1,0,1,0,1,-97,0,2,1,13154435,0,83,1,128,0,""[0,0,0,0,0,0,0,0,0,0,0,0,4,2,5,2,6,3,7,4,8,4,8,4,7,4,7,4,7,3,6,3,5,2,4,1,3,0,1,-1,-1,-2,-3,-3,-4,-5,-7,-5,-9,-6,-10,-6,-11,-7,-12,-7,-12,-7,-13,-8,-12,-8,-11,-6,0,0,-7,-5,-5,-4,-2,-3,1,-2,4,-1,7,0,9,1,11,2,13,2,14,2,15,3,15,2,14,2,13,2,11,1,9,1,7,1,4,0,1,0,-2,1,-5,2,-7,3,-10,5,-13,6,-16,6,-18,7,0,0,0,0,0,0,0,0,0,0]"""
864,"CSI_DATA,863,8c:90:2d:97:93:77,-52,11,1,7,1,0,1,0,1,0,1,-97,0,2,1,13164513,0,83,1,128,0,""[0,0,0,0,0,0,0,0,0,0,0,0,-4,2,-5,2,-5,3,-7,3,-7,3,-8,4,-8,3,-7,3,-6,3,-6,2,-4,2,-3,2,-2,1,0,0,0,0,2,0,4,0,6,0,8,-1,9,-2,11,-2,12,-2,12,-3,12,-3,12,-2,11,-1,0,0,7,0,4,0,1,0,-1,0,-3,1,-6,1,-8,1,-11,1,-13,1,-14,2,-15,2,-15,3,-14,2,-13,2,-11,1,-9,1,-7,0,-4,0,-1,0,0,-1,3,-2,5,-4,8,-5,10,-7,12,-8,15,-9,0,0,0,0,0,0,0,0,0,0]"""
865,"CSI_DATA,864,8c:90:2d:97:93:77,-52,11,1,7,1,0,1,0,1,0,0,-97,0,2,1,13176766,0,83,1,128,0,""[0,0,0,0,0,0,0,0,0,0,0,0,0,4,0,6,0,7,0,8,0,9,0,9,0,9,0,8,0,8,1,7,1,6,1,4,1,3,1,0,1,-2,0,-4,0,-6,-1,-8,-1,-10,-2,-11,-2,-13,-3,-13,-3,-14,-3,-14,-3,-14,-2,-13,0,0,-1,-9,0,-6,1,-3,2,0,3,2,4,5,5,7,5,9,7,11,8,12,8,12,8,12,8,12,8,11,7,9,5,8,4,6,1,3,0,2,-3,0,-5,-2,-8,-3,-11,-3,-13,-4,-17,-5,-19,-5,0,0,0,0,0,0,0,0,0,0]"""
866,"CSI_DATA,865,8c:90:2d:97:93:77,-51,11,1,7,1,0,1,0,1,0,0,-97,0,2,1,13184340,0,83,1,128,0,""[0,0,0,0,0,0,0,0,0,0,0,0,-3,4,-4,5,-5,6,-5,6,-6,7,-6,7,-6,7,-5,7,-5,6,-4,6,-4,5,-3,4,-1,2,0,1,2,-1,3,-2,4,-4,5,-5,6,-7,7,-8,8,-9,8,-10,9,-11,9,-11,9,-10,8,-9,0,0,6,-6,4,-3,2,-1,0,1,-2,4,-4,6,-5,8,-6,9,-7,11,-8,12,-8,12,-8,13,-8,12,-7,11,-6,10,-5,8,-4,6,-3,4,-2,1,-2,-2,-1,-5,0,-8,0,-11,-1,-15,-1,-16,-1,-20,0,0,0,0,0,0,0,0,0,0]"""
867,"CSI_DATA,866,8c:90:2d:97:93:77,-51,11,1,7,1,0,1,0,1,0,0,-97,0,2,1,13194531,0,83,1,128,0,""[0,0,0,0,0,0,0,0,0,0,0,0,2,-4,3,-5,4,-7,5,-7,5,-7,5,-7,5,-8,5,-8,4,-7,4,-7,3,-6,2,-5,0,-4,-1,-2,-2,0,-4,1,-5,2,-6,4,-7,6,-9,7,-9,8,-10,9,-10,10,-10,9,-10,9,-9,8,0,0,-7,4,-5,2,-3,0,-1,-2,1,-4,3,-6,5,-8,6,-10,7,-12,8,-13,8,-13,7,-13,7,-13,7,-12,6,-11,4,-9,4,-7,2,-5,1,-2,0,1,-1,4,-1,8,-1,11,-2,13,-1,16,-2,19,0,0,0,0,0,0,0,0,0,0]"""
868,"CSI_DATA,867,8c:90:2d:97:93:77,-52,11,1,7,1,0,1,0,1,0,0,-97,0,2,1,13204508,0,83,1,128,0,""[0,0,0,0,0,0,0,0,0,0,0,0,2,-5,3,-6,3,-7,4,-8,5,-8,5,-8,6,-8,5,-7,5,-7,4,-7,3,-6,2,-5,1,-4,-1,-3,-3,-2,-4,0,-7,0,-8,1,-9,3,-11,3,-12,4,-13,4,-14,5,-14,5,-13,4,-12,3,0,0,-8,1,-6,0,-3,-1,1,-2,3,-2,6,-2,9,-3,11,-3,13,-3,14,-4,15,-3,15,-4,14,-3,13,-3,11,-3,9,-2,7,-2,4,-1,1,-1,-2,0,-5,1,-8,2,-11,3,-13,4,-16,5,-19,5,0,0,0,0,0,0,0,0,0,0]"""
869,"CSI_DATA,868,8c:90:2d:97:93:77,-52,11,1,7,1,0,1,0,1,0,0,-97,0,2,1,13214389,0,83,1,128,0,""[0,0,0,0,0,0,0,0,0,0,0,0,-4,-4,-5,-5,-5,-6,-6,-7,-6,-8,-6,-8,-6,-8,-5,-8,-5,-7,-5,-7,-4,-6,-4,-4,-3,-2,-3,0,-2,2,-2,3,-1,5,0,7,0,9,1,11,1,12,1,13,1,13,1,13,0,13,0,12,0,0,-1,8,-1,4,-1,1,-1,-1,-1,-5,-1,-8,-1,-10,0,-12,0,-14,0,-15,0,-16,0,-16,0,-15,0,-14,0,-13,0,-10,0,-8,-1,-5,-1,-2,0,1,0,4,0,8,1,10,1,14,1,16,2,18,0,0,0,0,0,0,0,0,0,0]"""
870,"CSI_DATA,869,8c:90:2d:97:93:77,-52,11,1,7,1,0,1,0,1,0,0,-97,0,2,1,13224486,0,83,1,128,0,""[0,0,0,0,0,0,0,0,0,0,0,0,1,-5,1,-7,1,-8,2,-9,3,-9,2,-9,2,-9,2,-9,2,-8,1,-7,1,-7,0,-5,-1,-4,-2,-2,-3,0,-3,2,-4,4,-5,6,-6,7,-6,9,-7,10,-7,11,-7,12,-8,11,-8,11,-7,10,0,0,-6,5,-4,3,-3,0,-1,-2,0,-5,2,-7,3,-9,4,-11,5,-12,5,-14,6,-14,6,-14,5,-14,5,-13,4,-11,3,-10,2,-7,2,-5,1,-2,0,1,0,4,-1,8,-1,10,-1,13,-1,16,0,19,0,0,0,0,0,0,0,0,0,0]"""
871,"CSI_DATA,870,8c:90:2d:97:93:77,-51,11,1,7,1,0,1,0,1,0,0,-97,0,2,1,13234525,0,83,1,128,0,""[0,0,0,0,0,0,0,0,0,0,0,0,-4,2,-6,3,-7,4,-8,4,-8,4,-9,4,-8,4,-8,4,-8,4,-7,3,-6,3,-4,2,-3,2,-1,1,1,0,3,0,5,-1,7,-3,8,-3,10,-4,11,-5,11,-6,12,-6,12,-6,12,-5,11,-5,0,0,7,-3,5,-1,2,1,-1,1,-4,3,-6,4,-8,5,-10,6,-11,7,-13,8,-13,8,-13,8,-13,8,-12,7,-10,7,-8,5,-7,3,-4,3,-2,1,-1,-2,1,-4,3,-8,4,-11,6,-13,7,-15,7,-18,0,0,0,0,0,0,0,0,0,0]"""
872,"CSI_DATA,871,8c:90:2d:97:93:77,-52,11,1,7,1,0,1,0,1,0,0,-97,0,2,1,13244334,0,83,1,128,0,""[0,0,0,0,0,0,0,0,0,0,0,0,3,3,4,4,5,5,5,6,5,6,5,6,6,6,5,6,5,5,5,4,4,4,3,2,3,1,1,-1,0,-2,-1,-4,-3,-6,-5,-7,-6,-8,-7,-9,-8,-10,-8,-11,-9,-11,-9,-11,-8,-11,-7,-10,0,0,-4,-7,-3,-5,-1,-3,2,-1,3,1,5,3,7,5,9,6,10,7,11,8,12,8,12,8,12,7,11,6,9,6,8,5,6,3,3,2,0,1,-2,0,-5,-1,-8,-1,-11,-1,-14,-1,-17,-1,-19,-1,0,0,0,0,0,0,0,0,0,0]"""
873,"CSI_DATA,872,8c:90:2d:97:93:77,-52,11,1,7,1,0,1,0,1,0,0,-97,0,2,1,13255193,0,83,1,128,0,""[0,0,0,0,0,0,0,0,0,0,0,0,-2,-4,-3,-5,-3,-6,-3,-7,-3,-8,-3,-8,-3,-8,-3,-8,-3,-7,-3,-6,-3,-5,-2,-4,-2,-2,-2,0,-1,0,-1,2,-1,4,0,6,0,8,0,10,0,11,0,12,0,13,0,13,0,12,0,10,0,0,0,6,-1,3,-1,0,-1,0,0,-4,0,-7,0,-9,0,-12,0,-13,0,-15,0,-15,0,-15,0,-14,0,-13,0,-12,0,-9,0,-6,0,-4,0,-1,0,0,0,3,0,6,2,9,2,12,3,14,4,16,0,0,0,0,0,0,0,0,0,0]"""
874,"CSI_DATA,873,8c:90:2d:97:93:77,-52,11,1,7,1,0,1,0,1,0,0,-97,0,2,1,13264485,0,83,1,128,0,""[0,0,0,0,0,0,0,0,0,0,0,0,2,2,3,3,3,4,4,5,4,6,4,6,4,6,4,6,3,5,3,4,3,3,2,2,1,0,1,0,0,-1,0,-3,0,-5,-1,-7,-1,-8,-2,-10,-2,-11,-2,-12,-3,-13,-3,-13,-2,-12,-1,-11,0,0,0,-8,0,-5,0,-2,0,0,0,3,0,5,1,8,1,10,2,12,1,13,2,14,1,13,2,13,2,12,1,10,0,8,0,5,0,3,0,0,-1,0,-2,-3,-3,-7,-4,-9,-5,-12,-7,-14,-8,-16,0,0,0,0,0,0,0,0,0,0]"""
875,"CSI_DATA,874,8c:90:2d:97:93:77,-52,11,1,7,1,0,1,0,1,0,0,-97,0,2,1,13274681,0,83,1,128,0,""[0,0,0,0,0,0,0,0,0,0,0,0,-5,-3,-6,-4,-7,-5,-7,-5,-8,-6,-8,-6,-8,-6,-8,-6,-7,-5,-7,-5,-6,-4,-5,-3,-4,-1,-2,0,-1,1,1,3,2,5,4,6,5,7,7,8,7,8,9,9,9,10,9,10,8,10,7,9,0,0,4,6,2,4,0,2,-3,0,-4,-2,-6,-4,-8,-6,-9,-8,-11,-9,-12,-10,-12,-10,-13,-10,-12,-9,-11,-8,-10,-8,-8,-7,-7,-5,-4,-3,-2,-2,1,-1,4,0,7,1,10,2,12,2,16,3,18,3,0,0,0,0,0,0,0,0,0,0]"""
876,"CSI_DATA,875,8c:90:2d:97:93:77,-52,11,1,7,1,0,1,0,1,0,0,-97,0,2,1,13284416,0,83,1,128,0,""[0,0,0,0,0,0,0,0,0,0,0,0,0,3,0,5,-1,6,-1,7,-1,7,-2,7,-1,7,-2,7,-1,7,-1,6,0,4,0,3,0,2,0,0,0,0,1,-2,1,-4,2,-6,2,-8,3,-9,3,-11,3,-12,3,-13,3,-12,3,-12,3,-10,0,0,2,-7,1,-4,1,-1,0,0,0,3,0,6,-1,8,-1,10,-1,12,-2,13,-2,14,-2,14,-1,13,-1,12,-1,10,-1,8,0,6,-1,3,-1,0,-1,0,-1,-4,-2,-7,-3,-10,-4,-12,-5,-14,-6,-16,0,0,0,0,0,0,0,0,0,0]"""
877,"CSI_DATA,876,8c:90:2d:97:93:77,-52,11,1,7,1,0,1,0,1,0,0,-97,0,2,1,13294392,0,83,1,128,0,""[0,0,0,0,0,0,0,0,0,0,0,0,-5,0,-7,0,-8,0,-9,-1,-9,-1,-10,-1,-10,-1,-9,-1,-8,-1,-8,-1,-7,0,-5,0,-4,0,-2,0,0,1,3,1,5,2,7,2,8,2,10,2,11,2,12,2,13,3,13,3,12,3,11,2,0,0,7,3,4,2,1,2,-2,1,-5,1,-7,0,-10,0,-12,-1,-14,-1,-15,-1,-16,-1,-16,-1,-15,-1,-14,-1,-12,-1,-10,0,-8,-1,-5,0,-2,-1,1,-2,4,-3,6,-4,9,-5,12,-7,14,-7,16,-8,0,0,0,0,0,0,0,0,0,0]"""
878,"CSI_DATA,877,8c:90:2d:97:93:77,-52,11,1,7,1,0,1,0,1,0,0,-97,0,2,1,13304432,0,83,1,128,0,""[0,0,0,0,0,0,0,0,0,0,0,0,4,2,5,3,6,3,7,4,7,5,7,5,7,5,7,4,6,4,6,3,5,2,4,2,3,0,1,-1,-1,-2,-2,-4,-4,-5,-6,-7,-7,-7,-8,-8,-10,-8,-11,-9,-11,-9,-12,-10,-11,-10,-9,-8,0,0,-6,-6,-4,-5,-1,-3,2,-1,4,0,6,2,8,4,10,5,11,6,13,6,13,7,13,6,13,6,12,5,10,5,9,4,7,3,3,2,1,1,-3,0,-6,0,-8,0,-11,0,-14,0,-17,1,-19,1,0,0,0,0,0,0,0,0,0,0]"""
879,"CSI_DATA,878,8c:90:2d:97:93:77,-52,11,1,7,1,0,1,0,1,0,0,-97,0,2,1,13314358,0,83,1,128,0,""[0,0,0,0,0,0,0,0,0,0,0,0,-1,-4,-1,-6,-1,-6,-1,-7,-2,-8,-2,-9,-2,-8,-2,-8,-2,-7,-2,-7,-2,-5,-1,-4,-1,-2,-1,0,0,0,0,2,0,4,0,6,0,8,0,9,0,10,0,11,0,12,0,12,0,12,0,10,0,0,0,7,0,4,-1,1,-2,0,-2,-3,-2,-6,-3,-8,-4,-10,-5,-12,-5,-13,-5,-14,-5,-13,-5,-13,-5,-12,-4,-10,-3,-9,-2,-6,-1,-4,0,-1,1,0,3,1,4,3,7,5,9,7,12,8,13,10,0,0,0,0,0,0,0,0,0,0]"""
880,"CSI_DATA,879,8c:90:2d:97:93:77,-52,11,1,7,1,0,1,0,1,0,0,-97,0,2,1,13324860,0,83,1,128,0,""[0,0,0,0,0,0,0,0,0,0,0,0,3,-4,4,-5,5,-6,6,-6,6,-7,7,-6,7,-6,6,-6,6,-6,5,-6,4,-5,3,-4,1,-4,0,-2,-2,-1,-4,-1,-6,0,-8,2,-9,3,-11,4,-12,4,-13,5,-13,5,-13,5,-13,4,-12,4,0,0,-8,2,-5,0,-3,-1,0,-2,3,-4,6,-5,8,-5,10,-6,11,-7,13,-7,13,-7,13,-8,13,-8,12,-7,10,-6,8,-5,6,-4,3,-3,1,-1,-1,1,-4,3,-6,5,-8,8,-10,10,-12,12,-13,13,0,0,0,0,0,0,0,0,0,0]"""
881,"CSI_DATA,880,8c:90:2d:97:93:77,-52,11,1,7,1,0,1,0,1,0,0,-97,0,2,1,13334432,0,83,1,128,0,""[0,0,0,0,0,0,0,0,0,0,0,0,4,-3,6,-3,7,-4,8,-4,8,-4,9,-3,8,-3,8,-3,8,-3,6,-3,6,-3,4,-3,2,-3,0,-2,-2,-2,-4,-2,-6,-1,-8,-1,-10,0,-12,0,-13,1,-14,1,-15,1,-14,1,-14,0,-13,0,0,0,-8,-1,-6,-2,-3,-2,1,-2,4,-3,7,-2,9,-3,11,-3,13,-3,14,-3,15,-3,15,-4,15,-4,13,-3,11,-3,9,-3,7,-2,4,-2,1,-1,-2,0,-5,2,-7,4,-10,5,-12,7,-14,8,-16,10,0,0,0,0,0,0,0,0,0,0]"""
882,"CSI_DATA,881,8c:90:2d:97:93:77,-52,11,1,7,1,0,1,0,1,0,0,-97,0,2,1,13344340,0,83,1,128,0,""[0,0,0,0,0,0,0,0,0,0,0,0,4,-3,6,-3,7,-3,7,-3,8,-4,9,-3,9,-3,8,-3,8,-3,7,-3,5,-3,4,-3,2,-3,0,-3,-2,-2,-4,-2,-6,-2,-8,-2,-10,-2,-12,-2,-13,-1,-14,-2,-15,-2,-15,-2,-14,-3,-12,-3,0,0,-8,-3,-6,-2,-3,-2,1,-1,4,-1,7,0,9,0,11,1,13,1,15,2,15,2,15,2,14,2,14,1,12,1,9,1,7,0,4,0,1,0,-2,0,-5,0,-8,0,-11,1,-14,1,-17,1,-20,2,0,0,0,0,0,0,0,0,0,0]"""
883,"CSI_DATA,882,8c:90:2d:97:93:77,-52,11,1,7,1,0,1,0,1,0,0,-97,0,2,1,13355443,0,83,1,128,0,""[0,0,0,0,0,0,0,0,0,0,0,0,1,4,2,5,2,7,2,8,2,9,2,9,2,9,1,8,1,8,2,7,1,6,1,4,2,2,1,1,1,-2,2,-4,1,-6,1,-8,2,-10,1,-12,1,-13,1,-14,1,-14,2,-14,2,-14,2,-13,0,0,2,-8,1,-5,1,-2,0,0,-1,4,-1,7,-2,9,-2,11,-2,12,-3,14,-3,15,-3,14,-3,14,-3,13,-2,12,-2,9,-2,6,-1,4,-1,2,-1,-2,-1,-5,-1,-9,-1,-12,-1,-15,-2,-17,-3,-19,0,0,0,0,0,0,0,0,0,0]"""
884,"CSI_DATA,883,8c:90:2d:97:93:77,-52,11,1,7,1,0,1,0,1,0,0,-97,0,2,1,13364383,0,83,1,128,0,""[0,0,0,0,0,0,0,0,0,0,0,0,5,0,6,0,7,1,8,1,8,2,9,2,8,2,8,2,8,2,7,1,6,1,4,0,3,-1,1,-2,0,-3,-2,-4,-4,-5,-6,-6,-7,-7,-8,-8,-10,-8,-10,-9,-11,-10,-11,-9,-10,-10,-9,-9,0,0,-5,-7,-3,-5,-1,-2,1,-1,3,2,4,4,6,6,7,8,9,9,9,10,10,11,10,10,10,10,9,9,7,9,6,7,5,5,2,3,0,1,-2,-1,-5,-3,-6,-6,-9,-7,-12,-8,-14,-10,-16,-11,0,0,0,0,0,0,0,0,0,0]"""
885,"CSI_DATA,884,8c:90:2d:97:93:77,-52,11,1,7,1,0,1,0,1,0,0,-97,0,2,1,13374552,0,83,1,128,0,""[0,0,0,0,0,0,0,0,0,0,0,0,-2,4,-3,6,-4,6,-4,7,-4,8,-4,8,-4,8,-4,8,-4,7,-3,6,-2,6,-2,5,0,2,0,1,2,-1,3,-2,4,-4,5,-6,6,-8,6,-9,7,-10,7,-11,8,-12,8,-12,8,-11,7,-10,0,0,5,-6,4,-3,2,-1,0,1,-2,4,-4,6,-5,8,-6,10,-6,11,-8,12,-8,13,-8,13,-8,13,-7,11,-6,10,-5,8,-4,6,-3,4,-2,1,-1,-1,0,-5,0,-9,0,-11,1,-14,1,-17,1,-19,0,0,0,0,0,0,0,0,0,0]"""
886,"CSI_DATA,885,8c:90:2d:97:93:77,-52,11,1,7,1,0,1,0,1,0,0,-97,0,2,1,13384364,0,83,1,128,0,""[0,0,0,0,0,0,0,0,0,0,0,0,4,-3,6,-3,7,-4,8,-4,8,-4,8,-3,9,-3,8,-3,7,-3,7,-3,6,-3,4,-3,2,-3,0,-2,-2,-2,-4,-2,-6,-1,-8,0,-10,0,-12,0,-13,1,-14,1,-15,1,-15,1,-15,0,-13,0,0,0,-8,-1,-6,-1,-3,-2,0,-2,3,-3,6,-3,9,-3,11,-3,13,-3,14,-3,15,-3,15,-4,14,-4,13,-3,11,-3,9,-2,7,-2,4,-2,1,-1,-2,0,-5,2,-7,4,-9,6,-12,8,-15,9,-16,10,0,0,0,0,0,0,0,0,0,0]"""
887,"CSI_DATA,886,8c:90:2d:97:93:77,-52,11,1,7,1,0,1,0,1,0,0,-97,0,2,1,13394336,0,83,1,128,0,""[0,0,0,0,0,0,0,0,0,0,0,0,-4,3,-5,4,-6,5,-7,5,-7,5,-7,5,-7,5,-7,5,-7,5,-5,5,-4,5,-3,3,-2,2,0,1,2,0,3,-1,5,-2,6,-4,8,-5,9,-6,10,-7,10,-8,11,-8,11,-8,11,-8,9,-6,0,0,7,-4,5,-2,2,0,0,1,-2,4,-5,5,-7,7,-8,8,-9,9,-11,10,-11,10,-11,10,-10,10,-9,9,-8,9,-7,7,-6,5,-4,3,-2,0,-1,-2,0,-5,1,-8,2,-11,3,-14,3,-16,4,-18,0,0,0,0,0,0,0,0,0,0]"""
888,"CSI_DATA,887,8c:90:2d:97:93:77,-52,11,1,7,1,0,1,0,1,0,0,-97,0,2,1,13404413,0,83,1,128,0,""[0,0,0,0,0,0,0,0,0,0,0,0,4,-1,6,-1,7,-1,8,-1,8,-1,9,-1,9,-1,8,-1,7,-1,7,-1,5,-1,4,-2,2,-1,0,-2,-2,-2,-4,-2,-6,-2,-8,-2,-10,-2,-11,-1,-12,-1,-13,-1,-14,-1,-14,-1,-14,-2,-12,-1,0,0,-8,-2,-6,-2,-3,-2,1,-2,3,-2,6,-3,9,-3,11,-3,12,-3,14,-3,14,-3,14,-4,14,-3,13,-4,11,-3,9,-3,7,-2,4,-2,1,0,-1,1,-4,3,-6,5,-8,7,-11,9,-13,10,-14,12,0,0,0,0,0,0,0,0,0,0]"""
889,"CSI_DATA,888,8c:90:2d:97:93:77,-52,11,1,7,1,0,1,0,1,0,0,-97,0,2,1,13414456,0,83,1,128,0,""[0,0,0,0,0,0,0,0,0,0,0,0,-5,1,-6,1,-8,2,-9,1,-9,2,-9,2,-9,1,-9,2,-9,2,-8,1,-7,2,-5,2,-3,1,-1,1,1,1,3,1,5,0,7,-1,9,-1,10,-1,11,-2,12,-2,13,-2,13,-2,12,-2,11,-1,0,0,7,0,5,0,2,1,-1,1,-4,2,-7,3,-9,3,-11,4,-13,4,-14,5,-15,4,-15,5,-14,5,-13,5,-11,4,-10,3,-7,2,-5,1,-2,0,0,-2,2,-4,4,-7,6,-9,8,-11,10,-13,11,-15,0,0,0,0,0,0,0,0,0,0]"""
890,"CSI_DATA,889,8c:90:2d:97:93:77,-52,11,1,7,1,0,1,0,1,0,0,-97,0,2,1,13424488,0,83,1,128,0,""[0,0,0,0,0,0,0,0,0,0,0,0,4,0,5,0,6,1,7,2,8,2,8,2,8,2,8,2,7,2,6,1,5,1,4,0,2,0,1,-1,0,-2,-1,-4,-3,-5,-5,-6,-7,-7,-8,-8,-10,-9,-10,-10,-10,-10,-11,-10,-10,-10,-8,-9,0,0,-5,-7,-3,-4,0,-2,0,0,2,1,4,4,6,6,7,7,9,9,10,10,10,11,10,11,10,10,9,10,7,8,6,7,5,4,2,2,0,0,-1,0,-4,-2,-6,-5,-9,-6,-12,-8,-15,-10,-17,-11,0,0,0,0,0,0,0,0,0,0]"""
891,"CSI_DATA,890,8c:90:2d:97:93:77,-52,11,1,7,1,0,1,0,1,0,0,-97,0,2,1,13434352,0,83,1,128,0,""[0,0,0,0,0,0,0,0,0,0,0,0,-1,4,-1,6,-1,7,-2,8,-2,9,-3,9,-2,9,-2,8,-2,8,-2,7,-1,6,-1,5,0,3,1,1,2,-1,3,-3,4,-4,5,-6,5,-8,6,-10,7,-11,7,-11,7,-12,8,-12,8,-11,7,-10,0,0,5,-6,4,-3,2,-1,-1,1,-3,3,-4,5,-6,7,-7,9,-8,10,-10,11,-10,11,-10,11,-10,11,-9,10,-8,9,-6,8,-6,5,-3,3,-2,1,0,-1,2,-4,3,-8,4,-10,5,-13,6,-16,7,-17,0,0,0,0,0,0,0,0,0,0]"""
892,"CSI_DATA,891,8c:90:2d:97:93:77,-52,11,1,7,1,0,1,0,1,0,0,-97,0,2,1,13444476,0,83,1,128,0,""[0,0,0,0,0,0,0,0,0,0,0,0,-2,-5,-2,-6,-3,-7,-2,-8,-3,-9,-3,-9,-3,-10,-3,-9,-3,-8,-3,-7,-3,-6,-2,-5,-2,-3,-2,-1,-2,1,-1,3,-1,5,-1,7,0,8,0,10,1,11,1,12,1,13,1,13,0,13,0,11,0,0,-1,7,-1,4,-2,1,-2,-1,-3,-4,-3,-7,-3,-10,-4,-11,-5,-13,-5,-15,-5,-15,-5,-15,-5,-14,-5,-13,-4,-12,-4,-10,-3,-7,-1,-5,0,-3,1,0,3,2,5,5,7,7,9,9,11,11,13,12,0,0,0,0,0,0,0,0,0,0]"""
893,"CSI_DATA,892,8c:90:2d:97:93:77,-52,11,1,7,1,0,1,0,1,0,0,-97,0,2,1,13454552,0,83,1,128,0,""[0,0,0,0,0,0,0,0,0,0,0,0,0,4,0,6,-1,7,-1,8,-2,8,-2,8,-1,9,-2,8,-1,7,-1,7,0,6,0,4,0,3,1,1,1,-1,2,-4,2,-5,2,-7,3,-9,3,-10,3,-12,3,-13,3,-14,3,-14,3,-13,3,-12,0,0,3,-8,2,-5,1,-2,1,1,0,4,-1,6,-2,9,-2,11,-2,13,-2,14,-2,14,-2,14,-2,14,-2,13,-1,11,-1,9,-1,6,-1,4,-2,2,-2,-1,-2,-5,-3,-8,-4,-11,-5,-13,-7,-16,-7,-17,0,0,0,0,0,0,0,0,0,0]"""
894,"CSI_DATA,893,8c:90:2d:97:93:77,-52,11,1,7,1,0,1,0,1,0,0,-97,0,2,1,13464481,0,83,1,128,0,""[0,0,0,0,0,0,0,0,0,0,0,0,-1,-5,-1,-7,-1,-8,0,-9,0,-9,0,-10,0,-10,0,-9,0,-9,-1,-8,-1,-7,-1,-5,-1,-3,-2,-2,-2,1,-2,2,-3,4,-3,7,-3,8,-3,10,-3,11,-3,12,-3,13,-3,13,-3,12,-3,11,0,0,-3,7,-3,4,-3,1,-2,-2,-1,-5,-1,-7,0,-10,0,-12,0,-14,0,-15,-1,-16,-1,-15,-1,-15,-1,-14,-1,-12,-1,-10,-1,-8,0,-5,1,-2,1,0,2,4,3,7,4,9,5,12,7,14,8,16,0,0,0,0,0,0,0,0,0,0]"""
895,"CSI_DATA,894,8c:90:2d:97:93:77,-52,11,1,7,1,0,1,0,1,0,0,-97,0,2,1,13474470,0,83,1,128,0,""[0,0,0,0,0,0,0,0,0,0,0,0,-5,-1,-6,-1,-7,-2,-7,-3,-8,-3,-8,-3,-8,-3,-8,-3,-7,-3,-7,-2,-6,-1,-4,0,-3,0,-2,0,0,1,0,2,2,3,4,4,5,5,6,6,8,7,8,8,9,8,9,7,9,8,7,7,0,0,3,4,1,3,0,1,-2,0,-3,-1,-5,-4,-6,-5,-8,-7,-10,-8,-11,-9,-11,-9,-12,-9,-11,-9,-10,-8,-9,-7,-7,-6,-6,-4,-3,-2,0,-1,0,0,3,0,5,2,8,2,11,3,14,4,16,5,0,0,0,0,0,0,0,0,0,0]"""
896,"CSI_DATA,895,8c:90:2d:97:93:77,-52,11,1,7,1,0,1,0,1,0,0,-97,0,2,1,13484507,0,83,1,128,0,""[0,0,0,0,0,0,0,0,0,0,0,0,1,3,2,4,2,5,3,6,3,7,3,7,3,7,3,7,2,6,2,5,2,4,1,3,1,1,1,0,0,-1,0,-3,0,-5,0,-7,0,-9,-1,-11,-1,-12,-1,-13,-1,-14,-1,-13,-1,-13,-1,-12,0,0,0,-8,0,-5,0,-2,0,0,0,3,0,6,0,8,0,10,1,12,1,14,1,14,1,14,1,13,1,12,1,11,0,9,0,6,0,3,0,0,0,0,-2,-4,-3,-7,-4,-10,-6,-12,-7,-14,-9,-16,0,0,0,0,0,0,0,0,0,0]"""
897,"CSI_DATA,896,8c:90:2d:97:93:77,-52,11,1,7,1,0,1,0,1,0,0,-97,0,2,1,13494397,0,83,1,128,0,""[0,0,0,0,0,0,0,0,0,0,0,0,3,-4,4,-5,5,-6,6,-6,6,-7,6,-6,6,-7,6,-6,5,-6,4,-6,3,-5,2,-4,1,-3,-1,-2,-2,-1,-4,1,-5,2,-6,4,-8,5,-8,7,-9,8,-10,8,-10,9,-10,9,-10,8,-10,7,0,0,-7,4,-5,2,-3,-1,-2,-2,1,-5,2,-7,4,-9,5,-11,5,-12,6,-13,6,-14,6,-14,6,-14,5,-13,4,-12,3,-10,2,-7,2,-5,1,-2,1,0,1,4,1,8,2,10,2,13,3,15,3,17,0,0,0,0,0,0,0,0,0,0]"""
898,"CSI_DATA,897,8c:90:2d:97:93:77,-52,11,1,7,1,0,1,0,1,0,0,-97,0,2,1,13504521,0,83,1,128,0,""[0,0,0,0,0,0,0,0,0,0,0,0,2,4,2,5,3,6,3,7,3,8,3,8,3,8,3,7,3,7,3,6,3,5,2,3,2,2,1,0,0,-2,-1,-4,-2,-6,-3,-8,-4,-9,-5,-10,-6,-11,-6,-12,-7,-13,-7,-13,-6,-12,-6,-11,0,0,-3,-8,-2,-6,0,-3,2,-1,3,1,5,4,7,6,8,7,9,9,10,9,11,10,11,9,11,9,10,8,8,7,7,6,5,4,3,2,0,2,-2,0,-6,-1,-8,-1,-11,-1,-14,-1,-18,-1,-20,-1,0,0,0,0,0,0,0,0,0,0]"""
899,"CSI_DATA,898,8c:90:2d:97:93:77,-52,11,1,7,1,0,1,0,1,0,0,-97,0,2,1,13514546,0,83,1,128,0,""[0,0,0,0,0,0,0,0,0,0,0,0,4,-3,5,-4,6,-4,7,-4,8,-4,8,-4,8,-4,8,-4,7,-4,7,-4,5,-4,4,-3,2,-3,0,-3,-2,-2,-4,-2,-6,-2,-9,-2,-10,-1,-12,-1,-13,-1,-14,-1,-15,-1,-15,-1,-14,-1,-13,-2,0,0,-9,-2,-5,-2,-3,-2,1,-1,3,-1,6,0,9,0,11,0,13,1,15,1,15,1,15,1,15,1,14,0,11,1,9,1,8,0,4,0,1,-1,-2,0,-5,0,-8,1,-11,1,-14,2,-17,2,-20,3,0,0,0,0,0,0,0,0,0,0]"""
900,"CSI_DATA,899,8c:90:2d:97:93:77,-52,11,1,7,1,0,1,0,1,0,0,-97,0,2,1,13524391,0,83,1,128,0,""[0,0,0,0,0,0,0,0,0,0,0,0,-3,-5,-4,-6,-4,-7,-4,-8,-4,-9,-4,-9,-4,-9,-4,-9,-4,-8,-4,-7,-4,-6,-3,-5,-3,-3,-3,-1,-2,1,-2,3,-2,5,-1,7,-1,9,-1,11,-1,12,-1,13,-1,14,-1,13,-1,13,-2,11,0,0,-2,7,-2,4,-2,1,-2,-1,-1,-5,0,-8,0,-10,0,-12,0,-14,1,-15,1,-16,1,-16,1,-15,1,-14,0,-13,0,-11,1,-8,0,-5,0,-2,0,0,0,4,0,7,1,10,1,13,2,15,2,18,0,0,0,0,0,0,0,0,0,0]"""
901,"CSI_DATA,900,8c:90:2d:97:93:77,-52,11,1,7,1,0,1,0,1,0,0,-97,0,2,1,13535006,0,83,1,128,0,""[0,0,0,0,0,0,0,0,0,0,0,0,4,-2,6,-3,7,-3,8,-3,9,-3,9,-3,9,-3,9,-3,8,-3,7,-3,6,-2,4,-2,3,-3,1,-3,-2,-2,-4,-2,-6,-3,-8,-3,-10,-3,-11,-2,-13,-2,-14,-2,-15,-3,-15,-3,-14,-3,-13,-3,0,0,-8,-3,-6,-2,-3,-2,1,-1,4,-1,7,0,9,1,11,1,14,1,15,2,16,2,15,3,15,2,14,2,12,1,9,1,7,1,4,0,1,0,-2,0,-6,0,-8,0,-12,0,-15,1,-18,1,-21,1,0,0,0,0,0,0,0,0,0,0]"""
902,"CSI_DATA,901,8c:90:2d:97:93:77,-52,11,1,7,1,0,1,0,1,0,0,-97,0,2,1,13544375,0,83,1,128,0,""[0,0,0,0,0,0,0,0,0,0,0,0,-5,2,-6,2,-7,3,-8,3,-9,3,-9,3,-9,3,-9,3,-8,3,-7,3,-6,3,-5,2,-3,2,-1,2,1,1,3,1,5,0,7,0,9,-1,10,-1,12,-2,13,-2,13,-2,14,-2,13,-1,12,-1,0,0,8,0,5,0,2,1,-2,1,-5,1,-7,1,-10,2,-12,1,-14,1,-15,2,-16,2,-16,2,-16,2,-14,1,-12,1,-10,1,-8,1,-5,0,-2,0,1,-1,4,-3,6,-4,9,-6,12,-7,14,-8,16,-9,0,0,0,0,0,0,0,0,0,0]"""
903,"CSI_DATA,902,8c:90:2d:97:93:77,-52,11,1,7,1,0,1,0,1,0,0,-97,0,2,1,13554442,0,83,1,128,0,""[0,0,0,0,0,0,0,0,0,0,0,0,-2,4,-2,6,-2,7,-3,8,-3,8,-4,8,-4,8,-3,8,-3,7,-3,7,-2,6,-1,5,-1,3,1,1,2,-1,3,-2,4,-4,5,-6,5,-8,6,-9,7,-11,8,-11,8,-12,8,-12,8,-11,7,-10,0,0,5,-6,4,-4,2,-1,0,1,-2,4,-4,6,-6,8,-7,10,-8,11,-9,12,-9,13,-9,13,-9,12,-8,11,-7,10,-6,8,-5,6,-3,4,-2,1,0,-2,1,-5,1,-8,2,-11,3,-14,3,-17,4,-19,0,0,0,0,0,0,0,0,0,0]"""
904,"CSI_DATA,903,8c:90:2d:97:93:77,-52,11,1,7,1,0,1,0,1,0,0,-97,0,2,1,13564386,0,83,1,128,0,""[0,0,0,0,0,0,0,0,0,0,0,0,-5,2,-6,3,-7,3,-8,3,-9,3,-9,3,-9,3,-8,3,-8,3,-8,3,-6,3,-5,2,-3,2,-1,2,1,1,3,1,5,0,7,0,9,-1,11,-2,12,-2,13,-2,14,-2,14,-2,13,-1,11,-1,0,0,7,0,5,0,2,1,-2,1,-5,1,-7,2,-10,2,-12,2,-14,2,-15,2,-16,2,-16,2,-15,3,-14,2,-12,2,-10,2,-8,1,-5,1,-2,0,1,-1,4,-3,6,-4,9,-6,11,-8,14,-9,16,-10,0,0,0,0,0,0,0,0,0,0]"""
905,"CSI_DATA,904,8c:90:2d:97:93:77,-52,11,1,7,1,0,1,0,1,0,1,-97,0,2,1,13574627,0,83,1,128,0,""[0,0,0,0,0,0,0,0,0,0,0,0,-3,-3,-4,-4,-5,-5,-5,-6,-6,-6,-6,-6,-6,-6,-6,-6,-5,-5,-4,-5,-4,-4,-4,-2,-3,-1,-2,0,-1,1,0,2,0,4,1,6,2,7,3,9,4,10,4,10,5,11,5,11,4,11,3,10,0,0,1,6,0,3,0,1,-2,0,-2,-3,-3,-6,-4,-8,-5,-10,-6,-11,-6,-13,-6,-13,-6,-13,-6,-13,-6,-11,-5,-10,-4,-8,-3,-5,-1,-4,0,-1,0,0,2,2,3,5,6,6,8,9,11,10,12,11,0,0,0,0,0,0,0,0,0,0]"""
906,"CSI_DATA,905,8c:90:2d:97:93:77,-52,11,1,7,1,0,1,0,1,0,1,-97,0,2,1,13586193,0,83,1,128,0,""[0,0,0,0,0,0,0,0,0,0,0,0,-5,0,-6,0,-7,-1,-8,-1,-8,-2,-8,-2,-8,-2,-8,-2,-8,-2,-7,-1,-6,-1,-4,0,-3,0,-2,0,0,1,1,2,3,3,4,3,5,4,7,5,8,5,9,6,10,6,10,6,9,7,8,6,0,0,4,4,2,3,0,0,-1,0,-3,-1,-5,-3,-7,-5,-9,-6,-10,-8,-11,-8,-12,-9,-12,-9,-11,-8,-10,-8,-9,-7,-7,-6,-5,-4,-3,-2,0,-1,0,0,3,0,5,2,8,3,11,3,14,4,16,5,0,0,0,0,0,0,0,0,0,0]"""
907,"CSI_DATA,906,8c:90:2d:97:93:77,-52,11,1,7,1,0,1,0,1,0,1,-97,0,2,1,13594390,0,83,1,128,0,""[0,0,0,0,0,0,0,0,0,0,0,0,1,4,0,6,0,7,0,8,0,8,0,9,0,9,0,9,0,8,0,7,1,6,1,4,1,2,1,0,1,-2,2,-3,2,-6,2,-8,2,-10,2,-11,2,-12,3,-13,2,-14,2,-14,3,-13,3,-12,0,0,2,-8,2,-5,1,-2,1,1,0,4,-1,7,-2,9,-2,11,-2,13,-3,14,-3,15,-2,15,-3,14,-2,13,-2,11,-2,10,-2,6,-1,5,-1,1,-1,-2,-2,-4,-2,-8,-3,-11,-4,-14,-5,-16,-5,-19,0,0,0,0,0,0,0,0,0,0]"""
908,"CSI_DATA,907,8c:90:2d:97:93:77,-52,11,1,7,1,0,1,0,1,0,1,-97,0,2,1,13604429,0,83,1,128,0,""[0,0,0,0,0,0,0,0,0,0,0,0,3,-4,4,-5,5,-6,6,-6,6,-7,6,-7,6,-7,6,-7,5,-6,5,-6,4,-5,3,-5,1,-3,-1,-2,-3,-1,-4,0,-6,1,-7,3,-9,4,-10,5,-11,6,-12,7,-12,7,-12,7,-12,6,-11,6,0,0,-7,3,-5,1,-3,-1,0,-2,2,-4,5,-6,7,-7,8,-9,9,-9,11,-10,11,-11,11,-11,11,-10,10,-10,8,-9,7,-8,5,-5,3,-4,1,-2,-1,1,-2,4,-3,7,-5,9,-6,12,-7,15,-8,16,0,0,0,0,0,0,0,0,0,0]"""
909,"CSI_DATA,908,8c:90:2d:97:93:77,-52,11,1,7,1,0,1,0,1,0,1,-97,0,2,1,13614498,0,83,1,128,0,""[0,0,0,0,0,0,0,0,0,0,0,0,-3,-5,-4,-6,-4,-7,-4,-8,-5,-9,-4,-9,-5,-9,-5,-8,-4,-8,-4,-7,-4,-6,-3,-4,-3,-3,-2,-1,-2,1,-1,3,0,5,1,7,2,8,3,10,3,11,4,12,4,13,4,13,3,12,3,11,0,0,1,8,0,5,-1,2,-3,-1,-3,-3,-4,-6,-5,-9,-7,-10,-8,-12,-8,-13,-9,-14,-9,-14,-9,-13,-8,-12,-7,-11,-6,-9,-5,-7,-3,-4,0,-3,2,0,4,2,6,4,9,5,11,6,14,8,16,9,0,0,0,0,0,0,0,0,0,0]"""
910,"CSI_DATA,909,8c:90:2d:97:93:77,-52,11,1,7,1,0,1,0,1,0,1,-97,0,2,1,13624342,0,83,1,128,0,""[0,0,0,0,0,0,0,0,0,0,0,0,-5,2,-6,2,-7,3,-8,3,-9,3,-9,3,-8,3,-8,3,-8,3,-7,3,-6,3,-5,2,-3,2,-1,1,1,0,3,0,5,-1,7,-2,8,-2,10,-3,11,-4,12,-4,13,-5,13,-4,12,-4,11,-3,0,0,7,-2,5,-1,2,1,-1,1,-4,3,-6,4,-9,5,-11,5,-12,6,-13,6,-14,6,-14,7,-13,7,-12,6,-11,6,-9,5,-7,3,-5,2,-2,0,0,-2,2,-4,4,-7,6,-10,7,-12,8,-14,10,-16,0,0,0,0,0,0,0,0,0,0]"""
911,"CSI_DATA,910,8c:90:2d:97:93:77,-52,11,1,7,1,0,1,0,1,0,1,-97,0,2,1,13634383,0,83,1,128,0,""[0,0,0,0,0,0,0,0,0,0,0,0,4,-2,5,-3,7,-3,8,-3,8,-3,8,-3,8,-4,8,-3,7,-4,7,-3,6,-3,4,-3,2,-3,0,-2,-2,-2,-4,-1,-6,-1,-8,0,-10,1,-11,2,-13,2,-13,3,-14,3,-14,3,-14,2,-12,2,0,0,-9,0,-6,-1,-3,-2,0,-2,3,-4,6,-5,8,-5,10,-6,11,-7,13,-8,14,-7,13,-8,13,-8,12,-7,10,-7,8,-6,6,-4,3,-4,1,-1,-1,1,-3,3,-4,7,-6,9,-8,12,-9,14,-10,16,0,0,0,0,0,0,0,0,0,0]"""
912,"CSI_DATA,911,8c:90:2d:97:93:77,-52,11,1,7,1,0,1,0,1,0,1,-97,0,2,1,13644363,0,83,1,128,0,""[0,0,0,0,0,0,0,0,0,0,0,0,3,-4,4,-5,5,-6,6,-6,7,-7,7,-7,7,-7,6,-6,6,-6,5,-6,4,-5,3,-5,1,-4,0,-3,-3,-2,-5,-1,-7,0,-8,1,-10,2,-11,3,-13,3,-14,3,-14,4,-14,4,-14,3,-12,2,0,0,-8,1,-6,0,-3,-1,1,-2,3,-2,6,-3,9,-4,11,-4,13,-4,14,-4,15,-4,15,-5,14,-5,13,-4,11,-4,9,-3,7,-2,4,-2,1,-1,-2,0,-5,2,-7,3,-10,5,-12,7,-15,7,-17,9,0,0,0,0,0,0,0,0,0,0]"""
913,"CSI_DATA,912,8c:90:2d:97:93:77,-52,11,1,7,1,0,1,0,1,0,1,-97,0,2,1,13654426,0,83,1,128,0,""[0,0,0,0,0,0,0,0,0,0,0,0,0,-5,0,-7,0,-8,0,-9,1,-10,1,-10,1,-10,1,-9,1,-9,0,-8,0,-7,-1,-6,-1,-4,-2,-2,-3,0,-4,1,-5,3,-6,5,-6,7,-7,9,-7,10,-8,11,-8,11,-8,11,-8,10,-8,9,0,0,-6,5,-5,3,-3,0,0,-2,1,-5,3,-6,5,-8,6,-10,8,-11,9,-12,10,-12,10,-13,9,-12,8,-11,7,-10,6,-8,4,-6,2,-4,1,-2,-1,1,-3,3,-4,7,-6,9,-7,12,-8,14,-9,16,0,0,0,0,0,0,0,0,0,0]"""
914,"CSI_DATA,913,8c:90:2d:97:93:77,-52,11,1,7,1,0,1,0,1,0,1,-97,0,2,1,13664702,0,83,1,128,0,""[0,0,0,0,0,0,0,0,0,0,0,0,2,4,2,5,3,6,3,7,3,8,3,8,3,8,3,7,3,7,3,6,3,5,2,3,2,2,1,0,0,-2,-1,-4,-1,-6,-2,-8,-3,-9,-4,-10,-5,-12,-6,-12,-6,-13,-6,-13,-5,-13,-4,-12,0,0,-2,-8,-1,-6,0,-3,2,0,3,2,4,5,5,7,6,9,8,10,8,11,9,12,9,12,9,11,8,10,7,9,5,7,5,5,2,3,0,2,-3,0,-5,-2,-7,-3,-10,-4,-13,-5,-16,-6,-18,-7,0,0,0,0,0,0,0,0,0,0]"""
915,"CSI_DATA,914,8c:90:2d:97:93:77,-52,11,1,7,1,0,1,0,1,0,0,-97,0,2,1,13674609,0,83,1,128,0,""[0,0,0,0,0,0,0,0,0,0,0,0,0,5,0,6,0,7,-1,8,0,8,0,9,-1,9,0,8,0,8,0,7,0,6,0,4,1,2,1,0,1,-2,1,-3,1,-6,1,-8,1,-10,1,-11,0,-13,0,-14,0,-15,0,-14,0,-14,0,-13,0,0,1,-8,1,-6,1,-2,2,0,2,3,1,6,2,9,2,11,3,13,3,14,3,15,3,14,3,14,3,13,3,11,2,9,2,6,0,4,-1,2,-3,-1,-4,-4,-6,-6,-8,-8,-10,-10,-13,-12,-15,-13,0,0,0,0,0,0,0,0,0,0]"""
916,"CSI_DATA,915,8c:90:2d:97:93:77,-52,11,1,7,1,0,1,0,1,0,0,-97,0,2,1,13684454,0,83,1,128,0,""[0,0,0,0,0,0,0,0,0,0,0,0,4,-3,5,-3,6,-4,7,-4,8,-4,8,-4,8,-5,7,-4,7,-4,6,-3,5,-4,4,-3,2,-3,0,-2,-2,-1,-4,-1,-6,0,-8,1,-9,2,-11,3,-12,3,-13,4,-14,4,-14,4,-13,4,-12,3,0,0,-8,1,-6,0,-3,-2,0,-2,3,-4,5,-5,7,-6,9,-7,11,-8,12,-9,12,-9,13,-9,12,-9,11,-9,9,-8,7,-7,6,-4,4,-4,1,-1,-1,1,-2,4,-4,7,-5,10,-6,12,-7,14,-8,16,0,0,0,0,0,0,0,0,0,0]"""
917,"CSI_DATA,916,8c:90:2d:97:93:77,-52,11,1,7,1,0,1,0,1,0,0,-97,0,2,1,13694325,0,83,1,128,0,""[0,0,0,0,0,0,0,0,0,0,0,0,0,-4,1,-5,2,-6,2,-7,3,-7,3,-8,3,-8,3,-7,2,-7,2,-6,1,-5,0,-4,0,-3,0,-1,-1,0,-3,0,-4,1,-6,3,-6,4,-8,6,-8,6,-9,7,-10,8,-10,7,-10,6,-9,6,0,0,-6,3,-4,1,-2,0,0,-1,1,-3,3,-4,5,-6,7,-7,8,-9,9,-9,10,-9,10,-10,10,-9,8,-8,7,-8,5,-6,4,-4,2,-3,0,-1,0,0,-2,2,-3,5,-5,8,-6,10,-8,12,-8,14,0,0,0,0,0,0,0,0,0,0]"""
918,"CSI_DATA,917,8c:90:2d:97:93:77,-52,11,1,7,1,0,1,0,1,0,0,-97,0,2,1,13704415,0,83,1,128,0,""[0,0,0,0,0,0,0,0,0,0,0,0,2,-3,3,-4,4,-5,5,-5,6,-5,6,-5,6,-5,6,-5,5,-5,4,-4,4,-4,2,-3,0,-3,0,-2,-1,-1,-3,-1,-5,0,-8,0,-9,0,-10,0,-12,0,-13,0,-14,0,-14,0,-13,0,-12,0,0,0,-7,0,-5,0,-2,0,0,0,2,0,5,0,8,0,10,0,12,0,13,0,14,0,14,0,13,0,12,0,11,0,9,0,6,0,3,0,0,0,-1,0,-5,0,-7,0,-10,0,-13,0,-16,1,-18,1,0,0,0,0,0,0,0,0,0,0]"""
919,"CSI_DATA,918,8c:90:2d:97:93:77,-51,11,1,7,1,0,1,0,1,0,0,-97,0,2,1,13714449,0,83,1,128,0,""[0,0,0,0,0,0,0,0,0,0,0,0,0,-6,0,-6,0,-8,0,-8,0,-9,1,-9,1,-10,0,-9,0,-8,0,-8,-1,-7,-1,-5,-1,-3,-2,-2,-2,0,-3,2,-3,4,-3,6,-4,8,-4,10,-4,11,-4,12,-4,13,-4,13,-4,12,-5,11,0,0,-4,7,-3,4,-3,1,-2,-2,-1,-5,0,-8,0,-10,1,-12,0,-13,1,-16,1,-16,1,-15,1,-15,1,-13,0,-13,0,-10,0,-8,0,-5,0,-3,1,1,2,4,2,7,3,10,4,12,5,14,7,16,0,0,0,0,0,0,0,0,0,0]"""
920,"CSI_DATA,919,8c:90:2d:97:93:77,-51,11,1,7,1,0,1,0,1,0,0,-97,0,2,1,13724711,0,83,1,128,0,""[0,0,0,0,0,0,0,0,0,0,0,0,-3,3,-4,4,-5,5,-6,6,-6,6,-7,6,-6,6,-6,6,-6,6,-5,5,-4,5,-3,4,-2,3,0,1,2,0,3,-1,4,-3,6,-5,7,-6,9,-7,9,-8,10,-9,10,-9,10,-9,10,-8,9,-8,0,0,6,-5,5,-2,2,0,0,2,-3,4,-5,5,-7,7,-8,8,-9,9,-11,10,-11,11,-11,11,-10,10,-10,9,-8,9,-7,7,-6,5,-4,3,-2,1,-1,-2,1,-5,2,-8,3,-11,4,-14,5,-16,5,-19,0,0,0,0,0,0,0,0,0,0]"""
921,"CSI_DATA,920,8c:90:2d:97:93:77,-52,11,1,7,1,0,1,0,1,0,0,-97,0,2,1,13734508,0,83,1,128,0,""[0,0,0,0,0,0,0,0,0,0,0,0,1,4,2,5,2,7,1,8,2,8,2,9,2,9,2,8,1,8,1,6,1,6,1,4,2,2,2,0,2,-2,2,-3,2,-6,2,-8,2,-10,2,-11,2,-13,2,-13,2,-15,2,-14,3,-14,2,-12,0,0,2,-8,2,-5,1,-2,0,1,-1,4,-1,6,-3,9,-3,11,-4,12,-4,14,-5,14,-5,14,-5,14,-4,12,-4,11,-3,9,-2,6,-2,4,-1,1,-1,-2,0,-5,0,-9,0,-11,0,-14,0,-16,0,-19,0,0,0,0,0,0,0,0,0,0]"""
922,"CSI_DATA,921,8c:90:2d:97:93:77,-52,11,1,7,1,0,1,0,1,0,0,-97,0,2,1,13744347,0,83,1,128,0,""[0,0,0,0,0,0,0,0,0,0,0,0,3,0,5,1,5,1,6,2,6,3,7,3,7,3,7,3,6,2,5,2,4,1,3,0,2,0,1,0,0,-2,-1,-3,-2,-5,-4,-6,-5,-8,-6,-8,-7,-9,-7,-10,-8,-11,-8,-11,-7,-11,-6,-10,0,0,-3,-7,-1,-4,0,-2,0,0,1,2,3,4,3,7,5,8,6,10,6,11,6,12,6,12,6,11,6,10,5,9,4,7,2,4,1,3,0,0,-1,0,-3,-3,-4,-6,-6,-7,-9,-10,-11,-11,-13,-13,0,0,0,0,0,0,0,0,0,0]"""
923,"CSI_DATA,922,8c:90:2d:97:93:77,-52,11,1,7,1,0,1,0,1,0,0,-97,0,2,1,13754454,0,83,1,128,0,""[0,0,0,0,0,0,0,0,0,0,0,0,2,-5,3,-6,4,-7,5,-7,5,-8,5,-8,5,-8,5,-7,4,-7,4,-6,3,-6,2,-5,0,-4,-1,-3,-3,-1,-4,0,-6,1,-7,2,-9,4,-10,5,-11,6,-12,6,-12,7,-12,7,-13,6,-11,5,0,0,-8,2,-6,1,-3,-1,0,-2,3,-3,5,-5,8,-6,9,-7,11,-7,12,-8,13,-8,13,-8,12,-8,11,-7,10,-7,8,-6,6,-4,3,-3,1,-1,-2,0,-4,3,-6,5,-8,7,-10,10,-12,11,-14,13,0,0,0,0,0,0,0,0,0,0]"""
924,"CSI_DATA,923,8c:90:2d:97:93:77,-52,11,1,7,1,0,1,0,1,0,0,-97,0,2,1,13764692,0,83,1,128,0,""[0,0,0,0,0,0,0,0,0,0,0,0,3,3,4,5,4,5,4,7,4,7,4,7,5,7,4,7,4,6,4,5,4,5,3,3,2,1,1,0,1,-3,0,-5,-1,-6,-2,-8,-3,-10,-3,-11,-4,-12,-5,-13,-5,-14,-5,-14,-4,-13,-3,-12,0,0,-2,-9,-1,-6,0,-3,1,0,2,3,3,6,3,8,4,10,5,12,5,13,6,14,6,14,5,13,5,12,4,10,4,9,3,6,1,4,0,1,-2,-1,-4,-4,-6,-6,-8,-8,-10,-10,-12,-12,-14,-13,0,0,0,0,0,0,0,0,0,0]"""
925,"CSI_DATA,924,8c:90:2d:97:93:77,-52,11,1,7,1,0,1,0,1,0,0,-97,0,2,1,13774474,0,83,1,128,0,""[0,0,0,0,0,0,0,0,0,0,0,0,-5,-2,-7,-2,-8,-3,-8,-3,-9,-4,-9,-4,-9,-4,-9,-4,-8,-3,-8,-3,-6,-2,-5,-1,-4,0,-2,0,-1,2,1,3,4,4,5,5,7,5,8,6,9,7,10,7,11,8,11,8,10,8,8,7,0,0,5,5,3,4,1,2,-2,0,-4,-2,-7,-4,-8,-5,-10,-6,-12,-7,-13,-8,-14,-9,-14,-8,-13,-8,-12,-7,-11,-7,-9,-5,-8,-4,-4,-3,-1,-2,2,-1,4,0,6,0,10,1,13,1,16,2,18,2,0,0,0,0,0,0,0,0,0,0]"""
926,"CSI_DATA,925,8c:90:2d:97:93:77,-52,11,1,7,1,0,1,0,1,0,0,-97,0,2,1,13784305,0,83,1,128,0,""[0,0,0,0,0,0,0,0,0,0,0,0,-4,-2,-5,-3,-5,-4,-6,-5,-7,-5,-7,-6,-7,-6,-7,-5,-6,-5,-6,-4,-5,-3,-4,-2,-3,-1,-2,0,0,1,0,2,0,4,2,5,3,7,4,8,5,9,6,10,6,10,6,10,5,10,4,9,0,0,2,6,0,3,0,1,-2,0,-3,-2,-4,-5,-5,-7,-6,-9,-8,-10,-8,-12,-8,-12,-8,-12,-8,-12,-8,-11,-6,-9,-5,-8,-4,-5,-2,-4,0,-1,0,0,3,1,4,3,7,5,9,7,12,8,14,10,0,0,0,0,0,0,0,0,0,0]"""
927,"CSI_DATA,926,8c:90:2d:97:93:77,-52,11,1,7,1,0,1,0,1,0,0,-97,0,2,1,13794374,0,83,1,128,0,""[0,0,0,0,0,0,0,0,0,0,0,0,-2,4,-3,5,-4,6,-4,7,-5,8,-5,7,-5,7,-5,7,-4,7,-4,6,-3,5,-2,4,-1,3,0,1,2,0,3,-1,5,-3,6,-5,7,-6,8,-7,9,-8,10,-9,10,-9,10,-9,10,-8,9,-7,0,0,6,-5,4,-3,2,-1,-1,1,-3,3,-6,4,-8,6,-10,6,-12,7,-12,8,-13,8,-13,8,-13,8,-12,7,-10,7,-8,5,-7,4,-4,3,-2,1,1,-1,3,-4,4,-6,6,-9,8,-11,10,-13,12,-14,0,0,0,0,0,0,0,0,0,0]"""
928,"CSI_DATA,927,8c:90:2d:97:93:77,-52,11,1,7,1,0,1,0,1,0,0,-97,0,2,1,13804464,0,83,1,128,0,""[0,0,0,0,0,0,0,0,0,0,0,0,-6,0,-7,1,-8,0,-9,0,-10,0,-10,0,-10,0,-10,0,-9,0,-8,0,-7,0,-5,0,-4,1,-2,2,0,2,2,2,5,3,6,3,8,4,9,4,11,4,12,5,12,5,13,5,12,5,10,5,0,0,6,4,4,3,1,1,-2,0,-4,-1,-7,-3,-9,-5,-11,-5,-13,-6,-14,-7,-14,-8,-14,-8,-14,-7,-13,-7,-11,-6,-9,-5,-7,-4,-4,-2,-2,-1,1,-1,4,1,7,2,10,2,13,3,16,4,18,4,0,0,0,0,0,0,0,0,0,0]"""
929,"CSI_DATA,928,8c:90:2d:97:93:77,-52,11,1,7,1,0,1,0,1,0,0,-97,0,2,1,13814417,0,83,1,128,0,""[0,0,0,0,0,0,0,0,0,0,0,0,-5,2,-6,3,-7,4,-8,4,-9,4,-9,4,-9,4,-8,4,-8,4,-7,4,-6,3,-4,3,-3,2,-1,1,1,1,3,0,5,0,7,-1,9,-2,11,-3,11,-4,12,-4,13,-4,14,-4,13,-3,11,-3,0,0,7,-2,5,0,2,1,-1,1,-4,2,-7,3,-10,3,-11,3,-13,4,-15,4,-15,4,-15,4,-15,4,-14,4,-11,4,-10,3,-8,2,-5,1,-2,0,1,-1,3,-3,5,-6,8,-7,10,-9,12,-11,14,-12,0,0,0,0,0,0,0,0,0,0]"""
930,"CSI_DATA,929,8c:90:2d:97:93:77,-52,11,1,7,1,0,1,0,1,0,0,-97,0,2,1,13824539,0,83,1,128,0,""[0,0,0,0,0,0,0,0,0,0,0,0,-3,-5,-3,-6,-3,-8,-3,-9,-3,-10,-3,-10,-3,-9,-3,-9,-3,-8,-3,-8,-2,-7,-2,-5,-2,-3,-3,-2,-3,1,-2,3,-3,5,-2,7,-2,9,-2,11,-2,12,-2,13,-2,14,-3,13,-3,13,-3,11,0,0,-3,7,-3,4,-2,1,-1,-1,-1,-5,0,-8,1,-10,1,-12,1,-13,2,-15,2,-16,3,-16,2,-15,2,-14,1,-13,1,-11,1,-8,0,-5,0,-3,0,1,0,4,0,8,0,10,1,14,1,16,1,18,0,0,0,0,0,0,0,0,0,0]"""
931,"CSI_DATA,930,8c:90:2d:97:93:77,-52,11,1,7,1,0,1,0,1,0,0,-97,0,2,1,13834689,0,83,1,128,0,""[0,0,0,0,0,0,0,0,0,0,0,0,-3,3,-4,4,-5,5,-6,6,-6,6,-6,6,-6,6,-6,6,-6,6,-5,5,-4,4,-3,4,-2,3,0,1,2,0,3,-1,4,-2,6,-4,8,-5,9,-6,9,-7,10,-8,10,-8,11,-8,10,-7,9,-7,0,0,7,-4,4,-2,2,0,0,1,-3,3,-5,4,-7,6,-9,7,-11,8,-11,9,-12,9,-12,9,-11,9,-11,8,-9,7,-8,6,-6,4,-4,3,-2,1,0,-2,1,-5,3,-8,4,-10,6,-12,7,-14,8,-16,0,0,0,0,0,0,0,0,0,0]"""
932,"CSI_DATA,931,8c:90:2d:97:93:77,-52,11,1,7,1,0,1,0,1,0,0,-97,0,2,1,13844439,0,83,1,128,0,""[0,0,0,0,0,0,0,0,0,0,0,0,-3,-5,-4,-6,-4,-7,-5,-8,-5,-8,-5,-8,-5,-8,-5,-8,-4,-7,-5,-7,-4,-6,-4,-4,-3,-3,-2,-1,-2,1,-1,3,0,5,2,7,2,8,3,10,4,10,4,12,5,12,5,12,4,12,3,11,0,0,1,7,1,5,-1,2,-2,-1,-3,-4,-4,-6,-5,-8,-7,-10,-8,-12,-8,-13,-8,-13,-9,-13,-8,-13,-8,-11,-7,-10,-6,-9,-5,-7,-2,-4,-1,-2,1,0,4,1,5,4,9,5,11,6,14,7,15,9,0,0,0,0,0,0,0,0,0,0]"""
933,"CSI_DATA,932,8c:90:2d:97:93:77,-52,11,1,7,1,0,1,0,1,0,0,-97,0,2,1,13854398,0,83,1,128,0,""[0,0,0,0,0,0,0,0,0,0,0,0,-2,4,-2,5,-3,7,-4,7,-4,8,-4,8,-4,8,-4,8,-3,7,-3,6,-2,6,-2,4,0,2,1,1,1,-1,2,-2,3,-4,4,-7,5,-8,5,-10,5,-11,6,-12,6,-12,6,-12,7,-11,6,-10,0,0,5,-7,3,-4,2,-1,1,1,-1,4,-3,6,-4,9,-5,10,-5,12,-6,13,-6,13,-6,13,-6,13,-5,12,-4,11,-4,9,-3,6,-2,4,-2,1,-1,-2,-1,-5,-1,-8,-1,-11,-2,-14,-2,-16,-3,-19,0,0,0,0,0,0,0,0,0,0]"""
934,"CSI_DATA,933,8c:90:2d:97:93:77,-52,11,1,7,1,0,1,0,1,0,0,-97,0,2,1,13865206,0,83,1,128,0,""[0,0,0,0,0,0,0,0,0,0,0,0,1,4,1,5,1,7,1,8,1,9,1,9,1,9,1,8,1,8,1,7,1,6,1,4,1,2,2,0,2,-2,2,-4,2,-5,3,-8,3,-10,3,-11,3,-13,4,-14,4,-14,4,-14,5,-13,4,-12,0,0,3,-8,3,-5,1,-2,0,1,-1,4,-3,6,-4,9,-5,11,-6,12,-7,14,-7,14,-7,14,-7,13,-6,12,-5,11,-5,9,-4,6,-2,4,-1,1,0,-2,1,-5,1,-8,2,-12,3,-15,3,-17,4,-18,0,0,0,0,0,0,0,0,0,0]"""
935,"CSI_DATA,934,8c:90:2d:97:93:77,-52,11,1,7,1,0,1,0,1,0,0,-97,0,2,1,13874358,0,83,1,128,0,""[0,0,0,0,0,0,0,0,0,0,0,0,-4,1,-5,2,-6,3,-7,3,-8,3,-8,3,-8,3,-8,2,-7,2,-6,2,-5,2,-3,1,-2,1,0,1,0,0,3,0,5,0,6,0,8,0,10,0,11,0,12,0,13,-1,13,0,12,0,11,0,0,0,6,0,4,0,1,0,-1,0,-4,0,-6,0,-9,0,-11,0,-13,0,-15,0,-15,0,-15,0,-14,0,-13,0,-12,0,-10,0,-8,0,-4,0,-1,0,0,0,3,0,6,-1,9,-2,12,-3,15,-3,17,-4,0,0,0,0,0,0,0,0,0,0]"""
936,"CSI_DATA,935,8c:90:2d:97:93:77,-52,11,1,7,1,0,1,0,1,0,0,-97,0,2,1,13884488,0,83,1,128,0,""[0,0,0,0,0,0,0,0,0,0,0,0,-3,-5,-4,-6,-4,-7,-4,-8,-4,-9,-4,-9,-4,-9,-4,-9,-4,-8,-4,-7,-3,-6,-3,-4,-3,-2,-3,-1,-1,1,-1,3,0,5,1,7,1,8,2,10,2,11,3,12,3,13,3,13,3,12,2,11,0,0,1,7,0,5,-1,2,-3,-1,-3,-4,-4,-6,-5,-8,-5,-10,-7,-12,-7,-14,-8,-14,-8,-14,-8,-13,-7,-12,-6,-11,-5,-9,-4,-7,-2,-4,-1,-3,1,0,4,2,5,4,8,5,10,7,13,8,15,9,0,0,0,0,0,0,0,0,0,0]"""
937,"CSI_DATA,936,8c:90:2d:97:93:77,-52,11,1,7,1,0,1,0,1,0,0,-97,0,2,1,13894366,0,83,1,128,0,""[0,0,0,0,0,0,0,0,0,0,0,0,-6,-1,-7,-1,-8,-1,-9,-2,-9,-2,-9,-2,-10,-2,-9,-2,-9,-2,-8,-1,-7,-1,-5,0,-3,0,-2,1,0,1,3,2,5,3,6,3,8,3,10,3,11,3,12,3,13,3,13,4,12,4,11,4,0,0,7,3,4,2,1,2,-2,1,-5,0,-7,-1,-10,-1,-12,-2,-14,-2,-15,-2,-16,-2,-16,-2,-16,-2,-15,-1,-12,-1,-10,-1,-8,-1,-5,-1,-2,-1,1,-1,4,-2,6,-4,9,-5,12,-6,15,-7,17,-8,0,0,0,0,0,0,0,0,0,0]"""
938,"CSI_DATA,937,8c:90:2d:97:93:77,-52,11,1,7,1,0,1,0,1,0,0,-97,0,2,1,13904504,0,83,1,128,0,""[0,0,0,0,0,0,0,0,0,0,0,0,-4,3,-5,4,-6,5,-7,5,-8,5,-7,5,-8,5,-7,5,-7,5,-6,5,-5,4,-4,3,-2,2,-1,1,1,0,3,-1,5,-2,7,-3,8,-4,10,-5,11,-6,11,-7,12,-7,12,-7,12,-6,10,-6,0,0,7,-4,5,-1,2,0,-1,1,-4,3,-6,4,-8,5,-10,6,-11,7,-13,8,-13,8,-13,8,-13,8,-11,7,-10,7,-8,5,-7,4,-4,3,-2,1,0,-2,2,-4,4,-8,5,-10,6,-13,8,-14,9,-16,0,0,0,0,0,0,0,0,0,0]"""
939,"CSI_DATA,938,8c:90:2d:97:93:77,-52,11,1,7,1,0,1,0,1,0,0,-97,0,2,1,13914513,0,83,1,128,0,""[0,0,0,0,0,0,0,0,0,0,0,0,-2,-5,-3,-6,-3,-8,-3,-9,-3,-9,-3,-10,-3,-10,-2,-9,-3,-9,-3,-7,-3,-6,-3,-5,-2,-3,-2,-1,-2,1,-2,3,-2,5,-1,7,-1,9,-1,10,-1,12,-1,13,0,13,-1,14,-1,13,-1,12,0,0,-2,7,-2,5,-2,1,-2,-2,-1,-5,-1,-8,-1,-10,-1,-12,-2,-14,-2,-15,-1,-16,-2,-16,-2,-15,-2,-14,-2,-12,-1,-11,-1,-8,-1,-5,0,-3,1,0,2,4,2,7,4,9,5,12,7,14,8,16,0,0,0,0,0,0,0,0,0,0]"""
940,"CSI_DATA,939,8c:90:2d:97:93:77,-52,11,1,7,1,0,1,0,1,0,0,-97,0,2,1,13924772,0,83,1,128,0,""[0,0,0,0,0,0,0,0,0,0,0,0,-5,1,-6,2,-8,2,-9,2,-9,2,-10,2,-9,2,-9,2,-8,2,-7,2,-6,2,-5,2,-3,2,-1,1,1,0,3,1,5,0,7,-1,9,-2,11,-2,12,-2,12,-3,13,-3,13,-3,13,-2,11,-2,0,0,7,-1,5,0,2,1,-2,1,-4,2,-7,3,-10,4,-12,4,-13,4,-15,5,-15,5,-15,5,-15,5,-13,5,-12,4,-10,3,-7,2,-5,2,-2,0,0,-2,3,-4,5,-7,7,-9,8,-11,10,-13,12,-15,0,0,0,0,0,0,0,0,0,0]"""
941,"CSI_DATA,940,8c:90:2d:97:93:77,-52,11,1,7,1,0,1,0,1,0,0,-97,0,2,1,13934465,0,83,1,128,0,""[0,0,0,0,0,0,0,0,0,0,0,0,2,4,2,5,3,6,3,8,3,8,3,8,3,8,3,8,3,7,3,6,3,5,2,4,2,2,1,0,1,-2,0,-4,-1,-6,-2,-8,-2,-10,-2,-11,-3,-13,-3,-14,-4,-14,-4,-14,-3,-14,-3,-13,0,0,-1,-9,-1,-6,0,-3,1,0,2,3,2,6,3,8,4,10,5,12,5,13,5,14,6,14,6,13,5,12,5,11,3,9,3,6,1,4,0,2,-2,-1,-5,-3,-6,-6,-9,-8,-11,-9,-14,-11,-15,-13,0,0,0,0,0,0,0,0,0,0]"""
942,"CSI_DATA,941,8c:90:2d:97:93:77,-52,11,1,7,1,0,1,0,1,0,0,-97,0,2,1,13944374,0,83,1,128,0,""[0,0,0,0,0,0,0,0,0,0,0,0,2,4,2,5,2,6,2,7,2,8,3,8,2,8,2,8,3,7,2,6,2,5,2,3,2,2,1,0,1,-2,0,-4,0,-6,-1,-8,-2,-9,-2,-11,-3,-12,-3,-13,-3,-14,-3,-14,-2,-13,-2,-12,0,0,-1,-8,0,-6,0,-3,1,0,2,3,2,6,3,8,3,10,4,11,5,13,5,13,5,13,5,13,5,11,4,10,3,8,3,6,1,4,0,1,-2,-1,-4,-3,-6,-5,-8,-8,-10,-9,-12,-10,-14,-12,0,0,0,0,0,0,0,0,0,0]"""
943,"CSI_DATA,942,8c:90:2d:97:93:77,-52,11,1,7,1,0,1,0,1,0,0,-97,0,2,1,13954384,0,83,1,128,0,""[0,0,0,0,0,0,0,0,0,0,0,0,-2,3,-3,4,-4,5,-5,6,-5,6,-6,6,-5,6,-5,5,-5,5,-4,4,-3,4,-2,3,-1,2,0,0,1,0,3,0,4,-1,6,-2,7,-4,9,-4,10,-5,11,-6,11,-6,11,-6,11,-5,10,-4,0,0,6,-2,4,0,1,0,-1,0,-3,1,-6,2,-8,3,-10,3,-12,4,-13,5,-14,4,-14,5,-13,5,-12,4,-10,4,-8,2,-7,1,-3,1,-1,0,0,0,2,-2,5,-4,7,-6,9,-9,12,-10,14,-11,0,0,0,0,0,0,0,0,0,0]"""
944,"CSI_DATA,943,8c:90:2d:97:93:77,-52,11,1,7,1,0,1,0,1,0,0,-98,0,2,1,13964472,0,83,1,128,0,""[0,0,0,0,0,0,0,0,0,0,0,0,-4,0,-6,-1,-7,-2,-8,-2,-8,-2,-8,-3,-8,-3,-8,-3,-7,-2,-6,-2,-6,-1,-4,-1,-3,0,-2,0,0,1,0,2,2,3,4,5,5,6,6,6,7,7,8,8,8,9,8,8,7,9,6,8,0,0,3,5,1,3,0,0,-1,0,-2,-2,-4,-5,-6,-7,-7,-9,-8,-10,-9,-11,-9,-11,-9,-11,-9,-11,-8,-10,-7,-9,-6,-7,-4,-5,-2,-3,0,-1,0,0,2,1,4,4,7,5,9,7,11,8,13,10,0,0,0,0,0,0,0,0,0,0]"""
945,"CSI_DATA,944,8c:90:2d:97:93:77,-52,11,1,7,1,0,1,0,1,0,0,-98,0,2,1,13975037,0,83,1,128,0,""[0,0,0,0,0,0,0,0,0,0,0,0,1,4,1,6,1,7,1,8,1,9,1,9,1,9,1,8,1,8,1,7,1,6,1,4,1,2,1,1,1,-2,0,-4,0,-6,0,-8,0,-10,0,-11,-1,-13,-1,-14,-1,-14,-1,-14,0,-14,0,-13,0,0,1,-8,1,-5,1,-3,1,1,1,4,1,6,1,9,2,11,3,13,2,14,2,15,2,15,3,14,2,13,2,11,1,9,2,7,0,4,-1,2,-2,-1,-4,-4,-5,-7,-7,-9,-8,-12,-11,-14,-12,-15,0,0,0,0,0,0,0,0,0,0]"""
946,"CSI_DATA,945,8c:90:2d:97:93:77,-52,11,1,7,1,0,1,0,1,0,0,-98,0,2,1,13984389,0,83,1,128,0,""[0,0,0,0,0,0,0,0,0,0,0,0,4,1,6,2,7,2,8,3,8,2,8,3,8,3,8,3,7,2,6,2,6,1,4,0,3,0,1,-1,-1,-2,-3,-3,-5,-5,-7,-5,-9,-6,-10,-6,-12,-7,-12,-7,-13,-7,-13,-7,-12,-7,-11,-7,0,0,-7,-5,-5,-4,-2,-3,2,-1,4,0,6,1,9,2,11,3,12,4,14,4,14,4,14,4,14,4,13,3,11,3,9,2,7,2,4,1,1,0,-2,0,-5,0,-8,1,-11,2,-14,2,-17,3,-20,3,0,0,0,0,0,0,0,0,0,0]"""
947,"CSI_DATA,946,8c:90:2d:97:93:77,-52,11,1,7,1,0,1,0,1,0,0,-98,0,2,1,13995833,0,83,1,128,0,""[0,0,0,0,0,0,0,0,0,0,0,0,1,3,1,4,1,5,1,6,1,7,1,7,1,7,1,7,2,6,1,5,1,4,1,3,1,1,0,0,0,-1,0,-3,0,-5,-1,-7,-1,-9,-2,-10,-2,-11,-3,-12,-3,-13,-4,-13,-3,-12,-2,-11,0,0,0,-8,0,-5,0,-2,1,0,1,1,2,4,3,6,4,8,6,10,6,11,6,12,6,11,6,11,6,10,5,8,3,7,3,5,1,2,0,1,-2,0,-4,-1,-6,-3,-9,-4,-11,-5,-15,-7,-16,-7,0,0,0,0,0,0,0,0,0,0]"""
948,"CSI_DATA,947,8c:90:2d:97:93:77,-52,11,1,7,1,0,1,0,1,0,0,-97,0,2,1,14004415,0,83,1,128,0,""[0,0,0,0,0,0,0,0,0,0,0,0,-5,0,-7,0,-8,0,-9,0,-10,-1,-10,-1,-10,0,-9,0,-9,0,-8,0,-7,0,-5,1,-4,1,-1,1,1,1,3,2,5,2,7,2,9,2,10,1,12,2,13,1,13,2,13,1,13,2,11,2,0,0,7,2,4,2,1,1,-2,1,-5,1,-8,0,-10,0,-12,0,-14,-1,-15,0,-16,-1,-16,0,-15,0,-15,0,-12,0,-11,0,-8,0,-5,0,-2,-1,1,-1,4,-3,6,-4,9,-6,11,-7,14,-8,16,-9,0,0,0,0,0,0,0,0,0,0]"""
949,"CSI_DATA,948,8c:90:2d:97:93:77,-52,11,1,7,1,0,1,0,1,0,0,-97,0,2,1,14014437,0,83,1,128,0,""[0,0,0,0,0,0,0,0,0,0,0,0,-5,0,-7,0,-8,0,-9,0,-10,0,-10,0,-10,0,-9,0,-9,0,-8,0,-7,0,-5,1,-3,1,-1,1,1,1,3,1,5,1,7,1,9,1,11,0,12,0,13,0,14,0,14,0,13,1,11,1,0,0,7,1,5,1,2,2,-2,1,-5,2,-7,1,-10,1,-12,1,-14,2,-16,2,-16,2,-16,2,-15,2,-14,2,-12,2,-10,2,-8,0,-5,0,-2,0,1,-2,3,-3,5,-6,8,-7,11,-9,13,-10,14,-12,0,0,0,0,0,0,0,0,0,0]"""
950,"CSI_DATA,949,8c:90:2d:97:93:77,-52,11,1,7,1,0,1,0,1,0,0,-98,0,2,1,14024669,0,83,1,128,0,""[0,0,0,0,0,0,0,0,0,0,0,0,3,-4,4,-5,5,-5,6,-6,7,-6,7,-6,7,-6,6,-6,6,-6,5,-5,4,-5,3,-4,1,-3,0,-2,-3,0,-4,0,-6,1,-7,3,-9,4,-10,5,-11,6,-12,7,-12,7,-12,7,-12,6,-11,6,0,0,-8,3,-5,1,-3,-1,-1,-2,2,-5,4,-6,6,-8,7,-9,9,-10,9,-11,10,-12,10,-12,10,-11,9,-11,7,-9,6,-8,5,-6,3,-4,2,-2,0,1,-2,4,-2,7,-3,10,-4,13,-4,15,-5,18,0,0,0,0,0,0,0,0,0,0]"""
951,"CSI_DATA,950,8c:90:2d:97:93:77,-52,11,1,7,1,0,1,0,1,0,0,-98,0,2,1,14034466,0,83,1,128,0,""[0,0,0,0,0,0,0,0,0,0,0,0,-1,-5,-1,-7,0,-8,0,-9,0,-10,0,-10,0,-10,0,-9,0,-9,0,-8,0,-7,-1,-6,-1,-4,-2,-2,-3,0,-3,2,-4,4,-4,6,-4,8,-5,9,-5,11,-5,12,-5,13,-5,13,-6,11,-5,11,0,0,-5,6,-4,4,-2,1,-2,-1,0,-5,1,-8,2,-10,3,-12,3,-13,4,-14,4,-15,4,-15,4,-15,4,-13,3,-12,2,-10,2,-7,1,-5,0,-2,0,0,0,4,0,8,0,10,0,13,0,16,1,19,0,0,0,0,0,0,0,0,0,0]"""
952,"CSI_DATA,951,8c:90:2d:97:93:77,-51,11,1,7,1,0,1,0,1,0,0,-98,0,2,1,14044363,0,83,1,128,0,""[0,0,0,0,0,0,0,0,0,0,0,0,4,2,5,2,6,3,7,4,8,4,8,5,8,5,7,4,7,4,6,3,5,3,4,1,3,0,1,-1,0,-3,-2,-4,-4,-6,-5,-7,-6,-8,-8,-9,-9,-10,-9,-11,-10,-11,-10,-11,-9,-11,-8,-10,0,0,-5,-7,-3,-5,-1,-3,2,-1,3,2,5,4,7,6,8,8,9,9,10,10,11,11,11,11,10,10,10,9,8,8,7,7,5,5,2,3,0,1,-2,-1,-5,-3,-7,-4,-10,-5,-13,-6,-16,-7,-18,-8,0,0,0,0,0,0,0,0,0,0]"""
953,"CSI_DATA,952,8c:90:2d:97:93:77,-52,11,1,7,1,0,1,0,1,0,0,-98,0,2,1,14054472,0,83,1,128,0,""[0,0,0,0,0,0,0,0,0,0,0,0,-4,-1,-6,-2,-7,-3,-7,-3,-8,-3,-8,-4,-8,-4,-7,-4,-7,-4,-6,-3,-5,-2,-4,-1,-3,0,-2,0,0,1,0,2,0,4,1,5,3,7,4,8,4,10,5,10,4,11,4,11,4,11,3,10,0,0,1,6,0,3,0,1,0,0,-1,-4,-2,-6,-2,-9,-2,-11,-3,-12,-3,-14,-3,-15,-3,-14,-2,-14,-2,-13,-2,-12,-2,-10,-1,-6,0,-4,0,-1,0,0,0,3,0,7,1,9,2,12,3,14,4,16,0,0,0,0,0,0,0,0,0,0]"""
954,"CSI_DATA,953,8c:90:2d:97:93:77,-52,11,1,7,1,0,1,0,1,0,0,-98,0,2,1,14064429,0,83,1,128,0,""[0,0,0,0,0,0,0,0,0,0,0,0,-3,4,-3,5,-4,6,-5,7,-5,7,-6,7,-6,7,-6,7,-5,6,-5,6,-4,5,-2,4,-1,3,0,2,2,1,4,-1,6,-2,7,-3,8,-4,9,-5,10,-6,11,-6,12,-6,12,-7,12,-5,11,-5,0,0,7,-3,5,-2,2,0,-2,1,-4,1,-7,2,-9,3,-12,3,-13,3,-15,3,-16,3,-15,3,-15,3,-14,3,-12,3,-10,2,-8,2,-5,1,-2,0,1,-1,4,-2,7,-3,9,-5,12,-6,15,-6,17,-7,0,0,0,0,0,0,0,0,0,0]"""
955,"CSI_DATA,954,8c:90:2d:97:93:77,-52,11,1,7,1,0,1,0,1,0,1,-98,0,2,1,14075850,0,83,1,128,0,""[0,0,0,0,0,0,0,0,0,0,0,0,3,3,4,4,4,5,5,6,5,7,5,7,5,7,5,7,5,6,4,5,4,4,3,3,2,1,2,-1,1,-3,0,-4,-1,-6,-2,-8,-3,-10,-3,-11,-4,-12,-4,-13,-4,-14,-4,-14,-4,-13,-3,-13,0,0,-1,-9,-1,-5,0,-3,1,0,1,3,2,6,2,9,3,11,4,13,3,14,4,14,4,14,4,14,3,13,3,11,2,9,2,6,0,4,0,1,-2,-2,-3,-4,-4,-8,-6,-10,-8,-12,-10,-14,-11,-16,0,0,0,0,0,0,0,0,0,0]"""
956,"CSI_DATA,955,8c:90:2d:97:93:77,-52,11,1,7,1,0,1,0,1,0,1,-98,0,2,1,14084519,0,83,1,128,0,""[0,0,0,0,0,0,0,0,0,0,0,0,0,3,0,5,-1,6,-1,7,-1,7,-1,8,-1,7,-1,7,-1,6,0,6,0,4,0,3,0,1,0,0,0,0,1,-2,2,-4,2,-6,2,-8,2,-10,2,-11,3,-12,3,-13,3,-13,3,-11,3,-11,0,0,2,-7,1,-4,1,-1,0,0,0,3,0,6,0,8,-1,10,-1,11,-1,13,-2,14,-1,14,-1,13,0,12,0,10,-1,9,0,6,0,3,0,1,-1,-1,-1,-4,-2,-7,-3,-10,-4,-12,-5,-14,-7,-16,0,0,0,0,0,0,0,0,0,0]"""
957,"CSI_DATA,956,8c:90:2d:97:93:77,-52,11,1,7,1,0,1,0,1,0,1,-98,0,2,1,14094588,0,83,1,128,0,""[0,0,0,0,0,0,0,0,0,0,0,0,4,-2,6,-2,7,-2,8,-2,8,-2,9,-2,9,-2,8,-2,7,-2,7,-2,6,-2,4,-2,2,-2,0,-2,-2,-2,-4,-2,-6,-2,-8,-2,-10,-1,-11,-1,-13,-1,-14,-1,-14,-1,-14,-1,-14,-1,-12,-1,0,0,-8,-2,-6,-2,-3,-2,1,-2,4,-2,6,-2,9,-2,11,-2,13,-3,14,-2,15,-2,15,-2,14,-3,13,-2,11,-2,9,-2,7,-2,4,-1,1,-1,-2,1,-5,2,-7,4,-9,5,-12,7,-14,8,-16,10,0,0,0,0,0,0,0,0,0,0]"""
958,"CSI_DATA,957,8c:90:2d:97:93:77,-52,11,1,7,1,0,1,0,1,0,1,-98,0,2,1,14104344,0,83,1,128,0,""[0,0,0,0,0,0,0,0,0,0,0,0,3,0,5,0,6,0,6,1,7,1,7,2,7,1,7,1,7,1,6,0,5,0,3,0,2,0,0,-1,0,-2,-2,-2,-4,-4,-6,-5,-7,-5,-8,-5,-10,-6,-11,-7,-12,-7,-11,-7,-10,-7,-9,-6,0,0,-6,-5,-3,-3,-1,-2,0,0,3,0,5,1,7,2,9,3,11,4,12,5,12,5,12,5,12,5,11,4,9,3,7,2,6,1,2,0,0,0,-1,0,-4,0,-7,0,-10,0,-13,0,-16,0,-18,0,0,0,0,0,0,0,0,0,0,0]"""
959,"CSI_DATA,958,8c:90:2d:97:93:77,-52,11,1,7,1,0,1,0,1,0,1,-98,0,2,1,14114456,0,83,1,128,0,""[0,0,0,0,0,0,0,0,0,0,0,0,-4,-2,-5,-3,-5,-4,-6,-5,-7,-5,-6,-6,-7,-5,-6,-5,-6,-5,-6,-4,-4,-3,-4,-2,-3,-1,-1,0,0,1,0,2,1,4,2,6,3,6,4,7,5,8,6,9,7,10,6,10,6,10,4,9,0,0,2,6,0,3,0,1,-1,0,-3,-2,-4,-4,-6,-6,-7,-8,-8,-10,-9,-11,-9,-11,-9,-11,-9,-11,-8,-9,-7,-9,-6,-7,-5,-5,-2,-3,-1,-1,0,0,3,0,5,2,8,4,10,5,13,6,15,7,0,0,0,0,0,0,0,0,0,0]"""
960,"CSI_DATA,959,8c:90:2d:97:93:77,-52,11,1,7,1,0,1,0,1,0,1,-98,0,2,1,14124408,0,83,1,128,0,""[0,0,0,0,0,0,0,0,0,0,0,0,-5,-1,-7,-1,-8,-1,-9,-2,-10,-2,-10,-2,-10,-2,-9,-2,-9,-1,-8,-1,-7,-1,-5,0,-4,0,-2,1,1,1,3,2,4,3,6,3,8,3,10,3,11,4,12,4,13,4,13,4,12,4,11,4,0,0,6,3,4,2,1,2,-2,1,-5,0,-7,-1,-10,-2,-12,-2,-14,-3,-15,-3,-16,-3,-16,-3,-15,-3,-14,-3,-12,-2,-10,-2,-8,-1,-5,-1,-2,-1,1,-1,4,-2,7,-3,10,-4,12,-5,15,-5,18,-6,0,0,0,0,0,0,0,0,0,0]"""
961,"CSI_DATA,960,8c:90:2d:97:93:77,-51,11,1,7,1,0,1,0,1,0,1,-98,0,2,1,14134501,0,83,1,128,0,""[0,0,0,0,0,0,0,0,0,0,0,0,-4,-4,-5,-5,-5,-7,-5,-7,-6,-8,-6,-8,-6,-8,-6,-8,-5,-7,-5,-6,-5,-5,-4,-4,-3,-2,-3,0,-1,2,0,3,1,5,2,7,3,8,4,10,4,11,5,12,5,13,5,12,5,12,3,11,0,0,2,7,1,5,-1,2,-3,-1,-3,-4,-5,-6,-6,-8,-7,-10,-8,-12,-8,-13,-8,-14,-8,-14,-8,-13,-8,-12,-7,-11,-5,-9,-5,-7,-3,-4,-1,-2,1,0,4,2,5,4,8,5,10,7,13,9,15,10,0,0,0,0,0,0,0,0,0,0]"""
962,"CSI_DATA,961,8c:90:2d:97:93:77,-52,11,1,7,1,0,1,0,1,0,1,-98,0,2,1,14144368,0,83,1,128,0,""[0,0,0,0,0,0,0,0,0,0,0,0,-4,-4,-4,-5,-5,-7,-5,-8,-5,-8,-5,-9,-5,-9,-5,-8,-5,-8,-4,-7,-4,-6,-4,-4,-3,-3,-3,-1,-2,1,-2,3,-1,5,-1,7,-1,9,0,11,0,12,0,13,0,13,0,13,-1,13,-1,12,0,0,-1,7,-2,4,-2,1,-2,-1,-1,-5,0,-8,0,-10,0,-12,0,-13,0,-15,1,-16,1,-15,1,-15,1,-14,0,-13,0,-11,0,-8,0,-5,0,-2,0,0,0,4,0,8,1,10,1,13,2,15,2,18,0,0,0,0,0,0,0,0,0,0]"""
963,"CSI_DATA,962,8c:90:2d:97:93:77,-52,11,1,7,1,0,1,0,1,0,1,-98,0,2,1,14154417,0,83,1,128,0,""[0,0,0,0,0,0,0,0,0,0,0,0,4,-1,6,-2,7,-2,8,-2,9,-2,9,-1,9,-1,9,-1,8,-1,7,-1,6,-2,4,-2,3,-2,1,-3,-1,-3,-3,-3,-6,-4,-8,-4,-9,-4,-11,-4,-12,-4,-13,-5,-14,-5,-14,-5,-13,-6,-11,-6,0,0,-8,-4,-5,-3,-2,-2,1,-1,3,1,6,2,9,3,10,4,12,5,13,5,14,6,14,6,14,6,12,5,11,4,9,4,6,2,3,2,1,0,-3,-1,-5,-1,-8,-2,-10,-3,-14,-3,-17,-3,-19,-4,0,0,0,0,0,0,0,0,0,0]"""
964,"CSI_DATA,963,8c:90:2d:97:93:77,-52,11,1,7,1,0,1,0,1,0,1,-98,0,2,1,14164495,0,83,1,128,0,""[0,0,0,0,0,0,0,0,0,0,0,0,-6,0,-7,1,-8,0,-9,0,-10,0,-10,0,-10,0,-10,0,-9,0,-8,0,-7,0,-5,1,-4,1,-2,1,0,2,2,3,5,3,7,3,8,4,9,4,11,4,12,5,13,5,12,5,12,5,10,5,0,0,6,4,4,2,1,2,-2,0,-4,-2,-7,-3,-9,-5,-11,-6,-12,-7,-13,-8,-14,-9,-14,-8,-13,-8,-13,-7,-11,-7,-9,-6,-7,-4,-5,-3,-2,-1,1,0,4,1,6,2,10,3,12,4,15,4,18,5,0,0,0,0,0,0,0,0,0,0]"""
965,"CSI_DATA,964,8c:90:2d:97:93:77,-52,11,1,7,1,0,1,0,1,0,0,-98,0,2,1,14175217,0,83,1,128,0,""[0,0,0,0,0,0,0,0,0,0,0,0,4,-2,6,-2,7,-2,8,-2,9,-2,9,-2,9,-1,8,-2,7,-2,7,-2,5,-2,4,-2,3,-2,1,-2,-1,-2,-4,-3,-6,-2,-8,-3,-10,-2,-11,-2,-13,-2,-13,-2,-14,-2,-14,-2,-14,-2,-12,-3,0,0,-8,-3,-5,-3,-2,-2,1,-2,4,-2,6,-1,9,-1,11,0,13,0,14,0,15,0,15,0,14,0,13,0,11,0,9,0,7,0,4,0,1,0,-2,0,-5,1,-7,2,-10,3,-13,4,-16,5,-19,5,0,0,0,0,0,0,0,0,0,0]"""
966,"CSI_DATA,965,8c:90:2d:97:93:77,-52,11,1,7,1,0,1,0,1,0,0,-98,0,2,1,14184565,0,83,1,128,0,""[0,0,0,0,0,0,0,0,0,0,0,0,4,-2,6,-3,7,-3,8,-3,9,-3,8,-3,8,-3,8,-3,8,-3,6,-2,5,-3,4,-3,2,-3,0,-2,-2,-2,-4,-2,-6,-2,-8,-1,-10,-1,-12,-1,-13,-1,-13,-1,-15,0,-14,0,-14,-1,-12,-1,0,0,-8,-2,-6,-2,-3,-2,1,-2,3,-2,6,-2,9,-2,11,-2,13,-1,14,-2,15,-1,15,-2,14,-2,13,-2,11,-2,9,-2,7,-1,4,-1,1,0,-2,0,-5,1,-7,3,-10,4,-12,6,-15,7,-17,8,0,0,0,0,0,0,0,0,0,0]"""
967,"CSI_DATA,966,8c:90:2d:97:93:77,-52,11,1,7,1,0,1,0,1,0,0,-98,0,2,1,14194482,0,83,1,128,0,""[0,0,0,0,0,0,0,0,0,0,0,0,-2,-4,-3,-5,-3,-6,-3,-7,-3,-8,-3,-9,-3,-8,-3,-8,-3,-7,-2,-6,-2,-5,-2,-4,-2,-2,-2,0,-1,0,-1,2,-1,4,0,6,0,8,0,10,0,11,0,12,0,13,0,12,-1,12,-1,10,0,0,-1,6,-1,3,-1,0,0,0,0,-4,0,-7,0,-9,0,-11,0,-13,0,-14,0,-15,0,-15,0,-14,0,-13,0,-12,0,-10,0,-7,0,-4,0,-1,0,0,0,3,0,7,0,9,1,12,1,14,2,17,0,0,0,0,0,0,0,0,0,0]"""
968,"CSI_DATA,967,8c:90:2d:97:93:77,-52,11,1,7,1,0,1,0,1,0,0,-98,0,2,1,14204594,0,83,1,128,0,""[0,0,0,0,0,0,0,0,0,0,0,0,-3,4,-4,5,-5,6,-5,6,-6,7,-6,7,-6,7,-6,7,-5,6,-5,6,-4,5,-3,4,-1,3,0,1,2,0,3,-1,5,-2,6,-4,8,-6,9,-7,10,-8,10,-8,11,-9,11,-9,11,-8,10,-7,0,0,6,-4,4,-2,2,0,-1,1,-3,3,-6,4,-8,6,-10,7,-11,8,-12,9,-13,8,-13,9,-12,9,-12,8,-10,7,-8,6,-6,4,-4,3,-2,1,0,-2,2,-4,4,-7,6,-9,7,-12,9,-14,10,-15,0,0,0,0,0,0,0,0,0,0]"""
969,"CSI_DATA,968,8c:90:2d:97:93:77,-52,11,1,7,1,0,1,0,1,0,0,-98,0,2,1,14214529,0,83,1,128,0,""[0,0,0,0,0,0,0,0,0,0,0,0,-3,-3,-4,-4,-5,-5,-5,-6,-5,-6,-6,-7,-5,-7,-5,-6,-5,-6,-4,-5,-4,-4,-3,-3,-3,-1,-2,0,-1,1,0,3,0,4,0,6,1,8,1,9,2,10,2,11,2,12,3,12,1,11,1,10,0,0,0,6,0,4,0,0,-1,0,-1,-4,-2,-7,-2,-9,-2,-11,-2,-12,-3,-14,-3,-14,-3,-14,-3,-14,-3,-13,-2,-11,-2,-9,-1,-6,0,-4,0,-2,0,0,1,2,2,6,3,8,5,11,6,13,7,15,0,0,0,0,0,0,0,0,0,0]"""
970,"CSI_DATA,969,8c:90:2d:97:93:77,-52,11,1,7,1,0,1,0,1,0,0,-98,0,2,1,14224473,0,83,1,128,0,""[0,0,0,0,0,0,0,0,0,0,0,0,2,-5,3,-6,4,-7,5,-7,5,-8,5,-8,5,-8,5,-7,4,-7,4,-6,3,-6,2,-5,0,-3,-1,-2,-3,-1,-4,0,-5,2,-7,4,-8,6,-9,6,-10,7,-10,8,-11,9,-11,9,-10,8,-10,7,0,0,-7,4,-5,2,-3,0,-1,-2,2,-5,4,-6,5,-8,7,-9,8,-11,9,-12,9,-12,9,-12,9,-12,8,-11,7,-10,5,-8,4,-6,3,-4,1,-2,0,1,-1,3,-3,7,-3,10,-4,13,-4,15,-5,18,0,0,0,0,0,0,0,0,0,0]"""
971,"CSI_DATA,970,8c:90:2d:97:93:77,-52,11,1,7,1,0,1,0,1,0,0,-98,0,2,1,14234362,0,83,1,128,0,""[0,0,0,0,0,0,0,0,0,0,0,0,-3,3,-4,4,-5,5,-6,6,-6,6,-6,6,-6,7,-6,6,-6,6,-5,5,-4,5,-3,4,-2,2,0,1,2,0,3,-1,5,-3,6,-5,7,-6,8,-7,9,-8,9,-8,10,-9,10,-9,10,-8,9,-8,0,0,6,-5,4,-3,2,0,0,1,-3,4,-5,5,-6,7,-8,8,-9,9,-10,10,-11,10,-11,11,-10,10,-9,10,-8,8,-7,7,-6,5,-4,3,-2,1,-1,-2,1,-5,2,-8,3,-11,3,-14,4,-15,5,-18,0,0,0,0,0,0,0,0,0,0]"""
972,"CSI_DATA,971,8c:90:2d:97:93:77,-52,11,1,7,1,0,1,0,1,0,0,-98,0,2,1,14244714,0,83,1,128,0,""[0,0,0,0,0,0,0,0,0,0,0,0,-4,-4,-6,-5,-6,-5,-7,-6,-7,-7,-7,-7,-7,-7,-7,-6,-7,-6,-6,-5,-6,-5,-5,-3,-4,-2,-2,-1,-1,1,0,3,2,5,4,6,5,7,7,8,8,8,9,9,9,10,9,10,8,10,7,9,0,0,4,6,2,4,0,3,-3,0,-4,-1,-7,-3,-9,-5,-10,-6,-12,-8,-13,-9,-13,-9,-14,-9,-13,-8,-12,-7,-10,-6,-9,-5,-7,-4,-4,-3,-2,-2,1,-1,4,0,7,0,10,0,12,0,16,0,18,0,0,0,0,0,0,0,0,0,0,0]"""
973,"CSI_DATA,972,8c:90:2d:97:93:77,-52,11,1,7,1,0,1,0,1,0,0,-98,0,2,1,14254413,0,83,1,128,0,""[0,0,0,0,0,0,0,0,0,0,0,0,2,4,2,5,2,6,2,8,2,8,2,8,2,8,2,8,2,7,2,6,2,5,2,4,1,2,2,0,1,-2,0,-4,-1,-6,-2,-8,-2,-10,-3,-11,-4,-12,-4,-13,-4,-14,-4,-14,-4,-13,-3,-12,0,0,-2,-8,-1,-6,0,-3,2,0,2,3,3,5,5,7,6,9,7,11,8,12,8,13,8,12,8,12,7,11,6,9,5,8,4,5,2,4,0,1,-3,-1,-5,-3,-7,-4,-10,-6,-12,-7,-15,-8,-17,-9,0,0,0,0,0,0,0,0,0,0]"""
974,"CSI_DATA,973,8c:90:2d:97:93:77,-52,11,1,7,1,0,1,0,1,0,0,-98,0,2,1,14264465,0,83,1,128,0,""[0,0,0,0,0,0,0,0,0,0,0,0,-4,3,-5,4,-6,4,-7,5,-7,5,-8,5,-7,5,-7,5,-6,4,-6,4,-5,4,-3,3,-2,2,0,1,1,0,3,-1,4,-2,6,-4,7,-5,8,-6,9,-8,10,-8,10,-9,10,-9,10,-8,9,-7,0,0,6,-4,4,-2,2,0,0,1,-2,4,-4,6,-6,7,-7,8,-8,10,-9,11,-9,12,-9,12,-9,11,-8,11,-7,9,-6,8,-5,5,-3,3,-2,1,-1,-2,-1,-5,0,-9,0,-11,0,-14,0,-16,0,-19,0,0,0,0,0,0,0,0,0,0]"""
975,"CSI_DATA,974,8c:90:2d:97:93:77,-52,11,1,7,1,0,1,0,1,0,0,-98,0,2,1,14275174,0,83,1,128,0,""[0,0,0,0,0,0,0,0,0,0,0,0,3,-2,4,-3,5,-3,6,-4,7,-4,7,-4,7,-4,6,-4,6,-3,5,-3,4,-3,2,-3,1,-2,0,-2,-1,-1,-4,-1,-5,0,-7,0,-9,0,-10,0,-12,0,-13,0,-13,0,-13,0,-13,0,-11,0,0,0,-7,0,-5,0,-2,-1,0,-1,3,-1,5,-1,8,-1,10,-1,12,-1,13,-1,14,-1,14,-1,13,-1,12,-1,10,-1,8,-1,6,0,3,0,0,0,-1,0,-4,0,-6,2,-10,3,-12,4,-15,5,-17,6,0,0,0,0,0,0,0,0,0,0]"""
976,"CSI_DATA,975,8c:90:2d:97:93:77,-52,11,1,7,1,0,1,0,1,0,0,-98,0,2,1,14284515,0,83,1,128,0,""[0,0,0,0,0,0,0,0,0,0,0,0,4,0,5,0,6,0,7,1,7,1,8,1,8,1,7,1,6,1,6,0,5,0,3,0,2,0,0,-1,0,-2,-2,-3,-4,-4,-6,-5,-7,-5,-8,-6,-10,-7,-10,-7,-11,-8,-11,-7,-10,-8,-9,-7,0,0,-5,-5,-3,-3,0,-2,1,0,2,0,5,2,7,3,8,5,10,6,11,7,11,8,11,7,11,7,10,6,8,5,6,4,5,2,2,1,0,0,-2,0,-4,-1,-6,-3,-10,-3,-12,-4,-15,-5,-17,-6,0,0,0,0,0,0,0,0,0,0]"""
977,"CSI_DATA,976,8c:90:2d:97:93:77,-52,11,1,7,1,0,1,0,1,0,0,-98,0,2,1,14294486,0,83,1,128,0,""[0,0,0,0,0,0,0,0,0,0,0,0,-5,-1,-7,-1,-8,-1,-9,-1,-10,-2,-10,-2,-9,-2,-9,-1,-9,-2,-8,-1,-7,-1,-5,0,-4,0,-2,1,0,1,3,2,4,2,7,2,8,2,10,2,11,2,12,3,13,2,13,2,13,3,11,2,0,0,7,2,4,2,1,2,-2,1,-5,1,-7,0,-10,0,-12,0,-14,0,-15,0,-16,0,-16,0,-15,0,-14,0,-12,0,-10,0,-8,0,-5,0,-2,-1,1,-1,4,-3,6,-5,8,-7,11,-8,13,-10,15,-11,0,0,0,0,0,0,0,0,0,0]"""
978,"CSI_DATA,977,8c:90:2d:97:93:77,-52,11,1,7,1,0,1,0,1,0,0,-98,0,2,1,14304565,0,83,1,128,0,""[0,0,0,0,0,0,0,0,0,0,0,0,4,-1,6,-1,7,-1,8,0,9,0,8,0,9,0,8,0,8,-1,7,-1,6,-1,4,-2,2,-2,1,-2,-2,-2,-4,-2,-6,-2,-8,-2,-9,-2,-11,-2,-13,-2,-14,-2,-14,-2,-14,-1,-14,-2,-12,-2,0,0,-8,-2,-5,-3,-3,-3,1,-2,4,-3,6,-2,9,-2,11,-2,13,-3,14,-3,14,-3,15,-4,14,-4,13,-4,11,-3,9,-3,7,-2,4,-2,1,-1,-1,1,-4,2,-6,5,-8,7,-10,9,-12,11,-14,12,0,0,0,0,0,0,0,0,0,0]"""
979,"CSI_DATA,978,8c:90:2d:97:93:77,-52,11,1,7,1,0,1,0,1,0,0,-98,0,2,1,14314437,0,83,1,128,0,""[0,0,0,0,0,0,0,0,0,0,0,0,1,-5,1,-7,2,-8,3,-9,3,-9,3,-9,4,-9,3,-9,3,-8,2,-7,2,-7,0,-5,0,-4,-1,-2,-3,0,-4,1,-6,3,-6,4,-8,6,-9,7,-10,8,-10,9,-11,9,-10,9,-10,8,-10,7,0,0,-7,4,-5,2,-3,0,0,-2,2,-4,4,-6,6,-8,8,-9,9,-9,10,-10,11,-11,11,-11,10,-11,10,-10,8,-9,7,-7,5,-5,3,-4,1,-2,-1,0,-3,3,-5,7,-6,9,-8,12,-9,13,-11,15,0,0,0,0,0,0,0,0,0,0]"""
980,"CSI_DATA,979,8c:90:2d:97:93:77,-52,11,1,7,1,0,1,0,1,0,0,-98,0,2,1,14324354,0,83,1,128,0,""[0,0,0,0,0,0,0,0,0,0,0,0,-5,-3,-6,-4,-7,-4,-7,-5,-8,-6,-8,-6,-8,-6,-8,-6,-7,-5,-7,-4,-6,-4,-5,-3,-4,-1,-3,0,-1,2,0,3,2,5,3,6,4,8,5,9,6,10,7,11,7,11,7,11,6,11,6,10,0,0,3,7,1,4,0,2,-2,-1,-4,-4,-5,-6,-6,-9,-7,-10,-8,-12,-8,-13,-9,-14,-9,-13,-8,-13,-8,-12,-7,-11,-6,-9,-5,-6,-3,-5,-1,-3,1,0,3,2,5,5,7,7,9,9,12,10,14,12,0,0,0,0,0,0,0,0,0,0]"""
981,"CSI_DATA,980,8c:90:2d:97:93:77,-52,11,1,7,1,0,1,0,1,0,0,-98,0,2,1,14334349,0,83,1,128,0,""[0,0,0,0,0,0,0,0,0,0,0,0,0,5,0,6,0,7,0,8,-1,9,-1,9,-1,9,-1,9,-1,8,-1,7,0,6,0,4,0,3,2,1,2,-1,2,-3,3,-5,3,-7,4,-9,5,-10,5,-12,6,-12,5,-13,6,-13,6,-12,5,-11,0,0,4,-7,3,-4,2,-1,0,1,-2,4,-3,6,-5,8,-6,10,-7,11,-8,12,-9,13,-8,13,-8,12,-8,11,-7,10,-6,8,-4,5,-3,4,-1,1,0,-2,1,-5,2,-8,3,-11,3,-14,5,-16,5,-18,0,0,0,0,0,0,0,0,0,0]"""
982,"CSI_DATA,981,8c:90:2d:97:93:77,-52,11,1,7,1,0,1,0,1,0,0,-98,0,2,1,14344473,0,83,1,128,0,""[0,0,0,0,0,0,0,0,0,0,0,0,-5,-2,-7,-3,-8,-3,-9,-4,-9,-4,-10,-4,-9,-4,-9,-4,-8,-4,-8,-3,-7,-3,-5,-2,-4,-1,-3,1,-1,2,1,3,3,4,5,5,6,6,7,7,8,8,9,8,10,9,10,9,9,9,8,9,0,0,4,6,2,4,0,2,-2,0,-4,-3,-6,-5,-7,-7,-9,-8,-11,-10,-12,-10,-12,-11,-12,-11,-11,-11,-11,-10,-9,-9,-8,-8,-6,-5,-4,-4,-1,-2,1,0,4,2,6,3,9,4,12,6,14,7,16,8,0,0,0,0,0,0,0,0,0,0]"""
983,"CSI_DATA,982,8c:90:2d:97:93:77,-52,11,1,7,1,0,1,0,1,0,0,-98,0,2,1,14354474,0,83,1,128,0,""[0,0,0,0,0,0,0,0,0,0,0,0,5,1,6,2,7,3,7,3,8,4,8,4,8,4,8,3,8,3,7,3,6,2,4,1,3,0,2,-1,0,-3,-2,-5,-4,-6,-5,-7,-7,-8,-8,-9,-9,-10,-10,-11,-11,-12,-10,-12,-9,-12,-8,-10,0,0,-5,-8,-3,-5,-1,-3,1,-1,3,2,4,5,6,7,8,9,9,10,10,11,10,12,10,12,10,11,9,10,8,9,6,8,5,5,2,4,0,1,-2,-1,-5,-3,-7,-5,-10,-7,-12,-8,-15,-10,-17,-11,0,0,0,0,0,0,0,0,0,0]"""
984,"CSI_DATA,983,8c:90:2d:97:93:77,-52,11,1,7,1,0,1,0,1,0,0,-98,0,2,1,14364499,0,83,1,128,0,""[0,0,0,0,0,0,0,0,0,0,0,0,2,-3,4,-4,4,-4,5,-4,6,-4,7,-4,6,-4,6,-4,6,-4,5,-4,4,-3,2,-3,1,-2,0,-2,-1,-1,-3,-1,-5,0,-7,0,-9,0,-10,0,-11,0,-13,0,-13,0,-13,0,-13,0,-11,0,0,0,-7,-1,-5,-1,-2,0,0,-1,2,0,5,0,8,0,10,0,12,0,13,0,14,0,14,0,13,0,12,0,10,0,8,0,6,0,3,0,0,0,-1,0,-4,0,-7,0,-10,0,-13,1,-16,1,-18,1,0,0,0,0,0,0,0,0,0,0]"""
985,"CSI_DATA,984,8c:90:2d:97:93:77,-51,11,1,6,1,0,1,0,1,0,0,-98,0,2,1,14364996,0,83,1,128,0,""[0,0,0,0,0,0,0,0,0,0,0,0,-1,-5,-1,-7,0,-8,0,-10,0,-11,0,-11,0,-11,0,-10,0,-10,0,-8,-1,-7,-1,-6,-1,-4,-2,-2,-3,0,-4,2,-4,4,-5,6,-5,8,-6,11,-6,12,-6,13,-7,13,-7,13,-7,12,-6,11,0,0,-5,6,-4,3,-3,0,-1,-2,1,-5,2,-7,3,-10,4,-12,5,-14,6,-15,6,-15,6,-15,6,-15,5,-14,4,-13,4,-11,3,-7,1,-5,0,-2,0,0,-1,3,-2,8,-2,11,-3,14,-3,16,-3,20,0,0,0,0,0,0,0,0,0,0]"""
986,"CSI_DATA,985,8c:90:2d:97:93:77,-52,11,1,7,1,0,1,0,1,0,0,-98,0,2,1,14374616,0,83,1,128,0,""[0,0,0,0,0,0,0,0,0,0,0,0,-4,3,-6,4,-6,4,-7,5,-8,5,-9,5,-8,5,-8,5,-7,5,-6,4,-6,4,-4,3,-2,2,0,2,1,1,4,0,6,-1,7,-1,9,-2,10,-3,12,-3,13,-3,13,-3,13,-4,13,-3,11,-2,0,0,7,-1,5,0,2,1,-2,1,-4,1,-7,2,-10,2,-12,2,-14,2,-15,2,-16,2,-16,2,-15,3,-14,2,-12,1,-10,1,-8,1,-5,1,-2,0,1,-1,4,-3,6,-3,9,-5,12,-7,14,-8,17,-8,0,0,0,0,0,0,0,0,0,0]"""
987,"CSI_DATA,986,8c:90:2d:97:93:77,-52,11,1,7,1,0,1,0,1,0,0,-98,0,2,1,14384407,0,83,1,128,0,""[0,0,0,0,0,0,0,0,0,0,0,0,-5,0,-6,0,-7,0,-8,-1,-9,-1,-9,-1,-9,-1,-8,-1,-8,-1,-7,0,-5,0,-4,0,-3,0,-1,0,0,1,1,2,3,2,5,3,6,4,8,4,9,5,10,5,11,6,10,6,9,6,8,6,0,0,4,4,2,2,0,1,-1,0,-3,-1,-6,-3,-8,-4,-9,-6,-11,-7,-12,-8,-12,-8,-13,-8,-12,-7,-11,-7,-10,-6,-8,-5,-6,-3,-3,-2,0,-1,0,0,3,0,5,1,8,2,11,3,14,3,16,4,0,0,0,0,0,0,0,0,0,0]"""
988,"CSI_DATA,987,8c:90:2d:97:93:77,-52,11,1,7,1,0,1,0,1,0,0,-98,0,2,1,14394378,0,83,1,128,0,""[0,0,0,0,0,0,0,0,0,0,0,0,0,-5,0,-6,1,-7,1,-8,1,-8,2,-9,2,-8,2,-8,1,-7,1,-7,0,-6,0,-5,0,-3,-1,-1,-2,0,-3,0,-5,1,-6,3,-7,5,-8,6,-9,7,-9,8,-10,8,-10,8,-10,8,-9,6,0,0,-6,3,-4,1,-2,0,0,-1,1,-3,4,-5,6,-6,7,-7,9,-8,10,-9,11,-9,11,-9,10,-9,10,-8,8,-7,6,-6,4,-4,2,-3,0,-1,-1,0,-3,2,-4,4,-6,7,-8,9,-10,11,-12,13,0,0,0,0,0,0,0,0,0,0]"""
989,"CSI_DATA,988,8c:90:2d:97:93:77,-52,11,1,7,1,0,1,0,1,0,0,-98,0,2,1,14405638,0,83,1,128,0,""[0,0,0,0,0,0,0,0,0,0,0,0,0,-5,0,-6,0,-7,0,-8,0,-9,0,-9,1,-9,0,-8,0,-8,0,-7,0,-6,0,-4,0,-3,-1,-1,-2,0,-3,1,-4,2,-5,4,-6,6,-7,7,-7,8,-8,9,-8,10,-8,9,-8,8,-7,7,0,0,-5,4,-4,1,-2,0,0,-1,1,-3,3,-5,5,-7,7,-8,8,-9,9,-10,10,-10,10,-10,9,-10,8,-9,7,-8,5,-6,4,-5,2,-3,0,-1,-1,0,-2,2,-4,5,-6,8,-7,10,-9,12,-10,13,0,0,0,0,0,0,0,0,0,0]"""
990,"CSI_DATA,989,8c:90:2d:97:93:77,-52,11,1,7,1,0,1,0,1,0,0,-98,0,2,1,14414403,0,83,1,128,0,""[0,0,0,0,0,0,0,0,0,0,0,0,-4,2,-6,3,-6,4,-8,4,-8,4,-8,4,-8,4,-8,5,-7,4,-6,4,-5,3,-4,3,-2,2,-1,1,1,0,3,0,5,-2,6,-3,8,-4,9,-5,10,-6,11,-6,12,-6,12,-6,12,-6,11,-5,0,0,7,-3,5,-1,2,0,-1,1,-3,3,-6,5,-8,6,-10,7,-11,8,-12,8,-12,8,-12,9,-12,9,-11,8,-9,7,-8,6,-6,4,-4,3,-2,0,0,-2,1,-4,2,-8,3,-11,5,-13,6,-15,6,-18,0,0,0,0,0,0,0,0,0,0]"""
991,"CSI_DATA,990,8c:90:2d:97:93:77,-52,11,1,7,1,0,1,0,1,0,0,-98,0,2,1,14424485,0,83,1,128,0,""[0,0,0,0,0,0,0,0,0,0,0,0,-1,-6,-1,-7,-1,-8,0,-9,0,-10,-1,-10,-1,-10,-1,-10,-1,-9,-1,-8,-1,-7,-1,-5,-1,-3,-2,-1,-2,1,-2,3,-2,5,-2,7,-3,9,-3,10,-2,12,-3,12,-2,14,-3,13,-3,13,-3,12,0,0,-3,8,-2,4,-2,1,-3,-2,-2,-5,-1,-8,-1,-10,-1,-12,-1,-14,-1,-16,-1,-16,-1,-16,-1,-16,-2,-14,-1,-13,-1,-11,-1,-8,0,-5,0,-3,1,0,2,3,3,7,5,9,6,12,8,14,10,16,0,0,0,0,0,0,0,0,0,0]"""
992,"CSI_DATA,991,8c:90:2d:97:93:77,-52,11,1,7,1,0,1,0,1,0,0,-98,0,2,1,14434463,0,83,1,128,0,""[0,0,0,0,0,0,0,0,0,0,0,0,0,-5,0,-7,0,-8,1,-9,1,-10,1,-10,1,-10,1,-9,1,-9,0,-8,0,-7,-1,-6,-1,-4,-2,-2,-3,0,-4,2,-4,4,-5,6,-6,8,-6,9,-7,10,-7,11,-7,11,-7,12,-8,11,-7,9,0,0,-6,6,-4,3,-3,0,-1,-2,1,-5,2,-7,4,-9,6,-10,6,-12,7,-13,7,-14,8,-14,7,-13,7,-12,5,-11,5,-9,3,-7,2,-5,1,-2,-1,0,-2,3,-3,7,-3,10,-4,13,-5,15,-5,17,0,0,0,0,0,0,0,0,0,0]"""
993,"CSI_DATA,992,8c:90:2d:97:93:77,-52,11,1,7,1,0,1,0,1,0,0,-98,0,2,1,14444503,0,83,1,128,0,""[0,0,0,0,0,0,0,0,0,0,0,0,0,4,0,5,-1,7,-1,8,-1,9,-1,9,-1,9,-1,9,-1,8,-1,7,-1,6,0,5,0,3,1,1,2,-2,3,-3,3,-5,4,-7,4,-9,5,-11,5,-11,5,-12,6,-13,6,-13,6,-12,6,-11,0,0,4,-7,3,-4,2,-1,0,1,-2,4,-3,6,-4,8,-6,10,-6,11,-7,12,-8,13,-8,13,-8,12,-7,11,-6,10,-5,9,-4,6,-3,4,-1,1,0,-1,0,-5,2,-8,2,-11,3,-14,3,-16,3,-18,0,0,0,0,0,0,0,0,0,0]"""
994,"CSI_DATA,993,8c:90:2d:97:93:77,-52,11,1,7,1,0,1,0,1,0,0,-98,0,2,1,14454387,0,83,1,128,0,""[0,0,0,0,0,0,0,0,0,0,0,0,4,-4,4,-5,5,-5,6,-6,7,-6,7,-6,7,-6,7,-5,6,-5,5,-5,4,-5,3,-4,1,-3,0,-3,-3,-2,-5,-2,-7,0,-8,0,-10,1,-11,2,-12,3,-13,3,-14,3,-14,3,-14,2,-12,2,0,0,-8,0,-6,-1,-3,-1,1,-2,3,-2,6,-3,9,-3,11,-3,13,-3,14,-3,15,-4,15,-4,14,-4,13,-4,11,-3,9,-3,7,-2,4,-2,1,-1,-2,0,-5,1,-7,3,-10,5,-12,6,-15,7,-17,8,0,0,0,0,0,0,0,0,0,0]"""
995,"CSI_DATA,994,8c:90:2d:97:93:77,-52,11,1,7,1,0,1,0,1,0,0,-98,0,2,1,14464399,0,83,1,128,0,""[0,0,0,0,0,0,0,0,0,0,0,0,1,3,2,4,2,5,3,6,3,6,3,7,2,7,2,6,2,6,3,5,2,4,1,2,1,0,1,0,0,-2,0,-3,0,-5,0,-7,-1,-9,-1,-10,-2,-11,-2,-12,-2,-13,-2,-13,-1,-13,-1,-12,0,0,0,-8,0,-4,0,-2,0,0,0,2,1,5,1,8,1,10,2,11,2,13,2,13,2,13,2,13,2,12,2,10,1,8,1,5,0,3,0,1,-1,0,-2,-3,-3,-6,-5,-8,-7,-11,-9,-13,-10,-14,0,0,0,0,0,0,0,0,0,0]"""
996,"CSI_DATA,995,8c:90:2d:97:93:77,-52,11,1,7,1,0,1,0,1,0,0,-98,0,2,1,14474577,0,83,1,128,0,""[0,0,0,0,0,0,0,0,0,0,0,0,5,-2,6,-2,7,-2,8,-2,9,-2,9,-1,9,-1,8,-2,7,-2,7,-1,6,-2,4,-2,3,-2,1,-2,-2,-3,-4,-3,-6,-3,-8,-3,-9,-2,-11,-2,-13,-3,-14,-2,-15,-3,-15,-3,-14,-3,-12,-3,0,0,-8,-3,-6,-3,-2,-2,1,-1,4,-2,6,-1,9,0,11,0,13,1,15,1,15,1,15,1,14,1,13,0,11,0,9,0,7,0,4,0,1,0,-2,0,-5,0,-8,1,-11,2,-13,3,-16,4,-19,5,0,0,0,0,0,0,0,0,0,0]"""
997,"CSI_DATA,996,8c:90:2d:97:93:77,-52,11,1,7,1,0,1,0,1,0,0,-98,0,2,1,14484699,0,83,1,128,0,""[0,0,0,0,0,0,0,0,0,0,0,0,0,3,1,4,1,6,1,7,1,7,1,8,0,8,0,8,0,6,0,6,1,5,0,4,0,1,0,0,1,-1,1,-3,1,-5,1,-7,1,-9,1,-10,1,-12,1,-12,1,-13,1,-13,2,-12,2,-11,0,0,2,-7,1,-4,0,-1,0,0,0,3,-1,6,-2,8,-2,10,-2,12,-3,13,-3,13,-4,14,-3,13,-3,12,-2,10,-2,8,-1,6,-1,3,0,1,0,-1,0,-4,0,-7,0,-10,0,-13,0,-16,0,-18,0,0,0,0,0,0,0,0,0,0]"""
998,"CSI_DATA,997,8c:90:2d:97:93:77,-52,11,1,7,1,0,1,0,1,0,0,-98,0,2,1,14494515,0,83,1,128,0,""[0,0,0,0,0,0,0,0,0,0,0,0,-3,-3,-4,-4,-4,-6,-4,-7,-5,-7,-5,-7,-5,-7,-4,-7,-4,-6,-4,-5,-3,-5,-3,-4,-2,-1,-2,0,-1,1,0,2,0,4,0,6,0,8,0,9,0,11,0,12,1,12,0,12,0,11,0,10,0,0,0,6,0,4,0,0,-1,-1,-1,-4,-1,-7,0,-9,-1,-11,-1,-13,-1,-14,0,-15,0,-15,0,-14,0,-13,0,-12,0,-10,0,-7,0,-4,0,-1,0,0,0,3,0,6,1,9,3,12,3,14,4,16,0,0,0,0,0,0,0,0,0,0]"""
999,"CSI_DATA,998,8c:90:2d:97:93:77,-52,11,1,7,1,0,1,0,1,0,0,-98,0,2,1,14504455,0,83,1,128,0,""[0,0,0,0,0,0,0,0,0,0,0,0,3,-4,3,-5,4,-6,5,-7,6,-7,6,-7,6,-7,5,-7,5,-6,5,-6,3,-6,2,-5,1,-3,-1,-2,-2,-1,-4,0,-6,1,-7,3,-9,4,-10,5,-11,6,-12,6,-12,7,-12,7,-12,6,-11,5,0,0,-8,3,-5,1,-3,-1,0,-2,2,-4,5,-5,7,-7,9,-8,10,-8,11,-9,12,-9,12,-9,11,-9,11,-9,9,-7,7,-6,5,-5,3,-3,1,-2,-1,1,-3,3,-5,6,-6,9,-8,11,-9,13,-11,15,0,0,0,0,0,0,0,0,0,0]"""
1000,"CSI_DATA,999,8c:90:2d:97:93:77,-52,11,1,7,1,0,1,0,1,0,0,-98,0,2,1,14514332,0,83,1,128,0,""[0,0,0,0,0,0,0,0,0,0,0,0,-1,-4,-1,-6,-1,-7,-1,-8,-1,-9,-1,-9,-1,-8,-1,-9,-1,-8,-1,-7,-1,-6,-1,-4,-1,-2,-1,0,-1,0,-1,2,-1,4,-1,6,-1,8,-1,9,-1,11,-1,12,-1,12,0,12,-1,12,-1,11,0,0,-1,7,-1,3,-1,0,-1,0,-1,-4,0,-6,0,-9,0,-11,0,-13,0,-14,0,-15,0,-15,0,-14,-1,-13,0,-12,0,-9,0,-6,0,-4,0,-1,0,0,1,2,1,6,3,8,4,11,6,13,7,15,0,0,0,0,0,0,0,0,0,0]"""
1001,"CSI_DATA,1000,8c:90:2d:97:93:77,-52,11,1,7,1,0,1,0,1,0,0,-98,0,2,1,14524448,0,83,1,128,0,""[0,0,0,0,0,0,0,0,0,0,0,0,1,3,2,4,2,6,2,6,2,7,2,7,2,7,2,7,2,6,1,6,1,4,1,2,1,1,0,0,0,-1,0,-3,0,-5,0,-7,-1,-8,-1,-10,-2,-11,-2,-12,-2,-13,-2,-13,-1,-13,-1,-12,0,0,0,-8,0,-4,0,-2,1,0,0,2,1,5,2,7,2,9,4,11,3,12,3,13,3,13,4,12,3,11,3,10,2,8,2,5,0,3,0,1,-2,0,-3,-2,-4,-5,-6,-8,-9,-10,-11,-11,-13,-13,0,0,0,0,0,0,0,0,0,0]"""
1002,"CSI_DATA,1001,8c:90:2d:97:93:77,-52,11,1,7,1,0,1,0,1,0,0,-98,0,2,1,14534371,0,83,1,128,0,""[0,0,0,0,0,0,0,0,0,0,0,0,1,-5,2,-6,3,-7,4,-8,4,-8,4,-9,4,-8,4,-8,4,-8,2,-7,2,-7,1,-5,0,-3,-1,-2,-3,0,-4,1,-5,3,-6,5,-7,7,-8,8,-8,9,-9,10,-9,11,-9,10,-9,10,-8,9,0,0,-6,5,-5,2,-3,0,-2,-2,1,-5,2,-7,3,-9,5,-11,5,-13,6,-14,6,-14,6,-14,5,-14,5,-13,4,-12,4,-10,2,-7,2,-5,1,-2,1,1,0,4,0,8,0,11,0,13,0,16,1,18,0,0,0,0,0,0,0,0,0,0]"""
1003,"CSI_DATA,1002,8c:90:2d:97:93:77,-52,11,1,7,1,0,1,0,1,0,0,-98,0,2,1,14544368,0,83,1,128,0,""[0,0,0,0,0,0,0,0,0,0,0,0,-4,4,-4,5,-5,6,-6,6,-7,6,-7,6,-7,6,-7,6,-6,6,-6,5,-5,4,-3,4,-2,2,0,1,2,0,3,-1,5,-2,7,-4,8,-5,10,-6,11,-7,11,-7,12,-7,12,-7,12,-7,11,-6,0,0,7,-3,5,-1,2,0,-1,1,-4,3,-6,4,-9,5,-11,6,-12,7,-14,7,-14,8,-14,8,-14,7,-13,7,-10,6,-9,5,-7,4,-5,2,-2,0,0,-1,2,-4,5,-7,6,-9,8,-12,10,-13,11,-15,0,0,0,0,0,0,0,0,0,0]"""
1004,"CSI_DATA,1003,8c:90:2d:97:93:77,-52,11,1,7,1,0,1,0,1,0,0,-98,0,2,1,14554477,0,83,1,128,0,""[0,0,0,0,0,0,0,0,0,0,0,0,5,-1,6,-2,7,-2,8,-1,9,-1,9,-1,9,-1,8,-1,8,-1,7,-1,6,-2,4,-2,3,-2,1,-3,-2,-2,-4,-3,-6,-3,-8,-3,-10,-4,-11,-4,-12,-3,-13,-4,-14,-4,-14,-4,-13,-5,-12,-4,0,0,-8,-4,-5,-3,-3,-2,1,-1,4,-1,6,1,9,1,11,2,13,3,14,3,15,3,15,3,14,3,13,3,11,2,9,2,7,1,4,0,1,0,-2,0,-5,0,-8,0,-11,1,-14,1,-17,1,-19,1,0,0,0,0,0,0,0,0,0,0]"""
1005,"CSI_DATA,1004,8c:90:2d:97:93:77,-52,11,1,7,1,0,1,0,1,0,0,-98,0,2,1,14564361,0,83,1,128,0,""[0,0,0,0,0,0,0,0,0,0,0,0,-5,0,-6,0,-7,0,-8,0,-8,0,-9,0,-9,0,-9,0,-8,0,-7,0,-6,0,-4,0,-3,0,-1,0,0,1,1,2,3,2,5,3,6,4,8,4,9,4,10,5,10,5,10,5,10,5,8,5,0,0,5,4,2,2,0,0,-1,0,-3,-2,-5,-4,-7,-5,-8,-7,-10,-8,-10,-9,-11,-9,-11,-10,-10,-9,-10,-9,-8,-8,-7,-6,-5,-4,-3,-3,0,0,0,0,2,1,4,4,7,5,9,7,12,8,13,10,0,0,0,0,0,0,0,0,0,0]"""
1006,"CSI_DATA,1005,8c:90:2d:97:93:77,-52,11,1,7,1,0,1,0,1,0,1,-98,0,2,1,14574845,0,83,1,128,0,""[0,0,0,0,0,0,0,0,0,0,0,0,3,1,4,2,5,3,5,4,6,4,6,5,5,5,5,5,5,4,4,3,3,2,3,1,2,0,1,0,0,-2,0,-4,0,-6,-1,-7,-1,-9,-2,-11,-2,-11,-2,-13,-2,-13,-2,-13,-2,-13,-1,-12,0,0,0,-8,0,-4,0,-1,0,0,0,3,0,6,0,8,0,10,0,12,0,13,0,14,0,14,0,13,0,12,0,10,0,8,0,6,0,3,0,1,0,-1,0,-4,0,-7,0,-10,0,-14,0,-16,0,-18,0,0,0,0,0,0,0,0,0,0]"""
1007,"CSI_DATA,1006,8c:90:2d:97:93:77,-52,11,1,7,1,0,1,0,1,0,1,-98,0,2,1,14587778,0,83,1,128,0,""[0,0,0,0,0,0,0,0,0,0,0,0,-4,-4,-5,-5,-6,-6,-6,-7,-7,-7,-6,-8,-6,-7,-6,-8,-6,-7,-5,-6,-5,-5,-4,-4,-3,-2,-3,0,-2,2,0,3,0,5,2,7,2,8,3,10,4,11,4,12,5,12,5,12,4,12,3,11,0,0,1,7,0,5,-1,1,-2,-1,-3,-4,-4,-7,-4,-9,-5,-11,-6,-12,-6,-14,-7,-14,-7,-14,-7,-14,-6,-13,-5,-11,-4,-9,-4,-7,-2,-5,-1,-2,1,0,2,2,4,6,7,7,9,9,11,11,12,13,0,0,0,0,0,0,0,0,0,0]"""
1008,"CSI_DATA,1007,8c:90:2d:97:93:77,-52,11,1,7,1,0,1,0,1,0,1,-98,0,2,1,14594445,0,83,1,128,0,""[0,0,0,0,0,0,0,0,0,0,0,0,5,0,6,1,7,1,8,2,8,2,8,2,8,2,8,2,7,1,7,1,6,1,4,0,3,-1,1,-2,-1,-3,-3,-4,-5,-4,-7,-5,-8,-5,-10,-6,-12,-6,-12,-7,-13,-7,-13,-7,-12,-7,-11,-7,0,0,-7,-5,-5,-4,-2,-3,2,-1,4,0,6,1,8,2,10,3,12,4,14,4,14,5,14,4,13,4,13,3,11,3,9,2,7,2,4,1,1,0,-2,0,-5,0,-8,0,-11,1,-14,1,-17,1,-19,2,0,0,0,0,0,0,0,0,0,0]"""
1009,"CSI_DATA,1008,8c:90:2d:97:93:77,-52,11,1,7,1,0,1,0,1,0,1,-98,0,2,1,14604716,0,83,1,128,0,""[0,0,0,0,0,0,0,0,0,0,0,0,-3,4,-4,5,-5,6,-6,6,-6,7,-7,7,-6,7,-6,7,-6,6,-5,5,-4,5,-3,4,-1,2,0,1,2,0,3,-1,5,-3,6,-5,7,-6,8,-8,9,-9,10,-9,10,-10,10,-10,10,-9,9,-8,0,0,6,-5,4,-3,2,0,0,1,-3,4,-5,6,-6,7,-8,9,-9,10,-9,11,-11,11,-10,12,-10,11,-9,11,-7,9,-6,8,-5,5,-3,4,-2,1,-1,-1,0,-5,1,-9,2,-11,2,-14,2,-16,3,-19,0,0,0,0,0,0,0,0,0,0]"""
1010,"CSI_DATA,1009,8c:90:2d:97:93:77,-52,11,1,7,1,0,1,0,1,0,1,-98,0,2,1,14614501,0,83,1,128,0,""[0,0,0,0,0,0,0,0,0,0,0,0,-4,1,-6,1,-7,1,-8,1,-8,1,-9,1,-9,0,-8,1,-8,0,-7,1,-6,0,-4,0,-2,0,0,1,0,1,2,1,4,1,6,1,8,1,9,2,10,2,11,2,12,2,12,2,11,3,10,3,0,0,6,2,3,1,0,0,-1,0,-3,0,-6,-2,-8,-3,-10,-4,-12,-4,-13,-5,-14,-6,-14,-6,-13,-5,-12,-5,-10,-4,-9,-3,-7,-2,-4,-1,-1,0,0,0,3,0,6,1,8,1,12,2,15,2,16,3,0,0,0,0,0,0,0,0,0,0]"""
1011,"CSI_DATA,1010,8c:90:2d:97:93:77,-51,11,1,7,1,0,1,0,1,0,1,-98,0,2,1,14624463,0,83,1,128,0,""[0,0,0,0,0,0,0,0,0,0,0,0,0,5,-1,6,-1,7,-1,8,-1,9,-1,9,-1,9,-1,8,-1,8,0,7,0,6,0,4,0,3,1,1,1,-2,1,-4,1,-6,1,-8,1,-10,1,-11,1,-13,1,-14,1,-14,1,-14,1,-14,1,-12,0,0,1,-8,1,-5,2,-2,2,1,1,3,1,6,2,9,2,11,2,13,3,14,3,15,3,14,3,14,3,13,3,11,2,9,2,6,0,4,-1,2,-3,-1,-4,-4,-6,-6,-8,-8,-10,-10,-13,-11,-15,-12,0,0,0,0,0,0,0,0,0,0]"""
1012,"CSI_DATA,1011,8c:90:2d:97:93:77,-51,11,1,7,1,0,1,0,1,0,1,-98,0,2,1,14634358,0,83,1,128,0,""[0,0,0,0,0,0,0,0,0,0,0,0,-5,-3,-6,-4,-7,-4,-8,-5,-8,-5,-8,-5,-8,-5,-8,-5,-8,-4,-7,-4,-6,-3,-5,-2,-4,-1,-2,0,0,1,2,3,3,4,5,5,7,5,8,6,10,6,11,6,12,7,12,7,10,7,9,6,0,0,5,4,3,4,0,2,-2,1,-5,0,-8,-2,-10,-2,-12,-3,-13,-4,-15,-4,-15,-4,-16,-4,-15,-4,-14,-3,-12,-3,-10,-2,-8,-2,-5,-1,-2,-1,1,-1,4,-2,7,-3,9,-5,12,-5,15,-6,18,-7,0,0,0,0,0,0,0,0,0,0]"""
1013,"CSI_DATA,1012,8c:90:2d:97:93:77,-51,11,1,7,1,0,1,0,1,0,1,-98,0,2,1,14644616,0,83,1,128,0,""[0,0,0,0,0,0,0,0,0,0,0,0,-2,4,-3,6,-4,6,-5,7,-5,7,-5,8,-5,8,-5,7,-4,7,-3,6,-2,5,-2,4,-1,2,0,1,1,-1,2,-3,3,-5,3,-7,4,-9,5,-9,5,-11,5,-12,5,-13,4,-13,5,-13,5,-11,0,0,4,-7,3,-5,2,-2,2,1,0,4,-1,6,-1,9,-1,11,-1,13,-1,14,-1,15,0,15,0,14,0,13,-1,11,0,9,0,7,-1,4,-1,2,-3,-1,-4,-4,-5,-7,-7,-8,-9,-11,-11,-13,-12,-15,0,0,0,0,0,0,0,0,0,0]"""
1014,"CSI_DATA,1013,8c:90:2d:97:93:77,-52,11,1,7,1,0,1,0,1,0,1,-98,0,2,1,14654379,0,83,1,128,0,""[0,0,0,0,0,0,0,0,0,0,0,0,3,-2,4,-3,5,-3,6,-3,7,-3,7,-3,7,-3,6,-3,6,-3,6,-2,4,-2,3,-2,1,-2,0,-2,-1,-2,-3,-1,-5,-1,-7,-1,-9,0,-11,0,-12,0,-13,0,-14,0,-14,0,-13,-1,-11,-1,0,0,-7,-2,-4,-1,-1,-1,0,-1,2,0,5,0,8,0,10,0,12,0,13,1,14,1,14,1,13,1,12,0,10,0,8,0,6,0,3,0,0,0,-1,0,-4,0,-7,0,-10,0,-13,0,-16,0,-17,0,0,0,0,0,0,0,0,0,0,0]"""
1015,"CSI_DATA,1014,8c:90:2d:97:93:77,-52,11,1,7,1,0,1,0,1,0,1,-98,0,2,1,14664450,0,83,1,128,0,""[0,0,0,0,0,0,0,0,0,0,0,0,-3,-2,-5,-3,-5,-4,-6,-5,-6,-6,-6,-6,-6,-6,-6,-6,-5,-6,-5,-5,-4,-4,-3,-3,-3,-1,-2,0,-1,1,0,2,0,4,1,6,1,8,2,9,3,10,3,11,3,11,3,12,2,11,1,10,0,0,0,7,0,3,0,0,-1,0,-1,-3,-2,-6,-2,-9,-3,-11,-4,-12,-4,-13,-4,-14,-3,-14,-3,-14,-3,-13,-3,-11,-2,-9,-2,-6,-1,-4,0,-1,0,0,1,2,2,6,3,8,5,11,6,12,8,14,0,0,0,0,0,0,0,0,0,0]"""
1016,"CSI_DATA,1015,8c:90:2d:97:93:77,-52,11,1,7,1,0,1,0,1,0,0,-98,0,2,1,14674905,0,83,1,128,0,""[0,0,0,0,0,0,0,0,0,0,0,0,1,3,1,4,1,5,2,6,2,7,2,7,2,7,2,7,2,6,1,5,1,4,0,3,0,1,1,0,0,-1,0,-3,0,-5,0,-7,0,-9,-1,-10,-1,-11,-2,-12,-2,-13,-2,-13,-1,-13,-1,-11,0,0,0,-8,0,-5,0,-2,1,0,1,2,1,5,2,7,2,9,3,11,3,12,4,13,4,13,3,12,3,11,3,10,2,8,1,5,0,3,0,1,-1,0,-3,-3,-5,-5,-7,-7,-9,-9,-12,-10,-14,-12,0,0,0,0,0,0,0,0,0,0]"""
1017,"CSI_DATA,1016,8c:90:2d:97:93:77,-52,11,1,7,1,0,1,0,1,0,0,-98,0,2,1,14690072,0,83,1,128,0,""[0,0,0,0,0,0,0,0,0,0,0,0,3,3,3,4,4,5,4,6,5,6,5,7,5,7,4,6,4,6,4,5,4,4,3,3,2,1,1,0,0,-3,-1,-4,-2,-6,-3,-8,-4,-8,-5,-10,-6,-11,-7,-11,-7,-12,-7,-12,-7,-12,-6,-11,0,0,-3,-7,-2,-6,0,-3,2,-1,3,1,4,4,6,6,7,7,9,9,9,10,10,10,10,10,10,10,9,9,7,8,6,6,5,5,2,3,0,1,-2,0,-5,-2,-7,-3,-10,-3,-13,-4,-16,-5,-18,-5,0,0,0,0,0,0,0,0,0,0]"""
1018,"CSI_DATA,1017,8c:90:2d:97:93:77,-52,11,1,7,1,0,1,0,1,0,0,-98,0,2,1,14695200,0,83,1,128,0,""[0,0,0,0,0,0,0,0,0,0,0,0,-5,1,-7,2,-8,2,-9,2,-9,2,-9,2,-10,2,-9,2,-8,2,-7,2,-6,2,-5,2,-3,1,-1,1,1,1,3,1,5,1,7,0,9,-1,11,-1,12,-2,13,-2,13,-2,13,-2,13,-1,12,-1,0,0,7,0,5,1,2,1,-2,1,-4,2,-7,2,-10,2,-12,2,-13,3,-15,3,-16,2,-16,3,-15,3,-14,3,-12,3,-10,2,-8,1,-5,1,-2,0,0,-1,3,-3,5,-5,8,-7,10,-9,13,-10,14,-12,0,0,0,0,0,0,0,0,0,0]"""
1019,"CSI_DATA,1018,8c:90:2d:97:93:77,-52,11,1,7,1,0,1,0,1,0,0,-98,0,2,1,14704374,0,83,1,128,0,""[0,0,0,0,0,0,0,0,0,0,0,0,2,-4,2,-5,3,-6,4,-6,5,-7,5,-6,5,-6,5,-6,4,-6,3,-5,2,-5,1,-4,0,-3,0,-2,-1,-1,-4,0,-6,0,-8,0,-9,1,-10,2,-11,2,-12,3,-13,2,-13,3,-13,1,-11,1,0,0,-7,0,-5,0,-2,0,0,0,2,-1,5,-2,8,-2,10,-2,12,-2,14,-2,14,-2,14,-2,13,-2,12,-2,10,-1,8,-1,6,-1,3,-1,0,0,-1,0,-4,0,-7,1,-9,2,-12,3,-15,3,-18,4,0,0,0,0,0,0,0,0,0,0]"""
1020,"CSI_DATA,1019,8c:90:2d:97:93:77,-52,11,1,7,1,0,1,0,1,0,0,-98,0,2,1,14714486,0,83,1,128,0,""[0,0,0,0,0,0,0,0,0,0,0,0,-4,1,-5,2,-6,2,-7,2,-8,2,-8,2,-8,2,-8,2,-7,1,-6,1,-5,1,-4,1,-2,1,0,1,0,1,2,1,4,1,6,1,8,1,10,1,11,0,12,0,12,1,12,1,11,1,10,2,0,0,6,2,3,1,0,0,-1,0,-3,0,-6,-1,-9,-2,-11,-3,-12,-4,-14,-4,-14,-5,-14,-5,-13,-5,-12,-4,-11,-4,-9,-3,-7,-2,-3,-1,-1,0,0,0,3,0,6,1,8,1,12,1,15,2,16,3,0,0,0,0,0,0,0,0,0,0]"""
1021,"CSI_DATA,1020,8c:90:2d:97:93:77,-52,11,1,7,1,0,1,0,1,0,0,-98,0,2,1,14724493,0,83,1,128,0,""[0,0,0,0,0,0,0,0,0,0,0,0,4,1,6,2,7,2,7,3,8,3,8,3,8,3,7,3,7,3,6,2,6,1,4,0,2,0,1,-1,-1,-2,-3,-4,-5,-4,-7,-5,-9,-5,-10,-5,-12,-6,-12,-6,-13,-6,-13,-6,-12,-7,-11,-6,0,0,-7,-5,-5,-4,-2,-3,2,-2,4,-1,6,0,9,1,11,1,13,2,14,2,14,2,15,2,14,2,13,1,11,1,9,1,7,1,4,0,1,0,-1,1,-5,2,-7,3,-10,4,-13,5,-15,6,-18,7,0,0,0,0,0,0,0,0,0,0]"""
1022,"CSI_DATA,1021,8c:90:2d:97:93:77,-51,11,1,7,1,0,1,0,1,0,0,-98,0,2,1,14734349,0,83,1,128,0,""[0,0,0,0,0,0,0,0,0,0,0,0,-4,3,-5,3,-7,4,-7,4,-8,5,-8,5,-8,5,-7,5,-7,4,-6,4,-5,4,-4,3,-2,2,0,1,2,0,3,-1,5,-2,7,-3,8,-4,9,-5,10,-6,11,-6,13,-7,13,-6,13,-6,10,-5,0,0,7,-3,5,-1,2,0,0,1,-3,3,-6,4,-8,6,-10,7,-10,8,-13,8,-14,9,-14,9,-13,8,-11,8,-10,7,-8,6,-6,4,-4,3,-3,0,-1,-2,1,-5,3,-8,4,-10,5,-14,6,-16,7,-18,0,0,0,0,0,0,0,0,0,0]"""
1023,"CSI_DATA,1022,8c:90:2d:97:93:77,-51,11,1,7,1,0,1,0,1,0,0,-98,0,2,1,14745219,0,83,1,128,0,""[0,0,0,0,0,0,0,0,0,0,0,0,0,-5,0,-7,0,-8,1,-9,1,-9,1,-9,1,-10,1,-9,0,-8,0,-7,0,-7,0,-5,-1,-3,-2,-2,-3,0,-3,3,-3,4,-3,7,-4,8,-4,10,-4,11,-4,12,-5,13,-4,13,-5,12,-4,11,0,0,-4,7,-3,4,-3,1,-2,-2,-1,-5,-1,-7,0,-10,0,-12,0,-14,0,-15,1,-15,1,-15,1,-15,0,-14,0,-12,0,-11,-1,-8,0,-5,0,-2,1,0,2,3,3,6,4,9,5,12,6,14,8,16,0,0,0,0,0,0,0,0,0,0]"""
1024,"CSI_DATA,1023,8c:90:2d:97:93:77,-52,11,1,7,1,0,1,0,1,0,0,-98,0,2,1,14754401,0,83,1,128,0,""[0,0,0,0,0,0,0,0,0,0,0,0,0,-4,1,-6,2,-7,2,-7,3,-8,3,-8,3,-7,3,-7,3,-7,2,-6,1,-5,0,-4,0,-3,0,-2,-2,0,-4,0,-6,0,-7,1,-8,2,-10,3,-11,4,-12,4,-12,4,-12,4,-12,3,-10,2,0,0,-7,0,-5,0,-2,0,0,-1,2,-1,5,-2,7,-2,9,-2,12,-2,13,-2,14,-2,13,-2,13,-2,12,-2,10,-1,8,-1,6,-1,3,-1,0,0,-1,0,-4,0,-7,0,-10,1,-12,2,-15,3,-17,3,0,0,0,0,0,0,0,0,0,0]"""
1025,"CSI_DATA,1024,8c:90:2d:97:93:77,-52,11,1,7,1,0,1,0,1,0,0,-98,0,2,1,14764364,0,83,1,128,0,""[0,0,0,0,0,0,0,0,0,0,0,0,-1,4,-2,5,-3,5,-3,6,-4,7,-4,7,-4,7,-4,6,-4,6,-3,5,-2,4,-1,3,0,2,0,1,1,0,3,0,5,-1,6,-2,7,-4,8,-5,9,-5,10,-6,11,-6,11,-5,11,-5,10,-4,0,0,6,-2,4,0,1,0,-1,0,-3,0,-6,1,-8,1,-10,2,-13,2,-14,2,-15,2,-14,2,-14,2,-13,2,-11,1,-9,1,-7,0,-4,0,-1,0,0,0,3,0,5,-2,8,-3,11,-4,14,-5,16,-5,0,0,0,0,0,0,0,0,0,0]"""
1026,"CSI_DATA,1025,8c:90:2d:97:93:77,-52,11,1,7,1,0,1,0,1,0,0,-98,0,2,1,14774497,0,83,1,128,0,""[0,0,0,0,0,0,0,0,0,0,0,0,-6,0,-7,0,-8,0,-9,0,-10,0,-10,0,-10,0,-9,0,-9,0,-8,0,-7,0,-5,1,-4,1,-2,1,0,2,3,2,5,2,7,2,9,2,10,2,12,2,12,3,13,2,14,2,13,3,11,3,0,0,6,2,5,2,1,2,-2,0,-5,0,-8,-1,-10,-1,-12,-2,-14,-2,-16,-2,-16,-2,-16,-2,-16,-2,-14,-2,-13,-2,-10,-1,-8,-1,-5,-1,-2,-1,1,-1,4,-1,7,-3,10,-4,13,-4,16,-5,18,-5,0,0,0,0,0,0,0,0,0,0]"""
1027,"CSI_DATA,1026,8c:90:2d:97:93:77,-52,11,1,7,1,0,1,0,1,0,0,-98,0,2,1,14784402,0,83,1,128,0,""[0,0,0,0,0,0,0,0,0,0,0,0,-5,-3,-6,-4,-6,-5,-7,-6,-8,-6,-8,-6,-8,-6,-7,-6,-7,-5,-7,-5,-6,-4,-5,-3,-3,-1,-2,0,0,2,1,3,3,4,4,6,6,6,7,7,8,8,9,9,9,9,9,9,8,9,7,8,0,0,4,6,2,4,0,2,-3,0,-4,-1,-7,-3,-9,-5,-10,-6,-12,-7,-13,-8,-13,-9,-14,-8,-13,-8,-13,-7,-11,-6,-9,-5,-7,-4,-4,-3,-2,-2,1,-1,4,-1,7,-1,10,-1,13,-1,16,0,18,-1,0,0,0,0,0,0,0,0,0,0]"""
1028,"CSI_DATA,1027,8c:90:2d:97:93:77,-52,11,1,7,1,0,1,0,1,0,0,-98,0,2,1,14794432,0,83,1,128,0,""[0,0,0,0,0,0,0,0,0,0,0,0,-1,4,-2,6,-3,7,-3,8,-3,8,-3,8,-3,8,-3,8,-3,7,-2,7,-2,6,-1,4,0,3,1,1,2,-1,2,-3,3,-5,3,-7,4,-9,5,-10,5,-11,5,-12,6,-13,5,-13,6,-12,5,-11,0,0,4,-7,3,-4,2,-1,1,1,-1,4,-2,6,-3,9,-3,11,-4,12,-4,14,-4,14,-5,14,-4,14,-4,12,-3,11,-3,9,-2,6,-2,4,-2,1,-2,-2,-2,-5,-2,-9,-3,-11,-3,-14,-5,-16,-5,-18,0,0,0,0,0,0,0,0,0,0]"""
1029,"CSI_DATA,1028,8c:90:2d:97:93:77,-52,11,1,7,1,0,1,0,1,0,0,-97,0,2,1,14804436,0,83,1,128,0,""[0,0,0,0,0,0,0,0,0,0,0,0,-5,0,-6,0,-7,0,-8,0,-9,0,-9,-1,-9,-1,-8,-1,-8,-1,-7,0,-6,0,-4,0,-3,0,-1,0,0,1,1,2,3,3,5,3,6,5,7,5,9,6,9,6,10,7,10,6,9,6,7,6,0,0,4,5,1,2,0,0,-1,0,-3,-2,-5,-4,-7,-5,-8,-7,-10,-8,-11,-9,-11,-9,-11,-9,-11,-9,-10,-8,-8,-7,-7,-6,-5,-4,-3,-3,-1,-1,0,0,3,1,5,3,7,4,10,5,13,6,15,8,0,0,0,0,0,0,0,0,0,0]"""
1030,"CSI_DATA,1029,8c:90:2d:97:93:77,-52,11,1,7,1,0,1,0,1,0,0,-97,0,2,1,14815061,0,83,1,128,0,""[0,0,0,0,0,0,0,0,0,0,0,0,-4,2,-5,2,-6,3,-7,3,-7,3,-8,3,-8,3,-7,3,-7,3,-6,2,-5,2,-3,1,-2,1,0,1,0,0,3,0,5,0,7,0,8,0,10,0,11,-1,12,-1,12,0,13,0,12,0,11,0,0,0,6,0,4,0,1,0,-1,0,-3,0,-6,0,-9,0,-11,0,-13,0,-14,0,-15,0,-15,0,-15,0,-13,0,-11,0,-9,0,-7,0,-4,0,-1,0,0,0,3,-1,6,-2,9,-2,11,-3,14,-4,16,-5,0,0,0,0,0,0,0,0,0,0]"""
1031,"CSI_DATA,1030,8c:90:2d:97:93:77,-52,11,1,7,1,0,1,0,1,0,0,-97,0,2,1,14824501,0,83,1,128,0,""[0,0,0,0,0,0,0,0,0,0,0,0,4,-3,5,-3,6,-3,8,-3,8,-3,8,-3,8,-3,8,-3,7,-3,6,-3,5,-3,3,-3,2,-2,0,-2,-2,-2,-4,-1,-6,-1,-8,0,-10,0,-12,0,-13,1,-14,1,-14,1,-14,1,-14,0,-12,0,0,0,-8,-1,-6,-1,-3,-2,1,-2,3,-2,6,-3,8,-3,11,-3,12,-3,14,-4,14,-4,14,-4,14,-4,13,-4,11,-3,9,-3,7,-2,4,-2,1,-1,-1,0,-4,3,-6,4,-9,6,-11,8,-13,9,-15,11,0,0,0,0,0,0,0,0,0,0]"""
1032,"CSI_DATA,1031,8c:90:2d:97:93:77,-52,11,1,7,1,0,1,0,1,0,0,-97,0,2,1,14834401,0,83,1,128,0,""[0,0,0,0,0,0,0,0,0,0,0,0,4,1,6,2,6,3,7,3,8,4,8,4,8,4,7,4,7,3,6,3,5,2,4,1,3,0,1,-2,0,-3,-2,-4,-4,-5,-6,-6,-7,-7,-8,-8,-9,-9,-10,-9,-10,-10,-10,-10,-9,-10,-8,-10,0,0,-5,-7,-3,-5,-1,-3,2,-1,3,1,5,3,7,5,8,7,10,8,11,9,11,9,11,9,11,9,10,8,9,7,7,6,6,4,3,3,0,1,-2,0,-5,-2,-7,-3,-11,-4,-13,-5,-16,-5,-18,-6,0,0,0,0,0,0,0,0,0,0]"""
1033,"CSI_DATA,1032,8c:90:2d:97:93:77,-52,11,1,7,1,0,1,0,1,0,0,-97,0,2,1,14844390,0,83,1,128,0,""[0,0,0,0,0,0,0,0,0,0,0,0,1,-5,2,-7,2,-7,3,-8,4,-9,4,-9,3,-9,3,-8,3,-8,3,-7,2,-6,1,-5,0,-4,-2,-2,-3,-1,-5,0,-6,2,-7,3,-8,5,-9,6,-10,7,-11,8,-11,8,-11,8,-11,7,-10,6,0,0,-7,3,-5,1,-3,0,0,-2,2,-4,5,-5,7,-6,9,-7,10,-8,11,-8,12,-9,12,-9,12,-9,11,-8,9,-7,7,-6,5,-5,3,-3,1,-2,-2,0,-4,2,-6,6,-7,7,-9,9,-11,11,-13,13,0,0,0,0,0,0,0,0,0,0]"""
1034,"CSI_DATA,1033,8c:90:2d:97:93:77,-52,11,1,7,1,0,1,0,1,0,0,-97,0,2,1,14854498,0,83,1,128,0,""[0,0,0,0,0,0,0,0,0,0,0,0,-4,3,-6,4,-7,4,-8,4,-8,5,-8,5,-8,4,-8,4,-7,4,-7,4,-6,3,-4,3,-3,3,-1,2,2,1,4,1,6,0,8,0,9,-1,11,-1,12,-1,13,-2,14,-1,13,-2,13,-1,11,0,0,0,7,0,5,0,2,1,-2,1,-4,0,-7,0,-10,-1,-12,-1,-14,-1,-15,-2,-15,-2,-16,-1,-15,-1,-14,-1,-12,-1,-10,-1,-8,-1,-5,-1,-2,-1,1,-1,4,-1,7,-1,10,-2,13,-2,16,-2,18,-2,0,0,0,0,0,0,0,0,0,0]"""
1035,"CSI_DATA,1034,8c:90:2d:97:93:77,-52,11,1,7,1,0,1,0,1,0,0,-97,0,2,1,14864467,0,83,1,128,0,""[0,0,0,0,0,0,0,0,0,0,0,0,-2,-5,-2,-6,-3,-8,-2,-9,-2,-9,-2,-9,-2,-9,-2,-9,-2,-8,-2,-8,-2,-7,-2,-5,-2,-3,-2,-2,-3,1,-3,3,-4,4,-4,6,-4,8,-5,10,-5,11,-5,11,-6,12,-6,12,-6,11,-5,9,0,0,-4,6,-4,3,-2,0,-1,-1,1,-5,2,-7,4,-9,5,-10,6,-11,7,-12,7,-13,7,-13,7,-12,6,-11,5,-10,4,-8,3,-7,2,-4,0,-2,-1,0,-2,3,-3,7,-5,9,-6,12,-7,14,-7,16,0,0,0,0,0,0,0,0,0,0]"""
1036,"CSI_DATA,1035,8c:90:2d:97:93:77,-52,11,1,7,1,0,1,0,1,0,0,-97,0,2,1,14874447,0,83,1,128,0,""[0,0,0,0,0,0,0,0,0,0,0,0,3,-4,3,-6,4,-7,5,-7,6,-8,6,-7,6,-7,6,-7,5,-7,4,-6,3,-5,2,-5,1,-4,-1,-2,-3,-1,-5,0,-6,1,-8,2,-9,4,-11,5,-11,6,-12,6,-13,6,-13,6,-13,5,-11,5,0,0,-8,3,-6,1,-3,-1,0,-2,3,-4,5,-5,7,-6,9,-7,10,-8,12,-8,13,-8,13,-9,12,-8,11,-8,10,-7,7,-6,6,-4,3,-3,1,-2,-1,1,-4,3,-5,6,-7,8,-9,11,-11,12,-12,14,0,0,0,0,0,0,0,0,0,0]"""
1037,"CSI_DATA,1036,8c:90:2d:97:93:77,-52,11,1,7,1,0,1,0,1,0,0,-97,0,2,1,14884502,0,83,1,128,0,""[0,0,0,0,0,0,0,0,0,0,0,0,3,-4,4,-4,5,-5,7,-5,7,-6,7,-5,7,-6,7,-5,6,-5,6,-4,4,-4,3,-4,2,-3,-1,-2,-2,-2,-5,-1,-7,-1,-8,0,-10,1,-11,2,-12,3,-13,3,-14,3,-14,3,-13,2,-12,2,0,0,-8,1,-6,-1,-3,-1,0,-2,3,-3,6,-3,8,-4,10,-5,12,-5,13,-5,14,-5,14,-5,13,-5,12,-5,11,-5,8,-4,6,-3,4,-2,1,-1,-2,1,-4,2,-6,5,-9,6,-11,8,-13,10,-15,11,0,0,0,0,0,0,0,0,0,0]"""
1038,"CSI_DATA,1037,8c:90:2d:97:93:77,-52,11,1,7,1,0,1,0,1,0,0,-97,0,2,1,14895993,0,83,1,128,0,""[0,0,0,0,0,0,0,0,0,0,0,0,-4,-2,-5,-3,-5,-4,-6,-5,-6,-5,-6,-6,-6,-6,-6,-6,-5,-5,-5,-4,-5,-4,-4,-2,-3,-1,-1,0,0,1,0,2,0,4,1,6,1,8,2,9,3,10,3,11,4,12,4,11,2,11,2,10,0,0,0,6,0,3,0,0,-1,0,-1,-3,-2,-6,-3,-9,-3,-10,-4,-12,-4,-13,-4,-14,-4,-14,-4,-13,-4,-12,-3,-11,-2,-9,-2,-6,-1,-4,0,-1,0,0,1,2,2,6,4,7,5,10,7,12,8,14,0,0,0,0,0,0,0,0,0,0]"""
1039,"CSI_DATA,1038,8c:90:2d:97:93:77,-52,11,1,7,1,0,1,0,1,0,0,-97,0,2,1,14904534,0,83,1,128,0,""[0,0,0,0,0,0,0,0,0,0,0,0,4,0,5,0,6,0,7,0,8,0,8,0,8,0,7,0,7,0,6,0,5,0,3,-1,2,-1,0,-1,0,-2,-3,-2,-5,-3,-7,-3,-8,-4,-10,-4,-11,-4,-12,-5,-13,-5,-12,-5,-11,-5,-10,-5,0,0,-6,-4,-4,-2,-1,-1,0,0,2,0,5,1,7,2,9,3,11,4,12,4,12,5,12,5,12,4,11,4,9,4,7,3,6,1,2,0,0,0,-1,0,-5,0,-7,-1,-9,-2,-13,-2,-16,-2,-18,-3,0,0,0,0,0,0,0,0,0,0]"""
1040,"CSI_DATA,1039,8c:90:2d:97:93:77,-52,11,1,7,1,0,1,0,1,0,0,-97,0,2,1,14917110,0,83,1,128,0,""[0,0,0,0,0,0,0,0,0,0,0,0,3,-2,4,-3,5,-3,6,-3,7,-3,7,-3,7,-3,7,-3,6,-3,5,-3,4,-3,3,-3,1,-2,0,-1,-1,-1,-4,-1,-6,-1,-8,0,-9,0,-11,0,-12,0,-13,0,-13,0,-13,0,-13,0,-11,0,0,0,-7,0,-5,0,-2,-1,0,-1,2,-1,5,-1,8,-2,10,-1,12,-2,13,-2,14,-1,14,-2,13,-2,12,-2,10,-1,8,-1,6,-1,3,-1,0,0,-1,0,-4,0,-6,2,-9,4,-12,5,-14,6,-16,7,0,0,0,0,0,0,0,0,0,0]"""
1041,"CSI_DATA,1040,8c:90:2d:97:93:77,-52,11,1,7,1,0,1,0,1,0,0,-97,0,2,1,14924432,0,83,1,128,0,""[0,0,0,0,0,0,0,0,0,0,0,0,0,-5,0,-7,1,-8,1,-9,1,-9,2,-10,2,-9,1,-9,1,-8,1,-7,1,-7,0,-5,-1,-3,-2,-2,-3,0,-4,2,-5,4,-5,5,-6,7,-6,8,-7,10,-7,11,-8,11,-8,11,-8,10,-8,9,0,0,-6,5,-4,3,-3,0,-1,-2,1,-5,3,-7,4,-9,5,-11,6,-12,6,-13,7,-14,7,-13,7,-13,6,-12,5,-11,4,-9,3,-7,2,-5,0,-2,0,1,-1,4,-2,8,-3,10,-3,13,-3,15,-4,18,0,0,0,0,0,0,0,0,0,0]"""
1042,"CSI_DATA,1041,8c:90:2d:97:93:77,-52,11,1,7,1,0,1,0,1,0,0,-97,0,2,1,14934470,0,83,1,128,0,""[0,0,0,0,0,0,0,0,0,0,0,0,0,4,0,6,0,7,0,8,0,9,0,9,0,9,0,8,0,8,0,7,0,6,0,4,1,2,1,0,2,-2,2,-4,2,-6,3,-8,3,-10,3,-11,3,-12,4,-13,4,-13,4,-14,4,-13,4,-11,0,0,3,-7,3,-4,1,-2,0,1,-1,4,-2,6,-3,9,-4,10,-4,12,-5,14,-6,14,-6,14,-5,13,-5,12,-4,11,-3,9,-3,6,-2,4,-1,1,-1,-2,0,-5,0,-9,0,-11,0,-14,0,-17,0,-19,0,0,0,0,0,0,0,0,0,0]"""
1043,"CSI_DATA,1042,8c:90:2d:97:93:77,-52,11,1,7,1,0,1,0,1,0,0,-97,0,2,1,14944558,0,83,1,128,0,""[0,0,0,0,0,0,0,0,0,0,0,0,-6,-1,-7,-1,-8,-1,-9,-2,-10,-2,-10,-2,-10,-2,-9,-2,-9,-1,-8,-1,-7,-1,-5,0,-3,0,-2,1,0,2,2,2,5,3,6,3,9,3,10,4,11,4,12,4,12,4,13,4,12,4,10,4,0,0,6,3,4,2,1,2,-2,0,-5,0,-8,-1,-10,-2,-12,-3,-14,-3,-15,-4,-15,-4,-16,-3,-15,-3,-14,-3,-12,-2,-10,-2,-8,-2,-5,-1,-2,-1,1,-1,4,-2,7,-2,10,-4,13,-4,16,-5,18,-5,0,0,0,0,0,0,0,0,0,0]"""
1044,"CSI_DATA,1043,8c:90:2d:97:93:77,-52,11,1,7,1,0,1,0,1,0,0,-97,0,2,1,14954490,0,83,1,128,0,""[0,0,0,0,0,0,0,0,0,0,0,0,2,-5,3,-6,3,-7,4,-7,5,-8,5,-8,5,-8,5,-7,4,-7,3,-6,3,-6,1,-5,0,-3,-1,-2,-3,0,-4,1,-6,2,-7,4,-8,5,-9,6,-10,7,-10,8,-11,8,-11,8,-11,7,-10,7,0,0,-7,4,-5,2,-3,-1,0,-2,2,-4,4,-6,6,-7,7,-9,8,-10,10,-11,10,-11,10,-11,9,-11,8,-10,7,-9,6,-8,4,-5,3,-4,1,-2,-1,0,-2,3,-3,7,-4,10,-5,12,-6,14,-7,17,0,0,0,0,0,0,0,0,0,0]"""
1045,"CSI_DATA,1044,8c:90:2d:97:93:77,-52,11,1,7,1,0,1,0,1,0,0,-97,0,2,1,14964505,0,83,1,128,0,""[0,0,0,0,0,0,0,0,0,0,0,0,5,-1,6,-1,7,-1,8,-1,9,-1,9,-1,9,-1,8,-1,8,-1,7,-1,6,-1,4,-1,2,-2,1,-2,-2,-2,-4,-3,-6,-3,-8,-3,-10,-3,-11,-3,-13,-3,-13,-4,-14,-4,-14,-3,-13,-4,-12,-4,0,0,-8,-4,-5,-3,-2,-3,1,-1,4,-1,7,0,9,0,11,0,13,1,14,1,15,2,15,1,14,1,13,1,11,1,9,1,7,0,4,0,1,0,-3,0,-5,1,-7,2,-10,3,-13,4,-17,5,-18,5,0,0,0,0,0,0,0,0,0,0]"""
1046,"CSI_DATA,1045,8c:90:2d:97:93:77,-52,11,1,7,1,0,1,0,1,0,0,-97,0,2,1,14974584,0,83,1,128,0,""[0,0,0,0,0,0,0,0,0,0,0,0,-2,3,-3,4,-3,5,-4,6,-5,6,-5,6,-5,6,-5,5,-5,5,-4,4,-3,4,-2,3,0,1,0,1,1,0,3,0,4,-1,6,-3,7,-4,8,-5,9,-5,10,-6,11,-6,11,-6,10,-5,9,-5,0,0,6,-2,4,-1,1,0,-1,0,-3,1,-5,2,-8,3,-10,4,-11,4,-13,5,-13,5,-13,5,-13,5,-12,5,-10,3,-8,3,-6,2,-3,1,-1,0,0,0,2,-2,4,-4,7,-7,9,-8,11,-10,13,-11,0,0,0,0,0,0,0,0,0,0]"""
1047,"CSI_DATA,1046,8c:90:2d:97:93:77,-52,11,1,7,1,0,1,0,1,0,0,-97,0,2,1,14984495,0,83,1,128,0,""[0,0,0,0,0,0,0,0,0,0,0,0,0,4,0,5,0,6,0,7,0,8,0,8,0,8,0,8,0,7,0,6,0,5,0,3,0,2,0,0,1,-1,1,-2,2,-4,2,-6,3,-8,4,-10,4,-11,4,-12,5,-12,4,-12,5,-11,4,-10,0,0,2,-6,2,-3,0,-1,0,0,-1,3,-2,5,-3,7,-5,9,-5,10,-7,12,-7,12,-7,12,-6,11,-6,10,-4,9,-4,7,-3,5,-1,3,0,0,0,-1,0,-4,0,-7,1,-10,2,-13,2,-15,3,-18,0,0,0,0,0,0,0,0,0,0]"""
1048,"CSI_DATA,1047,8c:90:2d:97:93:77,-52,11,1,7,1,0,1,0,1,0,0,-97,0,2,1,14995504,0,83,1,128,0,""[0,0,0,0,0,0,0,0,0,0,0,0,4,2,5,2,6,3,7,4,7,4,7,5,7,4,7,4,7,3,6,3,5,2,4,1,2,0,1,-1,-1,-2,-3,-4,-4,-5,-6,-6,-8,-7,-9,-7,-11,-8,-11,-8,-12,-8,-12,-8,-11,-8,-10,-8,0,0,-6,-6,-4,-5,-1,-3,1,-1,4,-1,6,1,8,2,10,3,12,4,13,5,14,5,14,4,14,4,12,4,10,3,9,2,7,2,4,1,1,1,-2,0,-5,0,-7,1,-11,2,-13,3,-17,3,-19,3,0,0,0,0,0,0,0,0,0,0]"""
1049,"CSI_DATA,1048,8c:90:2d:97:93:77,-52,11,1,7,1,0,1,0,1,0,0,-97,0,2,1,15004520,0,83,1,128,0,""[0,0,0,0,0,0,0,0,0,0,0,0,1,-5,2,-6,3,-7,4,-8,4,-9,4,-9,4,-9,4,-8,3,-8,2,-7,2,-6,1,-5,0,-3,-1,-2,-3,0,-4,2,-4,3,-6,6,-7,7,-7,8,-7,10,-8,10,-8,11,-8,11,-8,10,-8,9,0,0,-6,5,-4,3,-3,0,-2,-2,0,-5,1,-7,3,-10,3,-11,4,-13,4,-14,4,-15,4,-15,4,-14,4,-13,3,-12,2,-10,2,-7,1,-5,1,-2,1,0,1,4,1,7,1,10,2,13,3,15,4,17,0,0,0,0,0,0,0,0,0,0]"""
1050,"CSI_DATA,1049,8c:90:2d:97:93:77,-52,11,1,7,1,0,1,0,1,0,0,-97,0,2,1,15014697,0,83,1,128,0,""[0,0,0,0,0,0,0,0,0,0,0,0,-5,-4,-6,-4,-6,-5,-7,-6,-7,-7,-7,-7,-7,-7,-7,-6,-6,-6,-6,-5,-5,-5,-4,-3,-4,-1,-2,0,-1,2,1,3,2,5,4,6,5,7,6,8,7,9,8,10,8,10,8,10,8,10,6,9,0,0,4,6,2,4,0,2,-3,0,-4,-2,-6,-4,-8,-6,-9,-8,-11,-9,-12,-10,-12,-10,-12,-10,-12,-10,-11,-9,-10,-8,-8,-7,-7,-5,-4,-3,-1,-2,2,-1,4,0,7,1,10,1,12,2,16,2,18,3,0,0,0,0,0,0,0,0,0,0]"""
1051,"CSI_DATA,1050,8c:90:2d:97:93:77,-52,11,1,7,1,0,1,0,1,0,0,-97,0,2,1,15024423,0,83,1,128,0,""[0,0,0,0,0,0,0,0,0,0,0,0,-1,3,-1,5,-2,6,-3,6,-3,7,-3,7,-4,7,-3,6,-3,6,-3,5,-2,4,-1,3,0,2,0,0,1,0,2,-1,4,-3,5,-3,6,-5,7,-6,8,-7,9,-7,9,-8,9,-8,9,-7,8,-6,0,0,5,-3,3,-2,1,0,0,0,-2,2,-5,3,-7,4,-9,5,-10,5,-12,7,-12,7,-12,7,-12,7,-11,6,-9,5,-7,4,-6,2,-3,1,-1,0,0,0,2,-3,4,-5,6,-7,8,-9,10,-11,11,-13,0,0,0,0,0,0,0,0,0,0]"""
