Packet_No,CSI_Data
1,"[0.0, 0.0, 0.0, 0.0, 1.216553, 2.630766, 4.441843, 6.451818, 8.461793, 9.445241, 10.231027, 10.429925, 10.429925, 10.032402, 9.246615, 8.246615, 7.03664, 5.473879, 4.261427, 3.479669, 3.279669, 3.92189, 5.036726, 6.636726, 8.167601, 9.499982, 10.563754, 11.507697, 12.01369, 12.086427, 9.754046, 8.956854, 7.792502, 6.28651, 4.771552, 5.218765, 3.909965, 3.289434, 3.137962, 3.583042, 4.416454, 5.458674, 6.179784, 6.943708, 7.389969, 7.818145, 7.831946, 7.845748, 7.64751, 7.251611, 6.807721, 6.428732, 5.97271, 5.558497, 5.418977, 5.370618, 5.693585, 4.693585, 3.693585, 2.616553, 1.4, 0.0, 0.0, 0.0]"
2,"[0.0, 0.0, 0.0, 0.0, 1.16619, 2.778642, 4.567496, 6.537268, 8.507039, 9.310621, 9.667941, 9.776453, 9.65059, 9.330061, 8.774503, 8.021284, 6.948538, 5.737085, 4.287843, 3.320843, 2.928911, 3.181323, 3.991088, 5.40354, 6.956326, 8.295036, 9.498354, 10.318875, 10.832452, 10.812351, 8.649021, 7.93072, 6.948603, 5.822574, 4.47513, 5.07513, 4.234191, 3.953566, 3.953566, 4.662751, 5.504972, 6.345911, 6.907961, 7.605017, 8.107286, 8.227115, 8.227115, 8.277517, 8.022681, 7.620992, 7.225133, 6.794454, 6.348193, 6.170883, 5.945215, 6.379025, 7.058731, 5.892541, 4.62763, 3.411077, 1.811077, 0.0, 0.0, 0.0]"
3,"[0.0, 0.0, 0.0, 0.0, 1.16619, 2.608411, 4.328876, 6.215672, 8.215672, 9.049482, 9.73329, 9.992724, 9.802984, 9.500041, 8.914254, 7.919596, 6.660807, 5.246594, 3.749537, 2.935324, 2.823757, 3.51686, 4.88326, 6.722868, 8.33194, 9.720455, 10.906241, 11.656999, 12.017391, 12.008319, 9.6, 8.8, 7.8, 6.419804, 5.044425, 5.61011, 4.21011, 3.442566, 3.317189, 3.569601, 4.345556, 5.401578, 6.292278, 6.853872, 7.426082, 7.696892, 7.853322, 7.744381, 7.702572, 7.269883, 6.873984, 6.338565, 5.818779, 5.298992, 5.159473, 5.14292, 5.480101, 4.585674, 3.691247, 2.614214, 1.414214, 0.0, 0.0, 0.0]"
4,"[0.0, 0.0, 0.0, 0.0, 1.216553, 2.630766, 4.243218, 6.054295, 8.054295, 8.847717, 9.433504, 9.831027, 9.81995, 9.432402, 8.638979, 7.658783, 6.473429, 5.073429, 3.660978, 3.165535, 3.145731, 3.763331, 5.060387, 6.840286, 8.381917, 9.790236, 11.038741, 11.902934, 12.484285, 12.629862, 10.221543, 9.374727, 8.375527, 6.945649, 5.431757, 6.064212, 4.852759, 4.290709, 4.290709, 4.676907, 5.606501, 6.536096, 7.233152, 7.798837, 8.362121, 8.64398, 8.802395, 8.717791, 8.462955, 8.061267, 7.497982, 6.908888, 6.296437, 5.87402, 5.6318, 5.616086, 6.097167, 5.097167, 4.077363, 2.877363, 1.612452, 0.0, 0.0, 0.0]"
5,"[0.0, 0.0, 0.0, 0.0, 1.131371, 2.693421, 4.255471, 6.09938, 8.09938, 9.094038, 9.695319, 10.2966, 10.339487, 10.128341, 9.525467, 8.627047, 7.288337, 6.001541, 4.412687, 3.336746, 2.896456, 3.288387, 4.102601, 5.702601, 7.265362, 8.649813, 9.866366, 10.68822, 11.124288, 11.350381, 9.141309, 8.357446, 7.337931, 6.101863, 4.690416, 5.256101, 4.43148, 4.214928, 4.414928, 5.190307, 6.237073, 7.212452, 8.212452, 8.812452, 9.023529, 9.222154, 9.266063, 8.915305, 8.764547, 8.367684, 7.756607, 7.129251, 6.557041, 6.073989, 5.940401, 6.302451, 6.874753, 5.79772, 4.631529, 3.350904, 1.788854, 0.0, 0.0, 0.0]"
6,"[0.0, 0.0, 0.0, 0.0, 1.0, 2.442221, 3.884441, 5.604906, 7.448815, 8.428714, 8.966392, 9.368081, 9.368081, 9.136623, 8.598945, 7.785236, 6.765949, 5.645484, 4.233032, 3.073654, 2.539919, 2.792331, 3.457242, 4.906485, 6.434719, 7.812238, 8.935205, 9.870294, 10.421052, 10.809975, 8.8, 8.2, 7.2, 6.019804, 4.540914, 5.262024, 4.462024, 4.281828, 4.478577, 5.213489, 6.141621, 7.18553, 7.976803, 8.571327, 8.926382, 9.088217, 9.044308, 8.833231, 8.622154, 8.211077, 7.814214, 7.279125, 6.845315, 6.52594, 6.406565, 6.604803, 7.048692, 5.882502, 4.601877, 3.321252, 1.708801, 0.0, 0.0, 0.0]"
7,"[0.0, 0.0, 0.0, 0.0, 1.077033, 2.341944, 3.797966, 5.447208, 7.291117, 8.057993, 8.604159, 8.959214, 8.909972, 8.666063, 8.038707, 7.247433, 6.260978, 5.060978, 3.660978, 2.891639, 2.766262, 3.107831, 4.269881, 5.91379, 7.592606, 8.96092, 10.203049, 11.202248, 11.919589, 12.073911, 9.811169, 9.246759, 8.247559, 6.966935, 5.581011, 6.405632, 5.386344, 4.718721, 4.569467, 4.955665, 5.545258, 6.417693, 7.220322, 7.93286, 8.496144, 8.802395, 8.825804, 8.741199, 8.339511, 7.776227, 7.336387, 6.747293, 6.134841, 5.769654, 5.689029, 5.624956, 6.01674, 5.01674, 3.939707, 2.739707, 1.523155, 0.0, 0.0, 0.0]"
8,"[0.0, 0.0, 0.0, 0.0, 1.216553, 2.630766, 4.280008, 6.177375, 8.265436, 9.136945, 9.692503, 10.013032, 10.002462, 9.634866, 9.108854, 8.419708, 7.449936, 6.128825, 4.691203, 3.411996, 2.697056, 2.591483, 3.290709, 4.716667, 6.331191, 7.853567, 9.239491, 10.25493, 10.782198, 10.924439, 8.836377, 8.205269, 7.189829, 6.030794, 4.712297, 5.344752, 4.29551, 3.925026, 4.014183, 4.573698, 5.383463, 6.395914, 7.290342, 7.913006, 8.341182, 8.607762, 8.518465, 8.185632, 7.661689, 7.217799, 6.586032, 6.062877, 5.606855, 5.508134, 5.508134, 5.845315, 6.445315, 5.445315, 4.279125, 3.014214, 1.6, 0.0, 0.0, 0.0]"
9,"[0.0, 0.0, 0.0, 0.0, 1.0, 2.280625, 3.842675, 5.539731, 7.38364, 8.227549, 8.790833, 8.949248, 8.864643, 8.633186, 8.054188, 7.287312, 6.199303, 4.986851, 3.3744, 2.556702, 2.30429, 2.871835, 4.071835, 6.08181, 7.843668, 9.452152, 10.685257, 11.75359, 12.411948, 12.676739, 10.243634, 9.654438, 8.598557, 7.130224, 5.676164, 6.524692, 5.575211, 4.982563, 4.999116, 5.393525, 6.144997, 7.061647, 8.051818, 8.845241, 9.274936, 9.518845, 9.35701, 8.996277, 8.442324, 8.054437, 7.427081, 6.977839, 6.3484, 5.969411, 5.794014, 5.991675, 6.404127, 5.384323, 4.30729, 3.026665, 1.612452, 0.0, 0.0, 0.0]"
10,"[0.0, 0.0, 0.0, 0.0, 1.077033, 2.341944, 3.865099, 5.573899, 7.471266, 8.2916, 9.066296, 9.387051, 9.489327, 9.204412, 8.707045, 7.867437, 6.84815, 5.669528, 4.339919, 3.222762, 2.622762, 2.798141, 3.382238, 4.711847, 6.272913, 7.760974, 9.101914, 10.226302, 10.95479, 11.198943, 9.110881, 8.419184, 7.294796, 5.953856, 4.49825, 5.063936, 4.014693, 3.817945, 4.034497, 4.816255, 5.899812, 7.143721, 7.967826, 8.562351, 8.959214, 9.109972, 8.866063, 8.622154, 8.211077, 7.616553, 7.033105, 6.510138, 5.910138, 5.641509, 5.591147, 5.830616, 6.366035, 5.366035, 4.234664, 3.068474, 1.612452, 0.0, 0.0, 0.0]"
11,"[0.0, 0.0, 0.0, 0.0, 1.0, 2.280625, 3.842675, 5.686584, 7.530493, 8.417289, 9.02346, 9.250265, 9.19521, 8.874456, 8.443682, 7.821796, 6.857563, 5.668709, 4.428397, 3.255218, 2.711417, 2.963829, 3.886983, 5.312941, 7.069706, 8.388204, 9.547239, 10.457189, 10.984457, 10.984457, 8.944849, 8.358023, 7.189829, 5.848188, 4.374266, 4.974266, 3.957479, 3.692568, 4.078766, 4.927294, 6.02435, 7.235804, 8.079712, 8.642997, 9.072692, 9.096101, 8.972657, 8.741199, 8.339511, 7.776227, 7.187133, 6.466668, 5.748643, 5.306423, 5.045602, 5.179142, 5.621363, 4.726935, 3.726935, 2.707132, 1.442221, 0.0, 0.0, 0.0]"
12,"[0.0, 0.0, 0.0, 0.0, 1.0, 2.280625, 4.00109, 5.844999, 7.844999, 8.844999, 9.45117, 9.519559, 9.464505, 8.98766, 8.443682, 7.821796, 6.927369, 5.585728, 4.262574, 3.089395, 2.456939, 2.639545, 3.648353, 5.097595, 6.968819, 8.490429, 9.649464, 10.610051, 11.377418, 11.282478, 9.128412, 8.504796, 7.353098, 5.956293, 4.497167, 4.94438, 3.964384, 3.499473, 3.499473, 4.099473, 5.052259, 5.819804, 6.619804, 7.212452, 7.624903, 7.639117, 7.695139, 7.36005, 6.824631, 6.231983, 5.642391, 4.986369, 4.353914, 3.997991, 3.978187, 4.319756, 5.042911, 4.410455, 3.689345, 2.689345, 1.523155, 0.0, 0.0, 0.0]"
13,"[0.0, 0.0, 0.0, 0.0, 0.848528, 1.979899, 3.394113, 4.956162, 6.653219, 7.501747, 8.067432, 8.215269, 8.215269, 7.960433, 7.429567, 6.626938, 5.697344, 4.535294, 3.293073, 2.409725, 2.236408, 2.680986, 3.622627, 4.945781, 6.560305, 7.927256, 8.938285, 9.684705, 10.249612, 10.249612, 8.161551, 7.529511, 6.518483, 5.151532, 3.819851, 4.419851, 3.684939, 3.456434, 3.866695, 4.715223, 5.529436, 6.370376, 7.218904, 7.78459, 8.067432, 8.215269, 8.095439, 7.840604, 7.485188, 6.954322, 6.558463, 5.96477, 5.24366, 4.72664, 4.36045, 4.271292, 4.588955, 3.867844, 3.043223, 2.243223, 1.16619, 0.0, 0.0, 0.0]"
14,"[0.0, 0.0, 0.0, 0.0, 1.216553, 2.630766, 4.243218, 6.054295, 7.865372, 8.688427, 9.284189, 9.482814, 9.284189, 9.073112, 8.433504, 7.423529, 6.412452, 5.2, 3.8, 2.8, 2.6, 3.0, 3.816553, 5.229004, 6.672913, 7.912521, 8.948589, 10.012387, 10.439543, 10.635242, 8.595634, 7.77378, 6.709982, 5.494995, 3.855387, 4.13823, 3.006859, 2.355992, 2.379899, 3.260524, 4.258306, 5.537513, 6.533878, 7.2474, 7.528825, 7.81025, 7.69042, 7.570591, 7.450761, 7.054902, 6.659042, 6.06535, 5.34424, 4.72664, 4.385071, 4.218881, 4.650977, 3.929867, 3.105246, 2.280625, 1.280625, 0.0, 0.0, 0.0]"
15,"[0.0, 0.0, 0.0, 0.0, 1.16619, 2.608411, 4.170461, 5.732511, 7.429567, 8.107286, 8.508974, 8.508974, 8.389145, 8.134309, 7.45659, 6.689714, 5.952285, 5.110065, 4.23353, 3.66734, 3.414928, 3.66734, 4.23353, 5.110065, 6.353974, 7.373262, 8.422258, 9.518809, 10.202618, 10.338608, 8.494699, 7.93072, 6.948603, 5.822574, 4.563785, 5.010999, 3.731791, 2.851167, 2.451167, 2.74986, 3.519199, 4.65057, 5.664784, 6.677235, 7.269883, 7.864407, 8.250194, 8.63598, 8.623529, 8.611077, 8.214214, 7.630766, 7.095677, 6.495677, 5.895677, 5.281464, 5.084715, 3.819804, 2.819804, 1.819804, 1.019804, 0.0, 0.0, 0.0]"
16,"[0.0, 0.0, 0.0, 0.0, 1.0, 2.280625, 3.722845, 5.284895, 7.128804, 7.849269, 8.412553, 8.667389, 8.667389, 8.265701, 7.82586, 7.148142, 6.275707, 5.313657, 4.31865, 3.485239, 2.951504, 3.02131, 3.42131, 4.254721, 5.369558, 6.457567, 7.56314, 8.726471, 9.609177, 10.210457, 8.489992, 8.376789, 7.825909, 7.004219, 5.840889, 6.561999, 4.958045, 3.545594, 2.603953, 2.203953, 2.502647, 3.436356, 4.452909, 5.452909, 6.252909, 6.845557, 7.229004, 7.812452, 8.024903, 8.237355, 8.039117, 7.704028, 7.070218, 6.589137, 6.142876, 6.142876, 6.292179, 5.125988, 3.994618, 2.828427, 1.414214, 0.0, 0.0, 0.0]"
17,"[0.0, 0.0, 0.0, 0.0, 1.16619, 2.446815, 3.889036, 5.609501, 7.45341, 8.131128, 8.694412, 9.096101, 9.096101, 8.972657, 8.741199, 8.420445, 7.793089, 7.092428, 6.196584, 5.216588, 4.140647, 3.55655, 3.431173, 3.606552, 4.254721, 5.527973, 6.782313, 7.947012, 9.006138, 9.784639, 8.064174, 7.966232, 7.519558, 6.626622, 5.567496, 6.133182, 4.791541, 3.461932, 2.928197, 2.822624, 3.276743, 4.243743, 5.573352, 6.553348, 7.469998, 8.294103, 8.723798, 8.922423, 9.121049, 8.922423, 8.678514, 8.248819, 7.893764, 7.524908, 7.32667, 7.339121, 7.57415, 6.118128, 4.675907, 3.261694, 1.649242, 0.0, 0.0, 0.0]"
18,"[0.0, 0.0, 0.0, 0.0, 1.0, 2.4, 3.8, 5.4, 7.211077, 8.022154, 8.466063, 8.909972, 9.018773, 8.916496, 8.628574, 8.126306, 7.282397, 6.422124, 5.434434, 4.311279, 3.535324, 3.335324, 3.286796, 3.830596, 4.953751, 6.17692, 7.612988, 9.049056, 10.020213, 10.733126, 8.944272, 8.677975, 8.054359, 7.159932, 6.000897, 6.633352, 4.863581, 3.451129, 2.741944, 2.559338, 3.093073, 4.335294, 5.577514, 6.507109, 7.054902, 7.609177, 7.887421, 8.057652, 7.937823, 7.776227, 7.336387, 6.782112, 6.246694, 6.004473, 5.988759, 6.150355, 6.681221, 5.604188, 4.404188, 3.139277, 1.697056, 0.0, 0.0, 0.0]"
19,"[0.0, 0.0, 0.0, 0.0, 0.848528, 1.979899, 3.394113, 4.956162, 6.653219, 7.366741, 7.79742, 7.945256, 7.79742, 7.380988, 7.099563, 6.703704, 6.036081, 5.221867, 4.573698, 4.014183, 3.672614, 3.778187, 4.443098, 5.333797, 6.401541, 7.636046, 8.872114, 9.939584, 10.922422, 11.550177, 9.491051, 9.224754, 8.601174, 7.360093, 5.963287, 6.563287, 4.876358, 3.567558, 2.868332, 2.697056, 3.097056, 4.094838, 5.109052, 5.95758, 6.523266, 6.937479, 7.071068, 7.071068, 6.788225, 6.374012, 5.854225, 5.264633, 4.650419, 4.240159, 4.134586, 4.317192, 4.906784, 4.106784, 3.385674, 2.491247, 1.414214, 0.0, 0.0, 0.0]"
20,"[0.0, 0.0, 0.0, 0.0, 1.0, 2.280625, 3.842675, 5.56314, 7.407049, 8.250958, 8.690798, 8.849213, 8.690798, 8.289109, 7.786841, 7.232567, 6.406529, 5.444479, 4.449472, 3.673517, 3.107326, 3.03752, 3.702431, 4.778372, 6.001541, 7.371313, 8.605818, 9.576975, 10.207886, 10.573097, 8.603326, 8.253001, 7.281844, 6.147582, 4.625971, 4.825971, 3.31717, 2.684715, 2.489532, 2.876881, 3.941792, 5.197814, 6.02138, 6.846001, 7.47544, 7.66655, 7.66655, 7.66655, 7.282219, 6.84953, 6.413311, 5.757289, 4.933723, 4.389922, 3.997991, 3.997991, 4.462902, 3.830446, 3.109336, 2.284715, 1.264911, 0.0, 0.0, 0.0]"
21,"[0.0, 0.0, 0.0, 0.0, 1.280625, 2.842675, 4.686584, 6.666483, 8.792512, 9.637916, 10.201895, 10.484016, 10.348026, 9.919053, 9.355073, 8.509669, 7.54983, 6.530543, 5.465942, 4.625002, 4.238804, 4.289167, 4.878759, 5.858755, 7.14762, 8.263168, 9.446615, 10.440721, 11.236588, 11.462681, 9.452706, 8.701948, 7.55854, 6.044648, 4.255794, 4.455794, 3.206552, 2.574096, 2.699473, 3.468812, 4.683026, 5.932268, 6.949054, 7.578493, 7.974392, 8.17263, 8.135839, 7.886597, 7.637355, 7.224903, 6.632255, 5.844425, 4.891639, 3.938852, 3.186066, 2.887372, 3.139784, 2.69257, 2.245357, 1.798143, 1.077033, 0.0, 0.0, 0.0]"
22,"[0.0, 0.0, 0.0, 0.0, 1.264911, 2.788066, 4.674862, 6.674862, 8.674862, 9.53598, 10.138855, 10.231957, 9.929014, 9.491064, 8.645659, 7.68582, 6.782954, 5.885898, 5.218275, 4.937651, 5.052085, 5.587504, 6.6743, 7.838999, 9.075067, 10.126823, 11.020364, 11.741249, 12.123434, 12.167717, 9.835336, 9.173252, 7.979784, 6.538473, 4.979233, 5.379233, 3.818167, 3.003953, 2.803953, 3.102647, 3.919199, 4.852909, 5.469461, 5.934372, 6.17948, 6.227838, 6.352926, 6.302564, 6.114686, 5.926808, 5.556324, 5.014683, 4.248493, 3.454303, 2.824483, 2.778584, 3.144775, 2.744775, 2.461932, 2.014719, 1.16619, 0.0, 0.0, 0.0]"
23,"[0.0, 0.0, 0.0, 0.0, 1.077033, 2.519253, 4.131705, 5.85217, 7.696079, 8.462955, 8.864643, 8.972657, 8.814242, 8.384546, 7.672008, 6.828099, 6.002062, 5.264633, 4.482875, 4.351504, 4.482875, 5.150497, 5.938328, 7.192669, 8.251795, 9.283755, 10.002055, 10.830915, 11.22447, 11.291373, 9.128042, 8.544747, 7.384061, 6.10371, 4.610137, 5.010137, 3.878766, 3.319251, 3.143872, 3.531221, 4.347773, 5.196301, 5.875191, 6.45057, 6.830766, 7.028427, 7.028427, 7.042641, 7.056854, 7.071068, 6.856854, 6.659193, 6.139407, 5.446304, 4.664545, 4.097001, 3.601559, 2.707132, 1.986021, 1.353566, 0.72111, 0.0, 0.0, 0.0]"
24,"[0.0, 0.0, 0.0, 0.0, 1.264911, 2.788066, 4.400517, 6.189372, 8.076168, 8.698053, 8.895363, 9.003377, 8.934988, 8.660643, 8.115487, 7.472055, 6.771394, 6.070733, 5.352709, 4.859596, 4.948754, 5.27059, 5.773941, 6.588315, 7.583695, 8.505566, 9.444276, 10.15719, 10.72874, 10.972892, 8.884831, 8.313281, 7.418854, 6.215536, 4.75993, 5.15993, 3.651129, 2.509488, 1.879669, 2.095742, 2.54427, 3.475641, 4.275641, 4.828427, 5.146089, 5.463752, 5.498571, 5.840212, 6.006402, 6.006402, 5.840212, 5.52255, 4.902019, 4.335829, 3.735324, 3.559945, 3.911417, 3.190307, 2.590307, 2.024621, 1.2, 0.0, 0.0, 0.0]"
25,"[0.0, 0.0, 0.0, 0.0, 1.0, 2.280625, 3.722845, 5.335297, 7.124151, 7.832952, 8.261128, 8.342062, 8.071251, 7.624038, 7.081427, 6.372627, 5.698, 5.07747, 4.335829, 3.99426, 3.99426, 4.426356, 4.985871, 6.106336, 7.168511, 8.168511, 9.051217, 10.050943, 10.610829, 10.850062, 8.850062, 8.383787, 7.51765, 6.237299, 4.83238, 5.23238, 3.818167, 2.803953, 2.603953, 2.882843, 3.699395, 4.633105, 5.689127, 6.345149, 6.801171, 7.04064, 7.28011, 7.347243, 7.156132, 6.965021, 6.725551, 6.269529, 5.570996, 5.027195, 4.394739, 4.002808, 4.002808, 3.178187, 2.457077, 1.824621, 1.0, 0.0, 0.0, 0.0]"
26,"[0.0, 0.0, 0.0, 0.0, 1.280625, 2.842675, 4.56314, 6.407049, 8.250958, 8.814242, 9.096101, 9.072692, 8.925839, 8.64398, 8.242292, 7.840604, 7.485188, 6.865165, 6.303115, 5.880698, 5.515511, 5.34006, 5.543652, 5.985873, 6.57852, 7.290342, 8.183277, 8.961778, 9.682889, 10.070437, 8.281583, 7.784507, 7.139594, 6.107634, 4.828745, 5.275958, 3.713908, 2.582537, 2.016852, 2.016852, 2.569638, 3.735829, 4.895207, 5.771742, 6.492852, 6.935072, 7.211103, 7.330932, 7.169336, 6.893306, 6.617276, 6.069483, 5.107433, 4.274022, 3.507831, 3.062751, 3.299695, 2.699695, 2.252481, 1.852481, 1.131371, 0.0, 0.0, 0.0]"
27,"[0.0, 0.0, 0.0, 0.0, 1.280625, 2.56125, 4.1233, 5.967209, 7.664265, 8.080696, 8.497128, 8.497128, 8.215269, 7.960433, 7.705597, 7.450761, 7.230352, 6.933213, 6.707545, 6.265325, 5.842908, 5.395695, 5.262154, 5.326227, 5.768447, 6.63544, 7.627809, 8.555564, 9.43827, 10.15938, 8.272584, 8.082844, 7.585768, 6.422437, 4.980216, 5.42743, 3.730374, 2.615537, 2.247993, 2.42131, 3.239007, 4.695029, 5.860267, 6.840263, 7.558288, 7.905828, 8.062258, 8.062258, 8.062258, 7.849806, 7.437355, 6.844707, 5.953366, 4.788128, 3.835341, 3.356452, 3.5532, 2.83209, 2.384876, 1.937663, 1.216553, 0.0, 0.0, 0.0]"
28,"[0.0, 0.0, 0.0, 0.0, 1.16619, 2.446815, 3.72744, 5.141654, 6.703704, 7.099563, 7.380988, 7.542584, 7.570591, 7.450761, 7.411866, 7.305838, 7.31964, 7.093972, 6.868304, 6.561701, 6.182712, 5.892881, 5.807699, 6.033367, 6.429266, 7.141088, 8.210965, 9.496204, 10.386364, 11.215223, 9.426369, 9.190301, 8.617601, 7.699434, 6.106651, 6.672336, 4.872336, 3.228427, 2.414214, 2.585489, 3.236356, 4.45057, 5.863022, 6.875473, 7.468121, 8.051568, 8.237355, 8.224903, 8.012452, 7.814214, 7.230766, 6.707799, 5.828909, 4.876123, 4.094365, 3.77224, 3.911759, 3.190649, 2.743435, 2.11098, 1.216553, 0.0, 0.0, 0.0]"
29,"[0.0, 0.0, 0.0, 0.0, 1.077033, 2.243223, 3.685444, 5.127664, 6.689714, 7.054902, 7.330932, 7.169336, 7.068757, 6.672897, 6.572317, 6.471738, 6.456024, 6.330936, 6.381298, 6.039657, 5.71782, 5.529942, 5.47958, 5.543652, 5.957866, 6.635118, 7.537984, 8.497823, 9.343227, 10.092344, 8.395288, 8.204243, 7.601369, 6.552373, 5.283469, 5.849155, 4.2603, 3.302831, 2.946908, 2.946908, 3.547413, 4.789634, 5.785998, 6.626938, 7.294561, 7.69042, 7.81025, 7.81025, 7.662413, 7.514577, 7.083898, 6.521848, 5.680908, 4.713908, 3.499695, 2.934009, 2.828436, 2.107326, 1.660113, 1.460113, 0.894427, 0.0, 0.0, 0.0]"
30,"[0.0, 0.0, 0.0, 0.0, 1.019804, 2.219804, 3.419804, 4.834017, 6.248231, 6.642641, 6.856854, 7.071068, 6.873407, 6.675746, 6.461532, 6.247319, 6.233105, 6.430766, 6.430766, 6.495677, 6.560588, 6.326779, 5.912565, 5.827383, 5.843097, 6.020407, 6.574681, 7.41859, 8.131128, 8.830402, 7.388182, 7.388182, 6.986493, 6.308775, 5.223303, 5.788989, 4.515737, 3.52073, 2.920225, 2.874326, 3.308641, 3.992798, 4.826209, 5.541149, 5.973245, 6.387459, 6.670302, 6.831897, 6.965486, 7.099075, 6.965486, 6.551272, 5.830162, 4.863162, 3.648949, 2.768324, 2.568324, 1.847214, 1.4, 1.2, 0.8, 0.0, 0.0, 0.0]"
31,"[0.0, 0.0, 0.0, 0.0, 1.077033, 2.418674, 3.860894, 5.422944, 6.984994, 7.470011, 7.570591, 7.69042, 7.570591, 7.450761, 7.330932, 7.330932, 7.381334, 7.462268, 7.543202, 7.442622, 7.265313, 7.067075, 6.958134, 7.034979, 7.30579, 7.884788, 8.510182, 9.105943, 9.715016, 10.302564, 8.458655, 8.429022, 8.031499, 7.23664, 6.253193, 7.253193, 6.067839, 5.176497, 4.483394, 4.161269, 4.238302, 4.630233, 5.174034, 5.717835, 6.088319, 6.425499, 6.62316, 6.772463, 6.963574, 7.154685, 7.263626, 7.191053, 6.776839, 6.169346, 5.313324, 4.073012, 3.178584, 2.178584, 1.330056, 0.730056, 0.447214, 0.0, 0.0, 0.0]"
32,"[0.0, 0.0, 0.0, 0.0, 0.824621, 1.901654, 3.166565, 4.431476, 5.887498, 6.477091, 6.814271, 6.963574, 7.154685, 7.154685, 7.196493, 7.238301, 7.088999, 6.897888, 6.608056, 6.318225, 5.993574, 5.894853, 5.706975, 5.757337, 6.203598, 6.684679, 7.362397, 8.324972, 9.196481, 9.738095, 8.125644, 8.070589, 7.473202, 6.551331, 5.291692, 5.924148, 4.582507, 3.705972, 3.260892, 3.260892, 3.705469, 4.523167, 5.222393, 5.957304, 6.477091, 6.814271, 6.963574, 7.311114, 7.269306, 7.311114, 7.161812, 6.913789, 6.301337, 5.608234, 4.552212, 3.734514, 3.200779, 2.200779, 1.479669, 1.079669, 0.632456, 0.0, 0.0, 0.0]"
33,"[0.0, 0.0, 0.0, 0.0, 0.848528, 1.979899, 3.11127, 4.391895, 5.953945, 6.547637, 7.028718, 7.238988, 7.400583, 7.180174, 7.079594, 6.808784, 6.633333, 6.191113, 5.849472, 5.584864, 5.320256, 5.370618, 5.770618, 6.370618, 7.093585, 8.016553, 9.009072, 9.818144, 10.257752, 10.545814, 8.545814, 7.859896, 6.992465, 6.02989, 4.741828, 5.374284, 4.416815, 3.796284, 3.796284, 4.162475, 4.87166, 5.647615, 6.268146, 6.456024, 6.554744, 6.429656, 6.304568, 6.377141, 6.526443, 6.675746, 6.915215, 6.963574, 6.443787, 5.595259, 4.463888, 3.207866, 2.508641, 1.614214, 1.048528, 0.765685, 0.565685, 0.0, 0.0, 0.0]"
34,"[0.0, 0.0, 0.0, 0.0, 1.019804, 2.236356, 3.636356, 5.248808, 6.89805, 7.527489, 7.960178, 8.083333, 7.994036, 7.686435, 7.302103, 6.917772, 6.414421, 5.891267, 5.626659, 5.626659, 5.703389, 6.125805, 6.84627, 7.613146, 8.348235, 9.169925, 9.891035, 10.406638, 10.716795, 10.686567, 8.523236, 7.88306, 6.911903, 5.652264, 4.531021, 5.355642, 4.832488, 4.767576, 5.089702, 5.655387, 6.24498, 6.659193, 6.873407, 7.071068, 6.921765, 6.772463, 6.69989, 6.727897, 6.755904, 7.103444, 7.450985, 7.450985, 7.085797, 6.468198, 5.455746, 3.843295, 2.901654, 1.824621, 1.0, 0.4, 0.4, 0.0, 0.0, 0.0]"
35,"[0.0, 0.0, 0.0, 0.0, 1.414214, 3.134679, 5.021475, 6.991246, 8.961018, 9.634866, 9.954008, 9.911121, 9.785258, 9.464729, 9.02591, 8.509457, 8.007189, 7.6055, 7.370472, 7.441695, 7.805336, 8.627026, 9.348136, 10.097254, 10.709169, 11.263684, 11.541665, 11.819645, 12.064633, 11.994994, 9.553683, 8.956281, 8.077019, 7.110921, 5.925212, 6.945016, 6.301107, 5.939057, 5.713389, 6.092378, 6.528596, 6.593508, 6.735148, 6.684786, 6.394955, 6.219557, 6.086017, 6.025001, 6.139436, 6.387459, 6.521048, 6.670302, 6.555867, 6.099863, 5.318105, 4.186735, 3.353323, 2.187133, 1.362512, 0.730056, 0.447214, 0.0, 0.0, 0.0]"
36,"[0.0, 0.0, 0.0, 0.0, 1.280625, 2.694838, 4.256888, 5.977353, 7.86415, 8.480891, 8.964044, 9.110795, 8.846352, 8.415578, 7.783122, 7.227397, 6.684786, 6.360135, 6.184738, 6.442981, 6.624495, 7.167106, 7.744536, 8.361277, 8.735489, 9.300396, 9.745661, 10.190926, 10.447626, 10.520031, 8.431969, 7.801058, 6.988633, 5.9116, 4.961632, 5.761632, 5.063099, 4.615885, 4.538852, 4.650419, 4.98179, 5.28854, 5.560303, 5.726493, 5.860034, 5.993574, 6.127114, 6.375137, 6.664969, 6.85608, 7.114323, 7.191053, 6.90821, 6.173298, 5.117277, 3.794122, 3.173591, 2.042221, 1.32111, 0.92111, 0.72111, 0.0, 0.0, 0.0]"
37,"[0.0, 0.0, 0.0, 0.0, 1.612452, 3.261694, 5.349755, 7.503821, 9.739889, 10.186563, 10.596447, 10.395182, 10.127912, 9.61231, 9.342038, 8.991713, 8.560938, 8.286594, 8.166129, 7.977274, 8.079551, 8.434606, 8.861762, 9.349823, 9.837884, 10.307158, 10.776432, 11.077764, 11.270054, 11.418061, 9.13771, 8.701268, 7.972779, 7.106642, 6.135485, 7.029912, 6.034532, 5.316507, 4.796721, 4.356431, 4.481808, 4.633279, 4.738852, 4.864229, 5.059412, 5.116641, 5.193674, 5.535315, 5.857151, 6.293369, 6.63055, 6.753517, 6.488909, 5.868379, 5.044812, 4.263054, 4.063054, 2.986021, 2.264911, 1.632456, 1.0, 0.0, 0.0, 0.0]"
38,"[0.0, 0.0, 0.0, 0.0, 1.414214, 3.225291, 5.225291, 7.235266, 9.444338, 10.069732, 10.298263, 10.142172, 9.976106, 9.610942, 9.382412, 9.153881, 8.909972, 8.678514, 8.483848, 8.51668, 8.414403, 8.71177, 8.888173, 9.298057, 9.617479, 10.072009, 10.337973, 10.829469, 11.102724, 10.998519, 8.835188, 8.641629, 8.150133, 7.159393, 6.266457, 7.266457, 6.145214, 5.250786, 4.733767, 4.367576, 4.167576, 4.143669, 4.269046, 4.521458, 4.798491, 4.998491, 5.454495, 5.715316, 5.918908, 6.183515, 6.525156, 6.461084, 6.180459, 5.794261, 5.173731, 4.63209, 4.264066, 3.264066, 2.369638, 1.648528, 0.848528, 0.0, 0.0, 0.0]"
39,"[0.0, 0.0, 0.0, 0.0, 1.341641, 2.783861, 4.504326, 6.348235, 8.192144, 8.570968, 8.849213, 8.849213, 8.567354, 8.285495, 8.12708, 7.968665, 7.69042, 7.570591, 7.620992, 7.582097, 7.728848, 7.93587, 8.106101, 8.304726, 8.592649, 8.883848, 9.234606, 9.822154, 10.220149, 10.419047, 8.419047, 8.230124, 7.642576, 6.847717, 6.054295, 7.074099, 6.157449, 5.266107, 4.851894, 4.635341, 4.69257, 4.875176, 5.370618, 5.587171, 5.987171, 6.310138, 6.833105, 7.216553, 7.612452, 7.861694, 8.110936, 8.034091, 7.565462, 6.95301, 5.903768, 4.820211, 3.929512, 2.798141, 1.798141, 1.198141, 0.632456, 0.0, 0.0, 0.0]"
40,"[0.0, 0.0, 0.0, 0.0, 1.414214, 3.026665, 4.639117, 6.483026, 8.326934, 8.810087, 9.095003, 9.191352, 8.996685, 8.802018, 8.553894, 8.256527, 7.947727, 7.712698, 7.519478, 7.39339, 7.502191, 7.714642, 8.020894, 8.126922, 8.300824, 8.435932, 8.803379, 9.208943, 9.772922, 10.055765, 8.211856, 7.929014, 7.365034, 6.653219, 5.83951, 6.733937, 5.861502, 5.099452, 4.317694, 4.045931, 4.000032, 4.023939, 4.390129, 4.834707, 5.205191, 5.812685, 6.420178, 6.962789, 7.67461, 8.296495, 8.560938, 8.666966, 8.299806, 7.530756, 6.538387, 5.539032, 4.996786, 3.655145, 2.635341, 1.740914, 1.019804, 0.0, 0.0, 0.0]"
41,"[0.0, 0.0, 0.0, 0.0, 1.4, 3.0, 4.8, 6.6, 8.411077, 8.822154, 9.033231, 9.033231, 9.033231, 8.834606, 8.834606, 8.672771, 8.522013, 8.245168, 8.245168, 8.046542, 7.95935, 7.872158, 8.069468, 8.245871, 8.422274, 8.75759, 9.283602, 9.843488, 10.395573, 10.947659, 9.050292, 8.932002, 8.360452, 7.542667, 6.466638, 7.486442, 6.31667, 5.432491, 4.630446, 3.931221, 3.543872, 3.376328, 3.351707, 3.630596, 4.084715, 4.71717, 5.349626, 6.005648, 6.6181, 7.198296, 7.545836, 7.80408, 7.790278, 7.458452, 7.075004, 6.727464, 6.646529, 5.204309, 3.923684, 2.707132, 1.442221, 0.0, 0.0, 0.0]"
42,"[0.0, 0.0, 0.0, 0.0, 1.0, 2.2, 3.6, 5.212452, 6.824903, 7.437355, 7.849806, 8.062258, 8.049806, 8.037355, 8.037355, 7.839117, 7.640879, 7.496901, 7.238541, 6.967731, 6.834142, 6.700553, 6.686752, 6.686752, 7.053912, 7.422529, 7.985813, 8.631654, 9.378074, 9.757335, 8.108093, 8.053038, 7.488132, 6.741711, 5.673454, 6.473454, 5.317055, 4.51501, 3.89448, 3.595786, 3.690213, 4.077562, 4.556452, 5.035341, 5.728445, 6.248231, 6.877669, 7.488746, 8.298722, 8.884508, 9.48027, 9.674936, 9.476311, 8.74696, 7.823993, 6.833822, 5.838441, 4.22599, 2.945365, 1.868332, 0.848528, 0.0, 0.0, 0.0]"
43,"[0.0, 0.0, 0.0, 0.0, 1.077033, 2.418674, 3.941828, 5.650629, 7.35943, 7.991198, 8.358358, 8.544004, 8.544004, 8.544004, 8.624057, 8.527708, 8.431359, 8.164779, 7.870192, 7.495551, 7.22474, 6.953929, 6.77662, 6.762406, 6.948193, 7.219003, 7.887338, 8.632402, 9.441474, 10.041474, 8.429022, 8.230124, 7.832601, 7.037742, 5.837742, 6.637742, 5.459121, 4.412355, 3.630596, 3.430596, 3.455218, 3.842566, 4.353914, 4.887648, 5.253839, 5.871438, 6.293855, 6.937287, 7.383548, 8.006212, 8.272792, 8.479814, 8.159349, 7.811808, 7.022954, 6.138774, 5.383959, 3.983959, 2.719048, 1.719048, 0.894427, 0.0, 0.0, 0.0]"
44,"[0.0, 0.0, 0.0, 0.0, 1.131371, 2.411996, 3.826209, 5.523266, 7.367174, 8.079712, 8.642997, 9.072692, 9.219544, 9.219544, 9.219544, 9.072692, 8.925839, 8.64398, 8.242292, 7.740024, 7.307879, 7.025036, 6.862986, 6.834979, 7.14258, 7.721578, 8.395426, 9.275777, 10.097631, 10.657461, 8.813552, 8.725491, 8.24514, 7.409072, 6.2, 7.024621, 5.745731, 4.666842, 3.899297, 3.899297, 4.09448, 4.589922, 5.085364, 5.71782, 5.982731, 6.486082, 6.792684, 7.188583, 7.632473, 8.076362, 8.20245, 8.093509, 7.895271, 7.263503, 6.40323, 5.353988, 4.660885, 3.246671, 2.169638, 1.32111, 0.72111, 0.0, 0.0, 0.0]"
45,"[0.0, 0.0, 0.0, 0.0, 1.216553, 2.630766, 4.441843, 6.451818, 8.451818, 9.235266, 9.831027, 10.029925, 10.029925, 10.0399, 9.850978, 9.652079, 9.442104, 9.044581, 8.683848, 8.328793, 8.04087, 7.853322, 7.961335, 8.291992, 8.815869, 9.418744, 10.086643, 10.774497, 11.340182, 11.768602, 9.642573, 9.642573, 9.12105, 8.187918, 6.945789, 7.794317, 6.235077, 4.94828, 3.968284, 3.523204, 3.674676, 4.234191, 4.914815, 5.696574, 6.537513, 6.951727, 7.085315, 7.218904, 7.366741, 7.366741, 7.394748, 7.322175, 6.927765, 6.165715, 5.169351, 4.32713, 3.985489, 2.965685, 2.165685, 1.6, 1.0, 0.0, 0.0, 0.0]"
46,"[0.0, 0.0, 0.0, 0.0, 1.16619, 2.608411, 4.328876, 6.308775, 8.288674, 9.402834, 10.240965, 10.68383, 10.867262, 10.887363, 10.607012, 10.17057, 9.851149, 9.384874, 9.105339, 8.717791, 8.523124, 8.490292, 8.803211, 9.082746, 9.870294, 10.828733, 11.82479, 12.814815, 13.821474, 14.448023, 11.840342, 11.507072, 10.595133, 9.297275, 7.535636, 8.335636, 6.582883, 5.215932, 4.526935, 4.676238, 5.48869, 6.777554, 8.096052, 9.115856, 9.74125, 10.168406, 10.246493, 10.050794, 9.660428, 9.270062, 8.495366, 7.484337, 6.361539, 5.15951, 3.710268, 3.077812, 3.281404, 2.560294, 2.11308, 1.91308, 1.280625, 0.0, 0.0, 0.0]"
47,"[0.0, 0.0, 0.0, 0.0, 1.0, 2.341641, 3.954092, 5.851459, 7.93952, 8.979128, 9.677095, 10.074619, 10.187227, 9.899166, 9.659558, 9.21995, 8.624189, 8.070236, 7.611876, 7.254097, 7.06831, 7.374562, 7.91854, 8.74023, 9.739321, 10.932788, 11.932617, 12.775151, 13.440247, 13.689661, 11.08198, 10.525017, 9.402948, 8.016741, 6.174544, 6.807, 5.46829, 4.914016, 5.033845, 5.905782, 7.273326, 8.612036, 9.609177, 10.283195, 10.621856, 10.680982, 10.306505, 9.755626, 8.961778, 8.183277, 7.404776, 6.615922, 5.72458, 4.88236, 4.322845, 3.890749, 4.332969, 3.611859, 3.011859, 2.290749, 1.442221, 0.0, 0.0, 0.0]"
48,"[0.0, 0.0, 0.0, 0.0, 1.077033, 2.341944, 3.797966, 5.641875, 7.452952, 8.375919, 8.922085, 9.27714, 9.27714, 9.115305, 8.764547, 8.367684, 7.756607, 7.129251, 6.557041, 6.24944, 6.277447, 6.774503, 7.53785, 8.723558, 9.644659, 10.610758, 11.474951, 12.215346, 12.560285, 12.803536, 10.395218, 9.803739, 8.792246, 7.449476, 5.792012, 6.424467, 5.279317, 4.647549, 4.724279, 5.398905, 6.663816, 7.736562, 8.74759, 9.49401, 9.868222, 9.679657, 9.491091, 8.926184, 8.361277, 7.805552, 7.438392, 6.895781, 6.221155, 5.263686, 4.522045, 4.028932, 3.994113, 3.145584, 2.579899, 1.979899, 1.131371, 0.0, 0.0, 0.0]"
49,"[0.0, 0.0, 0.0, 0.0, 1.077033, 2.341944, 3.756158, 5.368609, 7.168609, 8.101551, 8.846615, 9.276311, 9.507768, 9.551677, 9.190944, 8.636991, 8.207296, 7.563387, 6.984389, 6.501337, 6.487536, 6.635372, 7.132428, 7.711426, 8.545236, 9.383366, 10.229635, 11.078163, 11.924979, 12.36629, 10.085939, 9.736746, 8.803614, 7.279079, 5.558878, 6.006092, 4.579421, 3.68808, 3.65326, 4.4942, 5.609037, 6.82049, 7.943289, 8.655827, 8.937686, 9.072692, 8.925839, 8.778987, 8.632134, 8.350275, 8.067432, 7.501747, 6.653219, 5.403376, 4.124169, 3.534576, 3.817419, 2.968891, 2.521677, 2.238835, 1.414214, 0.0, 0.0, 0.0]"
50,"[0.0, 0.0, 0.0, 0.0, 1.019804, 2.096837, 3.17387, 4.515511, 5.957731, 6.499977, 6.984994, 7.322175, 7.394748, 7.366741, 7.218904, 6.937479, 6.80389, 6.555867, 6.218687, 5.824277, 5.743652, 5.663027, 5.896837, 6.219804, 6.812452, 7.423529, 8.233504, 8.843479, 9.443479, 9.831027, 8.01995, 7.821052, 7.225291, 6.225291, 5.025291, 5.625291, 4.261427, 3.479669, 3.30429, 3.524094, 3.924094, 4.476881, 5.044425, 5.419804, 5.6, 5.8, 6.0, 6.2, 6.4, 6.6, 6.6, 6.419804, 5.844425, 4.891639, 3.691639, 2.691639, 2.30429, 1.479669, 1.032456, 0.832456, 0.632456, 0.0, 0.0, 0.0]"
51,"[0.0, 0.0, 0.0, 0.0, 0.894427, 2.060618, 3.226808, 4.568449, 5.91009, 6.357303, 6.714267, 6.889718, 6.889718, 6.889718, 6.889718, 6.532754, 6.471738, 6.410722, 6.349706, 6.28869, 6.28869, 6.174255, 5.970663, 5.95495, 5.890877, 6.124687, 6.758497, 7.481464, 8.016553, 8.809975, 7.409975, 7.222427, 6.83664, 6.03664, 5.026665, 5.826665, 4.814214, 4.032456, 3.598141, 3.230596, 3.255218, 3.455218, 3.822762, 4.257077, 4.624621, 5.016553, 5.630766, 6.243218, 6.843218, 7.643218, 8.026665, 8.068474, 7.533055, 6.781583, 5.614039, 4.296881, 3.640859, 2.563826, 1.715298, 1.082843, 0.8, 0.0, 0.0, 0.0]"
52,"[0.0, 0.0, 0.0, 0.0, 0.72111, 1.442221, 2.442221, 3.442221, 4.573591, 4.983852, 5.394113, 5.674737, 5.840928, 5.875747, 5.910567, 6.120837, 6.105123, 6.203844, 6.254206, 6.288015, 5.946375, 5.681464, 5.416553, 5.219804, 5.019804, 5.300429, 5.862479, 6.582944, 7.283605, 8.00407, 6.723445, 6.88186, 6.723445, 6.417194, 5.977353, 7.054386, 6.158542, 5.196492, 4.382279, 3.548868, 3.03752, 3.03752, 3.457324, 3.857324, 4.61011, 5.644425, 6.619804, 7.4, 8.211077, 8.854986, 9.224757, 9.037209, 8.651423, 8.12097, 7.277062, 6.131911, 5.413887, 3.999673, 2.719048, 1.719048, 0.894427, 0.0, 0.0, 0.0]"
53,"[0.0, 0.0, 0.0, 0.0, 0.8, 1.8, 2.8, 3.8, 4.8, 5.2, 5.4, 5.6, 6.014214, 6.470236, 6.726258, 7.049412, 7.372567, 7.570805, 7.557003, 7.381606, 7.139076, 6.896547, 6.178522, 5.756106, 5.475481, 5.21466, 5.390057, 6.108081, 7.058049, 8.027821, 7.008017, 7.449361, 7.734276, 7.220527, 6.515666, 7.53547, 6.462725, 5.012572, 3.55655, 2.291639, 1.471835, 1.247214, 1.6, 2.6, 3.6, 4.8, 5.6, 6.6, 7.2, 7.812452, 7.868474, 7.810114, 7.290739, 6.85693, 6.244478, 5.682883, 5.418275, 4.137651, 2.97146, 1.97146, 1.077033, 0.0, 0.0, 0.0]"
54,"[0.0, 0.0, 0.0, 0.0, 0.8, 1.6, 2.619804, 3.639608, 4.716641, 4.993674, 5.359864, 5.471431, 5.582998, 5.78659, 5.990182, 6.266212, 6.577062, 6.887911, 7.049507, 7.110523, 6.745335, 6.127736, 5.485515, 4.843295, 4.222764, 4.145731, 4.487301, 5.210455, 6.022907, 7.090651, 6.090651, 6.713315, 6.802612, 6.632381, 6.009717, 6.904144, 5.747745, 4.535294, 3.093073, 1.926883, 1.432456, 1.432456, 1.926883, 2.926883, 4.093073, 5.135294, 6.11529, 6.833314, 7.622168, 8.164779, 8.3718, 8.3718, 8.159349, 7.390298, 6.681498, 5.856877, 5.244425, 3.844425, 2.824621, 1.824621, 1.0, 0.0, 0.0, 0.0]"
55,"[0.0, 0.0, 0.0, 0.0, 0.447214, 1.012899, 1.734009, 2.45512, 3.349547, 3.726954, 4.161269, 4.440159, 4.919048, 5.224621, 5.8, 6.4, 6.814214, 7.070236, 7.135147, 7.000058, 6.477091, 6.062877, 5.327965, 4.863054, 4.398143, 4.398143, 4.840364, 5.731705, 6.720559, 7.709414, 6.632381, 7.076957, 7.253359, 7.076957, 6.629743, 7.706776, 6.714407, 5.372766, 3.760315, 2.418674, 1.541641, 1.247214, 1.6, 2.4, 3.224621, 4.241174, 4.857726, 5.274279, 5.888492, 6.463871, 6.647319, 6.630766, 6.434017, 6.019804, 5.514231, 5.314231, 5.570253, 4.550449, 3.550449, 2.656022, 1.456022, 0.0, 0.0, 0.0]"
56,"[0.0, 0.0, 0.0, 0.0, 0.6, 1.4, 2.2, 3.024621, 4.044425, 4.709336, 5.174247, 5.715888, 6.232908, 6.554744, 6.732054, 6.909363, 7.009943, 7.110523, 7.049507, 6.738657, 6.296437, 5.748643, 4.938878, 4.258254, 4.02131, 4.02131, 4.569103, 5.498698, 6.595754, 7.545236, 6.545236, 6.989811, 7.040213, 6.684797, 5.917922, 6.550377, 5.296036, 3.883585, 2.541944, 1.664911, 1.632456, 1.6, 2.2, 3.219804, 4.039608, 4.65616, 5.272713, 5.737624, 5.934372, 6.131121, 6.114569, 5.898016, 5.265561, 4.770118, 4.153566, 3.674676, 3.806047, 3.173591, 2.452481, 1.852481, 1.131371, 0.0, 0.0, 0.0]"
57,"[0.0, 0.0, 0.0, 0.0, 0.632456, 1.264911, 2.089532, 2.914153, 3.933957, 4.566413, 5.198868, 5.639158, 6.270559, 6.706777, 6.965021, 7.04175, 7.04175, 6.85064, 6.414421, 5.891267, 5.549626, 5.284715, 4.844425, 4.824621, 4.824621, 5.105246, 5.667296, 6.686584, 7.407049, 8.293845, 7.01322, 6.974325, 6.653571, 6.198017, 5.135841, 5.856952, 4.899482, 3.776328, 2.911417, 2.719251, 2.630596, 2.786021, 3.234549, 3.683078, 3.89915, 4.115223, 4.242641, 4.394113, 4.545584, 4.697056, 4.848528, 4.894427, 4.694427, 4.294427, 3.741641, 3.341641, 3.295742, 2.495742, 1.895742, 1.448528, 0.848528, 0.0, 0.0, 0.0]"
58,"[0.0, 0.0, 0.0, 0.0, 0.72111, 1.72111, 2.887301, 4.053491, 5.395132, 6.130044, 6.586066, 6.834089, 7.082112, 7.154685, 7.112876, 7.071068, 6.873407, 6.675746, 6.526443, 6.189263, 6.11669, 6.066328, 6.1304, 6.279703, 6.616883, 6.837292, 7.391567, 7.831407, 8.30399, 8.776572, 7.214523, 7.017212, 6.638388, 5.828625, 4.836256, 5.684784, 4.882739, 4.36572, 4.308491, 4.433867, 4.585339, 4.864229, 5.039608, 5.019804, 5.0, 5.0, 5.019804, 5.096837, 5.116641, 5.333193, 5.533193, 5.513389, 5.436356, 5.049008, 3.832456, 2.632456, 2.079669, 1.079669, 0.447214, 0.447214, 0.447214, 0.0, 0.0, 0.0]"
59,"[0.0, 0.0, 0.0, 0.0, 0.72111, 1.72111, 2.887301, 4.152212, 5.608234, 6.301337, 6.715551, 6.94936, 7.084449, 7.028427, 7.014214, 7.014214, 6.879125, 6.744036, 6.685676, 6.627317, 6.554744, 6.732054, 7.079594, 7.350405, 7.729229, 8.108054, 8.509742, 8.741199, 9.015544, 9.181875, 7.46141, 7.229953, 6.666669, 5.911243, 5.155818, 6.232851, 5.697432, 5.493841, 5.382274, 5.250903, 5.17387, 5.096837, 5.019804, 5.0, 5.019804, 5.096837, 5.438478, 6.050929, 6.839784, 7.52878, 8.10099, 8.359349, 8.146897, 7.358043, 6.049242, 4.4, 3.2, 1.8, 0.8, 0.4, 0.4, 0.0, 0.0, 0.0]"
60,"[0.0, 0.0, 0.0, 0.0, 1.131371, 2.573591, 4.186043, 5.709198, 7.417998, 7.995428, 8.20245, 8.04602, 7.978888, 7.793242, 7.607595, 7.481508, 7.637937, 7.90238, 8.099691, 8.420445, 8.741199, 8.972657, 9.096101, 9.072692, 8.949248, 8.825804, 8.868691, 9.083909, 9.445978, 9.888844, 8.168379, 8.168379, 7.721705, 7.27503, 6.37661, 7.832632, 7.36005, 7.147598, 6.735147, 6.870236, 6.614214, 6.4, 6.019804, 5.714231, 5.314231, 5.245602, 5.487822, 6.188484, 7.137965, 7.981874, 8.850503, 9.197137, 9.125914, 8.682006, 7.838097, 6.120939, 4.532085, 2.882843, 1.482843, 0.482843, 0.2, 0.0, 0.0, 0.0]"
61,"[0.0, 0.0, 0.0, 0.0, 1.264911, 2.720933, 4.176955, 5.826197, 7.438649, 7.984815, 8.141244, 8.297674, 8.062645, 7.906216, 7.744381, 7.84073, 7.937079, 8.31172, 8.644553, 8.882106, 9.060102, 9.238097, 9.169708, 9.101319, 8.911579, 8.868691, 8.981895, 9.26143, 9.704296, 10.133269, 8.28936, 8.415389, 8.259298, 7.816432, 7.132624, 8.655778, 7.79466, 7.167304, 6.646839, 6.404618, 6.081464, 6.016553, 5.819804, 5.696837, 5.496837, 5.577462, 6.074518, 6.75177, 7.518646, 8.518646, 9.297147, 9.497458, 9.611479, 9.36757, 8.387374, 6.775461, 5.278095, 3.467017, 1.867017, 0.847214, 0.4, 0.0, 0.0, 0.0]"
62,"[0.0, 0.0, 0.0, 0.0, 1.16619, 2.446815, 3.861029, 5.423079, 6.837292, 7.085315, 7.218904, 7.218904, 7.071068, 7.218904, 7.366741, 7.672992, 7.979244, 8.285495, 8.44391, 8.768656, 8.934988, 9.003377, 8.895363, 8.883699, 8.646145, 8.570426, 8.791547, 9.179095, 9.48027, 9.870635, 8.059558, 8.089191, 7.9331, 7.572367, 6.946973, 8.163525, 7.123917, 6.280008, 5.65057, 5.313389, 5.096837, 5.228208, 5.394398, 5.540785, 5.629942, 5.971583, 6.452663, 7.075327, 7.521589, 8.075863, 8.296272, 8.245871, 7.798657, 7.20601, 6.285545, 5.170708, 4.241114, 2.899473, 1.879669, 1.079669, 0.632456, 0.0, 0.0, 0.0]"
63,"[0.0, 0.0, 0.0, 0.0, 0.8, 1.8, 3.016553, 4.281464, 5.546375, 6.011286, 6.352926, 6.478015, 6.478015, 6.669126, 6.860237, 6.974618, 7.088999, 7.238301, 7.196493, 7.154685, 6.898663, 6.642641, 6.428427, 6.214214, 6.016553, 6.272574, 6.781375, 7.290176, 7.987543, 8.810598, 7.354576, 7.445775, 7.136974, 6.439608, 5.4, 6.0, 4.647214, 3.694427, 3.094427, 2.694427, 3.094427, 3.847214, 4.8, 5.6, 6.4, 6.8, 7.0, 7.0, 7.0, 7.0, 6.8, 6.419804, 5.652259, 4.535102, 3.135102, 2.335102, 2.163826, 1.531371, 1.248528, 1.248528, 0.848528, 0.0, 0.0, 0.0]"
64,"[0.0, 0.0, 0.0, 0.0, 0.848528, 1.848528, 3.129153, 4.571373, 6.013594, 6.607286, 7.049507, 7.110523, 7.009943, 6.909363, 6.808784, 6.708204, 6.708204, 6.708204, 6.647188, 6.586172, 6.375902, 6.200452, 5.935844, 5.92013, 6.095527, 6.613399, 7.291117, 8.302145, 9.09636, 9.699464, 8.050222, 7.90337, 7.377358, 6.318232, 4.980216, 5.180216, 3.68316, 2.686796, 2.407906, 2.686796, 3.767421, 4.848045, 5.84441, 6.537513, 6.951727, 7.085315, 7.085315, 6.80389, 6.670302, 6.256088, 5.841875, 5.28236, 4.448949, 3.368324, 2.368324, 1.968324, 2.447214, 2.0, 1.8, 1.8, 1.2, 0.0, 0.0, 0.0]"
65,"[0.0, 0.0, 0.0, 0.0, 0.72111, 1.615537, 2.781728, 4.062353, 5.476566, 6.036081, 6.422278, 6.536713, 6.698309, 6.625736, 6.686752, 6.572317, 6.457883, 6.015662, 5.674022, 5.332381, 5.332381, 5.243223, 5.459776, 5.873989, 6.486441, 6.932702, 7.699578, 8.380392, 9.025305, 9.299649, 7.687198, 7.540345, 6.923603, 5.585588, 4.146005, 4.346005, 3.096162, 2.536648, 2.815537, 3.499695, 4.58032, 5.575326, 6.296437, 6.738657, 7.049507, 6.935072, 6.624223, 6.313373, 6.002523, 5.691674, 5.525483, 5.242641, 4.83238, 4.148223, 3.416852, 2.982537, 3.028436, 2.307326, 1.860113, 1.460113, 0.894427, 0.0, 0.0, 0.0]"
66,"[0.0, 0.0, 0.0, 0.0, 0.824621, 1.844425, 3.044425, 4.444425, 5.844425, 6.619804, 7.2, 7.4, 7.414214, 7.414214, 7.214214, 7.014214, 6.814214, 6.6, 6.4, 6.2, 6.016553, 6.272574, 6.337486, 6.66064, 7.169441, 7.661689, 8.103034, 8.926184, 9.442637, 9.733836, 8.025036, 7.727669, 7.039608, 6.0, 4.6, 5.047214, 4.168324, 3.845357, 4.110268, 4.96629, 6.042231, 6.844275, 7.290397, 7.54864, 7.434259, 7.176016, 6.917772, 6.808831, 6.69989, 6.772463, 6.724104, 6.724104, 6.134512, 5.320298, 4.106085, 3.172375, 2.707464, 1.882843, 1.282843, 1.082843, 0.8, 0.0, 0.0, 0.0]"
67,"[0.0, 0.0, 0.0, 0.0, 1.077033, 2.243223, 3.523848, 4.938062, 6.500112, 6.865299, 7.141329, 7.302925, 7.230352, 7.009943, 6.909363, 6.808784, 6.708204, 6.808784, 6.747768, 6.82034, 6.892913, 7.113322, 7.233152, 7.514577, 7.820828, 8.406615, 8.844565, 9.282515, 9.846494, 10.28936, 8.28936, 7.901811, 7.243452, 6.283613, 4.968811, 5.863238, 5.250786, 5.109146, 5.142955, 5.694427, 6.4, 7.0, 7.4, 7.8, 8.0, 8.0, 8.0, 8.0, 8.0, 8.0, 7.8, 7.4, 7.0, 6.2, 5.0, 4.2, 4.0, 2.8, 2.0, 1.6, 1.0, 0.0, 0.0, 0.0]"
68,"[0.0, 0.0, 0.0, 0.0, 1.077033, 2.341944, 3.756158, 5.356158, 6.956158, 7.679125, 8.214214, 8.412452, 8.412452, 8.424903, 8.237355, 7.851568, 7.639117, 7.439117, 7.226665, 7.014214, 7.014214, 7.070236, 7.126258, 7.435058, 7.932425, 8.672277, 9.557195, 10.381524, 11.105828, 11.608462, 9.454396, 9.113456, 8.433105, 7.2, 5.8, 6.624621, 5.473149, 5.03934, 5.00553, 5.528685, 6.492918, 7.433244, 8.055908, 8.678572, 8.944272, 9.214544, 9.312485, 9.493403, 9.591344, 9.522955, 8.90605, 8.299878, 7.224534, 5.970193, 4.649728, 3.839963, 3.636371, 2.741944, 2.109488, 1.709488, 1.077033, 0.0, 0.0, 0.0]"
69,"[0.0, 0.0, 0.0, 0.0, 1.131371, 2.573591, 4.186043, 5.974897, 7.683698, 8.449694, 8.851382, 9.050008, 9.07223, 9.174507, 8.889592, 8.658134, 8.496299, 8.141244, 7.671808, 7.501577, 7.16975, 7.082558, 7.347001, 7.892157, 8.509062, 9.560818, 10.719062, 11.718891, 12.660522, 13.162646, 10.830265, 10.273302, 9.341862, 7.79406, 6.364181, 7.188802, 5.825471, 5.11365, 5.35618, 6.013663, 7.158814, 8.512879, 9.776786, 10.594572, 11.146657, 11.517826, 11.451821, 11.008248, 10.31655, 9.624852, 8.739934, 7.728906, 6.55265, 5.350621, 4.301379, 3.845357, 4.380775, 3.659665, 3.212452, 2.612452, 1.612452, 0.0, 0.0, 0.0]"
70,"[0.0, 0.0, 0.0, 0.0, 0.824621, 1.844425, 3.300447, 4.912899, 6.701753, 7.597597, 8.421702, 8.809589, 8.894193, 8.802395, 8.64398, 8.214285, 7.501747, 6.804691, 5.932255, 5.370206, 5.172544, 5.497196, 6.28605, 7.4312, 8.667268, 10.050716, 11.314988, 12.246428, 13.14022, 13.511833, 10.911833, 10.191539, 9.071245, 7.207681, 5.232456, 5.832456, 4.632456, 4.488478, 5.13772, 6.593326, 8.467189, 10.297778, 11.472346, 12.430784, 12.950404, 12.685613, 12.064999, 11.444384, 10.449155, 9.297496, 8.165457, 7.155482, 5.866617, 5.054165, 4.617947, 5.153366, 6.212492, 5.491381, 4.691381, 3.671578, 2.059126, 0.0, 0.0, 0.0]"
71,"[0.0, 0.0, 0.0, 0.0, 1.019804, 2.019804, 3.419804, 5.219804, 7.019804, 8.0, 9.009975, 9.453884, 9.497793, 9.347035, 8.803057, 8.009635, 7.165726, 6.321817, 5.497196, 4.889702, 4.83934, 5.18098, 5.889781, 7.219226, 8.606766, 9.857185, 11.198825, 12.268513, 12.834742, 13.159923, 10.743314, 9.903941, 8.406078, 6.534312, 4.173062, 4.620275, 3.79617, 3.971568, 5.020406, 6.974472, 8.763326, 10.160132, 11.120719, 11.555733, 11.734048, 11.384776, 10.854963, 9.961509, 8.84568, 7.5133, 6.626503, 5.564328, 5.041174, 4.901654, 5.315868, 6.115868, 7.291247, 6.291247, 5.214214, 3.8, 2.0, 0.0, 0.0, 0.0]"
72,"[0.0, 0.0, 0.0, 0.0, 1.019804, 2.019804, 3.419804, 5.019804, 6.819804, 7.611077, 8.454986, 8.704228, 8.813029, 8.536184, 7.990018, 7.223142, 6.573899, 5.665099, 4.7744, 4.509488, 4.598646, 5.040866, 6.029721, 7.456391, 8.692459, 9.85865, 10.977679, 11.750074, 12.236533, 12.280815, 9.948435, 8.829405, 7.434346, 5.454447, 3.574096, 4.139782, 3.863752, 4.139782, 5.294561, 6.894561, 8.609227, 9.705778, 10.526299, 11.068576, 11.048475, 10.46518, 9.616652, 8.520101, 7.334392, 6.354493, 5.657437, 5.243223, 5.154066, 5.208404, 5.489029, 5.830669, 6.53947, 5.462437, 4.331066, 3.050442, 1.708801, 0.0, 0.0, 0.0]"
73,"[0.0, 0.0, 0.0, 0.0, 1.216553, 2.816553, 4.416553, 6.22763, 8.071538, 8.752353, 9.122124, 9.310978, 9.288756, 9.057298, 8.602152, 7.897292, 7.32499, 6.536136, 6.123684, 5.946375, 6.390264, 6.962566, 8.021692, 9.238301, 10.57339, 11.584884, 12.708073, 13.512511, 13.924329, 13.93201, 11.211716, 10.099672, 8.636108, 6.827485, 4.940914, 5.765535, 5.365535, 5.565535, 6.356808, 7.84477, 9.256217, 10.289322, 10.969673, 11.246657, 10.934952, 10.542793, 9.722139, 9.041788, 8.553727, 8.05636, 7.626665, 7.230766, 6.707799, 5.828909, 5.15002, 4.75561, 4.939057, 3.862024, 3.140914, 2.419804, 1.4, 0.0, 0.0, 0.0]"
74,"[0.0, 0.0, 0.0, 0.0, 1.2, 2.6, 4.212452, 6.05636, 8.026132, 8.614986, 8.935451, 9.043465, 8.761606, 8.353884, 8.00725, 7.729006, 7.273452, 6.927955, 6.565905, 6.523684, 6.481464, 6.816553, 7.609975, 8.619047, 9.627366, 10.627366, 11.427366, 12.017391, 12.416, 12.416, 10.016, 9.655608, 8.469821, 7.06214, 5.653821, 6.548249, 5.640012, 5.787848, 6.149898, 6.870363, 7.975936, 8.844565, 9.282515, 9.720465, 10.0, 9.843909, 9.687818, 9.408283, 9.128748, 8.741199, 8.339511, 7.937823, 7.111785, 6.023775, 4.811324, 3.934789, 3.569601, 2.675174, 2.042718, 1.642718, 1.077033, 0.0, 0.0, 0.0]"
75,"[0.0, 0.0, 0.0, 0.0, 1.280625, 2.694838, 4.256888, 5.977353, 7.86415, 8.642651, 9.198209, 9.60593, 9.67432, 9.68489, 9.414618, 9.057298, 8.699978, 8.473174, 7.990021, 7.763217, 7.592985, 7.503689, 7.785548, 8.410942, 8.8885, 9.879384, 11.219794, 12.239449, 13.173055, 13.919125, 11.48602, 10.954836, 10.150398, 8.789636, 7.170149, 8.170149, 6.637768, 5.578642, 5.246815, 5.522845, 6.24331, 7.330107, 8.389233, 9.440989, 10.162099, 10.721985, 10.961218, 10.902092, 10.41362, 9.947345, 9.081208, 8.121369, 6.568583, 4.724674, 3.227618, 2.638025, 2.871835, 2.424621, 2.424621, 2.224621, 1.4, 0.0, 0.0, 0.0]"
76,"[0.0, 0.0, 0.0, 0.0, 1.019804, 2.434017, 3.890039, 5.59884, 7.387695, 8.156745, 8.531386, 8.687815, 8.591466, 8.415063, 8.238661, 7.892027, 7.621216, 7.273675, 6.877776, 6.665325, 6.623104, 6.893915, 7.278246, 7.770495, 8.159349, 8.913415, 9.641903, 10.522483, 11.533977, 12.375711, 10.221645, 10.080706, 9.350883, 8.230589, 6.6, 7.424621, 5.790307, 4.790307, 4.190307, 4.390307, 5.165685, 6.2, 7.211077, 8.221052, 9.021052, 9.421052, 9.621052, 9.609975, 9.2, 8.8, 8.0, 7.0, 5.8, 4.2, 2.8, 2.494427, 2.975052, 2.375052, 2.375052, 2.175052, 1.280625, 0.0, 0.0, 0.0]"
77,"[0.0, 0.0, 0.0, 0.0, 0.894427, 2.060618, 3.502838, 4.945059, 6.55751, 7.275534, 7.829809, 8.108054, 8.386298, 8.494312, 8.602325, 8.44391, 8.285495, 7.979244, 7.424969, 6.724308, 6.162258, 5.620012, 5.371989, 5.767848, 6.591953, 7.591953, 9.133399, 10.657933, 11.924311, 12.771126, 10.771126, 10.373208, 9.569279, 8.082493, 6.286195, 6.569038, 4.405707, 3.318911, 3.17727, 3.882843, 5.6, 8.0, 9.608319, 11.016, 12.023681, 12.631362, 12.639681, 12.664467, 12.066761, 11.071532, 9.680403, 7.872084, 5.438979, 3.629004, 2.841174, 2.966262, 4.425388, 4.425388, 4.225388, 3.400767, 2.059126, 0.0, 0.0, 0.0]"
78,"[0.0, 0.0, 0.0, 0.0, 0.632456, 1.709488, 2.9744, 4.31604, 5.839195, 6.91554, 7.547308, 7.991198, 8.358358, 8.544004, 8.484445, 8.231666, 7.739418, 7.030617, 6.121817, 4.919788, 4.063766, 3.847214, 4.112125, 5.100979, 6.889833, 8.973115, 10.656397, 12.437795, 13.69525, 14.432395, 11.749114, 11.539696, 10.337295, 8.507539, 6.134325, 6.134325, 4.060461, 3.416553, 3.8, 5.2, 7.6, 9.807681, 11.414815, 12.821474, 13.628608, 13.836289, 13.636927, 13.029793, 11.823134, 10.216, 8.408319, 6.2, 4.0, 3.0, 3.0, 4.2, 6.4, 6.4, 5.6, 4.4, 2.4, 0.0, 0.0, 0.0]"
79,"[0.0, 0.0, 0.0, 0.0, 0.6, 1.6, 3.0, 4.6, 6.4, 7.6, 8.4, 8.811077, 9.022154, 9.033231, 8.845683, 8.445683, 7.634606, 6.423529, 4.812452, 3.6, 2.832456, 2.998646, 4.119111, 6.04514, 8.20639, 10.458375, 12.345052, 13.84949, 14.948364, 15.433424, 12.548983, 11.584177, 10.008516, 7.608234, 4.761925, 4.961925, 3.673863, 3.624621, 4.611077, 6.819396, 9.42653, 11.653079, 13.079628, 14.2951, 14.715208, 14.515756, 13.698279, 12.671729, 11.24518, 9.416753, 7.409072, 5.2, 3.482843, 2.707464, 3.121677, 4.365586, 6.798691, 6.515849, 5.691227, 4.277014, 2.433105, 0.0, 0.0, 0.0]"
80,"[0.0, 0.0, 0.0, 0.0, 0.8, 2.0, 3.6, 5.4, 7.409975, 8.649583, 9.537644, 10.025706, 10.195477, 9.974356, 9.5472, 8.80078, 7.537339, 6.167568, 4.661556, 3.649105, 3.307464, 4.082843, 5.482843, 7.6, 9.8, 11.8, 13.406244, 14.631147, 15.486911, 15.598955, 12.598955, 11.290078, 9.330086, 6.674322, 3.962278, 4.562278, 3.881464, 4.265795, 5.753856, 8.083678, 10.203972, 11.899464, 13.162265, 13.742537, 13.686578, 13.307224, 12.549246, 11.426056, 10.199944, 8.857452, 7.516512, 6.187067, 4.998212, 4.121677, 3.884734, 4.298947, 5.484301, 4.884301, 4.318616, 3.424189, 2.009975, 0.0, 0.0, 0.0]"
81,"[0.0, 0.0, 0.0, 0.0, 0.8, 2.0, 3.6, 5.411077, 7.254986, 8.543047, 9.240414, 9.429268, 9.504987, 9.381544, 8.905934, 8.174758, 7.28033, 5.993534, 4.873069, 3.981728, 3.815537, 4.262751, 5.451605, 7.087673, 8.872556, 10.651045, 12.151938, 13.205618, 13.797977, 13.853234, 11.074745, 9.952676, 8.451783, 6.471884, 4.310634, 4.757848, 3.885911, 3.885911, 4.649834, 6.13663, 7.748543, 9.063345, 9.957773, 10.581389, 10.753719, 10.664364, 10.209834, 9.817675, 9.194059, 8.549146, 7.979375, 7.270574, 6.226665, 5.014214, 4.0, 3.424621, 3.766262, 2.966262, 2.566262, 2.166262, 1.341641, 0.0, 0.0, 0.0]"
82,"[0.0, 0.0, 0.0, 0.0, 0.72111, 1.852481, 3.133106, 4.745558, 6.358009, 7.425753, 8.003183, 8.3718, 8.408591, 8.445382, 8.268979, 8.0162, 7.443991, 6.689176, 6.039934, 5.252103, 4.996081, 5.519048, 6.224621, 7.024621, 8.4, 9.6, 10.8, 12.0, 13.0, 13.407681, 11.007681, 10.247289, 9.05974, 7.65974, 6.052059, 6.87668, 5.558183, 4.770353, 4.570353, 5.170353, 5.945731, 6.824621, 7.8, 8.4, 8.6, 9.0, 9.4, 9.411077, 9.411077, 9.211077, 8.811077, 8.211077, 7.2, 5.682843, 4.282843, 3.282843, 3.282843, 2.482843, 2.2, 2.0, 1.4, 0.0, 0.0, 0.0]"
83,"[0.0, 0.0, 0.0, 0.0, 0.6, 1.4, 2.4, 3.6, 5.0, 5.8, 6.4, 7.0, 7.4, 7.6, 7.6, 7.6, 7.2, 6.8, 6.219804, 5.540914, 5.035341, 4.855145, 4.855145, 5.235341, 6.114231, 7.229779, 8.618294, 9.826613, 10.834932, 11.634932, 9.624957, 9.416638, 9.008319, 8.0, 6.8, 7.4, 5.482843, 3.882843, 2.930056, 2.578584, 3.259209, 4.538417, 5.700466, 7.097162, 8.248634, 8.968009, 9.405959, 9.843909, 9.843909, 9.540965, 9.103015, 8.269205, 7.069205, 5.857752, 4.985317, 4.623267, 5.165877, 4.365877, 3.733422, 2.908801, 1.708801, 0.0, 0.0, 0.0]"
84,"[0.0, 0.0, 0.0, 0.0, 0.6, 1.4, 2.4, 3.6, 5.0, 6.0, 6.8, 7.611077, 8.222154, 8.633231, 8.87714, 8.926382, 8.571327, 8.025161, 7.380275, 6.257476, 5.208234, 4.352212, 3.981728, 4.096162, 4.817273, 6.006127, 7.560193, 9.082375, 10.485032, 11.726093, 9.937238, 10.115553, 9.58574, 8.344679, 6.661397, 7.108611, 4.77623, 3.089434, 2.447214, 2.663766, 3.672574, 5.569941, 7.524007, 9.064947, 10.378217, 11.452017, 12.028514, 12.154798, 11.90192, 11.269464, 10.262797, 8.865966, 7.151301, 5.66324, 4.486983, 4.22874, 5.161682, 4.595996, 3.995996, 3.274886, 2.009975, 0.0, 0.0, 0.0]"
85,"[0.0, 0.0, 0.0, 0.0, 0.6, 1.4, 2.4, 3.8, 5.2, 6.2, 7.2, 8.0, 8.4, 8.8, 9.0, 8.6, 8.2, 7.4, 6.232456, 4.879669, 3.879669, 3.112125, 2.960653, 3.608822, 4.882074, 6.482074, 8.129969, 9.889122, 11.216178, 11.937024, 9.937024, 9.782702, 9.01893, 7.54262, 5.949837, 6.149837, 4.023808, 2.901009, 2.769638, 3.363331, 5.00724, 7.133269, 8.820477, 10.228796, 11.477301, 12.194641, 12.629862, 12.484285, 12.055865, 11.209049, 10.09002, 8.423197, 6.560456, 5.02777, 3.983861, 3.997663, 5.162362, 4.762362, 4.315148, 3.515148, 2.059126, 0.0, 0.0, 0.0]"
86,"[0.0, 0.0, 0.0, 0.0, 0.4, 1.2, 2.4, 3.6, 5.0, 6.212452, 7.223529, 7.867437, 8.31668, 8.565922, 8.602713, 8.056547, 7.42919, 6.779948, 5.930706, 4.728677, 4.096222, 3.879669, 4.079669, 4.879669, 6.442431, 8.218294, 9.825975, 11.233656, 12.433656, 13.023681, 10.615362, 10.407681, 9.6, 8.0, 6.4, 6.847214, 4.847214, 3.941641, 4.022266, 4.719322, 6.252007, 7.978036, 9.491928, 10.756888, 11.750556, 12.461382, 12.743672, 12.461382, 12.041827, 11.195011, 10.066336, 8.552444, 6.626415, 4.500386, 3.222163, 2.940737, 3.933106, 3.733106, 3.733106, 3.167421, 1.886796, 0.0, 0.0, 0.0]"
87,"[0.0, 0.0, 0.0, 0.0, 0.8, 2.0, 3.4, 5.012452, 6.661694, 7.570495, 8.159349, 8.548203, 8.724606, 8.864218, 8.767869, 8.421235, 7.974022, 7.450078, 6.661224, 6.248772, 6.071463, 6.342274, 6.797828, 7.797828, 8.723857, 9.867265, 10.975107, 12.139083, 13.023524, 13.675984, 11.267665, 10.888311, 9.973641, 8.798001, 7.185703, 8.034231, 6.517912, 5.54814, 5.055892, 5.412856, 6.353183, 7.415358, 8.578689, 9.525467, 10.334693, 10.878219, 11.227491, 11.227491, 11.033932, 10.410352, 9.533993, 8.317729, 6.754398, 4.784627, 3.275826, 2.819804, 3.4, 2.8, 2.8, 2.6, 1.6, 0.0, 0.0, 0.0]"
88,"[0.0, 0.0, 0.0, 0.0, 0.824621, 1.901654, 3.067844, 4.510065, 6.072115, 6.94455, 7.711426, 8.265701, 8.543945, 8.70236, 8.725769, 8.494312, 8.335897, 8.177482, 7.87123, 7.492406, 7.221595, 7.115567, 7.165969, 7.562832, 8.221191, 9.079551, 10.031847, 11.027077, 11.846589, 12.566883, 10.366883, 10.299504, 9.845889, 8.924101, 7.659829, 8.876381, 7.535441, 6.205996, 5.497196, 5.172544, 5.236617, 5.849068, 6.636899, 7.523695, 8.45145, 9.334156, 9.885035, 10.435915, 10.549118, 10.333901, 9.867627, 8.984921, 7.716017, 6.116017, 4.272108, 3.175052, 3.094427, 2.2, 1.8, 1.8, 1.2, 0.0, 0.0, 0.0]"
89,"[0.0, 0.0, 0.0, 0.0, 0.4, 1.0, 1.8, 2.8, 4.0, 4.8, 5.416553, 6.030766, 6.44498, 6.659193, 6.915215, 7.154685, 7.005382, 6.85608, 6.658419, 6.402397, 5.946375, 5.681464, 5.493585, 5.618674, 6.139139, 7.139139, 8.30247, 9.731429, 10.989789, 11.799146, 9.799146, 9.871883, 9.375865, 8.586942, 7.273673, 8.1681, 6.78056, 5.595206, 4.784129, 4.767576, 5.473149, 6.224621, 7.409975, 8.619047, 9.827366, 10.627366, 11.427366, 12.017391, 12.208319, 12.0, 11.6, 10.8, 9.4, 7.6, 5.4, 3.847214, 3.413404, 2.213404, 1.613404, 1.613404, 1.16619, 0.0, 0.0, 0.0]"
90,"[0.0, 0.0, 0.0, 0.0, 0.4, 1.0, 1.824621, 2.844425, 4.060978, 5.075191, 5.889405, 6.478997, 7.071645, 7.455092, 7.840879, 8.226665, 8.412452, 8.4, 8.2, 7.6, 6.819804, 6.296837, 5.828208, 5.708833, 6.121284, 7.160606, 8.415954, 9.845833, 11.393635, 12.471908, 10.412782, 10.688083, 10.362901, 9.323328, 7.974244, 8.974244, 7.087673, 5.651605, 4.862751, 4.737663, 5.193685, 6.181375, 7.278742, 8.432808, 9.557195, 10.381524, 10.953074, 11.336058, 11.418061, 11.116728, 10.647455, 9.767104, 8.486753, 6.850685, 4.811077, 3.447214, 3.178584, 2.178584, 1.578584, 1.578584, 1.131371, 0.0, 0.0, 0.0]"
91,"[0.0, 0.0, 0.0, 0.0, 0.447214, 1.079669, 1.974096, 2.974096, 4.254721, 5.221721, 6.003479, 6.671102, 7.391567, 7.723394, 7.921632, 8.11987, 8.080974, 7.70215, 7.255889, 6.643437, 6.030986, 5.584864, 5.657437, 6.091247, 6.891247, 8.100319, 9.456391, 10.71051, 11.896188, 12.779469, 10.570397, 10.578603, 9.91027, 8.845058, 7.503417, 8.523221, 7.08191, 6.158943, 5.604668, 5.825077, 6.785172, 7.911201, 9.09691, 10.193461, 11.03973, 11.46815, 11.75044, 11.896017, 11.759305, 11.350986, 10.829463, 9.863365, 8.455046, 7.050127, 5.450127, 4.129016, 3.818167, 2.818167, 2.097056, 1.697056, 1.131371, 0.0, 0.0, 0.0]"
92,"[0.0, 0.0, 0.0, 0.0, 0.2, 0.647214, 1.368324, 2.368324, 3.534514, 4.676155, 5.752096, 6.680228, 7.32947, 7.775731, 8.046542, 8.123388, 7.874145, 7.424903, 6.832255, 6.044425, 5.292953, 4.969986, 5.034897, 5.723894, 6.608074, 7.913611, 9.342571, 10.685341, 11.53779, 12.374574, 10.220508, 9.877846, 9.059019, 7.83941, 6.142354, 6.77481, 5.411479, 4.642428, 4.642428, 5.582755, 6.837095, 8.096221, 9.312485, 10.124911, 10.676996, 11.13114, 11.160075, 10.821374, 10.564674, 9.932535, 9.11475, 8.192879, 7.14404, 6.071295, 5.362494, 5.055892, 5.598503, 4.749974, 3.925353, 2.925353, 1.708801, 0.0, 0.0, 0.0]"
93,"[0.0, 0.0, 0.0, 0.0, 0.6, 1.424621, 2.501654, 3.782279, 5.196492, 6.158542, 6.946373, 7.392495, 7.761112, 7.996141, 7.848304, 7.452405, 6.949054, 6.124433, 5.323719, 4.803933, 4.852291, 5.288509, 6.361255, 7.600788, 9.12297, 10.364052, 11.628324, 12.573491, 13.313857, 13.458498, 10.952505, 10.395542, 9.273473, 7.576416, 5.909594, 6.909594, 5.946263, 5.83825, 6.550788, 7.892428, 9.128496, 10.336815, 11.332045, 11.896455, 12.068706, 12.04171, 11.842463, 11.47085, 11.102139, 10.537729, 10.037458, 9.35154, 8.557693, 7.932298, 7.43003, 7.370472, 7.857292, 6.415072, 5.000858, 3.659217, 2.009975, 0.0, 0.0, 0.0]"
94,"[0.0, 0.0, 0.0, 0.0, 0.848528, 1.979899, 3.422119, 5.13092, 6.974829, 7.937378, 8.606007, 8.776238, 8.71668, 8.522013, 8.166958, 7.631869, 7.23597, 6.80328, 6.418949, 6.304568, 6.652108, 7.322352, 8.341868, 9.493566, 10.751925, 11.859768, 12.693265, 13.320762, 13.711286, 13.711286, 10.990992, 10.270698, 9.207134, 7.814214, 6.479125, 7.759749, 7.173963, 7.094428, 7.680215, 8.578634, 9.57836, 10.444498, 11.004383, 11.284734, 11.401754, 11.284734, 11.167714, 11.050694, 10.829469, 10.608244, 10.233768, 9.859292, 9.219115, 8.574203, 7.915077, 7.467863, 7.399474, 5.876319, 4.462106, 3.062106, 1.720465, 0.0, 0.0, 0.0]"
95,"[0.0, 0.0, 0.0, 0.0, 0.848528, 2.014719, 3.356359, 4.770573, 6.370573, 7.122045, 7.555854, 7.614214, 7.614214, 7.214214, 6.814214, 6.414214, 6.214214, 6.0, 6.016553, 6.230766, 6.643218, 7.254295, 8.06427, 9.056789, 9.851648, 10.439197, 11.02812, 11.418144, 11.609072, 11.609072, 9.409072, 9.019047, 8.231499, 7.231499, 6.222427, 7.438979, 6.693915, 6.423104, 6.635556, 7.156021, 7.826265, 8.44815, 8.993305, 9.26765, 9.433981, 9.547185, 9.660389, 9.773592, 9.886796, 9.886796, 9.607261, 9.049482, 8.330107, 7.330107, 6.267932, 5.747466, 5.917698, 4.637073, 3.637073, 2.812452, 1.612452, 0.0, 0.0, 0.0]"
96,"[0.0, 0.0, 0.0, 0.0, 0.894427, 1.97146, 3.385674, 4.985674, 6.585674, 7.291247, 7.628427, 7.670236, 7.335147, 6.754951, 6.174754, 5.977093, 5.721071, 5.65616, 6.036356, 6.416553, 6.8, 7.2, 7.8, 8.2, 8.6, 9.0, 9.609072, 10.018144, 10.306206, 10.594267, 8.594267, 8.093996, 7.408078, 6.584928, 5.696866, 6.896866, 6.388066, 6.320933, 6.705264, 7.214065, 7.722866, 8.231666, 8.673011, 8.921135, 9.109701, 9.109701, 9.109701, 8.921135, 8.73257, 8.544004, 8.484445, 8.231666, 7.787777, 7.078976, 6.264602, 5.81536, 5.959338, 4.694427, 3.694427, 2.8, 1.6, 0.0, 0.0, 0.0]"
97,"[0.0, 0.0, 0.0, 0.0, 0.824621, 1.990812, 3.271436, 4.833486, 6.275707, 6.97424, 7.264072, 7.439469, 7.093972, 6.868304, 6.561701, 6.370591, 5.991602, 6.11669, 6.241778, 6.467446, 6.814987, 7.458419, 7.905632, 8.450788, 8.895363, 9.342038, 9.857641, 10.222852, 10.424117, 10.576929, 8.517803, 8.092812, 7.538746, 6.864898, 6.090202, 7.256392, 6.72594, 6.540153, 6.68799, 7.266988, 7.944706, 8.664081, 9.375897, 9.939876, 10.221996, 10.504117, 10.630146, 10.630146, 10.630146, 10.484016, 10.337885, 9.908913, 9.063508, 7.831906, 6.852007, 6.072108, 6.024294, 4.743669, 3.849242, 2.849242, 1.649242, 0.0, 0.0, 0.0]"
98,"[0.0, 0.0, 0.0, 0.0, 1.0, 2.216553, 3.481464, 5.004618, 6.61707, 7.229521, 7.575019, 7.872158, 7.911053, 7.712815, 7.514577, 7.366741, 7.218904, 6.937479, 6.965486, 7.163724, 7.361962, 7.656549, 8.084725, 8.539871, 9.081486, 9.809974, 10.701173, 11.675654, 12.498582, 12.905765, 10.564825, 10.227567, 9.388194, 8.22995, 6.949325, 8.026358, 6.980169, 6.550474, 6.600875, 7.164159, 8.126734, 9.14625, 10.165141, 10.985795, 11.749567, 12.118278, 12.290529, 12.057424, 11.824319, 11.216638, 10.608319, 9.6, 8.419804, 7.114231, 6.008658, 5.622872, 6.222872, 5.203068, 4.308641, 3.414214, 2.0, 0.0, 0.0, 0.0]"
99,"[0.0, 0.0, 0.0, 0.0, 0.894427, 1.788854, 3.130495, 4.586517, 6.235759, 6.990574, 7.907224, 8.376661, 8.720639, 8.871396, 9.022154, 9.011077, 8.8, 8.4, 8.014214, 7.670236, 7.39339, 7.405842, 7.726307, 8.438122, 9.262451, 10.300546, 11.572536, 12.805035, 13.841284, 14.472977, 11.911727, 11.460391, 10.517402, 8.967576, 7.320443, 8.320443, 6.964371, 6.368609, 6.567235, 7.511396, 8.944501, 10.535801, 12.033631, 13.134598, 13.64582, 13.998392, 13.93006, 13.434625, 12.676647, 11.853719, 10.717284, 9.333836, 7.917227, 6.587782, 5.690416, 5.564328, 6.501842, 5.501842, 4.677221, 3.677221, 2.154066, 0.0, 0.0, 0.0]"
100,"[0.0, 0.0, 0.0, 0.0, 0.6, 1.619804, 2.696837, 4.038478, 5.480698, 6.442748, 6.984994, 7.470011, 7.740822, 7.911053, 7.872158, 7.651748, 7.255889, 6.643437, 6.030986, 5.584864, 5.508134, 5.954396, 6.765473, 8.001541, 9.398371, 10.853754, 12.02698, 13.168868, 13.817241, 14.034102, 11.313808, 10.65416, 9.398251, 7.794435, 5.928331, 6.928331, 6.018855, 6.030599, 6.719746, 8.236065, 9.765887, 11.269629, 12.472872, 13.366664, 13.854152, 13.93201, 13.620035, 12.944059, 11.924404, 10.745219, 9.479179, 8.23705, 7.281607, 6.702609, 6.665819, 7.124178, 8.357987, 7.077363, 5.812452, 4.2, 2.4, 0.0, 0.0, 0.0]"
101,"[0.0, 0.0, 0.0, 0.0, 0.632456, 1.632456, 2.763826, 4.206047, 5.818498, 6.894844, 7.544086, 8.025167, 8.182946, 8.170495, 7.861694, 7.412452, 7.0, 6.419804, 5.714231, 5.445602, 5.526227, 5.938678, 6.805671, 8.074574, 9.384515, 10.794614, 12.155377, 13.26858, 13.989691, 14.231661, 11.540936, 10.465089, 8.988244, 7.269993, 5.307822, 6.307822, 5.810455, 6.087301, 7.130182, 8.809072, 10.609072, 12.009072, 13.009072, 13.6, 14.0, 13.608319, 13.008319, 12.408319, 11.408319, 10.22077, 9.268474, 8.410114, 7.490739, 6.971364, 6.882067, 7.269954, 8.164381, 6.883756, 5.603131, 4.079977, 2.236068, 0.0, 0.0, 0.0]"
102,"[0.0, 0.0, 0.0, 0.0, 1.019804, 2.284715, 3.897167, 5.617632, 7.46154, 8.285645, 8.907531, 9.083933, 9.152323, 9.017215, 8.882106, 8.336951, 7.714287, 7.206058, 6.777882, 6.592235, 6.959395, 7.881266, 8.941582, 10.260957, 11.601366, 12.84553, 13.919746, 14.85905, 15.37032, 15.34929, 12.396325, 11.397379, 9.961044, 8.130399, 6.552776, 7.952776, 7.438687, 7.682839, 8.932037, 10.38742, 11.850984, 13.261153, 14.232504, 14.729231, 14.837364, 14.604389, 13.978082, 13.199021, 12.069839, 11.211183, 10.46739, 9.878194, 9.441752, 9.431182, 9.358777, 9.708049, 10.471821, 8.627912, 6.741116, 4.843749, 2.607681, 0.0, 0.0, 0.0]"
103,"[0.0, 0.0, 0.0, 0.0, 0.72111, 1.852481, 3.294702, 4.817856, 6.467098, 7.557065, 8.225694, 8.583474, 8.660319, 8.611077, 8.2, 7.6, 7.0, 6.616553, 6.281464, 6.404618, 6.993473, 7.763244, 8.700758, 9.776786, 10.594572, 11.279581, 11.940399, 12.394014, 12.453074, 12.512134, 10.03827, 9.407681, 8.4, 7.4, 6.264911, 7.606552, 7.168602, 7.412511, 7.99241, 8.99024, 10.056918, 10.903187, 11.339629, 11.640081, 11.65769, 11.375401, 11.093111, 10.792659, 10.492207, 10.055765, 9.650201, 9.136623, 8.679879, 8.156002, 7.726307, 7.605842, 7.79339, 6.270236, 4.814214, 3.4, 1.8, 0.0, 0.0, 0.0]"
104,"[0.0, 0.0, 0.0, 0.0, 1.0, 2.4, 3.814214, 5.523014, 7.311869, 8.032334, 8.32939, 8.477226, 8.330476, 7.983842, 7.544002, 7.12757, 6.846145, 6.56472, 6.56472, 7.072949, 7.581179, 8.35968, 9.242386, 10.241477, 11.013872, 11.770602, 12.25706, 12.784454, 12.904393, 12.784454, 10.23887, 9.693286, 8.723026, 7.723826, 6.844565, 8.457016, 8.165817, 8.342719, 8.678035, 9.204047, 9.932535, 10.3778, 10.821374, 11.264947, 11.517826, 11.457237, 11.391232, 11.330643, 11.077764, 10.776432, 10.535689, 10.291537, 9.822263, 9.334202, 8.894594, 8.269199, 8.134091, 6.323014, 4.723014, 3.123014, 1.708801, 0.0, 0.0, 0.0]"
105,"[0.0, 0.0, 0.0, 0.0, 1.0, 2.264911, 3.606552, 5.168602, 6.730652, 7.172872, 7.431116, 7.431116, 7.133977, 6.64896, 6.47165, 6.114686, 5.939236, 5.95495, 6.29213, 6.589269, 6.985129, 7.662847, 8.382222, 8.968009, 9.292755, 9.730705, 10.050127, 10.109253, 10.079025, 10.346294, 8.346294, 8.08033, 7.670446, 7.156697, 6.344272, 7.624896, 6.858901, 6.651879, 6.638078, 7.085291, 7.593521, 8.251004, 8.86791, 9.484815, 9.755087, 10.129563, 10.50404, 10.608244, 10.549118, 10.489992, 10.326662, 9.775782, 8.954092, 7.973896, 7.173896, 6.629918, 6.806321, 5.46468, 4.444876, 3.244876, 1.788854, 0.0, 0.0, 0.0]"
106,"[0.0, 0.0, 0.0, 0.0, 1.0, 2.280625, 3.722845, 5.246, 6.954801, 7.604043, 7.93587, 8.106101, 7.99716, 7.688359, 7.45333, 7.255092, 7.056854, 7.098663, 7.347905, 7.642492, 7.937079, 8.420232, 8.673011, 8.99354, 9.254511, 9.781778, 10.12048, 10.752619, 11.31267, 11.816761, 9.580693, 9.553698, 9.42183, 8.703085, 7.643435, 8.908346, 7.865464, 6.787763, 6.318327, 6.516565, 7.14902, 7.952601, 9.23784, 10.57948, 11.65031, 12.360625, 12.998534, 13.302219, 12.899288, 12.342036, 11.578264, 10.532633, 8.978529, 7.498178, 6.372149, 5.970461, 6.408411, 5.242221, 4.442221, 3.442221, 2.0, 0.0, 0.0, 0.0]"
107,"[0.0, 0.0, 0.0, 0.0, 0.8, 1.8, 3.0, 4.216553, 5.630766, 6.095677, 6.437318, 6.578959, 6.704047, 6.554744, 6.631474, 6.554744, 6.478015, 6.592396, 6.741698, 6.814271, 6.94936, 7.084449, 7.028427, 7.214214, 7.611077, 8.221052, 9.229371, 10.23769, 11.23769, 12.026613, 10.016638, 9.817391, 9.220149, 8.232601, 6.832601, 7.632601, 6.055984, 4.966017, 4.430599, 4.879841, 5.977208, 7.685692, 9.494404, 11.203049, 12.237088, 13.224162, 13.603516, 13.515005, 12.99207, 12.152697, 10.830306, 9.276202, 7.634891, 6.004605, 5.441321, 5.766067, 7.320171, 6.520171, 5.887715, 4.60709, 2.720294, 0.0, 0.0, 0.0]"
108,"[0.0, 0.0, 0.0, 0.0, 0.894427, 1.97146, 3.313101, 4.755321, 6.367773, 7.193811, 7.837243, 8.339511, 8.741199, 8.825804, 8.949248, 8.925839, 8.64398, 8.242292, 7.987456, 7.485188, 7.004684, 6.842634, 6.814627, 7.021649, 7.577375, 8.514888, 9.64471, 10.950791, 12.165113, 13.096173, 10.942108, 11.019966, 10.309647, 9.058535, 7.44666, 8.079116, 5.918648, 4.908673, 4.752244, 5.3796, 7.180249, 9.363625, 11.192052, 12.74269, 13.898781, 14.465676, 14.64222, 14.246898, 13.449311, 12.260388, 10.460388, 8.547681, 6.939198, 5.946678, 5.97951, 7.253373, 9.65743, 8.832809, 7.616257, 5.772348, 3.298485, 0.0, 0.0, 0.0]"
109,"[0.0, 0.0, 0.0, 0.0, 1.019804, 2.236356, 3.65057, 5.263022, 7.10693, 7.984493, 8.665307, 9.14846, 9.433375, 9.559238, 9.559238, 9.559238, 9.311114, 8.869769, 8.299997, 7.619183, 6.986728, 6.61811, 6.724138, 7.324138, 8.270917, 9.447317, 11.051133, 12.489083, 13.600353, 14.410236, 11.968925, 11.525795, 10.412591, 8.642962, 6.669748, 7.116962, 5.241336, 4.431573, 4.798733, 5.952799, 8.105585, 10.492864, 12.468699, 13.812766, 14.6587, 14.943141, 14.551426, 13.624587, 12.292185, 10.633826, 8.549385, 6.709245, 5.660249, 5.552236, 6.419667, 8.426801, 11.129139, 10.052106, 8.439655, 6.230582, 3.423449, 0.0, 0.0, 0.0]"
110,"[0.0, 0.0, 0.0, 0.0, 0.824621, 1.719048, 2.885239, 4.327459, 6.047924, 7.067212, 8.016694, 8.694412, 9.096101, 9.072692, 8.642997, 8.213301, 7.369392, 6.419911, 5.547475, 5.027689, 4.613476, 5.055696, 6.048065, 7.386775, 9.100028, 11.052993, 13.051703, 14.44515, 15.255033, 15.620566, 12.667601, 11.507022, 9.788828, 7.815615, 5.289614, 6.010725, 4.946926, 5.195953, 6.432021, 8.813235, 11.390609, 13.666906, 15.399838, 16.70778, 17.296954, 17.160747, 16.453575, 14.997627, 13.10286, 10.885259, 8.444091, 6.483035, 6.007425, 6.25555, 7.472159, 9.797358, 12.649692, 11.03724, 9.139874, 6.723265, 3.676955, 0.0, 0.0, 0.0]"
111,"[0.0, 0.0, 0.0, 0.0, 1.077033, 2.341944, 4.185853, 6.195828, 8.4049, 9.527867, 10.662956, 11.02812, 11.254212, 11.084748, 10.695825, 9.908277, 8.899204, 7.487758, 6.296678, 5.562634, 5.562634, 6.372609, 7.947988, 10.106119, 12.23533, 14.245032, 16.082134, 17.369952, 18.099601, 18.245968, 14.623814, 13.193346, 11.294383, 8.452502, 5.547104, 6.147104, 4.995406, 5.294613, 6.874049, 9.6826, 12.535135, 14.892378, 16.625311, 17.756999, 17.907113, 17.461237, 16.048155, 14.038237, 11.509719, 9.103841, 7.097182, 6.153021, 6.22874, 7.560026, 9.388453, 11.782566, 14.487541, 12.600745, 10.192426, 7.363999, 3.969887, 0.0, 0.0, 0.0]"
112,"[0.0, 0.0, 0.0, 0.0, 1.019804, 2.619804, 4.232255, 6.129622, 8.099394, 9.138716, 9.664745, 10.178323, 10.260855, 10.011548, 9.233047, 8.238389, 6.83347, 5.453571, 4.454216, 4.304962, 4.587805, 5.992724, 7.938308, 10.190412, 12.499971, 14.584329, 15.956871, 16.988995, 17.508631, 16.979745, 13.481174, 11.826511, 9.325836, 6.554096, 4.466673, 5.632864, 5.675751, 7.040029, 9.039213, 11.543255, 14.048577, 16.008857, 17.325205, 18.18262, 18.164545, 17.466247, 16.060482, 14.361949, 12.504705, 10.717271, 9.356508, 8.726274, 8.75521, 9.270812, 10.467952, 12.135744, 14.001623, 11.913561, 9.677493, 6.957199, 3.676955, 0.0, 0.0, 0.0]"
113,"[0.0, 0.0, 0.0, 0.0, 1.019804, 2.669046, 4.377847, 6.436973, 8.600304, 9.843241, 10.602318, 10.952643, 10.863289, 10.597325, 10.043384, 8.801255, 7.742129, 6.493468, 5.615905, 5.519556, 6.164443, 7.174418, 9.060989, 11.047844, 12.635392, 14.030559, 15.444033, 16.092116, 16.247734, 15.833412, 12.627168, 11.173491, 9.259368, 7.116894, 5.225643, 6.225643, 5.597513, 6.409938, 7.806743, 9.512316, 11.37588, 13.087107, 14.095319, 14.678709, 15.078709, 14.935439, 14.214953, 13.022446, 11.866355, 10.466355, 9.358513, 8.734933, 8.554016, 8.710107, 9.518426, 10.748508, 12.319951, 10.531097, 8.531097, 6.122778, 3.280244, 0.0, 0.0, 0.0]"
114,"[0.0, 0.0, 0.0, 0.0, 1.019804, 2.419804, 4.019804, 6.059412, 8.147473, 8.916523, 9.40332, 9.647229, 9.304677, 8.630829, 8.256189, 7.650017, 6.883141, 6.205889, 5.991675, 5.991675, 6.360293, 7.563611, 8.976912, 10.584045, 11.976966, 13.327723, 14.253616, 15.045415, 15.297692, 15.402603, 12.402603, 11.47671, 9.901049, 8.05819, 6.16595, 7.29732, 6.45919, 6.696744, 7.812572, 9.47605, 11.297644, 13.296353, 14.689801, 15.763297, 16.204116, 16.375251, 15.654615, 14.982052, 13.908556, 12.57331, 11.158011, 10.050168, 9.09173, 8.548203, 9.09173, 10.103223, 11.896649, 10.247407, 8.458552, 6.126171, 3.405877, 0.0, 0.0, 0.0]"
115,"[0.0, 0.0, 0.0, 0.0, 0.894427, 2.060618, 3.341242, 4.903292, 6.515744, 7.330117, 7.872728, 8.048125, 7.942097, 7.743859, 7.251611, 6.619843, 6.240854, 5.784832, 5.370618, 5.320256, 5.766378, 6.398146, 7.295512, 8.449578, 9.699997, 10.682835, 11.581715, 12.404643, 13.093111, 13.367227, 10.861234, 10.379582, 9.221338, 7.510175, 5.713877, 6.513877, 5.407652, 5.187243, 5.942668, 7.211572, 9.019253, 10.60713, 12.218454, 13.195222, 13.895455, 14.073452, 13.995593, 13.383568, 12.608065, 11.453302, 10.009265, 8.610814, 7.289678, 6.401616, 6.503893, 7.442603, 9.223276, 8.203472, 7.003472, 5.192395, 2.912044, 0.0, 0.0, 0.0]"
116,"[0.0, 0.0, 0.0, 0.0, 1.264911, 2.788066, 4.496866, 6.383663, 8.383663, 9.244781, 9.701525, 9.972623, 10.065726, 10.045625, 9.763505, 9.345656, 8.927807, 8.560359, 8.103615, 7.908948, 7.95935, 8.1973, 8.594824, 9.280741, 10.262088, 11.478064, 12.684723, 13.880992, 14.87192, 15.447574, 12.619147, 12.280821, 11.354928, 9.998836, 7.992593, 8.817214, 7.148881, 6.133441, 6.100609, 7.109681, 8.91565, 10.744077, 12.538577, 14.025985, 15.169524, 15.585243, 15.803126, 15.343714, 14.281297, 12.717541, 10.936143, 8.689833, 6.810944, 5.791428, 5.802574, 7.137663, 9.74354, 9.02243, 7.805877, 6.005877, 3.405877, 0.0, 0.0, 0.0]"
117,"[0.0, 0.0, 0.0, 0.0, 0.824621, 1.844425, 3.060978, 4.475191, 6.087643, 7.063022, 7.843218, 8.437742, 8.834606, 9.033231, 8.845683, 8.445683, 8.034606, 7.440081, 6.893915, 6.447654, 6.179025, 6.221245, 6.617144, 7.322005, 8.496754, 9.895206, 11.316549, 12.750407, 13.833503, 14.377004, 11.847182, 11.391937, 10.325526, 8.686872, 6.802431, 7.402431, 5.715223, 5.000235, 5.42993, 6.710281, 8.830575, 11.155774, 13.121962, 14.770903, 15.890552, 16.395161, 16.401719, 15.949109, 14.61959, 13.106386, 11.146394, 8.893527, 7.115038, 6.407729, 6.730005, 8.272228, 11.094382, 10.094382, 8.63836, 6.429288, 3.622154, 0.0, 0.0, 0.0]"
118,"[0.0, 0.0, 0.0, 0.0, 0.824621, 1.844425, 3.258639, 4.87109, 6.682167, 7.657546, 8.437742, 8.823529, 9.211077, 9.4, 9.4, 9.2, 9.0, 8.414214, 7.491247, 6.691247, 6.091247, 5.756158, 5.756158, 6.479125, 7.679125, 9.079125, 10.614214, 12.206659, 13.433208, 14.096773, 11.696773, 11.237713, 10.200825, 8.515917, 6.373463, 6.656305, 4.947821, 4.14424, 4.591453, 6.106411, 8.50685, 10.847608, 12.912517, 14.28594, 15.21215, 15.633703, 15.328822, 14.378074, 13.059705, 11.162339, 9.057504, 6.989171, 5.70882, 5.426961, 6.603361, 8.656229, 11.66178, 10.66178, 9.09973, 6.658419, 3.605551, 0.0, 0.0, 0.0]"
119,"[0.0, 0.0, 0.0, 0.0, 0.632456, 1.652259, 2.868812, 4.283026, 5.895477, 7.063022, 7.854295, 8.448819, 8.845683, 9.07714, 8.926382, 8.571327, 7.976803, 7.18553, 5.974076, 5.045944, 4.414543, 4.612204, 5.1924, 6.559945, 8.438835, 10.640763, 12.451452, 14.107216, 15.459827, 15.833041, 12.806492, 11.640715, 9.997402, 7.539219, 4.966005, 5.566005, 4.526683, 4.563473, 5.905114, 8.368678, 10.993581, 13.579329, 15.535638, 16.89957, 17.436006, 17.411103, 16.605551, 15.6, 13.811077, 11.675988, 9.607359, 7.827163, 6.427163, 6.324887, 7.392356, 9.485889, 12.239677, 11.039677, 9.330876, 6.998496, 3.773592, 0.0, 0.0, 0.0]"
120,"[0.0, 0.0, 0.0, 0.0, 0.894427, 2.159338, 3.573552, 5.186003, 6.986003, 7.902653, 8.481651, 8.964804, 9.061153, 8.969954, 8.682032, 8.103034, 7.2827, 6.593703, 5.517358, 4.994203, 5.009917, 5.545336, 6.584658, 8.284583, 10.237548, 12.119201, 13.786993, 15.133744, 16.081607, 15.971177, 12.808899, 11.691986, 9.89856, 7.618316, 5.408238, 6.129348, 5.380231, 5.611688, 6.892039, 9.102118, 11.661251, 13.652915, 15.369905, 16.495431, 16.933141, 16.495431, 15.650804, 14.215934, 12.653966, 10.896876, 9.270895, 7.926198, 7.242389, 7.242389, 7.882565, 9.618977, 11.895275, 10.453054, 8.609145, 6.445814, 3.49285, 0.0, 0.0, 0.0]"
121,"[0.0, 0.0, 0.0, 0.0, 0.8, 1.8, 3.214214, 4.670236, 6.45909, 7.545886, 8.266351, 8.549194, 8.790228, 8.69843, 8.225847, 7.786007, 6.937479, 6.13485, 5.237794, 4.900613, 4.961629, 5.725552, 7.067193, 8.773186, 10.379435, 12.084103, 13.633929, 14.696346, 15.415256, 15.738634, 12.692325, 11.739119, 10.040635, 7.835535, 5.394562, 6.194562, 5.399703, 5.887764, 7.397782, 9.744141, 12.199905, 14.20914, 15.544527, 16.420582, 16.914416, 16.658652, 15.842884, 15.050025, 13.683755, 11.619519, 9.900144, 8.634104, 7.615966, 7.576358, 8.667822, 10.492032, 12.503002, 10.890551, 8.890551, 6.457446, 3.352611, 0.0, 0.0, 0.0]"
122,"[0.0, 0.0, 0.0, 0.0, 1.019804, 2.434017, 4.034017, 6.043993, 8.0836, 9.217862, 10.039717, 10.675785, 10.386275, 10.233463, 9.799862, 9.125844, 8.331997, 7.688565, 6.821572, 6.31766, 6.404852, 6.671432, 7.830467, 9.410663, 10.979789, 12.376856, 13.77289, 14.835306, 15.658755, 16.079321, 13.033012, 12.336496, 11.047987, 9.024538, 6.642915, 7.364025, 5.97551, 5.577987, 6.377987, 8.153366, 10.232255, 12.219111, 13.812903, 14.837806, 15.264355, 15.32792, 14.754365, 13.981227, 12.766299, 11.153963, 9.367432, 7.934327, 6.781846, 6.227893, 6.81368, 8.144966, 10.171515, 8.89089, 7.434868, 5.434868, 3.026549, 0.0, 0.0, 0.0]"
123,"[0.0, 0.0, 0.0, 0.0, 1.077033, 2.418674, 3.860894, 5.581359, 7.425268, 8.192144, 8.850503, 9.295079, 9.363468, 9.308414, 9.253359, 8.776514, 8.331938, 7.823709, 7.449068, 7.102434, 7.191731, 7.458311, 8.075053, 8.748901, 9.64762, 10.635169, 11.789932, 12.75613, 13.720936, 14.379996, 11.779996, 11.462016, 10.578351, 9.087533, 7.368158, 8.387962, 6.862182, 6.223923, 6.382338, 7.227743, 8.64925, 10.407935, 11.950735, 13.183235, 14.01017, 14.432423, 14.439612, 13.97178, 13.172882, 12.189689, 10.938576, 9.567112, 8.227536, 7.27347, 6.75972, 7.11704, 8.386108, 7.309075, 6.109075, 4.653053, 2.683282, 0.0, 0.0, 0.0]"
124,"[0.0, 0.0, 0.0, 0.0, 0.8, 1.819804, 3.019804, 4.434017, 6.08326, 6.99206, 7.681057, 8.269912, 8.644553, 8.715775, 8.72744, 8.460859, 8.013646, 7.566432, 6.923, 6.419088, 6.176867, 6.24944, 6.6166, 7.328421, 8.265935, 9.786229, 11.284059, 12.63467, 14.070719, 14.916653, 12.196359, 11.891996, 10.872192, 9.103311, 7.303311, 7.935766, 6.049196, 5.22614, 5.370118, 6.170118, 8.137663, 10.223686, 12.033683, 13.732167, 15.030652, 15.535487, 15.640397, 15.399526, 14.189102, 12.734527, 11.242143, 9.546652, 7.927165, 7.005294, 6.810627, 7.434243, 9.277103, 8.110912, 6.944722, 5.29548, 3.059412, 0.0, 0.0, 0.0]"
125,"[0.0, 0.0, 0.0, 0.0, 0.848528, 1.979899, 3.260524, 4.872975, 6.66183, 7.783073, 8.549069, 9.112353, 9.34381, 9.398865, 9.24017, 9.153881, 8.922423, 8.690966, 8.303079, 8.015157, 7.816531, 7.924545, 8.156002, 8.679879, 9.419466, 10.352599, 11.605348, 12.885539, 14.067917, 15.030079, 12.484494, 12.296958, 11.513798, 10.439582, 8.737834, 10.018458, 8.398971, 7.472245, 7.184183, 7.870101, 9.197157, 10.8381, 12.423887, 13.823887, 14.821059, 15.438281, 15.85605, 15.719614, 15.187947, 14.414808, 13.19988, 11.574977, 9.976324, 8.307991, 7.216527, 7.050461, 8.08105, 6.816139, 5.816139, 4.474498, 2.630589, 0.0, 0.0, 0.0]"
126,"[0.0, 0.0, 0.0, 0.0, 0.4, 1.032456, 1.857077, 2.751504, 3.917694, 4.798319, 5.580077, 6.317506, 6.865299, 7.141329, 7.302925, 7.330932, 7.049507, 6.773477, 6.462627, 6.020407, 5.655219, 5.574594, 5.608404, 5.877033, 6.677033, 7.6, 8.8, 10.0, 11.2, 11.808319, 9.808319, 9.68867, 9.186036, 8.042058, 6.653543, 7.453543, 5.738878, 4.666132, 4.41011, 4.990307, 6.200282, 8.042915, 9.651399, 11.119732, 12.431776, 13.207478, 13.399159, 13.566054, 13.051788, 11.848544, 10.327778, 8.727778, 6.760233, 5.327278, 4.818477, 5.553566, 7.153566, 6.52111, 5.8, 4.6, 2.6, 0.0, 0.0, 0.0]"
127,"[0.0, 0.0, 0.0, 0.0, 0.4, 1.2, 2.2, 3.416553, 4.830766, 6.080008, 6.929251, 7.638051, 8.1303, 8.50494, 8.46815, 8.342062, 7.974902, 7.343134, 6.574084, 5.786253, 4.984209, 4.642568, 4.907176, 5.596173, 6.668918, 8.288748, 9.81857, 11.340494, 12.584658, 13.46578, 11.12484, 11.156267, 10.272602, 8.733851, 6.955362, 7.355362, 5.426568, 4.663222, 4.849008, 6.049008, 8.256689, 10.431367, 12.241364, 13.866267, 14.922031, 15.373762, 15.430192, 15.071976, 14.083141, 12.439828, 10.580417, 8.61128, 6.575402, 5.416367, 5.512716, 6.818709, 8.97715, 8.344694, 7.267661, 5.55886, 3.052868, 0.0, 0.0, 0.0]"
128,"[0.0, 0.0, 0.0, 0.0, 0.632456, 1.709488, 2.9744, 4.388613, 6.001065, 7.168609, 8.091576, 8.637742, 9.233504, 9.464961, 9.50887, 9.158112, 8.761249, 7.967826, 7.143721, 6.194239, 5.544997, 5.395695, 5.828384, 6.848188, 8.189829, 9.820418, 11.467551, 12.923144, 13.929845, 14.646742, 12.016153, 11.54542, 10.440585, 8.674901, 6.443046, 6.89026, 5.048949, 4.265501, 4.597328, 6.112286, 8.272753, 10.472753, 12.2562, 13.643749, 14.407681, 14.607134, 14.414815, 13.614815, 12.414815, 10.829028, 8.916322, 7.203068, 6.022872, 5.746026, 6.390939, 8.216806, 10.484656, 9.464852, 7.941698, 5.882572, 3.162278, 0.0, 0.0, 0.0]"
129,"[0.0, 0.0, 0.0, 0.0, 1.0, 2.216553, 3.672574, 5.195729, 6.984583, 7.87138, 8.498736, 9.022613, 9.343367, 9.398422, 9.232091, 8.830402, 8.131128, 7.41859, 6.651714, 6.147802, 6.105581, 6.437408, 7.345645, 8.50468, 9.918717, 11.32585, 12.713399, 13.68045, 14.470932, 14.752386, 11.945252, 11.286192, 10.1769, 8.415262, 6.303218, 7.024328, 5.760421, 5.319076, 5.898074, 7.378425, 9.187137, 10.895782, 12.303324, 13.322979, 13.72591, 13.70208, 13.248784, 12.354991, 11.014581, 9.745513, 8.439521, 7.184173, 6.495026, 6.414092, 6.96965, 8.050001, 9.693262, 8.412637, 6.970417, 5.000645, 2.720294, 0.0, 0.0, 0.0]"
130,"[0.0, 0.0, 0.0, 0.0, 0.894427, 2.159338, 3.573552, 5.173552, 6.984629, 7.934111, 8.566566, 8.941207, 9.130061, 8.931436, 8.529747, 8.074601, 7.627388, 7.103444, 6.690993, 6.448772, 6.619003, 7.121272, 7.895968, 8.932036, 10.165141, 11.183279, 12.346029, 13.106422, 13.698781, 13.934009, 11.303419, 10.450826, 9.359627, 7.747752, 6.079419, 7.079419, 6.205978, 6.217642, 6.887886, 8.329197, 9.890447, 11.300547, 12.270807, 13.074735, 13.179009, 13.026078, 12.598095, 11.751279, 10.904463, 9.97133, 9.086166, 8.237638, 7.993729, 7.605842, 7.782245, 8.25909, 9.286187, 7.686187, 6.230166, 4.441311, 2.441311, 0.0, 0.0, 0.0]"
131,"[0.0, 0.0, 0.0, 0.0, 0.72111, 1.852481, 3.133106, 4.474747, 5.930769, 6.82211, 7.290739, 7.410114, 7.468474, 7.412452, 7.0, 6.6, 6.2, 5.8, 5.616553, 5.681464, 6.004618, 6.713419, 7.610786, 8.548299, 9.563739, 10.320935, 11.045239, 11.556192, 11.802126, 11.721775, 9.441424, 8.819396, 8.011077, 6.811077, 5.630881, 6.707914, 6.028208, 5.990258, 6.634167, 7.740392, 9.071678, 10.348626, 11.33216, 11.89657, 12.17886, 12.050892, 11.768602, 11.48576, 10.92135, 10.356939, 9.797054, 9.283476, 8.476756, 8.047061, 7.803152, 7.893764, 8.561663, 7.105641, 5.691428, 4.091428, 2.280351, 0.0, 0.0, 0.0]"
132,"[0.0, 0.0, 0.0, 0.0, 0.4, 1.2, 2.2, 3.219804, 4.484715, 5.250905, 5.73153, 6.012155, 6.272976, 6.28869, 6.28869, 6.008065, 5.72744, 5.295343, 5.014719, 4.925561, 5.190472, 5.646494, 6.253988, 6.962789, 7.783122, 8.672277, 9.452323, 10.328682, 11.061192, 11.426567, 9.272502, 9.036434, 8.146273, 6.985587, 5.571373, 6.395995, 5.195995, 4.953774, 5.073149, 5.837073, 7.022427, 8.232402, 9.241474, 10.041474, 10.629022, 10.819047, 11.009072, 10.8, 10.4, 10.0, 9.2, 8.2, 7.219804, 6.140914, 5.360718, 5.360718, 6.160718, 5.140914, 4.419804, 3.4, 2.0, 0.0, 0.0, 0.0]"
133,"[0.0, 0.0, 0.0, 0.0, 0.8, 1.8, 3.016553, 4.281464, 5.804618, 6.61707, 7.337535, 7.818039, 8.250184, 8.424085, 8.532099, 8.373684, 8.238677, 7.955835, 7.539403, 7.261159, 7.222263, 7.369014, 7.79871, 8.557693, 9.35154, 10.302249, 11.379126, 12.581526, 13.494883, 14.143256, 11.669393, 11.292034, 10.371754, 9.115845, 7.512029, 8.589062, 7.397296, 6.727289, 6.819087, 7.597588, 8.852936, 10.142376, 11.464843, 12.539553, 13.343991, 13.797288, 14.076973, 14.084161, 13.750419, 13.040921, 12.15261, 10.890087, 9.385034, 7.932245, 7.178179, 7.178179, 8.255024, 6.9744, 5.897367, 4.497367, 2.6, 0.0, 0.0, 0.0]"
134,"[0.0, 0.0, 0.0, 0.0, 0.565685, 1.286796, 2.181223, 3.446134, 4.902156, 5.750684, 6.629574, 7.335147, 7.682687, 7.875907, 8.110936, 7.966958, 7.82298, 7.427081, 6.994391, 6.561701, 6.370591, 6.256209, 6.652108, 7.279465, 8.226243, 9.402643, 10.668683, 12.009196, 13.211597, 13.96031, 11.518999, 11.344423, 10.401433, 8.967576, 7.272084, 8.272084, 6.916012, 6.12259, 6.110138, 6.893585, 8.301904, 9.824871, 11.408319, 12.808319, 13.814978, 14.213793, 14.44222, 14.249901, 13.485969, 12.489285, 11.294603, 9.682728, 8.241238, 6.899597, 6.303835, 6.891384, 8.474831, 7.308641, 6.414214, 5.0, 2.8, 0.0, 0.0, 0.0]"
135,"[0.0, 0.0, 0.0, 0.0, 0.6, 1.4, 2.419804, 3.684715, 5.20787, 6.328335, 7.372244, 8.196349, 8.775346, 8.972657, 8.972657, 8.741199, 8.339511, 7.776227, 7.055762, 6.41233, 6.016431, 5.988424, 6.320251, 7.359858, 8.518893, 10.130768, 11.941458, 13.729006, 14.914301, 16.101682, 13.273255, 12.716684, 11.404746, 9.829085, 7.622189, 8.44681, 6.778477, 6.146438, 6.146438, 6.969493, 8.813205, 10.676769, 12.325582, 13.781175, 14.846402, 15.282904, 15.331384, 15.012226, 14.187742, 12.926816, 11.236195, 9.324151, 7.387001, 6.126454, 5.882546, 6.677404, 8.684064, 7.835535, 6.815731, 5.215731, 3.006659, 0.0, 0.0, 0.0]"
136,"[0.0, 0.0, 0.0, 0.0, 0.447214, 1.047214, 1.847214, 3.063766, 4.47798, 5.680008, 6.788809, 7.601261, 8.105173, 8.25301, 8.300824, 8.006236, 7.525156, 6.804691, 6.067262, 5.170206, 4.580613, 4.615433, 5.057653, 6.119828, 7.378954, 8.970942, 10.777966, 12.247789, 13.387542, 14.156843, 11.740234, 10.96702, 9.667428, 7.840879, 5.837073, 6.469528, 5.069528, 4.673629, 5.317538, 6.532525, 8.530658, 10.559086, 12.349192, 13.312417, 14.272809, 14.44222, 14.213793, 13.217109, 12.221052, 10.677074, 9.218715, 7.618715, 6.825292, 6.626667, 7.258706, 8.829109, 11.373118, 10.156566, 8.544114, 6.456053, 3.544009, 0.0, 0.0, 0.0]"
137,"[0.0, 0.0, 0.0, 0.0, 0.632456, 1.457077, 2.673629, 4.073629, 5.686081, 6.702867, 7.587047, 8.159349, 8.479814, 8.429412, 8.34222, 8.047633, 7.390149, 6.669684, 5.932255, 5.370206, 5.172544, 5.497196, 6.205996, 7.722315, 9.442609, 11.089621, 12.660148, 14.157591, 14.823311, 15.129566, 12.266002, 11.519803, 9.962802, 8.172695, 6.16595, 7.16595, 6.051789, 5.925701, 6.79721, 8.25127, 10.163314, 11.970337, 13.420396, 14.378644, 14.95109, 15.01226, 14.639046, 14.082441, 13.190198, 11.793131, 10.219917, 8.884828, 7.63441, 6.922564, 7.062176, 8.191998, 10.089365, 8.923175, 7.480954, 5.6921, 3.162278, 0.0, 0.0, 0.0]"
138,"[0.0, 0.0, 0.0, 0.0, 0.824621, 1.824621, 3.041174, 4.497196, 6.02035, 6.63795, 7.2, 7.680503, 7.786531, 7.705597, 7.705597, 7.485188, 6.954322, 6.523643, 6.362047, 5.99686, 6.178374, 6.661426, 7.427421, 8.234858, 9.311891, 10.205345, 11.163784, 11.986711, 12.589375, 13.126034, 10.709425, 10.265074, 9.265245, 7.988734, 6.42938, 7.506413, 6.543082, 6.435069, 6.864764, 7.773001, 9.169832, 10.600421, 11.618559, 12.603077, 13.370603, 13.50442, 13.473831, 13.251561, 12.623134, 11.825975, 11.062203, 9.985358, 8.991252, 8.353302, 8.240694, 8.677136, 10.213393, 8.799179, 7.237129, 5.339763, 3.059412, 0.0, 0.0, 0.0]"
139,"[0.0, 0.0, 0.0, 0.0, 0.4, 1.0, 1.8, 2.8, 4.0, 5.014214, 5.870236, 6.526258, 7.049412, 7.291633, 7.21906, 7.104679, 6.814847, 6.457883, 6.092695, 5.967607, 5.825966, 6.059776, 6.493585, 7.016553, 7.8, 8.8, 9.8, 11.0, 12.2, 13.007134, 10.807134, 10.880997, 10.169058, 9.018301, 7.427719, 8.427719, 6.778477, 5.690416, 5.321798, 5.547466, 6.434263, 7.772972, 9.105353, 10.432409, 11.710483, 12.384936, 12.782855, 12.996059, 12.65112, 11.930826, 10.931626, 9.501747, 7.588618, 5.725876, 4.574404, 4.801209, 6.277519, 5.645063, 5.245063, 4.396535, 2.607681, 0.0, 0.0, 0.0]"
140,"[0.0, 0.0, 0.0, 0.0, 0.4, 1.0, 2.0, 3.2, 4.6, 5.614214, 6.663456, 7.372257, 7.881057, 8.093509, 8.291747, 8.254956, 7.988376, 7.445766, 7.098225, 6.899987, 6.687536, 6.659529, 7.10579, 7.880486, 8.746624, 9.820487, 11.269838, 12.52095, 13.488002, 14.207651, 11.733788, 11.477904, 10.850408, 9.883357, 8.283357, 9.303161, 7.69548, 6.459412, 5.942959, 6.251759, 7.512306, 8.98617, 10.706464, 12.156523, 13.420936, 14.113799, 14.425613, 14.3886, 13.831996, 13.09485, 11.734088, 10.213321, 8.33004, 6.634541, 5.663384, 6.287, 7.885654, 7.085654, 6.364543, 5.099632, 2.863564, 0.0, 0.0, 0.0]"
141,"[0.0, 0.0, 0.0, 0.0, 0.565685, 1.286796, 2.286796, 3.701009, 5.263059, 6.417839, 7.485583, 8.274437, 8.569025, 8.850883, 8.974327, 8.834715, 8.501883, 8.249104, 7.670106, 7.106822, 6.871793, 6.857992, 7.122435, 7.74432, 8.699763, 9.702159, 10.867619, 12.200022, 13.286439, 13.878799, 11.462189, 11.415758, 10.526221, 9.439804, 7.892002, 8.892002, 7.330752, 6.432332, 6.068691, 6.57692, 7.636046, 9.142039, 10.740692, 12.081102, 13.338557, 14.065108, 14.279409, 14.136139, 13.552926, 12.403983, 11.14146, 9.498199, 7.499015, 5.818664, 5.087488, 5.564334, 7.207595, 6.486484, 5.886484, 4.720294, 2.720294, 0.0, 0.0, 0.0]"
142,"[0.0, 0.0, 0.0, 0.0, 0.632456, 1.457077, 2.623267, 3.903892, 5.318105, 6.406115, 7.193945, 7.736556, 8.164732, 8.39976, 8.291747, 8.093509, 7.798922, 7.546143, 7.063091, 6.731264, 6.731264, 6.879101, 7.143544, 7.86415, 8.915906, 10.109373, 11.389857, 12.642606, 13.729023, 14.116937, 11.509256, 11.172714, 10.362831, 9.002069, 7.5624, 8.72859, 7.422598, 6.67348, 6.904938, 7.712374, 9.020047, 10.48838, 11.937731, 13.153233, 14.124584, 14.479148, 14.617949, 14.384974, 13.534634, 12.485198, 11.269222, 9.91811, 8.418892, 7.286852, 6.676877, 7.104034, 8.476439, 7.345068, 6.268035, 4.868035, 2.828427, 0.0, 0.0, 0.0]"
143,"[0.0, 0.0, 0.0, 0.0, 0.282843, 0.848528, 1.697056, 2.863247, 4.319269, 5.492448, 6.539214, 7.290686, 7.724496, 8.068474, 8.212452, 8.0, 7.8, 7.4, 6.6, 6.077033, 5.754066, 5.634691, 6.131747, 7.111646, 8.014512, 9.345798, 10.626423, 11.813808, 12.786873, 13.592652, 11.184333, 11.096947, 10.252113, 8.948391, 7.239746, 8.088275, 6.439032, 5.599424, 5.550182, 6.473149, 7.824621, 9.4, 10.8, 12.0, 12.8, 13.2, 13.208319, 13.008319, 12.218294, 11.018294, 9.818294, 8.209975, 6.442431, 5.257077, 4.857077, 5.257077, 7.057077, 6.424621, 5.6, 4.4, 2.6, 0.0, 0.0, 0.0]"
144,"[0.0, 0.0, 0.0, 0.0, 0.72111, 1.72111, 3.001735, 4.563785, 6.28425, 7.449936, 8.419708, 9.036449, 9.318308, 9.441752, 9.366033, 9.008713, 8.376257, 7.79726, 7.119541, 6.589089, 6.538687, 6.994241, 7.616126, 8.782317, 9.943003, 11.159442, 12.438977, 13.676281, 14.45517, 15.137958, 12.35947, 11.967151, 10.902177, 9.511372, 7.801486, 8.878519, 7.470838, 7.060954, 7.237855, 8.164582, 9.617371, 11.329415, 12.592217, 13.558414, 14.081038, 14.414781, 14.171069, 13.732889, 13.105393, 12.281436, 11.126673, 9.799981, 8.326117, 7.109853, 6.484459, 6.673025, 7.931384, 6.931384, 5.91158, 4.497367, 2.6, 0.0, 0.0, 0.0]"
145,"[0.0, 0.0, 0.0, 0.0, 0.4, 1.0, 1.824621, 2.901654, 4.067844, 5.082058, 5.762683, 6.279703, 6.54431, 6.643031, 6.493729, 6.232908, 5.785694, 5.33848, 4.922097, 4.657186, 4.803573, 5.250786, 5.879514, 6.81984, 7.608695, 8.3293, 9.15099, 10.036155, 10.510042, 10.983929, 9.097133, 8.820599, 8.024731, 7.20421, 5.941468, 6.835895, 5.949099, 5.536648, 5.494427, 6.106879, 7.023529, 8.023529, 8.823529, 9.623529, 10.211077, 10.6, 10.6, 10.6, 10.0, 9.4, 8.6, 7.6, 6.424621, 5.545731, 4.945731, 5.145731, 6.145731, 5.32111, 4.6, 3.6, 2.0, 0.0, 0.0, 0.0]"
146,"[0.0, 0.0, 0.0, 0.0, 0.632456, 1.457077, 2.476881, 3.676881, 5.091094, 5.914661, 6.546061, 7.049412, 7.191053, 7.21906, 7.205258, 7.090877, 6.909363, 6.909363, 6.732054, 6.506386, 6.578959, 6.837318, 7.095677, 7.630766, 8.414214, 9.2, 10.008319, 10.816638, 11.684971, 12.214793, 10.014793, 9.842542, 9.493349, 8.437468, 7.172557, 8.389109, 7.172845, 6.45536, 6.285129, 6.864127, 7.627473, 8.88802, 9.954698, 11.073727, 11.950113, 12.577895, 12.803536, 12.90121, 12.576029, 11.914861, 10.919631, 9.855859, 8.481237, 7.06979, 6.030468, 6.206871, 7.097031, 5.96566, 5.141039, 4.121235, 2.332381, 0.0, 0.0, 0.0]"
147,"[0.0, 0.0, 0.0, 0.0, 0.894427, 1.894427, 3.175052, 4.589266, 6.151316, 6.977353, 7.86415, 8.372379, 8.74702, 8.973824, 8.96216, 8.97273, 8.892677, 8.716274, 8.539871, 8.551535, 8.216219, 8.204474, 8.592023, 9.142902, 9.754818, 10.698761, 11.780193, 12.780193, 13.740962, 14.664346, 12.158353, 12.222398, 11.663709, 10.539609, 9.127754, 10.408379, 8.830756, 7.789445, 7.438687, 7.682839, 8.743155, 10.198538, 11.710582, 13.166174, 14.376597, 15.334142, 15.869612, 15.984117, 15.885942, 15.195138, 14.105726, 12.661039, 10.711522, 8.425973, 6.818292, 6.453129, 7.362346, 6.285313, 5.564203, 4.564203, 2.720294, 0.0, 0.0, 0.0]"
148,"[0.0, 0.0, 0.0, 0.0, 0.6, 1.2, 2.0, 3.0, 4.2, 5.0, 5.8, 6.4, 7.0, 7.412452, 7.624903, 7.680925, 7.695139, 7.509352, 7.096901, 6.684449, 6.428427, 6.230766, 6.081464, 6.404618, 6.993473, 7.852599, 9.052655, 10.204353, 11.211021, 11.89603, 9.836904, 9.620295, 9.203686, 8.273863, 7.0, 7.824621, 6.190307, 5.014928, 4.614928, 5.014928, 6.190307, 7.833693, 9.218144, 10.426463, 11.259568, 11.733432, 11.80471, 11.875989, 11.555731, 11.019993, 10.002152, 8.741605, 7.061254, 5.420406, 4.523039, 4.667017, 5.847214, 5.247214, 4.8, 3.8, 2.2, 0.0, 0.0, 0.0]"
149,"[0.0, 0.0, 0.0, 0.0, 0.565685, 1.286796, 2.286796, 3.452986, 4.895207, 5.891571, 6.867517, 7.711426, 8.432032, 8.959583, 9.186387, 9.278185, 9.143077, 8.779436, 8.151305, 7.643075, 7.134846, 6.767686, 6.893774, 7.396042, 8.351485, 9.544723, 10.923377, 12.320444, 13.701438, 14.46537, 11.991506, 11.816797, 11.033229, 9.505382, 7.786007, 8.86304, 7.33726, 6.516738, 6.540147, 7.385552, 8.869768, 10.570259, 12.180906, 13.513308, 14.340243, 14.642558, 14.605545, 14.235959, 13.337158, 12.173048, 10.751704, 9.199793, 7.593545, 6.656031, 6.390331, 7.111442, 8.75856, 7.681527, 6.464974, 4.94182, 2.778489, 0.0, 0.0, 0.0]"
150,"[0.0, 0.0, 0.0, 0.0, 0.447214, 1.047214, 2.067017, 3.28357, 4.739592, 5.90483, 7.025295, 7.725956, 8.353313, 8.741199, 8.849213, 8.690798, 8.412553, 7.849269, 7.00536, 6.361928, 6.016431, 5.97421, 6.306037, 7.316012, 8.448051, 9.831499, 11.231499, 12.645597, 13.547665, 14.124271, 11.524271, 10.960339, 9.820586, 8.350762, 6.584889, 7.40951, 6.304813, 5.860237, 6.304813, 7.448339, 9.344012, 10.932936, 12.333249, 13.27488, 13.939977, 13.765267, 13.307714, 12.727922, 11.743404, 10.477027, 9.273083, 8.226894, 7.180705, 6.678437, 6.960295, 7.744684, 9.218856, 8.002304, 6.660663, 4.816754, 2.690725, 0.0, 0.0, 0.0]"
151,"[0.0, 0.0, 0.0, 0.0, 0.6, 1.424621, 2.624621, 4.038835, 5.561989, 6.750844, 7.813019, 8.499815, 9.0655, 9.386255, 9.317865, 8.993119, 8.386948, 7.53842, 6.771544, 6.31599, 6.366391, 6.885766, 7.954396, 9.285682, 10.628451, 11.879564, 12.991608, 13.953886, 14.676062, 15.021346, 12.157781, 11.526088, 10.363811, 8.845767, 6.912606, 8.112606, 7.173896, 6.786348, 7.337227, 8.649804, 10.057485, 11.399126, 12.739639, 13.439872, 13.971056, 13.779984, 13.513311, 12.796415, 11.991977, 11.015209, 10.160649, 9.186261, 8.291833, 7.44926, 7.174915, 7.510232, 8.668011, 7.326371, 6.109818, 4.497367, 2.6, 0.0, 0.0, 0.0]"
152,"[0.0, 0.0, 0.0, 0.0, 0.6, 1.424621, 2.501654, 3.782279, 5.344329, 6.35678, 7.321014, 7.952781, 8.321399, 8.173562, 7.975325, 7.38647, 6.697473, 5.942658, 5.528445, 5.394856, 5.637076, 6.504069, 7.609642, 8.735671, 9.717788, 10.538309, 11.212762, 11.774012, 12.255664, 12.409531, 10.14679, 9.482906, 8.630458, 7.364417, 5.947808, 7.113999, 6.481543, 6.385194, 6.656005, 7.467082, 8.310866, 9.085563, 9.512719, 9.939876, 10.168406, 10.198039, 10.198039, 10.168406, 9.939876, 9.512719, 9.073112, 8.433504, 7.623529, 6.637073, 5.873149, 5.53806, 5.846861, 4.646861, 3.82224, 2.973712, 1.708801, 0.0, 0.0, 0.0]"
153,"[0.0, 0.0, 0.0, 0.0, 1.131371, 2.573591, 4.186043, 5.974897, 7.872264, 8.55197, 8.920827, 9.108375, 9.130598, 8.845683, 8.647057, 8.23598, 7.83598, 7.480925, 7.517716, 7.802631, 8.556697, 9.497637, 10.382555, 11.207176, 11.978142, 12.68764, 13.175128, 13.662615, 14.195411, 14.327078, 11.463514, 10.844159, 10.025707, 8.819047, 7.66829, 9.191444, 8.594824, 8.584848, 8.910878, 9.541986, 10.42715, 11.223018, 11.768602, 12.188158, 12.453391, 12.590657, 12.727922, 12.873062, 12.735797, 12.598531, 12.178976, 11.477301, 10.348626, 9.106497, 7.698178, 7.095304, 7.310521, 5.748471, 4.582281, 3.582281, 2.059126, 0.0, 0.0, 0.0]"
154,"[0.0, 0.0, 0.0, 0.0, 1.0, 2.2, 3.416553, 4.872574, 6.395729, 7.008181, 7.370231, 7.567892, 7.526083, 7.417142, 7.218904, 6.788225, 6.654636, 6.682643, 6.610071, 6.808309, 7.465792, 8.154939, 8.68249, 9.399975, 10.023592, 10.567118, 11.205027, 11.796505, 12.298629, 12.608146, 10.275765, 9.794113, 9.076772, 7.929736, 6.664776, 8.006417, 7.294602, 7.050693, 7.436479, 8.155854, 9.014214, 10.0, 10.8, 11.4, 11.8, 12.2, 12.208319, 12.408319, 12.217391, 12.026463, 11.23754, 10.243435, 8.843435, 7.458984, 6.09844, 5.552274, 6.035427, 4.835427, 4.010806, 3.162278, 1.897367, 0.0, 0.0, 0.0]"
155,"[0.0, 0.0, 0.0, 0.0, 0.565685, 1.414214, 2.545584, 3.826209, 5.26843, 6.225899, 7.026613, 7.544484, 7.876311, 7.848304, 7.92515, 7.690121, 7.257431, 6.909891, 6.760588, 6.502229, 6.530236, 6.875733, 7.307879, 7.886876, 8.671265, 9.491786, 10.47532, 11.468989, 12.345374, 12.827026, 10.564284, 10.35964, 9.566282, 8.30201, 6.694329, 7.415439, 6.074499, 5.377132, 5.52111, 6.52111, 8.0, 9.2, 10.4, 11.2, 11.8, 12.0, 12.2, 12.009072, 11.619047, 10.830124, 9.830124, 8.430124, 6.821052, 5.258291, 4.447214, 4.847214, 6.047214, 5.447214, 5.0, 4.0, 2.2, 0.0, 0.0, 0.0]"
156,"[0.0, 0.0, 0.0, 0.0, 0.632456, 1.526883, 2.868524, 4.588989, 6.432897, 7.780341, 9.011943, 9.670302, 9.949837, 9.992724, 9.899622, 9.562447, 9.004667, 8.285292, 7.564686, 6.942801, 6.56816, 6.72594, 7.245315, 8.079125, 9.214214, 10.6, 12.0, 13.4, 14.624903, 15.284315, 12.484315, 11.825255, 10.414109, 8.645228, 6.585816, 7.218272, 5.701953, 5.327312, 5.682367, 6.918435, 8.954313, 10.993256, 12.491086, 13.653223, 14.280719, 14.47595, 14.028995, 13.353019, 12.088606, 10.681064, 9.034052, 7.417443, 5.902485, 5.393685, 5.537663, 6.52111, 8.52111, 7.8, 6.6, 5.0, 2.8, 0.0, 0.0, 0.0]"
157,"[0.0, 0.0, 0.0, 0.0, 0.72111, 1.72111, 3.135324, 4.855789, 6.855789, 8.021475, 8.991246, 9.546804, 9.723706, 9.567615, 9.330061, 8.816311, 8.111451, 7.214084, 6.370175, 5.740737, 5.684715, 6.019804, 6.819804, 8.019804, 9.607681, 11.007681, 12.607681, 14.007681, 15.013925, 15.213378, 12.413378, 11.252985, 9.702228, 7.695984, 5.48885, 5.936064, 4.696456, 4.447214, 5.058291, 6.667363, 8.82783, 10.62783, 12.02783, 13.016753, 13.407681, 13.2, 12.6, 11.6, 10.2, 8.6, 6.647214, 5.047214, 3.847214, 3.447214, 4.009264, 5.824792, 7.833111, 7.233111, 6.233111, 4.671061, 2.408319, 0.0, 0.0, 0.0]"
158,"[0.0, 0.0, 0.0, 0.0, 0.6, 1.619804, 3.075826, 4.86468, 6.751476, 8.277506, 9.383731, 9.927709, 10.025651, 9.927709, 9.414131, 8.454293, 7.454293, 6.288607, 5.299752, 4.687301, 4.786021, 5.494822, 6.743483, 8.097549, 9.438489, 10.7034, 11.662932, 12.361494, 12.815109, 12.874169, 10.344347, 9.476014, 8.207681, 6.4, 4.282843, 4.882843, 4.102647, 4.158669, 5.067469, 6.938693, 8.679633, 10.133692, 11.151533, 11.916596, 12.042881, 11.741549, 11.111594, 10.346532, 9.137579, 7.857229, 6.538731, 5.494822, 4.786021, 4.687301, 5.53121, 7.072841, 8.818425, 7.818425, 6.652235, 4.808326, 2.545584, 0.0, 0.0, 0.0]"
159,"[0.0, 0.0, 0.0, 0.0, 0.894427, 2.060618, 3.474831, 5.195296, 6.984151, 8.059495, 8.981366, 9.60676, 9.697372, 9.508518, 8.938746, 8.050685, 7.030881, 5.940914, 5.340914, 5.017947, 5.273969, 5.903407, 7.221905, 8.502256, 9.705574, 10.779374, 11.659954, 12.220346, 12.445988, 12.498018, 9.968196, 9.158839, 7.839463, 6.227898, 4.495517, 4.895517, 3.896162, 3.69257, 4.321298, 5.510152, 7.169278, 8.684236, 9.843271, 10.652497, 11.026974, 11.026974, 10.850032, 10.402818, 9.593592, 8.695172, 7.65585, 6.396724, 5.055083, 4.164384, 4.099473, 5.079669, 6.88735, 6.440136, 5.807681, 4.607681, 2.607681, 0.0, 0.0, 0.0]"
160,"[0.0, 0.0, 0.0, 0.0, 0.894427, 2.060618, 3.622668, 5.319724, 7.163633, 8.156002, 8.959583, 9.106334, 9.118078, 8.923412, 8.492637, 7.787777, 6.973403, 6.113131, 5.540921, 5.34981, 5.499113, 6.217137, 7.179686, 8.112628, 9.056789, 10.050895, 11.046124, 11.865636, 12.329525, 12.400803, 9.992484, 9.28217, 8.174735, 6.720676, 5.240325, 5.687539, 4.355858, 3.852507, 4.049255, 4.861707, 6.454101, 7.928024, 9.144288, 10.208086, 10.875985, 11.116728, 11.357471, 11.209465, 10.82648, 10.195372, 9.131574, 7.651223, 5.763161, 4.265795, 3.636356, 4.263713, 6.094302, 5.894302, 5.494302, 4.474498, 2.630589, 0.0, 0.0, 0.0]"
161,"[0.0, 0.0, 0.0, 0.0, 0.894427, 2.175052, 3.589266, 5.309731, 7.196527, 8.361226, 9.050372, 9.533525, 9.710427, 9.472873, 9.062989, 8.358129, 7.626953, 6.729586, 5.974771, 5.345333, 5.494635, 5.928445, 6.728445, 7.834017, 9.014214, 10.0, 11.0, 11.8, 12.4, 12.807681, 10.407681, 9.817656, 8.830108, 7.430108, 5.622427, 6.06964, 4.659665, 4.047214, 4.047214, 4.847214, 6.409975, 8.019047, 9.427366, 10.635685, 11.444004, 12.04171, 12.240957, 12.032638, 11.624319, 11.016, 9.808319, 8.2, 6.2, 4.4, 3.6, 3.920465, 5.681715, 5.481715, 5.281715, 4.281715, 2.56125, 0.0, 0.0, 0.0]"
162,"[0.0, 0.0, 0.0, 0.0, 1.077033, 2.418674, 4.127474, 5.971383, 8.010991, 9.14303, 10.00139, 10.292589, 10.44868, 10.209072, 9.6, 8.8, 8.016553, 7.093585, 6.459776, 6.140401, 6.082041, 6.321511, 6.89372, 7.767138, 8.722581, 9.814045, 10.791128, 11.810219, 12.300433, 12.664365, 10.23126, 9.857281, 8.712103, 7.259314, 5.459314, 5.859314, 4.432643, 3.909488, 4.032456, 4.832456, 6.432456, 8.0, 9.4, 10.6, 11.4, 11.8, 12.0, 11.8, 11.2, 10.4, 9.2, 7.4, 5.2, 3.8, 3.36619, 4.052987, 6.014236, 6.014236, 5.614236, 4.448046, 2.56125, 0.0, 0.0, 0.0]"
163,"[0.0, 0.0, 0.0, 0.0, 0.72111, 1.852481, 3.266695, 4.828745, 6.54921, 7.714896, 8.372379, 8.74702, 8.893771, 8.69646, 8.074575, 7.550632, 6.761777, 5.774087, 5.050932, 4.786021, 4.737663, 5.079304, 5.970645, 7.057441, 8.220772, 9.3366, 10.678241, 11.749071, 12.545556, 12.982225, 10.649845, 9.86393, 8.63667, 6.973192, 4.820406, 5.220406, 4.04415, 3.868753, 4.410999, 5.807694, 7.571025, 9.291226, 10.618282, 11.663913, 12.261315, 12.705665, 12.705665, 12.097984, 11.334212, 10.454951, 8.978641, 7.103015, 5.103015, 3.70632, 3.31046, 3.899554, 5.839862, 5.839862, 5.392648, 4.226458, 2.505993, 0.0, 0.0, 0.0]"
164,"[0.0, 0.0, 0.0, 0.0, 0.8, 2.0, 3.4, 5.0, 6.8, 7.8, 8.4, 8.811077, 8.823529, 8.623529, 8.023529, 7.423529, 6.612452, 5.632456, 4.479669, 4.079669, 3.879669, 4.14458, 5.035279, 6.474862, 7.838193, 9.170573, 10.588944, 11.749071, 12.545556, 12.982225, 10.649845, 9.86393, 8.445559, 6.586899, 4.186899, 4.186899, 2.889532, 2.841174, 3.616553, 5.426528, 7.834847, 9.643165, 11.034294, 12.041975, 12.639681, 12.664467, 12.664467, 12.066761, 11.071532, 9.680403, 8.071919, 5.946443, 3.936468, 3.124016, 3.107464, 4.282843, 6.630589, 6.630589, 5.830589, 4.630589, 2.630589, 0.0, 0.0, 0.0]"
165,"[0.0, 0.0, 0.0, 0.0, 0.894427, 2.236068, 3.577709, 5.28651, 6.99531, 7.99825, 8.500518, 9.002786, 8.943227, 8.690449, 8.057993, 7.291117, 6.341635, 5.324849, 4.468827, 4.028537, 3.951504, 4.619127, 5.707136, 7.107136, 8.614896, 10.120889, 11.337327, 12.395351, 13.279792, 13.667706, 11.161713, 10.227133, 9.010694, 6.974781, 4.53733, 4.53733, 3.140634, 2.578584, 3.172277, 4.609899, 6.609899, 8.495066, 9.827447, 10.717607, 11.160473, 11.323804, 10.991423, 10.221092, 9.330932, 8.062028, 6.298698, 4.298698, 3.302333, 2.991483, 3.794113, 5.656854, 8.630068, 8.064383, 6.933012, 5.235955, 2.973214, 0.0, 0.0, 0.0]"
166,"[0.0, 0.0, 0.0, 0.0, 1.0, 2.341641, 3.864795, 5.65365, 7.623421, 8.711483, 9.40945, 9.730204, 9.785258, 9.464729, 8.790881, 7.967826, 7.018344, 5.740121, 4.690879, 3.909121, 3.692568, 4.078766, 4.955301, 6.242097, 7.668768, 9.001148, 10.328204, 11.493665, 12.04818, 12.397373, 10.064992, 9.154367, 7.678057, 5.802431, 3.394113, 3.594113, 2.791483, 2.940737, 4.163906, 6.050703, 8.183083, 9.794649, 11.020017, 11.838844, 12.393358, 12.393358, 11.946492, 11.05295, 9.88749, 8.446179, 6.561012, 4.501886, 3.089434, 2.541641, 3.154092, 4.766005, 7.449286, 7.249286, 6.354859, 4.742408, 2.683282, 0.0, 0.0, 0.0]"
167,"[0.0, 0.0, 0.0, 0.0, 1.131371, 2.573591, 4.294056, 6.082911, 8.052682, 8.891083, 9.418634, 9.595536, 9.515482, 9.254511, 8.62638, 7.822799, 6.925433, 5.937742, 5.028941, 4.511922, 4.345731, 4.626356, 5.467296, 6.511205, 7.686584, 8.966935, 10.094629, 11.093828, 11.658238, 11.92098, 9.640629, 8.79436, 7.364481, 5.677273, 3.414531, 3.414531, 2.299695, 2.062751, 2.783861, 4.572716, 6.36157, 7.973482, 9.315123, 10.108971, 10.556184, 10.826456, 10.556184, 10.108971, 9.153528, 7.811887, 6.199974, 4.41112, 2.822266, 2.436068, 3.064795, 4.771648, 7.491942, 7.291942, 6.397515, 4.87436, 2.720294, 0.0, 0.0, 0.0]"
168,"[0.0, 0.0, 0.0, 0.0, 1.077033, 2.418674, 3.860894, 5.581359, 7.425268, 8.192144, 8.694412, 8.949248, 8.790833, 8.389145, 7.711426, 6.94455, 6.047494, 5.085444, 4.208909, 3.675174, 3.598141, 3.998141, 4.798141, 5.844907, 7.05636, 8.095968, 9.176319, 10.05667, 10.918082, 11.310241, 9.270633, 8.602734, 7.538935, 5.865072, 3.829004, 3.829004, 2.616553, 2.4, 2.8, 4.2, 6.2, 8.0, 9.4, 10.6, 11.4, 11.8, 12.0, 11.8, 11.0, 9.8, 8.224621, 6.107464, 4.307464, 3.428574, 3.493485, 4.904932, 7.22977, 6.82977, 6.10866, 4.843749, 2.607681, 0.0, 0.0, 0.0]"
169,"[0.0, 0.0, 0.0, 0.0, 1.216553, 2.865795, 4.478246, 6.322155, 8.133232, 8.926655, 9.08849, 9.287115, 9.055658, 8.857032, 8.261271, 7.527227, 6.610577, 5.719236, 4.906784, 4.29257, 4.109965, 4.346908, 4.906423, 5.718874, 6.707729, 7.783073, 8.805768, 9.805494, 10.533983, 10.899194, 8.929423, 8.484158, 7.468718, 6.147582, 4.393516, 4.393516, 2.967558, 2.423757, 2.570143, 3.782595, 5.669391, 7.549879, 9.334762, 10.674564, 11.745394, 12.364591, 12.533641, 12.086774, 11.467577, 10.346346, 8.971724, 7.271799, 5.659886, 4.597711, 4.635661, 5.70429, 7.900262, 7.453048, 6.628427, 5.028427, 2.828427, 0.0, 0.0, 0.0]"
170,"[0.0, 0.0, 0.0, 0.0, 0.824621, 2.166262, 3.507903, 5.228368, 6.948833, 8.011008, 8.556163, 8.934988, 8.826974, 8.44815, 7.826265, 6.959272, 6.038807, 5.058811, 4.282856, 3.842566, 4.022762, 4.622762, 5.602758, 6.686315, 7.75906, 8.713126, 9.729736, 10.533893, 11.390644, 11.909886, 9.75582, 9.308983, 8.415528, 6.986568, 5.202415, 5.202415, 3.232643, 2.309488, 2.252259, 3.075826, 4.784627, 6.681993, 8.051765, 9.268029, 10.048075, 10.49334, 10.750039, 10.569122, 9.982296, 9.160442, 8.006376, 6.299524, 5.110669, 4.67798, 5.05262, 6.61387, 9.13987, 8.53987, 7.323318, 5.534463, 2.973214, 0.0, 0.0, 0.0]"
171,"[0.0, 0.0, 0.0, 0.0, 0.894427, 2.236068, 3.759223, 5.468023, 7.36539, 8.440734, 9.187155, 9.561367, 9.561367, 9.187155, 8.559024, 7.470963, 6.573596, 5.497251, 4.774096, 4.153566, 4.153566, 4.67672, 5.693507, 6.933115, 8.421077, 9.829396, 10.913922, 11.86468, 12.425072, 12.616, 10.207681, 9.6, 8.6, 7.2, 5.2, 5.2, 3.4, 2.6, 2.6, 3.8, 5.8, 7.8, 9.2, 10.408319, 11.216638, 11.42571, 11.434782, 11.443854, 10.635536, 9.427217, 8.018144, 6.091915, 4.482843, 3.882843, 4.526752, 6.334433, 9.104457, 8.504457, 7.504457, 5.660548, 3.052868, 0.0, 0.0, 0.0]"
172,"[0.0, 0.0, 0.0, 0.0, 1.019804, 2.434017, 4.08326, 5.980626, 8.134692, 9.268954, 10.008807, 10.51363, 10.586035, 10.14077, 9.442726, 8.505213, 7.151147, 5.581375, 4.072574, 3.216553, 2.824621, 3.366262, 4.686727, 6.486727, 8.295046, 10.16115, 11.662043, 12.914792, 13.757326, 14.039732, 11.349007, 10.350382, 8.657793, 6.536369, 4.045644, 4.045644, 2.834191, 2.630599, 3.432643, 5.119439, 7.45182, 9.260676, 10.791324, 11.988463, 12.821961, 13.05083, 12.88987, 12.282189, 11.28236, 9.728256, 7.991627, 6.111277, 4.743732, 4.423267, 5.267052, 6.916294, 9.678572, 9.046116, 7.646116, 5.636141, 3.162278, 0.0, 0.0, 0.0]"
173,"[0.0, 0.0, 0.0, 0.0, 1.216553, 2.739707, 4.528562, 6.860942, 9.024273, 10.140101, 10.949327, 11.440824, 11.108443, 10.789021, 10.01869, 9.02795, 7.767404, 6.567404, 5.28918, 4.746934, 4.605293, 5.385489, 6.785489, 8.628123, 10.216, 11.844427, 13.070976, 13.897525, 14.495866, 14.488185, 11.659758, 10.633208, 9.006659, 7.0, 4.6, 4.6, 3.4, 3.2, 3.8, 5.8, 8.2, 9.8, 11.2, 12.0, 12.2, 12.2, 11.8, 11.0, 9.8, 8.4, 6.4, 4.4, 3.047214, 2.924247, 3.633047, 5.706911, 8.570475, 8.123261, 7.046228, 5.337428, 2.863564, 0.0, 0.0, 0.0]"
174,"[0.0, 0.0, 0.0, 0.0, 1.414214, 3.063456, 4.960822, 7.019948, 9.352329, 10.218466, 10.849575, 11.232559, 11.173433, 10.684961, 9.846831, 8.732671, 7.25232, 5.65232, 4.255624, 3.813404, 4.047214, 5.047214, 6.657189, 8.618294, 10.248883, 11.875433, 13.300336, 14.31691, 14.91525, 14.884661, 11.858112, 10.433208, 8.806659, 6.4, 3.8, 4.0, 3.0, 3.0, 4.0, 6.0, 8.208319, 9.816638, 11.024319, 11.824319, 12.224319, 11.816, 11.207681, 10.2, 9.0, 7.4, 5.6, 3.8, 2.6, 2.6, 3.412452, 5.421524, 8.228658, 7.828658, 6.628658, 5.016206, 2.807134, 0.0, 0.0, 0.0]"
175,"[0.0, 0.0, 0.0, 0.0, 1.4, 3.2, 5.2, 7.633105, 10.06621, 11.140073, 11.869896, 12.210836, 11.931796, 11.396058, 10.378217, 8.868198, 7.127258, 5.173192, 3.675826, 3.044425, 3.101654, 4.114106, 5.800902, 7.842213, 9.458903, 11.102164, 12.489713, 13.32321, 13.602193, 13.493263, 10.772969, 9.296124, 7.470257, 4.949963, 2.617582, 3.250037, 2.803916, 3.618289, 5.572355, 8.172355, 10.325577, 12.294854, 13.449617, 14.159115, 14.242397, 13.873328, 12.886145, 11.635033, 10.113109, 8.324255, 6.107646, 4.04852, 2.883282, 2.390169, 3.057792, 5.120533, 7.963067, 7.515854, 6.667326, 5.105276, 2.842534, 0.0, 0.0, 0.0]"
176,"[0.0, 0.0, 0.0, 0.0, 1.649242, 3.737304, 6.078244, 8.584236, 11.267518, 12.396764, 12.916384, 13.183125, 13.009513, 12.385358, 11.21932, 9.95328, 8.17022, 6.470295, 5.043625, 4.431173, 4.545554, 5.429734, 6.951344, 8.735498, 10.418779, 11.915722, 13.337416, 14.313846, 14.760801, 14.677519, 11.724555, 10.30286, 8.249398, 5.785834, 3.468676, 4.363104, 4.177457, 4.997791, 6.938731, 9.441566, 11.709417, 13.34854, 14.682272, 15.572431, 15.833062, 15.456462, 14.710794, 13.538821, 11.830877, 9.8616, 7.523136, 5.306527, 4.141828, 4.060894, 4.983861, 7.256942, 10.219219, 9.324792, 7.882572, 5.882572, 3.162278, 0.0, 0.0, 0.0]"
177,"[0.0, 0.0, 0.0, 0.0, 1.414214, 3.063456, 4.960822, 7.114888, 9.455828, 10.458224, 11.04505, 11.383751, 11.199457, 10.567317, 9.60673, 8.390466, 6.979019, 5.574933, 4.666132, 4.287143, 4.879791, 6.05517, 7.769835, 9.66056, 11.556741, 13.055559, 14.449672, 15.575198, 16.278586, 16.278586, 13.167316, 11.899233, 10.055405, 7.661293, 4.888079, 5.335293, 4.209264, 4.209264, 5.335293, 7.696542, 10.222543, 12.346642, 13.908692, 15.062907, 15.501657, 15.248738, 14.565949, 13.441849, 11.575819, 9.424347, 7.104053, 5.295197, 4.51175, 4.941445, 6.56678, 9.519391, 12.871907, 11.655355, 9.811446, 7.337583, 3.984972, 0.0, 0.0, 0.0]"
178,"[0.0, 0.0, 0.0, 0.0, 1.414214, 3.063456, 5.103064, 7.339132, 9.772237, 10.791128, 11.574991, 11.771451, 11.574991, 10.985795, 10.201932, 9.033738, 7.692097, 6.218175, 4.82148, 3.893348, 3.705469, 4.225256, 5.45957, 7.221429, 9.108, 10.859394, 12.471729, 13.698279, 14.317634, 14.517086, 11.688659, 10.473187, 8.846638, 6.818211, 4.011077, 4.643533, 4.049008, 4.492917, 5.973268, 8.641601, 11.11398, 13.195912, 14.704614, 15.776874, 16.270819, 16.139198, 15.370535, 14.298275, 12.594907, 10.632629, 8.291871, 6.362049, 5.423339, 5.833222, 7.353516, 10.126938, 13.347933, 12.006292, 9.947166, 7.226872, 3.820995, 0.0, 0.0, 0.0]"
179,"[0.0, 0.0, 0.0, 0.0, 1.2, 2.6, 4.6, 6.809072, 9.009072, 10.217391, 11.217391, 11.417391, 11.417391, 11.227366, 10.233261, 9.098172, 7.898172, 6.254785, 4.877266, 4.31158, 4.212859, 4.862102, 6.532484, 8.530618, 10.688749, 12.728803, 14.47956, 15.643492, 16.41878, 16.618365, 13.412121, 12.42044, 10.476462, 7.965012, 5.205982, 5.927092, 4.684963, 5.017796, 6.539978, 8.878442, 11.38843, 13.71509, 15.419085, 16.495326, 17.020237, 16.835448, 16.02588, 14.769098, 12.799402, 10.383241, 7.784145, 5.733319, 4.953273, 5.846727, 8.082795, 11.409174, 15.27116, 13.815138, 11.398529, 8.268033, 4.494441, 0.0, 0.0, 0.0]"
180,"[0.0, 0.0, 0.0, 0.0, 1.216553, 2.672574, 4.569941, 6.658002, 8.938353, 10.062741, 10.947659, 11.391232, 11.539239, 11.145684, 10.417196, 9.417897, 7.925485, 6.13663, 4.449834, 3.437383, 2.990169, 3.583861, 5.023444, 7.103795, 9.065044, 11.013151, 12.976808, 14.495889, 15.495782, 15.777067, 12.934533, 11.528655, 9.564998, 7.109376, 4.549684, 5.149684, 4.414595, 4.942146, 6.458465, 9.148836, 11.901447, 14.054138, 15.628375, 16.640046, 16.771667, 16.478468, 15.729199, 14.029099, 12.018129, 9.761822, 7.502411, 6.000268, 6.000268, 7.378922, 9.859057, 13.003673, 16.441829, 14.59792, 11.877626, 8.548962, 4.604346, 0.0, 0.0, 0.0]"
181,"[0.0, 0.0, 0.0, 0.0, 1.264911, 2.788066, 4.57692, 6.730986, 9.071926, 10.407015, 11.48386, 12.111615, 12.374158, 12.269286, 11.281738, 10.123958, 8.707349, 6.856425, 4.9032, 3.737962, 3.372775, 3.814995, 5.485378, 7.810216, 10.247443, 12.450654, 14.569333, 15.894163, 16.727413, 16.895839, 13.615595, 11.941493, 9.722235, 6.91376, 4.143735, 5.038162, 4.593587, 5.251946, 7.060802, 9.6624, 12.208903, 14.207612, 15.607612, 16.566301, 16.812355, 16.234989, 15.300052, 13.512504, 11.393129, 8.983744, 6.752635, 5.246642, 5.673798, 7.113468, 9.690842, 12.987763, 16.499969, 14.460361, 11.740067, 8.441582, 4.512206, 0.0, 0.0, 0.0]"
182,"[0.0, 0.0, 0.0, 0.0, 1.0, 2.4, 4.012452, 5.85636, 7.895968, 8.98403, 9.672091, 10.099247, 10.099247, 9.708882, 9.035034, 8.146973, 6.907365, 5.463456, 4.014214, 3.047214, 2.695742, 3.337962, 4.658427, 6.621758, 8.680537, 10.610498, 12.121242, 13.179266, 13.794424, 13.729742, 10.951253, 9.560339, 7.630378, 5.251889, 3.093421, 3.893421, 3.731371, 4.726752, 6.56282, 8.910566, 10.97413, 12.437695, 13.653197, 14.245557, 14.222648, 13.767403, 12.903839, 11.444427, 9.616, 7.608319, 5.2, 3.647214, 3.263766, 4.107675, 5.981538, 8.893582, 11.939219, 10.722666, 8.878757, 6.404894, 3.49285, 0.0, 0.0, 0.0]"
183,"[0.0, 0.0, 0.0, 0.0, 1.341641, 2.954092, 4.954092, 7.395403, 9.836715, 11.056323, 12.005122, 12.446433, 12.131151, 11.533749, 10.534549, 9.139489, 7.330634, 5.651818, 4.440365, 3.898119, 4.255083, 5.509424, 7.568203, 9.888712, 11.921776, 13.839551, 15.393685, 16.493244, 16.765182, 16.665279, 13.224349, 11.572273, 9.043755, 6.418852, 3.913101, 4.807528, 4.580724, 5.503691, 7.345002, 9.618082, 11.847755, 13.565949, 14.846193, 15.289323, 15.347517, 14.72941, 13.603232, 11.93544, 10.128032, 7.981999, 5.676006, 4.12194, 3.709488, 4.632456, 6.607681, 9.613925, 12.819184, 11.619184, 9.619184, 7.011503, 3.80526, 0.0, 0.0, 0.0]"
184,"[0.0, 0.0, 0.0, 0.0, 1.341641, 3.130495, 5.471435, 8.001257, 10.66959, 11.996282, 12.838017, 13.127666, 12.806916, 12.148559, 11.092677, 9.481892, 7.483758, 5.674686, 4.385821, 4.11501, 4.804007, 6.645415, 9.157459, 11.541184, 13.743552, 15.57876, 16.648906, 17.280871, 17.528647, 16.957852, 13.413843, 11.578634, 9.200816, 6.41389, 3.723519, 4.523519, 4.228932, 5.10235, 6.772732, 9.158222, 11.221786, 12.671137, 13.459956, 14.052315, 13.991664, 13.536418, 12.672854, 11.456879, 9.648255, 7.67303, 5.264711, 3.864711, 3.329292, 3.958731, 5.994608, 9.156886, 12.100895, 11.023862, 9.37462, 6.706287, 3.544009, 0.0, 0.0, 0.0]"
185,"[0.0, 0.0, 0.0, 0.0, 1.442221, 3.231075, 5.572015, 8.101837, 10.822131, 12.048243, 12.927722, 13.217371, 12.896621, 12.186302, 11.130421, 9.481892, 7.483758, 5.474686, 3.911925, 3.1939, 3.697251, 5.152857, 7.293797, 9.566877, 11.584494, 12.973383, 14.0476, 14.679873, 14.745257, 14.249822, 11.337778, 9.517141, 7.368549, 4.782871, 2.813476, 3.813476, 3.914055, 5.089434, 7.395427, 9.726702, 11.77957, 13.390217, 14.520712, 14.967684, 15.052759, 14.599891, 13.887964, 12.84553, 11.157477, 9.118533, 6.801376, 4.660436, 3.372375, 3.521677, 4.933124, 7.478709, 10.534473, 9.734473, 8.320259, 6.084191, 3.255764, 0.0, 0.0, 0.0]"
186,"[0.0, 0.0, 0.0, 0.0, 1.414214, 3.11127, 5.237299, 7.67861, 10.286291, 11.37807, 12.187007, 12.477587, 12.272344, 11.277114, 10.112762, 8.60677, 6.755846, 4.719778, 3.739782, 3.398141, 3.798141, 5.232456, 7.440774, 9.416, 11.223134, 12.829793, 13.836452, 14.434793, 14.634245, 14.427112, 11.420452, 9.813793, 7.807134, 5.447214, 3.294427, 4.119048, 3.935601, 4.945576, 6.931467, 9.114843, 11.118649, 12.928646, 13.92533, 14.498884, 14.868295, 14.639868, 14.013319, 13.206659, 11.6, 9.4, 7.2, 5.2, 3.72111, 3.662751, 5.016817, 7.590031, 10.682881, 9.96177, 8.62013, 6.466064, 3.49285, 0.0, 0.0, 0.0]"
187,"[0.0, 0.0, 0.0, 0.0, 1.788854, 3.84798, 6.084048, 8.424988, 11.145282, 12.076722, 12.73789, 12.842762, 12.589884, 11.766956, 10.569817, 9.015713, 7.395883, 5.907822, 4.576141, 3.947413, 4.237245, 5.360043, 6.996111, 9.038107, 10.950814, 12.501451, 13.857542, 14.628133, 15.027112, 15.027112, 12.020452, 10.631529, 8.644674, 6.085228, 3.560937, 4.360937, 3.94986, 4.930056, 7.082843, 9.607134, 12.013378, 14.019255, 15.225499, 15.850402, 16.268171, 16.088477, 15.489733, 14.492561, 13.078735, 11.253832, 8.859739, 6.452605, 5.243533, 5.044907, 6.061516, 8.653964, 12.011623, 11.011623, 9.399171, 6.982562, 3.757659, 0.0, 0.0, 0.0]"
188,"[0.0, 0.0, 0.0, 0.0, 1.16619, 2.778642, 4.665438, 6.724564, 9.004915, 10.119076, 10.56575, 10.73808, 10.467808, 9.710612, 8.886283, 7.627157, 6.200487, 4.977318, 4.054163, 3.675174, 4.398329, 5.486338, 7.183394, 9.274119, 11.03962, 12.678743, 14.399208, 15.635038, 16.272976, 16.272976, 13.110699, 11.795798, 9.71144, 7.231305, 4.788771, 5.188771, 4.082546, 4.317574, 5.557107, 7.877402, 10.582236, 12.860917, 14.510159, 15.720583, 16.256053, 16.014782, 15.346887, 14.08801, 12.438768, 10.077431, 7.66108, 5.751601, 5.235148, 5.739972, 7.818758, 11.300921, 15.092017, 13.568862, 11.414796, 8.441582, 4.512206, 0.0, 0.0, 0.0]"
189,"[0.0, 0.0, 0.0, 0.0, 1.4, 3.012452, 4.823529, 7.032601, 9.241673, 10.050745, 10.438294, 10.827217, 10.429221, 9.869391, 9.309562, 8.386594, 7.035123, 5.856501, 4.839714, 4.039, 4.128158, 4.892081, 6.269601, 8.237145, 10.195751, 12.05611, 13.699422, 15.141982, 15.797746, 16.050024, 13.023475, 11.976783, 10.124248, 7.888288, 5.394562, 6.027017, 4.949316, 5.329215, 6.71773, 8.980471, 11.459286, 14.00487, 15.701926, 17.114602, 17.692052, 17.861026, 17.157285, 15.888648, 14.047553, 11.641676, 9.161432, 7.036746, 6.240879, 6.470052, 8.670052, 11.875049, 15.444665, 13.832213, 11.623141, 8.423141, 4.418144, 0.0, 0.0, 0.0]"
190,"[0.0, 0.0, 0.0, 0.0, 1.523155, 3.312009, 5.281781, 7.517849, 9.95916, 10.877316, 11.529773, 11.840352, 11.730313, 11.268901, 10.241804, 9.081117, 7.695194, 6.169165, 4.472108, 3.457895, 3.071697, 3.457895, 4.744691, 6.72459, 9.015315, 11.094101, 13.219354, 14.893456, 16.036592, 16.626111, 13.652897, 12.509762, 10.363076, 7.678309, 4.798066, 5.398066, 4.212357, 4.767915, 6.463414, 9.036627, 11.929477, 14.5294, 16.236583, 17.496929, 18.200671, 18.060432, 17.35669, 15.833801, 13.9457, 11.400116, 8.847505, 7.005662, 6.821368, 7.818191, 10.230829, 13.858018, 17.726647, 15.756875, 12.971198, 9.427189, 5.0, 0.0, 0.0, 0.0]"
191,"[0.0, 0.0, 0.0, 0.0, 1.216553, 2.865795, 4.709704, 6.797765, 9.033833, 10.44787, 11.429217, 11.821376, 11.74329, 11.507222, 10.476632, 9.246043, 8.029779, 6.652259, 4.852259, 3.535102, 2.959723, 3.139919, 4.318541, 6.128516, 8.476263, 10.678191, 12.733955, 14.178642, 15.424431, 15.820391, 12.793842, 11.349154, 9.29339, 6.670082, 4.090746, 4.939274, 4.570418, 5.257214, 7.232439, 9.838093, 12.318229, 14.481559, 16.314978, 17.268196, 17.495572, 17.140123, 16.095821, 14.375606, 12.427159, 10.223948, 7.971844, 6.487628, 6.287628, 7.48231, 9.811154, 13.109994, 16.671927, 14.871927, 12.064793, 8.658916, 4.638965, 0.0, 0.0, 0.0]"
192,"[0.0, 0.0, 0.0, 0.0, 1.019804, 2.619804, 4.619804, 6.819804, 9.419804, 11.0, 12.0, 12.6, 12.6, 12.009975, 11.221052, 10.035266, 8.259887, 6.5071, 4.944339, 3.957883, 3.957883, 5.133262, 6.886048, 9.445494, 11.827117, 13.836352, 15.856302, 17.477297, 17.894086, 17.912745, 14.489297, 12.669346, 10.460803, 7.931782, 5.339334, 6.339334, 5.553548, 6.349415, 8.145713, 10.793501, 13.614496, 16.021277, 17.572756, 18.703026, 19.099737, 18.558986, 17.428717, 15.749269, 13.2089, 10.253055, 7.420024, 5.5293, 5.060026, 6.607828, 9.310166, 13.105593, 17.142948, 15.331871, 12.503444, 9.079995, 4.837355, 0.0, 0.0, 0.0]"
193,"[0.0, 0.0, 0.0, 0.0, 1.456022, 3.164823, 5.318889, 7.735498, 10.152107, 11.64905, 12.893214, 13.155757, 12.975216, 12.528378, 11.364268, 9.577493, 7.79334, 5.757272, 4.070343, 3.10611, 3.463074, 4.727985, 6.868925, 9.498126, 12.026116, 13.855572, 16.007897, 17.596334, 18.228299, 18.037965, 14.685355, 12.605435, 10.13208, 7.153757, 4.274322, 5.074322, 4.717002, 5.470052, 7.7115, 10.634901, 13.634901, 15.82245, 17.413378, 18.411503, 18.411503, 17.618163, 16.425844, 14.436921, 12.031661, 9.457873, 6.851214, 5.374903, 5.450623, 6.893157, 9.8216, 13.673658, 17.383775, 15.496979, 12.654444, 9.093546, 4.841487, 0.0, 0.0, 0.0]"
194,"[0.0, 0.0, 0.0, 0.0, 1.341641, 3.239007, 5.519358, 7.952463, 10.583053, 11.849093, 12.559407, 12.687375, 12.463342, 11.842728, 10.847499, 9.45637, 7.769162, 6.007303, 4.563013, 4.027595, 4.708409, 6.267649, 8.54073, 11.079879, 13.495696, 15.286148, 16.693614, 17.709629, 18.148803, 17.760788, 14.07297, 12.282519, 9.887851, 6.909528, 4.087536, 4.887536, 4.60262, 5.270955, 7.335859, 10.277919, 12.901368, 14.712365, 16.108267, 16.883555, 16.864896, 16.041447, 14.827071, 13.23227, 10.846197, 8.087167, 5.770009, 4.360937, 4.162312, 5.378576, 8.156265, 11.720499, 15.196011, 13.58356, 11.347492, 8.122588, 4.275512, 0.0, 0.0, 0.0]"
195,"[0.0, 0.0, 0.0, 0.0, 1.612452, 3.612452, 5.812452, 8.420133, 11.24856, 12.499672, 13.363237, 13.831569, 13.504239, 12.573179, 11.358857, 9.38972, 7.121387, 4.841036, 3.509355, 2.991483, 4.076955, 6.085274, 8.775999, 11.183527, 13.458034, 15.039034, 16.451709, 17.166862, 17.304918, 16.727468, 13.166569, 10.759788, 8.202439, 5.374012, 2.828427, 3.722854, 4.097495, 5.485035, 7.809873, 10.579898, 13.014134, 14.553943, 15.758805, 16.592055, 16.701465, 16.063526, 14.997604, 13.277139, 10.96758, 8.526413, 6.035688, 4.338632, 3.618167, 4.373592, 6.495016, 9.735946, 13.140147, 12.140147, 10.253351, 7.410817, 3.969887, 0.0, 0.0, 0.0]"
196,"[0.0, 0.0, 0.0, 0.0, 1.216553, 3.226528, 5.426528, 7.834847, 10.267952, 11.719732, 12.18362, 12.263971, 11.943713, 11.159851, 10.14076, 8.491518, 6.611167, 4.923106, 4.168291, 3.650419, 4.522854, 6.531173, 8.821898, 10.900685, 13.025078, 14.583786, 15.713828, 16.278867, 16.561418, 16.278867, 13.023103, 11.046792, 8.922399, 6.23232, 3.459106, 4.180216, 3.749537, 4.180216, 6.02285, 8.513575, 10.620892, 12.600791, 14.150011, 14.714905, 14.866715, 14.599537, 13.651598, 12.329183, 10.522159, 8.312081, 5.950831, 4.234714, 3.61205, 4.415631, 6.289168, 9.666877, 13.337916, 12.171725, 10.201954, 7.695961, 4.118252, 0.0, 0.0, 0.0]"
197,"[0.0, 0.0, 0.0, 0.0, 1.4, 3.211077, 5.250685, 7.531036, 9.871976, 10.888585, 11.494117, 11.690577, 11.379998, 10.827912, 9.934458, 8.412276, 6.776208, 5.25365, 4.097251, 3.651129, 4.369154, 6.049504, 8.163541, 10.373619, 12.57683, 14.525277, 15.805825, 16.805474, 17.40387, 17.176494, 13.615595, 12.113822, 9.719114, 6.725398, 3.67253, 4.238215, 3.34528, 3.967944, 5.962041, 8.682335, 11.278928, 13.275015, 14.814824, 15.653757, 15.906676, 15.435124, 14.681165, 13.3324, 11.332781, 9.208096, 6.717371, 4.756266, 3.776367, 4.382538, 6.254304, 9.659855, 13.816987, 12.816987, 10.930191, 8.209897, 4.604346, 0.0, 0.0, 0.0]"
198,"[0.0, 0.0, 0.0, 0.0, 1.612452, 3.738481, 6.001222, 8.546807, 11.237532, 12.315805, 12.880501, 13.179009, 13.041743, 12.477047, 11.506788, 9.947434, 8.280611, 6.472292, 4.911949, 4.016105, 4.284734, 5.234215, 6.673823, 8.828432, 10.977025, 12.739302, 14.248004, 15.370674, 15.755215, 15.694045, 12.531767, 11.218764, 9.076291, 6.371456, 3.859412, 4.753839, 4.237386, 5.371648, 7.757325, 10.667914, 13.450443, 15.604243, 17.127133, 18.099114, 18.546183, 18.179817, 17.633357, 16.19247, 14.404583, 12.102946, 9.424812, 6.694317, 5.458249, 5.468376, 6.557939, 9.602439, 13.454497, 12.454497, 10.474598, 7.929014, 4.252058, 0.0, 0.0, 0.0]"
199,"[0.0, 0.0, 0.0, 0.0, 1.16619, 2.886655, 4.730564, 6.856593, 9.417843, 10.812902, 11.653687, 11.935807, 11.935807, 11.218467, 10.377682, 9.081343, 7.58777, 5.908954, 4.465045, 3.377036, 3.453765, 4.82131, 6.636838, 9.348108, 12.12153, 14.621763, 16.744869, 18.482127, 19.340744, 19.473228, 15.631353, 14.069498, 11.913406, 9.10971, 6.018563, 6.618563, 5.513335, 5.757487, 7.274578, 10.058464, 13.135419, 15.542039, 17.691901, 18.803353, 19.366987, 19.042643, 18.239413, 16.475352, 14.329861, 11.612161, 8.706764, 6.368462, 5.350621, 6.175242, 8.642218, 12.70721, 17.08512, 15.629098, 13.155234, 9.611225, 5.09902, 0.0, 0.0, 0.0]"
200,"[0.0, 0.0, 0.0, 0.0, 1.280625, 2.842675, 4.842675, 7.250994, 9.796578, 11.206678, 12.335353, 12.880937, 12.880937, 12.498684, 11.694755, 10.446251, 8.977699, 7.201836, 5.485719, 4.198923, 3.651129, 4.016317, 5.383861, 7.482232, 9.855446, 12.216783, 14.312923, 15.851285, 16.699813, 16.837869, 13.582105, 12.043744, 9.786007, 7.113005, 4.401735, 5.296162, 5.085017, 6.136773, 8.300103, 11.571615, 14.621805, 17.051955, 18.938579, 20.17239, 20.61913, 20.252222, 19.086085, 17.28369, 14.954292, 11.83604, 8.705545, 6.373787, 5.222089, 5.841554, 8.047798, 11.605581, 15.684471, 14.41956, 12.011241, 8.804997, 4.8, 0.0, 0.0, 0.0]"
201,"[0.0, 0.0, 0.0, 0.0, 1.077033, 2.341944, 4.239311, 6.327372, 8.415433, 9.67934, 10.755369, 10.946064, 10.827774, 10.637079, 9.63778, 8.463031, 7.09608, 5.409151, 3.794627, 3.085442, 3.184162, 4.432824, 6.386049, 8.96677, 11.832886, 14.239487, 16.214332, 17.92288, 18.906393, 18.807822, 15.13631, 13.427761, 11.191946, 8.16949, 5.052333, 5.684788, 4.729345, 5.020544, 6.886648, 9.727905, 12.937324, 15.498574, 17.498574, 18.691147, 19.287262, 18.607665, 17.486084, 15.818465, 13.215792, 10.216688, 7.337253, 5.616959, 5.084578, 6.411634, 9.296075, 13.617578, 17.633552, 15.833552, 13.225872, 9.62032, 5.015974, 0.0, 0.0, 0.0]"
202,"[0.0, 0.0, 0.0, 0.0, 1.0, 2.4, 4.4, 6.6, 8.8, 10.208319, 11.216638, 11.416638, 11.416638, 11.216638, 10.208319, 8.8, 7.2, 5.282843, 3.482843, 2.882843, 3.082843, 4.482843, 6.6, 9.2, 11.606244, 13.812121, 15.617381, 17.02264, 17.628517, 17.622274, 14.216396, 12.611137, 10.220091, 7.446669, 4.446669, 5.27129, 4.527312, 5.349167, 7.3473, 10.206712, 12.874941, 15.302216, 16.995525, 17.908945, 18.148017, 17.567212, 16.213736, 13.99316, 11.665704, 8.967219, 6.455175, 5.056724, 5.04498, 6.656854, 9.450967, 13.293607, 16.68772, 14.990664, 12.162237, 8.768124, 4.525483, 0.0, 0.0, 0.0]"
203,"[0.0, 0.0, 0.0, 0.0, 1.56205, 3.405959, 5.531988, 8.093238, 10.654487, 11.812732, 12.689117, 13.004399, 12.7235, 12.16225, 11.285865, 9.979784, 8.387001, 6.553864, 4.836707, 3.817419, 3.668117, 4.608443, 6.397297, 8.722136, 10.950382, 12.910374, 14.620091, 15.712686, 16.329908, 16.230005, 13.005102, 11.295385, 9.043755, 6.218852, 3.865887, 4.865887, 4.774089, 5.959798, 8.388225, 11.46518, 14.424978, 16.831579, 18.672494, 19.813954, 19.857213, 19.177659, 17.764727, 15.7871, 13.231426, 10.35974, 7.362338, 5.496235, 4.826228, 5.752954, 8.009261, 11.462726, 15.006171, 13.550149, 11.209209, 8.104374, 4.368066, 0.0, 0.0, 0.0]"
204,"[0.0, 0.0, 0.0, 0.0, 1.216553, 3.016553, 5.225625, 7.633944, 10.067049, 11.283601, 11.916706, 11.943702, 11.771451, 11.149423, 10.32877, 8.895665, 7.259597, 5.223529, 3.978137, 3.260113, 3.968913, 5.456975, 7.730838, 10.224564, 12.782672, 14.723529, 16.285125, 17.46092, 17.894358, 17.697587, 14.047929, 12.486333, 10.178316, 7.406576, 4.550812, 5.44524, 5.00642, 5.900848, 7.810327, 10.63523, 13.39046, 15.390875, 17.001884, 18.020952, 18.288899, 17.744077, 16.624241, 14.865226, 12.480479, 9.620085, 6.51525, 4.706538, 4.060697, 4.959117, 7.326662, 11.046877, 14.605953, 13.163733, 11.000402, 8.000402, 4.280187, 0.0, 0.0, 0.0]"
205,"[0.0, 0.0, 0.0, 0.0, 1.456022, 3.544083, 5.885023, 8.485023, 11.168305, 12.395564, 12.990785, 13.155838, 12.791906, 11.99542, 10.92459, 9.407499, 7.726127, 5.890059, 4.286106, 3.394764, 3.394764, 4.182595, 5.936661, 8.253818, 10.318386, 12.125409, 13.486171, 14.494383, 14.867597, 14.867597, 11.894383, 10.62997, 8.633883, 6.226354, 3.723519, 4.743323, 4.434522, 5.468332, 7.510328, 10.234144, 12.620218, 15.025477, 16.625477, 17.817796, 18.217014, 17.817796, 16.620218, 15.02929, 12.841741, 10.435864, 7.876418, 5.715951, 4.506879, 4.591483, 6.152733, 9.111397, 12.63407, 11.63407, 9.937014, 7.375764, 3.969887, 0.0, 0.0, 0.0]"
206,"[0.0, 0.0, 0.0, 0.0, 1.56205, 3.405959, 5.668701, 8.22995, 10.7912, 11.949444, 12.666785, 12.845354, 12.410134, 11.692793, 10.669555, 9.38893, 7.668729, 5.989914, 4.428848, 3.364247, 3.160655, 3.881765, 5.278461, 7.121647, 9.050441, 10.946622, 12.615671, 13.883032, 14.730217, 14.730217, 11.757003, 10.489642, 8.544563, 6.292459, 4.014052, 4.838673, 4.336405, 5.057011, 6.841894, 9.512016, 11.997984, 14.234051, 16.104914, 17.275877, 17.815762, 17.736272, 16.94424, 15.716404, 13.748249, 11.42159, 8.911601, 6.573137, 4.937742, 4.684963, 5.992636, 8.330938, 11.730801, 10.836374, 9.380352, 6.906489, 3.847077, 0.0, 0.0, 0.0]"
207,"[0.0, 0.0, 0.0, 0.0, 1.341641, 3.130495, 5.189621, 7.522002, 9.963313, 11.062983, 11.71544, 11.936665, 11.767615, 11.2131, 10.560643, 9.460973, 8.200426, 6.669551, 5.229968, 4.241114, 3.976506, 4.569154, 5.936698, 7.897803, 9.926231, 11.960467, 13.753893, 15.15977, 15.862721, 16.145564, 13.034294, 11.754446, 9.790789, 7.573947, 4.90989, 5.70989, 4.848772, 5.376323, 6.987889, 9.671171, 12.448879, 15.031045, 17.086196, 18.519746, 19.14691, 19.246156, 18.630178, 17.390934, 15.605457, 13.370952, 10.415107, 7.384008, 5.398331, 4.844265, 5.92111, 8.605877, 12.410874, 11.610874, 10.010874, 7.410874, 4.004997, 0.0, 0.0, 0.0]"
208,"[0.0, 0.0, 0.0, 0.0, 1.4, 3.409975, 5.619047, 8.027366, 10.8345, 12.241634, 13.038792, 13.437401, 13.629082, 13.221949, 12.623887, 11.429205, 9.841328, 7.873783, 5.673783, 3.911925, 3.299473, 3.879669, 5.456286, 7.886875, 10.466211, 12.918746, 15.165823, 16.840048, 18.056536, 18.482522, 15.029986, 13.813499, 11.542653, 8.495576, 5.325884, 6.046994, 4.758045, 5.562203, 7.625767, 10.742924, 13.966431, 17.01569, 19.164165, 20.795042, 21.889483, 21.828164, 20.878195, 19.266074, 17.104014, 14.132728, 11.04943, 8.32961, 6.776646, 6.680333, 8.262013, 11.585119, 15.481367, 14.081367, 11.845299, 8.740464, 4.617359, 0.0, 0.0, 0.0]"
209,"[0.0, 0.0, 0.0, 0.0, 1.264911, 2.914153, 4.81152, 7.091871, 9.621693, 10.886604, 11.957656, 12.743571, 12.969213, 12.602721, 11.861754, 10.58368, 8.900398, 7.115516, 5.235028, 3.893387, 3.451167, 4.295075, 5.836707, 8.396398, 11.355062, 14.04288, 16.040845, 18.058291, 19.057631, 19.212653, 15.524835, 14.091279, 11.655001, 9.078038, 6.149594, 7.149594, 6.585184, 7.348956, 9.090705, 12.279244, 15.697388, 18.271624, 20.33299, 21.995377, 22.735085, 22.200238, 21.274943, 19.51794, 17.084961, 14.124259, 11.065583, 8.397354, 6.899524, 7.137319, 8.583628, 11.882113, 15.811438, 14.397224, 11.923361, 8.877051, 4.753946, 0.0, 0.0, 0.0]"
210,"[0.0, 0.0, 0.0, 0.0, 1.414214, 3.063456, 5.343807, 7.81767, 10.603348, 12.248546, 13.658715, 14.437776, 14.594502, 14.241929, 13.39159, 11.94463, 10.085218, 8.054629, 5.621524, 3.812452, 3.4, 4.209975, 6.04308, 9.102492, 12.308043, 14.902776, 17.130725, 18.935544, 19.738774, 19.738774, 15.944041, 14.17998, 11.554508, 8.71167, 5.827229, 7.241443, 6.855641, 8.106753, 10.579799, 13.72133, 16.801558, 19.395377, 21.340139, 22.601234, 23.250798, 22.998998, 21.966776, 20.184999, 17.711404, 14.722353, 11.200822, 8.767717, 7.627964, 8.232055, 10.550775, 14.216007, 18.249216, 16.36242, 13.477979, 9.636104, 5.249762, 0.0, 0.0, 0.0]"
211,"[0.0, 0.0, 0.0, 0.0, 1.0, 2.414214, 4.394113, 6.656854, 9.202439, 10.748023, 11.879394, 12.445079, 12.445079, 12.025524, 11.200405, 9.786191, 7.961717, 5.981818, 4.303002, 3.303648, 3.784728, 5.122744, 7.792866, 10.745652, 13.782201, 16.292855, 18.438488, 19.871866, 20.594972, 20.594972, 16.471866, 14.683716, 11.909825, 8.78672, 5.629061, 6.629061, 5.861694, 6.48531, 8.544722, 11.397257, 14.244334, 16.870603, 18.951942, 20.015636, 20.492477, 19.998011, 18.695713, 16.532373, 14.118068, 11.013312, 7.943544, 5.864758, 5.499546, 6.398426, 9.072376, 12.839225, 16.884433, 15.095579, 12.487898, 8.989327, 4.939636, 0.0, 0.0, 0.0]"
212,"[0.0, 0.0, 0.0, 0.0, 1.019804, 2.830881, 5.039953, 7.639953, 10.439953, 12.220149, 13.209072, 13.6, 13.2, 12.4, 11.411077, 10.011077, 8.043533, 6.126375, 4.573589, 3.782316, 3.994767, 5.562312, 8.079469, 10.832255, 13.617711, 16.010256, 18.015016, 19.419775, 20.224772, 19.819512, 15.814515, 14.209756, 11.617448, 8.506879, 5.706879, 6.706879, 5.71933, 6.342947, 8.401484, 11.201484, 13.975077, 16.307242, 18.01579, 18.946123, 19.151674, 18.819012, 17.71693, 16.052664, 13.58358, 10.699139, 7.258209, 5.136785, 4.645288, 5.467143, 8.146033, 11.993109, 15.923881, 14.135026, 11.898958, 8.498958, 4.651881, 0.0, 0.0, 0.0]"
213,"[0.0, 0.0, 0.0, 0.0, 1.56205, 3.725381, 6.445675, 9.330116, 12.382983, 13.873801, 14.574034, 14.717304, 14.432863, 13.616064, 12.532968, 11.011045, 8.996008, 6.843222, 5.054368, 3.884596, 4.155407, 5.39494, 7.477549, 10.192613, 12.745224, 14.927505, 16.634177, 17.899088, 18.531544, 18.477417, 14.682684, 13.124019, 10.545838, 7.351105, 4.45262, 5.583991, 5.23472, 6.738461, 9.300739, 12.674331, 15.704691, 18.144556, 19.864983, 20.982892, 21.2093, 20.767784, 19.565222, 17.815227, 15.232096, 12.232096, 8.711881, 6.220237, 4.871153, 5.410164, 7.463032, 11.287954, 15.220584, 13.878943, 11.642875, 8.590007, 4.565085, 0.0, 0.0, 0.0]"
214,"[0.0, 0.0, 0.0, 0.0, 1.16619, 2.778642, 5.01471, 7.35565, 9.885472, 11.249104, 11.977592, 12.021875, 11.768996, 10.947975, 9.683064, 8.236551, 6.521886, 4.633824, 3.525024, 3.279917, 4.034732, 5.557107, 7.88693, 10.260143, 12.471438, 14.132785, 15.537574, 16.500601, 17.020237, 16.835448, 13.524859, 12.12007, 10.083242, 7.415014, 4.651547, 5.098761, 4.14207, 4.383105, 5.684513, 8.374884, 11.183434, 13.590425, 15.431729, 16.844061, 17.126612, 16.844061, 15.86695, 14.328589, 12.232448, 9.825212, 7.051998, 5.090749, 4.110553, 4.9044, 6.919436, 10.602734, 14.32014, 13.300336, 11.064268, 8.200704, 4.317407, 0.0, 0.0, 0.0]"
215,"[0.0, 0.0, 0.0, 0.0, 1.264911, 3.162278, 5.250339, 7.486407, 9.903016, 11.144098, 11.482799, 11.630806, 11.36451, 10.656701, 9.415619, 8.004172, 6.368104, 4.845547, 3.769201, 3.50429, 4.093883, 5.493883, 7.37905, 9.631035, 11.683903, 13.669689, 15.341201, 16.680332, 17.467403, 17.467403, 14.067403, 12.631959, 10.402668, 7.579684, 4.926817, 5.559272, 4.523204, 4.892061, 6.476638, 9.103187, 11.726495, 13.979031, 15.790108, 16.979157, 17.574762, 17.525241, 17.079365, 15.86553, 14.043376, 11.421222, 8.662192, 6.102746, 4.860618, 4.957984, 6.678278, 9.775074, 13.503983, 12.337792, 10.440426, 7.720132, 4.176123, 0.0, 0.0, 0.0]"
216,"[0.0, 0.0, 0.0, 0.0, 1.414214, 3.063456, 5.299524, 7.773387, 10.247251, 11.3069, 12.131521, 12.175804, 11.938009, 11.474121, 10.612709, 9.338846, 8.078299, 6.563341, 5.153366, 4.365535, 4.296906, 4.839152, 6.004838, 7.821447, 9.782504, 11.697442, 13.552994, 15.083799, 15.898289, 16.15892, 13.112611, 11.931078, 9.955697, 7.573126, 4.926817, 5.559272, 4.523204, 5.090959, 6.850112, 9.456771, 12.230193, 15.03519, 17.030211, 18.427527, 19.226127, 19.62025, 18.815253, 17.610256, 15.80526, 13.414214, 10.438835, 7.638835, 5.838835, 5.427689, 6.613476, 9.019953, 12.796076, 11.796076, 10.007221, 7.407221, 4.176123, 0.0, 0.0, 0.0]"
217,"[0.0, 0.0, 0.0, 0.0, 1.697056, 3.676955, 6.22254, 8.913264, 11.886478, 13.162636, 14.011164, 14.156304, 14.156304, 13.624402, 12.814519, 11.509246, 10.083432, 8.025163, 5.866695, 4.103364, 3.30132, 3.733465, 5.26434, 7.48749, 10.217985, 12.989725, 15.317591, 17.179183, 18.344702, 18.524796, 15.031946, 13.513016, 11.208559, 8.385575, 5.474986, 6.49479, 5.799874, 6.479409, 8.630881, 12.030881, 15.41562, 18.208889, 20.408889, 22.008889, 22.813235, 22.413688, 21.614602, 20.214602, 18.014602, 15.210256, 12.282292, 9.477033, 7.800188, 8.007869, 9.463633, 12.62924, 16.720409, 15.197255, 12.589574, 9.33381, 5.091169, 0.0, 0.0, 0.0]"
218,"[0.0, 0.0, 0.0, 0.0, 1.019804, 2.863713, 4.903321, 7.139389, 9.769978, 11.613738, 12.633393, 13.262119, 13.366991, 12.890467, 11.815757, 10.232818, 8.564485, 6.789231, 4.918007, 3.529153, 3.414719, 4.301515, 6.297079, 8.98745, 12.264405, 14.91921, 17.13607, 18.678477, 19.808921, 19.95296, 16.131965, 14.719033, 12.335841, 9.309217, 6.38265, 7.54884, 6.897723, 7.984392, 10.313236, 13.423806, 16.662159, 19.23991, 21.27013, 22.503219, 22.970358, 22.610564, 21.840283, 20.06234, 17.632446, 14.76031, 11.715561, 8.888288, 7.478118, 7.609986, 9.502836, 12.889178, 16.885349, 15.236107, 12.895167, 9.402317, 5.015974, 0.0, 0.0, 0.0]"
219,"[0.0, 0.0, 0.0, 0.0, 1.414214, 3.258122, 5.384152, 7.646893, 10.208143, 11.514224, 12.390609, 12.872261, 13.2172, 12.65595, 11.822452, 10.625313, 8.738742, 6.413904, 4.613904, 3.359563, 3.236408, 4.715298, 7.040136, 10.06504, 13.054738, 15.674688, 17.717329, 19.352289, 20.172135, 20.199639, 16.179689, 14.544729, 12.302088, 9.52225, 6.593702, 7.810255, 6.911375, 7.417367, 9.205324, 12.257806, 14.98587, 17.395321, 19.361465, 20.616729, 21.08106, 20.741995, 19.786021, 17.594236, 14.935346, 11.774455, 8.768904, 6.772816, 6.618495, 7.853694, 10.496876, 14.337596, 18.332801, 16.206772, 13.322331, 9.602116, 5.161395, 0.0, 0.0, 0.0]"
220,"[0.0, 0.0, 0.0, 0.0, 1.456022, 3.105264, 5.385615, 7.859478, 10.527811, 11.740122, 12.759213, 13.078862, 13.021608, 12.633626, 11.674094, 10.347402, 8.468512, 6.251903, 4.254395, 3.394122, 3.614531, 5.01945, 7.539744, 10.381001, 13.252688, 15.573936, 17.497598, 18.826995, 19.586193, 19.471529, 15.588232, 13.664569, 11.311934, 8.645189, 6.116671, 7.678721, 7.78876, 8.955268, 11.231565, 14.094075, 17.183906, 19.59972, 21.301241, 22.473152, 22.5833, 21.814717, 20.215703, 18.370912, 15.426616, 12.641835, 9.479648, 7.768421, 7.087735, 8.393819, 10.552357, 14.249391, 17.923724, 15.884117, 12.857567, 9.434119, 5.015974, 0.0, 0.0, 0.0]"
221,"[0.0, 0.0, 0.0, 0.0, 1.811077, 4.020149, 6.453254, 9.281681, 12.341093, 13.589428, 14.439767, 14.835089, 14.835089, 13.98475, 12.935313, 11.275902, 9.447474, 6.819047, 4.809975, 3.8, 3.814214, 4.853821, 7.127685, 9.987096, 12.339707, 14.720227, 16.543261, 17.932039, 18.290229, 18.168717, 14.373984, 12.55095, 10.088308, 7.391817, 5.180522, 6.594736, 6.835479, 8.408692, 11.105184, 13.948021, 16.771732, 19.108739, 20.696227, 21.790832, 21.97294, 21.582092, 19.991283, 17.863686, 15.162558, 12.194841, 9.068874, 7.119358, 6.530162, 7.40981, 9.893676, 13.276222, 17.015827, 15.171918, 12.481194, 8.920295, 4.816638, 0.0, 0.0, 0.0]"
222,"[0.0, 0.0, 0.0, 0.0, 1.612452, 3.652059, 6.125923, 8.9116, 11.697278, 12.870504, 13.616574, 13.742711, 13.237384, 12.539767, 11.403332, 9.882565, 7.729779, 5.649428, 4.161367, 3.712125, 4.447214, 6.4, 9.206659, 12.012537, 14.434691, 16.454641, 18.273645, 19.485991, 19.702268, 19.503562, 15.483612, 13.473679, 10.854675, 8.252325, 5.228876, 6.395066, 5.883051, 6.545792, 8.499202, 11.505079, 14.180764, 16.453594, 18.433493, 19.430166, 19.866163, 19.430166, 18.180573, 16.379244, 13.971407, 10.978061, 7.855026, 6.154536, 5.325676, 6.163626, 8.515098, 12.432255, 16.016797, 14.404346, 12.004346, 8.804346, 4.604346, 0.0, 0.0, 0.0]"
223,"[0.0, 0.0, 0.0, 0.0, 1.8, 4.208319, 6.816, 9.644427, 12.703839, 13.96325, 14.418496, 14.674379, 14.476541, 13.653197, 12.404863, 10.955512, 8.891948, 6.544201, 4.755347, 3.838697, 3.880505, 5.316573, 7.66432, 10.243656, 12.772677, 14.938809, 16.523736, 17.714141, 18.309746, 17.912847, 14.290693, 12.705766, 10.340793, 7.165853, 4.422146, 5.246767, 4.810699, 5.962358, 8.521804, 11.644839, 14.840168, 17.458312, 19.291352, 20.725413, 21.364286, 20.993993, 19.602398, 17.990104, 15.393292, 12.565095, 9.547893, 6.921344, 5.092917, 5.375037, 7.001019, 9.906924, 13.911468, 12.911468, 10.785438, 7.942904, 4.404543, 0.0, 0.0, 0.0]"
224,"[0.0, 0.0, 0.0, 0.0, 1.649242, 3.990182, 6.673464, 9.451953, 12.404917, 13.70864, 14.320664, 14.415871, 14.320664, 13.70864, 12.464476, 10.967533, 9.013665, 6.777597, 5.036657, 4.222284, 4.378713, 5.816834, 8.089915, 10.489915, 13.156386, 15.26415, 17.051099, 18.380497, 19.100712, 18.868476, 15.148261, 13.506889, 11.154254, 8.155149, 5.273699, 6.073699, 5.277832, 5.816843, 7.959297, 10.964619, 14.011696, 16.47846, 18.683113, 20.260269, 20.827684, 20.801602, 20.34454, 18.710953, 16.678552, 14.271053, 11.082514, 7.86036, 5.947653, 5.436701, 6.544543, 9.517639, 13.293762, 12.399335, 10.501968, 7.781674, 4.176123, 0.0, 0.0, 0.0]"
225,"[0.0, 0.0, 0.0, 0.0, 1.612452, 3.612452, 5.892802, 8.613097, 11.497538, 12.769527, 13.653968, 14.152106, 14.039493, 13.318383, 12.142742, 10.523212, 8.377179, 5.969498, 4.08901, 3.274636, 3.465747, 5.06936, 7.537693, 10.281399, 13.009126, 15.374099, 17.143028, 18.479692, 19.458139, 19.441537, 15.620542, 14.215545, 12.41962, 9.631176, 6.59131, 7.223766, 5.623766, 5.203548, 6.670277, 9.329495, 12.19561, 15.245302, 17.618178, 19.215083, 19.960066, 20.149313, 19.355386, 17.91395, 15.633763, 13.005517, 10.117699, 7.710463, 6.639411, 7.04773, 8.706089, 11.911086, 15.879196, 14.229954, 11.821635, 8.821635, 4.816638, 0.0, 0.0, 0.0]"
226,"[0.0, 0.0, 0.0, 0.0, 1.456022, 3.299931, 5.387992, 7.668343, 10.336676, 11.548987, 12.373411, 12.915939, 12.871656, 12.213298, 11.344965, 10.076632, 8.270664, 6.48181, 4.754677, 3.779299, 3.779299, 4.954677, 7.115145, 9.858851, 12.289994, 14.773292, 16.896397, 18.526641, 19.429468, 19.717713, 15.834415, 14.379642, 11.985627, 9.456251, 6.633352, 7.457973, 6.245662, 6.489815, 7.810109, 10.251276, 13.10361, 15.95572, 18.105583, 19.702695, 20.663523, 20.869866, 20.054584, 18.680224, 16.643168, 14.228863, 11.345566, 8.677337, 6.979963, 6.962354, 7.944278, 10.505177, 13.960743, 12.794552, 10.53181, 7.841086, 4.280187, 0.0, 0.0, 0.0]"
227,"[0.0, 0.0, 0.0, 0.0, 1.280625, 3.167421, 5.447772, 8.009022, 10.729316, 12.168985, 13.235153, 13.562483, 13.417843, 12.851615, 12.028687, 10.724965, 9.137088, 7.320479, 5.366413, 4.034732, 3.462522, 4.05517, 5.664242, 8.271376, 10.90569, 13.234535, 15.62708, 17.239003, 18.237128, 18.460577, 15.0547, 13.657384, 11.636389, 8.908162, 6.205824, 7.205824, 6.306944, 6.743012, 8.718846, 11.496307, 14.440924, 16.67674, 18.645431, 20.064699, 20.87426, 20.979335, 20.387329, 19.155784, 16.837714, 14.318436, 11.268745, 8.916134, 7.731775, 7.986028, 9.170387, 12.140274, 15.544817, 13.755962, 11.347644, 8.37443, 4.404543, 0.0, 0.0, 0.0]"
228,"[0.0, 0.0, 0.0, 0.0, 1.264911, 2.788066, 4.942132, 7.283072, 9.883072, 11.147983, 12.15465, 12.530406, 12.469817, 11.957879, 11.077299, 9.764029, 8.058828, 6.178477, 4.290416, 3.441174, 3.424621, 4.609975, 6.618294, 9.246721, 11.702485, 13.955021, 15.828343, 17.303322, 18.321971, 18.364692, 14.912156, 13.461964, 11.588641, 8.941565, 6.208766, 7.008766, 5.741851, 5.452341, 6.693652, 9.012408, 11.618285, 14.012993, 16.012743, 17.176983, 17.692542, 17.41716, 16.719826, 15.41622, 13.333823, 11.100014, 8.690629, 6.39275, 5.142331, 5.408031, 6.771663, 9.403163, 13.0136, 11.84741, 10.058556, 7.528734, 4.176123, 0.0, 0.0, 0.0]"
229,"[0.0, 0.0, 0.0, 0.0, 1.442221, 3.162686, 5.221812, 7.554192, 10.060185, 11.123957, 11.909485, 12.18274, 12.086427, 11.467231, 10.681703, 9.456335, 7.845064, 6.05621, 4.369414, 3.370059, 3.220805, 4.22016, 5.772946, 8.014257, 10.346015, 12.543307, 14.321413, 15.819984, 16.877244, 17.04928, 13.720617, 12.385376, 10.448855, 7.798812, 4.973909, 5.606364, 4.643034, 4.693435, 6.053979, 8.461113, 11.034901, 13.234901, 15.02245, 16.219255, 16.817998, 16.817998, 16.246426, 15.082494, 13.289068, 11.083191, 8.509402, 6.313431, 4.97179, 4.97179, 5.935121, 8.355533, 11.328628, 10.434201, 8.82175, 6.658419, 3.605551, 0.0, 0.0, 0.0]"
230,"[0.0, 0.0, 0.0, 0.0, 1.708801, 4.049741, 6.733022, 9.685987, 12.91089, 14.426992, 15.310955, 15.680541, 15.506066, 14.787155, 13.532024, 11.830275, 9.671835, 7.34056, 5.11741, 3.747638, 3.624483, 4.930056, 6.882843, 9.4, 12.2, 14.405551, 16.010811, 17.431805, 18.253959, 18.259837, 14.654285, 13.257345, 11.03635, 8.238817, 5.280154, 5.912609, 4.635661, 5.01556, 6.599258, 9.407808, 12.313714, 14.859298, 16.567217, 18.000773, 18.465224, 18.255526, 17.803474, 16.894145, 15.215601, 13.107838, 10.779174, 8.354271, 6.42431, 5.873431, 6.766973, 8.991876, 12.131419, 11.282891, 9.670439, 7.164446, 3.939543, 0.0, 0.0, 0.0]"
231,"[0.0, 0.0, 0.0, 0.0, 1.843909, 4.28522, 7.005514, 9.978728, 13.234492, 14.646347, 15.4608, 15.71372, 15.71372, 15.019205, 13.763441, 12.069727, 10.173546, 7.647546, 5.286296, 3.851982, 3.631573, 4.441336, 6.500115, 9.25308, 11.997984, 14.333298, 16.309143, 17.665792, 18.389783, 18.496795, 14.81984, 13.557198, 11.403358, 8.892593, 5.922205, 6.369418, 5.183632, 5.484806, 6.926297, 9.703986, 12.878927, 15.509463, 17.742128, 19.451854, 20.350057, 20.904025, 20.464827, 19.384464, 17.540921, 15.457423, 12.695514, 10.166995, 8.024522, 7.16311, 7.597365, 9.600753, 12.386362, 11.366558, 9.754106, 7.280243, 3.862642, 0.0, 0.0, 0.0]"
232,"[0.0, 0.0, 0.0, 0.0, 1.811077, 4.219396, 6.819396, 9.619396, 12.82564, 14.220807, 15.018732, 15.225865, 15.232999, 14.435074, 13.238805, 11.645013, 9.6625, 7.055367, 5.094261, 4.161319, 4.337722, 5.845482, 8.698349, 11.692066, 14.738138, 17.201342, 19.538009, 21.154188, 22.238741, 22.367694, 18.115636, 16.570689, 14.309961, 11.226698, 8.051672, 8.946099, 7.086911, 6.7182, 7.88366, 10.012871, 12.740598, 15.694691, 17.930595, 19.598426, 20.709589, 21.263557, 20.839286, 19.916385, 18.426551, 16.26321, 13.699539, 10.799233, 8.466426, 7.491826, 8.058054, 10.181911, 13.655549, 12.635745, 10.824668, 8.104374, 4.368066, 0.0, 0.0, 0.0]"
233,"[0.0, 0.0, 0.0, 0.0, 2.0, 4.56125, 7.56125, 10.68535, 14.223711, 15.762072, 16.739183, 17.133296, 17.133296, 16.28566, 15.155617, 13.504052, 11.390565, 9.160892, 6.470167, 4.509062, 3.838818, 4.402102, 5.94078, 9.165683, 12.324021, 15.112465, 17.468556, 19.435451, 20.415307, 20.814753, 16.809756, 15.816, 13.816, 11.211241, 8.100671, 8.900671, 6.959338, 6.618464, 7.902905, 10.170756, 13.370756, 16.267575, 18.535111, 20.122806, 21.432664, 21.457586, 21.053515, 20.144455, 18.3556, 16.046795, 13.583923, 11.438715, 9.670356, 9.548324, 10.779106, 13.469114, 16.80843, 15.159188, 12.597938, 9.203826, 4.951767, 0.0, 0.0, 0.0]"
234,"[0.0, 0.0, 0.0, 0.0, 1.523155, 3.409951, 5.646019, 8.2537, 11.206664, 12.636474, 13.702643, 14.252252, 14.364866, 13.752841, 12.887938, 11.547425, 9.781551, 7.661257, 5.76753, 4.245154, 3.632703, 4.3217, 6.002051, 8.383264, 11.042482, 13.46593, 15.562389, 17.287035, 18.263868, 18.444842, 15.021393, 13.823815, 11.828793, 9.479555, 6.922206, 7.722206, 6.280716, 6.250639, 7.485342, 9.610028, 12.631023, 15.42463, 17.687372, 19.239288, 20.369731, 20.369731, 19.81581, 18.546383, 16.712061, 14.32887, 11.584908, 9.003652, 7.161809, 6.723262, 7.723091, 10.138907, 13.589798, 12.458427, 10.488656, 7.768362, 4.275512, 0.0, 0.0, 0.0]"
235,"[0.0, 0.0, 0.0, 0.0, 1.280625, 3.00109, 5.281441, 7.84269, 10.40394, 11.843609, 12.843438, 13.170769, 13.2172, 12.810016, 12.059494, 11.048, 9.334746, 7.174279, 5.220213, 3.850442, 3.541641, 4.647214, 6.8, 9.6, 12.405877, 14.811137, 16.831087, 18.275837, 19.320586, 19.761786, 15.956526, 14.765003, 12.730229, 10.285479, 7.332829, 7.965285, 6.156662, 5.855487, 6.696798, 8.755336, 11.52288, 14.174588, 16.223447, 17.539794, 18.344488, 18.297099, 17.730422, 16.693058, 15.02346, 12.788956, 10.284873, 8.004659, 6.56499, 6.602958, 7.922337, 10.794024, 14.573749, 13.293124, 11.167095, 8.324561, 4.604346, 0.0, 0.0, 0.0]"
236,"[0.0, 0.0, 0.0, 0.0, 1.456022, 3.299931, 5.339539, 7.575607, 10.243939, 11.45625, 12.280674, 12.582006, 12.626289, 12.046018, 11.166539, 10.021361, 8.574848, 6.57734, 4.772122, 3.704377, 3.461848, 4.54732, 6.810061, 9.355646, 12.311491, 14.85186, 16.841848, 18.26615, 19.40761, 19.291553, 15.470559, 14.191397, 12.201409, 9.512147, 6.77587, 7.49698, 5.883288, 5.747298, 6.702741, 8.706547, 11.241201, 14.011245, 16.050634, 17.743942, 18.844892, 18.941738, 18.256939, 16.714582, 14.939271, 12.659137, 10.106526, 7.509934, 6.168994, 5.858837, 6.877927, 9.570777, 13.243016, 12.243016, 10.399107, 7.730774, 4.237924, 0.0, 0.0, 0.0]"
237,"[0.0, 0.0, 0.0, 0.0, 1.708801, 3.678572, 6.361854, 9.225418, 12.355913, 13.777608, 14.854145, 15.217173, 15.073903, 14.417271, 13.567127, 12.17006, 10.340303, 8.252465, 5.978601, 4.29825, 4.049008, 4.643533, 6.618758, 9.445307, 12.297842, 14.5475, 16.5835, 17.859116, 18.715865, 18.951147, 15.30149, 14.122746, 12.050525, 9.38378, 6.143176, 6.743176, 5.416484, 5.605407, 6.996535, 9.602189, 12.50076, 15.006196, 17.031119, 18.362981, 19.172755, 19.351139, 18.735161, 17.573803, 15.9752, 13.635713, 10.958758, 8.527659, 7.005735, 6.927537, 8.404382, 11.225377, 14.986079, 13.644438, 11.381696, 8.381696, 4.560702, 0.0, 0.0, 0.0]"
238,"[0.0, 0.0, 0.0, 0.0, 1.442221, 3.231075, 5.737068, 8.420349, 11.373314, 12.709582, 13.973595, 14.352044, 14.276443, 13.603829, 12.805239, 11.449428, 9.564987, 7.40452, 5.324169, 4.06538, 3.810544, 4.936574, 7.209654, 10.171932, 12.779485, 15.184341, 17.277317, 18.581945, 19.44459, 19.515926, 15.668849, 14.133126, 12.108204, 9.214652, 6.639274, 7.360384, 6.200257, 6.170028, 7.758952, 10.165429, 13.306961, 15.723349, 17.7785, 19.449106, 20.437011, 20.624061, 20.245417, 19.382772, 17.599553, 15.169403, 12.384623, 9.718151, 7.555874, 6.792102, 7.633836, 9.974477, 13.085046, 12.085046, 10.241137, 7.610548, 4.004997, 0.0, 0.0, 0.0]"
239,"[0.0, 0.0, 0.0, 0.0, 1.720465, 4.052846, 6.660527, 9.544968, 12.429409, 13.989188, 14.937051, 15.45347, 15.542242, 15.486229, 14.468726, 12.885539, 10.927629, 8.520101, 5.691674, 3.876146, 3.444, 3.986611, 5.701276, 8.486954, 11.392351, 13.863749, 16.199697, 17.964096, 19.223168, 19.520215, 15.783907, 14.369746, 12.364604, 9.584766, 6.656218, 7.288674, 6.072298, 5.876599, 7.052999, 9.455989, 12.229411, 14.785084, 17.183816, 18.712391, 19.430166, 19.866163, 19.302154, 17.943954, 16.535317, 14.537351, 12.037118, 9.83124, 8.508849, 8.073629, 9.114161, 11.717137, 15.082222, 13.520172, 11.394142, 8.509701, 4.565085, 0.0, 0.0, 0.0]"
240,"[0.0, 0.0, 0.0, 0.0, 1.456022, 3.105264, 5.144872, 7.38094, 9.988621, 11.14028, 12.091038, 12.65143, 12.624434, 12.026728, 11.262956, 10.118978, 8.343599, 6.534527, 4.724552, 3.446329, 3.121677, 4.276955, 6.285274, 8.927808, 11.690786, 14.333008, 16.297725, 18.094166, 19.456391, 19.885386, 16.111794, 15.120142, 13.151451, 10.559143, 7.967675, 8.967675, 7.470732, 7.12146, 7.917327, 9.593671, 11.873915, 13.978792, 15.812211, 17.287189, 18.389272, 18.78054, 18.619641, 17.87264, 16.405951, 14.348131, 12.090833, 9.767866, 8.208866, 7.762028, 8.436481, 10.583167, 13.60979, 12.195577, 10.225805, 7.664556, 4.103657, 0.0, 0.0, 0.0]"
241,"[0.0, 0.0, 0.0, 0.0, 1.414214, 3.225291, 5.63361, 8.24129, 11.048424, 12.434211, 13.430267, 13.829082, 13.851991, 13.477962, 12.91403, 11.756138, 10.213916, 8.183326, 6.033064, 4.24421, 3.859878, 4.303768, 5.67354, 8.343662, 11.207037, 13.547677, 15.823848, 17.839048, 18.871056, 19.248284, 15.642733, 14.521326, 12.816705, 10.620587, 7.932769, 8.757391, 7.158737, 6.587187, 6.961664, 8.740153, 11.140434, 13.275523, 15.324382, 16.91871, 17.817176, 18.197824, 17.902659, 16.865294, 15.387986, 13.419832, 11.256501, 9.416577, 8.308735, 8.308735, 9.552899, 11.868337, 14.994326, 13.381874, 11.101523, 8.148559, 4.3909, 0.0, 0.0, 0.0]"
242,"[0.0, 0.0, 0.0, 0.0, 1.077033, 2.785834, 4.755605, 6.909671, 9.32628, 10.75524, 11.766734, 12.358212, 12.612465, 12.458597, 11.839401, 10.561327, 8.894505, 7.118641, 5.055899, 3.616317, 3.068524, 3.439007, 4.894613, 7.168477, 9.747812, 12.078288, 14.219254, 15.531193, 16.45733, 16.83078, 13.605877, 12.6, 11.011077, 8.875988, 6.475988, 7.495792, 6.708244, 6.794533, 8.059444, 10.164279, 12.44296, 14.518326, 16.308777, 17.626032, 18.342192, 18.467156, 17.985582, 16.905445, 15.491473, 13.514387, 11.43258, 9.668556, 8.660875, 8.436842, 9.652345, 11.998522, 14.679407, 13.079407, 10.870335, 7.810923, 4.123106, 0.0, 0.0, 0.0]"
243,"[0.0, 0.0, 0.0, 0.0, 1.649242, 3.546609, 5.82696, 8.300823, 10.969156, 11.950503, 12.683726, 13.011056, 12.945511, 12.477178, 11.856564, 10.838427, 9.250549, 7.442231, 5.525073, 3.962312, 3.198388, 3.740634, 5.140634, 7.419041, 9.971828, 12.285577, 14.395039, 16.152698, 17.169157, 17.400256, 14.237978, 12.983076, 11.195188, 8.898104, 6.667006, 7.667006, 6.416587, 6.008865, 6.891571, 8.452821, 10.295355, 12.409408, 14.127602, 15.462843, 16.400164, 16.95763, 16.463064, 15.599429, 14.07063, 12.014279, 9.614279, 7.828601, 6.753633, 6.947192, 8.347506, 10.753383, 13.72327, 12.381629, 10.218298, 7.375764, 3.969887, 0.0, 0.0, 0.0]"
244,"[0.0, 0.0, 0.0, 0.0, 1.6, 3.6, 5.8, 8.4, 11.207134, 12.435561, 13.263988, 13.732321, 13.800654, 13.147586, 12.28893, 10.983658, 9.315325, 7.279448, 5.325382, 3.75561, 3.126883, 3.582905, 4.847816, 6.928167, 9.391731, 11.556715, 13.325596, 14.834107, 15.959634, 16.096069, 13.036658, 12.011755, 10.416954, 8.467099, 6.315627, 7.210054, 6.424268, 6.4571, 7.237146, 9.05695, 11.221935, 13.23117, 14.81071, 16.374642, 17.106309, 17.246897, 16.830108, 16.213793, 14.413793, 12.626245, 10.949399, 9.223365, 8.313598, 8.549666, 9.943873, 12.220719, 15.340094, 13.442727, 11.206659, 8.2, 4.4, 0.0, 0.0, 0.0]"
245,"[0.0, 0.0, 0.0, 0.0, 1.280625, 3.167421, 5.330752, 7.892002, 10.453251, 11.863351, 12.66728, 13.194674, 13.194674, 12.69255, 11.79068, 10.441596, 8.645298, 6.531262, 4.472136, 3.283282, 2.941641, 3.858291, 5.450685, 7.924548, 10.044842, 12.20712, 13.813644, 15.174037, 15.931272, 16.074542, 12.912265, 11.730731, 10.039532, 8.024985, 5.986042, 6.986042, 6.091615, 6.280181, 7.343979, 9.239652, 11.592263, 13.668224, 15.348566, 16.739727, 17.518004, 17.663964, 17.29923, 16.441816, 15.006372, 13.405167, 11.519048, 10.078632, 9.245134, 9.417385, 10.493232, 12.600995, 15.150274, 13.263478, 10.855159, 7.881945, 4.16173, 0.0, 0.0, 0.0]"
246,"[0.0, 0.0, 0.0, 0.0, 1.6, 3.6, 6.2, 9.0, 12.0, 13.406659, 14.433208, 14.661636, 14.492225, 13.772576, 12.853978, 11.536229, 9.784835, 7.786701, 5.789193, 4.148346, 3.333972, 3.96574, 5.48735, 7.990185, 10.647806, 13.051864, 14.835913, 16.528924, 17.195781, 17.31585, 14.017365, 12.760583, 10.757415, 8.381913, 6.005538, 6.805538, 5.983684, 6.037141, 7.114174, 9.051324, 11.413601, 13.351999, 14.947482, 16.640493, 17.278264, 17.32223, 16.976278, 16.290562, 14.652558, 13.073018, 11.479226, 10.085018, 9.175251, 9.57386, 10.729951, 12.922759, 15.728451, 13.831085, 11.223404, 8.223404, 4.418144, 0.0, 0.0, 0.0]"
247,"[0.0, 0.0, 0.0, 0.0, 1.341641, 3.130495, 5.366563, 7.783172, 10.289165, 11.667818, 12.599258, 13.053915, 13.045625, 12.802374, 11.779136, 10.339467, 8.543169, 6.582064, 4.319322, 3.254721, 2.9939, 3.943382, 5.732236, 8.339917, 10.714121, 13.094317, 14.855959, 16.225443, 17.04121, 17.259454, 13.859454, 12.662222, 10.856671, 8.649775, 6.2734, 7.098021, 5.906254, 5.917331, 7.133884, 8.915945, 11.316227, 13.523123, 15.317597, 16.484492, 17.453903, 17.634877, 17.417672, 16.81878, 15.627099, 14.037074, 12.475106, 10.830912, 9.613107, 9.485139, 10.501713, 12.263356, 14.706303, 12.917448, 10.637097, 7.610548, 4.004997, 0.0, 0.0, 0.0]"
248,"[0.0, 0.0, 0.0, 0.0, 1.16619, 2.874991, 4.844763, 7.080831, 9.49744, 10.672189, 11.437252, 11.941344, 11.941344, 11.53471, 10.99377, 9.719906, 8.046043, 6.209975, 4.4, 3.232456, 3.109488, 4.098343, 5.934411, 8.454705, 10.946349, 13.12508, 14.874587, 16.17688, 16.850699, 16.850699, 13.594935, 12.464893, 10.623588, 8.571116, 6.46682, 7.543853, 6.416159, 6.281152, 7.102842, 8.925573, 10.972639, 12.947779, 14.92409, 16.29912, 16.862464, 17.018608, 16.762844, 16.067016, 14.936974, 13.228153, 11.509959, 10.159201, 9.160576, 9.093197, 10.259705, 12.303207, 14.703656, 12.859747, 10.518807, 7.655243, 4.049691, 0.0, 0.0, 0.0]"
249,"[0.0, 0.0, 0.0, 0.0, 1.216553, 2.829004, 5.038076, 7.446395, 10.046395, 11.437524, 12.455661, 12.720453, 12.785997, 12.274058, 11.375178, 10.267743, 8.870913, 6.844263, 4.956202, 3.847401, 3.589158, 4.551732, 6.578382, 9.404931, 12.22838, 14.56902, 16.529412, 18.055549, 19.033997, 19.216099, 15.610548, 14.218229, 12.418229, 10.025684, 7.685044, 8.851234, 7.699575, 7.539183, 8.33505, 10.096688, 12.353946, 14.547582, 16.244283, 17.959069, 18.727253, 18.98076, 18.823952, 18.318743, 16.795637, 15.281255, 13.614275, 12.161033, 11.262315, 11.223564, 12.198978, 14.0723, 16.359354, 14.026973, 11.465723, 8.209959, 4.326662, 0.0, 0.0, 0.0]"
250,"[0.0, 0.0, 0.0, 0.0, 0.894427, 2.417582, 4.387353, 6.893346, 9.399339, 11.112593, 12.309732, 12.74828, 12.505028, 12.279387, 11.671706, 10.474566, 9.407888, 7.777602, 5.780094, 4.062936, 3.339782, 3.412355, 4.623808, 6.814829, 9.578295, 11.90879, 13.894577, 15.549239, 16.404039, 16.520007, 13.389512, 12.397831, 10.89926, 9.093751, 7.131474, 8.396385, 7.119437, 6.963345, 7.603522, 9.011203, 10.908569, 13.183076, 14.877528, 16.391152, 17.321833, 17.565432, 17.159555, 16.505635, 15.091421, 13.679089, 12.062066, 10.873143, 10.188702, 10.55655, 11.535356, 13.609143, 16.106198, 13.906198, 11.275608, 8.170773, 4.308132, 0.0, 0.0, 0.0]"
251,"[0.0, 0.0, 0.0, 0.0, 1.414214, 3.424189, 5.633261, 8.033261, 10.633261, 11.826728, 12.843302, 13.264819, 13.533152, 13.213503, 12.84189, 11.524142, 10.158463, 8.122586, 6.289449, 4.653381, 4.161133, 4.508673, 6.08529, 8.245757, 10.852001, 13.235449, 15.627994, 17.423919, 18.836188, 19.252098, 15.652098, 14.67365, 13.076972, 10.657022, 8.49089, 9.65708, 7.895442, 7.136366, 7.745438, 8.897097, 10.95581, 13.114347, 14.91764, 16.444876, 17.381204, 17.761852, 17.569503, 16.980532, 15.524574, 14.020173, 12.014622, 10.239545, 9.21989, 9.065568, 9.804449, 11.782158, 14.444388, 12.600479, 10.47445, 7.695961, 4.118252, 0.0, 0.0, 0.0]"
252,"[0.0, 0.0, 0.0, 0.0, 1.456022, 3.49563, 5.775981, 8.40657, 11.037159, 12.607686, 13.574738, 14.294387, 14.271479, 14.049208, 13.258727, 11.90131, 10.357332, 8.769455, 6.761136, 4.725068, 3.796936, 3.682555, 4.662751, 6.768744, 9.799843, 12.496334, 14.760244, 16.496553, 17.726868, 17.948305, 14.530703, 13.555741, 12.055501, 10.027993, 7.741648, 8.818681, 7.404645, 6.817819, 7.197079, 8.630889, 10.784955, 12.921013, 14.81578, 16.180254, 17.003703, 17.196052, 17.049685, 16.512336, 15.468119, 14.084278, 12.369631, 10.860443, 10.089852, 10.155396, 11.142338, 13.039088, 15.546791, 13.310723, 10.83686, 7.81031, 4.204759, 0.0, 0.0, 0.0]"
253,"[0.0, 0.0, 0.0, 0.0, 1.264911, 2.973712, 4.943483, 7.284423, 9.967705, 11.481283, 12.656923, 13.407445, 13.474824, 13.054285, 12.275796, 11.003806, 9.625153, 7.84929, 5.869391, 4.069391, 3.256939, 3.515298, 4.682843, 7.007681, 9.636108, 11.89552, 13.983338, 15.788889, 16.786759, 17.189431, 14.130019, 12.972024, 11.263839, 9.11431, 7.099763, 8.099763, 6.911582, 6.723016, 7.547345, 8.999125, 11.10396, 12.993418, 14.961573, 16.081222, 16.812889, 17.108054, 17.101858, 16.309344, 15.415337, 13.985108, 12.429017, 11.015191, 10.028117, 10.129805, 11.160033, 12.99308, 15.28566, 13.388293, 10.780612, 7.780612, 4.103657, 0.0, 0.0, 0.0]"
254,"[0.0, 0.0, 0.0, 0.0, 1.414214, 3.258122, 5.346184, 8.066478, 10.786772, 12.158236, 13.100005, 13.619624, 13.340641, 12.900698, 12.001817, 10.630353, 9.022672, 7.213816, 5.380679, 4.126338, 3.731929, 4.543006, 6.146618, 8.562969, 11.035348, 13.368155, 15.234033, 16.575674, 17.289819, 17.584984, 14.232373, 13.163098, 11.644516, 9.775608, 7.789821, 8.809625, 7.368135, 6.723222, 7.140451, 8.167548, 9.868038, 11.544382, 13.536046, 14.521286, 15.485853, 16.045802, 16.045802, 15.360219, 14.657268, 13.23129, 11.671511, 10.537778, 9.429935, 9.061224, 9.361676, 10.614425, 12.483333, 10.870881, 8.831273, 6.550923, 3.577709, 0.0, 0.0, 0.0]"
255,"[0.0, 0.0, 0.0, 0.0, 1.414214, 3.258122, 5.691227, 8.321817, 11.150244, 12.564457, 13.527682, 13.894577, 13.863988, 13.44388, 12.824525, 11.629843, 10.046395, 8.078851, 5.953375, 4.144302, 3.426278, 3.73288, 5.070196, 7.470635, 9.934199, 12.270871, 14.240566, 15.72333, 16.492584, 16.655569, 13.42447, 12.339939, 10.69848, 8.701967, 6.569845, 7.464272, 6.255953, 6.057328, 6.810378, 8.32427, 10.236976, 12.043636, 13.837061, 15.027989, 16.025548, 16.244963, 16.066731, 15.291443, 14.299762, 12.693885, 11.279787, 9.974514, 9.323824, 9.195856, 10.079138, 11.697785, 14.037272, 12.057373, 9.777022, 7.09374, 3.862642, 0.0, 0.0, 0.0]"
256,"[0.0, 0.0, 0.0, 0.0, 1.4, 3.409975, 5.619047, 8.027366, 10.855793, 12.319358, 13.172947, 13.563874, 13.572165, 13.076118, 11.933019, 10.411096, 8.532206, 6.515597, 4.466059, 3.345594, 3.403953, 4.682843, 6.682843, 9.406659, 12.031562, 14.253716, 16.183093, 17.577826, 18.3659, 18.558598, 14.936444, 13.690349, 12.175967, 10.192311, 8.574709, 10.030731, 8.9095, 8.79248, 9.422714, 10.622714, 12.607622, 14.606471, 16.130958, 17.649445, 18.609243, 18.888528, 18.888528, 18.32481, 17.207546, 15.938473, 14.659569, 13.334738, 12.41971, 12.377176, 12.911354, 14.206352, 16.146406, 13.937334, 11.137334, 7.912431, 4.176123, 0.0, 0.0, 0.0]"
257,"[0.0, 0.0, 0.0, 0.0, 1.456022, 3.544083, 5.960692, 8.643974, 11.617188, 13.220578, 14.159065, 14.749115, 14.872968, 14.299754, 13.250317, 12.034845, 10.244738, 8.037605, 5.920447, 4.310472, 3.576428, 3.88303, 5.342156, 7.475923, 10.049137, 12.324715, 14.451217, 16.014245, 17.21979, 17.45282, 14.10021, 13.257686, 11.844604, 10.033527, 8.168924, 9.335114, 7.984002, 7.586007, 7.97493, 9.440423, 11.280892, 13.049773, 14.888354, 16.424662, 17.353837, 17.764779, 17.770975, 17.094531, 15.958222, 14.261522, 13.052993, 11.861502, 11.124356, 11.215081, 12.286743, 13.765488, 15.977939, 13.741871, 11.051146, 7.939876, 4.252058, 0.0, 0.0, 0.0]"
258,"[0.0, 0.0, 0.0, 0.0, 1.264911, 3.10882, 5.148428, 7.581533, 10.212122, 11.775638, 12.731729, 13.292121, 13.466697, 13.269213, 12.284695, 11.133937, 9.61097, 7.450503, 5.217398, 3.820702, 3.248493, 3.960315, 5.667167, 8.187461, 11.038732, 13.385147, 15.201844, 16.647778, 17.527484, 17.634877, 14.211429, 13.213558, 12.021877, 10.221877, 8.080911, 9.361536, 8.196075, 7.941822, 8.671644, 10.318777, 12.390763, 14.554094, 16.157687, 17.474942, 18.409975, 18.728876, 18.451988, 17.856607, 16.873094, 15.626017, 14.38761, 13.458947, 12.704988, 12.814638, 13.792346, 15.303858, 17.56862, 15.160301, 12.187087, 8.609378, 4.664762, 0.0, 0.0, 0.0]"
259,"[0.0, 0.0, 0.0, 0.0, 1.414214, 3.258122, 5.29773, 7.578081, 10.246414, 11.552494, 12.125195, 12.502196, 12.663156, 12.275174, 11.534779, 10.532384, 9.115775, 7.240149, 4.959798, 3.427113, 2.83752, 3.449972, 4.894261, 7.494261, 9.854182, 12.235804, 14.046801, 15.335311, 16.033795, 16.331496, 13.125252, 11.982155, 10.527579, 8.643308, 6.615506, 7.615506, 6.501346, 6.366238, 7.040085, 8.683347, 10.59539, 12.591478, 14.193266, 15.505205, 16.283482, 16.771438, 16.834063, 16.576342, 15.41241, 14.067905, 12.511813, 11.296885, 10.283626, 10.464167, 11.362969, 13.124611, 15.237741, 13.198134, 10.781524, 7.728657, 4.123106, 0.0, 0.0, 0.0]"
260,"[0.0, 0.0, 0.0, 0.0, 1.442221, 3.231075, 5.467143, 8.150424, 11.034865, 12.592645, 13.494515, 13.949172, 13.82714, 13.351018, 12.410144, 11.606216, 9.992524, 8.325701, 6.117382, 4.623942, 3.631573, 4.343394, 5.685035, 8.168317, 10.764909, 13.150725, 15.038826, 16.644633, 17.803226, 17.921192, 14.640948, 13.848434, 12.006559, 9.861741, 8.023718, 9.223718, 7.988519, 7.958291, 8.497302, 9.840759, 11.871858, 13.828167, 15.402405, 17.049634, 18.084951, 18.277301, 18.077627, 17.758521, 16.482905, 15.095015, 13.825632, 12.583086, 12.048907, 12.325668, 13.470271, 15.439311, 17.770421, 15.079696, 12.195255, 8.617547, 4.494441, 0.0, 0.0, 0.0]"
261,"[0.0, 0.0, 0.0, 0.0, 1.8, 4.2, 7.2, 10.4, 14.005551, 15.811103, 17.06076, 17.359245, 17.26408, 16.522092, 15.599823, 14.104231, 12.418198, 10.313363, 8.082255, 6.031429, 5.291576, 5.679125, 7.087444, 9.461647, 12.51701, 15.278919, 17.706107, 19.684131, 21.063814, 21.400919, 17.224796, 15.750572, 14.047511, 11.815234, 9.601389, 11.015603, 9.67509, 8.971707, 9.363226, 10.380576, 12.504723, 14.569227, 16.559215, 18.136736, 19.308309, 19.54354, 19.538097, 19.066781, 18.105953, 16.547264, 15.319256, 13.980125, 12.955417, 12.852551, 14.01124, 15.665656, 18.13744, 15.663577, 12.604165, 9.004165, 4.804165, 0.0, 0.0, 0.0]"
262,"[0.0, 0.0, 0.0, 0.0, 1.414214, 3.214214, 5.414214, 8.214214, 11.021347, 12.613793, 13.64222, 14.354264, 14.084086, 13.617892, 12.581005, 11.365029, 9.530018, 7.400196, 5.50647, 4.556502, 4.54405, 5.67609, 7.684409, 10.263744, 12.542425, 14.678733, 16.519352, 18.234139, 19.147133, 19.52016, 15.783852, 14.959064, 13.252567, 11.282796, 9.223735, 10.836187, 9.400138, 9.109558, 9.860081, 11.247629, 13.196076, 15.407222, 17.16449, 18.469119, 19.494041, 19.872685, 19.735327, 19.344879, 18.630546, 17.384112, 16.164863, 14.847806, 13.962637, 13.782543, 14.356666, 15.911883, 18.232509, 15.624828, 12.494333, 9.141722, 4.86621, 0.0, 0.0, 0.0]"
263,"[0.0, 0.0, 0.0, 0.0, 1.612452, 3.652059, 6.085164, 8.715754, 11.522887, 13.11668, 14.277072, 14.651101, 14.827645, 14.651101, 13.484465, 12.128374, 10.537792, 8.750462, 6.567087, 5.3521, 4.708191, 5.291639, 6.271835, 8.424621, 10.806244, 13.012121, 14.899939, 16.636247, 17.772556, 18.110321, 14.704443, 13.802303, 12.105603, 10.180372, 8.236362, 9.501274, 8.129809, 7.976998, 8.329252, 9.613693, 11.511059, 13.37709, 15.028655, 16.259436, 16.913357, 17.031323, 16.751079, 16.212718, 15.226924, 13.951305, 12.671061, 11.825127, 10.835102, 11.026783, 11.970285, 13.575836, 15.441721, 13.431745, 10.831745, 7.625502, 4.01995, 0.0, 0.0, 0.0]"
264,"[0.0, 0.0, 0.0, 0.0, 1.649242, 3.493151, 5.647217, 8.367511, 10.9981, 12.375407, 13.538158, 14.384092, 14.263798, 14.041527, 13.024953, 11.829371, 10.045924, 8.445924, 6.484818, 5.299464, 4.688387, 5.084286, 6.094261, 8.254729, 10.430108, 12.430108, 14.223533, 15.637007, 16.452774, 16.751259, 13.551259, 12.775971, 11.362497, 9.739049, 7.657117, 8.937742, 7.721366, 7.598187, 8.034255, 9.500984, 11.273227, 13.021291, 14.296772, 15.340948, 16.051779, 15.827339, 15.493488, 14.876795, 14.00487, 12.610758, 11.841456, 11.052637, 10.507053, 10.706415, 11.732964, 13.166688, 15.206296, 13.206296, 10.598615, 7.572065, 4.079216, 0.0, 0.0, 0.0]"
265,"[0.0, 0.0, 0.0, 0.0, 1.456022, 3.425794, 5.766734, 8.366734, 11.145222, 12.573641, 13.324164, 13.825758, 13.771342, 13.255595, 12.497183, 11.497354, 9.935445, 7.955546, 6.092804, 4.532461, 4.092621, 4.532461, 6.247126, 8.56742, 11.001735, 12.976874, 14.650522, 16.057989, 16.898593, 17.227257, 13.971492, 13.297674, 11.589755, 9.749322, 7.87668, 9.47668, 8.567463, 8.928504, 9.737861, 11.193883, 12.698718, 14.186126, 15.46734, 16.543069, 17.236576, 17.331741, 17.033257, 16.211103, 15.005551, 13.609072, 12.378844, 11.659195, 11.267514, 11.710048, 12.829639, 14.580082, 16.626393, 14.218074, 11.37554, 8.046877, 4.326662, 0.0, 0.0, 0.0]"
266,"[0.0, 0.0, 0.0, 0.0, 1.811077, 4.020149, 6.827283, 9.833942, 13.033942, 14.422865, 15.420037, 15.639452, 15.46122, 14.791042, 13.931982, 12.374981, 10.368235, 8.339808, 6.092829, 4.551889, 4.302647, 5.09392, 6.702239, 9.426055, 11.826055, 14.031606, 16.025789, 17.438465, 18.053959, 18.152444, 14.546893, 13.174738, 11.164821, 9.142667, 7.300204, 8.580829, 7.760175, 7.793007, 8.722829, 10.240021, 12.269985, 14.057534, 15.613625, 16.582374, 16.937824, 16.627235, 15.947529, 15.15521, 13.936989, 12.578097, 11.389175, 10.479957, 10.213216, 10.906079, 12.336308, 14.196743, 16.410588, 14.069648, 11.096434, 7.696434, 4.024922, 0.0, 0.0, 0.0]"
267,"[0.0, 0.0, 0.0, 0.0, 1.8, 4.0, 6.807134, 9.813793, 12.840342, 14.066891, 14.971726, 15.137806, 14.731147, 14.121207, 13.064429, 11.415616, 9.462207, 7.262207, 5.740025, 4.790057, 4.946487, 6.162751, 8.591178, 10.995235, 13.838073, 16.165164, 17.868639, 19.065135, 19.649948, 19.285877, 15.346334, 14.014472, 12.048676, 10.009287, 8.110716, 9.723167, 9.085258, 9.306483, 10.182868, 11.467309, 13.183521, 14.712321, 16.103482, 16.960896, 17.569305, 17.593253, 17.256959, 16.558661, 15.397561, 13.963838, 12.737256, 11.634104, 11.190713, 11.878938, 13.50763, 15.202596, 17.561614, 15.031792, 11.926957, 8.239139, 4.418144, 0.0, 0.0, 0.0]"
268,"[0.0, 0.0, 0.0, 0.0, 1.720465, 3.779591, 6.387272, 9.165761, 11.94425, 13.196998, 14.049916, 13.87534, 13.332919, 12.763503, 11.402741, 9.90491, 8.296426, 6.343201, 4.581343, 3.863318, 4.16957, 5.404075, 7.899721, 10.583002, 13.181425, 15.323601, 16.952293, 18.057102, 18.614425, 18.346478, 14.483836, 13.624446, 11.977216, 10.176194, 8.671756, 10.460611, 9.868252, 10.065289, 11.205042, 12.70948, 14.542779, 15.994529, 17.444722, 18.347549, 18.858954, 18.589411, 18.063871, 17.092617, 15.596346, 14.06911, 12.925571, 12.179903, 11.988153, 12.555048, 14.033793, 16.067362, 18.176236, 15.455942, 12.455942, 8.768124, 4.525483, 0.0, 0.0, 0.0]"
269,"[0.0, 0.0, 0.0, 0.0, 1.720465, 3.983207, 6.391526, 9.502796, 12.34533, 13.624865, 14.246564, 14.616734, 14.105464, 13.498998, 12.342907, 11.070917, 9.312232, 7.159446, 5.206221, 4.186933, 3.651514, 4.518507, 6.479612, 9.039303, 11.470446, 13.954312, 15.566087, 16.656339, 17.213805, 17.088536, 13.527637, 12.445676, 10.833901, 8.848114, 7.173641, 8.773641, 8.200941, 8.843967, 10.402967, 12.109222, 13.861833, 15.754233, 17.107708, 17.955489, 18.415366, 18.268999, 17.559239, 16.504369, 15.024314, 13.461286, 12.381071, 11.962203, 12.10699, 13.628691, 15.886972, 18.378301, 20.770621, 17.797407, 13.934765, 9.617359, 5.0, 0.0, 0.0, 0.0]"
270,"[0.0, 0.0, 0.0, 0.0, 2.126029, 4.40638, 7.126674, 10.011115, 13.236018, 14.240484, 14.933347, 15.125097, 14.673761, 13.65793, 12.338512, 10.779512, 8.867468, 6.881576, 5.072504, 4.155854, 4.354092, 5.413218, 7.573686, 10.304181, 12.720343, 14.460502, 16.137684, 17.413301, 17.90496, 18.216525, 14.863914, 13.560711, 11.521322, 9.688022, 7.480082, 9.092533, 8.470505, 8.826597, 9.837742, 11.623529, 13.616628, 15.610811, 17.231805, 18.119623, 18.607441, 18.300374, 17.59995, 16.21206, 14.724242, 12.847501, 11.518789, 10.694304, 10.981494, 12.110157, 14.019295, 16.376185, 18.933189, 16.212895, 12.884231, 9.164016, 4.837355, 0.0, 0.0, 0.0]"
271,"[0.0, 0.0, 0.0, 0.0, 1.788854, 3.84798, 6.26459, 9.043078, 11.927519, 13.138665, 13.922073, 14.051048, 13.680878, 13.076788, 11.963584, 10.733502, 9.082345, 7.239711, 5.35936, 4.366991, 4.168753, 5.400355, 7.242989, 9.685523, 12.04686, 14.352861, 16.11013, 17.373323, 18.202301, 18.346537, 14.626321, 13.521513, 11.909127, 9.95808, 8.170531, 9.782983, 8.815571, 9.18955, 10.297512, 11.909964, 13.919666, 15.929584, 17.301738, 18.273311, 18.648408, 18.232498, 17.418163, 16.412903, 15.021222, 13.65729, 12.510172, 11.766255, 11.686549, 12.606893, 14.042337, 16.374111, 18.948724, 16.22843, 12.899766, 9.228254, 4.837355, 0.0, 0.0, 0.0]"
272,"[0.0, 0.0, 0.0, 0.0, 1.788854, 4.205464, 6.622073, 9.575037, 12.627905, 14.119294, 14.813955, 15.37056, 15.137889, 14.32109, 13.276914, 11.778095, 9.881915, 7.727306, 6.291238, 4.949597, 4.751359, 5.800355, 7.79592, 10.276164, 12.987288, 15.517691, 17.509914, 18.888207, 19.470605, 19.542009, 15.597392, 14.264818, 12.561342, 10.419166, 8.354662, 10.003904, 9.418227, 9.782159, 11.068353, 12.855902, 14.812211, 16.612211, 18.017207, 19.030498, 19.318316, 19.334919, 18.361468, 17.184898, 15.764948, 14.286203, 13.004989, 12.58612, 12.477987, 13.283865, 14.895787, 16.95939, 19.351709, 16.631415, 13.225538, 9.404543, 5.0, 0.0, 0.0, 0.0]"
273,"[0.0, 0.0, 0.0, 0.0, 1.456022, 3.244876, 5.131673, 7.572984, 10.134233, 11.239461, 12.011856, 12.566371, 12.566371, 12.159188, 11.386792, 9.902576, 8.285886, 6.127417, 4.420565, 3.763081, 4.406513, 5.707921, 8.253506, 11.212169, 13.641697, 15.641447, 17.56511, 18.854934, 19.393674, 19.232775, 15.51256, 14.07055, 12.078327, 9.854175, 8.493783, 10.493783, 10.493783, 11.196181, 12.899164, 14.879507, 17.098512, 18.69559, 20.067163, 20.843714, 20.828761, 20.614753, 19.809994, 18.609994, 17.217128, 15.932425, 14.535109, 14.108323, 14.219592, 15.233453, 16.917702, 19.310021, 21.498203, 18.386933, 14.565938, 10.161395, 5.161395, 0.0, 0.0, 0.0]"
274,"[0.0, 0.0, 0.0, 0.0, 1.612452, 3.84852, 6.4562, 9.409165, 12.53966, 13.900422, 14.576398, 14.797145, 14.672607, 14.149793, 13.376579, 12.064535, 10.236108, 7.854895, 5.694427, 4.514231, 4.526683, 5.867623, 8.206087, 11.251723, 13.775928, 16.092853, 17.831129, 19.124667, 19.452811, 19.332251, 15.402874, 13.954248, 12.029098, 9.820555, 8.009558, 9.62201, 9.191421, 9.837355, 11.424903, 13.212452, 15.604997, 17.823141, 19.441286, 20.320501, 20.803799, 20.291652, 18.785551, 16.997996, 15.127853, 13.25453, 11.915746, 11.445014, 11.925694, 13.277521, 15.547733, 18.062714, 20.720422, 17.609152, 14.048253, 9.768067, 5.09902, 0.0, 0.0, 0.0]"
275,"[0.0, 0.0, 0.0, 0.0, 2.039608, 4.275676, 6.906265, 9.734692, 13.033177, 14.34618, 15.240607, 15.740513, 15.86505, 15.174247, 14.057704, 12.716063, 10.662601, 8.509636, 6.467641, 5.308606, 5.168994, 6.328029, 8.356456, 11.334779, 14.187123, 16.587572, 18.659636, 19.954314, 20.533411, 20.181743, 16.132052, 14.240529, 12.157031, 9.433926, 7.312239, 8.726453, 8.19664, 8.764713, 10.317677, 12.302585, 14.771669, 17.007979, 18.523404, 19.530237, 19.766262, 19.163208, 18.013317, 16.152953, 14.319184, 12.431083, 11.160814, 10.3876, 10.755448, 11.98203, 13.870131, 16.168287, 18.650167, 16.019578, 12.666967, 8.990012, 4.68188, 0.0, 0.0, 0.0]"
276,"[0.0, 0.0, 0.0, 0.0, 1.612452, 3.423529, 5.831847, 8.660275, 11.488702, 12.704677, 13.805644, 13.997325, 13.585507, 12.816206, 11.776634, 10.145214, 8.439642, 6.423032, 4.81112, 4.022266, 4.552718, 6.06661, 8.46661, 11.219396, 13.84155, 15.851468, 17.264143, 18.347441, 18.835259, 18.511589, 14.690594, 13.078672, 10.795374, 8.563579, 6.679308, 8.468162, 8.495158, 9.807202, 11.456015, 13.77811, 16.038947, 17.85257, 18.880069, 19.800157, 19.562419, 18.737631, 17.572381, 16.240519, 14.185368, 12.497874, 11.084048, 10.540547, 10.532866, 11.787997, 13.697135, 16.44676, 18.825989, 16.225989, 13.001086, 9.280871, 4.720169, 0.0, 0.0, 0.0]"
277,"[0.0, 0.0, 0.0, 0.0, 1.720465, 3.846494, 6.407744, 9.128038, 12.101252, 13.492057, 14.339241, 14.751205, 14.592161, 14.060258, 12.835785, 11.475022, 9.396236, 7.2822, 5.406574, 4.596811, 4.633601, 6.080114, 8.763396, 11.59771, 14.126229, 16.526678, 18.235429, 19.074821, 19.235719, 18.910412, 14.860721, 13.25234, 11.071308, 8.924623, 7.100401, 8.820866, 8.505584, 9.437024, 11.303054, 13.407931, 15.508461, 17.342229, 18.591822, 19.281465, 19.326117, 18.946053, 17.939219, 16.577014, 14.587026, 12.70194, 11.270985, 10.31802, 10.31802, 11.442956, 13.410309, 15.71774, 18.71774, 16.110059, 13.005224, 9.317407, 5.0, 0.0, 0.0, 0.0]"
278,"[0.0, 0.0, 0.0, 0.0, 2.088061, 4.617883, 7.338178, 10.443012, 13.674111, 15.0789, 15.859667, 16.092337, 15.765991, 14.976203, 13.646684, 11.948547, 10.337223, 8.358734, 6.765951, 5.944261, 6.229176, 7.417358, 9.722193, 12.291266, 14.812267, 17.301243, 19.243556, 20.256974, 20.612964, 20.355874, 15.969532, 13.938707, 11.717821, 9.344229, 7.152891, 8.849948, 8.571967, 9.115912, 10.668876, 12.860214, 15.005032, 16.811588, 18.340164, 19.357086, 19.593409, 19.031778, 18.061892, 16.533316, 14.543329, 12.545363, 11.162486, 10.162486, 10.195038, 11.319974, 13.270798, 15.741497, 18.741497, 16.267634, 13.162799, 9.368066, 5.0, 0.0, 0.0, 0.0]"
279,"[0.0, 0.0, 0.0, 0.0, 2.009975, 4.418294, 7.086627, 10.146039, 13.444523, 14.539383, 15.362163, 15.557394, 15.181264, 14.21516, 13.273656, 11.565712, 9.9187, 8.06004, 6.727659, 6.087483, 6.65239, 8.156131, 10.749112, 13.543845, 16.407033, 18.970853, 20.90244, 22.1496, 22.681528, 22.068778, 17.416897, 15.543504, 13.032809, 10.517224, 8.554709, 10.52448, 10.026342, 10.700704, 12.283739, 14.149617, 16.149732, 17.992487, 19.490722, 20.214861, 20.562828, 20.085791, 19.193785, 17.730687, 15.944816, 13.763803, 12.114862, 10.971824, 10.715941, 11.58356, 13.739651, 16.500088, 19.216192, 16.608511, 13.408511, 9.408511, 4.804165, 0.0, 0.0, 0.0]"
280,"[0.0, 0.0, 0.0, 0.0, 1.6, 3.6, 5.8, 8.4, 11.207134, 12.414268, 13.242695, 13.762989, 13.883283, 13.230215, 12.211936, 10.460541, 8.634675, 6.11438, 4.360315, 3.591264, 4.163473, 5.505114, 8.133541, 11.15699, 13.742737, 16.093495, 18.057427, 19.233997, 19.416099, 19.216425, 15.216425, 13.616425, 11.621404, 9.628304, 7.942892, 9.592134, 9.228202, 10.025361, 11.836358, 13.738047, 16.16802, 18.055058, 19.485848, 20.300323, 20.617712, 20.215452, 19.402935, 17.950689, 15.948833, 14.20929, 12.571943, 11.677963, 11.612579, 12.782388, 14.542186, 17.310905, 19.985464, 17.26517, 13.859293, 9.899495, 5.091169, 0.0, 0.0, 0.0]"
281,"[0.0, 0.0, 0.0, 0.0, 1.6, 3.4, 5.6, 8.008319, 10.836746, 11.766568, 12.49639, 12.712999, 12.72129, 11.951989, 11.211021, 9.758232, 7.788836, 5.772227, 4.160315, 3.391264, 4.125308, 6.086413, 8.493547, 11.271237, 13.939251, 16.05755, 18.07642, 19.318977, 20.143766, 19.948798, 16.019421, 14.504276, 12.663657, 10.425043, 8.721048, 10.983789, 10.679426, 11.354795, 12.943718, 15.038161, 16.77542, 18.167739, 19.535356, 20.239013, 20.315513, 20.003331, 19.259095, 17.849571, 16.154233, 14.253561, 12.801811, 11.946047, 11.93194, 12.876232, 14.679748, 16.938121, 19.597765, 16.769338, 13.416727, 9.554085, 5.059644, 0.0, 0.0, 0.0]"
282,"[0.0, 0.0, 0.0, 0.0, 1.612452, 3.821524, 6.421524, 9.221524, 12.228183, 13.622391, 14.439868, 14.751912, 14.672206, 14.006487, 13.153893, 11.776586, 9.884346, 7.964052, 6.188798, 5.054535, 5.054535, 6.665321, 8.970156, 11.89732, 14.740158, 17.32884, 19.006382, 20.373683, 21.352969, 21.434944, 17.19702, 16.019384, 13.888188, 11.426027, 9.130653, 11.366721, 10.797475, 11.567805, 12.963707, 15.135459, 17.003048, 18.545456, 19.838729, 20.873572, 21.102269, 20.398612, 19.519858, 18.06828, 16.06887, 13.739644, 12.49371, 11.477879, 11.324914, 12.28948, 14.574012, 17.037305, 19.644871, 16.844871, 13.438993, 9.433996, 4.816638, 0.0, 0.0, 0.0]"
283,"[0.0, 0.0, 0.0, 0.0, 1.697056, 3.676955, 6.22254, 8.913264, 11.913264, 13.378486, 14.351551, 14.669531, 14.699101, 14.172964, 13.48455, 12.342662, 10.69565, 8.975356, 7.133948, 5.484706, 5.196784, 6.312612, 8.265577, 10.94371, 13.981731, 16.483498, 18.519184, 19.934285, 20.799818, 20.624995, 16.600072, 14.9523, 12.916615, 10.720392, 8.645025, 10.733087, 10.612793, 11.480412, 13.100513, 15.493058, 17.609756, 19.252397, 20.327908, 21.00342, 21.077639, 20.171364, 19.033558, 17.42638, 15.559187, 13.88829, 12.743872, 12.417525, 13.143305, 14.411941, 16.529106, 19.191678, 21.794639, 18.400526, 14.723571, 10.198087, 5.38145, 0.0, 0.0, 0.0]"
284,"[0.0, 0.0, 0.0, 0.0, 1.843909, 4.12426, 6.669844, 9.498271, 12.622371, 14.058706, 14.73132, 15.0493, 14.904154, 14.309876, 13.117694, 11.687884, 9.82432, 8.141038, 6.811216, 6.137368, 6.583985, 8.447549, 10.758138, 13.42078, 16.24449, 18.701908, 20.592289, 21.950747, 22.363617, 22.368334, 17.941145, 16.292034, 14.306269, 12.311108, 10.348818, 13.0321, 12.647559, 13.262762, 15.061627, 17.149342, 18.893249, 21.11259, 22.753741, 23.24399, 23.34806, 22.592383, 21.324259, 19.248188, 17.399018, 15.335201, 14.263689, 13.312471, 13.759496, 15.064124, 17.127941, 19.71639, 22.723225, 19.412635, 15.387713, 10.915577, 5.727128, 0.0, 0.0, 0.0]"
285,"[0.0, 0.0, 0.0, 0.0, 1.897367, 4.229747, 6.913029, 9.865994, 13.028271, 14.411148, 15.202868, 15.643686, 15.381446, 14.499519, 13.499626, 12.072583, 10.390703, 8.5246, 7.244249, 6.406118, 6.688961, 7.937465, 10.506957, 13.183912, 15.864797, 18.325619, 20.405638, 21.676287, 22.664093, 22.65924, 18.218519, 16.610053, 14.490876, 12.267425, 10.237234, 12.645553, 12.489935, 13.200115, 14.803553, 16.958133, 19.15416, 20.751846, 22.296082, 22.855678, 22.817797, 22.2582, 21.303512, 19.510171, 17.505826, 15.709385, 13.818702, 12.859769, 12.97721, 14.219084, 16.251486, 19.09742, 21.686847, 18.562747, 14.720872, 10.280152, 5.280152, 0.0, 0.0, 0.0]"
286,"[0.0, 0.0, 0.0, 0.0, 1.456022, 3.610088, 5.951028, 8.671322, 11.583366, 12.955771, 13.608839, 14.075033, 13.954739, 13.242695, 12.014268, 10.607134, 8.6, 6.282843, 4.882843, 4.359876, 4.74873, 6.28967, 8.918871, 11.417356, 14.161317, 16.392413, 18.05647, 19.144426, 19.645942, 19.224947, 15.204997, 13.807681, 11.847289, 9.65974, 7.980205, 9.76906, 9.881673, 10.754109, 12.634507, 14.79734, 17.246409, 18.764039, 20.146178, 20.94751, 21.008829, 20.544497, 19.531476, 18.190259, 16.237017, 14.501472, 12.936952, 12.432343, 12.452592, 13.869311, 16.132375, 18.842652, 21.406296, 18.433082, 14.675423, 10.203287, 5.283938, 0.0, 0.0, 0.0]"
287,"[0.0, 0.0, 0.0, 0.0, 1.414214, 3.394113, 5.955362, 8.516612, 11.236906, 12.542987, 13.516052, 13.74048, 13.59584, 13.029611, 11.95856, 10.082628, 7.744164, 5.774768, 4.186388, 3.668516, 4.571382, 6.386911, 8.912911, 11.753103, 14.505029, 16.574822, 18.256697, 19.406588, 19.75837, 19.367922, 15.318231, 13.981295, 11.984219, 9.839012, 7.995404, 9.995404, 10.018312, 11.117186, 12.997584, 15.23164, 17.649784, 19.437339, 20.612436, 21.519586, 21.641286, 21.028401, 20.016134, 18.416134, 16.623815, 14.854886, 13.285694, 12.441067, 12.61428, 13.567498, 15.381122, 17.915798, 20.739713, 17.766499, 14.2056, 10.155909, 5.385165, 0.0, 0.0, 0.0]"
288,"[0.0, 0.0, 0.0, 0.0, 1.886796, 4.494477, 7.214771, 10.495015, 13.900892, 15.419974, 16.21817, 16.77812, 16.21817, 15.253604, 13.734523, 12.04911, 9.900237, 7.627157, 6.080273, 5.474102, 5.640433, 6.950373, 9.223453, 11.734904, 14.275273, 16.348275, 17.876851, 19.206248, 19.520586, 19.140521, 15.180723, 13.931131, 11.861338, 9.753575, 7.726858, 9.141072, 8.574844, 9.011554, 10.352067, 12.337853, 14.681299, 16.466776, 17.912808, 18.696152, 18.98397, 18.649759, 17.538643, 16.306591, 14.911223, 13.110201, 11.666652, 11.074292, 10.679771, 11.443666, 13.179024, 15.474637, 18.104779, 15.868711, 12.763876, 9.141722, 4.86621, 0.0, 0.0, 0.0]"
289,"[0.0, 0.0, 0.0, 0.0, 2.039608, 4.380548, 7.166225, 10.296721, 13.427216, 14.440475, 15.152403, 15.087019, 14.517774, 13.650021, 12.577052, 10.938398, 9.112531, 6.951281, 5.582967, 5.05909, 5.798942, 7.321124, 10.051619, 12.762744, 15.026937, 17.153058, 19.140992, 20.253137, 20.607384, 20.708163, 16.427976, 14.85186, 12.735249, 10.564305, 8.355762, 10.39537, 9.907883, 10.734818, 12.170867, 13.958415, 15.676467, 17.27507, 18.630237, 19.643258, 20.366363, 20.296522, 19.383528, 18.180232, 16.283248, 14.39621, 12.834421, 12.249183, 11.930026, 12.751364, 14.251604, 16.401086, 18.628822, 15.843145, 12.680867, 8.944559, 4.669047, 0.0, 0.0, 0.0]"
290,"[0.0, 0.0, 0.0, 0.0, 1.897367, 4.051433, 6.581255, 9.444819, 12.397783, 13.662695, 14.508629, 14.669531, 14.351551, 13.944171, 12.625803, 11.322859, 9.632134, 7.68655, 5.773421, 4.929512, 4.844907, 6.177288, 8.355777, 11.003565, 13.541926, 15.60643, 17.243936, 18.307322, 18.868952, 18.936142, 15.259187, 13.730611, 11.868636, 9.639213, 7.844739, 9.655816, 9.688368, 10.428763, 12.04741, 13.924151, 16.19229, 17.797642, 19.319989, 20.293649, 20.605831, 20.126616, 19.2474, 18.004759, 16.208319, 14.682182, 13.236248, 12.477559, 12.305986, 13.436029, 14.932052, 17.218707, 19.463545, 16.635118, 13.096757, 9.12687, 4.68615, 0.0, 0.0, 0.0]"
291,"[0.0, 0.0, 0.0, 0.0, 1.442221, 3.605551, 6.046862, 8.825351, 11.688915, 13.110259, 13.667222, 13.894244, 13.589619, 12.73603, 11.672465, 10.352171, 8.50846, 6.883124, 5.673149, 5.089702, 5.587068, 7.292269, 9.548576, 12.047061, 14.875258, 16.982888, 18.458063, 19.553228, 20.254743, 19.815545, 15.810548, 14.405551, 12.215526, 10.303588, 8.541945, 10.705276, 10.788558, 11.642147, 12.864675, 14.513615, 16.021797, 17.456767, 18.593203, 19.405719, 19.882756, 19.749606, 19.025466, 17.853893, 16.421512, 14.784006, 13.775467, 13.049688, 13.427504, 14.33678, 16.204399, 18.278922, 20.814434, 17.608191, 14.008191, 9.808191, 5.203845, 0.0, 0.0, 0.0]"
292,"[0.0, 0.0, 0.0, 0.0, 1.979899, 4.525483, 7.216208, 10.340308, 13.620552, 15.139224, 15.904229, 16.444603, 16.184067, 15.624117, 14.213608, 12.800385, 11.092441, 9.360247, 7.856506, 7.168445, 7.281053, 8.426231, 10.550625, 12.98373, 15.82637, 18.021154, 19.952822, 21.301403, 22.256091, 22.018448, 17.813688, 16.213688, 14.217024, 11.700739, 9.859073, 12.139424, 11.580735, 11.973054, 13.383564, 14.825784, 16.545434, 18.227228, 19.469869, 20.213938, 20.578274, 20.116635, 19.273773, 18.155232, 16.603316, 15.074741, 13.86876, 13.118339, 13.053651, 13.56917, 15.132855, 17.40482, 19.679163, 16.619751, 13.413508, 9.408511, 4.804165, 0.0, 0.0, 0.0]"
293,"[0.0, 0.0, 0.0, 0.0, 1.612452, 3.892802, 6.583527, 9.411954, 12.536054, 14.047703, 14.929629, 15.191869, 15.141931, 14.350212, 13.195883, 11.646057, 9.824464, 7.870596, 6.738215, 6.579521, 7.496891, 9.085814, 11.678795, 14.273528, 16.541667, 18.287356, 20.206027, 21.392772, 21.802798, 21.728579, 17.453067, 15.820761, 13.690279, 11.8179, 10.093254, 12.534565, 12.306395, 13.143121, 14.482252, 16.320153, 18.205503, 19.867735, 20.997867, 21.712697, 21.837086, 21.480311, 20.577952, 19.531344, 17.973428, 16.509276, 15.402954, 14.969428, 14.781559, 15.558683, 16.984954, 18.925554, 21.224422, 18.018178, 14.412627, 10.207867, 5.403702, 0.0, 0.0, 0.0]"
294,"[0.0, 0.0, 0.0, 0.0, 1.414214, 3.502275, 6.032097, 8.895661, 11.759225, 13.297976, 13.988404, 14.458582, 14.036329, 13.453115, 12.34406, 11.007791, 9.007791, 7.36648, 6.42777, 6.280918, 7.119048, 8.809773, 11.133873, 13.469187, 15.742017, 17.584772, 19.220709, 20.214861, 20.311498, 19.840183, 15.717077, 14.08114, 12.508473, 10.898211, 9.487701, 11.89602, 12.205295, 12.859711, 14.29638, 16.208319, 18.004759, 19.2474, 20.322912, 21.090977, 21.2671, 20.857074, 19.912918, 18.742241, 17.042508, 15.466385, 14.279333, 13.701143, 13.827407, 15.021716, 16.893851, 19.474619, 22.120888, 18.889789, 15.027148, 10.555012, 5.366563, 0.0, 0.0, 0.0]"
295,"[0.0, 0.0, 0.0, 0.0, 1.612452, 4.118444, 6.801726, 9.580215, 12.580215, 14.223527, 14.973299, 15.401287, 15.465332, 14.745683, 13.65325, 12.241394, 10.261495, 8.243582, 7.179784, 6.458674, 6.594664, 8.305827, 10.73697, 13.208235, 15.48623, 17.556022, 19.104388, 20.053383, 20.415257, 20.371997, 16.322305, 14.614687, 12.690279, 10.484497, 8.704908, 10.91398, 10.630699, 11.357007, 12.918975, 15.021609, 17.21708, 19.2578, 20.691862, 21.3652, 21.350172, 20.55118, 19.341558, 17.764402, 16.15905, 14.574078, 13.376845, 12.675569, 12.9425, 14.518328, 16.612769, 18.869211, 21.724554, 18.594059, 14.544367, 10.049926, 5.385165, 0.0, 0.0, 0.0]"
296,"[0.0, 0.0, 0.0, 0.0, 1.979899, 4.525483, 7.636753, 10.892517, 14.148281, 15.729281, 16.51236, 16.531586, 16.05431, 15.481828, 14.08426, 12.368048, 10.368924, 8.590435, 7.307153, 6.666977, 7.395465, 9.310404, 11.620993, 13.897948, 16.612718, 18.4479, 19.962293, 21.12384, 21.491634, 21.100787, 16.924664, 15.276006, 13.14481, 10.94397, 8.940802, 11.281742, 10.843561, 11.562033, 13.170659, 15.173827, 16.912103, 18.614362, 19.792874, 20.545098, 20.545098, 19.776472, 18.730844, 17.271409, 15.40759, 13.769585, 12.658996, 12.002364, 12.13592, 13.026078, 14.493961, 16.680304, 19.12579, 16.213746, 12.982647, 9.305692, 4.91935, 0.0, 0.0, 0.0]"
297,"[0.0, 0.0, 0.0, 0.0, 2.0, 4.2, 6.8, 9.6, 12.806244, 14.031147, 14.659574, 14.779868, 14.700162, 13.647984, 12.072324, 10.65811, 8.737816, 6.583207, 5.448945, 5.412154, 6.207013, 8.214147, 10.873365, 13.736858, 16.053783, 17.894402, 19.3954, 20.464679, 20.525998, 20.174331, 16.124639, 14.602185, 12.347611, 10.412969, 8.989327, 11.225394, 11.000967, 12.072629, 13.739609, 15.708648, 17.877124, 19.596061, 20.875691, 21.492917, 21.127471, 20.480586, 19.693249, 18.255314, 16.568813, 15.372404, 14.175995, 13.468823, 13.427902, 14.313071, 15.831037, 17.938834, 20.216752, 17.304708, 13.811858, 9.732643, 5.063596, 0.0, 0.0, 0.0]"
298,"[0.0, 0.0, 0.0, 0.0, 2.009975, 4.617656, 7.42479, 10.631034, 14.031034, 15.421059, 16.019622, 16.040915, 15.663098, 14.893687, 13.533295, 11.939503, 10.111076, 8.10727, 6.553713, 6.126557, 6.714106, 8.521239, 11.120067, 13.864029, 16.330793, 18.642998, 20.073788, 20.958472, 21.445609, 21.124052, 16.611847, 15.094217, 13.022153, 10.714021, 8.605604, 10.492401, 10.034848, 10.771994, 12.177871, 14.089528, 16.023726, 17.720782, 18.999627, 19.716855, 20.039254, 19.65919, 18.752259, 17.220495, 15.5387, 13.781432, 12.129356, 11.312557, 11.222852, 11.987785, 13.661756, 15.872901, 18.041376, 15.410787, 12.204543, 8.404543, 4.404543, 0.0, 0.0, 0.0]"
299,"[0.0, 0.0, 0.0, 0.0, 2.209072, 4.816753, 7.623887, 10.623887, 14.023887, 15.220692, 16.03646, 16.334161, 16.246205, 15.187145, 13.935333, 12.161127, 10.076096, 7.988673, 6.472354, 5.732502, 6.08326, 7.671137, 9.653649, 12.234906, 14.442846, 16.522062, 18.037486, 19.092994, 19.549758, 19.238193, 15.158978, 13.756166, 11.9035, 9.65331, 7.955172, 9.675637, 8.84214, 9.439845, 10.957889, 12.786368, 14.786118, 16.619536, 17.83285, 18.523349, 18.759375, 18.445037, 17.698036, 16.139783, 14.444817, 12.654658, 11.288389, 10.515175, 10.860114, 11.760634, 13.366688, 15.406296, 17.523702, 14.916021, 11.889472, 8.396622, 4.317407, 0.0, 0.0, 0.0]"
300,"[0.0, 0.0, 0.0, 0.0, 1.612452, 3.84852, 6.265129, 9.050806, 12.02402, 13.323613, 13.999589, 14.411406, 14.23341, 13.469268, 12.157224, 10.64518, 8.641374, 6.316536, 4.907464, 4.384497, 4.773351, 6.365339, 9.05571, 11.74856, 14.554825, 16.785921, 18.389262, 19.421045, 19.933192, 19.455772, 15.435821, 14.023552, 12.058163, 9.939962, 8.420881, 10.574947, 10.68756, 11.946437, 13.552491, 15.595071, 17.564111, 19.081741, 20.091388, 20.721644, 20.736884, 20.191487, 19.178466, 17.823299, 16.041133, 14.332584, 12.954876, 12.360562, 12.319641, 13.471551, 15.285174, 17.55731, 19.759939, 16.847896, 13.355046, 9.305354, 4.833218, 0.0, 0.0, 0.0]"
301,"[0.0, 0.0, 0.0, 0.0, 1.612452, 3.821524, 6.429205, 9.257632, 12.169676, 13.469268, 14.23341, 14.411406, 13.999589, 12.974341, 11.674748, 9.778568, 7.817511, 5.848115, 4.78594, 4.629511, 5.788546, 7.684219, 10.53549, 13.254878, 15.921961, 17.980075, 19.650681, 20.401888, 20.90757, 20.558057, 16.263875, 14.480656, 12.667033, 10.617341, 8.883357, 11.119425, 11.232038, 12.276214, 13.837113, 15.92061, 17.964729, 19.848781, 20.959437, 21.69272, 21.69272, 21.089488, 19.837754, 18.232532, 16.54603, 14.984174, 13.74853, 12.812529, 12.65744, 13.473208, 14.931908, 17.107956, 19.754942, 17.124353, 13.700904, 9.680954, 5.063596, 0.0, 0.0, 0.0]"
302,"[0.0, 0.0, 0.0, 0.0, 1.979899, 4.670624, 7.794724, 11.074968, 14.355211, 15.980864, 16.78871, 16.975199, 16.55852, 15.808098, 14.356612, 12.381196, 10.412248, 8.373305, 7.043482, 6.412571, 7.043482, 8.565406, 11.051374, 13.714015, 16.428785, 18.642785, 20.147287, 21.505744, 21.918615, 21.72544, 17.357374, 15.657641, 13.14266, 10.711057, 8.278759, 10.432825, 10.172811, 11.025405, 12.787047, 15.219345, 17.340791, 19.207984, 20.56939, 21.201763, 21.181936, 20.399274, 19.434351, 17.92985, 16.221748, 14.2068, 12.723926, 11.501398, 11.321115, 11.953571, 13.549147, 15.979892, 18.891831, 16.20855, 13.046272, 9.440721, 5.0, 0.0, 0.0, 0.0]"
303,"[0.0, 0.0, 0.0, 0.0, 2.280351, 4.971076, 7.799503, 11.193615, 14.587728, 15.845738, 16.435257, 16.769108, 16.153484, 15.442653, 14.067623, 12.39983, 10.368924, 8.415056, 6.556395, 6.005516, 6.673416, 8.542045, 10.997667, 14.014921, 16.520721, 18.712506, 20.184642, 21.473862, 22.01833, 21.76272, 17.290584, 15.501729, 13.095596, 10.553163, 8.587888, 10.587888, 10.312925, 11.209006, 12.620861, 14.768244, 16.812994, 18.609434, 19.750023, 20.699018, 20.659265, 20.220067, 19.221551, 17.629232, 15.824473, 13.907537, 12.271758, 11.345865, 11.179495, 11.779495, 13.465026, 16.160016, 18.819301, 16.37799, 13.37799, 9.604397, 4.939636, 0.0, 0.0, 0.0]"
304,"[0.0, 0.0, 0.0, 0.0, 1.969772, 4.653053, 7.783548, 11.094137, 14.771093, 16.406872, 17.216441, 17.145357, 16.89418, 15.625543, 14.229064, 12.547292, 10.829521, 8.402564, 6.818867, 5.951435, 6.11013, 7.546978, 10.225111, 13.247567, 15.955618, 18.22377, 20.005983, 21.256096, 21.488234, 21.28562, 17.047696, 14.960857, 12.012607, 9.630448, 7.306526, 9.506526, 9.440981, 10.887942, 13.037962, 15.559557, 17.7641, 19.755781, 21.300715, 21.858182, 21.858182, 21.300715, 19.960127, 18.162915, 16.158372, 14.322694, 12.445389, 11.666328, 11.701729, 13.021944, 14.974602, 17.887453, 20.932513, 18.089978, 14.369763, 10.208033, 5.325411, 0.0, 0.0, 0.0]"
305,"[0.0, 0.0, 0.0, 0.0, 1.612452, 3.821524, 6.429205, 9.236338, 12.036338, 13.423887, 14.221474, 14.420927, 14.244382, 13.48399, 12.133232, 10.146377, 7.739243, 5.391497, 4.17651, 3.98329, 5.199554, 7.585231, 10.464666, 13.184054, 15.464341, 17.307488, 18.797322, 19.854049, 20.32999, 20.017131, 15.937915, 13.898471, 11.291918, 8.552593, 6.778387, 8.778387, 9.15, 10.564097, 12.706921, 15.077629, 17.296634, 19.293298, 20.466749, 21.24806, 21.233106, 20.619653, 19.421185, 18.028318, 16.423559, 14.65463, 13.285147, 12.142011, 12.055172, 12.680075, 14.201666, 16.617479, 19.634889, 16.914595, 13.689692, 9.932033, 5.280152, 0.0, 0.0, 0.0]"
306,"[0.0, 0.0, 0.0, 0.0, 1.886796, 4.494477, 7.214771, 10.495015, 13.900892, 15.691051, 16.489248, 17.049198, 16.489248, 15.524682, 13.734523, 12.04911, 9.663294, 7.343, 5.467374, 4.861203, 5.376805, 7.090059, 9.820554, 12.86042, 15.30001, 17.344129, 19.140992, 20.114153, 20.329597, 20.286337, 16.00615, 14.162856, 11.671651, 9.26487, 7.002128, 8.416342, 7.981121, 9.088964, 10.954994, 13.101679, 15.508461, 17.342229, 18.581733, 19.122484, 19.122484, 18.742419, 17.835489, 16.317002, 14.622037, 12.781603, 10.989915, 9.937048, 10.126326, 10.912341, 12.868831, 15.52772, 18.022161, 15.391572, 12.479528, 8.802573, 4.494441, 0.0, 0.0, 0.0]"
307,"[0.0, 0.0, 0.0, 0.0, 2.126029, 4.687279, 7.407573, 10.46044, 13.685344, 14.784217, 15.353463, 15.606383, 15.273809, 14.284974, 13.099679, 11.425206, 9.346419, 7.073339, 5.857074, 5.429918, 5.860692, 7.686559, 10.464249, 13.218037, 15.550202, 17.957588, 19.70943, 20.722451, 20.99855, 20.597942, 16.30376, 14.617302, 12.266174, 9.630696, 7.500901, 9.100901, 8.354831, 9.188329, 10.686159, 12.815955, 15.295171, 17.334778, 18.634434, 19.727387, 19.983378, 19.304163, 18.424947, 17.004997, 15.209072, 13.44868, 11.837534, 10.763564, 10.399632, 10.976237, 12.28924, 14.73831, 17.229639, 14.993571, 12.207893, 8.855283, 4.617359, 0.0, 0.0, 0.0]"
308,"[0.0, 0.0, 0.0, 0.0, 1.612452, 3.821524, 6.429205, 9.236338, 12.436338, 14.030131, 14.649486, 14.870232, 14.693687, 13.533295, 11.976294, 10.16767, 8.139243, 5.955868, 4.91626, 4.879469, 6.068737, 8.075871, 11.052106, 14.057103, 16.844651, 19.235579, 21.045804, 22.239714, 22.652862, 22.073856, 17.473856, 15.663631, 13.056248, 10.426958, 8.326428, 10.480494, 10.393655, 11.682164, 13.386159, 15.595071, 17.678929, 19.266767, 20.440418, 21.419704, 21.78451, 21.320178, 20.785639, 19.538406, 17.482879, 15.424765, 13.860245, 12.32272, 11.883495, 12.691789, 14.229313, 16.300428, 18.78453, 15.998852, 12.773949, 9.000356, 4.720169, 0.0, 0.0, 0.0]"
309,"[0.0, 0.0, 0.0, 0.0, 2.0, 4.6, 7.4, 10.606244, 13.831147, 15.05605, 15.368094, 15.480138, 14.994188, 14.185894, 12.749846, 11.293824, 9.38178, 7.486107, 6.14653, 5.813698, 6.593744, 8.224333, 10.892562, 13.744906, 16.526808, 18.598872, 20.440418, 21.419704, 21.78451, 21.320178, 17.012046, 15.325588, 13.194392, 10.910185, 8.749044, 10.537899, 9.87825, 10.365737, 11.467032, 13.531536, 15.563676, 17.560752, 19.012512, 19.950934, 20.218595, 19.975309, 18.982699, 17.655476, 16.047096, 14.228509, 12.537596, 11.561167, 11.238792, 12.003725, 13.677695, 15.790899, 18.041376, 15.410787, 12.204543, 8.404543, 4.404543, 0.0, 0.0, 0.0]"
310,"[0.0, 0.0, 0.0, 0.0, 1.979899, 4.242641, 7.071068, 10.044282, 12.764576, 13.837544, 14.527767, 14.485018, 13.852744, 13.47339, 12.069764, 10.193833, 8.302582, 6.761642, 5.497735, 5.460945, 6.270708, 8.096575, 10.521478, 13.218037, 15.899768, 18.321104, 20.282689, 21.675145, 22.139476, 21.774671, 17.466539, 15.570337, 13.189046, 10.931021, 8.790499, 10.830107, 10.644429, 11.208361, 12.634339, 14.645485, 16.605877, 18.41042, 20.028565, 21.040832, 21.320048, 21.203345, 20.291652, 19.098411, 17.310855, 15.83164, 14.18441, 13.0325, 12.527891, 13.177546, 14.254501, 16.270492, 18.598599, 15.878304, 12.598061, 8.921105, 4.669047, 0.0, 0.0, 0.0]"
311,"[0.0, 0.0, 0.0, 0.0, 1.6, 3.809072, 6.416753, 9.024434, 11.852861, 13.164905, 13.867877, 14.045874, 13.854802, 12.913171, 11.613579, 9.778568, 7.817511, 5.683745, 4.621569, 4.423331, 5.356274, 7.162242, 9.984234, 12.703622, 15.15205, 17.081618, 18.923165, 19.868021, 20.373703, 20.116613, 16.17707, 14.312615, 12.41699, 10.377273, 8.781697, 10.570552, 10.404182, 10.97041, 12.240679, 13.950919, 16.211756, 17.989449, 19.387407, 20.046706, 20.266034, 19.893298, 18.984883, 17.839844, 16.685979, 15.354117, 13.939903, 13.349608, 13.162072, 13.538672, 14.667299, 16.721964, 18.709111, 15.923434, 12.761156, 9.024848, 4.707441, 0.0, 0.0, 0.0]"
312,"[0.0, 0.0, 0.0, 0.0, 1.788854, 3.84798, 6.626469, 9.404958, 12.289399, 13.343079, 14.126487, 13.893582, 13.395444, 12.637033, 11.514964, 9.953054, 8.301897, 6.421546, 5.189944, 4.750104, 5.449378, 6.96327, 9.405804, 11.905489, 14.466739, 16.328715, 18.1394, 19.515871, 20.005056, 19.563181, 15.721307, 14.280791, 12.187816, 10.191314, 8.580169, 10.391246, 10.021076, 10.723474, 11.863227, 13.299275, 15.110352, 16.507293, 17.883625, 18.657076, 19.037724, 19.021121, 18.222521, 17.024421, 16.024421, 14.627942, 13.258459, 12.668409, 12.382043, 12.837808, 14.47061, 16.234542, 18.069991, 15.349697, 12.093933, 8.252058, 4.252058, 0.0, 0.0, 0.0]"
313,"[0.0, 0.0, 0.0, 0.0, 1.788854, 4.024922, 6.632603, 9.685471, 12.738338, 13.922698, 14.659843, 14.772457, 14.32727, 13.510471, 12.326111, 10.965349, 9.139482, 6.814644, 5.025789, 4.131362, 3.974933, 5.316573, 7.986695, 10.764385, 13.430856, 15.795829, 17.519559, 18.526392, 19.122484, 18.967462, 15.146468, 13.449412, 11.210079, 9.038326, 7.032449, 8.821303, 8.79463, 9.681846, 11.085471, 12.910374, 15.066136, 16.587727, 17.919589, 18.729363, 19.048469, 18.208688, 17.363073, 16.335573, 14.709, 13.29102, 12.312214, 11.816779, 11.877949, 13.18589, 15.139077, 17.288559, 19.73816, 16.764946, 13.220937, 9.141722, 4.86621, 0.0, 0.0, 0.0]"
314,"[0.0, 0.0, 0.0, 0.0, 1.811077, 4.219396, 6.827077, 9.827077, 12.827077, 14.022659, 14.673752, 14.734404, 14.264226, 13.418292, 12.381404, 10.663633, 8.819922, 6.922555, 5.568489, 4.798717, 5.268154, 6.843533, 9.211077, 12.016628, 14.861378, 17.129517, 18.808732, 19.984855, 20.174037, 19.546889, 15.467673, 13.862321, 11.696173, 9.712517, 8.138824, 10.118723, 10.086171, 11.029161, 12.716655, 14.478297, 16.498398, 18.180193, 19.469869, 20.213938, 20.578274, 20.116635, 19.117629, 17.703416, 15.902086, 14.26458, 13.256041, 12.739622, 13.111195, 14.269884, 16.142262, 18.449795, 21.076615, 17.876615, 14.276615, 10.071856, 5.234501, 0.0, 0.0, 0.0]"
315,"[0.0, 0.0, 0.0, 0.0, 1.843909, 4.12426, 6.669844, 9.498271, 12.188996, 13.345087, 13.843225, 13.980922, 13.835777, 13.233113, 12.13048, 10.693632, 8.858878, 6.775597, 5.687536, 4.92154, 5.559798, 7.401995, 9.926095, 12.206338, 14.74648, 16.791503, 18.1257, 19.239525, 19.821922, 19.568012, 15.543089, 14.201449, 12.126855, 10.108123, 8.587888, 10.996207, 10.912925, 11.955838, 13.717481, 15.825111, 17.616792, 19.216792, 20.253189, 20.923149, 20.997368, 20.485186, 19.54095, 18.357721, 16.68989, 15.018993, 13.860998, 13.288515, 13.391381, 14.389252, 15.980933, 18.13726, 20.576478, 17.4142, 13.808649, 9.808649, 5.122499, 0.0, 0.0, 0.0]"
316,"[0.0, 0.0, 0.0, 0.0, 1.843909, 4.12426, 6.731941, 9.731941, 12.862436, 14.149022, 14.914981, 15.219344, 14.693207, 13.843063, 12.523644, 10.693888, 8.630372, 6.756509, 5.300779, 4.931922, 5.878701, 7.808661, 10.537325, 13.55978, 16.167251, 18.241844, 20.024057, 20.871516, 21.103655, 20.546814, 16.30889, 14.27801, 12.265218, 10.029912, 8.434428, 10.908292, 11.185603, 12.42815, 14.389501, 16.497131, 18.463988, 20.325901, 21.480726, 22.236168, 22.469095, 22.013346, 20.94985, 19.620248, 17.92311, 16.085186, 14.907348, 14.213841, 14.213841, 15.197353, 17.188253, 19.596481, 21.899799, 18.6687, 14.821624, 10.430724, 5.215362, 0.0, 0.0, 0.0]"
317,"[0.0, 0.0, 0.0, 0.0, 1.612452, 4.118444, 6.726125, 9.726125, 12.726125, 14.224944, 14.830221, 15.065074, 14.672755, 13.836085, 12.337267, 10.357368, 8.14729, 6.139609, 5.107649, 5.107649, 6.482271, 8.849815, 11.505579, 14.062026, 16.553232, 18.150896, 19.555439, 20.461405, 20.493802, 20.110361, 16.006704, 14.147745, 11.829923, 10.007075, 8.48686, 10.895179, 11.261638, 12.648828, 14.357013, 16.333136, 18.396953, 19.957045, 21.166666, 21.965658, 21.794533, 21.127656, 20.061397, 18.627336, 17.086357, 15.611182, 14.311916, 13.748573, 13.997677, 14.695012, 16.32692, 18.70355, 21.076377, 17.820613, 14.259715, 10.097984, 5.215362, 0.0, 0.0, 0.0]"
318,"[0.0, 0.0, 0.0, 0.0, 2.2, 4.6, 7.606659, 11.012537, 14.465072, 15.717607, 16.422442, 16.462092, 15.586037, 14.474442, 12.919273, 11.228652, 9.382342, 7.85252, 6.953801, 6.953801, 8.069409, 9.915718, 12.52127, 15.283808, 17.777342, 19.812604, 21.260736, 22.149626, 22.106597, 21.557572, 16.992487, 15.276535, 13.123034, 11.170376, 9.139578, 11.480518, 11.480518, 12.270073, 13.559572, 15.595572, 17.459391, 18.885662, 19.99309, 20.670642, 20.999688, 20.247464, 19.49524, 18.16936, 16.523059, 14.85293, 13.680745, 12.508561, 12.375005, 13.155772, 14.699471, 16.657044, 19.130639, 16.35215, 13.041561, 8.99187, 4.753946, 0.0, 0.0, 0.0]"
319,"[0.0, 0.0, 0.0, 0.0, 1.979899, 4.242641, 6.505382, 9.066632, 11.786926, 12.859895, 13.550118, 13.703985, 13.483675, 12.802989, 11.206144, 9.147606, 7.01384, 5.0729, 4.164663, 4.429106, 5.660708, 8.206292, 10.917562, 13.192068, 15.354901, 17.112169, 18.333434, 19.16678, 19.338612, 18.680217, 14.79692, 12.873258, 10.649106, 8.72064, 7.495736, 9.731804, 10.326069, 11.578818, 13.282187, 15.211563, 17.098601, 18.850443, 19.897179, 20.549565, 20.425448, 19.70822, 18.442328, 17.229511, 15.460582, 13.996263, 13.031697, 12.386703, 12.299863, 13.641504, 15.24518, 17.276005, 19.547974, 16.82768, 13.249971, 9.305354, 4.833218, 0.0, 0.0, 0.0]"
320,"[0.0, 0.0, 0.0, 0.0, 2.236068, 4.843749, 7.629427, 10.759922, 13.733136, 14.849678, 15.154041, 15.280408, 14.780502, 14.01636, 12.276201, 10.778371, 8.760754, 6.954786, 5.765517, 5.609088, 6.430942, 8.48948, 10.795354, 13.452505, 16.046174, 17.933212, 19.103353, 20.052073, 20.258416, 19.701574, 15.578469, 13.796303, 11.505942, 8.903269, 6.866441, 8.478893, 8.347025, 9.18876, 11.133038, 13.082893, 15.275701, 17.066629, 18.241299, 18.837391, 18.854962, 18.274606, 17.103033, 15.506846, 13.685851, 11.911645, 10.299193, 9.450665, 9.682904, 10.635869, 12.211529, 14.543694, 16.857978, 14.416666, 11.463702, 8.238799, 4.294182, 0.0, 0.0, 0.0]"
321,"[0.0, 0.0, 0.0, 0.0, 2.607681, 5.38617, 8.516665, 11.827254, 15.137843, 16.207117, 16.659727, 16.634067, 16.235522, 15.398796, 13.619208, 11.72975, 9.624915, 7.537492, 6.280181, 5.995266, 7.159618, 9.290113, 12.142447, 14.975586, 17.601059, 19.655767, 21.085974, 21.881155, 21.910679, 21.556053, 16.995351, 14.964471, 12.462107, 10.079948, 8.094017, 10.303089, 10.173267, 11.210154, 12.918975, 15.021609, 16.812537, 18.812537, 19.810874, 20.449747, 20.333044, 19.825894, 18.485306, 16.954172, 15.109422, 13.037202, 11.514124, 10.735063, 10.806784, 11.606784, 13.515922, 16.040591, 18.48041, 15.934826, 12.934826, 9.21461, 4.720169, 0.0, 0.0, 0.0]"
322,"[0.0, 0.0, 0.0, 0.0, 2.332381, 5.11087, 8.063834, 11.374423, 14.867273, 16.027742, 16.480352, 16.632223, 16.041928, 15.022941, 13.427458, 11.538, 9.433165, 7.537492, 6.280181, 6.352586, 7.343326, 9.296291, 11.782259, 14.428348, 16.6965, 18.602043, 20.076267, 21.133744, 21.350318, 20.410879, 16.172955, 14.275588, 11.877294, 9.495134, 8.094017, 10.094017, 9.972513, 11.009401, 12.518589, 14.626219, 16.830978, 18.622659, 19.620997, 20.459503, 20.104163, 19.155168, 18.01458, 16.417902, 14.373152, 12.620861, 10.977549, 10.198488, 10.23148, 11.184445, 12.785649, 15.29145, 17.67586, 15.234549, 12.281585, 8.783014, 4.664762, 0.0, 0.0, 0.0]"
323,"[0.0, 0.0, 0.0, 0.0, 2.0, 4.4, 7.007681, 10.01434, 13.220584, 14.279996, 14.984831, 15.097444, 14.620607, 13.568429, 12.406384, 10.518101, 8.397807, 6.500441, 5.146375, 4.663222, 5.53473, 7.542411, 10.1162, 12.921751, 15.512534, 17.629232, 19.264192, 20.102698, 20.146804, 19.397571, 15.192812, 12.950171, 10.802788, 8.765582, 7.12227, 9.276336, 9.99663, 11.397748, 13.580029, 16.1437, 18.416823, 20.265993, 21.08576, 21.409279, 20.838708, 19.573797, 17.957298, 16.522327, 14.492136, 12.886585, 11.734283, 11.31114, 11.491423, 12.901933, 15.020185, 17.780954, 20.190767, 17.327203, 13.828632, 9.71038, 4.939636, 0.0, 0.0, 0.0]"
324,"[0.0, 0.0, 0.0, 0.0, 2.332381, 5.015662, 8.246761, 11.47786, 14.895462, 15.861565, 16.476768, 16.305081, 15.742315, 14.733032, 13.245625, 11.361354, 9.301942, 7.458231, 6.266464, 6.352754, 7.621822, 9.485386, 12.153615, 14.799704, 17.07846, 18.763244, 20.267746, 21.017537, 21.199645, 20.279286, 15.91122, 14.017018, 11.744149, 9.396455, 8.038058, 10.048033, 10.17417, 11.211057, 12.720245, 14.827875, 17.0179, 18.622659, 19.66075, 20.499255, 20.182076, 19.280561, 17.744134, 16.173248, 13.928498, 12.051758, 10.365725, 9.677291, 9.644739, 11.007016, 12.867451, 15.727136, 18.584591, 16.14328, 12.981003, 9.309491, 4.837355, 0.0, 0.0, 0.0]"
325,"[0.0, 0.0, 0.0, 0.0, 2.280351, 4.971076, 7.971076, 11.25132, 14.789681, 15.903442, 16.751079, 16.875179, 16.594935, 15.497885, 13.947681, 11.85154, 9.727441, 7.527441, 6.2175, 6.2175, 7.216591, 9.216591, 11.696835, 14.407338, 16.533316, 18.334646, 19.720988, 20.410631, 20.245712, 19.556069, 15.313428, 13.207437, 10.850002, 8.58726, 7.204383, 9.367713, 9.778087, 11.289736, 13.413883, 15.122068, 16.958737, 18.594674, 19.588826, 20.075387, 19.962686, 19.193785, 17.730687, 15.766501, 13.585488, 11.936547, 10.602815, 9.73925, 10.192865, 11.5552, 13.756041, 16.49764, 19.334995, 16.727314, 13.52107, 9.47632, 4.837355, 0.0, 0.0, 0.0]"
326,"[0.0, 0.0, 0.0, 0.0, 2.163331, 4.495712, 7.2742, 10.227165, 13.18013, 14.327388, 15.226106, 15.167911, 14.68881, 13.823907, 11.927531, 9.912985, 7.475533, 5.634126, 4.677435, 5.10713, 6.436162, 9.27742, 12.183325, 14.893829, 17.04992, 18.830997, 20.371659, 20.95155, 21.227927, 20.726498, 16.399837, 14.015426, 11.509626, 9.202451, 7.713855, 10.243677, 10.82689, 12.707288, 14.758853, 17.176066, 19.45457, 21.399332, 22.660428, 23.466834, 23.084395, 22.281065, 20.728503, 18.642891, 16.127909, 14.24649, 12.521844, 11.949362, 12.385864, 13.919616, 16.031797, 18.699173, 21.594421, 18.489586, 14.801769, 10.526257, 5.57853, 0.0, 0.0, 0.0]"
327,"[0.0, 0.0, 0.0, 0.0, 2.408319, 5.016, 8.022659, 11.228903, 14.828903, 16.020584, 16.619147, 16.6719, 16.133988, 15.007852, 13.417827, 11.611583, 9.376792, 7.556988, 6.283124, 6.084226, 7.291907, 9.526698, 12.283721, 15.088718, 17.477641, 19.474306, 21.01924, 22.052654, 22.290298, 21.739955, 17.135609, 14.931264, 12.103375, 9.473186, 7.43598, 9.524041, 9.792374, 11.237061, 13.312428, 15.779192, 18.059196, 19.758929, 20.741089, 21.439614, 21.03191, 19.974433, 18.559332, 16.653789, 14.355508, 12.483996, 11.070773, 10.281139, 10.494343, 11.530382, 13.407337, 15.896313, 18.54962, 16.004035, 12.879936, 9.20298, 4.816638, 0.0, 0.0, 0.0]"
328,"[0.0, 0.0, 0.0, 0.0, 2.009975, 4.418294, 7.025975, 10.085387, 13.341151, 14.58694, 15.283456, 15.396069, 14.866479, 13.943096, 12.299783, 10.536589, 8.448751, 6.201771, 4.694012, 4.978927, 6.111149, 8.538106, 11.511027, 14.336063, 16.643456, 18.369593, 19.910181, 20.659414, 21.014753, 20.009994, 15.809994, 13.618313, 11.13647, 8.82853, 7.525896, 9.934215, 10.525896, 12.202742, 14.505686, 16.813078, 19.043725, 20.712772, 22.181819, 22.549885, 22.521248, 21.299884, 19.735672, 17.734958, 15.376867, 13.288806, 11.840976, 11.281725, 11.613392, 13.208969, 15.120907, 17.92188, 20.868108, 17.868108, 14.262556, 10.262556, 5.491812, 0.0, 0.0, 0.0]"
329,"[0.0, 0.0, 0.0, 0.0, 2.2, 4.8, 7.607134, 10.613793, 14.037242, 14.863791, 15.368626, 15.473536, 15.187171, 13.917788, 12.540481, 10.84986, 8.737816, 6.464735, 5.310669, 5.273879, 6.095733, 8.12416, 11.100395, 13.722549, 16.115095, 18.079027, 19.450599, 20.032148, 20.015545, 19.416425, 15.216425, 13.225498, 10.869743, 8.544817, 6.594961, 8.207413, 8.598341, 9.756232, 11.881485, 14.031014, 16.423559, 17.823559, 19.021422, 19.221096, 19.038994, 18.060546, 16.691135, 14.895211, 12.889659, 10.922233, 9.309897, 8.468162, 8.495158, 9.723585, 11.691012, 14.356014, 17.236206, 15.000138, 12.171711, 8.748263, 4.669047, 0.0, 0.0, 0.0]"
330,"[0.0, 0.0, 0.0, 0.0, 1.788854, 4.129794, 6.850088, 9.762132, 12.674176, 14.110225, 14.975529, 15.062369, 14.750325, 13.838281, 12.213378, 10.007134, 7.482843, 5.165685, 3.731371, 3.545584, 4.808326, 7.353911, 10.476945, 13.732254, 16.367732, 18.154682, 19.717154, 20.255894, 20.012608, 19.187819, 15.138128, 12.873258, 10.541093, 8.377597, 6.801937, 9.038005, 9.964843, 11.632635, 14.101719, 16.746659, 19.075676, 20.587893, 21.779785, 22.20462, 21.960129, 20.939053, 19.726579, 17.671052, 15.598988, 13.529196, 11.774041, 10.630503, 11.013894, 12.201274, 14.300591, 17.180783, 20.035307, 17.235307, 13.811858, 9.732643, 5.063596, 0.0, 0.0, 0.0]"
331,"[0.0, 0.0, 0.0, 0.0, 2.473863, 5.194157, 8.492642, 12.18046, 15.830117, 17.005911, 17.891169, 17.792684, 17.104866, 15.855209, 14.215526, 12.009975, 9.609975, 7.242431, 5.667052, 5.099297, 5.862628, 7.841117, 10.707232, 13.907534, 16.851655, 19.257789, 20.906489, 21.775983, 21.927184, 20.839326, 16.269862, 13.996739, 11.241125, 8.588157, 6.703886, 8.791947, 9.501445, 11.199583, 13.701351, 16.673479, 19.012607, 20.902988, 22.261446, 22.512036, 22.170443, 21.392912, 19.698378, 17.503194, 15.197454, 12.996613, 11.316727, 10.731179, 11.263975, 12.899754, 15.260605, 18.094998, 21.021135, 18.014475, 14.408924, 10.204165, 5.4, 0.0, 0.0, 0.0]"
332,"[0.0, 0.0, 0.0, 0.0, 1.969772, 4.302152, 7.080641, 10.242919, 13.405196, 14.715669, 15.507388, 15.557326, 15.085773, 14.203847, 12.767512, 10.643412, 8.097827, 6.039558, 4.959207, 4.915298, 6.515298, 9.239115, 12.256317, 15.331828, 17.899894, 20.108221, 21.671025, 22.590831, 22.553244, 21.678028, 16.869702, 14.774101, 12.004637, 9.289868, 7.494074, 9.826455, 10.072886, 11.57137, 14.224338, 16.765206, 19.002289, 20.851459, 22.204856, 22.500869, 22.381197, 21.417284, 20.010098, 18.041499, 15.723428, 13.615152, 11.820677, 10.82173, 10.966876, 12.351171, 14.311083, 17.186156, 20.022825, 17.194398, 13.656036, 9.68615, 5.0, 0.0, 0.0, 0.0]"
333,"[0.0, 0.0, 0.0, 0.0, 2.0, 4.6, 7.6, 10.806244, 14.012488, 15.268252, 15.966736, 16.071571, 15.585622, 14.533444, 12.800834, 10.718902, 8.214067, 6.093773, 5.15626, 5.530472, 6.843741, 9.542226, 13.021441, 16.080401, 19.020389, 21.294731, 22.796247, 23.517031, 23.84152, 23.004165, 18.2, 16.007681, 13.361747, 10.605656, 8.218107, 10.691971, 11.08429, 12.530224, 14.686315, 17.273863, 19.404346, 21.208511, 22.445865, 23.114912, 23.190424, 22.273896, 20.725495, 18.8948, 16.625753, 14.247608, 12.723121, 11.747707, 11.694013, 12.786863, 15.12742, 17.533553, 20.453202, 17.500238, 14.007388, 9.769464, 5.2, 0.0, 0.0, 0.0]"
334,"[0.0, 0.0, 0.0, 0.0, 1.969772, 4.499594, 7.363158, 10.673747, 13.984336, 15.513136, 16.145591, 16.282027, 15.662163, 14.897158, 13.242496, 11.211589, 9.060117, 6.569392, 4.823808, 4.379899, 5.248528, 7.4, 10.406244, 13.611241, 16.25599, 18.624056, 19.992122, 21.023802, 20.813539, 20.186391, 15.818325, 13.858578, 11.420654, 9.149075, 7.575382, 9.729448, 9.989462, 11.487947, 13.65261, 15.984824, 18.257946, 20.016802, 21.10466, 21.803185, 21.651985, 20.535385, 18.971761, 17.11524, 14.738873, 12.723926, 11.567403, 11.145149, 11.739427, 13.406407, 15.639073, 18.301645, 21.241783, 18.117683, 14.440728, 10.198087, 5.38145, 0.0, 0.0, 0.0]"
335,"[0.0, 0.0, 0.0, 0.0, 2.088061, 4.756394, 7.815806, 11.07157, 14.721227, 16.238717, 17.170385, 17.317217, 17.068112, 16.026135, 14.430559, 12.244773, 9.838529, 7.114712, 5.331653, 4.844832, 5.40039, 7.283672, 10.311418, 13.349438, 16.002406, 18.400701, 19.992931, 20.957853, 21.174427, 20.647962, 16.279896, 14.478248, 11.815188, 9.178193, 6.942749, 8.942749, 9.137218, 10.629602, 12.875199, 15.505735, 17.748376, 19.322684, 20.422608, 20.939549, 20.8948, 19.852159, 18.209518, 16.413078, 14.105686, 11.949594, 10.912925, 10.842747, 11.539263, 13.329715, 15.761317, 18.545713, 21.352557, 18.247722, 14.559904, 10.284392, 5.336666, 0.0, 0.0, 0.0]"
336,"[0.0, 0.0, 0.0, 0.0, 2.009975, 4.617656, 7.624315, 10.824315, 14.424315, 16.01434, 16.612903, 16.862008, 16.72142, 15.595283, 14.083344, 12.291314, 9.83555, 7.624666, 6.350803, 6.073819, 7.133469, 9.340128, 12.141257, 14.946254, 17.339936, 19.466073, 21.059414, 22.014102, 22.213864, 22.014102, 17.414102, 15.414102, 12.819731, 10.227424, 8.066336, 10.036107, 9.909971, 10.906655, 12.549967, 14.750808, 17.056548, 18.858196, 20.02766, 20.634537, 20.452429, 19.487507, 18.075559, 16.053502, 14.200836, 12.149271, 10.451134, 9.567469, 10.104127, 11.25643, 13.218945, 16.047215, 18.83806, 16.147335, 12.985057, 9.211465, 4.770744, 0.0, 0.0, 0.0]"
337,"[0.0, 0.0, 0.0, 0.0, 1.811077, 4.219396, 6.827077, 9.827077, 13.027077, 14.422244, 15.073337, 15.525067, 15.054889, 13.942951, 12.634073, 10.791214, 8.331803, 6.434436, 5.546375, 5.460085, 6.651851, 9.058511, 12.031606, 14.836603, 17.625526, 19.821553, 21.453859, 22.487273, 22.724917, 21.774575, 17.170229, 15.131264, 12.502273, 10.229404, 8.559646, 10.892026, 11.012321, 12.419947, 14.244909, 16.502934, 18.556895, 20.488482, 21.543017, 21.866536, 21.746864, 20.966073, 19.476469, 17.687615, 16.099185, 13.990908, 12.395332, 11.762876, 12.241872, 13.317601, 15.307626, 18.068395, 20.699968, 17.537691, 13.932139, 9.932139, 5.161395, 0.0, 0.0, 0.0]"
338,"[0.0, 0.0, 0.0, 0.0, 2.0, 4.6, 7.407134, 10.613378, 14.019255, 15.442704, 16.141188, 16.246098, 15.760148, 14.695211, 13.425828, 11.583366, 9.495943, 7.222863, 5.681923, 4.94207, 5.496023, 7.301992, 10.079681, 12.70313, 15.293913, 17.283938, 19.053349, 19.833442, 20.215253, 19.4165, 15.4165, 13.2165, 10.823955, 8.29932, 6.549098, 8.16155, 8.16155, 9.349098, 11.268474, 13.218329, 15.610874, 17.216134, 18.237128, 18.920426, 19.007398, 17.830829, 16.656158, 15.044236, 12.760938, 10.724111, 9.616149, 9.221627, 9.96552, 11.858369, 14.525453, 17.277124, 19.874274, 16.92131, 13.42846, 9.305354, 4.833218, 0.0, 0.0, 0.0]"
339,"[0.0, 0.0, 0.0, 0.0, 1.6, 3.809072, 6.416753, 9.223887, 12.052314, 13.364358, 13.87558, 13.684508, 13.218314, 12.178742, 10.879149, 9.178659, 7.16205, 5.268323, 4.479469, 4.479469, 5.668737, 8.075871, 11.034535, 13.834535, 16.222083, 18.417554, 19.630371, 20.244444, 20.265438, 19.688887, 15.284344, 13.464393, 11.484051, 9.275508, 7.572524, 9.72659, 10.246884, 11.43218, 13.312578, 15.52149, 17.2968, 18.81443, 19.639218, 19.904027, 19.55236, 18.753478, 17.301232, 15.59248, 13.874429, 11.896721, 10.415468, 9.516586, 10.004073, 11.370343, 13.591338, 16.194154, 18.976404, 16.147977, 12.7421, 8.921105, 4.669047, 0.0, 0.0, 0.0]"
340,"[0.0, 0.0, 0.0, 0.0, 2.154066, 4.683888, 7.914987, 11.146086, 14.638936, 15.983441, 16.95219, 16.883369, 16.65227, 15.600731, 13.946069, 11.889718, 9.552062, 7.184517, 5.743206, 5.313511, 5.881265, 7.724977, 10.348286, 13.036103, 15.701105, 17.929054, 19.498646, 20.629224, 20.434256, 19.665629, 15.427705, 13.277843, 10.6915, 8.540291, 6.671923, 8.641694, 9.027496, 9.94779, 11.904634, 13.880015, 15.772885, 17.323944, 18.275162, 18.648189, 18.729159, 17.866517, 16.282906, 14.76546, 12.617103, 10.518532, 9.041686, 8.763706, 9.438067, 11.309025, 13.58598, 16.305466, 18.667619, 15.839192, 12.445079, 8.768124, 4.525483, 0.0, 0.0, 0.0]"
341,"[0.0, 0.0, 0.0, 0.0, 2.163331, 4.604642, 7.604642, 10.728742, 14.122854, 15.083623, 15.766412, 15.766412, 15.083623, 14.021892, 12.741701, 10.748972, 8.748972, 7.132282, 5.931272, 5.931272, 7.132282, 9.294559, 12.075489, 15.067224, 17.609658, 19.80276, 21.026825, 22.107424, 21.954205, 21.106223, 16.58074, 14.739982, 12.023604, 9.864794, 8.13751, 10.291576, 10.52448, 11.716986, 13.511461, 15.473976, 17.438162, 18.684596, 19.908661, 20.541033, 20.562174, 19.742407, 18.437778, 16.581258, 14.313105, 12.215429, 10.529396, 9.819077, 9.896935, 11.127164, 13.430108, 16.022415, 18.61244, 16.004759, 12.804759, 8.804759, 4.6, 0.0, 0.0, 0.0]"
342,"[0.0, 0.0, 0.0, 0.0, 2.441311, 5.2198, 8.382078, 11.880649, 15.552161, 16.603699, 17.31806, 17.573384, 17.179648, 16.037958, 14.63317, 12.663474, 10.245873, 7.965659, 6.777478, 6.533325, 7.290522, 9.290522, 12.307775, 14.966134, 17.448887, 19.833298, 21.485179, 22.029647, 22.415989, 21.582178, 16.917416, 14.597915, 11.908629, 9.045441, 7.352592, 9.249958, 9.249958, 10.505867, 12.293301, 14.355943, 16.6965, 18.602043, 19.728294, 20.105523, 19.892539, 18.714027, 17.083784, 15.014543, 13.224092, 11.271491, 9.824531, 9.370915, 9.968621, 11.277499, 13.585439, 16.177747, 18.861036, 16.253355, 13.047111, 9.042114, 4.837355, 0.0, 0.0, 0.0]"
343,"[0.0, 0.0, 0.0, 0.0, 1.897367, 4.565699, 7.477743, 10.389787, 13.807389, 14.956331, 15.512902, 15.653725, 15.461975, 14.207705, 12.95025, 11.066988, 8.81412, 6.726281, 5.779503, 5.801726, 7.067766, 9.52353, 12.774372, 15.925886, 18.60925, 20.571032, 22.069214, 22.75538, 22.592074, 21.855292, 17.285828, 15.252176, 12.891784, 10.584392, 8.796504, 11.059246, 11.181486, 12.301077, 14.287008, 16.569295, 18.832037, 20.514986, 21.711806, 22.080567, 21.951614, 21.309428, 19.946223, 18.263273, 16.419534, 14.459759, 12.917401, 12.362805, 12.327404, 13.766162, 15.845472, 18.370742, 21.02424, 18.217106, 14.370029, 10.127389, 5.261179, 0.0, 0.0, 0.0]"
344,"[0.0, 0.0, 0.0, 0.0, 1.969772, 4.690066, 7.736375, 10.961278, 14.63279, 15.991682, 16.600051, 16.71602, 16.036701, 14.773508, 13.444844, 11.558401, 9.220745, 7.499782, 6.533683, 6.322538, 7.743881, 10.144163, 13.166619, 16.115298, 18.93079, 20.787395, 22.282661, 23.104631, 22.96579, 22.182439, 17.462269, 15.462394, 13.134287, 10.693306, 8.683388, 11.024328, 11.024328, 11.845666, 13.595488, 15.667708, 17.717668, 19.388273, 20.79546, 21.729002, 21.830676, 20.932626, 19.45377, 17.604601, 15.079931, 13.094959, 11.390964, 10.759271, 10.902541, 12.338647, 14.581287, 17.196976, 19.72079, 16.857226, 13.451349, 9.208708, 4.804165, 0.0, 0.0, 0.0]"
345,"[0.0, 0.0, 0.0, 0.0, 2.209072, 5.016206, 8.216206, 11.616206, 15.421465, 16.618271, 17.263672, 17.319436, 16.783, 15.646074, 14.520547, 12.680464, 10.641252, 8.777688, 7.325907, 7.254629, 8.242177, 10.231869, 13.078945, 16.303114, 18.566177, 20.913904, 22.655387, 23.49019, 23.54391, 23.056746, 18.109019, 16.024857, 13.950658, 11.267294, 9.071177, 11.333918, 11.190648, 11.911631, 13.772066, 16.032902, 18.050348, 19.734597, 20.931417, 21.511963, 21.585377, 20.866089, 19.623824, 17.940874, 15.951558, 13.617307, 11.867485, 10.905207, 10.869807, 12.0596, 14.513387, 17.174446, 19.840656, 17.033522, 13.580987, 9.338346, 4.86621, 0.0, 0.0, 0.0]"
346,"[0.0, 0.0, 0.0, 0.0, 2.039608, 4.670197, 7.498624, 10.851235, 13.824449, 15.137452, 15.637358, 15.761895, 15.016965, 14.27982, 12.716063, 10.662601, 8.534257, 6.37379, 5.157526, 4.981123, 6.511771, 8.893394, 11.869629, 14.929041, 17.439695, 19.344219, 20.755334, 21.640017, 21.610493, 21.031396, 16.519191, 14.532422, 12.234265, 9.598787, 7.468992, 9.355788, 8.879264, 9.589583, 11.527981, 13.790722, 16.027032, 17.996072, 19.220394, 19.641376, 19.40535, 18.335112, 16.819688, 15.111139, 12.986789, 11.15831, 9.754685, 9.30107, 9.506313, 10.830285, 12.62371, 15.226526, 17.477004, 15.035692, 12.062479, 8.656601, 4.404543, 0.0, 0.0, 0.0]"
347,"[0.0, 0.0, 0.0, 0.0, 1.811077, 4.28494, 6.953273, 9.673567, 12.904666, 14.046554, 14.525655, 14.635811, 14.356828, 12.969638, 11.71373, 9.760765, 7.582276, 5.773421, 5.129512, 5.232456, 6.640774, 9.047434, 12.064636, 14.909385, 17.384897, 19.730524, 21.532191, 22.309722, 22.441095, 21.960316, 17.206371, 15.066377, 12.639189, 10.360433, 8.409608, 10.741989, 10.756938, 12.067527, 13.66301, 15.844024, 17.983779, 19.965259, 20.981331, 21.815143, 21.632095, 20.440203, 18.775441, 17.227269, 15.054673, 13.30086, 12.020616, 11.494479, 11.668955, 13.01346, 14.698992, 17.363753, 19.829525, 16.876561, 13.37799, 9.604397, 4.939636, 0.0, 0.0, 0.0]"
348,"[0.0, 0.0, 0.0, 0.0, 2.236068, 4.652677, 7.516241, 10.74734, 14.099951, 15.216494, 16.055649, 16.198744, 15.575326, 14.431787, 12.679177, 10.639965, 8.481834, 6.874153, 5.881633, 6.369694, 7.93882, 10.252569, 13.047302, 16.198816, 18.8647, 20.786463, 22.660057, 23.504289, 23.378864, 22.629915, 17.922474, 15.554936, 13.152038, 11.172139, 9.40321, 12.071543, 12.40987, 13.779353, 15.561361, 17.567934, 19.607042, 21.354328, 22.502723, 22.826039, 22.89153, 21.761798, 20.238951, 18.153338, 15.994345, 13.895285, 12.597927, 11.872821, 12.484732, 13.995875, 16.173145, 18.578944, 21.195451, 17.915207, 14.194992, 9.808649, 5.122499, 0.0, 0.0, 0.0]"
349,"[0.0, 0.0, 0.0, 0.0, 2.088061, 4.756394, 7.918672, 11.271283, 14.688884, 16.178532, 16.910199, 16.800789, 16.168472, 15.31212, 13.431468, 11.197658, 8.777246, 6.689407, 5.147962, 5.063357, 6.106239, 8.533195, 11.637048, 14.793366, 17.489047, 19.75211, 21.164835, 21.647531, 21.58966, 20.859237, 16.387101, 14.331575, 12.122545, 10.014268, 8.436559, 10.997809, 11.554414, 12.950316, 14.910227, 17.033333, 18.858426, 20.410695, 21.391161, 21.54438, 21.304571, 20.638444, 19.086174, 17.528259, 15.737534, 14.134588, 12.623445, 12.650231, 13.427355, 15.139724, 17.498339, 20.523767, 23.155818, 19.550267, 15.505517, 10.866552, 5.632051, 0.0, 0.0, 0.0]"
350,"[0.0, 0.0, 0.0, 0.0, 2.088061, 4.756394, 7.815806, 11.07157, 14.327334, 15.495037, 16.032948, 15.973536, 15.317772, 14.27108, 13.025291, 11.019047, 8.619047, 6.219047, 5.029779, 4.728605, 5.945214, 8.576313, 11.728924, 14.832225, 17.440831, 19.266863, 20.674729, 21.526878, 21.608531, 20.896676, 16.654035, 14.295421, 12.326729, 9.819026, 8.301536, 10.969869, 11.696178, 13.065661, 15.573364, 18.089648, 20.060281, 22.152641, 23.301036, 23.464342, 23.036119, 22.133462, 20.387054, 18.69252, 16.924454, 15.028682, 13.798366, 13.725999, 14.343543, 15.986184, 18.231316, 21.106773, 23.626529, 19.949574, 15.706933, 11.18145, 5.8, 0.0, 0.0, 0.0]"
351,"[0.0, 0.0, 0.0, 0.0, 2.332381, 5.11087, 8.11087, 11.391113, 14.671357, 15.733089, 16.348713, 16.472813, 15.63388, 14.633987, 13.083783, 11.131891, 9.007791, 7.36648, 6.086129, 5.939277, 6.660387, 8.660387, 11.140631, 13.982505, 16.255336, 18.061892, 19.184997, 20.027859, 20.027859, 19.338216, 15.36833, 13.790808, 11.280154, 8.852493, 7.383327, 9.353098, 9.139894, 10.480408, 12.564765, 14.4252, 16.480351, 18.534312, 19.443989, 19.740152, 19.486241, 18.566154, 16.900105, 15.19153, 13.240705, 11.667013, 10.716244, 10.469813, 11.322406, 13.084049, 15.44014, 17.89042, 20.651057, 17.644398, 14.038847, 9.838847, 5.234501, 0.0, 0.0, 0.0]"
352,"[0.0, 0.0, 0.0, 0.0, 1.612452, 3.766517, 6.29634, 9.016634, 11.736928, 12.792809, 13.307076, 13.384935, 13.07296, 12.163743, 10.89541, 9.443629, 7.684477, 6.076158, 5.606721, 5.729876, 6.667389, 8.682426, 11.113524, 13.566617, 16.122678, 18.244124, 19.6232, 20.59686, 20.807124, 19.934152, 15.658641, 13.889863, 11.654876, 9.629778, 8.393305, 10.867169, 11.000986, 12.237459, 13.863111, 15.938089, 17.739737, 19.500122, 20.661944, 21.232516, 20.982499, 19.938087, 18.290315, 16.590582, 14.424434, 12.639676, 11.562643, 11.28366, 11.739427, 13.406407, 15.639073, 18.01049, 20.385817, 17.261717, 13.584762, 9.342121, 4.816638, 0.0, 0.0, 0.0]"
353,"[0.0, 0.0, 0.0, 0.0, 2.126029, 4.687279, 7.811379, 10.935479, 14.329591, 15.644492, 16.524173, 16.624976, 16.279365, 15.326563, 13.772429, 11.745713, 9.540614, 7.762125, 6.843968, 6.843968, 8.314196, 11.067984, 14.012601, 16.983887, 19.934446, 22.065979, 23.352031, 24.277733, 24.21048, 23.422817, 18.406843, 16.477694, 14.048686, 12.062809, 10.613117, 13.476682, 13.752064, 15.110753, 17.269441, 19.273787, 21.247578, 22.744761, 23.847821, 24.056147, 23.769208, 22.981545, 21.622493, 19.975197, 17.974005, 16.463732, 15.387254, 15.068149, 15.812384, 17.409794, 19.882811, 22.629738, 25.287011, 21.287011, 16.882468, 11.602316, 5.882176, 0.0, 0.0, 0.0]"
354,"[0.0, 0.0, 0.0, 0.0, 2.408319, 5.016, 8.022659, 11.428536, 14.828536, 16.225477, 17.023673, 17.469549, 17.123084, 16.196947, 14.401663, 12.595786, 10.34325, 8.132367, 6.678307, 6.280784, 7.089103, 8.895762, 11.453111, 14.438304, 16.870602, 18.974489, 20.528531, 21.430786, 21.410761, 20.971562, 16.459357, 14.566988, 12.258856, 10.283859, 8.565104, 10.827846, 11.043954, 12.324198, 13.919774, 16.313165, 18.584737, 20.234609, 21.488679, 22.163315, 21.725002, 20.470933, 19.216863, 17.243799, 15.295993, 13.690186, 13.017623, 12.737379, 13.582007, 15.254623, 17.82272, 20.618741, 23.422189, 20.016311, 16.011315, 11.20715, 5.803447, 0.0, 0.0, 0.0]"
355,"[0.0, 0.0, 0.0, 0.0, 1.897367, 4.427189, 7.339233, 10.444068, 13.548903, 15.104071, 15.580908, 15.675524, 15.370689, 14.465854, 12.813319, 11.206659, 8.832456, 6.315298, 4.939919, 4.48156, 5.051332, 7.102158, 10.050414, 12.831344, 15.474675, 17.681026, 19.042494, 19.856145, 20.097671, 19.518576, 15.342453, 13.578055, 11.145756, 8.7409, 6.749236, 8.949236, 9.476019, 10.870227, 12.833884, 15.21967, 17.01967, 18.217533, 19.255624, 19.696823, 19.349359, 18.356018, 17.158155, 15.513405, 13.875401, 12.392637, 11.666328, 11.701729, 12.630392, 14.141535, 16.836525, 19.438796, 21.921673, 18.59301, 14.872795, 10.208033, 5.325411, 0.0, 0.0, 0.0]"
356,"[0.0, 0.0, 0.0, 0.0, 2.34094, 4.870762, 7.917071, 11.14817, 14.458759, 15.248314, 16.047156, 16.000847, 15.377429, 14.34719, 13.060604, 11.174161, 8.998782, 7.023557, 5.567827, 5.138132, 5.904984, 7.943927, 10.804321, 13.862997, 16.433756, 18.462607, 19.803802, 20.515712, 20.309369, 19.454893, 15.216969, 13.35315, 10.959467, 8.805667, 7.117392, 8.729844, 8.894897, 10.130129, 11.917563, 14.322419, 16.557045, 18.100743, 19.216164, 19.74745, 19.461272, 18.456729, 16.687389, 14.688989, 12.744481, 10.983582, 10.038415, 10.441346, 11.606678, 13.429527, 16.123968, 19.109223, 21.641304, 18.31264, 14.592425, 10.097984, 5.215362, 0.0, 0.0, 0.0]"
357,"[0.0, 0.0, 0.0, 0.0, 1.897367, 4.238307, 6.958601, 9.822165, 12.875032, 14.030533, 14.532127, 14.654367, 14.199122, 12.843311, 11.232664, 9.39013, 7.147596, 5.371732, 4.891229, 5.260085, 6.928418, 9.626902, 12.487297, 15.255716, 18.014103, 19.915234, 21.007649, 21.719558, 21.581663, 20.683712, 16.114248, 14.443642, 12.04996, 10.10025, 8.217592, 10.763177, 11.20516, 12.722746, 14.948485, 17.411689, 19.535152, 21.041921, 22.238741, 22.367694, 22.238741, 21.130593, 19.623824, 17.643925, 15.555197, 13.712442, 12.759225, 12.404081, 13.351346, 15.071313, 17.472842, 20.305749, 23.130667, 19.637817, 15.754519, 11.072639, 5.632051, 0.0, 0.0, 0.0]"
358,"[0.0, 0.0, 0.0, 0.0, 2.209072, 4.877405, 7.936817, 11.192581, 14.545192, 15.753721, 16.50299, 16.674677, 16.282477, 15.435859, 14.254325, 12.545525, 10.314426, 8.083317, 6.597128, 5.973512, 6.872392, 8.931804, 11.949006, 15.052307, 17.807922, 19.694682, 21.129711, 21.788185, 21.604623, 20.814266, 16.319825, 14.105735, 11.807578, 9.576835, 7.696183, 10.028564, 10.254206, 11.644231, 13.513139, 15.69938, 17.586004, 19.520732, 20.243837, 20.636015, 20.429673, 19.321938, 17.709644, 15.586539, 13.85272, 12.18574, 11.27447, 11.114376, 12.531977, 14.235453, 16.877359, 20.062524, 22.965546, 19.547945, 15.608401, 10.95652, 5.571355, 0.0, 0.0, 0.0]"
359,"[0.0, 0.0, 0.0, 0.0, 2.236068, 4.91935, 7.782914, 10.835781, 14.441333, 15.485508, 15.926327, 15.89119, 15.399572, 14.056762, 12.473575, 10.515665, 8.707042, 7.165596, 6.464904, 6.654644, 8.171736, 10.551932, 13.476744, 16.51904, 19.473731, 21.631937, 23.330957, 24.194666, 23.832961, 22.668429, 17.826942, 15.612363, 13.040105, 10.807439, 9.140459, 11.740459, 11.908886, 13.278369, 15.21301, 17.697476, 19.762238, 21.181506, 21.884087, 22.247602, 21.682538, 20.561785, 18.875327, 17.352873, 14.931537, 12.699217, 11.391276, 11.079462, 11.699661, 13.618124, 16.361789, 18.929886, 21.491894, 18.086016, 14.280757, 9.840036, 5.035871, 0.0, 0.0, 0.0]"
360,"[0.0, 0.0, 0.0, 0.0, 2.280351, 4.948684, 7.860728, 11.159212, 14.576814, 15.714064, 16.62344, 16.936299, 16.690682, 15.436412, 13.807665, 11.571597, 9.146693, 6.726281, 5.387572, 5.211169, 6.069528, 8.076662, 10.850084, 13.872539, 16.502729, 18.774864, 20.528432, 21.490621, 21.526842, 20.582686, 16.11055, 13.75892, 11.003306, 8.562229, 6.705965, 8.986316, 9.445576, 11.088889, 13.099204, 15.540281, 17.244902, 18.561541, 19.428882, 19.734006, 19.428417, 18.307009, 16.662977, 14.820223, 12.675015, 10.709758, 9.635048, 9.702427, 10.26461, 12.473154, 15.11276, 17.992953, 20.683654, 17.841119, 14.020125, 9.768067, 5.09902, 0.0, 0.0, 0.0]"
361,"[0.0, 0.0, 0.0, 0.0, 2.009975, 4.290326, 7.296985, 10.356397, 13.562641, 14.752666, 15.472315, 15.465656, 15.013925, 14.007681, 12.407681, 10.407681, 8.040136, 6.432456, 5.574096, 6.210164, 8.073729, 10.858874, 14.167006, 17.319807, 19.954057, 22.232477, 23.956859, 24.356168, 24.179134, 22.958473, 17.816489, 15.091114, 12.383673, 9.953063, 8.313381, 10.921062, 11.563864, 13.300172, 15.536482, 17.843913, 19.875198, 21.454751, 22.322789, 22.399683, 22.082277, 21.043311, 19.404346, 17.407681, 15.217656, 13.104452, 11.201509, 10.618118, 10.796114, 12.13875, 14.428077, 17.484966, 20.210341, 17.424663, 14.072052, 9.89593, 5.141984, 0.0, 0.0, 0.0]"
362,"[0.0, 0.0, 0.0, 0.0, 2.262742, 5.091169, 8.202439, 11.608316, 15.014193, 16.471667, 17.248791, 17.190388, 16.504805, 15.604921, 13.771502, 11.728001, 9.694937, 7.607098, 6.515319, 6.515319, 7.459262, 9.839458, 12.980595, 15.785386, 18.339311, 20.604062, 21.890212, 22.502962, 22.407063, 21.372219, 16.601475, 14.247706, 11.473815, 8.567262, 6.723435, 8.959503, 9.490686, 11.109334, 13.47049, 16.026692, 18.009629, 19.365069, 20.257076, 20.649254, 19.936879, 18.691088, 17.033333, 14.910227, 12.281982, 10.476104, 9.211691, 8.982822, 9.956036, 12.020273, 14.662913, 17.640262, 20.430381, 17.457167, 14.05129, 9.808649, 5.122499, 0.0, 0.0, 0.0]"
363,"[0.0, 0.0, 0.0, 0.0, 2.408319, 5.016, 8.022659, 11.475194, 14.92773, 16.06342, 16.999748, 17.155366, 16.488509, 15.635973, 14.180026, 11.836017, 9.693543, 7.756393, 6.372946, 6.693203, 8.493203, 11.278659, 14.435128, 17.623118, 20.052154, 22.151174, 23.444934, 24.387664, 24.495326, 23.587348, 18.488328, 15.99699, 13.059238, 10.109083, 8.066502, 10.540366, 10.601017, 12.043578, 14.328605, 16.954014, 19.040852, 21.054399, 21.909996, 22.357101, 21.789512, 20.628811, 18.810495, 16.738431, 14.454224, 12.122059, 10.43086, 9.830037, 10.155219, 11.425488, 13.782923, 16.608436, 19.444713, 16.883464, 13.60322, 9.633333, 5.09902, 0.0, 0.0, 0.0]"
364,"[0.0, 0.0, 0.0, 0.0, 2.088061, 4.561925, 7.425489, 10.681253, 13.937017, 15.301491, 16.033872, 16.370307, 15.914543, 14.658779, 12.806244, 10.6, 8.032456, 5.832456, 4.998646, 5.285442, 7.169883, 10.115136, 13.459753, 16.587745, 19.195389, 21.181267, 22.473876, 23.337586, 23.470592, 22.52016, 17.649842, 15.220835, 12.392408, 9.577671, 8.433662, 11.297226, 12.208526, 14.278318, 17.093055, 19.693055, 22.124772, 24.067442, 24.855105, 25.232081, 24.436841, 22.946819, 21.057416, 19.027195, 16.82303, 14.7443, 13.065069, 12.789687, 13.335164, 14.784856, 17.467153, 20.781712, 23.475304, 20.122694, 16.073002, 11.264676, 5.824088, 0.0, 0.0, 0.0]"
365,"[0.0, 0.0, 0.0, 0.0, 2.0, 4.4, 7.2, 10.4, 13.606244, 14.812488, 15.668252, 15.731816, 15.00568, 13.887497, 12.390054, 10.154094, 7.890529, 6.016666, 4.948409, 4.948409, 6.528605, 9.281216, 12.225225, 15.522827, 18.521467, 20.560433, 21.846787, 22.507538, 21.99539, 20.693827, 16.054861, 13.503957, 11.019663, 8.737558, 7.331681, 9.74, 10.907703, 13.034314, 15.753801, 18.591155, 20.987001, 22.935082, 23.888005, 24.245364, 23.612769, 22.613863, 20.815896, 18.815896, 16.303957, 13.985994, 12.443477, 11.816088, 12.508938, 14.097832, 16.705477, 19.642735, 22.435601, 18.942752, 15.265796, 10.771355, 5.571355, 0.0, 0.0, 0.0]"
366,"[0.0, 0.0, 0.0, 0.0, 2.408319, 5.614563, 8.870327, 12.322862, 15.866871, 17.002561, 17.473273, 17.710358, 17.231037, 16.287028, 14.45182, 12.189078, 9.696228, 7.571542, 6.385756, 7.085274, 8.871061, 11.67632, 15.032551, 18.455692, 20.950434, 23.045715, 24.62562, 25.420861, 25.391832, 24.538463, 19.243182, 16.665151, 13.665151, 10.57729, 8.414395, 11.014395, 11.463025, 12.915561, 15.512502, 18.434032, 20.834032, 22.637912, 24.201351, 24.535826, 23.672117, 22.249825, 20.320676, 17.904702, 14.865272, 12.520655, 10.829743, 9.961989, 10.486089, 12.561456, 15.365999, 18.447099, 21.58806, 18.46396, 14.776142, 10.371599, 5.403702, 0.0, 0.0, 0.0]"
367,"[0.0, 0.0, 0.0, 0.0, 2.545584, 5.374012, 8.768124, 12.209054, 15.649984, 16.54533, 17.045566, 16.980117, 16.317676, 15.112814, 13.73101, 11.568537, 9.088401, 6.942368, 6.120514, 6.041287, 7.565821, 9.841393, 12.896755, 15.7346, 18.280184, 20.406097, 22.404497, 23.277381, 23.025322, 22.273431, 17.456794, 14.879879, 11.842331, 9.242331, 7.366106, 9.646456, 9.791597, 11.662555, 14.222353, 16.577045, 18.857395, 20.727372, 21.659921, 22.026785, 21.446238, 20.016032, 18.233819, 16.187508, 13.840746, 11.692388, 10.37297, 10.0028, 11.07506, 12.957803, 15.861837, 18.859086, 22.029298, 18.676687, 14.814045, 10.386856, 5.57853, 0.0, 0.0, 0.0]"
368,"[0.0, 0.0, 0.0, 0.0, 2.332381, 5.195945, 8.595945, 11.995945, 15.753604, 17.026774, 17.707219, 17.469497, 16.73783, 15.454034, 13.936544, 11.734176, 9.420426, 7.352094, 6.044421, 5.653416, 6.873024, 9.418609, 12.495564, 15.572014, 18.409272, 20.689509, 22.066141, 22.993532, 22.912621, 21.983859, 17.142372, 14.634369, 11.371664, 8.409934, 6.146023, 8.146023, 8.767723, 10.706326, 13.3482, 15.976446, 18.51076, 20.160632, 21.414702, 21.853014, 21.725002, 20.470933, 18.497869, 16.226297, 13.50816, 10.882838, 9.215045, 8.889864, 9.907366, 12.18719, 15.574984, 18.733276, 21.822619, 18.542375, 14.700501, 10.096155, 5.325411, 0.0, 0.0, 0.0]"
369,"[0.0, 0.0, 0.0, 0.0, 1.708801, 4.308801, 7.172365, 10.035929, 13.198207, 14.651684, 15.111095, 14.915864, 14.460619, 13.308316, 11.75849, 9.699078, 7.313588, 5.188112, 4.344327, 4.618672, 6.179922, 9.177323, 12.864367, 15.668063, 18.589593, 20.869831, 22.431074, 23.065533, 23.375834, 22.105869, 17.264381, 14.422894, 11.527349, 8.859614, 7.208049, 10.036476, 11.430588, 13.691674, 16.613536, 19.535066, 21.805658, 23.661308, 24.691421, 24.998595, 24.794615, 23.301146, 21.331628, 19.160055, 16.318568, 13.802284, 12.196732, 11.584821, 11.987493, 14.110599, 16.494673, 19.861236, 22.739073, 19.507975, 15.384869, 10.912733, 5.54617, 0.0, 0.0, 0.0]"
370,"[0.0, 0.0, 0.0, 0.0, 1.886796, 4.328107, 7.106596, 9.991037, 13.115137, 14.352441, 14.739557, 14.789495, 14.167796, 13.169725, 11.76609, 9.786191, 7.557764, 5.927478, 5.324603, 5.6922, 7.816885, 10.709735, 13.834938, 16.605966, 19.238074, 20.98503, 22.460077, 23.371465, 23.329341, 22.29699, 17.57682, 15.387412, 12.72834, 10.486257, 9.034507, 11.595757, 12.21138, 14.161203, 16.676712, 19.408541, 22.250993, 24.137032, 25.225006, 25.536877, 24.863162, 23.217119, 21.514676, 19.028154, 16.453541, 14.60067, 13.316875, 12.939166, 13.783793, 15.725811, 18.121855, 21.251561, 24.054894, 20.649017, 16.444257, 11.606903, 6.003332, 0.0, 0.0, 0.0]"
371,"[0.0, 0.0, 0.0, 0.0, 2.6, 5.573214, 9.066064, 12.558913, 16.136622, 17.114331, 17.91471, 17.86279, 17.254381, 16.237922, 14.786242, 12.535805, 9.72733, 7.475345, 6.080285, 5.663057, 6.613766, 9.333921, 12.378421, 15.335336, 18.278417, 20.456434, 21.941178, 22.758664, 22.797289, 21.919, 17.267119, 14.665832, 11.783842, 9.036326, 6.983198, 9.424509, 9.96693, 11.932187, 14.46259, 16.903856, 19.182714, 21.372122, 22.46346, 23.044327, 23.134655, 22.102303, 19.962834, 17.419816, 14.781129, 12.141522, 10.463679, 10.235252, 11.686932, 13.744752, 16.784182, 19.962655, 23.089784, 19.512075, 15.567458, 10.915577, 5.727128, 0.0, 0.0, 0.0]"
372,"[0.0, 0.0, 0.0, 0.0, 2.280351, 4.721662, 7.721662, 10.845762, 13.969862, 14.813611, 15.496399, 15.496399, 14.813611, 14.130822, 12.727187, 10.769278, 8.401733, 6.160422, 4.885301, 4.687991, 5.757869, 7.903902, 11.375414, 13.982816, 17.020363, 19.344997, 21.091991, 21.945963, 22.132168, 20.965579, 16.404877, 14.159745, 11.531628, 9.382907, 8.047921, 10.593505, 11.141581, 12.932032, 15.373014, 18.130525, 20.401579, 22.695651, 23.845188, 24.257891, 23.559505, 22.41438, 20.29188, 18.14525, 15.76084, 13.730649, 12.467456, 12.27459, 13.189416, 15.548031, 18.495841, 21.520753, 24.544571, 20.93902, 16.300054, 11.264183, 5.830952, 0.0, 0.0, 0.0]"
373,"[0.0, 0.0, 0.0, 0.0, 2.209072, 4.816753, 7.823412, 11.023412, 14.223412, 15.21434, 15.812903, 15.812903, 15.281236, 14.361587, 12.774038, 10.767794, 8.780939, 6.745062, 5.664711, 6.062235, 7.530567, 9.717007, 12.690103, 15.694862, 18.289233, 20.2209, 22.014656, 23.013451, 23.013451, 22.014656, 17.414656, 15.014656, 12.420286, 9.777576, 7.880826, 10.089898, 10.089898, 11.279923, 13.72287, 16.618415, 19.048308, 21.087273, 22.20468, 22.51709, 21.707477, 20.421123, 18.45049, 16.413434, 14.096028, 12.010095, 10.354541, 10.018589, 10.601802, 12.179511, 14.588962, 17.633214, 20.584771, 17.721207, 14.143498, 10.025246, 5.283938, 0.0, 0.0, 0.0]"
374,"[0.0, 0.0, 0.0, 0.0, 2.088061, 4.756394, 7.815806, 11.268341, 14.720876, 16.08535, 16.822895, 16.763483, 15.910948, 14.858413, 13.405877, 11.216553, 8.849008, 6.881464, 5.698016, 5.786077, 7.355203, 9.885025, 13.181946, 16.088499, 18.512643, 20.56432, 22.239397, 22.714564, 22.996001, 22.289055, 17.4517, 15.088209, 12.392467, 9.549974, 7.453515, 9.861834, 9.98797, 11.685047, 13.928256, 16.619456, 18.611137, 20.811137, 21.809803, 22.049293, 21.49637, 20.548905, 18.356586, 16.360362, 13.928064, 11.789787, 10.034308, 9.759008, 10.214254, 12.207353, 14.806684, 17.942846, 20.977029, 18.113465, 14.507913, 10.199782, 5.366563, 0.0, 0.0, 0.0]"
375,"[0.0, 0.0, 0.0, 0.0, 2.280351, 4.948684, 8.110961, 11.366725, 15.016383, 15.942276, 16.480187, 16.517909, 16.262145, 14.812488, 13.406244, 11.614214, 9.262742, 7.262742, 6.476955, 6.886027, 8.531226, 11.332355, 14.455461, 17.878602, 20.90403, 23.048463, 24.998806, 26.0757, 26.038346, 24.803845, 19.6, 17.006659, 14.223268, 11.703619, 10.3113, 13.473578, 14.203227, 15.909723, 18.141578, 20.6603, 23.000748, 24.910678, 26.24651, 26.845077, 26.28376, 25.000038, 23.025312, 20.728652, 18.286212, 16.328808, 14.717484, 14.20825, 14.717484, 16.819896, 19.537626, 22.933277, 25.774332, 22.10282, 17.332076, 12.006665, 6.003332, 0.0, 0.0, 0.0]"
376,"[0.0, 0.0, 0.0, 0.0, 2.545584, 5.656854, 9.062732, 12.782947, 16.666244, 17.792172, 18.352414, 18.439386, 17.881449, 16.783829, 15.392668, 13.244311, 10.599989, 8.457515, 7.086051, 6.864826, 8.294636, 11.11762, 14.122739, 17.094867, 20.162144, 22.209179, 23.922832, 24.80097, 24.926833, 23.84518, 18.84518, 16.245693, 13.759242, 11.226936, 9.462537, 12.070218, 12.48454, 13.667931, 15.688032, 18.211846, 20.40833, 22.442831, 23.745891, 24.258097, 23.577037, 22.509181, 20.530444, 18.686795, 16.37459, 14.460556, 13.140857, 12.727627, 13.074093, 15.116733, 17.433145, 20.397985, 23.212305, 19.806428, 15.563787, 11.038304, 5.656854, 0.0, 0.0, 0.0]"
377,"[0.0, 0.0, 0.0, 0.0, 2.088061, 4.873739, 8.036017, 11.267116, 14.872667, 16.184605, 16.798928, 16.689518, 16.34286, 15.069689, 13.669689, 11.831739, 9.798676, 7.54669, 6.234113, 5.942914, 6.854727, 8.894335, 11.805889, 14.90919, 17.376512, 19.584529, 20.997253, 21.747426, 21.381979, 20.605857, 15.923977, 13.539902, 10.84572, 8.429702, 6.726758, 8.962826, 9.660443, 11.291542, 14.073006, 16.670132, 19.098826, 20.807589, 22.180836, 22.337917, 21.88561, 20.344948, 18.734948, 16.36667, 13.795284, 11.95341, 10.917371, 10.716212, 11.760388, 14.213317, 17.054805, 20.292154, 23.269261, 19.989017, 15.827287, 10.985799, 5.660389, 0.0, 0.0, 0.0]"
378,"[0.0, 0.0, 0.0, 0.0, 2.4, 5.0, 8.0, 11.405877, 14.811755, 15.817632, 16.277044, 15.945376, 15.207832, 14.275818, 12.578741, 10.735882, 9.067549, 7.247745, 5.990434, 6.281633, 7.665081, 10.065081, 13.021812, 16.209803, 18.650523, 20.562729, 21.723431, 22.478873, 22.250452, 21.739108, 17.226903, 15.273882, 12.71318, 10.245858, 8.013538, 10.345919, 10.421519, 11.652618, 13.701476, 16.298602, 18.460662, 20.271822, 21.645069, 22.167597, 21.843301, 20.887222, 19.277222, 17.005257, 14.43387, 12.473959, 10.945573, 10.661132, 11.192315, 13.241173, 15.52538, 18.527391, 21.038164, 18.1746, 14.416941, 10.122759, 5.110773, 0.0, 0.0, 0.0]"
379,"[0.0, 0.0, 0.0, 0.0, 2.009975, 4.483838, 7.152171, 10.314449, 13.476727, 14.69785, 15.087551, 15.282783, 14.803787, 13.97389, 12.304841, 10.607467, 8.343903, 5.943464, 4.611083, 4.649033, 5.882843, 8.282843, 11.405877, 14.450627, 16.973733, 18.749855, 19.925978, 20.696223, 20.636445, 19.744438, 15.568316, 13.800512, 11.22439, 8.948219, 7.414176, 9.746557, 10.201802, 12.001802, 14.416107, 17.013233, 19.451596, 21.358776, 22.563122, 22.720203, 22.395908, 21.163525, 19.51688, 17.595816, 15.403691, 13.833804, 12.903124, 12.941301, 13.863571, 16.083642, 18.51686, 21.294344, 23.890538, 20.284987, 15.976855, 11.143637, 5.758472, 0.0, 0.0, 0.0]"
380,"[0.0, 0.0, 0.0, 0.0, 1.886796, 4.122864, 6.901353, 10.031848, 13.524698, 15.130752, 16.247295, 16.33237, 16.065439, 14.980908, 13.498033, 11.559636, 9.328527, 7.097419, 5.708904, 5.222083, 6.043938, 8.189971, 10.782418, 13.520273, 16.120224, 18.007262, 19.655962, 20.748465, 20.920183, 20.149688, 16.026583, 13.835462, 11.23852, 8.832299, 7.092139, 9.492139, 10.119635, 11.851706, 14.175628, 16.368436, 18.572782, 20.309217, 21.056682, 21.414364, 21.414364, 20.016263, 18.223396, 16.431715, 14.315017, 12.745826, 11.802324, 11.879631, 13.244904, 15.318574, 17.576947, 20.361977, 22.757687, 18.984095, 14.822364, 10.327923, 5.280152, 0.0, 0.0, 0.0]"
381,"[0.0, 0.0, 0.0, 0.0, 2.088061, 4.688061, 7.661275, 10.79177, 14.369479, 15.506321, 16.131224, 16.042451, 15.473206, 14.158239, 12.913235, 11.211486, 9.346849, 7.805403, 6.956875, 6.863772, 7.781929, 9.987028, 12.740816, 15.488333, 18.270584, 20.49832, 22.081743, 22.977198, 23.484514, 22.815467, 18.14642, 15.899344, 13.671608, 11.090622, 9.490622, 11.964485, 12.37645, 13.427988, 15.389618, 17.03931, 19.373772, 21.208885, 22.423476, 23.081225, 23.274175, 21.918384, 20.365822, 18.521945, 16.288368, 14.171756, 12.981963, 12.504687, 13.133973, 14.783215, 17.151627, 19.90486, 22.142345, 18.649496, 14.52639, 10.031949, 5.015974, 0.0, 0.0, 0.0]"
382,"[0.0, 0.0, 0.0, 0.0, 2.009975, 4.290326, 6.958659, 10.120936, 13.352035, 14.573159, 15.345676, 15.73021, 15.288227, 14.389509, 13.15841, 11.519756, 9.099344, 7.011505, 5.698929, 5.31138, 6.106239, 8.533195, 11.25335, 14.02828, 16.72396, 18.82302, 20.235744, 21.001385, 20.980244, 20.072112, 15.76398, 13.708454, 11.600177, 9.439036, 7.925832, 10.188574, 10.745178, 12.015447, 14.123211, 16.206301, 18.329902, 19.74303, 20.849129, 21.25202, 21.165431, 20.059332, 18.646203, 17.088288, 15.297563, 13.650334, 12.977771, 13.004557, 13.77613, 15.648508, 18.016786, 20.413103, 22.616948, 19.016948, 14.812189, 10.207843, 5.203845, 0.0, 0.0, 0.0]"
383,"[0.0, 0.0, 0.0, 0.0, 1.969772, 4.475764, 7.528632, 10.753535, 13.978438, 15.426268, 16.21876, 16.029456, 15.668118, 14.652287, 13.045762, 11.359729, 9.320786, 7.089677, 5.705226, 5.23579, 5.786669, 7.682342, 10.37855, 13.225441, 15.641459, 17.601234, 18.865912, 19.52222, 19.343558, 18.884384, 14.761278, 13.117246, 10.574495, 8.523866, 6.837833, 9.037833, 9.304574, 11.118117, 13.128432, 15.32124, 17.325999, 18.918318, 19.862554, 20.215278, 19.815896, 18.418271, 17.025404, 15.425404, 13.829217, 12.393111, 11.749308, 11.487759, 12.050037, 13.401863, 15.712279, 17.953491, 20.375803, 17.213526, 13.652627, 9.37244, 4.967897, 0.0, 0.0, 0.0]"
384,"[0.0, 0.0, 0.0, 0.0, 2.0, 4.56125, 7.534463, 10.814707, 14.420259, 15.820259, 16.659009, 16.916894, 16.422328, 15.233386, 13.921447, 11.863088, 9.480517, 7.294839, 6.044421, 5.370573, 6.028932, 8.153618, 10.959495, 13.763191, 16.472083, 18.912804, 20.158595, 20.971722, 21.120088, 20.396982, 15.956261, 14.069637, 11.547689, 9.138238, 7.350689, 9.438751, 9.969934, 11.503977, 13.212777, 15.395059, 17.48312, 18.987622, 20.07393, 20.701078, 20.556002, 19.635644, 17.935911, 16.035113, 14.226432, 12.576774, 11.653391, 11.848622, 12.849614, 14.40828, 16.902721, 19.440658, 21.826856, 18.409254, 14.614521, 10.12008, 5.249762, 0.0, 0.0, 0.0]"
385,"[0.0, 0.0, 0.0, 0.0, 2.236068, 4.91935, 7.972217, 11.252461, 14.790822, 16.093115, 16.803946, 16.875179, 16.479376, 15.273395, 13.735034, 11.755135, 9.650839, 7.786202, 7.015871, 6.712928, 7.859964, 10.234272, 13.184355, 16.156619, 19.30105, 21.7398, 23.116432, 23.917289, 23.987322, 23.090451, 18.090451, 16.443806, 14.234312, 11.866034, 10.329736, 12.937417, 12.872729, 13.855489, 15.742526, 17.846413, 20.141792, 21.919735, 23.179891, 23.86095, 23.348745, 22.245684, 20.80833, 19.010824, 16.81434, 15.41434, 13.946721, 13.375148, 13.648733, 15.202782, 17.097223, 19.535587, 22.03257, 18.752326, 14.590596, 10.096155, 5.325411, 0.0, 0.0, 0.0]"
386,"[0.0, 0.0, 0.0, 0.0, 2.0, 4.56125, 7.281544, 10.561788, 13.967665, 15.373542, 16.21817, 16.77812, 16.21817, 15.144673, 13.974864, 12.131037, 9.699321, 7.579027, 6.095174, 5.421156, 6.191487, 8.063253, 11.183468, 14.304826, 16.985417, 19.039379, 20.705427, 21.108318, 21.261537, 20.624447, 16.238105, 14.114504, 11.878195, 9.367541, 7.374441, 9.79105, 10.391873, 11.905077, 13.870334, 16.197425, 18.088948, 19.59345, 20.561516, 21.301213, 21.011328, 19.95896, 18.650306, 17.067918, 14.986579, 13.336921, 12.413538, 11.860119, 12.492043, 14.050708, 16.545149, 19.083087, 21.962259, 18.544657, 14.749924, 10.255483, 5.385165, 0.0, 0.0, 0.0]"
387,"[0.0, 0.0, 0.0, 0.0, 1.697056, 3.959798, 6.788225, 9.761439, 13.041683, 14.62487, 15.414996, 15.450133, 14.893529, 14.029894, 12.458451, 10.571774, 8.556738, 6.740128, 5.737733, 6.028932, 7.423991, 9.686733, 12.763688, 15.319361, 17.760082, 19.969577, 21.629051, 22.517181, 22.665546, 21.998418, 17.227674, 15.018179, 12.453094, 10.422903, 8.849311, 11.058383, 11.556545, 12.909156, 14.557403, 16.67481, 19.173179, 20.752732, 22.004467, 22.472918, 22.155511, 21.44807, 20.015349, 18.417662, 16.881236, 15.387229, 13.948479, 13.715448, 14.31434, 15.529305, 17.588397, 19.966783, 22.277507, 18.671956, 14.788658, 10.223574, 5.283938, 0.0, 0.0, 0.0]"
388,"[0.0, 0.0, 0.0, 0.0, 2.209072, 4.877405, 8.133169, 11.48578, 15.280513, 16.489043, 17.398418, 17.542654, 17.242911, 15.954171, 14.772637, 12.536569, 10.136569, 8.249892, 7.08554, 6.937533, 8.38157, 10.799172, 13.941113, 17.251354, 19.9046, 22.058558, 23.580592, 24.27246, 24.391323, 23.773121, 18.833485, 16.946717, 14.363327, 11.801655, 9.76661, 12.272603, 11.94003, 12.929298, 14.690112, 16.725156, 18.659884, 20.710334, 22.045765, 22.640963, 22.825989, 21.962978, 20.423332, 18.545589, 16.312884, 14.267494, 12.925854, 12.363087, 12.755287, 14.427903, 16.369921, 19.137851, 21.673363, 18.417599, 14.412602, 10.207843, 5.203845, 0.0, 0.0, 0.0]"
389,"[0.0, 0.0, 0.0, 0.0, 1.811077, 4.411077, 7.211077, 10.411077, 13.617321, 15.062008, 15.717772, 15.781336, 15.30163, 14.375737, 12.828774, 10.789562, 8.750619, 6.662781, 5.598982, 5.701259, 7.284706, 9.666329, 12.88095, 15.939909, 18.689534, 20.571414, 22.424814, 23.072179, 23.291108, 22.488065, 17.806185, 15.658585, 13.373216, 11.159126, 9.371239, 11.779557, 11.978783, 13.175588, 14.855036, 17.410747, 19.671475, 21.229253, 22.543545, 23.188093, 22.712301, 21.714766, 20.717231, 19.159339, 17.100577, 15.77118, 14.963232, 14.155285, 14.199251, 15.458926, 17.143175, 19.083776, 21.623914, 18.41767, 14.61241, 10.207867, 5.403702, 0.0, 0.0, 0.0]"
390,"[0.0, 0.0, 0.0, 0.0, 1.811077, 4.28494, 6.814763, 9.726806, 12.773116, 14.092534, 14.749166, 14.997832, 14.693469, 13.491069, 12.05763, 10.268776, 8.090287, 6.115061, 5.487705, 5.688015, 7.209939, 9.714774, 12.68787, 15.521008, 18.009984, 19.711505, 21.271431, 22.160321, 22.27236, 21.606233, 17.041148, 15.059668, 12.845578, 10.89292, 9.453055, 11.959048, 12.118301, 13.398849, 15.031651, 17.155843, 19.37002, 21.192247, 22.29611, 23.019321, 22.819537, 21.776322, 20.42215, 18.535877, 16.578473, 14.654065, 13.483102, 13.084557, 13.758604, 14.956182, 17.080375, 19.57838, 21.900837, 18.448302, 14.643042, 10.238499, 5.234501, 0.0, 0.0, 0.0]"
391,"[0.0, 0.0, 0.0, 0.0, 1.969772, 4.475764, 7.254253, 10.384748, 13.713412, 14.74364, 15.493411, 15.826193, 15.538231, 14.489919, 13.333828, 11.520284, 9.257542, 7.047464, 5.767113, 5.446359, 5.97391, 8.171691, 10.849824, 13.696901, 16.335477, 18.527436, 19.88567, 20.678738, 20.791459, 20.023841, 15.862111, 13.737918, 11.604033, 9.444235, 7.947489, 10.453482, 11.015665, 12.606792, 14.527007, 16.791371, 18.676278, 20.398829, 21.224272, 21.741981, 21.565223, 20.405422, 18.886646, 17.183585, 15.108992, 12.967929, 12.07777, 11.505325, 11.881455, 13.565201, 16.162013, 18.856944, 21.617581, 18.55817, 14.711093, 10.270372, 5.234501, 0.0, 0.0, 0.0]"
392,"[0.0, 0.0, 0.0, 0.0, 2.2, 5.2, 8.406244, 12.011795, 15.661453, 17.197761, 17.550372, 17.575227, 16.755353, 15.522305, 14.022065, 12.281905, 10.250806, 8.631319, 8.101506, 7.953499, 9.126726, 11.344327, 14.486269, 17.093913, 19.74716, 21.70279, 23.224824, 23.916692, 24.192995, 23.334985, 18.593677, 16.706909, 14.492587, 11.921843, 10.318896, 13.18246, 13.18246, 14.002334, 15.685631, 17.624285, 19.502029, 21.190469, 22.600892, 23.212036, 23.361097, 22.414522, 21.025826, 19.172129, 17.183681, 15.376864, 13.914512, 13.425465, 13.615798, 14.846114, 16.602271, 18.977331, 21.450432, 18.097822, 14.361513, 10.044107, 5.336666, 0.0, 0.0, 0.0]"
393,"[0.0, 0.0, 0.0, 0.0, 2.209072, 5.016206, 7.87977, 11.332305, 14.738183, 15.929111, 16.527854, 16.870534, 16.281563, 15.483366, 14.292439, 12.499013, 10.092769, 8.077733, 6.294673, 5.685601, 6.282221, 8.289355, 10.846704, 13.827343, 16.427343, 18.622814, 20.220223, 21.056986, 21.494368, 20.746903, 16.34236, 14.537817, 12.106253, 9.652467, 7.896988, 9.866759, 9.987053, 11.474461, 13.291158, 15.717207, 18.241877, 20.091046, 20.997321, 21.441461, 21.201653, 20.035875, 18.519279, 16.820513, 15.051172, 12.978952, 11.85936, 11.147433, 11.866343, 13.257504, 15.837327, 18.56789, 21.337723, 18.11282, 14.441308, 10.050409, 5.110773, 0.0, 0.0, 0.0]"
394,"[0.0, 0.0, 0.0, 0.0, 2.332381, 5.385248, 8.785248, 12.362957, 16.15769, 17.620043, 18.303483, 18.256094, 17.737797, 16.550745, 14.965084, 12.841227, 10.654807, 8.761585, 7.353905, 7.232894, 8.40612, 10.402207, 13.03075, 16.198816, 18.818195, 21.068389, 22.941983, 24.151248, 24.387528, 23.685084, 18.649212, 16.62, 13.896353, 11.292007, 9.523078, 11.939687, 11.99244, 12.967853, 15.012603, 17.093941, 19.384773, 21.079307, 22.317984, 22.74537, 22.546216, 21.416484, 19.893637, 18.26276, 15.999696, 14.081444, 12.784086, 12.05898, 12.248283, 13.759426, 15.682532, 18.218819, 20.992978, 17.94011, 14.219895, 10.096789, 5.280152, 0.0, 0.0, 0.0]"
395,"[0.0, 0.0, 0.0, 0.0, 2.209072, 5.215731, 8.415731, 12.015731, 15.621283, 17.017762, 17.66076, 17.716524, 17.278802, 16.341583, 14.824093, 12.786887, 10.747676, 8.433926, 7.107234, 7.029148, 8.024378, 10.063589, 13.259811, 16.235577, 18.979547, 21.242184, 23.002395, 23.609526, 23.944001, 23.129599, 18.25928, 16.405583, 14.361383, 11.918574, 10.215099, 12.776348, 12.725341, 13.794615, 15.555429, 17.705704, 19.669938, 21.244818, 22.567862, 23.36872, 23.201382, 22.449491, 21.163341, 19.216209, 16.708206, 14.821582, 13.136051, 12.343732, 12.490865, 14.228123, 16.100501, 19.016439, 21.612602, 18.412602, 14.412602, 10.207843, 5.203845, 0.0, 0.0, 0.0]"
396,"[0.0, 0.0, 0.0, 0.0, 1.811077, 4.28494, 7.148505, 10.155164, 13.161823, 14.350746, 14.883542, 14.827112, 14.228771, 13.431184, 12.242261, 10.635602, 8.653089, 7.093298, 6.100779, 6.089702, 7.489702, 9.665081, 12.616553, 15.4, 18.004543, 19.645264, 21.314311, 22.075012, 22.154228, 21.632983, 17.192262, 15.330349, 13.177966, 11.068522, 9.348555, 11.894139, 12.087006, 13.177258, 15.257178, 17.814016, 20.109919, 22.208939, 23.518694, 24.003316, 23.386804, 22.387191, 20.84907, 19.152014, 17.460234, 15.86257, 14.494559, 13.740794, 13.636183, 14.598909, 16.533637, 19.095645, 21.523012, 18.516352, 14.711093, 10.270372, 5.234501, 0.0, 0.0, 0.0]"
397,"[0.0, 0.0, 0.0, 0.0, 2.163331, 4.669324, 7.532888, 10.757791, 13.8041, 15.058371, 15.850863, 15.850863, 15.294292, 14.457055, 12.850531, 11.164498, 9.300934, 7.457222, 6.464702, 6.550992, 7.658834, 9.957319, 12.625548, 15.292293, 17.867062, 19.984123, 21.489803, 22.801118, 23.322363, 22.655487, 17.818132, 15.877532, 13.414307, 11.418083, 10.021142, 12.884706, 12.933186, 14.085096, 15.661749, 17.747871, 19.638252, 21.645558, 22.894016, 23.299944, 22.855194, 21.984546, 20.39386, 18.705419, 16.820513, 15.439154, 14.155857, 13.634327, 13.879944, 14.979502, 16.805611, 19.265255, 21.960848, 18.662363, 15.056812, 10.562371, 5.502727, 0.0, 0.0, 0.0]"
398,"[0.0, 0.0, 0.0, 0.0, 1.843909, 4.12426, 6.966794, 9.966794, 13.295457, 14.950119, 15.980358, 16.368922, 16.280966, 15.426166, 14.207946, 12.420512, 10.189413, 8.277369, 6.603505, 5.846309, 6.292926, 7.976208, 10.106703, 12.983658, 15.510195, 17.778347, 19.655767, 20.604488, 21.006748, 20.840355, 16.60243, 14.571551, 12.655666, 10.420359, 8.506833, 10.715906, 10.993217, 11.829886, 13.785978, 15.821203, 18.052851, 19.717853, 21.189989, 21.566112, 21.546087, 20.336465, 18.776373, 17.167801, 15.200751, 13.415779, 12.465031, 12.05898, 12.195416, 13.706559, 15.911102, 18.35092, 20.72755, 17.72755, 14.007335, 9.602792, 4.882622, 0.0, 0.0, 0.0]"
399,"[0.0, 0.0, 0.0, 0.0, 2.236068, 4.652677, 7.625891, 10.599105, 13.951716, 15.068259, 15.950134, 16.201823, 16.057037, 15.312107, 14.168568, 12.482535, 10.334665, 8.400665, 6.812788, 6.216167, 6.839784, 8.591178, 11.120199, 13.92139, 16.328889, 18.497364, 20.273282, 21.249834, 21.428839, 21.208889, 16.804346, 14.807681, 12.643749, 10.432603, 8.353068, 10.589136, 10.701749, 11.377725, 12.941482, 15.150393, 17.15225, 18.555061, 19.937199, 20.529205, 20.373421, 19.3604, 17.957588, 16.271087, 14.115325, 12.38134, 11.156437, 10.672211, 10.784824, 12.126465, 13.664566, 15.958748, 18.287765, 15.567471, 12.436976, 8.859267, 4.565085, 0.0, 0.0, 0.0]"
400,"[0.0, 0.0, 0.0, 0.0, 1.649242, 3.68885, 5.924918, 8.555507, 11.383934, 12.541826, 13.309352, 13.673284, 13.242695, 12.62334, 11.428658, 10.035737, 8.235737, 6.31858, 4.909508, 4.71127, 5.336664, 7.167253, 9.712838, 12.336286, 14.727332, 16.692721, 18.062132, 19.238702, 19.620513, 19.021497, 15.0165, 13.2165, 11.251111, 9.058303, 7.572524, 9.72659, 10.246884, 11.505761, 13.437319, 15.64623, 17.541856, 18.944667, 19.940365, 20.340972, 20.185188, 19.3604, 18.290162, 16.603661, 14.81311, 13.079125, 11.854222, 11.431944, 11.736307, 12.934852, 14.944936, 17.253067, 19.492796, 16.580752, 13.228141, 9.17845, 4.870318, 0.0, 0.0, 0.0]"
401,"[0.0, 0.0, 0.0, 0.0, 2.154066, 4.570675, 7.52364, 10.476604, 13.701507, 14.988372, 15.852006, 15.872255, 15.747718, 15.084065, 13.623033, 11.757003, 9.860822, 7.832395, 6.165573, 5.599887, 6.07247, 7.715731, 10.195975, 12.862447, 15.269228, 17.342229, 19.147419, 19.99028, 20.552487, 20.292391, 16.332593, 14.36836, 12.13205, 9.464967, 7.904068, 9.943676, 9.799035, 10.865204, 12.539677, 14.216632, 16.30013, 18.121445, 19.097857, 19.850659, 19.597152, 18.897495, 17.466705, 16.145009, 14.30132, 12.666725, 11.223176, 10.302838, 10.036097, 10.969703, 12.724858, 14.982883, 17.713445, 15.372505, 12.399292, 8.855283, 4.617359, 0.0, 0.0, 0.0]"
402,"[0.0, 0.0, 0.0, 0.0, 1.649242, 3.803308, 6.219917, 8.827598, 11.547892, 12.951518, 13.770666, 14.182483, 14.136052, 13.541787, 12.209385, 10.367542, 8.433542, 6.319506, 5.087904, 4.97989, 6.084588, 7.797841, 10.575531, 13.564401, 16.075055, 18.091046, 20.008848, 21.309428, 21.678189, 21.232039, 16.97998, 15.015747, 12.37706, 10.134976, 8.467996, 10.808936, 11.033364, 12.277063, 14.024747, 16.137877, 18.105069, 20.001271, 21.488135, 22.242682, 22.198792, 21.711654, 20.453223, 18.664292, 16.493026, 14.649878, 12.954913, 11.972775, 12.097313, 13.249223, 15.062846, 17.618697, 20.19336, 17.240396, 13.747546, 9.697854, 5.015974, 0.0, 0.0, 0.0]"
403,"[0.0, 0.0, 0.0, 0.0, 2.039608, 4.759902, 7.480196, 10.45341, 13.806021, 15.259263, 15.763872, 16.096445, 15.843525, 14.932226, 13.326172, 11.713721, 9.680657, 7.760363, 5.884737, 5.453963, 5.995577, 7.696067, 9.869281, 12.980551, 15.282188, 17.422304, 19.09291, 20.169387, 20.437049, 20.12032, 15.826138, 13.671306, 11.661222, 9.316606, 7.331698, 9.052163, 8.942124, 9.62281, 11.303054, 13.252909, 15.353439, 17.187208, 18.426712, 18.967462, 19.122484, 18.526392, 17.174275, 15.655789, 13.814693, 11.974259, 10.398598, 9.790917, 9.957287, 11.275873, 13.048258, 15.478231, 18.147278, 15.539597, 12.241112, 8.748263, 4.669047, 0.0, 0.0, 0.0]"
404,"[0.0, 0.0, 0.0, 0.0, 1.8, 4.2, 6.608319, 9.614978, 12.67439, 13.979225, 14.68406, 15.32205, 14.845213, 14.126741, 12.991678, 11.228484, 8.982174, 7.084808, 5.96042, 5.888015, 6.954694, 9.214105, 12.464947, 15.32761, 18.047602, 20.256642, 22.11658, 22.798367, 22.923911, 22.153629, 17.53627, 15.66323, 13.572009, 11.576322, 10.070185, 12.677866, 12.742826, 13.663076, 15.413801, 17.607175, 19.533808, 21.264025, 22.590082, 23.124725, 22.981311, 22.294074, 20.763176, 18.821495, 16.934735, 15.08942, 13.748336, 12.967569, 13.248492, 14.446071, 15.905483, 18.003836, 20.708515, 17.649103, 13.843844, 9.838847, 5.234501, 0.0, 0.0, 0.0]"
405,"[0.0, 0.0, 0.0, 0.0, 2.280351, 4.754214, 7.813626, 11.266161, 15.071421, 16.243605, 17.169742, 17.51033, 17.064454, 16.066328, 14.822865, 12.822865, 10.639418, 8.764129, 7.173548, 6.764476, 7.764476, 9.547923, 12.216553, 15.4, 18.204346, 20.443311, 22.479182, 23.34823, 23.420365, 22.895235, 18.25627, 16.227058, 13.958011, 11.383241, 9.147935, 11.311266, 10.987888, 11.818987, 13.598575, 15.959426, 18.36118, 20.242983, 21.506325, 22.233913, 22.132811, 21.255544, 19.801729, 18.149822, 15.908609, 13.774724, 11.897983, 10.995786, 11.016816, 11.95832, 13.97352, 16.400367, 18.945241, 16.081676, 12.976842, 8.99187, 4.753946, 0.0, 0.0, 0.0]"
406,"[0.0, 0.0, 0.0, 0.0, 1.612452, 4.118444, 6.801726, 9.848035, 12.894344, 14.386728, 14.98557, 15.165853, 14.527862, 13.690625, 12.396867, 10.508585, 8.469642, 6.693778, 5.701259, 5.502633, 6.792074, 8.745941, 11.424075, 14.257214, 16.820885, 18.875594, 20.657806, 21.819353, 21.848878, 21.556053, 16.995351, 14.964471, 12.655666, 10.420359, 8.817413, 11.225732, 11.695909, 12.932579, 15.08867, 17.212862, 19.408889, 21.047854, 22.316901, 22.877603, 22.649182, 22.029808, 20.495678, 18.738675, 16.586292, 14.619242, 12.914621, 12.315779, 12.403735, 13.715631, 15.911102, 18.472238, 21.216007, 18.216007, 14.495792, 10.091249, 5.249762, 0.0, 0.0, 0.0]"
407,"[0.0, 0.0, 0.0, 0.0, 1.897367, 3.985428, 6.51525, 9.378814, 12.242378, 13.297976, 14.209915, 14.458582, 14.036329, 13.152664, 11.896755, 10.238396, 8.284528, 6.475673, 5.495774, 5.768489, 6.580914, 8.709258, 11.387391, 14.160984, 16.517874, 18.804528, 20.537714, 21.35023, 21.546524, 20.758224, 16.317503, 14.409842, 12.440803, 10.470916, 9.020616, 11.174682, 11.174682, 12.626167, 14.39976, 16.429951, 18.927766, 20.801158, 21.765071, 22.418667, 22.476538, 21.512474, 20.159077, 18.257946, 16.514039, 14.501247, 13.093781, 12.127677, 12.322908, 13.057228, 15.07002, 17.597995, 20.265614, 17.40205, 13.984449, 9.808326, 5.0, 0.0, 0.0, 0.0]"
408,"[0.0, 0.0, 0.0, 0.0, 1.811077, 4.219396, 7.02653, 10.033189, 13.033189, 14.228771, 14.827112, 14.883542, 14.350746, 13.631097, 12.521804, 10.715145, 8.676202, 7.050867, 5.987068, 5.889702, 7.089702, 9.265081, 12.221812, 15.010256, 17.650977, 19.723113, 21.477059, 22.232501, 22.403627, 21.947878, 17.475742, 15.728455, 13.576073, 11.74089, 10.036269, 12.31662, 12.088449, 13.178702, 14.887453, 17.101543, 19.703815, 21.645495, 22.988411, 23.181361, 22.790577, 21.595772, 20.131367, 18.401149, 16.438859, 14.841195, 13.433728, 12.577964, 12.473354, 14.04008, 15.613303, 18.001999, 20.665594, 17.658935, 13.811858, 9.732643, 5.063596, 0.0, 0.0, 0.0]"
409,"[0.0, 0.0, 0.0, 0.0, 1.612452, 3.738481, 6.179792, 8.741042, 11.569469, 12.785444, 13.220665, 13.340603, 13.015422, 11.975849, 10.759873, 9.093051, 6.979015, 5.19016, 4.295733, 4.295733, 5.637374, 7.910454, 10.743485, 13.409956, 15.618499, 17.342229, 18.873994, 19.716855, 19.716855, 19.301738, 15.34194, 13.651131, 11.31688, 9.368433, 7.972531, 10.313471, 10.359902, 11.795951, 13.957092, 15.891733, 18.022929, 19.72338, 20.736401, 20.892185, 20.830866, 19.85158, 18.371875, 16.854245, 15.078935, 13.321666, 11.954845, 11.362486, 11.362486, 12.506905, 14.264173, 16.65035, 19.121723, 16.401429, 13.102944, 9.219647, 4.707441, 0.0, 0.0, 0.0]"
410,"[0.0, 0.0, 0.0, 0.0, 2.039608, 4.380548, 7.100842, 10.074056, 13.204551, 14.295438, 15.007366, 15.007366, 14.595402, 13.590936, 12.180906, 10.408663, 8.708173, 6.971544, 5.976886, 5.868872, 6.742313, 8.508187, 11.261275, 14.07452, 16.51176, 18.637881, 20.256747, 21.083581, 21.26207, 20.773278, 16.493091, 14.696228, 12.445751, 10.332621, 8.420964, 10.657032, 10.657032, 11.78321, 13.214165, 15.448221, 17.261844, 19.045063, 20.059001, 20.741176, 20.534834, 19.837754, 18.358898, 16.405656, 14.436616, 12.480126, 10.84798, 10.090002, 10.379651, 11.431829, 13.134813, 15.419345, 17.683423, 15.052834, 11.84659, 8.423141, 4.418144, 0.0, 0.0, 0.0]"
411,"[0.0, 0.0, 0.0, 0.0, 2.009975, 4.617656, 7.417656, 10.617656, 14.017656, 15.213925, 15.812488, 15.840915, 15.271504, 14.107572, 12.940936, 11.148906, 9.340283, 7.60412, 6.387856, 5.9607, 6.746487, 8.526683, 11.038133, 14.038279, 16.897963, 19.170099, 20.882305, 21.988633, 22.091789, 21.163662, 16.691526, 14.787001, 12.474796, 10.000932, 8.177388, 10.303417, 10.303417, 11.233913, 13.162379, 15.386531, 17.310193, 18.752203, 19.744814, 19.9881, 19.720438, 18.782017, 17.560752, 15.700389, 13.76619, 11.701686, 10.190417, 9.371965, 9.345291, 10.431708, 12.363266, 14.812957, 17.111114, 14.875046, 11.901832, 8.357823, 4.308132, 0.0, 0.0, 0.0]"
412,"[0.0, 0.0, 0.0, 0.0, 2.126029, 4.687279, 7.660493, 10.940737, 14.381667, 15.696568, 16.360221, 16.517502, 16.022936, 14.922946, 13.636082, 11.867201, 9.631133, 7.670076, 6.34894, 5.807326, 6.477333, 8.3032, 10.919509, 13.505256, 15.837421, 17.829644, 19.581486, 20.080099, 20.414091, 19.780063, 15.661811, 13.797356, 11.578278, 9.251187, 7.553049, 9.563024, 9.296283, 10.549032, 12.098858, 14.222715, 15.949048, 17.687324, 18.73406, 19.177334, 18.846903, 18.110594, 16.831379, 15.020501, 13.454557, 11.661132, 10.075345, 9.162141, 9.294009, 10.166445, 11.716271, 14.164699, 16.705092, 14.364152, 11.452108, 8.28983, 4.427189, 0.0, 0.0, 0.0]"
413,"[0.0, 0.0, 0.0, 0.0, 1.612452, 3.499248, 5.940559, 8.54824, 11.501204, 12.674431, 13.573312, 13.852295, 13.480682, 12.537693, 11.364466, 9.598593, 7.325512, 5.536658, 4.351304, 4.019477, 5.125702, 7.398783, 10.004437, 12.785367, 15.262401, 17.075915, 18.663753, 19.473527, 19.604284, 19.008903, 15.069359, 12.997296, 11.114553, 9.167099, 8.014796, 10.214796, 10.609318, 11.655968, 13.489268, 15.499243, 17.504002, 19.078172, 20.251623, 20.634466, 20.236669, 19.437787, 18.239687, 16.647368, 14.851444, 13.268898, 11.749816, 11.005899, 11.118512, 12.35037, 14.030977, 16.584902, 18.882862, 16.162568, 12.721637, 9.001422, 4.560702, 0.0, 0.0, 0.0]"
414,"[0.0, 0.0, 0.0, 0.0, 1.886796, 4.494477, 7.272966, 10.403461, 13.533956, 14.620374, 14.985907, 15.119462, 14.422072, 13.527644, 12.365508, 10.806508, 8.971497, 7.432819, 6.196751, 5.998125, 6.81998, 8.272769, 10.483177, 13.170994, 15.379537, 17.362474, 19.051657, 20.151581, 20.269023, 19.654272, 15.435267, 13.649368, 11.41438, 9.329586, 8.010138, 9.979909, 9.979909, 10.838565, 12.416584, 14.217606, 15.984143, 17.287346, 18.321561, 18.600785, 18.312967, 17.355147, 16.22652, 14.423005, 12.689205, 10.901656, 9.735619, 9.09771, 9.455193, 10.389773, 12.177321, 14.236382, 16.485615, 14.069005, 11.290517, 7.890517, 4.219005, 0.0, 0.0, 0.0]"
415,"[0.0, 0.0, 0.0, 0.0, 1.897367, 3.985428, 6.51525, 9.235544, 12.099108, 13.154706, 14.01961, 14.268276, 13.989293, 13.40608, 12.297024, 10.78628, 8.832413, 7.191101, 5.910751, 5.509062, 6.230172, 7.846862, 10.20914, 12.814691, 15.214345, 17.020901, 18.549477, 19.357086, 19.42849, 18.710715, 14.740828, 13.051293, 11.051178, 9.185299, 8.061199, 10.591022, 11.174235, 12.435562, 14.117335, 15.912068, 17.558369, 18.970316, 19.783967, 20.335867, 20.146685, 19.176806, 17.901295, 16.264864, 14.308175, 12.672396, 11.629483, 11.175067, 11.766748, 12.958931, 14.989159, 17.266549, 19.407114, 16.407114, 13.12687, 9.12687, 4.68615, 0.0, 0.0, 0.0]"
416,"[0.0, 0.0, 0.0, 0.0, 1.979899, 4.525483, 7.353911, 10.47801, 13.640288, 14.822667, 15.43936, 15.563897, 15.123079, 14.490624, 13.298118, 11.748291, 9.926698, 8.459969, 7.330146, 7.171452, 7.713066, 9.30199, 11.383922, 13.671739, 16.136174, 18.25762, 19.779966, 20.686241, 21.241064, 20.571104, 16.295592, 14.721284, 12.670591, 10.591281, 9.14906, 11.832342, 12.027573, 12.978342, 14.232613, 15.864015, 17.418658, 18.941436, 19.954853, 20.310844, 20.121662, 19.163982, 17.77764, 16.100699, 14.659487, 13.141997, 11.871728, 11.280047, 11.507069, 12.430452, 14.030209, 16.3883, 18.649028, 15.980695, 12.724931, 9.037113, 4.669047, 0.0, 0.0, 0.0]"
417,"[0.0, 0.0, 0.0, 0.0, 2.009975, 4.483838, 7.54325, 10.602662, 13.808906, 14.798931, 15.325067, 15.272315, 14.820584, 14.022659, 13.032634, 11.832634, 10.042528, 8.566217, 7.499539, 7.386931, 8.060794, 9.949077, 12.11619, 14.569283, 16.90984, 18.822319, 20.18962, 21.363272, 21.68679, 21.120378, 16.734036, 15.125464, 13.127192, 11.40894, 10.211291, 12.741113, 12.830513, 13.518928, 14.724479, 16.024208, 17.966522, 19.3999, 20.623965, 21.256337, 21.277478, 20.49316, 19.211652, 17.545604, 15.837502, 14.37515, 12.967683, 12.304159, 12.536829, 13.678519, 15.371061, 17.562846, 19.773416, 16.820452, 13.14894, 9.124017, 4.651881, 0.0, 0.0, 0.0]"
418,"[0.0, 0.0, 0.0, 0.0, 1.969772, 4.653053, 7.431542, 10.384507, 13.546784, 14.73929, 15.336253, 15.681864, 15.557326, 14.940633, 13.758254, 12.175067, 10.392608, 8.388802, 7.184858, 6.902015, 7.48531, 8.972096, 11.541588, 14.041821, 16.344765, 18.391076, 19.88931, 20.967334, 21.150381, 20.821893, 16.495232, 14.609881, 12.117644, 10.062494, 8.400957, 10.800957, 10.967327, 12.243192, 13.923078, 15.957852, 17.762611, 19.354931, 20.303926, 20.659265, 20.264173, 19.315178, 18.174589, 16.638163, 15.033166, 13.393484, 12.107491, 11.32843, 11.350822, 12.074922, 13.741902, 16.014771, 18.551058, 15.860334, 12.736234, 9.059279, 4.816638, 0.0, 0.0, 0.0]"
419,"[0.0, 0.0, 0.0, 0.0, 1.897367, 3.985428, 6.459291, 9.127624, 11.847918, 12.814116, 13.679019, 13.983645, 13.756623, 13.31668, 12.297024, 10.78628, 8.832413, 7.191101, 5.910751, 5.408482, 5.936033, 7.794694, 10.305283, 12.798133, 15.230084, 17.260313, 18.546918, 19.206216, 19.251727, 18.872247, 14.872247, 13.343672, 11.271151, 9.543867, 8.047121, 10.201187, 10.538365, 11.803276, 13.663711, 15.791267, 18.023543, 19.631397, 20.707043, 21.403597, 21.45789, 20.327312, 19.045805, 17.528175, 15.314175, 13.39829, 12.422877, 11.759353, 11.992023, 13.330807, 15.553819, 17.925349, 20.500013, 17.547048, 14.054198, 9.667856, 5.015974, 0.0, 0.0, 0.0]"
420,"[0.0, 0.0, 0.0, 0.0, 1.720465, 3.846494, 6.287805, 9.008099, 11.961064, 13.371094, 14.218279, 14.497262, 14.497262, 13.780365, 12.689478, 11.172286, 9.346419, 7.073339, 5.637271, 5.053685, 5.386517, 6.908699, 9.41445, 11.925039, 14.145973, 16.093426, 17.756033, 18.490886, 18.868115, 18.217709, 14.4814, 12.638253, 10.739289, 8.771937, 7.39463, 9.603702, 9.967634, 11.17878, 12.858314, 14.814623, 16.625502, 18.104717, 19.183933, 19.520241, 19.458699, 18.411962, 17.118424, 15.380149, 13.653816, 12.109807, 11.176201, 10.626591, 11.005945, 12.276214, 13.996429, 16.237008, 18.561642, 15.841348, 12.561104, 8.840889, 4.560702, 0.0, 0.0, 0.0]"
421,"[0.0, 0.0, 0.0, 0.0, 2.0, 4.209072, 7.016206, 10.022865, 13.049414, 14.154249, 14.857221, 14.835765, 14.245715, 13.373232, 12.057251, 10.601229, 8.815551, 7.223563, 6.350122, 6.17372, 6.871763, 8.657441, 11.143409, 13.620443, 15.952608, 17.848234, 19.342743, 20.00204, 20.214268, 19.83055, 15.780859, 14.108353, 12.374534, 10.414623, 8.863699, 11.204639, 11.382636, 12.371471, 13.761496, 15.50918, 17.107783, 18.560029, 19.57305, 20.252266, 20.182425, 19.66633, 18.454955, 17.045458, 15.202311, 13.668559, 12.131906, 11.546668, 11.671206, 12.565633, 14.169226, 16.590562, 18.621386, 15.668422, 12.537927, 8.780268, 4.472136, 0.0, 0.0, 0.0]"
422,"[0.0, 0.0, 0.0, 0.0, 1.720465, 3.607261, 6.048572, 8.768867, 11.489161, 12.741909, 13.68354, 13.962523, 13.68354, 13.199314, 12.112897, 10.896921, 9.307998, 7.691308, 6.279861, 5.470098, 5.578111, 6.888051, 8.783724, 11.011971, 13.70853, 15.565774, 16.882122, 17.838783, 18.278765, 17.857784, 14.280075, 12.758484, 11.061428, 9.289043, 7.585674, 9.794746, 10.158678, 11.385023, 13.064558, 15.220576, 17.0165, 18.436451, 19.113504, 19.642881, 19.38163, 18.729244, 17.429588, 15.782359, 14.062054, 12.518045, 11.175409, 10.796055, 11.512952, 12.528783, 14.302375, 16.6833, 18.907445, 15.95448, 12.729577, 8.955985, 4.565085, 0.0, 0.0, 0.0]"
423,"[0.0, 0.0, 0.0, 0.0, 2.0, 4.2, 7.007134, 9.814268, 12.840817, 13.867366, 14.772201, 14.877111, 14.790271, 14.104662, 13.232179, 11.776586, 10.278756, 8.558462, 7.294555, 6.421114, 6.658668, 7.852135, 9.905003, 12.052873, 14.333147, 16.416237, 17.778443, 18.685373, 19.137425, 18.982404, 15.012517, 13.60388, 11.88015, 9.992049, 8.596147, 10.805219, 10.874559, 11.550535, 12.866516, 14.34939, 16.219534, 17.608895, 18.701848, 19.197013, 19.309714, 18.636376, 17.423559, 16.026243, 14.626243, 13.030667, 11.778856, 11.413033, 11.366602, 12.139816, 13.950835, 15.900426, 17.993429, 15.432179, 12.458965, 8.637971, 4.534314, 0.0, 0.0, 0.0]"
424,"[0.0, 0.0, 0.0, 0.0, 1.414214, 3.134679, 5.39742, 7.95867, 10.787097, 12.093178, 12.980394, 13.134261, 12.989621, 12.315259, 11.38382, 10.232161, 8.709979, 7.117991, 5.963925, 5.631092, 5.963925, 7.410437, 9.55903, 11.721308, 13.809295, 15.708258, 17.387268, 18.434005, 18.893881, 18.75575, 15.067932, 13.678571, 11.812687, 10.077329, 8.797481, 11.238792, 11.39388, 12.370309, 13.883513, 15.515143, 17.018448, 18.282462, 19.432154, 20.00204, 20.065376, 19.797715, 18.859293, 17.407534, 15.878958, 14.294031, 12.958016, 12.477335, 12.655568, 13.819808, 15.588737, 17.852142, 20.025718, 17.019059, 13.413508, 9.408511, 4.804165, 0.0, 0.0, 0.0]"
425,"[0.0, 0.0, 0.0, 0.0, 1.720465, 3.846494, 6.287805, 8.849055, 11.677482, 12.930231, 13.524496, 13.803479, 13.84991, 13.438092, 12.618944, 11.511102, 9.867841, 8.154587, 6.537978, 5.798125, 5.974528, 7.238435, 9.129686, 11.302899, 13.432695, 15.13669, 16.874966, 17.711442, 18.161677, 17.624327, 14.131477, 12.682851, 11.214763, 9.580169, 8.553409, 10.440205, 10.226225, 10.857836, 12.042196, 13.462297, 15.333159, 16.861167, 17.68104, 18.268725, 18.274603, 17.628214, 16.512024, 15.467723, 14.032853, 12.863044, 11.90584, 11.286485, 11.325235, 12.199206, 13.363138, 15.409072, 17.4, 14.8, 11.8, 8.4, 4.2, 0.0, 0.0, 0.0]"
426,"[0.0, 0.0, 0.0, 0.0, 1.811077, 4.020149, 6.428468, 9.435127, 12.435127, 13.62405, 14.421637, 15.039868, 14.861636, 14.391458, 13.627526, 12.464775, 11.038226, 9.229603, 7.980406, 7.024962, 6.969908, 7.710848, 9.664258, 11.694222, 13.991306, 15.873964, 17.416321, 18.284982, 18.816267, 18.799457, 15.127945, 13.964942, 12.182193, 10.31009, 8.560269, 10.760269, 10.276043, 11.128961, 12.321467, 13.808874, 15.296692, 16.748442, 17.458552, 17.901825, 18.203341, 17.515523, 16.827705, 16.012685, 14.616206, 13.252274, 12.222046, 11.638655, 11.439202, 12.23013, 13.322725, 15.194828, 17.030277, 14.422596, 11.422596, 8.093933, 4.252058, 0.0, 0.0, 0.0]"
427,"[0.0, 0.0, 0.0, 0.0, 1.720465, 4.161776, 6.88207, 9.602364, 12.655232, 14.065262, 14.597165, 14.788914, 14.980664, 14.558386, 13.663959, 12.730353, 11.274331, 9.493658, 7.940102, 7.316485, 7.276877, 8.420855, 10.289485, 12.612452, 14.605551, 16.625502, 18.045452, 19.124667, 19.803883, 19.88615, 15.866199, 14.758293, 13.286758, 11.407543, 9.955793, 12.109859, 11.805496, 11.918109, 12.998353, 14.203215, 15.6547, 16.991636, 18.029001, 18.506416, 18.742441, 18.299167, 17.266595, 16.42098, 15.383615, 14.0476, 13.326633, 12.975839, 12.784089, 13.344039, 14.60865, 16.21703, 18.096501, 15.376207, 12.095963, 8.490412, 4.440721, 0.0, 0.0, 0.0]"
428,"[0.0, 0.0, 0.0, 0.0, 1.649242, 3.619014, 6.148836, 8.678658, 11.590702, 12.968009, 14.004897, 14.475075, 14.745252, 14.241527, 13.42405, 12.228468, 10.628468, 8.848272, 7.33438, 6.202341, 6.003716, 6.812788, 8.226089, 10.160089, 12.435667, 14.316065, 15.969634, 17.114238, 17.86352, 17.910909, 14.418059, 13.155418, 11.918649, 10.184849, 8.584849, 10.395926, 9.639835, 9.715504, 10.471595, 11.80209, 13.301602, 14.950543, 15.832419, 16.530903, 16.625311, 16.341271, 15.655555, 14.765389, 13.702973, 12.321979, 11.265201, 10.738418, 10.738418, 11.344884, 12.75674, 14.474786, 16.298092, 13.889773, 11.047239, 7.791475, 4.103657, 0.0, 0.0, 0.0]"
429,"[0.0, 0.0, 0.0, 0.0, 1.612452, 3.423529, 5.433504, 8.041185, 10.671774, 11.779617, 12.754217, 13.344242, 13.419843, 12.848379, 12.187211, 10.843754, 9.320787, 7.462127, 5.850214, 4.685515, 4.685515, 5.578254, 7.283455, 9.699806, 12.030282, 13.916724, 15.387883, 16.545879, 16.962558, 16.861755, 13.533092, 12.50048, 10.975993, 9.484604, 8.009746, 9.809746, 9.441035, 9.807527, 10.738966, 12.001768, 13.500252, 14.953495, 15.847121, 16.550275, 16.844475, 16.745991, 16.053141, 15.237373, 14.222244, 13.025975, 11.865583, 11.301651, 11.25522, 11.846901, 13.375287, 15.156674, 17.043711, 14.482461, 11.482461, 7.9441, 4.123106, 0.0, 0.0, 0.0]"
430,"[0.0, 0.0, 0.0, 0.0, 1.264911, 2.914153, 4.953761, 7.386866, 9.994547, 11.337317, 12.288075, 12.856148, 12.831362, 12.263289, 11.499517, 10.548759, 8.960882, 7.352563, 5.87864, 4.859353, 4.41011, 5.201384, 6.809702, 9.051151, 11.054957, 13.153441, 14.947916, 15.957198, 16.567666, 16.785548, 13.487064, 12.481512, 11.217977, 9.611452, 8.165143, 9.814385, 9.273511, 9.282776, 10.032949, 11.31739, 12.721015, 13.886792, 15.30117, 16.157522, 16.625692, 16.546038, 16.041429, 15.184014, 13.920479, 12.803936, 11.889848, 11.432296, 11.273251, 12.119185, 13.211781, 14.926247, 16.437098, 13.875848, 10.875848, 7.547185, 3.773592, 0.0, 0.0, 0.0]"
431,"[0.0, 0.0, 0.0, 0.0, 1.612452, 3.622427, 6.055532, 8.686121, 11.406415, 12.579641, 13.355344, 13.60552, 13.658213, 13.499168, 12.876821, 11.97794, 10.736879, 9.13063, 7.589184, 6.502887, 6.030304, 6.28514, 7.616426, 9.287347, 11.604426, 13.728574, 15.873392, 17.238666, 18.219453, 18.323911, 14.78555, 13.626957, 12.016695, 10.345183, 8.733409, 10.522263, 9.68289, 9.529535, 9.937854, 11.057717, 12.493765, 13.87476, 15.163269, 16.298959, 16.644911, 16.582285, 16.14306, 15.630253, 14.616066, 13.69656, 12.942601, 12.556924, 12.378927, 12.875654, 13.667452, 14.751983, 16.28136, 13.673679, 10.647129, 7.422226, 3.929377, 0.0, 0.0, 0.0]"
432,"[0.0, 0.0, 0.0, 0.0, 1.649242, 3.619014, 5.77308, 8.302902, 11.023196, 12.094248, 13.151025, 13.60464, 13.674818, 13.354524, 12.644205, 11.417656, 10.409975, 8.829779, 7.324206, 6.208658, 5.673569, 5.884646, 7.273161, 9.009323, 11.219731, 13.307431, 14.913956, 16.263295, 17.210415, 17.50558, 14.152969, 13.418649, 11.897058, 10.289121, 8.700198, 10.500198, 9.660825, 9.578823, 9.84512, 10.81972, 12.250819, 13.759521, 14.958066, 16.020483, 16.459708, 16.453513, 16.107561, 15.761609, 14.89623, 14.104432, 13.033594, 12.263003, 11.588725, 11.846344, 12.537339, 14.060229, 15.794047, 13.461667, 10.770942, 7.646842, 3.969887, 0.0, 0.0, 0.0]"
433,"[0.0, 0.0, 0.0, 0.0, 1.280625, 2.842675, 4.842675, 7.250994, 9.796578, 10.924272, 11.694603, 12.026984, 11.854733, 11.27892, 10.840373, 10.157234, 8.901886, 7.231504, 6.086353, 5.136386, 4.752054, 5.51893, 7.107311, 9.068367, 11.347048, 13.574987, 15.154526, 16.406338, 17.026537, 16.928053, 13.435203, 12.611755, 11.614196, 10.247927, 8.836781, 10.723577, 10.386319, 10.386319, 10.907961, 11.809831, 13.047135, 14.322754, 15.452797, 16.429908, 17.019427, 17.057605, 16.403685, 15.749765, 14.772653, 13.900728, 13.14677, 12.823578, 12.802701, 13.472551, 14.669783, 16.246436, 17.993318, 15.129754, 11.898655, 8.293104, 4.308132, 0.0, 0.0, 0.0]"
434,"[0.0, 0.0, 0.0, 0.0, 1.442221, 3.329017, 5.492348, 7.824728, 10.50801, 11.929354, 12.762851, 13.319815, 13.618023, 13.343061, 12.489472, 11.580254, 10.472412, 8.861627, 7.347735, 6.357564, 5.746487, 5.934035, 7.314231, 9.027485, 11.232584, 13.456033, 15.148882, 16.292891, 17.22922, 17.421918, 13.998469, 13.291297, 11.901354, 10.201254, 8.583652, 10.394729, 9.452961, 9.452961, 10.209052, 11.272616, 12.507848, 14.081541, 15.280086, 15.97857, 16.339909, 16.122027, 15.532853, 14.787923, 13.922543, 13.130745, 12.538386, 11.946027, 11.899596, 12.466491, 13.427498, 15.012425, 16.736155, 14.174905, 11.174905, 7.780793, 3.959798, 0.0, 0.0, 0.0]"
435,"[0.0, 0.0, 0.0, 0.0, 1.649242, 3.68885, 6.218672, 8.938966, 11.724644, 12.938966, 13.783799, 14.138418, 13.979374, 13.602015, 13.14677, 11.959385, 10.636994, 9.152777, 7.744458, 6.355943, 6.101107, 6.539057, 8.023274, 9.907715, 12.050189, 13.936632, 15.608144, 16.804553, 17.677771, 17.933095, 14.604431, 13.718597, 12.560938, 10.862405, 9.444804, 11.444804, 10.718252, 10.35432, 11.080872, 11.866549, 12.912859, 14.271334, 15.612975, 16.498809, 17.041795, 17.157763, 16.740162, 16.162453, 14.823322, 13.827039, 12.900829, 12.333935, 11.941615, 12.815479, 13.883098, 15.652027, 17.423681, 14.816, 11.609756, 8.209756, 4.204759, 0.0, 0.0, 0.0]"
436,"[0.0, 0.0, 0.0, 0.0, 1.280625, 3.069479, 5.128605, 7.364673, 9.964673, 11.213871, 12.055605, 12.60416, 12.776411, 12.176411, 11.446589, 10.416, 8.808319, 7.224621, 5.671835, 4.696456, 4.296456, 5.096456, 6.680154, 8.83294, 10.815453, 12.840356, 14.533206, 15.617737, 16.561746, 16.727826, 13.502922, 12.539895, 11.086653, 9.552619, 8.390482, 10.234391, 9.67434, 9.870801, 10.544107, 11.596594, 12.805553, 14.060684, 15.242218, 15.976538, 16.465585, 16.324761, 15.820152, 15.122845, 14.235065, 13.03652, 12.360544, 12.2015, 12.309633, 12.903911, 14.437662, 16.201594, 18.044888, 15.216461, 12.092361, 8.404543, 4.404543, 0.0, 0.0, 0.0]"
437,"[0.0, 0.0, 0.0, 0.0, 1.414214, 2.976263, 4.956162, 7.501747, 10.047331, 11.323843, 12.369474, 12.997256, 12.957664, 12.648148, 12.045484, 10.893825, 9.551055, 7.766173, 5.977318, 4.489257, 4.110268, 4.368511, 5.706527, 7.675923, 9.675923, 11.761168, 13.493777, 14.659554, 15.467848, 15.874507, 12.71223, 11.864784, 10.848953, 9.467959, 7.984455, 9.546505, 8.858651, 8.708705, 9.197176, 10.281703, 11.498142, 12.777677, 13.718551, 14.359384, 14.724916, 14.774855, 14.465579, 14.011164, 13.318301, 12.625438, 11.856137, 11.445763, 11.333284, 12.079482, 13.005375, 14.951246, 17.075438, 14.642333, 11.615784, 8.40954, 4.404543, 0.0, 0.0, 0.0]"
438,"[0.0, 0.0, 0.0, 0.0, 1.56205, 3.56205, 5.970369, 8.970369, 11.85481, 13.345627, 14.209192, 14.58655, 14.306844, 13.855508, 12.842249, 11.789762, 10.220636, 8.577375, 7.038697, 5.99909, 5.404565, 5.99909, 7.355162, 9.267868, 11.474112, 13.65756, 15.452034, 16.641083, 17.456103, 17.673308, 14.273308, 13.579801, 12.588236, 11.374401, 9.750952, 11.594861, 10.652589, 10.081125, 10.234056, 10.995306, 12.313675, 13.506181, 14.671958, 15.688417, 16.704876, 16.588908, 16.399844, 15.960618, 14.982909, 13.641269, 13.156209, 12.72858, 12.942902, 13.50518, 15.116189, 16.579861, 18.420619, 15.420619, 12.258342, 8.411265, 4.386342, 0.0, 0.0, 0.0]"
439,"[0.0, 0.0, 0.0, 0.0, 1.341641, 2.864795, 4.952857, 7.233208, 9.666313, 10.757777, 11.642941, 11.95488, 11.874529, 11.451399, 10.829371, 9.637605, 8.237605, 6.484818, 4.922057, 4.11098, 4.308641, 5.119718, 6.872504, 8.825291, 10.83195, 12.642639, 14.087326, 15.239937, 16.192548, 16.348167, 13.123264, 12.4675, 11.20295, 9.860314, 8.498036, 10.309113, 9.60648, 9.577545, 9.89995, 10.878439, 11.845851, 13.277148, 14.528611, 15.427329, 15.879939, 16.263728, 15.908278, 15.570903, 14.756413, 14.031307, 13.310341, 13.027852, 12.745363, 13.657417, 14.649995, 16.502866, 18.377226, 15.686502, 12.357838, 8.859267, 4.565085, 0.0, 0.0, 0.0]"
440,"[0.0, 0.0, 0.0, 0.0, 1.264911, 2.788066, 4.847192, 7.179572, 9.620884, 10.797284, 11.819713, 12.040938, 11.871888, 11.489703, 10.571547, 9.290873, 8.087555, 6.371438, 4.712312, 3.754843, 3.656122, 4.276146, 5.808831, 8.099556, 10.376405, 12.340709, 13.954242, 15.205442, 15.745816, 15.876496, 12.746001, 11.909275, 10.766237, 9.432505, 8.021341, 9.583391, 8.632682, 8.632682, 9.015667, 9.92748, 11.338644, 12.788703, 13.931741, 14.961979, 15.816779, 15.97406, 15.779335, 15.326725, 14.522129, 13.473816, 12.776426, 12.406256, 12.627768, 13.328019, 14.852927, 16.464572, 18.695219, 15.695219, 12.488975, 8.683715, 4.638965, 0.0, 0.0, 0.0]"
441,"[0.0, 0.0, 0.0, 0.0, 1.4, 3.4, 5.609072, 8.017391, 10.64798, 11.87857, 12.546903, 13.123508, 13.315189, 13.016981, 12.273187, 11.32532, 9.705832, 7.738288, 5.805907, 4.484796, 3.841364, 4.383975, 5.83958, 7.85619, 9.973786, 11.94962, 13.521063, 14.688766, 15.527921, 15.955909, 12.903042, 12.451225, 11.32149, 9.909635, 8.32152, 9.777542, 8.349115, 7.835537, 8.031236, 8.941186, 10.115754, 11.742303, 13.1564, 14.323037, 15.089932, 15.459342, 15.032793, 14.606244, 13.808319, 12.844387, 11.932448, 11.568516, 11.409827, 11.721802, 12.741499, 14.330393, 16.21743, 13.776119, 11.055825, 7.800061, 4.123106, 0.0, 0.0, 0.0]"
442,"[0.0, 0.0, 0.0, 0.0, 1.414214, 3.258122, 5.238021, 7.518372, 9.959683, 11.153151, 11.992523, 12.612625, 12.748883, 12.54364, 11.975567, 11.103362, 9.719915, 7.935761, 6.146906, 4.739754, 4.00571, 4.312312, 5.767918, 7.601055, 9.832164, 11.814543, 13.516291, 14.634474, 15.560367, 15.896803, 12.837391, 12.020807, 10.814563, 9.419396, 7.675418, 9.017059, 8.17079, 8.014699, 8.366952, 9.352242, 10.853135, 12.415185, 13.695376, 14.643315, 15.313273, 15.443953, 15.293067, 14.859692, 14.294007, 13.463088, 12.822255, 12.26565, 12.00803, 12.488995, 13.414888, 14.887767, 16.871158, 14.438053, 11.411503, 8.20526, 4.4, 0.0, 0.0, 0.0]"
443,"[0.0, 0.0, 0.0, 0.0, 1.341641, 3.341641, 5.341641, 7.782952, 10.344202, 11.563811, 12.284105, 12.891786, 12.956467, 12.631286, 11.778837, 10.400183, 8.869535, 6.929228, 5.29316, 4.661392, 4.661392, 5.584359, 7.351055, 9.434336, 11.588402, 13.664363, 15.400671, 16.717948, 17.487202, 17.679551, 14.26195, 13.133322, 11.719733, 10.355259, 8.818606, 10.515663, 9.794778, 9.794778, 10.123326, 11.100094, 12.713627, 14.404539, 15.774023, 16.962965, 17.505278, 17.600566, 17.278621, 16.646284, 15.761027, 14.96283, 13.973562, 13.191661, 12.826129, 13.105834, 13.904031, 15.492418, 17.23756, 14.629879, 11.629879, 8.224002, 4.219005, 0.0, 0.0, 0.0]"
444,"[0.0, 0.0, 0.0, 0.0, 1.6, 3.6, 6.0, 8.6, 11.2, 12.230589, 12.861179, 12.935042, 12.808905, 12.296967, 11.375178, 10.200611, 8.9433, 7.069437, 5.702485, 5.070718, 5.13785, 6.009359, 7.883223, 9.94779, 12.181346, 14.058191, 15.575681, 16.822033, 17.75657, 17.701745, 14.301745, 13.257444, 11.537229, 9.70381, 7.904068, 9.516519, 8.567721, 8.655783, 9.24285, 10.260691, 11.810517, 13.45383, 14.818304, 15.767889, 16.717474, 16.76144, 16.505676, 16.0598, 15.036352, 13.848971, 12.923078, 12.159146, 11.713737, 12.28695, 13.306646, 14.746511, 16.510443, 13.949193, 10.975979, 7.720215, 4.0, 0.0, 0.0, 0.0]"
445,"[0.0, 0.0, 0.0, 0.0, 1.4, 3.211077, 5.221052, 7.45712, 9.737471, 10.617822, 11.223354, 11.449447, 11.37671, 10.816824, 10.256938, 9.006519, 7.847484, 6.284153, 5.010902, 4.011547, 4.110268, 5.092361, 6.824742, 8.985209, 11.237313, 13.096501, 14.293139, 15.216523, 15.864606, 15.864606, 12.740506, 11.765093, 10.353238, 8.817939, 7.367879, 8.782093, 8.301742, 8.467808, 9.155662, 10.439641, 12.032087, 13.438331, 15.028356, 16.225588, 16.643358, 16.861601, 16.681907, 15.910334, 14.737888, 13.921303, 12.905472, 12.114991, 11.760427, 12.373632, 13.275902, 14.840422, 16.823359, 14.349495, 11.303186, 7.992597, 4.219005, 0.0, 0.0, 0.0]"
446,"[0.0, 0.0, 0.0, 0.0, 1.442221, 3.329017, 5.492348, 8.053597, 10.744322, 11.992826, 12.796755, 13.194674, 12.965805, 12.334206, 11.702607, 10.454103, 9.024224, 7.586271, 6.327145, 5.345052, 5.345052, 6.377011, 8.043834, 10.128275, 12.276145, 14.411633, 16.005961, 17.050263, 17.709831, 18.028937, 14.451228, 13.413863, 11.962378, 10.305165, 8.323206, 10.210002, 9.45948, 9.345022, 9.891331, 11.241325, 12.707139, 14.154969, 15.720913, 16.865516, 17.531181, 17.507234, 17.1425, 16.421389, 15.526962, 14.549253, 13.750412, 13.13065, 12.85389, 12.999035, 13.891885, 15.098371, 16.982673, 14.374992, 11.546565, 8.053715, 4.317407, 0.0, 0.0, 0.0]"
447,"[0.0, 0.0, 0.0, 0.0, 1.414214, 3.414214, 5.414214, 7.822532, 10.368117, 11.515153, 12.076403, 12.408783, 12.236533, 11.66072, 11.069242, 9.772903, 8.517555, 6.847173, 5.677401, 4.727433, 4.904743, 5.886836, 7.557218, 9.620783, 11.647288, 13.557678, 15.042561, 16.299343, 16.928629, 17.107223, 13.754612, 12.841192, 11.38795, 9.864872, 8.526765, 10.223821, 9.563003, 9.677462, 10.237512, 11.136394, 12.485647, 13.740778, 14.915376, 15.714217, 16.208783, 16.442718, 16.341914, 15.703976, 14.936562, 13.988699, 12.944523, 12.350245, 12.267202, 12.905952, 13.973571, 15.7425, 17.630822, 15.023141, 11.823141, 8.423141, 4.418144, 0.0, 0.0, 0.0]"
448,"[0.0, 0.0, 0.0, 0.0, 1.216553, 2.829004, 4.640081, 7.040081, 9.4484, 10.640166, 11.46082, 12.179565, 11.933631, 11.495084, 10.875619, 9.707425, 8.197407, 6.843341, 5.439255, 4.544828, 4.544828, 5.313878, 6.749946, 8.867542, 11.025983, 12.923349, 14.414739, 15.717032, 16.427863, 16.203422, 13.041145, 12.306485, 10.768124, 9.260808, 8.081623, 9.694074, 9.14849, 9.556809, 10.277694, 11.435585, 13.029378, 14.429378, 15.426936, 16.225132, 16.642902, 16.265085, 15.693512, 15.007929, 14.035156, 13.210253, 12.790145, 12.394823, 12.394823, 12.934932, 14.292591, 15.909194, 17.948225, 15.227931, 12.254717, 8.497058, 4.472136, 0.0, 0.0, 0.0]"
449,"[0.0, 0.0, 0.0, 0.0, 1.0, 2.6, 4.4, 6.4, 8.808319, 10.241424, 11.074529, 11.804351, 11.958417, 11.51987, 10.973561, 9.982676, 8.529887, 7.200442, 5.630671, 4.30956, 3.944372, 4.656194, 5.801344, 7.637412, 9.935291, 11.911126, 13.284549, 14.477055, 15.521231, 15.486094, 12.433226, 11.679268, 10.51699, 9.0256, 7.846416, 9.646416, 9.049174, 9.088781, 9.733032, 10.714379, 11.742806, 13.137973, 14.304609, 15.071504, 15.647159, 15.647159, 15.048596, 14.250671, 13.45899, 12.252746, 11.832638, 11.754779, 12.029742, 12.7837, 14.22463, 15.978042, 17.88894, 15.205659, 12.043381, 8.602451, 4.440721, 0.0, 0.0, 0.0]"
450,"[0.0, 0.0, 0.0, 0.0, 1.4, 3.012452, 5.012452, 7.412452, 9.82077, 11.028451, 12.046589, 12.520453, 12.400803, 12.228552, 11.856939, 10.749505, 9.540552, 8.280006, 6.643938, 5.12898, 4.772016, 5.030259, 5.897251, 7.803244, 9.689815, 11.408066, 13.009011, 14.377979, 14.983256, 15.486845, 12.602404, 11.741045, 10.46518, 9.074376, 7.48626, 8.942282, 8.279541, 8.299642, 8.788249, 9.673413, 10.825072, 12.231731, 13.238391, 14.035978, 14.654208, 14.677116, 14.103562, 13.530008, 12.732421, 11.705872, 11.085257, 10.932503, 10.916007, 11.485424, 12.885424, 14.649041, 16.418382, 14.001773, 11.223284, 7.823284, 4.049691, 0.0, 0.0, 0.0]"
451,"[0.0, 0.0, 0.0, 0.0, 1.216553, 2.630766, 4.280008, 6.319616, 8.599967, 9.800024, 10.891803, 11.574941, 11.976645, 11.676193, 10.95664, 10.147703, 9.229536, 7.509335, 5.929436, 4.864836, 4.016307, 4.164144, 5.286942, 7.149684, 9.078478, 11.203164, 12.693982, 13.90294, 14.593163, 14.984878, 12.011664, 11.46479, 10.298718, 9.04281, 7.651895, 9.17505, 8.318299, 8.441478, 8.953494, 10.022033, 11.525428, 12.935598, 13.985034, 14.93824, 15.171214, 14.827947, 14.451817, 13.809014, 13.063346, 12.287843, 11.813633, 11.530352, 11.744332, 12.387135, 13.651684, 15.565718, 17.483124, 14.852535, 11.793123, 8.440512, 4.317407, 0.0, 0.0, 0.0]"
452,"[0.0, 0.0, 0.0, 0.0, 1.16619, 2.507831, 4.228296, 6.115092, 8.35116, 9.465321, 10.359748, 10.848355, 11.170631, 10.934563, 10.254212, 9.418144, 8.409072, 6.832456, 5.279669, 4.312125, 4.112125, 4.512125, 5.889644, 7.85075, 9.818294, 11.624953, 13.249856, 14.495645, 15.343091, 15.411423, 12.404764, 11.460212, 10.214423, 8.558659, 7.502778, 9.025932, 8.466046, 8.5821, 9.10813, 10.056928, 11.418214, 12.750617, 13.935176, 15.119736, 15.789586, 15.690822, 15.237955, 14.527366, 13.452845, 12.457814, 11.672136, 11.513447, 11.521128, 12.337928, 13.679568, 15.624185, 17.747959, 15.140278, 12.08741, 8.509701, 4.565085, 0.0, 0.0, 0.0]"
453,"[0.0, 0.0, 0.0, 0.0, 1.216553, 2.672574, 4.712182, 6.75179, 9.032141, 10.232198, 11.282168, 11.574941, 11.661363, 11.224921, 10.505368, 9.561425, 8.077572, 6.517229, 5.07332, 3.823477, 3.109955, 3.823477, 5.257792, 7.299103, 9.413139, 11.537825, 13.231539, 14.355639, 15.038427, 15.361619, 12.388405, 11.465022, 10.184831, 8.757787, 7.214987, 8.671009, 7.938628, 8.104694, 8.61671, 9.675069, 11.219047, 12.625707, 13.622391, 14.439868, 15.066417, 14.73475, 14.396423, 13.625832, 12.835351, 11.818777, 11.359516, 10.927251, 11.291183, 11.738397, 13.128422, 14.863966, 16.74615, 14.14615, 11.462869, 8.062869, 4.118252, 0.0, 0.0, 0.0]"
454,"[0.0, 0.0, 0.0, 0.0, 1.0, 2.612452, 4.401306, 6.371077, 8.651428, 9.931779, 10.752433, 11.396683, 11.635984, 11.155633, 10.475282, 9.442177, 7.809072, 6.232456, 4.879669, 4.079669, 4.093883, 5.10496, 6.681576, 8.842044, 10.842044, 12.434489, 14.046861, 15.261237, 16.077005, 16.336417, 13.329757, 12.536898, 11.322522, 9.499073, 8.052113, 9.575268, 8.788587, 8.559414, 9.222156, 10.155289, 11.743404, 13.155259, 14.17536, 15.074896, 15.582179, 15.523777, 15.220977, 14.72697, 14.070685, 13.143847, 12.353721, 11.681107, 11.681107, 11.895409, 12.874214, 14.29929, 16.195062, 13.689069, 10.968775, 7.86394, 4.176123, 0.0, 0.0, 0.0]"
455,"[0.0, 0.0, 0.0, 0.0, 1.280625, 3.167421, 5.226547, 7.462615, 10.062615, 11.38199, 12.025016, 12.398995, 12.571246, 11.981221, 11.192298, 10.274928, 8.861627, 7.277929, 6.162381, 5.351304, 5.351304, 6.341475, 7.916854, 9.822427, 12.022427, 13.815852, 15.428031, 16.715849, 17.408699, 17.701549, 14.295672, 13.393812, 11.745602, 10.252752, 8.570979, 10.359833, 9.526335, 9.650058, 10.211308, 11.400231, 12.891621, 14.285068, 15.450401, 16.560663, 17.138372, 17.27573, 17.041795, 16.498809, 15.612975, 14.718548, 13.633327, 13.132602, 12.908174, 13.284774, 13.930156, 15.444852, 17.371404, 14.810154, 11.647876, 8.319213, 4.472136, 0.0, 0.0, 0.0]"
456,"[0.0, 0.0, 0.0, 0.0, 1.4, 3.4, 5.409975, 7.609975, 10.009975, 11.417109, 11.850214, 12.273344, 12.547207, 12.235268, 11.325501, 10.348418, 9.180224, 7.726165, 6.270559, 5.221721, 5.03061, 5.609608, 6.629411, 8.277307, 10.401992, 12.183391, 13.650071, 15.109034, 16.157347, 16.184133, 13.137824, 12.159615, 10.72017, 8.914661, 7.328875, 8.528875, 7.461405, 6.925434, 7.461405, 8.379572, 9.685565, 11.103936, 12.62709, 13.541178, 14.182011, 14.539583, 14.289406, 13.676202, 12.939056, 12.00545, 11.201012, 10.611816, 10.15861, 10.202893, 10.770966, 12.040503, 13.868106, 11.888207, 9.607856, 7.000175, 3.671512, 0.0, 0.0, 0.0]"
457,"[0.0, 0.0, 0.0, 0.0, 1.216553, 2.865795, 4.905403, 7.141471, 9.574576, 10.766342, 11.724781, 12.085173, 12.249105, 12.025072, 11.626728, 10.433261, 9.249813, 7.849813, 6.087955, 4.710435, 4.296222, 4.679669, 5.689644, 7.65075, 9.618294, 11.618294, 13.243197, 14.458125, 15.109218, 15.56863, 12.56863, 11.624077, 10.438782, 8.793584, 7.148386, 8.225419, 7.359281, 7.040139, 7.512721, 8.430889, 10.07415, 11.38023, 12.632979, 13.57461, 14.070656, 14.070656, 13.958043, 13.42614, 12.597713, 11.749185, 10.8728, 9.97392, 9.572216, 10.005321, 10.633103, 11.995438, 13.886638, 11.84703, 9.413925, 6.806244, 3.6, 0.0, 0.0, 0.0]"
458,"[0.0, 0.0, 0.0, 0.0, 1.0, 2.442221, 4.054672, 5.843526, 8.006857, 9.347797, 10.185928, 10.809544, 11.256758, 10.904504, 10.176015, 9.309878, 7.898431, 6.383474, 5.01961, 4.207159, 4.009497, 4.834119, 6.393359, 8.379251, 10.407678, 12.217674, 13.974309, 15.093959, 16.060854, 16.239086, 13.212537, 12.41434, 11.21434, 9.426792, 7.876154, 9.217795, 8.307171, 8.107171, 8.65805, 9.809709, 11.352509, 12.81773, 13.81773, 14.910164, 15.413753, 15.785076, 15.622798, 15.343092, 14.495647, 13.647119, 12.517384, 11.680715, 11.240771, 11.463042, 12.007434, 13.486956, 15.328622, 13.048271, 10.417682, 7.610548, 4.004997, 0.0, 0.0, 0.0]"
459,"[0.0, 0.0, 0.0, 0.0, 0.894427, 2.350449, 4.05925, 5.956617, 7.926388, 9.195292, 9.9026, 10.319829, 10.548491, 10.558619, 10.239197, 9.518087, 8.392058, 6.831714, 5.251815, 3.85512, 3.261427, 3.603068, 4.826237, 6.706588, 8.539725, 10.533731, 12.034624, 13.24577, 13.965419, 14.405362, 11.562828, 10.883625, 9.727534, 8.169754, 6.44946, 7.666013, 6.902682, 6.671225, 7.072913, 8.281985, 9.673114, 10.880795, 11.876024, 12.832115, 13.430177, 13.453085, 13.475993, 13.276631, 12.685703, 12.07857, 11.259057, 10.525835, 10.280847, 10.679455, 11.479455, 13.074256, 15.018764, 12.855433, 10.247752, 7.247752, 3.841875, 0.0, 0.0, 0.0]"
460,"[0.0, 0.0, 0.0, 0.0, 0.824621, 2.089532, 3.545554, 5.254355, 7.043209, 8.18836, 8.923449, 9.447326, 9.718424, 9.773478, 9.245927, 8.245927, 6.987139, 5.572925, 4.129016, 3.134009, 2.982537, 3.392798, 4.807012, 6.533041, 8.693508, 10.729421, 12.376539, 13.349605, 14.08714, 14.343023, 11.458582, 11.021033, 9.965435, 8.625025, 6.892832, 8.335053, 7.517267, 7.269143, 7.982056, 9.086753, 10.312866, 11.458044, 12.720846, 13.531087, 14.158583, 14.173532, 14.283688, 13.979325, 13.096346, 12.130149, 11.727218, 11.357048, 11.149367, 11.79317, 12.902463, 14.271769, 15.710527, 13.310527, 10.503394, 7.496734, 3.847077, 0.0, 0.0, 0.0]"
461,"[0.0, 0.0, 0.0, 0.0, 1.264911, 2.788066, 4.57692, 6.740251, 9.020602, 10.363372, 11.248536, 11.868, 11.98502, 11.868, 11.049174, 10.253306, 9.186628, 7.627388, 6.185167, 4.996313, 4.278288, 4.278288, 5.16963, 6.61185, 8.695132, 10.664269, 12.368937, 13.861321, 14.802825, 15.146093, 12.282528, 11.866808, 10.998041, 9.737115, 8.233721, 9.575362, 8.386993, 7.763376, 7.708322, 8.526107, 9.525406, 10.766467, 12.106981, 13.370994, 14.030054, 14.409408, 14.271711, 13.86433, 13.219782, 12.383113, 11.63259, 11.367357, 11.254877, 11.454239, 12.297568, 13.933347, 15.473991, 13.040886, 10.433205, 7.426546, 3.820995, 0.0, 0.0, 0.0]"
462,"[0.0, 0.0, 0.0, 0.0, 0.848528, 1.979899, 3.422119, 5.210974, 7.180745, 8.301989, 9.258679, 9.856067, 9.878289, 9.708518, 9.338746, 8.467237, 7.447433, 6.268812, 4.668812, 3.268812, 2.684715, 2.741944, 3.818289, 5.515656, 7.596007, 9.396656, 10.950212, 12.241412, 13.344045, 13.663694, 11.230589, 10.809072, 9.609072, 8.209072, 6.825625, 7.902658, 6.824956, 6.305581, 6.494436, 7.337009, 8.592357, 10.18128, 11.743189, 12.64506, 13.414361, 13.772705, 13.597995, 13.316711, 12.888728, 12.060301, 11.256372, 10.864854, 10.583955, 10.989546, 12.214449, 13.73353, 15.379464, 13.099113, 10.43078, 7.205877, 3.8, 0.0, 0.0, 0.0]"
463,"[0.0, 0.0, 0.0, 0.0, 0.894427, 2.060618, 3.502838, 5.064888, 6.761944, 7.867517, 8.701327, 9.145902, 9.553624, 9.753934, 9.018845, 8.235398, 7.173223, 5.835907, 4.221383, 3.239315, 2.743872, 3.050622, 3.83238, 5.549537, 7.430025, 9.214908, 10.683537, 11.989618, 12.709912, 13.266875, 10.760882, 10.39695, 9.520565, 8.065182, 6.511078, 7.642449, 6.572572, 6.377905, 6.956903, 7.83032, 8.935017, 10.24269, 11.313742, 12.255511, 12.815903, 13.263117, 13.389253, 13.174952, 12.625342, 12.113404, 11.46973, 11.078802, 10.981128, 11.37565, 12.543352, 14.047754, 15.823653, 13.415334, 10.784745, 7.528981, 3.984972, 0.0, 0.0, 0.0]"
464,"[0.0, 0.0, 0.0, 0.0, 0.824621, 1.990812, 3.433032, 4.995082, 6.881878, 8.057257, 8.891067, 9.335642, 9.660389, 9.562447, 8.827358, 7.904391, 6.842216, 5.402633, 3.813779, 2.83171, 2.475788, 2.651167, 3.618167, 5.115223, 7.240699, 9.239883, 11.124324, 12.393392, 13.379617, 13.50112, 10.780826, 10.050451, 9.264536, 7.922895, 6.524444, 7.524444, 6.635289, 6.350374, 6.81981, 7.698415, 9.13152, 10.299714, 11.355595, 12.264812, 12.975131, 13.071848, 13.168565, 12.916842, 12.476898, 11.796212, 11.276365, 10.955615, 10.775074, 11.024545, 11.770615, 13.338349, 14.976353, 12.740285, 10.210463, 7.424786, 3.847077, 0.0, 0.0, 0.0]"
465,"[0.0, 0.0, 0.0, 0.0, 0.894427, 2.236068, 3.84852, 5.637374, 7.637374, 8.868976, 9.790077, 10.303654, 10.5148, 10.303654, 9.886426, 9.146839, 7.915237, 6.547692, 5.041681, 3.780094, 2.822624, 2.928197, 3.737962, 5.435019, 7.113834, 8.956468, 10.734956, 11.976017, 12.6794, 13.083193, 10.674874, 9.793752, 8.819271, 7.47763, 5.947808, 6.842235, 6.161421, 5.85262, 6.11098, 6.91098, 8.424871, 9.616638, 10.649743, 11.680332, 12.510921, 12.576466, 12.64201, 12.489256, 11.702576, 10.883064, 10.2092, 9.546414, 9.16343, 9.849343, 10.99123, 12.416133, 14.103628, 12.206261, 9.676439, 6.723474, 3.498571, 0.0, 0.0, 0.0]"
466,"[0.0, 0.0, 0.0, 0.0, 0.894427, 2.417582, 4.126383, 6.023749, 8.11181, 9.256991, 9.743812, 10.035011, 10.137644, 9.849583, 9.422427, 8.812452, 7.612452, 6.244907, 4.892121, 3.879669, 3.499473, 4.311925, 5.719077, 7.507931, 9.715065, 11.695261, 13.289053, 14.474349, 15.444525, 15.66394, 12.66394, 11.693764, 10.478836, 8.872592, 7.458495, 8.624685, 7.669242, 7.07348, 7.360277, 8.028176, 9.423235, 10.985144, 12.544145, 13.485776, 14.047959, 14.329243, 14.047959, 13.483064, 12.934988, 12.218483, 11.501978, 10.9105, 10.590242, 10.94048, 11.821111, 13.100959, 15.131187, 13.043126, 10.412537, 7.405877, 4.0, 0.0, 0.0, 0.0]"
467,"[0.0, 0.0, 0.0, 0.0, 1.216553, 2.630766, 4.441843, 6.677911, 8.958262, 10.02206, 10.948787, 11.643702, 11.570965, 11.290614, 10.854172, 9.955453, 8.44946, 6.918585, 5.118585, 3.72189, 3.10429, 3.560312, 4.771766, 7.045629, 9.318709, 11.540398, 13.214871, 14.595865, 15.346905, 15.511052, 12.464742, 11.460276, 10.079282, 8.377534, 6.709645, 7.926198, 7.06508, 6.833622, 7.436497, 8.500295, 10.004037, 11.623567, 12.96408, 13.968546, 14.734504, 14.734504, 14.323927, 13.844825, 12.994681, 11.657172, 10.780787, 10.150833, 9.8403, 10.089771, 11.42728, 13.188922, 15.329985, 13.166654, 10.636832, 7.590523, 3.984972, 0.0, 0.0, 0.0]"
468,"[0.0, 0.0, 0.0, 0.0, 1.0, 2.414214, 4.026665, 5.837742, 7.87735, 9.157701, 9.831549, 10.373163, 10.531857, 10.281104, 9.166944, 8.245073, 6.812117, 5.242345, 3.900705, 3.36697, 3.220583, 4.299473, 6.108545, 8.269013, 10.464984, 12.700944, 14.199429, 15.288841, 15.785995, 15.930782, 12.675018, 11.656884, 10.202308, 8.697473, 6.744064, 7.910254, 7.044117, 6.989062, 7.448188, 8.869695, 10.423799, 11.85212, 12.905799, 13.819887, 14.207003, 14.329243, 14.329243, 13.895028, 13.330133, 12.627735, 11.671997, 10.72683, 10.328486, 10.120167, 10.801272, 12.139379, 14.089089, 12.079114, 9.879114, 7.07198, 3.847077, 0.0, 0.0, 0.0]"
469,"[0.0, 0.0, 0.0, 0.0, 1.0, 2.414214, 4.394113, 6.656854, 8.919596, 10.327915, 11.474951, 11.775403, 11.571787, 11.278817, 10.579299, 9.474071, 8.270753, 6.777313, 5.007541, 3.864426, 3.408404, 3.943822, 5.437263, 7.798513, 10.075361, 12.048575, 13.547393, 14.894145, 15.613139, 15.613139, 12.639925, 11.654684, 9.663021, 7.548967, 5.531054, 6.550858, 5.591019, 5.897271, 6.85711, 8.312839, 10.01333, 11.900007, 13.310037, 14.494597, 15.18746, 15.379209, 14.994675, 14.14453, 12.67785, 11.413437, 10.113845, 9.165977, 8.855398, 9.29184, 10.446603, 12.2576, 14.384212, 12.41444, 10.13409, 7.270525, 3.847077, 0.0, 0.0, 0.0]"
470,"[0.0, 0.0, 0.0, 0.0, 1.0, 2.442221, 4.162686, 6.162686, 8.162686, 9.288715, 10.109236, 10.36867, 10.36867, 10.089135, 9.405326, 8.308775, 7.223303, 5.788989, 4.468524, 3.473517, 3.32713, 3.697614, 4.840729, 6.676797, 8.735577, 10.323454, 12.011507, 13.355574, 13.8398, 13.775118, 11.167437, 9.934938, 8.324291, 6.68103, 5.06434, 5.958767, 5.518927, 5.638756, 6.282188, 7.457567, 9.004451, 10.285076, 11.413751, 12.38401, 13.104305, 13.104305, 12.875436, 12.243837, 11.273577, 10.115333, 9.116242, 8.307016, 7.860342, 8.139877, 9.208416, 10.825607, 12.795302, 11.182851, 9.182851, 6.552262, 3.49285, 0.0, 0.0, 0.0]"
471,"[0.0, 0.0, 0.0, 0.0, 1.280625, 2.694838, 4.538747, 6.518646, 8.644675, 9.364051, 10.113168, 10.328385, 10.407612, 10.070437, 9.593592, 8.507294, 7.169278, 5.831262, 4.489622, 3.814995, 4.018587, 4.859527, 6.264446, 8.362816, 10.342715, 12.035304, 13.597354, 14.471325, 14.925741, 14.817608, 11.844394, 10.846323, 9.54338, 7.824004, 6.180743, 7.180743, 6.396355, 6.31175, 6.917922, 8.004219, 9.510212, 10.851853, 12.102966, 13.001847, 13.75056, 13.9129, 13.662724, 13.008232, 12.033631, 10.770829, 9.444137, 8.291657, 7.524805, 7.422529, 8.053638, 9.342586, 11.068621, 9.6264, 7.917599, 5.637249, 3.006659, 0.0, 0.0, 0.0]"
472,"[0.0, 0.0, 0.0, 0.0, 1.131371, 2.693421, 4.53733, 6.53733, 8.86971, 10.07072, 10.92528, 11.235437, 11.389503, 10.765923, 9.889564, 8.737866, 7.478227, 5.889846, 4.781046, 4.219451, 4.235165, 5.061203, 6.936828, 9.057122, 11.215563, 13.159841, 14.664279, 15.533557, 15.943758, 15.754455, 12.529552, 11.540716, 9.950592, 8.100722, 6.403348, 7.619901, 6.798046, 6.726824, 7.53426, 8.841933, 10.293713, 11.743064, 13.120371, 14.038969, 14.565105, 14.703906, 14.647476, 14.054032, 13.283441, 11.895892, 10.688758, 9.146536, 8.275481, 7.883321, 8.603251, 9.866815, 11.833003, 10.270953, 8.427044, 6.094663, 3.231099, 0.0, 0.0, 0.0]"
473,"[0.0, 0.0, 0.0, 0.0, 1.16619, 2.778642, 4.499107, 6.735175, 8.971243, 10.221662, 10.95015, 11.570625, 11.614908, 11.466901, 10.699534, 9.575147, 8.254011, 6.606115, 4.918054, 3.834497, 3.466473, 3.860883, 4.925483, 6.788225, 9.050967, 11.175652, 12.64588, 14.001691, 14.517438, 14.195004, 11.22179, 10.057814, 8.285572, 6.507083, 4.825711, 5.650332, 5.096057, 5.377483, 6.221391, 7.39677, 9.17983, 10.696921, 11.920549, 12.862318, 13.582612, 13.448794, 13.001581, 12.451971, 11.315536, 10.051264, 8.919041, 7.814344, 6.919917, 7.358736, 8.335819, 10.000837, 12.275344, 10.933703, 8.845642, 6.412537, 3.405877, 0.0, 0.0, 0.0]"
474,"[0.0, 0.0, 0.0, 0.0, 1.216553, 3.02763, 5.037605, 7.246677, 9.679782, 10.896334, 11.365608, 11.696573, 11.641567, 11.362528, 10.718277, 9.779567, 8.51566, 6.99405, 5.122826, 3.966428, 3.624787, 4.147754, 5.525273, 7.65075, 9.618294, 11.618294, 13.224538, 14.420807, 15.019147, 15.049736, 12.049736, 10.853468, 9.247224, 7.260368, 5.350889, 6.072, 5.081828, 5.081828, 5.862024, 7.150889, 8.838098, 10.251399, 11.319732, 12.188065, 12.707912, 12.716202, 12.519165, 12.004898, 11.12542, 9.937238, 8.78554, 7.749472, 6.937047, 7.034989, 8.238932, 9.947235, 12.002999, 10.661359, 8.774562, 6.228978, 3.255764, 0.0, 0.0, 0.0]"
475,"[0.0, 0.0, 0.0, 0.0, 1.280625, 3.00109, 4.980989, 7.243731, 9.65205, 10.917009, 11.757794, 12.219206, 12.397775, 11.959228, 11.122444, 10.017217, 8.470333, 6.476235, 4.789306, 3.801616, 3.422627, 4.425566, 6.132418, 8.635253, 11.044638, 13.367605, 15.141751, 16.486256, 17.141508, 17.173291, 13.773291, 12.54309, 10.931315, 8.656575, 6.494298, 7.318919, 5.726136, 5.119964, 5.742628, 6.7124, 8.32909, 10.200856, 11.762765, 12.802338, 13.660994, 13.910407, 13.880838, 13.599554, 12.897156, 12.048627, 10.970354, 9.735651, 8.574402, 8.292281, 8.466448, 9.806961, 11.79187, 10.39187, 8.547961, 6.393895, 3.44093, 0.0, 0.0, 0.0]"
476,"[0.0, 0.0, 0.0, 0.0, 1.2, 2.812452, 4.822427, 7.058495, 9.4916, 10.724705, 11.586117, 11.917081, 11.835079, 11.190829, 10.370175, 9.237953, 7.79144, 6.269829, 4.928189, 3.948193, 3.806552, 4.312125, 5.679669, 7.640774, 9.815453, 11.674864, 13.334276, 14.439111, 15.135627, 15.240537, 12.181126, 11.402065, 10.00603, 8.117748, 6.205704, 7.100131, 5.668309, 5.125698, 5.4323, 6.221155, 7.480793, 9.048874, 10.388677, 11.473203, 12.245599, 12.652782, 12.498915, 12.118951, 11.355179, 10.490986, 9.371957, 8.374126, 7.66231, 7.430853, 8.014148, 9.171927, 11.037511, 9.623298, 8.010846, 5.730495, 3.130495, 0.0, 0.0, 0.0]"
477,"[0.0, 0.0, 0.0, 0.0, 1.0, 2.4, 4.012452, 6.022427, 8.258495, 9.494563, 10.374913, 10.850523, 10.928609, 10.481396, 9.857779, 8.743619, 7.504086, 5.98171, 4.392855, 3.227618, 2.955854, 3.372237, 4.515353, 6.551421, 8.537312, 10.250566, 11.792788, 12.883988, 13.455054, 13.629629, 11.021949, 10.423887, 9.236338, 7.629205, 5.846145, 6.567255, 5.25261, 4.856711, 5.070925, 6.256279, 7.744241, 9.282918, 10.540229, 11.84631, 12.622012, 13.01294, 13.179835, 13.038353, 12.554126, 11.85651, 10.905752, 9.918204, 9.198275, 9.050268, 9.468199, 10.703398, 12.496824, 10.884372, 8.796311, 6.290318, 3.405877, 0.0, 0.0, 0.0]"
478,"[0.0, 0.0, 0.0, 0.0, 1.077033, 2.341944, 3.991186, 6.030794, 8.266862, 9.398901, 10.33399, 10.884748, 10.855115, 10.231499, 9.478449, 8.355482, 6.980103, 5.370128, 3.957676, 2.948868, 2.766262, 3.283282, 4.672136, 6.813076, 8.895684, 10.721551, 12.439322, 13.677017, 14.395489, 14.6728, 11.952506, 11.102167, 10.085593, 8.482203, 6.752102, 7.752102, 6.437457, 5.644035, 5.588013, 6.123431, 7.332503, 8.846395, 10.237524, 11.665951, 12.721832, 13.181093, 13.302596, 13.168778, 12.620702, 11.991977, 11.333619, 10.403797, 9.638735, 9.24518, 9.646883, 10.610122, 12.134222, 10.425421, 8.538625, 6.097314, 3.1241, 0.0, 0.0, 0.0]"
479,"[0.0, 0.0, 0.0, 0.0, 1.019804, 2.434017, 3.848231, 5.69214, 7.731748, 8.60931, 9.164868, 9.539509, 9.582397, 9.15524, 8.700094, 7.861694, 6.921367, 5.481785, 3.869333, 2.874326, 2.637383, 3.130495, 4.580648, 6.620256, 8.606147, 10.342309, 11.807802, 12.710436, 13.470828, 13.645404, 11.014815, 10.217656, 9.217656, 7.817656, 6.229779, 7.124206, 6.008658, 5.228462, 5.228462, 5.808658, 6.914231, 8.219804, 9.608319, 10.838908, 11.869497, 12.302603, 12.576466, 12.64201, 12.051029, 11.264348, 10.443695, 9.619074, 8.668365, 8.472666, 8.754786, 9.474716, 10.508755, 8.9856, 7.141691, 5.015662, 2.683282, 0.0, 0.0, 0.0]"
480,"[0.0, 0.0, 0.0, 0.0, 1.16619, 2.608411, 4.328876, 6.215672, 8.274798, 9.344676, 10.056521, 10.424117, 10.434688, 10.219471, 9.595854, 8.856002, 7.767941, 6.670574, 5.026665, 3.614214, 2.832456, 2.909488, 3.632643, 5.221497, 7.184828, 8.993684, 10.477901, 11.645471, 12.402201, 12.784454, 10.343143, 9.761793, 8.633118, 7.218904, 5.39443, 6.026886, 4.612672, 3.89915, 3.93397, 4.825311, 6.079652, 7.677297, 9.10912, 10.351248, 11.147116, 11.668638, 11.913627, 11.913627, 11.631337, 11.066927, 10.379073, 9.679555, 9.048446, 8.722417, 9.114576, 9.923933, 11.261442, 9.612199, 7.812199, 5.576131, 3.046309, 0.0, 0.0, 0.0]"
481,"[0.0, 0.0, 0.0, 0.0, 1.0, 2.280625, 3.842675, 5.56314, 7.407049, 8.386948, 9.086222, 9.524172, 9.524172, 9.292715, 8.654456, 7.75159, 6.576211, 5.30296, 3.890508, 2.948868, 2.871835, 3.461427, 5.053821, 7.089889, 9.410183, 11.383397, 13.015493, 14.022194, 14.832436, 14.89063, 11.917417, 11.107175, 9.673318, 7.891919, 6.133234, 6.76569, 5.37815, 4.931889, 5.190133, 5.959183, 7.743337, 9.400801, 10.917893, 12.173227, 13.268813, 13.572498, 13.7868, 13.823812, 13.171352, 12.286911, 11.453414, 10.44192, 9.321626, 9.235205, 9.651814, 10.448299, 12.019742, 10.419742, 8.380135, 5.963525, 3.280244, 0.0, 0.0, 0.0]"
482,"[0.0, 0.0, 0.0, 0.0, 1.16619, 2.608411, 4.328876, 6.328876, 8.215672, 9.212813, 9.829718, 10.263319, 10.233091, 10.055095, 9.541007, 8.698433, 7.564171, 6.194399, 4.685599, 3.236356, 2.844425, 3.089532, 4.012687, 5.782458, 7.745789, 9.362479, 10.817862, 12.015002, 12.735955, 13.118209, 10.676897, 9.936502, 8.630422, 7.071068, 5.350105, 5.98256, 4.723771, 4.475748, 4.956829, 6.101979, 7.801905, 9.688475, 11.242579, 12.472661, 13.193615, 13.406818, 13.344722, 13.032747, 12.170112, 11.323296, 10.390163, 9.3006, 8.492281, 8.356291, 8.666448, 10.006961, 12.049511, 10.449511, 8.605602, 6.451536, 3.498571, 0.0, 0.0, 0.0]"
483,"[0.0, 0.0, 0.0, 0.0, 1.280625, 2.842675, 4.686584, 6.812613, 9.075355, 10.057471, 10.621451, 10.903571, 10.777542, 10.401596, 9.751306, 8.966918, 7.735316, 6.367771, 4.680975, 3.351366, 2.834347, 3.20483, 4.221617, 6.301968, 8.619125, 10.580182, 12.178835, 13.660088, 14.332702, 14.51119, 11.725513, 10.748745, 9.230701, 7.35477, 5.176281, 5.897391, 4.835216, 4.439317, 4.776497, 6.186473, 7.898467, 9.742179, 11.43767, 12.935501, 13.78909, 14.039267, 13.876927, 13.470875, 12.445628, 11.194515, 9.967255, 8.661263, 7.678424, 7.635537, 8.464397, 9.786863, 11.986863, 10.463709, 8.6198, 6.178489, 3.4, 0.0, 0.0, 0.0]"
484,"[0.0, 0.0, 0.0, 0.0, 1.280625, 2.842675, 4.56314, 6.407049, 8.407049, 9.289755, 9.891035, 10.229696, 10.355559, 10.06436, 9.357051, 8.410273, 7.370951, 6.001179, 4.292378, 3.236356, 2.844425, 3.089532, 4.138774, 6.226836, 8.243445, 10.018824, 11.617477, 12.746724, 13.437151, 13.628223, 11.028223, 10.051455, 8.796121, 6.842253, 4.867028, 5.432713, 4.565721, 4.45678, 5.443235, 7.046848, 9.111752, 10.760281, 12.258111, 13.232712, 13.782321, 13.835014, 13.849962, 13.270299, 12.543748, 11.546924, 10.319665, 9.236383, 8.427157, 8.065087, 8.556584, 9.985003, 11.785003, 10.261848, 8.564792, 6.284441, 3.4, 0.0, 0.0, 0.0]"
485,"[0.0, 0.0, 0.0, 0.0, 1.019804, 2.475826, 4.125068, 5.968977, 7.978952, 9.16822, 9.722174, 10.072931, 10.029022, 9.631499, 8.83664, 8.043218, 6.867839, 5.515052, 3.902601, 3.054073, 2.83752, 3.427113, 4.823808, 7.104159, 9.258767, 11.143208, 12.891273, 14.272267, 15.044783, 15.277454, 12.393013, 11.563116, 10.058678, 8.286435, 6.227898, 7.027898, 5.695517, 5.389266, 5.95255, 7.338473, 9.099723, 11.072937, 12.631937, 13.761242, 14.480891, 14.639935, 14.274403, 13.63357, 12.823687, 11.544152, 10.238071, 8.895301, 7.779473, 7.139297, 7.418832, 8.695343, 10.824544, 9.607992, 8.084837, 6.084837, 3.394113, 0.0, 0.0, 0.0]"
486,"[0.0, 0.0, 0.0, 0.0, 1.216553, 3.02763, 5.037605, 7.246677, 9.654996, 10.871548, 11.534335, 11.865299, 11.810293, 11.55604, 10.91179, 9.880147, 8.539207, 7.106251, 5.152185, 3.563331, 2.945731, 3.162284, 4.285083, 6.321151, 8.728831, 10.91087, 12.900561, 14.456652, 15.420584, 15.812903, 12.806244, 11.8, 10.211077, 8.22763, 5.94874, 6.773361, 5.593165, 5.43133, 6.302839, 8.055592, 10.290383, 12.526343, 14.102004, 15.41982, 16.145956, 16.086544, 15.43078, 14.614196, 13.218294, 11.818294, 10.083205, 8.76383, 7.797732, 7.875818, 8.706407, 10.847373, 13.372008, 11.929787, 9.841726, 7.211137, 3.80526, 0.0, 0.0, 0.0]"
487,"[0.0, 0.0, 0.0, 0.0, 1.264911, 2.914153, 4.758062, 6.99413, 9.230198, 10.398392, 11.157469, 11.71356, 11.677492, 11.650496, 11.028468, 10.232601, 8.852405, 7.28486, 5.475788, 3.947554, 3.056212, 3.317033, 4.126798, 5.962866, 8.096633, 10.239087, 12.189561, 14.099951, 15.026161, 15.395229, 12.531665, 11.454632, 9.810822, 7.814735, 5.923484, 6.723484, 5.646451, 5.726505, 6.723645, 8.549512, 10.633953, 12.95692, 14.745775, 16.000045, 16.632362, 16.852756, 16.121089, 14.976485, 13.402793, 11.758982, 9.934772, 8.43263, 7.611976, 7.97714, 8.898928, 11.111153, 14.068069, 12.455617, 10.246545, 7.615955, 4.123106, 0.0, 0.0, 0.0]"
488,"[0.0, 0.0, 0.0, 0.0, 1.264911, 2.973712, 4.943483, 7.449476, 10.132758, 11.475528, 12.374408, 12.812955, 12.715281, 12.294741, 11.530969, 10.365509, 8.851617, 7.075754, 4.813012, 3.416317, 3.239007, 3.993822, 5.570439, 8.377573, 11.336237, 13.876585, 16.227343, 18.018271, 19.216134, 19.615516, 15.810256, 14.61739, 13.025709, 10.669954, 7.996066, 9.260977, 8.053843, 7.881592, 8.900683, 10.874147, 13.297054, 15.580351, 17.423499, 18.799916, 19.516075, 19.433809, 18.956388, 17.883832, 16.239082, 14.030539, 11.766629, 9.360752, 7.768306, 7.604374, 8.855487, 11.308579, 14.616711, 13.202497, 10.966429, 8.102865, 4.308132, 0.0, 0.0, 0.0]"
489,"[0.0, 0.0, 0.0, 0.0, 1.216553, 2.829004, 4.640081, 6.650056, 8.859128, 10.042576, 10.830124, 11.427366, 11.653459, 11.483995, 10.927904, 10.051058, 8.98438, 7.642739, 5.885974, 4.242065, 3.440021, 3.09838, 3.766003, 5.463059, 7.671378, 9.511518, 11.511518, 12.833909, 13.738451, 13.937813, 11.376563, 10.539894, 9.217503, 7.464433, 5.681373, 6.505994, 5.474034, 5.354204, 6.10963, 7.617389, 9.400449, 11.153519, 12.711299, 13.667037, 14.17719, 14.260234, 13.784112, 13.046854, 11.924785, 10.524471, 9.050299, 7.858532, 6.876415, 7.135849, 8.13494, 10.080665, 12.469664, 11.189039, 9.20914, 6.767829, 3.605551, 0.0, 0.0, 0.0]"
490,"[0.0, 0.0, 0.0, 0.0, 1.019804, 2.475826, 4.319735, 6.359343, 8.595411, 9.811675, 10.564725, 10.920816, 11.081208, 10.855115, 10.26829, 9.515239, 8.392272, 6.913383, 5.303407, 4.054165, 3.422764, 3.610642, 4.678387, 6.610767, 8.818448, 10.836361, 12.69555, 14.16246, 15.085843, 15.451376, 12.608842, 11.765093, 10.353238, 8.539694, 6.586284, 7.663317, 6.514337, 6.28288, 6.899785, 8.116049, 9.722298, 11.543892, 13.061935, 14.055677, 14.872476, 15.073636, 14.561982, 13.872798, 12.706727, 11.177014, 9.312377, 8.135977, 7.108879, 6.942548, 7.751774, 9.595535, 11.561722, 10.147509, 8.427044, 6.094663, 3.231099, 0.0, 0.0, 0.0]"
491,"[0.0, 0.0, 0.0, 0.0, 1.456022, 3.299931, 5.339539, 7.548611, 10.156292, 11.507404, 12.463495, 13.031568, 13.453085, 13.081472, 12.118247, 10.967489, 9.525999, 7.461095, 5.425027, 4.028332, 3.273517, 3.52154, 4.935753, 7.281338, 9.676658, 12.223161, 14.529163, 16.322856, 17.448784, 18.104821, 14.663891, 13.89664, 12.564359, 10.613312, 8.280931, 9.300735, 7.424803, 6.595944, 7.001508, 8.380902, 10.189525, 12.223762, 14.017188, 15.297036, 16.192382, 16.526232, 16.135256, 15.17069, 13.890842, 11.864126, 9.868038, 8.147744, 7.162455, 6.923222, 8.054593, 9.861616, 12.682611, 11.226589, 9.339793, 6.794208, 3.820995, 0.0, 0.0, 0.0]"
492,"[0.0, 0.0, 0.0, 0.0, 1.264911, 2.914153, 5.150221, 7.583326, 10.191007, 11.533777, 12.691669, 13.055601, 13.230177, 13.030815, 12.267043, 11.109151, 9.850792, 7.964221, 5.955902, 4.559207, 3.709965, 3.824346, 5.000602, 7.283884, 9.789635, 12.318298, 14.423175, 16.213626, 17.218162, 17.803559, 14.474896, 13.459581, 12.052114, 9.976748, 7.654939, 8.871492, 7.457278, 6.789379, 7.146699, 8.459969, 10.289725, 12.389453, 14.087591, 15.875478, 16.745656, 16.92425, 16.746019, 16.388394, 14.971675, 13.469042, 11.658352, 10.061507, 8.805598, 8.464658, 9.250573, 11.067459, 13.40617, 11.709114, 9.709114, 7.025832, 3.794733, 0.0, 0.0, 0.0]"
493,"[0.0, 0.0, 0.0, 0.0, 1.131371, 2.693421, 4.53733, 6.53733, 8.70066, 9.90167, 10.575688, 10.967847, 11.121913, 10.855949, 10.367477, 9.545623, 8.309555, 6.755489, 5.140965, 3.74427, 3.154677, 3.568891, 4.618133, 6.423352, 8.761816, 10.983504, 12.87988, 14.541226, 15.763754, 16.20298, 13.15667, 12.178462, 10.754669, 8.967235, 7.007243, 7.831864, 6.348011, 5.627405, 5.560273, 6.192728, 7.648458, 9.468263, 11.022366, 12.478388, 13.301316, 13.806643, 13.554919, 12.988691, 11.974013, 10.709741, 9.124064, 7.784487, 6.911046, 6.722481, 7.306066, 8.969631, 11.117501, 9.836876, 8.128075, 6.088467, 3.224903, 0.0, 0.0, 0.0]"
494,"[0.0, 0.0, 0.0, 0.0, 1.0, 2.442221, 4.162686, 6.162686, 8.288715, 9.414744, 10.235265, 10.640829, 10.640829, 10.401596, 9.888019, 8.966918, 7.66551, 6.26551, 4.661556, 3.496318, 3.049105, 3.489395, 4.501846, 6.419003, 8.380109, 10.292815, 12.054453, 13.501414, 14.360825, 14.816071, 12.008937, 11.262738, 10.242935, 8.795974, 7.148963, 8.148963, 6.763039, 5.988342, 6.175891, 6.959338, 8.359338, 10.064911, 11.607134, 12.813793, 13.64222, 13.872809, 13.903399, 13.52937, 12.532686, 11.31671, 10.100335, 8.635936, 7.483455, 7.262335, 7.930234, 9.344448, 11.40316, 10.122535, 8.333681, 6.05333, 3.224903, 0.0, 0.0, 0.0]"
495,"[0.0, 0.0, 0.0, 0.0, 1.341641, 3.130495, 5.366563, 7.872556, 10.378549, 11.921349, 12.975029, 13.429686, 13.614418, 13.516744, 12.632303, 11.351818, 9.827284, 8.030986, 6.022668, 4.222668, 3.381728, 3.381728, 4.196101, 5.884163, 8.158026, 10.496328, 12.585901, 14.102004, 15.238845, 15.771641, 12.71223, 11.864784, 10.450958, 8.442608, 6.157059, 6.604272, 4.917064, 4.105987, 4.451484, 5.730374, 7.84441, 9.965834, 11.965834, 13.566061, 14.618929, 14.94212, 14.782868, 14.018936, 12.856658, 11.365841, 9.82304, 8.356311, 7.769485, 7.739257, 8.897501, 10.961738, 13.715072, 12.06583, 10.096058, 7.375764, 3.969887, 0.0, 0.0, 0.0]"
496,"[0.0, 0.0, 0.0, 0.0, 1.414214, 3.258122, 5.29773, 7.966063, 10.829627, 12.278978, 13.347113, 14.027799, 13.776076, 13.148579, 12.254787, 10.955194, 9.2349, 7.383977, 5.347909, 3.778137, 3.060113, 3.340737, 4.754951, 6.96327, 9.405804, 11.673654, 13.721693, 15.240365, 16.330617, 16.712986, 13.550709, 12.638655, 11.109855, 8.891909, 6.515534, 7.115534, 5.26461, 4.371871, 4.740489, 5.931568, 7.999901, 10.34626, 12.431504, 13.94454, 15.215521, 15.500153, 15.004718, 14.078509, 12.813597, 11.152251, 9.199286, 7.782677, 6.827234, 6.827234, 7.808581, 10.214458, 13.219455, 11.93883, 10.041463, 7.410874, 4.004997, 0.0, 0.0, 0.0]"
497,"[0.0, 0.0, 0.0, 0.0, 1.216553, 2.829004, 4.868612, 7.301717, 9.932306, 11.346343, 12.341572, 12.901965, 12.86886, 12.447342, 11.826728, 10.675069, 9.152102, 7.473213, 5.546983, 3.819851, 2.963829, 3.151707, 3.953751, 5.824974, 8.048124, 10.226613, 12.01457, 13.771659, 14.741693, 15.208914, 12.430425, 11.377558, 9.659364, 7.701454, 5.360696, 5.926381, 4.751002, 4.405505, 5.24929, 6.825906, 8.89081, 10.894616, 12.541628, 13.591065, 14.245557, 14.527011, 14.418878, 14.029177, 13.205834, 11.954721, 10.456891, 9.078237, 8.046594, 7.964592, 8.98273, 10.824281, 13.303634, 11.861414, 9.707348, 7.076759, 3.820995, 0.0, 0.0, 0.0]"
498,"[0.0, 0.0, 0.0, 0.0, 1.16619, 2.778642, 4.665438, 6.901506, 9.407499, 10.747301, 11.742531, 12.297046, 12.187007, 11.660913, 10.998829, 9.833369, 8.558248, 7.25684, 5.724155, 4.480246, 3.932452, 4.046887, 4.919322, 6.913419, 9.091908, 11.150446, 13.000316, 14.613849, 15.483127, 15.750947, 12.797983, 12.084097, 10.562362, 8.417963, 6.092764, 6.692764, 5.124683, 4.502019, 5.124683, 6.820182, 8.903464, 11.0079, 12.894577, 14.385967, 15.249601, 15.69042, 15.457749, 15.125176, 13.844932, 12.17714, 10.317951, 8.617461, 7.177791, 6.898256, 7.702414, 9.542338, 12.405832, 11.125207, 9.404742, 6.988133, 3.883298, 0.0, 0.0, 0.0]"
499,"[0.0, 0.0, 0.0, 0.0, 1.019804, 2.434017, 4.046469, 6.255541, 8.66386, 10.052375, 11.046481, 11.867134, 11.89413, 11.573872, 10.874354, 9.807676, 8.374571, 6.704188, 5.016127, 3.939782, 3.598141, 4.012355, 5.53473, 7.47567, 9.706779, 11.659744, 13.64553, 14.782372, 15.666335, 15.855638, 12.902674, 11.835054, 10.222603, 8.16389, 5.911023, 6.476708, 4.968948, 4.556497, 5.002758, 6.41183, 8.453826, 10.436338, 12.236338, 13.630546, 14.428133, 14.827112, 14.627659, 14.060764, 13.06408, 11.65742, 9.727794, 8.120113, 6.764041, 6.366517, 7.002585, 8.837596, 11.330446, 10.253413, 8.640962, 6.404894, 3.49285, 0.0, 0.0, 0.0]"
500,"[0.0, 0.0, 0.0, 0.0, 1.16619, 2.72824, 4.615037, 6.947417, 9.555098, 10.996589, 12.04222, 12.661416, 12.745645, 12.554573, 12.034953, 11.076515, 9.787074, 8.170465, 6.20107, 4.513008, 3.712294, 3.837383, 4.746183, 6.772833, 9.284877, 11.541184, 13.498028, 15.241762, 16.220434, 16.367802, 13.262967, 12.397587, 10.594294, 8.40667, 6.068369, 6.668369, 5.235264, 5.000235, 5.455789, 7.067059, 9.187353, 11.311453, 13.153004, 14.826651, 15.888383, 16.279359, 16.128473, 15.433958, 14.019745, 12.187682, 10.242603, 8.269389, 6.87433, 6.73834, 7.592899, 9.473018, 12.078569, 10.912379, 9.06847, 6.651861, 3.605551, 0.0, 0.0, 0.0]"
501,"[0.0, 0.0, 0.0, 0.0, 1.16619, 2.778642, 4.665438, 6.901506, 9.407499, 10.747301, 11.998414, 12.528227, 12.633099, 12.407457, 11.941072, 10.72675, 9.526693, 7.985753, 6.105403, 4.265795, 3.249008, 3.249008, 4.06146, 5.86146, 8.26146, 10.829004, 12.818695, 14.612121, 15.817998, 16.424242, 13.224242, 12.625679, 10.832254, 8.426376, 5.852588, 6.252588, 4.493435, 4.161609, 4.723658, 6.071102, 8.216686, 9.913743, 11.475652, 12.756136, 13.618771, 13.793481, 13.689207, 12.846673, 11.848048, 10.419728, 8.776467, 7.335155, 6.61578, 6.61578, 7.642878, 9.790748, 12.548407, 11.267782, 9.423873, 6.982562, 3.757659, 0.0, 0.0, 0.0]"
502,"[0.0, 0.0, 0.0, 0.0, 1.0, 2.6, 4.411077, 6.620149, 9.22783, 11.034964, 12.065553, 12.862157, 13.283674, 12.956344, 12.237272, 11.315483, 9.873993, 8.091931, 6.444036, 4.92166, 4.037481, 4.47129, 5.66237, 7.698247, 10.044606, 12.572595, 15.022287, 16.659634, 17.668257, 18.300222, 14.947611, 13.809964, 12.22107, 9.958328, 7.414319, 7.980004, 5.86796, 5.235921, 5.530508, 6.871448, 9.278976, 11.789566, 13.495821, 15.139631, 15.903526, 16.228797, 15.830252, 15.336307, 14.071758, 12.675723, 10.50861, 8.421187, 6.647281, 5.973433, 6.544984, 8.57589, 11.422781, 10.528354, 9.11414, 6.83379, 3.671512, 0.0, 0.0, 0.0]"
503,"[0.0, 0.0, 0.0, 0.0, 1.216553, 3.060461, 5.100069, 7.533174, 10.163764, 11.554892, 12.717642, 13.278035, 13.44493, 13.222659, 12.82405, 11.628468, 10.67771, 8.972138, 7.129504, 5.120432, 3.909355, 3.337146, 4.151519, 5.7399, 8.223181, 10.486745, 13.081224, 15.146016, 16.663462, 17.478752, 14.615187, 13.449668, 11.735202, 9.405331, 6.70676, 7.153973, 5.24798, 4.208658, 4.710926, 6.191277, 8.464358, 10.923769, 13.20245, 14.78199, 15.925087, 16.429696, 16.396834, 15.506668, 13.927129, 12.212481, 10.118949, 8.169432, 6.977666, 7.103529, 7.900721, 10.267921, 13.352618, 12.136066, 10.166294, 7.660302, 4.16173, 0.0, 0.0, 0.0]"
504,"[0.0, 0.0, 0.0, 0.0, 1.16619, 2.608411, 4.667537, 6.999918, 9.50591, 10.845713, 12.003492, 12.544366, 12.741808, 12.516166, 12.246241, 11.457318, 10.457318, 8.9473, 7.388059, 5.751991, 4.662024, 4.062024, 4.751021, 6.265979, 8.296568, 10.781702, 13.187579, 15.078778, 16.44271, 17.217998, 14.011755, 13.005877, 11.415852, 9.080763, 6.395996, 7.028452, 5.522879, 4.955125, 5.690213, 7.659828, 10.000586, 12.512036, 14.790031, 16.510246, 17.425072, 17.95043, 17.70683, 16.871056, 15.314172, 13.270671, 11.052724, 8.890447, 7.347646, 6.881372, 7.880572, 9.999947, 12.847024, 11.505383, 9.808327, 7.247077, 3.847077, 0.0, 0.0, 0.0]"
505,"[0.0, 0.0, 0.0, 0.0, 1.019804, 2.669046, 4.708654, 6.989005, 9.269356, 10.969846, 12.040898, 12.417899, 12.373616, 12.329333, 11.495835, 10.189755, 9.053771, 7.71213, 6.076062, 4.636479, 4.046887, 4.222284, 5.116711, 6.779453, 9.160666, 11.309259, 13.259114, 15.031159, 16.329316, 16.781132, 13.807919, 12.963291, 11.528422, 9.248148, 6.792525, 7.617146, 6.055896, 5.453022, 6.260458, 8.156131, 10.436345, 12.734829, 14.755684, 16.211632, 17.168293, 17.556308, 17.388318, 16.629987, 15.240044, 13.212331, 11.119481, 9.066019, 7.280341, 6.775517, 7.335347, 9.135347, 12.063311, 11.063311, 9.414069, 7.204997, 4.004997, 0.0, 0.0, 0.0]"
506,"[0.0, 0.0, 0.0, 0.0, 1.280625, 2.842675, 4.842675, 7.123026, 9.531345, 10.659039, 11.642573, 12.050892, 12.17886, 11.770541, 11.362222, 10.429089, 9.362411, 7.778713, 6.178713, 4.378713, 3.331947, 3.156497, 3.85503, 5.352397, 7.432748, 9.535395, 11.428617, 13.161226, 14.290409, 15.036607, 12.368274, 11.34847, 9.705158, 7.755642, 5.450203, 5.850203, 4.659123, 4.212862, 4.856294, 6.298514, 8.459764, 10.664103, 12.778157, 14.030906, 14.840789, 15.390809, 15.166368, 14.294443, 13.447259, 12.19451, 10.424881, 8.616258, 7.488564, 7.083, 7.598603, 9.303271, 12.0782, 10.797575, 9.07711, 6.841042, 3.794733, 0.0, 0.0, 0.0]"
507,"[0.0, 0.0, 0.0, 0.0, 1.077033, 2.600188, 4.754254, 6.908319, 9.249259, 10.513166, 11.406621, 11.593495, 11.675497, 11.221353, 10.492865, 9.356881, 7.864469, 6.075614, 4.471661, 3.459209, 3.198388, 3.873015, 5.661869, 7.885019, 10.337887, 12.759013, 14.676789, 16.160936, 17.375158, 17.76322, 14.32229, 13.489041, 11.655622, 9.377628, 6.657808, 7.105022, 5.129796, 4.320033, 4.400967, 5.833923, 7.986709, 10.327467, 12.223648, 13.862771, 14.81354, 15.125584, 15.015935, 14.711054, 13.588384, 11.74846, 9.730843, 7.499734, 5.725829, 4.817592, 5.439477, 7.408614, 10.269008, 9.374581, 8.24321, 6.356414, 3.49285, 0.0, 0.0, 0.0]"
508,"[0.0, 0.0, 0.0, 0.0, 1.341641, 3.050442, 5.138503, 7.479443, 10.009265, 11.387918, 12.464795, 12.906556, 12.982225, 12.606469, 11.675029, 10.331572, 8.96794, 7.117017, 5.162951, 3.774096, 3.35168, 3.641511, 5.163887, 7.493709, 9.879387, 11.905892, 13.760459, 14.982987, 15.684264, 15.944896, 12.898586, 12.004606, 10.306469, 8.152403, 5.553307, 5.553307, 3.857808, 3.411547, 4.054979, 5.733795, 8.562222, 10.814325, 12.759405, 14.294704, 15.424439, 15.720112, 15.720112, 15.170092, 14.040357, 12.481649, 10.799769, 8.84636, 7.133638, 6.27252, 6.615071, 7.979985, 10.366058, 9.51753, 8.252619, 6.213011, 3.405877, 0.0, 0.0, 0.0]"
509,"[0.0, 0.0, 0.0, 0.0, 1.612452, 3.45636, 5.692428, 8.360761, 11.081055, 12.188898, 13.449824, 13.93405, 13.795539, 13.549109, 12.916876, 11.65595, 10.135656, 8.430455, 6.522277, 5.234215, 4.606859, 5.195713, 6.60716, 8.925916, 11.40616, 13.795159, 15.889602, 17.703225, 18.763401, 18.981728, 15.376177, 13.998872, 11.918952, 9.239247, 6.373131, 6.573131, 4.788248, 3.984667, 4.606552, 6.306478, 8.826772, 11.105661, 13.219715, 14.613163, 15.561026, 15.964832, 15.938045, 15.500335, 14.628411, 13.348167, 11.504692, 9.163933, 6.768613, 5.254721, 5.043576, 6.3242, 8.947509, 8.500295, 7.605868, 5.817014, 3.255764, 0.0, 0.0, 0.0]"
510,"[0.0, 0.0, 0.0, 0.0, 1.16619, 2.874991, 5.029057, 7.445666, 10.045666, 11.479476, 12.370675, 12.899891, 12.899891, 12.535959, 11.90573, 11.014531, 9.408282, 7.591673, 5.638448, 4.268676, 3.454303, 3.81949, 5.382821, 7.790703, 10.163917, 12.525254, 14.621395, 15.996425, 16.711578, 16.862464, 13.6067, 12.476657, 10.500346, 8.22584, 5.734195, 5.934195, 4.158332, 3.673315, 4.330798, 5.757469, 8.118719, 10.206557, 12.129524, 13.620914, 14.685888, 15.097852, 15.350771, 15.041496, 14.169571, 12.742527, 10.935504, 8.76229, 6.920094, 5.728327, 6.041246, 7.348919, 9.780018, 8.93149, 7.714937, 5.704962, 3.231099, 0.0, 0.0, 0.0]"
511,"[0.0, 0.0, 0.0, 0.0, 1.341641, 3.311412, 5.54748, 7.96409, 10.647371, 11.989012, 12.882805, 13.246737, 13.430127, 13.346846, 13.004504, 12.038307, 11.050758, 9.450758, 7.297972, 5.557032, 4.554092, 4.222266, 5.222266, 7.107433, 9.227727, 11.495577, 13.820504, 15.319075, 16.485265, 16.764971, 13.602694, 12.329523, 10.717748, 8.385367, 5.951053, 5.951053, 4.251128, 3.441364, 3.983975, 5.506351, 7.980214, 10.452593, 12.480395, 14.22413, 15.391833, 16.173733, 16.095448, 16.017162, 14.800695, 13.388839, 11.474716, 9.448167, 7.441422, 6.546994, 6.703085, 8.203979, 10.70255, 9.682746, 8.341105, 6.341105, 3.498571, 0.0, 0.0, 0.0]"
512,"[0.0, 0.0, 0.0, 0.0, 1.131371, 2.693421, 4.413886, 6.746267, 9.078647, 10.554957, 11.4989, 12.284428, 12.368657, 12.190342, 11.291462, 10.241491, 8.95205, 7.335441, 5.747061, 4.63826, 4.030766, 3.980404, 4.969258, 6.744513, 8.864807, 11.121114, 13.253408, 14.763038, 15.720583, 16.105123, 13.000288, 12.370137, 11.11126, 9.268798, 6.988584, 7.435797, 5.050307, 3.643155, 3.264166, 4.148346, 5.789193, 7.847291, 9.814835, 11.52348, 12.497961, 13.093181, 13.352241, 13.16885, 12.172027, 10.944767, 9.478038, 7.772465, 6.487227, 6.347615, 7.299912, 9.090018, 12.016586, 10.885215, 9.235973, 6.827654, 3.820995, 0.0, 0.0, 0.0]"
513,"[0.0, 0.0, 0.0, 0.0, 0.8, 2.0, 3.6, 5.4, 7.4, 8.8, 9.8, 10.4, 10.6, 10.411077, 9.823529, 8.88844, 7.582867, 6.303977, 5.0929, 3.880449, 3.336648, 3.462024, 4.340914, 5.740914, 7.740914, 9.627485, 11.61434, 13.040889, 14.067439, 14.693988, 12.086307, 11.512753, 10.29728, 8.670731, 6.644182, 7.044182, 4.811077, 3.6, 3.277033, 3.800188, 5.459314, 7.495382, 9.401374, 11.007623, 12.084468, 12.625342, 12.805884, 12.453957, 11.559529, 10.679995, 9.360619, 7.963814, 6.809748, 6.463114, 6.586558, 7.913614, 10.118713, 9.118713, 7.676493, 5.832584, 3.224903, 0.0, 0.0, 0.0]"
514,"[0.0, 0.0, 0.0, 0.0, 1.0, 2.280625, 4.00109, 6.00109, 8.00109, 9.164421, 10.047127, 10.385788, 10.355559, 10.325331, 9.870801, 9.121683, 8.262557, 7.117407, 5.868746, 4.984566, 4.647385, 4.72801, 5.600445, 7.005364, 8.622054, 10.497986, 12.347856, 13.961389, 15.23536, 16.104638, 13.151673, 12.527171, 11.275708, 9.488159, 7.17757, 7.743256, 5.684477, 4.257806, 3.861907, 4.474359, 5.918648, 7.680507, 9.855185, 11.46706, 12.881157, 13.699609, 14.121126, 13.523065, 12.704613, 11.278064, 9.666189, 7.884128, 6.891608, 6.530875, 7.166943, 8.558072, 11.150474, 9.933921, 8.284679, 6.048611, 3.44093, 0.0, 0.0, 0.0]"
515,"[0.0, 0.0, 0.0, 0.0, 1.077033, 2.533055, 4.241856, 6.139222, 8.227284, 9.491191, 10.376109, 10.821374, 11.078073, 11.049138, 10.594994, 9.816104, 8.942663, 7.683024, 6.423898, 5.258212, 4.862353, 5.03775, 5.9544, 7.3544, 9.24097, 11.101329, 12.901071, 14.345758, 15.370661, 15.822392, 12.795843, 11.973184, 10.727395, 8.902492, 6.64308, 6.925923, 4.940031, 3.824483, 3.766124, 4.852921, 6.733409, 8.727506, 10.44076, 11.98356, 12.981205, 13.538168, 13.658107, 13.491737, 12.607296, 11.335306, 9.879923, 8.143295, 6.596411, 6.010624, 6.408148, 7.6171, 10.023578, 9.129151, 7.714937, 5.704962, 3.231099, 0.0, 0.0, 0.0]"
516,"[0.0, 0.0, 0.0, 0.0, 1.216553, 2.829004, 4.838979, 7.048051, 9.45637, 10.839818, 11.835047, 12.432753, 12.632, 12.432753, 11.872361, 10.678893, 9.148245, 7.588455, 5.979382, 4.834202, 4.700613, 5.344045, 6.912126, 9.097804, 11.434476, 13.759402, 15.715892, 17.056942, 18.028923, 18.108413, 14.502862, 13.509188, 11.540384, 9.124366, 6.446232, 6.446232, 4.328636, 3.705972, 3.976783, 5.498393, 8.098393, 10.318386, 12.125409, 13.675235, 14.494383, 14.806427, 14.689082, 14.384201, 13.309985, 11.986013, 10.151002, 8.048355, 6.012477, 4.924416, 4.924416, 6.67581, 9.915384, 9.282929, 8.282929, 6.633687, 3.80526, 0.0, 0.0, 0.0]"
517,"[0.0, 0.0, 0.0, 0.0, 1.341641, 3.239007, 5.393073, 7.866937, 10.535269, 11.861962, 12.632928, 13.147195, 13.147195, 12.759213, 12.178941, 11.407975, 9.905833, 8.431969, 6.784074, 5.328468, 4.431101, 4.973712, 6.127778, 8.025144, 10.7453, 13.289309, 15.186059, 16.826727, 17.902456, 17.967446, 14.423437, 13.234495, 11.228616, 8.623065, 5.652677, 5.93552, 4.413338, 3.966124, 4.935896, 6.642748, 8.959905, 10.851156, 12.740614, 14.188444, 15.386989, 16.085473, 16.404631, 15.893826, 14.909329, 13.64478, 12.055096, 9.844688, 7.524394, 5.985716, 5.510107, 6.209625, 8.521442, 8.121442, 7.227014, 5.614563, 3.206244, 0.0, 0.0, 0.0]"
518,"[0.0, 0.0, 0.0, 0.0, 1.4, 3.4, 5.6, 8.008319, 10.638908, 11.907241, 12.735668, 13.166257, 13.191044, 12.993559, 12.561294, 11.345319, 9.931282, 8.57521, 6.990633, 5.774369, 5.37847, 5.870718, 7.029753, 8.959714, 10.992778, 13.001128, 14.897879, 16.435403, 17.056914, 17.134542, 13.909639, 12.720697, 10.735959, 8.412992, 5.72971, 5.92971, 4.113101, 3.40128, 3.780269, 5.372663, 7.513603, 9.443425, 11.15207, 12.669261, 13.675963, 14.198587, 14.268765, 14.166369, 13.429223, 12.171768, 10.649845, 8.874466, 6.638398, 5.034785, 4.526556, 5.626226, 7.854473, 7.407259, 6.774803, 5.494179, 3.052868, 0.0, 0.0, 0.0]"
519,"[0.0, 0.0, 0.0, 0.0, 1.341641, 2.954092, 4.840889, 7.004219, 9.28457, 10.351248, 11.147116, 11.523061, 11.48576, 11.205409, 10.517555, 9.551456, 8.553626, 7.644149, 6.721182, 6.132088, 6.132088, 6.575978, 7.447486, 8.650804, 10.150023, 11.536229, 13.083193, 14.220034, 14.999095, 15.23207, 12.403643, 11.42823, 10.047236, 8.402038, 6.363094, 6.810308, 4.929957, 3.807159, 3.392945, 4.010544, 5.450127, 7.109253, 8.624211, 10.04082, 11.015209, 11.545022, 11.902505, 11.902505, 11.545022, 10.740864, 9.60488, 8.082698, 6.293843, 5.254521, 5.24207, 6.197513, 8.276299, 7.829086, 6.809282, 5.209282, 2.973214, 0.0, 0.0, 0.0]"
520,"[0.0, 0.0, 0.0, 0.0, 1.0, 2.56205, 4.282515, 6.126424, 8.126424, 9.252453, 9.816432, 10.095967, 10.138855, 9.751306, 8.966918, 8.057441, 7.057441, 6.065072, 5.301149, 5.036541, 5.036541, 5.450754, 6.205569, 7.445103, 8.784679, 10.346615, 11.985269, 13.460127, 14.496165, 14.963997, 12.185508, 11.25867, 9.978479, 8.268593, 6.23268, 6.798365, 4.872336, 3.31127, 2.462742, 2.614214, 3.490749, 5.011214, 6.964439, 8.904746, 10.410739, 11.474511, 12.086427, 12.18274, 11.397212, 10.588276, 9.248473, 7.935896, 6.680549, 6.402304, 6.793309, 8.455546, 11.235742, 10.158709, 8.716488, 6.628427, 3.8, 0.0, 0.0, 0.0]"
521,"[0.0, 0.0, 0.0, 0.0, 1.131371, 2.545584, 4.242641, 6.505382, 8.768124, 10.045072, 11.039178, 11.75044, 11.651029, 11.275084, 10.308985, 9.242307, 7.658609, 6.3199, 5.154214, 4.536614, 4.019595, 4.459885, 5.344064, 6.859022, 8.366782, 10.10341, 11.811713, 13.076126, 13.813272, 14.309318, 11.748068, 11.183174, 9.77201, 7.964986, 6.030986, 6.430986, 4.222668, 3.226303, 2.908641, 3.294838, 4.781635, 6.640761, 8.581068, 10.415821, 11.818478, 12.795246, 13.419402, 13.419402, 12.899451, 12.102966, 10.801451, 9.383081, 7.954121, 7.487846, 8.017659, 9.617887, 12.040794, 10.963761, 9.266705, 6.850095, 3.687818, 0.0, 0.0, 0.0]"
522,"[0.0, 0.0, 0.0, 0.0, 1.341641, 2.954092, 4.742947, 6.712718, 8.948786, 9.843213, 10.46683, 10.914043, 11.003398, 10.654126, 10.138523, 9.464505, 8.509062, 7.526969, 6.440173, 5.440818, 4.878768, 4.863054, 5.398473, 6.398473, 7.886435, 9.31954, 10.722962, 11.778843, 12.647176, 13.106436, 10.673331, 10.044606, 8.832295, 7.240996, 5.205118, 5.405118, 3.812724, 3.077812, 3.16697, 4.146966, 6.006092, 7.891259, 9.61146, 11.165564, 12.273406, 12.934574, 13.322488, 13.442426, 12.885463, 11.954023, 10.689751, 9.169457, 7.608207, 6.709787, 6.720933, 7.698016, 9.602851, 8.602851, 7.33794, 5.53794, 3.104835, 0.0, 0.0, 0.0]"
523,"[0.0, 0.0, 0.0, 0.0, 1.264911, 2.788066, 4.496866, 6.650932, 8.804998, 9.881027, 10.698813, 11.330952, 11.517826, 11.517826, 11.074252, 10.345764, 9.285449, 8.07588, 6.746435, 5.673689, 5.061238, 5.222834, 5.811928, 7.046433, 8.638421, 10.501985, 12.106074, 13.516104, 14.409942, 14.771822, 11.908258, 10.921075, 9.403031, 7.527099, 5.381066, 5.663909, 4.237238, 3.790977, 4.275994, 5.623438, 7.748914, 9.807183, 11.46942, 12.880584, 13.873898, 14.294007, 14.431709, 14.148866, 13.301682, 12.048933, 10.562147, 8.558341, 6.578442, 5.452412, 5.440748, 6.431488, 8.606867, 8.041182, 7.041182, 5.332381, 3.0, 0.0, 0.0, 0.0]"
524,"[0.0, 0.0, 0.0, 0.0, 1.077033, 2.600188, 4.308988, 6.27876, 8.514828, 9.770176, 10.579402, 11.202982, 11.292336, 11.115394, 10.66981, 9.860584, 8.793114, 7.733988, 6.569289, 5.682493, 5.375891, 5.71098, 6.720955, 8.259633, 10.08806, 12.09641, 13.902288, 15.29819, 16.265085, 16.636658, 13.411755, 12.414196, 10.808319, 8.608319, 6.008319, 6.208319, 4.432456, 3.709488, 4.218289, 5.706351, 8.036173, 10.124011, 11.767272, 12.970516, 13.746018, 13.884529, 13.638098, 13.153872, 12.085737, 10.678195, 8.904289, 6.87764, 5.088785, 4.244876, 4.599931, 6.138609, 8.94716, 8.499946, 7.499946, 5.688869, 3.255764, 0.0, 0.0, 0.0]"
525,"[0.0, 0.0, 0.0, 0.0, 1.264911, 2.973712, 4.871078, 6.95914, 9.30008, 10.315519, 11.275052, 12.046018, 12.238307, 11.985429, 11.602444, 10.390134, 8.798834, 7.239593, 5.551532, 4.219851, 3.840862, 4.178042, 5.456932, 7.656932, 10.091247, 12.220457, 14.411795, 16.017346, 16.840795, 16.867344, 13.6611, 12.065524, 9.915995, 7.317167, 4.490618, 4.937832, 3.947661, 3.947661, 4.966948, 7.047299, 9.428513, 11.468121, 13.237002, 14.617996, 15.337645, 15.509218, 15.249806, 14.624903, 13.409975, 12.209975, 10.409975, 8.687008, 6.808118, 5.622764, 5.264985, 6.191014, 7.834275, 7.113165, 6.288544, 4.846323, 2.720294, 0.0, 0.0, 0.0]"
526,"[0.0, 0.0, 0.0, 0.0, 1.077033, 2.600188, 4.497554, 6.585615, 8.865966, 10.025001, 10.782198, 11.120899, 11.072445, 10.603172, 9.823126, 8.807686, 7.466045, 5.992123, 4.781046, 3.957479, 3.541096, 3.98831, 5.211479, 6.765545, 8.474029, 10.411179, 12.042752, 13.300207, 14.009705, 14.352046, 11.566369, 10.382009, 8.677341, 6.534887, 4.051605, 4.051605, 2.709965, 2.262751, 2.883282, 4.295733, 6.354859, 8.143714, 9.665896, 10.740864, 11.545022, 11.826836, 11.871118, 11.542571, 10.96987, 10.202503, 9.126474, 7.567234, 5.879172, 4.482477, 3.853039, 4.388128, 6.067017, 5.667017, 5.219804, 4.2, 2.4, 0.0, 0.0, 0.0]"
527,"[0.0, 0.0, 0.0, 0.0, 1.264911, 2.973712, 4.943483, 7.179551, 9.685544, 10.861944, 11.594455, 11.905034, 11.949317, 11.287233, 10.566387, 9.567296, 8.363978, 7.083627, 6.134146, 5.545052, 5.545052, 6.256873, 7.226644, 8.748826, 10.217456, 11.560913, 12.818368, 13.71216, 14.159115, 14.242397, 11.456719, 10.380182, 9.039772, 7.253241, 5.369959, 5.935645, 4.790494, 4.46734, 4.80452, 5.848429, 7.370805, 8.826535, 10.156357, 11.271965, 12.028056, 12.539995, 12.859644, 12.670762, 12.48188, 11.779247, 10.828489, 9.445041, 7.704101, 5.763161, 4.760222, 4.634134, 5.65365, 5.05365, 4.65365, 3.759223, 2.236068, 0.0, 0.0, 0.0]"
528,"[0.0, 0.0, 0.0, 0.0, 1.2, 2.849242, 4.746609, 6.900675, 9.136743, 10.269124, 10.783212, 10.885845, 10.73178, 10.216177, 9.326016, 8.239719, 7.259522, 6.259522, 5.433485, 5.122635, 5.326227, 6.193219, 7.252345, 8.774527, 10.243156, 11.645813, 12.622581, 13.427019, 13.788899, 13.694892, 11.01161, 10.207172, 8.956059, 7.254603, 5.548611, 5.948611, 4.336698, 3.524247, 3.447214, 3.847214, 5.059665, 6.224903, 7.464511, 8.552572, 9.440634, 9.982248, 10.457858, 10.315616, 10.071464, 9.632645, 8.678579, 7.390518, 5.775994, 4.332085, 3.531371, 3.854525, 5.334876, 5.052034, 4.652034, 3.803505, 2.280351, 0.0, 0.0, 0.0]"
529,"[0.0, 0.0, 0.0, 0.0, 1.264911, 2.877363, 4.887338, 7.09641, 9.49641, 10.639818, 11.435685, 11.834029, 11.834029, 11.444004, 10.835685, 10.027366, 8.883958, 7.841077, 6.997292, 6.413844, 6.413844, 6.992842, 7.914713, 9.165132, 10.631861, 11.984826, 13.451506, 14.674034, 15.568013, 15.931041, 12.978076, 12.084097, 10.743279, 8.955845, 6.909535, 7.541991, 5.572595, 4.497251, 4.239007, 4.653221, 5.864674, 7.427436, 8.941328, 10.076416, 11.262203, 12.025975, 12.616, 12.607681, 12.407681, 11.618758, 10.425291, 8.991481, 7.223937, 6.023937, 5.825311, 6.752037, 8.645259, 8.012803, 7.012803, 5.400352, 3.059412, 0.0, 0.0, 0.0]"
530,"[0.0, 0.0, 0.0, 0.0, 1.16619, 2.778642, 4.665438, 6.828769, 8.9921, 10.26722, 10.98715, 11.432734, 11.505471, 11.578209, 11.106669, 10.483089, 9.60673, 8.570662, 7.159215, 5.755129, 4.87095, 4.491961, 4.734181, 5.753469, 7.450525, 9.171488, 11.067669, 12.736719, 14.00408, 14.714552, 12.168967, 11.604072, 10.336711, 8.506066, 6.253963, 6.453963, 4.492858, 3.648949, 3.930374, 5.053172, 7.133523, 9.247559, 11.132, 12.56995, 13.610483, 14.214573, 14.373617, 14.096857, 13.260188, 12.219656, 10.749428, 9.106167, 7.323107, 6.291147, 6.156039, 7.215689, 9.3449, 8.520279, 7.388908, 5.680107, 3.206244, 0.0, 0.0, 0.0]"
531,"[0.0, 0.0, 0.0, 0.0, 1.019804, 2.419804, 4.032255, 5.832255, 7.832255, 9.012452, 9.812452, 10.4, 10.609975, 10.61995, 10.263859, 9.519881, 8.584792, 7.574817, 6.285952, 5.266664, 4.810642, 4.987952, 5.776806, 7.396636, 9.484059, 11.782543, 13.884332, 15.831786, 17.285579, 17.979086, 14.680602, 14.109807, 12.527564, 10.255986, 7.544861, 7.827704, 5.25449, 4.120228, 4.053096, 5.002577, 7.350324, 9.813888, 11.853496, 13.622377, 15.003371, 15.399331, 15.342901, 15.090623, 13.875695, 12.263243, 10.256498, 8.170475, 5.963341, 5.084737, 5.359081, 7.202842, 9.899333, 9.299333, 8.167962, 6.281166, 3.417601, 0.0, 0.0, 0.0]"
532,"[0.0, 0.0, 0.0, 0.0, 0.894427, 2.159338, 3.682493, 5.652264, 7.80633, 9.065969, 9.955124, 10.586035, 10.586035, 10.401741, 9.77083, 8.958404, 7.698766, 6.29468, 4.524908, 3.284596, 2.542955, 2.648528, 3.682843, 5.682843, 8.007681, 10.43423, 12.659133, 14.284036, 15.29028, 15.882599, 12.85605, 12.031147, 10.606244, 8.6, 5.6, 5.8, 4.0, 3.6, 4.4, 6.6, 9.2, 11.8, 13.6, 14.8, 15.6, 16.0, 15.6, 15.2, 14.0, 12.6, 10.4, 8.2, 5.8, 4.52111, 4.28316, 5.615541, 8.146036, 7.746036, 7.024926, 5.462876, 3.130495, 0.0, 0.0, 0.0]"
533,"[0.0, 0.0, 0.0, 0.0, 1.280625, 2.977681, 4.977681, 7.258032, 9.590413, 10.751099, 11.495354, 11.827735, 11.879765, 11.710715, 11.269403, 10.548557, 9.496801, 8.164421, 6.60109, 5.166775, 4.340737, 4.474326, 5.274326, 7.274326, 9.708641, 12.220091, 14.605877, 16.611137, 17.832131, 18.454285, 15.048408, 13.916741, 11.760724, 9.016762, 5.841822, 6.241822, 4.790041, 4.984708, 6.188026, 8.800224, 11.893074, 14.41283, 16.498297, 18.147323, 18.775729, 18.932537, 18.451993, 17.351043, 15.630739, 13.742921, 11.293263, 8.637499, 6.009072, 4.8, 4.612452, 6.020133, 8.82601, 8.62601, 7.62601, 6.013558, 3.405877, 0.0, 0.0, 0.0]"
534,"[0.0, 0.0, 0.0, 0.0, 1.216553, 2.816553, 4.616553, 6.626528, 8.862596, 9.926394, 10.994727, 11.475078, 11.553164, 11.405157, 10.968715, 9.912834, 8.832483, 7.569043, 6.046667, 5.002758, 4.46734, 4.879791, 5.941966, 7.817592, 10.070459, 12.434357, 14.493417, 16.278133, 17.59448, 18.034463, 14.593533, 13.262961, 11.488815, 8.75096, 5.65811, 5.940953, 4.619817, 4.619817, 5.880364, 8.343928, 11.31685, 13.749581, 15.501872, 16.871179, 17.500464, 17.500464, 16.911493, 15.98213, 14.302244, 12.151035, 9.895271, 7.47892, 5.20584, 4.255872, 4.725308, 6.355897, 9.361219, 8.914006, 7.894202, 6.083125, 3.452535, 0.0, 0.0, 0.0]"
535,"[0.0, 0.0, 0.0, 0.0, 1.264911, 2.877363, 4.887338, 7.087338, 9.487338, 10.630746, 11.426613, 11.652706, 11.492314, 11.131921, 10.372845, 9.378739, 8.342671, 7.322868, 6.28326, 5.914642, 6.023583, 6.72095, 7.981497, 9.64983, 11.281249, 12.862929, 14.318173, 15.455424, 16.09768, 16.41054, 13.305705, 12.285474, 10.588338, 8.443939, 5.819036, 6.101879, 4.594119, 4.273654, 5.107464, 6.907464, 9.431755, 11.613793, 13.438696, 14.663599, 15.290148, 15.311442, 14.935372, 13.946537, 12.532711, 10.906161, 9.077734, 6.847145, 4.811077, 3.632456, 3.398646, 4.242555, 6.403804, 6.203804, 5.571349, 4.405159, 2.56125, 0.0, 0.0, 0.0]"
536,"[0.0, 0.0, 0.0, 0.0, 1.414214, 3.258122, 5.538473, 7.879413, 10.742977, 11.834757, 12.598529, 12.759489, 12.6989, 11.961365, 11.175837, 10.010377, 8.735256, 7.254905, 5.849986, 5.129521, 5.143323, 5.821041, 7.031016, 8.917587, 10.924246, 12.474884, 14.036852, 15.450325, 16.098408, 16.151161, 13.144502, 11.826686, 9.926392, 7.565055, 4.705643, 4.988486, 3.900425, 3.93932, 5.170922, 7.379241, 9.787123, 11.61555, 13.16477, 14.011954, 14.576849, 14.728659, 14.461481, 13.630562, 12.544145, 11.183382, 9.417881, 7.681253, 5.848115, 4.593775, 4.322964, 5.132727, 6.915787, 6.468574, 5.836118, 4.494477, 2.607681, 0.0, 0.0, 0.0]"
537,"[0.0, 0.0, 0.0, 0.0, 1.341641, 2.954092, 5.395403, 7.658145, 10.486572, 11.865226, 12.973068, 13.139438, 13.382689, 12.708328, 11.600485, 10.221832, 8.508578, 6.635041, 5.113431, 4.500979, 4.601559, 5.495986, 7.20447, 9.172015, 11.30251, 12.990785, 14.60193, 15.66099, 16.285893, 16.208266, 13.077771, 11.677771, 9.839821, 7.463446, 4.810578, 5.410578, 4.627131, 4.773881, 6.399217, 8.667549, 11.366034, 13.447966, 15.03765, 16.056636, 16.686788, 16.493138, 16.167868, 15.655061, 14.503151, 12.993521, 11.330906, 9.206221, 6.820543, 4.926817, 4.354515, 4.912294, 6.663766, 6.263766, 5.816553, 4.6, 2.6, 0.0, 0.0, 0.0]"
538,"[0.0, 0.0, 0.0, 0.0, 1.523155, 3.409951, 5.573282, 7.981601, 10.672325, 11.869465, 12.702963, 13.045625, 13.143299, 12.688642, 11.938119, 10.830277, 9.604909, 8.175949, 6.939881, 6.23502, 6.145723, 6.924225, 8.179572, 9.958061, 11.746018, 13.447766, 14.78864, 15.949109, 16.588222, 16.697632, 13.472729, 12.35308, 10.509472, 8.168904, 5.572311, 6.204767, 5.055787, 4.968595, 6.017591, 8.013155, 10.353913, 12.195756, 13.744976, 14.730217, 14.997394, 14.997394, 14.714905, 13.883986, 12.772717, 11.664754, 10.033181, 8.167078, 6.452412, 5.472216, 5.364203, 6.25863, 8.262436, 7.696751, 6.676947, 5.064495, 2.828427, 0.0, 0.0, 0.0]"
539,"[0.0, 0.0, 0.0, 0.0, 1.216553, 2.672574, 4.381375, 6.440501, 8.772882, 9.83668, 10.788977, 11.342918, 11.409821, 10.92135, 10.203049, 9.075355, 7.812613, 6.511205, 5.561723, 5.131044, 5.29264, 6.179436, 7.687196, 9.400449, 11.153519, 12.873577, 14.427711, 15.501207, 16.14929, 16.376119, 13.213841, 11.89894, 10.055113, 7.799349, 5.288079, 6.288079, 5.618072, 5.953389, 7.483211, 9.856424, 12.209035, 14.170615, 15.69085, 16.955761, 17.113042, 16.733645, 16.179608, 15.23587, 13.338503, 11.85725, 10.100589, 8.037025, 6.284272, 5.406709, 5.199687, 6.263486, 8.516353, 7.795243, 6.775439, 5.333218, 3.052868, 0.0, 0.0, 0.0]"
540,"[0.0, 0.0, 0.0, 0.0, 0.894427, 2.236068, 3.944869, 5.842235, 7.881843, 9.196488, 10.054847, 10.546047, 10.64868, 10.409072, 9.8, 8.8, 7.6, 6.232456, 4.879669, 4.079669, 4.079669, 4.535691, 5.800602, 7.44145, 9.171272, 10.691566, 12.147588, 13.355056, 14.293544, 14.570856, 11.850562, 10.938518, 9.233683, 6.807134, 4.0, 4.282843, 3.282843, 3.603308, 5.003308, 7.564557, 10.124249, 12.097463, 13.501097, 14.756862, 15.168826, 15.017016, 14.452121, 13.454051, 11.918752, 10.111728, 8.221004, 6.212685, 4.719111, 3.998646, 4.632456, 6.240774, 9.065678, 8.433222, 7.433222, 5.633222, 3.224903, 0.0, 0.0, 0.0]"
541,"[0.0, 0.0, 0.0, 0.0, 1.0, 2.4, 4.0, 5.843909, 7.93197, 9.086036, 9.655808, 9.844662, 9.789608, 9.313998, 8.501573, 7.608834, 6.81998, 5.831125, 5.043295, 4.833025, 5.036617, 5.825471, 7.084597, 8.676585, 10.228496, 11.900836, 13.164849, 14.268001, 14.975491, 15.134744, 12.181779, 11.108811, 9.360747, 7.085175, 4.642641, 4.925483, 3.965388, 4.200417, 5.391497, 7.424602, 10.005323, 12.090354, 13.60339, 14.536996, 15.077104, 14.81354, 14.049645, 13.041433, 11.524242, 9.570832, 7.570832, 5.429892, 3.675826, 3.296837, 3.889485, 5.621865, 8.37483, 7.97483, 6.897797, 5.285345, 2.952965, 0.0, 0.0, 0.0]"
542,"[0.0, 0.0, 0.0, 0.0, 1.0, 2.4, 4.0, 5.811077, 7.850685, 8.938746, 9.508518, 9.697372, 9.675149, 9.247993, 8.501573, 7.608834, 6.81998, 5.831125, 5.113101, 4.902831, 5.268019, 6.154815, 7.518146, 9.065029, 10.54134, 12.099119, 13.336423, 14.284362, 14.816264, 15.051118, 12.051118, 10.813814, 8.983169, 6.858483, 4.415949, 5.137059, 4.530888, 4.970728, 6.285531, 8.493212, 10.772102, 12.615577, 14.019211, 14.829094, 15.194627, 14.885352, 14.023994, 13.025923, 11.614759, 9.807736, 7.717011, 5.854269, 4.360696, 3.798646, 4.232456, 6.032456, 8.632456, 8.0, 7.0, 5.4, 3.0, 0.0, 0.0, 0.0]"
543,"[0.0, 0.0, 0.0, 0.0, 1.264911, 2.788066, 4.685432, 6.9215, 9.130572, 10.265661, 11.150826, 11.462531, 11.462531, 11.293067, 10.736976, 9.74287, 8.733798, 7.574763, 6.666526, 5.988808, 6.097749, 6.98581, 8.189128, 9.778051, 11.523905, 13.163028, 14.385556, 15.505205, 16.009814, 16.09777, 12.935492, 11.750932, 9.765146, 7.43467, 5.067125, 5.961553, 5.291545, 5.91694, 7.496376, 9.775964, 12.299139, 14.260718, 15.531699, 16.457836, 16.676287, 16.21165, 15.47733, 14.402809, 12.900176, 11.382132, 9.694079, 8.010797, 7.03964, 6.754725, 7.342274, 8.884496, 11.284496, 10.019585, 8.407134, 6.207134, 3.4, 0.0, 0.0, 0.0]"
544,"[0.0, 0.0, 0.0, 0.0, 1.414214, 3.063456, 5.151517, 7.305583, 9.722192, 10.640359, 11.432428, 11.624718, 11.596681, 11.159971, 10.524646, 9.525556, 8.411395, 7.30517, 6.345075, 5.989659, 6.267904, 7.227743, 8.616258, 10.287179, 12.069638, 13.629417, 14.944318, 16.03457, 16.654434, 16.503548, 13.223304, 11.870435, 9.827886, 7.411724, 5.03851, 6.03851, 5.512499, 6.182506, 7.849329, 10.091863, 12.372107, 14.13872, 15.341354, 16.005008, 16.115438, 15.613683, 14.617401, 13.288737, 11.625884, 9.83911, 8.277174, 7.021826, 6.302451, 6.460866, 7.627056, 9.188992, 11.511959, 10.231335, 8.51087, 6.178489, 3.4, 0.0, 0.0, 0.0]"
545,"[0.0, 0.0, 0.0, 0.0, 1.077033, 2.689485, 4.500562, 6.700562, 9.133667, 10.336984, 11.065473, 11.408462, 11.178233, 10.533983, 9.695852, 8.431945, 7.077879, 5.932729, 5.275245, 5.275245, 6.167984, 7.708924, 9.484303, 11.4058, 13.363579, 14.892379, 16.325031, 17.130908, 17.472153, 17.045367, 13.546796, 11.773204, 9.647951, 7.07846, 4.737702, 6.018326, 5.988098, 7.124082, 9.183902, 12.050018, 14.542985, 16.456511, 17.760117, 18.595891, 18.353084, 17.579492, 16.416488, 14.666045, 12.915601, 11.309079, 9.328883, 7.77478, 6.971198, 6.898794, 7.485619, 9.073496, 11.313183, 10.146993, 8.249626, 6.013558, 3.405877, 0.0, 0.0, 0.0]"
546,"[0.0, 0.0, 0.0, 0.0, 1.131371, 2.693421, 4.580217, 6.921157, 9.39502, 10.737513, 11.806052, 12.327575, 12.394954, 11.92109, 11.047227, 9.63319, 8.301904, 6.742114, 5.819147, 5.435699, 5.819147, 6.951186, 8.702658, 10.425625, 12.209072, 13.815316, 15.029692, 15.685457, 15.990292, 15.902335, 12.696092, 11.426709, 9.435856, 6.931021, 4.466191, 5.466191, 4.726338, 5.670499, 7.701089, 10.260534, 12.460534, 14.246321, 15.237249, 15.606659, 15.407134, 14.807134, 13.807134, 12.219585, 10.675607, 9.034664, 7.434664, 6.254468, 6.098038, 6.350817, 7.420695, 9.028376, 11.449502, 9.99348, 8.284679, 6.048611, 3.44093, 0.0, 0.0, 0.0]"
547,"[0.0, 0.0, 0.0, 0.0, 1.341641, 2.954092, 4.954092, 7.080121, 9.641371, 10.907411, 11.800953, 12.217562, 12.245599, 11.838415, 10.939535, 9.775183, 8.489944, 7.412911, 6.458845, 6.362496, 7.060463, 8.402956, 10.189487, 12.048899, 13.692211, 15.105139, 16.45227, 17.393965, 17.740431, 17.491326, 14.038791, 12.426868, 10.035822, 7.649749, 5.3642, 6.384004, 5.574932, 6.36979, 7.758305, 9.844329, 11.831184, 13.631184, 14.428771, 15.020452, 15.013319, 14.406659, 13.415731, 12.419047, 10.875069, 9.41671, 7.865238, 6.288622, 5.103268, 4.988886, 5.491154, 6.768655, 9.109414, 8.284793, 6.943152, 5.099243, 2.973214, 0.0, 0.0, 0.0]"
548,"[0.0, 0.0, 0.0, 0.0, 1.341641, 2.783861, 4.783861, 7.19218, 9.524561, 10.599529, 11.498249, 11.7786, 11.458342, 10.96987, 10.202503, 8.938596, 7.506774, 6.495745, 5.851836, 6.013671, 7.14571, 8.927771, 10.857398, 12.863642, 14.658116, 16.049044, 17.223714, 17.839209, 18.0855, 17.735713, 14.135713, 12.566521, 10.556819, 8.124088, 5.716852, 6.981763, 6.785302, 7.605956, 9.612701, 12.019937, 14.207561, 15.817611, 16.837041, 17.303342, 17.10699, 16.713866, 15.694798, 14.451335, 12.758485, 11.311525, 9.329146, 7.547085, 6.357817, 5.774369, 6.005826, 7.269733, 9.583483, 8.563679, 7.347127, 5.503218, 3.162278, 0.0, 0.0, 0.0]"
549,"[0.0, 0.0, 0.0, 0.0, 1.077033, 2.689485, 4.689485, 6.898557, 9.134625, 10.398532, 11.12702, 11.363088, 11.213142, 10.86387, 9.864571, 8.600664, 7.164596, 5.999897, 5.244472, 5.464881, 6.551179, 8.083559, 9.909426, 11.902155, 13.59587, 14.826651, 15.888383, 16.423853, 16.579997, 16.324233, 12.930121, 11.422804, 9.581254, 7.195437, 5.215241, 6.381431, 6.494635, 7.626006, 9.560006, 11.795966, 14.035653, 15.44153, 16.616161, 17.393285, 17.299799, 16.893921, 16.049294, 14.737398, 12.828903, 11.108845, 9.185878, 7.624629, 6.21631, 5.685444, 6.397289, 7.920256, 10.337858, 9.337858, 8.171667, 6.017601, 3.417601, 0.0, 0.0, 0.0]"
550,"[0.0, 0.0, 0.0, 0.0, 1.0, 2.2, 3.614214, 5.263456, 7.05231, 7.772775, 8.29324, 8.576083, 8.341054, 7.832825, 7.11236, 6.113005, 5.048404, 4.434191, 3.953566, 4.030599, 4.832643, 5.989042, 7.42511, 9.041719, 10.564686, 11.827209, 12.950399, 13.577895, 13.989713, 13.798032, 11.012354, 9.70031, 8.053299, 6.119299, 4.343435, 5.343435, 5.343435, 6.126883, 7.640774, 9.616, 11.616, 13.016, 14.016, 14.607681, 14.8, 14.4, 13.8, 12.8, 11.4, 9.8, 8.094427, 6.415537, 5.240159, 4.840159, 5.451236, 6.837159, 9.028093, 8.203472, 7.003472, 5.192395, 2.912044, 0.0, 0.0, 0.0]"
551,"[0.0, 0.0, 0.0, 0.0, 1.0, 2.341641, 3.864795, 5.762162, 7.80177, 8.811745, 9.470104, 9.94695, 9.849583, 9.409975, 8.6, 7.6, 6.424621, 5.519048, 4.919048, 5.060689, 5.583844, 6.656589, 7.850223, 9.191163, 10.449523, 11.609649, 12.575847, 13.266275, 13.645629, 13.453948, 10.770666, 9.604158, 7.95704, 6.061367, 4.253048, 4.974159, 4.557727, 5.146821, 6.3222, 8.130519, 10.100134, 11.647936, 12.618196, 13.30892, 13.461851, 13.051477, 12.22305, 11.376234, 10.099723, 8.538473, 7.082744, 5.682744, 4.559945, 4.311922, 5.020723, 6.612711, 8.876275, 8.155165, 6.988974, 5.280173, 2.863564, 0.0, 0.0, 0.0]"
552,"[0.0, 0.0, 0.0, 0.0, 1.2, 2.614214, 4.323014, 6.292786, 8.351912, 9.151912, 9.717597, 9.852705, 9.603399, 9.106323, 8.386948, 7.53842, 6.588938, 5.868473, 5.506423, 5.640012, 6.157883, 7.351517, 8.631868, 9.905731, 11.159851, 12.374173, 13.31266, 14.038969, 14.565105, 14.496773, 11.633208, 10.406659, 8.8, 6.819804, 4.785489, 5.805293, 5.405293, 5.805293, 6.985489, 9.019804, 10.8, 12.406659, 13.633208, 14.261636, 14.292225, 13.92533, 13.154739, 11.939266, 10.510839, 9.08025, 7.447145, 5.776762, 4.790307, 4.590307, 4.990307, 6.399379, 8.66212, 7.837499, 6.637499, 5.037499, 2.828427, 0.0, 0.0, 0.0]"
553,"[0.0, 0.0, 0.0, 0.0, 1.280625, 2.842675, 4.842675, 7.078743, 9.495352, 10.555667, 11.467481, 11.747831, 11.747831, 11.142299, 10.645268, 9.436316, 8.050392, 6.814324, 6.08028, 5.836371, 6.37146, 7.686105, 9.293786, 11.216753, 12.816753, 14.42263, 15.637007, 16.452774, 16.751259, 16.656094, 13.250217, 11.914829, 9.756292, 7.257807, 4.874083, 6.074083, 5.786021, 6.929429, 8.73711, 11.222244, 13.445692, 15.29535, 16.536688, 17.227492, 17.277012, 16.521896, 15.305344, 13.695294, 12.19681, 10.157598, 8.655456, 7.222351, 6.399295, 6.410372, 7.626925, 9.520146, 12.169804, 10.953251, 9.142174, 6.709069, 3.649658, 0.0, 0.0, 0.0]"
554,"[0.0, 0.0, 0.0, 0.0, 1.280625, 2.977681, 5.240423, 7.572804, 10.078796, 11.398172, 12.042055, 12.059664, 11.815345, 11.153261, 10.39717, 9.397871, 8.11752, 7.195649, 6.616651, 6.572742, 7.440174, 8.873279, 10.337678, 12.29767, 13.921118, 15.317597, 16.684492, 17.853903, 18.251154, 18.052608, 14.447057, 12.883125, 10.695577, 7.873423, 5.36963, 6.36963, 5.944639, 6.568255, 8.794804, 11.298597, 13.920751, 15.914934, 17.478866, 18.052317, 18.227414, 17.611919, 16.206659, 14.606659, 12.619111, 10.296144, 8.289485, 6.889485, 5.766517, 5.94292, 7.029218, 9.029218, 11.749433, 10.6724, 8.883546, 6.720215, 3.720215, 0.0, 0.0, 0.0]"
555,"[0.0, 0.0, 0.0, 0.0, 1.216553, 2.829004, 4.917065, 7.258005, 9.674615, 10.790443, 11.619302, 11.65727, 11.296229, 10.576676, 9.658509, 8.383388, 7.334392, 6.554493, 6.122348, 6.231289, 6.951895, 8.380855, 9.959344, 11.7473, 13.449048, 14.962252, 16.033968, 16.673081, 16.972824, 16.852756, 13.452756, 11.914655, 9.761965, 7.257882, 4.977668, 6.242579, 5.991826, 7.143524, 9.080673, 11.487151, 13.639842, 15.394996, 16.522396, 17.035203, 16.908939, 16.403381, 15.333236, 13.877288, 12.101958, 10.277748, 8.260131, 6.786268, 6.039847, 6.237158, 7.219275, 9.298061, 11.692174, 10.350533, 8.630068, 6.367326, 3.394113, 0.0, 0.0, 0.0]"
556,"[0.0, 0.0, 0.0, 0.0, 1.280625, 2.977681, 4.82159, 7.153971, 9.57058, 10.889955, 11.722721, 12.159163, 12.06285, 11.685849, 10.735091, 9.47018, 8.356019, 7.119951, 6.345255, 6.110226, 7.045315, 8.279125, 10.079125, 11.814214, 13.606244, 14.829692, 15.882228, 16.575078, 16.927689, 16.633489, 13.21004, 11.845566, 9.617627, 7.265016, 5.201501, 6.466412, 6.027593, 7.171, 8.80159, 10.979611, 12.970464, 14.619706, 15.509872, 15.984117, 15.869612, 15.14367, 14.125536, 12.86666, 10.961825, 9.069585, 7.388291, 6.184973, 5.345365, 5.757817, 6.974081, 8.989117, 11.210568, 10.010568, 8.398117, 6.162049, 3.298485, 0.0, 0.0, 0.0]"
557,"[0.0, 0.0, 0.0, 0.0, 1.077033, 2.726275, 4.537352, 6.537352, 8.746424, 9.905459, 10.536568, 10.813552, 10.710919, 10.210647, 9.68338, 8.619582, 7.331521, 6.328581, 5.751151, 5.6044, 6.551179, 8.312428, 10.260535, 12.129164, 13.822879, 15.05366, 16.030772, 16.594115, 16.756393, 16.38507, 12.990957, 11.24145, 9.116198, 6.848347, 4.98371, 6.425931, 6.800407, 8.081032, 10.186605, 12.772352, 15.001644, 16.509825, 17.620087, 18.197796, 17.823343, 17.015396, 15.760493, 14.148107, 12.132448, 10.181974, 8.338214, 7.138157, 6.420672, 6.420672, 7.402789, 9.356199, 11.678007, 10.336367, 8.774317, 6.511575, 3.538361, 0.0, 0.0, 0.0]"
558,"[0.0, 0.0, 0.0, 0.0, 1.4, 3.0, 5.039608, 7.127669, 9.468609, 10.304677, 11.145988, 11.386731, 11.424699, 10.804224, 9.848781, 8.57366, 7.117931, 6.011705, 5.457431, 5.789257, 6.602966, 8.186664, 9.857585, 11.664608, 13.163426, 14.624457, 15.82169, 16.629536, 16.966911, 16.828855, 13.387925, 11.679741, 9.181169, 6.503036, 4.354443, 5.635068, 5.863731, 7.27205, 9.482128, 11.937751, 14.098056, 15.470598, 16.56085, 17.118316, 17.062975, 16.57501, 15.312507, 13.939965, 11.954178, 9.895466, 7.962305, 6.80327, 6.091454, 6.564037, 8.005528, 10.210627, 12.980671, 11.566457, 9.679661, 7.07198, 3.847077, 0.0, 0.0, 0.0]"
559,"[0.0, 0.0, 0.0, 0.0, 1.442221, 3.286129, 5.548871, 7.95719, 10.677484, 11.918545, 12.757918, 13.024998, 12.957619, 12.134692, 11.100653, 9.759012, 8.36056, 7.361261, 6.878108, 7.028866, 7.896297, 9.395516, 10.882302, 12.891537, 14.713691, 16.309879, 17.679289, 18.656122, 18.854827, 18.259222, 14.453963, 12.690031, 10.484771, 7.687238, 5.381799, 6.796013, 6.359945, 7.168264, 9.143643, 11.82841, 14.014196, 15.819747, 17.01698, 17.822531, 17.423313, 16.630447, 15.433215, 14.027663, 11.836326, 10.046219, 7.80477, 6.196451, 5.261363, 5.847149, 7.238277, 10.001255, 13.04313, 11.778219, 9.778219, 7.170538, 3.841875, 0.0, 0.0, 0.0]"
560,"[0.0, 0.0, 0.0, 0.0, 1.264911, 2.720933, 4.370175, 6.38015, 8.38015, 9.324312, 9.878265, 10.26863, 10.102564, 9.751806, 8.998756, 8.205333, 7.165726, 6.216244, 5.698373, 5.522975, 5.918874, 6.888646, 8.148285, 9.433523, 10.938576, 12.45662, 13.617343, 14.516145, 14.94207, 14.717642, 11.587146, 10.153708, 8.232211, 6.022132, 4.35531, 5.432343, 5.258441, 6.024437, 7.732921, 9.624172, 11.593448, 13.200789, 14.433917, 15.045942, 14.867945, 14.154017, 13.082648, 11.741007, 10.244064, 8.656187, 7.148427, 5.983729, 5.394874, 5.749929, 7.360715, 9.562643, 12.273767, 11.073767, 9.26269, 6.6321, 3.605551, 0.0, 0.0, 0.0]"
561,"[0.0, 0.0, 0.0, 0.0, 1.019804, 2.236356, 3.848808, 5.648808, 7.459885, 8.28399, 8.964804, 9.061153, 8.969954, 8.682032, 8.179764, 7.35943, 6.450629, 5.636256, 4.961629, 4.786179, 5.050786, 6.220558, 7.385257, 8.953338, 10.29314, 11.729988, 12.760217, 13.543625, 13.817741, 13.857332, 11.078843, 9.640893, 7.92973, 5.871461, 4.046987, 5.213177, 5.537923, 6.465678, 8.339216, 10.396594, 12.392682, 13.668163, 14.889281, 15.383288, 15.447333, 14.846305, 13.964379, 12.570931, 11.183382, 9.605759, 8.04451, 6.764159, 6.219003, 6.503918, 7.712871, 9.817706, 12.505523, 11.163883, 9.266516, 6.792653, 3.687818, 0.0, 0.0, 0.0]"
562,"[0.0, 0.0, 0.0, 0.0, 1.019804, 2.434017, 4.08326, 5.980626, 8.039752, 9.079074, 9.664861, 9.859528, 9.659217, 9.297147, 8.652235, 7.93286, 7.165984, 6.488732, 6.008228, 6.050036, 6.478212, 7.190034, 8.406298, 9.606354, 10.93601, 12.200423, 13.573846, 14.442613, 15.052553, 15.074009, 12.100796, 10.550969, 8.646135, 6.514013, 4.427989, 5.644542, 5.681332, 6.52094, 8.257102, 10.364419, 12.37277, 13.929771, 15.090163, 15.659574, 15.831147, 15.406244, 14.4, 13.0, 11.412452, 9.677363, 8.008733, 6.885766, 6.485766, 6.717224, 8.120646, 10.287759, 12.898544, 11.498544, 9.654635, 6.986302, 3.687818, 0.0, 0.0, 0.0]"
563,"[0.0, 0.0, 0.0, 0.0, 1.077033, 2.600188, 4.569959, 6.629085, 8.909436, 10.095145, 10.980309, 11.136567, 10.964237, 10.296338, 9.646047, 8.518353, 7.392324, 6.582561, 6.370109, 6.357658, 6.88811, 7.927718, 9.519018, 10.982582, 12.409131, 13.822957, 14.989593, 15.52126, 15.86394, 15.665818, 12.440915, 11.274279, 9.488492, 7.10687, 5.126971, 6.146775, 5.707167, 6.492953, 8.268332, 10.419804, 12.823449, 14.675984, 15.928519, 16.584283, 16.689118, 16.129234, 15.345031, 13.932104, 12.487417, 10.796795, 9.010264, 7.341931, 6.914775, 7.103698, 8.496618, 10.825463, 14.025463, 12.413011, 10.413011, 7.605877, 4.2, 0.0, 0.0, 0.0]"
564,"[0.0, 0.0, 0.0, 0.0, 1.077033, 2.785834, 4.574688, 6.574688, 8.83743, 9.923728, 10.378258, 10.559175, 10.348029, 9.794088, 8.972398, 7.809067, 6.839296, 6.127474, 5.635226, 5.893585, 6.893585, 8.102658, 9.433944, 10.825072, 12.225072, 13.425072, 14.422244, 15.238828, 15.690559, 15.410853, 12.210853, 11.09267, 9.480219, 7.440611, 5.441427, 6.607617, 6.363465, 7.031364, 8.485424, 10.869148, 13.055569, 14.629262, 15.766512, 16.71025, 16.836514, 16.167185, 15.349583, 14.272922, 12.752687, 11.13404, 9.667311, 8.144344, 7.245624, 7.245624, 8.107036, 10.343019, 13.149283, 11.707063, 9.809696, 7.335833, 3.883298, 0.0, 0.0, 0.0]"
565,"[0.0, 0.0, 0.0, 0.0, 1.341641, 3.050442, 4.947808, 7.228159, 9.636478, 10.703156, 11.394355, 11.706061, 11.634782, 11.236438, 10.639197, 9.839197, 8.846677, 7.902516, 7.173165, 6.924138, 7.324138, 8.270917, 9.338386, 10.778056, 12.216006, 13.216006, 14.308439, 15.231822, 15.635628, 15.478162, 12.478162, 11.281524, 9.46798, 7.475251, 5.457339, 6.28196, 5.503458, 5.623288, 6.491917, 8.358021, 10.506613, 12.225988, 13.663939, 14.663939, 14.857655, 14.390434, 13.626502, 12.685628, 10.966253, 9.213183, 7.531811, 6.120364, 5.061238, 5.222834, 6.423844, 8.7615, 11.657094, 10.657094, 9.214873, 6.882493, 3.720215, 0.0, 0.0, 0.0]"
566,"[0.0, 0.0, 0.0, 0.0, 1.077033, 2.341944, 4.239311, 6.298437, 8.357563, 9.688849, 10.686679, 10.789313, 10.730187, 10.233111, 9.386842, 8.255471, 7.255471, 6.275275, 5.913225, 5.963626, 6.676164, 7.764226, 9.024773, 10.354595, 11.462437, 12.67794, 13.845643, 14.821056, 15.297893, 15.177599, 12.118188, 10.862423, 8.806659, 6.624621, 4.745731, 5.545731, 5.158183, 5.802092, 7.213539, 8.925533, 11.152083, 12.54629, 13.927285, 14.89746, 15.471015, 15.052147, 14.445487, 13.031661, 11.437869, 9.508243, 7.74909, 6.173711, 5.627545, 5.984865, 7.591113, 10.142585, 13.257507, 11.992596, 10.022825, 7.339543, 3.939543, 0.0, 0.0, 0.0]"
567,"[0.0, 0.0, 0.0, 0.0, 1.077033, 2.418674, 3.980724, 5.67778, 7.67778, 8.659873, 9.5543, 9.962022, 10.162332, 9.871133, 9.153648, 8.08377, 6.962527, 6.142193, 5.453196, 5.724007, 6.567792, 7.955332, 9.311404, 10.899281, 12.313378, 13.509647, 14.679456, 15.452595, 16.069817, 15.673857, 12.467614, 10.905645, 9.311853, 6.911571, 5.12951, 6.206543, 6.173711, 6.770331, 8.54571, 10.703841, 12.851712, 14.464083, 15.707546, 16.560082, 16.809186, 16.643695, 15.653351, 14.436884, 12.5968, 10.557589, 8.498177, 6.959499, 6.335883, 6.733406, 8.543403, 11.193061, 14.318584, 12.706132, 10.696157, 7.669608, 4.01995, 0.0, 0.0, 0.0]"
568,"[0.0, 0.0, 0.0, 0.0, 1.341641, 2.954092, 4.840889, 6.840889, 8.966918, 9.888019, 10.401596, 10.640829, 10.484738, 10.079174, 9.378482, 8.666667, 7.706828, 6.882723, 6.182062, 5.961653, 6.159891, 6.9937, 8.254247, 9.954737, 11.665964, 13.006477, 14.406477, 15.256621, 15.698605, 15.618951, 12.665987, 11.163353, 9.297769, 6.856602, 4.515843, 5.236954, 4.620212, 5.075766, 6.480685, 8.409479, 10.379094, 11.941003, 13.193751, 13.896149, 14.025625, 13.743219, 13.163426, 11.887269, 10.339467, 8.543169, 6.767306, 5.225674, 4.928618, 5.657968, 7.570675, 10.344096, 13.622986, 12.222986, 10.213011, 7.405877, 4.0, 0.0, 0.0, 0.0]"
569,"[0.0, 0.0, 0.0, 0.0, 1.216553, 2.630766, 4.430766, 6.430766, 8.440741, 9.263796, 9.889191, 9.986557, 9.883924, 9.523191, 8.939605, 8.11655, 7.238987, 6.236048, 5.586806, 5.296974, 5.536443, 6.360548, 7.554183, 9.222515, 10.919889, 12.327431, 13.588357, 14.41234, 14.717221, 14.35965, 11.496085, 10.180105, 8.434251, 6.061038, 3.837887, 4.637887, 4.263247, 4.908133, 6.544201, 9.089786, 11.316335, 12.928671, 14.124253, 14.894844, 14.873551, 14.454682, 13.428133, 12.033926, 10.243819, 8.261306, 6.100839, 4.821949, 4.623711, 5.407159, 7.143787, 10.025237, 13.024342, 11.610128, 9.610128, 7.048878, 3.720215, 0.0, 0.0, 0.0]"
570,"[0.0, 0.0, 0.0, 0.0, 1.0, 2.612452, 4.45636, 6.353727, 8.507793, 9.743861, 10.190535, 10.405753, 10.395182, 9.803166, 8.847723, 7.954787, 6.915465, 6.028669, 5.361046, 5.361046, 5.756906, 6.737102, 8.145421, 9.941719, 11.489521, 13.038741, 14.444618, 15.160399, 15.522542, 15.377396, 12.266126, 10.830021, 8.872111, 6.540354, 4.489528, 5.489528, 5.081806, 6.078946, 8.048561, 10.389319, 12.645083, 14.477146, 15.719693, 16.284732, 16.435618, 16.022388, 15.036594, 13.893459, 12.051908, 10.093999, 8.051465, 6.491674, 5.570573, 6.310425, 7.864529, 10.608538, 13.883115, 12.541475, 10.387409, 7.667115, 4.123106, 0.0, 0.0, 0.0]"
571,"[0.0, 0.0, 0.0, 0.0, 1.4, 3.012452, 4.823529, 6.667437, 8.755499, 9.414625, 9.861299, 9.770687, 9.647243, 9.279647, 8.386712, 7.404619, 6.703957, 6.003296, 5.359864, 5.914139, 6.963135, 8.35165, 10.022571, 11.788072, 13.347851, 14.662752, 15.753004, 16.462279, 16.930334, 16.435768, 12.994838, 11.393633, 9.516788, 7.054727, 5.069049, 6.525071, 6.416559, 7.129472, 9.233909, 11.833909, 13.955596, 15.9244, 17.365287, 17.956332, 17.908943, 17.493512, 16.456147, 15.120132, 13.545894, 11.473908, 9.31163, 7.391336, 6.127429, 5.878123, 7.143082, 9.254352, 12.41415, 11.337117, 9.616652, 7.071068, 3.959798, 0.0, 0.0, 0.0]"
572,"[0.0, 0.0, 0.0, 0.0, 1.16619, 2.778642, 4.665438, 6.92818, 9.336499, 10.450659, 10.897334, 10.980309, 10.687339, 9.987821, 9.230625, 8.337689, 7.216445, 6.323707, 6.02912, 6.105965, 6.739775, 8.100319, 9.630967, 11.023887, 12.430546, 13.830546, 15.021474, 15.620037, 16.037806, 15.894711, 12.694711, 11.334319, 9.542289, 7.142007, 5.126971, 6.146775, 5.719618, 6.514477, 8.49699, 10.655121, 12.891081, 14.577114, 15.666526, 16.212003, 16.310179, 15.966459, 15.336307, 14.125884, 12.58435, 11.079515, 9.187275, 7.518942, 6.450685, 6.450685, 7.458366, 9.663465, 12.668462, 11.648658, 9.837581, 7.2299, 4.004997, 0.0, 0.0, 0.0]"
573,"[0.0, 0.0, 0.0, 0.0, 1.341641, 3.130495, 5.027862, 7.115923, 9.351991, 10.418669, 10.829815, 11.132448, 11.044387, 10.818294, 10.022427, 9.038979, 7.916012, 7.082203, 6.352852, 6.302451, 6.972694, 8.131729, 9.29792, 10.523288, 11.845679, 12.958883, 13.846914, 14.638634, 15.243911, 15.050194, 12.050194, 10.812891, 9.250841, 7.139571, 5.248846, 6.143273, 5.537102, 5.975052, 7.383371, 9.274096, 11.379669, 13.099044, 14.261321, 15.01528, 15.208996, 14.892278, 14.128346, 13.202136, 11.926655, 10.322839, 8.639557, 7.203489, 5.861848, 5.255677, 6.138383, 8.138383, 10.74426, 9.849833, 8.569208, 6.405877, 3.405877, 0.0, 0.0, 0.0]"
574,"[0.0, 0.0, 0.0, 0.0, 1.2, 2.614214, 4.263456, 5.972257, 7.859053, 8.502962, 8.932657, 8.980471, 8.968727, 8.64398, 7.931442, 7.218904, 6.598881, 5.901825, 5.556327, 5.880978, 6.458408, 7.661726, 9.135589, 10.58737, 11.799681, 12.954444, 13.700642, 14.033913, 14.16558, 14.097247, 11.233683, 9.807134, 8.414214, 6.508641, 4.908641, 6.173552, 6.222794, 7.017653, 8.531544, 10.139225, 11.900864, 13.311033, 14.161372, 14.812465, 15.068349, 14.905364, 14.319815, 13.693509, 12.673705, 11.224354, 9.380594, 7.801157, 6.368052, 5.742658, 6.537517, 8.324847, 10.83042, 9.83042, 8.416206, 6.207134, 3.4, 0.0, 0.0, 0.0]"
575,"[0.0, 0.0, 0.0, 0.0, 1.280625, 2.842675, 4.812446, 6.966512, 9.246863, 10.440102, 11.311157, 11.550457, 11.406367, 11.126016, 10.463229, 9.642576, 8.775144, 8.045794, 7.460008, 7.535727, 7.982401, 9.05737, 10.460027, 11.930254, 13.096325, 14.317443, 15.181078, 15.75356, 15.980389, 15.900735, 12.620492, 11.748567, 10.054852, 8.109773, 6.156363, 7.421274, 6.80181, 7.298886, 8.465076, 10.165566, 11.900655, 13.164668, 14.505542, 15.226029, 15.369299, 15.232863, 14.779996, 13.616064, 12.532968, 11.011045, 9.14748, 7.179936, 5.838295, 4.999894, 5.658254, 7.219503, 9.842812, 8.948385, 7.817014, 5.817014, 3.255764, 0.0, 0.0, 0.0]"
576,"[0.0, 0.0, 0.0, 0.0, 1.16619, 2.72824, 4.425297, 6.269205, 8.269205, 9.339083, 9.931099, 10.322104, 10.517803, 10.167045, 9.386999, 8.574574, 7.767138, 6.89372, 6.509389, 6.702609, 7.400576, 8.553057, 10.055199, 11.702332, 12.965134, 14.087803, 14.885797, 15.448563, 15.667015, 15.533459, 12.371182, 11.026879, 9.238001, 7.127309, 5.425854, 6.706478, 6.381732, 6.939512, 8.527389, 10.574456, 12.574075, 14.417902, 15.956263, 16.742695, 16.874359, 16.567329, 15.722701, 14.447082, 12.896878, 11.083335, 9.129925, 7.588479, 6.325737, 6.043878, 6.934038, 8.867199, 11.452947, 10.452947, 8.890897, 6.558516, 3.605551, 0.0, 0.0, 0.0]"
577,"[0.0, 0.0, 0.0, 0.0, 1.216553, 2.829004, 4.838979, 7.048051, 9.284119, 10.347918, 11.076406, 11.220497, 10.800279, 10.353066, 9.685166, 8.685867, 7.731801, 7.159499, 6.712286, 6.820299, 7.478658, 8.719969, 10.223711, 11.766511, 13.32629, 14.606534, 15.770774, 16.361069, 16.707727, 16.400697, 13.120453, 11.855842, 10.068407, 7.968679, 5.889893, 7.106445, 6.474306, 7.292091, 8.76072, 10.729857, 12.744404, 14.388214, 15.399885, 16.098369, 16.146849, 15.779315, 15.095036, 13.830487, 12.240803, 10.494949, 8.479913, 6.611581, 5.68971, 5.701374, 6.661213, 8.785898, 11.391776, 10.225585, 8.50512, 6.379091, 3.405877, 0.0, 0.0, 0.0]"
578,"[0.0, 0.0, 0.0, 0.0, 1.2, 2.812452, 4.900513, 7.241453, 9.658062, 10.790443, 11.177991, 10.933839, 10.436808, 9.717255, 8.946924, 8.113114, 7.289009, 6.6451, 6.362258, 6.509009, 7.496884, 8.893689, 10.479367, 12.038367, 13.491844, 14.500056, 15.576297, 16.046383, 16.099718, 15.9441, 12.781822, 11.498045, 9.656494, 7.524372, 5.517713, 6.931927, 6.732829, 7.527688, 9.240942, 11.247601, 13.039631, 14.229656, 15.220584, 15.812903, 15.812903, 15.413793, 14.821474, 13.621474, 12.033926, 10.243819, 8.602875, 6.889622, 6.089622, 6.126412, 7.190211, 8.744314, 11.012165, 9.812165, 8.162923, 5.882572, 3.162278, 0.0, 0.0, 0.0]"
579,"[0.0, 0.0, 0.0, 0.0, 1.077033, 2.533055, 4.145506, 5.945506, 7.955482, 8.918056, 9.550096, 9.907416, 9.89627, 9.675149, 8.977182, 8.154032, 7.184261, 6.472439, 5.849775, 6.070184, 6.50233, 7.628359, 8.959645, 10.484179, 11.764663, 13.067607, 14.103855, 14.748404, 14.921243, 14.678709, 11.678709, 10.225232, 8.514006, 6.49897, 4.723591, 5.988502, 5.802856, 6.520341, 8.088422, 9.947082, 11.655385, 13.105444, 13.958362, 14.453797, 14.438848, 13.939498, 13.054345, 11.851102, 10.462213, 9.074505, 7.766832, 6.698574, 6.403987, 6.589633, 7.545077, 9.157375, 11.362474, 9.948261, 8.23946, 6.003392, 3.224903, 0.0, 0.0, 0.0]"
580,"[0.0, 0.0, 0.0, 0.0, 1.264911, 2.788066, 4.400517, 6.244426, 8.224325, 9.085443, 9.725619, 9.999964, 9.94491, 9.488165, 8.703777, 7.706636, 6.951211, 6.23939, 6.130449, 6.388808, 7.022617, 8.091247, 9.621895, 11.036108, 12.462657, 13.88756, 14.986045, 15.483199, 15.701081, 15.460209, 12.235306, 10.725676, 8.885752, 6.839443, 4.948193, 6.228817, 6.228817, 7.023032, 8.529025, 10.587563, 12.359805, 13.733229, 14.83638, 15.303601, 15.041361, 14.534078, 13.634542, 12.472265, 11.219516, 9.870432, 8.5414, 7.298462, 6.579087, 6.555678, 7.377368, 8.768497, 11.148693, 9.868068, 8.171012, 6.007681, 3.4, 0.0, 0.0, 0.0]"
581,"[0.0, 0.0, 0.0, 0.0, 1.077033, 2.600188, 4.24943, 6.060507, 8.060507, 8.983474, 9.460319, 9.611077, 9.4, 8.8, 8.2, 7.4, 6.619804, 6.096837, 5.977462, 6.139512, 6.636568, 7.596663, 8.782372, 9.910066, 10.8936, 11.887269, 12.749904, 13.207456, 13.406818, 13.367227, 10.676502, 9.622822, 8.068719, 6.309566, 4.628194, 5.628194, 5.253553, 5.736605, 6.976138, 8.492457, 9.96632, 11.22044, 12.23953, 12.782058, 13.071708, 13.030949, 12.571689, 11.714433, 10.696295, 9.282258, 7.673774, 5.911916, 4.700839, 4.16542, 4.561319, 5.900029, 8.231304, 7.631304, 6.554271, 4.94182, 2.778489, 0.0, 0.0, 0.0]"
582,"[0.0, 0.0, 0.0, 0.0, 1.414214, 3.026665, 5.026665, 7.03664, 9.076248, 9.750096, 10.225706, 10.195477, 10.082869, 9.752062, 9.120022, 8.487983, 7.718211, 7.235058, 7.049412, 7.302191, 7.905295, 8.941363, 10.033142, 11.373552, 12.71106, 13.698243, 14.693274, 15.539893, 15.781163, 15.598418, 12.552109, 11.360618, 9.716808, 7.778163, 6.195224, 7.460135, 7.020527, 7.321701, 8.364583, 9.691639, 11.426728, 13.026728, 14.216753, 15.213925, 15.812488, 15.819147, 15.426281, 14.462349, 13.067182, 11.460938, 9.474083, 7.515477, 6.079409, 5.724354, 6.212415, 8.104655, 10.708663, 9.908663, 8.452641, 6.364579, 3.452535, 0.0, 0.0, 0.0]"
583,"[0.0, 0.0, 0.0, 0.0, 0.824621, 2.041174, 3.441174, 5.041174, 6.641174, 7.616553, 8.211077, 8.423529, 8.237742, 8.051956, 7.468508, 6.657431, 6.04498, 5.455387, 4.935601, 4.719048, 4.999673, 5.561723, 6.581011, 7.812613, 8.938642, 9.920759, 10.767028, 11.331438, 11.64672, 11.579817, 9.317075, 8.521208, 7.112889, 5.392688, 3.933562, 4.758183, 4.311922, 4.754142, 5.876941, 7.40297, 9.01966, 10.461151, 11.626611, 12.390383, 12.770347, 12.835029, 12.463416, 11.644589, 10.378549, 8.872556, 6.932249, 5.096181, 4.155854, 4.376263, 5.656614, 7.933463, 11.071824, 10.223296, 8.661246, 6.380895, 3.538361, 0.0, 0.0, 0.0]"
584,"[0.0, 0.0, 0.0, 0.0, 1.341641, 2.864795, 4.762162, 6.80177, 8.811745, 9.679176, 10.156022, 10.258655, 10.019047, 9.809072, 9.2, 8.8, 8.256022, 7.979177, 7.791628, 7.753678, 8.133577, 8.803584, 9.688749, 10.637547, 11.766222, 12.759536, 13.744777, 14.309672, 14.590956, 14.620526, 11.647312, 10.699373, 9.288209, 7.7263, 6.083039, 7.299591, 6.659415, 6.984161, 7.866867, 9.231145, 10.793082, 12.222892, 13.46659, 14.349569, 14.771822, 14.779011, 14.355868, 13.379439, 12.041931, 10.520007, 8.582858, 6.653036, 5.49897, 5.352219, 6.27332, 8.253219, 11.214118, 10.214118, 8.652068, 6.389326, 3.560899, 0.0, 0.0, 0.0]"
585,"[0.0, 0.0, 0.0, 0.0, 1.2, 2.614214, 4.226665, 6.070574, 7.967941, 8.737712, 9.29327, 9.567615, 9.610502, 9.325587, 8.968267, 8.52165, 7.899765, 7.229521, 6.81707, 6.618832, 6.744919, 7.377375, 8.314888, 9.531498, 10.717284, 11.668042, 12.556353, 13.314331, 13.726149, 13.756738, 11.156738, 10.17106, 8.659016, 6.65521, 4.873149, 5.873149, 5.487363, 5.931272, 7.146258, 8.730835, 10.559262, 11.952183, 13.108274, 13.8758, 14.249828, 14.029082, 13.431021, 12.242098, 11.034964, 9.444383, 7.836702, 6.704662, 6.293585, 6.537494, 7.951531, 10.176434, 12.721555, 11.321555, 9.477646, 6.847057, 3.622154, 0.0, 0.0, 0.0]"
586,"[0.0, 0.0, 0.0, 0.0, 1.4, 3.012452, 4.823529, 6.91159, 9.065656, 9.819722, 10.266396, 10.514445, 10.31318, 10.04591, 9.680699, 9.144727, 8.541623, 8.267279, 7.980483, 8.002705, 8.519158, 9.343487, 10.071976, 11.19227, 12.293237, 13.165673, 13.990157, 14.708629, 14.994994, 14.88295, 11.970906, 10.866071, 9.406659, 7.616553, 5.816553, 6.893585, 6.307799, 6.717774, 7.909541, 9.517222, 11.466738, 13.079073, 14.324862, 15.021378, 15.325741, 15.019486, 14.522759, 13.355056, 11.899464, 10.38742, 8.68693, 7.005636, 6.182485, 6.145695, 6.954767, 8.742097, 11.118472, 9.853561, 8.241109, 6.032037, 3.224903, 0.0, 0.0, 0.0]"
587,"[0.0, 0.0, 0.0, 0.0, 1.0, 2.280625, 3.722845, 5.335297, 7.124151, 8.021518, 8.584802, 8.98649, 8.98649, 8.810087, 8.326934, 7.747937, 6.981061, 6.5348, 6.202973, 6.23098, 6.57852, 7.290342, 8.093923, 8.967364, 9.866083, 10.670241, 11.387379, 12.025289, 12.432473, 12.499852, 10.083242, 9.274306, 7.94725, 6.10711, 4.298791, 4.931247, 4.082719, 4.082719, 4.923658, 6.303557, 7.933844, 9.493634, 10.621328, 11.620528, 11.92098, 11.821569, 11.133715, 10.167617, 8.606367, 7.047127, 5.483796, 4.363331, 3.642221, 3.922845, 4.9222, 6.654581, 8.774875, 8.053765, 6.77314, 5.052675, 2.720294, 0.0, 0.0, 0.0]"
588,"[0.0, 0.0, 0.0, 0.0, 1.0, 2.16619, 3.507831, 5.157073, 6.96815, 7.76815, 8.40196, 8.660319, 8.411077, 8.0, 7.4, 6.6, 6.019804, 5.696837, 5.577462, 5.791675, 6.488732, 7.312837, 8.215703, 9.061107, 9.909635, 10.620898, 11.185308, 11.766658, 12.08194, 12.151579, 9.74326, 8.947393, 7.552334, 5.959551, 4.22717, 5.02717, 4.631271, 4.921103, 5.969941, 7.524007, 9.064947, 10.378217, 11.590527, 12.361494, 12.838017, 12.733145, 12.213298, 11.356042, 10.101923, 8.548367, 7.033409, 5.655889, 4.644812, 4.230599, 4.67672, 6.191678, 8.242504, 7.442504, 6.442504, 4.91935, 2.683282, 0.0, 0.0, 0.0]"
589,"[0.0, 0.0, 0.0, 0.0, 1.0, 2.4, 4.0, 5.811077, 7.654986, 8.552353, 8.861153, 8.784308, 8.496385, 7.994117, 7.438392, 6.946143, 6.422989, 6.099834, 6.158193, 6.429004, 7.023529, 8.063136, 8.902744, 9.783095, 10.644507, 11.266535, 11.857516, 12.425589, 12.745239, 12.671375, 10.23827, 9.407681, 8.2, 6.6, 4.92111, 5.815537, 5.23209, 5.43209, 6.23209, 7.71098, 9.224871, 10.416638, 11.447227, 12.12109, 12.394954, 12.222703, 11.853992, 11.067311, 10.2059, 8.932036, 7.695968, 6.25636, 4.859665, 4.047214, 4.247214, 5.247214, 7.447214, 7.0, 6.2, 4.8, 2.8, 0.0, 0.0, 0.0]"
590,"[0.0, 0.0, 0.0, 0.0, 1.0, 2.4, 3.814214, 5.463456, 7.172257, 7.961111, 8.447907, 8.754159, 8.666966, 8.400386, 8.053752, 7.333146, 6.689714, 6.344217, 6.101996, 6.059776, 6.506037, 7.240081, 7.867437, 8.707045, 9.543113, 10.363767, 11.183279, 11.969959, 12.530352, 12.694284, 10.261179, 9.430589, 8.2, 6.6, 4.647214, 5.279669, 4.479669, 4.279669, 4.879669, 6.232456, 7.8, 9.0, 10.2, 11.0, 11.6, 11.409975, 11.21995, 10.61995, 9.41995, 8.01995, 6.609975, 4.8, 3.4, 3.094427, 3.706879, 5.523488, 8.296702, 7.896702, 7.002274, 5.389823, 2.973214, 0.0, 0.0, 0.0]"
591,"[0.0, 0.0, 0.0, 0.0, 0.894427, 2.060618, 3.583772, 5.233014, 6.845466, 7.762116, 8.395925, 8.672771, 8.823529, 8.811077, 8.6, 8.2, 7.616553, 7.081464, 6.823104, 6.665325, 6.827375, 7.307879, 8.022866, 8.807255, 9.627776, 10.474045, 11.467714, 12.049064, 12.530716, 12.773967, 10.365648, 9.644695, 8.425086, 6.817405, 5.032523, 5.832523, 4.882555, 4.996936, 5.705737, 7.138693, 8.679633, 10.133692, 11.151533, 12.111065, 12.390105, 12.48227, 12.244474, 11.581688, 10.525807, 9.309254, 7.70077, 5.911916, 4.733294, 4.287033, 4.790946, 6.407636, 9.01329, 8.380834, 7.214644, 5.494179, 3.052868, 0.0, 0.0, 0.0]"
592,"[0.0, 0.0, 0.0, 0.0, 0.72111, 1.72111, 3.001735, 4.443956, 6.056407, 6.858452, 7.567252, 7.995428, 8.00923, 8.04602, 7.978888, 7.726109, 7.094341, 6.80451, 6.286638, 6.111241, 6.09744, 6.543561, 7.086172, 7.852167, 8.659604, 9.558323, 10.564991, 11.45619, 12.064816, 12.418066, 10.077126, 9.391213, 8.205426, 6.699434, 4.858122, 5.490578, 4.495197, 4.361609, 4.97406, 6.37406, 8.021955, 9.581746, 10.70944, 11.642573, 12.050892, 11.89657, 11.33216, 10.485891, 9.071678, 7.384469, 5.85844, 4.461745, 3.620805, 3.754345, 4.930602, 7.116279, 10.069066, 9.347955, 8.083044, 6.185678, 3.4, 0.0, 0.0, 0.0]"
593,"[0.0, 0.0, 0.0, 0.0, 1.0, 2.280625, 3.694838, 5.256888, 6.977353, 7.589805, 8.098034, 8.472675, 8.619426, 8.607762, 8.518465, 8.252765, 7.906131, 7.639551, 7.344964, 7.518865, 7.716176, 8.160752, 8.718531, 9.467648, 10.102973, 10.990189, 11.823687, 12.666221, 13.331317, 13.689661, 11.08198, 10.487715, 9.365646, 7.66859, 5.872292, 6.872292, 5.962816, 5.891593, 6.657589, 8.104101, 9.445041, 10.702352, 11.721443, 12.454665, 12.721406, 12.788785, 12.514922, 11.846589, 10.816, 9.424871, 7.91098, 6.43209, 5.43209, 5.246304, 5.87366, 7.259584, 9.565022, 8.565022, 7.150809, 5.3069, 3.026549, 0.0, 0.0, 0.0]"
594,"[0.0, 0.0, 0.0, 0.0, 1.0, 2.2, 3.416553, 4.681464, 6.023104, 6.465325, 6.707545, 6.771618, 6.92092, 6.71065, 6.549055, 6.387459, 6.273024, 6.200452, 6.410722, 6.653251, 7.081427, 7.624038, 8.179764, 8.807894, 9.438806, 9.884071, 10.591879, 11.026893, 11.337473, 11.309436, 9.15537, 8.435817, 7.51765, 6.237299, 4.935891, 5.735891, 5.255387, 5.297196, 5.946438, 7.209878, 8.690229, 9.709744, 10.686827, 11.445904, 11.557843, 11.477492, 11.241424, 10.608319, 9.8, 8.816553, 7.693585, 6.542114, 5.819147, 5.63336, 6.416808, 7.739775, 9.897906, 8.820873, 7.406659, 5.406659, 3.006659, 0.0, 0.0, 0.0]"
595,"[0.0, 0.0, 0.0, 0.0, 0.8, 2.0, 3.4, 4.8, 6.214214, 6.870236, 7.19339, 7.135031, 7.076672, 6.828649, 6.538817, 6.181853, 6.105123, 6.028393, 6.276416, 6.722678, 7.205729, 7.590061, 8.222516, 8.705669, 8.990584, 9.311114, 9.897939, 10.059699, 10.162332, 10.264966, 8.295194, 7.756182, 6.977681, 6.143872, 4.968493, 5.968493, 5.471436, 5.605025, 6.088077, 6.912698, 7.756607, 8.566582, 9.162344, 9.513101, 9.863859, 9.81995, 9.409975, 9.0, 8.4, 7.8, 7.019804, 6.314231, 5.714231, 5.579142, 5.791594, 6.582867, 8.121545, 7.121545, 5.856634, 4.244182, 2.433105, 0.0, 0.0, 0.0]"
596,"[0.0, 0.0, 0.0, 0.0, 1.0, 2.16619, 3.332381, 4.597292, 6.011505, 6.411505, 6.645315, 6.879125, 6.814214, 6.6, 6.2, 5.8, 5.4, 5.219804, 5.236356, 5.692378, 6.341621, 7.18553, 7.976803, 8.770225, 9.324178, 9.674936, 9.831027, 10.01995, 10.009975, 9.811077, 7.811077, 7.225291, 6.425291, 5.425291, 4.438835, 5.605025, 5.471436, 5.68565, 6.099863, 6.837292, 7.515011, 8.234386, 8.706969, 9.179551, 9.504298, 9.380854, 8.942904, 8.618157, 8.145575, 7.539403, 6.985129, 6.500112, 5.938062, 5.723848, 5.857437, 6.588613, 7.791931, 6.791931, 5.591931, 4.177717, 2.280351, 0.0, 0.0, 0.0]"
597,"[0.0, 0.0, 0.0, 0.0, 1.0, 2.16619, 3.431101, 4.887123, 6.499575, 7.099575, 7.533385, 7.868474, 7.812452, 7.614214, 7.214214, 6.814214, 6.414214, 6.214214, 6.016553, 6.272574, 6.781375, 7.478742, 8.366803, 9.189858, 9.773444, 10.300711, 10.811664, 11.123603, 11.283995, 11.244387, 9.008319, 8.2, 7.2, 6.0, 4.894427, 5.894427, 5.575052, 5.617273, 6.337738, 7.502436, 8.561562, 9.444268, 10.282399, 10.842285, 10.909188, 10.693971, 10.09269, 9.374389, 8.374663, 7.325667, 6.481758, 5.919708, 5.377462, 5.263027, 5.748044, 6.874073, 8.702501, 7.682697, 6.516506, 4.954456, 2.828427, 0.0, 0.0, 0.0]"
598,"[0.0, 0.0, 0.0, 0.0, 0.8, 1.8, 2.8, 3.819804, 5.036356, 5.501267, 5.842908, 6.009099, 6.155485, 6.105123, 6.006402, 5.741794, 5.595408, 5.429218, 5.263027, 5.096837, 5.236356, 5.672574, 6.321817, 7.165726, 8.205333, 9.028389, 9.808435, 10.368265, 10.724356, 10.684748, 8.64514, 8.009072, 6.8, 5.4, 3.847214, 4.479669, 3.879669, 4.279669, 5.279669, 6.832456, 8.209975, 9.446043, 10.282111, 10.762462, 10.850523, 10.928609, 10.589908, 9.768054, 8.704255, 7.616194, 6.128133, 4.796451, 4.402042, 4.585489, 5.385489, 7.185489, 9.619804, 8.6, 7.2, 5.4, 3.0, 0.0, 0.0, 0.0]"
599,"[0.0, 0.0, 0.0, 0.0, 0.824621, 1.844425, 3.109336, 4.325889, 5.542441, 6.11782, 6.498016, 6.633105, 6.616553, 6.6, 6.4, 6.2, 6.0, 6.016553, 6.081464, 6.223104, 6.364745, 6.726795, 7.072293, 7.65129, 8.30965, 8.968009, 9.56929, 10.33962, 10.912321, 11.066387, 9.066387, 8.552298, 7.43647, 6.039665, 4.734127, 5.558748, 4.909506, 5.092953, 5.685601, 6.847048, 8.222427, 9.622427, 10.622427, 11.409975, 11.8, 11.8, 11.409975, 10.622427, 9.422427, 8.222427, 6.822427, 5.259665, 4.247214, 4.047214, 4.261427, 5.501035, 7.486926, 6.886926, 5.886926, 4.472713, 2.433105, 0.0, 0.0, 0.0]"
600,"[0.0, 0.0, 0.0, 0.0, 0.848528, 1.979899, 3.260524, 4.602165, 6.125319, 6.732813, 7.015656, 7.149245, 7.221817, 7.112876, 7.071068, 6.873407, 6.724104, 6.574802, 6.502229, 6.700467, 7.096366, 7.718251, 8.340136, 8.885292, 9.436171, 10.1561, 10.775297, 11.30511, 11.759254, 11.876274, 9.543893, 8.881809, 8.077651, 6.756515, 5.476164, 6.370592, 5.791594, 5.791594, 6.582867, 7.818935, 9.160576, 10.176015, 11.093386, 11.698918, 11.879459, 12.060001, 11.838776, 11.36808, 10.660271, 9.699684, 8.499627, 7.440501, 6.181375, 5.321103, 5.145705, 5.815949, 7.321942, 6.521942, 5.673414, 4.392789, 2.505993, 0.0, 0.0, 0.0]"
601,"[0.0, 0.0, 0.0, 0.0, 0.848528, 1.848528, 3.014719, 4.27963, 5.496182, 5.847654, 6.047654, 6.081464, 5.816553, 5.6, 5.4, 5.2, 5.0, 5.216553, 5.630766, 6.243218, 6.855669, 7.455669, 7.839117, 8.024903, 8.212452, 8.4, 8.6, 8.8, 9.011077, 8.823529, 7.023529, 6.637742, 6.054295, 5.243218, 4.630766, 5.525193, 5.27717, 5.502838, 6.223303, 7.110099, 8.215672, 8.936278, 9.553184, 9.80249, 9.885465, 9.67432, 9.576378, 9.226053, 8.779436, 8.422116, 8.075482, 7.417998, 6.603625, 6.100274, 5.687822, 5.845602, 6.914231, 6.019804, 5.0, 3.8, 2.2, 0.0, 0.0, 0.0]"
602,"[0.0, 0.0, 0.0, 0.0, 1.0, 2.2, 3.416553, 4.681464, 6.123684, 6.404309, 6.484934, 6.434572, 6.169661, 5.72744, 5.295343, 4.863247, 4.591483, 4.856395, 5.312417, 5.987043, 6.750966, 7.645394, 8.267279, 8.811257, 9.132011, 9.363468, 9.554513, 9.511626, 9.232091, 9.108647, 7.264738, 6.451029, 5.60712, 4.607766, 3.711922, 4.911922, 5.145731, 5.745731, 6.624621, 7.6, 8.4, 9.009975, 9.41995, 9.631027, 9.642104, 9.453181, 9.043206, 8.633231, 8.422154, 8.211077, 7.8, 7.6, 7.264911, 6.831101, 6.511726, 6.900581, 7.736649, 6.471738, 5.305547, 4.024922, 2.236068, 0.0, 0.0, 0.0]"
603,"[0.0, 0.0, 0.0, 0.0, 1.0, 2.264911, 3.720933, 5.333385, 6.933385, 7.533385, 7.868474, 7.826665, 7.430766, 6.85057, 6.25057, 5.45057, 4.836356, 4.444425, 4.590812, 5.113966, 6.102821, 7.091675, 8.236825, 9.158696, 9.915892, 10.407389, 10.854603, 11.093903, 11.005842, 10.525491, 8.24514, 7.209072, 5.8, 4.247214, 3.079669, 4.079669, 4.279669, 5.279669, 6.832456, 8.409072, 9.64514, 10.481208, 10.961559, 11.04962, 10.737915, 10.114298, 9.27823, 8.397879, 7.709818, 7.029004, 6.681464, 6.447654, 6.179025, 5.945215, 6.184685, 6.763682, 7.83356, 6.702189, 5.535999, 4.079977, 2.236068, 0.0, 0.0, 0.0]"
604,"[0.0, 0.0, 0.0, 0.0, 0.72111, 1.72111, 2.887301, 4.152212, 5.566425, 6.457767, 7.057767, 7.291576, 7.226665, 6.812452, 6.0, 5.0, 4.047214, 3.568324, 3.462751, 3.682555, 4.538577, 5.740606, 6.728296, 7.622723, 8.572691, 9.175795, 9.526553, 9.817752, 10.154927, 9.882211, 7.823085, 6.823085, 5.388771, 3.462742, 2.048528, 2.873149, 3.13806, 4.281176, 5.87003, 7.750518, 9.206248, 10.349656, 10.766884, 11.104059, 10.784637, 10.066336, 8.824208, 7.717982, 6.391953, 5.567848, 5.082831, 5.197266, 5.739512, 6.659977, 7.526969, 8.790876, 10.295929, 8.733879, 7.013414, 5.126618, 2.785678, 0.0, 0.0, 0.0]"
605,"[0.0, 0.0, 0.0, 0.0, 0.894427, 1.97146, 3.236371, 4.692393, 6.304845, 7.010418, 7.533385, 7.668474, 7.612452, 7.2, 6.8, 6.2, 5.624621, 5.073149, 4.767576, 4.832488, 5.288509, 6.307797, 7.303178, 8.496812, 9.512252, 10.586052, 11.342143, 11.914843, 12.159163, 11.878812, 9.34899, 8.029615, 6.613006, 4.680625, 2.880625, 3.480625, 3.4, 4.0, 5.4, 7.409072, 9.242177, 10.516041, 11.196391, 11.550457, 11.238752, 10.328801, 9.07149, 7.79114, 6.037074, 4.586921, 3.863766, 3.647214, 3.863766, 4.919788, 6.369941, 7.98655, 9.669832, 8.453279, 6.997257, 5.099891, 2.683282, 0.0, 0.0, 0.0]"
606,"[0.0, 0.0, 0.0, 0.0, 0.8, 1.8, 3.0, 4.2, 5.4, 5.816553, 6.033105, 6.098016, 6.162927, 6.227838, 6.227838, 6.03109, 5.566179, 5.101267, 4.730784, 4.680421, 4.941242, 5.703292, 6.600349, 7.402978, 8.080696, 8.926101, 9.527381, 10.162706, 10.524776, 10.650638, 8.524609, 7.626189, 6.11843, 4.342146, 2.772375, 3.493485, 3.509199, 4.381634, 5.9427, 7.706031, 9.317302, 10.54267, 11.351606, 11.924306, 11.915042, 11.480027, 10.497189, 9.157387, 7.589306, 6.067695, 4.970329, 4.524207, 4.920067, 5.768595, 7.398881, 9.144465, 11.040646, 9.478596, 7.78154, 5.518798, 2.973214, 0.0, 0.0, 0.0]"
607,"[0.0, 0.0, 0.0, 0.0, 0.8, 1.8, 2.819804, 4.084715, 5.426356, 5.967997, 6.410217, 6.671038, 6.572317, 6.396867, 6.055226, 5.507433, 5.246612, 5.280421, 5.314231, 5.514231, 6.019804, 6.6, 7.2, 8.0, 8.8, 9.6, 10.4, 11.0, 11.209072, 11.24868, 9.04868, 8.104702, 6.904702, 5.49563, 4.088478, 4.982905, 4.791794, 5.300595, 6.588656, 8.29714, 10.085995, 11.327076, 12.225957, 12.579206, 12.518617, 11.835336, 11.173252, 10.007791, 8.732671, 7.45232, 6.25232, 5.302838, 5.274831, 5.670691, 6.834021, 8.540014, 10.530028, 9.115815, 7.553765, 5.390434, 2.884441, 0.0, 0.0, 0.0]"
608,"[0.0, 0.0, 0.0, 0.0, 1.077033, 2.243223, 3.805273, 5.367323, 6.929373, 7.294561, 7.570591, 7.350182, 7.129773, 6.733913, 6.457883, 6.296287, 6.235271, 6.335851, 6.611881, 7.166156, 7.72944, 8.448815, 9.006594, 9.564374, 9.969938, 10.252058, 10.660377, 10.923119, 11.20347, 11.077441, 8.951411, 8.263558, 7.443036, 6.294056, 5.31386, 6.51386, 6.193395, 6.351175, 7.219804, 8.6, 9.8, 10.8, 11.6, 12.008319, 12.016638, 11.82571, 11.236787, 10.449239, 9.24092, 8.032601, 6.843332, 6.032255, 5.419804, 5.484715, 5.933957, 7.150221, 8.680043, 7.680043, 6.415132, 4.76589, 2.529822, 0.0, 0.0, 0.0]"
609,"[0.0, 0.0, 0.0, 0.0, 1.077033, 2.341944, 3.756158, 5.356158, 6.956158, 7.479125, 7.826665, 7.826665, 7.443218, 7.043218, 6.643218, 6.230766, 6.033105, 6.272574, 6.781375, 7.290176, 7.987543, 8.859051, 9.442637, 9.969904, 10.497172, 10.808877, 11.129135, 11.289527, 11.253459, 11.217391, 9.008319, 8.2, 7.4, 6.2, 4.894427, 6.025798, 5.868019, 6.354815, 7.241611, 8.510515, 9.659495, 10.625593, 11.001538, 11.377484, 11.476895, 11.322573, 10.758163, 9.909635, 9.061107, 7.964556, 6.915559, 6.07165, 5.873989, 5.724687, 6.170948, 7.093915, 8.535226, 7.318674, 6.053763, 4.441311, 2.441311, 0.0, 0.0, 0.0]"
610,"[0.0, 0.0, 0.0, 0.0, 1.077033, 2.243223, 3.523848, 5.085898, 6.528119, 6.97424, 7.264072, 7.248358, 6.902861, 6.480444, 5.851717, 5.395695, 5.130784, 5.080421, 5.502838, 6.220862, 7.107659, 8.107659, 9.067497, 9.888019, 10.538309, 10.914254, 11.040283, 11.040283, 10.777542, 10.401596, 8.138855, 7.53598, 6.576141, 5.576141, 4.513966, 5.713966, 5.790812, 6.224621, 7.024621, 8.2, 9.2, 9.8, 10.409072, 10.619047, 10.430124, 9.842576, 9.255027, 8.445955, 7.63598, 6.824903, 6.289485, 5.677033, 5.443223, 5.508134, 6.157377, 6.924253, 8.160321, 6.99413, 5.729219, 4.079977, 2.236068, 0.0, 0.0, 0.0]"
611,"[0.0, 0.0, 0.0, 0.0, 1.2, 2.6, 4.2, 6.043909, 7.75271, 8.341564, 8.554016, 8.396236, 7.832952, 7.290342, 6.57852, 5.985873, 5.743652, 5.863027, 6.296837, 7.019804, 8.2, 9.2, 10.2, 11.0, 11.608319, 11.841424, 12.074529, 11.95488, 11.835231, 11.514973, 9.081868, 8.104785, 7.024434, 5.744083, 4.675826, 5.956451, 5.914642, 6.558551, 7.68458, 8.945127, 9.944853, 10.971951, 11.460423, 11.39352, 10.999965, 10.60641, 9.885564, 8.833808, 7.906053, 7.185447, 6.375684, 5.655219, 5.574594, 5.659776, 6.01674, 6.826503, 8.158884, 6.958884, 5.742332, 4.219177, 2.332381, 0.0, 0.0, 0.0]"
612,"[0.0, 0.0, 0.0, 0.0, 1.0, 2.280625, 3.722845, 5.335297, 7.044098, 7.69334, 8.025167, 8.182946, 7.970495, 7.461694, 6.832255, 6.114231, 5.514231, 5.245602, 5.487822, 6.188484, 7.294056, 8.420086, 9.551456, 10.371978, 11.059831, 11.340182, 11.655464, 11.725103, 11.521488, 11.08294, 8.802589, 7.702919, 6.370538, 5.15994, 4.01479, 5.21479, 5.473149, 6.073149, 7.024621, 8.2, 9.2, 9.609975, 10.01995, 10.01995, 9.61995, 9.01995, 8.409975, 7.6, 6.8, 6.277033, 5.57146, 5.17146, 5.137651, 5.354203, 5.87717, 6.782743, 8.182743, 7.016553, 5.8, 4.2, 2.4, 0.0, 0.0, 0.0]"
613,"[0.0, 0.0, 0.0, 0.0, 1.2, 2.614214, 4.137368, 5.74982, 7.31187, 7.67392, 7.701927, 7.620992, 7.174731, 6.612681, 5.89916, 5.351366, 4.92895, 4.979312, 5.579312, 6.530784, 7.845429, 9.061693, 10.319004, 11.248826, 11.865435, 12.162355, 12.43228, 12.566098, 12.316627, 11.900017, 9.394025, 8.229673, 6.699025, 5.418674, 4.438478, 5.8945, 6.341713, 7.418746, 8.835355, 10.232161, 11.117079, 11.608575, 11.73486, 11.554319, 11.177317, 10.48562, 9.728424, 8.890293, 7.93485, 7.175867, 6.868266, 6.610022, 6.582015, 6.70139, 7.231842, 7.929809, 8.945249, 7.531036, 6.131036, 4.319959, 2.280351, 0.0, 0.0, 0.0]"
614,"[0.0, 0.0, 0.0, 0.0, 1.216553, 2.558193, 4.000414, 5.69747, 7.417935, 7.813834, 8.180994, 8.261928, 7.829783, 7.374229, 6.83881, 5.978538, 5.455383, 5.455383, 5.839714, 6.802289, 8.234112, 9.763934, 11.284701, 12.588423, 13.601683, 14.321332, 14.79151, 14.848366, 14.586126, 13.941578, 10.941578, 9.503628, 7.827284, 6.156363, 4.948044, 6.597286, 7.123298, 8.48693, 10.18742, 12.046831, 13.457001, 14.395489, 14.872326, 14.959166, 14.308073, 13.457733, 12.275093, 10.977235, 9.782552, 8.816454, 7.888007, 7.385738, 7.13296, 7.320508, 7.878288, 9.005982, 10.671, 9.214978, 7.414978, 5.414978, 3.006659, 0.0, 0.0, 0.0]"
615,"[0.0, 0.0, 0.0, 0.0, 0.8, 1.8, 3.0, 4.264911, 5.606552, 6.248772, 6.690993, 6.771618, 6.638078, 6.296437, 5.854216, 5.306423, 4.850419, 4.719048, 5.119048, 5.719048, 6.624621, 7.8, 9.009072, 10.017391, 10.891254, 11.565118, 12.09494, 12.302477, 12.226539, 11.916006, 9.442143, 8.354541, 7.014965, 5.482584, 4.319253, 5.396286, 5.566517, 6.376281, 7.635407, 9.052016, 10.574983, 11.492354, 12.079421, 12.300646, 11.923644, 11.221011, 10.399989, 9.449281, 8.61115, 7.702913, 7.086172, 6.454404, 6.131249, 6.089029, 6.768735, 7.724178, 9.277734, 8.077734, 6.677734, 4.866657, 2.630589, 0.0, 0.0, 0.0]"
616,"[0.0, 0.0, 0.0, 0.0, 0.848528, 1.848528, 3.014719, 4.356359, 5.812381, 6.576305, 7.188756, 7.422566, 7.480925, 7.224903, 6.812452, 6.416553, 6.281464, 6.223104, 6.465325, 6.98579, 7.656034, 8.450249, 9.344676, 10.138523, 10.834667, 11.288811, 11.759507, 11.997303, 12.19434, 12.186049, 9.845109, 9.115287, 8.041424, 6.628123, 5.385994, 6.517365, 6.059006, 6.44786, 7.216911, 8.109846, 9.310856, 10.249566, 10.741063, 11.078238, 11.145141, 10.656669, 10.220227, 9.382097, 8.698288, 7.9139, 7.147024, 6.322919, 5.880698, 5.458282, 5.282831, 5.767848, 6.874073, 5.874073, 4.854269, 3.688079, 2.126029, 0.0, 0.0, 0.0]"
617,"[0.0, 0.0, 0.0, 0.0, 1.0, 2.2, 3.6, 5.014214, 6.537368, 7.060523, 7.302743, 7.183368, 7.049779, 6.692815, 6.335851, 5.970663, 5.906591, 6.04018, 6.486441, 7.164159, 7.931035, 8.802544, 9.542397, 10.270885, 10.843585, 11.416286, 11.834217, 12.121462, 12.060873, 11.770293, 9.353684, 8.544747, 7.384061, 6.269901, 5.163675, 6.363675, 6.266619, 6.785994, 7.619804, 9.0, 10.2, 11.2, 11.8, 12.208319, 12.017391, 11.627366, 11.027366, 10.427366, 9.619047, 9.009975, 8.4, 7.616553, 6.982743, 6.514114, 6.356334, 6.926106, 8.126162, 6.959972, 5.828601, 4.386381, 2.416609, 0.0, 0.0, 0.0]"
618,"[0.0, 0.0, 0.0, 0.0, 1.019804, 2.219804, 3.619804, 5.075826, 6.598981, 7.102331, 7.344552, 7.386772, 7.211375, 6.854411, 6.497447, 6.320137, 6.142828, 6.276416, 6.722678, 7.367564, 7.91373, 8.658794, 9.480649, 10.104265, 10.573539, 11.292284, 11.812131, 12.176063, 12.445988, 12.498018, 9.968196, 9.158839, 8.001059, 6.572099, 5.239719, 6.50463, 6.307319, 6.653953, 7.636046, 9.052655, 10.387744, 11.394412, 12.079421, 12.494158, 12.510654, 11.998715, 11.36626, 10.601197, 9.836134, 9.015481, 8.48947, 7.872728, 7.505568, 7.252789, 7.440338, 8.08736, 9.613869, 8.272228, 6.816206, 5.016206, 2.807134, 0.0, 0.0, 0.0]"
619,"[0.0, 0.0, 0.0, 0.0, 0.848528, 2.014719, 3.27963, 4.735652, 6.149865, 6.701337, 6.935147, 6.870236, 6.614214, 6.2, 6.0, 5.6, 5.616553, 5.681464, 6.137486, 6.586728, 7.23597, 7.728218, 8.307216, 8.695103, 9.085469, 9.446201, 9.946473, 10.302564, 10.658655, 10.619047, 8.609072, 8.0, 7.2, 6.0, 5.019804, 6.019804, 5.700429, 5.862479, 6.706388, 7.812613, 9.075355, 10.057471, 10.621451, 10.777542, 10.651513, 10.388771, 9.846494, 9.282515, 8.696729, 7.977353, 7.143544, 6.68799, 6.32594, 6.311726, 6.643553, 7.374729, 8.450758, 7.250758, 5.850758, 4.238307, 2.34094, 0.0, 0.0, 0.0]"
620,"[0.0, 0.0, 0.0, 0.0, 1.442221, 2.965375, 4.674176, 6.518085, 8.329162, 8.686941, 8.974864, 8.878514, 8.647057, 8.250194, 7.850194, 7.45333, 7.490121, 7.526912, 8.010065, 8.698126, 9.624852, 10.449474, 11.274095, 12.007317, 12.747683, 13.23517, 13.568441, 13.901711, 14.071122, 13.850376, 11.021949, 10.22479, 9.228733, 7.828733, 6.485963, 7.928184, 7.762117, 7.930939, 8.939258, 10.219932, 11.468436, 12.344821, 13.249363, 13.619533, 13.68163, 13.323286, 12.766322, 11.881881, 10.800449, 9.754818, 9.034889, 8.394712, 8.043955, 7.95935, 8.208377, 8.876276, 10.073416, 8.424174, 6.811722, 5.000645, 2.720294, 0.0, 0.0, 0.0]"
621,"[0.0, 0.0, 0.0, 0.0, 1.280625, 2.722845, 4.5117, 6.409066, 8.252975, 8.783427, 9.152284, 9.16343, 8.866063, 8.622154, 8.225291, 7.828427, 7.484449, 7.407604, 7.528069, 8.113855, 8.862972, 9.848262, 10.932788, 11.990812, 12.7693, 13.558934, 14.163932, 14.529465, 14.66302, 14.712959, 11.759994, 10.949753, 9.625781, 8.055378, 6.507576, 7.949796, 7.422529, 7.927353, 9.115534, 10.620587, 12.041931, 13.286095, 14.01647, 14.371089, 14.193092, 13.770839, 12.981205, 11.885618, 10.524332, 9.372673, 8.331362, 7.582245, 7.316545, 7.513855, 8.037732, 8.763761, 10.040273, 8.517118, 6.796653, 4.816754, 2.690725, 0.0, 0.0, 0.0]"
622,"[0.0, 0.0, 0.0, 0.0, 1.264911, 2.606552, 4.219003, 5.939468, 7.501518, 7.933664, 8.154073, 7.983842, 7.705597, 7.585768, 7.169336, 6.738657, 6.577062, 6.476482, 6.557416, 7.174158, 8.130848, 9.191163, 10.190462, 11.267308, 12.053223, 12.918126, 13.461627, 14.120687, 14.211412, 14.073715, 11.12075, 10.216208, 8.778258, 7.352444, 6.00686, 7.656102, 7.57357, 8.35246, 9.617371, 11.329415, 12.739584, 13.868767, 14.534486, 15.004664, 14.89262, 14.233208, 13.406659, 12.439608, 11.08885, 9.812005, 8.854225, 8.216275, 7.789119, 8.109648, 8.674555, 9.665439, 10.931817, 9.319365, 7.349593, 5.261532, 2.828427, 0.0, 0.0, 0.0]"
623,"[0.0, 0.0, 0.0, 0.0, 1.16619, 2.689345, 4.2125, 5.861742, 7.672819, 8.317706, 8.594551, 8.671396, 8.622154, 8.423529, 8.212452, 7.826665, 7.640879, 7.496901, 7.407604, 7.596458, 8.241371, 9.063225, 10.113196, 11.273323, 12.348033, 13.26212, 13.938096, 14.491515, 14.834783, 14.5789, 11.605686, 10.703617, 9.256657, 7.68613, 6.359073, 7.921123, 7.970274, 8.774432, 10.001692, 11.674031, 13.274259, 14.495377, 15.202868, 15.4928, 15.368262, 14.751569, 13.879644, 12.881573, 11.795156, 10.755583, 9.82245, 9.014131, 8.500554, 8.511124, 8.958338, 9.787197, 11.071638, 9.459187, 7.56182, 5.325752, 2.884441, 0.0, 0.0, 0.0]"
624,"[0.0, 0.0, 0.0, 0.0, 0.72111, 1.615537, 2.83209, 4.048642, 5.448642, 6.127532, 6.633105, 6.616553, 6.6, 6.2, 5.8, 5.4, 5.2, 5.019804, 5.284715, 5.740737, 6.263892, 6.972692, 7.850255, 8.673405, 9.497734, 10.448443, 11.370231, 12.080546, 12.392484, 12.512134, 10.03827, 9.007681, 7.6, 6.219804, 4.714231, 5.880421, 5.803576, 6.39243, 7.431753, 9.145006, 10.69911, 12.01849, 12.92036, 13.406818, 13.207456, 12.895481, 12.178976, 11.185308, 10.201773, 9.235675, 8.092267, 7.166238, 6.869182, 6.763154, 7.109787, 8.080944, 9.564226, 8.164226, 6.708204, 4.91935, 2.683282, 0.0, 0.0, 0.0]"
625,"[0.0, 0.0, 0.0, 0.0, 1.077033, 2.418674, 3.860894, 5.422944, 7.12, 7.763433, 8.034243, 8.204474, 7.984065, 7.62865, 7.249825, 6.917999, 6.719761, 6.658745, 6.759325, 7.030135, 7.636307, 8.281219, 9.332975, 10.332066, 11.160925, 11.835379, 12.466978, 12.963024, 13.082962, 13.249332, 10.688083, 10.056484, 8.670277, 7.240398, 5.798908, 7.213121, 6.753995, 7.311775, 8.580404, 10.021895, 11.414815, 12.643242, 13.506806, 13.775139, 13.641321, 13.36401, 12.815933, 11.991977, 11.167553, 10.306141, 9.376319, 8.510182, 7.812215, 7.382519, 7.332118, 7.791244, 8.883023, 7.541382, 6.127169, 4.565119, 2.505993, 0.0, 0.0, 0.0]"
626,"[0.0, 0.0, 0.0, 0.0, 1.2, 2.614214, 4.263456, 6.05231, 7.772775, 8.29324, 8.576083, 8.341054, 7.966414, 7.660162, 7.071068, 6.540202, 6.390899, 6.432708, 6.667737, 7.380275, 8.302145, 9.378174, 10.263092, 11.21385, 12.053223, 12.74365, 13.287151, 13.788745, 13.73433, 13.459367, 10.680878, 9.640346, 8.359862, 7.155919, 6.161813, 7.97289, 8.168589, 9.039644, 10.328593, 11.721513, 12.910436, 13.877487, 14.470932, 14.668769, 14.492225, 14.122814, 13.524474, 12.697925, 11.879473, 11.288491, 10.745963, 10.235011, 9.921807, 9.911832, 9.852123, 10.044413, 10.925535, 9.038739, 7.038739, 5.05884, 2.778489, 0.0, 0.0, 0.0]"
627,"[0.0, 0.0, 0.0, 0.0, 0.894427, 1.97146, 3.236371, 4.650585, 6.250585, 6.956158, 7.479125, 7.614214, 7.416553, 7.016553, 6.416553, 5.816553, 5.416553, 5.277033, 5.418674, 5.941828, 6.730683, 7.700454, 8.964361, 9.903071, 10.660268, 11.304518, 11.767852, 11.835231, 11.75488, 11.674529, 9.241424, 8.408319, 7.2, 6.019804, 4.819804, 5.985994, 5.998446, 6.857572, 8.170149, 9.61146, 11.006519, 12.084792, 12.571251, 12.647189, 12.331907, 11.896686, 11.049871, 10.066336, 9.270469, 8.667594, 8.190807, 7.95935, 7.9973, 7.984848, 8.074145, 8.32227, 8.863884, 7.263884, 5.663884, 4.051433, 2.154066, 0.0, 0.0, 0.0]"
628,"[0.0, 0.0, 0.0, 0.0, 1.264911, 2.788066, 4.400517, 6.097574, 7.941482, 8.397036, 8.486333, 8.397036, 8.041621, 7.539353, 6.985078, 6.503997, 6.147033, 6.147033, 6.594247, 7.397828, 8.502525, 9.752944, 10.917296, 11.736123, 12.486645, 13.093111, 13.504929, 13.689661, 13.64323, 13.364247, 10.521713, 9.413751, 8.003651, 6.608591, 5.383833, 6.983833, 7.273343, 8.401037, 9.842528, 11.425975, 12.825975, 13.822659, 14.440889, 14.661636, 14.492225, 13.92533, 12.928646, 11.912072, 10.927553, 10.194331, 9.730997, 9.607818, 9.597843, 9.733833, 10.116818, 10.479427, 11.371119, 9.371119, 7.39122, 5.11087, 2.778489, 0.0, 0.0, 0.0]"
629,"[0.0, 0.0, 0.0, 0.0, 1.0, 2.2, 3.614214, 5.137368, 6.74982, 7.470285, 7.832335, 7.832335, 7.723394, 7.242313, 6.521848, 5.854225, 5.459816, 5.245602, 5.514231, 6.114231, 7.019804, 8.2, 9.4, 10.6, 11.607681, 12.415362, 13.078926, 13.347259, 13.277081, 13.086009, 10.478328, 9.323565, 7.920143, 6.390321, 4.773712, 5.773712, 5.479125, 6.058122, 7.320864, 9.066449, 10.786743, 11.98021, 12.743982, 12.813621, 12.327163, 11.665995, 10.778779, 9.585311, 8.533556, 7.81607, 6.973497, 6.653032, 6.638818, 6.970645, 7.278246, 7.95906, 8.713126, 7.313126, 5.700675, 4.051433, 2.154066, 0.0, 0.0, 0.0]"
630,"[0.0, 0.0, 0.0, 0.0, 1.077033, 2.418674, 3.860894, 5.422944, 7.12, 7.886876, 8.265701, 8.435932, 8.486333, 8.130918, 7.453199, 6.732734, 6.01471, 5.422062, 5.280421, 5.514231, 6.325308, 7.440856, 8.630124, 9.838443, 11.038443, 12.0345, 12.831659, 13.451014, 13.711027, 13.64085, 10.833716, 9.735383, 8.248596, 6.404885, 4.596173, 5.4906, 5.237821, 5.740089, 7.195819, 9.004531, 10.895782, 12.303324, 13.142696, 13.368338, 13.170897, 12.444345, 11.369636, 10.209509, 8.920068, 7.80424, 6.822147, 6.313917, 6.232983, 6.539585, 7.166942, 8.523014, 10.105953, 8.663733, 7.140578, 5.296669, 2.863564, 0.0, 0.0, 0.0]"
631,"[0.0, 0.0, 0.0, 0.0, 1.0, 2.2, 3.614214, 5.263456, 6.972257, 7.761111, 8.281576, 8.429412, 8.34222, 7.914044, 7.405815, 6.68535, 5.947921, 5.185871, 4.982279, 5.043295, 5.76376, 6.939139, 8.30247, 9.557817, 10.823858, 11.786674, 12.650238, 13.460121, 13.848035, 13.908686, 11.225405, 10.172918, 8.416256, 6.417073, 4.381195, 5.400999, 5.113077, 5.793891, 7.413721, 9.501559, 11.34532, 12.650592, 13.581653, 14.047846, 13.935233, 13.280741, 12.462289, 11.283104, 9.931993, 8.490502, 7.28143, 6.348488, 5.915798, 5.915798, 6.719379, 8.225372, 10.101303, 8.884751, 7.428729, 5.458957, 2.952965, 0.0, 0.0, 0.0]"
632,"[0.0, 0.0, 0.0, 0.0, 1.131371, 2.411996, 3.854216, 5.466668, 7.175469, 7.888007, 8.451291, 8.820147, 8.820147, 8.723798, 8.294103, 7.666746, 6.932702, 6.451621, 6.119795, 6.047222, 6.53947, 7.616503, 8.826072, 10.145447, 11.667371, 13.089065, 14.097277, 14.918615, 15.442715, 15.407577, 12.277082, 11.240834, 9.49277, 7.53486, 5.506433, 6.672623, 6.108644, 6.67433, 8.053724, 9.944449, 11.902358, 13.340308, 14.522687, 15.02997, 15.117734, 14.499627, 13.832008, 12.390195, 10.899377, 9.401513, 7.972554, 6.640173, 6.261349, 6.113512, 6.676796, 8.041074, 10.041074, 8.699434, 7.28522, 5.441311, 3.0, 0.0, 0.0, 0.0]"
633,"[0.0, 0.0, 0.0, 0.0, 0.824621, 1.844425, 3.060978, 4.460978, 5.860978, 6.45057, 7.080008, 7.319478, 7.3755, 7.240411, 7.091108, 6.46167, 6.005648, 5.56943, 5.198946, 5.065406, 5.459816, 6.303724, 7.127829, 8.359431, 9.636379, 10.76775, 11.766375, 12.642761, 13.29522, 13.392894, 10.84731, 9.902142, 8.523489, 6.46611, 4.592573, 5.487, 5.031854, 5.57701, 7.01923, 8.892768, 10.861905, 12.392898, 13.479315, 14.228028, 14.44233, 14.052629, 13.167476, 12.091629, 10.70274, 9.263071, 7.955398, 6.88714, 6.254685, 6.520385, 7.57214, 9.184439, 11.493298, 10.228387, 8.439533, 6.107152, 3.328663, 0.0, 0.0, 0.0]"
634,"[0.0, 0.0, 0.0, 0.0, 0.848528, 2.014719, 3.180909, 4.52255, 5.978572, 6.586066, 7.032327, 7.28035, 7.338709, 7.282687, 7.026665, 6.434017, 6.096837, 5.863027, 5.743652, 5.957866, 6.500112, 7.423079, 8.256888, 9.256614, 10.40365, 11.532325, 12.374859, 13.217394, 13.821484, 13.943516, 11.252791, 10.380028, 9.149946, 7.54613, 5.757275, 6.957275, 6.636746, 7.063902, 8.063628, 9.837534, 11.501098, 12.878405, 13.845456, 14.571765, 14.903432, 14.839868, 14.213319, 13.415731, 12.220149, 10.869391, 9.411032, 8.142403, 7.456486, 7.25786, 7.808618, 9.074658, 11.149531, 9.626376, 8.013925, 5.813925, 3.206244, 0.0, 0.0, 0.0]"
635,"[0.0, 0.0, 0.0, 0.0, 0.848528, 1.979899, 3.260524, 4.602165, 6.125319, 6.926033, 7.443905, 7.775731, 8.046542, 8.135839, 7.90081, 7.468121, 7.12058, 6.849769, 6.403508, 6.551345, 7.031848, 7.610846, 8.249104, 9.345656, 10.191925, 11.040453, 12.039078, 12.94362, 13.459367, 13.651048, 11.105464, 10.350991, 9.175351, 7.738503, 6.138503, 7.215536, 6.327474, 6.231125, 6.89946, 8.108532, 9.63918, 11.046861, 12.241543, 13.059995, 13.481512, 13.347695, 13.020364, 12.252838, 11.073654, 9.857278, 8.599967, 7.396649, 6.523232, 6.1389, 6.568596, 7.588111, 9.339505, 8.173315, 6.908404, 5.064495, 2.828427, 0.0, 0.0, 0.0]"
636,"[0.0, 0.0, 0.0, 0.0, 0.824621, 1.844425, 3.060978, 4.460978, 5.860978, 6.636356, 7.016553, 7.2, 7.2, 7.0, 6.6, 6.4, 6.0, 5.8, 5.816553, 5.881464, 6.204618, 6.993473, 7.582327, 8.252571, 9.046786, 9.759699, 10.387454, 11.128422, 11.715489, 12.089468, 9.8534, 9.236791, 8.306968, 7.033105, 5.494427, 6.215537, 5.435341, 5.447793, 6.05887, 7.174418, 8.886413, 10.340472, 11.257843, 12.046766, 12.4534, 12.256363, 11.752271, 11.011303, 10.060545, 9.05815, 8.022082, 7.05231, 6.157883, 5.508641, 5.617582, 6.387353, 7.803963, 6.909535, 5.909535, 4.386381, 2.416609, 0.0, 0.0, 0.0]"
637,"[0.0, 0.0, 0.0, 0.0, 1.077033, 2.243223, 3.523848, 4.938062, 6.500112, 7.03553, 7.481791, 7.542807, 7.470235, 7.249825, 6.803564, 6.357303, 6.147033, 5.936763, 5.936763, 6.293727, 6.836338, 7.602334, 8.625029, 9.624328, 10.442113, 11.333312, 12.119227, 12.74365, 13.123004, 13.343314, 10.743314, 10.039932, 8.958499, 7.51883, 5.782201, 6.802005, 6.163747, 6.187156, 7.069862, 8.686552, 10.445237, 12.05656, 13.382405, 14.265383, 14.60975, 14.361083, 13.749058, 12.856815, 11.59936, 10.426134, 9.310525, 8.135776, 7.198262, 6.809408, 7.040865, 7.967592, 9.774615, 8.558063, 7.158063, 5.314154, 2.973214, 0.0, 0.0, 0.0]"
638,"[0.0, 0.0, 0.0, 0.0, 0.824621, 2.024621, 3.241174, 4.697196, 6.153218, 6.941048, 7.183269, 7.408937, 7.233539, 6.943708, 6.497447, 6.132259, 5.709842, 5.429218, 5.47958, 5.5783, 5.957289, 6.646286, 7.543653, 8.481166, 9.557195, 10.575037, 11.534569, 12.465629, 12.919244, 13.185985, 10.712122, 10.083397, 8.669183, 7.261502, 5.374932, 6.269359, 5.685773, 6.082636, 7.118704, 8.830699, 10.604605, 12.060627, 13.222764, 13.959909, 14.390368, 14.405317, 13.729341, 12.725899, 11.461486, 10.012135, 8.528854, 7.369819, 6.814261, 6.717912, 7.27347, 8.547333, 10.382344, 8.96813, 7.355679, 5.385907, 2.912044, 0.0, 0.0, 0.0]"
639,"[0.0, 0.0, 0.0, 0.0, 0.565685, 1.414214, 2.414214, 3.491247, 4.756158, 5.407025, 5.775049, 5.975049, 6.098016, 5.833105, 5.616553, 5.2, 4.632456, 4.153566, 4.002094, 4.002094, 4.543735, 5.434434, 6.502178, 7.540446, 8.599572, 9.421262, 10.339419, 11.111814, 11.633337, 11.854561, 9.691231, 8.862371, 7.467312, 5.780103, 4.132208, 4.932208, 4.396789, 4.57224, 5.639984, 7.243596, 8.860205, 10.312994, 11.501176, 12.186185, 12.383222, 12.202681, 11.712466, 10.831886, 9.814045, 8.645851, 7.409783, 6.264602, 5.61536, 5.359338, 5.743669, 6.897735, 8.723602, 7.723602, 6.523602, 4.87436, 2.720294, 0.0, 0.0, 0.0]"
640,"[0.0, 0.0, 0.0, 0.0, 0.824621, 1.844425, 3.044425, 4.244425, 5.644425, 6.234017, 6.430766, 6.495677, 6.37271, 5.992514, 5.402922, 4.986369, 4.721458, 4.644425, 4.644425, 5.036356, 5.692378, 6.401179, 7.10998, 8.178237, 9.049746, 9.874075, 10.795863, 11.717652, 12.03791, 12.349848, 10.069497, 9.238908, 8.008319, 6.6, 4.832456, 5.553566, 4.830599, 4.886621, 5.73053, 7.186135, 8.994847, 10.517814, 11.661792, 12.417883, 12.835815, 12.638374, 12.0975, 11.286354, 10.209509, 8.968427, 7.852599, 6.793473, 6.024422, 5.501267, 5.678577, 6.431796, 7.937789, 6.917985, 5.917985, 4.475764, 2.505993, 0.0, 0.0, 0.0]"
641,"[0.0, 0.0, 0.0, 0.0, 1.019804, 2.236356, 3.636356, 5.036356, 6.636356, 7.229004, 7.426665, 7.243218, 7.108129, 6.724681, 6.132034, 5.71782, 5.501267, 5.436356, 5.436356, 6.029004, 6.678246, 7.522155, 8.361763, 9.381278, 10.201932, 11.160371, 11.924143, 12.484535, 13.048467, 13.015362, 10.407681, 9.611077, 8.623529, 7.023529, 5.44815, 6.44815, 5.917698, 5.917698, 6.604494, 7.943203, 9.384515, 10.665139, 11.743413, 12.402201, 12.784454, 12.605885, 12.024534, 11.313708, 10.488589, 9.505055, 8.583954, 7.681088, 6.701189, 5.980724, 5.495707, 5.716116, 6.765112, 5.765112, 4.765112, 3.688079, 2.126029, 0.0, 0.0, 0.0]"
642,"[0.0, 0.0, 0.0, 0.0, 0.848528, 1.742955, 3.007866, 4.224419, 5.624419, 6.175891, 6.481464, 6.416553, 6.2, 5.8, 5.4, 5.0, 4.624621, 4.644425, 4.721458, 4.986369, 5.642391, 6.526571, 7.404133, 8.224467, 9.047617, 9.679657, 10.403961, 10.914913, 11.217547, 11.329485, 9.241424, 8.608319, 7.4, 6.2, 4.824621, 5.545731, 4.822764, 5.145919, 5.934773, 7.169278, 8.780549, 9.983867, 10.741063, 11.232559, 11.299462, 11.247433, 10.967082, 10.407196, 9.84731, 9.333733, 8.395022, 7.414826, 6.894361, 6.1937, 5.922889, 6.301714, 7.690229, 6.490229, 5.470425, 4.128784, 2.408319, 0.0, 0.0, 0.0]"
643,"[0.0, 0.0, 0.0, 0.0, 1.264911, 2.720933, 4.333385, 5.933385, 7.744462, 8.188351, 8.44113, 8.351833, 8.093474, 7.547308, 7.103418, 6.61117, 6.502229, 6.574802, 7.109891, 7.64498, 8.428427, 9.214214, 10.2, 10.808319, 11.416638, 12.047227, 12.51556, 12.835854, 13.213213, 13.404894, 10.774305, 10.165098, 9.233658, 7.904002, 6.520555, 7.934768, 7.398797, 7.398797, 8.178843, 9.468283, 10.65407, 11.730915, 12.662355, 13.146581, 13.17041, 13.044274, 12.724625, 12.34527, 11.779042, 11.218992, 10.533983, 9.866083, 9.087193, 8.375348, 8.054819, 8.275939, 9.263488, 7.701438, 6.259217, 4.609975, 2.6, 0.0, 0.0, 0.0]"
644,"[0.0, 0.0, 0.0, 0.0, 0.894427, 2.060618, 3.474831, 4.917052, 6.440206, 7.001801, 7.291633, 7.093972, 6.868304, 6.545149, 6.108931, 5.729942, 5.590422, 5.54006, 5.620685, 6.162931, 6.782954, 7.54983, 8.38364, 9.266346, 10.036677, 10.672001, 11.244701, 11.661311, 12.027802, 11.931489, 9.599108, 8.993576, 7.991181, 6.677911, 5.441843, 6.441843, 5.895677, 6.130706, 6.81152, 7.965586, 9.382195, 10.533893, 11.390644, 11.825658, 12.003973, 11.750694, 11.220881, 10.503743, 9.880163, 9.197024, 8.646145, 8.159349, 7.770495, 7.261694, 7.068474, 7.176487, 8.056838, 6.656838, 5.456838, 4.000816, 2.280351, 0.0, 0.0, 0.0]"
645,"[0.0, 0.0, 0.0, 0.0, 0.8, 1.8, 3.2, 4.614214, 6.070236, 6.79339, 7.316545, 7.358765, 7.110742, 6.820911, 6.463946, 6.017825, 5.595408, 5.429218, 5.463027, 5.696837, 6.219804, 7.0, 8.0, 8.8, 9.6, 10.4, 11.207681, 11.83827, 12.312134, 12.641956, 10.241956, 9.604046, 8.315098, 6.918267, 5.188445, 6.013066, 5.043295, 4.982279, 5.467296, 6.647195, 7.948603, 9.228954, 10.28071, 11.051041, 11.130268, 11.063364, 10.571868, 9.851939, 8.961778, 8.316866, 7.538365, 6.643938, 6.031486, 5.589266, 5.439963, 5.868139, 7.032838, 6.032838, 5.032838, 3.767927, 2.059126, 0.0, 0.0, 0.0]"
646,"[0.0, 0.0, 0.0, 0.0, 0.824621, 2.041174, 3.441174, 4.841174, 6.441174, 7.229004, 7.661694, 7.526605, 7.391516, 7.056427, 6.521008, 5.89157, 5.626659, 5.561748, 5.496837, 6.019804, 6.8, 7.8, 8.8, 9.8, 10.4, 11.0, 11.4, 11.608319, 11.841424, 11.921775, 9.521775, 9.019141, 8.319623, 7.103071, 5.82272, 6.82272, 6.002386, 5.735806, 6.239719, 7.239719, 8.403049, 9.489347, 10.379507, 10.991423, 11.227491, 11.123286, 10.74881, 10.303225, 9.413065, 8.619218, 7.691462, 6.902608, 5.910239, 5.268019, 4.825798, 5.036068, 6.095194, 5.200767, 4.400767, 3.400767, 2.059126, 0.0, 0.0, 0.0]"
647,"[0.0, 0.0, 0.0, 0.0, 0.632456, 1.457077, 2.673629, 4.073629, 5.473629, 6.441174, 7.030766, 7.270236, 7.135147, 6.81218, 6.289213, 5.894803, 5.438781, 5.17387, 5.096837, 5.236356, 5.829004, 6.672913, 7.712521, 8.948589, 10.140355, 10.936223, 11.692314, 12.252706, 12.616638, 12.641424, 10.233105, 9.477014, 8.526256, 7.142809, 5.509704, 6.334325, 5.490416, 5.121798, 5.467296, 6.511205, 7.666483, 8.646382, 9.491786, 10.055765, 10.211856, 10.075866, 9.658017, 9.094038, 8.248634, 7.414824, 6.737105, 5.999677, 5.237627, 4.557002, 4.285239, 4.399673, 5.418961, 4.618961, 4.018961, 3.124534, 1.843909, 0.0, 0.0, 0.0]"
648,"[0.0, 0.0, 0.0, 0.0, 0.8, 1.6, 2.6, 3.816553, 5.081464, 5.623104, 6.103729, 6.384354, 6.299172, 6.165632, 5.823991, 5.543367, 4.983852, 4.677102, 4.345731, 4.545731, 4.945731, 5.824621, 6.6, 7.8, 8.8, 9.609072, 10.24514, 11.119004, 11.459944, 11.229715, 9.020643, 8.397026, 7.264804, 5.943668, 4.773896, 5.598517, 5.152256, 5.252836, 5.845484, 6.93228, 7.994455, 8.715061, 9.331966, 9.778641, 9.680699, 9.582757, 9.308412, 8.861738, 8.244832, 7.736603, 7.079119, 6.466668, 5.748643, 5.106423, 4.625798, 4.660618, 5.273069, 4.378642, 3.578642, 2.778642, 1.612452, 0.0, 0.0, 0.0]"
649,"[0.0, 0.0, 0.0, 0.0, 0.632456, 1.457077, 2.657077, 3.857077, 5.257077, 6.024621, 6.812452, 7.026665, 7.282687, 7.296901, 7.113453, 6.717554, 6.503341, 6.247319, 6.033105, 6.016553, 6.016553, 6.465795, 6.974596, 7.862657, 8.750718, 10.008029, 10.989376, 12.087709, 12.799648, 13.311586, 10.837723, 10.416206, 9.209072, 7.609072, 6.009072, 6.903499, 5.694427, 5.436068, 5.84852, 6.907646, 8.345599, 9.78691, 10.886581, 11.71544, 11.936665, 11.884635, 11.569353, 10.971951, 10.09269, 9.254559, 8.315849, 7.266853, 6.222944, 5.460894, 4.913101, 4.852085, 5.661848, 4.861848, 4.061848, 3.167421, 1.886796, 0.0, 0.0, 0.0]"
650,"[0.0, 0.0, 0.0, 0.0, 0.4, 1.0, 1.8, 2.8, 3.8, 4.419804, 4.896837, 5.17387, 5.250903, 5.14533, 5.202559, 5.019953, 4.767541, 4.51513, 4.620702, 4.543669, 4.849242, 5.224621, 5.8, 6.4, 7.2, 8.0, 9.2, 10.208319, 10.88867, 11.42961, 9.42961, 8.916406, 7.950308, 6.74699, 5.230671, 6.030671, 5.038302, 4.762272, 5.127459, 6.302838, 7.666169, 9.00781, 10.258228, 11.156948, 11.497888, 11.675497, 11.52749, 10.95479, 10.511217, 9.879078, 8.879778, 7.957907, 7.008426, 5.93568, 5.426879, 5.69769, 6.767568, 5.873141, 5.04852, 3.84852, 2.236068, 0.0, 0.0, 0.0]"
651,"[0.0, 0.0, 0.0, 0.0, 0.8, 1.624621, 2.701654, 3.778687, 4.944877, 5.144877, 5.320256, 5.243223, 5.16619, 5.131371, 5.411996, 5.692621, 5.973245, 6.25387, 6.56472, 6.726316, 6.887911, 6.948927, 7.009943, 7.090877, 7.357457, 7.812604, 8.559024, 9.453451, 10.262677, 10.834227, 8.936861, 8.828699, 8.313096, 7.26134, 5.980989, 6.80561, 5.825711, 5.305246, 5.438835, 6.282744, 7.49773, 8.706802, 10.114483, 11.30027, 12.056361, 12.616753, 12.807681, 12.6, 12.0, 11.2, 10.2, 9.2, 7.8, 6.52111, 5.615537, 5.471559, 6.111167, 5.111167, 4.390057, 3.49563, 2.039608, 0.0, 0.0, 0.0]"
652,"[0.0, 0.0, 0.0, 0.0, 0.6, 1.4, 2.4, 3.419804, 4.439608, 4.916641, 5.011068, 4.905495, 4.780118, 4.654742, 4.472136, 4.654742, 4.780118, 5.150602, 5.712197, 6.159411, 6.424019, 6.927369, 7.004099, 6.889718, 7.004099, 7.11848, 7.492692, 8.048418, 8.676549, 9.383857, 7.927836, 8.010368, 7.675051, 6.985905, 5.953945, 6.848372, 5.668473, 5.106423, 5.025798, 5.294427, 6.211077, 7.411077, 8.611077, 9.611077, 10.411077, 10.8, 11.009072, 10.809072, 10.420149, 9.832601, 9.232601, 8.423529, 7.623529, 6.637073, 6.024621, 5.590812, 5.979666, 4.779666, 3.955045, 2.955045, 1.788854, 0.0, 0.0, 0.0]"
653,"[0.0, 0.0, 0.0, 0.0, 0.894427, 1.914231, 3.114231, 4.514231, 5.914231, 6.219804, 6.416553, 6.433105, 6.052909, 5.652909, 5.652909, 5.636356, 5.819804, 6.2, 6.8, 7.212452, 7.624903, 7.874145, 8.123388, 8.17263, 8.371255, 8.569881, 8.960246, 9.350612, 9.789431, 10.214422, 8.403345, 8.250533, 7.772975, 7.127135, 6.057257, 7.077061, 6.390265, 6.228215, 6.185994, 6.819804, 7.809975, 8.809975, 9.609975, 10.409975, 10.809975, 11.0, 11.0, 11.0, 10.8, 10.6, 10.2, 9.6, 8.8, 8.016553, 7.182743, 6.944793, 7.508124, 6.108124, 4.891571, 3.725381, 2.163331, 0.0, 0.0, 0.0]"
654,"[0.0, 0.0, 0.0, 0.0, 0.72111, 1.545731, 2.565535, 3.765535, 4.965535, 5.444425, 5.639608, 5.639608, 5.459412, 5.084033, 4.903837, 4.903837, 5.084033, 5.264229, 5.839608, 6.432255, 7.024903, 7.668812, 8.312721, 8.75663, 9.041545, 9.32646, 9.570612, 9.880769, 10.200191, 10.466155, 8.568789, 8.324636, 7.867627, 6.984921, 5.98778, 7.064813, 6.240708, 5.743652, 5.863027, 6.296837, 7.019804, 8.0, 8.8, 9.6, 10.2, 10.4, 10.2, 10.2, 9.8, 9.4, 9.0, 8.6, 7.8, 7.019804, 6.385994, 6.200208, 6.687004, 5.487004, 4.4672, 3.30101, 1.886796, 0.0, 0.0, 0.0]"
655,"[0.0, 0.0, 0.0, 0.0, 0.565685, 1.460113, 2.537146, 3.802057, 5.21627, 6.050585, 6.556158, 6.879125, 7.014214, 6.8, 6.6, 6.4, 6.2, 6.2, 6.6, 7.0, 7.4, 8.0, 8.4, 8.8, 9.4, 10.0, 10.4, 11.008319, 11.441424, 11.477492, 9.277492, 9.165553, 8.466035, 7.741731, 6.919876, 8.319876, 7.631815, 7.523014, 7.426665, 7.661694, 8.105603, 8.549512, 8.989119, 9.416276, 9.777009, 9.943075, 10.109141, 9.88061, 9.652079, 9.254556, 8.893823, 8.33987, 7.793704, 7.05966, 6.447208, 6.062877, 6.219307, 4.954396, 3.877363, 2.877363, 1.612452, 0.0, 0.0, 0.0]"
656,"[0.0, 0.0, 0.0, 0.0, 0.8, 1.8, 3.0, 4.216553, 5.481464, 6.023104, 6.364745, 6.606966, 6.832634, 6.848347, 6.787332, 6.726316, 6.726316, 6.726316, 6.887911, 7.049507, 7.381334, 7.825909, 8.270485, 8.828265, 9.549375, 10.100254, 10.493809, 11.015331, 11.42365, 11.54067, 9.37734, 9.260319, 8.738797, 8.050943, 7.332642, 8.894692, 8.293411, 7.848835, 7.740822, 7.701927, 7.848677, 8.256399, 8.78395, 9.407566, 10.12048, 10.470805, 10.56016, 10.649514, 10.300242, 9.784639, 9.337965, 8.62048, 7.826265, 7.156021, 6.435556, 6.164745, 6.543569, 5.278658, 4.062106, 3.062106, 1.720465, 0.0, 0.0, 0.0]"
657,"[0.0, 0.0, 0.0, 0.0, 0.4, 1.0, 1.8, 2.6, 3.6, 4.2, 4.6, 4.819804, 5.236356, 5.452909, 5.669461, 5.934372, 6.131121, 6.131121, 6.131121, 6.131121, 6.082763, 6.280424, 6.519893, 6.759363, 7.192052, 7.624742, 8.054437, 8.686477, 9.384521, 9.971346, 8.322104, 8.478195, 8.234043, 7.642027, 6.968009, 8.30965, 7.574561, 6.947204, 6.585154, 6.423104, 6.481464, 6.816553, 7.4, 8.0, 8.6, 9.2, 9.6, 9.8, 9.811077, 9.423529, 8.837742, 8.054295, 7.054295, 5.843218, 4.951876, 4.614696, 4.854165, 3.854165, 3.254165, 2.533055, 1.456022, 0.0, 0.0, 0.0]"
658,"[0.0, 0.0, 0.0, 0.0, 0.6, 1.2, 2.0, 2.824621, 3.649242, 4.069046, 4.546079, 4.823112, 5.075524, 5.327936, 5.385165, 5.649773, 5.91438, 6.178988, 6.544176, 6.909363, 7.009943, 7.110523, 7.330932, 7.330932, 7.330932, 7.501163, 7.945739, 8.270485, 8.828265, 9.386044, 7.773592, 8.012825, 7.969938, 7.690403, 7.252453, 8.666667, 7.821262, 7.143544, 6.500112, 6.154614, 5.956953, 6.090542, 6.536803, 7.270847, 8.093902, 8.916958, 9.590805, 10.066415, 10.22511, 9.974356, 9.5472, 8.80078, 7.789751, 6.61998, 5.431125, 4.667202, 4.767782, 3.690749, 2.890749, 2.290749, 1.442221, 0.0, 0.0, 0.0]"
659,"[0.0, 0.0, 0.0, 0.0, 0.824621, 1.719048, 2.613476, 3.779666, 4.911037, 5.217786, 5.603984, 5.990182, 5.955362, 6.104616, 6.25387, 6.387459, 6.668884, 7.099563, 7.380988, 7.662413, 7.968665, 8.12708, 8.177482, 8.335897, 8.494312, 8.494312, 8.773847, 9.161395, 9.773311, 10.288914, 8.568449, 8.65651, 8.553877, 8.065405, 7.285359, 8.741381, 7.99496, 7.539814, 7.257955, 7.363983, 7.605017, 7.960433, 8.362121, 8.64398, 9.08193, 9.510903, 9.793746, 10.075866, 10.211856, 10.055765, 9.773645, 9.355796, 8.791817, 7.943289, 6.993807, 6.149898, 5.8044, 4.242351, 3.11098, 2.216553, 1.216553, 0.0, 0.0, 0.0]"
660,"[0.0, 0.0, 0.0, 0.0, 0.6, 1.424621, 2.501654, 3.667844, 4.799215, 5.47984, 5.935844, 6.025001, 6.025001, 6.059821, 5.945386, 5.830952, 5.945386, 6.059821, 6.45568, 7.009955, 7.56423, 8.170401, 8.776572, 9.101319, 9.26765, 9.433981, 9.606311, 9.778641, 10.04591, 10.31318, 8.426384, 8.406866, 8.158817, 7.617202, 7.075588, 8.53161, 7.833643, 7.584616, 7.534214, 7.618819, 8.006706, 8.644964, 9.208943, 9.772922, 10.201895, 10.484016, 10.630146, 10.630146, 10.630146, 10.630146, 10.348026, 10.065905, 9.501926, 8.656522, 7.530493, 6.486584, 5.842675, 4.280625, 3.0, 2.0, 1.2, 0.0, 0.0, 0.0]"
661,"[0.0, 0.0, 0.0, 0.0, 0.6, 1.4, 2.4, 3.419804, 4.496837, 5.063027, 5.543652, 5.824277, 6.085098, 6.139436, 6.25387, 6.104616, 5.990182, 5.875747, 5.910567, 5.971583, 6.363367, 6.809628, 7.530234, 8.250839, 8.795995, 9.436171, 10.10407, 10.497625, 10.87357, 11.267125, 9.103794, 8.882569, 8.322684, 7.340567, 6.474429, 7.755054, 6.862119, 6.597676, 6.773073, 7.202768, 7.961751, 8.883622, 9.515661, 10.213705, 10.339568, 10.269732, 10.079037, 9.888342, 9.443077, 9.122548, 8.802018, 8.360674, 7.67986, 6.971059, 6.321817, 5.749607, 5.707799, 4.491247, 3.491247, 2.491247, 1.414214, 0.0, 0.0, 0.0]"
662,"[0.0, 0.0, 0.0, 0.0, 0.565685, 1.414214, 2.414214, 3.491247, 4.756158, 5.604686, 6.156158, 6.556158, 6.879125, 7.014214, 7.0, 7.0, 6.8, 6.6, 6.416553, 6.233105, 6.289127, 6.612282, 7.309648, 8.247162, 9.184675, 10.069593, 11.020302, 11.791268, 12.244883, 12.690817, 10.349877, 10.076014, 9.417656, 8.409975, 7.009975, 8.029779, 6.995969, 6.400208, 6.362258, 7.006167, 8.112392, 9.35452, 10.348626, 11.194895, 11.631337, 11.785658, 11.503369, 11.09505, 10.53064, 9.812339, 8.946202, 8.234386, 7.311419, 6.487314, 5.925264, 5.677241, 5.983492, 4.906459, 3.886655, 2.886655, 1.720465, 0.0, 0.0, 0.0]"
663,"[0.0, 0.0, 0.0, 0.0, 0.447214, 1.079669, 2.099473, 3.119277, 4.319277, 5.072063, 5.839608, 6.219804, 6.6, 6.8, 7.0, 7.0, 7.0, 7.0, 7.0, 7.0, 7.0, 7.014214, 7.263456, 7.707365, 8.395426, 9.275777, 10.335427, 11.354517, 12.317742, 13.029681, 10.74933, 10.675467, 10.017109, 9.021052, 7.621052, 8.621052, 7.387243, 6.791481, 6.422624, 6.909421, 8.145489, 9.311679, 10.505146, 11.78322, 12.587149, 13.041805, 13.400149, 13.338053, 12.743788, 11.750119, 10.621445, 9.09691, 7.628359, 6.30233, 5.605273, 5.605273, 6.719434, 5.642401, 4.842401, 3.842401, 2.280351, 0.0, 0.0, 0.0]"
664,"[0.0, 0.0, 0.0, 0.0, 0.282843, 0.565685, 1.012899, 1.578584, 2.14427, 2.709955, 3.275641, 3.828427, 4.262742, 4.863247, 5.180909, 5.498571, 5.664762, 5.741794, 5.652637, 5.652637, 5.652637, 5.652637, 5.741794, 5.796132, 5.910567, 6.186597, 6.740872, 7.41859, 8.267118, 9.112523, 7.670302, 8.008963, 7.873855, 7.349978, 6.300982, 7.195409, 5.857393, 4.948592, 4.49257, 4.615537, 5.32111, 6.4, 7.6, 8.6, 9.409975, 9.81995, 10.059558, 10.099166, 9.748408, 9.152647, 8.342671, 7.303064, 5.863456, 5.062742, 4.725561, 5.174803, 6.262865, 5.662865, 4.814337, 3.737304, 2.088061, 0.0, 0.0, 0.0]"
665,"[0.0, 0.0, 0.0, 0.0, 0.6, 1.4, 2.2, 3.2, 4.2, 4.8, 5.2, 5.6, 5.816553, 6.033105, 6.049658, 6.114569, 6.17948, 6.227838, 6.467308, 6.77391, 7.032153, 7.223264, 7.414375, 7.414375, 7.503672, 7.592969, 8.146922, 8.899972, 9.724301, 10.45279, 8.840338, 9.162744, 8.953672, 8.370377, 7.471658, 8.637848, 7.325271, 6.325271, 5.828215, 5.650905, 6.193516, 7.071078, 8.15914, 9.195208, 10.338616, 11.038134, 11.340767, 11.452706, 11.216638, 10.408319, 9.4, 8.4, 7.219804, 5.940914, 5.417947, 5.473969, 6.313577, 5.293773, 4.572663, 3.49563, 2.039608, 0.0, 0.0, 0.0]"
666,"[0.0, 0.0, 0.0, 0.0, 0.447214, 1.079669, 1.879669, 2.679669, 3.679669, 4.232456, 4.8, 5.2, 5.6, 5.8, 6.0, 6.0, 6.0, 6.0, 6.0, 6.0, 6.0, 6.2, 6.4, 6.6, 7.0, 7.4, 7.8, 8.409975, 9.219047, 9.707109, 8.107109, 8.366235, 7.968711, 7.201859, 6.279988, 7.299792, 6.240666, 5.628215, 5.402547, 5.501267, 6.004618, 6.713419, 7.610786, 8.482294, 9.256991, 9.743812, 10.035011, 9.948721, 9.46066, 8.821052, 8.011077, 7.22763, 6.31098, 5.559508, 5.424419, 5.638632, 6.461688, 5.567261, 4.718732, 3.453821, 2.039608, 0.0, 0.0, 0.0]"
667,"[0.0, 0.0, 0.0, 0.0, 0.6, 1.4, 2.4, 3.6, 4.816553, 5.481464, 5.847654, 6.128279, 6.208904, 6.272976, 6.139436, 6.104616, 5.955362, 5.955362, 5.840928, 6.151777, 6.632858, 7.113939, 7.622168, 8.342774, 8.78735, 9.174898, 9.562447, 9.899622, 10.275567, 10.651513, 8.651513, 8.538309, 8.201134, 7.550844, 6.568727, 7.568727, 6.758964, 6.186662, 5.97421, 6.293585, 7.093585, 7.816553, 8.609975, 9.419047, 10.055115, 10.294723, 10.338632, 10.226023, 9.666194, 9.042577, 8.417183, 7.773274, 6.875907, 6.121092, 5.922854, 6.229106, 7.192437, 6.192437, 5.298009, 3.883796, 2.163331, 0.0, 0.0, 0.0]"
668,"[0.0, 0.0, 0.0, 0.0, 0.565685, 1.414214, 2.414214, 3.580404, 4.922045, 5.812381, 6.576305, 7.188756, 7.622566, 7.880925, 8.024903, 8.012452, 8.0, 7.814214, 7.628427, 7.677669, 7.726912, 7.835712, 8.1303, 8.613453, 8.933982, 9.438806, 10.070945, 10.891966, 11.662932, 12.300842, 10.146776, 10.205836, 9.676014, 8.607681, 7.6, 8.816553, 7.493585, 6.77421, 6.588424, 6.708889, 7.379133, 8.3021, 9.147504, 9.85932, 10.401596, 10.777542, 11.040283, 11.040283, 10.914254, 10.495421, 9.646893, 8.515522, 7.214114, 5.814114, 4.864633, 4.89264, 5.761269, 4.936648, 4.336648, 3.442221, 2.0, 0.0, 0.0, 0.0]"
669,"[0.0, 0.0, 0.0, 0.0, 0.72111, 1.72111, 2.887301, 4.301514, 5.863564, 6.584674, 6.926315, 7.101766, 7.143574, 7.037546, 7.051348, 7.232861, 7.414375, 7.481508, 7.367127, 7.523556, 7.612853, 7.810164, 8.007474, 8.552629, 8.940178, 9.491057, 10.102973, 10.888501, 11.684986, 12.284986, 10.121655, 10.025342, 9.529325, 8.65712, 7.513142, 8.778053, 7.708176, 6.978825, 6.609969, 6.766398, 7.290342, 8.093923, 9.049366, 9.843213, 10.563143, 11.106669, 11.300228, 11.227491, 10.835332, 10.200007, 9.429677, 8.432536, 7.093827, 5.849918, 4.873972, 4.592547, 5.270265, 4.445644, 3.845644, 3.124534, 1.843909, 0.0, 0.0, 0.0]"
670,"[0.0, 0.0, 0.0, 0.0, 0.72111, 1.569638, 2.569638, 3.834549, 5.290571, 5.983675, 6.535147, 6.935147, 7.070236, 7.014214, 6.8, 6.6, 6.4, 6.216553, 6.081464, 6.404618, 6.727773, 7.140224, 7.712526, 8.23647, 8.772441, 9.485354, 10.289512, 11.100658, 11.841625, 12.256363, 10.020295, 9.812758, 9.023835, 7.908226, 6.650915, 7.817106, 6.608033, 5.963147, 6.004955, 6.437645, 7.311062, 8.35067, 9.464831, 10.482672, 11.307293, 11.797508, 12.09884, 12.159429, 11.655337, 10.970328, 9.963661, 8.699754, 7.158814, 5.636256, 4.741828, 4.674696, 5.685724, 4.885724, 4.43851, 3.544083, 2.088061, 0.0, 0.0, 0.0]"
671,"[0.0, 0.0, 0.0, 0.0, 0.72111, 1.72111, 2.852481, 4.018671, 5.360312, 6.095224, 6.509438, 6.778067, 7.011876, 7.070236, 7.014214, 6.8, 6.616553, 6.433105, 6.298016, 6.162927, 6.486082, 7.058384, 7.630686, 8.335546, 9.306703, 9.937614, 10.565369, 11.117455, 11.428034, 11.625071, 9.471005, 9.254396, 8.713456, 7.833105, 6.616553, 7.782743, 6.714114, 6.194739, 6.40719, 6.979492, 7.872428, 8.800183, 9.851939, 10.571868, 11.115394, 11.497579, 11.718804, 11.549754, 11.217373, 10.728902, 9.729811, 8.615651, 7.45232, 6.25232, 5.574601, 5.829437, 6.925988, 5.925988, 5.125988, 3.959798, 2.262742, 0.0, 0.0, 0.0]"
672,"[0.0, 0.0, 0.0, 0.0, 0.8, 1.819804, 2.985994, 4.266619, 5.680833, 6.323053, 6.915701, 7.272665, 7.448062, 7.489871, 7.312561, 6.965021, 6.518899, 6.229067, 5.904416, 5.92013, 6.09744, 6.740872, 7.461477, 8.493437, 9.493163, 10.612193, 11.720155, 12.675893, 13.232856, 13.458498, 10.897248, 10.222887, 9.089154, 7.53505, 6.029057, 7.24561, 6.491544, 6.582743, 7.616553, 9.016553, 10.407681, 11.63827, 12.46886, 12.937192, 13.011056, 12.933197, 12.643548, 12.249026, 11.620301, 10.957515, 10.027693, 9.086753, 8.373839, 7.776452, 7.809284, 8.489635, 9.809929, 8.286774, 6.844554, 5.000645, 2.720294, 0.0, 0.0, 0.0]"
673,"[0.0, 0.0, 0.0, 0.0, 1.019804, 2.434017, 4.034017, 5.845094, 7.689003, 8.566566, 9.122124, 9.58125, 9.656969, 9.699857, 9.689286, 9.43998, 8.904008, 8.726013, 8.488459, 8.214114, 8.304726, 8.781572, 9.272771, 10.023529, 11.011077, 12.0, 13.206244, 14.231147, 15.129632, 15.691909, 12.891909, 12.102274, 10.847143, 9.257459, 7.509395, 8.774306, 8.078162, 8.10839, 8.807909, 10.236229, 11.971318, 13.303721, 14.528624, 15.073269, 15.094299, 14.957864, 14.410989, 13.422154, 12.80157, 11.938006, 11.054341, 10.110398, 9.397484, 8.714346, 8.514346, 8.770515, 10.036892, 8.513737, 6.864495, 5.064495, 2.828427, 0.0, 0.0, 0.0]"
674,"[0.0, 0.0, 0.0, 0.0, 1.0, 2.16619, 3.689345, 5.338587, 7.348562, 8.348562, 9.192347, 9.679168, 10.069533, 9.903467, 9.747376, 9.386643, 8.989119, 8.549512, 8.318054, 8.123388, 8.371512, 8.913126, 9.654066, 10.571437, 11.452017, 12.466694, 13.417463, 14.135935, 14.812357, 15.488778, 12.576734, 11.880218, 10.860415, 9.266622, 7.276931, 8.557556, 7.711287, 7.730805, 8.559664, 10.063406, 11.782781, 13.476495, 14.528639, 15.060542, 15.182782, 14.873507, 14.163327, 13.314799, 12.467614, 11.62508, 10.821152, 9.984368, 9.334078, 8.8205, 8.469742, 8.737012, 9.813889, 8.201437, 6.588986, 4.939744, 2.785678, 0.0, 0.0, 0.0]"
675,"[0.0, 0.0, 0.0, 0.0, 0.72111, 1.72111, 2.887301, 4.343323, 5.955774, 6.834664, 7.434664, 7.868474, 7.812452, 7.6, 7.2, 6.8, 6.4, 6.2, 6.016553, 6.272574, 6.781375, 7.290176, 7.987543, 8.925056, 9.809974, 10.630995, 11.396058, 12.129281, 12.775215, 13.034275, 10.504453, 10.030589, 9.0, 7.4, 5.624621, 6.473149, 5.63934, 5.651791, 6.510917, 8.018677, 9.61146, 11.135994, 12.214268, 12.845866, 12.921804, 12.606523, 11.895697, 11.048881, 10.078621, 9.282754, 8.612746, 8.047061, 7.803152, 7.682687, 7.881313, 8.513352, 9.440078, 7.840078, 6.240078, 4.429001, 2.34094, 0.0, 0.0, 0.0]"
676,"[0.0, 0.0, 0.0, 0.0, 1.019804, 2.284715, 3.726935, 5.423992, 7.144457, 7.913507, 8.357397, 8.371198, 8.088356, 7.632802, 7.108858, 6.477091, 6.187259, 6.05367, 6.202973, 6.500112, 7.266988, 7.944706, 8.79011, 9.638639, 10.484908, 11.049318, 11.925703, 12.519968, 12.763219, 12.771509, 10.36319, 9.540263, 8.275991, 6.936188, 5.519579, 6.596612, 6.113459, 6.457437, 7.500319, 8.908638, 10.462194, 11.911545, 12.831839, 13.343061, 13.464564, 13.174915, 12.399412, 11.523026, 10.613809, 9.883987, 9.143047, 8.667437, 8.472771, 8.450548, 8.537344, 9.217695, 10.166493, 8.517251, 6.728397, 4.841601, 2.56125, 0.0, 0.0, 0.0]"
677,"[0.0, 0.0, 0.0, 0.0, 1.077033, 2.519253, 4.081303, 5.925212, 7.812009, 8.704747, 9.159893, 9.441752, 9.247086, 8.972741, 8.458991, 7.826536, 7.324268, 7.117246, 7.066844, 7.307879, 8.022866, 8.943967, 9.764489, 10.748023, 11.741692, 12.604327, 13.341585, 14.131711, 14.449691, 14.358966, 11.516432, 10.604493, 9.260426, 7.738503, 6.269874, 7.534785, 7.095966, 7.198242, 8.065673, 9.564892, 11.128408, 12.34273, 13.443697, 14.020302, 14.175391, 13.687903, 12.978405, 12.154423, 11.179822, 9.994144, 9.253204, 8.748381, 8.36912, 8.346897, 8.633694, 9.442013, 10.483495, 8.774694, 6.98584, 5.099044, 2.690725, 0.0, 0.0, 0.0]"
678,"[0.0, 0.0, 0.0, 0.0, 0.894427, 2.060618, 3.474831, 5.036881, 6.649333, 7.404148, 7.8872, 8.085438, 7.923388, 7.710936, 7.261694, 6.829004, 6.293585, 6.059776, 5.940401, 6.302451, 6.782954, 7.68582, 8.645659, 9.645385, 10.524646, 11.435271, 12.233861, 12.791113, 13.231057, 13.263609, 10.655928, 9.721348, 8.494088, 6.850827, 5.508335, 6.585368, 6.197481, 6.552536, 7.711571, 9.013305, 10.604605, 11.93426, 12.908861, 13.272793, 13.256297, 13.004574, 12.188668, 11.300357, 10.349599, 9.53299, 8.71638, 8.35906, 8.170495, 8.310107, 8.873437, 9.553788, 10.661631, 8.95283, 7.163976, 5.000645, 2.720294, 0.0, 0.0, 0.0]"
679,"[0.0, 0.0, 0.0, 0.0, 0.894427, 2.060618, 3.402258, 4.85828, 6.470732, 7.176305, 7.610114, 7.868474, 7.812452, 7.614214, 7.428427, 7.028427, 6.628427, 6.428427, 6.214214, 6.214214, 6.470236, 6.919478, 7.616844, 8.504906, 9.564556, 10.582397, 11.563744, 12.274058, 12.985997, 12.920453, 10.446589, 9.825975, 8.830746, 7.430746, 6.238979, 7.40517, 6.957244, 7.041849, 7.485758, 8.531947, 9.911341, 10.910541, 11.933779, 12.697551, 13.04249, 12.829286, 12.431368, 11.711073, 10.800449, 9.889824, 9.119493, 8.398383, 7.921538, 7.680503, 7.595899, 7.833849, 8.591628, 7.068474, 5.612452, 4.0, 2.2, 0.0, 0.0, 0.0]"
680,"[0.0, 0.0, 0.0, 0.0, 0.72111, 1.798143, 3.063054, 4.675506, 6.287957, 7.366847, 8.089814, 8.624903, 8.612452, 8.6, 8.4, 8.0, 7.6, 7.4, 7.2, 7.014214, 7.070236, 7.379036, 7.876403, 8.446174, 9.44857, 10.409157, 11.486034, 12.500712, 13.359367, 13.742758, 11.326149, 10.740471, 9.628427, 8.2, 6.4, 7.4, 6.36619, 6.178642, 6.748413, 7.984481, 9.490474, 11.044578, 12.152421, 12.743899, 13.06908, 12.971407, 12.377142, 11.656847, 10.816063, 10.043668, 9.344149, 8.674142, 8.088356, 7.767891, 7.179036, 6.926258, 7.25909, 5.844876, 4.444876, 3.244876, 1.788854, 0.0, 0.0, 0.0]"
681,"[0.0, 0.0, 0.0, 0.0, 0.8, 1.8, 3.016553, 4.281464, 5.623104, 6.265325, 6.827375, 7.025036, 7.174338, 7.246911, 7.218904, 7.071068, 7.071068, 6.937479, 6.80389, 6.731318, 6.658745, 6.767686, 7.195862, 7.812604, 8.510571, 9.449281, 10.342735, 11.139927, 11.962855, 12.613972, 10.333621, 10.043041, 9.257513, 7.817844, 6.127119, 7.146923, 6.220894, 5.900429, 6.430881, 7.440856, 8.621052, 9.621052, 10.421052, 10.809975, 11.0, 11.0, 10.8, 10.6, 10.2, 9.8, 9.4, 9.0, 8.4, 7.816553, 6.91098, 6.11098, 5.775891, 4.375891, 3.159338, 2.264911, 1.264911, 0.0, 0.0, 0.0]"
682,"[0.0, 0.0, 0.0, 0.0, 0.824621, 1.824621, 3.024621, 4.424621, 5.824621, 6.414214, 6.870236, 7.19339, 7.135031, 7.076672, 7.004099, 6.812988, 6.554744, 6.478015, 6.352926, 6.425499, 6.560588, 6.895677, 7.430766, 8.014214, 8.6, 9.4, 10.407681, 11.215362, 12.083695, 12.613517, 10.413517, 9.864962, 8.869733, 7.54304, 6.033022, 7.033022, 5.9937, 5.64616, 5.827673, 6.777641, 7.931707, 9.192254, 10.207694, 10.96489, 11.08318, 10.968722, 10.585737, 10.202753, 9.631203, 9.440508, 9.298267, 9.109701, 8.668357, 8.036589, 6.98775, 5.915005, 5.406204, 3.950182, 2.873149, 2.024621, 1.2, 0.0, 0.0, 0.0]"
683,"[0.0, 0.0, 0.0, 0.0, 0.848528, 2.129153, 3.571373, 5.183825, 6.892626, 7.888007, 8.418459, 8.787315, 8.974864, 9.066063, 9.022154, 8.811077, 8.4, 8.0, 7.614214, 7.463456, 7.572257, 7.881057, 8.450829, 9.272683, 10.04005, 10.931249, 11.942743, 12.885015, 13.675496, 14.066021, 11.466021, 10.945727, 9.833683, 8.207134, 6.419804, 7.419804, 6.500429, 6.420894, 6.90769, 8.168237, 9.729487, 10.857181, 11.6823, 12.341088, 12.606322, 12.307814, 12.025524, 11.760291, 11.378037, 10.995783, 10.792168, 10.552935, 10.061438, 9.421262, 8.672145, 8.013019, 7.738674, 5.94982, 4.426665, 3.012452, 1.612452, 0.0, 0.0, 0.0]"
684,"[0.0, 0.0, 0.0, 0.0, 0.6, 1.6, 2.8, 4.2, 5.8, 6.849242, 7.498485, 7.821639, 8.034091, 8.046542, 8.009752, 7.80273, 7.721796, 7.450985, 6.915566, 6.519667, 6.477447, 6.435226, 6.693585, 7.616553, 8.609072, 9.409072, 10.409072, 11.609072, 12.437499, 12.702291, 10.502291, 10.256356, 9.068808, 7.505292, 5.831429, 6.431429, 5.277363, 4.945536, 5.242675, 6.422574, 8.085315, 9.493634, 10.774259, 11.773459, 12.234871, 12.13546, 11.727141, 11.165892, 10.301698, 9.557443, 8.956162, 8.398383, 7.663294, 6.966238, 6.469182, 6.363154, 6.629734, 5.364823, 4.364823, 3.164823, 1.708801, 0.0, 0.0, 0.0]"
685,"[0.0, 0.0, 0.0, 0.0, 0.824621, 2.041174, 3.455387, 5.055387, 6.655387, 7.430766, 7.814214, 8.012452, 8.024903, 8.074145, 8.123388, 8.17263, 8.209421, 8.011183, 7.776154, 7.726912, 7.677669, 7.628427, 7.826665, 8.25636, 8.744422, 9.424773, 10.493105, 11.709081, 12.865172, 13.577111, 11.29676, 10.864495, 9.879977, 8.492428, 6.892428, 7.71705, 6.480982, 6.079293, 6.255696, 6.942492, 8.281202, 9.722513, 10.841542, 11.613938, 12.13546, 12.234871, 12.056302, 11.757794, 11.322573, 10.758163, 10.107873, 9.186772, 8.140583, 7.214554, 6.784858, 6.784858, 7.443218, 6.226665, 5.026665, 3.612452, 2.0, 0.0, 0.0, 0.0]"
686,"[0.0, 0.0, 0.0, 0.0, 0.72111, 1.72111, 2.852481, 4.414531, 6.026983, 7.094727, 7.883581, 8.461011, 8.607762, 8.704111, 8.564499, 8.424887, 8.365328, 8.30577, 8.30577, 8.179682, 8.142891, 8.214114, 8.285337, 8.420445, 8.87719, 9.52748, 10.069756, 10.75761, 11.633995, 12.337378, 10.074636, 10.152835, 9.588425, 8.517373, 7.099002, 8.099002, 6.652489, 5.828384, 5.579142, 5.914231, 6.714231, 8.019804, 9.2, 10.009072, 10.618144, 11.054212, 11.134563, 10.778472, 10.466767, 9.906937, 9.085082, 7.804731, 6.960822, 5.784566, 5.135324, 5.244265, 5.953066, 4.953066, 4.231955, 3.231955, 1.708801, 0.0, 0.0, 0.0]"
687,"[0.0, 0.0, 0.0, 0.0, 0.894427, 1.894427, 3.025798, 4.306423, 5.918874, 6.547602, 7.256403, 7.774274, 8.142891, 8.142891, 8.232188, 8.135839, 7.90081, 7.665782, 7.509352, 7.546143, 7.456846, 7.565787, 7.940428, 8.371202, 8.781086, 9.421262, 10.4041, 11.121239, 11.764265, 12.179002, 10.015671, 9.709678, 9.203686, 8.273863, 7.016553, 7.91098, 6.559508, 5.636541, 5.301452, 5.734142, 6.737081, 8.042619, 9.382195, 10.623277, 11.306415, 11.741429, 11.750694, 11.497416, 10.878219, 10.15829, 9.16755, 8.26913, 7.3058, 6.419003, 6.071463, 6.172043, 6.907132, 5.707132, 4.707132, 3.442221, 2.0, 0.0, 0.0, 0.0]"
688,"[0.0, 0.0, 0.0, 0.0, 0.824621, 1.844425, 3.244425, 4.644425, 6.244425, 7.032255, 7.661694, 7.910936, 8.034091, 7.957245, 7.867948, 7.560347, 7.176016, 6.917772, 6.61117, 6.488015, 6.546375, 6.881464, 7.416553, 8.2, 9.0, 9.8, 10.6, 11.4, 12.030589, 12.304453, 10.104453, 9.858519, 9.047373, 7.681695, 6.207831, 7.007831, 5.748193, 5.090709, 5.387848, 6.231757, 7.694499, 9.20839, 10.638269, 11.51753, 12.114933, 12.184572, 11.835379, 11.333255, 10.504395, 9.625134, 8.573378, 7.680443, 6.886228, 6.673776, 6.711726, 7.242178, 8.312056, 7.047145, 5.647145, 4.047145, 2.236068, 0.0, 0.0, 0.0]"
689,"[0.0, 0.0, 0.0, 0.0, 0.72111, 1.72111, 2.852481, 4.266695, 5.828745, 6.720086, 7.332537, 7.724321, 8.018908, 8.165659, 8.20245, 8.04602, 7.978888, 7.534998, 6.992388, 6.62377, 6.448373, 6.434572, 6.692815, 7.235426, 7.852167, 8.725608, 9.789381, 10.873907, 11.726356, 12.374574, 10.220508, 9.714515, 8.719286, 7.324226, 5.344327, 5.944327, 4.768948, 4.322687, 4.768948, 6.090059, 7.549185, 9.141173, 10.574983, 11.492354, 12.079421, 12.256363, 11.879361, 10.928604, 9.854803, 8.722581, 7.617884, 6.472703, 6.040013, 5.983991, 6.242351, 7.120955, 8.634847, 7.418294, 6.018294, 4.418294, 2.408319, 0.0, 0.0, 0.0]"
690,"[0.0, 0.0, 0.0, 0.0, 0.632456, 1.457077, 2.351504, 3.517694, 4.683885, 5.332054, 5.921646, 6.441433, 6.689456, 6.937479, 7.071068, 7.218904, 7.218904, 7.085315, 7.085315, 6.951727, 6.555867, 6.218687, 5.957866, 5.743652, 6.063027, 6.896837, 8.019804, 9.408319, 10.682182, 11.612004, 9.612004, 9.47113, 8.624861, 7.431623, 5.534256, 5.934256, 4.440816, 3.955799, 4.016815, 5.173214, 7.009282, 8.775977, 10.140255, 11.359864, 11.979328, 12.006002, 11.799651, 11.202248, 10.203049, 9.208943, 8.112392, 7.006167, 6.162258, 5.677241, 5.825077, 6.502796, 7.891311, 6.891311, 5.814278, 4.252228, 2.408319, 0.0, 0.0, 0.0]"
691,"[0.0, 0.0, 0.0, 0.0, 1.019804, 2.284715, 3.626356, 4.967997, 6.410217, 6.952463, 7.249602, 7.470011, 7.825427, 8.080262, 8.215269, 8.350275, 8.485281, 8.485281, 8.485281, 8.485281, 8.485281, 8.350275, 8.095439, 8.010835, 8.022579, 8.479589, 9.258479, 10.416258, 11.487088, 12.498582, 10.344516, 10.266317, 9.510226, 8.388995, 6.800071, 7.694499, 6.431757, 5.787848, 5.640012, 6.157883, 7.351517, 8.631868, 9.864973, 10.883864, 11.642941, 11.963199, 12.082848, 11.849743, 11.416638, 10.808319, 10.0, 8.8, 7.816553, 6.71098, 5.805407, 5.421959, 5.821959, 4.605407, 3.71098, 2.816553, 1.6, 0.0, 0.0, 0.0]"
692,"[0.0, 0.0, 0.0, 0.0, 0.848528, 1.979899, 3.260524, 4.702744, 6.225899, 7.086172, 7.604043, 7.97266, 8.179682, 8.30577, 8.209421, 8.209421, 8.209421, 8.209421, 8.209421, 8.246211, 8.246211, 8.30577, 8.365328, 8.424887, 8.673011, 9.082895, 9.790703, 10.681903, 11.446965, 12.180188, 10.121062, 9.904453, 9.104453, 8.230589, 7.0, 8.077033, 7.043223, 6.657437, 6.619487, 7.063396, 8.112392, 9.072231, 9.920759, 10.484738, 10.766858, 10.620728, 10.474598, 10.191755, 10.045625, 9.899495, 9.763505, 9.480662, 8.914977, 8.101268, 7.141173, 6.297264, 6.014421, 4.600208, 3.434017, 2.414214, 1.414214, 0.0, 0.0, 0.0]"
693,"[0.0, 0.0, 0.0, 0.0, 1.2, 2.4, 3.814214, 5.270236, 6.79339, 7.205842, 7.726307, 8.032558, 8.297001, 8.470903, 8.70236, 8.678952, 8.655543, 8.655543, 8.678952, 8.835043, 9.137986, 9.44093, 9.883796, 10.326662, 10.659042, 10.991423, 11.497416, 11.941766, 12.46916, 12.682364, 10.349983, 10.007321, 9.286436, 8.157761, 6.892802, 8.234443, 7.287664, 6.815082, 7.053032, 7.782382, 8.649813, 9.669329, 10.491183, 10.971534, 11.24191, 11.072445, 10.875985, 10.679525, 10.210251, 9.740977, 9.50137, 9.061762, 8.622154, 8.011077, 7.416553, 6.782743, 6.744793, 5.144793, 3.944793, 2.72824, 1.56205, 0.0, 0.0, 0.0]"
694,"[0.0, 0.0, 0.0, 0.0, 1.0, 2.341641, 3.864795, 5.514038, 7.126489, 7.726489, 7.984848, 8.061694, 8.012452, 8.0, 8.0, 8.0, 8.0, 8.0, 8.0, 8.2, 8.4, 8.8, 9.2, 9.6, 9.8, 10.2, 10.4, 10.8, 11.208319, 11.444387, 9.244387, 8.941753, 8.250554, 7.298257, 6.262189, 7.462189, 6.781375, 6.528596, 6.595729, 7.184583, 7.773438, 8.454252, 8.968002, 9.342214, 9.26216, 9.182106, 8.99354, 8.812623, 8.624057, 8.624057, 8.624057, 8.438411, 7.991198, 7.282397, 6.573596, 5.941828, 5.832887, 4.491247, 3.491247, 2.491247, 1.414214, 0.0, 0.0, 0.0]"
695,"[0.0, 0.0, 0.0, 0.0, 1.019804, 2.284715, 3.726935, 5.288985, 6.703199, 7.245445, 7.542584, 7.542584, 7.422754, 7.450761, 7.330932, 7.049507, 7.169336, 7.289166, 7.408995, 7.528825, 7.968665, 8.12708, 8.285495, 8.44391, 8.602325, 8.725769, 9.168635, 9.611501, 10.127103, 10.642706, 8.798797, 8.605238, 7.897929, 6.926773, 5.767738, 6.899108, 6.095527, 5.716538, 5.716538, 6.095527, 6.613399, 7.291117, 8.057993, 8.636991, 9.078336, 9.32646, 9.379918, 9.185251, 9.050143, 8.861577, 8.420232, 7.787777, 7.158338, 6.249538, 5.435164, 4.979142, 5.156452, 4.136648, 3.336648, 2.442221, 1.442221, 0.0, 0.0, 0.0]"
696,"[0.0, 0.0, 0.0, 0.0, 1.0, 2.4, 3.8, 5.4, 7.012452, 7.661694, 7.970495, 8.279295, 8.20245, 8.298799, 8.358358, 8.298799, 8.239241, 8.365328, 8.30577, 8.440878, 8.635545, 8.830211, 9.024878, 9.186713, 9.142804, 9.298895, 9.654986, 10.219396, 10.841424, 11.321775, 9.321775, 9.275841, 8.656376, 7.746426, 6.730986, 7.730986, 6.37692, 5.412687, 4.889532, 4.905246, 5.185871, 5.947921, 6.820356, 7.664265, 8.363539, 9.082914, 9.520864, 9.823808, 9.700364, 9.332917, 8.775137, 7.669564, 6.30202, 4.864397, 3.69916, 3.38831, 4.337792, 3.705336, 3.422493, 2.97528, 1.843909, 0.0, 0.0, 0.0]"
697,"[0.0, 0.0, 0.0, 0.0, 1.16619, 2.608411, 4.131566, 5.840366, 7.684275, 8.318085, 8.675864, 8.75271, 8.643909, 8.4, 8.2, 7.8, 7.6, 7.4, 7.214214, 7.070236, 7.19339, 7.582245, 8.152016, 8.796929, 9.576975, 10.65382, 11.464966, 12.215488, 12.786951, 12.959202, 10.359202, 9.759202, 8.438908, 7.008319, 5.494427, 6.494427, 5.759338, 5.882493, 6.579859, 7.839498, 9.256107, 10.497189, 11.480027, 12.088654, 12.266968, 12.01369, 11.566823, 11.119956, 10.402818, 9.779238, 9.071929, 8.229356, 7.37023, 6.781375, 6.414215, 6.65525, 7.282606, 6.082606, 4.882606, 3.540965, 1.843909, 0.0, 0.0, 0.0]"
698,"[0.0, 0.0, 0.0, 0.0, 1.2, 2.416553, 3.872574, 5.395729, 7.008181, 7.65209, 8.132593, 8.373628, 8.412523, 8.362121, 8.080262, 7.79742, 7.380988, 6.985129, 6.68799, 6.390851, 6.432659, 6.801277, 7.674694, 8.449391, 9.420548, 10.438389, 11.389147, 12.032821, 12.499206, 12.704449, 10.230586, 9.327642, 8.20641, 6.77745, 5.136139, 6.155943, 5.800528, 5.850929, 6.833022, 8.449631, 10.029828, 11.218009, 12.135379, 12.606076, 12.66333, 12.299398, 11.857637, 11.297586, 10.476565, 9.615153, 8.941135, 8.415124, 7.859566, 7.492406, 7.294168, 7.532118, 8.170068, 6.755854, 5.414214, 4.0, 2.2, 0.0, 0.0, 0.0]"
699,"[0.0, 0.0, 0.0, 0.0, 1.0, 2.280625, 3.622266, 5.14542, 6.794663, 7.60574, 8.125115, 8.583474, 8.660319, 8.611077, 8.2, 7.6, 7.0, 6.616553, 6.281464, 6.223104, 6.465325, 6.827375, 7.454731, 8.18982, 9.01151, 9.90167, 11.022902, 11.862275, 12.392097, 12.702629, 10.370249, 9.486967, 8.003686, 6.493667, 4.585489, 5.605293, 5.005293, 5.405293, 6.385489, 8.228123, 9.641424, 10.971246, 11.901068, 12.242008, 11.987755, 11.708716, 11.076261, 10.15889, 9.232164, 8.478098, 7.724032, 7.026665, 6.630766, 6.558193, 6.720243, 7.0173, 7.8173, 6.600747, 5.259106, 3.697056, 2.0, 0.0, 0.0, 0.0]"
700,"[0.0, 0.0, 0.0, 0.0, 1.019804, 2.236356, 3.692378, 5.215533, 7.102329, 7.926434, 8.406938, 8.647972, 8.845283, 8.520536, 8.118848, 7.702417, 7.136731, 6.582457, 6.285318, 6.299119, 6.630946, 7.112027, 7.745836, 8.480925, 9.233975, 10.029843, 10.891254, 11.811549, 12.49483, 12.618139, 10.20982, 9.456421, 8.016752, 5.965926, 4.233545, 4.954656, 4.514815, 5.0781, 6.571673, 8.234415, 10.074554, 11.235241, 11.999013, 12.205364, 12.001749, 11.327295, 10.606449, 9.719233, 8.801066, 8.18416, 7.820519, 7.556076, 7.249824, 7.435611, 7.59339, 7.682687, 8.314726, 6.900513, 5.300513, 3.700513, 2.088061, 0.0, 0.0, 0.0]"
701,"[0.0, 0.0, 0.0, 0.0, 1.0, 2.216553, 3.739707, 5.352159, 7.072624, 7.76968, 8.397036, 8.594347, 8.594347, 8.397036, 8.041621, 7.363902, 6.774808, 6.162357, 5.716235, 5.639505, 5.929337, 6.609043, 7.452952, 8.611987, 9.627427, 10.512345, 11.301268, 11.963352, 12.334965, 12.495925, 10.154985, 9.252041, 7.877419, 5.902194, 4.060883, 4.95531, 4.538878, 5.251416, 6.782292, 8.789973, 10.401538, 11.720913, 12.406827, 12.523847, 12.196517, 11.778585, 11.148357, 10.407389, 9.847503, 9.264209, 8.896612, 8.539292, 8.273593, 8.20237, 8.117765, 8.3973, 8.984848, 7.461694, 5.812452, 4.2, 2.2, 0.0, 0.0, 0.0]"
702,"[0.0, 0.0, 0.0, 0.0, 1.077033, 2.533055, 4.182297, 5.993374, 7.993374, 8.916341, 9.460319, 9.821052, 9.821052, 9.632129, 9.244581, 8.857032, 8.247057, 8.03598, 7.837355, 7.874145, 7.910936, 8.598997, 9.087059, 9.754958, 10.386067, 11.210688, 11.790959, 12.333487, 12.653136, 12.972785, 10.498922, 9.830589, 8.6, 7.0, 5.294427, 6.294427, 5.636068, 6.024922, 7.26099, 8.872556, 10.480237, 11.85889, 12.631286, 12.803536, 12.560285, 12.078634, 11.202248, 10.25345, 9.457583, 8.903642, 8.426855, 8.195398, 8.182946, 8.170495, 7.861694, 7.861694, 8.219014, 6.619014, 5.019014, 3.619014, 1.969772, 0.0, 0.0, 0.0]"
703,"[0.0, 0.0, 0.0, 0.0, 1.0, 2.280625, 3.842675, 5.56314, 7.351994, 8.249361, 8.812645, 9.061672, 8.953658, 8.764804, 8.281651, 7.654295, 7.108129, 6.661868, 6.342492, 6.490329, 6.970833, 7.54983, 8.363539, 9.345656, 10.191925, 10.903187, 11.779573, 12.407355, 12.744613, 12.677234, 10.268915, 9.197863, 7.855093, 5.976204, 4.459885, 5.459885, 5.210642, 5.745731, 7.224621, 8.8, 10.4, 11.408319, 12.041424, 12.274529, 11.914137, 11.125214, 10.316895, 9.48379, 8.650685, 8.223529, 7.868474, 7.791628, 7.533269, 7.375489, 7.177251, 7.441695, 7.707394, 6.365754, 4.923533, 3.509319, 1.788854, 0.0, 0.0, 0.0]"
704,"[0.0, 0.0, 0.0, 0.0, 1.2, 2.8, 4.6, 6.6, 8.609975, 9.449583, 9.937644, 10.107416, 9.89627, 9.595096, 9.078643, 8.446603, 7.891045, 7.502191, 7.39339, 7.681313, 8.264898, 9.086753, 9.895825, 10.704144, 11.301386, 11.861778, 12.42571, 13.016638, 13.208319, 13.233105, 10.633105, 9.644182, 8.244182, 6.644182, 5.035698, 6.167069, 5.636617, 5.849068, 6.735865, 8.074574, 9.223554, 10.351248, 11.001538, 11.240771, 11.05734, 10.474045, 9.627776, 8.706675, 7.922287, 7.207299, 6.726795, 6.364745, 6.223104, 5.881464, 5.693585, 5.643223, 5.857437, 4.657437, 3.657437, 2.580404, 1.414214, 0.0, 0.0, 0.0]"
705,"[0.0, 0.0, 0.0, 0.0, 1.4, 3.2, 5.2, 7.409072, 9.64514, 10.525491, 10.879557, 10.849329, 10.429111, 9.981897, 9.224701, 8.526657, 7.956885, 7.768031, 7.579177, 7.867099, 8.647145, 9.483213, 10.291532, 11.299213, 12.088136, 12.652068, 13.216, 13.607681, 13.607681, 13.440786, 10.640786, 9.651863, 8.251863, 6.844182, 5.305504, 6.436875, 6.068019, 6.554815, 7.518146, 8.904069, 10.181017, 11.284381, 11.660327, 11.623025, 11.322573, 10.611311, 9.627776, 8.706675, 7.922287, 7.207299, 6.726795, 6.364745, 6.223104, 5.881464, 5.693585, 5.643223, 5.857437, 4.657437, 3.657437, 2.580404, 1.414214, 0.0, 0.0, 0.0]"
706,"[0.0, 0.0, 0.0, 0.0, 1.0, 2.4, 3.814214, 5.337368, 6.94982, 7.670285, 7.832335, 7.832335, 7.723394, 7.391567, 6.802473, 6.13485, 5.74044, 5.326227, 5.245602, 5.714231, 6.619804, 7.609975, 8.609975, 9.609975, 10.409975, 11.009975, 11.408319, 11.644387, 11.532448, 11.220509, 8.820509, 7.677102, 6.441034, 5.152972, 3.786021, 4.952212, 5.129521, 6.016317, 7.275443, 8.717664, 9.831824, 10.652346, 11.028291, 10.949064, 10.48279, 9.764489, 8.782372, 7.861271, 6.901176, 6.404119, 6.04207, 5.961445, 5.836356, 5.893585, 5.859776, 6.073989, 6.594454, 5.377902, 4.300869, 3.134679, 1.720465, 0.0, 0.0, 0.0]"
707,"[0.0, 0.0, 0.0, 0.0, 1.341641, 2.864795, 4.514038, 6.325115, 8.125115, 8.583474, 8.871396, 8.834606, 8.437742, 8.051956, 7.651956, 7.240879, 7.028427, 7.028427, 7.137368, 7.446169, 8.200235, 8.954301, 9.881027, 10.831736, 11.791268, 12.305535, 12.782058, 13.048799, 13.174936, 12.706603, 10.03827, 9.007681, 7.8, 6.219804, 5.019804, 6.185994, 6.198446, 6.5873, 7.803564, 9.135945, 10.411066, 11.239925, 11.731422, 11.621383, 11.268901, 10.524646, 9.525556, 8.586846, 7.916839, 7.351153, 7.054097, 7.011876, 7.070236, 6.814214, 6.477033, 6.357658, 6.654714, 5.254714, 4.054714, 2.977681, 1.697056, 0.0, 0.0, 0.0]"
708,"[0.0, 0.0, 0.0, 0.0, 0.848528, 2.014719, 3.356359, 4.62127, 6.035484, 6.601169, 6.834979, 6.693338, 6.628427, 6.414214, 6.2, 6.0, 5.819804, 5.696837, 5.838478, 6.080698, 6.49315, 7.193811, 8.003574, 8.721059, 9.514907, 10.138523, 10.572124, 10.965679, 11.142621, 10.946161, 8.710093, 7.956027, 6.875676, 5.360718, 4.169638, 5.189442, 5.005995, 5.418446, 6.541245, 7.780778, 8.849036, 9.786549, 10.233223, 10.276111, 9.800501, 9.054081, 8.164926, 7.322352, 6.635556, 6.223104, 6.098016, 6.049658, 5.852909, 5.547336, 5.195864, 5.145502, 5.452104, 4.4323, 3.537873, 2.689345, 1.523155, 0.0, 0.0, 0.0]"
709,"[0.0, 0.0, 0.0, 0.0, 0.824621, 1.901654, 2.978687, 4.144877, 5.425502, 5.732252, 5.78659, 5.840928, 5.806108, 5.656854, 5.656854, 5.656854, 5.656854, 5.656854, 5.691674, 5.726493, 6.037343, 6.518424, 6.999504, 7.445766, 8.06843, 8.513005, 8.900554, 9.414131, 9.781579, 9.836633, 7.949837, 7.392058, 6.266028, 5.134658, 3.923204, 4.723204, 4.480984, 4.895197, 5.659121, 6.826665, 8.026665, 8.826665, 9.212452, 9.411077, 9.223529, 8.637742, 8.037742, 7.637742, 7.026665, 6.630766, 6.236356, 5.730784, 5.225211, 4.873739, 4.551614, 4.796721, 5.551536, 4.657109, 3.808581, 2.914153, 1.649242, 0.0, 0.0, 0.0]"
710,"[0.0, 0.0, 0.0, 0.0, 0.72111, 1.615537, 2.615537, 3.746908, 4.878279, 5.157169, 5.262742, 5.157169, 4.920225, 4.865887, 4.760315, 4.926505, 5.032078, 5.137651, 5.191988, 5.578186, 5.692621, 5.973245, 6.387459, 6.818138, 7.099563, 7.662847, 8.226131, 8.698714, 9.106436, 9.253186, 7.409277, 7.021391, 6.351147, 5.205996, 4.062881, 4.783991, 4.15259, 4.15259, 4.742183, 5.590711, 6.518843, 7.403023, 7.895271, 8.269912, 8.378853, 8.252765, 7.808875, 7.364986, 6.595935, 6.092585, 5.56943, 5.104519, 4.639608, 4.252259, 3.798141, 3.692568, 4.415723, 3.615723, 2.983267, 2.417582, 1.523155, 0.0, 0.0, 0.0]"
711,"[0.0, 0.0, 0.0, 0.0, 1.077033, 2.154066, 3.370618, 4.770618, 6.370618, 6.693585, 7.016553, 7.2, 7.2, 7.0, 7.0, 7.0, 7.0, 7.0, 7.2, 7.4, 7.6, 7.8, 8.0, 8.2, 8.411077, 8.821052, 9.221052, 9.821052, 10.221052, 10.41995, 8.409975, 8.059217, 7.315239, 6.135043, 4.925068, 5.749689, 4.994874, 4.819477, 5.213887, 6.134352, 7.309731, 8.415303, 9.021475, 9.494058, 9.660389, 9.449243, 8.972398, 8.527822, 7.921651, 7.315479, 6.80725, 6.415466, 5.973245, 5.587048, 5.306423, 5.045602, 5.370253, 4.370253, 3.475826, 2.475826, 1.456022, 0.0, 0.0, 0.0]"
712,"[0.0, 0.0, 0.0, 0.0, 1.077033, 2.341944, 3.756158, 5.356158, 6.956158, 7.479125, 7.826665, 7.826665, 7.640879, 7.455092, 7.455092, 7.242641, 7.228427, 7.414214, 7.6, 7.6, 7.8, 8.2, 8.212452, 8.423529, 8.833504, 9.442576, 9.851648, 10.639197, 11.22812, 11.427217, 9.218144, 8.852981, 8.102223, 6.722027, 5.312955, 6.034065, 5.038685, 4.670067, 5.370728, 6.291193, 7.696112, 9.110326, 9.95573, 10.361294, 10.640829, 10.401596, 9.700904, 9.136925, 8.42511, 7.705735, 6.985129, 6.500112, 6.015095, 5.600881, 5.320256, 5.418977, 6.050745, 4.973712, 3.973712, 2.973712, 1.708801, 0.0, 0.0, 0.0]"
713,"[0.0, 0.0, 0.0, 0.0, 1.0, 2.414214, 3.828427, 5.270648, 6.883099, 7.5919, 7.826929, 7.868737, 7.882539, 7.726109, 7.47333, 7.28011, 7.347243, 7.503672, 7.660102, 7.924545, 8.188988, 8.386298, 8.494312, 8.602325, 8.88186, 9.287424, 9.84731, 10.407196, 11.019112, 11.25518, 9.12915, 8.692708, 8.0616, 6.806252, 5.464611, 6.030297, 5.011009, 4.361767, 4.684734, 5.390307, 6.824621, 8.009975, 9.049583, 9.689191, 9.9331, 9.6419, 9.087947, 8.31325, 7.293447, 6.449538, 5.740737, 5.109336, 4.738852, 4.719048, 4.885239, 5.15015, 6.034329, 5.139902, 4.139902, 2.973712, 1.708801, 0.0, 0.0, 0.0]"
714,"[0.0, 0.0, 0.0, 0.0, 1.2, 2.6, 4.212452, 5.861694, 7.570495, 7.982946, 8.195398, 8.025167, 7.818145, 7.551565, 7.280754, 7.009943, 7.090877, 7.357457, 7.624038, 8.071251, 8.518465, 8.882106, 9.060102, 9.238097, 9.336039, 9.606311, 9.778641, 10.055175, 10.294408, 10.533641, 8.474515, 8.259298, 7.658017, 6.946202, 5.986363, 7.063396, 6.239291, 5.877241, 6.063027, 6.496837, 7.219804, 8.0, 8.809975, 9.053884, 9.297793, 9.147035, 8.959487, 8.561963, 8.118054, 7.474145, 7.024903, 6.412452, 5.819804, 5.439608, 5.134035, 5.065406, 5.346031, 4.326227, 3.306423, 2.411996, 1.280625, 0.0, 0.0, 0.0]"
715,"[0.0, 0.0, 0.0, 0.0, 1.2, 2.6, 4.443909, 6.341275, 8.050076, 8.570541, 8.891006, 8.609147, 8.273831, 8.00725, 7.729006, 7.350182, 7.311286, 7.458037, 7.913183, 8.559024, 9.371449, 10.00236, 10.529628, 10.964642, 11.208961, 11.387276, 11.565591, 11.661904, 11.609874, 11.403522, 9.071142, 8.435817, 7.800493, 6.962362, 6.177974, 7.442885, 7.160042, 7.062986, 7.420765, 7.879125, 8.614214, 9.209975, 9.61995, 9.829925, 9.841002, 9.652079, 9.042104, 8.632129, 8.022154, 7.611077, 7.2, 7.0, 6.616553, 6.481464, 6.158497, 5.889867, 6.132088, 4.915535, 3.650624, 2.573591, 1.442221, 0.0, 0.0, 0.0]"
716,"[0.0, 0.0, 0.0, 0.0, 1.341641, 2.783861, 4.345911, 6.042968, 7.886876, 8.33409, 8.60067, 8.561775, 8.206359, 7.704091, 7.256878, 6.889718, 6.808784, 7.029193, 7.384608, 7.740024, 8.242292, 8.926101, 9.644401, 10.279726, 10.91505, 11.403522, 11.609874, 11.661904, 11.565591, 11.387276, 9.054895, 8.431315, 7.440575, 6.370698, 5.497257, 6.838898, 6.653251, 7.020411, 7.823993, 8.513139, 9.230625, 9.766596, 10.221126, 10.138151, 9.780831, 9.244859, 8.708888, 8.068712, 7.596129, 7.596129, 7.685426, 7.762271, 7.639117, 7.424903, 7.012452, 6.664911, 6.406552, 5.006552, 3.806552, 2.606552, 1.341641, 0.0, 0.0, 0.0]"
717,"[0.0, 0.0, 0.0, 0.0, 0.824621, 1.990812, 3.157002, 4.571215, 6.013436, 6.530456, 6.88742, 6.986141, 6.836838, 6.47165, 6.207043, 5.683888, 5.418977, 5.285437, 5.489029, 5.974046, 6.671102, 7.368158, 8.080696, 8.64398, 8.925839, 9.228783, 9.418523, 9.63374, 9.759603, 9.624495, 7.624495, 7.19372, 6.211627, 5.090384, 4.230111, 5.307144, 5.116033, 5.562155, 6.236781, 6.911408, 7.543176, 7.890716, 7.980013, 8.06931, 7.887796, 7.520636, 7.124737, 6.728838, 6.316387, 6.374746, 6.433105, 6.616553, 6.8, 6.8, 6.419804, 5.914231, 5.514231, 4.114231, 2.914231, 1.894427, 1.0, 0.0, 0.0, 0.0]"
718,"[0.0, 0.0, 0.0, 0.0, 1.077033, 2.243223, 3.523848, 4.938062, 6.500112, 6.865299, 7.222263, 7.20655, 7.057247, 6.760108, 6.394921, 5.948799, 5.850078, 5.865792, 6.015095, 6.352275, 6.837292, 7.368158, 7.931442, 8.517229, 9.103015, 9.540965, 10.00724, 10.222457, 10.281583, 10.178949, 8.178949, 7.471641, 6.489548, 5.430422, 4.427482, 5.504515, 5.504515, 6.076724, 6.725967, 7.919601, 8.996634, 9.599738, 9.837292, 9.976904, 9.411997, 8.781086, 8.177982, 7.705399, 7.316545, 7.39339, 7.470236, 7.614214, 7.8, 7.814214, 7.479125, 7.220765, 7.062986, 5.462986, 4.048772, 2.783861, 1.442221, 0.0, 0.0, 0.0]"
719,"[0.0, 0.0, 0.0, 0.0, 0.894427, 1.97146, 3.252085, 4.666299, 6.080512, 6.628305, 6.993493, 7.054509, 7.096317, 7.138126, 6.960816, 6.595629, 6.331021, 6.041189, 5.865792, 6.015095, 6.352275, 6.837292, 7.368158, 7.78459, 8.350275, 8.91596, 9.47994, 9.946214, 10.308284, 10.298157, 8.318258, 7.64825, 6.561953, 5.397254, 4.148592, 5.04302, 4.606802, 4.943982, 5.662006, 6.784805, 7.734287, 8.611849, 8.906437, 9.002786, 8.682032, 8.294145, 7.613331, 7.10453, 6.595729, 6.272574, 6.016553, 6.0, 6.016553, 5.836356, 5.713389, 5.67958, 5.893793, 4.677241, 3.657437, 2.580404, 1.414214, 0.0, 0.0, 0.0]"
720,"[0.0, 0.0, 0.0, 0.0, 0.8, 1.8, 2.8, 4.016553, 5.281464, 5.746375, 6.011286, 6.177476, 6.127114, 6.028393, 5.929673, 5.830952, 5.741794, 5.652637, 5.56348, 5.474322, 5.524684, 5.861865, 6.199046, 6.771255, 7.343464, 7.776154, 8.205849, 8.689002, 8.828614, 9.066168, 7.416926, 6.853642, 5.956275, 4.888531, 3.601735, 4.201735, 3.745731, 3.822764, 4.366565, 5.222587, 6.271829, 7.096451, 7.631869, 7.97941, 7.937601, 7.504911, 6.932702, 6.397284, 5.861865, 5.613842, 5.56348, 5.486447, 5.257942, 5.075336, 4.803573, 4.657186, 5.0714, 4.222872, 3.328445, 2.434017, 1.414214, 0.0, 0.0, 0.0]"
721,"[0.0, 0.0, 0.0, 0.0, 0.824621, 1.901654, 2.978687, 4.144877, 5.425502, 5.881506, 6.085098, 6.28869, 6.403124, 6.403124, 6.403124, 6.25387, 6.104616, 5.955362, 5.806108, 5.656854, 5.806108, 5.955362, 6.104616, 6.535295, 6.965974, 7.382406, 8.08168, 8.780954, 9.062813, 9.387559, 7.690503, 7.233759, 6.518771, 5.569289, 4.403603, 5.124713, 4.42618, 3.961269, 4.266842, 4.959945, 5.653048, 6.477669, 7.133691, 7.389713, 7.431522, 7.282219, 6.897888, 6.658419, 6.418949, 6.162927, 5.898016, 5.633105, 5.216553, 4.824621, 4.519048, 4.519048, 4.650419, 3.850419, 3.025798, 2.131371, 1.131371, 0.0, 0.0, 0.0]"
722,"[0.0, 0.0, 0.0, 0.0, 1.019804, 2.039608, 3.25616, 4.65616, 6.25616, 6.848808, 7.243218, 7.482687, 7.538709, 7.394731, 7.238301, 7.28011, 7.238301, 7.196493, 7.140471, 7.284449, 7.428427, 7.614214, 7.8, 8.0, 8.0, 8.2, 8.4, 8.809975, 9.249583, 9.689191, 7.889191, 7.878045, 7.391225, 6.517807, 5.555232, 6.355232, 5.366378, 4.667844, 4.578687, 4.578687, 5.043598, 5.69962, 6.331021, 6.71001, 7.088999, 7.088999, 6.71001, 6.331021, 5.952032, 5.573043, 5.385165, 5.385165, 5.029242, 4.517895, 3.888075, 3.411042, 3.334009, 2.612899, 2.047214, 1.6, 1.0, 0.0, 0.0, 0.0]"
723,"[0.0, 0.0, 0.0, 0.0, 0.8, 1.8, 3.016553, 4.281464, 5.546375, 6.088015, 6.254206, 6.318278, 6.219557, 6.120837, 5.945386, 5.945386, 5.830952, 5.741794, 5.917245, 6.092695, 6.44966, 6.806624, 7.252745, 7.434259, 7.615773, 7.801419, 7.987065, 8.252765, 8.616407, 8.980048, 7.271248, 7.124497, 6.749856, 5.994431, 5.107634, 6.002062, 5.264633, 4.850419, 4.719048, 4.719048, 5.024621, 5.4, 5.6, 5.8, 6.0, 6.0, 6.016553, 6.033105, 6.049658, 6.06621, 6.082763, 5.86621, 5.649658, 5.033105, 4.016553, 3.2, 2.8, 1.8, 1.2, 1.0, 0.6, 0.0, 0.0, 0.0]"
724,"[0.0, 0.0, 0.0, 0.0, 0.894427, 1.788854, 2.788854, 3.920225, 5.051596, 5.437794, 5.823991, 5.990182, 6.025001, 6.059821, 5.945386, 5.945386, 6.059821, 6.174255, 6.28869, 6.536713, 6.670302, 6.80389, 6.937479, 6.937479, 6.965486, 6.993493, 7.191731, 7.497982, 8.061267, 8.598945, 7.156724, 7.388182, 7.109937, 6.546653, 5.698125, 6.698125, 5.748643, 5.131044, 4.650419, 4.519048, 4.519048, 4.624621, 5.0, 5.4, 5.616553, 6.030766, 6.295677, 6.551699, 6.807721, 7.047191, 7.032977, 7.168066, 6.712044, 6.056022, 4.882843, 3.482843, 2.648528, 1.648528, 0.848528, 0.565685, 0.565685, 0.0, 0.0, 0.0]"
725,"[0.0, 0.0, 0.0, 0.0, 0.8, 1.8, 2.8, 4.0, 5.2, 5.616553, 5.881464, 6.098016, 6.114569, 6.131121, 6.131121, 6.082763, 6.26621, 6.449658, 6.633105, 6.816553, 7.2, 7.2, 7.2, 7.2, 7.214214, 7.070236, 7.319478, 7.56872, 8.012629, 8.442324, 6.986302, 7.148137, 7.098895, 6.854986, 6.22763, 7.444182, 6.710138, 6.004565, 5.404565, 5.319384, 5.102831, 5.025798, 5.208404, 5.285437, 5.370618, 5.587171, 6.001384, 6.524352, 7.05977, 7.49246, 7.984708, 8.182946, 7.863571, 7.251119, 6.049091, 4.54029, 3.375052, 2.094427, 1.094427, 0.647214, 0.447214, 0.0, 0.0, 0.0]"
726,"[0.0, 0.0, 0.0, 0.0, 0.565685, 1.286796, 2.181223, 3.07565, 4.07565, 4.509965, 4.788854, 4.894427, 5.131371, 5.262742, 5.543367, 5.674737, 5.955362, 6.104616, 6.25387, 6.25387, 6.56472, 6.726316, 6.887911, 6.948927, 7.124324, 7.096317, 7.266548, 7.624328, 8.093764, 8.448819, 7.034606, 7.233231, 7.045683, 6.847057, 6.43598, 7.83598, 7.224903, 6.829004, 6.236356, 5.730784, 5.225211, 4.873739, 4.551614, 4.426237, 4.551614, 4.873739, 5.425211, 6.130784, 7.047433, 7.871538, 8.552353, 8.941207, 8.953658, 8.423206, 7.473725, 6.176358, 4.834717, 3.222266, 1.941641, 1.047214, 0.447214, 0.0, 0.0, 0.0]"
727,"[0.0, 0.0, 0.0, 0.0, 0.632456, 1.264911, 2.089532, 3.109336, 4.12914, 4.516488, 4.903837, 5.09902, 5.079216, 5.059412, 5.239608, 5.419804, 5.6, 6.0, 6.2, 6.4, 6.6, 6.6, 6.416553, 6.481464, 6.158497, 5.924687, 6.005312, 6.350809, 6.647948, 7.132965, 5.966775, 6.2482, 6.2482, 6.100363, 5.952527, 7.233152, 6.748135, 6.263118, 5.925937, 5.531528, 5.050903, 4.77387, 4.521458, 4.338852, 4.319048, 4.650419, 5.131044, 5.868473, 6.536096, 7.515995, 8.384624, 8.990795, 9.077987, 8.915937, 7.936038, 6.501724, 5.014928, 3.365685, 1.965685, 0.965685, 0.4, 0.0, 0.0, 0.0]"
728,"[0.0, 0.0, 0.0, 0.0, 0.6, 1.2, 2.0, 3.019804, 4.039608, 4.459412, 4.879216, 5.09902, 5.079216, 5.259412, 5.439608, 5.819804, 6.0, 6.4, 6.6, 6.8, 6.8, 7.0, 6.816553, 6.633105, 6.498016, 6.439657, 6.381298, 6.506386, 6.902285, 7.249825, 5.908185, 6.008764, 6.008764, 5.562503, 5.081423, 6.081423, 5.639202, 5.297561, 5.025798, 4.719048, 4.543669, 4.143669, 3.943669, 3.873863, 3.943669, 3.967576, 4.498947, 5.260997, 6.280285, 7.229767, 8.268035, 9.034031, 9.121223, 8.677314, 7.833405, 6.512294, 4.814928, 3.165685, 1.765685, 0.765685, 0.2, 0.0, 0.0, 0.0]"
729,"[0.0, 0.0, 0.0, 0.0, 0.8, 1.8, 3.0, 4.2, 5.6, 6.214214, 6.628427, 6.842641, 7.056854, 7.071068, 7.071068, 7.056854, 7.042641, 7.028427, 7.014214, 7.2, 7.4, 7.6, 7.6, 7.812452, 7.824903, 7.837355, 7.849806, 8.099048, 8.135839, 8.17263, 6.560178, 6.560178, 6.32515, 5.89246, 5.508129, 6.585162, 5.97271, 5.558497, 5.341944, 5.208404, 5.131371, 4.979899, 4.80452, 4.60452, 4.273149, 4.073149, 4.049242, 4.489532, 5.145554, 5.958006, 6.758006, 7.533385, 7.682687, 7.303698, 6.539775, 5.339775, 3.739775, 2.325561, 1.248528, 0.4, 0.0, 0.0, 0.0, 0.0]"
730,"[0.0, 0.0, 0.0, 0.0, 0.894427, 2.060618, 3.402258, 4.844479, 6.406529, 7.074152, 7.470011, 7.69042, 7.69042, 7.570591, 7.450761, 7.330932, 7.049507, 6.887911, 6.859904, 6.859904, 6.859904, 7.0215, 7.183096, 7.381334, 7.551565, 7.898199, 8.244832, 8.689408, 9.076957, 9.308414, 7.519559, 7.292755, 6.848179, 6.18982, 5.422944, 6.442748, 5.880698, 5.638478, 5.496837, 5.619804, 5.8, 6.0, 6.016553, 5.893585, 5.859776, 5.791147, 5.871772, 6.217269, 6.837292, 7.368158, 7.933844, 8.26567, 8.045261, 7.564757, 6.667701, 5.170645, 3.558193, 2.216553, 1.0, 0.2, 0.0, 0.0, 0.0, 0.0]"
731,"[0.0, 0.0, 0.0, 0.0, 0.824621, 1.844425, 3.109336, 4.721788, 6.334239, 7.071668, 7.613914, 7.911053, 7.860651, 7.69042, 7.570591, 7.289166, 6.858487, 6.427808, 6.266212, 5.990182, 6.051198, 6.375849, 6.85693, 7.188756, 7.833643, 8.303079, 8.857032, 9.524932, 10.25342, 10.596409, 8.785332, 8.564211, 7.896312, 6.721562, 5.5873, 6.3873, 5.398446, 4.680421, 4.514231, 4.494427, 4.825798, 5.157169, 5.394113, 5.525483, 5.806108, 5.955362, 6.266212, 6.577062, 7.058142, 7.219738, 7.381334, 7.219738, 6.908888, 6.017547, 4.858169, 3.415949, 2.735324, 1.603953, 0.882843, 0.6, 0.6, 0.0, 0.0, 0.0]"
732,"[0.0, 0.0, 0.0, 0.0, 0.72111, 1.72111, 2.887301, 4.329521, 6.049986, 7.025932, 7.869841, 8.54756, 8.825804, 8.825804, 8.849213, 8.617756, 8.216067, 7.776227, 7.055762, 6.501487, 6.230677, 6.20267, 6.322045, 6.922045, 7.555854, 8.214214, 9.0, 9.8, 10.608319, 11.017391, 9.017391, 8.905452, 8.414253, 7.461956, 6.272688, 6.872688, 5.384627, 4.241511, 3.5066, 3.119251, 3.539055, 3.958859, 4.609726, 5.105168, 5.672713, 5.852909, 6.033105, 6.216553, 6.4, 6.6, 6.6, 6.419804, 5.740914, 4.788128, 3.588128, 2.988128, 2.792945, 2.071835, 1.624621, 1.424621, 0.824621, 0.0, 0.0, 0.0]"
733,"[0.0, 0.0, 0.0, 0.0, 0.72111, 1.569638, 2.569638, 4.011859, 5.454079, 6.345421, 7.217358, 7.829809, 8.00004, 8.170271, 8.170271, 8.062258, 7.892027, 7.5602, 7.079119, 6.466668, 6.020407, 5.59799, 5.717365, 5.985994, 6.635237, 7.312955, 8.573502, 9.453853, 10.486958, 11.246035, 9.402126, 9.321775, 8.841424, 7.808319, 6.6, 7.2, 5.447214, 4.094427, 3.294427, 2.694427, 2.726883, 3.174096, 3.893073, 4.459263, 5.200904, 5.91009, 6.457883, 6.733913, 7.009943, 7.009943, 7.009943, 6.587526, 5.945306, 5.135541, 4.3939, 3.77337, 4.034191, 3.234191, 2.601735, 2.001735, 1.280625, 0.0, 0.0, 0.0]"
734,"[0.0, 0.0, 0.0, 0.0, 0.632456, 1.457077, 2.476881, 3.496684, 4.713237, 5.494995, 6.084587, 6.677235, 7.269883, 7.665782, 7.851568, 8.037355, 7.824903, 7.612452, 7.2, 6.6, 5.824621, 5.424621, 5.024621, 4.901654, 5.315868, 6.103698, 6.914775, 7.92475, 9.083785, 9.949923, 8.337471, 8.423761, 8.122586, 7.34254, 6.139222, 6.939222, 5.641856, 4.380269, 3.324247, 2.847214, 2.847214, 3.267017, 4.036356, 5.092378, 5.9484, 6.671555, 7.440605, 8.012907, 8.265686, 8.518465, 8.644553, 8.455698, 7.866844, 7.05247, 6.06478, 5.215537, 4.746908, 3.546908, 2.652481, 1.931371, 1.131371, 0.0, 0.0, 0.0]"
735,"[0.0, 0.0, 0.0, 0.0, 0.894427, 2.060618, 3.341242, 4.903292, 6.465342, 7.29138, 7.845655, 8.285495, 8.44391, 8.768656, 8.934988, 8.934988, 8.776572, 8.618157, 8.145575, 7.672992, 7.233152, 7.012743, 6.864906, 7.050693, 7.436479, 8.155854, 8.824189, 9.809975, 10.609975, 11.209975, 9.209975, 9.4, 9.009975, 8.421052, 7.421052, 8.421052, 7.221052, 5.843533, 4.598141, 3.830596, 3.630596, 3.430596, 3.798141, 4.232456, 4.816553, 5.233105, 5.889127, 6.538369, 7.187611, 7.583511, 7.966958, 7.910936, 7.338727, 6.689485, 5.877033, 5.101654, 4.867844, 3.790812, 2.790812, 1.990812, 1.16619, 0.0, 0.0, 0.0]"
736,"[0.0, 0.0, 0.0, 0.0, 0.894427, 2.060618, 3.341242, 5.038299, 6.735355, 7.537984, 8.092259, 8.532099, 8.555508, 8.578916, 8.602325, 8.324081, 8.165666, 7.859414, 7.419574, 7.141329, 7.04075, 6.695252, 6.695252, 7.014627, 7.372407, 8.030766, 9.214214, 10.2, 11.008319, 11.641424, 9.641424, 9.329485, 8.578727, 7.626431, 6.409878, 7.609878, 6.521817, 5.697196, 5.089702, 4.873149, 4.750182, 5.015093, 5.455383, 5.871766, 6.088319, 6.425499, 6.77304, 7.12058, 7.666746, 8.099436, 8.394023, 8.123212, 7.791386, 6.874736, 5.825494, 4.399536, 3.857895, 2.57727, 1.682843, 1.082843, 0.8, 0.0, 0.0, 0.0]"
737,"[0.0, 0.0, 0.0, 0.0, 0.72111, 1.72111, 3.001735, 4.698791, 6.419256, 7.584942, 8.471739, 8.979968, 9.071766, 9.060102, 8.69646, 8.332819, 7.885605, 7.262941, 6.55414, 5.925413, 5.422062, 5.280421, 5.714231, 6.514231, 7.619804, 8.8, 9.8, 10.6, 11.2, 11.4, 9.2, 9.009975, 8.222427, 7.022427, 5.822427, 6.422427, 4.859665, 3.879669, 3.479669, 3.479669, 4.079669, 5.032456, 6.0, 6.8, 7.4, 7.8, 8.012452, 8.223529, 8.223529, 8.223529, 8.023529, 7.611077, 6.6, 5.4, 3.8, 2.8, 2.424621, 1.624621, 1.224621, 1.224621, 0.824621, 0.0, 0.0, 0.0]"
738,"[0.0, 0.0, 0.0, 0.0, 1.019804, 2.284715, 3.740737, 5.584646, 7.428555, 8.617823, 9.552912, 10.29689, 10.452981, 10.609072, 10.2, 9.6, 8.8, 8.0, 7.077033, 6.277033, 5.843223, 5.659776, 5.873989, 6.396956, 7.396956, 8.430766, 9.622532, 10.616638, 11.449743, 11.923606, 9.723606, 9.285059, 8.399895, 7.231701, 5.390293, 5.790293, 3.820521, 2.697367, 2.032456, 2.419804, 3.236356, 4.501267, 5.557289, 6.480444, 6.983795, 7.223264, 7.414375, 7.299994, 7.04175, 6.735148, 6.29893, 5.442908, 4.301267, 3.036356, 2.219804, 2.2, 3.0, 2.8, 2.8, 2.4, 1.4, 0.0, 0.0, 0.0]"
739,"[0.0, 0.0, 0.0, 0.0, 0.824621, 1.844425, 3.109336, 4.758578, 6.602487, 7.817474, 8.837278, 9.611975, 10.00234, 10.198039, 10.168406, 9.74125, 9.157664, 8.195089, 7.155482, 5.866617, 5.054165, 4.422764, 4.511922, 5.073972, 6.073326, 7.399356, 9.135984, 10.531044, 11.410305, 12.02222, 9.896191, 9.394068, 8.355973, 6.991694, 5.483935, 5.683935, 3.624809, 2.501654, 2.224621, 2.4, 3.8, 5.6, 7.0, 8.2, 9.2, 9.609975, 9.621052, 9.632129, 9.232129, 8.432129, 7.422154, 6.411077, 4.8, 3.4, 2.647214, 2.667017, 3.479469, 3.279469, 3.079469, 2.632255, 1.612452, 0.0, 0.0, 0.0]"
740,"[0.0, 0.0, 0.0, 0.0, 0.6, 1.4, 2.6, 4.014214, 5.626665, 6.675907, 7.719816, 8.330893, 8.760589, 8.992046, 8.992046, 8.797379, 8.400516, 7.756607, 6.712698, 5.957883, 5.308641, 4.788854, 4.988854, 5.788854, 6.894427, 8.094427, 9.8, 11.0, 12.007681, 12.63827, 10.43827, 10.074338, 9.318247, 8.166588, 6.335999, 6.935999, 4.899931, 3.256022, 2.432456, 2.632456, 3.31308, 4.555301, 6.075766, 7.330107, 8.216903, 8.823074, 9.101319, 9.101319, 8.656743, 8.050572, 7.329966, 6.434122, 5.313657, 4.154279, 3.473654, 3.201891, 3.657895, 3.057895, 2.775052, 2.175052, 1.280625, 0.0, 0.0, 0.0]"
741,"[0.0, 0.0, 0.0, 0.0, 0.565685, 1.414214, 2.545584, 3.826209, 5.26843, 6.264794, 6.978316, 7.289166, 7.570591, 7.69042, 7.570591, 7.289166, 6.978316, 6.416266, 5.748643, 5.131044, 4.650419, 4.519048, 4.538852, 4.909336, 5.697167, 6.783963, 7.947294, 9.25987, 10.231027, 11.035185, 9.148389, 9.073119, 8.389981, 7.609935, 6.213129, 6.845585, 5.040366, 3.791124, 2.782316, 2.61104, 2.978584, 3.976367, 4.856991, 5.971828, 6.843765, 7.56423, 8.00407, 8.44391, 8.602325, 8.725769, 8.70236, 8.424116, 7.869841, 6.949376, 5.705467, 4.455624, 3.813404, 2.647214, 1.847214, 1.247214, 0.8, 0.0, 0.0, 0.0]"
742,"[0.0, 0.0, 0.0, 0.0, 1.0, 2.2, 3.6, 5.2, 6.812452, 7.424903, 7.874145, 8.123388, 8.17263, 8.209421, 8.011183, 7.776154, 7.326912, 6.877669, 6.428427, 6.034017, 5.696837, 5.663027, 5.594398, 5.675023, 6.09744, 6.740872, 7.574681, 8.606641, 9.452045, 9.989724, 8.269259, 8.113168, 7.511887, 6.666483, 5.535112, 6.100797, 4.656888, 3.494838, 2.661427, 2.378584, 2.534009, 3.028436, 3.705469, 4.523167, 5.413503, 6.148415, 6.71001, 7.341778, 7.785667, 8.038446, 8.194876, 8.181074, 7.603644, 6.719465, 5.610664, 4.281055, 3.438835, 2.307464, 1.482843, 0.882843, 0.6, 0.0, 0.0, 0.0]"
743,"[0.0, 0.0, 0.0, 0.0, 1.2, 2.6, 4.411077, 6.254986, 8.343047, 9.297113, 10.051179, 10.299228, 10.244174, 9.944967, 9.314055, 8.50163, 7.898526, 7.523885, 7.135031, 7.067898, 7.182279, 7.515112, 7.889753, 8.278607, 8.881711, 9.58902, 10.132546, 10.676073, 11.303828, 11.661311, 9.49798, 9.062966, 8.439386, 7.364417, 6.113999, 7.113999, 6.216632, 5.332452, 4.990812, 4.824621, 4.844425, 5.109336, 5.626356, 5.967997, 6.410217, 7.002865, 7.300004, 7.802272, 8.181096, 8.45934, 8.635743, 8.596848, 8.208961, 7.488496, 6.400487, 5.011632, 4.120933, 2.664911, 1.664911, 1.032456, 0.632456, 0.0, 0.0, 0.0]"
744,"[0.0, 0.0, 0.0, 0.0, 0.894427, 2.236068, 3.69209, 5.503167, 7.314244, 8.419817, 8.878176, 9.222154, 9.011077, 8.8, 8.2, 7.6, 6.8, 6.219804, 5.785994, 5.666619, 5.880833, 6.442883, 7.266988, 8.100797, 8.820172, 9.68631, 10.404611, 10.969021, 11.231762, 11.494504, 9.214153, 8.777711, 7.783606, 6.652235, 5.389493, 6.214114, 5.170206, 4.755992, 4.644425, 4.664229, 4.916641, 5.282831, 5.624472, 6.046889, 6.469305, 6.954322, 7.485188, 7.840604, 8.095439, 8.373684, 8.253854, 7.898439, 7.278416, 6.381359, 5.060894, 3.618674, 2.477033, 1.4, 0.6, 0.2, 0.2, 0.0, 0.0, 0.0]"
745,"[0.0, 0.0, 0.0, 0.0, 1.0, 2.2, 3.8, 5.4, 7.211077, 8.250685, 8.948051, 9.245418, 9.354219, 9.251942, 8.668357, 8.035901, 7.338535, 6.629734, 5.940737, 5.379142, 5.245602, 5.607652, 6.328117, 7.195109, 8.464013, 9.665023, 10.710654, 11.551438, 12.225892, 12.47088, 10.138499, 9.510717, 8.646524, 7.365899, 5.852007, 6.452007, 5.072108, 4.007508, 3.575411, 3.680984, 4.247174, 4.988815, 5.879514, 6.643437, 7.352238, 7.894848, 8.262008, 8.447655, 8.624057, 8.527708, 8.261128, 7.832952, 6.972679, 5.816281, 4.403829, 3.361609, 2.713439, 1.864911, 1.232456, 1.032456, 0.632456, 0.0, 0.0, 0.0]"
746,"[0.0, 0.0, 0.0, 0.0, 0.8, 1.8, 3.2, 4.8, 6.6, 7.6, 8.6, 9.011077, 9.211077, 9.011077, 8.811077, 8.211077, 7.4, 6.424621, 5.545731, 4.666842, 4.066842, 4.266842, 5.042221, 6.132187, 7.450685, 9.124548, 10.398412, 11.466744, 12.286257, 12.877238, 10.403375, 10.138584, 9.281328, 8.064952, 6.454167, 6.90138, 4.892308, 3.281231, 2.314231, 2.015537, 2.645357, 3.710268, 4.96629, 6.168319, 7.096451, 7.863326, 8.442324, 8.830211, 8.830211, 8.830211, 8.509457, 7.831738, 6.836358, 5.987115, 4.970329, 4.341601, 4.391963, 3.543435, 2.743435, 2.11098, 1.216553, 0.0, 0.0, 0.0]"
747,"[0.0, 0.0, 0.0, 0.0, 0.8, 2.0, 3.4, 5.0, 6.6, 7.6, 8.2, 8.6, 8.6, 8.6, 8.4, 8.0, 7.4, 6.819804, 5.940914, 4.788128, 3.988128, 3.588128, 3.588128, 4.208658, 5.203665, 6.32413, 7.52413, 8.504326, 9.162686, 9.720465, 8.0, 7.612452, 6.954092, 6.031125, 4.663581, 4.946424, 3.333972, 2.192331, 1.515298, 1.682843, 2.419804, 3.636356, 4.85057, 6.099812, 7.008613, 7.69761, 8.189858, 8.484445, 8.544004, 8.484445, 8.388096, 8.079295, 7.570495, 6.686315, 5.602758, 4.790307, 4.284734, 3.084734, 2.260113, 1.694427, 0.894427, 0.0, 0.0, 0.0]"
748,"[0.0, 0.0, 0.0, 0.0, 0.6, 1.619804, 2.639608, 3.904519, 5.360541, 6.283695, 6.787046, 7.290397, 7.54864, 7.615773, 7.54864, 7.242038, 6.718884, 6.195729, 5.472574, 4.649008, 4.153566, 3.978187, 3.978187, 4.378187, 5.345731, 6.424621, 7.6, 8.6, 9.6, 10.0, 8.2, 8.0, 7.6, 6.6, 5.4, 6.0, 4.4, 2.8, 1.6, 1.2, 1.2, 1.8, 2.8, 4.0, 5.0, 5.8, 6.4, 7.0, 7.2, 7.2, 7.2, 6.819804, 6.114231, 5.435341, 4.635341, 3.867797, 3.74242, 2.847993, 2.126883, 1.526883, 0.894427, 0.0, 0.0, 0.0]"
749,"[0.0, 0.0, 0.0, 0.0, 0.4, 1.2, 2.2, 3.4, 4.6, 5.6, 6.2, 6.6, 6.8, 6.8, 6.6, 6.4, 6.0, 5.424621, 4.671835, 3.919048, 3.319048, 3.119048, 3.294427, 4.063766, 5.072574, 6.181375, 7.17023, 8.140001, 9.01151, 9.643549, 7.934749, 7.795136, 7.239578, 6.36807, 5.104629, 5.551843, 4.102601, 2.888387, 1.954677, 1.530056, 1.682843, 2.282843, 3.082843, 4.0, 4.8, 5.6, 6.2, 6.6, 6.8, 7.0, 6.816553, 6.633105, 6.127532, 5.293218, 4.493218, 3.876665, 3.508641, 2.614214, 2.048528, 1.448528, 0.848528, 0.0, 0.0, 0.0]"
750,"[0.0, 0.0, 0.0, 0.0, 0.8, 1.8, 3.0, 4.4, 6.0, 6.8, 7.4, 7.8, 8.0, 7.8, 7.6, 7.2, 6.6, 5.8, 5.032456, 4.198141, 3.630596, 3.430596, 3.630596, 4.214693, 4.913919, 5.804618, 6.713419, 7.683191, 8.364005, 8.943002, 7.419848, 7.323499, 6.753727, 5.85636, 4.612452, 5.012452, 3.4, 2.0, 1.2, 1.0, 1.2, 2.0, 3.0, 4.0, 4.8, 5.4, 5.8, 6.016553, 6.033105, 6.033105, 6.033105, 5.833105, 5.416553, 4.6, 3.6, 2.6, 2.047214, 1.247214, 0.847214, 0.647214, 0.447214, 0.0, 0.0, 0.0]"
751,"[0.0, 0.0, 0.0, 0.0, 0.447214, 1.168324, 2.062751, 3.062751, 4.228941, 5.062353, 5.621867, 6.008065, 6.28869, 6.28869, 6.008065, 5.621867, 4.973698, 4.093073, 3.326883, 2.526883, 2.032456, 2.2, 2.624621, 3.489532, 4.812687, 6.121488, 7.291259, 8.43641, 9.14127, 9.515482, 7.806681, 7.486152, 6.732933, 5.782965, 4.485599, 4.685599, 3.036356, 1.819804, 1.0, 1.0, 1.624621, 2.644425, 3.721458, 4.598491, 5.164681, 5.506251, 5.652637, 5.741794, 5.664762, 5.392998, 4.947918, 4.414183, 3.847993, 3.247993, 2.636408, 2.515298, 2.682843, 2.082843, 1.682843, 1.4, 0.8, 0.0, 0.0, 0.0]"
752,"[0.0, 0.0, 0.0, 0.0, 0.565685, 1.414214, 2.545584, 3.826209, 5.240423, 6.236787, 6.950309, 7.261159, 7.422754, 7.350182, 6.954322, 6.469305, 5.851706, 5.009485, 4.115058, 3.23171, 2.601891, 2.625798, 3.157169, 4.124169, 5.561791, 7.001374, 8.211972, 9.243932, 9.993049, 10.435915, 8.549118, 8.376789, 7.655678, 6.772972, 5.45817, 5.905383, 4.418587, 3.542052, 2.893883, 2.939782, 3.512372, 4.377283, 5.076509, 5.900075, 6.46167, 6.783507, 6.860237, 6.936966, 6.647135, 6.268146, 6.003538, 5.486518, 4.744877, 4.025901, 3.669978, 3.417566, 3.792945, 3.192945, 2.745731, 2.024621, 1.2, 0.0, 0.0, 0.0]"
753,"[0.0, 0.0, 0.0, 0.0, 0.632456, 1.457077, 2.673629, 4.129651, 5.585673, 6.476372, 7.360552, 7.756451, 7.91288, 7.899079, 7.937974, 7.643387, 7.030936, 6.312911, 5.470691, 4.355854, 3.388854, 3.02131, 3.126883, 3.807508, 4.774508, 6.171203, 7.425544, 8.588874, 9.47158, 10.116493, 8.272584, 8.272584, 7.551474, 6.668768, 5.741012, 6.462123, 5.175326, 4.454216, 4.173591, 4.173591, 4.733106, 5.54732, 6.388259, 7.085315, 7.651001, 7.932426, 8.080262, 8.080262, 7.945256, 7.662413, 7.514577, 7.118717, 6.6337, 6.288203, 6.090542, 6.13235, 6.755014, 5.677981, 4.461429, 3.244876, 1.788854, 0.0, 0.0, 0.0]"
754,"[0.0, 0.0, 0.0, 0.0, 0.447214, 1.079669, 1.90429, 2.924094, 4.140647, 5.107647, 5.875191, 6.45057, 6.830766, 7.014214, 6.8, 6.419804, 5.844425, 5.076881, 3.876881, 2.676881, 1.857077, 1.479669, 1.568324, 2.368324, 3.782537, 5.279594, 6.812279, 8.217198, 9.497549, 10.209364, 8.512308, 8.376318, 7.812339, 6.812613, 5.535112, 6.256222, 5.012313, 4.050263, 3.402094, 3.274676, 3.402094, 3.933465, 4.464836, 5.246594, 5.939697, 6.505382, 6.654636, 6.80389, 6.670302, 6.387459, 6.104616, 5.823991, 5.6204, 5.359579, 5.228208, 5.296837, 5.752859, 4.675826, 3.656022, 2.656022, 1.456022, 0.0, 0.0, 0.0]"
755,"[0.0, 0.0, 0.0, 0.0, 0.565685, 1.565685, 2.84631, 4.260524, 5.822574, 7.100797, 7.821262, 8.329492, 8.704133, 8.850883, 8.656217, 8.391774, 7.622723, 6.633869, 5.325068, 3.958669, 2.702647, 2.282843, 2.682843, 3.895294, 5.45636, 7.536711, 9.277651, 10.677651, 11.6652, 12.421291, 10.14094, 9.954066, 9.251433, 8.107454, 6.724007, 7.743811, 6.484172, 5.586806, 5.296974, 5.422062, 5.925413, 6.739787, 7.637153, 8.440734, 9.068865, 9.604836, 9.955162, 10.116921, 10.033946, 9.950971, 9.504296, 8.968325, 8.323412, 8.036616, 7.762271, 7.85862, 8.222262, 6.808049, 5.208049, 3.595597, 1.886796, 0.0, 0.0, 0.0]"
756,"[0.0, 0.0, 0.0, 0.0, 0.824621, 2.041174, 3.441174, 5.041174, 6.852251, 7.838707, 8.661762, 9.159128, 9.5289, 9.506677, 9.416065, 8.818678, 8.201936, 7.232165, 6.164421, 4.643956, 3.648949, 3.168324, 3.368324, 4.247214, 6.057189, 7.819047, 9.427366, 10.857956, 11.888545, 12.311675, 10.102603, 9.930352, 9.143671, 8.125533, 6.892428, 7.912232, 6.570592, 5.575211, 5.12895, 5.27059, 5.773941, 6.588315, 7.528641, 8.151305, 8.69646, 9.060102, 9.071766, 9.126821, 8.900016, 8.57527, 8.130694, 7.75187, 7.363983, 7.216147, 7.254097, 7.655785, 8.211511, 6.755489, 5.341275, 3.741275, 1.897367, 0.0, 0.0, 0.0]"
757,"[0.0, 0.0, 0.0, 0.0, 0.72111, 1.569638, 2.850263, 4.292484, 5.904935, 6.972679, 8.021518, 8.584802, 8.953658, 9.152284, 8.96343, 8.480277, 7.85292, 6.866464, 5.455387, 4.055387, 3.041174, 2.545731, 2.887301, 3.929521, 5.518376, 7.272441, 8.892271, 10.255903, 11.343505, 12.084472, 9.930406, 9.677528, 9.045072, 8.224051, 7.035869, 8.316494, 7.228433, 6.408099, 5.96421, 6.078591, 6.410418, 7.022869, 7.756913, 8.335911, 8.723798, 9.008713, 9.293628, 9.379918, 9.244809, 9.109701, 9.056244, 9.002786, 8.905419, 9.206594, 9.537401, 9.781553, 10.278584, 8.478584, 6.468609, 4.429001, 2.34094, 0.0, 0.0, 0.0]"
758,"[0.0, 0.0, 0.0, 0.0, 0.8, 1.8, 3.064911, 4.520933, 6.309787, 7.298642, 8.185438, 8.764436, 9.00547, 9.060525, 8.884122, 8.338966, 7.661248, 6.858619, 5.461924, 4.132315, 3.073517, 2.539782, 2.722388, 3.798329, 5.30434, 7.080624, 8.684236, 9.939584, 11.02411, 11.676567, 9.617441, 9.381373, 9.048992, 8.053763, 6.954092, 8.031125, 7.050929, 6.070733, 5.535315, 5.359864, 5.725052, 6.147468, 6.740116, 7.451937, 8.074601, 8.421235, 8.767869, 9.125189, 9.045135, 9.045135, 8.868733, 8.800343, 8.674481, 8.809589, 8.907531, 9.264851, 9.698451, 7.854543, 6.010634, 4.123837, 2.154066, 0.0, 0.0, 0.0]"
759,"[0.0, 0.0, 0.0, 0.0, 0.632456, 1.457077, 2.657077, 4.057077, 5.47129, 6.294857, 6.99339, 7.316545, 7.358765, 7.386772, 7.344964, 6.95318, 6.430025, 5.62026, 4.57804, 3.163826, 2.315298, 1.947754, 2.392331, 3.448353, 5.060805, 6.787937, 8.355482, 9.478449, 10.231499, 10.82812, 8.818144, 8.429221, 7.829221, 7.020149, 6.02763, 6.922057, 5.959508, 5.359508, 5.036541, 5.084899, 5.646494, 6.253988, 6.962789, 7.594557, 8.227012, 8.559844, 8.892677, 8.97273, 9.052784, 8.864218, 8.784165, 8.644553, 8.455698, 8.477921, 8.666487, 8.927457, 9.337341, 7.737341, 5.926264, 4.028898, 2.059126, 0.0, 0.0, 0.0]"
760,"[0.0, 0.0, 0.0, 0.0, 0.848528, 2.129153, 3.543367, 5.105416, 6.825882, 7.86415, 8.553296, 9.036449, 9.318308, 9.210295, 8.93595, 8.366179, 7.488616, 6.469328, 5.256877, 3.844425, 2.727268, 2.428574, 2.603953, 3.618167, 4.980216, 6.417839, 7.860059, 9.02339, 9.772507, 10.446525, 8.72606, 8.351584, 7.711408, 6.714267, 5.478199, 6.326728, 5.170329, 4.447174, 4.300788, 4.51734, 4.933723, 5.757289, 6.413311, 7.04275, 7.438649, 7.786189, 7.942619, 7.90081, 7.665782, 7.467544, 7.120003, 6.849193, 6.715604, 6.86344, 7.061678, 7.766539, 8.512959, 7.232334, 5.670284, 4.057833, 2.088061, 0.0, 0.0, 0.0]"
761,"[0.0, 0.0, 0.0, 0.0, 0.72111, 1.72111, 3.135324, 4.697374, 6.58417, 7.651914, 8.549281, 8.978976, 9.260835, 8.98649, 8.797636, 8.100269, 7.05636, 5.612452, 4.2, 2.6, 1.965685, 2.014214, 2.745584, 4.107634, 5.994431, 7.664813, 9.232894, 10.518133, 11.372692, 11.826836, 9.590768, 9.26222, 8.554411, 7.479443, 6.419128, 7.419128, 6.408099, 5.96421, 5.839121, 6.170948, 6.982025, 7.716069, 8.461133, 9.254556, 9.652079, 9.684911, 9.717743, 9.518845, 9.319947, 8.922423, 8.678514, 8.447057, 8.344781, 8.503475, 8.95015, 9.513481, 10.309348, 8.600547, 6.630776, 4.57165, 2.408319, 0.0, 0.0, 0.0]"
762,"[0.0, 0.0, 0.0, 0.0, 1.0, 2.280625, 3.722845, 5.284895, 6.981952, 7.981952, 8.864657, 9.481563, 9.889285, 10.089595, 9.738837, 8.792059, 7.752737, 6.582965, 5.085599, 3.636356, 2.867017, 2.568324, 2.768324, 3.648949, 5.010999, 6.563785, 8.250994, 9.414324, 10.46608, 11.236411, 9.236411, 8.714889, 7.993778, 6.942022, 5.609642, 6.504069, 5.441894, 4.799673, 4.538852, 4.803763, 5.558578, 6.442758, 7.292, 7.921439, 8.30577, 8.30577, 8.246211, 8.246211, 7.86188, 7.554279, 7.185661, 6.950633, 6.582015, 7.105958, 7.734089, 8.60753, 9.473668, 8.193043, 6.404188, 4.434417, 2.280351, 0.0, 0.0, 0.0]"
763,"[0.0, 0.0, 0.0, 0.0, 0.848528, 2.262742, 3.983207, 5.870003, 7.756799, 9.144339, 9.818187, 10.13733, 9.862985, 9.58864, 8.752572, 7.864511, 6.424903, 5.212452, 3.6, 2.482843, 2.003953, 2.570143, 3.8672, 5.847099, 8.005567, 9.725768, 11.167258, 12.248691, 13.047281, 13.289251, 10.84794, 10.476327, 9.584635, 8.368196, 7.099128, 8.265318, 7.245803, 6.759006, 6.61117, 6.809408, 7.682825, 8.505881, 9.341949, 10.136807, 10.733428, 10.703795, 10.674163, 10.44807, 9.851449, 9.291619, 8.737666, 8.250846, 8.084779, 8.452227, 8.802984, 9.679343, 10.662181, 8.818273, 6.838374, 4.838374, 2.505993, 0.0, 0.0, 0.0]"
764,"[0.0, 0.0, 0.0, 0.0, 1.0, 2.2, 3.6, 5.212452, 7.222427, 8.262034, 9.101642, 9.410443, 9.518457, 9.228946, 8.751389, 7.560309, 6.572618, 5.299367, 3.778902, 2.499695, 2.372277, 2.7282, 3.737008, 5.149459, 6.876592, 8.364554, 9.687521, 10.639818, 11.435685, 11.634782, 9.42571, 9.035685, 8.027366, 6.8356, 5.703561, 6.552089, 5.708304, 5.573215, 5.812685, 6.384894, 7.575973, 8.497844, 9.320995, 9.953034, 10.190588, 9.859781, 9.48052, 9.10126, 8.46922, 7.996638, 7.702051, 7.59325, 7.496901, 8.080486, 8.946624, 9.949019, 11.032301, 9.419849, 7.380242, 5.099891, 2.683282, 0.0, 0.0, 0.0]"
765,"[0.0, 0.0, 0.0, 0.0, 1.077033, 2.341944, 3.865099, 5.585564, 7.585564, 8.508531, 9.223519, 9.544273, 9.667717, 9.388182, 8.911336, 8.196349, 7.372244, 5.975548, 4.255083, 3.014771, 2.34986, 2.330056, 3.297056, 4.946299, 6.751517, 8.568126, 9.984736, 11.076515, 11.933265, 12.177585, 9.760976, 9.064831, 8.081993, 6.792553, 5.460172, 6.479976, 5.925701, 5.81676, 6.162258, 6.882723, 7.706828, 8.384546, 8.950232, 9.368081, 9.491525, 9.344672, 9.197819, 8.914977, 8.349291, 7.847023, 7.414878, 7.173844, 7.089239, 7.685001, 8.54336, 9.678449, 10.830108, 9.217656, 7.207681, 5.007681, 2.607681, 0.0, 0.0, 0.0]"
766,"[0.0, 0.0, 0.0, 0.0, 0.894427, 2.159338, 3.808581, 5.652489, 7.463566, 8.380216, 8.915305, 9.07714, 8.845683, 8.448819, 7.902653, 6.927274, 5.563411, 4.150959, 2.936746, 2.119048, 2.015537, 2.909965, 4.498819, 6.268591, 8.351199, 10.350383, 11.677075, 12.751785, 13.645577, 13.746345, 11.026051, 10.593786, 9.379464, 8.039054, 6.408465, 7.408465, 6.437308, 6.202279, 6.279125, 7.079125, 8.279125, 9.214214, 10.0, 10.609072, 11.018144, 10.629221, 10.240298, 9.851375, 9.254755, 8.445683, 8.048819, 7.693764, 7.405842, 7.637299, 8.217198, 9.065726, 10.018023, 8.494868, 6.65096, 4.671061, 2.408319, 0.0, 0.0, 0.0]"
767,"[0.0, 0.0, 0.0, 0.0, 1.0, 2.442221, 4.054672, 6.054672, 8.024444, 8.994215, 9.449361, 9.734276, 9.578185, 9.257656, 8.702098, 8.004731, 6.707365, 5.263456, 3.814214, 2.847214, 2.279669, 2.574096, 3.786548, 5.586548, 7.265363, 8.89565, 10.409541, 11.205409, 11.613728, 11.768049, 9.505308, 8.940898, 7.66395, 6.255631, 4.799901, 5.624522, 4.67504, 4.88531, 5.327531, 6.115361, 7.29074, 8.396313, 9.054672, 9.775782, 10.133102, 9.921957, 9.534408, 9.057563, 8.235873, 7.397472, 6.739989, 6.469178, 6.402045, 6.709647, 7.814344, 9.116078, 10.382118, 8.926096, 7.276854, 5.040786, 2.607681, 0.0, 0.0, 0.0]"
768,"[0.0, 0.0, 0.0, 0.0, 1.019804, 2.284715, 3.626356, 5.335157, 7.304928, 8.254896, 8.778839, 8.999248, 8.852497, 8.296939, 7.458539, 6.669684, 5.67332, 4.394113, 3.179899, 2.495742, 2.320363, 2.97123, 4.288387, 6.098362, 7.887217, 9.298664, 10.515216, 11.389079, 11.659455, 11.511449, 9.275381, 8.491518, 7.234207, 5.953856, 4.760222, 5.60875, 5.125698, 5.250786, 5.959587, 6.962527, 8.20206, 9.123931, 9.936356, 10.286681, 10.448441, 10.149234, 9.850027, 9.138181, 8.420696, 7.438603, 6.669553, 6.080698, 6.250929, 6.753197, 7.764226, 8.898488, 10.039428, 8.426976, 6.583067, 4.495006, 2.34094, 0.0, 0.0, 0.0]"
769,"[0.0, 0.0, 0.0, 0.0, 1.16619, 2.608411, 4.397265, 6.284061, 8.284061, 9.117871, 9.938392, 10.149538, 10.149538, 9.938392, 9.380613, 8.117871, 6.838981, 5.517871, 4.129016, 3.252481, 3.146908, 3.767439, 4.643974, 6.243974, 8.086607, 9.737765, 11.224551, 12.473055, 13.16378, 13.316711, 10.771126, 9.942699, 8.666188, 7.141654, 5.600208, 6.600208, 5.620012, 5.547439, 5.722889, 6.49194, 7.551066, 8.501034, 9.129164, 9.941589, 10.050102, 9.888342, 9.627371, 9.306842, 8.494417, 7.763241, 6.997245, 6.569069, 6.086017, 6.453177, 7.184353, 8.141044, 9.14077, 7.974579, 6.265779, 4.368412, 2.280351, 0.0, 0.0, 0.0]"
770,"[0.0, 0.0, 0.0, 0.0, 1.019804, 2.284715, 3.549626, 5.258427, 7.047281, 7.816332, 8.438217, 8.735356, 8.440768, 7.932539, 7.143685, 5.977999, 4.863162, 3.648949, 2.568324, 2.168324, 2.467017, 3.632255, 5.276164, 7.164226, 8.905166, 10.301971, 11.372801, 12.249186, 12.881419, 13.101729, 10.685119, 10.060964, 8.682311, 7.226928, 5.865678, 6.885482, 5.992546, 6.093126, 6.390265, 7.353595, 8.497122, 9.663313, 10.553473, 11.323804, 11.396541, 11.469278, 11.196023, 10.652497, 10.206913, 9.532895, 8.858877, 8.3618, 8.3618, 8.444776, 9.036792, 10.004564, 10.916377, 9.127523, 7.157751, 5.003686, 2.473863, 0.0, 0.0, 0.0]"
771,"[0.0, 0.0, 0.0, 0.0, 1.0, 2.442221, 3.884441, 5.581497, 7.561396, 8.405305, 8.963085, 9.309719, 9.135817, 8.61194, 8.032942, 6.857563, 5.515922, 4.192768, 2.936746, 2.30429, 2.74458, 3.820521, 5.329322, 7.292653, 9.267878, 10.723261, 12.042641, 13.44511, 13.827363, 13.765267, 11.044973, 10.182338, 8.768124, 7.56418, 6.283507, 7.483507, 6.768519, 6.594618, 7.041831, 7.940251, 8.903582, 10.144663, 11.127502, 11.84464, 12.022249, 12.199858, 12.034806, 11.426179, 10.889958, 10.337873, 9.609384, 9.112353, 8.912043, 8.942271, 9.153417, 9.881905, 10.567818, 8.870762, 6.870762, 4.870762, 2.529822, 0.0, 0.0, 0.0]"
772,"[0.0, 0.0, 0.0, 0.0, 1.341641, 3.130495, 4.839296, 6.736663, 9.017013, 9.955723, 10.402937, 10.903208, 10.816919, 10.336568, 9.456217, 8.420149, 6.811077, 5.447214, 3.847214, 3.079669, 2.879669, 3.802824, 5.144465, 7.285405, 9.182771, 10.851104, 12.239993, 13.314703, 13.80219, 13.902957, 11.234625, 10.558649, 9.538993, 8.166588, 6.535999, 7.384527, 6.042886, 5.41553, 5.559508, 6.359508, 7.71098, 9.025625, 10.009072, 10.609072, 11.018144, 11.027217, 11.027217, 10.638294, 10.050745, 9.454125, 8.645052, 7.850194, 7.495139, 7.405842, 7.405842, 7.849751, 8.561566, 7.105544, 5.58239, 3.969938, 2.126029, 0.0, 0.0, 0.0]"
773,"[0.0, 0.0, 0.0, 0.0, 1.414214, 3.026665, 5.026665, 7.226665, 9.634984, 10.629089, 11.252706, 11.488774, 11.328382, 10.569305, 9.425897, 8.266862, 6.66325, 5.023642, 3.821613, 3.189158, 3.377036, 4.393822, 6.003798, 7.964903, 9.940128, 11.675217, 13.225975, 14.422244, 15.020584, 15.439452, 12.439452, 11.448525, 10.252256, 8.645597, 6.8356, 7.912633, 6.869751, 6.124687, 6.180709, 6.576608, 7.50955, 8.552432, 9.523589, 10.303635, 10.971534, 11.24191, 11.120899, 10.972892, 10.445625, 9.621296, 8.755159, 8.067098, 7.379036, 7.126258, 7.19339, 7.665973, 8.109882, 6.709882, 5.25386, 3.730705, 1.843909, 0.0, 0.0, 0.0]"
774,"[0.0, 0.0, 0.0, 0.0, 1.414214, 3.225291, 5.461359, 7.697427, 10.105745, 11.099851, 11.688774, 11.652706, 11.426613, 10.829371, 9.835266, 8.45507, 6.702283, 4.692308, 3.328445, 2.635341, 2.957178, 4.569091, 6.901471, 9.061939, 11.314042, 13.228166, 14.424804, 15.348187, 15.99627, 16.147156, 12.891392, 12.181213, 10.769357, 8.855234, 6.947687, 8.164239, 6.784845, 6.502986, 7.005254, 8.069053, 9.543225, 11.067759, 12.348243, 13.477548, 14.170411, 14.308114, 14.162973, 13.866023, 12.872709, 11.743404, 10.758886, 9.736456, 8.646893, 8.478071, 8.434163, 8.600229, 9.357425, 7.901403, 6.090326, 4.290326, 2.280351, 0.0, 0.0, 0.0]"
775,"[0.0, 0.0, 0.0, 0.0, 1.414214, 3.424189, 5.434164, 7.643236, 9.879304, 10.898195, 11.362084, 11.632459, 11.511449, 10.798535, 9.707071, 8.310241, 6.477103, 4.389042, 3.313101, 2.819988, 3.305005, 4.701701, 6.982051, 9.377372, 11.307333, 12.875778, 14.262968, 15.213716, 15.602281, 15.797006, 12.66651, 11.671479, 9.963535, 7.898627, 6.002446, 7.002446, 6.031289, 6.228599, 6.906318, 8.161666, 9.602977, 11.1806, 12.302669, 13.237249, 13.512549, 13.577231, 13.240689, 12.634223, 11.914861, 11.027645, 10.083702, 8.991923, 8.097495, 7.494391, 7.18814, 7.62609, 8.211876, 6.870236, 5.414214, 4.0, 2.0, 0.0, 0.0, 0.0]"
776,"[0.0, 0.0, 0.0, 0.0, 1.442221, 3.329017, 5.388143, 7.551474, 9.883854, 11.002883, 11.524406, 11.728022, 11.564691, 10.646524, 9.216645, 7.656854, 5.841326, 4.041326, 3.227113, 3.115546, 3.879469, 5.641328, 7.6504, 9.658081, 11.638277, 13.225825, 14.42263, 15.438461, 15.83744, 15.863989, 12.663989, 11.467184, 9.842281, 7.855425, 5.549986, 6.182442, 4.77337, 4.250403, 4.879841, 6.056097, 7.511703, 8.992054, 10.195372, 10.82648, 11.165182, 11.286193, 11.015817, 10.546543, 9.482745, 8.266481, 6.951836, 5.662971, 4.573004, 4.376256, 4.556452, 5.262024, 6.550889, 5.829779, 4.809975, 3.609975, 2.009975, 0.0, 0.0, 0.0]"
777,"[0.0, 0.0, 0.0, 0.0, 1.414214, 3.30101, 5.30101, 7.709329, 10.254913, 11.386284, 12.045072, 12.453391, 12.045072, 11.386284, 10.28292, 8.737336, 7.050127, 5.33297, 3.846173, 3.403953, 4.016405, 5.295294, 7.412452, 9.620133, 11.845036, 13.457487, 14.910022, 15.808507, 16.305661, 15.749091, 12.524188, 11.11126, 9.029328, 6.944297, 5.124492, 6.201525, 5.761918, 6.345365, 7.534633, 9.293786, 10.816753, 12.416753, 13.623412, 14.421, 14.421, 14.42868, 13.464748, 12.497697, 11.302115, 10.294434, 8.903305, 7.74427, 6.985287, 6.73626, 7.023056, 8.042572, 9.648821, 8.368196, 6.806146, 4.91935, 2.683282, 0.0, 0.0, 0.0]"
778,"[0.0, 0.0, 0.0, 0.0, 1.280625, 3.00109, 5.263832, 7.672151, 10.2334, 11.233126, 11.748729, 11.722055, 11.283508, 10.431059, 9.673863, 8.514828, 6.99987, 5.430099, 4.442408, 4.050624, 4.694056, 6.381265, 8.67199, 11.231124, 13.776708, 15.617142, 16.929038, 17.843864, 18.169172, 17.82088, 14.259981, 12.981077, 11.501555, 9.508455, 7.635814, 9.050027, 8.257959, 8.101701, 8.725317, 9.876976, 11.51563, 12.996883, 14.157607, 15.232128, 15.536491, 15.395667, 14.545523, 13.695379, 12.228699, 11.025455, 9.636566, 8.63684, 7.968941, 8.022398, 8.401659, 9.114572, 10.464537, 8.852085, 6.954719, 4.866657, 2.630589, 0.0, 0.0, 0.0]"
779,"[0.0, 0.0, 0.0, 0.0, 1.264911, 2.973712, 5.061773, 7.402713, 9.819322, 10.790479, 11.317746, 11.393016, 11.215407, 10.360847, 9.538993, 8.434296, 6.992075, 5.228745, 4.113908, 3.524316, 3.592945, 4.88181, 6.890129, 9.073504, 11.353718, 13.506329, 14.848965, 16.018355, 16.787766, 16.546495, 13.193884, 11.995339, 10.314997, 8.131549, 6.287789, 7.453979, 6.742134, 6.903893, 7.923409, 9.320214, 10.837305, 12.279526, 13.2204, 13.984332, 14.540936, 14.54838, 14.209523, 13.617842, 12.314898, 11.228481, 10.32661, 9.430268, 8.833026, 9.13597, 9.449174, 10.068638, 11.445945, 9.634868, 7.634868, 5.434868, 3.026549, 0.0, 0.0, 0.0]"
780,"[0.0, 0.0, 0.0, 0.0, 1.16619, 2.778642, 4.391093, 6.27789, 8.27789, 9.111699, 9.625277, 9.992724, 9.949837, 9.511887, 8.792512, 7.666483, 6.407694, 4.963785, 3.848949, 3.588128, 4.04415, 5.411101, 7.484964, 9.758045, 11.711455, 13.486531, 14.709059, 15.635196, 16.139805, 16.219459, 12.98836, 12.010151, 10.399006, 8.630125, 6.777257, 7.85429, 6.802534, 6.57573, 7.119708, 8.361019, 10.00428, 11.608096, 13.170146, 14.14336, 14.813319, 15.066238, 14.902091, 14.339241, 13.492057, 12.224696, 10.948538, 9.948709, 8.999911, 8.523124, 8.68919, 9.400453, 10.279988, 8.667536, 7.018294, 5.008319, 2.6, 0.0, 0.0, 0.0]"
781,"[0.0, 0.0, 0.0, 0.0, 1.16619, 2.778642, 4.567496, 6.626622, 8.86269, 9.850566, 10.326176, 10.625383, 10.410165, 10.018006, 9.476392, 8.604883, 7.341443, 5.780377, 4.219311, 3.327969, 3.277607, 3.895207, 5.612364, 7.609872, 9.434346, 11.096583, 12.48279, 13.456003, 14.148866, 14.323576, 11.495149, 10.666722, 9.255558, 7.562969, 5.737102, 6.537102, 5.537102, 5.255677, 5.672108, 6.62159, 7.947619, 9.355938, 10.636563, 11.485091, 12.186767, 12.469056, 12.341088, 12.060189, 11.514605, 10.81293, 9.966661, 9.100523, 8.262393, 7.718415, 7.486958, 7.735985, 8.361379, 6.919158, 5.463136, 3.850685, 2.039608, 0.0, 0.0, 0.0]"
782,"[0.0, 0.0, 0.0, 0.0, 1.264911, 2.973712, 4.871078, 7.025144, 9.113206, 10.128645, 10.459452, 10.601694, 10.258705, 9.981721, 9.115583, 8.292528, 7.05292, 5.689057, 4.325193, 3.63209, 3.696162, 4.458212, 6.010999, 7.844136, 9.684275, 11.094375, 12.360752, 13.333966, 14.026829, 14.026829, 11.336104, 10.633706, 9.357549, 7.515706, 5.848883, 6.448883, 4.88854, 4.085911, 4.219451, 4.848178, 6.21795, 7.622036, 8.963677, 9.934834, 10.647747, 10.841306, 11.034865, 10.798797, 10.283195, 9.609177, 8.888066, 8.066376, 7.08618, 6.365715, 5.880698, 5.604668, 5.825077, 4.805273, 3.805273, 2.72824, 1.56205, 0.0, 0.0, 0.0]"
783,"[0.0, 0.0, 0.0, 0.0, 1.4, 3.0, 5.0, 7.2, 9.4, 10.209072, 10.84514, 10.884748, 10.528657, 9.977899, 9.18304, 7.771594, 6.331986, 4.77092, 3.754133, 3.416952, 4.115486, 5.669552, 7.803318, 10.144076, 12.171878, 13.947208, 15.245678, 16.281604, 16.564154, 16.485868, 13.187384, 11.970917, 10.36229, 8.629681, 6.603131, 7.497559, 6.261491, 6.030033, 6.350788, 7.390395, 8.776319, 10.444652, 11.695765, 12.911267, 13.898209, 14.424992, 14.356659, 14.093095, 13.233683, 12.007134, 11.0, 10.0, 8.477033, 7.443223, 6.923848, 6.647003, 6.944369, 5.867336, 4.701146, 3.420521, 1.897367, 0.0, 0.0, 0.0]"
784,"[0.0, 0.0, 0.0, 0.0, 1.697056, 3.676955, 5.939697, 8.202439, 10.610758, 11.32202, 11.622472, 11.640081, 11.37734, 10.757875, 9.791777, 8.359954, 6.800713, 5.433169, 4.365425, 4.188115, 5.048388, 6.668218, 8.719044, 11.222836, 13.286589, 15.298003, 16.677278, 17.554895, 17.890891, 17.817992, 14.097777, 12.657912, 11.097014, 9.05927, 7.003505, 8.220058, 7.071078, 6.68353, 7.160375, 8.123706, 9.685642, 11.33276, 12.604749, 13.604749, 14.552688, 14.319784, 14.08688, 13.48279, 12.608819, 11.341458, 10.238094, 8.82388, 7.543529, 6.634053, 6.204357, 6.218159, 6.875642, 5.875642, 4.65909, 3.244876, 1.788854, 0.0, 0.0, 0.0]"
785,"[0.0, 0.0, 0.0, 0.0, 1.56205, 3.448846, 5.448846, 7.448846, 9.890157, 10.769418, 11.323933, 11.323933, 11.167842, 10.423587, 9.113647, 7.520864, 5.968078, 4.124169, 3.059568, 2.948001, 3.748715, 5.341109, 7.774215, 9.970186, 11.757516, 13.114933, 14.275325, 15.04222, 15.213793, 15.206659, 12.2, 11.0, 9.016553, 6.91098, 4.83209, 5.63209, 4.897001, 5.389249, 6.648888, 8.4576, 10.377894, 11.833277, 13.03652, 13.746018, 13.884529, 13.794824, 13.482849, 12.779877, 11.926288, 10.672169, 9.306491, 7.975205, 6.766133, 5.922348, 5.773045, 6.157377, 7.280344, 6.280344, 5.114153, 3.849242, 2.2, 0.0, 0.0, 0.0]"
786,"[0.0, 0.0, 0.0, 0.0, 1.649242, 3.493151, 5.729219, 8.162324, 10.595429, 11.379292, 11.943702, 11.916706, 11.493576, 10.860471, 9.643919, 8.0356, 6.273741, 4.71098, 3.91098, 4.108641, 5.308641, 7.407012, 9.933012, 12.188776, 14.18044, 15.586317, 16.760947, 17.393285, 17.417765, 17.011887, 13.60601, 11.885795, 9.842294, 7.56205, 5.56205, 6.639083, 5.919708, 6.054714, 7.054714, 8.463033, 10.076725, 11.624527, 12.900685, 13.873898, 14.308114, 14.178638, 13.682592, 12.768504, 11.584145, 10.022236, 8.592357, 7.154403, 6.115081, 5.542779, 5.527066, 6.104495, 7.269194, 6.24939, 5.032838, 3.767927, 2.059126, 0.0, 0.0, 0.0]"
787,"[0.0, 0.0, 0.0, 0.0, 1.897367, 4.177717, 6.458068, 9.178362, 12.090406, 13.056604, 13.639817, 13.990056, 13.50583, 12.404863, 11.190541, 9.40401, 7.339106, 5.503038, 4.413071, 4.044453, 4.94732, 6.927219, 9.217943, 11.608103, 13.733355, 15.159334, 16.333964, 17.08417, 17.253144, 16.6898, 13.283923, 11.450504, 9.290199, 6.904382, 4.661848, 5.510376, 4.789771, 5.298, 6.462699, 8.30401, 10.016732, 11.570835, 12.502275, 13.133874, 13.383288, 13.08478, 12.490515, 11.89625, 10.619738, 9.060384, 7.797643, 6.496235, 5.390009, 5.052829, 5.53391, 6.593036, 8.209726, 7.189922, 6.112889, 4.500437, 2.441311, 0.0, 0.0, 0.0]"
788,"[0.0, 0.0, 0.0, 0.0, 1.720465, 4.052846, 6.660527, 9.544968, 12.429409, 13.429238, 13.658107, 13.313168, 12.554756, 11.650214, 10.491969, 9.007753, 7.377467, 5.972548, 5.158839, 5.052811, 6.256129, 8.223673, 10.733662, 13.060322, 15.361958, 17.026224, 18.370841, 19.189433, 19.470176, 18.765384, 14.820768, 13.208532, 10.867641, 8.508263, 6.671948, 8.086161, 7.31583, 7.93941, 9.03119, 10.422318, 11.892545, 13.214937, 14.006656, 14.756427, 15.12196, 15.065946, 14.307534, 13.309463, 11.897608, 10.621451, 9.207237, 8.346119, 7.634303, 7.190394, 7.503313, 8.369451, 9.70454, 8.290326, 6.890326, 4.880351, 2.6, 0.0, 0.0, 0.0]"
789,"[0.0, 0.0, 0.0, 0.0, 1.843909, 4.12426, 6.731941, 9.339622, 12.11811, 13.05269, 13.455621, 13.531222, 13.34015, 12.649722, 11.394388, 10.052747, 8.217994, 6.43384, 5.365583, 5.404478, 5.906746, 7.499529, 9.867074, 12.2882, 14.224721, 16.052324, 17.635936, 18.128785, 18.180705, 17.913233, 14.241721, 12.452867, 10.680482, 8.601845, 6.635658, 8.035658, 7.255612, 7.574754, 8.440892, 9.775981, 11.239545, 12.842935, 13.829876, 14.576074, 14.783208, 14.726778, 14.067366, 13.040817, 11.825345, 10.432424, 8.890202, 7.831842, 6.998033, 6.749006, 7.498123, 8.565593, 9.907233, 8.741043, 7.178993, 5.015662, 2.683282, 0.0, 0.0, 0.0]"
790,"[0.0, 0.0, 0.0, 0.0, 1.708801, 3.678572, 6.019512, 8.739806, 11.603371, 12.673059, 13.481776, 13.748517, 13.308574, 12.445009, 11.51043, 10.073581, 8.187011, 6.30666, 5.02777, 4.400414, 4.671225, 6.186182, 8.393863, 10.699302, 12.935285, 14.815683, 16.185167, 17.183037, 17.387587, 16.798615, 13.305766, 11.980565, 9.831036, 7.799937, 5.8308, 6.8308, 6.006471, 6.199691, 7.235759, 8.815196, 10.483528, 11.747801, 13.010602, 13.638098, 13.847517, 13.685177, 13.128213, 12.185941, 11.111231, 9.951104, 8.859325, 8.095994, 7.582245, 7.502191, 8.142367, 9.008504, 10.328798, 8.872776, 7.163976, 5.000645, 2.720294, 0.0, 0.0, 0.0]"
791,"[0.0, 0.0, 0.0, 0.0, 1.4, 3.2, 5.4, 7.808319, 10.416, 11.646589, 12.320453, 12.400803, 11.889851, 10.990971, 9.625293, 8.045856, 6.165506, 4.715353, 3.831173, 4.022284, 4.971766, 7.004871, 9.421221, 11.656012, 13.822144, 15.583786, 16.756233, 17.492668, 18.033257, 17.411103, 13.805551, 12.6, 10.811077, 8.667099, 6.79847, 8.063381, 7.275832, 7.264755, 8.208733, 9.677363, 11.219585, 12.613793, 13.840342, 14.466891, 14.730456, 14.591655, 14.253328, 13.700642, 12.518002, 11.465515, 10.409634, 9.353752, 8.403044, 8.559135, 8.874087, 9.669954, 10.900037, 9.376882, 7.376882, 5.250853, 2.842534, 0.0, 0.0, 0.0]"
792,"[0.0, 0.0, 0.0, 0.0, 1.811077, 4.020149, 6.420149, 9.020149, 11.820149, 12.816206, 13.414268, 13.644857, 13.477962, 12.521871, 11.363979, 9.773398, 7.742809, 5.875389, 4.83148, 4.63826, 5.319074, 7.192937, 9.490816, 11.750228, 13.717654, 15.442442, 16.773838, 17.510274, 18.050862, 17.627414, 14.00526, 12.6, 10.612452, 8.277363, 6.125891, 7.020318, 6.034532, 6.22208, 7.166241, 8.726032, 10.431605, 11.817391, 12.824525, 13.44388, 13.66615, 13.696739, 13.329844, 12.36662, 11.382101, 10.363964, 9.147588, 8.170505, 7.768816, 7.768816, 8.282394, 9.475862, 10.798328, 9.356108, 7.512199, 5.38617, 2.778489, 0.0, 0.0, 0.0]"
793,"[0.0, 0.0, 0.0, 0.0, 1.708801, 3.944869, 6.450862, 9.22935, 12.113791, 13.125285, 13.717644, 13.772901, 13.257154, 12.352612, 11.329374, 9.91516, 7.986366, 6.35608, 5.224709, 5.050807, 5.724655, 7.775481, 10.453615, 13.182795, 15.433233, 17.228469, 18.428485, 18.959771, 19.223937, 18.706108, 14.822811, 13.380824, 11.425746, 9.039893, 6.984129, 8.440151, 7.719305, 7.958538, 8.765258, 10.126508, 11.643699, 13.047334, 13.974173, 14.764298, 15.156013, 14.961288, 14.52047, 13.884212, 12.71814, 11.485641, 10.404208, 9.441392, 8.733583, 8.886395, 9.574249, 10.484873, 11.964408, 10.255608, 8.216, 5.807681, 3.2, 0.0, 0.0, 0.0]"
794,"[0.0, 0.0, 0.0, 0.0, 1.649242, 3.929593, 6.403456, 9.189134, 12.052698, 13.26702, 13.939634, 14.244259, 14.066263, 13.202699, 12.183043, 10.571719, 8.870264, 6.862583, 5.583693, 5.004695, 5.312297, 6.709127, 8.77746, 11.218627, 13.371318, 15.214925, 16.498721, 17.408097, 17.645819, 17.281085, 13.788235, 12.362957, 10.494049, 8.310602, 6.474287, 7.640477, 6.870146, 6.88181, 7.997639, 9.342336, 11.149359, 12.560523, 13.813272, 14.454105, 14.613149, 14.247616, 13.715714, 12.868529, 11.739224, 10.715986, 9.63146, 8.839391, 8.723337, 9.079428, 9.782372, 11.265877, 12.841537, 10.831562, 8.631562, 6.231562, 3.224903, 0.0, 0.0, 0.0]"
795,"[0.0, 0.0, 0.0, 0.0, 2.0, 4.408319, 6.7407, 9.793567, 12.657131, 13.520696, 14.08559, 14.473504, 14.14093, 13.710471, 12.690816, 11.366844, 9.723583, 7.897716, 6.464611, 5.885613, 6.295497, 7.818464, 9.970346, 12.387948, 14.91777, 16.98175, 18.504855, 19.537762, 19.742314, 19.371029, 15.247924, 13.732499, 11.692891, 9.859592, 7.850357, 9.292577, 8.528805, 8.528805, 9.14827, 10.341737, 11.727944, 13.182519, 14.441396, 15.006291, 15.371824, 15.406961, 14.791758, 13.729341, 12.910193, 11.780889, 10.728401, 9.84512, 9.619027, 9.994783, 10.750874, 11.803361, 13.228265, 11.218289, 8.688467, 6.088467, 3.224903, 0.0, 0.0, 0.0]"
796,"[0.0, 0.0, 0.0, 0.0, 1.612452, 3.622427, 6.030746, 8.661335, 11.381629, 12.489472, 13.265174, 13.456855, 13.062334, 12.228836, 11.070592, 9.361947, 7.586568, 5.797714, 4.735539, 4.78594, 5.718883, 7.501942, 10.260973, 12.8598, 15.130646, 17.050048, 18.618489, 19.535351, 19.869561, 19.403865, 15.474489, 13.828188, 11.74469, 9.787031, 8.018672, 9.580722, 9.0509, 9.174623, 10.259064, 11.772099, 13.490293, 15.028655, 16.259436, 16.913357, 17.145191, 16.989047, 16.450686, 15.747298, 14.754522, 13.768728, 12.807959, 11.962025, 11.425366, 11.312887, 11.512249, 12.754795, 14.000729, 11.846663, 9.413558, 6.805877, 3.4, 0.0, 0.0, 0.0]"
797,"[0.0, 0.0, 0.0, 0.0, 1.612452, 3.652059, 5.861132, 8.468813, 11.275946, 12.470629, 13.231021, 13.629629, 13.231021, 12.659955, 11.465273, 9.685077, 7.877396, 5.951166, 4.539719, 4.004301, 4.871293, 6.487902, 9.178273, 11.51593, 14.175205, 16.411515, 18.074121, 19.120857, 19.580734, 19.267874, 15.144768, 13.696142, 11.325434, 9.315732, 7.172908, 8.785359, 8.15477, 9.105528, 10.30021, 12.019585, 13.807134, 15.407134, 16.412685, 17.227705, 17.651154, 17.277703, 16.704252, 15.72929, 14.714817, 13.491369, 12.673892, 11.68695, 11.210427, 11.044057, 11.564351, 12.328493, 13.96584, 11.811774, 9.370463, 6.650169, 3.676955, 0.0, 0.0, 0.0]"
798,"[0.0, 0.0, 0.0, 0.0, 1.649242, 3.619014, 5.77308, 8.493374, 11.213668, 12.195015, 12.855833, 13.110086, 12.789792, 12.069497, 11.038908, 9.408319, 7.447214, 5.447214, 4.341641, 4.155854, 5.418596, 7.662107, 10.542351, 13.253475, 16.000992, 17.682867, 19.286324, 20.21084, 20.362947, 19.618818, 15.674202, 13.7124, 11.394437, 9.050992, 6.849943, 8.066496, 7.522969, 7.695299, 8.964367, 10.632256, 12.815703, 14.426849, 15.785324, 16.519644, 16.987814, 16.373492, 15.759169, 14.87139, 13.42356, 11.859803, 10.354751, 8.983286, 8.102707, 7.976844, 8.197965, 9.51734, 11.109786, 9.460543, 7.616634, 5.606659, 3.006659, 0.0, 0.0, 0.0]"
799,"[0.0, 0.0, 0.0, 0.0, 1.969772, 4.310712, 7.283925, 10.446203, 13.756792, 14.917516, 15.801479, 15.712706, 15.158109, 14.127871, 12.884172, 11.271721, 9.211901, 7.051433, 5.571082, 5.084286, 5.282912, 7.265424, 10.024455, 12.830006, 15.230006, 17.618929, 19.016554, 20.01507, 20.01507, 19.421314, 15.221314, 13.225627, 10.420867, 7.892349, 5.580532, 6.980532, 6.383912, 7.21998, 9.054991, 10.988991, 12.813894, 14.806993, 16.176477, 16.864433, 17.236006, 16.811103, 16.012685, 14.607134, 12.807134, 11.021347, 9.29838, 7.90546, 7.317912, 7.361821, 8.380712, 10.132106, 11.942796, 10.330344, 8.486435, 6.05333, 3.224903, 0.0, 0.0, 0.0]"
800,"[0.0, 0.0, 0.0, 0.0, 1.6, 3.8, 6.2, 9.0, 11.807134, 13.014268, 13.642695, 13.6758, 13.21674, 12.253515, 11.058833, 9.230405, 7.244514, 5.728195, 4.90409, 4.90409, 6.312409, 8.891745, 11.689278, 14.490468, 17.097021, 19.093246, 20.466696, 21.044542, 21.023548, 20.404543, 16.0, 14.008319, 11.652228, 9.464679, 7.477131, 9.126373, 8.927126, 9.883218, 11.277425, 12.871218, 15.027235, 16.639157, 17.722455, 18.403613, 18.495854, 17.852872, 17.005091, 15.651616, 14.199866, 12.712459, 11.150181, 9.826209, 9.016852, 8.906813, 9.504055, 10.746589, 12.353111, 10.632646, 8.506617, 6.098298, 3.255764, 0.0, 0.0, 0.0]"
801,"[0.0, 0.0, 0.0, 0.0, 1.811077, 4.219396, 7.019396, 10.019396, 13.026055, 14.221637, 14.819978, 14.848405, 14.28151, 13.510919, 12.116711, 10.510052, 8.506246, 6.967568, 6.145713, 6.344339, 7.153411, 9.335449, 11.647266, 14.038312, 16.427235, 18.622706, 20.02059, 21.03335, 21.03335, 20.438902, 16.034359, 14.029815, 11.621888, 9.27265, 7.081313, 8.870167, 8.314076, 8.911318, 10.481845, 12.292534, 13.728583, 15.572492, 16.516784, 16.842846, 16.928532, 16.676842, 15.589025, 14.653023, 12.949654, 11.251517, 9.678303, 8.534325, 7.730167, 8.206954, 9.002822, 10.445356, 12.100604, 10.488152, 8.362123, 5.953804, 3.11127, 0.0, 0.0, 0.0]"
802,"[0.0, 0.0, 0.0, 0.0, 1.8, 4.2, 7.007134, 10.013793, 13.040342, 14.266891, 14.971726, 15.076637, 14.599799, 13.91419, 12.857413, 11.2086, 9.296556, 7.213947, 5.697628, 5.14207, 5.886048, 7.693182, 10.252628, 13.033558, 15.241498, 16.924796, 18.00096, 18.923677, 19.054434, 18.594558, 14.71126, 13.064031, 10.734654, 8.412559, 6.530906, 8.143358, 7.877062, 8.806884, 10.365884, 12.215754, 13.913892, 15.34412, 16.214298, 16.465987, 16.335492, 15.745197, 14.753516, 13.479545, 12.043497, 10.692739, 9.584896, 8.789029, 8.506909, 9.058994, 10.009752, 11.527796, 13.225933, 11.382024, 9.041084, 6.441084, 3.310589, 0.0, 0.0, 0.0]"
803,"[0.0, 0.0, 0.0, 0.0, 1.697056, 3.959798, 6.368117, 9.058842, 12.058842, 13.246226, 13.666766, 13.858447, 13.321789, 12.29156, 11.056361, 9.450113, 7.415798, 6.061732, 5.223331, 4.988303, 6.174012, 8.153911, 10.748023, 13.293607, 16.0025, 17.862863, 19.479009, 20.246627, 20.343265, 19.71873, 15.595624, 13.995144, 11.53047, 9.545731, 7.659612, 9.470689, 9.063505, 9.966449, 11.041159, 12.659806, 14.266331, 15.717816, 16.661825, 17.34227, 17.409655, 17.096889, 16.121927, 15.011023, 13.436785, 11.927155, 10.38437, 9.640577, 9.177244, 9.361538, 10.292978, 11.835763, 13.247451, 11.277679, 9.123614, 6.403319, 3.298485, 0.0, 0.0, 0.0]"
804,"[0.0, 0.0, 0.0, 0.0, 1.979899, 4.242641, 6.788225, 9.630759, 12.630759, 13.535301, 14.157001, 14.389905, 14.147371, 13.488311, 12.447779, 11.01936, 9.065492, 6.665492, 4.890237, 4.123361, 4.456194, 6.239254, 8.923695, 11.686673, 14.297458, 16.61226, 17.964377, 18.921811, 19.154046, 18.466228, 14.362571, 12.665515, 10.544106, 8.439229, 6.853442, 8.642297, 8.505584, 9.193438, 10.737416, 12.578967, 14.118776, 15.491318, 16.58157, 17.159279, 17.303514, 17.105346, 16.214456, 15.132494, 13.441582, 12.021481, 10.777782, 10.139872, 10.156368, 11.076706, 12.30305, 14.021806, 15.852034, 13.418929, 10.611795, 7.405551, 3.8, 0.0, 0.0, 0.0]"
805,"[0.0, 0.0, 0.0, 0.0, 1.811077, 4.28494, 7.092074, 10.098733, 13.098733, 14.287656, 14.813793, 14.813793, 14.215453, 13.495804, 12.306881, 10.523433, 8.516299, 6.390823, 4.935093, 4.647171, 5.771558, 7.883602, 11.09361, 14.152286, 17.069852, 19.133455, 20.625954, 21.533104, 21.649807, 20.609086, 16.204543, 14.208319, 12.017391, 9.629843, 7.672063, 9.641835, 9.707379, 10.557719, 12.397802, 14.802659, 16.912103, 18.517455, 19.634166, 20.419555, 20.622169, 20.148505, 19.300388, 18.036309, 16.272249, 14.622557, 13.425325, 12.66809, 12.285868, 12.9425, 14.041071, 15.682443, 17.703021, 15.173199, 12.042703, 8.544132, 4.494441, 0.0, 0.0, 0.0]"
806,"[0.0, 0.0, 0.0, 0.0, 2.280351, 5.143915, 8.055959, 11.160794, 14.391893, 15.422131, 15.869156, 16.087607, 15.761261, 15.137843, 13.671163, 11.802794, 9.49692, 7.350887, 5.743206, 5.422452, 6.260582, 8.348005, 11.321101, 13.998056, 16.679661, 18.964395, 20.717112, 21.273291, 21.646027, 21.161483, 16.596398, 14.539318, 12.347359, 9.711881, 7.40588, 9.018331, 8.390549, 8.966362, 10.663418, 12.643317, 14.990664, 17.114422, 18.410712, 19.019657, 19.34576, 18.714625, 17.389457, 16.155263, 14.414947, 12.538641, 11.179749, 10.681611, 10.47393, 11.294031, 12.850122, 14.680351, 16.804543, 14.404543, 11.604543, 8.204543, 4.404543, 0.0, 0.0, 0.0]"
807,"[0.0, 0.0, 0.0, 0.0, 2.126029, 4.687279, 7.515706, 10.48892, 13.60019, 14.880038, 15.599032, 15.823472, 15.457939, 14.582738, 12.965715, 10.966096, 8.478914, 6.271233, 4.929592, 4.861203, 6.021889, 8.176497, 11.056741, 13.723213, 15.823743, 17.342229, 18.725592, 19.415235, 19.415235, 19.155139, 15.195341, 13.217713, 10.968292, 8.863415, 6.702516, 8.314968, 8.075735, 8.916519, 10.433711, 12.474641, 14.467741, 16.186496, 17.230798, 17.657584, 17.347149, 16.872093, 15.683151, 14.313668, 12.893566, 11.483536, 10.002283, 9.595649, 9.568654, 10.395888, 11.682083, 13.638392, 15.648367, 13.439295, 10.632161, 7.625502, 4.01995, 0.0, 0.0, 0.0]"
808,"[0.0, 0.0, 0.0, 0.0, 2.009975, 4.617656, 7.417656, 10.417656, 13.417656, 14.41434, 14.833208, 14.945252, 14.575842, 13.61545, 12.258032, 10.645697, 8.533653, 6.185906, 4.946299, 4.71127, 5.307031, 7.314165, 10.037982, 12.643859, 15.229645, 17.21967, 18.432487, 19.047982, 19.264258, 18.290808, 14.290808, 12.47993, 10.470227, 8.304095, 6.558171, 8.207413, 8.234409, 9.252546, 10.624951, 12.837176, 14.731943, 16.172831, 17.219197, 18.067725, 17.885464, 17.294419, 16.403142, 15.067127, 13.400146, 12.089557, 11.176201, 10.626591, 10.893332, 11.936224, 13.377154, 15.057762, 17.101881, 14.4942, 11.441332, 8.000402, 4.280187, 0.0, 0.0, 0.0]"
809,"[0.0, 0.0, 0.0, 0.0, 2.0, 4.607681, 7.215362, 10.022496, 12.850923, 13.762967, 14.1285, 14.306496, 13.915972, 13.323613, 12.200423, 10.683231, 8.722175, 6.752779, 5.341332, 4.966691, 5.520645, 7.326613, 9.707826, 12.18169, 14.311485, 15.978465, 17.470982, 18.400213, 18.679438, 18.265924, 14.588968, 12.806803, 10.698386, 8.520677, 6.846204, 8.566669, 8.351758, 9.143827, 10.464121, 12.413977, 14.370467, 15.921393, 17.157037, 17.84262, 17.716987, 17.013245, 15.89754, 14.483326, 12.964245, 11.472856, 10.53925, 10.187072, 10.532012, 11.452349, 13.069372, 14.835024, 16.630948, 14.023267, 11.216134, 7.810256, 4.004997, 0.0, 0.0, 0.0]"
810,"[0.0, 0.0, 0.0, 0.0, 1.612452, 3.775782, 6.383463, 8.991144, 11.833678, 13.332497, 14.0117, 14.0117, 13.910012, 13.230808, 11.73199, 10.020827, 8.413146, 6.707153, 5.885463, 5.885463, 7.034443, 9.034443, 11.795342, 14.173916, 16.952364, 19.058356, 20.444698, 21.121724, 21.4512, 20.665852, 16.279509, 14.939476, 13.207545, 11.137752, 9.501973, 11.782323, 11.543148, 12.043814, 13.469793, 15.347098, 17.111497, 18.776499, 19.849055, 20.619301, 20.757196, 20.317997, 18.950696, 17.735045, 16.422486, 14.837515, 14.039097, 13.797826, 13.980571, 14.427596, 15.874673, 17.272299, 18.795077, 15.748768, 12.438178, 8.591102, 4.386342, 0.0, 0.0, 0.0]"
811,"[0.0, 0.0, 0.0, 0.0, 1.697056, 3.676955, 5.957306, 8.502891, 11.193615, 12.496559, 13.295149, 13.69808, 13.306561, 12.769902, 11.667269, 10.230421, 8.37176, 6.85015, 5.32854, 4.431173, 4.701984, 6.318674, 8.127529, 10.657351, 13.155923, 15.036321, 16.389743, 17.743165, 17.998489, 17.604753, 14.111903, 12.471236, 10.646274, 8.925729, 7.433345, 9.244422, 9.090356, 9.720585, 11.023529, 12.617321, 14.411795, 16.061453, 17.11111, 17.798928, 17.891169, 17.390452, 16.461089, 15.479764, 14.200265, 12.901781, 12.270809, 12.080337, 12.190493, 12.944452, 14.443023, 15.742752, 17.331182, 14.552693, 11.390416, 7.891845, 4.118252, 0.0, 0.0, 0.0]"
812,"[0.0, 0.0, 0.0, 0.0, 1.720465, 3.607261, 6.02387, 8.809548, 11.595226, 12.660438, 13.404231, 13.618212, 13.041606, 12.465001, 11.279323, 10.048734, 8.242766, 6.599379, 5.190307, 4.61011, 4.859353, 6.2708, 8.617158, 11.042061, 13.827517, 15.983534, 17.552726, 18.640682, 19.215779, 18.610519, 14.80526, 13.6, 11.609975, 9.459217, 7.979682, 9.700147, 8.986944, 9.393578, 10.530013, 11.782762, 13.555147, 14.798846, 15.60714, 16.046365, 16.353395, 15.580839, 15.058025, 14.274433, 13.203596, 11.96296, 11.252641, 10.84496, 11.01133, 11.685691, 12.944568, 14.478602, 16.207978, 13.600297, 10.77187, 7.473386, 3.929377, 0.0, 0.0, 0.0]"
813,"[0.0, 0.0, 0.0, 0.0, 1.414214, 3.394113, 5.520142, 7.961453, 10.569134, 11.571529, 12.00824, 12.22315, 11.821447, 11.223741, 10.207132, 8.790523, 6.849583, 5.009975, 3.565685, 3.44631, 4.166775, 6.029517, 8.390767, 10.877949, 12.822227, 14.501762, 15.915976, 16.898735, 17.008145, 16.756456, 13.356456, 12.09611, 10.438897, 8.690833, 7.173641, 8.786093, 8.569483, 9.282687, 10.668474, 12.618329, 14.405877, 15.805877, 16.611755, 17.235203, 17.252774, 16.859434, 16.066567, 15.26069, 14.444923, 13.257542, 12.591823, 12.39237, 12.400051, 13.072614, 14.397445, 16.026391, 17.522367, 14.914686, 11.634442, 8.073544, 4.103657, 0.0, 0.0, 0.0]"
814,"[0.0, 0.0, 0.0, 0.0, 2.0, 4.209072, 6.839661, 9.668089, 12.580133, 13.36581, 14.109703, 14.086794, 13.699678, 12.674431, 11.609218, 9.550681, 7.390213, 5.231745, 4.16957, 3.863318, 4.978866, 6.767721, 9.396922, 11.924912, 14.187653, 15.935337, 17.456928, 18.4895, 18.910482, 18.45843, 14.700771, 13.550793, 11.760242, 9.599102, 7.98665, 9.635892, 8.915007, 9.202253, 10.151051, 11.511813, 13.142815, 14.696949, 15.696568, 16.360221, 16.61191, 16.284631, 15.451382, 14.451763, 13.206759, 12.107885, 11.041716, 10.670103, 10.859382, 11.70791, 12.987758, 14.506839, 16.070771, 13.440182, 10.611755, 7.205877, 3.8, 0.0, 0.0, 0.0]"
815,"[0.0, 0.0, 0.0, 0.0, 1.897367, 4.238307, 6.921588, 9.967897, 13.098393, 14.201026, 14.860086, 15.019338, 14.518614, 13.668469, 12.512378, 10.643749, 8.649743, 6.304159, 4.656263, 4.028907, 4.708613, 6.333948, 9.045992, 11.644636, 14.105039, 16.141038, 17.165746, 17.973917, 18.463033, 17.786078, 13.939001, 12.603761, 10.853317, 8.547316, 6.961529, 8.573981, 8.573981, 9.446744, 11.1438, 12.98535, 14.933798, 16.331366, 17.209047, 17.817992, 18.060799, 17.4999, 16.71749, 15.604956, 13.86464, 12.5294, 11.870339, 11.621673, 12.073404, 13.54604, 15.229786, 16.893843, 18.768564, 15.709152, 12.256617, 8.40954, 4.404543, 0.0, 0.0, 0.0]"
816,"[0.0, 0.0, 0.0, 0.0, 1.523155, 3.864095, 6.337958, 9.201522, 12.065086, 13.601343, 14.067537, 14.393674, 13.93011, 13.275618, 11.63042, 9.623286, 7.423286, 5.223286, 3.862742, 3.890749, 5.254079, 7.337361, 10.36846, 13.125483, 15.56656, 17.482445, 18.843913, 19.617811, 19.817519, 19.340099, 15.260883, 13.624453, 11.516822, 9.324014, 7.360358, 9.257724, 9.129756, 10.095954, 11.542914, 13.553229, 15.502939, 17.301804, 18.423211, 19.348771, 19.501787, 18.885809, 17.718638, 16.64571, 15.069057, 13.863506, 13.040726, 12.658504, 12.792769, 13.514945, 14.791901, 16.774481, 18.909421, 15.863112, 12.732616, 9.055661, 4.664762, 0.0, 0.0, 0.0]"
817,"[0.0, 0.0, 0.0, 0.0, 2.2, 4.6, 7.4, 10.406659, 13.466071, 14.325483, 15.030318, 15.142362, 14.665524, 13.947053, 12.785008, 10.896725, 8.784681, 7.103387, 5.979, 5.881633, 7.065081, 9.27174, 12.228471, 15.056668, 17.335884, 19.496586, 20.666049, 21.098714, 21.103655, 20.701395, 16.140693, 14.494393, 12.53682, 10.287128, 8.133328, 9.977236, 9.727765, 10.055095, 11.255095, 13.060604, 14.93691, 16.498434, 17.850551, 18.810349, 19.169503, 18.705052, 17.974448, 16.857184, 14.877285, 13.159239, 11.800841, 10.898643, 10.456109, 11.283344, 12.320232, 13.915715, 15.58994, 13.18994, 10.382807, 7.376147, 3.883298, 0.0, 0.0, 0.0]"
818,"[0.0, 0.0, 0.0, 0.0, 1.8, 4.2, 7.0, 9.8, 12.806659, 14.013319, 14.476883, 14.150746, 13.82461, 12.715317, 11.231812, 9.192869, 7.351461, 5.477598, 4.796784, 5.084706, 6.733948, 9.160905, 12.407981, 15.196426, 17.785349, 19.711485, 21.092794, 21.686438, 21.726191, 21.173268, 16.773268, 14.740866, 12.509218, 10.076919, 7.926899, 9.896671, 10.018174, 10.721145, 12.601544, 14.889459, 17.157612, 18.865714, 20.340012, 21.051921, 20.914027, 20.174674, 19.067245, 17.364184, 15.689247, 14.122521, 12.82395, 11.973805, 11.820346, 12.421019, 13.639239, 15.488931, 17.599479, 15.069657, 11.939162, 8.440591, 4.3909, 0.0, 0.0, 0.0]"
819,"[0.0, 0.0, 0.0, 0.0, 1.897367, 4.617661, 7.481225, 10.706128, 13.931031, 15.258568, 15.700551, 15.679521, 14.862937, 13.900775, 12.118093, 10.297456, 8.254922, 6.846603, 6.026082, 6.553633, 7.932286, 10.178595, 12.936254, 15.884933, 18.519508, 20.403559, 22.07742, 22.724304, 22.585462, 21.802111, 17.197766, 15.19789, 12.763119, 10.322137, 8.31222, 10.281991, 10.281991, 11.474497, 13.224319, 15.29654, 17.606955, 18.936352, 20.164974, 20.808835, 20.772614, 20.070136, 19.066754, 17.539418, 15.49799, 13.650913, 12.073204, 11.367835, 11.172604, 12.215517, 13.621394, 15.421394, 17.280454, 14.612121, 11.405877, 8.0, 4.2, 0.0, 0.0, 0.0]"
820,"[0.0, 0.0, 0.0, 0.0, 2.2, 5.0, 8.0, 11.405877, 14.811755, 16.06429, 16.323702, 16.428536, 15.934703, 14.809177, 13.254008, 11.60881, 9.328596, 7.049008, 5.968657, 5.47129, 6.465396, 8.647434, 11.420855, 14.020855, 16.620855, 18.61708, 20.051141, 20.690013, 20.73709, 19.796502, 15.391959, 13.151238, 10.520702, 8.115846, 6.498655, 8.396021, 8.60434, 10.196786, 12.160443, 14.60152, 16.783369, 18.551172, 19.720636, 20.36445, 20.158107, 19.209387, 17.716546, 16.070245, 13.831631, 11.954676, 10.721547, 10.201597, 10.279455, 11.724142, 13.88394, 16.090231, 18.169541, 15.56186, 12.306096, 8.346298, 4.242641, 0.0, 0.0, 0.0]"
821,"[0.0, 0.0, 0.0, 0.0, 1.969772, 4.123837, 6.807119, 9.670683, 12.623648, 13.432365, 14.056788, 13.814818, 13.231604, 12.122548, 11.041116, 9.262627, 7.453772, 5.805876, 4.961967, 4.679125, 5.767186, 7.855024, 10.453668, 12.946518, 15.557226, 17.587417, 18.640716, 19.251491, 19.364193, 18.33927, 14.221018, 12.417197, 9.989536, 7.798199, 6.41065, 8.390549, 9.111502, 10.821389, 12.945536, 15.01004, 17.000028, 18.432409, 19.308309, 19.54354, 19.538097, 18.730488, 17.385871, 15.827182, 14.033489, 12.331748, 11.066837, 10.696667, 11.255356, 12.475457, 14.505686, 16.813078, 19.009105, 16.009105, 12.809105, 8.809105, 4.604346, 0.0, 0.0, 0.0]"
822,"[0.0, 0.0, 0.0, 0.0, 1.897367, 4.238307, 7.101871, 9.965435, 13.018303, 14.345839, 15.167177, 15.146147, 14.690901, 13.900775, 12.675872, 10.955815, 8.937902, 7.354204, 6.433104, 6.13016, 7.096258, 9.114171, 11.695427, 14.030742, 16.15468, 17.869467, 19.150038, 19.627459, 19.833801, 19.34147, 15.218364, 13.503577, 11.62028, 9.445783, 7.91712, 10.126192, 10.386206, 11.29825, 12.887933, 14.971231, 16.609236, 18.183544, 19.076759, 19.578275, 19.100854, 18.453777, 17.011137, 15.805877, 14.214949, 12.706439, 11.506439, 11.114758, 11.060342, 12.013548, 13.67708, 15.957267, 17.953491, 15.407906, 12.245629, 8.68473, 4.404543, 0.0, 0.0, 0.0]"
823,"[0.0, 0.0, 0.0, 0.0, 1.612452, 3.582223, 5.923163, 8.452985, 10.982807, 12.23392, 13.127713, 13.195092, 12.874342, 12.14452, 10.695169, 9.048157, 7.639838, 6.255387, 5.855387, 6.252251, 7.444017, 9.450676, 12.031932, 14.431932, 16.620855, 18.217533, 19.651595, 20.324933, 20.37201, 19.824545, 15.819548, 13.778828, 11.908684, 10.031379, 8.859195, 11.404779, 12.004779, 13.12437, 14.874814, 16.999006, 18.987735, 20.796061, 22.001712, 22.385153, 21.822485, 20.84907, 19.601643, 17.909863, 16.351791, 15.015909, 13.984832, 13.287498, 13.451623, 14.711298, 16.210302, 18.284826, 20.457133, 17.450473, 13.645214, 9.640217, 5.035871, 0.0, 0.0, 0.0]"
824,"[0.0, 0.0, 0.0, 0.0, 1.414214, 3.614214, 6.014214, 8.422532, 11.229666, 12.679017, 13.342581, 13.472403, 13.033856, 12.196494, 10.856084, 8.817141, 7.087319, 5.966075, 5.337945, 5.712157, 7.167886, 9.27993, 11.662501, 13.997816, 15.947526, 17.716866, 18.854514, 19.673106, 19.716366, 19.197952, 15.148261, 13.604563, 11.835222, 9.915007, 8.866695, 11.207634, 11.48013, 12.330275, 14.377352, 16.30176, 18.347162, 20.186032, 21.23166, 21.560705, 21.239244, 20.345751, 18.833228, 17.569149, 16.076308, 14.800691, 13.853426, 13.591125, 14.007744, 14.823034, 16.265044, 18.384221, 20.553673, 17.22501, 13.726438, 9.676747, 5.011986, 0.0, 0.0, 0.0]"
825,"[0.0, 0.0, 0.0, 0.0, 1.811077, 4.219396, 6.887729, 9.94714, 13.051975, 14.471997, 14.927243, 15.037399, 14.310368, 13.368863, 11.750216, 10.228293, 8.249804, 6.765951, 5.944261, 6.229176, 7.041601, 9.105166, 11.749487, 14.432769, 16.653654, 19.16435, 20.627447, 21.575318, 21.550396, 20.712388, 16.047626, 14.162276, 11.875621, 9.885596, 8.416429, 10.570495, 10.907673, 11.915885, 13.511461, 15.305935, 16.925461, 18.265225, 19.48929, 20.121662, 20.378753, 20.022762, 19.135608, 17.432548, 15.527004, 13.508272, 11.934579, 10.857546, 10.894559, 11.667013, 13.510922, 15.746228, 17.867674, 15.14738, 12.042545, 8.354727, 4.275512, 0.0, 0.0, 0.0]"
826,"[0.0, 0.0, 0.0, 0.0, 1.414214, 3.540243, 5.802984, 8.364234, 10.971915, 12.510666, 13.170315, 13.248513, 12.841329, 11.88289, 10.385948, 8.677303, 6.902049, 5.547983, 4.975773, 5.132203, 6.291238, 8.678517, 11.10342, 13.604096, 16.041336, 17.854959, 19.0251, 19.923303, 20.27497, 19.523764, 15.474072, 13.691907, 11.455597, 9.246686, 7.737056, 9.973124, 10.239865, 11.553068, 13.238481, 15.254886, 17.038768, 18.451037, 19.330253, 19.807673, 19.495264, 18.827924, 17.720018, 16.271392, 14.597166, 13.104316, 11.791313, 11.115337, 11.092429, 12.163601, 13.569478, 15.350865, 17.394984, 14.787303, 11.507059, 8.101182, 4.280187, 0.0, 0.0, 0.0]"
827,"[0.0, 0.0, 0.0, 0.0, 1.264911, 3.053765, 5.112891, 7.276222, 9.684541, 10.827949, 11.584679, 11.933872, 11.933872, 11.412349, 10.446251, 8.795094, 6.95246, 5.189129, 3.868019, 3.706423, 4.698792, 6.694356, 8.985081, 11.543495, 13.656983, 15.612061, 16.892686, 17.807513, 18.288964, 17.894852, 14.052977, 12.619421, 10.900666, 9.139024, 8.139024, 10.148999, 10.270502, 11.545984, 13.054686, 14.984062, 17.097193, 18.690476, 19.607414, 20.075798, 19.56987, 18.671668, 17.179151, 15.533041, 13.681818, 12.145165, 11.183004, 10.715745, 10.965922, 12.227249, 13.918162, 15.502497, 17.543925, 14.860644, 11.629545, 8.051836, 4.204759, 0.0, 0.0, 0.0]"
828,"[0.0, 0.0, 0.0, 0.0, 1.8, 3.8, 6.2, 8.8, 11.806659, 13.033208, 14.059758, 14.380052, 14.309874, 13.539283, 12.301588, 10.53995, 8.839459, 6.709637, 5.039255, 4.270204, 4.617745, 6.00626, 8.213941, 10.674805, 12.953485, 14.885043, 16.461695, 17.459566, 17.850618, 17.783232, 14.239223, 12.408318, 10.613843, 8.808693, 7.366449, 9.063505, 9.07277, 10.146134, 11.58655, 13.403247, 15.548065, 17.226609, 18.019123, 18.360368, 17.878917, 16.727767, 15.431477, 13.754522, 12.247205, 10.772348, 9.8927, 9.357091, 9.790196, 10.623694, 12.079286, 13.761059, 15.8303, 13.397194, 10.6769, 7.572065, 4.079216, 0.0, 0.0, 0.0]"
829,"[0.0, 0.0, 0.0, 0.0, 1.4, 3.211077, 5.221052, 7.45712, 9.737471, 10.811334, 11.416867, 11.642959, 11.570222, 11.010336, 9.878114, 8.310033, 6.521178, 4.64069, 3.552681, 3.41104, 4.373589, 6.135447, 8.681032, 11.107988, 13.260599, 15.244255, 16.897825, 17.562247, 17.813425, 17.591309, 13.796576, 12.214285, 10.73141, 9.231898, 7.99877, 9.842678, 10.107912, 10.940471, 12.253494, 14.043945, 15.887854, 17.302067, 18.419331, 18.983049, 18.550996, 17.987278, 16.718205, 15.303991, 13.460082, 12.101685, 11.017193, 10.326468, 10.213988, 11.198507, 12.360552, 13.970601, 15.817678, 13.384573, 10.556146, 7.496734, 3.847077, 0.0, 0.0, 0.0]"
830,"[0.0, 0.0, 0.0, 0.0, 1.341641, 3.400767, 5.459893, 7.792274, 10.233585, 11.582669, 12.214268, 12.435492, 12.266442, 11.884257, 10.535173, 8.921481, 7.362241, 5.39891, 3.786998, 3.52239, 4.342723, 5.953994, 8.361675, 10.914461, 13.093192, 14.883644, 16.511061, 17.591198, 18.152096, 18.020432, 14.332614, 12.653167, 11.024476, 9.307486, 8.193361, 10.232969, 10.369227, 10.993383, 12.279969, 13.762844, 15.585877, 17.03191, 18.143361, 18.807599, 18.66736, 17.966997, 16.578218, 15.200094, 13.464487, 11.955785, 10.637416, 10.399621, 10.263363, 11.067801, 12.283304, 14.089052, 15.782361, 13.50201, 10.638446, 7.579034, 3.929377, 0.0, 0.0, 0.0]"
831,"[0.0, 0.0, 0.0, 0.0, 1.341641, 3.400767, 5.733148, 8.174459, 11.016993, 12.503779, 13.135378, 13.244308, 13.135378, 12.35197, 11.420909, 9.995096, 8.274895, 6.225357, 4.449073, 3.272817, 3.349547, 4.687562, 6.910713, 9.470404, 11.873394, 13.787517, 15.122503, 16.304328, 16.717558, 16.566672, 13.310908, 12.197147, 10.229794, 8.430052, 6.871051, 8.768418, 8.820448, 9.707664, 11.251642, 13.166092, 14.767296, 16.040467, 16.925636, 17.236225, 17.13866, 16.613303, 15.424361, 14.167579, 12.577455, 10.908406, 9.458347, 9.081345, 9.081345, 10.168014, 11.612623, 13.295713, 15.061364, 12.825296, 10.018163, 7.011503, 3.80526, 0.0, 0.0, 0.0]"
832,"[0.0, 0.0, 0.0, 0.0, 1.264911, 3.234683, 5.388749, 7.918571, 10.54916, 11.914838, 12.552748, 12.998682, 12.877178, 12.256564, 11.437052, 10.045924, 8.270545, 6.062226, 4.452251, 3.535601, 3.583959, 4.72911, 7.249404, 9.954239, 12.48326, 15.039344, 16.874832, 17.954538, 18.249703, 18.026254, 14.20526, 12.808319, 10.852228, 9.339024, 7.701074, 9.670846, 9.792349, 11.053275, 12.464963, 14.395763, 16.355368, 17.754922, 18.635059, 18.942126, 18.866878, 18.1686, 17.024901, 15.193995, 13.598419, 11.980818, 10.759694, 10.128082, 10.574016, 11.427605, 13.027605, 14.689142, 16.382153, 13.782153, 10.918589, 7.518589, 3.847077, 0.0, 0.0, 0.0]"
833,"[0.0, 0.0, 0.0, 0.0, 1.697056, 3.959798, 6.505382, 9.196107, 12.196107, 13.661329, 14.451454, 14.769434, 14.678709, 14.208532, 13.20032, 11.796695, 10.010163, 7.975849, 6.246027, 5.168994, 5.406548, 6.565583, 8.863461, 11.109771, 13.638289, 15.546226, 17.433264, 18.648915, 19.290423, 19.177722, 15.382989, 13.980177, 12.055028, 10.426336, 8.820282, 10.790054, 10.502865, 10.979388, 12.126506, 13.663158, 15.315541, 16.50459, 17.561818, 17.899583, 17.828746, 17.179806, 16.277946, 15.11995, 13.615549, 12.062938, 10.900801, 10.150279, 9.590228, 9.883001, 10.967442, 12.485028, 13.956187, 11.986415, 9.654035, 6.769594, 3.44093, 0.0, 0.0, 0.0]"
834,"[0.0, 0.0, 0.0, 0.0, 1.649242, 3.68885, 6.218672, 8.938966, 11.767393, 13.324395, 14.484787, 14.754965, 14.642352, 14.222244, 13.025975, 11.438427, 9.65823, 7.875171, 5.914065, 4.90409, 4.90409, 5.894261, 7.70023, 10.477919, 12.883796, 14.871345, 16.866367, 17.841329, 18.221977, 18.022343, 14.422343, 13.017346, 11.42177, 9.465461, 7.821267, 9.708064, 9.262129, 9.781976, 10.853028, 12.643589, 14.362344, 15.81383, 16.889559, 17.746974, 17.619266, 17.066582, 16.144312, 14.774829, 13.166892, 11.753066, 10.500198, 9.627994, 9.545992, 10.259502, 11.311989, 12.736892, 14.503524, 12.349458, 9.666176, 6.802612, 3.577709, 0.0, 0.0, 0.0]"
835,"[0.0, 0.0, 0.0, 0.0, 1.456022, 3.105264, 5.341332, 7.774437, 10.382118, 11.533777, 12.484535, 12.656786, 12.459749, 11.891676, 10.933237, 9.598148, 7.822285, 5.986217, 4.346609, 3.71717, 3.908281, 5.315434, 7.348539, 9.975088, 12.161528, 14.105506, 15.665898, 16.63867, 17.017998, 16.818414, 13.418414, 12.018414, 10.261779, 8.379056, 7.069453, 8.956249, 8.844311, 9.668932, 11.205189, 12.763897, 14.42111, 15.877057, 17.008745, 17.442183, 17.497008, 16.816563, 15.955836, 14.766894, 13.313652, 11.615514, 10.364402, 9.720728, 9.58447, 10.228143, 11.479256, 13.266804, 14.804905, 12.524555, 9.841273, 6.977709, 3.577709, 0.0, 0.0, 0.0]"
836,"[0.0, 0.0, 0.0, 0.0, 1.612452, 3.84852, 6.281625, 8.949957, 11.735635, 13.354282, 13.981779, 14.327162, 14.266511, 13.606862, 12.219672, 10.770321, 8.712943, 6.552475, 4.992132, 4.225256, 4.267064, 5.585562, 7.571453, 9.791445, 11.945511, 13.982339, 15.52044, 16.665044, 17.279366, 17.101135, 13.608285, 12.536569, 10.667661, 8.681875, 7.043221, 8.566375, 8.040281, 8.45751, 9.76359, 11.322591, 13.0552, 14.469414, 15.737497, 16.272967, 16.423853, 15.888383, 14.935582, 13.521368, 12.109513, 10.327054, 9.062782, 8.233922, 8.254023, 8.619187, 9.710651, 11.281178, 12.89363, 10.89363, 8.684557, 6.251452, 3.224903, 0.0, 0.0, 0.0]"
837,"[0.0, 0.0, 0.0, 0.0, 1.341641, 3.228437, 5.464505, 7.881114, 10.481114, 11.739473, 12.52101, 12.718047, 12.51051, 11.91051, 10.91051, 9.442177, 7.609072, 5.682843, 4.130056, 3.378584, 3.875641, 5.40167, 7.560138, 9.891413, 12.353474, 14.149268, 15.700194, 16.864434, 17.503547, 17.355236, 13.862386, 12.60204, 10.716953, 8.861402, 7.222279, 8.83473, 8.627193, 9.514409, 10.978909, 12.680657, 14.491654, 15.904736, 16.902606, 17.281934, 17.257031, 16.833583, 15.811429, 14.414949, 13.019047, 11.46829, 10.355086, 9.598995, 9.515952, 9.947288, 10.905726, 12.071798, 13.83344, 11.707411, 9.2661, 6.658419, 3.605551, 0.0, 0.0, 0.0]"
838,"[0.0, 0.0, 0.0, 0.0, 1.697056, 3.676955, 6.238205, 8.958499, 11.84294, 13.030325, 13.828915, 14.046154, 13.92586, 13.321769, 12.52539, 11.202923, 9.501467, 7.467153, 5.786802, 4.775773, 4.881801, 5.930797, 7.806423, 10.090864, 12.066699, 14.082358, 15.713987, 17.030335, 17.822849, 18.001081, 14.423372, 13.171706, 11.300843, 9.320944, 7.613, 9.225451, 8.729434, 9.078706, 9.814754, 11.351011, 12.994324, 14.407797, 15.396632, 16.169771, 16.117019, 15.861255, 14.837806, 13.812903, 12.206659, 10.656022, 8.997663, 8.294719, 7.938628, 8.338628, 9.214987, 10.651835, 11.907743, 10.063834, 8.063834, 5.731453, 2.952965, 0.0, 0.0, 0.0]"
839,"[0.0, 0.0, 0.0, 0.0, 1.612452, 3.582223, 6.088216, 8.695897, 11.416191, 12.646274, 13.519036, 13.855577, 13.96819, 13.528247, 12.685713, 11.2854, 9.442865, 7.443682, 5.763331, 4.611859, 4.611859, 5.611859, 7.171099, 9.413634, 11.82087, 13.91701, 15.604828, 16.885376, 17.603741, 17.510254, 13.971893, 12.564426, 10.983426, 9.034979, 7.328723, 8.928723, 8.492281, 8.792733, 9.710104, 11.117646, 12.563955, 13.951145, 14.775629, 15.305219, 15.305219, 14.927243, 14.129249, 13.260482, 11.909871, 10.569461, 9.343349, 8.352464, 7.728848, 7.989819, 8.807604, 10.085678, 11.689766, 10.077315, 8.107543, 5.766603, 3.046309, 0.0, 0.0, 0.0]"
840,"[0.0, 0.0, 0.0, 0.0, 1.442221, 3.329017, 5.565085, 8.165085, 10.950762, 12.228836, 12.972629, 13.344242, 13.152561, 12.766883, 11.846589, 10.416, 8.808319, 6.847214, 4.847214, 3.871835, 3.936746, 4.906517, 6.989126, 9.50117, 12.169399, 14.526642, 16.179024, 17.254753, 17.948261, 17.861288, 14.239134, 13.224661, 11.658717, 10.022938, 8.314117, 10.200913, 9.8293, 10.509986, 11.513428, 13.168983, 14.887738, 16.257221, 17.294586, 17.899081, 17.875134, 17.494485, 16.752498, 15.678121, 14.33648, 12.977588, 11.563762, 10.700198, 10.425235, 10.819757, 11.762029, 13.303563, 14.847572, 12.439253, 9.808664, 6.89662, 3.544009, 0.0, 0.0, 0.0]"
841,"[0.0, 0.0, 0.0, 0.0, 1.612452, 3.423529, 5.856634, 8.487223, 11.399267, 12.572493, 13.62498, 13.875157, 14.129008, 13.549345, 12.763668, 11.462153, 9.673299, 7.236071, 5.186533, 4.011155, 3.665657, 4.810838, 6.796729, 9.42593, 11.95392, 14.342919, 16.06097, 17.474942, 18.23441, 18.210462, 14.604911, 13.530534, 11.837523, 9.977088, 8.459502, 10.429273, 9.745992, 10.153175, 11.170525, 12.483548, 14.052138, 15.590499, 16.717067, 17.32957, 17.367748, 16.991664, 16.337744, 15.211176, 13.933577, 12.468355, 11.306078, 10.391408, 9.984225, 10.451483, 11.582854, 12.789098, 14.242775, 12.088709, 9.45812, 6.629692, 3.423449, 0.0, 0.0, 0.0]"
842,"[0.0, 0.0, 0.0, 0.0, 1.6, 3.609975, 6.217656, 9.244205, 12.270754, 13.833032, 14.985335, 15.241218, 14.89795, 14.203782, 13.204835, 11.831412, 10.04488, 8.161599, 6.394904, 5.308606, 5.168994, 6.246027, 8.231704, 11.08362, 13.764246, 16.059621, 17.850171, 19.226224, 19.808622, 19.892838, 15.948222, 15.003605, 13.174255, 11.328321, 9.297524, 11.108601, 10.262667, 10.613567, 11.512369, 12.75416, 14.343083, 15.860529, 16.934906, 17.639697, 18.192381, 18.144992, 17.635758, 16.663776, 15.43594, 13.889514, 12.4237, 10.958478, 10.336131, 10.042377, 10.583251, 11.858733, 13.514287, 11.350957, 9.114889, 6.514889, 3.352611, 0.0, 0.0, 0.0]"
843,"[0.0, 0.0, 0.0, 0.0, 1.56205, 3.405959, 5.68631, 8.377034, 11.350248, 12.630732, 13.565312, 13.968243, 13.783511, 13.046365, 12.101198, 10.778731, 8.81656, 6.75778, 4.968926, 3.920088, 4.161122, 5.720362, 8.101576, 10.765632, 13.478003, 15.664244, 17.602898, 18.892723, 19.899705, 20.010318, 16.127021, 14.591298, 12.914357, 10.640014, 8.688967, 10.500044, 9.816762, 9.808556, 10.828211, 12.167158, 14.005738, 15.655396, 16.871948, 17.829379, 18.375518, 17.932105, 17.289107, 16.446583, 14.83466, 13.239084, 11.876749, 10.590555, 9.62733, 9.698609, 10.296315, 11.230895, 12.640925, 10.797016, 8.516665, 5.908984, 3.130495, 0.0, 0.0, 0.0]"
844,"[0.0, 0.0, 0.0, 0.0, 1.523155, 3.759223, 6.265215, 8.872896, 11.872896, 13.473842, 14.349043, 14.816264, 15.051118, 14.492429, 13.53166, 12.140855, 10.333831, 8.056983, 6.062885, 4.620665, 4.24184, 5.311718, 7.162642, 9.761737, 12.369291, 14.633201, 16.280431, 17.705696, 18.347205, 18.274305, 14.668754, 13.476181, 11.797637, 9.632974, 7.791424, 9.056335, 8.086075, 7.766653, 8.789083, 10.203297, 12.049655, 13.584954, 14.99681, 15.892155, 16.187828, 16.076558, 15.428475, 14.614022, 13.017001, 11.589957, 10.152007, 9.000348, 8.370114, 8.726205, 9.437468, 10.703845, 12.472726, 10.661649, 8.461649, 6.05333, 3.224903, 0.0, 0.0, 0.0]"
845,"[0.0, 0.0, 0.0, 0.0, 1.788854, 4.024922, 6.8106, 9.941095, 13.103373, 14.476796, 15.733578, 15.97445, 15.651088, 15.08881, 14.126533, 12.633683, 11.007134, 9.024621, 6.871835, 5.496456, 4.952478, 5.706544, 7.6676, 10.382664, 13.102052, 15.333848, 17.455294, 18.689566, 19.547239, 19.608781, 15.920963, 14.452586, 12.668703, 10.297995, 8.106658, 9.719109, 8.951583, 8.951583, 10.109475, 11.72181, 13.532807, 15.115354, 16.567103, 17.447787, 17.965247, 17.704076, 17.055136, 16.087612, 14.635863, 13.327921, 12.165644, 11.202405, 10.823051, 11.003592, 11.720489, 12.945392, 14.540968, 12.200028, 9.783419, 6.830454, 3.605551, 0.0, 0.0, 0.0]"
846,"[0.0, 0.0, 0.0, 0.0, 1.649242, 3.88531, 6.492991, 9.100672, 12.100672, 13.45143, 14.222021, 14.442767, 14.465676, 13.806616, 12.846223, 11.295586, 9.29178, 7.061191, 5.167465, 4.527857, 4.671835, 6.447214, 8.847214, 11.8, 14.404997, 16.824947, 18.500459, 20.017865, 20.740971, 20.472283, 16.452332, 15.088865, 13.379139, 11.456033, 9.759333, 11.646129, 10.996827, 11.10944, 12.189684, 13.710975, 15.794065, 17.50121, 18.750803, 19.430357, 19.690453, 19.541561, 18.977551, 17.980878, 16.849507, 15.589762, 14.210079, 13.220811, 12.878186, 12.878186, 13.323596, 14.482285, 16.065676, 13.435086, 10.606659, 7.6, 4.0, 0.0, 0.0, 0.0]"
847,"[0.0, 0.0, 0.0, 0.0, 1.649242, 3.803308, 6.33313, 9.118808, 11.982372, 13.385997, 14.231932, 14.702109, 14.607157, 14.151911, 13.262374, 11.824424, 10.105049, 7.98001, 5.854534, 4.491203, 4.129153, 4.858503, 6.923407, 9.745399, 12.550951, 14.956502, 16.704186, 17.920673, 18.662915, 18.555935, 14.950384, 13.876006, 12.182995, 10.146996, 8.260876, 9.703097, 8.716871, 8.971124, 10.044488, 11.594314, 13.757645, 15.66614, 17.099696, 18.185141, 18.699819, 18.48838, 18.006929, 16.993481, 15.431914, 13.918289, 12.583303, 11.498811, 11.078702, 11.270384, 12.313297, 13.677619, 15.521309, 13.11299, 10.51299, 7.306746, 3.883298, 0.0, 0.0, 0.0]"
848,"[0.0, 0.0, 0.0, 0.0, 1.649242, 3.803308, 6.33313, 9.437965, 12.464514, 14.040175, 15.092353, 15.762531, 15.664355, 15.245487, 14.060192, 12.697857, 10.714409, 8.532371, 6.12469, 4.532296, 3.969012, 4.31451, 5.822269, 8.675137, 11.627923, 14.104957, 16.148458, 17.801049, 18.292191, 18.244802, 14.487143, 13.411414, 11.396214, 9.414255, 7.342268, 8.558821, 7.64145, 7.825745, 8.793517, 10.29857, 12.244295, 13.984454, 15.374397, 16.388584, 17.095756, 17.038314, 16.790538, 15.877118, 14.487175, 12.964097, 11.746058, 10.338279, 9.766816, 9.848818, 10.599341, 11.817379, 13.613173, 11.554047, 9.317979, 6.597685, 3.49285, 0.0, 0.0, 0.0]"
849,"[0.0, 0.0, 0.0, 0.0, 1.612452, 3.671578, 6.279259, 8.999553, 11.999553, 13.387101, 14.439245, 14.674098, 14.674098, 14.281779, 13.340905, 12.01849, 10.195759, 7.922679, 5.514998, 4.255872, 3.867017, 4.658291, 6.644182, 9.356226, 11.908837, 14.001687, 16.130153, 17.36856, 18.128028, 18.175417, 14.682567, 13.350705, 11.648964, 9.589904, 7.604118, 8.884742, 7.997527, 8.308106, 9.303335, 11.019617, 13.138992, 14.917098, 16.135318, 17.247852, 17.678256, 17.839155, 17.340584, 16.562307, 15.449773, 13.948, 12.356873, 11.16795, 10.647656, 10.47308, 11.325998, 12.518504, 14.285135, 12.085135, 9.65203, 6.739986, 3.577709, 0.0, 0.0, 0.0]"
850,"[0.0, 0.0, 0.0, 0.0, 1.414214, 3.225291, 5.434363, 7.834363, 10.634363, 12.226809, 13.244159, 13.94713, 14.076952, 13.617892, 12.581005, 11.365029, 9.347412, 7.264804, 5.123864, 3.601306, 3.444876, 4.520221, 6.602829, 9.314873, 12.092563, 14.258695, 16.109918, 17.385355, 18.278571, 18.653668, 15.031514, 13.610519, 12.014332, 9.858314, 7.672528, 9.28498, 8.728888, 8.728888, 9.88678, 11.67881, 13.67191, 15.433552, 16.846634, 17.860495, 18.342069, 17.961421, 17.460705, 16.666978, 15.653117, 14.365299, 13.349468, 12.480701, 11.622046, 11.422593, 11.742887, 12.789579, 13.947623, 11.977852, 9.370171, 6.649877, 3.394113, 0.0, 0.0, 0.0]"
851,"[0.0, 0.0, 0.0, 0.0, 1.4, 3.409975, 5.619047, 8.447474, 11.359518, 12.871562, 13.834801, 14.578693, 14.703231, 14.232498, 13.446483, 11.887483, 10.065889, 7.560138, 5.118827, 3.817419, 3.817419, 4.696023, 6.856491, 9.856491, 12.437747, 14.629085, 16.63906, 18.110594, 18.798412, 18.885385, 15.279833, 13.890473, 12.020329, 10.342486, 8.305659, 9.719872, 8.878137, 9.010005, 9.720324, 11.369137, 13.498932, 15.57272, 16.908735, 18.127984, 18.780808, 18.547388, 17.815241, 17.091251, 15.872002, 14.350411, 13.248894, 12.318399, 11.601502, 11.601502, 12.338648, 13.529576, 14.935127, 12.699059, 9.978765, 7.005551, 3.605551, 0.0, 0.0, 0.0]"
852,"[0.0, 0.0, 0.0, 0.0, 1.886796, 4.303405, 6.903405, 9.876619, 13.038897, 14.314378, 15.122672, 15.529331, 15.562777, 15.200499, 14.446541, 13.021637, 11.429192, 9.222532, 6.705375, 5.121677, 4.934129, 5.579041, 7.386722, 10.234375, 12.902604, 15.152794, 17.520856, 18.842552, 19.641433, 19.836401, 15.97376, 14.651406, 13.062969, 10.922447, 8.648843, 10.104865, 8.60003, 8.468162, 9.087627, 10.699962, 12.468843, 14.490997, 15.904079, 17.101312, 17.281006, 17.256103, 16.640609, 15.818454, 14.621222, 13.651046, 12.239901, 10.953706, 10.133605, 10.005637, 10.186178, 11.370538, 12.81235, 10.832451, 8.552101, 6.135491, 3.162278, 0.0, 0.0, 0.0]"
853,"[0.0, 0.0, 0.0, 0.0, 1.414214, 3.540243, 5.948562, 8.668856, 11.553297, 13.269578, 14.116763, 14.620488, 14.812238, 14.360902, 13.439479, 12.277342, 10.765298, 8.653254, 6.420149, 4.658291, 3.978584, 4.299049, 5.907368, 8.427663, 11.309112, 13.577741, 15.434985, 16.889308, 17.661864, 17.685811, 14.285811, 13.237924, 11.345054, 9.57267, 7.634272, 9.090294, 8.360472, 8.599773, 9.312413, 10.726626, 12.495507, 13.920411, 15.31689, 16.489336, 17.26646, 17.041557, 16.816654, 16.011103, 14.614623, 12.820149, 11.664058, 10.550854, 10.013596, 10.212843, 11.12206, 12.278151, 13.720018, 11.457276, 9.048957, 6.328663, 3.328663, 0.0, 0.0, 0.0]"
854,"[0.0, 0.0, 0.0, 0.0, 1.788854, 3.758626, 6.288448, 9.008742, 12.035291, 13.272986, 14.309874, 14.780052, 14.659758, 14.041527, 13.024953, 11.829371, 10.045924, 8.270545, 6.427911, 5.417936, 4.823412, 5.646467, 7.230165, 9.870723, 12.2766, 14.860048, 16.825437, 18.437068, 19.250775, 19.268346, 15.468346, 14.489898, 12.878267, 10.868292, 9.094085, 10.980882, 9.954333, 9.709344, 10.382651, 11.596973, 13.110177, 14.510177, 16.018358, 16.940627, 17.239341, 16.839341, 16.439341, 15.329079, 13.886858, 12.783706, 11.753478, 10.564555, 10.003305, 10.248294, 10.819757, 11.95482, 13.248578, 11.248578, 8.840259, 6.20967, 3.104835, 0.0, 0.0, 0.0]"
855,"[0.0, 0.0, 0.0, 0.0, 1.612452, 3.812452, 6.412452, 9.219585, 12.425829, 14.038281, 15.136765, 15.509979, 15.488523, 14.88996, 13.901125, 12.489437, 10.972245, 8.986567, 6.944572, 5.602931, 5.365377, 6.250295, 8.423509, 11.350673, 14.213905, 16.509279, 18.559239, 20.190371, 20.977708, 21.343155, 17.398538, 16.287882, 14.291217, 12.35197, 10.268473, 12.468473, 11.424297, 11.602293, 12.391849, 13.845091, 15.402749, 17.289787, 18.553801, 19.472997, 19.524156, 19.310506, 18.485885, 17.409408, 16.08001, 14.952611, 13.64467, 12.472214, 12.06025, 12.06025, 12.696508, 13.685344, 15.137023, 12.575773, 9.855479, 6.802612, 3.577709, 0.0, 0.0, 0.0]"
856,"[0.0, 0.0, 0.0, 0.0, 1.280625, 3.167421, 5.608732, 8.329026, 11.30224, 12.994829, 14.388277, 14.999833, 15.232504, 14.675899, 14.043625, 12.552236, 10.95539, 8.896853, 6.880244, 5.433731, 5.05909, 5.582967, 6.951281, 9.524495, 12.070998, 14.430377, 16.395095, 17.890012, 18.674457, 18.910482, 15.13689, 13.977951, 12.45636, 10.6786, 8.614096, 10.624071, 10.038394, 10.410007, 11.237241, 13.030667, 14.426569, 16.026569, 17.218888, 18.211755, 18.611137, 18.411503, 17.817747, 16.617747, 15.417747, 13.82156, 12.851384, 11.799206, 11.640517, 11.760811, 12.663009, 13.832818, 15.499747, 13.058436, 10.338142, 7.226872, 3.820995, 0.0, 0.0, 0.0]"
857,"[0.0, 0.0, 0.0, 0.0, 1.131371, 2.97528, 5.255631, 7.696942, 10.475431, 12.297024, 13.31668, 13.756623, 13.789175, 13.48455, 12.54156, 11.09221, 9.588468, 7.74706, 6.073197, 5.279774, 5.388715, 6.326229, 8.557337, 10.988436, 13.566617, 16.122678, 18.047828, 19.389023, 20.202673, 20.013491, 15.934276, 14.861719, 13.130824, 11.24014, 9.614488, 11.894838, 11.571461, 12.328696, 13.592232, 15.029934, 16.612225, 18.315286, 19.202439, 19.90309, 20.259081, 19.89501, 18.670945, 17.505658, 16.070687, 14.826917, 13.802209, 13.247613, 13.294648, 13.81761, 14.89334, 16.464226, 18.099186, 15.099186, 11.892942, 8.28739, 4.242641, 0.0, 0.0, 0.0]"
858,"[0.0, 0.0, 0.0, 0.0, 1.969772, 4.302152, 7.302152, 10.582396, 14.120757, 15.689347, 16.895328, 17.175571, 17.057605, 16.297733, 15.091752, 13.523163, 11.685139, 9.522862, 7.944373, 6.953633, 6.82777, 7.826861, 9.826861, 12.232412, 15.009023, 17.63725, 19.668075, 21.237539, 22.059177, 22.117047, 17.644911, 16.403874, 14.517692, 12.370854, 10.03864, 12.192706, 11.435471, 11.758848, 12.684741, 14.446384, 16.297315, 18.066092, 19.138648, 20.01162, 20.200802, 19.49429, 18.356484, 16.997562, 15.39221, 13.997477, 12.708968, 12.077996, 11.887524, 12.277225, 13.187814, 14.849351, 16.14908, 13.619258, 10.755693, 7.445104, 3.773592, 0.0, 0.0, 0.0]"
859,"[0.0, 0.0, 0.0, 0.0, 1.8, 3.8, 6.4, 9.4, 12.406659, 13.862423, 14.967258, 15.472093, 15.192387, 14.86901, 13.767311, 12.185631, 10.297349, 8.177055, 6.342301, 5.404788, 5.69271, 6.884477, 9.291136, 12.092265, 14.954928, 17.319974, 19.149579, 20.529262, 21.265947, 20.679581, 16.503459, 14.985829, 13.007805, 10.621463, 9.02598, 11.35836, 11.328791, 12.314585, 13.852946, 15.632535, 17.27004, 18.702421, 19.431414, 19.893053, 19.98969, 19.518375, 18.557547, 17.125166, 15.815891, 14.322649, 13.156459, 12.524003, 12.501611, 13.066651, 14.435957, 16.148326, 17.861145, 15.192812, 11.937048, 8.28739, 4.242641, 0.0, 0.0, 0.0]"
860,"[0.0, 0.0, 0.0, 0.0, 1.811077, 4.244182, 6.677287, 9.782122, 12.9444, 14.626172, 15.503657, 16.295455, 15.969108, 15.087182, 13.874683, 12.284559, 10.136689, 8.1582, 6.443534, 5.240216, 5.36366, 6.816449, 8.989663, 11.734567, 14.235243, 16.416256, 18.105439, 19.015522, 19.425148, 19.346011, 15.321088, 13.709765, 11.796239, 9.688475, 7.839146, 9.628001, 9.146349, 9.722162, 11.22098, 12.827502, 14.726465, 16.442311, 17.616941, 18.004243, 17.973382, 17.416059, 16.181865, 14.520776, 12.74267, 11.238232, 9.896591, 9.132819, 9.282766, 10.362301, 11.641835, 13.458532, 15.419883, 13.210811, 10.410811, 7.410811, 3.80526, 0.0, 0.0, 0.0]"
861,"[0.0, 0.0, 0.0, 0.0, 1.788854, 4.205464, 6.622073, 9.400562, 12.285003, 13.496148, 13.922073, 14.347998, 14.115094, 13.511003, 12.231468, 10.669559, 8.392711, 6.29434, 4.908416, 4.976805, 6.037121, 8.60193, 11.554717, 14.331801, 16.426245, 18.411966, 19.842173, 20.54583, 20.977975, 20.782495, 16.455833, 14.615426, 12.48154, 10.18896, 8.710215, 11.051155, 11.10935, 12.364481, 14.051975, 16.061908, 18.111867, 19.538138, 20.43634, 20.877312, 20.151157, 19.112869, 17.881323, 16.358218, 14.699025, 13.332205, 12.259945, 11.70334, 11.633162, 12.457646, 13.630102, 15.279127, 17.179925, 14.650103, 11.545268, 8.246783, 4.317407, 0.0, 0.0, 0.0]"
862,"[0.0, 0.0, 0.0, 0.0, 2.009975, 4.246043, 6.966337, 9.878381, 12.851595, 13.972115, 14.866542, 15.199116, 14.894753, 14.047568, 12.637538, 10.584076, 8.355829, 6.195362, 5.146366, 5.075143, 6.33905, 8.426473, 11.523268, 14.569341, 17.214281, 19.26424, 20.956542, 22.016879, 22.17396, 21.763076, 17.372176, 15.375511, 13.112105, 10.841894, 9.194664, 11.611273, 12.05646, 13.15645, 15.029772, 16.843396, 18.817686, 20.329904, 21.361109, 21.600917, 21.600917, 20.702868, 19.110997, 17.05547, 15.373675, 13.450013, 12.083192, 11.526588, 11.830273, 12.687446, 14.105426, 16.102502, 17.923817, 15.203523, 11.905039, 8.36103, 4.237924, 0.0, 0.0, 0.0]"
863,"[0.0, 0.0, 0.0, 0.0, 1.788854, 4.129794, 6.915472, 10.268083, 13.760933, 15.196981, 16.080945, 16.575511, 15.943194, 14.713086, 13.468082, 11.657392, 9.201769, 6.928689, 5.560374, 5.036497, 5.661892, 7.557565, 10.65436, 13.809624, 16.476708, 18.731282, 20.401888, 20.90757, 20.90757, 20.225395, 15.931212, 13.956922, 11.946838, 9.897147, 8.245071, 10.686383, 11.0982, 12.46447, 14.141425, 16.312369, 18.123116, 19.546747, 20.263976, 20.636712, 20.450506, 19.251315, 17.606938, 15.925143, 13.855351, 11.870613, 10.466988, 10.068379, 10.234749, 11.45485, 13.065995, 15.216753, 17.407681, 14.8, 11.6, 8.2, 4.4, 0.0, 0.0, 0.0]"
864,"[0.0, 0.0, 0.0, 0.0, 2.126029, 4.846323, 7.819537, 11.225414, 14.90237, 16.453296, 17.138879, 17.445909, 16.760326, 15.524682, 13.973756, 11.982092, 9.596275, 7.675981, 6.129097, 5.723533, 6.750631, 9.136447, 11.742325, 14.668892, 16.908225, 18.570571, 19.69487, 20.56918, 20.4684, 19.949532, 15.845875, 14.002582, 11.44286, 9.371887, 7.530957, 9.570565, 9.425924, 10.31314, 11.888801, 13.688801, 15.59381, 16.934859, 18.004134, 18.32324, 18.028075, 16.995502, 15.958137, 14.435248, 12.680093, 10.989472, 9.68988, 8.618828, 8.474737, 9.293563, 10.686484, 12.497481, 14.470392, 12.460417, 9.852736, 7.045603, 3.622154, 0.0, 0.0, 0.0]"
865,"[0.0, 0.0, 0.0, 0.0, 2.039608, 4.670197, 7.498624, 10.922073, 14.345521, 15.711791, 16.481202, 16.659434, 16.043119, 14.828743, 13.422865, 11.422865, 9.240827, 7.233693, 6.438835, 6.478442, 7.798737, 10.466965, 13.790071, 16.651369, 19.22912, 21.126184, 22.437499, 22.918739, 22.847987, 22.230628, 17.61327, 15.616239, 13.051501, 10.972771, 8.859567, 11.200507, 11.2218, 12.605641, 14.101766, 16.23492, 18.169492, 19.616576, 20.510534, 21.011486, 20.854177, 19.740943, 18.377475, 16.690658, 14.776625, 12.913983, 11.791313, 11.033335, 10.844057, 11.608199, 13.014076, 14.651423, 16.467244, 14.025933, 11.052719, 7.646842, 3.969887, 0.0, 0.0, 0.0]"
866,"[0.0, 0.0, 0.0, 0.0, 1.886796, 4.494477, 7.214771, 10.495015, 13.775259, 15.29434, 15.797929, 16.050849, 15.331854, 14.17764, 12.492227, 10.512329, 7.986328, 5.872292, 4.823296, 4.752073, 6.340997, 9.024278, 12.334723, 15.375942, 17.945705, 19.666131, 21.096338, 21.743222, 21.594857, 21.196847, 16.756126, 14.803105, 12.552628, 10.582742, 8.801355, 11.037423, 11.150036, 12.10724, 13.928234, 15.992283, 18.036402, 19.720651, 20.889568, 21.118265, 20.62016, 19.564876, 18.2132, 16.374324, 14.450662, 12.731907, 11.66107, 10.817275, 10.975964, 11.649934, 13.163138, 14.609072, 16.4, 13.8, 11.0, 7.6, 4.0, 0.0, 0.0, 0.0]"
867,"[0.0, 0.0, 0.0, 0.0, 2.236068, 5.064495, 8.071154, 11.477032, 14.877032, 16.240964, 16.812537, 16.812537, 16.213793, 15.421474, 13.831449, 11.831449, 9.844594, 7.603145, 6.395464, 6.425097, 7.745391, 9.830422, 12.952555, 15.63177, 17.811167, 19.708232, 21.207742, 22.119925, 22.240709, 22.021704, 17.404346, 15.407681, 12.847289, 10.25974, 7.872192, 9.9118, 9.513191, 10.273583, 12.061132, 14.04868, 16.009072, 17.804997, 19.024947, 19.247101, 19.07055, 17.898977, 16.524569, 14.514594, 12.89244, 10.925014, 9.709038, 8.798914, 8.675735, 9.092344, 10.589287, 12.201738, 14.086824, 12.200028, 9.783419, 6.830454, 3.605551, 0.0, 0.0, 0.0]"
868,"[0.0, 0.0, 0.0, 0.0, 2.039608, 4.670197, 7.498624, 10.525173, 13.931051, 14.891443, 15.260854, 15.23956, 14.820692, 13.623887, 12.236338, 10.236338, 7.876418, 6.068737, 5.315687, 5.49209, 6.83303, 9.548094, 12.425049, 15.092133, 17.620685, 19.948792, 21.403873, 22.344276, 22.440175, 21.72832, 17.059273, 15.072504, 12.609211, 10.110672, 8.391916, 10.431524, 10.408616, 11.25455, 12.934085, 14.65284, 16.817991, 18.215307, 19.220304, 19.840254, 19.856857, 18.756933, 17.580363, 16.183047, 14.363097, 12.750918, 11.295325, 10.353695, 10.008755, 10.370005, 11.640274, 13.431962, 15.26538, 13.002639, 10.441389, 7.161145, 3.720215, 0.0, 0.0, 0.0]"
869,"[0.0, 0.0, 0.0, 0.0, 2.059126, 4.391507, 7.255071, 10.655071, 13.88617, 15.058143, 15.88804, 15.810153, 14.939975, 13.748484, 12.328462, 10.382737, 8.044273, 5.714451, 4.122057, 3.575891, 4.32911, 6.565178, 9.527455, 12.685793, 15.262757, 17.416091, 18.702696, 19.510305, 19.443115, 18.72534, 14.602234, 12.632348, 10.104682, 7.782873, 5.735806, 7.297856, 7.461187, 8.580216, 10.525941, 12.947479, 14.990981, 16.82765, 18.108275, 18.484358, 18.3799, 17.602775, 16.011094, 14.332551, 12.680986, 10.936115, 9.707688, 9.143278, 9.134013, 9.930499, 11.334124, 13.232695, 15.162379, 13.008313, 10.325031, 7.272164, 3.773592, 0.0, 0.0, 0.0]"
870,"[0.0, 0.0, 0.0, 0.0, 1.886796, 4.448046, 7.138771, 10.262871, 13.38697, 14.624274, 15.187124, 15.496399, 14.933549, 13.97278, 12.735477, 10.742748, 8.308433, 6.194397, 5.108099, 4.870545, 6.172279, 8.518638, 11.424035, 14.141735, 16.517415, 18.556446, 20.116538, 20.88218, 21.032063, 20.780733, 16.308597, 14.519743, 12.371262, 10.026646, 7.517964, 9.080014, 8.455859, 9.086087, 10.349651, 12.309643, 14.325302, 16.023835, 17.095347, 18.005375, 18.109135, 17.693704, 16.497295, 14.989114, 13.185293, 11.469081, 9.919255, 9.007248, 8.730713, 8.924272, 9.857405, 11.369054, 13.258172, 11.371376, 9.208045, 6.662461, 3.538361, 0.0, 0.0, 0.0]"
871,"[0.0, 0.0, 0.0, 0.0, 1.649242, 3.803308, 6.403308, 9.188986, 12.05255, 13.266872, 13.796088, 14.080529, 13.70317, 13.102347, 11.935839, 10.383929, 8.065173, 5.856854, 4.394113, 3.913609, 4.593315, 6.63531, 9.63531, 12.23531, 14.824018, 16.833935, 18.109552, 18.838928, 18.982937, 18.476162, 14.655168, 13.180189, 10.850812, 8.571714, 6.687444, 8.476298, 8.107587, 9.138176, 10.899814, 12.909049, 14.613045, 16.502813, 17.477775, 18.056777, 18.05093, 17.720358, 16.576659, 15.50093, 13.934987, 12.317385, 10.999016, 10.18311, 9.816619, 10.338261, 11.366688, 13.06114, 15.061255, 12.897925, 10.336675, 7.508248, 3.969887, 0.0, 0.0, 0.0]"
872,"[0.0, 0.0, 0.0, 0.0, 1.811077, 4.219396, 6.819396, 9.819396, 12.826055, 14.221222, 14.839452, 14.870042, 14.399864, 13.54727, 12.184935, 10.374939, 8.544349, 6.580213, 5.445951, 5.214493, 6.007916, 7.815597, 10.449912, 12.830108, 15.222653, 17.232628, 18.644897, 19.524113, 20.007411, 19.495264, 15.475313, 14.085952, 12.016712, 9.944491, 7.716553, 9.278602, 8.617785, 8.761876, 9.671093, 11.568459, 13.35902, 14.80685, 16.230493, 17.087908, 17.424201, 17.124458, 16.390138, 15.14481, 13.536873, 11.88221, 10.429343, 9.58997, 9.227361, 9.316715, 10.357248, 11.757248, 13.193583, 11.223811, 9.164685, 6.280244, 3.280244, 0.0, 0.0, 0.0]"
873,"[0.0, 0.0, 0.0, 0.0, 1.56205, 3.56205, 5.970369, 8.661094, 11.489521, 12.618196, 13.179445, 13.655567, 13.297223, 12.527922, 11.626052, 10.329713, 8.339699, 6.207319, 4.713878, 4.002057, 4.386388, 5.728029, 8.391593, 11.324479, 13.852997, 15.809306, 17.415112, 18.228503, 18.268294, 17.786842, 14.181291, 12.602158, 10.811999, 8.538549, 6.614449, 8.05667, 7.793928, 8.31545, 9.741264, 11.665364, 13.761505, 15.299866, 16.497098, 17.411925, 17.786396, 17.410313, 16.756392, 15.483222, 13.877671, 12.379099, 11.005676, 9.965144, 10.041082, 10.641082, 11.847326, 13.464349, 15.441435, 13.033116, 10.433116, 7.226872, 3.820995, 0.0, 0.0, 0.0]"
874,"[0.0, 0.0, 0.0, 0.0, 1.341641, 3.239007, 5.327069, 7.60742, 10.081283, 11.172747, 11.708486, 12.028743, 11.948392, 11.474529, 10.455637, 9.022532, 7.014214, 4.814214, 3.261427, 3.261427, 3.958483, 6.104068, 8.794793, 11.347579, 13.431937, 15.406392, 16.53232, 17.334445, 17.752046, 17.415753, 13.744241, 12.308797, 10.536412, 8.533024, 6.635658, 8.035658, 7.643499, 8.203384, 9.389171, 11.286537, 13.239148, 15.131548, 16.500854, 17.550512, 17.613137, 17.48543, 16.77567, 15.559118, 14.189811, 13.052969, 11.991397, 10.808757, 10.434778, 10.571036, 10.956838, 11.955785, 13.36764, 11.308514, 8.891905, 6.418042, 3.255764, 0.0, 0.0, 0.0]"
875,"[0.0, 0.0, 0.0, 0.0, 1.811077, 3.821052, 6.229371, 9.036505, 11.836505, 13.032087, 13.829246, 14.249354, 13.875325, 13.114933, 11.952183, 10.601071, 8.792448, 6.759343, 5.119735, 4.29563, 4.29563, 5.363887, 7.437751, 10.097162, 12.333122, 14.499255, 16.211193, 17.53733, 18.077918, 18.028398, 14.406244, 12.806244, 10.817321, 8.482232, 6.442178, 7.70709, 6.921303, 7.110226, 8.245315, 9.879125, 11.620873, 13.412903, 15.035057, 15.85996, 16.284863, 16.141768, 15.763952, 14.574903, 13.359975, 12.135071, 11.115416, 10.346115, 9.756919, 10.292528, 11.135062, 12.291153, 13.672957, 11.829049, 9.283464, 6.44093, 3.44093, 0.0, 0.0, 0.0]"
876,"[0.0, 0.0, 0.0, 0.0, 1.886796, 4.219177, 6.902459, 9.766023, 12.812332, 13.971845, 14.612678, 14.84144, 14.608465, 13.995261, 12.760029, 11.399267, 9.564256, 7.38088, 5.772396, 5.22623, 5.500575, 6.755923, 9.361577, 12.114664, 14.607412, 16.515349, 18.359091, 19.429329, 19.974726, 19.709917, 15.915184, 14.36965, 12.400611, 10.066359, 7.987723, 9.252634, 8.422045, 8.676298, 9.495125, 10.888045, 13.029011, 14.634888, 15.626569, 16.418888, 17.017632, 16.817998, 16.219255, 15.426936, 14.426936, 13.031034, 11.668699, 10.831337, 10.223656, 10.086397, 10.637672, 11.956041, 13.314932, 11.314932, 9.052191, 6.490941, 3.328663, 0.0, 0.0, 0.0]"
877,"[0.0, 0.0, 0.0, 0.0, 1.442221, 3.411992, 5.64806, 8.331342, 11.215783, 12.658003, 13.378956, 13.688473, 13.41351, 12.529069, 11.531424, 10.121324, 8.141425, 6.133106, 4.58032, 3.713328, 4.276612, 5.750534, 8.455369, 11.425757, 13.983662, 15.811265, 17.54525, 18.214007, 18.401957, 18.104492, 14.43298, 12.822718, 10.83798, 8.844881, 6.764637, 8.206857, 7.740583, 8.21447, 9.292743, 11.216843, 13.168735, 14.865791, 16.141411, 16.989047, 17.470499, 17.238664, 16.844551, 15.86744, 14.737398, 13.394588, 12.119107, 11.273172, 10.751531, 10.950893, 11.688151, 13.007599, 14.25941, 12.219802, 9.612121, 6.612121, 3.405877, 0.0, 0.0, 0.0]"
878,"[0.0, 0.0, 0.0, 0.0, 1.697056, 3.959798, 6.505382, 9.196107, 12.196107, 13.551918, 14.152741, 14.207157, 14.116432, 13.086203, 11.682578, 10.083925, 8.378352, 6.578352, 5.739951, 5.652759, 6.387848, 8.184146, 10.922507, 13.468091, 16.1581, 18.438287, 20.074223, 20.862524, 21.130185, 20.549639, 16.269452, 14.827231, 12.908888, 10.851068, 8.828798, 10.428798, 9.388266, 9.579947, 10.556715, 11.953782, 13.771384, 15.533026, 16.727759, 17.600504, 18.098203, 17.979086, 17.67202, 16.78933, 15.773316, 14.383373, 13.144015, 11.84553, 10.933486, 10.545573, 10.991507, 11.905595, 13.204079, 11.204079, 8.871698, 6.271698, 3.298485, 0.0, 0.0, 0.0]"
879,"[0.0, 0.0, 0.0, 0.0, 1.886796, 4.295115, 6.98584, 10.10994, 13.10994, 14.385421, 15.02997, 15.202809, 14.678709, 13.832775, 12.640269, 10.852313, 8.883176, 6.683176, 5.423537, 4.530798, 5.235659, 6.673612, 9.498516, 11.932752, 14.855719, 17.009053, 18.497667, 19.093758, 19.44205, 18.722294, 14.599188, 13.040935, 10.781991, 8.369947, 6.109507, 7.551727, 6.986042, 7.832311, 9.258124, 11.36242, 13.0443, 14.885605, 16.015647, 16.765852, 17.082682, 17.12086, 16.582499, 15.605388, 14.725707, 13.284777, 12.122499, 11.092271, 10.570629, 10.417698, 11.025379, 11.832513, 13.068985, 11.029378, 8.621059, 6.013378, 3.206244, 0.0, 0.0, 0.0]"
880,"[0.0, 0.0, 0.0, 0.0, 1.720465, 3.956533, 6.462526, 9.32609, 12.111768, 13.17698, 13.609245, 13.577116, 12.949619, 12.173917, 10.802453, 9.153924, 7.245746, 5.456892, 4.295445, 4.443281, 5.549506, 7.545071, 10.353621, 13.043454, 15.323279, 17.19725, 18.79773, 19.591658, 20.102988, 19.661113, 15.661113, 14.107064, 11.901281, 9.41364, 7.230192, 8.446745, 7.362218, 7.51831, 8.397571, 9.901312, 11.569201, 13.32629, 14.379158, 15.337847, 15.928141, 15.996665, 15.399703, 15.030117, 13.866185, 12.555596, 11.44654, 10.325308, 9.165181, 8.578356, 8.588331, 8.944422, 9.790691, 8.267536, 6.618294, 4.608319, 2.408319, 0.0, 0.0, 0.0]"
881,"[0.0, 0.0, 0.0, 0.0, 2.039608, 4.472713, 7.103302, 10.162714, 13.418478, 14.541148, 15.27032, 15.503295, 14.949876, 13.93018, 12.654699, 10.757332, 8.526224, 6.303074, 4.667006, 3.996762, 4.381093, 5.984705, 8.761274, 11.61381, 14.019411, 15.992323, 17.761252, 18.70184, 18.849305, 18.427151, 14.804997, 13.0, 10.612452, 8.229004, 5.594689, 6.614493, 5.828707, 6.255863, 7.275379, 9.340283, 11.347028, 13.157717, 14.343013, 15.331848, 15.907502, 15.887612, 15.27039, 14.645487, 13.629656, 12.46302, 10.912383, 10.025167, 9.122223, 8.633616, 8.830076, 9.790664, 10.544062, 8.847006, 7.126541, 4.890473, 2.473863, 0.0, 0.0, 0.0]"
882,"[0.0, 0.0, 0.0, 0.0, 2.039608, 4.513471, 7.181804, 10.208353, 13.433256, 14.618552, 15.350932, 15.682599, 15.25605, 14.231147, 12.606244, 10.6, 8.232456, 6.079669, 4.956702, 5.077167, 5.877167, 7.852393, 10.358144, 12.5917, 14.54819, 16.410831, 18.041075, 18.882843, 19.308562, 19.084142, 15.221501, 13.45744, 11.311949, 8.917282, 6.630937, 7.650741, 6.591091, 6.650649, 7.39707, 8.83088, 10.596753, 12.413639, 13.867116, 14.941332, 15.400744, 15.641615, 15.041106, 14.311933, 13.385723, 11.975554, 10.657805, 9.589266, 8.718211, 8.202608, 8.262166, 8.789434, 9.660489, 8.098439, 6.377974, 4.669173, 2.433105, 0.0, 0.0, 0.0]"
883,"[0.0, 0.0, 0.0, 0.0, 1.843909, 4.12426, 6.814985, 9.643412, 12.471839, 13.601144, 14.163327, 14.080283, 13.584237, 12.814936, 11.364876, 9.688533, 7.801962, 5.916795, 4.706197, 4.524683, 5.521824, 7.408394, 10.085281, 12.797651, 15.143828, 16.940295, 18.436271, 19.312171, 19.471488, 19.2246, 15.264802, 13.768826, 11.748725, 9.59056, 7.605652, 9.005652, 8.24188, 8.498049, 9.26838, 10.31835, 12.048846, 13.436036, 14.510557, 15.595777, 16.442396, 16.474178, 16.216293, 15.769268, 14.632017, 13.367468, 12.264316, 11.135011, 9.968503, 9.851483, 9.99949, 10.220715, 10.850669, 9.153613, 6.990282, 4.754214, 2.473863, 0.0, 0.0, 0.0]"
884,"[0.0, 0.0, 0.0, 0.0, 2.039608, 4.319959, 6.919959, 9.966268, 13.012577, 13.751458, 14.249596, 14.257277, 13.652279, 12.7693, 11.552862, 9.940563, 7.965338, 5.97124, 4.884942, 4.778914, 5.700785, 7.66833, 10.452215, 12.868032, 15.436932, 17.467123, 19.086128, 19.855029, 20.204054, 19.74003, 15.621778, 14.093498, 12.256829, 10.312321, 8.165636, 9.976713, 9.345114, 9.345114, 9.889059, 11.317379, 12.630402, 14.012206, 15.454426, 16.618667, 17.274704, 17.281099, 16.886478, 15.964208, 14.86465, 13.52941, 12.562245, 11.359845, 10.735689, 10.317758, 10.434778, 10.704552, 11.68907, 9.629944, 7.541883, 5.261532, 2.828427, 0.0, 0.0, 0.0]"
885,"[0.0, 0.0, 0.0, 0.0, 1.811077, 4.020149, 6.428468, 9.228468, 12.028468, 13.024525, 13.622586, 13.647373, 13.083441, 12.371502, 11.02039, 9.23306, 7.399955, 5.44673, 3.958669, 3.767558, 4.591663, 6.227731, 8.971437, 11.59634, 13.93698, 15.893072, 17.462263, 18.256709, 18.653959, 18.074957, 14.274957, 12.67877, 10.857775, 8.691643, 7.006735, 8.568785, 8.257079, 8.53743, 9.555272, 11.077195, 12.677423, 14.011155, 15.223654, 16.06038, 16.507405, 16.475622, 16.375018, 15.56545, 14.490929, 13.268401, 12.177514, 11.056994, 10.573712, 10.546716, 10.89176, 11.825366, 13.04649, 10.84649, 8.637418, 6.204313, 3.231099, 0.0, 0.0, 0.0]"
886,"[0.0, 0.0, 0.0, 0.0, 1.843909, 3.969938, 6.531188, 9.251482, 11.971776, 12.906356, 13.463608, 13.408351, 13.104666, 12.093173, 10.770706, 9.352336, 7.412028, 5.395419, 4.252304, 4.210495, 4.642641, 6.202984, 8.631412, 11.03894, 12.90497, 14.813465, 16.265145, 17.014426, 17.351802, 16.935122, 13.329571, 11.98793, 10.130686, 8.234311, 6.635658, 8.035658, 7.448832, 8.008718, 8.874855, 10.278277, 12.040554, 13.647076, 14.62249, 15.567042, 15.905368, 15.350772, 14.702688, 13.880029, 12.864198, 11.897147, 10.998267, 10.111051, 9.521855, 9.292681, 9.379103, 10.277983, 11.336007, 9.492098, 7.512199, 5.38617, 2.778489, 0.0, 0.0, 0.0]"
887,"[0.0, 0.0, 0.0, 0.0, 1.612452, 3.775782, 6.281775, 8.889456, 11.572738, 12.68058, 12.991113, 12.918225, 12.546612, 11.674407, 10.368327, 8.719085, 6.851665, 5.215597, 4.298947, 4.326954, 5.502333, 7.544329, 9.997196, 12.327672, 14.285452, 15.962407, 17.217367, 17.959233, 18.339881, 18.044716, 14.367761, 12.978983, 11.154021, 8.99069, 7.328076, 8.784098, 8.110235, 8.548782, 9.714242, 11.079156, 12.629793, 14.23567, 15.227351, 16.01967, 16.219196, 16.01967, 15.420927, 14.628608, 13.636927, 12.830267, 11.834211, 10.676319, 9.777439, 9.36912, 9.295149, 9.892391, 10.788733, 9.079932, 7.079932, 4.953903, 2.545584, 0.0, 0.0, 0.0]"
888,"[0.0, 0.0, 0.0, 0.0, 2.009975, 4.418294, 7.025975, 10.025975, 13.025975, 14.022659, 14.222021, 14.24493, 13.480998, 12.520605, 10.969968, 9.57884, 7.54825, 5.877868, 4.83826, 4.796451, 5.619507, 7.427826, 9.8688, 12.2688, 14.454586, 16.020529, 17.617207, 18.260206, 18.48236, 18.107263, 14.501712, 12.92982, 11.280162, 9.27046, 7.310468, 8.724681, 7.814731, 7.902792, 8.570691, 9.779644, 11.033763, 12.672886, 13.448389, 14.031602, 14.510704, 14.525652, 13.869367, 13.511796, 12.736293, 11.492129, 10.45809, 9.564549, 8.658556, 8.58047, 8.911277, 9.498102, 10.391644, 8.791644, 6.781669, 4.742061, 2.505993, 0.0, 0.0, 0.0]"
889,"[0.0, 0.0, 0.0, 0.0, 1.612452, 3.612452, 5.612452, 7.738481, 10.1468, 10.942667, 11.350986, 11.631337, 11.505308, 10.620143, 9.553465, 7.866257, 5.868748, 4.068748, 3.266704, 3.189974, 4.177665, 6.235762, 8.719044, 10.882374, 12.779741, 14.465053, 15.662474, 16.373305, 16.744628, 16.424885, 13.030772, 11.61844, 9.836779, 8.037037, 6.608716, 8.02293, 7.605701, 7.963021, 9.012992, 10.377267, 11.916019, 13.160182, 14.143375, 14.500947, 14.442752, 14.210082, 13.786939, 13.174915, 12.281122, 11.530599, 10.810305, 10.124392, 9.763351, 9.793579, 9.987139, 10.67042, 11.690076, 9.710177, 7.710177, 5.546846, 2.863564, 0.0, 0.0, 0.0]"
890,"[0.0, 0.0, 0.0, 0.0, 1.612452, 3.622427, 5.822427, 8.222427, 10.630746, 11.625975, 12.049105, 12.129456, 11.817517, 10.932353, 9.666313, 8.253011, 6.572661, 4.767442, 3.844287, 3.902647, 4.882843, 6.682843, 9.007681, 11.41434, 13.239243, 14.691779, 15.835788, 16.645708, 17.05665, 17.062846, 13.610311, 12.346653, 10.939026, 9.121425, 7.539568, 9.062723, 8.626281, 8.596205, 9.258946, 10.582918, 12.171033, 13.438394, 14.569765, 15.280237, 15.280237, 14.889261, 14.339241, 13.789221, 12.942036, 12.094852, 11.500587, 11.271718, 10.946536, 11.237116, 11.711087, 12.253391, 12.980422, 10.744354, 8.327745, 5.727745, 3.059412, 0.0, 0.0, 0.0]"
891,"[0.0, 0.0, 0.0, 0.0, 1.612452, 3.612452, 5.612452, 7.775782, 10.281775, 11.199146, 11.728968, 12.202831, 12.275568, 11.580653, 10.650831, 9.337561, 7.496153, 5.707299, 4.296222, 3.590649, 3.715737, 4.792082, 6.31464, 8.444462, 10.270329, 11.840732, 13.191343, 14.248121, 14.546726, 14.434113, 11.522069, 10.698725, 9.321418, 8.016146, 6.539836, 7.881476, 7.10143, 7.10143, 7.814344, 9.116078, 10.405027, 11.617337, 12.636428, 13.120654, 13.161412, 12.811174, 12.423192, 11.652226, 10.775841, 10.145886, 9.676612, 9.196261, 9.109972, 9.502131, 10.132085, 10.794872, 11.715166, 9.904089, 7.668021, 5.194157, 2.720294, 0.0, 0.0, 0.0]"
892,"[0.0, 0.0, 0.0, 0.0, 1.16619, 2.778642, 4.758541, 6.88457, 9.010599, 10.12476, 10.571434, 10.561307, 10.332644, 9.855857, 9.031528, 7.797024, 6.274466, 4.577099, 3.493542, 2.886048, 3.342052, 4.874737, 6.955088, 8.830714, 10.93515, 12.60749, 13.758086, 14.450949, 14.982852, 14.750181, 11.797217, 10.636493, 9.275731, 7.716731, 6.519591, 8.168834, 8.010139, 8.407663, 9.193449, 10.270294, 11.421052, 12.609975, 13.606659, 14.235086, 14.265676, 14.096265, 13.726854, 12.73017, 11.901743, 11.271154, 10.65054, 10.059558, 10.137644, 10.478584, 11.264262, 12.207251, 13.392547, 11.304485, 8.963545, 6.177868, 3.224903, 0.0, 0.0, 0.0]"
893,"[0.0, 0.0, 0.0, 0.0, 1.456022, 3.353389, 5.507454, 7.743522, 10.184834, 11.170123, 11.681075, 11.789751, 11.679712, 11.125197, 10.296338, 9.054209, 7.639995, 6.146422, 4.892081, 4.128158, 4.093338, 5.224709, 6.718283, 8.647077, 10.641083, 12.562579, 13.807584, 14.81205, 15.381295, 15.324439, 12.271571, 11.105794, 9.764153, 8.047872, 6.785349, 8.434591, 8.186542, 8.397687, 9.183474, 10.260319, 11.411077, 12.4, 13.207134, 13.835561, 13.86615, 13.302218, 12.512193, 11.744667, 10.727317, 9.896728, 9.471737, 9.305671, 9.16343, 9.506418, 9.860484, 10.466017, 11.575072, 9.677706, 7.52364, 5.369574, 2.952965, 0.0, 0.0, 0.0]"
894,"[0.0, 0.0, 0.0, 0.0, 1.612452, 3.45636, 5.544422, 7.824773, 9.978839, 10.602455, 11.199857, 11.520115, 11.365793, 11.191626, 10.369772, 9.059831, 7.372623, 5.846594, 4.587805, 4.304962, 4.786043, 6.190962, 8.152212, 10.273635, 12.253534, 14.04696, 15.48183, 16.36151, 16.959906, 17.010914, 13.605037, 12.452457, 11.137556, 9.48548, 8.167111, 9.978188, 9.579845, 10.084405, 11.123977, 12.306618, 13.701785, 14.898053, 15.473708, 15.845281, 15.818732, 15.412488, 14.813925, 13.807681, 12.807681, 11.817656, 11.057264, 10.419354, 10.455422, 10.816672, 11.649231, 12.771901, 14.082373, 11.846305, 9.285056, 6.442522, 3.280244, 0.0, 0.0, 0.0]"
895,"[0.0, 0.0, 0.0, 0.0, 1.442221, 3.442221, 5.442221, 8.049901, 10.555894, 11.796955, 12.326777, 12.800641, 12.626065, 12.329144, 11.258314, 10.142706, 8.493463, 6.626044, 5.016972, 4.229141, 4.338082, 5.410828, 7.186082, 9.306376, 11.393799, 13.32318, 15.047967, 16.130476, 16.816059, 16.711149, 13.258614, 12.069565, 10.295358, 8.501933, 7.137019, 8.660174, 8.070978, 8.854841, 9.872978, 11.294322, 12.634732, 13.895658, 14.567388, 14.983108, 14.983108, 14.802825, 14.203983, 13.379499, 12.230556, 11.210901, 10.338696, 10.041776, 10.041776, 10.618272, 11.494658, 12.914679, 14.311158, 12.030808, 9.556944, 6.83665, 3.605551, 0.0, 0.0, 0.0]"
896,"[0.0, 0.0, 0.0, 0.0, 1.612452, 3.84852, 6.256838, 8.864519, 11.664519, 12.852068, 13.423134, 13.645404, 13.470828, 12.951179, 11.995088, 10.602168, 8.796199, 6.99555, 5.347655, 4.720298, 4.906085, 6.281464, 8.256689, 10.630893, 12.837789, 14.690324, 16.178142, 17.176012, 17.774904, 17.582555, 14.130019, 12.916065, 11.121591, 9.128491, 7.420547, 9.117603, 8.643739, 9.440343, 10.606381, 12.136094, 13.601315, 15.007192, 15.655275, 16.132551, 16.190953, 15.871209, 14.873651, 13.880629, 12.468773, 11.146358, 10.012625, 9.448215, 9.385473, 10.149245, 11.167524, 12.864601, 14.626243, 12.426243, 9.818562, 7.011429, 3.605551, 0.0, 0.0, 0.0]"
897,"[0.0, 0.0, 0.0, 0.0, 1.649242, 3.929593, 6.403456, 9.123751, 11.987315, 13.291037, 13.895127, 14.028945, 13.589002, 12.851467, 11.742411, 10.199611, 8.224385, 6.57649, 5.298989, 4.796721, 5.424852, 7.475678, 9.796187, 12.276322, 14.654896, 16.372942, 17.510655, 18.517489, 18.865781, 18.539678, 14.85186, 13.57645, 11.779983, 9.811828, 8.228793, 10.072702, 9.807468, 10.327419, 11.571583, 13.071095, 14.904141, 16.300746, 17.223015, 17.762901, 17.511723, 16.861317, 15.814951, 14.877733, 13.620951, 12.27034, 11.032645, 10.245965, 9.740963, 10.188176, 11.34294, 12.785184, 14.618231, 12.4549, 9.771618, 6.908054, 3.676955, 0.0, 0.0, 0.0]"
898,"[0.0, 0.0, 0.0, 0.0, 1.708801, 4.049741, 6.579563, 9.299857, 12.211901, 13.366664, 13.854152, 14.131463, 14.01885, 13.306806, 12.243242, 10.814815, 8.832302, 6.507464, 4.939919, 4.034347, 4.246798, 5.585508, 8.081154, 10.401663, 12.817825, 14.810925, 16.335412, 17.244741, 17.744311, 17.493134, 13.887583, 12.435833, 10.456816, 8.135651, 6.341151, 7.941151, 7.914155, 8.638459, 10.335515, 12.097154, 13.920602, 15.317081, 16.489527, 17.0611, 17.034551, 16.418236, 15.420366, 14.014815, 12.414815, 11.064057, 9.780078, 8.869453, 8.669453, 9.375446, 10.679168, 12.286509, 13.989453, 11.989453, 9.48346, 6.530495, 3.4, 0.0, 0.0, 0.0]"
899,"[0.0, 0.0, 0.0, 0.0, 1.843909, 4.079977, 6.710566, 9.57413, 12.437695, 13.50583, 14.316071, 14.368763, 14.188481, 13.488247, 12.188655, 10.483986, 8.43316, 6.197092, 4.633761, 3.82131, 4.079669, 5.847214, 8.007681, 10.407681, 13.013558, 15.035712, 16.28537, 17.327346, 17.779882, 17.433416, 13.811262, 12.397673, 10.348015, 8.160391, 6.100979, 7.624134, 7.199143, 8.007462, 9.350232, 11.178659, 13.078953, 14.691324, 15.73554, 16.232694, 16.316311, 15.613157, 14.530648, 13.358464, 11.902871, 10.390827, 9.084747, 8.085447, 7.502153, 7.97894, 9.186621, 10.656848, 12.477485, 10.780429, 8.6544, 6.046719, 3.162278, 0.0, 0.0, 0.0]"
900,"[0.0, 0.0, 0.0, 0.0, 1.6, 3.609975, 5.819047, 8.227366, 10.627366, 11.627366, 12.02571, 12.224957, 11.856246, 11.300155, 10.349397, 8.765699, 6.804594, 4.764986, 3.486762, 2.686048, 3.275641, 4.828427, 7.389677, 9.666525, 11.980275, 14.064633, 15.642341, 16.498693, 16.887258, 16.510658, 13.012087, 11.493504, 9.490116, 7.425208, 5.856082, 7.120994, 6.850722, 7.599839, 8.994898, 10.778346, 12.793679, 14.503395, 15.838636, 16.677386, 16.730254, 16.313574, 15.415003, 14.1525, 12.541354, 10.9027, 9.319761, 7.984672, 7.348604, 7.569725, 8.391579, 9.779287, 11.619211, 10.019211, 8.009236, 5.773168, 3.104835, 0.0, 0.0, 0.0]"
901,"[0.0, 0.0, 0.0, 0.0, 1.523155, 3.677221, 6.09383, 8.69383, 11.377111, 12.461638, 12.915253, 12.939955, 12.465984, 11.626611, 10.715986, 9.38893, 7.796147, 5.952961, 4.556266, 3.659209, 3.578584, 4.330056, 6.447214, 8.607681, 10.81434, 12.839243, 14.298655, 15.19714, 15.64887, 15.554255, 12.329352, 11.506008, 9.621737, 7.582129, 5.518614, 6.595647, 5.759579, 6.35534, 7.743855, 9.495327, 11.218294, 12.818294, 13.808319, 14.406659, 14.635086, 14.465676, 13.898781, 12.908756, 11.31631, 9.704435, 8.150879, 6.849145, 6.180811, 6.475398, 7.539196, 9.130496, 11.058537, 9.716896, 8.008095, 5.727745, 3.059412, 0.0, 0.0, 0.0]"
902,"[0.0, 0.0, 0.0, 0.0, 1.280625, 3.167421, 5.29345, 7.701769, 10.110088, 11.375048, 11.89657, 12.050892, 11.701699, 11.082235, 10.149102, 8.817816, 7.16992, 5.393637, 3.887625, 3.075174, 3.412355, 4.623808, 6.681905, 9.119357, 11.29257, 13.10326, 14.659351, 15.647074, 16.255444, 16.335097, 13.110194, 11.679966, 10.060103, 7.751244, 5.775409, 6.90678, 6.54946, 6.994725, 8.39153, 10.287711, 12.55634, 14.343889, 15.688394, 16.600448, 16.789512, 16.232046, 15.393296, 14.303044, 12.861177, 11.4077, 9.979379, 8.832343, 8.073266, 8.156242, 8.888752, 10.194833, 12.060863, 10.411621, 8.441849, 6.000538, 3.280244, 0.0, 0.0, 0.0]"
903,"[0.0, 0.0, 0.0, 0.0, 1.523155, 3.312009, 5.548077, 7.964686, 10.381295, 11.199081, 12.13052, 12.174803, 12.038545, 11.661544, 11.131681, 9.8256, 8.36987, 6.536733, 4.944339, 3.854372, 3.606349, 4.394179, 6.227317, 8.622637, 11.012797, 13.252484, 15.045909, 16.206489, 16.804885, 16.855892, 13.450015, 12.170167, 10.14345, 7.868711, 5.706433, 6.872623, 6.467059, 7.178875, 8.703409, 10.545943, 12.78563, 14.471043, 15.750891, 16.621065, 17.058774, 16.815175, 15.970547, 14.845021, 13.170918, 11.304888, 9.308801, 8.161765, 7.493865, 7.504436, 8.431162, 10.395467, 12.381253, 10.768802, 8.871435, 6.530495, 3.4, 0.0, 0.0, 0.0]"
904,"[0.0, 0.0, 0.0, 0.0, 1.442221, 3.329017, 5.492348, 7.900666, 10.308985, 11.55749, 12.216278, 12.461266, 12.052947, 11.206678, 9.958174, 8.412589, 6.569956, 4.769956, 3.840361, 3.417945, 4.229022, 5.899404, 8.132509, 10.559466, 12.838146, 14.519919, 16.020159, 17.192606, 17.485805, 17.539931, 14.047081, 12.591124, 10.829482, 8.676871, 6.218687, 7.218687, 6.203247, 6.359338, 7.359338, 9.464911, 11.664911, 13.8, 15.205877, 16.429326, 16.455875, 16.282424, 15.356288, 14.186478, 12.606939, 10.796942, 8.595014, 6.842261, 5.430814, 5.199357, 5.982804, 7.558183, 10.037073, 9.212452, 7.6, 5.6, 3.2, 0.0, 0.0, 0.0]"
905,"[0.0, 0.0, 0.0, 0.0, 1.56205, 3.56205, 5.56205, 8.003361, 10.723655, 11.881899, 12.32321, 12.655591, 12.450348, 11.518908, 10.321769, 9.046648, 7.435378, 5.39931, 3.810455, 3.111922, 3.162284, 4.053625, 6.261944, 8.669625, 10.845004, 12.628451, 14.216, 15.013925, 15.412903, 15.220037, 12.220037, 11.020037, 9.013793, 6.831755, 4.471835, 5.10429, 4.270481, 4.632531, 5.787808, 7.901845, 10.242603, 12.332176, 14.05037, 15.123339, 15.614957, 15.420232, 14.670461, 13.277013, 11.94461, 10.172368, 8.288306, 6.582313, 5.589944, 5.283693, 5.723533, 7.436787, 9.589751, 8.695324, 7.281111, 5.560646, 2.952965, 0.0, 0.0, 0.0]"
906,"[0.0, 0.0, 0.0, 0.0, 1.442221, 3.422119, 5.402018, 7.66476, 10.073079, 11.039178, 11.467597, 11.613728, 11.350986, 10.555119, 9.48844, 7.801232, 6.122416, 4.122416, 2.957178, 2.880449, 3.808581, 5.597435, 8.228024, 10.80736, 12.948326, 14.904635, 16.473827, 17.643237, 18.216688, 17.810811, 14.20526, 12.8, 10.811077, 8.667099, 6.515627, 7.340248, 6.39627, 6.293994, 7.343965, 9.273925, 11.502172, 13.271053, 14.872841, 15.677438, 16.5045, 16.363676, 15.859067, 15.022342, 13.609119, 11.45959, 9.441973, 7.442789, 5.568926, 4.565987, 4.722416, 5.954018, 7.778492, 7.178492, 6.284065, 4.671614, 2.545584, 0.0, 0.0, 0.0]"
907,"[0.0, 0.0, 0.0, 0.0, 1.612452, 3.45636, 5.692428, 8.166292, 10.599397, 11.617535, 12.381307, 12.553558, 12.288766, 11.455661, 10.225072, 8.417391, 6.409072, 4.2, 3.047214, 2.912125, 3.635279, 5.205051, 7.888332, 10.394083, 12.354075, 14.329492, 16.079935, 17.116869, 17.724803, 17.662178, 14.163607, 13.051072, 11.119712, 8.823724, 6.486068, 7.207178, 5.816049, 5.627195, 6.562284, 8.337663, 10.416553, 12.2, 14.0, 14.806659, 15.233208, 15.261636, 14.892225, 13.92533, 12.76258, 11.150244, 9.121817, 7.212338, 5.411688, 4.784332, 5.019361, 6.499711, 8.642165, 8.00971, 6.793157, 5.143915, 2.863564, 0.0, 0.0, 0.0]"
908,"[0.0, 0.0, 0.0, 0.0, 1.612452, 3.821524, 6.254629, 8.86231, 11.492899, 12.906997, 13.328514, 13.563742, 13.236411, 12.693883, 11.376135, 10.087187, 8.139964, 6.142456, 4.254395, 3.178049, 3.178049, 4.300848, 6.459316, 8.820566, 11.29938, 13.069009, 14.619213, 15.583779, 16.278294, 16.291124, 13.179854, 11.91177, 10.202949, 8.024218, 5.500118, 6.221229, 5.360111, 5.702662, 7.033948, 9.460497, 11.96429, 14.151914, 15.564842, 16.609058, 16.838273, 16.775648, 16.48539, 15.506718, 14.290251, 12.683729, 10.921451, 8.836207, 7.528534, 6.748488, 7.10922, 8.10922, 10.238431, 9.072241, 7.616219, 5.606244, 3.206244, 0.0, 0.0, 0.0]"
909,"[0.0, 0.0, 0.0, 0.0, 1.341641, 3.130495, 5.100267, 7.336335, 9.752944, 10.752243, 11.117455, 11.235744, 10.897043, 10.129676, 9.005289, 7.675844, 6.187782, 4.490416, 3.288387, 2.896456, 3.288387, 4.499464, 6.499464, 8.652251, 11.033873, 13.223198, 14.817998, 16.041447, 16.864896, 16.685201, 13.279324, 12.082519, 10.45907, 8.055425, 5.749986, 6.349986, 5.035341, 4.515966, 5.193219, 6.73485, 8.680434, 10.614434, 12.307023, 13.583181, 14.162973, 14.178638, 13.911461, 13.101578, 11.690414, 9.979251, 8.266529, 6.337735, 4.74009, 4.072467, 4.590339, 5.781418, 7.582068, 7.016382, 6.121955, 4.472713, 2.433105, 0.0, 0.0, 0.0]"
910,"[0.0, 0.0, 0.0, 0.0, 1.264911, 2.914153, 4.758062, 6.79767, 9.033738, 10.049178, 10.487997, 10.732149, 10.589908, 10.062641, 8.94848, 7.754846, 6.23247, 4.617946, 3.309146, 3.037383, 3.484596, 4.805707, 6.855245, 9.175539, 11.281112, 13.063571, 14.432539, 15.494271, 16.029741, 16.002954, 12.878855, 11.885832, 10.05377, 7.964196, 5.815603, 6.381289, 4.943168, 4.597671, 5.23148, 6.606859, 8.441174, 10.216553, 12.0, 13.2, 14.006659, 14.21434, 14.022659, 13.231731, 12.241706, 10.847499, 9.239818, 7.65612, 6.079503, 4.869528, 4.521988, 5.310842, 6.818602, 6.186146, 5.386146, 4.121235, 2.332381, 0.0, 0.0, 0.0]"
911,"[0.0, 0.0, 0.0, 0.0, 1.456022, 3.164823, 5.062189, 6.959556, 9.113622, 9.893668, 10.243993, 10.405753, 10.395182, 9.853568, 8.748871, 7.538273, 5.92636, 4.239564, 3.074326, 2.791483, 3.357169, 4.796752, 6.877102, 9.03757, 11.142006, 12.858288, 14.464341, 15.67684, 16.231437, 16.44075, 13.310255, 12.158345, 10.374296, 8.378209, 6.110358, 6.910358, 5.463846, 5.03567, 5.589944, 6.975868, 8.737118, 10.685225, 12.247134, 13.499882, 14.047959, 14.315136, 14.163327, 13.729112, 12.735797, 11.887269, 10.339467, 8.725775, 7.117456, 6.031984, 5.183456, 5.691685, 7.031262, 6.231262, 5.336834, 4.205464, 2.416609, 0.0, 0.0, 0.0]"
912,"[0.0, 0.0, 0.0, 0.0, 1.264911, 2.973712, 4.871078, 7.212018, 9.552958, 10.79404, 11.591232, 11.857196, 11.516256, 11.019225, 10.210289, 8.704296, 7.173421, 5.573421, 4.129512, 3.064911, 3.064911, 4.129512, 5.992254, 8.312548, 10.564533, 12.617401, 13.873309, 14.741062, 15.151263, 15.130387, 12.077519, 11.094326, 9.406051, 7.275556, 5.236613, 6.061234, 5.222834, 5.393065, 6.556395, 8.012125, 9.795185, 11.548255, 13.098081, 14.097028, 14.978955, 15.213808, 15.171901, 14.417942, 13.381694, 12.063325, 10.562432, 8.984809, 7.793042, 6.931924, 6.785072, 7.443431, 8.684513, 7.46796, 6.203049, 4.505993, 2.505993, 0.0, 0.0, 0.0]"
913,"[0.0, 0.0, 0.0, 0.0, 1.56205, 3.405959, 5.668701, 8.22995, 11.058377, 12.057577, 12.774918, 12.953487, 12.392238, 11.563811, 10.525715, 9.041499, 7.232643, 5.515486, 3.962699, 3.160655, 3.497836, 4.752176, 6.975326, 9.211394, 11.721383, 13.724771, 15.190586, 16.037204, 16.706533, 16.637712, 13.22011, 11.955561, 10.126105, 7.622022, 5.0922, 6.169233, 5.495385, 5.816139, 7.299992, 9.275217, 11.082625, 12.948656, 14.384991, 15.458487, 16.256683, 16.345456, 15.893639, 15.174645, 13.748667, 12.186698, 10.555125, 8.991609, 7.43036, 6.616651, 6.334792, 6.879948, 8.031646, 7.031646, 5.865455, 4.303405, 2.416609, 0.0, 0.0, 0.0]"
914,"[0.0, 0.0, 0.0, 0.0, 1.649242, 3.546609, 5.887549, 8.417371, 11.100653, 12.314974, 13.100889, 13.265942, 12.899451, 12.216169, 10.965057, 9.281775, 7.341468, 5.46098, 3.743822, 2.852481, 3.294702, 4.708915, 6.834391, 9.394083, 11.672972, 13.791651, 15.372651, 16.52523, 17.01136, 17.01136, 13.450461, 11.889562, 9.770884, 7.290749, 4.690749, 5.137962, 3.937962, 3.895742, 5.247214, 7.255533, 9.608319, 11.814978, 13.414978, 14.214978, 14.813319, 14.621, 14.022659, 13.258727, 12.069804, 10.463145, 8.680085, 6.992876, 5.477919, 4.866842, 5.116084, 6.188829, 8.151001, 7.42989, 6.22989, 4.580648, 2.683282, 0.0, 0.0, 0.0]"
915,"[0.0, 0.0, 0.0, 0.0, 1.523155, 3.492926, 5.656257, 8.263938, 11.042427, 12.297761, 13.011271, 13.353933, 13.087192, 12.278475, 11.149228, 9.88016, 7.974167, 5.91607, 4.393512, 3.592798, 3.620805, 4.809659, 6.867757, 9.140837, 11.204353, 12.866967, 14.570963, 15.682558, 16.067099, 16.018619, 12.913784, 11.318301, 9.38892, 7.132614, 4.901505, 5.622615, 5.167469, 5.433169, 7.090633, 9.14146, 11.373314, 13.061589, 14.497637, 15.216548, 15.758169, 15.858072, 15.506066, 14.888843, 13.66394, 12.051489, 10.263532, 8.309665, 6.334439, 5.334439, 5.17801, 5.757008, 7.340705, 6.70825, 5.70825, 4.252228, 2.408319, 0.0, 0.0, 0.0]"
916,"[0.0, 0.0, 0.0, 0.0, 1.4, 3.4, 5.6, 8.0, 10.8, 12.2, 13.007134, 13.215453, 13.051521, 12.291128, 10.94715, 9.159821, 7.198715, 4.962647, 3.555495, 3.176506, 3.679857, 5.565024, 8.407558, 10.899202, 13.383068, 15.547731, 16.903168, 18.020432, 18.290445, 17.840816, 14.152998, 13.010765, 10.771432, 8.64223, 6.550764, 7.716955, 6.694525, 7.210128, 8.545217, 10.498627, 12.563535, 14.53323, 15.790012, 16.861524, 17.386882, 17.484446, 16.991596, 16.106427, 14.598246, 12.82014, 11.014631, 9.231184, 7.840055, 7.018365, 6.994957, 7.804183, 9.270912, 8.054359, 6.712719, 5.015662, 2.683282, 0.0, 0.0, 0.0]"
917,"[0.0, 0.0, 0.0, 0.0, 1.523155, 3.582281, 5.818349, 8.324341, 11.10283, 12.187357, 12.970765, 13.176008, 12.950366, 12.015786, 11.105161, 9.428818, 7.619962, 5.622454, 4.378545, 3.898041, 4.542928, 6.343577, 8.924299, 11.549202, 13.954803, 15.948986, 17.315881, 18.252317, 18.627414, 18.20526, 14.4, 13.0, 11.011077, 8.675988, 6.197098, 7.197098, 6.062009, 6.310058, 7.281215, 9.066098, 11.196593, 13.062177, 14.04936, 14.859602, 15.326823, 15.059892, 14.209747, 13.203046, 12.000646, 10.483454, 8.696922, 7.2651, 6.225492, 5.598136, 6.03948, 7.379056, 9.21381, 8.21381, 6.997257, 5.099891, 2.683282, 0.0, 0.0, 0.0]"
918,"[0.0, 0.0, 0.0, 0.0, 1.56205, 3.541949, 5.98326, 8.673985, 11.36471, 12.631087, 13.341913, 13.591326, 13.180952, 12.334136, 11.067759, 9.225563, 6.982051, 4.984543, 3.740634, 3.578584, 4.730056, 6.682843, 9.4, 12.0, 14.205551, 16.010811, 17.630761, 18.451756, 18.87391, 18.493262, 14.688002, 13.076371, 11.055376, 8.649775, 6.145982, 7.165786, 5.974019, 6.071386, 6.942895, 8.695648, 10.838121, 12.680981, 13.843026, 14.814376, 15.367062, 15.011918, 14.360825, 13.301414, 12.053079, 10.440743, 8.710642, 7.150852, 6.170656, 5.759579, 6.156442, 7.315477, 9.330513, 8.310709, 6.910709, 5.099632, 2.863564, 0.0, 0.0, 0.0]"
919,"[0.0, 0.0, 0.0, 0.0, 1.523155, 3.492926, 5.833866, 8.363688, 11.083982, 12.281122, 12.785214, 12.918137, 12.624383, 11.715166, 10.409085, 8.735222, 6.661359, 4.625291, 3.446669, 3.446669, 4.855741, 7.055741, 9.662875, 12.436297, 14.644237, 16.282242, 17.529319, 18.605483, 18.849263, 18.679644, 14.832567, 13.194563, 10.911265, 8.47816, 5.874153, 7.090705, 6.295847, 6.539756, 7.853025, 9.868061, 11.697818, 13.514703, 14.775629, 15.350642, 15.54649, 15.363745, 14.763235, 13.894468, 12.633542, 11.030152, 9.166588, 7.384527, 5.97308, 5.543385, 5.736605, 7.077545, 8.73501, 7.910389, 6.496175, 4.846933, 2.505993, 0.0, 0.0, 0.0]"
920,"[0.0, 0.0, 0.0, 0.0, 1.708801, 3.862867, 6.203807, 8.924101, 11.836145, 13.039388, 13.748886, 14.038536, 13.554309, 12.652241, 11.352648, 9.489084, 7.49095, 5.254882, 3.692121, 3.099473, 3.748715, 5.013626, 7.73392, 10.259921, 12.550706, 14.301464, 15.804097, 16.582374, 16.834063, 16.243768, 12.843768, 11.232623, 9.257206, 6.856924, 4.583844, 5.408465, 5.01961, 5.108907, 6.294261, 8.083116, 10.086922, 11.515349, 12.710031, 13.50719, 13.871122, 13.642695, 12.814268, 11.818211, 10.425291, 8.902324, 7.302324, 6.302324, 5.947269, 6.333055, 7.256022, 8.863703, 10.69213, 9.236108, 7.436108, 5.436108, 2.828427, 0.0, 0.0, 0.0]"
921,"[0.0, 0.0, 0.0, 0.0, 1.612452, 3.738481, 5.86451, 8.272829, 10.88051, 12.152499, 12.804959, 13.184923, 13.117544, 12.407229, 11.17203, 9.658453, 7.784915, 5.643975, 4.193822, 3.74458, 4.079669, 5.647214, 8.047214, 10.4, 12.605877, 14.429326, 15.878983, 16.771833, 17.031245, 16.488932, 13.065483, 11.226903, 9.134053, 6.899262, 4.884226, 6.084226, 5.885601, 6.721669, 8.370911, 10.385947, 12.245359, 13.659456, 14.449938, 15.002623, 14.967486, 14.715208, 14.29634, 13.478863, 12.296223, 10.923818, 9.558905, 8.393444, 7.640394, 7.640394, 8.592691, 9.758151, 11.315931, 9.859909, 8.016, 5.607681, 3.0, 0.0, 0.0, 0.0]"
922,"[0.0, 0.0, 0.0, 0.0, 1.414214, 3.258122, 5.49419, 7.927295, 10.401159, 11.460809, 12.146722, 12.251594, 11.78826, 10.926849, 9.895206, 8.365384, 6.307286, 4.537515, 3.372277, 2.930056, 3.542508, 5.422996, 7.830677, 10.336428, 12.466923, 14.08557, 15.527791, 16.41296, 16.56483, 16.297899, 13.0668, 11.358616, 9.38892, 7.284085, 5.245142, 6.510053, 6.225138, 6.701984, 7.982335, 10.042154, 11.661684, 13.1021, 14.154968, 14.927485, 14.996008, 14.975131, 14.263204, 13.373667, 12.109654, 10.853746, 9.432402, 8.547484, 7.996605, 8.018827, 8.754876, 9.980988, 11.43701, 9.824559, 8.013482, 5.580377, 2.912044, 0.0, 0.0, 0.0]"
923,"[0.0, 0.0, 0.0, 0.0, 1.523155, 3.611216, 5.891567, 8.36543, 10.839294, 11.790002, 12.135046, 12.263014, 11.989151, 11.515287, 10.441424, 9.008319, 7.0, 5.0, 3.565685, 3.331876, 4.052341, 5.77837, 8.406797, 11.096876, 13.336563, 15.336313, 16.930499, 17.875664, 18.393492, 18.040483, 14.320267, 13.041364, 11.11168, 8.900137, 7.063822, 8.478036, 7.55988, 7.715971, 8.595232, 9.939929, 11.498929, 13.099874, 13.984315, 14.595872, 14.987587, 14.622054, 13.830335, 12.945894, 11.736935, 10.346021, 9.003251, 8.085083, 7.685083, 7.880782, 8.599083, 9.934172, 11.751058, 10.151058, 8.11145, 5.831099, 3.231099, 0.0, 0.0, 0.0]"
924,"[0.0, 0.0, 0.0, 0.0, 1.414214, 3.026665, 5.235737, 7.644056, 10.044056, 11.038162, 11.661778, 11.688774, 11.124364, 10.373606, 9.230198, 7.888557, 6.052489, 4.408581, 3.391794, 3.02131, 3.650037, 5.147404, 7.477226, 9.756814, 11.921799, 13.822093, 15.54688, 16.62261, 17.134014, 17.081262, 13.657813, 12.244731, 10.288422, 8.206615, 6.331326, 7.787348, 7.190727, 7.741485, 8.808163, 10.276792, 11.62077, 13.008319, 13.808319, 14.406659, 14.613793, 14.444382, 13.852701, 13.061773, 11.855114, 10.462194, 9.287627, 8.321528, 7.956365, 8.156365, 9.248144, 10.475404, 11.896747, 10.052839, 8.052839, 5.546846, 2.863564, 0.0, 0.0, 0.0]"
925,"[0.0, 0.0, 0.0, 0.0, 1.720465, 3.720465, 6.161776, 8.769457, 11.489751, 12.330536, 13.158963, 12.980394, 12.498742, 11.622357, 10.781572, 9.119335, 7.577704, 5.734517, 4.337822, 3.249812, 3.497836, 4.389177, 6.342402, 8.563521, 10.716744, 12.533629, 14.152276, 15.226797, 15.511429, 15.50424, 12.273141, 11.27811, 9.423543, 7.670579, 5.911894, 6.760422, 5.789265, 5.982485, 7.018553, 8.2791, 9.904436, 11.307857, 12.444293, 12.808225, 13.127874, 13.07062, 12.638355, 11.940738, 10.79676, 9.610974, 8.394365, 7.423208, 6.897197, 7.285083, 7.87087, 9.112181, 10.567564, 9.005514, 7.161605, 5.161605, 2.720294, 0.0, 0.0, 0.0]"
926,"[0.0, 0.0, 0.0, 0.0, 1.649242, 3.619014, 6.148836, 8.86913, 11.499719, 12.481066, 13.118976, 12.989154, 12.677178, 12.056564, 11.237052, 9.845924, 8.270545, 6.262226, 4.452251, 3.206859, 3.121677, 3.859106, 5.622437, 7.754818, 10.052697, 11.967635, 13.823186, 15.012467, 16.032697, 16.081177, 13.034867, 11.656874, 10.093117, 8.021131, 6.003514, 7.203514, 6.380459, 6.240847, 6.929994, 8.189632, 9.589632, 11.158757, 12.295193, 13.298635, 13.864863, 13.985157, 13.632585, 13.280012, 12.150707, 11.219267, 10.061023, 9.189968, 8.643659, 8.953816, 9.694784, 10.763324, 12.029701, 10.142904, 7.988839, 5.459016, 2.828427, 0.0, 0.0, 0.0]"
927,"[0.0, 0.0, 0.0, 0.0, 1.16619, 2.72824, 4.448705, 6.507831, 8.743899, 9.66577, 10.339788, 10.658931, 10.60978, 10.173712, 9.485651, 8.269387, 6.862235, 5.052259, 3.252259, 2.417945, 2.564331, 3.493926, 5.137835, 7.301165, 9.241473, 10.758564, 12.507103, 13.894293, 14.704176, 15.171397, 12.488115, 11.265588, 9.931855, 8.520692, 6.889119, 8.15403, 7.465968, 7.379679, 8.026701, 9.118165, 10.716818, 12.37623, 13.591702, 14.409179, 14.783208, 14.726778, 14.075685, 13.457455, 12.639978, 11.872452, 10.909227, 10.024062, 9.459652, 9.230479, 9.471222, 10.234994, 11.490328, 9.64642, 7.666521, 5.38617, 2.778489, 0.0, 0.0, 0.0]"
928,"[0.0, 0.0, 0.0, 0.0, 0.848528, 2.129153, 3.849618, 5.736414, 7.79554, 8.916784, 9.790225, 9.967126, 9.924239, 9.477565, 8.922007, 7.767941, 6.470574, 4.826665, 3.414214, 2.632456, 2.652259, 3.575414, 5.345186, 7.381254, 9.356479, 11.179209, 12.629268, 13.632711, 14.22507, 14.445816, 11.603282, 10.89281, 9.640061, 8.334788, 6.920575, 7.940379, 6.843828, 6.843828, 7.446702, 8.440807, 9.966588, 11.491122, 12.599084, 13.16378, 13.446186, 13.461851, 13.051477, 12.349079, 11.638254, 10.667994, 9.719196, 8.961999, 8.485212, 8.316391, 8.605901, 9.202521, 10.309956, 8.660714, 6.849637, 4.839661, 2.630589, 0.0, 0.0, 0.0]"
929,"[0.0, 0.0, 0.0, 0.0, 1.16619, 2.608411, 4.495207, 6.495207, 8.757949, 10.000077, 10.966176, 11.24271, 11.301836, 10.827949, 9.761271, 8.429985, 6.987764, 5.211481, 3.705469, 2.996284, 3.135804, 4.258602, 6.063821, 8.121918, 10.089463, 11.736474, 13.292565, 14.703075, 15.524413, 15.808854, 12.94529, 11.877671, 10.438225, 8.540859, 6.676222, 7.500843, 6.168462, 5.389961, 5.913904, 6.863872, 8.193317, 9.609926, 10.835294, 11.552432, 11.915042, 12.093356, 11.840078, 11.334085, 10.714889, 9.824728, 8.658538, 7.515011, 6.715011, 6.044767, 6.251789, 6.874453, 7.854649, 6.654649, 5.438097, 3.788854, 2.0, 0.0, 0.0, 0.0]"
930,"[0.0, 0.0, 0.0, 0.0, 1.019804, 2.434017, 4.034017, 6.043993, 8.253065, 9.442333, 10.264188, 10.703795, 10.402621, 9.716703, 8.849272, 7.507631, 6.033709, 4.524908, 3.284596, 2.664066, 2.901009, 3.897374, 5.58417, 7.633708, 9.595879, 11.328073, 12.812332, 13.89875, 14.539583, 14.576595, 11.713031, 11.007662, 9.743249, 8.212255, 6.340489, 7.360293, 6.019353, 5.575464, 5.474884, 6.238807, 7.1058, 8.43818, 9.589879, 10.664847, 11.393335, 11.660605, 11.48229, 11.153742, 10.445934, 9.628149, 8.815723, 7.942282, 7.134846, 6.767686, 6.700553, 6.773126, 7.492501, 6.211876, 4.870236, 3.414214, 2.0, 0.0, 0.0, 0.0]"
931,"[0.0, 0.0, 0.0, 0.0, 1.216553, 3.02763, 5.067237, 7.303305, 9.711624, 10.903391, 11.492314, 11.661778, 11.435685, 11.037341, 10.241474, 9.058027, 7.48141, 5.671435, 3.86146, 2.814693, 2.446669, 3.228427, 4.725483, 6.788225, 8.783789, 10.655555, 12.294209, 13.650021, 14.440146, 14.478897, 11.758603, 10.859801, 9.595788, 7.823545, 6.223545, 6.856001, 5.33439, 4.545536, 4.396282, 4.810495, 6.17804, 7.545584, 8.545584, 9.822532, 10.671061, 10.671061, 10.671061, 10.368117, 9.521848, 8.821156, 8.101781, 7.267971, 6.647948, 6.302451, 5.956953, 6.325571, 7.056747, 5.979714, 4.763161, 3.546609, 1.897367, 0.0, 0.0, 0.0]"
932,"[0.0, 0.0, 0.0, 0.0, 1.0, 2.4, 4.0, 5.6, 7.609975, 8.61995, 9.259558, 9.747619, 9.85642, 9.3696, 8.701265, 7.661657, 6.294706, 5.033119, 3.792807, 2.89838, 2.61949, 3.179005, 4.146005, 5.707071, 7.259858, 9.04474, 10.447397, 11.633183, 12.389274, 12.919097, 10.413104, 9.883888, 8.89634, 7.576964, 6.047142, 6.871763, 5.542319, 5.0069, 5.067916, 5.680368, 6.742543, 8.250302, 9.50565, 10.49639, 11.120006, 11.469278, 11.372965, 11.194651, 10.651124, 10.027508, 9.403891, 8.729873, 7.856432, 7.680029, 7.776379, 8.173902, 8.811852, 7.531227, 5.918776, 4.209975, 2.2, 0.0, 0.0, 0.0]"
933,"[0.0, 0.0, 0.0, 0.0, 1.077033, 2.519253, 4.081303, 5.925212, 7.622269, 8.525135, 8.926823, 9.085238, 8.853781, 8.679879, 8.041621, 7.274745, 6.378901, 5.166449, 3.643295, 2.701654, 2.424621, 2.816553, 3.872574, 5.769941, 7.524007, 8.960075, 10.249515, 11.401174, 12.111489, 12.398734, 10.162666, 9.820004, 8.824774, 7.558734, 6.137227, 7.137227, 5.868323, 5.387243, 5.326227, 5.748643, 6.361095, 7.353464, 8.108889, 8.828265, 9.386044, 9.617501, 9.574614, 9.384874, 8.946924, 8.389145, 7.886876, 7.307879, 6.827375, 6.465325, 6.437318, 6.618832, 7.142775, 5.926223, 4.726223, 3.312009, 1.788854, 0.0, 0.0, 0.0]"
934,"[0.0, 0.0, 0.0, 0.0, 0.894427, 2.060618, 3.51664, 5.165882, 6.815124, 7.569939, 8.0162, 8.160178, 8.110936, 7.875907, 7.443218, 6.85057, 5.883026, 4.483026, 3.268812, 2.499473, 2.328197, 2.827113, 4.189163, 5.989163, 7.70528, 9.189132, 10.563754, 11.684986, 12.190979, 12.263716, 9.931335, 9.312139, 8.349322, 7.257543, 6.021475, 7.041279, 6.371035, 5.915481, 6.024422, 6.636874, 7.405924, 8.248498, 8.953358, 9.399975, 9.941589, 10.050102, 9.699776, 9.379247, 8.865497, 7.976343, 7.156009, 6.447208, 5.797966, 5.418977, 5.370618, 5.693585, 6.306037, 5.306037, 4.229004, 3.012452, 1.612452, 0.0, 0.0, 0.0]"
935,"[0.0, 0.0, 0.0, 0.0, 1.0, 2.280625, 3.56125, 5.1233, 6.843765, 7.56423, 8.072459, 8.580689, 8.72744, 8.462997, 8.198553, 7.429503, 6.46527, 5.156469, 3.700447, 2.644425, 2.424621, 2.619804, 3.675826, 5.325068, 6.822435, 8.176501, 9.392765, 10.172811, 10.759636, 10.832041, 8.677975, 7.965062, 6.993905, 5.757837, 4.509176, 5.357704, 4.911582, 4.911582, 5.367604, 6.457571, 7.452952, 8.415527, 9.238677, 9.870716, 9.957006, 10.010464, 9.679657, 9.11475, 8.2916, 7.471266, 6.593703, 5.709524, 5.080796, 4.982076, 5.319256, 5.861502, 6.757346, 5.862919, 4.696729, 3.282515, 1.720465, 0.0, 0.0, 0.0]"
936,"[0.0, 0.0, 0.0, 0.0, 1.077033, 2.341944, 4.239311, 6.136677, 8.224739, 9.187313, 9.96201, 10.074619, 9.988329, 9.512719, 8.673112, 7.633504, 6.255984, 4.892121, 3.479669, 2.845355, 2.693883, 3.342052, 4.456888, 6.420219, 8.017864, 9.730586, 11.140686, 12.269361, 12.796755, 13.041743, 10.480493, 9.351818, 7.827284, 5.96118, 4.152861, 4.718547, 3.981118, 3.834732, 4.226663, 5.239115, 6.517338, 7.536626, 8.55643, 9.427938, 9.712853, 9.577745, 9.075477, 8.37751, 7.183876, 6.180937, 5.104591, 4.362951, 3.468524, 3.295207, 3.295207, 3.739784, 4.404695, 3.957481, 3.236371, 2.341944, 1.264911, 0.0, 0.0, 0.0]"
937,"[0.0, 0.0, 0.0, 0.0, 1.4, 3.012452, 4.823529, 6.863136, 8.873112, 9.682184, 10.278804, 10.477702, 10.238095, 9.82812, 9.219047, 8.009975, 6.6, 5.0, 3.6, 2.447214, 2.271835, 3.127857, 4.771766, 6.659827, 8.492964, 10.009283, 11.338939, 12.280707, 12.533586, 12.594175, 10.253235, 9.1168, 7.350926, 5.834607, 4.059353, 4.659353, 4.029914, 4.466132, 5.350312, 6.681993, 8.170055, 9.430601, 10.25493, 10.782198, 10.924439, 10.846353, 10.377079, 9.709179, 8.873112, 7.833504, 6.843332, 5.664711, 4.617945, 3.78363, 3.416086, 3.396282, 4.17804, 3.612355, 3.046669, 2.414214, 1.414214, 0.0, 0.0, 0.0]"
938,"[0.0, 0.0, 0.0, 0.0, 1.131371, 2.693421, 4.413886, 6.257795, 8.257795, 9.126424, 9.564374, 9.564374, 9.44093, 8.883151, 8.049341, 7.049341, 5.894561, 4.374096, 3.331876, 2.798141, 2.875174, 3.76551, 5.462877, 7.150938, 9.186816, 10.778116, 12.185658, 13.151855, 13.927358, 13.539376, 10.871043, 9.656722, 8.058068, 6.088931, 4.255794, 4.655794, 3.453765, 3.013476, 3.196081, 4.013779, 5.069801, 6.271829, 7.156009, 7.787777, 8.231666, 8.298799, 8.172711, 7.906131, 7.477955, 6.900525, 6.377371, 5.575326, 4.765561, 4.117392, 3.618477, 3.339587, 3.512904, 2.880449, 2.247993, 1.615537, 0.894427, 0.0, 0.0, 0.0]"
939,"[0.0, 0.0, 0.0, 0.0, 1.077033, 2.418674, 4.127474, 6.024841, 7.922208, 8.999241, 9.627371, 9.888342, 9.699776, 9.144051, 8.067018, 6.818356, 5.295798, 3.586998, 2.5282, 2.299695, 2.709955, 3.824792, 5.824792, 7.950268, 9.662989, 11.251913, 12.689863, 13.574304, 13.886279, 14.045323, 11.325029, 10.384155, 8.941935, 7.353011, 5.353828, 5.953828, 4.527157, 3.806047, 3.569103, 4.112904, 5.162146, 6.3736, 7.496398, 8.499338, 8.943227, 9.08284, 9.027785, 8.626097, 8.009355, 7.581179, 6.923695, 6.134841, 5.692621, 5.133106, 4.484937, 3.986021, 3.707132, 2.707132, 1.986021, 1.353566, 0.72111, 0.0, 0.0, 0.0]"
940,"[0.0, 0.0, 0.0, 0.0, 1.019804, 2.632255, 4.443332, 6.453308, 8.66238, 9.652551, 10.050075, 10.248973, 10.050075, 9.490245, 8.557302, 7.371948, 5.809187, 4.19811, 2.948868, 2.471835, 2.667017, 3.869046, 5.566413, 7.320479, 9.137088, 10.800566, 11.834605, 12.62052, 13.149735, 13.239119, 10.555838, 9.842328, 8.867847, 7.204369, 5.498376, 6.219486, 4.970825, 4.086646, 4.066842, 4.483394, 5.374735, 6.464702, 7.650056, 8.660031, 9.443479, 9.831027, 9.81995, 9.621052, 9.223529, 8.872771, 8.485222, 7.901775, 7.290698, 6.678246, 6.048808, 5.330784, 4.962759, 3.762759, 2.762759, 1.742955, 0.848528, 0.0, 0.0, 0.0]"
941,"[0.0, 0.0, 0.0, 0.0, 1.456022, 3.164823, 5.252884, 7.340945, 9.621296, 10.506214, 11.138353, 11.330643, 11.282189, 10.651081, 9.724354, 8.403218, 6.922868, 5.28326, 3.834017, 2.867017, 2.671835, 3.088387, 4.088387, 5.888387, 7.641174, 9.224871, 10.616, 11.823681, 12.232, 12.440319, 10.032, 9.434294, 8.226613, 6.818294, 5.042431, 5.489644, 3.879669, 3.045355, 2.893883, 3.427618, 4.422624, 5.464845, 6.461209, 7.174731, 7.570591, 7.69042, 7.81025, 7.662413, 7.514577, 7.366741, 7.085315, 6.689456, 6.441433, 6.104252, 5.709842, 5.449022, 5.359864, 4.193674, 3.116641, 2.096837, 1.077033, 0.0, 0.0, 0.0]"
942,"[0.0, 0.0, 0.0, 0.0, 1.16619, 2.608411, 4.220862, 6.009717, 7.896513, 8.789449, 9.406354, 9.680699, 9.61231, 9.287563, 8.509062, 7.581307, 6.588938, 5.468473, 4.472108, 3.823939, 3.712372, 4.217945, 5.230396, 6.50862, 7.964226, 9.224773, 10.354595, 11.271965, 11.768996, 12.021875, 9.741524, 9.055611, 8.13824, 6.9973, 5.480982, 6.113437, 4.716742, 3.70429, 3.225401, 3.400779, 4.048949, 4.88236, 5.696574, 6.537513, 6.951727, 7.233152, 7.366741, 7.366741, 7.085315, 6.802473, 6.371794, 5.95758, 5.437794, 4.98179, 4.67504, 4.368291, 4.089401, 3.194974, 2.370353, 1.545731, 0.72111, 0.0, 0.0, 0.0]"
943,"[0.0, 0.0, 0.0, 0.0, 1.131371, 2.545584, 4.107634, 5.804691, 7.78459, 8.633118, 9.198803, 9.480662, 9.627515, 9.209666, 8.671987, 7.858279, 6.838991, 5.595082, 4.598717, 3.788952, 3.642566, 4.082856, 4.824497, 5.871263, 7.125604, 8.26913, 9.44553, 10.384241, 11.10417, 11.380704, 9.217373, 8.564917, 7.807721, 6.740251, 5.37692, 6.009376, 4.786207, 3.863052, 3.398141, 3.675174, 4.307629, 5.083585, 5.825226, 6.54838, 6.994502, 7.252745, 7.252745, 7.252745, 6.806624, 6.360502, 5.731775, 5.238662, 4.618132, 4.262209, 3.817631, 3.523204, 3.569103, 2.847993, 2.126883, 1.494427, 0.894427, 0.0, 0.0, 0.0]"
944,"[0.0, 0.0, 0.0, 0.0, 1.019804, 2.236356, 3.65057, 5.263022, 6.875473, 7.666746, 8.062645, 8.260883, 8.297674, 8.141244, 7.595078, 7.05966, 6.168319, 4.96629, 3.957481, 3.258256, 3.07565, 3.619451, 4.628259, 6.024955, 7.498877, 8.840518, 10.008712, 10.985795, 11.377954, 11.574414, 9.338346, 8.554483, 7.386289, 6.316412, 4.801454, 5.248668, 4.046639, 3.228941, 2.887372, 3.060689, 3.633279, 4.450977, 5.220316, 5.809908, 6.132034, 6.328782, 6.280424, 6.083675, 5.689265, 5.297334, 4.713237, 4.096684, 3.476881, 2.739919, 2.362512, 2.330056, 2.554677, 2.154677, 1.871835, 1.424621, 0.824621, 0.0, 0.0, 0.0]"
945,"[0.0, 0.0, 0.0, 0.0, 1.0, 2.414214, 3.976263, 5.538313, 7.258778, 8.102687, 8.532383, 8.814242, 8.814242, 8.50799, 7.944706, 7.100797, 5.977999, 4.863162, 3.731791, 2.89838, 2.792807, 3.237887, 4.132315, 5.461924, 6.901506, 8.33946, 9.679262, 10.843614, 11.647772, 11.997044, 9.664663, 8.681825, 7.252865, 5.660877, 3.824809, 3.824809, 2.748868, 2.392945, 2.462751, 3.228941, 4.570582, 5.73582, 6.627161, 7.345186, 7.791447, 7.892027, 7.721796, 7.275534, 6.829273, 6.216822, 5.669028, 4.859263, 4.325529, 3.559338, 3.006552, 2.833235, 3.025401, 2.392945, 1.992945, 1.545731, 0.824621, 0.0, 0.0, 0.0]"
946,"[0.0, 0.0, 0.0, 0.0, 1.280625, 2.842675, 4.729471, 6.729471, 8.892802, 10.173427, 10.943757, 11.220292, 11.279418, 10.904942, 9.785912, 8.619722, 7.350818, 5.738906, 3.950052, 2.955045, 2.683282, 3.053765, 4.315353, 6.212719, 8.045856, 9.681251, 11.136634, 12.148128, 12.780583, 12.841172, 10.31135, 9.560828, 8.006724, 6.32543, 4.431704, 4.878917, 3.541601, 3.395215, 3.763239, 5.127103, 6.689864, 8.266481, 9.455749, 10.448269, 10.6768, 10.706432, 10.341269, 9.781439, 8.837278, 7.874703, 6.729522, 5.518069, 4.268827, 3.451129, 2.82131, 2.559338, 2.926883, 2.526883, 2.079669, 1.632456, 1.0, 0.0, 0.0, 0.0]"
947,"[0.0, 0.0, 0.0, 0.0, 1.16619, 2.608411, 4.578182, 6.547954, 8.784022, 9.8539, 10.74406, 10.937619, 11.026974, 10.677702, 9.883854, 8.682844, 7.368042, 5.874601, 4.187805, 3.028427, 2.618167, 2.901009, 3.749537, 5.246594, 7.37207, 9.212209, 10.923373, 12.199884, 13.193552, 13.193552, 10.632303, 9.486825, 8.076725, 6.280427, 4.472108, 4.919322, 4.046887, 3.766262, 4.484286, 5.695363, 7.258125, 8.642576, 9.851648, 10.448269, 10.647167, 10.637192, 10.22812, 9.619047, 8.626528, 7.636356, 6.460978, 5.260978, 4.060978, 3.291639, 2.719048, 2.494427, 2.914231, 2.514231, 2.067017, 1.619804, 1.019804, 0.0, 0.0, 0.0]"
948,"[0.0, 0.0, 0.0, 0.0, 1.341641, 3.050442, 5.020213, 6.989985, 9.144051, 10.14335, 10.775489, 10.959783, 11.144078, 10.959783, 10.407698, 9.408399, 8.254333, 6.948795, 5.579023, 4.355854, 4.091247, 4.547269, 5.311192, 6.721167, 8.563801, 10.094449, 11.44556, 12.640243, 13.260857, 13.285643, 10.677962, 9.768195, 8.302702, 6.56654, 4.580648, 5.027862, 3.955116, 3.830028, 4.548052, 5.900839, 7.453625, 8.838076, 9.821524, 10.409072, 10.609072, 10.609072, 10.2, 9.612452, 8.826665, 8.043218, 6.867839, 5.700294, 4.535056, 3.120843, 2.10429, 1.912125, 2.10429, 1.657077, 1.657077, 1.457077, 0.824621, 0.0, 0.0, 0.0]"
949,"[0.0, 0.0, 0.0, 0.0, 1.341641, 2.954092, 4.742947, 6.802073, 9.038141, 10.028881, 10.74881, 11.196023, 11.196023, 10.929727, 10.306147, 9.496921, 8.337886, 7.103381, 5.580823, 4.272022, 3.573489, 3.662646, 4.400075, 5.93276, 7.795502, 9.516465, 11.041, 12.169675, 12.751025, 12.929595, 10.38401, 9.305737, 7.879923, 6.143295, 4.149197, 4.749197, 4.031173, 4.046887, 4.919322, 6.452007, 7.978036, 9.209638, 10.337333, 10.903018, 11.185861, 11.03973, 10.610758, 9.764489, 8.782372, 7.51963, 6.260841, 5.010999, 3.648949, 2.568324, 2.015537, 1.926883, 2.556702, 2.356702, 2.156702, 1.709488, 1.077033, 0.0, 0.0, 0.0]"
950,"[0.0, 0.0, 0.0, 0.0, 1.2, 2.812452, 4.623529, 6.633504, 8.842576, 9.851648, 10.448269, 10.647167, 10.6768, 10.311636, 9.751806, 8.956948, 7.966776, 6.559624, 4.915715, 3.549316, 2.767558, 2.964306, 3.944302, 5.754277, 8.079116, 10.253794, 11.865669, 13.081644, 13.935233, 13.995885, 11.188751, 10.069125, 8.406888, 6.109009, 3.840677, 4.473132, 3.764331, 4.012355, 5.290578, 6.734487, 8.338099, 9.61845, 10.484587, 10.876747, 11.268906, 10.876747, 10.407473, 9.541335, 8.505267, 7.269199, 6.225291, 4.814214, 3.4, 2.4, 2.032456, 2.057077, 2.73411, 2.73411, 2.53411, 1.901654, 1.077033, 0.0, 0.0, 0.0]"
951,"[0.0, 0.0, 0.0, 0.0, 1.2, 3.0, 4.811077, 6.821052, 9.254157, 10.487262, 11.161126, 11.783154, 12.009246, 11.615749, 11.026553, 9.769242, 8.336137, 6.732525, 5.325372, 4.306085, 4.531753, 5.590879, 7.290804, 9.378643, 11.716299, 13.87963, 15.594096, 16.933227, 17.612933, 17.612933, 14.007382, 12.321851, 10.299581, 7.724202, 4.761925, 5.209138, 3.921077, 3.884286, 4.859665, 6.868737, 8.829843, 10.429843, 11.217391, 11.82571, 11.82571, 11.427366, 10.838443, 9.703354, 8.372068, 7.057423, 5.768558, 4.240324, 3.258256, 2.628436, 2.334009, 2.632703, 3.962312, 3.679469, 3.232255, 2.632255, 1.612452, 0.0, 0.0, 0.0]"
952,"[0.0, 0.0, 0.0, 0.0, 1.280625, 3.167421, 5.226547, 7.506898, 10.068148, 11.478248, 12.282176, 12.768635, 12.896603, 12.598095, 11.887269, 10.610758, 8.9596, 7.375903, 5.678846, 4.593374, 4.791612, 6.106257, 7.889317, 10.323632, 12.835082, 15.02789, 16.838768, 18.052082, 18.504617, 18.203575, 14.398315, 12.466426, 10.168586, 7.610478, 4.705643, 4.988486, 3.794852, 3.437887, 4.430257, 6.510607, 8.508115, 10.022007, 11.297128, 11.851643, 11.630418, 11.409193, 10.789729, 9.99766, 8.970562, 7.911436, 6.65231, 5.463456, 4.097056, 2.882843, 2.448528, 2.497056, 3.063247, 2.780404, 2.580404, 2.014719, 1.16619, 0.0, 0.0, 0.0]"
953,"[0.0, 0.0, 0.0, 0.0, 1.414214, 3.414214, 5.822532, 8.383782, 11.226316, 12.373352, 13.215886, 13.368817, 13.368817, 12.689614, 12.128364, 10.700044, 9.138794, 7.14323, 5.179899, 3.779899, 3.442718, 4.151519, 5.821902, 8.221902, 10.485466, 12.808433, 14.499632, 15.841273, 16.472372, 16.394485, 12.994485, 11.491852, 9.130696, 6.699597, 4.196762, 4.829217, 4.063222, 4.260883, 5.347679, 7.228167, 9.156961, 10.745884, 12.022396, 12.826324, 13.208578, 12.91007, 12.189776, 11.385847, 10.137343, 8.757949, 7.389634, 6.110745, 4.671162, 3.428941, 2.709965, 2.447993, 2.746687, 2.299473, 2.099473, 1.652259, 1.019804, 0.0, 0.0, 0.0]"
954,"[0.0, 0.0, 0.0, 0.0, 1.341641, 3.130495, 5.366563, 7.872556, 10.555838, 11.897478, 12.972188, 13.33612, 13.513409, 13.066195, 12.171768, 10.750424, 9.227457, 7.144176, 5.108108, 3.602096, 3.054303, 3.41949, 4.706287, 7.012279, 9.593001, 11.829069, 13.697437, 14.941136, 15.565639, 15.565639, 12.435144, 11.011351, 9.16148, 6.752096, 4.335745, 4.782959, 3.896162, 4.029751, 5.318616, 7.080474, 9.04158, 10.649261, 11.842728, 12.440434, 12.639681, 12.631362, 12.023681, 11.416, 10.222532, 9.014214, 7.614214, 6.246669, 4.693883, 3.879669, 3.699473, 4.041114, 5.02111, 4.573896, 3.973896, 2.954092, 1.612452, 0.0, 0.0, 0.0]"
955,"[0.0, 0.0, 0.0, 0.0, 1.019804, 2.419804, 4.429779, 6.629779, 9.038098, 10.418294, 11.418294, 11.816638, 12.024957, 11.626613, 10.839065, 9.655617, 8.071919, 6.110814, 4.300839, 3.288387, 3.091639, 3.681231, 5.470085, 7.938418, 10.250462, 12.335493, 14.273891, 15.581832, 16.26611, 16.516343, 13.411509, 12.532761, 11.02836, 9.089962, 6.727685, 7.29337, 5.451962, 4.489387, 4.517394, 5.437859, 6.872174, 8.572099, 10.001059, 11.064831, 11.760976, 11.997044, 11.453517, 10.736379, 9.572027, 8.155418, 6.64046, 5.298819, 3.957178, 3.464066, 3.74469, 4.636032, 6.342884, 5.89567, 5.047142, 3.766517, 2.154066, 0.0, 0.0, 0.0]"
956,"[0.0, 0.0, 0.0, 0.0, 0.632456, 1.709488, 3.051129, 4.574284, 6.363138, 7.617479, 8.260911, 8.639735, 8.813637, 8.438996, 7.832825, 7.11236, 6.02435, 4.727294, 3.51308, 2.432456, 2.064911, 2.432456, 3.446669, 5.090578, 7.170929, 9.099723, 10.820017, 12.126098, 13.002483, 13.442426, 10.881176, 10.160882, 9.002638, 7.448534, 5.360696, 5.760696, 4.207909, 3.470481, 3.520843, 4.500839, 5.911916, 7.474677, 8.660031, 9.652551, 10.249172, 10.477702, 10.311636, 9.914113, 8.921593, 7.712521, 6.272913, 4.829004, 3.616553, 3.2, 3.219804, 4.075826, 5.645597, 5.245597, 4.445597, 3.425794, 1.969772, 0.0, 0.0, 0.0]"
957,"[0.0, 0.0, 0.0, 0.0, 1.0, 2.280625, 3.893076, 5.681931, 7.651702, 8.710828, 9.584269, 10.059879, 10.310633, 10.380469, 9.933794, 9.179728, 8.30822, 7.093233, 5.500839, 4.335601, 3.760222, 3.760222, 4.535601, 6.088387, 8.074279, 10.078085, 11.888081, 13.347493, 14.572396, 15.16584, 12.337413, 11.519936, 10.271602, 8.460912, 6.511396, 7.359924, 6.170656, 5.576131, 5.81116, 6.703898, 8.19631, 9.593115, 10.906385, 11.977437, 12.537488, 12.670411, 12.534153, 12.240398, 11.364013, 10.290213, 9.081261, 7.80091, 6.459269, 5.635164, 5.791594, 6.526683, 7.935002, 7.040574, 6.02077, 4.408319, 2.408319, 0.0, 0.0, 0.0]"
958,"[0.0, 0.0, 0.0, 0.0, 0.565685, 1.697056, 2.977681, 4.864477, 6.751274, 8.244714, 9.267409, 10.074846, 10.276111, 10.428922, 10.213705, 9.672091, 8.58403, 7.295968, 5.45636, 3.895294, 2.882843, 2.882843, 3.926752, 5.96282, 8.543541, 11.048376, 13.400987, 14.909689, 16.026232, 16.324945, 13.22011, 12.535832, 11.222829, 9.470218, 7.327745, 8.327745, 6.736445, 6.309288, 6.709288, 7.889485, 9.489485, 11.219585, 12.613793, 13.640342, 14.466891, 14.695319, 14.556518, 13.830209, 12.647569, 11.464929, 10.050715, 8.402186, 7.016262, 6.303724, 5.98297, 6.412665, 8.023451, 7.129024, 5.997653, 4.474498, 2.630589, 0.0, 0.0, 0.0]"
959,"[0.0, 0.0, 0.0, 0.0, 0.848528, 1.979899, 3.394113, 5.114578, 7.114578, 8.42938, 9.534077, 10.355932, 10.789533, 10.686899, 10.420935, 9.708022, 8.688506, 7.359061, 5.744538, 4.130014, 3.43148, 3.479839, 4.30446, 6.109678, 8.426836, 10.575428, 12.541616, 14.123473, 15.26651, 15.71282, 12.739606, 11.849447, 10.515715, 8.897067, 6.850758, 7.745185, 6.298673, 5.601306, 5.388854, 6.188854, 7.294427, 8.6, 9.6, 10.409072, 10.818144, 11.054212, 10.942274, 10.451074, 9.950803, 9.006642, 7.847607, 6.559546, 5.4832, 4.622928, 4.43505, 4.77223, 5.783307, 5.150852, 4.302324, 3.225291, 1.811077, 0.0, 0.0, 0.0]"
960,"[0.0, 0.0, 0.0, 0.0, 0.848528, 1.979899, 3.541949, 5.262414, 7.32154, 8.532138, 9.636835, 10.228851, 10.662452, 10.757392, 10.595632, 10.008807, 9.119652, 7.790207, 6.083355, 4.385988, 3.536746, 3.471835, 4.447214, 6.209072, 8.816206, 11.022865, 13.246314, 15.068468, 16.265273, 16.683042, 13.676383, 12.860615, 11.238461, 9.246798, 7.041698, 7.607384, 5.599703, 4.49413, 4.246107, 4.668524, 5.823303, 7.223303, 8.492207, 9.489347, 10.106253, 10.355559, 10.252926, 9.798396, 9.091087, 8.296872, 7.404133, 6.227877, 5.151532, 4.49551, 4.250403, 4.51501, 5.406352, 4.773896, 3.973896, 2.954092, 1.612452, 0.0, 0.0, 0.0]"
961,"[0.0, 0.0, 0.0, 0.0, 1.019804, 2.434017, 4.08326, 5.927169, 7.966776, 9.227323, 10.286973, 10.978671, 11.551371, 11.747831, 11.526607, 10.841598, 9.942878, 8.65764, 6.987257, 5.128131, 3.78649, 3.34427, 3.493524, 4.771747, 6.697776, 8.658882, 10.501416, 12.194005, 13.178523, 13.880921, 11.472602, 10.89281, 9.616652, 8.06885, 6.13485, 6.73485, 5.037794, 4.235165, 4.171092, 5.087742, 6.52735, 8.197733, 9.539373, 10.558889, 10.98388, 11.224623, 11.076616, 10.737915, 10.210647, 9.430601, 8.366803, 7.478742, 6.405996, 5.697196, 5.521798, 5.917698, 6.615064, 5.790443, 4.790443, 3.509818, 1.897367, 0.0, 0.0, 0.0]"
962,"[0.0, 0.0, 0.0, 0.0, 0.8, 2.016553, 3.430766, 5.043218, 6.887127, 8.175188, 9.046697, 9.52985, 9.88717, 9.940627, 9.64142, 8.895, 7.997633, 6.748972, 5.051605, 3.462751, 2.753566, 2.919756, 3.811097, 5.670223, 7.802604, 9.890443, 11.566787, 13.116613, 14.219764, 14.887384, 12.167089, 11.765866, 10.76692, 9.217093, 7.482005, 8.082005, 6.206379, 4.867669, 4.255218, 4.390307, 5.634215, 6.879607, 8.094594, 9.134202, 9.773809, 9.9299, 9.9299, 9.70137, 9.261762, 8.622154, 7.838707, 7.047433, 5.868812, 4.989922, 4.389922, 4.389922, 4.82614, 4.193685, 3.472574, 2.672574, 1.456022, 0.0, 0.0, 0.0]"
963,"[0.0, 0.0, 0.0, 0.0, 0.282843, 0.848528, 1.697056, 2.828427, 4.109052, 5.26843, 6.144965, 6.738657, 6.948927, 7.009943, 6.832634, 6.410217, 5.767997, 5.026356, 3.884715, 2.619804, 1.882843, 1.803953, 2.09838, 3.240021, 4.948822, 6.563346, 8.122586, 9.702022, 10.890204, 11.711225, 9.813858, 9.621569, 8.856506, 7.591595, 5.9562, 6.521886, 4.833824, 3.325024, 2.507326, 2.334009, 2.662751, 3.604392, 4.746033, 5.821974, 6.624018, 7.342042, 7.612853, 7.713433, 7.632499, 7.275534, 6.829273, 6.293855, 5.676255, 5.034035, 4.467844, 4.022764, 3.840159, 3.015537, 2.215537, 1.615537, 0.894427, 0.0, 0.0, 0.0]"
964,"[0.0, 0.0, 0.0, 0.0, 0.447214, 1.079669, 1.974096, 3.239007, 4.503918, 5.470918, 6.252676, 6.758249, 6.893338, 6.828427, 6.614214, 6.2, 5.6, 4.6, 3.4, 2.2, 1.4, 1.2, 1.6, 2.8, 4.214214, 5.858122, 7.346184, 8.634245, 9.714596, 10.641322, 8.797413, 8.606719, 8.1679, 7.343571, 6.022435, 6.622435, 5.125068, 3.475826, 2.219804, 1.8, 2.0, 2.6, 3.619804, 4.636356, 5.252909, 5.852909, 6.252909, 6.633105, 6.816553, 6.8, 6.616553, 6.433105, 5.927532, 5.37606, 4.897171, 4.700422, 4.683869, 3.789442, 2.940914, 2.219804, 1.2, 0.0, 0.0, 0.0]"
965,"[0.0, 0.0, 0.0, 0.0, 0.565685, 1.414214, 2.414214, 3.694838, 5.137059, 6.013594, 6.607286, 7.130441, 7.372971, 7.386772, 7.161104, 6.918884, 6.395729, 5.472574, 4.416553, 3.482843, 2.682843, 2.130056, 2.251167, 3.017357, 4.076155, 5.384956, 6.646543, 7.822799, 8.553975, 8.921135, 7.212335, 7.212335, 6.656609, 5.836275, 4.848585, 5.295798, 3.986998, 3.045357, 2.534009, 2.534009, 2.981223, 3.658256, 4.599897, 5.375852, 6.267193, 6.985218, 7.520636, 7.791447, 7.892027, 7.621216, 7.350405, 7.002865, 6.410217, 5.967997, 5.64616, 5.198946, 4.934035, 3.914231, 2.914231, 1.894427, 1.0, 0.0, 0.0, 0.0]"
966,"[0.0, 0.0, 0.0, 0.0, 0.565685, 1.414214, 2.414214, 3.545584, 4.959798, 5.674737, 6.240423, 6.654636, 6.80389, 6.670302, 6.389677, 5.86989, 5.088132, 4.207508, 3.126883, 2.326883, 2.032456, 2.2, 2.819804, 3.884715, 5.20787, 6.396724, 7.48352, 8.522842, 9.317057, 9.763674, 7.97482, 7.796824, 7.19372, 6.154398, 4.984627, 5.384627, 3.675826, 2.219804, 1.2, 0.847214, 1.168324, 2.062751, 3.062751, 4.062751, 4.896162, 5.455677, 5.841875, 6.122499, 6.403124, 6.25387, 5.973245, 5.587048, 5.131044, 4.450419, 3.951504, 3.517189, 3.447383, 2.622762, 2.022762, 1.390307, 0.824621, 0.0, 0.0, 0.0]"
967,"[0.0, 0.0, 0.0, 0.0, 0.6, 1.4, 2.6, 4.0, 5.4, 6.2, 6.8, 7.0, 7.0, 6.8, 6.6, 6.2, 5.432456, 4.479669, 3.479669, 2.479669, 1.762512, 1.851167, 2.29838, 3.264571, 4.587725, 6.013683, 7.001374, 7.815747, 8.438411, 8.704111, 6.99531, 6.898961, 6.531801, 5.637374, 4.480975, 4.880975, 3.268524, 1.926883, 1.232456, 1.165685, 1.486796, 2.335324, 3.335324, 4.266695, 4.981634, 5.426714, 5.919827, 6.261468, 6.410722, 6.410722, 6.525156, 6.314886, 5.973245, 5.517242, 5.036617, 4.580613, 4.29777, 3.29777, 2.473149, 1.673149, 0.848528, 0.0, 0.0, 0.0]"
968,"[0.0, 0.0, 0.0, 0.0, 0.6, 1.6, 2.6, 3.8, 5.2, 6.2, 6.8, 7.2, 7.4, 7.4, 7.0, 6.4, 5.8, 4.847214, 3.730056, 2.730056, 2.012899, 1.845355, 2.398141, 3.315298, 4.715298, 6.032456, 7.409975, 8.409975, 9.21995, 9.629925, 8.029925, 7.632402, 7.046615, 6.253193, 4.843218, 5.243218, 3.630766, 2.216553, 1.2, 1.2, 1.6, 2.6, 3.6, 4.6, 5.2, 5.8, 6.2, 6.6, 6.8, 6.8, 6.6, 6.4, 6.0, 5.424621, 5.073149, 4.69777, 4.49777, 3.49777, 2.673149, 1.824621, 1.0, 0.0, 0.0, 0.0]"
969,"[0.0, 0.0, 0.0, 0.0, 0.6, 1.4, 2.4, 3.6, 5.0, 5.8, 6.4, 6.8, 7.0, 6.8, 6.4, 5.8, 5.0, 4.047214, 3.047214, 2.447214, 2.279669, 2.400779, 2.953566, 4.095207, 5.307658, 6.464057, 7.629743, 8.516539, 9.174898, 9.562447, 7.773592, 7.448846, 6.842675, 5.691203, 4.256888, 4.456888, 2.894838, 1.614214, 0.965685, 0.847214, 1.212899, 1.934009, 2.828436, 3.522864, 4.152683, 4.664031, 5.019953, 5.390437, 5.573043, 5.573043, 5.390437, 5.207831, 4.508606, 3.878786, 3.201753, 2.75454, 2.581223, 2.015537, 1.568324, 1.168324, 0.72111, 0.0, 0.0, 0.0]"
970,"[0.0, 0.0, 0.0, 0.0, 0.632456, 1.526883, 2.603916, 3.868827, 5.210468, 5.919653, 6.54838, 6.812988, 6.889718, 6.812988, 6.54838, 5.849847, 5.108206, 4.166565, 3.101654, 2.224621, 1.8, 1.8, 2.224621, 3.289532, 4.612687, 6.001541, 7.110342, 8.255492, 8.887948, 9.208702, 7.419848, 7.167069, 6.217101, 5.144356, 3.747661, 3.747661, 2.291639, 1.471835, 1.047214, 1.232456, 2.032456, 3.032456, 4.032456, 4.832456, 5.4, 5.8, 6.2, 6.4, 6.6, 6.8, 7.0, 6.8, 6.6, 6.277033, 5.598143, 4.830599, 4.230599, 3.030599, 1.953566, 1.232456, 0.6, 0.0, 0.0, 0.0]"
971,"[0.0, 0.0, 0.0, 0.0, 0.632456, 1.709488, 2.786521, 4.051433, 5.316344, 6.207043, 6.653164, 6.917772, 6.917772, 6.917772, 6.47165, 5.669606, 4.960421, 4.09551, 3.113441, 2.319251, 2.045355, 2.134009, 2.811042, 3.86984, 5.110152, 6.383404, 7.54909, 8.708125, 9.366484, 9.843329, 8.122864, 7.798118, 6.72824, 5.449351, 3.896564, 4.296564, 3.017357, 2.251167, 1.97727, 2.251167, 2.572277, 3.010544, 3.459072, 3.860387, 4.21631, 4.572232, 4.928155, 5.29618, 5.664204, 5.803723, 5.991602, 6.17948, 6.03996, 5.989598, 5.621574, 5.433696, 5.168784, 4.091751, 2.925561, 2.077033, 1.0, 0.0, 0.0, 0.0]"
972,"[0.0, 0.0, 0.0, 0.0, 1.019804, 2.039608, 3.25616, 4.905403, 6.554645, 7.184083, 7.813522, 7.86188, 7.477549, 7.093218, 6.463779, 5.834341, 5.36943, 4.92914, 4.229914, 4.104538, 4.161767, 4.381571, 5.169401, 6.403716, 7.309288, 8.232255, 9.612452, 10.4, 11.008319, 11.616638, 9.616638, 9.027715, 8.240166, 7.031847, 5.643332, 6.467954, 5.222562, 4.434732, 4.059353, 3.86417, 4.039549, 4.473863, 4.669046, 4.921458, 5.377462, 5.658087, 6.0723, 6.614546, 7.234569, 7.953945, 8.67332, 9.318232, 9.545037, 9.497223, 9.109674, 8.326227, 7.344134, 5.555279, 3.906037, 2.293585, 1.077033, 0.0, 0.0, 0.0]"
973,"[0.0, 0.0, 0.0, 0.0, 0.632456, 1.457077, 2.476881, 3.496684, 4.910898, 5.678442, 6.253821, 6.234017, 6.214214, 5.8, 5.2, 4.4, 4.032456, 3.479669, 2.926883, 2.726883, 2.759338, 2.951504, 3.398717, 3.951504, 4.632129, 5.612125, 6.399955, 7.117979, 7.906834, 8.33501, 6.722558, 6.276297, 5.558273, 4.490529, 3.347413, 3.794627, 3.228436, 2.966465, 2.87781, 3.033235, 3.434549, 3.683078, 3.945049, 4.207021, 4.505715, 4.67699, 5.242676, 5.762462, 6.480486, 7.073134, 7.702572, 7.937601, 8.232188, 8.232188, 7.900362, 7.251119, 6.426498, 4.717698, 3.105246, 1.824621, 0.824621, 0.0, 0.0, 0.0]"
974,"[0.0, 0.0, 0.0, 0.0, 0.632456, 1.457077, 2.721988, 4.063629, 5.405269, 6.114455, 6.631474, 6.708204, 6.631474, 6.184261, 5.737047, 5.220027, 4.478387, 3.813476, 3.551504, 3.10429, 2.845355, 2.87781, 3.172237, 3.756334, 4.525673, 5.374201, 6.354197, 7.072222, 7.468121, 7.86402, 6.449806, 6.251568, 5.855669, 5.043218, 4.030766, 4.663222, 3.814693, 3.163826, 2.996282, 2.996282, 2.963826, 3.030596, 3.289532, 3.551504, 3.951504, 4.693145, 5.50291, 6.29074, 7.008764, 7.797619, 8.244832, 8.699978, 8.736769, 8.736769, 8.347915, 7.775613, 6.599357, 4.950114, 3.337663, 1.937663, 0.72111, 0.0, 0.0, 0.0]"
975,"[0.0, 0.0, 0.0, 0.0, 0.72111, 1.72111, 3.001735, 4.28236, 5.696574, 6.389677, 6.670302, 6.670302, 6.521048, 6.238205, 5.823991, 5.543367, 5.157169, 5.045602, 4.914231, 4.914231, 4.934035, 5.116641, 5.263027, 5.543652, 5.957866, 6.635118, 7.255141, 8.06885, 8.632134, 9.061829, 7.364773, 7.229767, 6.692088, 6.128804, 5.416266, 6.416266, 5.575326, 4.765561, 4.084937, 3.553566, 3.186021, 3.030596, 3.119251, 3.413678, 3.708106, 4.152683, 4.851909, 5.395709, 6.024437, 6.653164, 7.188583, 7.485722, 7.635024, 7.392495, 6.946373, 6.353725, 5.616296, 4.202083, 2.921458, 1.844425, 0.824621, 0.0, 0.0, 0.0]"
976,"[0.0, 0.0, 0.0, 0.0, 1.019804, 2.236356, 3.452909, 4.852909, 6.252909, 6.633105, 6.816553, 7.0, 7.0, 6.8, 6.616553, 6.236356, 5.913389, 5.590422, 5.390422, 5.022398, 4.897021, 4.897021, 4.897021, 5.113574, 5.665046, 6.170618, 6.893585, 7.616553, 8.2, 8.611077, 7.211077, 7.023529, 6.637742, 6.054295, 5.243218, 6.043218, 5.255387, 4.473629, 3.822762, 3.269976, 2.869976, 2.492568, 2.492568, 2.647993, 3.049308, 3.649308, 4.482719, 5.130888, 5.851998, 6.445691, 6.787332, 6.771618, 6.947015, 6.704794, 6.282378, 5.835164, 5.291363, 3.835341, 2.635341, 1.615537, 0.72111, 0.0, 0.0, 0.0]"
977,"[0.0, 0.0, 0.0, 0.0, 1.019804, 2.039608, 3.25616, 4.712182, 6.168204, 6.604422, 7.04064, 7.088999, 6.897888, 6.706777, 6.467308, 6.03109, 5.766179, 5.521071, 5.333193, 5.011068, 4.991264, 4.991264, 5.137651, 5.402258, 6.030986, 6.55414, 7.262941, 8.066522, 8.694653, 8.960353, 7.437198, 7.340849, 6.813298, 6.009717, 5.297895, 6.122517, 5.310065, 4.5003, 3.966565, 3.336746, 3.07781, 2.910266, 2.910266, 3.07781, 3.630596, 4.084715, 4.668812, 5.45057, 6.064784, 6.664784, 7.24498, 7.442641, 7.484449, 7.236426, 6.636426, 5.930853, 5.31664, 3.860618, 2.694427, 1.694427, 0.8, 0.0, 0.0, 0.0]"
978,"[0.0, 0.0, 0.0, 0.0, 1.0, 2.0, 3.2, 4.4, 5.814214, 6.228427, 6.642641, 6.856854, 6.873407, 6.675746, 6.478085, 6.083675, 5.669461, 5.452909, 5.036356, 4.619804, 4.424621, 4.145731, 4.145731, 4.345731, 4.711922, 5.228941, 6.120283, 6.682333, 7.244383, 7.640242, 6.298601, 6.100363, 5.669684, 5.107634, 4.394113, 5.026568, 4.24481, 3.513439, 2.913439, 2.264911, 2.079669, 1.894427, 1.941641, 2.174096, 2.798717, 3.371308, 3.943898, 4.761596, 5.206173, 5.723193, 5.869579, 5.981146, 5.847606, 5.665, 5.14798, 4.38179, 3.450419, 2.319048, 1.424621, 0.6, 0.2, 0.0, 0.0, 0.0]"
979,"[0.0, 0.0, 0.0, 0.0, 0.72111, 1.72111, 2.887301, 4.053491, 5.395132, 6.197176, 6.720331, 6.895781, 7.071232, 7.071232, 6.889718, 6.532754, 6.191113, 5.849472, 5.228941, 4.781728, 4.440159, 4.440159, 4.440159, 4.719048, 5.041174, 5.672574, 6.321817, 6.971059, 7.814968, 8.409492, 6.95347, 6.904228, 6.654986, 5.811077, 4.8, 5.4, 4.247214, 3.130056, 2.530056, 2.130056, 1.930056, 2.082843, 2.52111, 3.015537, 3.615537, 4.381728, 5.062353, 5.783463, 6.331256, 6.943708, 7.300672, 7.476069, 7.448062, 7.205842, 6.39339, 5.470236, 4.214214, 2.8, 1.6, 0.8, 0.2, 0.0, 0.0, 0.0]"
980,"[0.0, 0.0, 0.0, 0.0, 0.8, 1.819804, 3.036356, 4.45057, 5.906592, 6.562614, 6.998832, 7.238301, 7.28011, 7.28011, 7.088999, 6.897888, 6.46167, 6.005648, 5.549626, 5.284715, 5.039608, 4.914231, 5.045602, 5.326227, 5.768447, 6.469108, 7.461477, 8.330107, 9.175511, 9.713189, 7.992724, 7.802984, 7.217198, 6.22254, 5.242641, 5.963751, 4.89915, 4.084937, 3.553566, 3.153566, 2.879669, 2.812899, 2.934009, 3.228436, 3.64824, 4.465938, 5.165163, 5.900075, 6.528803, 7.032153, 7.379694, 7.676833, 7.635024, 7.27806, 6.774709, 5.962258, 4.800208, 3.385994, 2.219804, 1.2, 0.4, 0.0, 0.0, 0.0]"
981,"[0.0, 0.0, 0.0, 0.0, 0.824621, 1.901654, 3.166565, 4.508206, 5.849847, 6.467446, 6.832634, 7.009943, 7.110523, 7.211103, 7.211103, 6.935072, 6.569885, 6.147468, 5.705248, 5.063027, 4.721458, 4.538852, 4.519048, 4.650419, 5.131044, 5.748643, 6.551272, 7.248329, 7.814014, 8.230446, 6.788225, 6.653219, 6.236787, 5.539731, 4.563785, 5.284895, 4.122845, 3.242221, 2.642221, 2.368324, 2.212899, 2.445355, 2.67781, 3.07781, 3.630596, 4.264911, 4.832456, 5.4, 5.8, 6.214214, 6.230766, 6.295677, 6.437318, 6.237318, 5.717532, 5.100979, 4.036068, 2.694427, 1.694427, 0.8, 0.2, 0.0, 0.0, 0.0]"
982,"[0.0, 0.0, 0.0, 0.0, 0.8, 1.8, 3.0, 4.2, 5.6, 6.2, 6.6, 6.8, 7.0, 7.0, 7.014214, 6.830766, 6.647319, 6.324352, 5.818779, 5.253093, 4.668996, 4.052444, 3.775411, 3.705605, 4.023267, 4.833032, 5.845484, 6.765949, 7.828124, 8.450788, 7.008567, 6.91927, 6.540446, 5.730683, 4.662939, 5.110152, 3.86984, 2.7282, 1.651167, 0.930056, 0.682843, 0.8, 1.232456, 2.057077, 3.13411, 4.199021, 5.063932, 5.887498, 6.518899, 7.091108, 7.438649, 7.573738, 7.317716, 6.881498, 5.953366, 4.97337, 4.17337, 2.97337, 1.953566, 1.232456, 0.6, 0.0, 0.0, 0.0]"
983,"[0.0, 0.0, 0.0, 0.0, 0.6, 1.6, 2.6, 3.8, 5.0, 5.8, 6.2, 6.6, 6.8, 7.0, 7.0, 6.8, 6.4, 5.824621, 5.057077, 4.10429, 3.10429, 2.50429, 2.079669, 2.012899, 2.414214, 3.214214, 4.256434, 5.418484, 6.414849, 7.12837, 6.12837, 5.966775, 5.536096, 4.822574, 3.707737, 4.107737, 3.027113, 1.895742, 1.247214, 1.2, 1.4, 1.832456, 2.553566, 3.353566, 4.084937, 4.89915, 5.828745, 6.804691, 7.366741, 7.955835, 8.154073, 8.115177, 7.874143, 7.512093, 6.791628, 5.811632, 4.920933, 3.464911, 2.264911, 1.264911, 0.632456, 0.0, 0.0, 0.0]"
984,"[0.0, 0.0, 0.0, 0.0, 0.8, 1.6, 2.6, 3.8, 5.0, 5.6, 6.2, 6.614214, 6.828427, 7.042641, 6.859193, 6.675746, 6.281336, 5.76155, 4.979792, 4.210453, 3.1939, 2.574096, 1.962512, 1.77727, 2.154677, 3.03171, 4.154865, 5.395177, 6.560415, 7.348245, 6.271212, 6.089699, 5.732734, 4.944904, 3.932452, 4.332452, 3.190812, 2.024621, 1.4, 1.2, 1.247214, 1.768324, 2.616852, 3.416852, 4.183042, 5.178049, 5.89916, 6.771096, 7.333146, 7.864012, 8.118848, 8.238677, 7.859853, 7.562714, 6.865658, 5.993223, 4.996858, 3.655218, 2.390307, 1.390307, 0.565685, 0.0, 0.0, 0.0]"
985,"[0.0, 0.0, 0.0, 0.0, 0.447214, 1.168324, 2.062751, 2.957178, 4.123369, 4.842345, 5.287426, 5.734639, 6.181853, 6.280573, 6.379294, 6.429656, 6.107819, 5.766179, 5.301267, 4.636356, 4.052259, 3.598141, 3.198141, 3.198141, 3.798141, 4.565685, 5.8, 7.0, 8.2, 9.0, 7.6, 7.4, 7.0, 6.2, 5.0, 5.6, 4.4, 3.2, 2.0, 1.4, 1.0, 1.0, 1.4, 2.4, 3.2, 4.2, 5.2, 6.2, 6.6, 7.2, 7.414214, 7.279125, 6.845315, 6.293843, 5.326299, 4.512085, 3.694388, 2.528197, 1.679669, 1.047214, 0.447214, 0.0, 0.0, 0.0]"
986,"[0.0, 0.0, 0.0, 0.0, 0.565685, 1.414214, 2.414214, 3.580404, 4.861029, 5.575968, 6.008065, 6.450285, 6.726316, 6.887911, 7.049507, 7.049507, 6.773477, 6.408289, 5.79069, 5.148469, 4.467844, 3.901654, 3.390307, 3.286796, 3.5066, 4.171511, 5.027533, 6.111089, 7.09878, 7.86783, 6.602919, 6.670052, 6.187, 5.372627, 4.408393, 5.008393, 3.885239, 2.919048, 2.024621, 1.4, 1.2, 1.2, 1.632456, 2.526883, 3.326883, 4.093073, 4.973698, 5.783463, 6.331256, 6.943708, 7.300672, 7.476069, 7.250401, 6.808181, 5.795729, 4.719788, 3.663766, 2.447214, 1.447214, 0.847214, 0.4, 0.0, 0.0, 0.0]"
987,"[0.0, 0.0, 0.0, 0.0, 0.447214, 1.079669, 1.974096, 3.051129, 4.128162, 4.94586, 5.578315, 6.025529, 6.213407, 6.401285, 6.401285, 6.213407, 5.89157, 5.45128, 4.986369, 4.321458, 3.644425, 2.907464, 2.530056, 2.554677, 2.954677, 3.954677, 5.271835, 6.437073, 7.261694, 7.910936, 6.510936, 6.366958, 6.019418, 5.389979, 4.540737, 5.140737, 4.284715, 3.467017, 2.894427, 2.494427, 2.494427, 2.694427, 3.071835, 3.644425, 4.509336, 5.250977, 6.063428, 7.027662, 7.716659, 8.160548, 8.46815, 8.46815, 8.279295, 7.970495, 7.261694, 6.244907, 5.032456, 3.432456, 2.032456, 1.032456, 0.4, 0.0, 0.0, 0.0]"
988,"[0.0, 0.0, 0.0, 0.0, 0.4, 1.032456, 1.857077, 2.681698, 3.701502, 4.321306, 4.708654, 4.903837, 5.295768, 5.492517, 5.492517, 5.492517, 5.36714, 4.975209, 4.479766, 4.181073, 3.882379, 3.620407, 3.595786, 3.874676, 4.370118, 5.063222, 6.043218, 6.855669, 7.468121, 7.851568, 6.437355, 6.424903, 6.212452, 5.8, 5.219804, 6.044425, 5.076881, 4.397991, 3.763676, 3.376328, 3.151707, 3.119251, 2.998141, 3.257077, 3.519048, 3.919048, 4.599673, 5.441894, 6.059493, 6.777517, 7.566372, 7.994548, 8.008349, 7.966129, 7.553677, 6.589444, 5.327857, 3.871835, 2.471835, 1.271835, 0.447214, 0.0, 0.0, 0.0]"
989,"[0.0, 0.0, 0.0, 0.0, 0.632456, 1.457077, 2.476881, 3.553914, 4.818825, 5.45128, 5.89157, 6.136677, 6.324555, 6.324555, 6.515666, 6.467308, 6.418949, 6.370591, 6.105679, 5.649658, 5.233105, 4.841174, 4.257077, 3.978187, 3.872614, 4.149647, 4.848181, 5.73888, 6.72657, 7.444595, 6.367562, 6.456858, 6.275345, 5.643577, 5.108158, 5.932779, 4.920328, 4.178687, 3.501654, 2.824621, 2.282843, 1.882843, 1.682843, 1.882843, 2.307464, 2.849242, 3.914153, 4.970175, 5.826197, 6.650818, 7.438649, 7.773738, 7.717716, 7.478246, 6.848808, 5.802042, 4.602042, 3.202042, 1.985489, 0.965685, 0.4, 0.0, 0.0, 0.0]"
990,"[0.0, 0.0, 0.0, 0.0, 0.447214, 1.012899, 1.734009, 2.734009, 3.734009, 4.286796, 4.887301, 5.332381, 5.498571, 5.664762, 5.830952, 5.830952, 5.559189, 5.287426, 4.945856, 4.604287, 4.038097, 3.543669, 3.096456, 2.83752, 2.734009, 3.211042, 4.152683, 5.04711, 5.923645, 6.644756, 5.567723, 5.668302, 5.492852, 4.945059, 4.397265, 5.029721, 4.1875, 3.62131, 3.126883, 2.432456, 2.082843, 1.682843, 1.682843, 1.882843, 2.482843, 3.219804, 4.236356, 5.05057, 6.063022, 7.074099, 7.854295, 8.437742, 8.623529, 8.425291, 7.691247, 6.739775, 5.339775, 3.739775, 2.325561, 1.248528, 0.4, 0.0, 0.0, 0.0]"
991,"[0.0, 0.0, 0.0, 0.0, 0.632456, 1.264911, 2.159338, 3.325529, 4.491719, 5.025454, 5.734639, 6.181853, 6.357303, 6.532754, 6.708204, 6.708204, 6.532754, 6.191113, 5.698, 5.07747, 4.368284, 3.802094, 3.402094, 3.378187, 3.73411, 4.267844, 5.110065, 6.122517, 7.08675, 7.718518, 6.552327, 6.633261, 6.285721, 5.573899, 4.759526, 5.325211, 4.24927, 3.384359, 2.707326, 2.212899, 2.047214, 1.882843, 2.115298, 2.539919, 3.159723, 3.959723, 5.091094, 6.07109, 6.858921, 7.488359, 7.99716, 8.195398, 8.025167, 7.544086, 6.789271, 5.68047, 4.268019, 2.825798, 1.694427, 0.8, 0.2, 0.0, 0.0, 0.0]"
992,"[0.0, 0.0, 0.0, 0.0, 0.4, 1.2, 2.0, 3.0, 4.0, 4.8, 5.2, 5.6, 5.8, 6.0, 6.0, 6.0, 5.8, 5.6, 5.2, 4.632456, 3.998141, 3.719251, 3.543872, 3.743872, 4.311417, 5.345731, 6.424621, 7.4, 8.409975, 9.053884, 7.453884, 7.303126, 6.91734, 6.123917, 5.280008, 6.080008, 5.230766, 4.449008, 3.679669, 3.245355, 3.07781, 2.87781, 3.045355, 3.398141, 3.832456, 4.416553, 5.230766, 5.886788, 6.69924, 7.311691, 7.895139, 8.080925, 8.224903, 7.829004, 7.11098, 5.876665, 4.676665, 3.076665, 1.860113, 0.965685, 0.4, 0.0, 0.0, 0.0]"
993,"[0.0, 0.0, 0.0, 0.0, 0.8, 1.8, 2.8, 4.016553, 5.233105, 5.698016, 5.962927, 6.304568, 6.429656, 6.554744, 6.631474, 6.708204, 6.631474, 6.554744, 6.232908, 5.891267, 5.549626, 5.304519, 4.934035, 5.194856, 5.60907, 6.306126, 7.130231, 8.079712, 8.799088, 9.27167, 7.574614, 7.25386, 6.751592, 6.093232, 5.206436, 6.054964, 5.25292, 4.543735, 4.002094, 3.802094, 3.753566, 3.857077, 4.119048, 4.319048, 4.650419, 5.131044, 5.720636, 6.523266, 7.085315, 7.651001, 7.932426, 7.960433, 7.528288, 7.18279, 6.285734, 5.123684, 3.681464, 2.416553, 1.2, 0.4, 0.0, 0.0, 0.0, 0.0]"
994,"[0.0, 0.0, 0.0, 0.0, 0.6, 1.424621, 2.624621, 3.824621, 5.224621, 6.224621, 7.0, 7.4, 7.8, 8.0, 8.0, 7.8, 7.4, 7.0, 6.4, 5.6, 4.832456, 4.353566, 4.047993, 4.125026, 4.781048, 5.857393, 6.925137, 7.917506, 8.840473, 9.384451, 7.675651, 7.583853, 6.977681, 5.826209, 4.54732, 5.179775, 4.082719, 3.402094, 3.186021, 3.030596, 3.119251, 3.240361, 3.534789, 3.79676, 4.308108, 4.851909, 5.58682, 6.148415, 6.71001, 7.156132, 7.414375, 7.299994, 6.843972, 6.236478, 5.160537, 3.637383, 2.295742, 1.295742, 0.447214, 0.0, 0.0, 0.0, 0.0, 0.0]"
995,"[0.0, 0.0, 0.0, 0.0, 0.632456, 1.457077, 2.53411, 3.87575, 5.317971, 6.247565, 6.984994, 7.605017, 7.825427, 7.825427, 7.705597, 7.424172, 6.727116, 6.013594, 5.292484, 4.482719, 4.002094, 3.802094, 3.97337, 4.51717, 5.533957, 6.383199, 7.622807, 8.612978, 9.348067, 9.698825, 8.049583, 7.609975, 6.8, 5.8, 4.6, 5.232456, 4.198141, 3.630596, 3.455218, 3.655218, 4.022762, 4.657077, 5.224621, 5.6, 6.0, 6.6, 7.012452, 7.424903, 7.837355, 8.037355, 8.037355, 7.824903, 7.412452, 6.6, 5.6, 4.0, 2.8, 1.6, 0.8, 0.2, 0.2, 0.0, 0.0, 0.0]"
996,"[0.0, 0.0, 0.0, 0.0, 0.632456, 1.457077, 2.53411, 3.750662, 4.967215, 5.734759, 6.310138, 6.633105, 6.816553, 7.0, 6.8, 6.6, 6.4, 5.8, 5.032456, 4.553566, 4.074676, 3.699297, 4.099297, 4.866842, 5.745731, 6.835698, 8.050685, 9.086753, 9.840819, 10.21059, 8.399513, 7.88306, 6.988633, 5.9116, 4.741828, 5.341828, 4.451129, 3.675174, 3.319251, 3.413678, 3.890711, 4.523167, 5.174034, 5.867137, 6.585162, 7.12058, 7.468121, 8.062645, 8.459509, 8.459509, 8.496299, 8.148759, 7.602593, 6.685943, 5.520705, 3.871463, 2.806552, 1.541641, 0.647214, 0.2, 0.2, 0.0, 0.0, 0.0]"
997,"[0.0, 0.0, 0.0, 0.0, 0.632456, 1.652259, 2.868812, 4.283026, 5.895477, 7.063022, 7.843218, 8.426665, 8.812452, 8.8, 8.6, 8.2, 7.6, 6.8, 5.8, 4.832456, 4.153566, 3.778187, 3.978187, 4.978187, 6.345731, 7.833693, 9.442177, 10.91051, 11.840332, 12.256941, 10.047869, 9.50156, 8.275448, 6.822659, 5.230671, 5.830671, 4.391088, 3.669978, 3.417566, 3.669978, 4.484191, 5.451191, 6.342533, 7.328989, 8.063033, 8.459896, 8.85676, 9.254283, 9.254283, 9.092448, 8.930614, 8.384448, 7.394276, 6.183199, 4.733957, 3.084715, 2.267017, 1.247214, 0.647214, 0.447214, 0.447214, 0.0, 0.0, 0.0]"
998,"[0.0, 0.0, 0.0, 0.0, 1.0, 2.4, 4.0, 5.8, 7.809975, 8.849583, 9.489191, 9.786557, 9.883924, 9.58275, 9.251942, 8.735489, 8.103034, 7.225471, 6.51667, 5.827673, 5.381552, 5.397266, 5.939512, 6.659977, 7.803504, 9.28772, 10.69782, 11.964197, 13.086266, 13.530617, 10.969367, 10.337768, 9.298195, 7.797302, 6.189621, 6.822077, 5.362951, 4.374096, 3.926883, 4.093073, 4.902838, 5.745059, 6.665524, 7.491562, 8.16928, 8.447525, 8.725769, 8.70236, 8.543945, 8.262086, 7.822246, 7.101781, 6.125835, 5.010999, 3.448949, 2.168324, 1.568324, 0.847214, 0.4, 0.4, 0.4, 0.0, 0.0, 0.0]"
999,"[0.0, 0.0, 0.0, 0.0, 0.72111, 1.72111, 3.001735, 4.563785, 6.28425, 7.283605, 8.072459, 8.580689, 8.72744, 8.530129, 8.332819, 7.885605, 7.173784, 6.186093, 5.384049, 4.685515, 4.143875, 4.066842, 4.759945, 5.688077, 6.903064, 8.339132, 9.772237, 10.965704, 11.916462, 12.276854, 10.040786, 9.607681, 8.4, 6.8, 5.2, 5.647214, 4.279669, 3.679669, 3.679669, 4.079669, 5.032456, 6.0, 7.0, 7.8, 8.4, 8.8, 9.0, 9.0, 8.8, 8.6, 8.2, 7.6, 6.8, 5.8, 4.4, 3.0, 2.247214, 1.247214, 0.647214, 0.447214, 0.447214, 0.0, 0.0, 0.0]"
1000,"[0.0, 0.0, 0.0, 0.0, 0.848528, 1.979899, 3.260524, 4.872975, 6.66183, 7.522102, 8.099532, 8.716274, 8.753065, 8.613453, 8.360674, 8.107895, 7.287561, 6.532746, 5.732032, 5.170437, 4.734219, 4.857186, 5.362759, 6.314231, 7.419804, 8.6, 9.8, 11.0, 11.807681, 12.240786, 10.040786, 9.484695, 8.340717, 6.75284, 5.119735, 5.719735, 4.441511, 3.617945, 3.422762, 3.642566, 4.242566, 5.076881, 6.044425, 6.819804, 7.4, 8.0, 8.4, 8.6, 8.8, 8.8, 8.6, 8.2, 7.4, 6.232456, 4.832456, 3.232456, 2.115298, 1.115298, 0.482843, 0.282843, 0.282843, 0.0, 0.0, 0.0]"
1001,"[0.0, 0.0, 0.0, 0.0, 1.077033, 2.418674, 4.031125, 5.75159, 7.75159, 8.674557, 9.458946, 9.826393, 9.802984, 9.500041, 9.197097, 8.485281, 7.786007, 7.255141, 6.577889, 6.080833, 5.866619, 5.802547, 6.092378, 6.781375, 7.551147, 8.505213, 9.705269, 10.77907, 11.544132, 12.007466, 9.8534, 9.446766, 8.516944, 7.24308, 5.829779, 6.550889, 4.988128, 3.988128, 3.388128, 3.168324, 3.271835, 3.844425, 4.321458, 4.798491, 5.164681, 5.620685, 5.881506, 6.218687, 6.422278, 6.698309, 6.759325, 6.743611, 6.329397, 5.648772, 4.489395, 3.547754, 2.848528, 1.848528, 1.248528, 0.965685, 0.565685, 0.0, 0.0, 0.0]"
1002,"[0.0, 0.0, 0.0, 0.0, 1.0, 2.414214, 3.976263, 5.696729, 7.583525, 8.372379, 8.927937, 9.074688, 9.063024, 8.699382, 8.252168, 7.448587, 7.020411, 6.442981, 6.086017, 6.009288, 6.243097, 6.562472, 7.031101, 7.664911, 8.4, 9.2, 10.2, 11.2, 12.0, 12.4, 10.2, 9.6, 8.6, 7.4, 6.2, 7.219804, 6.114231, 5.362759, 4.857186, 4.734219, 4.734219, 5.039792, 5.391264, 5.696837, 6.019804, 6.414214, 6.826665, 7.470574, 8.081651, 8.481651, 8.867437, 8.854986, 8.425291, 7.780404, 6.701514, 5.501514, 4.4672, 3.052986, 1.886796, 1.165685, 0.565685, 0.0, 0.0, 0.0]"
1003,"[0.0, 0.0, 0.0, 0.0, 1.131371, 2.411996, 3.974046, 5.586497, 7.473293, 8.311694, 9.000841, 9.147592, 9.243941, 9.065945, 8.619328, 7.991198, 7.563022, 6.985592, 6.276791, 5.830669, 5.689029, 5.808404, 6.077033, 6.677033, 7.411077, 8.221052, 9.030124, 9.839197, 10.439197, 10.82812, 8.818144, 8.409072, 7.8, 6.8, 5.4, 6.032456, 4.798141, 3.645355, 3.045355, 3.045355, 3.212899, 3.447214, 3.824621, 4.301654, 4.667844, 5.310065, 5.952285, 6.848129, 7.383548, 7.740512, 7.754314, 7.726307, 7.205842, 6.39339, 5.435921, 4.379899, 3.531371, 2.331371, 1.531371, 0.965685, 0.565685, 0.0, 0.0, 0.0]"
1004,"[0.0, 0.0, 0.0, 0.0, 1.0, 2.4, 4.0, 5.8, 7.6, 8.609975, 9.21995, 9.431027, 9.442104, 9.254556, 8.857032, 8.247057, 7.63598, 7.024903, 6.432255, 5.714231, 5.445602, 5.411792, 5.734947, 6.503997, 7.763636, 8.973205, 10.313008, 11.295846, 12.114673, 12.401918, 10.060978, 9.681014, 8.737071, 7.295581, 5.748697, 6.548697, 5.222668, 4.485239, 4.319048, 4.424621, 4.790812, 5.332452, 6.030986, 6.55414, 7.262941, 7.805552, 8.361277, 8.735489, 8.921135, 8.921135, 8.824786, 8.208044, 7.310678, 6.234333, 5.125532, 3.960294, 3.279669, 2.279669, 1.647214, 1.047214, 0.6, 0.0, 0.0, 0.0]"
1005,"[0.0, 0.0, 0.0, 0.0, 1.0, 2.2, 3.8, 5.4, 7.2, 8.011077, 8.654986, 8.898895, 8.948137, 8.797379, 8.635545, 8.205849, 7.76194, 7.112698, 6.288077, 5.533262, 5.119048, 4.983959, 5.439981, 6.264602, 7.409783, 8.690134, 10.145517, 11.475173, 12.509212, 13.077285, 10.796934, 10.07664, 8.903414, 7.561773, 5.778713, 6.378713, 4.825927, 3.934586, 3.487372, 3.879304, 4.693517, 5.858755, 6.750096, 7.468121, 8.051568, 8.448432, 8.647057, 8.834606, 8.834606, 8.647057, 8.250194, 7.51615, 6.43726, 5.272022, 3.85957, 2.845357, 2.768324, 2.047214, 1.6, 1.4, 1.0, 0.0, 0.0, 0.0]"
1006,"[0.0, 0.0, 0.0, 0.0, 1.077033, 2.418674, 4.127474, 6.024841, 8.064449, 9.027024, 9.724991, 10.026165, 10.138774, 10.109141, 10.069533, 9.629925, 9.034164, 8.101222, 7.091247, 5.985674, 5.385674, 5.17146, 5.694427, 6.704402, 8.019047, 9.649637, 11.25677, 12.65677, 13.646795, 14.237723, 11.607134, 10.809975, 9.422427, 7.622427, 5.622427, 6.022427, 4.412452, 3.4, 3.024621, 3.390812, 4.433032, 5.645484, 6.657935, 7.622168, 8.244832, 8.591466, 8.591466, 8.421235, 7.974022, 7.2622, 6.367773, 5.387777, 4.145556, 2.803916, 2.009725, 2.009725, 2.642181, 2.442181, 2.442181, 2.159338, 1.264911, 0.0, 0.0, 0.0]"
1007,"[0.0, 0.0, 0.0, 0.0, 1.0, 2.2, 3.614214, 5.425291, 7.464898, 8.55296, 9.441021, 9.924174, 10.082869, 9.940627, 9.561367, 8.814946, 7.937384, 6.967612, 5.670245, 4.52713, 4.01011, 4.190307, 4.790307, 6.190307, 7.824621, 9.4, 11.007134, 12.235561, 12.903894, 13.233716, 10.833716, 9.923949, 8.360433, 6.516721, 4.386899, 4.586899, 3.289532, 3.044425, 3.484715, 4.697167, 6.466938, 8.021004, 9.155266, 10.044421, 10.586035, 10.77033, 10.405118, 9.774207, 8.961782, 7.973906, 6.714267, 5.491098, 4.167944, 2.826303, 2.060113, 1.965685, 2.6, 2.4, 2.4, 2.0, 1.2, 0.0, 0.0, 0.0]"
1008,"[0.0, 0.0, 0.0, 0.0, 1.0, 2.280625, 3.977681, 5.82159, 7.947619, 9.073648, 10.073374, 10.539649, 10.69574, 10.456507, 10.217274, 9.549375, 8.666669, 7.515197, 6.228401, 4.741605, 3.850263, 3.911279, 4.851605, 6.221377, 8.237986, 10.200157, 11.911384, 13.006971, 13.757493, 13.902134, 11.218852, 10.145884, 8.542068, 6.542884, 4.181634, 4.381634, 3.201735, 3.12111, 4.012452, 5.623529, 7.433504, 9.041823, 10.250142, 11.046009, 11.444004, 11.444004, 10.846762, 10.050895, 9.098598, 7.966559, 6.851011, 5.487147, 4.274696, 3.101516, 2.656939, 2.782316, 3.947554, 3.547554, 3.264711, 2.632255, 1.612452, 0.0, 0.0, 0.0]"
1009,"[0.0, 0.0, 0.0, 0.0, 1.0, 2.280625, 4.00109, 5.887886, 7.857658, 8.827429, 9.516576, 9.693478, 9.704048, 9.383519, 9.062989, 8.54924, 7.728906, 6.55265, 5.535863, 4.686621, 4.307632, 4.84305, 6.12194, 7.769835, 9.690129, 11.497538, 13.109989, 14.240484, 15.191232, 15.256616, 12.372175, 10.991181, 9.473137, 7.042038, 4.539203, 4.739203, 3.46098, 3.014719, 3.82717, 5.431124, 7.231124, 8.828769, 9.825909, 10.493809, 10.607012, 10.493809, 9.942929, 9.302753, 8.287313, 7.307117, 6.020321, 4.80787, 3.484715, 2.619804, 2.232456, 2.798646, 3.840866, 3.640866, 3.240866, 2.608411, 1.442221, 0.0, 0.0, 0.0]"
1010,"[0.0, 0.0, 0.0, 0.0, 1.16619, 2.507831, 4.216632, 6.113999, 8.153606, 9.196488, 10.06392, 10.355119, 10.457752, 10.218144, 9.609072, 8.8, 8.016553, 6.91098, 5.83209, 5.251894, 5.251894, 5.835341, 6.940914, 8.428876, 10.009072, 11.409072, 12.809072, 13.815731, 14.633208, 14.701541, 11.901541, 10.789603, 9.238965, 7.212416, 4.944083, 5.391297, 4.103236, 4.047214, 4.847214, 6.447214, 8.2, 9.6, 10.4, 10.8, 11.0, 11.0, 10.8, 10.212452, 9.426665, 8.443218, 7.320251, 6.041361, 4.994595, 3.980381, 3.163829, 2.935324, 3.494838, 2.929153, 2.529153, 2.129153, 1.280625, 0.0, 0.0, 0.0]"
1011,"[0.0, 0.0, 0.0, 0.0, 1.0, 2.414214, 4.063456, 5.907365, 7.804731, 8.863857, 9.33644, 9.573994, 9.45055, 9.273649, 8.776572, 8.170401, 7.449795, 6.553951, 5.633486, 4.896057, 4.692466, 4.8069, 5.544329, 6.588238, 8.026358, 9.49491, 11.056819, 12.215063, 12.978835, 13.132703, 10.587118, 9.588493, 8.084752, 6.301692, 4.167925, 4.567925, 3.445127, 3.359945, 3.949537, 5.510604, 7.110604, 8.389493, 9.258122, 9.843909, 9.843909, 9.564374, 9.126424, 8.688474, 7.969099, 7.405815, 6.85154, 6.183917, 5.421867, 4.741242, 4.026303, 3.75454, 4.125024, 3.325024, 2.725024, 2.159338, 1.264911, 0.0, 0.0, 0.0]"
1012,"[0.0, 0.0, 0.0, 0.0, 0.848528, 2.014719, 3.456939, 5.245793, 6.954594, 7.949975, 8.594862, 8.963718, 8.787315, 8.678514, 8.434606, 8.023529, 7.429004, 6.641174, 5.762284, 5.056711, 4.873264, 5.056711, 5.83209, 7.11098, 8.616553, 10.007681, 11.23827, 12.501834, 13.222129, 13.238738, 10.631057, 9.887264, 8.36534, 6.469667, 4.453058, 4.900272, 3.838097, 3.713008, 4.537629, 5.786872, 7.237025, 8.30977, 9.181279, 9.686103, 9.934227, 9.934227, 9.686103, 9.210493, 8.668879, 8.371512, 7.874145, 7.424903, 6.612452, 5.632456, 4.479669, 3.879669, 3.879669, 3.079669, 2.447214, 2.0, 1.2, 0.0, 0.0, 0.0]"
1013,"[0.0, 0.0, 0.0, 0.0, 0.824621, 2.041174, 3.653625, 5.266077, 7.066077, 8.041456, 8.624903, 8.812452, 8.812452, 8.624903, 8.437355, 8.037355, 7.437355, 6.824903, 6.037073, 5.273149, 4.950182, 5.206204, 5.855446, 7.118887, 8.550709, 10.259354, 11.666896, 12.970619, 13.766998, 14.047897, 11.26222, 10.524684, 9.01394, 6.978028, 4.816778, 5.263991, 3.859072, 3.758493, 4.522416, 6.009212, 7.72533, 9.28457, 10.22328, 10.89118, 11.167714, 11.004383, 10.610829, 10.119332, 9.362136, 8.654827, 7.87138, 6.984583, 6.195729, 5.30503, 4.414693, 4.022762, 4.422762, 3.422762, 2.790307, 2.224621, 1.4, 0.0, 0.0, 0.0]"
1014,"[0.0, 0.0, 0.0, 0.0, 1.077033, 2.418674, 3.941828, 5.839195, 7.878803, 8.811745, 9.470104, 9.94695, 9.849583, 9.609975, 9.2, 8.6, 7.8, 7.019804, 6.219804, 5.785994, 5.650905, 5.865119, 6.85529, 8.263609, 9.530524, 11.129177, 12.627007, 13.663341, 14.207987, 14.553371, 11.689807, 10.777763, 9.293503, 7.506729, 5.32824, 5.960696, 4.855123, 4.557984, 4.914948, 6.103803, 7.625413, 8.967054, 9.938211, 10.747437, 11.017709, 10.750439, 10.303225, 9.590312, 8.522842, 7.680269, 6.993473, 6.204618, 5.281464, 4.463766, 3.879669, 3.479669, 3.679669, 3.079669, 2.632456, 2.0, 1.2, 0.0, 0.0, 0.0]"
1015,"[0.0, 0.0, 0.0, 0.0, 0.824621, 1.844425, 3.244425, 4.844425, 6.444425, 7.430881, 8.060319, 8.309562, 8.232716, 7.974357, 7.428191, 6.798753, 6.14951, 5.426356, 4.909336, 4.492953, 4.753774, 5.195995, 6.282791, 7.6215, 9.053323, 10.463423, 11.84963, 12.653558, 13.097909, 13.149938, 10.459214, 9.419641, 7.895106, 6.008536, 4.308611, 5.108611, 4.396789, 4.57224, 5.639984, 7.066654, 8.502722, 9.661757, 10.556184, 11.003398, 11.098338, 10.832041, 10.384828, 9.937614, 9.143767, 8.403914, 7.848356, 7.340127, 6.628305, 6.205889, 5.791675, 5.454495, 5.34006, 4.263027, 3.243223, 2.243223, 1.16619, 0.0, 0.0, 0.0]"
1016,"[0.0, 0.0, 0.0, 0.0, 1.019804, 2.039608, 3.439608, 5.039608, 6.652059, 7.476164, 8.353727, 8.662528, 8.674979, 8.404169, 7.72645, 6.906116, 6.21712, 5.404668, 5.063027, 4.97387, 5.177462, 5.719708, 6.640173, 7.640173, 8.895521, 9.947277, 10.801836, 11.681371, 12.155234, 12.058921, 9.726541, 9.121008, 7.721008, 6.071766, 4.401384, 5.226005, 4.414928, 4.614928, 5.390307, 6.624621, 7.8, 8.8, 9.4, 9.8, 10.0, 10.0, 9.8, 9.4, 8.814214, 8.228427, 7.493338, 6.770371, 6.336562, 5.922348, 5.402562, 5.137651, 5.260618, 4.094427, 3.094427, 2.2, 1.2, 0.0, 0.0, 0.0]"
1017,"[0.0, 0.0, 0.0, 0.0, 1.0, 2.16619, 3.507831, 5.157073, 6.769525, 7.369525, 7.803335, 7.861694, 7.612452, 7.2, 6.6, 6.0, 5.6, 5.219804, 5.185994, 5.466619, 5.880833, 6.442883, 7.266988, 8.100797, 9.100523, 10.01869, 10.789021, 11.18118, 11.417248, 11.224959, 8.892578, 8.20944, 7.238283, 6.168405, 5.211715, 6.288748, 5.659309, 5.610951, 6.057212, 6.736918, 7.66986, 8.660031, 9.453454, 9.850978, 10.0399, 9.829925, 9.61995, 9.609975, 9.4, 9.2, 9.2, 9.0, 8.4, 7.6, 6.624621, 5.390307, 4.81011, 3.41011, 2.41011, 1.585489, 1.019804, 0.0, 0.0, 0.0]"
1018,"[0.0, 0.0, 0.0, 0.0, 1.0, 2.280625, 3.722845, 5.246, 6.895242, 7.507694, 7.827069, 7.784848, 7.461694, 7.012452, 6.6, 6.0, 5.619804, 5.496837, 5.463027, 5.543652, 6.105702, 6.782954, 7.402978, 7.933844, 8.497128, 8.935078, 9.364051, 9.830325, 10.2966, 10.511817, 8.511817, 7.908942, 7.010522, 6.188832, 5.129706, 6.129706, 5.683585, 5.635226, 5.493585, 5.893585, 6.293585, 6.616553, 7.0, 7.4, 7.6, 7.8, 8.0, 8.0, 8.2, 8.4, 8.6, 8.6, 8.2, 7.4, 6.2, 4.682843, 3.682843, 2.482843, 1.482843, 0.882843, 0.6, 0.0, 0.0, 0.0]"
1019,"[0.0, 0.0, 0.0, 0.0, 1.264911, 2.679125, 4.291576, 5.891576, 7.491576, 7.839117, 8.037355, 8.037355, 8.086597, 7.90081, 7.702572, 7.490121, 7.277669, 7.028427, 7.014214, 7.212452, 7.424903, 7.674145, 8.171512, 8.668879, 9.144488, 9.812388, 10.443496, 10.979235, 11.490187, 11.802126, 9.521775, 9.241424, 8.408319, 7.6, 6.416553, 7.493585, 6.77421, 6.454835, 6.297056, 6.692955, 7.228373, 7.736603, 8.342774, 8.78735, 8.963753, 9.140156, 9.060102, 8.96216, 9.045135, 9.226053, 9.226053, 9.306106, 9.129703, 8.326122, 7.077461, 5.688607, 4.182595, 2.570143, 1.403953, 0.682843, 0.282843, 0.0, 0.0, 0.0]"
1020,"[0.0, 0.0, 0.0, 0.0, 1.0, 2.2, 3.614214, 5.070236, 6.59339, 7.205842, 7.567892, 7.715728, 7.67392, 7.43139, 7.099563, 6.537513, 6.141654, 5.804473, 5.740401, 5.659776, 6.059776, 6.493585, 7.016553, 7.4, 8.2, 9.0, 9.8, 10.6, 11.433105, 11.713456, 9.513456, 8.90231, 8.025465, 6.808912, 5.528562, 6.328562, 5.434134, 5.07717, 5.141242, 5.838299, 6.735355, 7.684837, 8.498545, 9.197819, 9.344672, 9.627515, 9.627515, 9.368081, 9.108647, 8.985203, 8.725769, 8.602325, 8.44391, 7.889635, 7.063598, 5.943133, 4.855123, 3.293073, 2.126883, 1.232456, 0.632456, 0.0, 0.0, 0.0]"
1021,"[0.0, 0.0, 0.0, 0.0, 1.0, 2.216553, 3.672574, 5.195729, 6.808181, 7.370231, 7.715728, 7.67392, 7.564979, 7.394748, 7.113322, 6.682643, 6.399801, 6.151777, 5.78659, 5.722518, 5.991147, 6.459776, 7.093585, 8.016553, 9.0, 10.2, 11.407134, 12.470698, 13.190992, 13.590992, 10.990992, 10.242984, 8.991872, 7.536489, 5.936489, 6.936489, 5.954396, 5.784165, 6.081303, 6.925212, 7.925212, 8.848179, 9.56929, 10.17057, 10.326662, 10.326662, 10.17057, 9.851149, 9.249868, 8.970333, 8.690798, 8.567354, 8.335897, 8.216067, 7.661793, 6.765949, 5.845484, 4.233032, 2.790812, 1.624621, 0.8, 0.0, 0.0, 0.0]"
1022,"[0.0, 0.0, 0.0, 0.0, 0.824621, 2.041174, 3.455387, 5.055387, 6.855387, 7.841843, 8.436368, 8.671396, 8.720639, 8.569881, 8.214826, 7.859771, 7.427081, 6.977839, 6.528596, 6.472574, 6.472574, 6.779177, 7.368031, 8.227157, 9.063225, 10.023812, 11.03048, 11.961919, 12.533383, 12.705634, 10.289024, 9.959202, 9.038908, 7.608319, 6.219804, 6.940914, 5.635341, 5.100252, 5.356274, 6.045271, 7.221528, 8.296872, 8.929327, 9.443077, 9.631643, 9.443077, 9.122548, 8.837633, 8.467861, 8.170495, 8.061694, 8.012452, 8.0, 7.8, 7.4, 6.8, 6.024621, 4.424621, 3.024621, 1.824621, 0.824621, 0.0, 0.0, 0.0]"
1023,"[0.0, 0.0, 0.0, 0.0, 1.0, 2.16619, 3.622212, 5.271455, 7.082532, 7.882532, 8.516341, 8.660319, 8.611077, 8.4, 8.0, 7.6, 7.2, 6.8, 6.416553, 6.281464, 6.223104, 6.635556, 7.322352, 8.164926, 9.232395, 10.396747, 11.290289, 12.003492, 12.41823, 12.518954, 10.012961, 9.516944, 8.716944, 7.657294, 6.301222, 7.301222, 6.457437, 5.999078, 6.293665, 7.113999, 8.011365, 8.999241, 9.811666, 10.072637, 10.072637, 10.072637, 9.76248, 9.419491, 9.260796, 9.36343, 9.466063, 9.622154, 9.611077, 9.412452, 8.812452, 8.012452, 6.812452, 5.012452, 3.4, 2.0, 0.8, 0.0, 0.0, 0.0]"
1024,"[0.0, 0.0, 0.0, 0.0, 1.019804, 2.096837, 3.438478, 5.000528, 6.697584, 7.23983, 7.605017, 7.605017, 7.384608, 7.029193, 6.808784, 6.708204, 6.532754, 6.357303, 6.147033, 6.086017, 6.186597, 6.362047, 6.719012, 7.296442, 7.985588, 8.602494, 9.424184, 10.06436, 10.481588, 10.491716, 8.43259, 7.966315, 7.365034, 6.51963, 5.539731, 6.616764, 5.919708, 5.557658, 5.477033, 5.677033, 6.0, 6.6, 7.0, 7.412452, 7.824903, 7.839117, 7.695139, 7.618293, 7.528996, 7.439699, 7.734287, 7.987065, 7.919933, 7.661689, 7.355087, 6.470907, 5.327792, 3.87177, 2.606859, 1.390307, 0.565685, 0.0, 0.0, 0.0]"
1025,"[0.0, 0.0, 0.0, 0.0, 1.077033, 2.341944, 3.756158, 5.356158, 6.956158, 7.479125, 7.628427, 7.628427, 7.442641, 7.059193, 6.675746, 6.478085, 6.263871, 6.049658, 6.033105, 6.216553, 6.414214, 6.628427, 7.077669, 7.721578, 8.361186, 9.18304, 9.977899, 10.736976, 11.293067, 11.653459, 9.417391, 9.208319, 8.4, 7.4, 6.2, 7.416553, 6.681464, 6.362088, 6.524138, 7.021195, 7.501698, 7.933844, 8.350275, 8.485281, 8.632134, 8.778987, 8.925839, 9.228783, 9.531727, 9.687818, 9.843909, 9.843909, 9.540965, 9.238021, 8.652235, 7.652235, 6.408326, 4.71127, 3.014214, 1.6, 0.6, 0.0, 0.0, 0.0]"
1026,"[0.0, 0.0, 0.0, 0.0, 0.894427, 1.97146, 2.991264, 4.191264, 5.391264, 5.896837, 6.036356, 6.281464, 6.101267, 5.921071, 5.540875, 5.344127, 5.079216, 5.059412, 5.039608, 5.019804, 5.2, 5.4, 5.8, 6.214214, 6.826665, 7.437742, 8.237742, 8.837742, 9.423529, 9.821052, 8.009975, 7.853884, 7.309906, 6.526458, 5.516483, 6.516483, 5.692378, 5.402547, 5.466619, 5.880833, 6.442883, 7.143544, 7.697818, 8.137659, 8.44391, 8.602325, 8.602325, 8.44391, 8.420501, 8.543945, 8.667389, 8.508974, 8.508974, 8.092543, 7.529258, 6.68535, 5.947921, 4.385871, 3.105246, 1.824621, 0.824621, 0.0, 0.0, 0.0]"
1027,"[0.0, 0.0, 0.0, 0.0, 0.8, 1.8, 2.8, 4.0, 5.2, 5.616553, 5.881464, 6.047654, 6.013844, 5.980035, 5.840515, 5.741794, 5.652637, 5.56348, 5.417093, 5.359864, 5.193674, 5.316641, 5.639608, 6.019804, 6.6, 7.4, 8.2, 8.8, 9.439608, 9.927669, 8.127669, 7.916523, 7.528975, 6.655558, 5.5873, 6.5873, 5.798446, 5.205798, 5.116641, 5.438478, 5.880698, 6.322919, 6.915566, 7.450985, 7.721796, 7.892027, 8.062258, 8.170271, 8.278285, 8.386298, 8.386298, 8.386298, 8.108054, 7.553779, 6.999504, 6.108163, 5.128167, 3.685947, 2.519756, 1.353566, 0.632456, 0.0, 0.0, 0.0]"
1028,"[0.0, 0.0, 0.0, 0.0, 0.6, 1.4, 2.419804, 3.496837, 4.663027, 5.229218, 5.709842, 5.970663, 6.174255, 6.422278, 6.670302, 6.670302, 6.521048, 6.371794, 5.95758, 5.709557, 5.505965, 5.451627, 5.536809, 5.936809, 6.38307, 7.117114, 8.079689, 8.951198, 9.787266, 10.23394, 8.422863, 8.10372, 7.577709, 6.622266, 5.72933, 6.553951, 5.633486, 5.071436, 4.810615, 4.721458, 5.161748, 5.81777, 6.340925, 7.029921, 7.661689, 8.105579, 8.172711, 8.358358, 8.172711, 7.987065, 7.801419, 7.543176, 6.911408, 6.465286, 5.836559, 4.87909, 4.214179, 3.137146, 2.060113, 1.165685, 0.6, 0.0, 0.0, 0.0]"
1029,"[0.0, 0.0, 0.0, 0.0, 0.4, 1.032456, 1.926883, 2.926883, 4.058254, 4.789624, 5.323359, 5.595122, 5.672155, 5.617818, 5.506251, 5.359864, 5.018295, 4.765883, 4.40996, 4.238685, 4.113308, 4.113308, 4.308491, 4.803933, 5.369618, 6.124433, 7.269584, 8.219551, 8.889795, 9.475582, 7.826339, 7.553624, 6.864477, 5.977681, 4.698791, 5.298791, 4.201735, 3.745731, 3.745731, 4.305246, 5.147466, 6.159918, 6.947748, 7.5602, 7.892027, 8.238661, 8.238661, 8.06843, 7.898199, 7.727967, 7.219738, 6.887911, 6.577062, 6.134841, 5.587048, 5.106423, 4.625798, 3.494427, 2.494427, 1.6, 0.8, 0.0, 0.0, 0.0]"
1030,"[0.0, 0.0, 0.0, 0.0, 0.4, 1.2, 2.2, 3.219804, 4.484715, 5.349626, 5.891267, 6.171892, 6.432713, 6.582015, 6.448475, 6.238205, 5.806108, 5.246594, 4.464836, 4.133465, 4.002094, 4.153566, 4.649008, 5.629004, 6.640081, 7.650056, 8.650056, 9.433504, 9.831027, 10.029925, 8.01995, 7.728751, 6.993662, 6.003491, 4.793516, 5.393516, 4.2504, 3.7066, 3.852986, 4.219176, 5.061397, 6.108163, 6.949103, 7.344962, 7.740822, 7.740822, 7.470011, 7.249602, 6.952463, 6.655324, 6.429656, 6.304568, 5.962927, 5.698016, 5.433105, 5.041174, 4.824621, 3.824621, 2.824621, 1.824621, 1.0, 0.0, 0.0, 0.0]"
1031,"[0.0, 0.0, 0.0, 0.0, 0.894427, 1.97146, 3.188013, 4.588013, 6.188013, 6.693585, 7.030766, 7.270236, 7.135147, 6.61218, 6.289213, 5.894803, 5.438781, 5.17387, 5.116641, 5.116641, 5.263027, 5.705248, 6.494102, 7.44407, 8.455098, 9.376969, 10.02281, 10.273563, 10.313767, 10.225706, 8.137644, 7.649583, 6.809975, 5.8, 4.877033, 5.877033, 5.277033, 5.243223, 5.685444, 6.131566, 6.744017, 7.356469, 7.80273, 7.972961, 7.972961, 7.816531, 7.618293, 7.405842, 7.39339, 7.470236, 7.814214, 8.2, 8.4, 8.2, 7.8, 7.0, 6.024621, 4.424621, 3.024621, 1.824621, 0.824621, 0.0, 0.0, 0.0]"
1032,"[0.0, 0.0, 0.0, 0.0, 0.8, 1.877033, 3.043223, 4.457437, 5.87165, 6.413291, 6.677899, 6.77662, 6.38221, 5.9878, 5.665964, 5.148944, 4.77846, 4.479766, 4.459962, 4.606349, 5.062353, 5.610146, 6.451086, 7.171551, 7.725825, 8.289109, 8.690798, 8.972657, 9.138988, 9.138988, 7.295079, 6.893391, 6.215672, 5.495066, 4.774601, 5.669028, 5.303841, 5.157454, 4.991264, 5.191264, 5.496837, 5.834017, 6.214214, 6.614214, 6.614214, 6.614214, 6.4, 6.456022, 6.512044, 6.768066, 7.217308, 7.431522, 7.389713, 7.150244, 6.714026, 5.697239, 4.848711, 3.434497, 2.217945, 1.198141, 0.565685, 0.0, 0.0, 0.0]"
1033,"[0.0, 0.0, 0.0, 0.0, 1.0, 2.2, 3.416553, 4.758193, 6.200414, 6.762464, 7.25952, 7.605017, 7.705597, 7.429567, 7.033707, 6.336651, 5.774601, 5.409414, 5.320256, 5.418977, 5.874999, 6.331021, 6.962789, 7.67461, 8.468825, 9.071929, 9.779238, 10.233768, 10.444914, 10.365687, 8.306561, 7.840286, 7.091169, 6.371794, 5.558085, 6.774638, 6.277581, 6.063368, 6.182743, 6.616553, 7.0, 7.6, 8.0, 8.2, 8.2, 8.2, 8.012452, 7.826665, 7.875907, 7.92515, 7.974392, 7.817962, 7.859771, 7.47544, 7.091108, 6.608056, 6.283405, 4.827383, 3.562472, 2.297561, 1.131371, 0.0, 0.0, 0.0]"
1034,"[0.0, 0.0, 0.0, 0.0, 0.72111, 1.798143, 3.014696, 4.214696, 5.614696, 6.307799, 6.447319, 6.307799, 6.184832, 5.609453, 5.019861, 4.603308, 4.326275, 4.249242, 4.424621, 4.8, 5.4, 6.2, 6.8, 7.4, 8.0, 8.4, 8.611077, 8.854986, 8.904228, 8.813029, 7.013029, 6.657974, 5.833869, 5.184627, 4.475826, 5.49563, 5.25616, 5.692378, 6.1484, 6.857201, 7.486639, 7.919329, 8.112549, 8.112549, 7.859771, 7.552169, 7.183552, 6.814934, 6.773126, 6.879154, 7.257978, 7.697818, 8.261102, 8.408939, 8.408939, 8.130694, 7.933384, 6.089475, 4.527425, 2.965375, 1.523155, 0.0, 0.0, 0.0]"
1035,"[0.0, 0.0, 0.0, 0.0, 1.019804, 2.236356, 3.636356, 5.236356, 6.836356, 7.429004, 7.668474, 7.533385, 7.198296, 6.675329, 6.082681, 5.826659, 5.761748, 5.896837, 6.219804, 6.8, 7.2, 7.8, 8.2, 8.8, 9.0, 9.409975, 9.61995, 9.859558, 9.703467, 9.747376, 7.737401, 7.339877, 6.714483, 6.270574, 5.826665, 7.226665, 7.226665, 7.461694, 7.710936, 7.960178, 8.209421, 8.246211, 8.209421, 7.974392, 7.590061, 7.282459, 6.913842, 6.715604, 6.86344, 7.318994, 7.977353, 8.696729, 9.126424, 9.408283, 9.249868, 8.664081, 7.830272, 5.986363, 4.142454, 2.580404, 1.16619, 0.0, 0.0, 0.0]"
1036,"[0.0, 0.0, 0.0, 0.0, 1.019804, 2.096837, 3.377462, 4.791675, 6.353725, 6.776142, 7.04075, 7.101766, 7.029193, 6.808784, 6.532754, 6.357303, 6.457883, 6.396867, 6.617276, 7.013136, 7.408995, 7.528825, 7.968665, 8.12708, 8.285495, 8.610241, 8.934988, 9.273649, 9.61231, 9.861616, 7.97482, 7.796824, 7.19372, 6.476235, 5.848104, 7.290325, 7.143574, 7.249602, 7.605017, 7.960433, 8.080262, 8.080262, 8.080262, 7.945256, 7.69042, 7.570591, 7.531696, 7.678446, 7.825197, 8.280343, 8.807894, 9.254511, 9.432507, 9.444171, 8.989025, 8.096286, 6.926515, 5.039719, 3.319253, 1.877033, 0.8, 0.0, 0.0, 0.0]"
1037,"[0.0, 0.0, 0.0, 0.0, 0.8, 1.6, 2.4, 3.419804, 4.496837, 4.696837, 5.028208, 5.359579, 5.471146, 5.525483, 5.656854, 5.656854, 5.656854, 5.656854, 5.656854, 5.656854, 5.806108, 5.955362, 6.104616, 6.415466, 6.896547, 7.228373, 7.947748, 8.511033, 8.912721, 9.187066, 7.574614, 7.363468, 6.8612, 6.183482, 5.296686, 6.296686, 5.507831, 5.243223, 5.341944, 5.865099, 6.573899, 7.2827, 7.914468, 8.358358, 8.544004, 8.544004, 8.544004, 8.291225, 8.231666, 8.172108, 8.075759, 7.97941, 7.937601, 7.504911, 7.055669, 6.443218, 5.907799, 4.493585, 3.277033, 2.077033, 1.077033, 0.0, 0.0, 0.0]"
1038,"[0.0, 0.0, 0.0, 0.0, 0.6, 1.4, 2.2, 3.219804, 4.296837, 4.863027, 5.343652, 5.675023, 5.78659, 5.990182, 5.955362, 5.806108, 5.674737, 5.543367, 5.262742, 5.208404, 5.154066, 5.231099, 5.49601, 5.952032, 6.5838, 7.295621, 8.105384, 8.899599, 9.569607, 9.704715, 7.91586, 7.591114, 6.812613, 5.686584, 4.691203, 5.515824, 4.953774, 4.673149, 4.873149, 5.624621, 6.4, 7.012452, 7.612452, 8.024903, 7.824903, 7.639117, 7.226665, 6.826665, 6.414214, 6.230766, 6.033105, 6.098016, 6.162927, 6.227838, 6.088319, 6.037957, 6.05367, 4.788759, 3.523848, 2.446815, 1.280625, 0.0, 0.0, 0.0]"
1039,"[0.0, 0.0, 0.0, 0.0, 0.72111, 1.569638, 2.701009, 4.04265, 5.384291, 5.928092, 6.296116, 6.381298, 6.239657, 6.098016, 6.033105, 6.016553, 6.0, 6.016553, 6.081464, 6.146375, 6.288015, 6.429656, 7.001958, 7.525901, 8.230762, 8.977182, 9.87161, 10.291827, 10.702973, 10.733201, 8.64514, 8.009072, 7.0, 6.0, 5.2, 6.277033, 6.119253, 6.481303, 6.843353, 7.487262, 8.254138, 8.698714, 9.02346, 9.348206, 9.224763, 8.823074, 8.498328, 8.173582, 7.848835, 7.69042, 7.860651, 8.019066, 8.343813, 8.668559, 8.895363, 8.895363, 8.883699, 6.996903, 5.110107, 3.321252, 1.708801, 0.0, 0.0, 0.0]"
1040,"[0.0, 0.0, 0.0, 0.0, 0.447214, 1.271835, 2.271835, 3.271835, 4.271835, 5.041174, 5.236356, 5.25616, 5.150588, 5.045015, 4.722889, 4.527707, 4.332524, 4.238097, 4.343669, 4.449242, 4.824621, 5.4, 6.2, 6.812452, 7.461694, 7.910936, 8.219737, 8.408591, 8.682936, 8.754159, 7.104916, 6.810329, 6.152846, 5.160477, 4.264633, 5.264633, 5.050419, 5.319048, 6.024621, 6.8, 7.4, 7.8, 8.0, 8.0, 8.0, 7.8, 7.6, 7.216553, 6.881464, 6.804618, 7.193473, 7.582327, 8.154629, 8.678572, 8.944272, 8.875883, 8.807493, 7.018639, 5.229784, 3.44093, 1.720465, 0.0, 0.0, 0.0]"
1041,"[0.0, 0.0, 0.0, 0.0, 0.8, 1.819804, 2.896837, 4.063027, 5.343652, 5.824277, 6.085098, 6.174255, 6.174255, 6.059821, 5.779196, 5.498571, 5.463752, 5.297561, 5.297561, 5.463752, 5.905972, 6.387053, 6.999504, 7.72011, 8.55392, 9.237728, 9.751306, 10.401596, 10.678131, 10.841462, 8.715432, 8.201855, 7.280754, 6.117423, 4.954092, 6.031125, 5.832887, 6.103698, 6.947607, 7.987215, 8.998243, 9.672091, 10.147701, 10.201158, 9.870351, 9.431532, 8.757684, 8.269623, 7.972257, 8.063456, 8.424189, 9.01995, 9.629022, 10.238095, 10.647167, 10.647167, 10.481101, 8.272028, 6.062956, 3.853884, 1.843909, 0.0, 0.0, 0.0]"
1042,"[0.0, 0.0, 0.0, 0.0, 0.632456, 1.652259, 2.652259, 3.852259, 5.052259, 5.619804, 5.816553, 5.836356, 5.65616, 5.475964, 5.295768, 5.09902, 5.079216, 5.259412, 5.439608, 5.819804, 6.2, 6.8, 7.2, 7.8, 8.4, 9.009975, 9.646043, 10.326394, 10.68046, 10.739586, 8.729611, 8.105994, 7.167284, 6.090251, 5.031125, 6.231125, 6.018674, 6.289485, 7.023529, 8.033504, 9.033504, 9.833504, 10.221052, 10.409975, 10.4, 10.0, 9.412452, 9.061694, 8.770495, 8.740266, 9.094332, 9.635946, 10.14077, 10.586035, 10.586035, 10.401741, 10.134471, 7.980405, 5.826339, 3.856568, 1.886796, 0.0, 0.0, 0.0]"
1043,"[0.0, 0.0, 0.0, 0.0, 0.447214, 1.079669, 1.90429, 2.90429, 3.90429, 4.657077, 5.024621, 5.219804, 5.239608, 5.259412, 5.079216, 5.09902, 5.09902, 5.09902, 5.279216, 5.459412, 5.65616, 6.036356, 6.629004, 7.041456, 7.685364, 8.50842, 9.196481, 9.738095, 10.288975, 10.445066, 8.405458, 8.014453, 7.274601, 6.391895, 5.286322, 6.306126, 5.80907, 5.794856, 6.114231, 7.019804, 8.0, 8.809975, 9.619047, 10.058655, 10.298263, 10.10934, 9.910442, 9.50137, 9.261762, 9.022154, 9.211077, 9.4, 9.6, 9.8, 9.8, 9.611077, 9.508444, 7.508444, 5.508444, 3.708444, 1.897367, 0.0, 0.0, 0.0]"
1044,"[0.0, 0.0, 0.0, 0.0, 0.565685, 1.286796, 2.286796, 3.363829, 4.62874, 5.279607, 5.97271, 6.37271, 6.695677, 6.830766, 7.014214, 6.8, 6.6, 6.4, 6.2, 6.214214, 6.428427, 6.877669, 7.326912, 7.970821, 8.400516, 9.22237, 9.981447, 10.732205, 11.288296, 11.852706, 9.616638, 9.052228, 8.30147, 7.315684, 6.307365, 7.507365, 7.077669, 6.951582, 7.246169, 7.635023, 8.404795, 9.144647, 9.709554, 10.088814, 10.339568, 10.457858, 10.012592, 9.633332, 9.254071, 9.003318, 8.802053, 8.980048, 8.991713, 9.003377, 8.911579, 8.745248, 8.745248, 7.024783, 5.304318, 3.607261, 1.886796, 0.0, 0.0, 0.0]"
1045,"[0.0, 0.0, 0.0, 0.0, 0.8, 1.8, 3.016553, 4.281464, 5.623104, 6.265325, 6.707545, 6.771618, 6.92092, 6.859904, 6.698309, 6.536713, 6.387459, 6.25387, 6.25387, 6.415466, 6.577062, 7.234545, 7.742775, 8.348946, 9.070056, 9.908187, 10.527651, 11.001538, 11.675992, 11.953972, 9.673621, 9.324429, 8.850541, 7.630932, 6.470246, 7.636436, 6.842221, 6.702609, 7.010211, 7.573495, 8.495366, 9.318516, 9.82334, 10.410165, 10.625383, 10.507093, 10.127832, 9.682567, 9.095741, 8.649067, 8.279295, 8.170495, 8.061694, 8.012452, 8.0, 8.049242, 8.158043, 6.558043, 4.958043, 3.358043, 1.708801, 0.0, 0.0, 0.0]"
1046,"[0.0, 0.0, 0.0, 0.0, 0.632456, 1.632456, 2.832456, 4.032456, 5.232456, 5.816553, 6.081464, 6.146375, 6.211286, 6.352926, 6.478015, 6.478015, 6.478015, 6.478015, 6.352926, 6.211286, 6.346375, 6.681464, 7.216553, 7.8, 8.6, 9.409072, 10.282936, 11.012758, 11.812758, 12.145138, 9.936066, 9.462203, 8.494431, 7.336651, 6.081303, 7.281303, 6.481303, 6.135806, 6.342828, 7.109704, 7.949311, 8.759287, 9.778802, 10.338632, 10.703795, 10.664188, 10.454212, 9.830596, 9.233975, 8.480925, 7.822566, 7.364207, 7.313805, 7.115567, 7.101766, 7.372576, 7.739736, 6.177686, 4.763473, 3.321252, 1.708801, 0.0, 0.0, 0.0]"
1047,"[0.0, 0.0, 0.0, 0.0, 0.6, 1.424621, 2.501654, 3.667844, 4.948469, 5.629094, 6.146114, 6.333992, 6.432713, 6.416999, 6.213407, 5.89157, 5.521086, 5.256175, 5.122635, 5.326227, 5.587048, 6.25467, 6.975136, 7.687674, 8.533078, 9.515195, 10.361464, 11.08231, 11.570782, 11.598818, 9.336077, 8.577, 7.591711, 6.336363, 5.182297, 6.182297, 5.797966, 5.797966, 6.370175, 7.214084, 8.302145, 9.1913, 9.889344, 10.209874, 10.154819, 9.953554, 9.588342, 9.083519, 8.569769, 8.195128, 7.708332, 7.519478, 7.482687, 7.482687, 7.777274, 8.166129, 8.452925, 6.840473, 5.384451, 3.675651, 1.886796, 0.0, 0.0, 0.0]"
1048,"[0.0, 0.0, 0.0, 0.0, 0.72111, 1.545731, 2.545731, 3.745731, 4.945731, 5.638835, 6.030766, 6.247319, 6.124352, 6.001384, 5.481598, 5.089667, 4.673114, 4.596081, 4.719048, 5.024621, 5.6, 6.4, 7.0, 7.6, 8.4, 9.009975, 9.619047, 10.107109, 10.461175, 10.430946, 8.420971, 7.82435, 7.07793, 5.943668, 4.973896, 5.973896, 5.626356, 5.80787, 6.496866, 7.285721, 8.255492, 9.078643, 9.595096, 9.730204, 9.553801, 9.196481, 8.757662, 7.982965, 7.480697, 7.14887, 6.950633, 6.86344, 7.04075, 7.31156, 7.55409, 7.789119, 8.038146, 6.595925, 4.983474, 3.460319, 1.811077, 0.0, 0.0, 0.0]"
1049,"[0.0, 0.0, 0.0, 0.0, 1.0, 2.16619, 3.431101, 4.845315, 6.445315, 7.045315, 7.279125, 7.414214, 7.2, 6.8, 6.4, 6.2, 6.0, 6.2, 6.414214, 6.826665, 7.437742, 8.247717, 9.056789, 9.842576, 10.430124, 11.019047, 11.409072, 11.608319, 11.644387, 11.724738, 9.324738, 8.768647, 7.972779, 7.136711, 6.05636, 7.470574, 7.082687, 7.179036, 7.748808, 8.702874, 9.6296, 10.453929, 11.025479, 11.336058, 11.270054, 10.773023, 10.201473, 9.709976, 9.042077, 8.674481, 8.674481, 8.809589, 8.864643, 8.949248, 8.949248, 8.717791, 8.582683, 6.738774, 5.041717, 3.321252, 1.708801, 0.0, 0.0, 0.0]"
1050,"[0.0, 0.0, 0.0, 0.0, 1.0, 2.216553, 3.481464, 4.823104, 6.265325, 6.679538, 6.743611, 6.759325, 6.698309, 6.536713, 6.25387, 6.104616, 6.104616, 6.104616, 6.266212, 6.855306, 7.567844, 8.413248, 9.258653, 10.079174, 10.767028, 11.20347, 11.518752, 11.834034, 12.077285, 11.905034, 9.624683, 9.153143, 8.420633, 7.527092, 6.733244, 8.147458, 7.739736, 7.751401, 8.025745, 8.642651, 9.287563, 9.888844, 10.33171, 10.608244, 10.712449, 10.540119, 10.165643, 9.972084, 9.70612, 9.440155, 9.64142, 9.940627, 10.058917, 10.005459, 9.720544, 9.232483, 8.744422, 6.65636, 4.812452, 3.2, 1.6, 0.0, 0.0, 0.0]"
1051,"[0.0, 0.0, 0.0, 0.0, 1.0, 2.131371, 3.411996, 4.753636, 6.209658, 6.623872, 6.892501, 7.011876, 7.070236, 6.814214, 6.6, 6.4, 6.414214, 6.470236, 6.919478, 7.563387, 8.207296, 8.83269, 9.386643, 9.946473, 10.311636, 10.667727, 10.82812, 11.018144, 11.009072, 11.009072, 8.809072, 8.64868, 8.259757, 7.659757, 7.050685, 8.450685, 8.023529, 7.861694, 8.105603, 8.593664, 9.474015, 10.097631, 10.684457, 11.076616, 11.224623, 11.18034, 10.98388, 10.835873, 10.687866, 10.53986, 10.391853, 10.440307, 10.249612, 9.870351, 9.394741, 8.86873, 8.342719, 6.445352, 4.736551, 3.1241, 1.56205, 0.0, 0.0, 0.0]"
1052,"[0.0, 0.0, 0.0, 0.0, 0.565685, 1.460113, 2.537146, 3.753698, 4.970251, 5.804565, 6.310138, 6.433105, 6.416553, 6.4, 6.2, 6.0, 6.0, 6.2, 6.4, 6.8, 7.4, 8.0, 8.6, 9.2, 9.6, 10.0, 10.409072, 10.618144, 10.854212, 11.195152, 8.995152, 8.940146, 8.519928, 7.807015, 6.730986, 8.130986, 7.17692, 6.788066, 6.877363, 7.423529, 8.033504, 8.843479, 9.652551, 10.249172, 10.647167, 10.837192, 10.827217, 10.62812, 10.419047, 10.209975, 9.821052, 9.632129, 9.234606, 8.648819, 7.725852, 7.046146, 6.677289, 5.064838, 3.650624, 2.573591, 1.442221, 0.0, 0.0, 0.0]"
1053,"[0.0, 0.0, 0.0, 0.0, 1.0, 2.2, 3.416553, 4.872574, 6.214215, 6.656436, 6.870649, 7.06831, 6.892913, 6.682643, 6.371794, 6.088951, 5.955362, 5.955362, 6.266212, 6.747293, 7.228373, 7.834545, 8.440716, 8.998496, 9.549375, 10.217274, 10.738797, 11.397585, 11.805904, 12.083884, 9.803533, 9.45434, 8.69761, 7.630932, 6.470246, 7.470246, 6.488153, 6.155321, 6.462922, 7.026206, 8.065814, 9.269132, 10.093461, 10.724569, 11.034726, 11.149184, 11.022899, 10.639915, 10.256931, 10.000232, 9.690075, 9.185251, 8.702098, 8.204731, 7.507365, 6.928367, 6.891576, 5.477363, 4.077363, 2.877363, 1.612452, 0.0, 0.0, 0.0]"
1054,"[0.0, 0.0, 0.0, 0.0, 1.0, 2.2, 3.6, 5.249242, 6.958043, 7.666844, 8.079295, 8.241345, 8.154153, 7.725977, 7.459397, 7.289166, 7.068757, 6.771618, 6.947015, 7.154037, 7.555725, 8.253692, 9.269132, 10.093461, 10.974041, 11.730132, 12.290524, 12.873737, 13.477827, 13.668299, 11.068299, 10.731041, 9.847376, 8.524985, 7.146331, 8.411242, 7.548501, 7.168602, 7.406552, 8.064911, 9.0, 9.8, 10.6, 11.2, 11.4, 11.4, 11.4, 11.0, 10.6, 10.2, 9.8, 9.2, 8.614214, 7.830766, 6.925193, 6.01962, 5.636173, 4.221959, 3.005407, 2.11098, 1.216553, 0.0, 0.0, 0.0]"
1055,"[0.0, 0.0, 0.0, 0.0, 0.8, 2.0, 3.2, 4.656022, 6.179177, 6.991628, 7.353678, 7.715728, 7.67392, 7.564979, 7.083898, 6.653219, 6.371794, 6.12377, 5.974468, 6.299119, 6.816991, 7.380275, 8.253692, 9.076842, 9.901171, 10.592869, 11.165569, 11.631954, 12.151574, 12.312534, 9.971594, 9.534884, 8.725947, 7.53248, 6.257359, 7.277163, 6.297264, 5.800208, 5.785994, 6.232255, 7.023529, 7.834606, 8.644581, 9.254556, 9.652079, 9.641002, 9.629925, 9.431027, 9.033504, 8.437742, 8.051956, 7.468508, 6.677235, 5.785894, 4.818894, 4.20468, 4.188128, 3.168324, 2.447214, 2.0, 1.2, 0.0, 0.0, 0.0]"
1056,"[0.0, 0.0, 0.0, 0.0, 1.077033, 2.293585, 3.707799, 5.507799, 7.307799, 8.041843, 8.437742, 8.672771, 8.328793, 7.984815, 7.438649, 7.04275, 6.593508, 6.337486, 6.081464, 6.216553, 6.612452, 7.223529, 8.063136, 9.099204, 10.107523, 11.102753, 12.098809, 12.859202, 13.423134, 13.622496, 11.014815, 10.443749, 9.292991, 7.907205, 6.299524, 7.124145, 5.888077, 5.51946, 5.667296, 6.387761, 7.56314, 8.843491, 9.843217, 10.689486, 11.37734, 11.640081, 11.339629, 11.039178, 10.351324, 9.505055, 8.684533, 7.870825, 6.967959, 6.047494, 5.285444, 4.843223, 5.239083, 4.16205, 3.36205, 2.56205, 1.56205, 0.0, 0.0, 0.0]"
1057,"[0.0, 0.0, 0.0, 0.0, 0.824621, 2.089532, 3.503746, 5.303746, 7.103746, 8.079125, 8.625291, 9.022154, 8.834606, 8.490628, 8.104841, 7.510317, 6.69924, 6.086788, 5.65057, 5.402547, 5.466619, 6.028669, 7.008568, 8.251506, 9.493634, 10.774259, 11.932503, 12.837045, 13.352793, 13.544474, 10.983224, 10.350991, 9.079002, 7.517065, 5.549521, 5.996734, 4.508673, 3.916026, 3.964384, 5.040729, 6.563287, 8.117353, 9.438489, 10.647442, 11.218992, 11.288828, 10.978671, 10.48164, 9.463798, 8.448359, 7.408751, 6.285952, 5.074499, 4.218477, 3.586021, 3.866646, 4.989445, 4.356989, 3.756989, 3.124534, 1.843909, 0.0, 0.0, 0.0]"
