Packet_No,CSI_Data
1,"[0.0, 0.0, 0.0, 0.0, 1.16619, 2.778642, 4.567496, 6.464863, 8.504471, 9.377888, 9.775412, 9.996532, 9.910243, 9.681712, 9.056318, 8.262895, 7.329953, 6.367404, 5.63336, 5.435699, 5.831598, 6.565642, 7.727089, 8.859128, 10.075681, 11.093819, 12.111169, 12.929621, 13.320549, 13.287444, 10.656854, 9.440879, 7.829004, 5.829004, 3.711847, 4.277532, 3.796451, 4.276955, 5.656854, 7.636753, 9.761793, 11.472956, 12.618434, 13.358829, 13.816381, 13.686906, 13.007703, 11.885634, 10.579553, 8.859259, 6.898009, 5.367134, 4.846669, 5.232456, 6.840136, 9.440136, 12.61294, 11.41294, 9.61294, 7.00526, 3.80526, 0.0, 0.0, 0.0]"
2,"[0.0, 0.0, 0.0, 0.0, 1.280625, 2.842675, 4.686584, 6.57338, 8.809448, 9.869763, 10.588064, 10.832216, 11.033481, 10.641322, 10.009183, 9.184854, 8.438434, 7.481743, 6.804025, 6.551246, 6.707676, 7.37601, 8.444639, 9.678449, 10.822427, 12.009975, 13.006659, 13.833208, 14.296773, 14.226595, 11.426595, 10.317302, 8.555664, 6.516721, 4.434112, 5.066568, 4.385754, 4.733294, 5.948281, 7.934172, 10.130144, 11.720725, 13.114933, 13.875325, 14.24222, 14.013793, 13.415731, 12.209072, 10.823286, 9.100319, 7.221429, 5.812357, 5.178547, 5.484799, 6.688117, 8.967006, 11.772558, 10.606367, 8.885902, 6.605551, 3.605551, 0.0, 0.0, 0.0]"
3,"[0.0, 0.0, 0.0, 0.0, 1.264911, 2.720933, 4.564842, 6.375919, 8.575919, 9.52008, 10.27313, 10.468829, 10.69736, 10.341269, 9.744648, 8.94979, 8.110182, 7.335485, 6.772201, 6.573963, 6.880215, 7.739341, 8.710497, 9.871184, 11.140252, 12.198275, 13.139149, 13.903081, 14.304304, 14.311748, 11.533259, 10.377168, 8.791381, 6.948847, 4.658122, 5.506651, 4.828932, 5.203573, 6.262699, 8.279308, 10.209269, 11.996043, 13.160153, 13.985468, 14.17654, 13.839362, 13.166749, 12.10058, 10.65836, 9.127712, 7.286401, 5.571735, 4.704743, 4.862522, 5.994562, 8.201695, 11.03601, 10.016206, 8.416206, 6.207134, 3.4, 0.0, 0.0, 0.0]"
4,"[0.0, 0.0, 0.0, 0.0, 1.280625, 2.694838, 4.538747, 6.538747, 8.702078, 9.753834, 10.672001, 11.06416, 11.033932, 10.659455, 10.115929, 9.125189, 7.889121, 6.91935, 6.130495, 5.558193, 5.672574, 6.461429, 7.697497, 9.20349, 10.670219, 12.167161, 13.241871, 13.979017, 14.385068, 14.370119, 11.417155, 10.397499, 8.640838, 6.328794, 3.860461, 4.581572, 3.903853, 4.396101, 5.765873, 8.071866, 9.958436, 11.51254, 12.524034, 13.274556, 13.209874, 12.934574, 12.101076, 10.993234, 9.349973, 7.928465, 6.22854, 4.974199, 4.5783, 5.210068, 6.606874, 9.020727, 11.805873, 10.589321, 8.88052, 6.463911, 3.417601, 0.0, 0.0, 0.0]"
5,"[0.0, 0.0, 0.0, 0.0, 1.077033, 2.341944, 3.865099, 5.585564, 7.585564, 8.63456, 9.495678, 9.972523, 10.252058, 9.972523, 9.566959, 8.721555, 7.852926, 6.747353, 6.026888, 5.522975, 5.891593, 6.657589, 8.104101, 9.633923, 11.137665, 12.400467, 13.562512, 14.248121, 14.525433, 14.405139, 11.493095, 10.24476, 8.418211, 6.435698, 4.468154, 5.487958, 5.326123, 6.214184, 7.863426, 10.094535, 12.134143, 13.709804, 14.846645, 15.379441, 15.522536, 15.070806, 14.054975, 12.86968, 11.512262, 9.847244, 8.239563, 7.050295, 6.424901, 6.484459, 7.559427, 9.512392, 12.070297, 10.656083, 8.947283, 6.530673, 3.577709, 0.0, 0.0, 0.0]"
6,"[0.0, 0.0, 0.0, 0.0, 1.16619, 2.608411, 4.397265, 6.367037, 8.521103, 9.635263, 10.429111, 10.849329, 10.889532, 10.735466, 10.255115, 9.631499, 8.687338, 7.843553, 7.257767, 6.899987, 7.07639, 7.965545, 9.215964, 10.40175, 11.823094, 12.987204, 13.886006, 14.631674, 14.874208, 14.839071, 11.886106, 10.677148, 8.929084, 6.980977, 4.95255, 5.95255, 5.670691, 6.256477, 7.642401, 9.40365, 11.246185, 12.657348, 13.485776, 14.033852, 14.163327, 13.729112, 12.881927, 11.897409, 10.483195, 8.958661, 7.374963, 6.143361, 5.465643, 5.76023, 6.682101, 8.577774, 11.100948, 9.934758, 8.225957, 6.137896, 3.417601, 0.0, 0.0, 0.0]"
7,"[0.0, 0.0, 0.0, 0.0, 1.0, 2.280625, 3.893076, 5.681931, 7.579297, 8.423206, 8.953658, 9.152284, 9.16343, 8.866063, 8.422154, 7.82763, 7.036356, 6.402547, 6.083172, 6.245222, 6.749134, 7.616126, 8.613267, 9.773953, 10.819584, 11.819413, 12.775151, 13.440247, 13.689661, 13.523291, 10.802997, 9.680928, 8.133126, 6.336828, 4.720138, 5.886329, 5.886329, 6.605704, 8.152588, 10.048261, 11.934938, 13.167437, 14.297933, 14.720186, 14.785569, 14.149311, 13.350412, 12.279043, 10.857699, 9.486235, 8.235816, 7.298303, 6.455729, 6.625961, 7.375078, 9.051421, 11.275799, 10.059247, 8.446795, 6.283464, 3.44093, 0.0, 0.0, 0.0]"
8,"[0.0, 0.0, 0.0, 0.0, 1.0, 2.16619, 3.507831, 5.216632, 6.865874, 7.676951, 8.310761, 8.56912, 8.472771, 8.237742, 7.840879, 7.240879, 6.660683, 6.125264, 5.877241, 5.905248, 6.425713, 7.249818, 8.172785, 9.169925, 10.008056, 10.619971, 11.282055, 11.698664, 11.876274, 11.683984, 9.351603, 8.301632, 6.904827, 5.284997, 3.829392, 4.829392, 4.787583, 5.578856, 6.897354, 8.673217, 10.280898, 11.466685, 12.263289, 12.632, 12.459749, 11.862043, 11.07312, 10.065439, 9.071334, 8.100177, 7.256392, 6.576686, 6.318327, 6.516565, 7.261629, 8.703119, 10.777992, 9.436352, 7.8239, 5.813925, 3.206244, 0.0, 0.0, 0.0]"
9,"[0.0, 0.0, 0.0, 0.0, 1.264911, 2.788066, 4.57692, 6.463716, 8.443615, 9.158603, 9.635449, 9.73339, 9.567059, 9.199612, 8.661933, 8.076147, 7.469976, 7.091151, 6.934722, 7.389868, 8.063716, 9.063442, 10.062741, 11.136541, 11.839174, 12.434395, 12.837325, 13.274874, 13.186363, 12.866714, 10.183432, 9.220616, 7.608317, 6.18681, 4.926263, 6.092454, 5.934038, 6.767848, 8.028395, 9.449902, 10.891393, 12.012625, 12.695906, 13.015555, 12.990853, 12.537238, 11.823728, 10.752898, 9.595119, 8.592723, 7.604848, 6.899987, 6.504088, 6.517889, 6.89253, 8.058721, 9.746774, 8.530222, 7.0742, 5.285345, 2.952965, 0.0, 0.0, 0.0]"
10,"[0.0, 0.0, 0.0, 0.0, 1.341641, 2.783861, 4.504326, 6.348235, 8.192144, 8.850503, 9.295079, 9.363468, 9.308414, 9.076957, 8.519177, 7.913006, 7.404776, 6.957563, 6.868266, 7.323412, 8.130848, 9.130574, 10.318755, 11.395601, 12.283912, 13.059415, 13.732029, 13.980695, 14.100989, 13.876561, 11.012997, 9.780498, 8.168199, 6.467709, 4.926263, 6.206888, 6.183479, 7.143318, 8.531833, 10.073279, 11.512948, 12.700333, 13.352793, 13.627755, 13.483115, 12.998889, 11.903302, 10.686863, 9.284206, 8.033788, 7.014272, 6.44197, 6.403075, 6.911304, 7.908445, 9.253142, 11.036589, 9.513435, 7.72458, 5.56125, 3.0, 0.0, 0.0, 0.0]"
11,"[0.0, 0.0, 0.0, 0.0, 1.280625, 2.722845, 4.335297, 6.124151, 7.832952, 8.449694, 8.851382, 9.08284, 8.943227, 8.883669, 8.442324, 7.863326, 7.185608, 6.816991, 6.609969, 6.766398, 7.471259, 8.459134, 9.595119, 10.752898, 12.004011, 12.897804, 13.696702, 14.164534, 14.284828, 13.982514, 11.118949, 9.863041, 8.14479, 6.249117, 4.582295, 5.86292, 5.886329, 6.883469, 8.500159, 10.326026, 12.018615, 13.271363, 13.93646, 14.185874, 14.026829, 13.333966, 12.204661, 10.790448, 9.099723, 7.338473, 5.95255, 5.389266, 5.587504, 6.557275, 8.173884, 10.143021, 12.172986, 10.560534, 8.590762, 6.174153, 3.310589, 0.0, 0.0, 0.0]"
12,"[0.0, 0.0, 0.0, 0.0, 1.0, 2.280625, 3.722845, 5.284895, 6.981952, 7.679008, 8.095439, 8.350275, 8.485281, 8.350275, 8.067432, 7.651001, 7.120135, 6.442883, 6.080833, 6.122641, 6.365171, 6.987835, 8.027157, 9.159538, 10.311197, 11.566531, 12.641241, 13.445679, 13.898976, 13.821117, 11.042628, 9.828306, 8.181295, 6.028072, 3.89825, 4.746778, 4.659586, 5.286942, 7.062806, 9.353531, 11.478216, 12.916166, 14.072257, 14.54838, 14.465336, 13.824503, 12.711299, 10.877489, 8.841576, 6.833896, 5.222625, 4.60074, 5.083792, 6.471332, 8.699759, 11.234413, 13.657319, 12.008077, 9.772009, 6.943582, 3.687818, 0.0, 0.0, 0.0]"
13,"[0.0, 0.0, 0.0, 0.0, 0.72111, 1.72111, 2.887301, 4.228941, 5.570582, 6.191113, 6.532754, 6.708204, 6.708204, 6.708204, 6.532754, 6.322484, 6.112214, 5.936763, 5.860034, 6.108057, 6.576686, 7.256392, 8.129809, 9.100966, 10.119858, 11.188191, 12.205541, 12.99436, 13.565426, 13.532321, 10.863988, 9.835561, 8.207134, 6.032456, 4.264911, 5.284715, 5.00787, 5.961936, 7.92948, 10.082702, 12.225176, 14.000506, 15.144924, 15.604336, 15.647085, 14.893127, 13.604617, 11.918584, 10.075725, 7.968408, 5.960089, 4.798642, 4.748241, 5.418485, 7.305055, 9.957923, 12.714946, 11.152896, 9.2661, 6.658419, 3.605551, 0.0, 0.0, 0.0]"
14,"[0.0, 0.0, 0.0, 0.0, 1.0, 2.414214, 3.870236, 5.39339, 7.005842, 7.448062, 7.314474, 6.989822, 6.466668, 5.748643, 5.131044, 4.650419, 4.538852, 4.803763, 5.432491, 6.31667, 7.486442, 8.620704, 9.636144, 10.586852, 11.311157, 11.77449, 12.028743, 12.156711, 11.882848, 11.449743, 9.016638, 8.008319, 6.424621, 5.073149, 3.89777, 5.29777, 5.69777, 7.073149, 8.63294, 10.615453, 12.04388, 13.107444, 13.819488, 14.131463, 13.854152, 13.113786, 11.899464, 10.38742, 8.883678, 7.430889, 6.474199, 6.267177, 6.575978, 7.256792, 8.612864, 10.30992, 12.092603, 10.383802, 8.486435, 6.05333, 3.224903, 0.0, 0.0, 0.0]"
15,"[0.0, 0.0, 0.0, 0.0, 1.414214, 3.014214, 4.814214, 6.625291, 8.522657, 8.817244, 9.006099, 8.729253, 8.183087, 7.362754, 6.653953, 5.68972, 5.332756, 5.510065, 6.276941, 7.40297, 8.8587, 10.253759, 11.531833, 12.466413, 13.118872, 13.61701, 14.008725, 13.971713, 13.609833, 12.98541, 10.206921, 8.777111, 7.09383, 5.571648, 4.417582, 5.873604, 6.320221, 7.661161, 9.296556, 11.01685, 12.665663, 13.755303, 14.277927, 14.355786, 14.043811, 12.948951, 11.501991, 9.903338, 8.461847, 7.053528, 6.063357, 5.650905, 6.094795, 6.898376, 7.957502, 9.545379, 11.123868, 9.415067, 7.445296, 5.38617, 2.778489, 0.0, 0.0, 0.0]"
16,"[0.0, 0.0, 0.0, 0.0, 1.414214, 3.026665, 4.826665, 6.637742, 8.481651, 8.964804, 9.061153, 8.784308, 8.238142, 7.610786, 6.713419, 6.024422, 5.667458, 5.81676, 6.444117, 7.444117, 8.832632, 10.357166, 11.77138, 12.755898, 13.729112, 14.294007, 14.603282, 14.617389, 14.396643, 13.75581, 10.782596, 9.224816, 7.382282, 5.599222, 4.161269, 5.723319, 6.125007, 7.533326, 9.39943, 11.505003, 13.10523, 14.391817, 14.936462, 15.109302, 14.525911, 13.333405, 11.991764, 10.319424, 8.45586, 6.863872, 5.971133, 5.462904, 5.879335, 6.723244, 8.339934, 9.870582, 11.474398, 9.777342, 7.933433, 5.492122, 2.884441, 0.0, 0.0, 0.0]"
17,"[0.0, 0.0, 0.0, 0.0, 1.280625, 2.722845, 4.5117, 6.2205, 8.117867, 8.87685, 9.245707, 9.069304, 8.774717, 8.291564, 7.516867, 6.87198, 6.390899, 6.418906, 6.527847, 7.232708, 8.302586, 9.587824, 10.828885, 12.084219, 13.167315, 13.815688, 14.399079, 14.558331, 14.325427, 13.55291, 10.668469, 9.082683, 7.406339, 5.660755, 4.457437, 6.019487, 6.585172, 7.964566, 9.855291, 11.778258, 13.378486, 14.62349, 15.208401, 15.38124, 14.98124, 13.878089, 12.265637, 10.415767, 8.718393, 7.318393, 6.524178, 6.524178, 7.302679, 8.299819, 9.7075, 11.442589, 13.110382, 11.051256, 8.887925, 6.280244, 3.280244, 0.0, 0.0, 0.0]"
18,"[0.0, 0.0, 0.0, 0.0, 1.264911, 2.788066, 4.400517, 6.120982, 7.818039, 8.250184, 8.447494, 8.277263, 7.837423, 7.420992, 6.855306, 6.301031, 5.878615, 5.99799, 6.329817, 7.208421, 8.251303, 9.83918, 11.246314, 12.433862, 13.430546, 14.228133, 14.647002, 14.668295, 14.536628, 14.003832, 10.997173, 9.583075, 7.754648, 6.086315, 4.893076, 6.601877, 7.143492, 8.863786, 10.910095, 12.940059, 14.631258, 15.975764, 16.584133, 16.537824, 15.947529, 14.98884, 13.377065, 11.660853, 10.075067, 8.571325, 7.572234, 7.382494, 7.656839, 8.575006, 9.864447, 11.375191, 12.903038, 11.016241, 8.683861, 6.177868, 3.224903, 0.0, 0.0, 0.0]"
19,"[0.0, 0.0, 0.0, 0.0, 1.264911, 2.720933, 4.333385, 6.144462, 7.944462, 8.490628, 8.845683, 8.882473, 8.48561, 8.099823, 7.488746, 6.697473, 6.125264, 5.877241, 6.025077, 6.668986, 7.775211, 9.259428, 10.654487, 11.783162, 12.912467, 13.759652, 14.322502, 14.603786, 14.520742, 13.879909, 10.906696, 9.224816, 7.513653, 5.730593, 4.475245, 5.917466, 6.475245, 7.785186, 9.568246, 11.444177, 13.312546, 14.474823, 15.19579, 15.500153, 15.021052, 13.798524, 12.345047, 10.52441, 8.612366, 7.158307, 6.286798, 6.286798, 7.004283, 8.336664, 9.822853, 11.659168, 13.279031, 11.219904, 8.887524, 6.381531, 3.328663, 0.0, 0.0, 0.0]"
20,"[0.0, 0.0, 0.0, 0.0, 1.0, 2.280625, 3.694838, 5.137059, 6.74951, 7.361962, 7.604492, 7.531919, 7.431339, 6.985078, 6.372627, 5.849472, 5.402258, 5.080421, 5.314231, 5.926683, 6.96629, 8.352214, 9.806274, 11.074606, 12.325719, 13.345523, 14.290075, 14.822871, 14.954538, 14.698655, 11.639243, 10.01434, 8.027485, 6.076013, 4.488136, 5.90235, 6.390411, 8.03894, 10.053976, 12.289936, 14.497877, 16.015366, 16.947034, 17.483469, 17.227705, 16.205551, 14.6, 12.612452, 10.289485, 8.138013, 6.538013, 5.802924, 6.160244, 7.415592, 9.345552, 11.50783, 13.683849, 11.714077, 9.381697, 6.603208, 3.44093, 0.0, 0.0, 0.0]"
21,"[0.0, 0.0, 0.0, 0.0, 1.131371, 2.545584, 3.959798, 5.521848, 7.134299, 7.723394, 7.921632, 8.11987, 7.89946, 7.453199, 7.013359, 6.532278, 5.99686, 5.732252, 5.766062, 5.885437, 6.597975, 7.56055, 8.719585, 9.993448, 11.224037, 12.208556, 12.976082, 13.547147, 13.680965, 13.458695, 10.630267, 9.435585, 7.628451, 5.653226, 4.044907, 5.064711, 5.101502, 6.189563, 8.030971, 10.094535, 12.10128, 13.658282, 14.770221, 15.296357, 15.040474, 14.222997, 12.82783, 11.02783, 8.922257, 7.035687, 5.846418, 5.558496, 5.770948, 6.935646, 8.655847, 10.688911, 12.664327, 11.051876, 8.99275, 6.551439, 3.498571, 0.0, 0.0, 0.0]"
22,"[0.0, 0.0, 0.0, 0.0, 0.824621, 1.901654, 3.243295, 4.685515, 6.127736, 6.865165, 7.202345, 7.274918, 6.964068, 6.653219, 6.091169, 5.571382, 4.98179, 4.870223, 5.003763, 5.345404, 5.974131, 6.938365, 8.154629, 9.125786, 10.200754, 11.01854, 11.759507, 12.053261, 12.053261, 11.845724, 9.504784, 8.389176, 6.683975, 5.013592, 3.40452, 4.481553, 4.590494, 5.919939, 7.695193, 9.815488, 11.602019, 13.105413, 13.779775, 14.046516, 13.726221, 13.062657, 11.847185, 10.23531, 8.62763, 7.22763, 6.244182, 5.847319, 6.339567, 7.680507, 9.544071, 11.458014, 13.53665, 11.827849, 9.486909, 6.623345, 3.49285, 0.0, 0.0, 0.0]"
23,"[0.0, 0.0, 0.0, 0.0, 1.2, 2.416553, 3.872574, 5.395729, 6.918884, 7.331335, 7.727234, 7.713433, 7.632499, 7.275534, 6.740116, 6.147468, 5.905248, 5.877241, 6.360293, 7.127169, 8.146973, 9.420836, 10.439727, 11.398166, 12.361391, 13.128917, 13.455054, 13.629629, 13.430267, 12.859202, 10.052068, 8.864519, 7.656838, 6.325552, 5.220855, 6.562496, 6.658845, 7.539196, 9.062163, 10.71647, 12.505324, 13.849391, 14.731318, 14.973852, 14.749424, 13.89928, 12.846412, 11.296586, 9.910074, 8.748824, 7.924496, 7.486545, 7.718003, 8.38801, 9.54926, 10.977679, 12.856559, 11.01265, 8.886621, 6.325371, 3.44093, 0.0, 0.0, 0.0]"
24,"[0.0, 0.0, 0.0, 0.0, 1.019804, 2.236356, 3.636356, 5.05057, 6.464784, 6.968134, 7.274736, 7.216377, 6.968354, 6.631173, 6.127823, 5.604668, 5.063027, 5.161748, 5.426356, 6.195406, 7.165178, 8.519244, 9.595273, 10.727495, 11.412504, 11.875838, 12.154877, 12.222256, 11.948392, 11.474529, 9.041424, 8.022532, 6.634017, 5.328445, 4.222872, 5.487783, 5.722812, 6.742616, 8.128539, 9.763934, 11.284701, 12.31874, 13.057621, 13.283263, 13.085822, 12.35927, 11.464843, 10.142376, 8.836383, 7.720555, 7.00307, 6.776265, 7.300142, 8.226171, 9.45093, 10.99373, 12.711924, 10.732025, 8.605996, 6.164685, 3.280244, 0.0, 0.0, 0.0]"
25,"[0.0, 0.0, 0.0, 0.0, 1.16619, 2.608411, 4.170461, 5.867517, 7.587982, 8.034243, 8.204474, 8.165579, 7.810164, 7.431339, 6.985078, 6.503997, 6.261468, 6.261468, 6.442981, 7.246563, 8.174318, 9.399686, 10.564038, 11.648564, 12.399087, 13.060255, 13.396796, 13.71923, 13.519868, 13.079925, 10.359631, 9.214153, 7.79994, 6.733261, 5.867124, 7.479576, 7.626428, 8.492566, 9.819258, 11.233471, 12.627679, 13.78377, 14.510078, 14.648879, 14.451042, 13.852701, 12.852701, 11.646042, 10.48815, 9.380716, 8.816306, 8.660215, 8.747011, 9.156895, 10.050349, 10.992118, 12.194518, 10.307722, 8.248596, 5.831987, 3.046309, 0.0, 0.0, 0.0]"
26,"[0.0, 0.0, 0.0, 0.0, 1.341641, 2.783861, 4.345911, 6.042968, 7.763433, 8.034243, 8.204474, 8.254876, 7.89946, 7.345186, 7.013359, 6.681532, 6.349706, 6.450285, 6.896547, 7.502718, 8.281219, 9.236662, 10.126823, 10.955682, 11.676567, 12.337735, 12.944201, 13.302545, 13.422484, 13.223122, 10.502828, 9.504202, 8.227691, 7.008082, 6.013977, 7.613977, 7.780043, 8.798934, 10.087883, 11.680329, 13.280329, 14.476597, 15.070042, 15.303017, 14.96469, 14.197795, 13.031159, 12.014585, 10.962098, 10.002566, 9.358315, 9.162616, 9.13254, 9.447492, 10.180003, 11.169637, 12.488006, 10.508107, 8.382078, 5.940766, 3.162278, 0.0, 0.0, 0.0]"
27,"[0.0, 0.0, 0.0, 0.0, 0.894427, 2.060618, 3.341242, 4.621867, 6.036081, 6.422278, 6.597729, 6.658745, 6.54431, 6.296287, 6.015662, 5.805392, 5.744376, 5.858811, 6.034261, 6.646713, 7.402138, 8.180639, 9.063345, 9.885035, 10.680903, 11.202425, 11.688884, 12.086803, 12.364783, 12.288845, 9.880526, 8.947393, 7.666768, 6.391648, 5.275819, 6.888271, 7.275819, 8.395194, 9.829004, 11.419585, 12.866545, 13.97138, 14.544594, 14.917808, 14.793956, 14.075484, 13.124715, 11.99541, 10.634648, 9.762443, 9.265412, 9.081118, 9.296335, 9.847214, 10.477448, 11.476074, 12.762066, 10.70294, 8.539609, 6.098298, 3.255764, 0.0, 0.0, 0.0]"
28,"[0.0, 0.0, 0.0, 0.0, 1.019804, 2.039608, 3.25616, 4.521071, 5.862712, 6.285129, 6.54595, 6.610022, 6.345111, 6.00347, 5.455677, 5.069479, 4.808658, 5.025211, 5.425211, 6.130784, 7.036356, 8.016553, 9.009072, 9.818144, 10.454212, 11.128076, 11.601939, 11.809476, 11.836472, 11.836472, 9.362609, 8.501197, 7.250778, 6.01471, 5.043553, 6.485774, 6.873322, 7.987482, 9.595163, 11.283217, 12.81421, 13.787424, 14.419117, 14.675, 14.352625, 13.615479, 12.730327, 11.527084, 10.383984, 9.450451, 9.058292, 8.857027, 9.117998, 9.677884, 10.454691, 11.474346, 12.843314, 10.873543, 8.593192, 6.119328, 3.255764, 0.0, 0.0, 0.0]"
29,"[0.0, 0.0, 0.0, 0.0, 1.019804, 2.096837, 3.438478, 5.000528, 6.697584, 7.23983, 7.605017, 7.605017, 7.209158, 6.678292, 6.282432, 5.971583, 5.796132, 5.971583, 6.261414, 6.618379, 7.384374, 8.187956, 9.187255, 10.147842, 11.13068, 11.739306, 12.377216, 12.597525, 12.589235, 12.345984, 9.839991, 8.929367, 7.648742, 6.317456, 5.054714, 6.510736, 6.711046, 7.710772, 9.107603, 10.775936, 12.148341, 13.257633, 13.777283, 13.9111, 13.642767, 13.023412, 12.016753, 10.829205, 9.870766, 8.993921, 8.227069, 7.924125, 8.311674, 8.721557, 9.615012, 10.958469, 12.307722, 10.307722, 8.248596, 5.831987, 3.046309, 0.0, 0.0, 0.0]"
30,"[0.0, 0.0, 0.0, 0.0, 1.131371, 2.411996, 3.854216, 5.466668, 7.175469, 7.941464, 8.504748, 8.674979, 8.674979, 8.57863, 7.897816, 7.318818, 7.048007, 6.877776, 6.827375, 7.307879, 8.022866, 8.807255, 9.627776, 10.474045, 11.322573, 12.033399, 12.90737, 13.529069, 13.899239, 13.953655, 11.26293, 10.232701, 8.871415, 7.373551, 5.939741, 7.353955, 7.184183, 7.870101, 9.189476, 10.823286, 12.415731, 13.675143, 14.525483, 14.837527, 14.757821, 14.092101, 12.930056, 11.483096, 9.971052, 8.70678, 7.888995, 7.553678, 7.921126, 8.684456, 9.669745, 10.754272, 12.245089, 10.26519, 8.10186, 5.660548, 3.052868, 0.0, 0.0, 0.0]"
31,"[0.0, 0.0, 0.0, 0.0, 1.264911, 2.529822, 4.142274, 5.862739, 7.559795, 7.99194, 8.289079, 8.118848, 7.679008, 7.424172, 7.007741, 6.577062, 6.415466, 6.476482, 6.557416, 6.985592, 7.751588, 8.625029, 9.624328, 10.701173, 11.592373, 12.378287, 13.108663, 13.652164, 13.894698, 13.840282, 11.157001, 10.252459, 8.930067, 7.429174, 6.100142, 7.712594, 7.820756, 8.599646, 9.978299, 11.625311, 13.039409, 14.157591, 15.022895, 15.302601, 15.239037, 14.612488, 13.606244, 12.439608, 11.283517, 10.272371, 9.592836, 9.236745, 9.360468, 9.84894, 10.566078, 11.709177, 13.096367, 10.933037, 8.600656, 6.094663, 3.231099, 0.0, 0.0, 0.0]"
32,"[0.0, 0.0, 0.0, 0.0, 1.216553, 2.630766, 4.230766, 5.843218, 7.687127, 8.179375, 8.473962, 8.486413, 8.397117, 8.076362, 7.890716, 7.446826, 7.290397, 7.379694, 7.656539, 7.933385, 8.868474, 9.812452, 10.6, 11.407681, 12.436108, 13.064535, 13.576579, 14.088623, 14.344506, 14.022072, 11.193645, 10.340727, 9.137484, 7.688133, 6.78214, 8.490941, 8.585881, 9.293689, 10.479476, 11.85269, 13.248724, 14.15407, 14.796872, 15.223421, 15.057341, 14.560187, 13.736844, 12.765493, 11.636311, 10.715973, 10.108292, 9.852123, 10.044413, 10.479427, 11.200312, 12.063876, 13.214472, 10.934121, 8.60174, 5.994059, 3.130495, 0.0, 0.0, 0.0]"
33,"[0.0, 0.0, 0.0, 0.0, 1.16619, 2.608411, 4.170461, 5.867517, 7.587982, 8.142257, 8.488891, 8.539292, 8.365391, 8.16808, 8.060067, 7.713433, 7.381606, 7.272665, 7.469976, 7.577989, 8.135769, 9.018474, 10.045572, 10.886357, 11.856616, 12.685044, 13.494927, 14.053615, 14.270854, 14.086122, 11.257695, 10.171278, 8.891743, 7.527468, 6.544629, 8.193872, 8.346683, 9.034537, 10.250913, 11.591322, 13.046915, 13.980521, 14.618511, 14.851486, 14.671204, 13.982978, 13.16383, 12.205582, 11.153095, 10.28089, 9.70819, 9.451491, 9.517495, 9.942486, 10.637402, 11.513787, 12.616421, 10.462355, 8.226287, 5.720294, 3.0, 0.0, 0.0, 0.0]"
34,"[0.0, 0.0, 0.0, 0.0, 1.019804, 2.219804, 3.634017, 5.090039, 6.613194, 7.205842, 7.448062, 7.595899, 7.420501, 7.177972, 6.731711, 6.45568, 5.970663, 5.906591, 6.025966, 6.459776, 7.104662, 8.22763, 9.220149, 10.253254, 11.321587, 12.230804, 12.816482, 13.393087, 13.465975, 13.130023, 10.409729, 9.344516, 7.900479, 6.611039, 5.495211, 7.018365, 7.267672, 8.162099, 9.545547, 11.114672, 12.503561, 13.593201, 14.18556, 14.392694, 14.214698, 13.538722, 12.518918, 11.587857, 10.569578, 9.682362, 9.426193, 9.386585, 9.652549, 10.099763, 10.795907, 11.601686, 12.763963, 10.600632, 8.364565, 5.947955, 3.162278, 0.0, 0.0, 0.0]"
35,"[0.0, 0.0, 0.0, 0.0, 1.0, 2.2, 3.614214, 5.323014, 7.111869, 7.832334, 8.352799, 8.352799, 8.058212, 7.683571, 7.243731, 6.689456, 6.441433, 6.29213, 6.29213, 6.623957, 7.467742, 8.537619, 9.705813, 10.922189, 11.97807, 12.941309, 13.568805, 13.999264, 14.088969, 13.861947, 10.888734, 9.745634, 8.405225, 7.099144, 6.072047, 7.780848, 8.214448, 9.291294, 10.662758, 12.221758, 13.617792, 14.490276, 15.115179, 15.35605, 14.990517, 14.294001, 13.30706, 12.170218, 10.932523, 10.211639, 9.783219, 9.743611, 9.98793, 10.435144, 11.231629, 12.037408, 13.199686, 10.867305, 8.631237, 5.947955, 3.162278, 0.0, 0.0, 0.0]"
36,"[0.0, 0.0, 0.0, 0.0, 0.824621, 1.844425, 3.244425, 4.658639, 6.307881, 7.19206, 7.695411, 7.907863, 7.93587, 7.728848, 7.186238, 6.829273, 6.293855, 5.871438, 5.629218, 5.877241, 6.360293, 7.322868, 8.539132, 9.5752, 10.594091, 11.55253, 12.312922, 12.883988, 13.316253, 13.224088, 10.616407, 9.525207, 7.982985, 6.314652, 4.868139, 5.99951, 5.852759, 6.587848, 7.868199, 9.382091, 10.941445, 11.940644, 12.660938, 12.821899, 12.74596, 12.055236, 11.214451, 10.191213, 9.192123, 8.382896, 8.032139, 7.924125, 8.027069, 8.594824, 9.307737, 10.132358, 11.240201, 9.440201, 7.430225, 5.194157, 2.720294, 0.0, 0.0, 0.0]"
37,"[0.0, 0.0, 0.0, 0.0, 1.019804, 2.434017, 4.034017, 5.845094, 7.689003, 8.566566, 9.122124, 9.40892, 9.210295, 8.978837, 8.693922, 8.065792, 7.443906, 7.245669, 7.233217, 7.233217, 7.901551, 8.872708, 9.8916, 10.699919, 11.695148, 12.485173, 13.455349, 14.028903, 14.484148, 14.596761, 11.796761, 10.678579, 9.127942, 7.464377, 6.008994, 7.451215, 7.06021, 7.730217, 8.938536, 10.36435, 11.922129, 13.109514, 13.867926, 14.067288, 13.882556, 13.214937, 12.493826, 11.453294, 10.54267, 9.923473, 9.379947, 8.865858, 8.833026, 9.13597, 9.458246, 10.102496, 11.083844, 9.272767, 7.272767, 5.063694, 2.630589, 0.0, 0.0, 0.0]"
38,"[0.0, 0.0, 0.0, 0.0, 1.2, 2.6, 4.212452, 6.05636, 7.953727, 8.812853, 9.133318, 9.241332, 8.959473, 8.624156, 8.00725, 7.452976, 6.997422, 6.891394, 6.941795, 7.099575, 7.933385, 8.868474, 9.82077, 10.816, 12.044427, 12.907991, 13.620035, 14.18493, 14.362927, 14.040492, 11.176928, 10.053739, 8.603679, 7.034554, 5.745114, 7.268269, 7.36621, 8.123407, 9.514535, 11.182424, 12.612234, 13.589002, 14.35496, 14.532957, 14.434193, 13.822169, 13.11267, 12.125487, 11.226606, 10.284837, 9.830693, 9.646399, 9.557044, 9.75831, 10.347506, 11.06839, 11.898619, 9.928847, 7.840786, 5.407681, 2.8, 0.0, 0.0, 0.0]"
39,"[0.0, 0.0, 0.0, 0.0, 1.280625, 2.622266, 4.41112, 6.119921, 7.96383, 8.494282, 8.952641, 8.963787, 8.854986, 8.611077, 8.4, 8.0, 7.812452, 7.861694, 7.970495, 8.267861, 9.021927, 9.750416, 10.442113, 11.263135, 12.086062, 12.84404, 13.562512, 14.248121, 14.518299, 14.405686, 11.493642, 10.643302, 9.416753, 8.229205, 7.144678, 8.865143, 8.63597, 9.098712, 10.031845, 11.199415, 12.321484, 13.226026, 13.847725, 14.08063, 13.997586, 13.487433, 12.766322, 12.00791, 11.355451, 10.74777, 10.302185, 10.197981, 10.226017, 10.254054, 10.727917, 11.274226, 12.022234, 9.868168, 7.714102, 5.240239, 2.807134, 0.0, 0.0, 0.0]"
40,"[0.0, 0.0, 0.0, 0.0, 1.019804, 2.236356, 3.636356, 5.248808, 6.86126, 7.550256, 8.042505, 8.165659, 8.165659, 8.165659, 7.798499, 7.431339, 7.364207, 7.400997, 7.400997, 7.671808, 8.340142, 8.894096, 9.453926, 10.249793, 11.070446, 11.728804, 12.439123, 12.950345, 13.142026, 13.214914, 10.546581, 9.989618, 8.881775, 7.623416, 6.333976, 7.748189, 7.234101, 7.519016, 8.265436, 9.522747, 10.541639, 11.522986, 12.256208, 12.775828, 12.710283, 12.477178, 11.846589, 11.059909, 10.064679, 9.365161, 8.873962, 8.594427, 8.594427, 8.825884, 9.117084, 9.571614, 10.45883, 8.614921, 6.771012, 4.771012, 2.607681, 0.0, 0.0, 0.0]"
41,"[0.0, 0.0, 0.0, 0.0, 1.264911, 2.720933, 4.333385, 6.133385, 8.14336, 8.722358, 9.163702, 9.260051, 9.168852, 8.867678, 8.73257, 8.291225, 8.231666, 8.135317, 8.226517, 8.517716, 9.270766, 10.021524, 10.817391, 11.625072, 12.255661, 12.875016, 13.579851, 14.083576, 14.261573, 14.409472, 11.581045, 10.639541, 9.516352, 8.379916, 7.015641, 8.628093, 8.308671, 8.607878, 9.432499, 10.686618, 11.937731, 12.922249, 13.662615, 13.995885, 13.935233, 13.671669, 13.043242, 12.450883, 11.683357, 11.163737, 10.533509, 10.392635, 10.436918, 10.523339, 10.843597, 11.435075, 12.096243, 9.815892, 7.689863, 5.281544, 2.720294, 0.0, 0.0, 0.0]"
42,"[0.0, 0.0, 0.0, 0.0, 1.216553, 2.481464, 4.004618, 5.61707, 7.337535, 7.964891, 8.543889, 8.864643, 8.814242, 8.655827, 8.373968, 7.944272, 7.514577, 7.394748, 7.445149, 7.671954, 8.227512, 8.967364, 9.679209, 10.483367, 11.111122, 11.824632, 12.555007, 13.400941, 13.675057, 13.949172, 11.265891, 10.507479, 9.351388, 8.074876, 6.725792, 7.942345, 7.416316, 7.383484, 8.178343, 9.245021, 10.628468, 11.636149, 12.455661, 12.877178, 12.901965, 12.73507, 12.166996, 11.546382, 10.72687, 9.906217, 9.122354, 8.791547, 8.570426, 8.479814, 8.711271, 9.041928, 9.613478, 7.824624, 6.104159, 4.26025, 2.280351, 0.0, 0.0, 0.0]"
43,"[0.0, 0.0, 0.0, 0.0, 1.442221, 3.00427, 4.701327, 6.421792, 8.210646, 8.665792, 9.001109, 8.953295, 8.882072, 8.74246, 8.301115, 7.859771, 7.733683, 7.526661, 7.597884, 7.985771, 8.655778, 9.258653, 10.096783, 10.937568, 11.70134, 12.353799, 13.180735, 13.763948, 14.114743, 14.175394, 11.396906, 10.680009, 9.465687, 8.076798, 6.850685, 8.412735, 8.063464, 8.473347, 9.456186, 10.792454, 12.114845, 13.228049, 14.011457, 14.347998, 14.260234, 13.921377, 13.329696, 12.487162, 11.531424, 10.810471, 10.162253, 9.597843, 9.607818, 9.721022, 9.960323, 10.496061, 11.320485, 9.31051, 7.31051, 5.101438, 2.668333, 0.0, 0.0, 0.0]"
44,"[0.0, 0.0, 0.0, 0.0, 1.341641, 2.783861, 4.480918, 6.324826, 8.211623, 8.756778, 9.103412, 9.115156, 8.980048, 8.616407, 8.252765, 7.987065, 7.720485, 7.573734, 7.747636, 8.06839, 8.671265, 9.509395, 10.355664, 11.349333, 12.196149, 12.898547, 13.618196, 14.262744, 14.524984, 14.619937, 11.79151, 10.945576, 9.601509, 8.090765, 6.585712, 8.108867, 7.79871, 8.325977, 9.35762, 10.745328, 12.195387, 13.397787, 14.208028, 14.68713, 14.797286, 14.330065, 13.519823, 12.62758, 11.762677, 10.828097, 10.332079, 10.105986, 9.991528, 9.991528, 10.301685, 10.708319, 11.476833, 9.437225, 7.349164, 5.195098, 2.778489, 0.0, 0.0, 0.0]"
45,"[0.0, 0.0, 0.0, 0.0, 1.2, 2.614214, 4.226665, 6.124032, 8.093803, 8.780599, 9.253182, 9.361196, 9.025879, 8.618157, 8.173582, 7.729006, 7.531696, 7.425668, 7.51286, 7.683091, 8.250846, 8.737666, 9.490716, 10.249793, 11.245022, 12.063474, 13.112911, 14.008674, 14.646664, 14.991948, 12.163521, 11.26744, 10.049401, 8.526246, 6.773282, 8.229304, 7.854827, 8.027157, 8.836383, 10.319665, 11.727207, 12.911566, 13.764484, 14.295668, 14.280719, 13.85026, 13.113114, 12.098437, 11.023727, 9.967846, 9.09679, 8.557779, 8.380877, 8.380877, 8.856487, 9.574788, 10.351595, 8.63113, 6.842276, 4.754214, 2.473863, 0.0, 0.0, 0.0]"
46,"[0.0, 0.0, 0.0, 0.0, 1.414214, 3.063456, 4.960822, 6.930594, 8.98972, 9.738837, 10.089595, 10.036137, 9.910275, 9.548205, 9.228783, 8.949248, 8.717791, 8.582683, 8.729535, 8.729535, 9.245138, 10.065792, 10.98758, 12.007235, 13.026891, 13.895658, 14.815164, 15.415673, 15.777012, 15.966315, 12.86148, 11.950181, 10.605878, 8.904129, 7.265476, 8.914718, 8.443178, 8.972991, 10.133118, 11.765214, 13.278249, 14.606962, 15.446117, 15.987739, 15.967979, 15.43629, 14.570911, 13.551215, 12.223678, 11.083925, 10.453336, 10.00013, 9.764062, 9.866695, 10.215967, 10.632576, 11.372971, 9.372971, 7.372971, 5.136903, 2.720294, 0.0, 0.0, 0.0]"
47,"[0.0, 0.0, 0.0, 0.0, 1.414214, 3.123014, 4.911869, 6.798665, 8.798665, 9.36435, 9.499458, 9.431069, 9.264738, 8.985203, 8.567354, 8.137659, 7.979244, 7.979244, 8.047633, 8.274437, 8.948285, 9.727175, 10.423319, 11.234465, 12.309175, 13.174078, 13.995416, 14.741084, 15.265184, 15.374834, 12.421869, 11.539942, 10.074721, 8.392841, 6.684539, 8.284539, 8.043796, 8.779844, 10.166051, 11.927689, 13.533933, 14.894325, 15.867097, 16.263573, 16.263573, 15.687919, 14.721024, 13.515147, 12.300219, 11.313277, 10.836754, 10.462775, 10.543126, 10.813501, 11.319478, 11.856137, 12.639545, 10.359194, 8.078843, 5.533259, 2.842534, 0.0, 0.0, 0.0]"
48,"[0.0, 0.0, 0.0, 0.0, 1.456022, 3.164823, 5.134594, 7.134594, 9.260623, 9.930631, 10.22183, 10.138855, 10.025651, 9.786418, 9.380854, 8.942904, 8.618157, 8.451826, 8.451826, 8.790487, 9.391768, 10.335711, 11.222927, 12.220572, 13.161446, 13.998115, 14.616222, 15.119811, 15.35947, 15.35947, 12.35947, 11.515721, 10.404451, 8.977407, 7.589859, 9.298659, 9.057916, 9.491021, 10.424554, 11.64053, 12.991141, 14.056368, 14.728098, 15.259786, 15.404573, 15.130839, 14.555826, 13.924855, 12.998645, 12.234503, 11.648826, 11.128979, 10.694723, 10.546716, 10.49171, 10.624091, 11.33441, 9.294802, 7.206741, 5.052675, 2.720294, 0.0, 0.0, 0.0]"
49,"[0.0, 0.0, 0.0, 0.0, 1.216553, 2.672574, 4.381375, 6.268171, 8.268171, 9.031518, 9.701525, 9.992724, 9.826393, 9.438845, 8.901166, 8.055762, 7.336387, 6.957563, 6.868266, 7.395817, 8.084963, 9.145279, 10.220247, 11.203085, 12.011802, 12.926472, 13.585532, 14.011457, 14.196189, 13.97895, 11.094509, 10.094509, 8.949031, 7.700526, 6.662431, 8.311674, 8.122751, 8.634767, 9.600865, 10.685391, 11.666738, 12.523994, 12.983255, 13.243269, 13.109451, 12.952725, 12.52046, 12.0612, 11.601939, 11.328076, 11.054212, 10.82812, 10.658655, 10.293492, 9.882346, 9.569142, 9.685196, 7.645589, 5.80168, 4.012825, 2.126029, 0.0, 0.0, 0.0]"
50,"[0.0, 0.0, 0.0, 0.0, 1.019804, 2.361445, 3.803665, 5.500721, 7.221187, 7.990237, 8.357397, 8.564419, 8.281576, 7.777663, 7.205362, 6.573594, 5.924352, 5.641509, 5.867177, 6.263076, 7.072839, 8.072839, 9.067497, 9.888019, 10.538309, 11.059831, 11.621081, 11.936363, 11.909689, 11.801014, 9.392695, 8.540246, 7.440575, 6.335878, 5.348003, 6.804025, 6.707676, 7.209944, 8.118181, 9.232341, 10.117259, 10.845748, 11.342779, 11.644111, 11.517826, 11.074252, 10.630679, 10.100816, 9.570953, 9.216887, 9.119521, 9.022154, 9.011077, 8.812452, 8.661694, 8.650548, 8.850548, 7.050548, 5.438097, 3.788854, 2.0, 0.0, 0.0, 0.0]"
51,"[0.0, 0.0, 0.0, 0.0, 1.0, 2.2, 3.614214, 5.070236, 6.85909, 7.579555, 8.076611, 8.224448, 8.210646, 7.702417, 6.981952, 6.133423, 5.465801, 5.043384, 4.962759, 5.362759, 6.114231, 7.219804, 8.4, 9.409072, 10.442177, 11.316041, 11.845863, 12.062472, 12.359393, 12.089618, 9.615755, 8.528153, 7.188577, 5.482584, 4.319253, 5.396286, 5.566517, 6.376281, 7.635407, 9.1414, 10.480976, 11.209464, 11.663608, 11.884833, 11.659191, 11.330643, 10.88707, 10.334984, 9.667085, 8.948784, 8.422772, 8.245871, 8.165817, 8.450732, 8.732591, 9.379613, 9.859148, 8.150348, 6.252981, 4.409072, 2.2, 0.0, 0.0, 0.0]"
52,"[0.0, 0.0, 0.0, 0.0, 0.894427, 2.060618, 3.474831, 4.889045, 6.60951, 7.327534, 7.950198, 8.244785, 8.286594, 8.022151, 7.626252, 6.91443, 6.100057, 5.492563, 4.930968, 4.791448, 5.170437, 5.925253, 7.116332, 8.309966, 9.573873, 10.534461, 11.301827, 11.768212, 12.121462, 11.906551, 9.489942, 8.487547, 7.262179, 5.645489, 4.31946, 5.213887, 5.080298, 5.361723, 6.381011, 7.744342, 9.291226, 10.342981, 11.017, 11.409159, 11.481896, 11.010356, 10.290427, 9.334984, 8.230287, 7.160409, 6.210442, 5.79799, 5.917365, 6.385994, 7.063713, 8.13197, 9.086036, 7.686036, 6.086036, 4.242127, 2.154066, 0.0, 0.0, 0.0]"
53,"[0.0, 0.0, 0.0, 0.0, 0.894427, 1.894427, 3.308641, 4.870691, 6.591156, 7.485583, 8.38295, 8.617978, 8.705171, 8.440727, 8.066087, 7.188524, 6.433709, 5.505577, 5.069359, 5.069359, 5.649555, 6.755128, 8.24309, 9.830967, 11.047342, 12.27577, 13.380605, 14.144746, 14.220347, 14.031069, 11.202641, 9.818271, 7.922091, 6.038809, 4.229954, 5.229954, 4.851129, 5.833222, 7.365603, 9.453442, 11.295976, 12.927549, 13.841636, 14.337683, 14.162973, 13.446468, 12.317163, 10.956401, 9.469615, 8.12403, 7.398001, 7.010114, 7.367434, 8.08492, 9.326231, 10.646525, 12.190503, 10.220731, 8.161605, 5.720294, 3.0, 0.0, 0.0, 0.0]"
54,"[0.0, 0.0, 0.0, 0.0, 1.2, 2.614214, 4.070236, 5.779036, 7.665833, 8.352629, 8.782324, 9.023358, 9.011614, 8.539031, 8.066449, 7.38873, 6.768707, 6.288203, 6.273989, 6.459776, 7.093585, 8.016553, 9.0, 10.0, 11.0, 12.0, 13.006659, 13.635086, 13.903419, 13.833241, 11.033241, 9.923949, 8.509735, 6.841402, 5.136201, 6.267572, 5.812426, 6.457339, 7.789719, 9.572779, 11.283942, 12.814936, 13.867079, 14.507912, 14.742765, 14.30855, 13.461366, 12.194005, 10.663012, 9.085389, 8.07707, 7.55104, 7.55104, 8.196881, 9.27291, 10.378903, 11.557392, 9.713483, 7.625422, 5.284482, 2.778489, 0.0, 0.0, 0.0]"
55,"[0.0, 0.0, 0.0, 0.0, 1.2, 2.6, 4.2, 6.011077, 7.854986, 8.498895, 8.996261, 9.185116, 8.897193, 8.576439, 8.255685, 7.623229, 7.050927, 6.927773, 6.804618, 6.881464, 7.42763, 8.250685, 9.086753, 10.119858, 11.150447, 12.146504, 13.106896, 13.870828, 14.237723, 14.214815, 11.407681, 10.417656, 9.017656, 7.417656, 5.887008, 7.018379, 6.620855, 7.079981, 8.212362, 9.74301, 11.331933, 12.692696, 13.606783, 14.385672, 14.620526, 14.461481, 13.614297, 12.620982, 11.071762, 9.752382, 8.605346, 8.079317, 7.899418, 8.347343, 9.10454, 10.031266, 11.15156, 9.35156, 7.341585, 5.061234, 2.720294, 0.0, 0.0, 0.0]"
56,"[0.0, 0.0, 0.0, 0.0, 1.264911, 2.529822, 4.052977, 5.773442, 7.617351, 8.332339, 8.911336, 9.108647, 9.108647, 8.985203, 8.447525, 8.165666, 7.859414, 7.58117, 7.473156, 7.81979, 8.046594, 8.529747, 9.241593, 9.970081, 10.597836, 11.492263, 12.373385, 12.939614, 13.159923, 13.151633, 10.468352, 9.815892, 8.792654, 7.512029, 6.368621, 7.768621, 7.242592, 7.356613, 8.115596, 9.28379, 10.491471, 11.691471, 12.680394, 13.440786, 13.607681, 13.4, 12.8, 11.8, 10.6, 9.612452, 8.735606, 8.148058, 8.068523, 8.312432, 8.826009, 9.302855, 9.970754, 8.250289, 6.40638, 4.280351, 2.280351, 0.0, 0.0, 0.0]"
57,"[0.0, 0.0, 0.0, 0.0, 1.0, 2.2, 3.6, 5.212452, 6.861694, 7.384848, 7.7973, 8.009752, 7.738941, 7.431339, 7.074375, 6.538956, 6.143057, 6.017969, 6.076328, 6.510138, 7.233105, 8.016553, 8.8, 9.6, 10.2, 10.8, 11.407681, 12.03827, 12.312134, 12.453074, 10.053074, 9.342759, 8.168192, 6.894329, 5.553389, 6.630422, 6.175275, 6.563162, 7.489192, 9.050441, 10.693702, 11.859163, 12.622935, 13.180187, 13.035547, 12.656193, 12.202578, 11.383751, 10.312921, 9.458362, 8.559642, 7.928731, 7.789119, 8.020576, 8.667598, 9.43445, 10.518977, 8.869734, 7.025825, 4.816753, 2.607681, 0.0, 0.0, 0.0]"
58,"[0.0, 0.0, 0.0, 0.0, 1.019804, 2.284715, 3.80787, 5.420321, 7.26423, 8.088335, 8.543889, 8.633186, 8.633186, 8.231498, 7.729229, 7.289389, 6.957563, 6.625736, 6.625736, 6.896547, 7.404776, 7.913006, 8.691507, 9.308412, 10.028342, 10.680798, 11.453194, 11.802387, 12.151579, 12.227518, 9.786206, 9.224957, 8.537103, 7.409409, 6.16728, 7.383833, 6.983833, 6.863368, 7.582743, 8.616553, 9.8, 10.807681, 11.815362, 12.248467, 12.481572, 12.31764, 11.749567, 10.952963, 10.119858, 9.286753, 8.650685, 8.223529, 8.061694, 8.170495, 8.359349, 8.759349, 9.272927, 7.623684, 5.914884, 4.126029, 2.126029, 0.0, 0.0, 0.0]"
59,"[0.0, 0.0, 0.0, 0.0, 1.216553, 2.616553, 4.216553, 5.816553, 7.465795, 7.958043, 8.346897, 8.359349, 8.3718, 8.164779, 7.797619, 7.273675, 6.877776, 6.679538, 6.837318, 7.095677, 7.630766, 8.414214, 9.2, 10.0, 10.808319, 11.638908, 12.307241, 12.827535, 13.110817, 13.208491, 10.577901, 9.796365, 8.599225, 7.371966, 6.265973, 7.665973, 7.428419, 7.802631, 8.43467, 9.508534, 10.582397, 11.563744, 12.296967, 12.816586, 12.950404, 12.884859, 12.463342, 11.872361, 11.304288, 10.540516, 10.029563, 9.609345, 9.358592, 9.039449, 9.175439, 9.278073, 9.652549, 7.863695, 6.14323, 4.163331, 2.163331, 0.0, 0.0, 0.0]"
60,"[0.0, 0.0, 0.0, 0.0, 0.824621, 1.844425, 3.044425, 4.444425, 6.056877, 6.75541, 7.077247, 7.157872, 7.038497, 6.426045, 5.90289, 5.455677, 4.999673, 4.719048, 4.919048, 5.319048, 6.024621, 6.8, 7.6, 8.4, 9.009975, 9.646043, 10.326394, 10.867334, 10.837105, 10.615985, 8.379917, 7.712017, 6.537268, 5.5873, 4.798446, 6.014998, 5.858569, 6.341621, 7.030617, 8.118679, 8.941734, 9.52532, 10.08515, 10.386324, 10.308238, 10.079707, 9.689342, 9.129512, 8.828337, 8.527163, 8.50494, 8.46815, 8.431359, 8.164779, 7.870192, 7.523558, 7.699961, 6.087509, 4.645288, 3.231075, 1.788854, 0.0, 0.0, 0.0]"
61,"[0.0, 0.0, 0.0, 0.0, 0.824621, 1.844425, 3.244425, 4.844425, 6.444425, 7.232255, 7.861694, 7.984848, 7.908003, 7.649644, 7.302103, 6.672665, 6.14951, 5.826356, 5.684715, 5.834017, 6.426665, 7.270574, 7.881651, 8.890723, 9.87651, 10.664058, 11.420149, 12.216753, 12.440786, 12.128847, 9.728847, 8.77809, 7.584622, 6.351517, 5.480008, 6.821649, 6.784858, 7.257441, 7.944237, 8.786811, 9.681238, 10.304854, 10.572124, 10.655099, 10.384828, 9.937614, 9.490401, 9.0568, 8.649078, 8.55728, 8.465482, 8.238677, 8.238677, 8.289079, 8.204474, 8.216219, 8.26662, 6.546155, 4.933704, 3.321252, 1.612452, 0.0, 0.0, 0.0]"
62,"[0.0, 0.0, 0.0, 0.0, 0.894427, 1.97146, 3.385674, 4.998125, 6.598125, 7.303698, 7.839117, 8.074145, 7.917716, 7.582627, 7.199179, 6.786728, 6.137486, 5.881464, 5.833105, 6.265795, 6.678246, 7.575613, 8.415221, 9.434736, 9.994566, 10.790433, 11.493067, 12.053459, 12.22571, 12.056246, 9.647927, 8.660378, 7.460378, 6.252059, 5.429004, 6.770645, 6.878658, 7.322567, 8.122567, 9.069345, 10.060085, 10.575688, 10.967847, 11.026974, 10.750439, 10.304854, 9.857641, 9.465482, 9.250265, 9.060525, 8.870785, 8.802395, 8.845283, 8.790228, 8.801973, 8.754159, 8.646145, 6.759349, 4.970495, 3.261694, 1.612452, 0.0, 0.0, 0.0]"
63,"[0.0, 0.0, 0.0, 0.0, 0.824621, 1.719048, 2.719048, 3.850419, 5.131044, 5.748643, 6.195857, 6.460768, 6.54595, 6.285129, 5.862712, 5.345693, 4.975209, 4.607184, 4.58738, 4.567576, 4.909146, 5.62717, 6.567496, 7.454293, 8.454293, 9.414131, 10.064421, 10.401596, 10.573926, 10.36278, 8.236751, 7.31565, 6.189621, 4.979023, 4.084596, 5.1044, 5.162759, 5.762759, 6.725308, 7.840856, 8.86066, 9.548721, 10.036783, 10.123072, 9.821898, 9.431532, 8.955922, 8.467861, 7.970495, 7.661694, 7.624903, 7.661694, 7.710936, 8.019737, 8.328538, 8.328538, 8.39976, 6.750518, 5.041717, 3.332917, 1.720465, 0.0, 0.0, 0.0]"
64,"[0.0, 0.0, 0.0, 0.0, 0.8, 1.8, 3.0, 4.414214, 6.063456, 6.78661, 7.399062, 7.641282, 7.669289, 7.434261, 7.191731, 6.74547, 6.380282, 6.015095, 5.620685, 5.74006, 5.97387, 6.696837, 7.619804, 8.8, 9.8, 10.808319, 11.638908, 12.307241, 12.707241, 12.72385, 10.315531, 9.571738, 8.245046, 6.66485, 5.248241, 6.268045, 5.722889, 6.170103, 7.120071, 8.356139, 9.752944, 10.752243, 11.24374, 11.554319, 11.554319, 11.177317, 10.48562, 9.91407, 9.156873, 8.363026, 7.737632, 7.650439, 7.55409, 7.81979, 8.274936, 8.704631, 9.182189, 7.569738, 5.780883, 3.883517, 2.039608, 0.0, 0.0, 0.0]"
65,"[0.0, 0.0, 0.0, 0.0, 0.824621, 2.041174, 3.306085, 4.829239, 6.549704, 7.445548, 8.072905, 8.50505, 8.70236, 8.543945, 8.38553, 7.822246, 7.256561, 6.81672, 6.420861, 6.123722, 6.257311, 6.738391, 7.268844, 8.112628, 9.280822, 10.534942, 11.834534, 12.887021, 13.655535, 13.663741, 10.995408, 10.083364, 8.66202, 6.960565, 5.519253, 6.735806, 6.191828, 6.538462, 7.4312, 8.667268, 9.980538, 11.24481, 11.929819, 12.393153, 12.393153, 11.902938, 11.026553, 10.26149, 9.35154, 8.557693, 8.215141, 7.933282, 7.836933, 8.102633, 8.369213, 8.380957, 8.858515, 7.246064, 5.457209, 3.748409, 2.039608, 0.0, 0.0, 0.0]"
66,"[0.0, 0.0, 0.0, 0.0, 0.72111, 1.887301, 3.228941, 4.752096, 6.401338, 7.32947, 7.775731, 8.034091, 8.110936, 8.061694, 8.012452, 8.0, 7.8, 7.416553, 7.081464, 6.823104, 6.785154, 7.082211, 7.845557, 8.843388, 9.764489, 10.763688, 11.786926, 12.585516, 13.108452, 13.375532, 10.814283, 9.937897, 8.808651, 7.100006, 5.570184, 6.647217, 6.41576, 6.378969, 7.311911, 8.520983, 9.917814, 10.835184, 11.752555, 12.159189, 12.104183, 11.784385, 11.15193, 10.27135, 9.454741, 8.900675, 8.346609, 8.061694, 8.121252, 8.230053, 8.418907, 8.705704, 9.093252, 7.384451, 5.675651, 3.886796, 2.0, 0.0, 0.0, 0.0]"
67,"[0.0, 0.0, 0.0, 0.0, 0.894427, 1.97146, 3.048493, 4.504515, 6.116967, 6.822539, 7.345506, 7.868474, 8.012452, 8.0, 7.8, 7.6, 7.4, 7.0, 6.6, 6.416553, 6.472574, 6.595729, 7.184583, 7.954355, 8.891868, 9.776786, 10.921965, 11.7637, 12.393928, 12.839862, 10.498922, 9.840564, 8.809975, 7.409975, 5.829779, 6.995969, 6.400208, 6.214421, 6.734886, 7.841112, 8.937663, 9.786191, 10.498007, 10.940872, 10.814843, 10.552102, 10.009825, 9.580852, 8.831735, 8.393785, 7.955835, 7.847821, 7.67392, 7.715728, 7.567892, 7.405842, 7.39339, 5.870236, 4.414214, 3.0, 1.6, 0.0, 0.0, 0.0]"
68,"[0.0, 0.0, 0.0, 0.0, 1.077033, 2.243223, 3.685444, 5.247494, 6.809544, 7.294561, 7.848835, 8.019066, 8.069468, 7.849059, 7.62865, 7.249825, 6.917999, 6.586172, 6.658745, 6.731318, 6.951727, 7.391567, 7.954851, 8.666667, 9.378482, 10.362017, 11.202801, 11.920142, 12.300106, 12.410145, 9.86456, 9.273082, 8.234987, 7.009619, 6.187765, 7.629985, 7.183368, 7.55758, 8.246727, 8.986579, 9.780427, 10.49334, 10.832041, 10.921396, 10.826456, 10.56016, 10.221458, 9.882757, 9.66754, 9.648021, 9.717858, 9.860099, 10.00234, 10.00234, 9.575184, 8.935576, 8.295968, 6.25636, 4.412452, 2.8, 1.4, 0.0, 0.0, 0.0]"
69,"[0.0, 0.0, 0.0, 0.0, 0.894427, 2.060618, 3.341242, 4.903292, 6.465342, 7.013136, 7.3701, 7.354386, 7.057247, 6.760108, 6.582799, 6.136677, 6.037957, 5.904416, 5.92013, 6.09744, 6.582457, 7.136731, 7.849269, 8.568644, 9.126424, 9.690403, 10.23268, 10.669122, 10.832452, 10.995783, 8.869754, 8.049233, 7.211103, 6.179143, 5.092845, 6.309397, 6.28139, 6.650247, 7.329953, 8.292528, 9.164037, 9.837884, 9.924174, 9.762339, 9.371974, 8.698126, 8.010065, 7.712698, 7.675907, 7.837742, 8.267437, 8.877413, 9.08849, 9.276038, 9.064961, 8.437605, 7.692541, 5.881464, 4.081464, 2.481464, 1.264911, 0.0, 0.0, 0.0]"
70,"[0.0, 0.0, 0.0, 0.0, 1.2, 2.6, 4.249242, 5.958043, 7.746897, 8.433694, 8.877602, 8.925417, 8.913672, 8.539031, 7.93286, 7.369576, 7.01416, 6.582015, 6.582015, 6.913842, 7.444294, 8.112628, 8.887325, 9.709179, 10.377079, 11.095824, 11.685849, 12.06285, 12.159163, 12.042143, 9.512321, 8.701175, 7.807721, 6.691892, 5.928562, 7.541013, 7.401401, 7.722155, 8.54521, 9.381278, 10.201932, 10.761762, 11.126925, 11.097293, 10.473676, 9.653023, 9.093193, 8.496572, 8.207062, 8.438519, 8.805967, 9.282754, 9.796331, 10.055765, 10.191755, 10.055765, 9.650201, 7.524172, 5.544273, 3.564374, 1.720465, 0.0, 0.0, 0.0]"
71,"[0.0, 0.0, 0.0, 0.0, 0.6, 1.494427, 2.494427, 3.625798, 4.906423, 5.472613, 5.919827, 5.99686, 5.942522, 5.681701, 5.409938, 4.789407, 4.433485, 4.20498, 3.906286, 4.011859, 4.632389, 5.434434, 6.10906, 7.000402, 7.720867, 8.223135, 8.543889, 9.000633, 9.232091, 9.232091, 7.388182, 6.710463, 5.730564, 4.735184, 3.647174, 4.647174, 4.680984, 5.080984, 5.832456, 7.0, 7.8, 8.411077, 8.623529, 8.63598, 8.250194, 7.850194, 7.239117, 6.826665, 6.430766, 6.358193, 6.299834, 6.622989, 6.946143, 7.252745, 7.523556, 7.624136, 7.515195, 5.99204, 4.468886, 2.856434, 1.414214, 0.0, 0.0, 0.0]"
72,"[0.0, 0.0, 0.0, 0.0, 0.8, 2.0, 3.414214, 4.870236, 6.39339, 7.205842, 7.567892, 7.715728, 7.67392, 7.43139, 6.950309, 6.388259, 5.720636, 5.383456, 5.122635, 5.391264, 5.791264, 6.496837, 7.219804, 8.2, 9.0, 9.809072, 10.44514, 10.925491, 11.266431, 11.302499, 9.093427, 8.46981, 7.5311, 6.209964, 4.773896, 5.7937, 5.258282, 5.258282, 5.850929, 7.110055, 8.060023, 9.137056, 9.883476, 10.359086, 10.143869, 9.82334, 9.125296, 8.378875, 7.457004, 6.744466, 6.261414, 6.147033, 6.328547, 6.685511, 7.203383, 7.686435, 7.957245, 6.434091, 4.910936, 3.261694, 1.612452, 0.0, 0.0, 0.0]"
73,"[0.0, 0.0, 0.0, 0.0, 1.2, 2.6, 4.2, 5.812452, 7.461694, 7.970495, 8.359349, 8.3718, 8.201569, 7.994548, 7.727967, 7.280754, 6.933213, 6.755904, 6.727897, 6.898128, 7.156487, 7.491576, 8.026665, 8.612452, 9.2, 9.809072, 10.642177, 11.316041, 11.845863, 12.062472, 9.8534, 9.307091, 8.445679, 7.180768, 5.964159, 7.164159, 6.542274, 6.452977, 6.97692, 7.746692, 8.700758, 9.776786, 10.533983, 11.025479, 11.095315, 10.980857, 10.483826, 9.852718, 9.281168, 8.854011, 8.256624, 7.974765, 7.887573, 7.899237, 8.07564, 8.422274, 8.649078, 7.087028, 5.366563, 3.577709, 1.788854, 0.0, 0.0, 0.0]"
74,"[0.0, 0.0, 0.0, 0.0, 1.019804, 2.219804, 3.619804, 5.219804, 6.832255, 7.461694, 7.910936, 8.034091, 7.957245, 7.686435, 7.378833, 6.994502, 6.736258, 6.669126, 6.741698, 7.012509, 7.36005, 7.906216, 8.250194, 8.63598, 9.023529, 9.411077, 9.836068, 10.316419, 10.857359, 11.093427, 9.093427, 8.744155, 8.076256, 7.076957, 6.1058, 7.1058, 6.419003, 6.023104, 6.137486, 6.716483, 7.804545, 8.644152, 9.467208, 10.021161, 10.187227, 10.109141, 10.069533, 9.841002, 9.443479, 9.082746, 8.528793, 7.984815, 7.615958, 7.445727, 7.210699, 7.16889, 7.274918, 5.832698, 4.390477, 2.976263, 1.56205, 0.0, 0.0, 0.0]"
75,"[0.0, 0.0, 0.0, 0.0, 1.131371, 2.411996, 3.854216, 5.466668, 7.175469, 7.69334, 8.025167, 8.195398, 8.195398, 8.086597, 7.837355, 7.639117, 7.440879, 7.242641, 7.098663, 7.347905, 7.582934, 7.877521, 8.172108, 8.50494, 8.82547, 9.330293, 9.901843, 10.473394, 11.117644, 11.547873, 9.393807, 9.113456, 8.433105, 7.6, 6.6, 7.816553, 6.982743, 6.663368, 6.343993, 6.506043, 7.133399, 7.811117, 8.530493, 9.249868, 9.687818, 9.843909, 9.886796, 9.886796, 9.607261, 9.327726, 8.889776, 8.56503, 7.979244, 7.539403, 7.099563, 6.802424, 6.654588, 5.240374, 3.959749, 2.679125, 1.414214, 0.0, 0.0, 0.0]"
76,"[0.0, 0.0, 0.0, 0.0, 1.0, 2.16619, 3.689345, 5.145367, 6.757819, 7.357819, 7.791628, 7.868474, 8.012452, 7.8, 7.6, 7.4, 7.2, 7.0, 7.0, 7.2, 7.4, 7.612452, 7.824903, 8.23598, 8.447057, 8.847057, 9.434606, 10.222154, 10.611077, 11.009072, 9.009072, 8.652981, 7.865433, 7.265433, 6.45636, 7.65636, 7.029004, 6.681464, 6.604618, 6.727773, 7.316627, 7.888929, 8.412872, 8.678572, 8.944272, 8.944272, 8.944272, 8.944272, 8.944272, 8.944272, 8.944272, 8.944272, 8.767869, 8.145205, 7.487722, 6.830238, 6.207574, 4.595122, 3.428932, 2.297561, 1.16619, 0.0, 0.0, 0.0]"
77,"[0.0, 0.0, 0.0, 0.0, 0.824621, 1.901654, 3.067844, 4.348469, 5.762683, 6.380282, 6.915701, 7.272665, 7.333681, 7.261108, 7.083799, 6.54838, 6.191416, 5.981146, 5.770876, 5.78659, 6.12377, 6.51963, 6.950309, 7.515995, 8.079279, 8.791094, 9.355073, 9.793023, 10.155093, 10.280956, 8.154927, 7.817752, 7.340907, 6.623421, 5.785021, 6.916391, 6.258908, 6.016378, 6.016378, 6.226648, 6.618432, 7.010216, 7.252745, 7.434259, 7.801419, 7.987065, 8.113153, 8.239241, 8.365328, 8.30577, 8.30577, 8.179682, 7.986462, 7.414253, 6.56501, 5.65621, 5.027482, 3.57146, 2.494427, 1.694427, 0.894427, 0.0, 0.0, 0.0]"
78,"[0.0, 0.0, 0.0, 0.0, 1.0, 2.2, 3.6, 5.212452, 6.861694, 7.384848, 7.7973, 7.83952, 7.641282, 7.272665, 7.030135, 6.583874, 6.218687, 5.881506, 5.817434, 5.753361, 6.199622, 6.933667, 7.667711, 8.461133, 9.284189, 9.759798, 10.102787, 10.445776, 10.671869, 10.691387, 8.603326, 8.169725, 7.45788, 6.388002, 5.34868, 6.54868, 6.028215, 5.985994, 6.419804, 7.211077, 7.822154, 8.433231, 8.844308, 9.055385, 9.088217, 8.926382, 8.959214, 8.856938, 8.754662, 8.808119, 8.808119, 8.613453, 8.360674, 7.993514, 7.262338, 6.744466, 6.261414, 4.805392, 3.463752, 2.297561, 1.16619, 0.0, 0.0, 0.0]"
79,"[0.0, 0.0, 0.0, 0.0, 0.8, 1.819804, 3.084715, 4.526935, 6.088985, 6.703199, 7.245445, 7.422754, 7.322175, 7.101766, 6.764585, 6.279568, 5.731775, 5.238662, 4.791448, 4.791448, 4.930968, 5.253093, 5.860587, 6.810069, 7.630402, 8.567916, 9.587431, 10.29474, 10.450831, 10.533364, 8.379298, 7.70528, 6.67332, 5.67332, 4.518042, 5.518042, 4.955992, 5.041174, 5.257726, 5.889127, 6.538369, 7.150821, 7.745345, 8.141244, 8.297674, 8.260883, 8.104454, 7.749399, 7.401858, 7.131047, 6.860237, 6.745855, 6.570458, 6.436918, 6.095277, 5.830669, 5.705581, 4.424956, 3.293585, 2.293585, 1.216553, 0.0, 0.0, 0.0]"
80,"[0.0, 0.0, 0.0, 0.0, 0.894427, 2.060618, 3.474831, 5.036881, 6.649333, 7.463706, 8.006317, 8.241345, 8.291747, 8.093509, 7.798922, 7.306673, 6.677235, 5.959211, 5.544997, 5.411408, 5.361046, 5.864397, 6.678771, 7.467625, 8.246126, 9.412317, 10.450412, 11.14993, 11.769394, 11.990619, 9.658238, 8.983785, 8.017687, 6.609368, 5.223444, 6.223444, 5.536648, 5.494427, 6.106879, 7.023529, 8.033504, 8.833504, 9.633504, 10.221052, 10.409975, 10.4, 10.2, 9.8, 9.212452, 8.824903, 8.280925, 7.936947, 7.478588, 7.146761, 6.814934, 6.700553, 6.700553, 5.358912, 4.078288, 2.797663, 1.456022, 0.0, 0.0, 0.0]"
81,"[0.0, 0.0, 0.0, 0.0, 1.0, 2.2, 3.416553, 4.872574, 6.395729, 7.008181, 7.528646, 7.874143, 7.980171, 7.87123, 7.672992, 7.083898, 6.521848, 5.854225, 5.459816, 5.045602, 5.114231, 5.514231, 6.232255, 7.023529, 8.033504, 9.233504, 10.433504, 11.421052, 12.240564, 12.704453, 10.304453, 9.413253, 8.269275, 6.855239, 5.181375, 6.005996, 5.297196, 5.121798, 5.625711, 6.825711, 8.00109, 9.263832, 10.245948, 10.788225, 11.050967, 11.176996, 11.040283, 10.474598, 9.908913, 9.208221, 8.524412, 7.663294, 7.18279, 6.685734, 6.323684, 6.295677, 6.739567, 5.523014, 4.323014, 3.123014, 1.708801, 0.0, 0.0, 0.0]"
82,"[0.0, 0.0, 0.0, 0.0, 0.824621, 1.901654, 3.243295, 4.685515, 6.247565, 7.12, 7.740024, 7.960433, 8.080262, 7.960433, 7.705597, 7.450761, 7.169336, 6.738657, 6.296437, 5.931249, 5.705581, 5.624956, 6.093585, 6.893585, 7.816553, 9.008319, 10.241424, 11.115287, 11.915287, 12.42128, 10.012961, 9.579856, 8.668043, 7.234233, 5.552861, 6.352861, 5.177483, 4.781623, 5.177483, 6.049918, 7.093827, 8.269205, 9.103015, 9.704296, 10.17057, 10.213458, 10.100254, 9.820719, 9.099609, 8.378499, 7.772327, 7.016902, 6.296437, 5.748643, 5.306423, 5.025798, 5.11098, 4.11098, 3.216553, 2.216553, 1.216553, 0.0, 0.0, 0.0]"
83,"[0.0, 0.0, 0.0, 0.0, 1.0, 2.280625, 3.722845, 5.064486, 6.587641, 7.236883, 7.56871, 7.726489, 7.984848, 7.861694, 7.612452, 7.2, 6.8, 6.219804, 5.985994, 5.717365, 5.683556, 5.925776, 6.518424, 7.23903, 8.270989, 9.43718, 10.715253, 11.793527, 12.46798, 12.74596, 10.41358, 9.580082, 8.331578, 6.936518, 5.343735, 6.168356, 5.28156, 5.03934, 5.287363, 6.282744, 7.49773, 8.733798, 9.769866, 10.591721, 10.956884, 11.126348, 10.900255, 10.674163, 10.249172, 9.689342, 8.936292, 8.191227, 7.446163, 6.635086, 5.985844, 5.549626, 5.484715, 4.219804, 3.219804, 2.219804, 1.2, 0.0, 0.0, 0.0]"
84,"[0.0, 0.0, 0.0, 0.0, 1.019804, 2.236356, 3.636356, 5.236356, 7.036356, 7.82763, 8.454986, 8.763787, 8.686941, 8.228582, 7.759146, 6.99227, 6.303273, 5.780118, 5.438478, 5.116641, 5.304519, 5.80787, 6.777641, 7.931707, 9.065969, 10.141998, 11.092707, 11.753524, 12.20714, 12.453074, 10.112134, 9.63827, 8.607681, 7.2, 5.819804, 6.985994, 6.266619, 6.10884, 6.521291, 7.290342, 8.183277, 8.961778, 9.755626, 10.379242, 10.649514, 10.649514, 10.649514, 10.472572, 10.025358, 9.675033, 9.139062, 8.535958, 7.693384, 6.90453, 6.195729, 5.692378, 5.402547, 4.185994, 3.185994, 2.185994, 1.16619, 0.0, 0.0, 0.0]"
85,"[0.0, 0.0, 0.0, 0.0, 1.019804, 2.219804, 3.619804, 5.219804, 6.832255, 7.65636, 8.165161, 8.377613, 8.390064, 8.219833, 7.656549, 7.113939, 6.57852, 5.966069, 5.523848, 5.263027, 5.361748, 5.80787, 6.777641, 7.931707, 9.065969, 10.141998, 11.092707, 11.753524, 12.199459, 12.445393, 10.104453, 9.630589, 8.4, 7.0, 5.677033, 6.677033, 5.843223, 5.784864, 6.108019, 6.739787, 7.637153, 8.440734, 9.253159, 9.884071, 10.329336, 10.401741, 10.329336, 9.884071, 9.379247, 8.874423, 8.318865, 7.638051, 7.129251, 6.480008, 5.830766, 5.31098, 5.225798, 4.025798, 3.025798, 2.025798, 1.131371, 0.0, 0.0, 0.0]"
86,"[0.0, 0.0, 0.0, 0.0, 0.72111, 1.72111, 2.887301, 4.410455, 6.059698, 6.98783, 7.798907, 8.432716, 8.509562, 8.460319, 8.211077, 7.6, 6.8, 6.0, 5.12111, 4.442221, 4.066842, 4.086646, 4.700859, 5.823658, 7.190609, 8.520054, 9.736318, 10.558172, 11.046644, 10.958583, 8.804517, 7.982662, 7.160808, 5.828427, 4.460883, 5.060883, 4.279125, 3.864911, 3.996282, 4.77804, 5.592254, 6.374012, 6.788225, 7.218904, 7.218904, 7.218904, 7.218904, 7.218904, 6.937479, 6.80389, 6.555867, 6.036081, 5.446488, 4.765864, 4.085239, 3.484734, 3.484734, 2.660113, 2.060113, 1.460113, 0.894427, 0.0, 0.0, 0.0]"
87,"[0.0, 0.0, 0.0, 0.0, 1.0, 2.280625, 3.694838, 5.256888, 6.977353, 7.86415, 8.470321, 8.844962, 9.071766, 9.060102, 8.629328, 8.007443, 7.295621, 6.401194, 5.540921, 4.90952, 4.644609, 4.767576, 5.473149, 6.634596, 7.81995, 9.21995, 10.61995, 11.61995, 12.240564, 12.704453, 10.304453, 9.601819, 8.457841, 6.847056, 5.173192, 5.805648, 4.629392, 4.193174, 4.193174, 4.609726, 5.626513, 6.554645, 7.37875, 8.202855, 8.830211, 9.024878, 9.219544, 8.988087, 8.558392, 8.114483, 7.470574, 6.626665, 6.014214, 5.2, 4.247214, 3.447214, 3.247214, 2.247214, 1.647214, 1.2, 0.8, 0.0, 0.0, 0.0]"
88,"[0.0, 0.0, 0.0, 0.0, 0.824621, 1.844425, 3.258639, 4.858639, 6.658639, 7.834017, 8.814214, 9.2, 9.411077, 9.223529, 8.872771, 8.286984, 7.686984, 6.875907, 6.063456, 5.308641, 4.742955, 4.709146, 5.050786, 6.039641, 7.20434, 8.59188, 9.75807, 10.977679, 11.734409, 12.083602, 9.847534, 9.235618, 8.116589, 6.571004, 4.883796, 5.483796, 4.363331, 3.815537, 3.981728, 4.674831, 5.489045, 6.451095, 7.118717, 7.672992, 7.820828, 7.968665, 7.968665, 7.820828, 7.514577, 7.366741, 7.085315, 6.523266, 6.109052, 5.327294, 4.31308, 3.479669, 3.112125, 2.112125, 1.479669, 1.079669, 0.632456, 0.0, 0.0, 0.0]"
89,"[0.0, 0.0, 0.0, 0.0, 0.72111, 1.887301, 3.228941, 4.752096, 6.460897, 7.583695, 8.261414, 8.73085, 8.820147, 8.711346, 8.267437, 7.623529, 7.012452, 6.419804, 5.540914, 4.862024, 4.681828, 4.698381, 5.09279, 6.182757, 7.501255, 8.717519, 10.030789, 11.216575, 11.737879, 11.861602, 9.625534, 8.792768, 7.473393, 6.141012, 4.610137, 5.210137, 4.234191, 3.802094, 4.082719, 4.892484, 5.854534, 6.695473, 7.408995, 7.825427, 7.945256, 7.945256, 7.825427, 7.875828, 7.520413, 7.300004, 7.079594, 6.902285, 6.366866, 5.849847, 5.108206, 4.166565, 3.53411, 2.457077, 1.632456, 1.032456, 0.632456, 0.0, 0.0, 0.0]"
90,"[0.0, 0.0, 0.0, 0.0, 0.894427, 2.159338, 3.61536, 5.264602, 6.877054, 7.782627, 8.317716, 8.661694, 8.612452, 8.6, 8.4, 8.0, 7.2, 6.4, 5.432456, 4.680984, 4.175411, 4.440322, 5.349123, 6.425468, 7.546711, 8.888352, 9.955822, 10.688332, 11.38785, 11.68082, 9.444752, 8.674422, 7.513735, 5.953945, 4.291203, 4.891203, 4.153774, 3.873149, 4.305246, 5.267296, 6.229346, 7.12519, 7.845655, 8.285495, 8.285495, 8.285495, 8.12708, 7.848835, 7.470011, 7.249602, 7.029193, 6.808784, 6.443596, 5.926576, 5.384936, 4.443295, 3.66734, 2.590307, 1.765685, 0.965685, 0.565685, 0.0, 0.0, 0.0]"
91,"[0.0, 0.0, 0.0, 0.0, 1.0, 2.216553, 3.865795, 5.574596, 7.36345, 8.36345, 9.146897, 9.341564, 9.32982, 9.238021, 8.800071, 8.080696, 7.236787, 6.434158, 5.537102, 4.975052, 4.91098, 5.25262, 6.147048, 7.501114, 8.917723, 10.04211, 11.230292, 12.10977, 12.364023, 12.147414, 9.806474, 9.076652, 7.808319, 6.4, 4.832456, 5.464911, 4.464911, 4.264911, 4.664911, 5.632456, 6.8, 7.8, 8.4, 8.8, 9.0, 8.8, 8.4, 8.014214, 7.430766, 6.895677, 6.560588, 6.237621, 5.717835, 5.222393, 4.523167, 3.658256, 3.181223, 2.286796, 1.565685, 1.0, 0.6, 0.0, 0.0, 0.0]"
92,"[0.0, 0.0, 0.0, 0.0, 0.824621, 1.844425, 3.060978, 4.475191, 6.075191, 6.85057, 7.430766, 7.814214, 7.8, 7.614214, 7.230766, 6.830766, 6.230766, 5.630766, 4.849008, 4.480984, 4.280984, 4.622624, 5.164265, 6.24061, 7.289449, 8.443515, 9.434255, 10.424995, 10.996545, 11.079077, 8.925011, 8.154681, 7.102925, 5.671102, 4.323658, 4.923658, 3.994064, 3.561967, 3.561967, 4.060883, 4.875096, 5.656854, 6.370376, 7.218904, 7.649583, 7.649583, 7.515995, 7.234569, 6.537513, 5.975463, 5.455677, 4.896162, 4.215537, 3.815537, 3.215537, 2.603953, 2.482843, 1.882843, 1.282843, 0.882843, 0.6, 0.0, 0.0, 0.0]"
93,"[0.0, 0.0, 0.0, 0.0, 1.0, 2.2, 3.6, 5.2, 7.011077, 7.623529, 8.267437, 8.51668, 8.565922, 8.404087, 8.247658, 7.859771, 7.624742, 7.1755, 6.526258, 6.147269, 5.857437, 5.723848, 5.966069, 6.686534, 7.609501, 8.723661, 10.004286, 11.25279, 12.22305, 12.664361, 10.38401, 9.822761, 8.744487, 7.395403, 5.80262, 6.523731, 5.123731, 4.111279, 3.490749, 3.642221, 4.201735, 5.163785, 6.260841, 7.38364, 8.227549, 8.790833, 8.949248, 8.972657, 8.741199, 8.238931, 7.561213, 6.735175, 5.647165, 4.234714, 2.893073, 1.926883, 1.632456, 1.0, 0.8, 0.8, 0.6, 0.0, 0.0, 0.0]"
94,"[0.0, 0.0, 0.0, 0.0, 0.894427, 2.236068, 3.759223, 5.282377, 6.894829, 7.612853, 7.991677, 8.080974, 8.170271, 8.170271, 8.170271, 7.972961, 7.70215, 7.431339, 7.03544, 6.622989, 6.299834, 6.174746, 6.289127, 6.595729, 7.008181, 7.694977, 8.53755, 9.317596, 10.135382, 10.803281, 8.916485, 8.94542, 8.321804, 7.395077, 6.331279, 6.963734, 5.596783, 4.431545, 3.617332, 3.000779, 3.192945, 3.548868, 4.443295, 5.366449, 6.289604, 6.988138, 7.619905, 7.927507, 8.053594, 7.944653, 7.821499, 7.312698, 6.463456, 5.261427, 4.047214, 2.930056, 2.330056, 1.530056, 1.082843, 0.882843, 0.6, 0.0, 0.0, 0.0]"
95,"[0.0, 0.0, 0.0, 0.0, 1.0, 2.0, 3.2, 4.6, 6.014214, 6.428427, 6.842641, 6.907552, 6.724104, 6.526443, 6.31223, 6.098016, 5.833105, 5.616553, 5.419804, 5.296837, 5.263027, 5.543652, 5.957866, 6.500112, 7.143544, 7.86415, 8.642651, 9.391768, 10.110069, 10.515633, 8.628837, 8.54961, 7.800493, 6.934355, 5.974516, 6.868944, 5.689045, 5.074831, 4.485239, 4.319048, 4.555992, 5.036617, 5.65083, 6.388259, 7.108724, 7.697818, 8.417194, 9.00298, 9.420829, 9.680263, 9.680263, 9.400728, 8.742369, 7.782274, 6.602375, 5.08191, 3.561445, 2.219804, 1.2, 0.4, 0.2, 0.0, 0.0, 0.0]"
96,"[0.0, 0.0, 0.0, 0.0, 0.8, 1.8, 3.0, 4.2, 5.416553, 5.833105, 6.098016, 6.162927, 6.227838, 6.03109, 5.834341, 5.394051, 4.92914, 4.464229, 4.044425, 3.657077, 3.680984, 3.729512, 3.929512, 4.610137, 5.419902, 6.133423, 6.981952, 7.679008, 8.095439, 8.215269, 6.653219, 6.297803, 5.766937, 4.918409, 4.204887, 4.837343, 4.095702, 3.529512, 3.280984, 3.257077, 3.519048, 3.919048, 4.319048, 4.719048, 5.025798, 5.411996, 5.826209, 6.388259, 6.950309, 7.380988, 7.542584, 7.470011, 7.172872, 6.630626, 5.668576, 4.426356, 3.084715, 1.819804, 0.8, 0.2, 0.0, 0.0, 0.0, 0.0]"
97,"[0.0, 0.0, 0.0, 0.0, 1.077033, 2.341944, 3.797966, 5.447208, 7.258285, 7.981252, 8.516341, 8.860319, 8.811077, 8.6, 8.2, 7.6, 6.8, 6.024621, 5.273149, 4.873149, 5.01479, 5.470812, 6.543557, 7.783091, 9.063442, 10.062741, 11.023328, 11.631954, 11.985204, 11.868184, 9.527244, 8.8311, 7.767327, 6.403049, 5.239719, 6.239719, 5.343875, 4.978687, 5.067844, 5.234035, 5.575676, 6.031679, 6.36886, 6.483294, 6.483294, 6.218687, 6.202973, 6.244781, 6.420178, 6.90323, 7.534998, 7.882539, 7.868737, 7.69334, 6.938525, 5.829724, 4.617273, 3.175052, 1.894427, 1.0, 0.4, 0.0, 0.0, 0.0]"
98,"[0.0, 0.0, 0.0, 0.0, 0.848528, 1.979899, 3.260524, 4.702744, 6.144965, 6.738657, 6.948927, 7.009943, 6.832634, 6.655324, 6.478015, 6.213407, 5.592876, 4.893651, 4.261195, 3.796284, 3.719251, 4.198141, 4.849008, 5.829004, 6.840081, 7.850056, 8.660031, 9.643479, 10.031027, 10.01995, 8.009975, 7.4, 6.4, 5.2, 4.0, 4.565685, 3.798141, 3.422762, 3.622762, 4.022762, 4.657077, 5.224621, 5.6, 5.8, 5.8, 5.619804, 5.439608, 5.316641, 5.193674, 5.535315, 5.780422, 6.025529, 5.9683, 5.891267, 5.149626, 4.284715, 3.019804, 2.0, 1.0, 0.4, 0.0, 0.0, 0.0, 0.0]"
99,"[0.0, 0.0, 0.0, 0.0, 0.72111, 1.615537, 2.69257, 3.769603, 5.034514, 5.529957, 5.852082, 5.991602, 6.114569, 6.049658, 5.833105, 5.416553, 4.8, 4.047214, 3.294427, 2.894427, 2.894427, 3.51098, 4.280319, 5.247319, 6.296561, 7.506536, 8.489983, 9.473431, 10.059217, 10.209975, 8.2, 7.2, 6.0, 4.8, 3.447214, 3.894427, 3.294427, 3.094427, 3.294427, 4.047214, 4.8, 5.4, 5.8, 6.0, 6.0, 6.0, 6.016553, 6.081464, 5.958497, 5.835529, 5.712562, 5.573043, 5.327936, 5.050903, 4.57387, 3.696837, 2.619804, 1.6, 0.8, 0.2, 0.0, 0.0, 0.0, 0.0]"
100,"[0.0, 0.0, 0.0, 0.0, 0.632456, 1.526883, 2.693073, 3.859263, 5.200904, 5.83336, 6.394955, 6.493675, 6.592396, 6.467308, 6.418949, 5.982731, 5.737624, 5.105168, 4.171459, 3.354906, 2.935102, 2.547754, 3.081489, 4.079271, 5.241321, 6.361786, 7.699102, 8.502683, 9.310119, 9.591978, 7.871513, 7.101742, 6.13197, 4.643909, 3.0, 3.2, 2.282843, 1.848528, 2.097056, 3.028427, 3.959798, 5.091169, 5.939697, 6.505382, 6.654636, 6.80389, 6.555867, 6.307844, 6.059821, 5.856229, 5.652637, 5.380874, 4.935794, 4.216817, 3.139784, 2.062751, 1.368324, 0.647214, 0.2, 0.2, 0.2, 0.0, 0.0, 0.0]"
101,"[0.0, 0.0, 0.0, 0.0, 0.824621, 1.901654, 3.118207, 4.53242, 6.144872, 6.932702, 7.468121, 7.86402, 8.062258, 7.86402, 7.665782, 7.269883, 6.677235, 5.959211, 5.266107, 4.484349, 4.067797, 3.847993, 3.97337, 4.708281, 5.784627, 6.693427, 7.981489, 9.049746, 9.633332, 9.934506, 8.225706, 7.737644, 6.849583, 5.609975, 4.2, 4.4, 3.0, 2.2, 1.847214, 2.095742, 2.895742, 3.827113, 4.558483, 5.242641, 5.674737, 5.955362, 6.104616, 6.25387, 6.403124, 6.25387, 5.973245, 5.541149, 4.892979, 4.012355, 3.080984, 2.480984, 2.457077, 1.824621, 1.424621, 1.224621, 0.824621, 0.0, 0.0, 0.0]"
102,"[0.0, 0.0, 0.0, 0.0, 1.019804, 2.284715, 3.740737, 5.389979, 7.039221, 7.66866, 8.052991, 8.209421, 8.209421, 8.209421, 8.0162, 7.82298, 7.287561, 6.532746, 5.732032, 5.100631, 4.444609, 4.367576, 4.689702, 5.297196, 6.181375, 7.17023, 8.140001, 8.89322, 9.52526, 9.713825, 7.924971, 7.567651, 6.814432, 5.746175, 4.481263, 4.764106, 3.351655, 2.417945, 1.845355, 1.934009, 2.545594, 3.422627, 4.404695, 5.413503, 6.341635, 7.096451, 7.728218, 8.172108, 8.424887, 8.298799, 8.091777, 7.663601, 6.803329, 5.694528, 4.571373, 3.529153, 3.048528, 2.2, 1.6, 1.2, 0.8, 0.0, 0.0, 0.0]"
103,"[0.0, 0.0, 0.0, 0.0, 1.0, 2.2, 3.6, 5.2, 6.8, 7.6, 8.0, 8.2, 8.0, 7.8, 7.2, 6.6, 6.019804, 5.514231, 4.962759, 4.657186, 4.67699, 4.857186, 5.362759, 6.114231, 7.219804, 8.2, 9.2, 10.0, 10.6, 10.8, 8.8, 8.4, 7.6, 6.6, 5.2, 5.8, 4.447214, 3.447214, 2.847214, 2.847214, 3.071835, 3.644425, 4.321458, 5.063099, 5.705319, 6.322919, 6.915566, 7.450985, 7.632499, 7.713433, 7.727234, 7.331335, 6.718884, 6.02035, 5.062881, 4.206859, 3.814928, 2.814928, 1.990307, 1.424621, 0.824621, 0.0, 0.0, 0.0]"
104,"[0.0, 0.0, 0.0, 0.0, 1.280625, 2.694838, 4.538747, 6.538747, 8.702078, 9.584784, 10.229696, 10.272584, 10.061438, 9.510559, 8.789449, 7.896513, 6.858245, 5.963818, 5.151366, 4.533767, 4.533767, 4.965864, 5.633486, 6.530543, 7.831951, 8.791789, 9.919483, 10.620175, 11.20347, 11.20347, 9.077441, 8.231172, 7.249055, 5.968704, 4.563785, 4.963785, 3.967421, 3.407906, 3.302333, 3.601027, 4.417579, 5.068446, 5.747336, 6.452909, 7.033105, 7.62763, 8.222154, 8.633231, 8.844308, 9.044308, 8.833231, 8.634606, 8.040081, 7.123431, 6.044542, 5.044542, 4.1532, 2.936648, 2.042221, 1.32111, 0.72111, 0.0, 0.0, 0.0]"
105,"[0.0, 0.0, 0.0, 0.0, 1.0, 2.2, 3.8, 5.4, 7.211077, 8.054986, 8.698895, 8.748137, 8.604159, 8.249104, 7.621748, 6.797643, 5.9484, 5.092378, 4.08357, 3.314231, 3.094427, 3.294427, 3.894427, 5.047214, 6.4, 7.4, 8.4, 9.4, 9.8, 9.8, 8.0, 7.2, 6.0, 4.6, 3.2, 3.2, 2.2, 1.6, 1.447214, 1.768324, 2.616852, 3.26538, 3.996751, 4.715728, 5.160808, 5.47847, 5.796132, 6.006402, 6.181853, 6.181853, 6.181853, 5.86419, 5.24366, 4.349233, 3.383042, 2.416852, 1.968324, 1.247214, 0.8, 0.6, 0.4, 0.0, 0.0, 0.0]"
106,"[0.0, 0.0, 0.0, 0.0, 0.824621, 2.089532, 3.545554, 5.194796, 7.005873, 8.191227, 8.936292, 9.291347, 9.442104, 9.231027, 8.621052, 7.811077, 6.824621, 5.471835, 4.271835, 3.271835, 2.70429, 2.728197, 3.561609, 4.723658, 6.167567, 7.661141, 9.075355, 10.057471, 10.775772, 10.931863, 8.805834, 7.985313, 6.888762, 5.240866, 3.440866, 3.440866, 2.398646, 2.032456, 2.4, 3.4, 4.8, 6.0, 6.8, 7.6, 8.211077, 8.423529, 8.43598, 8.485222, 8.334465, 7.937601, 7.541702, 7.129251, 6.280008, 5.230766, 4.016553, 3.0, 2.247214, 1.447214, 0.847214, 0.647214, 0.447214, 0.0, 0.0, 0.0]"
107,"[0.0, 0.0, 0.0, 0.0, 0.72111, 1.887301, 3.329521, 4.941973, 6.730827, 7.798571, 8.421235, 8.767869, 8.864218, 8.784165, 8.451332, 7.927389, 7.032962, 5.889846, 4.581046, 3.525024, 2.892568, 2.998141, 3.71308, 5.033545, 6.633545, 8.281441, 9.68976, 10.954719, 11.642573, 11.805904, 9.525553, 8.559455, 7.180061, 5.492852, 3.612364, 3.812364, 2.770143, 2.403953, 2.682843, 3.8, 5.2, 6.6, 7.6, 8.4, 8.8, 9.0, 9.0, 9.0, 8.8, 8.6, 8.2, 7.4, 6.4, 5.2, 3.6, 2.4, 2.0, 1.2, 0.8, 0.8, 0.6, 0.0, 0.0, 0.0]"
108,"[0.0, 0.0, 0.0, 0.0, 0.632456, 1.526883, 2.603916, 3.868827, 5.324849, 6.341635, 7.096451, 7.66866, 7.859771, 7.859771, 7.47544, 6.846001, 6.02138, 5.131043, 4.122235, 3.257324, 2.869976, 3.176725, 3.891665, 5.141508, 6.741508, 8.517371, 9.931584, 11.196544, 11.907807, 12.188158, 9.779839, 8.954719, 7.750776, 6.190985, 4.476319, 4.676319, 3.238697, 2.297056, 2.248528, 2.682843, 3.682843, 4.8, 6.0, 6.8, 7.4, 7.8, 8.012452, 7.826665, 7.640879, 7.440879, 7.040879, 6.428427, 5.614214, 4.482843, 3.282843, 2.530056, 2.251167, 1.651167, 1.368324, 1.168324, 0.72111, 0.0, 0.0, 0.0]"
109,"[0.0, 0.0, 0.0, 0.0, 0.447214, 1.168324, 2.062751, 3.062751, 4.228941, 5.062353, 5.621867, 6.008065, 6.28869, 6.403124, 6.403124, 6.122499, 5.690403, 4.975463, 3.894838, 2.814214, 2.014214, 1.765685, 2.0, 2.8, 4.0, 5.4, 6.6, 7.6, 8.4, 8.612452, 7.012452, 6.429004, 5.629004, 4.429004, 3.016553, 3.016553, 2.0, 1.447214, 1.412899, 2.061427, 3.061427, 4.142052, 4.861029, 5.737564, 6.230677, 6.572317, 6.633333, 6.808784, 6.708204, 6.708204, 6.532754, 6.357303, 6.015662, 5.395132, 4.653491, 3.887301, 3.168324, 2.168324, 1.447214, 0.847214, 0.447214, 0.0, 0.0, 0.0]"
110,"[0.0, 0.0, 0.0, 0.0, 0.4, 1.0, 1.8, 2.8, 3.8, 4.4, 4.8, 5.0, 5.0, 5.0, 5.0, 5.0, 4.8, 4.4, 3.682843, 2.882843, 2.282843, 2.115298, 2.363826, 3.212355, 4.426568, 5.440782, 6.370376, 7.083898, 7.672992, 7.979244, 6.56503, 6.283605, 5.887745, 4.888391, 3.615139, 3.815139, 2.734514, 1.851167, 1.762512, 2.139919, 2.939919, 3.739919, 4.457077, 5.024621, 5.4, 5.8, 6.2, 6.6, 6.8, 7.0, 7.0, 6.8, 6.419804, 5.914231, 5.235341, 4.435341, 3.867797, 2.847993, 1.953566, 1.232456, 0.632456, 0.0, 0.0, 0.0]"
111,"[0.0, 0.0, 0.0, 0.0, 0.6, 1.424621, 2.319048, 3.396081, 4.562272, 5.303912, 5.645482, 5.917245, 6.006402, 6.006402, 5.741794, 5.470031, 5.128462, 4.762272, 4.196081, 3.566262, 3.23752, 3.134009, 3.411042, 4.075953, 4.893651, 5.85112, 6.83881, 7.550632, 8.074575, 8.598519, 7.075364, 6.808784, 6.18612, 5.291692, 4.135294, 4.535294, 3.493073, 2.609725, 2.115298, 2.082843, 2.282843, 2.682843, 3.4, 4.019804, 4.439608, 5.104519, 5.56943, 5.834341, 6.079448, 6.324555, 6.276197, 6.211286, 5.946375, 5.481464, 4.663766, 3.847214, 3.279669, 2.279669, 1.479669, 1.032456, 0.632456, 0.0, 0.0, 0.0]"
112,"[0.0, 0.0, 0.0, 0.0, 0.6, 1.424621, 2.249242, 3.269046, 4.28885, 4.905403, 5.280781, 5.65616, 5.836356, 5.816553, 5.6, 5.2, 4.824621, 4.257077, 3.822762, 3.269976, 3.069976, 3.045355, 3.412899, 4.047214, 5.014214, 6.026665, 6.839117, 7.439117, 7.839117, 8.024903, 6.412452, 6.2, 5.6, 4.8, 3.8, 4.247214, 3.294427, 2.894427, 2.894427, 3.094427, 3.447214, 4.019804, 4.439608, 4.904519, 5.36943, 5.911071, 6.414421, 6.917772, 7.361662, 7.805552, 8.113153, 8.004212, 7.681057, 6.772257, 5.663456, 4.297056, 3.082843, 1.882843, 1.082843, 0.482843, 0.2, 0.0, 0.0, 0.0]"
113,"[0.0, 0.0, 0.0, 0.0, 0.632456, 1.353566, 2.202094, 3.202094, 4.333465, 4.83238, 5.11127, 5.262742, 5.262742, 5.131371, 4.848528, 4.697056, 4.418167, 4.050622, 3.650622, 3.402094, 3.186021, 3.186021, 3.553566, 4.119756, 4.800381, 5.610146, 6.609501, 7.221952, 7.668214, 7.910743, 6.468523, 6.089699, 5.55428, 4.662939, 3.860894, 4.49335, 3.751709, 3.274676, 3.186021, 3.186021, 3.402094, 3.650622, 4.050622, 4.549537, 5.109052, 5.541149, 6.134841, 6.696891, 7.12757, 7.408995, 7.69042, 7.69042, 7.294561, 6.809544, 5.847494, 4.685444, 3.443223, 2.277033, 1.2, 0.6, 0.2, 0.0, 0.0, 0.0]"
114,"[0.0, 0.0, 0.0, 0.0, 0.6, 1.424621, 2.444425, 3.660978, 5.075191, 5.875191, 6.45057, 6.830766, 6.814214, 6.6, 6.4, 6.0, 5.4, 4.832456, 4.353566, 3.874676, 3.507132, 3.507132, 3.674676, 3.953566, 4.432456, 5.2, 5.8, 6.4, 7.0, 7.2, 5.8, 5.6, 5.2, 4.4, 3.6, 4.0, 3.082843, 2.482843, 2.082843, 2.082843, 2.315298, 2.664911, 2.986021, 3.434549, 3.683078, 4.050622, 4.549537, 5.109052, 5.541149, 5.973245, 6.415466, 6.625736, 6.422144, 6.141519, 5.460894, 4.465887, 3.324247, 2.247214, 1.247214, 0.647214, 0.2, 0.0, 0.0, 0.0]"
115,"[0.0, 0.0, 0.0, 0.0, 0.632456, 1.526883, 2.526883, 3.658254, 4.789624, 5.28854, 5.525483, 5.656854, 5.656854, 5.656854, 5.656854, 5.374012, 4.963751, 4.464836, 3.933465, 3.402094, 3.378187, 3.551504, 3.919048, 4.450419, 5.131044, 5.720636, 6.388259, 7.108724, 7.589805, 7.921632, 6.507418, 6.387589, 5.667124, 5.054672, 4.163331, 4.795786, 3.953566, 3.553566, 3.378187, 3.551504, 3.813476, 4.213476, 4.744846, 5.051596, 5.28854, 5.674737, 5.840928, 6.151777, 6.462627, 6.943708, 7.105303, 7.353327, 7.191731, 6.915701, 6.197676, 5.555456, 4.541242, 3.260618, 2.094427, 1.2, 0.4, 0.0, 0.0, 0.0]"
116,"[0.0, 0.0, 0.0, 0.0, 0.848528, 1.848528, 3.129153, 4.571373, 6.013594, 6.777517, 7.389969, 7.632499, 7.713433, 7.612853, 7.342042, 6.895781, 6.372627, 5.698, 5.07747, 4.56045, 4.19426, 4.19426, 4.545731, 5.238835, 5.870236, 6.719478, 7.759086, 8.598693, 9.194455, 9.748408, 8.099166, 7.659558, 7.01995, 6.209975, 5.0, 5.6, 4.447214, 3.447214, 2.647214, 2.447214, 2.647214, 3.024621, 3.449242, 4.069046, 4.363473, 4.563473, 4.905043, 5.361046, 5.621867, 6.008065, 6.450285, 6.625736, 6.610022, 6.349201, 5.868576, 4.873569, 3.931929, 2.667017, 1.647214, 0.847214, 0.4, 0.0, 0.0, 0.0]"
117,"[0.0, 0.0, 0.0, 0.0, 0.824621, 1.844425, 3.109336, 4.450977, 5.893197, 6.510797, 6.933213, 7.110523, 7.211103, 7.049507, 6.887911, 6.726316, 6.361128, 5.743529, 5.262904, 4.982279, 4.701654, 4.701654, 5.043223, 5.685444, 6.247494, 7.091403, 8.01437, 9.01151, 9.73262, 10.229696, 8.385788, 8.094588, 7.38728, 6.48886, 5.324161, 6.045271, 4.783684, 3.927662, 3.262751, 3.168324, 3.467017, 4.096837, 4.663027, 5.229218, 5.709842, 6.132259, 6.335851, 6.583874, 6.831897, 7.113322, 7.233152, 7.394748, 7.322175, 7.172872, 6.610822, 5.648772, 4.489395, 3.147754, 1.882843, 0.882843, 0.282843, 0.0, 0.0, 0.0]"
118,"[0.0, 0.0, 0.0, 0.0, 0.8, 1.8, 3.0, 4.414214, 5.828427, 6.484449, 6.940471, 7.263626, 7.372567, 7.299994, 7.108883, 6.729894, 6.226543, 5.703389, 5.161748, 4.696837, 4.514231, 4.494427, 4.775052, 5.255677, 6.176142, 7.00218, 8.00218, 8.847584, 9.829701, 10.235265, 8.5148, 8.235265, 7.551456, 6.56934, 5.291839, 6.012949, 4.892484, 4.050263, 3.402094, 3.274676, 3.553566, 4.084937, 4.616307, 5.264477, 5.823991, 6.104616, 6.25387, 6.28869, 6.450285, 6.611881, 6.611881, 6.611881, 6.726316, 6.284095, 5.666496, 4.785871, 3.705246, 2.424621, 1.424621, 0.6, 0.2, 0.0, 0.0, 0.0]"
119,"[0.0, 0.0, 0.0, 0.0, 0.6, 1.4, 2.224621, 3.244425, 4.509336, 5.174247, 5.715888, 6.232908, 6.379294, 6.280573, 6.181853, 5.840212, 5.392998, 4.859263, 4.093073, 3.326883, 2.609725, 2.347754, 2.539919, 3.159723, 4.173937, 5.540336, 6.557123, 7.441303, 8.210353, 8.584994, 6.935752, 6.72873, 6.1513, 5.256873, 3.915232, 4.315232, 3.155854, 2.424483, 2.130056, 2.482843, 3.082843, 3.8, 4.6, 5.2, 5.8, 6.0, 6.4, 6.6, 6.8, 6.8, 7.0, 6.8, 6.4, 5.8, 5.0, 3.8, 2.6, 1.6, 0.8, 0.2, 0.0, 0.0, 0.0, 0.0]"
120,"[0.0, 0.0, 0.0, 0.0, 0.824621, 1.649242, 2.669046, 3.885599, 5.299812, 5.875191, 6.45057, 6.830766, 7.014214, 7.0, 7.0, 6.8, 6.4, 5.8, 5.032456, 4.198141, 3.630596, 3.430596, 3.630596, 4.398141, 5.432456, 6.4, 7.6, 8.6, 9.209975, 9.649583, 8.049583, 7.758384, 7.023295, 5.837941, 4.598333, 5.198333, 3.689532, 2.871835, 2.647214, 2.647214, 2.847214, 3.447214, 4.0, 4.4, 4.8, 5.216553, 5.436356, 5.701267, 5.721071, 5.540875, 5.344127, 5.148944, 4.684033, 4.464229, 3.844425, 2.824621, 2.0, 1.2, 0.4, 0.0, 0.0, 0.0, 0.0, 0.0]"
121,"[0.0, 0.0, 0.0, 0.0, 0.824621, 1.901654, 2.978687, 4.144877, 5.587098, 6.324527, 6.661707, 6.998888, 7.394748, 7.233152, 6.951727, 6.668884, 6.25467, 5.541149, 4.892979, 4.212355, 3.880984, 3.900788, 4.31717, 5.20787, 6.396724, 7.566496, 8.700758, 9.523908, 10.236821, 10.657039, 8.687267, 8.133201, 7.64514, 6.609072, 5.2, 5.832456, 4.679669, 3.712125, 3.312125, 3.712125, 4.279669, 5.232456, 6.0, 6.8, 7.2, 7.6, 7.8, 8.012452, 8.024903, 8.037355, 7.837355, 7.637355, 7.224903, 6.612452, 5.6, 4.4, 3.0, 1.8, 0.8, 0.2, 0.0, 0.0, 0.0, 0.0]"
122,"[0.0, 0.0, 0.0, 0.0, 0.6, 1.424621, 2.444425, 3.644425, 5.044425, 5.844425, 6.419804, 6.8, 7.0, 7.0, 6.8, 6.4, 5.8, 5.2, 4.4, 3.832456, 3.553566, 3.386021, 3.410642, 4.075554, 4.89912, 5.634032, 6.710377, 7.67461, 8.296495, 8.560938, 7.104916, 6.810329, 6.021475, 4.983207, 3.828427, 4.228427, 3.214214, 2.661427, 2.378584, 2.534009, 2.982537, 3.582537, 4.135324, 4.735829, 5.180909, 5.498571, 5.664762, 5.741794, 5.652637, 5.56348, 5.474322, 5.202559, 5.019953, 4.575376, 3.898343, 3.02131, 2.326883, 1.432456, 0.8, 0.4, 0.2, 0.0, 0.0, 0.0]"
123,"[0.0, 0.0, 0.0, 0.0, 0.824621, 1.901654, 3.166565, 4.779017, 6.391468, 7.287312, 7.907335, 8.339481, 8.289079, 8.090841, 7.78459, 7.218904, 6.521848, 5.854225, 5.264633, 4.650419, 4.319048, 4.143669, 4.514153, 5.212687, 6.121488, 7.291259, 8.620704, 9.696733, 10.409646, 10.909918, 8.940146, 8.58608, 7.64514, 6.409072, 5.0, 5.447214, 4.094427, 3.294427, 3.094427, 3.094427, 3.647214, 4.4, 5.214214, 5.828427, 6.442641, 6.856854, 7.071068, 7.071068, 7.071068, 7.071068, 6.873407, 6.659193, 6.24498, 5.630766, 4.616553, 3.4, 2.2, 1.2, 0.4, 0.0, 0.0, 0.0, 0.0, 0.0]"
124,"[0.0, 0.0, 0.0, 0.0, 0.8, 1.819804, 3.084715, 4.426356, 6.038807, 6.681028, 7.103444, 7.280754, 7.219738, 6.887911, 6.577062, 6.266212, 5.718419, 5.262415, 4.78179, 4.450419, 4.119048, 4.119048, 4.294427, 4.775052, 5.417273, 6.229724, 7.124151, 7.913006, 8.602152, 8.868733, 7.256281, 7.079878, 6.491024, 5.321252, 4.437073, 4.884286, 3.719048, 3.119048, 3.119048, 3.094427, 3.471835, 4.044425, 4.464229, 4.741262, 5.018295, 5.270707, 5.417093, 5.73893, 5.828087, 5.917245, 6.006402, 5.917245, 5.400225, 5.058656, 4.492466, 3.526275, 2.449242, 1.624621, 0.8, 0.2, 0.0, 0.0, 0.0, 0.0]"
125,"[0.0, 0.0, 0.0, 0.0, 0.8, 1.6, 2.6, 3.8, 5.016553, 5.481464, 5.946375, 6.112565, 6.078755, 5.75663, 5.386146, 4.945856, 4.579666, 4.013476, 3.719048, 3.457077, 3.480984, 3.680984, 4.212355, 4.892979, 5.702744, 6.416266, 7.260175, 7.972713, 8.578884, 8.749115, 7.187066, 6.684797, 5.840889, 4.675203, 3.628436, 4.228436, 3.686796, 3.486796, 3.590307, 3.919048, 4.485239, 4.851429, 5.39307, 5.91009, 6.296287, 6.410722, 6.525156, 6.46414, 6.403124, 6.403124, 6.403124, 6.403124, 6.403124, 6.122499, 5.736302, 4.90289, 3.822266, 2.541641, 1.541641, 0.647214, 0.2, 0.0, 0.0, 0.0]"
126,"[0.0, 0.0, 0.0, 0.0, 0.824621, 1.719048, 2.796081, 4.012634, 5.426847, 6.202226, 6.907799, 7.230766, 7.414214, 7.2, 6.8, 6.2, 5.6, 5.024621, 4.545731, 4.066842, 3.961269, 3.98589, 4.181073, 4.676515, 5.369618, 6.087643, 6.912264, 7.541702, 8.03395, 8.408591, 6.79614, 6.589118, 5.939876, 5.125502, 3.936648, 4.536648, 3.494427, 2.941641, 2.612899, 2.907326, 3.201753, 3.696181, 4.073588, 4.332524, 4.457901, 4.563473, 4.869046, 5.244425, 5.819804, 6.2, 6.614214, 6.630766, 6.507799, 6.002226, 5.323336, 4.191966, 2.975413, 1.89838, 1.003953, 0.282843, 0.0, 0.0, 0.0, 0.0]"
127,"[0.0, 0.0, 0.0, 0.0, 0.824621, 1.649242, 2.669046, 3.869046, 5.269046, 5.844425, 6.419804, 6.6, 6.6, 6.4, 6.0, 5.6, 5.2, 4.8, 4.232456, 3.953566, 3.802094, 4.002094, 4.279127, 4.988312, 5.790357, 6.650629, 7.439484, 8.151305, 8.598519, 8.795829, 7.087028, 6.578799, 5.921315, 5.132461, 4.306423, 4.906423, 4.225798, 3.694427, 3.326883, 3.326883, 3.62131, 4.02131, 4.42131, 4.788854, 4.894427, 5.0, 5.0, 5.16619, 5.332381, 5.674022, 6.116242, 6.396867, 6.362047, 6.327228, 5.880014, 5.037794, 3.957169, 2.825798, 1.694427, 0.8, 0.2, 0.0, 0.0, 0.0]"
128,"[0.0, 0.0, 0.0, 0.0, 0.6, 1.4, 2.4, 3.6, 4.8, 5.416553, 5.833105, 6.049658, 5.869461, 5.689265, 5.492517, 5.100585, 4.684033, 4.264229, 3.644425, 3.071835, 2.812899, 2.645355, 2.869976, 3.48978, 4.259118, 4.958344, 5.5908, 6.289333, 6.61117, 6.836838, 5.571927, 5.473206, 4.844479, 4.135294, 3.093073, 3.493073, 2.726883, 2.398141, 2.331371, 2.652481, 3.077102, 3.501723, 3.955842, 4.40996, 4.88885, 5.264229, 5.639608, 5.819804, 6.0, 6.2, 6.4, 6.614214, 6.630766, 6.695677, 6.190104, 5.35579, 4.141576, 2.925024, 1.660113, 0.765685, 0.2, 0.0, 0.0, 0.0]"
129,"[0.0, 0.0, 0.0, 0.0, 0.894427, 1.788854, 2.955045, 4.23567, 5.516294, 6.036081, 6.555867, 6.80389, 6.937479, 7.071068, 6.788225, 6.505382, 6.091169, 5.571382, 4.98179, 4.650419, 4.319048, 4.143669, 4.269046, 4.786066, 5.327707, 6.140158, 7.104391, 8.054359, 8.610085, 9.165811, 7.553359, 7.220527, 6.467308, 5.589745, 4.324834, 4.772048, 3.763239, 2.946687, 2.526883, 2.494427, 2.647214, 2.832456, 3.257077, 3.551504, 3.951504, 4.351504, 4.850419, 5.306423, 5.692621, 6.106834, 6.521048, 6.670302, 6.555867, 6.352275, 5.938062, 5.123848, 4.043223, 2.877033, 1.8, 0.8, 0.2, 0.0, 0.0, 0.0]"
130,"[0.0, 0.0, 0.0, 0.0, 0.632456, 1.526883, 2.603916, 3.770106, 5.111747, 5.759916, 6.146114, 6.349706, 6.46414, 6.403124, 6.403124, 6.122499, 5.736302, 5.280298, 4.799673, 4.319048, 4.119048, 4.119048, 4.294427, 4.775052, 5.537102, 6.434158, 7.38364, 8.38364, 8.989811, 9.314558, 7.617501, 7.296747, 6.561658, 5.751895, 4.586209, 5.151894, 4.261195, 3.596284, 3.119251, 3.198141, 3.457077, 3.649242, 3.943669, 4.343669, 4.543669, 4.719048, 5.025798, 5.411996, 5.692621, 6.106834, 6.521048, 6.831897, 6.892913, 6.877199, 6.662986, 6.048772, 5.239007, 3.897367, 2.632456, 1.432456, 0.632456, 0.0, 0.0, 0.0]"
131,"[0.0, 0.0, 0.0, 0.0, 0.72111, 1.615537, 2.615537, 3.781728, 5.062353, 5.621867, 6.008065, 6.28869, 6.403124, 6.403124, 6.403124, 6.122499, 5.736302, 5.280298, 4.799673, 4.319048, 4.119048, 4.119048, 4.294427, 4.775052, 5.537102, 6.457567, 7.407049, 8.386948, 9.086222, 9.524172, 7.803707, 7.680263, 7.142585, 6.328876, 5.177404, 5.624618, 4.304153, 3.261932, 2.495742, 2.094427, 2.212899, 2.378584, 2.699695, 3.194122, 3.641335, 4.095454, 4.746321, 5.241763, 5.563889, 6.125483, 6.561701, 6.68679, 6.636428, 6.551246, 5.989651, 5.333629, 4.591988, 3.425798, 2.294427, 1.4, 0.6, 0.0, 0.0, 0.0]"
132,"[0.0, 0.0, 0.0, 0.0, 0.8, 1.8, 3.0, 4.2, 5.4, 5.8, 6.2, 6.4, 6.4, 6.6, 6.6, 6.4, 6.2, 6.0, 5.424621, 4.945731, 4.466842, 4.091463, 4.111267, 4.486646, 4.965535, 5.644425, 6.419804, 7.2, 7.811077, 8.422154, 7.022154, 6.878176, 6.343087, 5.551814, 4.565358, 5.165358, 4.109336, 3.244425, 2.507464, 1.882843, 1.682843, 1.882843, 2.082843, 2.6, 3.224621, 3.844425, 4.264229, 4.741262, 5.157814, 5.549746, 5.729942, 5.910138, 6.033105, 5.816553, 5.424621, 4.945731, 4.345731, 3.145731, 2.145731, 1.32111, 0.6, 0.0, 0.0, 0.0]"
133,"[0.0, 0.0, 0.0, 0.0, 0.8, 1.8, 2.8, 4.0, 5.2, 5.8, 6.2, 6.6, 6.8, 7.0, 7.0, 6.8, 6.6, 6.2, 5.6, 4.832456, 4.198141, 3.630596, 3.455218, 3.655218, 4.422762, 5.457077, 6.424621, 7.2, 7.812452, 8.061694, 6.461694, 6.317716, 5.982627, 5.389979, 4.565358, 5.165358, 4.109336, 3.044425, 2.224621, 1.6, 1.4, 1.4, 1.8, 2.232456, 2.664911, 3.089532, 3.583959, 3.878387, 4.322964, 4.710312, 4.905495, 5.011068, 5.116641, 4.839608, 4.452259, 4.153566, 3.753566, 2.753566, 1.953566, 1.32111, 0.6, 0.0, 0.0, 0.0]"
134,"[0.0, 0.0, 0.0, 0.0, 0.632456, 1.457077, 2.351504, 3.245931, 4.412121, 4.945856, 5.287426, 5.559189, 5.830952, 5.945386, 5.910567, 5.744376, 5.426714, 4.981634, 4.148223, 3.216852, 2.416852, 1.851167, 1.530056, 1.882843, 2.682843, 3.699395, 4.633105, 5.647319, 6.303341, 6.568252, 5.351699, 5.21218, 4.692393, 3.868827, 3.003916, 3.203916, 2.126883, 1.432456, 1.0, 1.047214, 1.479669, 2.200779, 2.72189, 3.52189, 4.074676, 4.442221, 4.852481, 5.262742, 5.394113, 5.525483, 5.691674, 5.726493, 5.672155, 5.340785, 5.009414, 4.475679, 3.756702, 2.679669, 1.879669, 1.079669, 0.447214, 0.0, 0.0, 0.0]"
135,"[0.0, 0.0, 0.0, 0.0, 0.447214, 1.168324, 2.168324, 3.168324, 4.448949, 5.28236, 5.841875, 6.122499, 6.403124, 6.25387, 6.104616, 5.823991, 5.437794, 4.789624, 4.258254, 3.726883, 3.174096, 2.845355, 3.03752, 3.457324, 4.073877, 5.040877, 6.124433, 7.143721, 7.832718, 8.324966, 6.910753, 6.603151, 5.925433, 5.111059, 4.034714, 4.234714, 2.893073, 1.726883, 0.832456, 0.482843, 0.730056, 1.295742, 1.861427, 2.582537, 3.020805, 3.468019, 3.79676, 4.125502, 4.298819, 4.472136, 4.426237, 4.25292, 3.990948, 3.696521, 3.402094, 3.000779, 2.912125, 2.279669, 1.679669, 1.079669, 0.632456, 0.0, 0.0, 0.0]"
136,"[0.0, 0.0, 0.0, 0.0, 0.6, 1.4, 2.4, 3.4, 4.6, 5.2, 5.6, 5.8, 6.0, 6.0, 5.8, 5.6, 5.2, 4.6, 3.682843, 2.882843, 2.082843, 1.682843, 1.648528, 2.214214, 3.014214, 4.094838, 5.256888, 6.253253, 7.101781, 7.663831, 6.383206, 6.101781, 5.539731, 4.563785, 3.448949, 3.648949, 2.368324, 1.368324, 0.847214, 0.8, 1.2, 1.8, 2.6, 3.224621, 3.844425, 4.264229, 4.684033, 4.961066, 5.213478, 5.213478, 5.213478, 5.193674, 5.116641, 4.839608, 4.452259, 4.153566, 3.953566, 2.953566, 2.153566, 1.52111, 0.8, 0.0, 0.0, 0.0]"
137,"[0.0, 0.0, 0.0, 0.0, 0.565685, 1.414214, 2.414214, 3.580404, 4.746594, 5.347099, 5.664762, 5.830952, 5.741794, 5.652637, 5.56348, 5.417093, 5.050903, 4.57387, 4.096837, 3.419804, 2.682843, 2.282843, 2.282843, 2.507464, 3.184497, 4.067844, 5.009485, 5.93264, 6.631173, 7.010162, 5.843972, 5.522135, 5.018784, 4.29563, 3.239608, 3.439608, 2.419804, 1.4, 0.8, 0.8, 1.2, 2.0, 2.8, 3.6, 4.2, 4.6, 4.8, 5.0, 5.0, 5.0, 5.0, 5.0, 5.019804, 4.914231, 4.635341, 4.459962, 4.259962, 3.240159, 2.345731, 1.624621, 0.8, 0.0, 0.0, 0.0]"
138,"[0.0, 0.0, 0.0, 0.0, 0.8, 1.8, 3.0, 4.2, 5.4, 6.0, 6.4, 6.416553, 6.433105, 6.449658, 6.26621, 5.943243, 5.803723, 5.481598, 4.986156, 4.490714, 4.013681, 3.536648, 3.274676, 3.553566, 3.963826, 4.644451, 5.458665, 6.388259, 6.802473, 7.085315, 5.804691, 5.671102, 5.275242, 4.755456, 3.973698, 4.173698, 2.893073, 1.726883, 1.032456, 0.682843, 0.930056, 1.651167, 2.499695, 3.299695, 4.016852, 4.569638, 4.848528, 5.131371, 5.262742, 5.394113, 5.394113, 5.28854, 4.98179, 4.650419, 4.151504, 3.717189, 3.647383, 2.822762, 2.022762, 1.390307, 0.824621, 0.0, 0.0, 0.0]"
139,"[0.0, 0.0, 0.0, 0.0, 0.894427, 1.97146, 3.236371, 4.759526, 6.28268, 6.911408, 7.290397, 7.481508, 7.372567, 7.263626, 7.140471, 6.884449, 6.628427, 6.234017, 5.714231, 5.035341, 4.556452, 4.181073, 4.161269, 4.466842, 5.159945, 5.894857, 6.914144, 7.811511, 8.508878, 8.938573, 7.482551, 7.287884, 6.804731, 5.927169, 4.88326, 5.28326, 3.834017, 2.419804, 1.4, 0.8, 0.8, 1.2, 2.024621, 2.849242, 3.726275, 4.403308, 5.068219, 5.69962, 6.331021, 6.668202, 6.991169, 7.126258, 6.870236, 6.491247, 5.925561, 5.545365, 5.345365, 4.145365, 3.068332, 2.219804, 1.2, 0.0, 0.0, 0.0]"
140,"[0.0, 0.0, 0.0, 0.0, 1.216553, 2.433105, 3.847319, 5.45977, 7.072222, 7.666746, 8.050194, 8.23598, 8.23598, 8.037742, 7.640879, 7.30579, 6.87198, 6.259529, 5.566425, 4.784667, 4.319756, 3.978187, 3.826715, 4.105605, 4.63934, 5.362494, 6.326728, 7.267054, 8.055908, 8.678572, 7.155418, 6.889718, 6.442504, 5.730683, 4.574284, 5.021497, 3.698343, 2.556702, 1.762512, 1.695742, 1.969638, 2.664066, 3.541099, 4.523167, 5.413503, 6.148415, 6.962789, 7.594557, 8.038446, 8.371279, 8.704111, 8.715775, 8.704031, 8.607682, 8.46807, 8.079215, 7.814772, 6.117716, 4.505264, 2.856022, 1.456022, 0.0, 0.0, 0.0]"
141,"[0.0, 0.0, 0.0, 0.0, 1.077033, 2.154066, 3.610088, 5.06611, 6.715352, 7.287561, 7.859771, 8.0162, 7.974392, 7.739363, 7.490121, 7.040879, 6.448231, 5.928445, 5.362759, 4.811287, 4.505715, 4.485911, 4.611287, 5.02767, 5.520783, 6.238807, 6.959272, 7.826265, 8.44815, 8.993305, 7.380854, 7.27284, 6.727685, 6.007079, 5.01471, 5.461924, 4.132315, 2.790674, 1.824483, 1.212899, 1.331371, 1.769638, 2.618167, 3.418167, 4.415949, 5.130888, 5.971828, 6.68535, 7.2474, 7.528825, 7.81025, 7.860651, 7.754623, 7.409126, 7.063628, 6.667769, 6.335942, 4.87992, 3.663368, 2.446815, 1.280625, 0.0, 0.0, 0.0]"
142,"[0.0, 0.0, 0.0, 0.0, 0.894427, 1.97146, 3.236371, 4.759526, 6.28268, 6.911408, 7.290397, 7.481508, 7.414375, 7.305434, 7.196493, 6.940471, 6.504253, 5.942658, 5.376973, 4.811287, 4.505715, 4.485911, 4.808036, 5.224419, 5.899045, 6.61707, 7.405924, 8.076168, 8.698053, 8.963753, 7.351301, 7.174898, 6.629743, 5.81998, 4.925552, 5.491238, 4.161629, 2.819988, 1.942955, 1.331371, 1.331371, 1.614214, 2.462742, 3.394113, 4.391895, 5.106834, 6.103199, 6.81672, 7.382406, 7.663831, 7.945256, 7.995658, 7.88963, 7.409126, 7.063628, 6.667769, 6.335942, 4.87992, 3.663368, 2.446815, 1.280625, 0.0, 0.0, 0.0]"
143,"[0.0, 0.0, 0.0, 0.0, 1.077033, 2.341944, 3.606855, 5.315656, 7.213022, 8.033356, 8.612354, 9.191352, 9.293628, 9.008713, 8.723798, 8.079889, 7.452533, 6.718489, 5.954565, 5.063224, 4.687845, 4.471292, 4.610812, 5.103925, 6.171669, 7.233844, 8.397175, 9.343953, 10.334693, 10.604965, 8.718168, 8.441634, 7.720524, 6.554333, 5.495207, 6.060893, 4.456939, 3.014719, 2.048528, 1.331371, 1.331371, 1.769638, 2.769638, 3.850263, 4.848045, 5.72458, 6.792325, 7.679121, 8.285292, 9.004667, 9.259503, 9.357445, 8.912869, 8.675315, 7.891868, 7.459723, 6.853551, 5.411331, 3.762088, 2.545536, 1.280625, 0.0, 0.0, 0.0]"
144,"[0.0, 0.0, 0.0, 0.0, 0.824621, 1.844425, 2.921458, 4.186369, 5.642391, 6.273792, 6.71001, 7.088999, 7.28011, 7.088999, 6.897888, 6.518899, 5.957304, 5.222393, 4.678592, 4.046136, 3.569103, 3.474676, 3.578187, 3.93411, 4.467844, 5.209485, 6.021937, 6.809767, 7.255889, 7.612853, 6.271212, 5.923672, 5.331024, 4.440325, 3.364384, 3.647227, 2.582316, 1.762512, 1.330056, 1.082843, 1.2, 1.6, 2.2, 3.0, 4.0, 4.8, 5.416553, 6.030766, 6.44498, 6.701002, 6.842642, 6.79228, 6.378067, 5.85828, 5.002258, 4.260618, 3.541641, 2.541641, 1.647214, 1.047214, 0.447214, 0.0, 0.0, 0.0]"
145,"[0.0, 0.0, 0.0, 0.0, 0.565685, 1.414214, 2.414214, 3.694838, 4.975463, 5.690403, 6.284095, 6.56472, 6.56472, 6.450285, 6.335851, 5.788058, 5.332054, 4.651429, 4.085239, 3.319048, 2.707464, 2.282843, 2.482843, 2.882843, 3.682843, 4.8, 6.0, 6.8, 7.4, 7.8, 6.4, 6.0, 5.2, 4.2, 3.0, 3.2, 2.0, 1.2, 0.8, 0.8, 1.2, 2.0, 2.8, 3.6, 4.2, 4.8, 5.2, 5.6, 6.0, 6.216553, 6.233105, 6.110138, 5.804565, 5.125675, 4.356337, 3.739784, 3.109965, 2.215537, 1.494427, 1.047214, 0.447214, 0.0, 0.0, 0.0]"
146,"[0.0, 0.0, 0.0, 0.0, 0.282843, 0.848528, 1.569638, 2.569638, 3.569638, 4.452986, 5.053491, 5.498571, 5.664762, 5.741794, 5.652637, 5.311068, 4.744877, 4.178687, 3.501654, 2.624621, 2.0, 2.0, 2.224621, 2.901654, 3.867844, 5.009485, 6.021937, 6.809767, 7.345186, 7.70215, 6.360509, 6.012969, 5.225138, 4.245142, 3.121988, 3.321988, 2.057077, 1.232456, 0.8, 0.8, 1.047214, 1.679669, 2.574096, 3.268524, 3.945556, 4.575376, 5.207831, 5.578315, 5.760921, 5.760921, 5.760921, 5.390437, 4.846636, 4.490714, 4.013681, 3.536648, 3.207906, 2.486796, 1.765685, 1.165685, 0.565685, 0.0, 0.0, 0.0]"
147,"[0.0, 0.0, 0.0, 0.0, 0.4, 1.0, 1.824621, 2.649242, 3.726275, 4.403308, 5.144949, 5.486518, 5.828087, 6.031679, 6.086017, 5.592905, 5.147824, 4.428848, 3.348223, 2.216852, 1.568324, 1.447214, 1.824621, 2.701654, 4.043295, 5.366449, 6.555304, 7.519537, 8.231359, 8.598519, 7.075364, 6.551421, 5.78237, 4.793516, 3.484715, 3.684715, 2.419804, 1.6, 1.2, 1.432456, 2.057077, 3.076881, 3.896684, 4.713237, 5.297334, 5.689265, 6.069461, 6.449658, 6.433105, 6.416553, 6.2, 5.624621, 4.857077, 4.222762, 3.469976, 3.069976, 2.87781, 2.245355, 1.679669, 1.232456, 0.632456, 0.0, 0.0, 0.0]"
148,"[0.0, 0.0, 0.0, 0.0, 0.2, 0.8, 1.6, 2.6, 3.8, 4.8, 5.416553, 5.833105, 6.098016, 6.162927, 6.03996, 5.717835, 5.222393, 4.523167, 3.458256, 2.381223, 1.686796, 1.565685, 1.894427, 2.860618, 4.302838, 5.823303, 6.943768, 7.89325, 8.613856, 8.8921, 7.171635, 6.792811, 6.025935, 4.96376, 3.643295, 4.043295, 2.984497, 2.307464, 2.282843, 2.882843, 3.682843, 4.6, 5.614214, 6.228427, 6.642641, 6.856854, 7.112876, 6.963574, 6.814271, 6.477091, 6.082681, 5.426659, 4.961748, 4.296837, 3.940914, 3.642221, 3.862024, 3.062024, 2.462024, 1.740914, 1.019804, 0.0, 0.0, 0.0]"
149,"[0.0, 0.0, 0.0, 0.0, 0.72111, 1.615537, 2.69257, 3.957481, 5.371695, 6.263036, 6.981061, 7.504028, 7.839117, 8.024903, 7.812452, 7.4, 6.8, 6.0, 4.8, 3.4, 2.2, 1.6, 1.6, 2.219804, 3.675826, 5.325068, 6.964676, 8.252737, 9.272541, 9.660428, 8.011186, 7.385792, 6.29773, 5.058122, 3.614214, 3.614214, 2.4, 1.847214, 1.612899, 2.212899, 3.212899, 4.293524, 5.187951, 5.963906, 6.305547, 6.647188, 6.708204, 6.631474, 6.366866, 5.919653, 5.472439, 4.851909, 4.219453, 3.94242, 3.847993, 4.030599, 4.651129, 4.018674, 3.218674, 2.418674, 1.341641, 0.0, 0.0, 0.0]"
150,"[0.0, 0.0, 0.0, 0.0, 0.4, 0.847214, 1.568324, 2.416852, 3.416852, 4.183042, 4.902019, 5.44582, 5.862203, 6.078755, 6.129118, 5.962927, 5.498016, 4.833105, 3.816553, 2.6, 1.8, 1.632456, 1.832456, 2.849008, 4.249008, 5.66146, 6.829004, 7.829004, 8.423529, 8.834606, 7.222154, 6.836368, 6.25292, 5.266464, 3.902601, 4.185444, 3.17123, 2.354677, 2.251167, 2.652481, 3.369638, 4.250263, 5.130888, 5.851998, 6.445691, 6.887911, 6.948927, 6.834493, 6.558463, 6.116242, 5.395132, 4.774601, 4.055624, 3.489434, 3.089434, 3.089434, 3.368324, 2.92111, 2.32111, 1.72111, 1.0, 0.0, 0.0, 0.0]"
151,"[0.0, 0.0, 0.0, 0.0, 0.4, 1.0, 1.8, 2.819804, 4.084715, 4.949626, 5.515816, 5.996441, 6.257262, 6.272976, 6.174255, 5.902492, 5.446488, 4.565864, 3.485239, 2.319048, 1.424621, 1.0, 1.4, 2.4, 4.0, 5.8, 7.4, 8.8, 9.8, 10.4, 8.6, 8.4, 7.6, 6.6, 5.224621, 5.790307, 4.622762, 3.822762, 3.622762, 3.998141, 4.632456, 5.4, 6.4, 7.0, 7.6, 8.0, 8.2, 8.2, 8.0, 7.6, 7.2, 6.6, 6.019804, 5.619804, 5.351175, 5.492816, 5.948838, 4.929034, 3.929034, 2.797663, 1.456022, 0.0, 0.0, 0.0]"
152,"[0.0, 0.0, 0.0, 0.0, 0.8, 1.8, 3.0, 4.216553, 5.481464, 6.204618, 6.646839, 6.889059, 6.953132, 6.968845, 6.726316, 6.284095, 5.666496, 4.785871, 3.705246, 2.424621, 1.424621, 1.0, 1.4, 2.4, 3.8, 5.6, 7.2, 8.4, 9.2, 9.8, 8.0, 7.6, 7.0, 6.0, 4.8, 5.4, 4.082843, 3.082843, 2.682843, 2.682843, 3.082843, 4.0, 4.8, 5.6, 6.2, 6.6, 6.8, 7.0, 7.0, 6.8, 6.6, 6.2, 5.624621, 5.224621, 5.024621, 5.166262, 5.622284, 4.797663, 3.797663, 2.797663, 1.456022, 0.0, 0.0, 0.0]"
153,"[0.0, 0.0, 0.0, 0.0, 0.565685, 1.286796, 2.363829, 3.62874, 4.845292, 5.69382, 6.37271, 6.695677, 6.830766, 6.814214, 6.616553, 6.236356, 5.557467, 4.723152, 3.723152, 2.7066, 1.969638, 1.848528, 2.082843, 3.082843, 4.297056, 5.663456, 6.960822, 8.130594, 8.900366, 9.455924, 7.806681, 7.432469, 6.727609, 5.777641, 4.60787, 5.20787, 4.084715, 3.267017, 2.879669, 2.879669, 3.279669, 4.079669, 5.046669, 5.828427, 6.640879, 7.25333, 7.665782, 7.86402, 8.062258, 8.049806, 8.037355, 7.824903, 7.626665, 7.470236, 7.312456, 7.12667, 7.339121, 5.924908, 4.468886, 3.026665, 1.612452, 0.0, 0.0, 0.0]"
154,"[0.0, 0.0, 0.0, 0.0, 0.72111, 1.569638, 2.701009, 3.981634, 5.262259, 5.821774, 6.415466, 6.625736, 6.610022, 6.594308, 6.333487, 5.891267, 5.349626, 4.684715, 3.702647, 3.082843, 2.682843, 2.515298, 2.915298, 3.91308, 4.927294, 6.02435, 7.235804, 8.079712, 8.642997, 9.072692, 7.375636, 7.093777, 6.530493, 5.686584, 4.40836, 4.691203, 3.329153, 2.048528, 1.248528, 1.082843, 1.4, 2.0, 3.0, 4.0, 4.8, 5.4, 5.8, 6.0, 6.0, 6.016553, 6.081464, 5.958497, 5.758497, 5.724687, 5.527938, 5.463027, 5.602547, 4.602547, 3.436356, 2.416553, 1.216553, 0.0, 0.0, 0.0]"
155,"[0.0, 0.0, 0.0, 0.0, 0.72111, 1.72111, 2.887301, 4.053491, 5.395132, 6.015662, 6.357303, 6.456024, 6.554744, 6.429656, 6.107819, 5.566179, 4.901267, 4.236356, 3.302647, 2.682843, 2.482843, 2.707464, 3.184497, 4.182279, 5.344329, 6.441385, 7.31382, 7.933844, 8.497128, 8.632134, 6.935078, 6.800071, 6.38364, 5.539731, 4.40836, 4.691203, 3.129153, 1.848528, 0.848528, 0.565685, 0.730056, 1.295742, 2.016852, 2.911279, 3.628436, 4.347413, 4.947918, 5.392998, 5.629942, 5.761313, 5.726493, 5.726493, 5.580107, 5.448736, 5.317365, 5.080421, 4.914231, 3.894427, 2.894427, 1.894427, 1.0, 0.0, 0.0, 0.0]"
156,"[0.0, 0.0, 0.0, 0.0, 1.0, 2.2, 3.614214, 5.226665, 6.839117, 7.451568, 7.86402, 8.049806, 7.837355, 7.624903, 7.212452, 6.6, 5.824621, 5.057077, 4.10429, 3.30429, 2.90429, 2.800779, 3.016852, 3.701009, 4.74323, 5.58545, 6.584805, 7.623073, 8.212167, 8.490412, 7.048191, 6.608351, 5.721555, 4.566775, 3.129153, 3.129153, 1.848528, 0.848528, 0.482843, 0.6, 1.2, 2.0, 3.019804, 3.839608, 4.65616, 5.272713, 5.886926, 6.281336, 6.675746, 6.724104, 6.772463, 6.52444, 6.110226, 5.696013, 5.255723, 4.990812, 4.649242, 3.649242, 2.649242, 1.824621, 0.824621, 0.0, 0.0, 0.0]"
157,"[0.0, 0.0, 0.0, 0.0, 0.894427, 2.060618, 3.402258, 4.844479, 6.45693, 7.174955, 7.621216, 7.80273, 7.883664, 7.536123, 7.140224, 6.527773, 5.804618, 4.881464, 4.063766, 3.247214, 2.847214, 2.871835, 3.348868, 4.243295, 5.455746, 6.644601, 7.706776, 8.516539, 9.061695, 9.238097, 7.449243, 6.904088, 6.094324, 5.032149, 3.643295, 3.843295, 2.501654, 1.424621, 0.882843, 0.930056, 1.451167, 2.299695, 3.299695, 4.016852, 4.569638, 5.014719, 5.332381, 5.498571, 5.779196, 5.910567, 5.875747, 5.709557, 5.367988, 4.887363, 4.555992, 4.057077, 3.905605, 3.080984, 2.280984, 1.480984, 0.848528, 0.0, 0.0, 0.0]"
158,"[0.0, 0.0, 0.0, 0.0, 1.0, 2.2, 3.6, 5.2, 6.812452, 7.612452, 8.012452, 8.224903, 8.039117, 7.840879, 7.257431, 6.482052, 5.502056, 4.370685, 3.156472, 1.939919, 1.515298, 1.682843, 2.4, 3.6, 5.2, 6.6, 7.6, 8.6, 9.0, 9.2, 7.4, 6.8, 5.6, 4.4, 2.8, 2.8, 1.6, 1.2, 1.2, 1.8, 2.6, 3.6, 4.2, 4.8, 5.216553, 5.633105, 5.849658, 6.06621, 6.082763, 5.886014, 5.669461, 5.452909, 5.236356, 4.844425, 4.545731, 4.545731, 4.565535, 3.565535, 2.740914, 2.019804, 1.019804, 0.0, 0.0, 0.0]"
159,"[0.0, 0.0, 0.0, 0.0, 0.824621, 1.844425, 3.109336, 4.374247, 5.830269, 6.46167, 6.897888, 7.088999, 7.04064, 6.801171, 6.345149, 5.489127, 4.433105, 3.416553, 2.2, 1.4, 1.247214, 1.741641, 2.707831, 4.049472, 5.372627, 6.714267, 7.608695, 8.231359, 8.776514, 8.973824, 7.18497, 6.562306, 5.667879, 4.228296, 2.707831, 2.707831, 1.541641, 0.847214, 0.682843, 1.048528, 1.769638, 2.490749, 3.185176, 3.79676, 4.125502, 4.481425, 4.584936, 4.51513, 4.445324, 4.375517, 4.019595, 3.916084, 3.657148, 3.464983, 3.240361, 3.319251, 3.492568, 2.926883, 2.294427, 1.694427, 0.894427, 0.0, 0.0, 0.0]"
160,"[0.0, 0.0, 0.0, 0.0, 1.0, 2.2, 3.6, 5.2, 6.812452, 7.612452, 8.024903, 8.237355, 8.051568, 7.655669, 6.875473, 6.087643, 5.107647, 3.976276, 2.959723, 2.222762, 1.845355, 2.03752, 2.754677, 3.954677, 5.271835, 6.624621, 7.6, 8.4, 8.8, 8.812452, 7.012452, 6.232255, 5.064711, 3.711925, 2.299473, 2.299473, 1.479669, 1.247214, 1.6, 2.2, 3.2, 4.0, 4.619804, 4.839608, 5.059412, 5.079216, 5.09902, 5.156249, 5.030872, 4.835689, 4.640506, 4.220702, 3.743669, 3.449242, 3.071835, 2.812899, 2.845355, 2.245355, 1.645355, 1.198141, 0.632456, 0.0, 0.0, 0.0]"
161,"[0.0, 0.0, 0.0, 0.0, 0.894427, 2.060618, 3.402258, 4.925413, 6.537865, 7.255889, 7.70215, 7.80273, 7.721796, 7.389969, 6.777517, 6.013594, 5.137059, 3.894838, 2.814214, 2.379899, 2.379899, 3.094838, 4.456888, 6.100797, 7.535112, 8.966935, 9.966661, 10.684961, 11.121403, 11.247433, 8.967082, 8.248781, 7.099801, 5.713877, 4.220304, 4.667517, 3.552681, 3.053765, 2.983959, 3.371308, 3.943898, 4.713237, 5.297334, 5.737624, 5.794853, 5.941239, 5.890877, 5.674325, 5.409414, 5.180909, 4.863247, 4.418167, 4.050622, 3.650622, 3.434549, 3.307132, 3.480449, 2.847993, 2.247993, 1.615537, 0.894427, 0.0, 0.0, 0.0]"
162,"[0.0, 0.0, 0.0, 0.0, 1.0, 2.280625, 3.694838, 5.256888, 6.818938, 7.539403, 7.979244, 8.285495, 8.335897, 8.115487, 7.736663, 7.093231, 6.005222, 4.79277, 3.651129, 2.592331, 2.147754, 2.535102, 3.351655, 4.764106, 6.281263, 7.648808, 8.629004, 9.412452, 9.8, 9.8, 7.8, 7.214214, 6.234017, 4.955128, 3.876238, 4.508694, 3.919101, 3.793724, 4.149647, 4.770178, 5.479363, 6.177896, 6.739491, 7.11848, 7.232861, 7.107773, 6.801171, 6.545149, 6.089127, 5.633105, 5.436356, 5.239608, 4.934035, 4.934035, 5.065406, 5.211792, 5.533629, 4.639202, 3.639202, 2.507831, 1.341641, 0.0, 0.0, 0.0]"
163,"[0.0, 0.0, 0.0, 0.0, 0.6, 1.6, 2.8, 4.2, 5.8, 6.8, 7.4, 7.8, 7.8, 7.4, 6.8, 6.024621, 4.824621, 3.424621, 2.224621, 1.424621, 1.2, 1.624621, 2.966262, 4.489417, 6.176213, 7.463009, 8.801719, 9.623409, 10.263585, 10.263585, 8.376789, 7.555099, 6.468801, 5.10547, 3.818674, 4.265887, 3.489932, 3.23752, 3.262141, 3.681945, 4.451284, 5.15051, 5.5908, 6.03109, 6.276197, 6.225835, 6.127114, 6.028393, 5.657909, 5.287426, 5.015662, 4.674093, 4.307903, 4.413476, 4.519048, 4.701654, 5.043223, 4.243223, 3.243223, 2.243223, 1.16619, 0.0, 0.0, 0.0]"
164,"[0.0, 0.0, 0.0, 0.0, 0.72111, 1.72111, 3.001735, 4.415949, 6.113005, 7.11236, 7.832825, 8.164651, 8.362889, 8.188988, 7.733434, 7.090002, 6.302171, 5.08972, 3.566565, 2.301654, 1.424621, 1.2, 1.8, 3.214214, 4.826665, 6.275907, 7.519816, 8.417183, 8.846878, 8.883669, 7.234427, 6.804731, 5.927169, 4.88326, 3.834017, 4.234017, 3.019804, 2.4, 2.2, 2.4, 3.0, 3.8, 4.4, 4.8, 5.0, 5.0, 5.0, 5.0, 4.8, 4.6, 4.4, 4.2, 4.024621, 4.119048, 4.319048, 4.650419, 5.131044, 4.306423, 3.411996, 2.411996, 1.280625, 0.0, 0.0, 0.0]"
165,"[0.0, 0.0, 0.0, 0.0, 0.6, 1.6, 2.8, 4.2, 5.8, 6.8, 7.4, 7.8, 8.012452, 7.826665, 7.443218, 6.863022, 6.087643, 4.922405, 3.708191, 2.491639, 1.471835, 1.094427, 1.495742, 2.427113, 3.707737, 5.269787, 6.543039, 7.581307, 8.336732, 8.668559, 7.106509, 6.552234, 5.665438, 4.499752, 3.334514, 3.734514, 2.968324, 2.415537, 2.260113, 2.378584, 2.827113, 3.427113, 3.979899, 4.545584, 5.11127, 5.262742, 5.262742, 5.262742, 5.131371, 4.848528, 4.848528, 4.848528, 4.925561, 5.190472, 5.558497, 5.958497, 6.358497, 5.281464, 4.016553, 2.8, 1.4, 0.0, 0.0, 0.0]"
166,"[0.0, 0.0, 0.0, 0.0, 0.447214, 1.341641, 2.341641, 3.622266, 5.036479, 6.151316, 6.818938, 7.261159, 7.422754, 7.273452, 6.976313, 6.434067, 5.791847, 4.949626, 3.884715, 2.619804, 1.8, 1.6, 2.0, 3.0, 4.4, 5.8, 7.0, 8.0, 8.8, 9.2, 7.6, 7.2, 6.4, 5.2, 4.0, 4.447214, 3.494427, 2.694427, 2.494427, 2.694427, 3.247214, 4.0, 4.8, 5.4, 5.8, 6.0, 6.0, 6.0, 6.0, 6.0, 6.0, 6.0, 6.016553, 6.033105, 6.098016, 6.340237, 6.55445, 5.337898, 4.121345, 2.856434, 1.414214, 0.0, 0.0, 0.0]"
167,"[0.0, 0.0, 0.0, 0.0, 0.824621, 1.844425, 3.109336, 4.52355, 6.136001, 6.91138, 7.491576, 7.826665, 8.012452, 7.8, 7.4, 6.8, 6.0, 4.8, 3.4, 2.2, 1.482843, 1.248528, 1.697056, 3.11127, 4.67332, 6.087533, 7.365757, 8.517229, 9.103015, 9.384874, 7.687818, 7.286129, 6.4175, 5.266028, 3.987805, 4.387805, 3.145584, 2.214214, 1.648528, 1.648528, 1.969638, 2.490749, 3.185176, 3.902333, 4.336648, 4.615537, 4.894427, 5.0, 4.848528, 4.848528, 4.848528, 4.742955, 4.567576, 4.719048, 4.719048, 4.919048, 5.241174, 4.416553, 3.416553, 2.416553, 1.216553, 0.0, 0.0, 0.0]"
168,"[0.0, 0.0, 0.0, 0.0, 0.824621, 1.844425, 3.258639, 4.858639, 6.458639, 7.234017, 8.014214, 8.2, 8.2, 8.0, 7.616553, 6.816553, 6.016553, 4.816553, 3.416553, 2.2, 1.482843, 1.248528, 1.848528, 3.129153, 4.826209, 6.523266, 7.937479, 9.063508, 9.908913, 10.055765, 8.075866, 7.658017, 6.663359, 5.385858, 4.107634, 4.507634, 3.145584, 2.297056, 1.895742, 1.962512, 2.387133, 3.011754, 3.748715, 4.378535, 4.823112, 5.075524, 5.327936, 5.385165, 5.202559, 5.019953, 4.962724, 4.905495, 4.828462, 4.934035, 5.059412, 5.116641, 5.263027, 4.263027, 3.263027, 2.243223, 1.16619, 0.0, 0.0, 0.0]"
169,"[0.0, 0.0, 0.0, 0.0, 0.72111, 1.72111, 3.001735, 4.28236, 5.84441, 6.68535, 7.2474, 7.408995, 7.740822, 7.520413, 7.223274, 6.738257, 6.096036, 4.883585, 3.541944, 2.277033, 1.482843, 1.315298, 1.935102, 3.349316, 4.961767, 6.490002, 7.867521, 9.056789, 9.652551, 10.050075, 8.238998, 7.643236, 6.650716, 5.465362, 4.087843, 4.370685, 3.356472, 2.539919, 2.347754, 2.609725, 3.493073, 4.259263, 5.200904, 5.91009, 6.357303, 6.714267, 7.071232, 7.252745, 7.176016, 7.176016, 6.819051, 6.462087, 6.070303, 5.805392, 5.540785, 5.639505, 5.673315, 4.541944, 3.541944, 2.464911, 1.2, 0.0, 0.0, 0.0]"
170,"[0.0, 0.0, 0.0, 0.0, 0.8, 1.819804, 3.234017, 4.690039, 6.39884, 7.307641, 7.900289, 8.098527, 8.084725, 7.818145, 7.275534, 6.663083, 5.616317, 4.374096, 2.931876, 1.765685, 1.165685, 1.494427, 2.636068, 4.159223, 6.056589, 7.810655, 9.070294, 10.069593, 10.700504, 10.891199, 8.737133, 8.291868, 7.215839, 5.9562, 4.315353, 4.515353, 3.006552, 2.024483, 1.57727, 1.762512, 2.387133, 3.264166, 4.058356, 4.952783, 5.486518, 5.828087, 5.917245, 6.006402, 5.664762, 5.498571, 5.226808, 4.955045, 4.613476, 4.413476, 4.213476, 4.143669, 4.143669, 3.319048, 2.519048, 1.719048, 0.894427, 0.0, 0.0, 0.0]"
171,"[0.0, 0.0, 0.0, 0.0, 1.077033, 2.341944, 3.797966, 5.410418, 7.022869, 7.756913, 8.292002, 8.63598, 8.623529, 8.425291, 7.830766, 7.05057, 5.883026, 4.683026, 3.468812, 2.817945, 2.798141, 3.44631, 4.60836, 6.252269, 7.812613, 9.220932, 10.631032, 11.759707, 12.477047, 12.759337, 10.351018, 9.504202, 8.375527, 6.980468, 5.466576, 6.066576, 4.669881, 3.828941, 3.557178, 3.739784, 4.404695, 5.413503, 6.341635, 7.096451, 7.728218, 8.172108, 8.239241, 8.113153, 7.805552, 7.438392, 6.895781, 6.44966, 6.003538, 5.486518, 4.944877, 4.673114, 4.596081, 3.519048, 2.694427, 1.894427, 1.0, 0.0, 0.0, 0.0]"
172,"[0.0, 0.0, 0.0, 0.0, 1.131371, 2.545584, 4.107634, 5.804691, 7.6486, 8.517229, 9.103015, 9.427761, 9.519559, 9.384451, 8.907606, 8.172517, 7.110342, 5.953943, 4.445142, 3.321988, 2.857077, 3.232456, 4.0, 5.611077, 7.221052, 8.65712, 9.890225, 10.964089, 11.586117, 11.812209, 9.576141, 8.954113, 7.894464, 6.461359, 4.946401, 5.512086, 4.301009, 3.9066, 4.123152, 4.858064, 5.941621, 7.18553, 8.009635, 8.636991, 8.992046, 9.153881, 9.121049, 9.07714, 8.833231, 8.422154, 8.011077, 7.416553, 6.636356, 6.113389, 5.87958, 5.610951, 5.736039, 4.716235, 3.639202, 2.473012, 1.341641, 0.0, 0.0, 0.0]"
173,"[0.0, 0.0, 0.0, 0.0, 1.0, 2.280625, 3.722845, 5.44331, 7.330107, 8.216903, 8.725132, 9.180278, 9.168614, 8.93106, 8.458478, 7.886176, 6.81343, 5.737085, 4.370685, 3.239315, 2.655218, 2.907629, 3.616815, 5.122826, 6.89911, 8.429985, 9.685333, 10.785003, 11.43746, 11.541665, 9.378334, 8.766418, 7.666748, 6.30247, 4.939139, 5.571594, 4.699657, 4.252444, 4.440322, 5.096344, 6.113131, 6.973403, 7.86783, 8.572691, 8.905523, 9.045135, 8.948786, 8.772383, 8.244832, 7.898199, 7.275534, 6.740116, 6.204697, 5.782281, 5.54006, 5.638781, 5.903389, 4.826356, 3.806552, 2.606552, 1.341641, 0.0, 0.0, 0.0]"
174,"[0.0, 0.0, 0.0, 0.0, 1.16619, 2.608411, 4.170461, 5.890926, 7.734835, 8.548543, 8.950232, 9.108647, 9.108647, 8.87719, 8.238931, 7.472055, 6.472701, 5.317921, 4.105469, 3.329514, 3.146908, 3.767439, 4.990608, 6.649734, 8.416429, 10.129683, 11.508336, 12.439776, 13.100944, 13.329813, 10.722132, 10.001838, 8.893995, 7.515342, 5.973896, 6.798517, 5.692945, 5.211864, 5.150848, 5.573265, 6.469108, 7.295146, 8.007684, 8.570968, 8.972657, 8.949248, 8.925839, 8.64398, 8.242292, 7.679008, 7.262576, 6.696891, 6.134841, 5.587048, 5.326227, 5.045602, 5.130784, 4.130784, 3.236356, 2.216553, 1.216553, 0.0, 0.0, 0.0]"
175,"[0.0, 0.0, 0.0, 0.0, 1.077033, 2.243223, 3.685444, 5.405909, 7.249818, 8.016694, 8.694412, 8.972657, 8.864643, 8.633186, 8.130918, 7.364042, 6.364687, 5.317921, 4.105469, 3.329514, 3.252481, 3.973591, 5.128371, 6.728371, 8.571004, 10.261729, 11.510234, 12.618196, 13.446623, 13.583888, 10.893163, 10.182338, 9.050967, 7.66476, 6.196209, 7.196209, 6.236114, 5.705248, 5.705248, 6.190265, 6.91073, 7.734835, 8.568644, 9.01322, 9.337966, 9.406356, 9.351301, 9.060102, 8.69646, 8.074575, 7.550632, 6.927968, 6.219167, 5.696013, 5.431101, 5.431101, 5.529822, 4.529822, 3.529822, 2.529822, 1.264911, 0.0, 0.0, 0.0]"
176,"[0.0, 0.0, 0.0, 0.0, 0.824621, 1.901654, 3.243295, 4.685515, 6.40598, 7.301824, 7.921848, 8.142257, 8.262086, 7.983842, 7.429567, 6.626938, 5.630573, 4.268524, 3.026303, 2.307326, 2.23752, 2.936746, 4.445547, 6.304673, 8.093527, 9.774899, 11.117669, 12.016549, 12.565104, 12.770347, 10.264354, 9.543469, 8.277429, 6.689552, 5.048241, 5.848241, 4.682555, 4.340914, 4.487301, 5.028941, 5.841393, 6.732734, 7.576643, 8.254362, 8.474771, 8.559376, 8.361138, 7.931442, 7.087533, 6.525483, 5.676955, 4.983852, 4.202094, 4.002094, 3.802094, 3.953566, 4.449008, 3.816553, 3.016553, 2.216553, 1.216553, 0.0, 0.0, 0.0]"
177,"[0.0, 0.0, 0.0, 0.0, 0.72111, 1.72111, 3.001735, 4.563785, 6.28425, 7.351994, 8.140849, 8.569025, 8.656217, 8.584994, 8.012692, 7.223838, 6.315037, 5.065795, 3.416553, 2.2, 1.647214, 1.741641, 2.783861, 4.504326, 6.504326, 8.319854, 9.688169, 10.791533, 11.33381, 11.459839, 9.197097, 8.496405, 7.117011, 5.748697, 4.222668, 4.855123, 4.014183, 3.847993, 4.234191, 5.076411, 6.164421, 7.163775, 8.007684, 8.570968, 8.972657, 8.949248, 8.642997, 8.079712, 7.235804, 6.240423, 5.391895, 4.610137, 4.154133, 4.154133, 4.305605, 4.657077, 5.438835, 4.614214, 3.614214, 2.614214, 1.414214, 0.0, 0.0, 0.0]"
178,"[0.0, 0.0, 0.0, 0.0, 0.894427, 2.060618, 3.673069, 5.393534, 7.237443, 8.186925, 9.000633, 9.388182, 9.554513, 9.499458, 9.268001, 8.629743, 7.52417, 6.358484, 4.96963, 3.640021, 3.192807, 3.640021, 4.707765, 6.366891, 8.416429, 10.129683, 11.395723, 12.327163, 12.988331, 13.097261, 10.48958, 9.768696, 8.571556, 7.116173, 5.674862, 6.569289, 5.813864, 5.73293, 6.188484, 7.07528, 8.180853, 9.212813, 9.896621, 10.302185, 10.678131, 10.65803, 10.338608, 9.774629, 9.062813, 8.214285, 7.365757, 6.688038, 6.203021, 6.00536, 5.991147, 6.459776, 7.104662, 6.02763, 4.811077, 3.411077, 1.811077, 0.0, 0.0, 0.0]"
179,"[0.0, 0.0, 0.0, 0.0, 0.824621, 2.089532, 3.612687, 5.401541, 7.190396, 8.252571, 8.98766, 9.308414, 9.216616, 9.124818, 8.800071, 8.080696, 7.085315, 5.953945, 4.456888, 3.342052, 2.886048, 3.302431, 4.385988, 6.274049, 8.167776, 9.943155, 11.361525, 12.395564, 12.990785, 13.155838, 10.555838, 9.66141, 8.434151, 6.967422, 5.481233, 6.481233, 5.823749, 5.709368, 6.28167, 7.05072, 8.109846, 9.037602, 9.859292, 10.350788, 10.687963, 10.472746, 10.110676, 9.644401, 8.778264, 7.93286, 7.255141, 6.635118, 5.957866, 5.743652, 5.863027, 6.309288, 6.844707, 5.824903, 4.624903, 3.224903, 1.612452, 0.0, 0.0, 0.0]"
180,"[0.0, 0.0, 0.0, 0.0, 0.632456, 1.526883, 2.603916, 3.820468, 5.234682, 6.01644, 6.722013, 7.24498, 7.428427, 7.414214, 7.2, 6.4, 5.4, 4.2, 2.8, 1.882843, 1.803953, 2.203953, 3.345594, 5.134448, 7.005671, 8.438627, 10.038627, 11.037926, 11.590012, 11.590012, 9.435946, 8.359101, 7.283072, 5.942132, 4.612687, 5.412687, 4.889532, 4.841174, 5.297196, 6.181375, 7.278742, 8.31835, 9.141405, 9.695358, 9.786557, 9.700268, 9.26066, 8.621052, 7.811077, 7.211077, 6.4, 5.624621, 5.049242, 4.69777, 4.629141, 4.795332, 5.312351, 4.48773, 3.639202, 2.507831, 1.341641, 0.0, 0.0, 0.0]"
181,"[0.0, 0.0, 0.0, 0.0, 1.019804, 2.475826, 4.125068, 5.833869, 7.80364, 8.842963, 9.446067, 9.683621, 9.97482, 9.725513, 9.228437, 8.449936, 7.411668, 6.044124, 4.523658, 3.527294, 3.07129, 3.487673, 4.467669, 6.307277, 7.97766, 9.626902, 11.082285, 11.999655, 12.680342, 12.785214, 10.31135, 9.488423, 8.372814, 6.65252, 5.136201, 5.984729, 4.98179, 4.784129, 5.198343, 6.022964, 7.018344, 8.163525, 8.790881, 9.274034, 9.522159, 9.387051, 8.959894, 8.457626, 7.9019, 6.898961, 6.084588, 5.296757, 4.755116, 4.238097, 4.50986, 5.057653, 5.795082, 4.995082, 4.170461, 3.00427, 1.56205, 0.0, 0.0, 0.0]"
182,"[0.0, 0.0, 0.0, 0.0, 1.16619, 2.608411, 4.220862, 6.009717, 7.907083, 8.828954, 9.426342, 9.657799, 9.680022, 9.382655, 8.694594, 7.854986, 6.835698, 5.657077, 4.50429, 3.736746, 3.613779, 4.312312, 5.468711, 7.175563, 8.959717, 10.482684, 11.745207, 12.676647, 13.242875, 13.356088, 10.756088, 9.867777, 8.670637, 7.116534, 5.586712, 6.411333, 5.513966, 5.207364, 5.497196, 6.205996, 7.278742, 8.176108, 9.047617, 9.435504, 9.53778, 9.451491, 9.166576, 8.478514, 7.834606, 7.023529, 6.012452, 5.224621, 4.545731, 4.19426, 4.19426, 4.56045, 5.258983, 4.537873, 3.689345, 2.689345, 1.523155, 0.0, 0.0, 0.0]"
183,"[0.0, 0.0, 0.0, 0.0, 1.0, 2.414214, 3.976263, 5.696729, 7.583525, 8.470321, 8.844962, 8.991713, 8.980048, 8.742494, 8.31172, 7.54267, 6.728296, 5.302338, 4.100309, 3.365398, 3.511784, 4.179407, 6.022593, 7.983699, 9.808173, 11.47041, 12.736787, 13.583971, 14.00408, 14.00408, 11.175652, 10.327124, 8.796131, 7.309345, 5.783564, 6.860597, 6.046889, 6.018882, 6.374297, 7.198402, 8.101268, 9.061107, 9.772922, 10.201895, 10.357986, 10.221996, 9.816432, 9.132624, 8.172785, 7.172785, 6.177404, 5.178049, 4.56045, 4.19426, 4.19426, 4.562284, 5.297196, 4.472574, 3.672574, 2.672574, 1.456022, 0.0, 0.0, 0.0]"
184,"[0.0, 0.0, 0.0, 0.0, 0.894427, 2.060618, 3.502838, 5.064888, 6.761944, 7.711426, 8.389145, 8.667389, 8.717791, 8.362375, 7.860107, 6.910625, 5.822616, 4.493007, 3.434209, 2.725024, 2.907629, 3.924416, 5.53894, 7.536448, 9.433815, 10.956782, 12.171104, 13.052226, 13.455157, 13.431327, 10.831327, 9.86513, 8.542663, 7.059381, 5.630422, 6.761792, 6.206067, 6.273199, 6.782, 7.859033, 8.881728, 9.776155, 10.489069, 11.016336, 10.921396, 10.826456, 10.477184, 9.853568, 9.05972, 8.166785, 7.184692, 6.317699, 5.725052, 5.302635, 5.401356, 5.847477, 6.616528, 5.596724, 4.57692, 3.312009, 1.788854, 0.0, 0.0, 0.0]"
185,"[0.0, 0.0, 0.0, 0.0, 1.16619, 2.507831, 4.120283, 5.909137, 7.878909, 8.610085, 9.308052, 9.705575, 9.716721, 9.54695, 9.249583, 8.409975, 7.2, 5.8, 4.282843, 3.282843, 2.97727, 3.518911, 4.731362, 6.507646, 8.143714, 9.849286, 11.107646, 12.025016, 12.495712, 12.539995, 9.939995, 9.048796, 7.860615, 6.462163, 5.07624, 6.07624, 5.583991, 5.698373, 6.275802, 7.278742, 8.366803, 9.238312, 9.821898, 10.152705, 10.066415, 9.590805, 9.115196, 8.489801, 7.666746, 6.875473, 6.282825, 5.564801, 5.150588, 5.21466, 5.637076, 6.337738, 7.163775, 6.163775, 4.883151, 3.44093, 1.720465, 0.0, 0.0, 0.0]"
186,"[0.0, 0.0, 0.0, 0.0, 1.16619, 2.608411, 4.397265, 6.18612, 8.155891, 9.077762, 9.675149, 9.925903, 9.948126, 9.778354, 9.090293, 8.250685, 7.211077, 6.032456, 4.798141, 4.198141, 4.075174, 4.598329, 5.86324, 7.385615, 9.059479, 10.650779, 11.795957, 12.52918, 13.071708, 13.030949, 10.362616, 9.538192, 8.430758, 7.141809, 5.840075, 6.840075, 6.261077, 6.152136, 6.410495, 7.079125, 8.079125, 8.814214, 9.409975, 9.81995, 9.863859, 9.707768, 9.32022, 8.766266, 7.972844, 7.148739, 6.30483, 5.712182, 5.275964, 5.136445, 5.458282, 5.900502, 6.724607, 5.704803, 4.62777, 3.286129, 1.843909, 0.0, 0.0, 0.0]"
187,"[0.0, 0.0, 0.0, 0.0, 1.077033, 2.600188, 4.212639, 6.099435, 8.099435, 9.022402, 9.625277, 9.992724, 9.949837, 9.670302, 9.282754, 8.322915, 7.343016, 6.064792, 4.744327, 3.852986, 3.686796, 3.967421, 5.1222, 6.848229, 8.535438, 10.081022, 11.628825, 12.453944, 12.873499, 12.873499, 10.327915, 9.343397, 8.359862, 6.980468, 5.591953, 6.591953, 5.825077, 5.604668, 5.880698, 6.473346, 7.360142, 8.169905, 8.798036, 9.325587, 9.421936, 9.243941, 9.065945, 8.552196, 7.847335, 7.215568, 6.5838, 5.874999, 5.418977, 5.434691, 5.799878, 6.335297, 7.124151, 6.124151, 4.843526, 3.401306, 1.788854, 0.0, 0.0, 0.0]"
188,"[0.0, 0.0, 0.0, 0.0, 1.216553, 2.630766, 4.243218, 6.054295, 8.054295, 8.847717, 9.443479, 9.870635, 9.956925, 9.665725, 9.178905, 8.433841, 7.28866, 6.023749, 4.597791, 3.707092, 3.242181, 3.547754, 4.52775, 6.055984, 7.632601, 9.24092, 10.64092, 11.628468, 12.217391, 12.416638, 10.008319, 9.208319, 8.022532, 6.887444, 5.479125, 6.479125, 5.756158, 5.558497, 5.906037, 6.518489, 7.329566, 8.262508, 9.085563, 9.512719, 9.744177, 9.6419, 9.281168, 8.697582, 8.113996, 7.289891, 6.797643, 6.3484, 5.969411, 5.7783, 6.100137, 6.496036, 7.182833, 6.1058, 4.840889, 3.499248, 1.886796, 0.0, 0.0, 0.0]"
189,"[0.0, 0.0, 0.0, 0.0, 1.0, 2.216553, 3.672574, 5.128596, 6.837397, 7.626252, 8.296495, 8.560938, 8.666966, 8.372379, 7.86415, 6.977353, 5.977999, 4.698791, 3.484578, 2.486796, 2.119251, 2.417945, 3.400013, 4.908814, 6.595743, 8.022413, 9.33499, 10.40246, 10.752785, 10.946344, 8.887218, 8.167289, 7.176549, 6.137227, 4.773896, 5.573896, 4.682555, 4.189442, 4.450263, 4.930888, 5.692938, 6.533878, 7.2474, 7.663831, 7.945256, 7.825427, 7.544002, 7.148142, 6.451086, 5.737564, 5.143872, 4.757674, 4.416105, 4.435908, 4.803933, 5.355405, 6.060978, 5.236356, 4.216553, 3.0, 1.6, 0.0, 0.0, 0.0]"
190,"[0.0, 0.0, 0.0, 0.0, 1.077033, 2.418674, 3.941828, 5.55428, 7.274745, 8.041621, 8.543889, 8.717791, 8.667389, 8.389145, 7.82586, 7.148142, 6.172196, 5.05736, 4.015139, 3.455624, 3.289434, 3.848949, 5.1222, 6.7222, 8.409409, 9.954993, 11.365093, 12.335353, 13.026078, 13.179009, 10.633424, 10.068728, 9.07506, 7.826556, 6.606947, 7.823499, 6.914023, 6.672988, 6.753922, 7.121082, 7.874301, 8.62752, 9.25956, 9.824466, 10.203727, 10.077864, 9.952002, 9.513183, 8.881143, 8.249104, 7.670106, 7.167838, 6.684786, 6.670985, 6.777013, 7.209158, 7.711426, 6.545236, 5.103015, 3.540965, 1.843909, 0.0, 0.0, 0.0]"
191,"[0.0, 0.0, 0.0, 0.0, 0.8, 2.0, 3.414214, 5.026665, 6.675907, 7.584708, 8.093509, 8.46815, 8.46815, 8.261128, 7.832952, 7.255522, 6.315196, 5.149958, 3.907737, 3.074326, 2.742955, 2.914231, 4.079469, 5.690546, 7.28294, 8.763291, 10.084427, 10.812916, 11.342779, 11.457237, 9.176886, 8.544747, 7.659829, 6.535441, 5.401179, 6.295606, 5.718176, 5.542779, 5.768447, 6.469108, 7.461477, 8.216903, 8.936278, 9.494058, 9.753491, 9.710604, 9.520864, 9.082914, 8.497128, 7.931442, 7.368158, 6.951727, 6.731318, 6.582015, 6.623824, 6.992441, 7.522893, 6.181252, 4.916341, 3.460319, 1.811077, 0.0, 0.0, 0.0]"
192,"[0.0, 0.0, 0.0, 0.0, 0.8, 2.0, 3.414214, 5.026665, 6.675907, 7.584708, 8.173562, 8.548203, 8.548203, 8.341182, 7.913006, 7.255522, 6.315196, 5.149958, 3.907737, 3.074326, 2.742955, 2.914231, 4.079469, 5.690546, 7.28294, 8.763291, 10.084427, 11.001798, 11.531661, 11.646119, 9.365768, 8.733629, 7.659829, 6.535441, 5.401179, 6.295606, 5.718176, 5.542779, 5.768447, 6.361095, 7.353464, 8.108889, 8.828265, 9.386044, 9.617501, 9.574614, 9.384874, 9.08193, 8.496144, 8.066449, 7.503165, 6.972299, 6.616883, 6.725824, 6.960853, 7.32947, 7.974357, 6.632716, 5.109562, 3.460319, 1.811077, 0.0, 0.0, 0.0]"
193,"[0.0, 0.0, 0.0, 0.0, 1.077033, 2.418674, 3.941828, 5.650629, 7.547996, 8.368329, 8.870597, 9.15852, 9.260796, 8.96343, 8.466063, 7.822154, 6.811077, 5.6, 4.282843, 3.282843, 2.907464, 3.184497, 4.107651, 5.613663, 7.183435, 8.699754, 10.096584, 11.047293, 11.732302, 11.998598, 9.657658, 8.833037, 7.815196, 6.418365, 5.182297, 6.076724, 5.447286, 5.191264, 5.528445, 5.942658, 6.660683, 7.451956, 8.063033, 8.448819, 8.834606, 8.834606, 8.63598, 8.437355, 8.051568, 7.468121, 7.072222, 6.65977, 6.263871, 6.114569, 6.239657, 6.635556, 7.156021, 5.939468, 4.674557, 3.332917, 1.720465, 0.0, 0.0, 0.0]"
194,"[0.0, 0.0, 0.0, 0.0, 0.894427, 2.175052, 3.737102, 5.434158, 7.278067, 8.227549, 8.83372, 9.060525, 8.97592, 8.655166, 8.076168, 7.266405, 6.110006, 4.944768, 3.821613, 3.122388, 3.045355, 3.693524, 4.943367, 6.523266, 8.237931, 9.679242, 11.006298, 11.916923, 12.544705, 12.596735, 10.155424, 9.434539, 8.547323, 7.220267, 5.887886, 6.964919, 6.294675, 5.97421, 6.306037, 7.149946, 7.916822, 8.739877, 9.349852, 9.946473, 10.311636, 10.467727, 10.22812, 10.029221, 9.420149, 8.811077, 8.411077, 8.025291, 7.826665, 7.875907, 7.984708, 8.35448, 9.103597, 7.491145, 5.841903, 4.133102, 2.163331, 0.0, 0.0, 0.0]"
195,"[0.0, 0.0, 0.0, 0.0, 0.72111, 1.887301, 3.329521, 4.771742, 6.560596, 7.548287, 8.090897, 8.297919, 8.46815, 8.093509, 7.584708, 6.875907, 5.826665, 4.414214, 3.0, 2.0, 1.447214, 1.847214, 2.927838, 4.489888, 6.176685, 7.788597, 9.024665, 9.980108, 10.572124, 10.655099, 8.595973, 7.88306, 6.911903, 5.757837, 4.509176, 5.109176, 4.386021, 4.12111, 4.140914, 4.636356, 5.492378, 6.341621, 6.954072, 7.54672, 7.942619, 8.086597, 7.837355, 7.624903, 7.412452, 7.0, 6.6, 6.4, 6.077033, 5.843223, 6.085444, 6.299657, 6.796714, 5.719681, 4.55349, 3.11127, 1.697056, 0.0, 0.0, 0.0]"
196,"[0.0, 0.0, 0.0, 0.0, 0.894427, 1.97146, 3.313101, 4.654742, 6.363542, 7.118358, 7.653776, 7.924587, 7.982946, 7.674145, 7.024903, 6.212452, 5.0, 3.8, 2.6, 2.2, 2.224621, 3.089532, 4.598333, 6.2957, 7.783761, 9.195208, 10.560886, 11.28519, 11.796142, 12.1164, 9.880332, 9.06082, 8.240166, 7.0484, 5.806271, 6.6548, 5.73815, 5.145502, 5.145502, 5.591763, 6.554312, 7.470962, 8.262235, 8.889592, 9.121049, 9.207338, 9.105062, 8.943227, 8.622473, 8.120205, 7.487749, 7.234971, 6.999942, 6.876787, 7.135147, 7.470236, 7.825291, 6.411077, 5.011077, 3.411077, 1.811077, 0.0, 0.0, 0.0]"
197,"[0.0, 0.0, 0.0, 0.0, 1.216553, 2.616553, 4.42763, 6.42763, 8.437605, 9.231027, 9.870635, 9.956925, 9.854291, 9.553117, 9.066296, 8.2916, 7.414037, 6.11667, 5.12898, 4.500252, 4.500252, 5.003603, 6.247512, 7.806753, 9.442148, 10.777236, 12.117646, 13.137301, 13.720515, 13.696685, 11.096685, 10.292247, 9.137484, 7.923162, 6.831383, 8.047935, 7.25372, 6.88656, 6.679538, 6.98579, 7.656034, 8.391123, 9.049482, 9.770592, 10.109253, 10.192228, 9.981083, 9.689883, 9.235353, 8.699382, 8.252765, 7.987065, 7.720485, 7.573734, 7.747636, 7.921538, 8.242292, 6.800071, 5.238021, 3.540965, 1.843909, 0.0, 0.0, 0.0]"
198,"[0.0, 0.0, 0.0, 0.0, 1.280625, 2.842675, 4.686584, 6.666483, 8.792512, 9.675218, 10.276499, 10.491716, 10.481588, 10.144414, 9.689883, 8.982575, 8.089639, 6.968396, 6.004162, 5.095362, 4.904251, 5.261215, 6.382458, 7.898777, 9.628599, 11.083982, 12.424392, 13.318185, 13.840809, 13.941576, 11.221282, 10.593786, 9.57413, 8.359808, 7.07086, 8.351485, 7.557637, 7.236883, 7.296442, 7.663601, 8.280343, 8.807894, 9.343866, 9.871133, 10.221458, 10.210888, 10.127912, 10.068786, 9.553184, 9.056107, 8.731361, 8.457016, 7.980171, 7.782861, 8.06472, 8.346579, 8.744102, 7.220948, 5.697793, 3.853884, 2.009975, 0.0, 0.0, 0.0]"
199,"[0.0, 0.0, 0.0, 0.0, 0.894427, 2.060618, 3.502838, 5.223303, 7.067212, 7.869841, 8.54756, 8.825804, 8.825804, 8.594347, 8.238931, 7.561213, 6.735175, 5.580395, 4.567944, 4.050924, 3.884734, 4.432527, 5.587307, 7.150637, 8.832009, 10.338002, 11.579063, 12.458598, 12.895267, 12.919097, 10.413104, 9.699594, 8.888448, 7.850498, 6.734889, 8.07653, 7.629913, 7.490301, 7.77216, 8.201855, 8.899822, 9.416276, 10.003101, 10.439543, 10.683696, 10.541455, 10.471618, 9.944351, 9.372801, 8.99354, 8.804975, 8.484445, 8.424887, 8.559995, 8.861169, 9.152369, 9.703126, 8.053884, 6.209975, 4.2, 2.2, 0.0, 0.0, 0.0]"
200,"[0.0, 0.0, 0.0, 0.0, 0.632456, 1.526883, 2.603916, 3.945556, 5.387777, 6.317371, 7.12, 7.605017, 7.705597, 7.605017, 7.209158, 6.406529, 5.476934, 4.317557, 3.375916, 2.656939, 2.483622, 2.982537, 4.261745, 5.705654, 7.421771, 9.033041, 10.407663, 11.351606, 11.924306, 11.997044, 9.664663, 8.947524, 8.053983, 6.917999, 5.848121, 7.113032, 6.738391, 6.52594, 7.045315, 7.679125, 8.414214, 9.0, 9.6, 9.809975, 10.01995, 9.831027, 9.642104, 9.254556, 8.658794, 8.261271, 7.850194, 7.639117, 7.626665, 7.812452, 8.0, 8.4, 8.809975, 7.209975, 5.609975, 3.809975, 2.009975, 0.0, 0.0, 0.0]"
201,"[0.0, 0.0, 0.0, 0.0, 0.894427, 2.236068, 3.759223, 5.408465, 7.252374, 8.201855, 8.660215, 8.948137, 9.142804, 8.948137, 8.56025, 7.976803, 7.18553, 6.166242, 5.23811, 4.676515, 4.724874, 5.161092, 6.233837, 7.853667, 9.744917, 11.34357, 12.933858, 14.166986, 14.956541, 14.778545, 11.914981, 11.201052, 10.129683, 8.896554, 7.901325, 9.501325, 8.781396, 8.566179, 8.512721, 8.988331, 9.476392, 10.144291, 10.580733, 11.017175, 11.165182, 11.313189, 11.042813, 10.772437, 10.303163, 9.878172, 9.453181, 9.254283, 9.088217, 9.121049, 9.398033, 9.741022, 10.346554, 8.502645, 6.658736, 4.570675, 2.416609, 0.0, 0.0, 0.0]"
202,"[0.0, 0.0, 0.0, 0.0, 1.2, 2.6, 4.212452, 6.222427, 8.458495, 9.346556, 10.100622, 10.724238, 10.601059, 10.251788, 9.884191, 9.172346, 8.102468, 7.110099, 6.023303, 5.197265, 4.755045, 5.003068, 5.95255, 7.278579, 9.212579, 11.185792, 12.744793, 14.024984, 15.023054, 14.914921, 11.941708, 11.409805, 10.129614, 8.70257, 7.424497, 8.766138, 7.780848, 7.549391, 7.452335, 8.010114, 8.868474, 9.612452, 10.209072, 10.818144, 11.054212, 10.89382, 10.733428, 10.173598, 9.613768, 8.833722, 8.250136, 7.82298, 7.786189, 7.736947, 8.280925, 9.033975, 9.630596, 8.018144, 6.418144, 4.418144, 2.209072, 0.0, 0.0, 0.0]"
203,"[0.0, 0.0, 0.0, 0.0, 0.848528, 1.979899, 3.394113, 5.091169, 6.811634, 7.849902, 8.507385, 8.801973, 8.754159, 8.682936, 8.210353, 7.638051, 6.949054, 5.932268, 4.730239, 3.916026, 3.719277, 3.964384, 5.040729, 6.681577, 8.361928, 10.010457, 11.573973, 12.891721, 13.632087, 13.959417, 11.291084, 10.671729, 9.489089, 8.369463, 7.103423, 8.384047, 7.737025, 7.505568, 7.683563, 8.228719, 9.00722, 9.504296, 10.055175, 10.33171, 10.444914, 10.229696, 10.014479, 9.695057, 9.093777, 8.655827, 8.373968, 8.250524, 8.12708, 8.353884, 8.761606, 9.353622, 9.869225, 8.14876, 6.359905, 4.390134, 2.236068, 0.0, 0.0, 0.0]"
204,"[0.0, 0.0, 0.0, 0.0, 1.0, 2.414214, 3.976263, 5.696729, 7.583525, 8.642651, 9.198209, 9.533525, 9.710427, 9.472873, 8.827961, 8.074742, 7.001996, 5.82574, 4.808953, 4.219361, 4.079841, 4.964021, 6.212682, 7.816294, 9.521495, 11.164757, 12.368, 13.261792, 13.889289, 13.990056, 11.269762, 10.593786, 9.627588, 8.472825, 7.284456, 8.698669, 7.904822, 7.53061, 7.53061, 7.985756, 8.659604, 9.305445, 9.870351, 10.315616, 10.572316, 10.454026, 10.335736, 10.036529, 9.671318, 9.306106, 9.045135, 8.784165, 8.839219, 8.861442, 8.883664, 9.383936, 9.875135, 8.031226, 6.220149, 4.409072, 2.2, 0.0, 0.0, 0.0]"
205,"[0.0, 0.0, 0.0, 0.0, 1.16619, 2.689345, 4.398146, 6.486207, 8.525815, 9.399232, 10.08515, 10.376349, 10.288288, 10.059757, 9.632601, 8.837742, 7.837742, 6.662363, 5.416972, 4.629141, 4.214928, 4.614928, 5.790307, 7.63294, 9.408319, 11.208319, 12.615453, 13.642002, 14.06211, 14.092699, 11.292699, 10.694638, 9.479166, 8.250739, 6.88506, 8.226701, 7.298254, 6.90139, 6.86344, 7.210981, 7.589805, 8.195976, 8.781763, 9.063622, 9.295079, 9.27167, 9.08193, 8.778987, 8.497128, 8.215269, 7.960433, 7.875828, 7.791223, 7.937974, 8.273291, 8.728437, 9.204047, 7.591595, 5.882794, 3.985428, 2.088061, 0.0, 0.0, 0.0]"
206,"[0.0, 0.0, 0.0, 0.0, 1.019804, 2.434017, 4.034017, 5.845094, 7.689003, 8.513108, 8.996261, 9.185116, 9.162893, 8.931436, 8.529747, 7.798571, 6.904144, 5.51529, 4.350052, 3.628941, 3.539784, 4.101379, 5.598745, 7.305598, 9.001097, 10.787628, 12.284571, 13.340169, 13.793784, 13.984855, 11.121291, 10.227453, 9.063342, 7.978816, 6.785349, 8.185349, 7.540436, 7.207604, 7.207604, 7.582245, 8.152016, 8.707574, 9.221324, 9.595536, 9.894743, 9.822338, 9.749933, 9.429403, 9.181279, 8.74246, 8.553894, 8.365328, 8.50494, 8.644553, 9.054436, 9.508966, 10.080516, 8.291662, 6.502808, 4.443682, 2.280351, 0.0, 0.0, 0.0]"
207,"[0.0, 0.0, 0.0, 0.0, 1.16619, 2.608411, 4.45232, 6.432219, 8.558248, 9.392058, 10.113168, 10.328385, 10.318258, 9.901029, 9.60983, 8.78814, 7.895204, 6.773961, 5.889781, 4.98098, 4.716373, 5.073337, 6.013663, 7.343108, 8.884048, 10.592693, 11.981582, 13.104771, 13.86275, 14.190142, 11.404465, 10.580482, 9.565805, 8.176915, 6.674773, 7.806144, 6.998707, 6.442981, 6.442981, 6.732813, 7.250684, 7.619302, 7.986462, 8.172108, 8.50494, 8.46815, 8.431359, 8.33501, 8.238661, 7.791447, 7.70215, 7.612853, 7.456424, 7.493214, 7.96265, 8.449471, 8.936292, 7.48027, 5.831027, 4.01995, 2.009975, 0.0, 0.0, 0.0]"
208,"[0.0, 0.0, 0.0, 0.0, 1.0, 2.280625, 3.722845, 5.609642, 7.398496, 8.552562, 9.311545, 9.908932, 10.032111, 9.855708, 9.101642, 8.262034, 7.022427, 5.459665, 4.294427, 3.526883, 3.346687, 4.069841, 5.710689, 7.543826, 9.385234, 11.033763, 12.178941, 12.919307, 13.467383, 13.601201, 10.932868, 10.473607, 9.294423, 7.98915, 6.547659, 7.828284, 7.061433, 6.753831, 6.753831, 7.296442, 7.724617, 8.071251, 8.883676, 9.149376, 9.327372, 9.407425, 9.231022, 8.797422, 8.621019, 8.346674, 8.170271, 8.346674, 8.71427, 9.18988, 9.857779, 10.481396, 11.125646, 9.037585, 6.949524, 4.669173, 2.433105, 0.0, 0.0, 0.0]"
209,"[0.0, 0.0, 0.0, 0.0, 1.131371, 2.411996, 3.974046, 5.694511, 7.581307, 8.419708, 9.108854, 9.444171, 9.567615, 9.330061, 8.972741, 8.219522, 7.341959, 6.130506, 4.928477, 3.916026, 3.5939, 3.915737, 4.806436, 6.148077, 7.517849, 8.777487, 9.965669, 10.916377, 11.407874, 11.47771, 9.323644, 8.637731, 7.61989, 6.505729, 5.632312, 6.632312, 5.865436, 5.486447, 5.536809, 5.82664, 6.475883, 7.048092, 7.620301, 7.859771, 7.859771, 7.733683, 7.607595, 7.481508, 7.54864, 7.54864, 7.481508, 7.414375, 7.347243, 7.436539, 7.780517, 8.324496, 8.878449, 7.422427, 5.809975, 4.009975, 2.009975, 0.0, 0.0, 0.0]"
210,"[0.0, 0.0, 0.0, 0.0, 1.0, 2.280625, 3.722845, 5.44331, 7.423209, 8.403108, 9.122484, 9.567059, 9.635449, 9.444404, 8.98766, 8.3293, 7.336931, 6.113762, 4.772122, 3.881423, 3.434209, 3.820407, 4.816771, 6.090023, 7.457567, 8.726471, 9.951839, 10.895781, 11.411384, 11.647452, 9.484122, 8.766983, 7.602631, 6.647188, 5.542491, 6.436918, 5.667868, 5.346031, 5.265406, 5.548249, 6.053821, 6.646469, 7.239117, 7.651568, 7.849806, 8.099048, 7.942619, 7.744381, 7.587951, 7.389713, 7.154685, 7.311114, 7.496901, 7.640879, 8.037742, 8.633504, 9.06066, 7.46066, 5.86066, 4.049583, 2.039608, 0.0, 0.0, 0.0]"
211,"[0.0, 0.0, 0.0, 0.0, 1.414214, 3.026665, 4.870574, 7.106642, 9.386993, 10.25313, 10.981619, 11.30104, 11.228303, 10.947952, 10.51151, 9.612791, 8.791101, 7.522197, 6.322197, 5.372716, 4.779023, 4.879603, 5.965075, 7.427817, 9.078974, 10.77603, 12.176344, 13.080886, 13.818144, 13.992854, 11.447269, 10.604735, 9.564203, 8.408112, 6.819189, 8.160829, 7.42574, 7.037854, 6.806396, 7.287477, 7.558288, 8.104454, 8.492341, 8.723798, 8.955255, 8.992046, 9.024878, 8.830211, 8.635545, 8.440878, 8.440878, 8.408046, 8.569881, 9.129711, 9.888787, 10.647864, 11.236787, 9.42571, 7.216638, 4.808319, 2.4, 0.0, 0.0, 0.0]"
212,"[0.0, 0.0, 0.0, 0.0, 0.824621, 2.089532, 3.545554, 5.254355, 7.224126, 8.18836, 8.923449, 9.447326, 9.582434, 9.456571, 9.109937, 8.109937, 6.978566, 5.767113, 4.55566, 3.834549, 3.834549, 4.428242, 5.639695, 7.287591, 9.174161, 10.781842, 12.11811, 13.137766, 13.81038, 13.88598, 11.278299, 10.469582, 9.394872, 8.054359, 6.813298, 8.255519, 7.808902, 7.728848, 7.765639, 7.97266, 8.427806, 8.802018, 8.990584, 9.311114, 9.631643, 9.523131, 9.414618, 9.487023, 9.306106, 9.306106, 9.487023, 9.595536, 9.906115, 10.591124, 11.095216, 11.599308, 12.370274, 10.089923, 7.61606, 5.142196, 2.668333, 0.0, 0.0, 0.0]"
213,"[0.0, 0.0, 0.0, 0.0, 0.824621, 2.041174, 3.690416, 5.399217, 7.296583, 8.441734, 9.225181, 9.419848, 9.554956, 9.354646, 8.516245, 7.647616, 6.652235, 5.440782, 4.343725, 3.933465, 3.802094, 4.650622, 5.998066, 7.524095, 9.211303, 10.931597, 11.842222, 12.640812, 13.293272, 13.390945, 10.670651, 10.226301, 9.291721, 8.357141, 7.293369, 8.73559, 8.095413, 7.960305, 7.825197, 8.032219, 8.487365, 8.861577, 9.050143, 9.311114, 9.631643, 9.443077, 9.334565, 9.40697, 9.226053, 9.153648, 9.342214, 9.450726, 9.954818, 10.639827, 11.216323, 11.98729, 12.758256, 10.284392, 7.810529, 5.336666, 2.668333, 0.0, 0.0, 0.0]"
214,"[0.0, 0.0, 0.0, 0.0, 1.216553, 2.630766, 4.230766, 6.030766, 7.841843, 8.469199, 8.898895, 9.196261, 9.105062, 8.81714, 8.314872, 7.547996, 6.545056, 5.636256, 4.745556, 4.252444, 4.456036, 5.003829, 5.816281, 7.070621, 8.385424, 9.38515, 10.351248, 11.147116, 11.668638, 11.768049, 9.487698, 9.059279, 8.348016, 7.501747, 6.681226, 8.022866, 7.307879, 7.066844, 6.919008, 7.089239, 7.558675, 8.137673, 8.294103, 8.529131, 8.565922, 8.404087, 8.209421, 8.246211, 8.209421, 8.371255, 8.53309, 8.893823, 9.244581, 9.832129, 10.221052, 11.009975, 11.607681, 9.607681, 7.407681, 5.207681, 2.607681, 0.0, 0.0, 0.0]"
215,"[0.0, 0.0, 0.0, 0.0, 1.16619, 2.507831, 4.030986, 5.739787, 7.637153, 8.314872, 8.784308, 9.061153, 9.152353, 8.854986, 8.411077, 7.8, 7.0, 6.024621, 5.145731, 4.466842, 4.343875, 4.560427, 5.348258, 6.471056, 7.789554, 8.992872, 10.117259, 10.845748, 11.342779, 11.457237, 9.176886, 8.805717, 8.173578, 7.28866, 6.548808, 7.948808, 7.39325, 7.098663, 7.098663, 7.333691, 7.582934, 7.817962, 8.052991, 8.246211, 8.246211, 8.246211, 8.246211, 8.246211, 8.246211, 8.30577, 8.365328, 8.685858, 9.006387, 9.416271, 9.943538, 10.470805, 11.007026, 9.037255, 6.978129, 4.742061, 2.505993, 0.0, 0.0, 0.0]"
216,"[0.0, 0.0, 0.0, 0.0, 0.894427, 1.97146, 3.236371, 4.848823, 6.6599, 7.565473, 8.299517, 8.647057, 8.683848, 8.137682, 7.414715, 6.680671, 5.89284, 4.843598, 4.211143, 3.85522, 3.672614, 4.014183, 5.122984, 6.4603, 7.798316, 9.236269, 10.40246, 11.254909, 11.846387, 12.19558, 9.863199, 9.417615, 8.743161, 7.970766, 6.904088, 8.55333, 8.278985, 8.203266, 8.225489, 8.694925, 9.055658, 9.453181, 9.681712, 9.910243, 9.943075, 9.744177, 9.545279, 9.34958, 9.121049, 9.088217, 9.287115, 9.476038, 9.832129, 10.421052, 11.209975, 11.8, 12.4, 10.2, 7.8, 5.2, 2.6, 0.0, 0.0, 0.0]"
217,"[0.0, 0.0, 0.0, 0.0, 1.0, 2.280625, 3.694838, 5.391895, 7.235804, 8.1226, 8.630829, 9.00547, 9.017215, 8.69646, 8.265686, 7.741743, 7.029921, 6.042231, 5.240187, 4.608786, 4.363678, 4.486646, 5.377987, 6.666852, 8.051303, 9.431499, 10.639818, 11.635047, 12.232753, 12.432, 10.032, 9.832753, 8.825072, 7.817391, 6.823286, 8.279308, 7.59339, 7.516545, 7.528996, 7.823584, 8.156416, 8.422116, 8.687815, 8.864218, 8.944272, 8.678572, 8.598519, 8.422116, 8.245713, 8.06931, 8.158607, 8.170271, 8.683849, 9.197426, 9.711004, 10.659802, 11.500587, 9.374558, 7.248529, 5.122499, 2.56125, 0.0, 0.0, 0.0]"
218,"[0.0, 0.0, 0.0, 0.0, 1.0, 2.2, 3.6, 5.2, 7.209975, 8.21995, 9.059558, 9.368359, 9.47716, 9.079636, 8.682112, 7.984145, 7.352378, 6.468198, 5.655746, 4.764405, 4.271292, 4.32563, 4.94323, 5.863695, 7.268614, 8.546115, 9.540773, 10.361294, 10.903571, 10.903571, 8.777542, 8.495421, 7.79473, 7.094038, 6.410229, 7.75187, 7.363983, 7.257955, 7.151927, 7.358949, 7.66655, 8.250136, 8.882176, 9.134954, 9.194513, 9.194513, 8.804147, 8.239241, 7.986462, 7.691875, 7.456846, 7.807604, 8.284449, 9.028427, 10.014214, 11.2, 11.8, 9.8, 7.6, 5.2, 2.6, 0.0, 0.0, 0.0]"
219,"[0.0, 0.0, 0.0, 0.0, 0.8, 1.8, 3.214214, 4.628427, 6.277669, 7.18647, 7.709625, 7.907863, 7.93587, 7.728848, 7.151418, 6.628263, 5.736922, 4.927157, 3.884937, 3.319251, 3.213678, 3.623939, 4.553533, 5.997442, 7.411656, 8.643258, 9.637916, 10.356217, 10.792659, 10.938789, 8.81276, 8.53064, 7.812339, 7.094038, 6.30965, 7.832804, 7.444917, 7.53211, 7.813969, 8.316237, 8.636991, 9.024878, 9.273002, 9.32646, 9.379918, 9.244809, 9.109701, 8.861577, 8.613453, 8.328538, 8.232188, 8.323388, 8.674145, 9.233975, 10.221524, 11.209072, 12.009072, 10.009072, 7.8, 5.2, 2.6, 0.0, 0.0, 0.0]"
220,"[0.0, 0.0, 0.0, 0.0, 1.0, 2.216553, 3.672574, 5.321817, 7.030617, 8.000389, 8.670633, 8.935076, 9.129742, 8.982992, 8.427434, 7.672008, 6.951543, 5.74009, 4.77804, 4.258254, 4.293073, 4.735294, 5.664888, 6.951684, 8.220588, 9.386778, 10.450551, 11.30511, 11.834923, 12.012532, 9.680151, 9.14393, 8.516175, 7.820031, 7.041141, 8.603191, 8.195469, 8.12708, 8.195469, 8.692545, 9.189621, 9.686698, 10.129563, 10.340709, 10.281583, 10.066366, 10.00724, 9.564374, 9.284839, 9.073693, 9.018639, 8.916005, 9.092907, 9.652793, 10.337802, 11.21728, 12.183478, 10.286111, 8.00576, 5.531897, 2.863564, 0.0, 0.0, 0.0]"
221,"[0.0, 0.0, 0.0, 0.0, 1.077033, 2.341944, 3.797966, 5.410418, 7.420393, 8.353335, 9.088424, 9.642377, 9.679168, 9.318435, 8.764482, 8.029393, 7.039221, 6.2146, 5.197814, 4.462902, 4.092418, 4.238804, 4.856404, 6.012803, 7.178489, 8.616442, 9.891563, 10.890654, 11.54311, 11.782343, 9.449963, 8.85256, 7.973299, 7.14444, 6.360051, 7.816073, 7.386378, 7.436779, 7.436779, 8.105114, 8.659067, 9.254828, 9.681985, 10.109141, 10.138774, 9.778041, 9.417308, 9.026942, 8.443357, 7.817962, 7.76872, 7.731929, 8.092662, 8.872708, 9.8916, 10.922189, 11.97807, 9.968095, 7.732027, 5.298922, 2.668333, 0.0, 0.0, 0.0]"
222,"[0.0, 0.0, 0.0, 0.0, 0.824621, 1.901654, 3.243295, 4.766449, 6.378901, 7.11633, 7.601347, 7.821756, 7.740822, 7.570591, 7.174731, 6.689714, 5.848775, 4.97224, 3.930019, 3.363829, 3.181223, 3.626303, 4.583772, 5.972627, 7.526692, 8.973205, 10.087366, 11.038075, 11.723084, 11.805086, 9.464146, 8.892595, 7.941887, 6.910244, 6.116396, 7.53061, 7.383859, 7.58117, 8.025745, 8.30399, 8.889776, 9.453755, 9.85932, 10.098553, 10.357986, 10.055043, 9.62607, 9.197097, 8.633118, 8.26567, 8.181066, 8.272864, 8.663869, 9.442759, 10.360129, 11.533355, 12.530179, 10.442117, 8.101177, 5.571355, 2.785678, 0.0, 0.0, 0.0]"
223,"[0.0, 0.0, 0.0, 0.0, 1.0, 2.280625, 4.00109, 5.887886, 7.857658, 8.755024, 9.318308, 9.441752, 9.366033, 9.008713, 8.511346, 7.867437, 7.043332, 6.056877, 5.01011, 4.331221, 4.151025, 4.347773, 5.123152, 6.368544, 7.856506, 9.07277, 10.330081, 11.203944, 11.86673, 11.938009, 9.701941, 9.125444, 8.300823, 7.439411, 6.75906, 8.173274, 7.799062, 7.85862, 8.035023, 8.404795, 8.960353, 9.591264, 10.036529, 10.335736, 10.263331, 10.137469, 9.827312, 9.322488, 8.943227, 8.569015, 8.337558, 8.214114, 8.261928, 8.815869, 9.555456, 10.488589, 11.313708, 9.616652, 7.353911, 5.091169, 2.545584, 0.0, 0.0, 0.0]"
224,"[0.0, 0.0, 0.0, 0.0, 1.216553, 2.630766, 4.243218, 6.054295, 7.854295, 8.647717, 9.273112, 9.700268, 9.786557, 9.695358, 9.208538, 8.510571, 7.490767, 6.418021, 5.341676, 4.667049, 4.491599, 4.914016, 5.798195, 7.135511, 8.523051, 9.798172, 10.797263, 11.649711, 12.24119, 12.413441, 9.972129, 9.530818, 8.58202, 7.543925, 6.591628, 8.20408, 7.80408, 8.002705, 8.489526, 9.043479, 9.640099, 10.249172, 10.638095, 10.837192, 11.027217, 10.618144, 10.209072, 9.809072, 9.2, 8.612452, 8.461694, 8.370495, 8.457291, 8.916417, 9.636346, 10.594785, 11.664473, 9.777677, 7.718551, 5.38617, 2.778489, 0.0, 0.0, 0.0]"
225,"[0.0, 0.0, 0.0, 0.0, 0.72111, 1.72111, 2.852481, 4.266695, 5.828745, 6.828099, 7.440551, 7.832335, 7.874143, 7.726307, 7.222394, 6.629747, 5.906592, 4.85057, 3.636356, 2.819804, 2.4, 2.424621, 3.101654, 4.357676, 5.606918, 6.850827, 8.065814, 8.998756, 9.552709, 9.913442, 8.069533, 7.642377, 6.848954, 5.916012, 4.906037, 5.754565, 5.308304, 5.433392, 5.879514, 6.402669, 7.166592, 7.789256, 8.060067, 8.257377, 8.296272, 8.126041, 7.779408, 7.333146, 6.689714, 6.392575, 6.166907, 6.124687, 6.558497, 7.281464, 7.816553, 8.8, 9.8, 8.2, 6.4, 4.6, 2.4, 0.0, 0.0, 0.0]"
226,"[0.0, 0.0, 0.0, 0.0, 1.16619, 2.507831, 4.120283, 6.007079, 8.007079, 8.820788, 9.605176, 9.992724, 9.992724, 9.781579, 9.324834, 8.540446, 7.617479, 6.451793, 5.295394, 4.37224, 3.925026, 4.014183, 4.905525, 6.061924, 7.697991, 9.220173, 10.583805, 11.501176, 12.242144, 12.286426, 9.869817, 9.237362, 8.41634, 7.49897, 6.499244, 7.779869, 7.324723, 7.404776, 7.501125, 8.117867, 8.807014, 9.518859, 9.966073, 10.316398, 10.478158, 10.29724, 9.755626, 9.13201, 8.596038, 7.992934, 7.618293, 7.405842, 7.604467, 8.091288, 8.645241, 9.639346, 10.869935, 9.058858, 7.048883, 5.038908, 2.630589, 0.0, 0.0, 0.0]"
227,"[0.0, 0.0, 0.0, 0.0, 0.894427, 2.060618, 3.583772, 5.292573, 7.136482, 8.085964, 8.73085, 9.007696, 8.898895, 8.654986, 8.211077, 7.4, 6.4, 5.4, 4.082843, 3.082843, 2.682843, 3.082843, 3.882843, 5.4, 7.0, 8.6, 9.808319, 10.816638, 11.449743, 11.658815, 9.458815, 8.861573, 8.053254, 7.020149, 6.011077, 7.08811, 6.618674, 6.460894, 6.622944, 6.984994, 7.75187, 8.254138, 8.698714, 9.02346, 9.181875, 8.950418, 8.44815, 8.003574, 7.282968, 6.693874, 6.081423, 5.905972, 5.986906, 6.529517, 7.295512, 8.383574, 9.305445, 7.78229, 6.073489, 4.176123, 2.088061, 0.0, 0.0, 0.0]"
228,"[0.0, 0.0, 0.0, 0.0, 1.0, 2.280625, 3.842675, 5.539731, 7.539731, 8.703062, 9.481563, 9.889285, 10.089595, 9.933504, 9.382625, 8.737712, 7.787745, 6.490378, 4.929312, 3.71686, 3.023757, 3.170143, 4.012364, 5.449986, 7.109112, 8.62407, 10.05788, 11.145481, 11.765956, 11.987181, 9.751113, 9.04848, 8.041812, 6.981497, 5.981771, 7.147961, 6.515506, 6.604803, 6.936629, 7.499913, 8.343698, 9.118395, 9.545551, 9.972707, 10.026165, 9.913557, 9.523191, 8.897797, 8.074742, 7.577375, 7.094222, 7.094222, 7.388809, 8.142028, 8.978096, 10.069875, 10.926626, 9.217825, 7.248054, 5.011986, 2.505993, 0.0, 0.0, 0.0]"
229,"[0.0, 0.0, 0.0, 0.0, 0.894427, 2.060618, 3.402258, 4.925413, 6.574655, 7.32947, 7.775731, 8.034091, 8.110936, 8.061694, 7.612452, 7.0, 6.0, 4.8, 3.2, 2.4, 2.2, 2.816553, 3.872574, 5.485026, 6.896103, 8.296103, 9.479551, 10.423529, 11.011077, 11.4, 9.2, 8.6, 7.8, 6.816553, 5.958193, 7.089564, 6.570189, 6.582641, 6.97854, 7.523695, 8.27912, 8.885292, 9.159636, 9.433981, 9.547185, 9.660389, 9.494058, 9.049482, 8.504326, 7.960348, 7.374562, 7.254097, 7.411876, 7.870236, 8.414214, 9.2, 10.0, 8.4, 6.6, 4.6, 2.4, 0.0, 0.0, 0.0]"
230,"[0.0, 0.0, 0.0, 0.0, 1.131371, 2.573591, 4.294056, 6.180853, 8.150624, 8.91662, 9.514007, 9.803517, 9.716721, 9.34695, 8.863796, 8.040741, 6.830766, 5.630766, 4.313609, 3.299395, 2.97727, 3.518911, 4.627711, 6.242235, 8.122586, 9.702022, 11.188809, 12.110597, 12.84382, 12.971788, 10.497925, 9.679473, 8.698126, 7.590691, 6.624593, 8.038806, 7.471051, 7.434261, 7.699961, 8.227512, 9.049366, 9.843213, 10.46683, 10.914043, 11.003398, 10.826456, 10.477184, 10.029971, 9.317057, 8.781086, 8.371202, 8.084406, 8.106629, 8.593449, 9.306362, 10.287709, 11.356042, 9.544965, 7.53499, 5.298922, 2.668333, 0.0, 0.0, 0.0]"
231,"[0.0, 0.0, 0.0, 0.0, 0.824621, 1.901654, 3.243295, 4.685515, 6.247565, 7.12, 7.763433, 8.034243, 8.115177, 7.818039, 7.337535, 6.636874, 5.624422, 4.301267, 3.036356, 2.219804, 1.832456, 2.232456, 3.31308, 4.925532, 6.412328, 8.015941, 9.356881, 10.417196, 11.145684, 11.346949, 9.110881, 8.667308, 7.849523, 6.674773, 5.867336, 7.033527, 6.401071, 6.29213, 6.738391, 7.301675, 7.979394, 8.558392, 8.988087, 9.219544, 9.219544, 9.084436, 8.696549, 8.308662, 7.681306, 7.237397, 6.928596, 7.072574, 7.216553, 8.0, 8.639608, 9.475676, 10.111744, 8.511744, 6.511744, 4.472136, 2.236068, 0.0, 0.0, 0.0]"
232,"[0.0, 0.0, 0.0, 0.0, 1.0, 2.216553, 3.672574, 5.381375, 7.090176, 7.810641, 8.437997, 8.679032, 8.532281, 8.265701, 7.82586, 6.981952, 6.006006, 4.726798, 3.484578, 2.403953, 1.969638, 2.248528, 3.24631, 4.766775, 6.546674, 8.107018, 9.515337, 10.643031, 11.330885, 11.631337, 9.505308, 8.817454, 7.971185, 6.843491, 5.904781, 7.121333, 6.600868, 6.438818, 6.758193, 7.216553, 7.8, 8.6, 9.2, 9.6, 9.6, 9.6, 9.2, 8.8, 8.2, 7.8, 7.414214, 7.270236, 7.19339, 7.680186, 8.280186, 9.198354, 10.183643, 8.660488, 6.773692, 4.773692, 2.441311, 0.0, 0.0, 0.0]"
233,"[0.0, 0.0, 0.0, 0.0, 0.894427, 2.159338, 3.682493, 5.471347, 7.358143, 8.463716, 9.178704, 9.499458, 9.5974, 9.5974, 9.120555, 8.482297, 7.715421, 6.46108, 4.857127, 3.533972, 2.758017, 2.680984, 3.390169, 4.827791, 6.4717, 8.032044, 9.294786, 10.361464, 11.049318, 11.48576, 9.35973, 8.940898, 8.094629, 6.966935, 5.852774, 7.069327, 6.625418, 6.477581, 6.846199, 7.523917, 8.151274, 8.790881, 9.416276, 9.777009, 9.744177, 9.711345, 9.284189, 8.857032, 8.303079, 7.948024, 7.660102, 7.660102, 7.891559, 8.561566, 9.368286, 10.390716, 11.606691, 9.762782, 7.636753, 5.374012, 2.828427, 0.0, 0.0, 0.0]"
234,"[0.0, 0.0, 0.0, 0.0, 1.0, 2.4, 4.012452, 5.85636, 7.753727, 8.651094, 9.220865, 9.49521, 9.651301, 9.315984, 8.980668, 8.291521, 7.253253, 5.818938, 4.656888, 3.542052, 2.982537, 3.3002, 4.346966, 5.833762, 7.666899, 9.354108, 10.733502, 11.811775, 12.470563, 12.598531, 10.190213, 9.770657, 8.923841, 8.098722, 7.213558, 8.66958, 7.943551, 7.712093, 7.802705, 8.289526, 9.042576, 9.851648, 10.448269, 10.846264, 11.036289, 10.827217, 10.418144, 10.020149, 9.423529, 8.872771, 8.522013, 8.510867, 8.586587, 9.137466, 9.768574, 10.680582, 11.452977, 9.566181, 7.40285, 5.122499, 2.56125, 0.0, 0.0, 0.0]"
235,"[0.0, 0.0, 0.0, 0.0, 1.077033, 2.418674, 3.941828, 5.839195, 7.878803, 8.841378, 9.708809, 10.385654, 10.498263, 10.498263, 10.302564, 9.549514, 8.691155, 7.575607, 6.135999, 4.574933, 3.718911, 3.37727, 3.882843, 4.895294, 6.612452, 8.221524, 9.629843, 10.837524, 11.658177, 12.091282, 9.88221, 9.513499, 8.716895, 7.68379, 6.515596, 7.681786, 6.922803, 6.52594, 6.846405, 7.425403, 8.422543, 9.305249, 10.017065, 10.2966, 10.43259, 10.113168, 9.646893, 9.082914, 8.525135, 8.06839, 7.680503, 7.632689, 7.881716, 8.449471, 9.126316, 10.277975, 11.428733, 9.617656, 7.607681, 5.407681, 2.8, 0.0, 0.0, 0.0]"
236,"[0.0, 0.0, 0.0, 0.0, 0.8, 1.8, 3.016553, 4.472574, 5.995729, 6.718884, 7.439349, 7.784846, 7.743038, 7.634097, 7.391567, 6.837292, 6.16967, 5.387912, 4.256541, 3.175916, 2.292568, 2.119251, 2.486796, 3.618167, 4.980216, 6.39443, 7.653219, 8.779248, 9.365034, 9.646893, 7.949837, 7.531988, 6.820172, 5.986363, 5.219487, 6.219487, 5.657437, 5.243223, 5.293585, 5.630766, 6.243218, 6.855669, 7.468121, 7.851568, 8.037355, 7.824903, 7.412452, 6.8, 6.2, 5.619804, 5.296837, 5.263027, 5.543652, 5.957866, 6.500112, 7.120135, 7.797854, 6.517229, 5.103015, 3.540965, 1.843909, 0.0, 0.0, 0.0]"
237,"[0.0, 0.0, 0.0, 0.0, 0.8, 1.8, 3.0, 4.414214, 6.063456, 6.972257, 7.584708, 7.99716, 8.144996, 7.909967, 7.481791, 6.86934, 5.977999, 4.698791, 3.284578, 2.203953, 1.803953, 2.102647, 3.084715, 4.793516, 6.563287, 8.022413, 9.61029, 10.78669, 11.519201, 11.71276, 9.653634, 8.766418, 7.848262, 6.671862, 5.908531, 7.108531, 6.844088, 6.844088, 7.287977, 7.947103, 8.983171, 9.763217, 10.581003, 10.960263, 10.989199, 10.650497, 10.063671, 9.371974, 8.625553, 7.979712, 7.496559, 7.289538, 7.252747, 7.880878, 8.674725, 9.677121, 10.8349, 9.222449, 7.252677, 5.016609, 2.6, 0.0, 0.0, 0.0]"
238,"[0.0, 0.0, 0.0, 0.0, 1.019804, 2.284715, 3.933957, 5.903729, 7.8735, 9.017027, 9.752116, 10.228903, 10.10304, 9.853734, 9.410868, 8.853089, 7.72706, 6.731679, 5.458427, 4.370418, 3.928197, 4.208822, 5.204203, 6.883018, 8.658882, 10.349607, 11.911516, 12.910141, 13.626646, 13.938621, 11.247896, 10.685713, 9.687088, 8.565019, 7.457176, 9.106419, 8.426068, 8.393236, 8.712379, 9.335995, 10.119858, 11.127539, 11.724781, 12.085173, 12.249105, 12.025072, 11.427366, 10.819047, 10.019047, 9.033261, 8.280211, 7.882687, 7.803152, 8.047061, 8.895589, 9.985152, 11.201127, 9.480662, 7.636753, 5.374012, 2.828427, 0.0, 0.0, 0.0]"
239,"[0.0, 0.0, 0.0, 0.0, 1.131371, 2.297561, 3.739782, 5.528636, 7.426003, 8.191998, 9.065416, 9.633171, 9.844316, 9.758027, 9.473112, 8.847717, 7.857546, 6.457546, 4.929312, 3.949316, 3.554906, 3.991124, 5.040366, 6.845585, 8.449197, 10.097726, 11.470131, 12.827548, 13.546621, 13.918234, 11.249901, 10.657542, 9.494792, 8.300109, 7.254478, 8.696699, 7.983786, 7.848677, 8.324287, 8.916303, 10.003905, 11.010572, 11.901771, 12.230319, 12.492863, 12.199108, 11.556083, 10.744937, 9.851482, 9.084115, 8.262261, 7.987916, 7.848304, 8.222516, 8.72734, 9.729736, 10.717284, 9.068042, 7.170675, 5.016609, 2.6, 0.0, 0.0, 0.0]"
240,"[0.0, 0.0, 0.0, 0.0, 0.565685, 1.565685, 2.731876, 4.25503, 5.963831, 7.047388, 7.891297, 8.525107, 8.801952, 8.693151, 8.443909, 7.8, 6.8, 5.6, 4.2, 2.8, 2.047214, 2.071835, 2.927857, 4.377099, 6.46516, 8.451052, 10.059536, 11.211195, 12.169633, 12.290644, 9.857539, 9.235511, 8.083852, 6.642362, 5.433289, 6.510322, 5.915798, 6.072227, 6.518489, 7.518489, 8.650528, 9.643048, 10.266664, 10.89028, 10.978342, 10.666636, 10.106806, 9.51998, 8.698126, 7.810065, 7.112698, 6.877669, 6.642641, 6.937228, 7.706999, 8.743067, 9.834847, 8.420633, 6.711832, 4.742061, 2.505993, 0.0, 0.0, 0.0]"
241,"[0.0, 0.0, 0.0, 0.0, 0.565685, 1.460113, 2.537146, 3.993168, 5.64241, 6.725967, 7.642616, 8.365584, 8.509562, 8.460319, 8.225291, 7.630766, 6.655387, 5.455387, 4.055387, 2.641174, 1.871835, 1.768324, 2.709965, 4.033119, 5.930486, 7.571334, 9.191163, 10.129873, 10.88707, 11.270054, 9.181993, 8.490295, 7.474855, 6.360695, 5.080344, 5.904965, 5.455723, 5.590812, 6.024621, 6.824621, 8.0, 9.0, 9.8, 10.4, 10.6, 10.4, 10.0, 9.4, 8.6, 7.8, 7.2, 6.664911, 6.406552, 6.568602, 7.212511, 8.275252, 9.273083, 7.931442, 6.369392, 4.525483, 2.262742, 0.0, 0.0, 0.0]"
242,"[0.0, 0.0, 0.0, 0.0, 0.6, 1.619804, 2.884715, 4.226356, 5.838807, 6.959272, 7.636525, 8.06867, 8.447494, 8.447494, 8.250184, 7.818039, 7.140786, 6.020321, 4.60787, 3.084715, 2.019804, 1.6, 2.019804, 3.275826, 4.984627, 6.754398, 8.390466, 9.60673, 10.386776, 10.737102, 8.76733, 8.143714, 7.172557, 5.956293, 4.697167, 5.329622, 4.565699, 4.300788, 4.447174, 5.089395, 6.177404, 7.049341, 7.89325, 8.570968, 8.825804, 8.802395, 8.64398, 8.214285, 7.501747, 6.804691, 6.184667, 5.83917, 5.624956, 6.093585, 6.893585, 7.816553, 8.809072, 7.609072, 6.009072, 4.209072, 2.209072, 0.0, 0.0, 0.0]"
243,"[0.0, 0.0, 0.0, 0.0, 0.894427, 2.060618, 3.673069, 5.559865, 7.559865, 8.645337, 9.605176, 9.992724, 10.269259, 10.328385, 10.13734, 9.720112, 8.985023, 7.646313, 6.034401, 4.445547, 3.183959, 2.813476, 3.330495, 4.672136, 6.472136, 8.466233, 10.133056, 11.48214, 12.38401, 12.929595, 10.488284, 9.906933, 8.936673, 7.688169, 6.219618, 7.219618, 6.50463, 6.125805, 6.125805, 6.769237, 7.656034, 8.277919, 8.995404, 9.789252, 10.038558, 10.049128, 10.059699, 9.709373, 8.929327, 8.482711, 8.027564, 7.544411, 7.397661, 7.828435, 8.364406, 9.452008, 10.567616, 9.005567, 7.11877, 5.059644, 2.529822, 0.0, 0.0, 0.0]"
244,"[0.0, 0.0, 0.0, 0.0, 1.077033, 2.533055, 4.241856, 6.139222, 8.17883, 9.310869, 10.054847, 10.555119, 10.89382, 10.89382, 10.582115, 10.090915, 9.223484, 8.064449, 6.472055, 4.774688, 3.465887, 3.14405, 3.523039, 4.725068, 6.564676, 8.400744, 10.011529, 11.163188, 12.121627, 12.490338, 10.25427, 9.623681, 8.827077, 7.63361, 6.302324, 7.150852, 6.227885, 5.681719, 5.681719, 6.253928, 7.249309, 8.211884, 8.98658, 9.611975, 10.050794, 10.104251, 9.853498, 9.522691, 9.006238, 8.374198, 7.891045, 7.502191, 7.442632, 7.816844, 8.419948, 9.338116, 10.545797, 8.896554, 6.999188, 4.940062, 2.607681, 0.0, 0.0, 0.0]"
245,"[0.0, 0.0, 0.0, 0.0, 0.632456, 1.526883, 2.693073, 4.135294, 5.83235, 7.043803, 7.869841, 8.492505, 8.759085, 8.711271, 8.281576, 7.777663, 6.988809, 5.880008, 4.430766, 3.016553, 2.2, 2.0, 2.616553, 4.065795, 5.854649, 7.513775, 9.046156, 10.270915, 11.062983, 11.55448, 9.495354, 9.049769, 8.22091, 7.04451, 5.764159, 6.564159, 5.57179, 4.959338, 4.975052, 5.537102, 6.581011, 7.530493, 8.510392, 9.209666, 9.627515, 9.783606, 9.660162, 9.400728, 8.982879, 8.417194, 7.859414, 7.594971, 7.28872, 7.32667, 7.712456, 8.280211, 9.060257, 7.646043, 6.046043, 4.246043, 2.236068, 0.0, 0.0, 0.0]"
246,"[0.0, 0.0, 0.0, 0.0, 0.6, 1.424621, 2.590812, 3.932452, 5.494502, 6.591559, 7.610846, 8.165121, 8.612335, 8.759085, 8.518051, 7.890695, 7.17023, 5.981375, 4.472574, 3.016553, 2.0, 1.8, 2.4, 3.812452, 5.521252, 7.291024, 8.907633, 10.213626, 11.107167, 11.730747, 9.760976, 9.133221, 8.150383, 6.860942, 5.528562, 6.328562, 5.434134, 5.042351, 5.106423, 5.548643, 6.469108, 7.461477, 8.330107, 9.049482, 9.607261, 9.866695, 9.676955, 9.374012, 8.936061, 8.378282, 7.740024, 7.457181, 7.160125, 7.198075, 7.405097, 8.151517, 9.078244, 7.678244, 6.078244, 4.429001, 2.34094, 0.0, 0.0, 0.0]"
247,"[0.0, 0.0, 0.0, 0.0, 0.632456, 1.652259, 2.868812, 4.283026, 5.883026, 7.05057, 7.830766, 8.425291, 8.623529, 8.479551, 8.202705, 7.744346, 6.933269, 6.041928, 4.868748, 3.345594, 2.203953, 1.769638, 2.048528, 3.207906, 4.820357, 6.679484, 8.349866, 9.766475, 10.740864, 11.469352, 9.410226, 8.882959, 7.807991, 6.557572, 5.06516, 5.889781, 4.98098, 4.63934, 4.689702, 5.297196, 6.181375, 7.278742, 8.176108, 8.999164, 9.58275, 9.685026, 9.598736, 9.313821, 8.688427, 7.91373, 7.444294, 6.913842, 6.743611, 6.941849, 7.574304, 8.468731, 9.621212, 8.178991, 6.56654, 4.669173, 2.433105, 0.0, 0.0, 0.0]"
248,"[0.0, 0.0, 0.0, 0.0, 0.8, 2.0, 3.4, 5.2, 7.011077, 8.250685, 9.138746, 9.708518, 9.795314, 9.704702, 9.227144, 8.553296, 7.714896, 6.393785, 4.956162, 3.394113, 2.379899, 2.048528, 2.882843, 4.4, 6.609072, 8.418144, 10.051249, 11.319582, 12.187915, 12.452706, 10.243634, 10.09088, 9.266456, 7.998123, 6.72426, 7.548881, 5.98964, 5.145731, 4.911922, 5.235076, 6.119256, 7.295512, 8.265284, 9.15822, 9.694191, 9.872186, 9.695285, 9.287563, 8.670658, 7.953173, 7.282929, 6.762464, 6.400414, 6.414215, 6.781375, 7.623949, 8.86526, 7.66526, 6.209238, 4.500437, 2.441311, 0.0, 0.0, 0.0]"
249,"[0.0, 0.0, 0.0, 0.0, 0.6, 1.6, 2.8, 4.2, 5.812452, 6.861694, 7.570495, 8.159349, 8.479814, 8.429412, 8.194384, 7.766208, 6.871781, 5.598529, 4.236479, 2.822266, 1.941641, 1.847214, 2.6, 4.2, 6.4, 8.2, 9.8, 11.2, 12.0, 12.208319, 10.008319, 9.618294, 8.818294, 7.618294, 6.229779, 7.124206, 6.008658, 5.285691, 5.299905, 5.892552, 6.809202, 7.954383, 9.113418, 9.979555, 10.455165, 10.798154, 10.728318, 10.20105, 9.443854, 8.811815, 7.857749, 7.087977, 6.644088, 6.733385, 6.997828, 7.923857, 9.132176, 7.867265, 6.254813, 4.534348, 2.408319, 0.0, 0.0, 0.0]"
250,"[0.0, 0.0, 0.0, 0.0, 0.565685, 1.460113, 2.801753, 4.143394, 5.852195, 6.935752, 7.852402, 8.310761, 8.76912, 8.660319, 8.611077, 8.0, 7.219804, 6.052259, 4.735102, 3.135102, 2.335102, 2.115298, 2.747754, 3.988066, 5.874862, 7.807243, 9.339623, 10.682393, 11.76692, 12.212504, 9.880123, 9.547743, 8.382282, 7.039512, 5.707132, 6.507132, 5.35566, 5.07963, 5.156359, 5.679514, 6.588315, 7.709558, 8.602494, 9.319979, 9.85595, 10.033946, 9.950971, 9.61231, 8.995404, 8.277919, 7.607675, 6.920879, 6.465325, 6.364745, 6.720161, 7.347517, 8.310848, 7.045937, 5.704296, 4.00724, 2.163331, 0.0, 0.0, 0.0]"
251,"[0.0, 0.0, 0.0, 0.0, 0.848528, 1.979899, 3.260524, 4.822574, 6.543039, 7.581307, 8.509062, 9.198209, 9.533525, 9.656969, 9.382625, 8.723499, 7.953727, 7.05636, 5.612452, 4.0, 2.8, 2.2, 2.4, 3.4, 5.211077, 7.220149, 9.094013, 10.367876, 11.441739, 12.104526, 9.895454, 9.265499, 8.205849, 6.931986, 5.258122, 5.705336, 4.461427, 4.047214, 4.047214, 4.647214, 6.0, 7.4, 8.6, 9.6, 10.4, 10.6, 10.6, 10.0, 9.2, 8.2, 7.416553, 6.582743, 6.148933, 6.090574, 6.539816, 7.532336, 8.774465, 7.608274, 6.266633, 4.617391, 2.408319, 0.0, 0.0, 0.0]"
252,"[0.0, 0.0, 0.0, 0.0, 1.0, 2.2, 3.6, 5.2, 7.0, 8.0, 8.809975, 9.449583, 9.937644, 10.035011, 9.743812, 9.176057, 8.417074, 7.329013, 5.87886, 4.170059, 2.927838, 2.279669, 2.279669, 3.246669, 4.808719, 6.588618, 8.218904, 9.627223, 10.621328, 11.185308, 9.205409, 8.504717, 7.510612, 6.102293, 4.608719, 5.008719, 4.012355, 3.492568, 3.569601, 4.202057, 5.510857, 6.842539, 7.917883, 8.810622, 9.515482, 9.776453, 9.667941, 9.310621, 8.68249, 7.929271, 6.959499, 6.170645, 5.635226, 5.707799, 6.053296, 7.112422, 8.34849, 7.271458, 5.857244, 4.295194, 2.236068, 0.0, 0.0, 0.0]"
253,"[0.0, 0.0, 0.0, 0.0, 0.824621, 2.089532, 3.701984, 5.314435, 7.114435, 8.289814, 9.024903, 9.412452, 9.8, 9.811077, 9.460319, 9.109562, 8.374473, 7.199094, 5.83523, 4.185988, 2.736746, 2.10429, 2.44586, 3.611097, 5.611097, 7.673839, 9.449703, 10.829097, 11.762229, 12.170548, 9.907807, 9.479387, 8.495852, 7.230893, 5.647195, 6.047195, 4.51451, 3.584915, 3.324094, 3.913687, 5.126138, 6.328167, 7.53962, 8.417183, 8.900336, 9.185251, 9.244809, 9.050143, 8.608798, 7.911432, 7.014065, 6.129885, 5.480643, 5.366262, 5.875063, 6.91467, 8.523154, 7.523154, 6.181514, 4.472713, 2.433105, 0.0, 0.0, 0.0]"
254,"[0.0, 0.0, 0.0, 0.0, 0.72111, 1.72111, 3.001735, 4.563785, 6.407694, 7.686584, 8.686584, 9.194813, 9.421618, 9.226951, 8.876193, 8.488645, 7.89979, 7.110936, 6.061694, 4.412452, 2.8, 2.2, 2.2, 3.014214, 4.663456, 6.703064, 8.383414, 9.724354, 10.651081, 11.342779, 9.303171, 8.731621, 7.846703, 6.722315, 5.181375, 5.813831, 4.670715, 4.039315, 4.039315, 4.851766, 5.831762, 7.276052, 8.491039, 9.314094, 9.789704, 10.074619, 9.96201, 9.631203, 9.240837, 8.56699, 7.869623, 7.188809, 6.821649, 6.734457, 7.040708, 8.004039, 9.293479, 7.951839, 6.389789, 4.669324, 2.505993, 0.0, 0.0, 0.0]"
255,"[0.0, 0.0, 0.0, 0.0, 0.894427, 2.236068, 3.759223, 5.548077, 7.711408, 8.980311, 9.919021, 10.658608, 10.995783, 10.995783, 10.832452, 10.438898, 9.632178, 8.77106, 7.207729, 5.407729, 3.803776, 3.242181, 3.242181, 4.48609, 6.495162, 8.620638, 10.526211, 12.0613, 13.217391, 13.815453, 11.407134, 10.807134, 9.807134, 8.221347, 6.491247, 7.339775, 6.159579, 5.559579, 5.757817, 6.720391, 8.107931, 9.521232, 10.754337, 11.772475, 12.141186, 12.512799, 12.479694, 12.246589, 11.625975, 10.830108, 9.678449, 8.720669, 7.96289, 7.661715, 8.137325, 9.114408, 10.479321, 9.037101, 7.3283, 5.240239, 2.807134, 0.0, 0.0, 0.0]"
256,"[0.0, 0.0, 0.0, 0.0, 0.565685, 1.565685, 2.731876, 4.344327, 6.133182, 7.537268, 8.434634, 9.112353, 9.310978, 9.322124, 8.952353, 8.454986, 7.811077, 6.8, 5.282843, 3.882843, 2.882843, 2.482843, 3.082843, 4.6, 6.609072, 8.642177, 10.51051, 11.974074, 13.086118, 13.545379, 11.112274, 10.680009, 9.627522, 8.115478, 6.447145, 7.079601, 5.475988, 4.664911, 4.464911, 5.064911, 6.432456, 8.0, 9.2, 10.4, 11.2, 11.4, 11.4, 11.2, 10.6, 9.6, 8.6, 7.477033, 6.325561, 5.602594, 5.802594, 6.602594, 7.925561, 7.077033, 6.0, 4.4, 2.4, 0.0, 0.0, 0.0]"
257,"[0.0, 0.0, 0.0, 0.0, 1.0, 2.2, 3.8, 5.611077, 7.621052, 8.66066, 9.548721, 9.918493, 10.077187, 9.856067, 9.536924, 8.891083, 8.052682, 6.804021, 5.298009, 3.577544, 2.335324, 1.769638, 2.214719, 3.544327, 5.514099, 7.730708, 9.765023, 11.38451, 12.557736, 13.117787, 10.701177, 10.189239, 9.112362, 7.668325, 5.859613, 6.306827, 4.618765, 3.47565, 3.134009, 3.693524, 4.966775, 6.28724, 7.721555, 8.847584, 9.546858, 9.806292, 9.929736, 9.626792, 8.914977, 8.215703, 7.130231, 6.086322, 5.40907, 5.161046, 5.442471, 6.548044, 8.080425, 7.060621, 5.894431, 4.332381, 2.332381, 0.0, 0.0, 0.0]"
258,"[0.0, 0.0, 0.0, 0.0, 1.0, 2.414214, 4.026665, 6.03664, 8.23664, 9.43664, 10.422427, 11.009975, 11.209072, 11.04868, 10.692589, 9.941831, 9.006742, 7.692097, 6.218175, 4.574266, 3.125024, 2.460113, 2.585489, 3.475826, 5.06468, 7.197061, 9.204742, 10.792619, 11.944278, 12.596735, 10.264354, 9.656673, 8.661444, 7.130796, 5.489485, 5.889485, 4.336698, 3.524247, 3.847214, 4.847214, 6.447214, 8.2, 9.8, 10.8, 11.408319, 11.841424, 11.877492, 11.686564, 11.097641, 10.289322, 9.256217, 8.28506, 7.207359, 6.737923, 6.981832, 7.790904, 9.125993, 7.994622, 6.652981, 4.809072, 2.6, 0.0, 0.0, 0.0]"
259,"[0.0, 0.0, 0.0, 0.0, 0.894427, 2.236068, 3.678288, 5.467143, 7.436914, 8.512259, 9.258679, 9.856067, 10.10682, 9.948126, 9.778354, 9.090293, 8.250685, 7.230881, 5.867017, 4.467017, 3.467017, 2.988128, 3.233235, 4.242043, 5.65312, 7.462193, 9.141082, 10.276171, 11.228468, 11.817391, 9.608319, 9.008319, 8.022532, 6.830766, 5.063222, 5.510435, 4.310435, 3.790649, 3.854721, 4.919322, 6.169165, 7.413073, 8.644675, 9.626792, 10.192478, 10.621451, 10.757441, 10.47532, 9.909635, 9.061107, 8.101268, 7.141173, 6.297264, 5.766398, 5.914235, 6.536899, 7.858035, 6.858035, 5.691844, 4.129794, 2.34094, 0.0, 0.0, 0.0]"
260,"[0.0, 0.0, 0.0, 0.0, 1.16619, 2.507831, 4.120283, 6.090054, 8.24412, 9.165991, 10.104701, 10.728318, 10.768521, 10.614455, 10.326394, 9.646043, 8.609975, 7.619804, 6.067017, 4.467017, 3.14986, 2.582316, 2.779064, 3.731851, 5.331851, 7.249008, 9.016553, 10.2, 11.2, 11.8, 9.6, 9.0, 8.0, 6.8, 5.0, 5.2, 3.8, 3.248528, 3.329153, 4.291203, 5.935112, 7.535112, 8.849914, 9.84964, 10.567941, 10.850062, 10.850062, 10.53064, 9.812339, 8.873629, 7.964152, 6.964152, 6.01467, 5.733245, 5.914759, 6.786268, 8.219373, 7.324946, 6.044321, 4.521166, 2.433105, 0.0, 0.0, 0.0]"
261,"[0.0, 0.0, 0.0, 0.0, 1.0, 2.4, 4.0, 5.8, 7.809975, 9.019047, 9.855115, 10.343177, 10.440543, 10.219422, 9.799205, 9.005357, 8.197921, 7.194981, 6.006127, 4.664486, 3.822266, 3.541641, 4.061427, 5.170228, 6.78214, 8.623451, 10.343746, 11.813973, 12.989613, 13.650781, 11.20947, 10.652507, 9.55692, 7.93739, 6.217096, 6.849552, 5.318677, 4.729822, 5.064911, 5.864911, 7.432456, 9.2, 10.6, 11.8, 12.6, 13.0, 13.0, 12.6, 11.6, 10.6, 9.2, 7.694427, 6.388854, 5.788854, 5.801306, 6.571077, 8.182643, 7.288216, 6.088216, 4.475764, 2.505993, 0.0, 0.0, 0.0]"
262,"[0.0, 0.0, 0.0, 0.0, 0.8, 2.0, 3.4, 5.0, 6.8, 7.8, 8.4, 8.811077, 8.823529, 8.479551, 7.944462, 7.409373, 6.492723, 5.445957, 4.189935, 2.925024, 2.060113, 1.965685, 2.664911, 3.988066, 5.874862, 7.807243, 9.339623, 10.682393, 11.76692, 12.212504, 9.880123, 9.434539, 8.439309, 7.048181, 5.5158, 5.9158, 4.66146, 4.049008, 4.032456, 4.632456, 6.043533, 7.421052, 8.630124, 9.639197, 10.439197, 10.82812, 10.618144, 10.209072, 9.4, 8.4, 7.024621, 5.790307, 4.590307, 4.21011, 4.351751, 5.52713, 7.241796, 6.641796, 5.621992, 4.280351, 2.280351, 0.0, 0.0, 0.0]"
263,"[0.0, 0.0, 0.0, 0.0, 1.0, 2.414214, 4.063456, 5.772257, 7.742028, 8.530883, 9.003465, 9.354223, 9.645422, 9.519559, 9.427761, 8.82159, 7.82159, 6.454046, 4.810137, 3.11308, 2.032456, 1.753566, 2.287301, 3.610455, 5.39931, 7.353376, 9.048874, 10.412506, 11.419174, 11.971259, 9.817193, 9.189439, 8.182771, 6.819139, 5.043885, 5.443885, 4.102244, 3.473517, 3.648967, 4.792082, 6.180937, 7.703495, 9.045135, 10.035875, 10.490405, 10.864882, 10.781906, 10.432635, 9.542474, 8.456177, 7.117467, 5.830671, 4.664985, 4.299797, 4.835216, 6.02057, 8.02057, 7.29946, 6.222427, 4.609975, 2.6, 0.0, 0.0, 0.0]"
264,"[0.0, 0.0, 0.0, 0.0, 1.019804, 2.434017, 4.08326, 5.732502, 7.629869, 8.579836, 9.135394, 9.545278, 9.896036, 9.885465, 9.759603, 9.351881, 8.424126, 7.145236, 5.65844, 4.014531, 2.652481, 1.968324, 2.247214, 3.261427, 4.905336, 6.831365, 8.664502, 10.105814, 11.25285, 11.689292, 9.563263, 9.126821, 8.099723, 6.4329, 4.75255, 5.199763, 4.180475, 3.982814, 4.700839, 5.911916, 7.673774, 9.257472, 10.474025, 11.492162, 12.11419, 12.185469, 11.865211, 11.276015, 10.294668, 9.275777, 7.995426, 6.731986, 5.609187, 5.176497, 5.362284, 6.362284, 8.168252, 7.447142, 6.230589, 4.630589, 2.630589, 0.0, 0.0, 0.0]"
265,"[0.0, 0.0, 0.0, 0.0, 1.131371, 2.545584, 4.242641, 6.08655, 8.08655, 8.955179, 9.540965, 9.730705, 9.773592, 9.562447, 9.271248, 8.72727, 8.057026, 6.97023, 5.581375, 3.872574, 2.616553, 2.032456, 2.252259, 3.464711, 5.275788, 7.085763, 8.861627, 10.241823, 11.029371, 11.418294, 9.408319, 8.612452, 7.626665, 6.051286, 4.2985, 4.6985, 3.807159, 3.559135, 4.346966, 5.786548, 7.549879, 9.27008, 10.545201, 11.341068, 11.862591, 11.962002, 11.64672, 11.049318, 10.203049, 9.075355, 7.70704, 6.381011, 5.169558, 4.607508, 4.850037, 5.995218, 7.628323, 6.995867, 5.995867, 4.472713, 2.433105, 0.0, 0.0, 0.0]"
266,"[0.0, 0.0, 0.0, 0.0, 1.0, 2.2, 3.812452, 5.424903, 7.268812, 8.112721, 8.75663, 8.988087, 9.084436, 8.949328, 8.81422, 8.311952, 7.468043, 6.480353, 5.218765, 3.909965, 3.015537, 2.815537, 3.094427, 4.047214, 5.259665, 6.852059, 8.288127, 9.721232, 10.530305, 11.126925, 9.087317, 8.451249, 7.218144, 5.809072, 3.882843, 4.282843, 3.403953, 3.335324, 3.977544, 5.581498, 7.344829, 8.787049, 10.096989, 11.09608, 11.489635, 11.452333, 11.289002, 10.6916, 9.530914, 8.381934, 7.150332, 5.550332, 3.989266, 3.308641, 3.17727, 3.895294, 5.392661, 5.109818, 4.509818, 3.509818, 1.897367, 0.0, 0.0, 0.0]"
267,"[0.0, 0.0, 0.0, 0.0, 1.019804, 2.236356, 3.848808, 5.858783, 7.868758, 8.858929, 9.642377, 10.029925, 10.01995, 10.009975, 9.8, 9.2, 8.2, 7.0, 5.447214, 3.847214, 2.730056, 2.554677, 2.774481, 3.939719, 5.749694, 7.476827, 8.888274, 10.301575, 11.122228, 11.348321, 9.338346, 8.75152, 7.395448, 5.683453, 3.647385, 3.930228, 3.080986, 3.203953, 4.082843, 5.882843, 7.8, 9.4, 10.8, 11.8, 12.4, 12.4, 12.0, 11.4, 10.4, 9.0, 7.8, 6.2, 4.6, 3.632456, 3.71308, 4.27513, 6.038461, 5.638461, 5.006006, 3.725381, 2.163331, 0.0, 0.0, 0.0]"
268,"[0.0, 0.0, 0.0, 0.0, 1.0, 2.2, 3.8, 5.6, 7.6, 8.6, 9.6, 10.2, 10.4, 10.2, 9.8, 9.0, 8.0, 6.8, 5.2, 3.8, 2.8, 2.4, 2.8, 4.2, 6.0, 7.8, 9.4, 10.6, 11.408319, 11.816638, 9.616638, 8.829089, 7.645642, 6.061944, 3.936468, 4.219311, 3.406859, 3.390307, 4.165685, 5.69392, 7.819396, 9.427715, 10.636034, 11.643715, 12.240957, 12.265743, 11.897032, 11.528321, 10.376662, 9.184895, 7.75179, 6.112182, 4.272574, 3.416553, 3.36619, 4.063247, 5.643146, 5.443146, 4.843146, 3.676955, 1.979899, 0.0, 0.0, 0.0]"
269,"[0.0, 0.0, 0.0, 0.0, 0.824621, 2.041174, 3.455387, 5.067839, 6.878916, 8.093902, 8.916958, 9.512719, 9.910243, 9.711617, 9.07201, 8.232402, 7.222427, 5.812452, 4.2, 3.0, 2.365685, 2.442718, 3.184359, 4.973214, 6.927279, 8.778203, 10.384452, 11.642811, 12.537238, 12.889165, 10.472556, 9.676071, 8.518291, 6.83501, 4.611859, 4.611859, 3.125063, 2.702647, 2.967558, 4.393516, 6.547582, 8.564191, 9.960996, 11.296085, 12.117106, 12.30398, 11.975433, 11.402732, 10.258754, 8.945485, 7.429166, 5.623947, 3.980038, 3.156472, 3.156472, 3.931851, 5.849008, 5.649008, 5.016553, 3.8, 2.2, 0.0, 0.0, 0.0]"
270,"[0.0, 0.0, 0.0, 0.0, 1.077033, 2.418674, 3.941828, 5.730683, 7.700454, 8.777487, 9.589912, 10.036529, 10.217447, 10.036529, 9.494915, 8.68249, 7.878909, 6.757665, 5.416024, 4.203573, 3.427618, 3.086048, 3.454073, 4.619311, 6.030388, 7.673774, 9.257472, 10.449239, 11.269892, 11.694883, 9.485811, 8.726734, 7.583326, 6.044648, 4.091423, 4.091423, 3.042181, 2.77727, 3.082843, 4.6, 6.609975, 8.219047, 9.627366, 10.835685, 11.444004, 11.643101, 11.634029, 11.02571, 10.217391, 9.009072, 7.8, 6.2, 4.4, 3.0, 2.6, 2.8, 4.0, 4.0, 3.8, 3.0, 1.8, 0.0, 0.0, 0.0]"
271,"[0.0, 0.0, 0.0, 0.0, 0.894427, 2.060618, 3.341242, 4.783463, 6.503928, 7.496297, 8.216903, 8.823074, 9.26765, 9.26765, 8.823074, 8.102468, 7.215672, 5.894561, 4.374096, 3.131876, 2.412899, 2.212899, 2.647214, 3.847214, 5.447214, 7.0, 8.4, 9.6, 10.409072, 10.619047, 8.619047, 8.031499, 7.048051, 5.638979, 3.829004, 3.829004, 2.616553, 2.2, 2.419804, 3.675826, 5.519735, 7.017101, 8.305163, 9.37342, 10.005459, 10.249612, 10.391853, 10.147701, 9.515661, 8.644152, 7.575895, 6.168743, 4.524834, 3.068812, 2.252259, 2.232456, 3.0, 2.8, 2.8, 2.4, 1.4, 0.0, 0.0, 0.0]"
272,"[0.0, 0.0, 0.0, 0.0, 1.019804, 2.096837, 3.361748, 5.01099, 6.719791, 7.597354, 8.36423, 8.943227, 9.137894, 9.078336, 8.636991, 8.057993, 7.291117, 6.168319, 4.96629, 3.910268, 3.09257, 2.736648, 3.09257, 3.986998, 5.295798, 6.818356, 8.251312, 9.410347, 10.304774, 10.832041, 8.86227, 8.428669, 7.473226, 5.958268, 4.005043, 4.005043, 2.484578, 1.925063, 2.203953, 3.335324, 4.897374, 6.541283, 7.800071, 8.77997, 9.491786, 9.909635, 10.045625, 9.909635, 9.491786, 8.77997, 7.931442, 6.672653, 5.028745, 3.466695, 2.452481, 2.215537, 2.775052, 2.575052, 2.575052, 2.175052, 1.280625, 0.0, 0.0, 0.0]"
273,"[0.0, 0.0, 0.0, 0.0, 0.632456, 1.709488, 3.051129, 4.574284, 6.363138, 7.519537, 8.231359, 8.678572, 8.944272, 8.864218, 8.531386, 8.007443, 7.238392, 6.049538, 4.740737, 3.567558, 2.702647, 2.315298, 2.881489, 3.923709, 5.484775, 7.210804, 8.986668, 10.381727, 11.500756, 12.098159, 9.972129, 9.450607, 8.331578, 6.847361, 4.853263, 4.853263, 2.966467, 1.97146, 1.788854, 2.507831, 3.950052, 5.836848, 7.276431, 8.441129, 9.43827, 9.996049, 10.109253, 10.109253, 9.770592, 9.049482, 8.215672, 7.040293, 5.753497, 4.315875, 3.473654, 3.507464, 4.332085, 3.732085, 3.449242, 2.849242, 1.649242, 0.0, 0.0, 0.0]"
274,"[0.0, 0.0, 0.0, 0.0, 0.8, 1.819804, 3.036356, 4.492378, 6.141621, 6.990863, 7.67986, 8.172108, 8.424887, 8.298799, 8.172711, 7.630101, 6.9213, 5.93361, 4.810455, 3.687301, 2.968324, 2.792945, 3.271835, 4.471835, 5.671835, 7.224621, 8.8, 10.0, 10.8, 11.6, 9.6, 9.2, 8.4, 7.2, 5.6, 6.0, 4.0, 2.6, 2.0, 2.2, 3.2, 4.8, 6.2, 7.4, 8.2, 8.6, 8.8, 8.8, 8.6, 8.2, 7.6, 6.624621, 5.590307, 4.590307, 4.014928, 4.095553, 4.991396, 4.425711, 3.825711, 3.00109, 1.720465, 0.0, 0.0, 0.0]"
275,"[0.0, 0.0, 0.0, 0.0, 0.894427, 1.97146, 3.048493, 4.390134, 5.913289, 6.631313, 7.263081, 7.894848, 8.076362, 8.076362, 7.919933, 7.427684, 6.718884, 6.195729, 5.272574, 4.263766, 3.679669, 3.479669, 3.499473, 3.976506, 5.052447, 6.208846, 7.467972, 8.684236, 9.843271, 10.556184, 8.76733, 8.417005, 7.636959, 6.420695, 5.009248, 5.209248, 3.500447, 2.244425, 1.824621, 2.0, 3.0, 4.4, 5.8, 7.011077, 8.021052, 8.831027, 9.441002, 9.850978, 9.8399, 9.429925, 8.81995, 7.809975, 6.624621, 5.545731, 4.745731, 4.422764, 4.836978, 4.012357, 3.291247, 2.491247, 1.414214, 0.0, 0.0, 0.0]"
276,"[0.0, 0.0, 0.0, 0.0, 0.8, 2.0, 3.414214, 5.026665, 6.639117, 7.650194, 8.261271, 8.658134, 8.85676, 8.844308, 8.633231, 8.422154, 8.011077, 7.2, 6.424621, 5.545731, 4.666842, 4.066842, 3.866842, 4.258773, 5.060817, 6.128562, 7.117416, 8.287187, 9.040407, 9.487023, 7.698169, 7.618115, 7.104366, 6.154398, 4.984627, 5.384627, 3.675826, 2.419804, 2.0, 2.0, 2.8, 4.2, 5.6, 6.6, 7.6, 8.211077, 8.622154, 8.822154, 9.022154, 8.822154, 8.611077, 8.016553, 7.041174, 5.806859, 4.806859, 4.055387, 3.915868, 3.091247, 2.525561, 1.925561, 1.077033, 0.0, 0.0, 0.0]"
277,"[0.0, 0.0, 0.0, 0.0, 1.0, 2.2, 3.6, 5.2, 7.0, 7.8, 8.4, 8.8, 9.0, 8.8, 8.6, 8.412452, 8.026665, 7.303698, 6.703698, 6.103698, 5.385674, 4.97146, 4.894427, 5.159338, 5.682493, 6.57692, 7.546692, 8.78276, 9.753917, 10.384828, 8.595973, 8.523568, 7.936743, 7.114888, 5.785444, 6.385444, 4.688077, 3.038835, 2.024621, 2.0, 2.2, 3.2, 4.6, 5.8, 6.612452, 7.412452, 7.824903, 8.024903, 8.024903, 8.012452, 7.812452, 7.219804, 6.444425, 5.476881, 4.476881, 4.076881, 4.398717, 3.574096, 2.941641, 2.341641, 1.341641, 0.0, 0.0, 0.0]"
278,"[0.0, 0.0, 0.0, 0.0, 0.72111, 1.887301, 3.053491, 4.495712, 6.108163, 6.999504, 7.445766, 7.892027, 8.062258, 8.062258, 7.972961, 7.883664, 7.536123, 7.140224, 6.527773, 5.804618, 5.002574, 4.586191, 4.369638, 4.634549, 5.248763, 6.33873, 7.529809, 8.569417, 9.540574, 10.406711, 8.595634, 8.453393, 7.93694, 6.965783, 5.579859, 6.212315, 4.514948, 2.991794, 1.926883, 1.598141, 1.814214, 2.614214, 3.780404, 4.861029, 5.737564, 6.451086, 7.013136, 7.408995, 7.69042, 7.662413, 7.266554, 6.704504, 5.742454, 4.780404, 4.087301, 3.92111, 4.186021, 3.586021, 2.986021, 2.264911, 1.264911, 0.0, 0.0, 0.0]"
279,"[0.0, 0.0, 0.0, 0.0, 0.824621, 1.844425, 3.060978, 4.325889, 5.781911, 6.606532, 7.23597, 7.66866, 8.052991, 8.209421, 7.974392, 7.72515, 7.275907, 6.826665, 6.234017, 5.714231, 5.162759, 4.857186, 4.67699, 4.857186, 5.362759, 6.114231, 7.219804, 8.2, 9.0, 9.6, 8.0, 8.0, 7.6, 6.8, 5.8, 6.4, 4.6, 3.0, 2.0, 1.6, 1.824621, 2.701654, 3.966565, 5.031476, 5.954631, 6.653164, 7.099286, 7.35753, 7.434259, 7.252745, 6.895781, 6.221155, 5.41911, 4.67747, 3.901514, 3.535324, 3.886796, 3.165685, 2.565685, 2.0, 1.2, 0.0, 0.0, 0.0]"
280,"[0.0, 0.0, 0.0, 0.0, 0.72111, 1.615537, 2.781728, 4.123369, 5.465009, 6.267054, 6.895781, 7.252745, 7.434259, 7.54864, 7.481508, 7.372567, 7.065965, 6.54281, 5.886788, 5.063222, 4.370118, 3.786021, 3.418477, 3.418477, 3.986021, 4.679125, 5.659121, 6.837742, 8.047717, 8.847717, 7.433504, 7.621052, 7.209975, 6.4, 5.2, 5.8, 4.0, 2.6, 1.8, 1.632456, 2.109488, 3.3744, 4.897554, 6.020709, 6.911408, 7.543176, 7.987065, 8.172711, 8.172711, 8.172711, 7.805552, 7.096751, 6.236478, 5.313324, 4.390169, 3.680984, 3.680984, 2.832456, 2.232456, 1.632456, 1.0, 0.0, 0.0, 0.0]"
281,"[0.0, 0.0, 0.0, 0.0, 0.6, 1.2, 2.0, 3.019804, 4.236356, 4.852909, 5.51782, 5.982731, 6.227838, 6.352926, 6.478015, 6.554744, 6.456024, 6.191113, 5.698, 5.07747, 4.368284, 3.802094, 3.434549, 3.434549, 3.713439, 4.422624, 5.54309, 6.631099, 7.76247, 8.742369, 7.400728, 7.377319, 7.218904, 6.239005, 5.107634, 5.554848, 3.857792, 2.295742, 1.695742, 1.447214, 1.824621, 3.041174, 4.497196, 5.553218, 6.40924, 7.04064, 7.28011, 7.28011, 7.238301, 7.196493, 6.940471, 6.484449, 5.628427, 4.935324, 3.92111, 3.353566, 3.202094, 2.602094, 1.880984, 1.480984, 0.848528, 0.0, 0.0, 0.0]"
282,"[0.0, 0.0, 0.0, 0.0, 0.632456, 1.353566, 2.202094, 3.333465, 4.464836, 4.963751, 5.523266, 5.955362, 6.104616, 6.415466, 6.56472, 6.56472, 6.450285, 6.064088, 5.446488, 4.965864, 4.285239, 3.566262, 3.23752, 3.23752, 3.43752, 4.03752, 5.190307, 6.224621, 7.012452, 7.661694, 6.461694, 6.510936, 6.175847, 5.457823, 4.441036, 4.841036, 3.191794, 1.926883, 1.315298, 1.403953, 2.003953, 3.135324, 4.415949, 5.54732, 6.240423, 6.654636, 6.937479, 7.071068, 7.071068, 6.937479, 6.654636, 6.240423, 5.65083, 4.836617, 3.755992, 3.024621, 2.745731, 1.92111, 1.32111, 1.12111, 0.72111, 0.0, 0.0, 0.0]"
283,"[0.0, 0.0, 0.0, 0.0, 0.6, 1.4, 2.4, 3.6, 4.8, 5.6, 6.2, 6.6, 6.8, 7.0, 7.0, 7.0, 6.8, 6.6, 6.024621, 5.449242, 4.770353, 4.291463, 3.691463, 3.466842, 3.662024, 4.157467, 4.892378, 5.7484, 6.760852, 7.3535, 6.136947, 6.080925, 6.024903, 5.412452, 4.4, 4.8, 3.4, 2.0, 1.2, 1.0, 1.2, 2.024621, 3.101654, 4.166565, 5.222587, 5.887498, 6.518899, 6.965021, 7.04175, 6.85064, 6.662761, 6.055268, 5.253223, 4.194425, 2.929514, 2.052481, 1.836408, 1.115298, 0.832456, 0.832456, 0.632456, 0.0, 0.0, 0.0]"
284,"[0.0, 0.0, 0.0, 0.0, 0.4, 1.032456, 1.753566, 2.474676, 3.474676, 4.240866, 4.889036, 5.44855, 6.008065, 6.28869, 6.403124, 6.25387, 6.104616, 5.67252, 5.113005, 4.43238, 3.901009, 3.169638, 2.886796, 3.060113, 3.537146, 4.278786, 5.321007, 6.367773, 7.193811, 7.837243, 6.495602, 6.615432, 6.445201, 5.856106, 4.856752, 5.303965, 3.941915, 2.499695, 1.368324, 1.047214, 1.2, 1.8, 2.819804, 3.839608, 4.704519, 5.36943, 5.834341, 6.079448, 6.324555, 6.324555, 6.276197, 6.211286, 5.946375, 5.481464, 4.782238, 4.165685, 3.565685, 2.565685, 1.765685, 1.2, 0.6, 0.0, 0.0, 0.0]"
285,"[0.0, 0.0, 0.0, 0.0, 0.6, 1.2, 2.024621, 3.044425, 4.260978, 4.87753, 5.542441, 5.982731, 6.227838, 6.276197, 6.324555, 6.324555, 6.136677, 5.766193, 5.222393, 4.523167, 3.705469, 3.228436, 2.934009, 3.012899, 3.271835, 3.901654, 4.643295, 5.566449, 6.289604, 6.988138, 5.911105, 5.834375, 5.331024, 4.827673, 3.904519, 4.304519, 3.239608, 2.219804, 1.2, 0.8, 0.8, 1.2, 2.0, 2.8, 3.6, 4.2, 4.8, 5.2, 5.6, 5.8, 6.0, 5.819804, 5.514231, 5.035341, 4.282555, 3.482555, 2.909965, 2.015537, 1.294427, 0.847214, 0.447214, 0.0, 0.0, 0.0]"
286,"[0.0, 0.0, 0.0, 0.0, 0.6, 1.232456, 2.126883, 3.02131, 4.098343, 4.575376, 5.109111, 5.380874, 5.652637, 5.741794, 5.830952, 5.830952, 5.664762, 5.347099, 5.029437, 4.584357, 4.050622, 3.650622, 3.402094, 3.186021, 3.359338, 3.62131, 4.1875, 4.929141, 5.638326, 6.08554, 5.191113, 5.191113, 4.743899, 4.226879, 3.517694, 3.964908, 3.08156, 2.387133, 1.562512, 0.930056, 0.682843, 0.8, 1.2, 1.8, 2.4, 3.0, 3.6, 4.0, 4.6, 5.2, 5.6, 5.619804, 5.514231, 5.162759, 4.683869, 4.083869, 3.696521, 2.802094, 1.953566, 1.232456, 0.632456, 0.0, 0.0, 0.0]"
287,"[0.0, 0.0, 0.0, 0.0, 0.72111, 1.615537, 2.615537, 3.781728, 5.062353, 5.621867, 6.008065, 6.28869, 6.403124, 6.403124, 6.28869, 6.174255, 6.059821, 5.856229, 5.595408, 5.429218, 5.263027, 5.096837, 5.039608, 5.096837, 5.263027, 5.604668, 6.046889, 6.639536, 7.174955, 7.621216, 6.279575, 6.178995, 5.732734, 5.197316, 4.479291, 5.373719, 4.753188, 4.152683, 3.522864, 3.028436, 2.534009, 2.212899, 2.047214, 2.047214, 2.212899, 2.534009, 3.028436, 3.522864, 4.152683, 4.753188, 5.312703, 5.6989, 5.970663, 5.913434, 5.747244, 5.486423, 5.054326, 3.888136, 2.868332, 1.868332, 0.848528, 0.0, 0.0, 0.0]"
288,"[0.0, 0.0, 0.0, 0.0, 0.565685, 1.286796, 2.135324, 3.135324, 4.266695, 4.8672, 5.31228, 5.629942, 5.910567, 5.910567, 5.875747, 5.709557, 5.543367, 5.157169, 4.850419, 4.543669, 4.343669, 4.343669, 4.449242, 4.644425, 4.896837, 5.17387, 5.34006, 5.681701, 6.003538, 6.268146, 5.191113, 5.191113, 4.926505, 4.479291, 3.858761, 4.579871, 4.134791, 3.690213, 3.395786, 3.074676, 2.953566, 2.632456, 2.447214, 2.412899, 2.460113, 2.581223, 3.07565, 3.705469, 4.216817, 4.935794, 5.495308, 6.015095, 6.218687, 6.406565, 6.260178, 5.979553, 5.28645, 4.005825, 2.740914, 1.72111, 0.72111, 0.0, 0.0, 0.0]"
289,"[0.0, 0.0, 0.0, 0.0, 0.72111, 1.615537, 2.615537, 3.781728, 4.947918, 5.392998, 5.664762, 5.830952, 5.945386, 6.059821, 6.174255, 6.139436, 5.973245, 5.692621, 5.306423, 5.045602, 4.934035, 4.934035, 4.934035, 5.039608, 5.039608, 5.039608, 5.116641, 5.282831, 5.624472, 5.770858, 4.751055, 4.751055, 4.661897, 4.214683, 3.769603, 4.335289, 3.823941, 3.194122, 2.699695, 2.378584, 2.212899, 1.847214, 1.682843, 1.730056, 1.730056, 1.930056, 2.530056, 3.247214, 3.819804, 4.684715, 5.426356, 6.068576, 6.48279, 6.743611, 6.498504, 6.156863, 5.539263, 4.12505, 2.844425, 1.824621, 0.824621, 0.0, 0.0, 0.0]"
290,"[0.0, 0.0, 0.0, 0.0, 0.565685, 1.414214, 2.262742, 3.394113, 4.525483, 5.091169, 5.242641, 5.394113, 5.262742, 5.208404, 5.154066, 5.17387, 5.193674, 5.193674, 5.116641, 5.039608, 4.819804, 4.624621, 4.257077, 3.978187, 3.699297, 3.793724, 4.046136, 4.678592, 5.222393, 5.766193, 4.871766, 5.011286, 4.766179, 4.521071, 4.05616, 4.85616, 4.239608, 3.619804, 3.0, 2.482843, 1.882843, 1.482843, 1.482843, 1.482843, 1.647214, 2.168324, 2.968324, 3.699695, 4.58032, 5.575326, 6.195857, 6.651879, 6.934722, 7.054097, 6.828429, 6.652978, 6.196956, 4.782743, 3.382743, 2.16619, 1.0, 0.0, 0.0, 0.0]"
291,"[0.0, 0.0, 0.0, 0.0, 0.72111, 1.615537, 2.615537, 3.781728, 4.947918, 5.392998, 5.664762, 5.741794, 5.652637, 5.56348, 5.474322, 5.524684, 5.664204, 5.787171, 5.910138, 5.833105, 5.616553, 5.4, 5.277033, 5.077033, 5.208404, 5.374594, 5.540785, 5.905972, 6.348193, 6.829273, 5.663083, 5.939113, 5.777517, 5.501487, 4.966069, 5.860496, 5.242897, 4.562272, 3.796081, 2.919048, 2.224621, 1.6, 1.4, 1.4, 1.8, 2.424621, 3.049242, 3.669046, 4.28885, 4.905403, 5.280781, 5.65616, 5.852909, 5.910138, 5.824956, 5.64476, 5.44476, 4.228208, 3.151175, 2.019804, 1.0, 0.0, 0.0, 0.0]"
292,"[0.0, 0.0, 0.0, 0.0, 0.6, 1.4, 2.2, 3.219804, 4.239608, 4.659412, 4.879216, 5.09902, 5.156249, 5.401356, 5.458585, 5.780422, 5.926808, 6.015966, 5.751055, 5.674022, 5.180909, 4.863247, 4.329512, 4.129512, 4.129512, 4.480984, 4.849008, 5.630766, 6.443218, 7.055669, 5.855669, 6.039117, 6.024903, 5.612452, 5.0, 5.8, 5.0, 4.0, 3.082843, 2.282843, 1.882843, 1.682843, 1.915298, 2.353566, 3.002094, 3.450622, 4.050622, 4.584357, 5.029437, 5.52255, 6.015662, 6.280573, 6.314383, 6.148193, 5.700979, 5.207866, 4.542955, 3.342955, 2.342955, 1.448528, 0.6, 0.0, 0.0, 0.0]"
293,"[0.0, 0.0, 0.0, 0.0, 0.565685, 1.286796, 2.181223, 3.181223, 4.347413, 4.947918, 5.392998, 5.664762, 5.741794, 5.652637, 5.56348, 5.474322, 5.385165, 5.385165, 5.385165, 5.327936, 5.050903, 4.77387, 4.296837, 3.940914, 3.642221, 3.690749, 4.056939, 4.737564, 5.430667, 6.12377, 5.275242, 5.389677, 5.275242, 4.755456, 4.062353, 4.509566, 3.511784, 2.345594, 1.451167, 0.930056, 0.882843, 1.2, 2.0, 3.0, 3.8, 4.419804, 4.839608, 5.25616, 5.521071, 5.785982, 5.843211, 5.717835, 5.222393, 4.523167, 3.658256, 2.781223, 2.286796, 1.565685, 1.0, 0.6, 0.4, 0.0, 0.0, 0.0]"
294,"[0.0, 0.0, 0.0, 0.0, 0.72111, 1.442221, 2.290749, 3.456939, 4.623129, 5.06821, 5.51329, 5.830952, 5.830952, 5.830952, 5.830952, 5.830952, 5.830952, 5.664762, 5.347099, 5.029437, 4.711775, 4.266695, 3.866695, 3.818167, 3.969638, 4.32111, 4.816553, 5.816553, 6.616553, 7.216553, 6.016553, 6.2, 5.816553, 5.236356, 4.236356, 4.836356, 3.836356, 2.619804, 1.8, 1.8, 1.8, 2.224621, 3.244425, 4.260978, 4.925889, 5.542441, 5.934372, 6.328782, 6.31223, 6.247319, 6.230766, 6.014214, 5.4, 4.8, 3.6, 2.4, 1.847214, 1.047214, 0.447214, 0.447214, 0.447214, 0.0, 0.0, 0.0]"
295,"[0.0, 0.0, 0.0, 0.0, 0.632456, 1.457077, 2.476881, 3.496684, 4.713237, 5.280781, 5.672713, 5.852909, 6.049658, 6.049658, 6.06621, 6.049658, 5.869461, 5.672713, 5.350588, 5.028462, 4.67699, 4.505715, 4.334439, 4.334439, 4.704923, 5.312417, 5.91991, 6.594537, 7.223264, 7.570805, 6.114783, 6.100981, 5.744017, 5.220862, 4.329521, 4.961977, 3.919756, 3.153566, 2.436408, 2.162512, 2.162512, 2.587133, 3.206937, 4.001127, 4.818825, 5.45128, 6.082681, 6.404518, 6.669126, 6.745855, 6.647135, 6.191113, 5.698, 4.922045, 3.780404, 2.614214, 2.014214, 1.165685, 0.6, 0.4, 0.4, 0.0, 0.0, 0.0]"
296,"[0.0, 0.0, 0.0, 0.0, 0.848528, 1.697056, 2.545584, 3.545584, 4.545584, 4.863247, 5.180909, 5.498571, 5.664762, 5.830952, 5.830952, 5.664762, 5.498571, 5.332381, 5.014719, 4.697056, 4.418167, 4.050622, 3.850622, 3.802094, 3.953566, 4.432456, 5.2, 5.8, 6.6, 7.2, 6.0, 6.014214, 5.830766, 5.055387, 4.087843, 4.687843, 3.673629, 2.657077, 2.032456, 1.8, 1.8, 2.0, 2.4, 3.0, 3.6, 4.019804, 4.619804, 5.236356, 5.636356, 5.836356, 5.816553, 5.416553, 4.8, 4.0, 2.8, 1.8, 1.447214, 0.847214, 0.447214, 0.447214, 0.447214, 0.0, 0.0, 0.0]"
297,"[0.0, 0.0, 0.0, 0.0, 0.72111, 1.442221, 2.336648, 3.231075, 4.308108, 4.664031, 5.207831, 5.390437, 5.573043, 5.760921, 5.703692, 5.458585, 5.458585, 5.275979, 4.732178, 4.433485, 4.134791, 3.778868, 3.709062, 4.007756, 4.503198, 5.196301, 6.087643, 6.912264, 7.601261, 7.907863, 6.493649, 6.222838, 5.739787, 5.030986, 4.228941, 4.828941, 3.887301, 3.12111, 2.686796, 2.686796, 2.719251, 3.213678, 3.708106, 4.219453, 4.575376, 5.207831, 5.578315, 5.948799, 6.136677, 6.324555, 6.136677, 5.871766, 5.327965, 4.62874, 3.811042, 2.734009, 1.734009, 1.012899, 0.447214, 0.0, 0.0, 0.0, 0.0, 0.0]"
298,"[0.0, 0.0, 0.0, 0.0, 0.6, 1.2, 2.0, 3.0, 4.2, 4.8, 5.4, 5.8, 6.0, 6.0, 6.0, 6.0, 5.8, 5.6, 5.2, 4.632456, 3.998141, 3.630596, 3.263052, 3.463052, 4.030596, 4.664911, 5.488478, 6.505264, 7.214065, 7.53722, 6.33722, 6.222838, 5.573596, 4.713324, 3.637383, 3.837383, 2.695742, 1.895742, 1.447214, 1.6, 2.2, 2.8, 3.4, 3.8, 4.0, 4.2, 4.4, 4.6, 4.8, 4.8, 4.6, 4.4, 4.0, 3.6, 3.0, 2.2, 1.6, 1.0, 0.4, 0.2, 0.2, 0.0, 0.0, 0.0]"
299,"[0.0, 0.0, 0.0, 0.0, 0.4, 1.2, 2.0, 3.0, 4.019804, 4.836356, 5.301267, 5.766179, 5.843211, 5.900441, 5.760921, 5.573043, 5.132753, 4.65572, 3.978687, 3.301654, 2.790307, 2.598141, 2.822762, 3.442566, 4.259118, 5.149455, 6.166242, 7.050421, 7.819472, 8.164969, 6.708947, 6.191076, 5.203385, 3.980216, 2.618167, 2.618167, 1.886796, 1.565685, 1.8, 2.6, 3.6, 4.219804, 4.819804, 5.019804, 5.019804, 4.819804, 4.6, 4.424621, 4.319048, 4.213476, 4.307903, 4.40233, 4.298819, 3.851605, 3.404392, 2.709965, 2.015537, 1.294427, 0.847214, 0.4, 0.2, 0.0, 0.0, 0.0]"
300,"[0.0, 0.0, 0.0, 0.0, 0.632456, 1.457077, 2.476881, 3.476881, 4.676881, 5.244425, 5.819804, 6.0, 6.2, 6.0, 5.8, 5.4, 4.8, 4.0, 3.4, 2.847214, 2.447214, 2.847214, 3.447214, 4.447214, 5.612452, 6.661694, 7.310936, 8.019737, 8.408591, 8.408591, 6.759349, 6.110107, 4.966991, 3.625351, 2.212899, 2.412899, 1.812899, 2.071835, 2.644425, 3.464229, 4.52914, 5.394051, 5.646463, 5.646463, 5.646463, 5.381552, 4.916641, 4.664229, 4.538852, 4.413476, 4.307903, 4.40233, 4.472136, 4.298819, 3.970077, 3.522864, 3.028436, 2.134009, 1.412899, 0.847214, 0.4, 0.0, 0.0, 0.0]"
301,"[0.0, 0.0, 0.0, 0.0, 0.72111, 1.72111, 2.72111, 3.852481, 5.133106, 5.854216, 6.195857, 6.537498, 6.747768, 6.633333, 6.268146, 5.647615, 5.027085, 4.317899, 3.751709, 3.474676, 3.77337, 4.31717, 5.140737, 6.189979, 7.233888, 8.224059, 8.969123, 9.513101, 9.863859, 9.81995, 7.809975, 7.0, 5.8, 4.4, 2.882843, 3.482843, 3.082843, 3.482843, 4.082843, 5.0, 5.8, 6.4, 6.4, 6.4, 6.2, 5.6, 4.832456, 4.353566, 4.002094, 3.850622, 3.89915, 4.266695, 4.545584, 4.545584, 4.545584, 4.14427, 3.34427, 2.34427, 1.495742, 0.647214, 0.2, 0.0, 0.0, 0.0]"
302,"[0.0, 0.0, 0.0, 0.0, 0.8, 1.819804, 2.896837, 4.238478, 5.580118, 6.060743, 6.321564, 6.375902, 6.034261, 5.541149, 5.109052, 4.549537, 4.050622, 3.650622, 3.402094, 3.378187, 3.823267, 4.532452, 5.455607, 6.564408, 7.637153, 8.368329, 9.11475, 9.631203, 9.932377, 9.635011, 7.737644, 6.849583, 5.609975, 4.232456, 3.353566, 3.986021, 3.786021, 4.186021, 4.753566, 5.432456, 6.4, 7.012452, 7.226665, 7.226665, 7.026665, 6.426665, 5.814214, 5.224621, 5.024621, 4.824621, 4.990812, 5.157002, 5.498571, 5.575604, 5.470031, 4.936296, 4.21732, 3.051129, 1.974096, 1.079669, 0.447214, 0.0, 0.0, 0.0]"
303,"[0.0, 0.0, 0.0, 0.0, 0.565685, 1.414214, 2.414214, 3.580404, 4.746594, 5.257942, 5.486447, 5.56348, 5.417093, 5.075524, 4.630946, 4.001127, 3.48978, 2.917189, 2.692568, 2.860113, 3.412899, 3.847214, 4.6, 5.4, 6.2, 6.8, 7.412452, 7.824903, 8.074145, 7.930167, 6.330167, 5.794749, 5.006918, 3.757676, 2.748868, 3.314553, 2.95863, 3.028436, 3.705469, 4.335289, 4.935794, 5.380874, 5.652637, 5.652637, 5.652637, 5.56348, 5.397289, 5.231099, 5.154066, 5.277033, 5.4, 5.8, 6.0, 6.0, 5.6, 4.8, 3.6, 2.4, 1.4, 0.6, 0.2, 0.0, 0.0, 0.0]"
304,"[0.0, 0.0, 0.0, 0.0, 0.894427, 1.788854, 2.865887, 4.08244, 5.298992, 5.604565, 5.910138, 5.833105, 5.616553, 5.4, 5.2, 4.8, 4.624621, 4.345731, 4.066842, 3.91537, 4.11537, 4.456939, 4.902019, 5.347099, 5.840212, 6.282432, 6.728694, 7.124553, 7.372576, 7.445149, 6.002929, 5.671102, 5.003479, 4.154951, 3.187951, 3.587951, 2.707326, 2.445355, 2.600779, 3.047993, 3.54242, 4.219453, 4.481425, 4.654742, 4.481425, 4.308108, 3.952185, 3.778868, 3.778868, 4.057758, 4.336648, 4.464066, 4.464066, 4.290749, 3.690749, 2.890749, 2.042221, 1.32111, 0.6, 0.2, 0.0, 0.0, 0.0, 0.0]"
305,"[0.0, 0.0, 0.0, 0.0, 0.8, 1.8, 3.016553, 4.281464, 5.546375, 5.823408, 5.900441, 5.760921, 5.390437, 5.019953, 4.767541, 4.490508, 4.213476, 4.119048, 4.024621, 4.219804, 4.496837, 4.961748, 5.238781, 5.604971, 6.027388, 6.392575, 6.740116, 7.275534, 7.898199, 8.164779, 6.722558, 6.375018, 5.78237, 4.818137, 3.55655, 4.122235, 3.257324, 2.83752, 2.812899, 3.165685, 3.619804, 4.436356, 5.052909, 5.469461, 5.689265, 5.689265, 5.549746, 5.410226, 5.270707, 5.327936, 5.385165, 5.327936, 5.050903, 4.77387, 4.14405, 3.267017, 2.530056, 1.730056, 0.930056, 0.482843, 0.282843, 0.0, 0.0, 0.0]"
306,"[0.0, 0.0, 0.0, 0.0, 0.824621, 1.844425, 3.044425, 4.244425, 5.444425, 5.819804, 6.0, 5.8, 5.6, 5.4, 5.024621, 4.649242, 4.543669, 4.438097, 4.332524, 4.356431, 4.380338, 4.380338, 4.380338, 4.380338, 4.551614, 4.903085, 5.422872, 6.140896, 6.895711, 7.331929, 6.131929, 6.059357, 5.341332, 4.4132, 3.404392, 3.604392, 2.262751, 1.768324, 1.647214, 2.0, 2.8, 3.8, 4.6, 5.2, 5.4, 5.6, 5.6, 5.4, 5.2, 5.2, 4.8, 4.6, 4.0, 3.282843, 2.282843, 1.882843, 1.907464, 1.507464, 1.224621, 1.224621, 0.824621, 0.0, 0.0, 0.0]"
307,"[0.0, 0.0, 0.0, 0.0, 0.8, 1.6, 2.6, 3.8, 5.0, 5.2, 5.4, 5.6, 5.4, 5.2, 5.219804, 5.239608, 4.934035, 4.828462, 4.722889, 4.597513, 4.426237, 4.25292, 4.25292, 4.378297, 4.683869, 5.035341, 5.714231, 6.419804, 7.012452, 7.424903, 6.224903, 6.280925, 5.757958, 5.039934, 3.874696, 4.074696, 2.618674, 1.941641, 1.494427, 1.941641, 2.636068, 3.713101, 4.529653, 5.298992, 5.621118, 5.746494, 5.689265, 5.492517, 5.100585, 4.708654, 4.48885, 3.869046, 3.249242, 2.424621, 1.8, 1.447214, 1.847214, 1.447214, 1.447214, 1.247214, 0.8, 0.0, 0.0, 0.0]"
308,"[0.0, 0.0, 0.0, 0.0, 0.6, 1.4, 2.2, 3.0, 3.8, 4.0, 4.0, 4.024621, 4.049242, 4.073863, 4.168291, 4.262718, 4.332524, 4.229013, 3.970077, 3.641335, 3.468019, 3.173591, 3.252481, 3.511417, 4.022764, 4.643295, 5.384936, 6.37379, 7.198411, 7.77062, 6.42898, 6.487339, 5.898485, 5.049242, 3.8, 4.0, 2.6, 1.847214, 1.768324, 2.262751, 3.062751, 4.194122, 5.027533, 5.587048, 5.973245, 6.104616, 6.104616, 5.955362, 5.674737, 5.115223, 4.549537, 3.86538, 2.934009, 1.934009, 1.612899, 1.768324, 2.32111, 2.12111, 2.12111, 1.72111, 1.0, 0.0, 0.0, 0.0]"
309,"[0.0, 0.0, 0.0, 0.0, 0.4, 1.032456, 1.664911, 2.489532, 3.314153, 3.738774, 3.93094, 4.123106, 4.123106, 4.192912, 4.089401, 4.113308, 4.137215, 4.033704, 3.771732, 3.683078, 3.234549, 3.018477, 2.929822, 3.145895, 3.513439, 4.394064, 5.482074, 6.570083, 7.418611, 8.115668, 6.835043, 6.395202, 5.840928, 4.776327, 3.479271, 3.679271, 2.398646, 1.432456, 1.432456, 1.857077, 2.676881, 3.893433, 4.893433, 5.660978, 6.036356, 6.216553, 6.0, 5.8, 5.2, 4.6, 3.8, 3.0, 2.0, 1.4, 1.432456, 2.052259, 3.068812, 3.068812, 2.868812, 2.236356, 1.216553, 0.0, 0.0, 0.0]"
310,"[0.0, 0.0, 0.0, 0.0, 0.282843, 0.730056, 1.451167, 2.172277, 3.020805, 3.459072, 3.906286, 3.906286, 3.906286, 3.690213, 3.793724, 3.723918, 3.602808, 3.481698, 3.249242, 2.871835, 2.330056, 2.330056, 2.530056, 3.130056, 3.882843, 5.0, 6.0, 7.0, 7.8, 8.411077, 7.011077, 6.825291, 6.045094, 4.87755, 3.266473, 3.266473, 2.135102, 1.562512, 1.651167, 2.299695, 3.299695, 4.297477, 5.130888, 5.823991, 6.389677, 6.521048, 6.240423, 5.808326, 5.242641, 4.394113, 3.545584, 2.745584, 1.897056, 1.248528, 1.315298, 1.926883, 2.893073, 2.893073, 2.693073, 2.060618, 1.16619, 0.0, 0.0, 0.0]"
311,"[0.0, 0.0, 0.0, 0.0, 0.447214, 1.079669, 1.712125, 2.606552, 3.683585, 4.236371, 4.770106, 5.214683, 5.397289, 5.144877, 4.969499, 4.435764, 3.958731, 3.481698, 3.057077, 2.515298, 2.282843, 2.282843, 2.507464, 3.127268, 4.109336, 5.165358, 6.2146, 7.09878, 7.922885, 8.270425, 6.814403, 6.365161, 5.65636, 4.412452, 3.0, 3.0, 2.0, 1.6, 1.8, 2.619804, 3.836356, 4.852909, 5.667122, 6.281336, 6.675746, 6.675746, 6.478997, 6.084587, 5.494995, 4.713237, 3.943898, 3.124094, 2.30429, 1.762512, 1.762512, 2.335102, 3.535102, 3.335102, 3.052259, 2.419804, 1.4, 0.0, 0.0, 0.0]"
312,"[0.0, 0.0, 0.0, 0.0, 0.6, 1.4, 2.4, 3.4, 4.6, 5.2, 5.6, 5.8, 5.8, 5.6, 5.4, 5.0, 4.432456, 4.064911, 3.512125, 2.959338, 2.759338, 2.759338, 2.951504, 3.581323, 4.3003, 5.041941, 5.851706, 6.639536, 7.271304, 7.628268, 6.286627, 6.060959, 5.248508, 4.139707, 2.816553, 2.816553, 1.8, 1.4, 1.4, 2.2, 3.2, 4.2, 5.0, 5.6, 5.8, 6.0, 5.8, 5.6, 5.2, 4.6, 4.0, 3.2, 2.2, 1.682843, 1.682843, 2.082843, 3.082843, 3.082843, 2.8, 2.2, 1.2, 0.0, 0.0, 0.0]"
313,"[0.0, 0.0, 0.0, 0.0, 0.6, 1.6, 2.6, 3.8, 5.2, 5.816553, 6.033105, 6.249658, 6.069461, 5.689265, 5.472713, 5.05616, 4.439608, 4.019804, 3.447214, 3.012899, 2.845355, 3.069976, 3.469976, 4.222762, 5.057077, 5.824621, 6.6, 7.4, 8.011077, 8.025291, 6.625291, 6.045094, 5.069716, 3.891094, 2.676881, 2.676881, 1.857077, 1.315298, 1.130056, 1.651167, 2.499695, 3.299695, 4.016852, 4.569638, 4.848528, 4.848528, 4.697056, 4.545584, 4.11127, 3.676955, 3.11127, 2.545584, 1.697056, 1.131371, 1.012899, 1.451167, 2.245357, 2.245357, 2.245357, 1.798143, 1.077033, 0.0, 0.0, 0.0]"
314,"[0.0, 0.0, 0.0, 0.0, 0.72111, 1.615537, 2.69257, 3.909123, 5.125675, 5.604565, 5.910138, 6.033105, 5.816553, 5.6, 5.2, 4.8, 4.232456, 3.798141, 3.363826, 3.388448, 3.388448, 3.955992, 4.590307, 5.424621, 6.2, 7.0, 7.611077, 8.222154, 8.666063, 8.715305, 7.115305, 6.569139, 5.652489, 4.408581, 3.159338, 3.442181, 2.57727, 2.282843, 2.482843, 3.082843, 4.0, 4.8, 5.4, 5.8, 5.8, 5.6, 5.2, 4.8, 4.4, 4.0, 3.4, 3.0, 2.4, 1.6, 1.4, 1.6, 2.2, 2.0, 2.0, 1.6, 1.0, 0.0, 0.0, 0.0]"
315,"[0.0, 0.0, 0.0, 0.0, 0.894427, 1.719048, 2.919048, 4.119048, 5.319048, 5.624621, 6.016553, 5.836356, 5.460978, 5.060978, 4.660978, 4.244425, 3.824621, 3.632456, 3.553566, 3.474676, 3.674676, 4.074676, 4.722845, 5.443956, 6.165066, 6.727116, 7.424172, 7.840604, 7.960433, 7.960433, 6.398383, 5.701327, 4.725381, 3.729016, 2.686796, 3.086796, 2.719251, 2.892568, 3.22131, 3.715737, 4.315737, 4.683282, 4.683282, 4.683282, 4.683282, 4.53181, 4.25292, 4.079603, 3.906286, 3.906286, 3.778868, 3.623443, 3.349547, 2.828436, 1.934009, 1.412899, 1.447214, 1.0, 0.8, 0.8, 0.6, 0.0, 0.0, 0.0]"
316,"[0.0, 0.0, 0.0, 0.0, 0.824621, 2.041174, 3.241174, 4.441174, 5.657726, 6.098016, 6.146375, 6.023408, 5.843211, 5.45128, 4.986369, 4.521458, 4.244425, 4.049242, 4.301654, 4.396081, 4.673114, 5.214755, 5.731775, 6.096962, 6.814987, 7.350405, 7.797619, 8.164779, 8.3718, 8.408591, 6.79614, 6.223838, 5.339658, 4.411526, 3.327969, 4.04908, 3.657148, 3.657148, 3.955842, 4.40996, 4.708654, 4.903837, 4.903837, 4.684033, 4.464229, 4.244425, 4.049242, 4.119048, 4.213476, 4.307903, 4.40233, 4.40233, 4.307903, 3.813476, 3.119048, 2.224621, 1.8, 1.0, 0.6, 0.4, 0.4, 0.0, 0.0, 0.0]"
317,"[0.0, 0.0, 0.0, 0.0, 0.894427, 2.025798, 3.157169, 4.437794, 5.718419, 5.990182, 6.025001, 5.89363, 5.507433, 5.226808, 4.909146, 4.637383, 4.53181, 4.53181, 4.608843, 5.025226, 5.58682, 6.106607, 6.626393, 6.963574, 7.311114, 7.467544, 7.665782, 7.90081, 8.135839, 7.97941, 6.366958, 5.971059, 5.321817, 4.472574, 3.841174, 4.735601, 4.413476, 4.307903, 4.507903, 4.683282, 4.683282, 4.683282, 4.35454, 3.920225, 3.367439, 2.873012, 2.578584, 2.812899, 3.071835, 3.624621, 4.424621, 4.824621, 4.919048, 4.815537, 4.381223, 3.581223, 3.028436, 2.134009, 1.412899, 0.847214, 0.447214, 0.0, 0.0, 0.0]"
318,"[0.0, 0.0, 0.0, 0.0, 0.824621, 1.649242, 2.669046, 3.669046, 4.669046, 4.844425, 5.019804, 4.8, 4.6, 4.4, 4.032456, 3.753566, 3.674676, 3.723204, 3.923204, 4.290749, 4.569638, 5.129153, 5.446815, 5.613006, 5.779196, 5.945386, 6.006402, 6.181853, 6.181853, 6.092695, 4.926505, 4.409485, 3.867844, 3.501654, 3.224621, 4.049242, 4.119048, 4.213476, 4.307903, 4.40233, 4.472136, 4.298819, 3.970077, 3.641335, 3.146908, 2.852481, 2.931371, 3.365685, 4.0, 4.8, 5.4, 5.816553, 6.081464, 5.775891, 5.141576, 4.341576, 3.407866, 2.142955, 1.248528, 0.682843, 0.282843, 0.0, 0.0, 0.0]"
319,"[0.0, 0.0, 0.0, 0.0, 0.824621, 1.901654, 2.978687, 4.05572, 5.05572, 5.231099, 5.154066, 4.97146, 4.788854, 4.613476, 4.413476, 4.213476, 4.319048, 4.624621, 5.016553, 5.433105, 5.849658, 6.263871, 6.328782, 6.377141, 6.425499, 6.473858, 6.324555, 6.324555, 6.401285, 6.401285, 5.136374, 5.037653, 4.772742, 4.562472, 4.297561, 5.297561, 5.208404, 5.285437, 5.231099, 5.308132, 5.202559, 5.019953, 4.575376, 3.898343, 3.22131, 2.774096, 2.445355, 2.707326, 3.307326, 4.038697, 4.872108, 5.648064, 6.018548, 6.218548, 5.887177, 5.327662, 4.433235, 3.168324, 1.968324, 1.168324, 0.447214, 0.0, 0.0, 0.0]"
320,"[0.0, 0.0, 0.0, 0.0, 0.72111, 1.72111, 2.72111, 3.72111, 4.72111, 4.894427, 4.788854, 4.683282, 4.404392, 3.970077, 3.79676, 3.79676, 3.726954, 4.025648, 4.676515, 5.171957, 5.691744, 6.281336, 6.675746, 6.859193, 7.042641, 7.028427, 7.014214, 7.0, 7.0, 7.0, 5.6, 5.416553, 5.093585, 4.770618, 4.265046, 5.265046, 5.179864, 5.234202, 5.157169, 5.262742, 5.11127, 4.545584, 3.861427, 3.261427, 2.861427, 2.645355, 2.974096, 3.42131, 4.362951, 5.286105, 6.109672, 6.629458, 7.135031, 7.009943, 6.381215, 5.490879, 4.476665, 3.076665, 1.860113, 0.965685, 0.4, 0.0, 0.0, 0.0]"
321,"[0.0, 0.0, 0.0, 0.0, 1.0, 2.0, 3.0, 4.019804, 5.039608, 5.116641, 5.136445, 4.961066, 4.741262, 4.521458, 4.244425, 4.049242, 4.301654, 4.578687, 4.85572, 5.22191, 5.56348, 5.652637, 5.741794, 5.945386, 6.059821, 6.025001, 6.139436, 6.25387, 6.25387, 6.139436, 5.008065, 4.804473, 4.600881, 4.34006, 4.193674, 5.193674, 5.116641, 5.039608, 5.019804, 5.0, 4.8, 4.4, 3.8, 3.082843, 2.482843, 2.282843, 2.482843, 3.082843, 4.0, 5.014214, 5.870236, 6.335147, 6.615771, 6.696396, 6.17661, 5.320588, 4.50289, 3.222266, 1.941641, 1.047214, 0.447214, 0.0, 0.0, 0.0]"
322,"[0.0, 0.0, 0.0, 0.0, 0.848528, 1.848528, 2.979899, 3.979899, 4.979899, 5.131371, 5.131371, 4.848528, 4.697056, 4.545584, 4.545584, 4.440012, 4.668516, 5.036541, 5.404565, 5.604565, 6.110138, 6.433105, 6.616553, 6.8, 7.0, 7.0, 7.0, 7.014214, 7.028427, 7.042641, 5.642641, 5.507552, 5.358249, 5.110226, 4.862203, 6.028393, 5.894853, 5.761313, 5.726493, 5.560303, 5.242641, 4.959798, 4.549537, 4.018167, 3.618167, 3.402094, 3.274676, 3.553566, 4.119756, 4.861397, 5.570582, 6.305494, 6.705494, 6.739304, 6.662574, 6.169461, 5.345895, 3.945895, 2.745895, 1.480984, 0.632456, 0.0, 0.0, 0.0]"
323,"[0.0, 0.0, 0.0, 0.0, 0.8, 1.6, 2.6, 3.6, 4.6, 4.8, 5.0, 5.0, 4.8, 4.6, 4.4, 4.2, 4.219804, 4.496837, 4.77387, 5.14006, 5.506251, 5.652637, 5.575604, 5.498571, 5.463752, 5.428932, 5.543367, 5.823991, 6.104616, 6.25387, 5.122499, 5.008065, 4.72744, 4.341242, 4.080421, 4.880421, 4.714231, 4.714231, 4.819804, 4.8, 4.8, 4.4, 4.0, 3.447214, 2.894427, 2.726883, 2.926883, 3.346687, 4.116026, 5.010453, 5.719638, 6.361858, 6.622679, 6.572317, 6.25048, 5.50884, 4.632305, 3.35168, 2.185489, 1.165685, 0.565685, 0.0, 0.0, 0.0]"
324,"[0.0, 0.0, 0.0, 0.0, 0.8, 1.819804, 3.036356, 4.301267, 5.566179, 6.03109, 6.276197, 6.136677, 5.948799, 5.703692, 5.655333, 5.590422, 5.713389, 5.836356, 6.016553, 6.0, 6.0, 6.016553, 6.081464, 6.146375, 6.288015, 6.61117, 6.917772, 7.176016, 7.434259, 7.615773, 6.092618, 5.911105, 5.729591, 5.372627, 4.849472, 5.698, 5.356359, 5.014719, 4.848528, 4.848528, 4.848528, 4.569638, 4.202094, 3.802094, 3.402094, 3.186021, 3.186021, 3.553566, 4.119756, 4.861397, 5.493852, 5.989295, 6.189295, 6.223104, 5.775891, 5.23209, 4.615537, 3.415537, 2.215537, 1.32111, 0.6, 0.0, 0.0, 0.0]"
325,"[0.0, 0.0, 0.0, 0.0, 0.848528, 1.848528, 2.848528, 4.014719, 5.180909, 5.498571, 5.664762, 5.830952, 5.664762, 5.498571, 5.332381, 5.014719, 4.697056, 4.697056, 4.697056, 4.863247, 5.356359, 5.849472, 6.114383, 6.570405, 6.860237, 6.974618, 7.341778, 7.785667, 8.038446, 8.105579, 6.649557, 6.463911, 6.096751, 5.464983, 4.941828, 5.741828, 5.218674, 4.877033, 4.819804, 4.839608, 5.059412, 5.079216, 4.903837, 4.605143, 4.306449, 4.135174, 3.83648, 3.906286, 4.351366, 4.796446, 5.114109, 5.524369, 5.796132, 5.706975, 5.340785, 4.774594, 3.926066, 2.759876, 1.682843, 0.882843, 0.282843, 0.0, 0.0, 0.0]"
326,"[0.0, 0.0, 0.0, 0.0, 1.019804, 2.039608, 3.239608, 4.439608, 5.839608, 6.019804, 6.2, 6.2, 6.0, 5.6, 5.4, 5.2, 5.0, 5.0, 5.216553, 5.433105, 5.698016, 6.039657, 6.562811, 6.869414, 7.441715, 7.965659, 8.59379, 8.968002, 9.532908, 9.587963, 7.799108, 7.441788, 6.760974, 5.692717, 4.925841, 5.925841, 5.44476, 5.508833, 5.769654, 5.973245, 6.25387, 6.403124, 6.403124, 6.28869, 6.174255, 5.970663, 5.709842, 5.429218, 5.463027, 5.496837, 5.834017, 6.079125, 6.344036, 6.310226, 6.110226, 5.261698, 4.196787, 2.931876, 1.765685, 0.765685, 0.2, 0.0, 0.0, 0.0]"
327,"[0.0, 0.0, 0.0, 0.0, 0.824621, 1.824621, 3.024621, 4.224621, 5.424621, 5.8, 6.016553, 5.836356, 5.636356, 5.436356, 5.236356, 5.019804, 5.0, 5.2, 5.416553, 5.830766, 6.24498, 6.701002, 6.957024, 7.389713, 7.624742, 7.919329, 8.112549, 8.30577, 8.30577, 8.268979, 6.560178, 6.523388, 6.274145, 5.841456, 5.306037, 6.306037, 5.693585, 5.424956, 5.339775, 5.394113, 5.525483, 5.656854, 5.656854, 5.656854, 5.525483, 5.28854, 4.98179, 4.870223, 4.738852, 4.955405, 5.475191, 6.106592, 6.428429, 6.709054, 6.623872, 5.930769, 4.92196, 3.58032, 2.299695, 1.168324, 0.447214, 0.0, 0.0, 0.0]"
328,"[0.0, 0.0, 0.0, 0.0, 0.848528, 1.697056, 2.697056, 3.863247, 5.029437, 5.257942, 5.486447, 5.56348, 5.291716, 5.019953, 4.94292, 4.865887, 4.788854, 4.894427, 5.131371, 5.262742, 5.394113, 5.525483, 5.806108, 5.955362, 6.104616, 6.415466, 6.726316, 7.058142, 7.497982, 7.779408, 6.337187, 6.30918, 5.977353, 5.388259, 4.674737, 5.674737, 5.154951, 4.698947, 4.392198, 4.368291, 4.192912, 4.123106, 4.098485, 4.073863, 3.849242, 3.624621, 3.432456, 3.526883, 3.62131, 4.098343, 4.763254, 5.347351, 5.652924, 5.758497, 5.506085, 4.873629, 3.857077, 2.657077, 1.657077, 0.832456, 0.2, 0.0, 0.0, 0.0]"
329,"[0.0, 0.0, 0.0, 0.0, 0.824621, 1.649242, 2.726275, 3.803308, 4.880341, 5.132753, 5.385165, 5.385165, 5.385165, 5.385165, 5.385165, 5.385165, 5.385165, 5.385165, 5.327936, 5.270707, 5.213478, 5.156249, 5.079216, 5.059412, 5.239608, 5.634017, 6.226665, 6.839117, 7.451568, 7.851568, 6.437355, 6.424903, 6.412452, 6.2, 5.6, 6.6, 5.8, 4.8, 3.847214, 3.412899, 2.978584, 2.899695, 3.020805, 3.468019, 3.922137, 4.376256, 4.674949, 4.973643, 5.156249, 5.213478, 5.270707, 5.327936, 5.308132, 4.952209, 4.32239, 3.645357, 2.768324, 1.768324, 1.047214, 0.6, 0.2, 0.0, 0.0, 0.0]"
330,"[0.0, 0.0, 0.0, 0.0, 0.632456, 1.457077, 2.457077, 3.457077, 4.657077, 5.224621, 5.6, 5.8, 6.0, 6.0, 6.0, 6.0, 6.0, 6.0, 6.016553, 5.836356, 5.65616, 5.533193, 5.410226, 5.359864, 5.506251, 5.767072, 6.387095, 7.007118, 7.561393, 8.281999, 7.001374, 7.013118, 6.839217, 6.383663, 5.761777, 6.656205, 5.668514, 4.86647, 4.234014, 3.569103, 3.474676, 3.753566, 4.032456, 4.6, 5.2, 5.6, 5.8, 6.0, 6.0, 6.0, 6.0, 6.0, 5.8, 5.424621, 4.857077, 3.857077, 2.657077, 1.657077, 0.832456, 0.2, 0.0, 0.0, 0.0, 0.0]"
331,"[0.0, 0.0, 0.0, 0.0, 0.72111, 1.442221, 2.290749, 3.290749, 4.456939, 4.812862, 5.168784, 5.397289, 5.474322, 5.385165, 5.474322, 5.56348, 5.486447, 5.409414, 5.332381, 5.16619, 4.848528, 4.697056, 4.545584, 4.545584, 4.622617, 5.039, 5.713627, 6.388253, 6.911408, 7.446826, 6.181915, 6.379226, 6.270285, 5.878501, 5.114578, 5.963106, 4.963751, 4.149537, 3.618167, 3.369638, 3.153566, 3.064911, 3.359338, 3.653765, 4.053765, 4.42131, 4.788854, 5.060618, 5.332381, 5.498571, 5.575604, 5.595408, 5.229218, 4.663027, 3.896837, 2.819804, 1.8, 1.0, 0.4, 0.0, 0.0, 0.0, 0.0, 0.0]"
332,"[0.0, 0.0, 0.0, 0.0, 0.6, 1.4, 2.4, 3.4, 4.4, 4.8, 5.0, 5.0, 5.0, 5.0, 5.0, 5.0, 5.0, 5.0, 5.0, 5.0, 5.2, 5.2, 5.2, 5.219804, 5.239608, 5.304519, 5.760541, 6.409783, 7.039221, 7.631869, 6.366958, 6.510936, 6.261694, 6.012452, 5.4, 6.4, 5.6, 4.832456, 4.153566, 3.874676, 3.440361, 3.361472, 3.450126, 3.623443, 3.79676, 4.308108, 4.664031, 5.019953, 5.202559, 5.474322, 5.56348, 5.652637, 5.706975, 5.524369, 5.079289, 4.313099, 3.146908, 2.015537, 1.12111, 0.4, 0.0, 0.0, 0.0, 0.0]"
333,"[0.0, 0.0, 0.0, 0.0, 0.8, 1.6, 2.6, 3.6, 4.619804, 4.896837, 5.17387, 5.250903, 5.270707, 5.270707, 5.213478, 5.156249, 5.09902, 5.09902, 5.279216, 5.259412, 5.239608, 5.219804, 5.2, 5.2, 5.416553, 5.633105, 6.089127, 6.738369, 7.150821, 7.54672, 6.330167, 6.474145, 6.424903, 6.212452, 5.8, 6.8, 6.219804, 5.444425, 4.938852, 4.459962, 4.181073, 3.882379, 3.952185, 3.952185, 4.308108, 4.664031, 5.207831, 5.578315, 6.13991, 6.518899, 6.965021, 7.14233, 7.158044, 6.833393, 6.271798, 5.195857, 3.953636, 2.673012, 1.541641, 0.647214, 0.2, 0.0, 0.0, 0.0]"
334,"[0.0, 0.0, 0.0, 0.0, 0.632456, 1.457077, 2.476881, 3.693433, 4.893433, 5.460978, 5.836356, 6.016553, 6.0, 6.0, 6.0, 6.0, 6.0, 6.016553, 6.033105, 6.049658, 6.06621, 6.131121, 6.17948, 6.129118, 6.078755, 6.142828, 6.320137, 6.617276, 7.013136, 7.459397, 6.178772, 6.259706, 6.039297, 5.818888, 5.372627, 6.538817, 5.86419, 5.371078, 4.877965, 4.560303, 4.115223, 3.89915, 3.850622, 3.802094, 3.953566, 4.232456, 4.8, 5.2, 5.6, 6.0, 6.4, 6.6, 6.616553, 6.681464, 6.175891, 5.341576, 4.141576, 2.925024, 1.660113, 0.765685, 0.2, 0.0, 0.0, 0.0]"
335,"[0.0, 0.0, 0.0, 0.0, 0.8, 1.6, 2.6, 3.619804, 4.696837, 4.896837, 5.096837, 4.991264, 4.865887, 4.683282, 4.577709, 4.40233, 4.527707, 4.653083, 4.758656, 5.064229, 5.439608, 5.619804, 5.6, 5.8, 5.8, 6.014214, 6.414214, 7.014214, 7.414214, 7.814214, 6.4, 6.2, 5.8, 5.4, 4.8, 5.819804, 5.314231, 5.008658, 4.808658, 4.808658, 4.788854, 4.894427, 5.0, 4.894427, 4.788854, 4.865887, 5.08244, 5.496653, 6.01644, 6.771255, 7.403023, 7.975325, 8.173562, 8.201569, 7.683698, 6.974897, 5.633257, 4.020805, 2.578584, 1.447214, 0.447214, 0.0, 0.0, 0.0]"
336,"[0.0, 0.0, 0.0, 0.0, 0.8, 1.8, 3.016553, 4.281464, 5.546375, 5.912565, 6.078755, 5.75663, 5.386146, 5.015662, 4.674093, 4.507903, 4.613476, 4.719048, 5.024621, 5.4, 5.6, 5.8, 6.016553, 6.033105, 6.247319, 6.503341, 6.759363, 6.998832, 7.238301, 7.28011, 5.824088, 5.632977, 5.441866, 5.327485, 5.152088, 6.566301, 6.715604, 6.864906, 6.80389, 6.937479, 6.80389, 6.389677, 6.052496, 5.791675, 5.377462, 5.096837, 5.313389, 5.501267, 6.004618, 6.848527, 7.888135, 8.681558, 9.416646, 9.693492, 9.449583, 8.674886, 7.559338, 5.559338, 3.759338, 2.159338, 0.894427, 0.0, 0.0, 0.0]"
337,"[0.0, 0.0, 0.0, 0.0, 0.894427, 1.894427, 2.894427, 4.025798, 5.025798, 5.131371, 5.131371, 4.979899, 4.697056, 4.545584, 4.266695, 4.161122, 4.137215, 4.308491, 4.659962, 5.338852, 5.844425, 6.419804, 6.8, 7.0, 7.0, 7.0, 7.0, 7.0, 7.0, 7.0, 5.6, 5.614214, 5.479125, 5.420765, 5.362406, 6.704047, 6.631474, 6.808784, 6.808784, 6.747768, 6.572317, 6.230677, 5.636984, 5.016454, 4.335829, 3.969638, 3.969638, 4.386021, 5.120933, 6.170175, 7.214084, 8.025161, 8.76025, 9.115305, 9.115305, 8.613037, 7.80196, 5.80196, 3.990883, 2.341641, 1.0, 0.0, 0.0, 0.0]"
338,"[0.0, 0.0, 0.0, 0.0, 0.848528, 1.848528, 3.014719, 4.356359, 5.698, 6.114383, 6.379294, 6.232908, 5.785694, 5.33848, 5.073569, 4.657186, 4.485911, 4.591483, 4.863247, 5.204887, 5.698, 6.191113, 6.532754, 6.708204, 6.708204, 6.708204, 6.708204, 6.889718, 6.889718, 6.812988, 5.471347, 5.346259, 5.039657, 4.898016, 4.833105, 6.033105, 6.016553, 6.0, 6.0, 6.0, 6.0, 5.8, 5.424621, 4.945731, 4.466842, 3.987952, 3.812573, 4.204504, 4.699947, 5.434858, 6.36299, 7.24717, 7.643069, 7.988566, 7.946758, 7.463706, 6.649333, 5.036881, 3.474831, 2.060618, 0.894427, 0.0, 0.0, 0.0]"
339,"[0.0, 0.0, 0.0, 0.0, 0.632456, 1.526883, 2.351504, 3.351504, 4.351504, 4.719048, 4.824621, 4.8, 4.6, 4.4, 4.2, 3.832456, 3.664911, 3.586021, 3.634549, 3.834549, 4.202094, 4.569638, 4.979899, 5.262742, 5.394113, 5.674737, 6.088951, 6.238205, 6.387459, 6.536713, 5.256088, 5.008065, 4.72744, 4.613006, 4.409414, 5.429218, 5.47958, 5.696132, 5.746494, 5.869461, 6.049658, 5.833105, 5.416553, 5.0, 4.432456, 3.953566, 3.802094, 4.002094, 4.482719, 5.54732, 6.523266, 7.395202, 8.007654, 8.250184, 8.009149, 7.528646, 6.608181, 4.995729, 3.472574, 2.016553, 0.8, 0.0, 0.0, 0.0]"
340,"[0.0, 0.0, 0.0, 0.0, 0.6, 1.4, 2.419804, 3.496837, 4.663027, 5.229218, 5.429218, 5.409414, 5.332381, 5.16619, 4.894427, 4.719048, 4.543669, 4.543669, 4.543669, 4.649242, 5.024621, 5.4, 5.6, 6.0, 6.4, 6.6, 7.0, 7.2, 7.2, 7.2, 5.8, 5.4, 5.2, 5.016553, 4.881464, 6.047654, 6.013844, 6.155485, 6.280573, 6.357303, 6.357303, 6.191113, 5.849472, 5.356359, 4.863247, 4.591483, 4.611287, 4.811287, 5.162759, 5.728445, 6.446469, 7.075907, 7.584708, 7.907863, 7.93587, 7.454789, 6.654075, 4.945274, 3.422119, 1.979899, 0.848528, 0.0, 0.0, 0.0]"
341,"[0.0, 0.0, 0.0, 0.0, 0.894427, 2.060618, 3.325529, 4.59044, 5.806992, 6.112565, 6.146375, 6.081464, 6.016553, 6.0, 5.8, 5.619804, 5.439608, 5.316641, 5.282831, 5.563456, 5.957866, 6.500112, 7.120135, 7.651001, 8.067432, 8.350275, 8.485281, 8.485281, 8.632134, 8.497128, 6.800071, 6.665065, 6.248634, 5.68535, 5.28949, 6.631131, 6.410722, 6.471738, 6.456024, 6.631474, 6.554744, 6.478015, 6.401285, 6.156178, 5.814537, 5.549626, 5.304519, 5.304519, 5.549626, 5.891267, 6.600068, 7.229506, 7.577046, 7.912135, 7.970495, 7.478246, 6.848808, 5.236356, 3.636356, 2.236356, 1.019804, 0.0, 0.0, 0.0]"
342,"[0.0, 0.0, 0.0, 0.0, 0.8, 1.8, 3.064911, 4.406552, 5.748193, 6.114383, 6.280573, 6.015662, 5.674022, 5.332381, 5.16619, 4.894427, 4.788854, 4.808658, 5.008658, 5.208658, 5.514231, 6.019804, 6.6, 7.0, 7.6, 8.2, 8.6, 8.811077, 9.022154, 9.033231, 7.233231, 6.847445, 6.236368, 5.625291, 5.014214, 6.230766, 6.081464, 6.146375, 6.211286, 6.276197, 6.401285, 6.478015, 6.554744, 6.456024, 6.191113, 5.980843, 5.639202, 5.639202, 5.814652, 6.256873, 6.737954, 7.458419, 7.813834, 8.16925, 8.16925, 7.898439, 7.002595, 5.305539, 3.608482, 2.166262, 0.824621, 0.0, 0.0, 0.0]"
343,"[0.0, 0.0, 0.0, 0.0, 0.894427, 1.97146, 3.137651, 4.418275, 5.6989, 5.970663, 6.059821, 5.970663, 5.767072, 5.380874, 5.109111, 4.664031, 4.435526, 4.079603, 4.079603, 4.262209, 4.618132, 5.034514, 5.769426, 6.331021, 6.90323, 7.534998, 8.058941, 8.391774, 8.822548, 8.893771, 7.18497, 6.838336, 6.215672, 5.405909, 4.705248, 5.705248, 5.463027, 5.496837, 5.619804, 6.0, 6.4, 6.4, 6.416553, 6.433105, 6.110138, 5.787171, 5.664204, 5.613842, 5.677914, 6.043102, 6.408289, 6.943708, 7.300672, 7.476069, 7.29876, 6.856539, 5.844088, 4.320933, 2.864911, 1.6, 0.6, 0.0, 0.0, 0.0]"
344,"[0.0, 0.0, 0.0, 0.0, 0.72111, 1.615537, 2.746908, 4.027533, 5.308158, 5.753238, 5.935844, 5.881506, 5.677914, 5.474322, 5.385165, 5.202559, 4.846636, 4.618132, 4.389627, 4.207021, 4.389627, 4.745549, 5.161932, 5.655045, 6.373069, 6.908488, 7.55192, 8.007474, 8.386298, 8.335897, 6.723445, 6.417194, 5.828099, 5.107634, 4.440012, 5.517045, 5.122635, 4.991264, 4.991264, 5.096837, 5.019804, 5.0, 5.0, 5.0, 5.0, 5.019804, 5.039608, 5.116641, 5.193674, 5.270707, 5.515814, 5.760921, 5.900441, 5.823408, 5.746375, 5.081464, 4.216553, 3.0, 2.0, 1.0, 0.4, 0.0, 0.0, 0.0]"
345,"[0.0, 0.0, 0.0, 0.0, 0.72111, 1.72111, 2.852481, 4.133106, 5.299296, 5.843097, 6.108008, 6.241548, 6.037957, 5.948799, 5.760921, 5.390437, 5.019953, 4.664031, 4.435526, 4.358493, 4.630256, 4.902019, 5.52255, 6.015662, 6.628114, 7.074375, 7.62865, 8.173805, 8.552629, 8.502228, 6.889776, 6.583525, 5.828099, 5.107634, 4.440012, 5.334439, 4.920225, 4.788854, 4.788854, 4.894427, 5.0, 5.0, 5.0, 5.0, 5.019804, 5.039608, 5.116641, 5.193674, 5.270707, 5.327936, 5.385165, 5.573043, 5.573043, 5.515814, 5.238781, 4.761748, 3.696837, 2.619804, 1.6, 0.8, 0.2, 0.0, 0.0, 0.0]"
346,"[0.0, 0.0, 0.0, 0.0, 0.824621, 1.901654, 3.067844, 4.348469, 5.762683, 6.218687, 6.307844, 6.218687, 6.015095, 5.677914, 5.291716, 4.846636, 4.490714, 4.134791, 3.952185, 4.134791, 4.490714, 4.846636, 5.390437, 5.952032, 6.331021, 6.71001, 7.341778, 7.785667, 8.1185, 8.274929, 6.818907, 6.390732, 5.848121, 5.1363, 4.418275, 5.242897, 4.762272, 4.596081, 4.519048, 4.624621, 4.8, 5.019804, 5.039608, 5.059412, 5.136445, 5.213478, 5.088101, 5.234487, 5.380874, 5.470031, 5.559189, 5.741794, 5.652637, 5.506251, 5.14006, 4.37387, 3.496837, 2.419804, 1.4, 0.6, 0.2, 0.0, 0.0, 0.0]"
347,"[0.0, 0.0, 0.0, 0.0, 1.0, 2.216553, 3.481464, 5.004618, 6.446839, 6.889059, 7.08672, 7.102434, 6.859904, 6.583874, 6.141654, 5.621867, 5.418275, 5.157454, 5.011068, 5.211068, 5.516641, 5.839608, 6.419804, 7.0, 7.4, 7.8, 8.2, 8.4, 8.611077, 8.623529, 7.023529, 6.83598, 6.252533, 5.641456, 5.029004, 6.029004, 5.436356, 5.239608, 5.116641, 5.193674, 5.270707, 5.327936, 5.308132, 5.231099, 5.154066, 5.208404, 5.297561, 5.463752, 5.629942, 5.910567, 6.059821, 6.174255, 6.139436, 5.867673, 5.308158, 4.427533, 3.346908, 2.215537, 1.32111, 0.6, 0.2, 0.0, 0.0, 0.0]"
348,"[0.0, 0.0, 0.0, 0.0, 0.894427, 2.060618, 3.341242, 4.783463, 6.306618, 6.935345, 7.292309, 7.276595, 7.099286, 6.595935, 6.149814, 5.521086, 5.104703, 4.68832, 4.668516, 4.591483, 5.038697, 5.53181, 6.206436, 6.729591, 7.252745, 7.434259, 7.881473, 8.245114, 8.442425, 8.763179, 7.240025, 7.01322, 6.407049, 5.686584, 4.737102, 5.561723, 4.799673, 4.319048, 4.119048, 4.244425, 4.439608, 4.85616, 5.321071, 5.785982, 6.107819, 6.429656, 6.554744, 6.631474, 6.708204, 6.889718, 6.889718, 6.812988, 6.491151, 5.94951, 5.026356, 3.884715, 2.619804, 1.6, 0.8, 0.2, 0.0, 0.0, 0.0, 0.0]"
349,"[0.0, 0.0, 0.0, 0.0, 1.077033, 2.243223, 3.657437, 5.07165, 6.513871, 6.778479, 6.877199, 6.540019, 6.202838, 5.837651, 5.573043, 5.385165, 5.308132, 5.231099, 5.154066, 5.243223, 5.332381, 5.498571, 5.840212, 6.363367, 6.809628, 7.530234, 8.250839, 8.795995, 9.159636, 9.391094, 7.504298, 7.031715, 6.559132, 5.803707, 4.959798, 5.854225, 5.264633, 4.850419, 4.719048, 4.719048, 4.824621, 5.0, 5.216553, 5.433105, 5.698016, 5.914569, 6.370591, 6.61006, 6.84953, 6.998832, 6.998832, 6.74281, 6.286788, 5.630766, 4.816553, 3.8, 2.8, 1.8, 1.0, 0.4, 0.2, 0.0, 0.0, 0.0]"
350,"[0.0, 0.0, 0.0, 0.0, 0.894427, 1.97146, 3.236371, 4.885613, 6.498065, 7.216089, 7.739056, 8.074145, 7.824903, 7.612452, 7.4, 7.0, 6.4, 6.019804, 5.696837, 5.37387, 5.34006, 5.620685, 6.015095, 6.500112, 6.985129, 7.662847, 8.382222, 8.968009, 9.292755, 9.789831, 7.945922, 7.654723, 7.110745, 6.300982, 5.136283, 5.857393, 4.714278, 3.890711, 3.613678, 3.719251, 3.998141, 4.432456, 5.0, 5.4, 5.8, 6.0, 6.2, 6.2, 6.2, 6.0, 5.8, 5.6, 5.2, 4.4, 3.6, 2.6, 1.8, 1.0, 0.6, 0.2, 0.2, 0.0, 0.0, 0.0]"
351,"[0.0, 0.0, 0.0, 0.0, 0.72111, 1.852481, 2.983852, 4.426072, 6.038524, 6.929865, 7.321649, 7.6463, 7.660102, 7.503672, 7.156132, 6.71001, 6.148415, 5.58682, 4.979327, 4.608843, 4.426237, 4.608843, 4.930968, 5.496653, 6.214678, 7.131328, 7.898204, 8.721259, 9.395107, 9.752427, 7.94135, 7.709892, 7.112505, 5.918871, 4.843526, 5.443526, 4.231075, 3.35454, 3.025798, 3.025798, 3.320225, 3.997258, 4.597763, 5.373719, 5.820932, 6.268146, 6.532754, 6.532754, 6.357303, 6.092695, 5.645482, 5.198268, 4.597763, 3.878786, 3.001753, 2.107326, 1.612899, 1.047214, 0.6, 0.4, 0.4, 0.0, 0.0, 0.0]"
352,"[0.0, 0.0, 0.0, 0.0, 0.894427, 1.894427, 3.025798, 4.157169, 5.719219, 6.267012, 6.709233, 7.020082, 7.330932, 7.110523, 6.834493, 6.286699, 5.844479, 5.250786, 4.630256, 4.288687, 4.19426, 4.19426, 4.545731, 5.041174, 5.865795, 6.715037, 7.754645, 8.56462, 9.348067, 9.698825, 8.049583, 7.622427, 6.829004, 5.653625, 4.253625, 4.653625, 3.488387, 2.671835, 2.647214, 2.847214, 3.647214, 4.4, 5.2, 5.8, 6.4, 6.6, 6.6, 6.6, 6.4, 6.2, 5.8, 5.4, 4.8, 4.0, 2.8, 2.0, 1.765685, 1.165685, 0.765685, 0.765685, 0.565685, 0.0, 0.0, 0.0]"
353,"[0.0, 0.0, 0.0, 0.0, 0.824621, 1.901654, 3.166565, 4.608786, 6.051006, 6.788435, 7.273452, 7.422754, 7.394748, 7.233152, 6.802473, 6.371794, 5.95758, 5.437794, 4.957169, 4.625798, 4.514231, 4.779142, 5.226356, 6.038807, 7.027662, 7.977629, 9.053658, 10.052957, 10.720857, 11.16807, 9.198299, 8.457359, 7.316419, 6.036068, 4.624621, 5.190307, 4.03752, 3.63752, 3.43752, 3.829452, 4.528677, 5.537486, 6.193508, 7.04275, 7.47544, 7.859771, 7.859771, 7.859771, 7.427081, 6.994391, 6.364953, 5.733552, 4.87753, 4.060978, 2.844425, 1.824621, 1.447214, 0.847214, 0.447214, 0.447214, 0.447214, 0.0, 0.0, 0.0]"
354,"[0.0, 0.0, 0.0, 0.0, 0.8, 1.8, 3.0, 4.414214, 5.870236, 6.719478, 7.242632, 7.565787, 7.493214, 7.203383, 6.631173, 6.185052, 5.556324, 5.014683, 4.448493, 4.003916, 3.82131, 3.926883, 4.407508, 5.221721, 6.151316, 6.953945, 7.953945, 8.67332, 9.145902, 9.372707, 7.675651, 7.131673, 6.208706, 5.216337, 3.993168, 4.393168, 3.337146, 2.892568, 2.892568, 3.493073, 4.259263, 5.301484, 6.111249, 6.659042, 6.935072, 7.211103, 7.211103, 7.049507, 6.773477, 6.497447, 6.055226, 5.334116, 4.619176, 3.9002, 3.134009, 2.581223, 2.425798, 1.860113, 1.412899, 1.012899, 0.565685, 0.0, 0.0, 0.0]"
355,"[0.0, 0.0, 0.0, 0.0, 0.8, 2.064911, 3.406552, 4.748193, 6.310243, 7.207299, 7.504438, 7.724847, 7.825427, 7.429567, 6.898701, 6.336651, 5.623129, 4.902019, 4.535829, 4.169638, 4.369638, 4.737663, 5.472574, 6.321817, 7.609878, 8.449486, 9.442006, 10.195056, 10.745814, 10.657752, 8.618144, 8.009072, 7.0, 5.8, 4.4, 4.965685, 4.086796, 3.711417, 3.911417, 4.511417, 5.345731, 6.237073, 7.012452, 7.424903, 8.03598, 8.248432, 8.23598, 8.23598, 8.023529, 7.412452, 7.0, 6.6, 5.8, 5.0, 4.247214, 3.447214, 2.847214, 2.047214, 1.447214, 1.0, 0.6, 0.0, 0.0, 0.0]"
356,"[0.0, 0.0, 0.0, 0.0, 1.2, 2.6, 4.212452, 5.861694, 7.570495, 8.159349, 8.548203, 8.548203, 8.341182, 8.074601, 7.566372, 6.777517, 5.989687, 5.347466, 4.905246, 4.644425, 4.986066, 5.773896, 6.762751, 7.551605, 8.320655, 9.038141, 9.766629, 10.318715, 10.810211, 11.257425, 9.198299, 8.46981, 7.543084, 6.282537, 4.940896, 5.789424, 5.001594, 4.58738, 4.567576, 5.073149, 5.824621, 6.6, 7.2, 7.8, 8.0, 8.0, 8.0, 8.012452, 8.012452, 8.024903, 7.824903, 7.424903, 6.812452, 6.012452, 4.8, 3.4, 2.4, 1.4, 0.6, 0.2, 0.2, 0.0, 0.0, 0.0]"
357,"[0.0, 0.0, 0.0, 0.0, 0.824621, 2.089532, 3.431173, 4.873393, 6.435443, 7.307879, 7.605017, 7.825427, 7.825427, 7.544002, 7.12757, 6.696891, 6.266212, 5.718419, 5.262415, 4.78179, 4.650419, 4.719048, 5.238835, 6.026665, 6.839117, 7.683026, 8.493001, 9.088762, 9.476311, 9.863859, 8.01995, 7.609975, 7.0, 6.0, 4.8, 5.432456, 4.398141, 3.822762, 3.647383, 3.847383, 4.414928, 5.049242, 5.624621, 6.2, 6.6, 7.0, 7.4, 7.6, 7.6, 7.6, 7.4, 7.0, 6.2, 5.432456, 4.432456, 3.032456, 2.115298, 1.315298, 0.682843, 0.282843, 0.282843, 0.0, 0.0, 0.0]"
358,"[0.0, 0.0, 0.0, 0.0, 0.848528, 1.979899, 3.260524, 4.602165, 6.125319, 6.732813, 7.057464, 7.191053, 7.263626, 6.957024, 6.717554, 6.281336, 5.76155, 5.347336, 4.979312, 4.762759, 4.637383, 4.762759, 4.962759, 5.514231, 6.114231, 7.019804, 8.009975, 8.81995, 9.459558, 9.756925, 7.956925, 7.65575, 6.987416, 6.024841, 4.927474, 5.527474, 4.451129, 3.675174, 3.492568, 3.586995, 4.064028, 4.696484, 5.58682, 6.148415, 6.86644, 7.438649, 7.82298, 8.0162, 8.209421, 8.246211, 8.120124, 7.812522, 7.16328, 6.362566, 5.160537, 3.637383, 2.495742, 1.495742, 0.647214, 0.2, 0.2, 0.0, 0.0, 0.0]"
359,"[0.0, 0.0, 0.0, 0.0, 0.6, 1.619804, 2.696837, 4.038478, 5.380118, 6.121759, 6.443596, 6.708204, 6.708204, 6.708204, 6.708204, 6.532754, 6.268146, 6.003538, 5.681701, 5.34006, 5.17387, 4.921458, 5.010615, 5.157002, 5.599222, 6.161272, 7.18056, 8.01437, 8.907305, 9.434856, 7.872806, 7.737698, 7.002609, 6.208394, 5.13305, 5.85416, 4.777815, 4.112904, 3.447993, 3.378187, 3.73411, 4.267844, 5.009485, 5.751126, 6.368725, 6.733913, 7.180174, 7.450985, 7.632499, 7.713433, 7.794367, 7.446826, 7.034375, 6.31122, 5.388066, 4.064911, 3.082843, 1.882843, 1.082843, 0.482843, 0.282843, 0.0, 0.0, 0.0]"
360,"[0.0, 0.0, 0.0, 0.0, 0.72111, 1.615537, 2.69257, 3.858761, 5.139386, 5.6989, 6.085098, 6.28869, 6.403124, 6.403124, 6.28869, 6.174255, 5.970663, 5.767072, 5.506251, 5.34006, 5.17387, 4.921458, 4.738852, 4.850419, 5.264633, 5.826683, 6.888858, 7.994431, 9.125801, 9.837617, 8.275567, 8.23268, 7.79473, 6.812613, 5.686584, 6.252269, 4.855574, 3.693524, 2.860113, 2.425798, 2.581223, 2.95863, 3.578434, 4.396132, 5.286468, 6.02138, 6.652781, 7.282219, 7.47333, 7.47333, 7.358949, 7.069117, 6.268403, 5.533492, 4.67747, 3.901514, 3.367779, 2.519251, 1.798141, 1.198141, 0.632456, 0.0, 0.0, 0.0]"
361,"[0.0, 0.0, 0.0, 0.0, 0.565685, 1.286796, 2.135324, 3.135324, 4.301514, 4.902019, 5.347099, 5.840212, 6.181853, 6.357303, 6.532754, 6.708204, 6.631474, 6.309637, 5.767997, 5.026356, 4.31717, 3.617945, 3.422762, 3.839315, 4.639315, 5.606859, 7.051149, 8.236503, 9.256018, 9.94408, 8.34408, 8.231471, 7.74465, 6.773494, 5.705236, 6.305236, 4.80787, 3.567558, 2.702647, 2.282843, 2.507464, 3.184497, 4.243295, 5.184936, 6.027156, 6.644756, 7.180174, 7.450985, 7.632499, 7.713433, 7.612853, 7.216954, 6.604503, 5.905969, 5.103925, 4.362284, 3.945731, 2.945731, 2.12111, 1.4, 0.8, 0.0, 0.0, 0.0]"
362,"[0.0, 0.0, 0.0, 0.0, 0.72111, 1.72111, 2.72111, 3.887301, 5.228941, 5.950052, 6.562503, 7.174955, 7.450985, 7.721796, 7.80273, 7.531919, 7.261108, 6.895921, 6.303273, 5.580118, 4.838478, 4.217947, 3.989442, 4.046671, 4.769826, 5.692981, 6.869237, 7.918075, 8.810814, 9.346785, 7.823631, 7.646729, 7.191583, 6.221812, 5.011214, 5.458427, 3.937962, 2.495742, 1.895742, 1.647214, 2.0, 2.819804, 4.084715, 5.140737, 5.996759, 6.652781, 7.088999, 7.28011, 7.238301, 7.196493, 7.140471, 6.684449, 6.028427, 5.246669, 4.032456, 3.079669, 2.712125, 1.912125, 1.279669, 1.079669, 0.632456, 0.0, 0.0, 0.0]"
363,"[0.0, 0.0, 0.0, 0.0, 0.894427, 1.97146, 3.313101, 4.578012, 6.034034, 6.595629, 6.974618, 7.282219, 7.62976, 7.587951, 7.546143, 7.306673, 6.922342, 6.386924, 5.97271, 5.407025, 5.084899, 5.036541, 5.159508, 5.559508, 6.51098, 7.616553, 8.6, 9.8, 10.808319, 11.217391, 9.217391, 8.8613, 7.917322, 6.725556, 5.516483, 6.316483, 5.072574, 4.063766, 3.294427, 2.894427, 3.094427, 3.694427, 4.447214, 5.2, 6.0, 6.4, 6.6, 6.8, 7.0, 7.0, 6.8, 6.6, 6.219804, 5.452259, 4.335102, 3.335102, 2.735102, 1.715298, 1.082843, 0.8, 0.6, 0.0, 0.0, 0.0]"
364,"[0.0, 0.0, 0.0, 0.0, 0.72111, 1.569638, 2.701009, 3.981634, 5.423855, 6.144965, 6.738657, 7.049507, 7.110523, 7.009943, 6.733913, 6.291692, 5.570582, 4.950052, 4.240866, 3.674676, 3.274676, 3.186021, 3.464911, 3.963826, 4.77804, 5.875096, 7.08655, 8.08655, 9.118509, 9.591092, 7.894036, 7.573282, 6.838193, 5.499483, 4.0599, 4.2599, 2.936746, 1.954677, 1.762512, 2.139919, 2.959723, 3.976276, 5.149455, 5.973021, 6.797643, 7.39029, 7.786189, 7.97941, 8.135839, 7.90081, 7.744381, 7.208962, 6.384341, 5.219103, 4.00489, 2.548868, 1.919048, 1.094427, 0.647214, 0.447214, 0.447214, 0.0, 0.0, 0.0]"
365,"[0.0, 0.0, 0.0, 0.0, 0.632456, 1.652259, 2.868812, 4.268812, 5.868812, 6.836356, 7.416553, 7.8, 7.8, 7.6, 7.2, 6.6, 5.8, 5.0, 4.047214, 3.294427, 3.094427, 3.294427, 3.894427, 5.047214, 6.4, 7.809072, 9.209072, 10.409072, 11.409072, 12.009072, 9.8, 9.211077, 8.225291, 6.625291, 4.825291, 5.025291, 3.614214, 2.8, 2.624621, 3.101654, 4.424809, 5.547963, 6.656764, 7.801915, 8.694653, 9.14127, 9.40697, 9.487023, 9.306106, 8.948786, 8.502169, 7.790348, 6.826115, 5.63726, 4.224809, 2.701654, 2.224621, 1.4, 0.8, 0.6, 0.6, 0.0, 0.0, 0.0]"
366,"[0.0, 0.0, 0.0, 0.0, 1.16619, 2.507831, 4.157073, 6.000982, 8.010957, 9.044767, 9.912198, 10.272931, 10.240099, 10.041201, 9.453653, 8.658794, 7.848819, 7.114775, 6.435069, 5.953988, 5.981995, 6.490796, 7.31113, 8.520699, 9.91915, 11.262607, 12.600116, 13.833244, 14.376745, 14.567217, 11.78154, 10.861259, 9.427821, 7.824004, 5.998137, 6.798137, 5.520636, 4.989771, 5.151366, 6.045793, 7.304919, 8.788772, 9.954962, 10.845123, 11.388649, 11.661904, 11.661904, 11.388649, 11.115394, 10.571868, 10.028342, 9.037602, 8.243387, 7.008882, 5.820027, 4.478387, 4.136746, 2.871835, 2.047214, 1.447214, 1.0, 0.0, 0.0, 0.0]"
367,"[0.0, 0.0, 0.0, 0.0, 1.264911, 2.914153, 4.72523, 6.735205, 8.935205, 9.870294, 10.629371, 11.027366, 11.027366, 10.638443, 10.24952, 9.453653, 8.844581, 8.234606, 7.837742, 7.482687, 7.39339, 7.680186, 8.443517, 9.361684, 10.513343, 11.768678, 12.745445, 13.628424, 14.208087, 14.230995, 11.452507, 10.798015, 9.562782, 8.064952, 6.511396, 7.359924, 6.227885, 5.63336, 5.831598, 6.565642, 7.727089, 8.689664, 9.709179, 10.136336, 10.335234, 10.169168, 9.940637, 9.504569, 9.077413, 8.667437, 8.423529, 8.012452, 7.412452, 6.6, 5.824621, 4.790307, 4.284734, 3.084734, 2.284734, 1.460113, 0.894427, 0.0, 0.0, 0.0]"
368,"[0.0, 0.0, 0.0, 0.0, 1.523155, 3.420521, 5.460129, 7.669201, 9.878273, 10.788224, 11.171208, 11.219662, 10.907956, 10.59625, 9.871946, 9.047617, 8.359556, 7.876403, 7.628279, 7.628279, 8.142028, 9.158637, 10.161033, 11.041613, 12.053106, 12.995379, 13.638181, 14.248121, 14.525433, 14.405139, 11.493095, 10.433683, 9.007134, 7.656022, 6.397663, 7.811876, 7.373926, 7.494391, 8.038369, 8.977079, 9.843217, 10.561518, 11.282364, 11.614744, 11.497724, 11.549754, 11.432734, 11.050549, 10.777294, 10.583735, 10.221126, 10.027567, 9.677241, 9.074137, 8.518579, 7.76536, 7.318743, 5.609943, 4.153921, 2.739707, 1.523155, 0.0, 0.0, 0.0]"
369,"[0.0, 0.0, 0.0, 0.0, 1.442221, 3.231075, 5.200846, 7.240454, 9.449526, 10.207306, 10.418452, 10.44868, 10.209072, 9.6, 9.0, 8.6, 8.212452, 8.061694, 8.170495, 8.359349, 8.818475, 9.265149, 9.948288, 10.74548, 11.639907, 12.366459, 13.280547, 13.86021, 13.984806, 13.909206, 11.123528, 10.160289, 8.860697, 7.87935, 6.794824, 8.356873, 7.908948, 8.016962, 8.36772, 8.844565, 9.282515, 9.720465, 10.163331, 10.326662, 10.326662, 10.213458, 10.100254, 9.996049, 9.719515, 9.606311, 9.606311, 9.508369, 8.972398, 8.350513, 7.48352, 6.396724, 5.627673, 4.104519, 2.839608, 1.819804, 1.019804, 0.0, 0.0, 0.0]"
370,"[0.0, 0.0, 0.0, 0.0, 1.280625, 2.694838, 4.391895, 6.11236, 7.999156, 8.777657, 9.51751, 9.71782, 9.646597, 9.409043, 8.805939, 7.916784, 7.185608, 6.816991, 6.581962, 6.540153, 6.995707, 7.716313, 8.599019, 9.465156, 10.492254, 11.333039, 12.136967, 12.664361, 12.825322, 12.620078, 10.058829, 9.2549, 8.006396, 6.84571, 5.890266, 6.967299, 6.345414, 6.317407, 6.649234, 7.168609, 8.101551, 8.846615, 9.442377, 9.8399, 10.049876, 10.049876, 9.850978, 9.641002, 9.431027, 9.021052, 8.611077, 8.0, 7.4, 6.6, 5.894427, 5.142955, 5.109146, 3.909146, 2.909146, 2.014719, 1.16619, 0.0, 0.0, 0.0]"
371,"[0.0, 0.0, 0.0, 0.0, 1.2, 2.6, 4.411077, 6.254986, 8.224757, 8.911554, 9.232019, 8.982992, 8.553296, 7.997738, 7.110942, 6.284904, 5.547475, 4.933262, 4.538852, 4.803763, 5.432491, 6.577641, 7.931707, 9.328512, 10.783895, 12.172785, 13.03144, 13.684508, 13.867899, 13.547605, 10.635561, 9.407134, 7.6, 5.632456, 4.126883, 5.343435, 5.355887, 6.166964, 7.74358, 9.282258, 10.539569, 11.45694, 12.175685, 12.307553, 12.154798, 11.720543, 11.001798, 10.471976, 9.931036, 9.450685, 9.011077, 8.812452, 8.268474, 7.810114, 7.290739, 7.104953, 7.104953, 5.648931, 4.30729, 3.026665, 1.612452, 0.0, 0.0, 0.0]"
372,"[0.0, 0.0, 0.0, 0.0, 1.341641, 3.062106, 4.906015, 7.032044, 9.195375, 9.91286, 10.346461, 10.399918, 9.923132, 9.409043, 8.614828, 7.537795, 6.640429, 5.885613, 5.452924, 5.588013, 6.31098, 7.31098, 8.816553, 10.207681, 11.636108, 12.699672, 13.611716, 14.18493, 14.260531, 13.764484, 10.90092, 9.601328, 7.705147, 6.021865, 4.514106, 5.514106, 5.463704, 6.083727, 7.063626, 8.647324, 10.055643, 10.773944, 11.357239, 11.65769, 11.249371, 10.684961, 10.101667, 9.383366, 8.545236, 8.06839, 7.680503, 7.397661, 7.235611, 6.99339, 6.670236, 6.430766, 6.358193, 4.958193, 3.758193, 2.558193, 1.341641, 0.0, 0.0, 0.0]"
373,"[0.0, 0.0, 0.0, 0.0, 1.456022, 3.068474, 4.868474, 6.868474, 8.878449, 9.462034, 9.74695, 9.735804, 9.258959, 8.772138, 7.997441, 7.119879, 6.331024, 5.80787, 5.450905, 5.628215, 6.328876, 7.454905, 8.735256, 10.176747, 11.513015, 12.656114, 13.761184, 14.392877, 14.64876, 14.303376, 11.439812, 9.821165, 8.125673, 6.110637, 4.754565, 6.168779, 6.156327, 6.939775, 8.491247, 10.014214, 11.207681, 12.23827, 12.671375, 12.70448, 12.340548, 11.742842, 11.112253, 10.279148, 9.446043, 9.053884, 8.693151, 8.216306, 8.228757, 8.070978, 7.507694, 7.300672, 7.300672, 5.68822, 4.246, 2.965375, 1.523155, 0.0, 0.0, 0.0]"
374,"[0.0, 0.0, 0.0, 0.0, 1.414214, 3.134679, 4.923533, 6.893305, 8.981366, 9.577127, 9.856662, 10.067808, 9.898036, 9.409975, 8.8, 8.016553, 7.093585, 6.459776, 6.140401, 6.302451, 6.929807, 7.852774, 9.094903, 10.359862, 11.488537, 12.487162, 13.487162, 13.857332, 13.995029, 13.720914, 10.87838, 9.58718, 8.150332, 6.598422, 5.258845, 6.673059, 6.564258, 7.222617, 8.291247, 9.614214, 10.807681, 11.83827, 12.271375, 12.50448, 12.340548, 11.742842, 11.112253, 10.479148, 9.846043, 9.421052, 9.222154, 9.066063, 8.915305, 8.571327, 8.283405, 7.914548, 7.632689, 5.983447, 4.527425, 3.00427, 1.56205, 0.0, 0.0, 0.0]"
375,"[0.0, 0.0, 0.0, 0.0, 1.131371, 2.411996, 3.854216, 5.563017, 7.212259, 7.69334, 8.012715, 8.170495, 7.861694, 7.412452, 7.0, 6.4, 5.624621, 5.119048, 5.050419, 4.98179, 5.54384, 6.563128, 7.6486, 8.643258, 9.774629, 10.49293, 10.981401, 11.23757, 11.265607, 10.972637, 8.692286, 7.88306, 6.813182, 5.659117, 4.583772, 5.603576, 5.480421, 5.914231, 6.514231, 7.430881, 8.421052, 9.06066, 9.500268, 9.744177, 9.777009, 9.379485, 8.952329, 8.512721, 8.268812, 8.024903, 8.024903, 7.826665, 7.682687, 7.347598, 7.089239, 6.757412, 6.757412, 5.30139, 4.036479, 2.694838, 1.414214, 0.0, 0.0, 0.0]"
376,"[0.0, 0.0, 0.0, 0.0, 1.077033, 2.600188, 4.212639, 5.933104, 7.913003, 8.679879, 9.043521, 9.219924, 9.11191, 8.574232, 7.896513, 7.009717, 6.352233, 5.739782, 5.374594, 5.473315, 6.085766, 6.566847, 7.377924, 8.340499, 9.311656, 10.173068, 11.090438, 11.620301, 11.913074, 11.840337, 9.366474, 8.449103, 7.388788, 5.881028, 4.517698, 5.317698, 4.782279, 4.782279, 5.399878, 6.320343, 7.40714, 8.118961, 8.627191, 8.973824, 9.042214, 8.944272, 8.767869, 8.421235, 7.913006, 7.255522, 6.598039, 6.116958, 5.569165, 5.113161, 4.78179, 4.650419, 4.735601, 3.841174, 3.016553, 2.216553, 1.216553, 0.0, 0.0, 0.0]"
377,"[0.0, 0.0, 0.0, 0.0, 0.8, 2.0, 3.4, 5.012452, 6.721252, 7.710107, 8.122558, 8.164779, 7.994548, 7.566372, 6.908888, 6.296437, 5.748643, 5.106423, 4.625798, 4.494427, 4.514231, 5.075826, 5.925068, 6.833869, 7.731235, 8.751039, 9.728122, 10.287952, 10.779152, 10.881785, 8.842177, 7.823286, 6.614214, 5.214214, 3.846669, 4.412355, 3.822762, 3.842566, 4.259118, 5.239115, 6.322671, 7.206851, 7.895848, 8.388096, 8.484445, 8.544004, 8.291225, 8.038446, 7.546198, 7.037397, 6.328596, 5.872574, 5.241174, 4.919048, 4.719048, 4.850419, 5.19206, 4.367439, 3.473012, 2.473012, 1.341641, 0.0, 0.0, 0.0]"
378,"[0.0, 0.0, 0.0, 0.0, 1.0, 2.131371, 3.573591, 5.186043, 6.974897, 7.818806, 8.498512, 8.867369, 8.854917, 8.666063, 8.222154, 7.611077, 6.819804, 6.114231, 5.362759, 5.12895, 5.27059, 6.039641, 6.934068, 8.144666, 9.310856, 10.410527, 11.312397, 12.069127, 12.571251, 12.571251, 10.12994, 9.051666, 7.672272, 5.959551, 4.451791, 5.451791, 5.03934, 5.287363, 6.282744, 7.49773, 8.733798, 9.769866, 10.564725, 10.929888, 11.099353, 10.87326, 10.448269, 10.083105, 9.330055, 8.577005, 7.908671, 7.378218, 6.948523, 6.773126, 6.658745, 6.773126, 7.141743, 5.72753, 4.446905, 3.105264, 1.649242, 0.0, 0.0, 0.0]"
379,"[0.0, 0.0, 0.0, 0.0, 0.824621, 1.844425, 3.258639, 4.858639, 6.458639, 7.234017, 7.826665, 8.061694, 7.917716, 7.773738, 7.438649, 6.846001, 5.996759, 5.340737, 4.709336, 4.521458, 4.943875, 5.586095, 6.574949, 7.637125, 8.619218, 9.331063, 10.229783, 10.721279, 11.070551, 11.0214, 8.867334, 8.126394, 7.046043, 5.634596, 4.519048, 5.413476, 4.890508, 4.95542, 5.74325, 6.461274, 7.410756, 8.177632, 8.810087, 9.095003, 9.191352, 9.056244, 8.668357, 8.227012, 7.546198, 7.037397, 6.528596, 6.072574, 5.693585, 5.554066, 5.520256, 5.451627, 5.582998, 4.505965, 3.428932, 2.262742, 1.131371, 0.0, 0.0, 0.0]"
380,"[0.0, 0.0, 0.0, 0.0, 1.0, 2.2, 3.812452, 5.521252, 7.491024, 8.37782, 9.17782, 9.409277, 9.397533, 8.989811, 8.38364, 7.515011, 6.51963, 5.647195, 5.085145, 5.00452, 5.273149, 6.037073, 7.222427, 8.431499, 9.631499, 10.831499, 11.819047, 12.416753, 12.640786, 12.476854, 9.876854, 8.732876, 7.341747, 5.708642, 4.272574, 4.993685, 4.537663, 4.601735, 5.243956, 6.056407, 7.222093, 8.108889, 8.828265, 9.229953, 9.337966, 9.171635, 8.72706, 8.0687, 7.489702, 6.98579, 6.465325, 6.223104, 6.081464, 6.016553, 6.016553, 6.081464, 6.223104, 5.023104, 3.823104, 2.606552, 1.341641, 0.0, 0.0, 0.0]"
381,"[0.0, 0.0, 0.0, 0.0, 1.0, 2.341641, 3.990883, 5.80196, 7.60196, 8.80196, 9.460319, 9.622154, 9.460319, 9.074533, 8.091085, 7.091085, 6.080008, 5.255387, 4.735601, 4.519048, 4.933262, 5.830318, 6.985596, 8.217198, 9.497549, 10.524646, 11.268901, 11.621383, 11.731422, 11.539132, 9.097821, 8.112532, 6.857184, 5.469644, 4.014039, 5.014039, 4.758017, 5.080984, 5.832456, 7.0, 7.8, 8.4, 8.8, 8.8, 8.6, 8.4, 8.2, 7.814214, 7.628427, 7.484449, 7.22609, 6.79228, 6.544257, 6.130044, 5.805392, 5.629942, 5.483556, 4.317365, 3.317365, 2.185994, 1.019804, 0.0, 0.0, 0.0]"
382,"[0.0, 0.0, 0.0, 0.0, 1.0, 2.216553, 3.739707, 5.352159, 6.96461, 7.52666, 7.872158, 7.629628, 7.297801, 6.81672, 6.386041, 5.955362, 5.569165, 5.113161, 4.98179, 5.050419, 5.319048, 6.024621, 6.8, 7.6, 8.4, 9.009975, 9.646043, 10.085651, 10.183018, 9.891818, 7.881843, 6.910686, 5.890882, 4.993516, 4.084715, 4.909336, 4.644425, 4.790812, 5.071436, 5.552061, 6.008065, 6.450285, 6.726316, 7.007741, 7.141329, 7.274918, 7.113322, 6.951727, 6.670302, 6.698309, 6.726316, 6.726316, 6.611881, 6.331256, 5.783463, 5.141242, 4.660618, 3.494427, 2.494427, 1.6, 0.8, 0.0, 0.0, 0.0]"
383,"[0.0, 0.0, 0.0, 0.0, 1.019804, 2.236356, 3.636356, 5.236356, 7.047433, 7.676872, 8.109562, 8.232716, 8.155871, 7.686435, 7.378833, 6.994502, 6.491151, 5.967997, 5.626356, 5.501267, 5.501267, 5.823104, 6.346259, 7.05506, 7.735874, 8.559024, 9.497734, 10.210647, 10.710919, 10.813552, 8.725491, 7.84514, 6.809072, 5.6, 4.424621, 5.145731, 4.59426, 4.288687, 4.36572, 4.80601, 5.34981, 5.766193, 6.136677, 6.324555, 6.276197, 6.425499, 6.360588, 6.495677, 6.630766, 6.814214, 6.6, 6.6, 6.4, 6.0, 5.4, 4.6, 3.847214, 2.647214, 1.647214, 0.847214, 0.447214, 0.0, 0.0, 0.0]"
384,"[0.0, 0.0, 0.0, 0.0, 1.0, 2.131371, 3.545584, 4.987805, 6.776659, 7.565514, 8.142944, 8.377972, 8.584994, 8.210353, 7.638051, 7.006284, 6.434074, 5.784832, 5.501989, 5.416808, 5.339775, 5.604382, 6.127537, 6.704967, 7.362451, 8.151305, 8.779436, 9.143077, 9.434277, 9.489331, 7.700477, 7.144919, 6.389493, 5.389493, 4.440012, 5.240012, 4.625798, 4.294427, 4.119048, 4.119048, 4.319048, 4.519048, 4.999673, 5.455677, 5.841875, 5.973245, 6.104616, 5.955362, 5.806108, 5.656854, 5.806108, 5.806108, 5.674737, 5.264477, 4.415949, 3.335324, 2.486796, 1.486796, 0.765685, 0.482843, 0.282843, 0.0, 0.0, 0.0]"
385,"[0.0, 0.0, 0.0, 0.0, 1.019804, 2.361445, 3.703085, 5.145306, 6.707356, 7.384608, 7.740024, 7.960433, 8.080262, 7.960433, 7.544002, 6.978316, 6.547637, 5.985587, 5.709557, 5.505965, 5.591147, 5.659776, 5.859776, 6.293585, 7.016553, 7.6, 8.4, 9.2, 9.609975, 9.849583, 8.049583, 7.758384, 7.023295, 6.033124, 4.793516, 5.393516, 4.31717, 3.77337, 3.602094, 3.650622, 3.945049, 4.478784, 5.022585, 5.438968, 5.855351, 6.225835, 6.324555, 6.324555, 6.324555, 6.401285, 6.478015, 6.379294, 5.962911, 5.263686, 4.204887, 2.863247, 2.097056, 1.248528, 0.682843, 0.4, 0.4, 0.0, 0.0, 0.0]"
386,"[0.0, 0.0, 0.0, 0.0, 0.8, 1.8, 3.016553, 4.472574, 5.995729, 6.718884, 7.242038, 7.367127, 7.252745, 7.071232, 6.714267, 6.357303, 5.91009, 5.39307, 4.851429, 4.485239, 4.143669, 4.143669, 4.319048, 4.650419, 5.264633, 6.137068, 7.08655, 7.930458, 8.685884, 9.060525, 7.363468, 7.042714, 6.463716, 5.401541, 4.245142, 4.527985, 3.20483, 2.387133, 2.283622, 2.499695, 3.216852, 4.148223, 4.981634, 5.674737, 6.240423, 6.654636, 6.937479, 7.071068, 7.071068, 6.937479, 6.523266, 5.95758, 5.264477, 4.133106, 3.052481, 2.452481, 2.203953, 1.482843, 1.2, 1.0, 0.6, 0.0, 0.0, 0.0]"
387,"[0.0, 0.0, 0.0, 0.0, 0.824621, 1.844425, 3.258639, 4.658639, 6.258639, 7.034017, 7.614214, 7.8, 7.8, 7.6, 7.4, 7.0, 6.4, 6.0, 5.424621, 4.745731, 4.39426, 4.39426, 4.56045, 5.258983, 6.061028, 6.9213, 7.818667, 8.711603, 9.351779, 9.828624, 8.119823, 7.919513, 7.141012, 5.826209, 4.391895, 4.791895, 3.294838, 2.461427, 2.245355, 2.50429, 3.181323, 4.246234, 5.255043, 6.078609, 6.777143, 7.223264, 7.481508, 7.481508, 7.290397, 7.032153, 6.586032, 5.695333, 4.639311, 3.5744, 2.509488, 2.032456, 2.419804, 2.019804, 1.819804, 1.619804, 1.019804, 0.0, 0.0, 0.0]"
388,"[0.0, 0.0, 0.0, 0.0, 1.0, 2.0, 3.216553, 4.672574, 6.381375, 7.17023, 7.959084, 8.354983, 8.511413, 8.244832, 7.736603, 7.113939, 6.57852, 5.966069, 5.523848, 5.243223, 5.154066, 5.357658, 5.771871, 6.468928, 7.448827, 8.634535, 9.91516, 10.942258, 11.577582, 11.833751, 9.57101, 8.907126, 7.807456, 6.552108, 5.037151, 5.484364, 4.186998, 3.477812, 3.400779, 3.960294, 5.07513, 6.03718, 7.12519, 7.845655, 8.285495, 8.44391, 8.602325, 8.44391, 8.165666, 7.725825, 7.171551, 6.172196, 5.05736, 3.815139, 2.734514, 2.168324, 2.467017, 2.019804, 1.819804, 1.619804, 1.019804, 0.0, 0.0, 0.0]"
389,"[0.0, 0.0, 0.0, 0.0, 0.72111, 1.798143, 3.063054, 4.519076, 6.168319, 7.05966, 7.595078, 7.930167, 8.074145, 7.824903, 7.412452, 7.0, 6.4, 5.624621, 4.790307, 4.222762, 4.022762, 4.222762, 4.798141, 6.032456, 7.4, 8.8, 10.0, 11.008319, 11.682182, 11.962533, 9.562533, 8.685688, 7.54228, 5.893038, 4.212687, 4.49553, 3.572375, 3.307464, 3.682843, 4.482843, 6.0, 7.2, 8.2, 9.2, 10.0, 10.2, 10.4, 10.2, 9.6, 8.8, 8.0, 7.0, 5.647214, 4.494427, 3.694427, 3.514231, 3.779142, 3.331929, 2.884715, 2.284715, 1.264911, 0.0, 0.0, 0.0]"
390,"[0.0, 0.0, 0.0, 0.0, 0.824621, 2.089532, 3.612687, 5.401541, 7.288337, 8.307625, 9.022613, 9.343367, 9.398422, 9.232091, 8.830402, 8.131128, 7.287219, 6.164421, 5.243956, 4.601735, 4.398143, 4.739784, 5.631125, 6.717922, 7.917922, 9.173269, 10.337621, 11.141779, 11.784805, 12.020873, 9.688492, 8.794951, 7.778342, 6.04852, 4.259665, 4.659665, 3.647214, 3.141641, 3.507831, 4.673069, 6.061924, 7.250778, 8.243147, 8.963753, 9.238097, 9.238097, 9.238097, 9.140156, 8.865811, 8.320655, 7.531801, 6.591475, 5.249834, 4.037383, 3.142955, 2.991483, 3.42358, 2.976367, 2.576367, 2.129153, 1.280625, 0.0, 0.0, 0.0]"
391,"[0.0, 0.0, 0.0, 0.0, 1.019804, 2.284715, 3.698929, 5.510006, 7.510006, 8.490202, 9.225291, 9.622154, 9.423529, 9.072771, 8.486984, 7.703537, 7.09246, 6.480008, 5.655387, 5.241174, 5.438835, 5.800885, 6.644794, 7.820172, 8.983503, 9.84964, 10.833175, 11.550516, 11.991827, 12.160877, 9.880526, 8.947393, 7.727784, 6.286473, 4.675203, 5.275203, 4.462751, 4.140914, 4.405825, 5.026356, 5.94951, 6.672665, 7.361662, 7.805552, 7.987065, 7.987065, 7.987065, 7.619905, 7.252745, 6.994502, 6.365774, 5.56373, 4.787775, 3.846134, 2.981223, 2.719251, 2.719251, 2.153566, 1.753566, 1.353566, 0.72111, 0.0, 0.0, 0.0]"
392,"[0.0, 0.0, 0.0, 0.0, 0.894427, 2.159338, 3.375891, 4.988342, 6.588342, 7.493915, 8.040081, 8.43598, 8.279551, 7.896103, 7.312656, 6.501579, 5.689127, 5.033105, 4.71098, 4.494427, 4.775052, 5.537102, 6.581011, 7.530493, 8.530493, 9.375897, 10.222166, 10.658608, 10.97803, 11.037156, 8.911127, 7.844448, 6.641131, 5.326328, 3.899657, 4.699657, 4.558017, 4.680984, 5.049008, 5.830766, 6.643218, 7.09246, 7.541702, 7.974392, 8.209421, 8.052991, 7.859771, 7.552169, 7.167838, 6.684786, 6.394955, 5.938933, 5.597292, 5.332381, 4.990812, 4.624621, 4.624621, 3.624621, 2.624621, 1.8, 1.0, 0.0, 0.0, 0.0]"
393,"[0.0, 0.0, 0.0, 0.0, 1.0, 2.280625, 3.842675, 5.56314, 7.283605, 7.992406, 8.420582, 8.381686, 8.117243, 7.8528, 7.221032, 6.406659, 5.732032, 5.124538, 4.493138, 4.632657, 5.13823, 5.889702, 6.841174, 8.016553, 9.009072, 9.84514, 10.525491, 11.005842, 11.159908, 10.920607, 8.684539, 7.927343, 6.724025, 5.369959, 4.000188, 4.721298, 4.046671, 4.101009, 4.581634, 5.543684, 6.51963, 7.368158, 7.798837, 8.080262, 7.798837, 7.382406, 6.85154, 6.45568, 5.970663, 5.709842, 5.449022, 5.282831, 5.116641, 4.839608, 4.619804, 4.2, 3.832456, 2.832456, 2.032456, 1.232456, 0.632456, 0.0, 0.0, 0.0]"
394,"[0.0, 0.0, 0.0, 0.0, 0.894427, 2.025798, 3.440012, 4.882232, 6.494684, 7.389111, 7.966541, 8.201569, 8.173562, 7.777663, 7.008613, 6.124433, 5.196301, 4.503198, 4.111267, 4.111267, 4.503198, 5.182088, 6.060978, 7.047433, 8.037605, 8.909113, 9.789464, 10.34353, 10.502225, 10.281104, 8.193043, 7.078882, 5.819244, 4.649472, 3.660618, 4.555045, 4.520225, 4.757169, 5.237794, 5.852007, 6.51963, 6.950309, 7.380988, 7.380988, 7.098146, 6.667466, 6.105416, 5.6204, 5.359579, 5.428208, 5.496837, 5.696837, 5.819804, 6.0, 5.8, 5.4, 5.024621, 3.824621, 2.624621, 1.624621, 0.824621, 0.0, 0.0, 0.0]"
395,"[0.0, 0.0, 0.0, 0.0, 1.2, 2.416553, 3.872574, 5.395729, 7.008181, 7.505237, 7.985741, 8.091769, 7.849239, 7.368158, 6.671102, 5.822574, 4.981634, 4.52563, 4.39426, 4.59426, 5.145731, 6.024621, 7.011077, 8.011077, 8.811077, 9.411077, 10.011077, 10.2, 10.209975, 10.053884, 8.053884, 7.070437, 6.070437, 4.860461, 3.737663, 4.586191, 4.369638, 4.650263, 5.292484, 6.133423, 6.981952, 7.679008, 7.960433, 7.798837, 7.517412, 6.986546, 6.366523, 6.021026, 5.940401, 5.859776, 6.093585, 6.416553, 6.4, 6.4, 6.4, 5.8, 5.0, 3.8, 2.6, 1.4, 0.6, 0.0, 0.0, 0.0]"
396,"[0.0, 0.0, 0.0, 0.0, 1.2, 2.614214, 4.070236, 5.59339, 7.205842, 7.726307, 8.009149, 8.115177, 7.872648, 7.391567, 6.671102, 5.822574, 5.154951, 4.89413, 4.762759, 4.962759, 5.514231, 6.219804, 6.8, 7.6, 8.4, 9.2, 9.8, 10.409072, 10.64868, 10.546047, 8.346047, 7.602069, 6.4128, 5.373192, 4.300447, 5.194874, 4.738852, 4.999673, 5.413887, 6.151316, 6.818938, 7.380988, 7.662413, 7.662413, 7.380988, 7.099563, 6.703704, 6.483294, 6.333992, 6.509389, 6.684786, 6.974618, 7.156132, 7.156132, 6.777143, 6.145742, 5.28972, 3.766565, 2.501654, 1.424621, 0.6, 0.0, 0.0, 0.0]"
397,"[0.0, 0.0, 0.0, 0.0, 1.0, 2.2, 3.4, 4.616553, 5.881464, 6.223104, 6.364745, 6.330936, 6.114383, 5.849472, 5.228941, 4.519756, 4.153566, 3.953566, 3.753566, 4.032456, 4.616553, 5.033105, 5.647319, 6.496561, 7.307638, 7.902162, 8.68561, 9.271396, 9.422154, 9.223529, 7.412452, 6.612452, 5.612452, 4.612452, 3.632456, 4.480984, 4.129512, 4.260883, 4.741508, 5.671102, 6.384624, 7.098146, 7.380988, 7.380988, 7.099563, 6.879154, 6.658745, 6.586172, 6.647188, 6.889718, 7.071232, 7.252745, 7.252745, 7.252745, 6.806624, 6.10809, 5.384936, 4.043295, 2.701654, 1.624621, 0.8, 0.0, 0.0, 0.0]"
398,"[0.0, 0.0, 0.0, 0.0, 0.848528, 1.848528, 3.014719, 4.356359, 5.62127, 6.186956, 6.586956, 6.620765, 6.479125, 6.214214, 5.8, 5.2, 4.824621, 4.519048, 4.519048, 4.519048, 4.719048, 5.175052, 5.694838, 6.256888, 6.953945, 7.797854, 8.517229, 8.989811, 9.397533, 9.409277, 7.565369, 6.83028, 6.020516, 4.945172, 4.084899, 4.80601, 4.560902, 4.700422, 5.022547, 5.630041, 6.364953, 6.801171, 7.04064, 7.28011, 7.238301, 7.196493, 7.154685, 7.098663, 7.042641, 7.028427, 7.214214, 7.2, 7.2, 7.0, 6.6, 5.8, 5.12111, 3.72111, 2.52111, 1.52111, 0.72111, 0.0, 0.0, 0.0]"
399,"[0.0, 0.0, 0.0, 0.0, 0.8, 1.8, 2.8, 4.016553, 5.233105, 5.698016, 5.775049, 5.941239, 5.619114, 5.296989, 4.926505, 4.570582, 4.229013, 4.159207, 4.06478, 4.170353, 4.449242, 4.824621, 5.2, 5.8, 6.4, 7.0, 7.6, 8.2, 8.412452, 8.461694, 6.861694, 6.326605, 5.546409, 4.733957, 3.684715, 4.31717, 3.77337, 3.753566, 4.084937, 4.765561, 5.54732, 6.240423, 6.521048, 6.670302, 6.670302, 6.670302, 6.670302, 6.80389, 6.80389, 6.80389, 6.670302, 6.536713, 6.28869, 6.008065, 5.44855, 4.767925, 4.287301, 3.12111, 2.12111, 1.4, 0.8, 0.0, 0.0, 0.0]"
400,"[0.0, 0.0, 0.0, 0.0, 1.077033, 2.341944, 3.756158, 5.356158, 7.156158, 7.879125, 8.414214, 8.612452, 8.624903, 8.280925, 7.895139, 7.311691, 6.89924, 6.486788, 6.230766, 6.230766, 6.428427, 6.877669, 7.326912, 8.024278, 8.698126, 9.32352, 9.910346, 10.669423, 10.972056, 11.083995, 9.044387, 8.608319, 7.6, 6.6, 5.4, 6.477033, 5.843223, 5.723848, 5.938062, 6.500112, 6.985129, 7.380988, 7.662413, 7.81025, 7.81025, 7.945256, 7.945256, 7.945256, 7.945256, 7.945256, 7.81025, 7.662413, 7.514577, 7.233152, 6.671102, 6.003479, 5.389266, 3.975052, 2.694427, 1.694427, 0.8, 0.0, 0.0, 0.0]"
401,"[0.0, 0.0, 0.0, 0.0, 0.894427, 1.97146, 2.991264, 4.391264, 5.791264, 6.296837, 6.819804, 7.2, 7.0, 6.816553, 6.436356, 5.836356, 5.436356, 5.236356, 5.019804, 5.019804, 5.039608, 5.304519, 5.827673, 6.350828, 7.039825, 7.917388, 8.740538, 9.256991, 9.733836, 10.025036, 8.127669, 7.639608, 6.8, 5.8, 4.8, 5.694427, 5.094427, 5.025798, 5.306423, 5.587048, 6.106834, 6.521048, 6.80389, 6.937479, 7.218904, 7.085315, 6.951727, 6.979734, 7.007741, 6.887911, 7.049507, 7.049507, 6.773477, 6.408289, 5.79069, 4.948469, 4.267844, 3.101654, 2.024621, 1.2, 0.6, 0.0, 0.0, 0.0]"
402,"[0.0, 0.0, 0.0, 0.0, 0.72111, 1.798143, 2.875176, 4.140087, 5.554301, 6.233191, 6.556158, 6.879125, 7.014214, 6.8, 6.4, 6.0, 5.6, 5.2, 5.019804, 5.096837, 5.263027, 5.543652, 5.985873, 6.528119, 7.171551, 7.892157, 8.670658, 9.198209, 9.72422, 9.847664, 7.960868, 7.315955, 6.346184, 5.277926, 4.328445, 5.049555, 4.529769, 4.606802, 4.606802, 4.928927, 5.424369, 5.985964, 6.364953, 6.801171, 6.998832, 7.196493, 6.957024, 6.701002, 6.44498, 6.430766, 6.216553, 6.2, 6.0, 5.8, 5.4, 4.8, 4.165685, 3.165685, 2.165685, 1.165685, 0.565685, 0.0, 0.0, 0.0]"
403,"[0.0, 0.0, 0.0, 0.0, 1.0, 2.4, 4.012452, 5.661694, 7.450548, 8.239403, 8.559868, 8.509466, 8.274437, 7.616954, 6.95947, 6.239005, 5.571382, 5.176973, 5.045602, 5.114231, 5.514231, 6.219804, 6.8, 7.6, 8.4, 9.0, 9.6, 10.209072, 10.44868, 10.346047, 8.346047, 7.795289, 6.802769, 5.963161, 5.065795, 6.085599, 5.602547, 5.666619, 5.90884, 6.47089, 7.171551, 7.725825, 8.165666, 8.44391, 8.44391, 8.285495, 8.12708, 7.968665, 7.81025, 7.860651, 7.911053, 7.961455, 7.841625, 7.5602, 7.113939, 6.395914, 5.383463, 3.941242, 2.660618, 1.494427, 0.6, 0.0, 0.0, 0.0]"
404,"[0.0, 0.0, 0.0, 0.0, 1.019804, 2.284715, 3.897167, 5.459216, 7.156273, 7.856934, 8.034243, 7.763433, 7.543023, 6.923, 6.096962, 5.375852, 4.755321, 4.308108, 4.250879, 4.770665, 5.463768, 6.35511, 7.073134, 7.665782, 8.095477, 8.57863, 8.863545, 9.220865, 9.397268, 9.342214, 7.444847, 6.889121, 5.996383, 5.207528, 4.418674, 5.418674, 5.293585, 5.481464, 6.004618, 6.527773, 7.050927, 7.35753, 7.615773, 7.70507, 7.624136, 7.543202, 7.434261, 7.473156, 7.422754, 7.542584, 7.820828, 7.968665, 7.968665, 7.820828, 7.390149, 6.518212, 5.588618, 4.026568, 2.612355, 1.480984, 0.632456, 0.0, 0.0, 0.0]"
405,"[0.0, 0.0, 0.0, 0.0, 1.0, 2.019804, 3.284715, 4.450905, 5.73153, 6.145744, 6.540153, 6.555867, 6.555867, 6.275242, 5.861029, 5.295343, 4.909146, 4.567576, 4.58738, 4.58738, 4.938852, 5.444425, 6.034017, 6.626665, 7.239117, 7.883026, 8.326934, 8.75663, 8.852979, 8.763682, 6.919773, 6.152897, 5.328792, 4.619991, 4.096837, 5.116641, 5.116641, 5.17387, 5.34006, 5.681701, 6.104118, 6.469305, 6.672897, 6.787332, 6.726316, 6.698309, 6.670302, 6.670302, 6.831897, 7.113322, 7.261159, 7.408995, 7.542584, 7.514577, 7.083898, 6.370376, 5.440782, 4.026568, 2.612355, 1.480984, 0.632456, 0.0, 0.0, 0.0]"
406,"[0.0, 0.0, 0.0, 0.0, 1.131371, 2.411996, 3.854216, 5.377371, 6.833393, 7.314474, 7.433849, 7.391628, 7.068474, 6.812452, 6.4, 6.019804, 5.639608, 5.516641, 5.482831, 5.563456, 6.105702, 6.647948, 7.267971, 7.798837, 8.215269, 8.350275, 8.632134, 8.778987, 9.08193, 9.27167, 7.574614, 7.072346, 6.394627, 5.525998, 4.639202, 5.716235, 5.591147, 5.641509, 5.72669, 6.140904, 6.463871, 6.661532, 6.84498, 7.028427, 7.014214, 6.814214, 6.6, 6.614214, 6.670236, 6.919478, 7.36872, 7.781172, 7.966958, 7.910936, 7.461694, 6.812452, 5.8, 4.2, 2.8, 1.6, 0.6, 0.0, 0.0, 0.0]"
407,"[0.0, 0.0, 0.0, 0.0, 1.077033, 2.519253, 3.933467, 5.653932, 7.266384, 7.898151, 8.105173, 8.105173, 7.601261, 7.205362, 6.516365, 5.944155, 5.696132, 5.47958, 5.543652, 5.938062, 6.423079, 6.818938, 7.662847, 8.226131, 8.937947, 9.501926, 10.202618, 10.484738, 10.640829, 10.401596, 8.275567, 7.625277, 6.779873, 5.911243, 5.190638, 6.455549, 6.257311, 6.589137, 7.070218, 7.516479, 8.062645, 8.297674, 8.297674, 8.297674, 8.285222, 8.074145, 8.024903, 8.212452, 8.4, 8.8, 9.2, 9.6, 9.6, 9.4, 9.0, 8.4, 7.4, 5.6, 4.0, 2.4, 1.0, 0.0, 0.0, 0.0]"
408,"[0.0, 0.0, 0.0, 0.0, 1.16619, 2.332381, 3.855535, 5.311557, 6.924009, 7.357819, 7.591628, 7.468474, 7.212452, 6.8, 6.2, 5.8, 5.419804, 5.239608, 5.116641, 5.381552, 5.723193, 6.226543, 6.819191, 7.531012, 8.235873, 8.864004, 9.494915, 9.970525, 10.221278, 10.261482, 8.29171, 7.737644, 6.866135, 5.846332, 5.002547, 6.283172, 6.097385, 6.295046, 6.837292, 7.233152, 7.514577, 7.662413, 7.81025, 7.81025, 7.81025, 7.81025, 7.860651, 8.087456, 8.31426, 8.541065, 8.767869, 9.042214, 8.973824, 8.74702, 8.400386, 7.688565, 6.821572, 5.101107, 3.539057, 2.096837, 1.019804, 0.0, 0.0, 0.0]"
409,"[0.0, 0.0, 0.0, 0.0, 1.216553, 2.630766, 4.430766, 6.274675, 8.172042, 8.66429, 9.038931, 8.959396, 8.557707, 7.940966, 7.398355, 6.775691, 6.132259, 5.906591, 5.825966, 6.059776, 6.293585, 6.829004, 7.423529, 8.034606, 8.644581, 9.453653, 10.24952, 10.846762, 11.46879, 11.498423, 9.289351, 8.530274, 7.577977, 6.361425, 5.341621, 6.418654, 6.050036, 6.156064, 6.501562, 7.043808, 7.810684, 8.373968, 8.532383, 8.690798, 8.690798, 8.408939, 8.12708, 8.12708, 8.12708, 8.285495, 8.44391, 8.602325, 8.602325, 8.324081, 7.769806, 7.126374, 6.405909, 4.685444, 3.243223, 2.077033, 1.0, 0.0, 0.0, 0.0]"
410,"[0.0, 0.0, 0.0, 0.0, 1.019804, 2.236356, 3.636356, 5.236356, 7.036356, 7.629004, 8.061694, 8.117716, 7.782627, 7.05966, 6.524241, 5.894803, 5.238781, 4.97387, 4.896837, 5.019804, 5.4, 6.056022, 6.668474, 7.479551, 8.289526, 8.899501, 9.652551, 10.240099, 10.629022, 10.619047, 8.609072, 8.0, 7.0, 5.8, 4.6, 5.32111, 4.72111, 4.652481, 5.066695, 5.680908, 6.521848, 7.083898, 7.514577, 7.514577, 7.514577, 7.394748, 7.113322, 6.892913, 6.82034, 6.929282, 7.010216, 7.252745, 7.434259, 7.35753, 6.911408, 6.188253, 5.465099, 3.941944, 2.677033, 1.6, 0.8, 0.0, 0.0, 0.0]"
411,"[0.0, 0.0, 0.0, 0.0, 1.0, 2.4, 3.8, 5.412452, 6.868474, 7.391628, 7.60408, 7.6463, 7.314474, 7.024642, 6.501487, 5.783463, 5.361046, 5.080421, 5.114231, 5.514231, 6.219804, 7.0, 7.8, 8.6, 9.2, 9.809072, 10.218144, 10.654212, 10.742274, 10.63964, 8.430568, 7.677518, 6.706361, 5.638104, 4.740737, 5.957289, 5.766179, 6.024422, 6.713419, 7.42222, 7.914468, 8.298799, 8.484445, 8.424887, 8.172108, 7.986462, 7.67886, 7.250684, 7.163492, 7.26952, 7.443422, 7.663831, 7.945256, 7.79742, 7.515995, 7.099563, 6.703704, 5.141654, 3.72744, 2.446815, 1.16619, 0.0, 0.0, 0.0]"
412,"[0.0, 0.0, 0.0, 0.0, 1.16619, 2.431101, 3.887123, 5.536366, 7.347443, 7.981252, 8.316341, 8.260319, 8.011077, 7.4, 6.6, 6.0, 5.6, 5.219804, 5.185994, 5.798446, 6.410897, 7.297694, 8.164686, 9.057622, 9.681238, 10.304854, 10.94788, 11.341435, 11.56266, 11.336567, 9.100499, 8.183128, 7.11933, 6.00517, 4.995194, 6.161385, 5.890574, 6.197176, 6.81984, 7.789612, 8.682547, 9.227703, 9.493403, 9.493403, 9.046786, 8.443682, 7.971099, 7.582245, 7.19339, 7.270236, 7.614214, 8.0, 8.4, 8.8, 8.8, 8.4, 8.0, 6.2, 4.4, 2.8, 1.4, 0.0, 0.0, 0.0]"
413,"[0.0, 0.0, 0.0, 0.0, 1.077033, 2.418674, 3.980724, 5.542774, 7.263239, 7.97506, 8.34222, 8.236192, 7.939053, 7.483499, 6.714449, 5.900075, 5.292581, 4.922097, 4.922097, 5.316507, 6.071322, 7.066703, 8.260337, 9.149492, 9.889344, 10.394168, 11.056252, 11.300571, 11.146505, 10.836348, 8.682282, 7.456914, 6.201567, 5.001567, 4.157658, 5.37421, 5.507799, 5.953921, 6.862721, 7.760088, 8.583143, 9.012839, 9.138926, 8.886148, 8.253692, 7.478995, 6.801277, 6.283405, 5.993574, 6.341114, 6.599358, 7.222022, 7.879505, 8.502169, 8.502169, 8.320655, 7.796712, 6.007858, 4.219003, 2.606552, 1.264911, 0.0, 0.0, 0.0]"
414,"[0.0, 0.0, 0.0, 0.0, 1.216553, 2.816553, 4.616553, 6.616553, 8.816553, 9.639608, 10.127669, 10.171578, 9.82082, 9.076842, 8.253787, 7.365726, 6.721817, 6.272574, 6.272574, 6.764823, 7.652884, 8.60695, 9.74789, 10.632808, 11.453829, 11.839631, 12.316155, 12.605804, 12.673183, 12.343361, 9.869497, 8.85136, 7.437323, 6.106037, 5.037408, 6.203598, 6.114301, 6.60655, 7.499288, 8.427043, 9.319979, 9.683621, 9.861616, 9.680699, 9.144727, 8.427242, 7.56025, 7.073454, 6.484599, 6.375658, 6.646469, 7.470574, 7.914483, 8.558392, 8.955255, 8.955255, 8.327899, 6.48399, 4.640081, 2.829004, 1.216553, 0.0, 0.0, 0.0]"
415,"[0.0, 0.0, 0.0, 0.0, 1.2, 2.812452, 4.461694, 6.250548, 8.137344, 8.937344, 9.168802, 9.216616, 8.841975, 8.369392, 7.500763, 6.656854, 5.979602, 5.765388, 5.751175, 6.219804, 6.819804, 7.8, 8.6, 9.4, 10.0, 10.6, 11.008319, 11.244387, 11.083995, 10.781361, 8.581361, 7.587256, 6.551188, 5.51158, 4.691247, 5.971871, 5.971871, 6.468928, 7.312837, 8.215703, 9.061107, 9.646893, 9.836633, 9.713189, 9.29534, 8.449936, 7.616126, 6.749134, 6.228669, 6.266619, 6.585994, 7.019804, 7.8, 8.4, 8.4, 8.4, 8.2, 6.4, 4.6, 3.0, 1.4, 0.0, 0.0, 0.0]"
416,"[0.0, 0.0, 0.0, 0.0, 1.019804, 2.219804, 3.819804, 5.432255, 7.081498, 7.770495, 8.182946, 8.025167, 7.69334, 7.044098, 6.229724, 5.417273, 4.775052, 4.319048, 4.213476, 4.485239, 5.127459, 5.939911, 6.904144, 7.798571, 8.602152, 9.129703, 9.605313, 9.856067, 9.878289, 9.520969, 7.551198, 6.463136, 5.24815, 4.002758, 3.214928, 4.214928, 4.614928, 5.390307, 6.437073, 7.423529, 8.267437, 8.711346, 8.760589, 8.797379, 8.400516, 7.756607, 7.112698, 6.48326, 6.000208, 6.028215, 6.270435, 6.7909, 7.491562, 7.937823, 8.108054, 8.108054, 7.51896, 5.798494, 4.186043, 2.573591, 1.131371, 0.0, 0.0, 0.0]"
417,"[0.0, 0.0, 0.0, 0.0, 1.16619, 2.689345, 4.338587, 6.149664, 7.949664, 8.583474, 8.660319, 8.425291, 8.028427, 7.228427, 6.428427, 5.628427, 5.038835, 4.624621, 4.755992, 5.170206, 6.067262, 7.08655, 8.212579, 9.207237, 10.073374, 10.817629, 11.479713, 11.770293, 11.79833, 11.415346, 8.974035, 7.732953, 6.316344, 5.056705, 4.159338, 5.559338, 5.894427, 6.894427, 8.2, 9.6, 10.8, 11.608319, 12.016638, 12.02571, 11.62571, 10.82571, 10.017391, 9.221524, 8.468474, 8.257328, 8.344124, 8.63092, 9.018469, 9.562447, 9.773592, 9.730705, 9.540965, 7.540965, 5.540965, 3.540965, 1.697056, 0.0, 0.0, 0.0]"
418,"[0.0, 0.0, 0.0, 0.0, 1.456022, 3.068474, 5.068474, 7.078449, 9.118056, 9.701642, 9.986557, 9.509712, 9.022891, 8.248195, 7.228391, 6.331024, 5.80787, 5.501267, 5.692378, 6.321817, 7.110671, 8.264737, 9.136246, 10.021164, 10.901744, 11.781222, 12.295489, 12.838017, 13.097077, 12.767255, 10.098922, 9.030589, 7.616553, 6.016553, 4.816553, 6.158193, 6.266994, 6.947808, 8.228159, 9.757981, 11.01634, 11.813532, 12.422159, 12.474189, 12.003492, 11.373264, 10.576072, 9.719321, 8.986941, 8.527815, 8.36912, 8.471396, 8.666063, 8.909972, 9.153881, 9.312575, 9.560624, 7.716715, 5.872806, 4.028898, 2.059126, 0.0, 0.0, 0.0]"
419,"[0.0, 0.0, 0.0, 0.0, 1.216553, 2.829004, 4.629004, 6.629004, 8.638979, 9.233504, 9.464961, 9.314203, 8.770225, 8.174464, 7.579939, 6.93603, 6.486788, 6.430766, 6.430766, 6.863456, 7.507365, 8.395426, 9.275777, 10.335427, 11.354517, 12.141198, 12.660817, 13.180466, 13.306603, 12.83827, 10.207681, 9.2, 7.8, 6.464911, 5.396282, 6.810495, 6.930961, 7.694291, 8.870691, 10.30057, 11.447606, 12.272726, 12.80012, 12.767128, 12.331907, 11.750556, 10.902028, 9.931768, 9.046604, 8.569817, 8.389918, 8.492862, 8.772397, 9.449242, 10.0, 10.4, 10.8, 8.8, 6.6, 4.4, 2.2, 0.0, 0.0, 0.0]"
420,"[0.0, 0.0, 0.0, 0.0, 1.341641, 2.990883, 4.80196, 6.60196, 8.60196, 9.260319, 9.621052, 9.422427, 9.234878, 8.649092, 7.849092, 7.039117, 6.643218, 6.247319, 6.35626, 6.768711, 7.455507, 8.298081, 9.317596, 10.211051, 11.198599, 12.032097, 12.693265, 13.12553, 13.142026, 12.950345, 10.230051, 9.122208, 7.718787, 6.451872, 5.174924, 6.516565, 6.612914, 7.502069, 8.752488, 10.037726, 11.379367, 12.278247, 12.565492, 12.429234, 12.138654, 11.342168, 10.346939, 9.36165, 8.481299, 7.95527, 7.868474, 8.067099, 8.621052, 9.26066, 9.700268, 9.988329, 10.265313, 8.255338, 6.21573, 4.176123, 2.088061, 0.0, 0.0, 0.0]"
421,"[0.0, 0.0, 0.0, 0.0, 1.341641, 2.903691, 4.600747, 6.444656, 8.444656, 9.072787, 9.408103, 9.360289, 8.972402, 8.428424, 7.723564, 6.992388, 6.343145, 6.053314, 6.120446, 6.504778, 7.235954, 8.324015, 9.438176, 10.444843, 11.395601, 12.098234, 12.693455, 13.020785, 12.932274, 12.612625, 10.012625, 8.771563, 7.428794, 5.987482, 4.907132, 6.363154, 6.629734, 7.334594, 8.48866, 9.818482, 11.082754, 12.042287, 12.546378, 12.62838, 12.138166, 11.067114, 9.663692, 8.356019, 7.251322, 6.553355, 6.360135, 6.939133, 7.58402, 8.296558, 8.964892, 9.518845, 9.884008, 8.072931, 6.229022, 4.219047, 2.209072, 0.0, 0.0, 0.0]"
422,"[0.0, 0.0, 0.0, 0.0, 1.0, 2.414214, 3.856434, 5.645288, 7.354089, 8.003331, 8.433027, 8.590806, 8.201952, 7.693151, 7.043909, 6.024621, 5.273149, 4.873149, 4.750182, 5.273337, 6.23757, 7.286409, 8.522477, 9.777824, 10.695981, 11.348438, 12.012321, 12.337502, 12.267863, 11.806451, 9.36514, 8.084515, 6.523266, 5.260524, 4.480625, 5.936647, 6.553389, 7.64145, 9.115313, 10.389177, 11.563744, 12.274058, 12.594316, 12.329525, 11.865636, 10.847499, 9.504729, 8.377035, 7.448587, 7.051064, 7.227467, 8.116622, 9.176937, 10.312921, 11.117079, 11.564292, 11.498288, 9.157348, 6.740738, 4.324129, 2.088061, 0.0, 0.0, 0.0]"
423,"[0.0, 0.0, 0.0, 0.0, 0.894427, 2.060618, 3.341242, 4.903292, 6.465342, 7.183367, 7.540331, 7.715728, 7.370231, 7.024733, 6.432086, 5.803358, 5.195864, 4.700422, 4.560902, 4.80601, 5.176493, 5.85112, 6.83881, 7.731549, 8.525764, 9.424184, 10.06436, 10.355559, 10.229696, 9.867627, 7.704296, 6.82159, 5.716017, 4.672108, 3.975052, 5.239963, 5.300979, 5.929706, 6.838507, 7.735874, 8.510571, 9.012839, 9.300761, 9.204412, 8.721259, 7.946562, 6.99708, 6.186003, 5.739742, 5.667169, 5.925413, 6.739787, 7.637153, 8.440734, 9.068865, 9.254511, 9.001732, 7.104366, 5.134594, 3.164823, 1.456022, 0.0, 0.0, 0.0]"
424,"[0.0, 0.0, 0.0, 0.0, 0.824621, 2.166262, 3.608482, 5.305539, 7.026004, 7.813834, 8.180994, 8.261928, 8.020894, 7.516981, 6.981563, 6.167189, 5.492563, 5.036541, 5.084899, 5.463888, 6.278262, 7.399505, 8.553571, 9.524728, 10.401087, 11.024667, 11.335246, 11.461531, 11.488205, 10.999733, 8.667352, 7.667626, 6.281703, 5.018961, 4.375052, 5.775052, 6.305504, 7.450685, 8.659757, 9.668829, 10.668829, 11.057752, 11.218144, 11.009072, 10.6, 9.614214, 8.679125, 7.759749, 7.321799, 7.365708, 8.077524, 9.075355, 10.057471, 10.90374, 11.322573, 11.176443, 10.913701, 8.65096, 6.242641, 3.979899, 2.0, 0.0, 0.0, 0.0]"
425,"[0.0, 0.0, 0.0, 0.0, 0.824621, 1.719048, 2.999673, 4.280298, 5.722519, 6.421052, 6.982647, 6.918574, 6.83795, 6.395729, 5.892378, 5.260978, 4.765535, 4.565535, 4.731726, 5.154142, 5.891571, 6.890926, 7.734835, 8.548543, 9.232352, 9.670302, 10.075866, 10.291083, 10.280956, 9.863728, 7.863728, 6.903889, 5.844763, 4.769418, 4.27717, 5.691384, 6.137645, 7.14762, 8.292801, 9.312316, 10.178453, 10.906942, 10.985028, 10.842787, 10.450628, 9.770277, 9.029337, 8.541275, 8.454986, 8.650685, 9.331036, 9.967104, 10.800209, 11.2252, 11.42166, 11.42166, 11.273653, 8.840548, 6.60448, 4.368412, 2.088061, 0.0, 0.0, 0.0]"
426,"[0.0, 0.0, 0.0, 0.0, 1.077033, 2.491247, 4.103698, 5.903698, 7.703698, 8.239117, 8.437355, 8.089814, 7.366847, 6.586651, 5.994003, 5.381552, 5.116641, 5.239608, 5.634017, 6.214214, 7.014214, 8.014214, 9.014214, 9.8, 10.6, 11.0, 11.408319, 11.417391, 11.453459, 10.950826, 8.750826, 7.75672, 6.747648, 5.71158, 5.030766, 6.553921, 6.848508, 7.802574, 8.75664, 9.820438, 10.577634, 11.301939, 11.383941, 11.465943, 11.273653, 10.890669, 10.35493, 9.907717, 9.558445, 9.470384, 9.699046, 9.80168, 10.138855, 10.5148, 10.777542, 10.777542, 10.940872, 8.814843, 6.552102, 4.28936, 2.163331, 0.0, 0.0, 0.0]"
427,"[0.0, 0.0, 0.0, 0.0, 1.019804, 2.361445, 3.803665, 5.500721, 7.221187, 7.813834, 7.995348, 8.076282, 7.835248, 7.379694, 6.844275, 6.487311, 6.095527, 5.770876, 5.78659, 6.271607, 6.949325, 7.661863, 8.510392, 9.492508, 10.338777, 10.775219, 11.211661, 11.564143, 11.537469, 11.283216, 9.002866, 8.431315, 7.440575, 6.485132, 5.611691, 6.953332, 6.953332, 7.581463, 8.454904, 9.410347, 10.401087, 11.024667, 11.387276, 11.396541, 11.219599, 10.774015, 10.230488, 9.686962, 9.172873, 8.957656, 8.881937, 8.90416, 9.115305, 9.476038, 9.642104, 10.067095, 10.536369, 8.536369, 6.526394, 4.516419, 2.280351, 0.0, 0.0, 0.0]"
428,"[0.0, 0.0, 0.0, 0.0, 1.216553, 2.672574, 4.114795, 5.83526, 7.532316, 8.01282, 7.999019, 8.16925, 7.790425, 7.43501, 6.904144, 6.742548, 6.261468, 6.200452, 6.301031, 6.747293, 7.187133, 8.055762, 9.055488, 9.893618, 10.826751, 11.651871, 12.21312, 12.37408, 12.599722, 12.290206, 9.744622, 8.972226, 7.973136, 6.881356, 6.087509, 7.699961, 7.619907, 8.075053, 8.748901, 9.460746, 10.264904, 10.792171, 11.227185, 11.471505, 11.480769, 10.853015, 10.405801, 9.782221, 9.099083, 8.584994, 8.607217, 8.618362, 8.909562, 9.260319, 9.611077, 9.8, 10.209072, 8.209072, 6.209072, 4.209072, 2.209072, 0.0, 0.0, 0.0]"
429,"[0.0, 0.0, 0.0, 0.0, 1.077033, 2.533055, 3.947269, 5.547269, 7.347269, 8.070236, 8.425291, 8.660319, 8.474533, 7.891085, 7.307638, 6.696561, 6.247319, 6.233105, 6.416553, 7.011077, 7.622154, 8.461762, 9.270834, 10.270834, 10.859757, 11.64868, 12.209072, 12.6, 12.608319, 12.444387, 9.844387, 9.055464, 8.055464, 7.047145, 6.225291, 7.681313, 7.39339, 7.582245, 8.152016, 8.973871, 9.858789, 10.676574, 11.041785, 11.160075, 10.821374, 10.189235, 9.371449, 8.659604, 7.985756, 7.650439, 7.383859, 7.473156, 7.643387, 8.018028, 8.164779, 8.431359, 8.662816, 7.050365, 5.26151, 3.55271, 1.843909, 0.0, 0.0, 0.0]"
430,"[0.0, 0.0, 0.0, 0.0, 1.131371, 2.411996, 3.854216, 5.377371, 7.026613, 7.507694, 7.827069, 7.784848, 7.461694, 7.012452, 6.4, 5.819804, 5.496837, 5.463027, 5.677241, 6.239291, 6.939952, 7.862919, 8.755855, 9.400767, 10.074785, 10.590388, 10.826456, 10.921396, 10.950331, 10.753871, 8.517803, 7.737757, 6.749881, 5.942445, 5.183462, 6.525103, 6.681532, 7.304196, 7.993343, 8.771844, 9.48933, 9.936004, 10.033946, 9.784639, 9.337965, 8.54375, 7.701176, 7.21438, 6.893915, 6.881464, 7.42763, 8.022154, 8.632129, 9.043206, 9.254283, 9.055658, 8.700603, 6.690628, 4.879551, 3.068474, 1.456022, 0.0, 0.0, 0.0]"
431,"[0.0, 0.0, 0.0, 0.0, 1.0, 2.16619, 3.689345, 5.301797, 7.101797, 7.701797, 8.135606, 8.026665, 7.630766, 6.85057, 6.25057, 5.65057, 5.060978, 4.921458, 5.243295, 5.855746, 6.644601, 7.789751, 8.866784, 9.805494, 10.473394, 10.96489, 11.231186, 11.286193, 11.205842, 10.925491, 8.64514, 7.809072, 6.816553, 5.51098, 4.642351, 5.808541, 5.850761, 6.423063, 7.415432, 8.343188, 9.176997, 9.734777, 9.789831, 9.6235, 9.006594, 8.348235, 7.548235, 7.104326, 6.983861, 7.341641, 8.0, 8.8, 9.6, 10.0, 10.2, 9.812452, 9.268474, 7.068474, 5.068474, 3.068474, 1.456022, 0.0, 0.0, 0.0]"
432,"[0.0, 0.0, 0.0, 0.0, 1.019804, 2.219804, 3.619804, 5.019804, 6.475826, 6.979177, 7.120817, 7.163038, 6.929228, 6.639397, 6.282432, 6.017825, 5.840515, 5.939236, 6.229067, 6.712119, 7.343887, 7.787777, 8.231666, 8.673011, 8.99354, 9.254511, 9.604836, 10.059367, 10.162, 10.318258, 8.348486, 7.986416, 7.10371, 6.269901, 5.220904, 6.437457, 6.154614, 6.473989, 7.118876, 8.051818, 8.845241, 9.470635, 9.88061, 9.88061, 9.681712, 9.681712, 9.642104, 9.632129, 9.821052, 10.209975, 10.4, 10.4, 10.2, 9.8, 9.0, 8.214214, 7.923014, 6.123014, 4.523014, 3.123014, 1.708801, 0.0, 0.0, 0.0]"
433,"[0.0, 0.0, 0.0, 0.0, 1.0, 2.131371, 3.411996, 4.578186, 5.843097, 6.299119, 6.581962, 6.501337, 6.535147, 6.470236, 6.014214, 5.6, 5.419804, 5.484715, 5.549626, 6.005648, 6.46167, 7.091108, 7.47544, 7.859771, 8.247658, 8.635545, 9.02591, 9.386643, 9.737401, 9.893492, 8.049583, 7.609975, 7.0, 6.2, 5.416553, 6.493585, 6.059776, 6.101996, 6.344217, 6.848129, 7.657893, 8.378499, 8.823074, 9.26765, 9.433981, 9.433981, 9.433981, 9.433981, 9.433981, 9.433981, 9.433981, 9.159636, 8.83489, 8.362308, 7.889725, 7.344569, 7.18814, 5.62609, 4.211876, 2.797663, 1.456022, 0.0, 0.0, 0.0]"
434,"[0.0, 0.0, 0.0, 0.0, 0.8, 1.8, 2.8, 3.819804, 4.896837, 5.263027, 5.263027, 5.263027, 5.243223, 5.16619, 5.0, 5.0, 5.0, 5.0, 5.16619, 5.446815, 5.72744, 6.008065, 6.450285, 6.726316, 6.887911, 7.219738, 7.659578, 7.937823, 8.192658, 8.470903, 6.858451, 6.580207, 5.991113, 5.425427, 4.704962, 5.599389, 5.234202, 5.319384, 5.602226, 6.058248, 6.813063, 7.444831, 7.937079, 8.231666, 8.484445, 8.624057, 8.704111, 8.784165, 8.864218, 8.678572, 8.412872, 7.888929, 7.316627, 6.727773, 6.404618, 6.337486, 6.781375, 5.564823, 4.364823, 3.164823, 1.708801, 0.0, 0.0, 0.0]"
435,"[0.0, 0.0, 0.0, 0.0, 0.8, 1.624621, 2.701654, 3.867844, 5.148469, 5.47984, 5.78659, 5.840928, 5.674737, 5.394113, 5.262742, 5.262742, 5.262742, 5.394113, 5.525483, 5.656854, 5.806108, 5.955362, 6.266212, 6.696891, 7.12757, 7.690854, 8.390128, 8.791817, 9.229767, 9.456571, 7.612662, 7.245215, 6.742947, 5.909137, 5.251654, 6.251654, 5.805392, 5.728663, 6.085627, 6.663057, 7.451911, 8.074575, 8.598519, 8.864218, 8.944272, 8.944272, 8.944272, 8.767869, 8.591466, 8.415063, 7.96785, 7.443906, 6.851259, 6.238807, 5.826356, 5.898929, 6.28326, 5.263456, 4.263456, 3.063456, 1.649242, 0.0, 0.0, 0.0]"
436,"[0.0, 0.0, 0.0, 0.0, 1.0, 2.131371, 3.573591, 5.096746, 6.552768, 7.16522, 7.633849, 7.591628, 7.268474, 7.012452, 6.4, 5.8, 5.419804, 5.484715, 5.626356, 6.14951, 6.858311, 7.547308, 7.991198, 8.546923, 8.921135, 9.251942, 9.752214, 10.243413, 10.346047, 10.44868, 8.409072, 7.8, 7.0, 6.2, 5.464911, 6.631101, 6.473322, 6.793787, 7.314252, 8.049341, 8.883151, 9.44093, 9.607261, 9.773592, 9.660389, 9.547185, 9.433981, 9.26765, 9.101319, 8.911579, 8.721839, 8.397093, 8.118848, 7.921538, 7.680503, 7.595899, 7.833849, 6.391628, 4.868474, 3.412452, 1.8, 0.0, 0.0, 0.0]"
437,"[0.0, 0.0, 0.0, 0.0, 0.894427, 2.060618, 3.226808, 4.641022, 6.083242, 6.711969, 7.068934, 7.358765, 7.161104, 6.738688, 6.235337, 5.606609, 4.999116, 4.631091, 4.891912, 5.152733, 5.820356, 6.815737, 7.811117, 8.374401, 8.937686, 9.375636, 9.695057, 9.910275, 9.963732, 9.828624, 7.828624, 7.188448, 6.470963, 5.739787, 5.030986, 6.197176, 6.015662, 6.197176, 6.55414, 7.166592, 7.612853, 7.991677, 8.080974, 8.170271, 8.080974, 7.991677, 7.794367, 7.637937, 7.481508, 7.414375, 7.305434, 7.196493, 7.140471, 6.884449, 6.628427, 6.234017, 6.161445, 4.761445, 3.561445, 2.361445, 1.341641, 0.0, 0.0, 0.0]"
438,"[0.0, 0.0, 0.0, 0.0, 1.216553, 2.739707, 4.352159, 6.049215, 7.893124, 8.289023, 8.474669, 8.318239, 7.886094, 7.119218, 6.5838, 5.874999, 5.418977, 5.596286, 6.131705, 6.941468, 7.941468, 9.067497, 9.888019, 10.538309, 10.931863, 11.212214, 11.527496, 11.428085, 11.22447, 10.91389, 8.633539, 7.901029, 7.179919, 6.401418, 5.712271, 7.154491, 7.058142, 7.404776, 7.913006, 8.421235, 8.865811, 9.140156, 9.140156, 9.140156, 9.060102, 8.882106, 8.644553, 8.46815, 8.291747, 8.394023, 8.496299, 8.447057, 8.434606, 8.422154, 8.211077, 7.856022, 7.868474, 6.268474, 4.668474, 3.068474, 1.612452, 0.0, 0.0, 0.0]"
439,"[0.0, 0.0, 0.0, 0.0, 1.0, 2.0, 3.264911, 4.606552, 6.048772, 6.462986, 6.877199, 6.892913, 6.831897, 6.389677, 6.106834, 5.692621, 5.578186, 5.463752, 5.805392, 6.286473, 7.006938, 7.727544, 8.561354, 9.063622, 9.431069, 9.690503, 9.929736, 9.929736, 9.972623, 9.879521, 7.899622, 7.215813, 6.496438, 5.890266, 5.284095, 6.450285, 6.349706, 6.333992, 6.576522, 6.819051, 7.361662, 7.543176, 7.987065, 8.172711, 8.105579, 7.8528, 7.743859, 7.64751, 7.538709, 7.682687, 7.826665, 8.012452, 7.8, 7.4, 7.0, 6.477033, 6.157658, 4.757658, 3.557658, 2.357658, 1.280625, 0.0, 0.0, 0.0]"
440,"[0.0, 0.0, 0.0, 0.0, 0.8, 1.819804, 3.084715, 4.426356, 5.767997, 6.248621, 6.509442, 6.244531, 5.90289, 5.56125, 5.129153, 4.697056, 4.697056, 4.863247, 5.204887, 5.698, 6.291692, 6.853742, 7.249602, 7.605017, 7.960433, 8.215269, 8.497128, 8.778987, 8.925839, 8.949248, 7.252192, 6.749924, 6.072205, 5.228296, 4.507831, 5.507831, 5.431101, 5.529822, 5.794733, 6.250755, 6.77391, 7.217799, 7.476043, 7.734287, 7.734287, 7.667154, 7.414375, 7.305434, 7.196493, 7.154685, 7.112876, 6.873407, 6.659193, 6.44498, 6.030766, 5.51098, 5.460618, 4.260618, 3.060618, 2.060618, 1.16619, 0.0, 0.0, 0.0]"
441,"[0.0, 0.0, 0.0, 0.0, 0.824621, 2.024621, 3.224621, 4.441174, 5.706085, 6.223104, 6.189295, 5.989295, 5.772742, 5.228941, 4.781728, 4.440159, 4.459962, 4.676515, 5.171957, 5.733552, 6.364953, 6.868304, 7.174906, 7.667154, 7.919933, 8.172711, 8.438411, 8.802053, 8.937161, 8.925417, 7.216616, 6.841975, 6.08655, 5.242641, 4.370206, 5.370206, 5.155992, 5.224621, 5.624621, 6.4, 7.2, 7.8, 8.4, 8.8, 9.0, 8.8, 8.6, 8.4, 8.0, 7.6, 7.4, 7.0, 6.6, 6.219804, 5.714231, 5.445602, 5.687822, 4.487822, 3.468019, 2.573591, 1.442221, 0.0, 0.0, 0.0]"
442,"[0.0, 0.0, 0.0, 0.0, 1.077033, 2.418674, 3.860894, 5.422944, 6.984994, 7.350182, 7.350182, 7.249602, 7.029193, 6.633333, 6.357303, 6.296287, 6.235271, 6.307844, 6.703704, 7.234569, 7.651001, 8.067432, 8.350275, 8.632134, 8.778987, 9.08193, 9.548205, 10.183529, 10.575688, 10.885845, 8.885845, 8.431315, 7.440575, 6.546148, 5.392082, 6.672707, 6.305547, 6.487061, 6.854221, 7.823993, 8.513139, 9.230625, 9.766596, 10.221126, 10.414685, 10.444914, 10.385788, 10.213458, 9.770592, 9.049482, 8.391123, 7.732763, 7.110878, 6.410217, 6.167997, 6.091267, 6.272781, 5.00787, 3.988066, 2.788066, 1.523155, 0.0, 0.0, 0.0]"
443,"[0.0, 0.0, 0.0, 0.0, 0.894427, 2.060618, 3.191988, 4.472613, 5.753238, 6.025001, 5.935844, 5.881506, 5.677914, 5.474322, 5.385165, 5.385165, 5.308132, 5.36247, 5.566062, 5.903242, 6.240423, 6.802473, 7.233152, 7.796436, 8.226131, 8.791817, 9.355796, 9.793746, 10.008963, 10.134826, 8.154927, 7.48492, 6.561953, 5.397254, 4.148592, 5.04302, 4.606802, 4.943982, 5.662006, 6.553348, 7.502829, 8.326934, 8.75663, 9.041545, 9.137894, 9.002786, 8.682032, 8.294145, 7.661689, 6.972692, 6.263892, 5.740737, 5.179142, 4.808658, 4.788854, 5.069479, 5.789944, 4.895517, 4.00109, 3.00109, 1.720465, 0.0, 0.0, 0.0]"
444,"[0.0, 0.0, 0.0, 0.0, 0.824621, 1.844425, 3.044425, 4.244425, 5.444425, 5.836356, 6.081464, 6.146375, 6.023408, 5.900441, 5.703692, 5.438781, 5.17387, 5.096837, 5.219804, 5.416553, 5.830766, 6.24498, 6.857431, 7.468508, 8.261931, 8.847717, 9.433504, 9.821052, 10.01995, 10.049583, 8.049583, 7.505605, 6.525409, 5.315434, 3.908281, 4.75681, 4.432158, 4.692979, 5.455029, 6.51963, 7.368158, 8.080696, 8.64398, 8.925839, 8.949248, 8.694412, 8.292724, 7.448815, 6.736277, 6.015812, 5.468019, 5.025798, 5.225798, 5.294427, 5.559338, 6.188066, 6.896866, 5.696866, 4.496866, 3.231955, 1.708801, 0.0, 0.0, 0.0]"
445,"[0.0, 0.0, 0.0, 0.0, 0.824621, 1.990812, 3.271436, 4.552061, 5.966275, 6.583874, 6.759325, 6.82034, 6.616749, 6.279568, 5.731775, 5.390134, 5.048493, 4.97146, 5.236068, 5.864795, 6.65365, 7.442504, 8.3293, 9.15099, 9.908187, 10.527651, 11.001538, 11.377484, 11.340182, 10.946628, 8.538309, 7.717788, 6.586417, 5.354815, 4.29264, 5.49264, 5.650419, 6.319048, 7.424621, 8.8, 9.8, 10.409072, 10.818144, 10.82812, 10.439197, 9.839197, 9.230124, 8.421052, 7.62763, 7.081464, 6.923684, 6.765905, 6.927955, 7.125616, 7.422754, 7.592985, 7.939619, 6.377569, 4.963356, 3.401306, 1.788854, 0.0, 0.0, 0.0]"
446,"[0.0, 0.0, 0.0, 0.0, 1.0, 2.414214, 3.694838, 5.036479, 6.492501, 6.906715, 6.892501, 6.811876, 6.670236, 6.214214, 5.8, 5.224621, 5.190812, 5.271436, 5.68565, 6.2477, 7.143544, 7.86415, 8.642651, 9.464505, 10.138523, 10.572124, 10.965679, 10.946161, 10.720068, 10.484, 8.329934, 7.463796, 6.501222, 5.657437, 4.788808, 6.069433, 6.267671, 7.077434, 7.79804, 8.725795, 9.608501, 9.996049, 10.109253, 10.066366, 9.727705, 9.284839, 8.72706, 8.183081, 7.795195, 7.687181, 7.579168, 7.736947, 7.880925, 8.024903, 7.812452, 7.656022, 7.844876, 6.244876, 4.644876, 3.244876, 1.788854, 0.0, 0.0, 0.0]"
447,"[0.0, 0.0, 0.0, 0.0, 1.131371, 2.411996, 3.753636, 5.209658, 6.609658, 6.878288, 6.997663, 6.856022, 6.4, 6.0, 5.6, 5.2, 5.019804, 5.096837, 5.438478, 6.147278, 7.044645, 8.112902, 9.075477, 9.773444, 10.074619, 10.177252, 10.289191, 10.249583, 10.209975, 10.2, 8.2, 7.4, 6.6, 5.6, 4.677033, 5.843223, 5.857437, 6.219487, 6.939952, 7.583384, 8.30399, 8.776572, 9.101319, 9.101319, 9.101319, 8.776572, 8.451826, 7.979244, 7.672992, 7.514577, 7.514577, 7.233152, 6.985129, 6.647948, 6.085898, 5.723848, 6.055675, 4.889485, 3.812452, 2.812452, 1.612452, 0.0, 0.0, 0.0]"
448,"[0.0, 0.0, 0.0, 0.0, 1.019804, 2.096837, 3.438478, 5.000528, 6.414741, 6.809151, 7.294168, 7.233152, 6.837292, 6.589269, 6.45568, 6.174255, 6.174255, 6.422278, 6.818138, 7.099563, 7.539403, 8.102687, 8.668373, 9.086222, 9.650201, 10.055765, 10.492207, 10.675639, 10.931808, 11.041847, 8.915818, 8.344267, 7.522577, 6.4527, 5.497257, 6.663447, 6.120837, 6.302351, 6.659315, 7.087491, 7.891072, 8.784008, 9.230625, 9.766596, 9.84665, 9.936004, 9.665732, 9.484815, 9.038141, 9.038141, 8.243926, 7.671624, 6.88277, 6.270318, 5.501267, 5.516981, 5.862479, 4.862479, 3.862479, 2.842675, 1.56205, 0.0, 0.0, 0.0]"
449,"[0.0, 0.0, 0.0, 0.0, 1.019804, 2.096837, 3.377462, 4.791675, 6.205889, 6.46671, 6.731318, 6.616883, 6.279703, 5.942522, 5.73893, 5.56348, 5.56348, 5.767072, 5.970663, 6.307844, 6.703704, 7.099563, 7.539403, 7.979244, 8.451826, 8.948902, 9.62292, 10.138523, 10.50612, 10.658931, 8.599805, 7.976189, 7.154334, 6.086077, 4.940896, 6.072267, 5.626006, 5.553433, 6.146081, 7.13845, 8.066205, 8.959141, 9.780831, 10.33171, 10.444914, 10.385788, 10.17057, 9.851149, 9.249868, 8.811918, 8.092543, 7.414824, 6.590719, 6.028669, 5.486423, 5.81825, 6.888127, 5.868323, 4.868323, 3.84852, 2.236068, 0.0, 0.0, 0.0]"
450,"[0.0, 0.0, 0.0, 0.0, 1.0, 2.131371, 3.411996, 4.854216, 6.195857, 6.537498, 6.862149, 6.846435, 6.669126, 6.592396, 6.515666, 6.324555, 6.324555, 6.401285, 6.478015, 6.825555, 7.173096, 7.794981, 8.340136, 8.885292, 9.331966, 10.051895, 10.671092, 11.384296, 11.971363, 12.345342, 10.012961, 9.516944, 8.516944, 7.259633, 6.091439, 7.257629, 6.661868, 6.623917, 7.12783, 7.862919, 8.860059, 9.609177, 10.327477, 10.887363, 11.013392, 11.258381, 11.221079, 10.920627, 10.484185, 10.055212, 9.34395, 8.498545, 7.413073, 6.569165, 6.088661, 5.833825, 6.789268, 5.894841, 4.894841, 3.678288, 2.236068, 0.0, 0.0, 0.0]"
451,"[0.0, 0.0, 0.0, 0.0, 1.0, 2.131371, 3.411996, 4.854216, 6.195857, 6.719012, 7.110795, 7.286193, 7.299994, 7.414375, 7.347243, 7.28011, 7.347243, 7.414375, 7.570805, 7.727234, 7.991677, 8.355319, 8.718961, 9.26984, 9.820719, 10.432635, 11.22912, 11.942324, 12.252856, 12.522631, 10.19025, 9.516944, 8.728021, 7.668371, 6.500177, 7.942397, 7.494472, 7.245445, 7.67514, 8.410229, 8.968009, 9.68631, 10.404611, 10.969021, 11.231762, 11.494504, 11.476895, 11.322573, 10.914254, 10.348569, 9.782883, 8.800767, 7.569165, 6.369165, 5.691912, 5.437076, 6.319782, 5.425355, 4.625355, 3.605551, 2.163331, 0.0, 0.0, 0.0]"
452,"[0.0, 0.0, 0.0, 0.0, 1.0, 2.0, 3.2, 4.6, 6.014214, 6.470236, 6.926258, 7.067898, 7.009539, 6.936966, 6.822585, 6.631474, 6.554744, 6.429656, 6.502229, 6.77304, 7.319206, 7.865372, 8.658794, 9.254556, 9.681712, 9.958696, 10.488559, 10.895193, 11.121286, 11.317746, 9.229685, 8.775541, 7.920982, 7.026555, 6.007039, 7.207039, 6.720243, 6.758193, 7.216553, 8.0, 8.8, 9.4, 9.8, 10.0, 10.0, 10.0, 10.0, 10.0, 9.8, 9.4, 8.8, 7.8, 6.8, 5.72111, 5.198143, 5.254165, 6.293773, 5.293773, 4.572663, 3.49563, 2.039608, 0.0, 0.0, 0.0]"
453,"[0.0, 0.0, 0.0, 0.0, 0.894427, 1.894427, 3.025798, 4.157169, 5.323359, 5.770573, 6.035484, 6.120666, 6.009099, 5.862712, 5.540875, 5.352997, 5.213478, 5.359864, 5.620685, 6.043102, 6.57852, 7.113939, 7.736603, 8.244832, 8.772383, 9.129703, 9.605313, 9.856067, 10.077187, 10.107416, 8.137644, 7.649583, 7.009975, 6.216553, 5.293585, 6.293585, 5.97421, 5.988424, 6.333921, 6.953945, 7.797854, 8.237694, 8.82348, 8.981895, 9.005304, 8.773847, 8.665833, 8.108054, 7.668214, 7.079119, 6.598039, 5.985587, 5.437794, 4.957169, 4.825798, 5.108641, 5.757883, 4.863456, 4.063456, 3.063456, 1.649242, 0.0, 0.0, 0.0]"
454,"[0.0, 0.0, 0.0, 0.0, 0.894427, 1.894427, 3.025798, 4.306423, 5.748643, 6.296437, 6.819591, 6.953132, 6.937418, 6.515001, 6.149814, 5.521086, 5.256175, 5.122635, 5.234202, 5.571382, 6.374012, 7.21792, 8.08655, 8.955179, 9.600091, 9.962161, 10.272318, 10.426384, 10.514445, 10.299228, 8.240102, 7.735278, 6.846124, 5.924253, 5.211715, 6.343085, 5.974468, 6.322008, 6.76827, 7.523695, 8.392324, 8.955608, 9.187066, 9.418523, 9.093777, 8.655827, 8.254138, 7.85245, 7.450761, 7.230352, 6.933213, 6.755904, 6.333487, 5.891267, 5.549626, 5.549626, 5.897167, 4.877363, 3.877363, 2.877363, 1.612452, 0.0, 0.0, 0.0]"
455,"[0.0, 0.0, 0.0, 0.0, 1.0, 2.16619, 3.431101, 4.845315, 6.445315, 7.045315, 7.279125, 7.414214, 7.2, 6.6, 6.0, 5.6, 5.219804, 5.096837, 5.438478, 6.147278, 7.044645, 8.112902, 9.123931, 10.018358, 10.518629, 10.821263, 10.933201, 10.84514, 10.609072, 10.4, 8.2, 7.4, 6.6, 5.619804, 4.696837, 6.139057, 6.301107, 6.821572, 7.522234, 8.331997, 8.948902, 9.445978, 9.61231, 9.680699, 9.406354, 8.909278, 8.264366, 7.791783, 7.417142, 7.218904, 7.218904, 7.246911, 6.998888, 6.661707, 6.267298, 5.905248, 5.863027, 4.696837, 3.619804, 2.6, 1.4, 0.0, 0.0, 0.0]"
456,"[0.0, 0.0, 0.0, 0.0, 1.019804, 2.236356, 3.636356, 5.036356, 6.648808, 7.085026, 7.391628, 7.333269, 7.27491, 6.739491, 6.303273, 5.780118, 5.638478, 5.496837, 5.834017, 6.625291, 7.625291, 8.625291, 9.825291, 10.819396, 11.441424, 11.677492, 11.757843, 11.445904, 11.007357, 10.471618, 8.23555, 7.411221, 6.52316, 5.753389, 5.270236, 6.726258, 6.919478, 7.616844, 8.314211, 8.988059, 9.768105, 10.15847, 10.300711, 10.247254, 9.808435, 9.095521, 8.579068, 7.981681, 7.699822, 7.747636, 7.921538, 8.095439, 8.350275, 8.202439, 7.947603, 7.515458, 7.232615, 5.535559, 4.121345, 2.679125, 1.414214, 0.0, 0.0, 0.0]"
457,"[0.0, 0.0, 0.0, 0.0, 1.077033, 2.293585, 3.510138, 4.910138, 6.510138, 6.847319, 7.086788, 7.135147, 7.000058, 6.477091, 6.082681, 5.626659, 5.561748, 5.513389, 5.85057, 6.641843, 7.651818, 8.651818, 9.835266, 10.821052, 11.418294, 11.644387, 11.680455, 11.368516, 10.865883, 10.35493, 8.118862, 7.297008, 6.408947, 5.71158, 5.228427, 6.684449, 6.919478, 7.616844, 8.504906, 9.371043, 10.151089, 10.710919, 10.823527, 10.546543, 9.915435, 9.328609, 8.642691, 8.245168, 8.154556, 8.225779, 8.297001, 8.494312, 8.44391, 8.285495, 8.00725, 7.628426, 7.363983, 5.801933, 4.239883, 2.797663, 1.456022, 0.0, 0.0, 0.0]"
458,"[0.0, 0.0, 0.0, 0.0, 0.8, 1.8, 3.064911, 4.406552, 5.687177, 6.30139, 6.467581, 6.36886, 5.921646, 5.535449, 4.969763, 4.524683, 4.25292, 4.623404, 4.993888, 5.668514, 6.736258, 7.728627, 8.463716, 9.042714, 9.499458, 9.554513, 9.511626, 9.511626, 9.554513, 9.187066, 7.343157, 6.941468, 6.222093, 5.615922, 5.268381, 6.533292, 6.547094, 6.97527, 7.664416, 8.369277, 9.074137, 9.504912, 9.682907, 9.50199, 9.055373, 8.541623, 8.110849, 7.638267, 7.461864, 7.538709, 7.682687, 7.826665, 7.812452, 7.4, 7.0, 6.664911, 6.507132, 5.107132, 3.907132, 2.707132, 1.442221, 0.0, 0.0, 0.0]"
459,"[0.0, 0.0, 0.0, 0.0, 1.077033, 2.341944, 3.558497, 4.958497, 6.358497, 6.681464, 6.633105, 6.633105, 6.449658, 6.249658, 5.849658, 5.833105, 5.816553, 6.014214, 6.426665, 7.237742, 8.037742, 9.037742, 9.823529, 10.420149, 10.84514, 11.081208, 11.161559, 11.04962, 10.928609, 10.589908, 8.35384, 7.529511, 6.855663, 6.167602, 5.670236, 7.270236, 7.625291, 8.221052, 9.021052, 9.821052, 10.421052, 10.809975, 11.0, 10.8, 10.6, 10.2, 9.811077, 9.454986, 9.298895, 9.142804, 9.186713, 9.024878, 8.830211, 8.327943, 7.926255, 7.644396, 7.715619, 6.066376, 4.724735, 3.282515, 1.720465, 0.0, 0.0, 0.0]"
460,"[0.0, 0.0, 0.0, 0.0, 1.019804, 2.284715, 3.626356, 5.068576, 6.630626, 7.172872, 7.350182, 7.450761, 7.350182, 6.954322, 6.523643, 6.212793, 6.051198, 6.151777, 6.547637, 7.136731, 8.00536, 8.724735, 9.408544, 9.972523, 10.532409, 10.69574, 10.859071, 10.896372, 10.933674, 10.712449, 8.549118, 8.106253, 7.504972, 7.038697, 6.541621, 8.262086, 8.428417, 8.866367, 9.332642, 9.933923, 10.376789, 10.489992, 10.489992, 10.326662, 10.163331, 10.0, 9.886796, 9.773592, 9.562447, 9.351301, 8.963753, 8.600111, 8.169337, 7.597035, 7.008181, 6.612282, 6.738369, 5.282347, 4.065795, 2.865795, 1.649242, 0.0, 0.0, 0.0]"
461,"[0.0, 0.0, 0.0, 0.0, 0.8, 1.819804, 2.985994, 4.266619, 5.680833, 6.323053, 6.64489, 6.555733, 6.352141, 6.01496, 5.467167, 4.974054, 4.897021, 4.986179, 5.351366, 6.177404, 7.328876, 8.454905, 9.551456, 10.235265, 10.640829, 10.640829, 10.678131, 10.474515, 10.318258, 9.901029, 7.901029, 7.260853, 6.643947, 5.954801, 5.526625, 6.968845, 7.234545, 7.679121, 8.285292, 9.004667, 9.562447, 9.773592, 9.886796, 10.0, 9.886796, 9.773592, 9.386044, 9.174898, 8.698053, 8.334411, 7.903637, 7.747208, 7.174906, 6.851751, 6.528596, 6.528596, 6.861429, 5.644876, 4.444876, 3.244876, 1.788854, 0.0, 0.0, 0.0]"
462,"[0.0, 0.0, 0.0, 0.0, 0.8, 1.8, 3.016553, 4.281464, 5.623104, 6.265325, 6.679538, 6.743611, 6.4787, 6.137059, 5.543367, 4.850263, 4.464066, 4.483869, 4.700422, 5.307916, 6.236048, 7.238987, 8.278309, 9.120883, 9.828192, 10.178949, 10.407612, 10.328385, 10.113168, 9.646893, 7.646893, 6.935078, 6.235804, 5.733535, 5.253032, 6.469584, 6.655371, 7.174746, 7.633105, 8.426528, 9.249583, 9.689191, 9.928799, 9.972707, 9.806641, 9.379485, 8.754091, 8.114483, 7.670574, 7.226665, 6.814214, 6.616553, 6.481464, 6.346375, 6.226999, 6.589049, 6.934547, 5.669636, 4.404725, 3.1241, 1.56205, 0.0, 0.0, 0.0]"
463,"[0.0, 0.0, 0.0, 0.0, 1.0, 2.2, 3.416553, 4.681464, 6.023104, 6.585154, 6.947204, 7.144865, 7.160579, 6.950309, 6.51963, 5.95758, 5.6204, 5.556327, 5.641509, 6.12259, 6.966498, 7.977527, 8.91504, 9.934556, 10.654485, 11.142957, 11.218226, 11.344511, 11.088342, 10.453018, 8.120637, 7.519356, 6.681226, 5.966238, 5.485734, 6.885734, 6.923684, 7.481464, 8.416553, 9.4, 10.4, 11.208319, 11.417391, 11.426463, 11.226463, 10.63754, 9.829221, 9.220149, 8.411077, 7.825291, 7.470236, 7.39339, 7.235611, 7.397661, 7.680503, 7.921538, 8.398383, 6.956162, 5.394113, 3.697056, 2.0, 0.0, 0.0, 0.0]"
464,"[0.0, 0.0, 0.0, 0.0, 1.077033, 2.243223, 3.523848, 4.938062, 6.500112, 7.03553, 7.392495, 7.635024, 7.485722, 6.943476, 6.350828, 5.904706, 5.381552, 5.248012, 5.508833, 5.931249, 6.574681, 7.461477, 8.610457, 9.592574, 10.413096, 10.972981, 11.366536, 11.418566, 11.391892, 11.188276, 8.907926, 8.240026, 7.18827, 6.083573, 5.190638, 6.40719, 6.208952, 6.728327, 7.606932, 8.450716, 9.273772, 9.947619, 10.235681, 10.313767, 10.391853, 10.196154, 9.757335, 9.069274, 8.381212, 7.693151, 7.263456, 6.879125, 6.744036, 6.510226, 6.52444, 6.672276, 7.12783, 5.862919, 4.696729, 3.282515, 1.720465, 0.0, 0.0, 0.0]"
465,"[0.0, 0.0, 0.0, 0.0, 1.0, 2.131371, 3.411996, 4.753636, 6.209658, 6.623872, 6.892501, 6.811876, 6.670236, 6.214214, 5.8, 5.2, 4.824621, 4.624621, 4.755992, 5.036617, 5.849068, 6.911243, 7.700098, 8.538499, 9.227645, 9.703255, 9.90452, 10.155274, 9.996579, 9.626807, 7.538746, 6.850685, 5.830881, 4.914231, 4.314231, 5.314231, 5.356452, 5.949099, 6.843526, 7.730323, 8.617119, 9.174898, 9.562447, 9.617501, 9.45117, 9.126424, 8.568644, 7.910285, 7.408017, 7.143574, 6.995738, 6.953517, 7.011876, 7.070236, 7.028427, 7.323014, 7.711869, 6.311869, 4.911869, 3.497655, 1.788854, 0.0, 0.0, 0.0]"
466,"[0.0, 0.0, 0.0, 0.0, 0.72111, 1.798143, 3.014696, 4.214696, 5.614696, 6.307799, 6.495677, 6.544036, 6.421069, 6.098102, 5.578315, 5.138025, 4.673114, 4.596081, 4.735601, 5.057726, 5.647319, 6.658396, 7.458396, 8.241843, 9.025291, 9.611077, 9.809975, 10.01995, 9.917317, 9.626118, 7.626118, 6.881054, 6.087631, 5.190264, 4.281464, 5.175891, 5.191605, 5.537102, 5.979322, 6.899788, 7.794215, 8.302444, 8.449195, 8.530129, 8.332819, 7.885605, 7.438392, 7.010216, 6.618432, 6.375902, 6.200452, 6.025001, 6.086017, 6.219557, 6.138933, 6.172742, 6.619003, 5.277363, 4.012452, 2.812452, 1.612452, 0.0, 0.0, 0.0]"
467,"[0.0, 0.0, 0.0, 0.0, 1.019804, 2.219804, 3.419804, 4.834017, 6.290039, 6.611876, 6.753517, 6.719707, 6.471684, 6.015662, 5.674022, 5.226808, 5.080421, 5.114231, 5.314231, 5.714231, 6.419804, 7.211077, 8.050685, 8.890293, 9.578354, 10.066415, 10.409404, 10.523862, 10.54338, 10.175784, 8.087723, 7.275298, 6.287422, 5.2481, 4.527635, 5.727635, 5.602547, 5.892378, 6.521817, 7.365726, 8.205333, 8.998756, 9.552709, 9.913442, 9.88061, 9.453454, 9.05593, 8.501977, 7.756913, 7.287477, 7.016666, 6.745855, 6.456024, 6.322484, 6.147033, 6.070303, 6.377905, 5.211715, 4.080344, 2.914153, 1.649242, 0.0, 0.0, 0.0]"
468,"[0.0, 0.0, 0.0, 0.0, 0.894427, 1.914231, 3.130784, 4.330784, 5.730784, 6.052909, 6.298016, 6.346375, 6.411286, 6.088319, 5.89157, 5.626659, 5.361748, 5.296837, 5.419804, 5.8, 6.4, 7.2, 8.0, 8.8, 9.4, 9.809975, 10.049583, 10.089191, 10.177252, 10.074619, 8.064644, 7.54819, 6.725135, 5.637074, 4.739707, 5.95626, 5.774746, 5.899834, 6.422989, 7.131789, 7.812604, 8.368329, 9.11475, 9.488962, 9.677528, 9.488962, 9.11475, 8.549843, 7.994117, 7.438392, 7.071232, 6.714267, 6.191113, 5.849472, 5.584864, 5.443223, 5.877033, 4.877033, 3.877033, 2.8, 1.6, 0.0, 0.0, 0.0]"
469,"[0.0, 0.0, 0.0, 0.0, 0.8, 1.8, 3.0, 4.216553, 5.481464, 5.946375, 6.211286, 6.177476, 6.127114, 5.939236, 5.751358, 5.380874, 5.234487, 5.068297, 5.191264, 5.514231, 6.219804, 6.8, 7.6, 8.211077, 8.850685, 9.290293, 9.7299, 10.017962, 10.266011, 10.113199, 8.073591, 7.476204, 6.554333, 5.57224, 4.685444, 5.685444, 5.459776, 5.749607, 6.321817, 6.971059, 7.814968, 8.638023, 8.993078, 9.154913, 9.118122, 8.886665, 8.459509, 8.104454, 7.749399, 7.401858, 7.054318, 6.518899, 5.957304, 5.34981, 4.979327, 4.734219, 5.057186, 4.162759, 3.314231, 2.419804, 1.4, 0.0, 0.0, 0.0]"
470,"[0.0, 0.0, 0.0, 0.0, 0.894427, 2.060618, 3.226808, 4.641022, 6.203071, 6.750865, 7.026895, 7.202345, 7.129773, 6.909363, 6.633333, 6.357303, 6.015662, 5.805392, 5.805392, 6.081423, 6.635697, 7.522493, 8.391123, 9.049482, 9.73329, 10.275567, 10.651513, 10.931863, 11.264244, 11.301546, 9.038804, 8.388514, 7.449804, 6.117423, 4.954092, 6.219003, 5.823104, 6.081464, 6.892541, 7.902516, 8.677212, 9.548721, 10.036783, 10.313767, 10.201158, 10.005459, 9.56664, 9.091031, 8.402969, 7.905603, 7.261694, 6.812452, 6.4, 5.824621, 5.424621, 5.224621, 5.366262, 4.166262, 3.341641, 2.341641, 1.341641, 0.0, 0.0, 0.0]"
471,"[0.0, 0.0, 0.0, 0.0, 0.8, 2.0, 3.2, 4.614214, 6.070236, 6.79339, 6.935031, 7.076672, 7.004099, 6.714267, 6.357303, 6.092695, 5.770858, 5.429218, 5.463027, 5.696837, 6.219804, 7.0, 8.0, 8.8, 9.6, 10.209072, 10.64514, 10.925491, 11.205842, 11.159908, 8.950836, 8.237922, 7.299212, 6.038665, 4.884599, 5.961632, 5.780118, 5.880698, 6.581359, 7.468156, 8.450249, 9.262674, 9.974519, 10.40812, 10.491095, 10.14077, 9.509859, 8.697434, 7.885009, 7.195862, 6.618432, 6.095277, 5.753636, 5.236617, 4.955992, 5.041174, 5.564328, 4.564328, 3.739707, 2.739707, 1.523155, 0.0, 0.0, 0.0]"
472,"[0.0, 0.0, 0.0, 0.0, 0.8, 2.0, 3.4, 4.814214, 6.270236, 6.99339, 7.316545, 7.439699, 7.467706, 7.177875, 6.820911, 6.192183, 5.49365, 5.051429, 5.085239, 5.319048, 6.037073, 7.023529, 8.232601, 9.232601, 10.032601, 10.820149, 11.409072, 11.608319, 11.644387, 11.724738, 9.324738, 8.38076, 7.386654, 6.150586, 4.694857, 5.694857, 5.370206, 5.518042, 6.361951, 7.517229, 8.497128, 9.491786, 10.055765, 10.337885, 10.201895, 10.065905, 9.501926, 8.79011, 7.944706, 7.266988, 6.500112, 5.957866, 5.543652, 5.063027, 4.97387, 5.063027, 5.605273, 4.605273, 3.805273, 2.72824, 1.56205, 0.0, 0.0, 0.0]"
473,"[0.0, 0.0, 0.0, 0.0, 1.0, 2.2, 3.6, 5.014214, 6.663456, 7.372257, 7.695411, 7.907863, 8.106101, 7.899079, 7.356469, 6.727741, 5.939911, 5.327459, 5.085239, 5.37507, 6.003798, 7.076543, 8.164604, 9.244955, 10.262797, 11.172747, 11.883062, 12.395, 12.514649, 12.240786, 9.807681, 8.8, 7.6, 6.2, 4.72111, 5.569638, 5.234549, 5.290571, 5.999372, 7.366323, 8.671861, 9.643018, 10.246122, 10.424117, 10.124911, 9.583296, 8.688869, 7.894654, 7.027662, 6.238807, 5.426356, 4.909336, 4.538852, 4.367576, 4.367576, 4.832488, 5.463888, 4.569461, 3.720933, 2.720933, 1.456022, 0.0, 0.0, 0.0]"
474,"[0.0, 0.0, 0.0, 0.0, 0.8, 2.0, 3.414214, 5.123014, 6.911869, 7.72432, 8.08637, 8.234207, 7.806031, 7.297801, 6.81672, 6.386041, 5.718419, 5.262415, 4.98179, 5.250419, 5.7315, 6.64815, 7.823529, 9.023529, 10.023529, 11.011077, 11.807681, 12.43827, 12.518621, 12.272687, 9.672687, 8.588161, 6.977375, 5.497024, 4.16758, 5.016108, 4.659144, 5.251791, 6.240646, 7.302821, 8.454293, 9.414131, 10.064421, 10.255466, 10.065726, 9.627776, 8.782372, 7.68582, 6.782954, 6.085898, 5.523848, 5.243223, 5.096837, 5.096837, 5.228208, 5.508833, 6.121284, 5.10148, 4.024447, 2.893076, 1.612452, 0.0, 0.0, 0.0]"
475,"[0.0, 0.0, 0.0, 0.0, 1.077033, 2.600188, 4.212639, 6.192538, 8.036447, 8.959414, 9.225114, 9.321463, 8.864719, 8.543964, 7.885605, 7.262941, 6.402669, 6.045704, 6.045704, 6.227218, 6.958394, 8.197928, 9.372677, 10.266132, 11.24897, 11.959284, 12.478904, 12.745645, 12.890285, 12.792611, 10.184931, 9.421158, 8.094102, 6.699043, 5.290724, 6.507277, 6.186522, 6.614698, 7.418279, 8.759219, 9.883607, 10.834316, 11.599378, 11.909958, 11.805086, 11.308054, 10.542992, 9.592283, 8.653573, 7.69813, 6.985592, 6.442981, 6.184738, 5.862901, 5.982276, 6.265119, 6.942837, 5.677926, 4.658122, 3.258122, 1.843909, 0.0, 0.0, 0.0]"
476,"[0.0, 0.0, 0.0, 0.0, 1.131371, 2.411996, 3.753636, 5.402879, 7.01533, 7.483959, 7.803335, 7.861694, 7.412452, 7.0, 6.4, 5.6, 5.024621, 4.824621, 4.755992, 5.036617, 5.933673, 6.952961, 7.952961, 8.82159, 9.704296, 10.33962, 10.912321, 11.32893, 11.66987, 11.5946, 9.26222, 8.494853, 7.155276, 5.814337, 4.620702, 5.620702, 5.37146, 5.894427, 6.894427, 8.2, 9.608319, 10.641424, 11.515287, 11.795638, 11.635246, 11.070836, 10.286973, 9.41311, 8.732759, 8.093151, 7.465795, 7.081464, 6.762088, 6.293459, 6.33568, 6.907982, 7.612842, 6.332217, 5.200846, 3.758626, 1.969772, 0.0, 0.0, 0.0]"
477,"[0.0, 0.0, 0.0, 0.0, 1.077033, 2.293585, 3.906037, 5.506037, 7.106037, 7.641456, 8.074145, 7.917716, 7.582627, 7.247538, 6.65489, 6.005648, 5.549626, 5.484715, 5.634017, 6.263456, 6.912698, 7.756607, 8.596215, 9.418069, 10.004895, 10.763972, 11.520063, 12.080455, 12.444387, 12.417391, 10.009072, 9.021524, 7.821524, 6.421524, 5.106879, 6.23825, 5.906423, 6.226888, 7.026888, 8.25849, 9.535438, 10.517555, 11.205409, 11.613728, 11.768049, 11.48576, 11.223018, 10.658608, 9.947345, 9.229044, 8.545236, 7.711426, 7.08407, 6.787013, 6.639177, 6.905757, 7.893633, 6.67708, 5.27708, 3.862867, 2.154066, 0.0, 0.0, 0.0]"
478,"[0.0, 0.0, 0.0, 0.0, 0.824621, 1.719048, 2.999673, 4.280298, 5.560923, 6.178522, 6.625736, 6.686752, 6.671038, 6.467446, 5.919653, 5.578012, 5.236371, 4.97146, 5.060618, 5.608411, 6.050631, 6.663083, 7.451937, 8.172543, 8.730323, 9.288102, 9.80168, 10.275567, 10.651513, 10.777542, 8.777542, 8.263964, 7.443443, 6.312072, 5.08047, 5.88047, 5.468019, 5.625798, 6.094427, 7.2, 8.6, 9.8, 10.6, 11.4, 11.609072, 11.419047, 10.830124, 10.042576, 9.242576, 8.433504, 7.623529, 6.832255, 6.114231, 5.514231, 5.455872, 5.964673, 7.098935, 6.204507, 5.204507, 3.862867, 2.154066, 0.0, 0.0, 0.0]"
479,"[0.0, 0.0, 0.0, 0.0, 0.8, 1.8, 3.016553, 4.281464, 5.623104, 6.164745, 6.44537, 6.360188, 6.226648, 5.733535, 5.240423, 4.959798, 4.828427, 4.591483, 4.762759, 5.130784, 5.544997, 5.959211, 6.677235, 7.468508, 8.095865, 8.721259, 9.587396, 10.255295, 10.598284, 10.813501, 8.773894, 8.214008, 7.099847, 5.840209, 4.581083, 5.381083, 4.737651, 4.913101, 5.631125, 6.717922, 7.977048, 9.136083, 10.135382, 10.803281, 11.196836, 11.225771, 10.88707, 10.195372, 9.371043, 8.355603, 7.433732, 6.384894, 5.368107, 4.912085, 5.047174, 5.692061, 7.079601, 6.447145, 5.447145, 4.047145, 2.236068, 0.0, 0.0, 0.0]"
480,"[0.0, 0.0, 0.0, 0.0, 0.632456, 1.526883, 2.693073, 3.973698, 5.387912, 6.317506, 6.865299, 7.04075, 7.101766, 7.029193, 6.808784, 6.532754, 6.191113, 5.849472, 5.674022, 5.674022, 6.030986, 6.55414, 7.262941, 7.994117, 8.740538, 9.558323, 10.451778, 11.24897, 11.792914, 11.985204, 9.644264, 9.207554, 8.115775, 6.674463, 5.218734, 6.018734, 5.115868, 5.224809, 6.013663, 7.343108, 8.884048, 10.280878, 11.231587, 11.916596, 12.195635, 12.063767, 11.798976, 11.13619, 10.274778, 9.297695, 8.254813, 6.894269, 5.977619, 5.58172, 5.525698, 6.359508, 7.91098, 7.016553, 5.8, 4.4, 2.4, 0.0, 0.0, 0.0]"
481,"[0.0, 0.0, 0.0, 0.0, 0.632456, 1.652259, 2.868812, 4.068812, 5.468812, 6.036356, 6.233105, 6.233105, 6.298016, 6.162927, 6.227838, 6.03109, 5.814537, 5.549626, 5.304519, 5.304519, 5.626356, 6.14951, 6.858311, 7.808279, 8.697434, 9.636144, 10.586852, 11.351915, 11.790462, 11.836397, 9.556046, 8.682182, 7.408319, 6.0, 4.52111, 5.369638, 5.034549, 5.290571, 6.187938, 7.554889, 8.942429, 10.009899, 10.886257, 11.321272, 11.396541, 11.160473, 10.548557, 9.658397, 8.667657, 7.769237, 6.789041, 6.068576, 5.64616, 5.470709, 5.620012, 6.297264, 7.297264, 6.27746, 5.11127, 3.697056, 2.0, 0.0, 0.0, 0.0]"
482,"[0.0, 0.0, 0.0, 0.0, 0.848528, 1.848528, 3.129153, 4.571373, 5.913014, 6.587641, 7.110795, 7.286193, 7.258186, 7.133097, 6.826495, 6.519893, 5.958298, 5.544085, 5.327532, 5.45262, 5.577709, 6.472136, 7.531262, 8.863643, 9.854383, 10.954053, 11.855923, 12.487522, 12.716391, 12.716391, 10.27508, 9.196807, 7.672272, 5.959551, 4.451791, 5.451791, 5.055892, 5.538944, 6.778477, 8.234207, 9.667312, 11.05844, 12.016879, 12.328818, 12.248467, 11.815362, 11.007681, 10.012452, 8.829004, 7.893915, 6.893915, 5.942443, 5.496182, 5.544541, 5.47963, 6.07963, 7.231101, 6.064911, 4.8, 3.6, 2.0, 0.0, 0.0, 0.0]"
483,"[0.0, 0.0, 0.0, 0.0, 1.0, 2.341641, 3.606552, 5.255794, 7.066871, 7.866871, 8.32523, 8.660319, 8.425291, 8.028427, 7.428427, 6.828427, 6.228427, 5.708641, 5.460618, 5.674831, 6.171887, 6.868944, 8.100546, 9.342674, 10.48971, 11.400335, 12.481768, 13.03902, 13.160523, 12.879624, 10.271943, 9.142697, 7.724326, 6.194504, 4.808581, 5.808581, 5.559338, 6.094427, 7.094427, 8.4, 9.8, 10.808319, 11.416638, 11.652706, 11.492314, 10.903391, 10.095072, 8.886753, 7.850685, 7.02763, 6.382743, 5.782743, 5.582743, 5.459776, 5.459776, 5.693585, 6.493585, 5.493585, 4.416553, 3.2, 1.8, 0.0, 0.0, 0.0]"
484,"[0.0, 0.0, 0.0, 0.0, 1.0, 2.341641, 3.606552, 5.219003, 7.019003, 7.819003, 8.277363, 8.426665, 8.228427, 7.64498, 7.061532, 6.261532, 5.647319, 5.310138, 5.259776, 5.605273, 6.30233, 7.50233, 8.705647, 9.980768, 11.026399, 12.012625, 12.798302, 13.303629, 13.336181, 13.008851, 10.32557, 9.189134, 7.668368, 6.043032, 4.657109, 5.873661, 5.824419, 6.559508, 7.91098, 9.424871, 10.641424, 11.709757, 12.18362, 12.263971, 11.89526, 11.306064, 10.250182, 9.176319, 8.095968, 7.272913, 6.770645, 6.324384, 6.055755, 6.021945, 6.147033, 6.454635, 7.298419, 6.167049, 5.000858, 3.659217, 2.009975, 0.0, 0.0, 0.0]"
485,"[0.0, 0.0, 0.0, 0.0, 1.0, 2.2, 3.614214, 5.137368, 6.660523, 7.380988, 7.743038, 7.743038, 7.500508, 6.977353, 6.105416, 5.391895, 4.802302, 4.521677, 4.721677, 5.273149, 6.024621, 7.2, 8.4, 9.4, 10.2, 11.008319, 11.441424, 11.477492, 11.557843, 11.445904, 9.037585, 8.127635, 6.911371, 5.43102, 3.975414, 4.975414, 4.732884, 5.433545, 6.477454, 7.824898, 9.087639, 9.933044, 10.338608, 10.620728, 10.484738, 10.065905, 9.501926, 8.656522, 7.696683, 7.194415, 6.567058, 6.205009, 6.124384, 6.223104, 6.223104, 6.727017, 7.506916, 6.306916, 5.042005, 3.700364, 1.979899, 0.0, 0.0, 0.0]"
486,"[0.0, 0.0, 0.0, 0.0, 1.0, 2.4, 3.856022, 5.379177, 6.991628, 7.60408, 7.76613, 7.724321, 7.481791, 7.000711, 6.236787, 5.674737, 5.154951, 4.89413, 5.162759, 5.714231, 6.514231, 7.619804, 8.8, 9.609072, 10.44514, 10.881208, 11.161559, 11.24191, 11.373778, 11.291776, 9.055708, 8.298511, 7.359801, 6.038665, 4.684599, 5.579027, 5.222062, 5.442471, 6.266576, 7.446475, 8.832399, 10.10752, 10.877851, 11.366322, 11.44555, 11.224325, 10.395465, 9.675536, 8.785376, 7.85762, 6.798494, 6.08047, 5.468019, 5.225798, 5.617582, 6.514948, 8.03713, 7.03713, 5.83713, 4.313976, 2.416609, 0.0, 0.0, 0.0]"
487,"[0.0, 0.0, 0.0, 0.0, 1.019804, 2.236356, 3.636356, 5.036356, 6.648808, 7.085026, 7.324496, 7.44765, 7.389291, 7.04175, 6.662761, 6.226543, 5.903389, 5.761748, 5.91105, 6.248231, 6.840879, 7.451956, 8.261931, 8.857692, 9.652551, 10.249172, 10.638095, 11.02812, 11.218144, 11.218144, 9.009072, 8.620149, 7.634363, 6.634363, 5.249912, 6.09844, 5.287363, 5.31537, 5.727821, 6.789996, 8.221819, 9.50217, 10.3403, 10.99059, 11.229823, 11.075502, 10.77505, 10.191755, 9.343227, 8.497823, 7.371794, 6.191895, 5.294838, 5.046815, 5.378642, 6.378642, 8.186323, 7.386323, 6.220133, 4.607681, 2.607681, 0.0, 0.0, 0.0]"
488,"[0.0, 0.0, 0.0, 0.0, 0.848528, 1.848528, 3.129153, 4.470794, 5.993948, 6.668575, 7.124597, 7.299994, 7.372567, 7.305434, 7.047191, 6.85608, 6.566248, 6.318225, 6.142828, 6.29213, 6.724275, 7.255141, 8.06885, 8.768124, 9.33381, 9.762782, 10.346077, 10.807489, 11.159971, 11.41614, 9.290111, 8.718561, 7.800404, 6.634214, 5.246674, 6.141101, 5.6323, 5.509146, 6.142955, 7.294427, 8.609072, 9.64514, 10.481208, 10.961559, 11.24191, 11.120899, 10.782198, 10.25493, 9.430601, 8.564464, 7.476403, 6.403657, 5.694857, 5.370206, 5.568444, 6.45524, 8.2383, 7.2383, 6.106929, 4.494477, 2.607681, 0.0, 0.0, 0.0]"
489,"[0.0, 0.0, 0.0, 0.0, 0.72111, 1.72111, 2.72111, 3.852481, 5.294702, 5.915232, 6.438387, 6.961541, 7.353325, 7.176016, 7.099286, 6.742322, 6.219167, 5.696013, 5.431101, 5.332381, 5.507831, 6.120283, 6.732734, 7.61953, 8.45334, 9.39205, 10.059949, 10.71024, 11.103794, 11.267125, 8.986774, 8.318875, 7.397774, 5.965951, 4.523731, 5.323731, 4.911279, 4.983852, 5.979233, 7.268098, 8.668098, 9.868098, 10.853884, 11.209975, 11.409072, 11.219047, 10.619047, 9.619047, 8.819047, 7.809975, 6.694427, 5.742955, 5.342955, 5.207866, 5.463888, 6.609069, 8.040892, 7.040892, 5.775981, 4.319959, 2.280351, 0.0, 0.0, 0.0]"
490,"[0.0, 0.0, 0.0, 0.0, 1.0, 2.131371, 3.411996, 4.854216, 6.643071, 7.431925, 8.009355, 8.377972, 8.584994, 8.445382, 8.070741, 7.626851, 7.054642, 6.57159, 6.053719, 5.92013, 6.09744, 6.809261, 7.529867, 8.561827, 9.722513, 10.841542, 11.772982, 12.57691, 12.974829, 13.094768, 10.533518, 9.70002, 8.451516, 7.021637, 5.285009, 6.285009, 5.614765, 5.821787, 6.587782, 8.043512, 9.711845, 11.102973, 12.053731, 12.756365, 12.676014, 12.007681, 11.0, 10.0, 8.814214, 7.691247, 6.691247, 6.222617, 5.517045, 5.319384, 5.642351, 6.242351, 7.11098, 6.216553, 5.0, 3.6, 2.0, 0.0, 0.0, 0.0]"
491,"[0.0, 0.0, 0.0, 0.0, 0.8, 1.8, 3.2, 4.8, 6.412452, 7.261694, 7.970495, 8.182946, 8.195398, 8.025167, 7.542115, 6.727741, 5.939911, 5.127459, 4.705043, 4.803763, 5.432491, 6.396724, 7.566496, 8.700758, 9.776786, 10.727495, 11.56923, 12.20714, 12.453074, 12.312134, 9.83827, 8.807681, 7.4, 5.824621, 4.473149, 5.550182, 5.406204, 5.855446, 6.928192, 8.420604, 9.76018, 10.636539, 11.150627, 11.253261, 10.701175, 9.897017, 8.829548, 7.88277, 7.08277, 6.510468, 6.31223, 6.31223, 6.437318, 6.517943, 6.582015, 6.610022, 7.133965, 5.792325, 4.5117, 3.231075, 1.788854, 0.0, 0.0, 0.0]"
492,"[0.0, 0.0, 0.0, 0.0, 0.72111, 1.798143, 3.063054, 4.463054, 5.863054, 6.741944, 7.277363, 7.468474, 7.524496, 7.389407, 6.80921, 6.02138, 5.365358, 4.709336, 4.521458, 4.843295, 5.541828, 6.530683, 7.700454, 8.777487, 9.716197, 10.473394, 10.96489, 11.231186, 11.277121, 10.99677, 8.716419, 7.836068, 6.8, 5.494427, 4.342955, 5.509146, 5.6323, 6.141101, 7.216445, 8.603985, 9.770176, 10.410352, 10.701551, 10.575688, 10.060085, 9.069345, 8.247656, 7.464208, 7.020299, 6.699834, 6.758193, 6.830766, 7.028427, 7.084449, 7.02609, 6.906715, 7.054551, 5.640338, 4.184316, 2.842675, 1.56205, 0.0, 0.0, 0.0]"
493,"[0.0, 0.0, 0.0, 0.0, 1.019804, 2.284715, 3.80787, 5.528335, 7.372244, 8.196349, 8.651903, 8.651903, 8.454592, 7.952324, 7.274605, 6.55414, 6.030986, 5.674022, 5.788403, 6.331013, 7.22838, 8.316441, 9.491191, 10.451778, 11.24897, 11.959284, 12.312534, 12.251945, 12.098077, 11.571984, 8.964303, 8.085041, 6.970881, 5.785172, 5.205273, 6.605273, 6.8543, 7.698085, 8.830124, 9.830124, 10.830124, 11.219047, 11.409072, 11.2, 10.6, 9.8, 9.014214, 8.270236, 7.79339, 7.605842, 7.618293, 7.816531, 7.80273, 7.5602, 7.228373, 6.957563, 6.801133, 5.358912, 4.078288, 2.797663, 1.456022, 0.0, 0.0, 0.0]"
494,"[0.0, 0.0, 0.0, 0.0, 1.0, 2.2, 3.849242, 5.558043, 7.346897, 8.067362, 8.429412, 8.34222, 7.914044, 7.405815, 6.81672, 6.25467, 5.769654, 5.75394, 5.887528, 6.4054, 7.249309, 8.260337, 9.336366, 10.263092, 11.030459, 11.422618, 11.666938, 11.767309, 11.552398, 11.261818, 9.02575, 8.305821, 7.30673, 6.445612, 5.719583, 7.319583, 7.507132, 8.074886, 9.009975, 10.009975, 10.809975, 11.409975, 11.6, 11.4, 10.8, 10.0, 9.212452, 8.661694, 8.310936, 8.219737, 8.408591, 8.584994, 8.458906, 8.251885, 7.823709, 7.315479, 7.049779, 5.526625, 4.084404, 2.803779, 1.523155, 0.0, 0.0, 0.0]"
495,"[0.0, 0.0, 0.0, 0.0, 1.0, 2.16619, 3.689345, 5.145367, 6.559581, 7.159581, 7.39339, 7.270236, 7.214214, 7.2, 6.8, 6.6, 6.416553, 6.472574, 6.595729, 7.10453, 7.801896, 8.673405, 9.497734, 10.210647, 10.710919, 11.022625, 11.334563, 11.454212, 11.418144, 11.418144, 9.209072, 8.409072, 7.409072, 6.609072, 5.664911, 7.188066, 7.308531, 7.795327, 8.558658, 9.626127, 10.519582, 11.140057, 11.594201, 11.518931, 11.083917, 10.564674, 10.012589, 9.2841, 8.916504, 8.739603, 8.562701, 8.335897, 8.285495, 7.906671, 7.70936, 7.638138, 8.086063, 6.524013, 5.182372, 3.659217, 2.009975, 0.0, 0.0, 0.0]"
496,"[0.0, 0.0, 0.0, 0.0, 0.8, 1.8, 3.0, 4.216553, 5.672574, 6.137486, 6.479126, 6.445317, 6.394955, 5.938933, 5.674022, 5.409414, 5.263027, 5.313389, 5.513389, 5.927603, 6.463022, 7.254295, 7.848819, 8.688427, 9.362275, 9.837884, 10.367747, 10.710736, 10.730255, 10.528989, 8.440928, 7.542209, 6.554333, 5.57224, 4.885444, 6.085444, 6.057437, 6.540489, 7.503064, 8.539132, 9.548204, 10.33399, 10.884748, 11.04514, 10.809072, 10.4, 9.8, 9.2, 8.4, 7.814214, 7.279125, 7.020765, 6.762406, 6.77662, 6.804627, 7.260181, 7.977666, 6.636025, 5.221812, 3.779591, 2.059126, 0.0, 0.0, 0.0]"
497,"[0.0, 0.0, 0.0, 0.0, 0.848528, 1.697056, 2.697056, 3.863247, 5.204887, 5.879514, 6.487008, 6.94303, 7.191053, 7.263626, 6.957024, 6.717554, 6.338565, 6.090542, 5.842519, 5.906591, 6.252089, 6.872112, 7.68582, 8.499529, 9.344933, 10.063234, 10.807489, 11.159971, 11.596681, 11.751003, 9.470652, 8.738142, 7.670672, 6.254063, 4.82224, 5.899273, 5.604686, 5.952226, 6.991834, 8.423657, 9.626975, 10.553701, 11.357859, 11.554319, 11.333094, 10.939539, 10.121754, 9.228299, 8.257143, 7.398017, 6.71122, 6.388066, 6.129822, 6.206552, 6.448772, 7.092681, 8.01871, 6.753799, 5.412159, 3.969938, 2.126029, 0.0, 0.0, 0.0]"
498,"[0.0, 0.0, 0.0, 0.0, 0.824621, 1.844425, 3.060978, 4.460978, 6.060978, 6.836356, 7.230766, 7.470236, 7.335147, 7.000058, 6.61661, 6.418949, 5.962927, 5.898016, 5.849658, 5.898016, 6.204618, 7.101985, 7.990046, 9.053844, 10.262797, 11.172747, 11.90597, 12.425589, 12.545239, 12.271375, 9.83827, 8.807681, 7.4, 6.019804, 4.819804, 5.985994, 5.828215, 6.515011, 7.827588, 9.159969, 10.555028, 11.674057, 12.332845, 12.263206, 12.056855, 11.192661, 10.193461, 9.090098, 8.168997, 7.307879, 6.810822, 6.448772, 6.406552, 6.520933, 6.964823, 7.734594, 8.866975, 7.466975, 6.010953, 4.302152, 2.332381, 0.0, 0.0, 0.0]"
499,"[0.0, 0.0, 0.0, 0.0, 1.019804, 2.219804, 3.619804, 5.219804, 6.832255, 7.461694, 7.784848, 7.726489, 7.46813, 7.197319, 6.714267, 6.210917, 5.669276, 5.327635, 5.202547, 5.492378, 6.181375, 7.469437, 8.557498, 9.814809, 10.989376, 11.888256, 12.400195, 12.912134, 12.846589, 12.225975, 9.618294, 8.418294, 7.018294, 5.504402, 4.494427, 5.836068, 6.04852, 6.907646, 8.345599, 9.67798, 10.897589, 11.846387, 12.19558, 11.843098, 11.207774, 10.208574, 9.089545, 8.022866, 7.307879, 6.810822, 6.648772, 6.606552, 6.679125, 6.937368, 7.260523, 7.580988, 8.024897, 6.610683, 5.087529, 3.564374, 1.843909, 0.0, 0.0, 0.0]"
500,"[0.0, 0.0, 0.0, 0.0, 1.019804, 2.475826, 3.998981, 5.611432, 7.455341, 8.415436, 8.803323, 8.89262, 8.803323, 8.301055, 7.487346, 6.491965, 5.773941, 5.27059, 5.32895, 5.762759, 6.914231, 8.228876, 9.44514, 10.519004, 11.392867, 11.922689, 12.396898, 12.666823, 12.525341, 12.051477, 9.521655, 8.180014, 6.693825, 5.361445, 4.438478, 5.780118, 6.158943, 7.139139, 8.47152, 9.900479, 10.975448, 11.595923, 11.876274, 11.631954, 10.834762, 9.941308, 9.042588, 8.042862, 7.235426, 6.868266, 6.868266, 6.882067, 7.015656, 7.135031, 7.19339, 7.126258, 7.379036, 5.964823, 4.564823, 3.164823, 1.708801, 0.0, 0.0, 0.0]"
501,"[0.0, 0.0, 0.0, 0.0, 1.0, 2.280625, 3.803779, 5.51258, 7.409947, 8.221024, 8.740399, 8.817244, 8.508444, 8.011077, 7.2, 6.2, 5.494427, 5.094427, 4.975052, 5.695517, 6.739426, 7.971028, 9.097057, 10.079174, 10.767028, 11.36443, 11.846082, 12.052433, 12.02576, 11.514807, 9.073496, 7.807456, 6.323603, 4.808646, 3.911279, 5.311279, 5.569638, 6.731085, 8.209975, 9.409975, 10.409975, 11.009975, 11.209072, 10.809072, 10.209072, 9.209072, 8.409072, 7.464911, 7.006552, 6.748193, 6.628817, 6.509442, 6.525156, 6.349706, 6.272976, 6.392351, 6.911726, 5.631101, 4.464911, 3.2, 1.8, 0.0, 0.0, 0.0]"
502,"[0.0, 0.0, 0.0, 0.0, 1.2, 2.8, 4.4, 6.243909, 8.141275, 8.73013, 8.918984, 9.039449, 8.476165, 7.859424, 7.20194, 6.490119, 5.789457, 5.708833, 5.828208, 6.309288, 7.043332, 8.232601, 9.432601, 10.632601, 11.620149, 12.409072, 12.807681, 13.03827, 12.912134, 12.400195, 9.800195, 8.648536, 7.017947, 5.344083, 4.256022, 5.536647, 5.693076, 6.693076, 8.173427, 9.581746, 10.70944, 11.658238, 12.066557, 11.949537, 11.541218, 10.694949, 9.547913, 8.581815, 7.760125, 7.216147, 7.06831, 7.054097, 7.011876, 7.084449, 7.337228, 7.711869, 8.59222, 7.19222, 5.778006, 4.069205, 2.280351, 0.0, 0.0, 0.0]"
503,"[0.0, 0.0, 0.0, 0.0, 1.019804, 2.236356, 3.836356, 5.636356, 7.436356, 8.22763, 8.660319, 8.709562, 8.365584, 7.830495, 7.039221, 6.389979, 5.740737, 5.304519, 5.116641, 5.539057, 6.259522, 7.146319, 8.185641, 9.440989, 10.234836, 10.93098, 11.644184, 12.11488, 12.256363, 12.03027, 9.613661, 8.413661, 6.903642, 5.150889, 3.940914, 5.140914, 5.340914, 6.32111, 7.8, 9.6, 11.007681, 12.076014, 12.549877, 12.630228, 12.118289, 11.354517, 10.286184, 9.212321, 8.13197, 7.120942, 6.557658, 6.371871, 6.252496, 6.575651, 7.395984, 8.154967, 9.214617, 7.933992, 6.410838, 4.513471, 2.473863, 0.0, 0.0, 0.0]"
504,"[0.0, 0.0, 0.0, 0.0, 1.280625, 2.694838, 4.415303, 6.204158, 8.173929, 8.790671, 9.273824, 9.397268, 9.257656, 8.937127, 8.453974, 7.821518, 7.1438, 6.775182, 6.406565, 6.434572, 6.958515, 7.946391, 8.819832, 9.955816, 11.113595, 12.008023, 12.738398, 13.584332, 13.858447, 13.804032, 11.12075, 9.798359, 8.078984, 6.21288, 4.667296, 5.947921, 5.947921, 6.793325, 8.410015, 10.130309, 11.628173, 12.929687, 13.589336, 13.748025, 13.181797, 12.491369, 11.336606, 9.831553, 8.512178, 7.524302, 6.456045, 5.947244, 6.080833, 6.323362, 7.126944, 8.343208, 9.649201, 8.234987, 6.711832, 4.742061, 2.505993, 0.0, 0.0, 0.0]"
505,"[0.0, 0.0, 0.0, 0.0, 1.0, 2.442221, 3.884441, 5.407596, 7.116396, 7.960305, 8.361994, 8.532225, 8.621522, 8.312721, 7.668812, 7.041456, 6.506037, 6.024956, 5.701989, 5.7669, 6.259149, 7.221723, 8.564216, 10.087183, 11.685836, 12.8406, 13.753956, 14.164534, 14.284828, 13.701615, 10.838051, 9.447136, 7.457122, 5.536828, 4.150904, 5.712954, 5.994813, 7.380737, 9.271462, 11.350248, 12.912298, 14.068389, 14.672479, 14.589436, 13.948603, 12.824503, 11.521559, 10.199168, 8.933128, 7.800747, 7.000747, 6.568602, 6.619003, 6.997828, 7.923857, 9.269441, 10.832957, 9.220506, 7.500041, 5.374012, 2.828427, 0.0, 0.0, 0.0]"
506,"[0.0, 0.0, 0.0, 0.0, 1.0, 2.2, 3.6, 5.212452, 6.861694, 7.570495, 7.982946, 8.025167, 7.854936, 7.647914, 7.105303, 6.512656, 5.870435, 5.228215, 4.863027, 5.139057, 5.81631, 6.860219, 8.340569, 9.704848, 11.041116, 12.027341, 13.046997, 13.366646, 13.455157, 12.912736, 10.229454, 8.582443, 6.87687, 4.979503, 3.743435, 5.008346, 5.68916, 7.075084, 8.916492, 10.780056, 12.541694, 13.451461, 13.978244, 13.904381, 13.240817, 12.224243, 11.02956, 9.564067, 8.444692, 7.525317, 6.780253, 6.367802, 6.626161, 7.145536, 8.100979, 9.36589, 10.951568, 9.351568, 7.551568, 5.3155, 2.785678, 0.0, 0.0, 0.0]"
507,"[0.0, 0.0, 0.0, 0.0, 1.131371, 2.573591, 4.186043, 5.894844, 7.738753, 8.418459, 8.776238, 8.763787, 8.454986, 7.811077, 7.2, 6.224621, 5.345731, 4.945731, 5.087372, 5.410527, 6.483272, 7.916228, 9.332837, 10.674478, 11.834605, 12.715727, 13.281955, 13.426596, 13.288899, 12.585516, 9.807027, 8.500947, 6.834124, 5.08854, 4.185674, 5.747724, 6.177419, 7.409021, 9.050332, 10.58098, 11.797419, 12.636792, 13.194044, 13.258726, 12.887113, 11.99542, 10.874189, 9.752957, 8.689185, 7.718028, 7.031231, 6.669182, 6.323684, 6.493915, 6.949469, 8.02982, 9.39107, 8.174517, 6.562066, 4.841601, 2.56125, 0.0, 0.0, 0.0]"
508,"[0.0, 0.0, 0.0, 0.0, 1.280625, 2.842675, 4.404725, 6.291521, 8.261293, 8.878034, 9.159893, 9.40892, 8.936338, 8.38078, 7.699966, 6.93309, 6.122013, 5.873989, 5.724687, 5.964156, 6.731032, 7.9671, 9.274773, 10.539684, 11.683662, 12.523035, 12.970249, 13.179667, 13.091156, 12.491156, 9.807874, 8.566813, 6.960565, 5.319253, 4.213681, 5.627894, 5.88273, 6.805697, 8.268439, 9.919596, 11.066632, 11.977257, 12.418568, 12.319157, 11.773573, 11.056232, 10.010601, 9.01151, 8.01437, 7.034174, 6.190265, 5.648019, 5.371989, 5.620012, 6.297264, 7.297264, 8.718771, 7.552581, 6.138367, 4.441311, 2.441311, 0.0, 0.0, 0.0]"
509,"[0.0, 0.0, 0.0, 0.0, 1.456022, 3.105264, 5.115239, 7.115239, 9.315239, 9.869192, 10.229925, 10.063859, 9.713101, 9.125553, 8.515578, 7.705603, 7.078246, 6.770645, 6.770645, 7.370645, 8.296674, 9.48844, 10.708049, 11.815892, 12.700333, 13.527268, 14.249445, 14.551759, 14.551759, 13.947669, 10.994704, 9.513451, 7.816078, 6.095783, 5.031985, 6.631985, 6.782743, 7.816553, 9.416553, 11.0, 12.4, 13.606659, 14.213793, 14.244382, 13.852701, 13.061773, 11.855114, 10.64798, 9.617391, 8.665094, 7.622212, 6.953583, 6.618494, 6.432708, 6.776686, 7.810495, 9.479125, 8.214214, 6.8, 5.0, 2.8, 0.0, 0.0, 0.0]"
510,"[0.0, 0.0, 0.0, 0.0, 1.341641, 3.050442, 4.89435, 7.103423, 9.103423, 9.961782, 10.452981, 10.420149, 9.823529, 9.237742, 8.437742, 7.437742, 6.843218, 6.495677, 6.643514, 6.94057, 7.584479, 8.347825, 9.345656, 10.191925, 11.185593, 12.184218, 12.924614, 13.440361, 13.715323, 13.441208, 10.598674, 9.401534, 7.789236, 6.105954, 4.489345, 5.689345, 5.622212, 6.353389, 7.633739, 9.307603, 10.581466, 11.733125, 12.44344, 12.563089, 12.489225, 12.015362, 11.207681, 10.014214, 8.879125, 7.373552, 6.22208, 5.42208, 5.207866, 5.357169, 6.306651, 7.799062, 9.519357, 8.319357, 6.905143, 5.061234, 2.720294, 0.0, 0.0, 0.0]"
511,"[0.0, 0.0, 0.0, 0.0, 1.341641, 2.783861, 4.504326, 6.348235, 8.328134, 8.986493, 9.544273, 9.710604, 9.58716, 9.049482, 8.491702, 7.772327, 7.166156, 6.710602, 6.484934, 6.655165, 7.17454, 8.093915, 9.029004, 10.212452, 11.207681, 12.015362, 12.678926, 13.147259, 13.347259, 13.156187, 10.548506, 9.208097, 7.804675, 6.004675, 4.309176, 5.309176, 5.127662, 5.651605, 7.087673, 8.872556, 10.480237, 11.85889, 12.631286, 12.803536, 12.423573, 11.659801, 10.501557, 9.382527, 8.23912, 7.11309, 6.269182, 5.707132, 5.545536, 5.722845, 6.781971, 8.287964, 10.066453, 8.785828, 7.343608, 5.284482, 2.778489, 0.0, 0.0, 0.0]"
512,"[0.0, 0.0, 0.0, 0.0, 1.341641, 2.864795, 4.514038, 6.325115, 8.325115, 8.983474, 9.460319, 9.611077, 9.4, 9.0, 8.4, 7.8, 7.216553, 6.693585, 6.37421, 6.388424, 6.832333, 7.61578, 8.664776, 9.792471, 10.786576, 11.488251, 12.178976, 12.614197, 12.926172, 12.850234, 10.304649, 9.226376, 7.831317, 5.832133, 4.299752, 5.376785, 5.376785, 6.097391, 7.612349, 9.412349, 11.120993, 12.420586, 13.254084, 13.686349, 13.519454, 12.773384, 11.57014, 10.373001, 9.046309, 7.744575, 6.782, 6.273199, 6.362496, 6.729656, 7.752351, 9.460996, 11.678597, 10.066146, 8.357345, 6.203279, 3.417601, 0.0, 0.0, 0.0]"
513,"[0.0, 0.0, 0.0, 0.0, 1.280625, 2.722845, 4.335297, 6.124151, 8.212213, 8.971196, 9.53895, 9.737576, 9.748721, 9.26066, 8.621052, 7.82763, 7.281464, 6.647654, 6.328279, 6.370499, 6.766398, 7.560613, 8.630491, 9.855859, 10.919631, 11.914861, 12.576029, 13.030686, 13.070277, 12.844635, 10.236954, 9.07871, 7.519356, 5.798393, 4.318042, 5.395075, 5.275245, 5.987783, 7.326493, 8.858874, 10.465122, 11.706184, 12.462275, 12.639884, 12.461569, 11.675654, 10.515527, 9.357748, 8.297432, 7.143367, 6.265804, 5.742649, 5.516981, 5.759511, 6.646307, 7.958884, 9.737373, 8.52082, 6.997666, 5.11087, 2.778489, 0.0, 0.0, 0.0]"
514,"[0.0, 0.0, 0.0, 0.0, 1.280625, 2.842675, 4.686584, 6.686584, 8.57338, 9.262527, 9.670248, 9.723706, 9.372948, 9.098604, 8.543046, 7.838185, 6.940818, 6.291576, 5.944036, 5.985844, 6.370175, 7.38015, 8.616218, 9.825171, 11.089443, 12.225878, 13.079467, 13.621888, 13.868319, 13.428376, 10.642698, 9.341184, 7.728885, 5.808591, 4.352861, 5.484232, 5.484232, 6.318042, 7.780784, 9.218904, 10.495852, 11.495052, 12.056302, 12.073911, 11.811169, 11.40285, 10.40365, 9.404451, 8.29029, 7.367323, 6.367323, 5.805273, 5.320256, 5.434691, 6.054714, 7.180743, 8.741993, 7.66496, 6.384335, 4.687279, 2.56125, 0.0, 0.0, 0.0]"
515,"[0.0, 0.0, 0.0, 0.0, 1.0, 2.414214, 4.134679, 6.021475, 7.810329, 8.707696, 9.137391, 9.228003, 8.941207, 8.752353, 8.254986, 7.430881, 6.514231, 5.762759, 5.239792, 5.295814, 5.925253, 6.928192, 8.23373, 9.573306, 10.800566, 11.929812, 12.916887, 13.483115, 13.474824, 13.054285, 10.275796, 8.805568, 7.085274, 5.476955, 4.038835, 5.31946, 5.625711, 6.75174, 8.232091, 9.848781, 11.175837, 12.233861, 12.613825, 12.569542, 12.187357, 11.466472, 10.574779, 9.630836, 8.808982, 8.192076, 7.570191, 6.899948, 6.537898, 6.579706, 6.749937, 7.485026, 8.829723, 7.629723, 6.173701, 4.56125, 2.56125, 0.0, 0.0, 0.0]"
516,"[0.0, 0.0, 0.0, 0.0, 1.341641, 2.783861, 4.62777, 6.324826, 8.324826, 8.983186, 9.600091, 9.545037, 9.556781, 9.079936, 8.421577, 7.528641, 6.871157, 6.328547, 6.070303, 6.184685, 6.862403, 7.9671, 9.081261, 10.346172, 11.49015, 12.329523, 12.957019, 13.455157, 13.533016, 13.213366, 10.530085, 9.228571, 7.791723, 6.203845, 5.123495, 6.388406, 6.438807, 7.097167, 8.409743, 9.715736, 11.134107, 12.121655, 12.721655, 12.730214, 12.378287, 11.664777, 10.853632, 9.866083, 8.967364, 8.227512, 7.538365, 6.915701, 6.323053, 6.080833, 5.883172, 6.311348, 7.114929, 6.095125, 4.895125, 3.678572, 1.969772, 0.0, 0.0, 0.0]"
517,"[0.0, 0.0, 0.0, 0.0, 1.0, 2.280625, 3.977681, 5.698146, 7.487001, 8.195801, 8.759085, 8.674481, 8.566467, 8.177613, 7.668812, 6.844707, 6.126683, 5.362759, 5.12895, 5.27059, 5.773941, 6.668368, 7.878966, 9.045157, 10.209509, 11.294035, 12.225475, 12.727598, 12.803536, 12.577895, 9.970214, 8.811969, 7.382091, 5.798393, 4.518042, 5.734594, 5.695699, 6.5341, 7.863545, 9.393367, 10.650678, 11.560628, 12.023961, 12.278214, 11.957465, 11.523209, 10.934013, 10.209709, 9.324544, 8.457113, 7.69813, 7.134846, 6.690956, 6.367802, 6.426161, 6.956613, 8.084307, 6.819396, 5.619396, 4.219396, 2.408319, 0.0, 0.0, 0.0]"
518,"[0.0, 0.0, 0.0, 0.0, 1.077033, 2.533055, 4.344132, 6.344132, 8.344132, 9.267099, 9.821052, 10.049583, 9.893492, 9.542734, 8.998756, 8.205333, 7.365726, 6.721817, 6.337486, 6.404618, 6.908531, 7.595327, 8.454453, 9.521923, 10.331149, 11.293965, 12.270733, 12.997285, 13.576948, 13.875157, 11.191875, 10.328311, 8.956847, 7.121836, 5.212357, 6.232161, 5.632161, 6.017947, 6.940914, 8.619804, 10.008319, 11.238908, 11.912772, 12.386635, 12.266986, 11.898275, 11.307293, 10.644507, 9.770643, 8.890293, 7.850685, 6.830881, 6.019804, 5.314231, 5.130784, 5.930784, 7.11098, 6.11098, 5.216553, 4.0, 2.2, 0.0, 0.0, 0.0]"
519,"[0.0, 0.0, 0.0, 0.0, 1.019804, 2.284715, 3.897167, 5.509618, 7.353527, 8.313622, 8.89262, 9.000633, 9.000633, 8.598945, 7.899671, 7.336387, 6.747293, 6.301031, 6.123722, 6.257311, 6.576686, 7.245315, 8.079125, 9.014214, 10.2, 11.207681, 12.03827, 12.706603, 13.226897, 13.156719, 10.549038, 9.707303, 8.380611, 6.660317, 4.955116, 5.955116, 5.446887, 5.825711, 6.825711, 8.409409, 9.817728, 11.082687, 11.907807, 12.316126, 12.316126, 12.033836, 11.614281, 11.048595, 10.337333, 9.371234, 8.411395, 7.109987, 5.930088, 5.127459, 4.81661, 5.494328, 6.932449, 6.132449, 5.238021, 4.106651, 2.262742, 0.0, 0.0, 0.0]"
520,"[0.0, 0.0, 0.0, 0.0, 1.0, 2.16619, 3.689345, 5.398146, 7.047388, 7.65984, 8.093649, 8.170495, 8.061694, 8.012452, 7.8, 7.4, 6.8, 6.219804, 5.619804, 5.351175, 5.4318, 6.044251, 6.911243, 7.79804, 8.94702, 10.227645, 11.176443, 11.835231, 12.509684, 12.670645, 10.109395, 9.337, 8.07204, 6.642161, 5.025471, 6.025471, 5.501528, 5.929704, 6.768104, 8.284423, 9.814245, 11.269629, 12.281122, 12.979683, 13.112607, 12.863135, 12.182449, 11.359521, 10.399989, 9.449281, 8.33512, 7.295512, 6.119256, 5.210455, 4.952212, 5.574876, 6.810944, 6.089833, 5.289833, 4.024922, 2.236068, 0.0, 0.0, 0.0]"
521,"[0.0, 0.0, 0.0, 0.0, 1.16619, 2.507831, 4.030986, 5.680228, 7.524137, 8.367922, 9.026281, 9.503126, 9.653884, 9.609975, 9.2, 8.6, 7.8, 7.264911, 6.631101, 6.445315, 6.607365, 7.12783, 7.749715, 8.915906, 10.007685, 11.224124, 12.503659, 13.590076, 14.086122, 14.300424, 11.521935, 10.521935, 9.110771, 7.413715, 5.518042, 6.518042, 5.782953, 5.833355, 6.58878, 7.92749, 9.433482, 10.851853, 11.922683, 12.635887, 12.889165, 12.799782, 12.270566, 11.557056, 10.665857, 9.772402, 8.697434, 7.264478, 5.74192, 4.433119, 3.758493, 3.978902, 5.257792, 4.810578, 4.410578, 3.56205, 2.0, 0.0, 0.0, 0.0]"
522,"[0.0, 0.0, 0.0, 0.0, 0.848528, 2.129153, 3.691203, 5.535112, 7.515011, 8.792512, 9.792238, 10.393519, 10.712941, 10.792168, 10.552935, 9.993049, 9.243932, 8.080601, 6.846096, 5.9593, 5.455387, 5.564328, 6.353183, 7.691892, 9.133203, 10.636945, 11.998231, 13.162342, 14.04532, 14.389687, 11.669393, 11.065302, 9.956247, 8.12649, 5.973268, 6.373268, 4.725372, 4.012834, 4.358332, 5.725876, 7.606227, 9.535021, 11.094375, 12.22305, 12.913775, 13.324149, 13.171218, 12.606523, 11.759707, 10.631032, 8.940307, 6.979202, 4.853172, 3.456477, 3.236068, 4.390134, 6.663214, 6.663214, 6.216001, 4.87436, 2.720294, 0.0, 0.0, 0.0]"
523,"[0.0, 0.0, 0.0, 0.0, 0.8, 2.0, 3.4, 5.2, 7.2, 8.4, 9.4, 10.0, 10.2, 10.209975, 10.009975, 9.409975, 8.809975, 7.809975, 6.624621, 5.545731, 4.770353, 4.570353, 5.170353, 6.145731, 7.633693, 9.018144, 10.418144, 11.618144, 12.618144, 13.009072, 10.8, 10.209975, 9.009975, 7.209975, 5.009975, 5.209975, 3.6, 2.894427, 3.336648, 4.657113, 6.737464, 8.778775, 10.604642, 11.882715, 12.882544, 13.209874, 13.100944, 12.543981, 11.710483, 10.432409, 8.824728, 6.939561, 4.77623, 3.289434, 3.063766, 4.073741, 6.234209, 6.234209, 5.834209, 4.617656, 2.607681, 0.0, 0.0, 0.0]"
524,"[0.0, 0.0, 0.0, 0.0, 0.848528, 2.129153, 3.691203, 5.388259, 7.368158, 8.645659, 9.491064, 9.929014, 10.231957, 10.252058, 10.012825, 9.607261, 9.021475, 8.3021, 7.379133, 6.708889, 6.188424, 6.188424, 6.557041, 7.634074, 8.834131, 10.05074, 11.500091, 12.824062, 13.58204, 14.028995, 11.612386, 10.957894, 9.78468, 8.272636, 6.233693, 6.680907, 5.071835, 4.166262, 4.107903, 5.003747, 6.719864, 8.452245, 10.165498, 11.431539, 12.217066, 12.559728, 12.643957, 12.272344, 11.453517, 10.470679, 9.041719, 7.02511, 4.789042, 3.600188, 3.477033, 4.6, 6.830589, 6.830589, 6.230589, 4.830589, 2.630589, 0.0, 0.0, 0.0]"
525,"[0.0, 0.0, 0.0, 0.0, 0.72111, 1.72111, 2.887301, 4.329521, 5.941973, 7.009717, 7.907083, 8.63826, 8.90484, 9.001189, 8.921135, 8.546923, 7.991198, 7.282397, 6.573596, 5.884599, 5.561445, 5.619804, 6.269046, 7.166413, 8.300675, 9.517284, 10.902962, 12.226933, 13.24161, 13.915972, 11.499362, 10.922757, 9.749543, 8.237499, 6.233693, 6.680907, 5.071835, 4.166262, 4.208482, 5.104326, 6.937464, 8.778775, 10.604642, 11.882715, 12.882544, 13.209874, 13.274556, 12.886643, 12.13612, 10.938981, 9.351104, 7.245111, 4.91273, 3.542959, 3.419804, 4.6, 7.0, 7.0, 6.4, 5.0, 2.8, 0.0, 0.0, 0.0]"
526,"[0.0, 0.0, 0.0, 0.0, 0.632456, 1.457077, 2.53411, 3.799021, 5.322175, 6.478574, 7.442807, 8.154629, 8.678572, 8.864218, 8.864218, 8.598519, 8.074575, 7.285721, 6.57692, 5.420521, 4.745895, 4.558017, 5.014039, 5.825116, 7.401732, 9.160885, 10.912279, 12.482807, 13.731141, 14.434113, 11.826432, 11.338945, 10.021196, 8.226696, 6.114652, 6.514652, 4.773712, 4.084715, 4.275826, 5.373192, 7.314132, 9.243955, 11.009828, 12.52702, 13.602867, 14.173971, 14.364443, 14.108588, 13.174982, 11.85101, 10.138966, 8.018672, 5.48885, 4.081698, 4.044907, 5.253226, 7.853226, 7.853226, 7.22077, 5.608319, 3.2, 0.0, 0.0, 0.0]"
527,"[0.0, 0.0, 0.0, 0.0, 0.565685, 1.286796, 2.286796, 3.567421, 4.981634, 6.113005, 7.235804, 7.93286, 8.349291, 8.497128, 8.362121, 7.932426, 7.515995, 6.818938, 6.081509, 5.31946, 4.729867, 4.29777, 4.578395, 5.366226, 6.625352, 8.21734, 10.1473, 11.645164, 12.917154, 13.700562, 11.283953, 10.631493, 9.550061, 7.79699, 5.586912, 5.986912, 4.308096, 3.630844, 3.913687, 5.081231, 6.881231, 8.834017, 10.414214, 11.8, 12.8, 13.4, 13.8, 13.8, 13.209072, 12.220149, 10.834363, 8.666818, 6.066818, 4.257746, 3.663222, 4.337069, 6.568178, 6.568178, 6.168178, 4.951626, 2.863564, 0.0, 0.0, 0.0]"
528,"[0.0, 0.0, 0.0, 0.0, 0.447214, 1.168324, 2.334514, 3.776735, 5.389186, 6.730827, 7.718518, 8.449694, 8.716274, 8.812623, 8.546923, 8.103034, 7.371858, 6.663057, 5.675366, 4.752212, 4.287301, 4.198143, 4.640364, 5.763162, 7.289192, 8.89751, 10.663012, 12.063325, 12.93971, 13.421362, 11.013043, 10.406577, 9.087198, 7.533094, 5.491098, 5.891098, 4.220716, 3.697561, 3.873012, 5.096181, 6.850247, 8.625501, 9.966441, 11.154622, 11.89559, 12.341524, 12.600584, 12.600584, 12.411702, 11.851652, 10.693872, 8.9424, 6.80146, 4.66052, 3.710553, 4.155128, 5.86785, 5.66785, 5.46785, 4.448046, 2.56125, 0.0, 0.0, 0.0]"
529,"[0.0, 0.0, 0.0, 0.0, 0.848528, 1.979899, 3.541949, 5.262414, 7.14921, 8.187478, 9.115233, 9.61231, 9.950971, 9.950971, 9.784639, 9.287563, 8.642651, 7.86415, 6.871781, 5.951316, 5.283693, 5.03567, 5.278199, 6.353544, 8.027407, 9.801313, 11.739957, 13.515287, 14.707793, 15.465029, 12.796696, 12.221683, 11.077265, 9.564229, 7.410163, 8.010163, 5.927555, 4.405944, 3.756702, 4.093883, 5.337792, 6.890578, 8.590503, 10.096496, 11.188275, 11.850359, 12.356352, 12.44058, 12.266968, 11.647772, 10.703829, 9.197836, 7.605848, 6.121995, 5.451752, 5.899677, 7.763241, 6.93862, 6.090092, 4.873539, 2.863564, 0.0, 0.0, 0.0]"
530,"[0.0, 0.0, 0.0, 0.0, 0.894427, 2.159338, 3.77179, 5.560644, 7.61977, 9.057724, 10.125193, 10.845123, 11.219599, 11.323804, 10.991423, 10.545839, 9.736612, 9.029304, 8.082525, 7.159558, 6.404133, 6.222619, 6.475398, 7.494913, 9.025561, 10.90085, 13.16476, 15.061511, 16.4751, 17.319955, 14.313295, 13.571308, 12.201825, 10.20141, 7.965427, 8.597882, 6.181532, 4.666574, 4.148703, 4.4942, 5.841644, 7.674781, 9.36199, 10.791868, 11.950113, 12.690508, 12.971407, 13.170769, 12.88987, 12.169576, 11.011331, 9.616272, 7.608591, 5.960696, 5.225607, 5.817623, 7.7043, 7.1043, 6.471844, 5.206933, 3.052868, 0.0, 0.0, 0.0]"
531,"[0.0, 0.0, 0.0, 0.0, 0.824621, 2.041174, 3.497196, 5.341105, 7.429166, 8.692606, 9.756404, 10.641322, 10.885475, 10.885475, 10.885475, 10.254366, 9.32764, 8.439578, 7.176138, 5.653762, 4.80452, 4.606859, 4.930014, 6.164519, 8.040144, 10.293012, 12.476459, 14.451876, 15.79275, 16.662028, 13.60916, 12.715153, 11.186353, 9.398805, 7.088216, 7.653901, 5.713594, 4.763626, 4.565388, 5.365388, 7.399703, 9.634017, 11.614214, 13.4, 14.806244, 15.406244, 15.812488, 15.819147, 15.226828, 14.020584, 12.420584, 10.479251, 8.193702, 6.410642, 5.691267, 6.061039, 7.708172, 6.987061, 6.16244, 4.881816, 2.912044, 0.0, 0.0, 0.0]"
532,"[0.0, 0.0, 0.0, 0.0, 0.824621, 2.041174, 3.653625, 5.464702, 7.474677, 8.850056, 9.833504, 10.621052, 11.009975, 11.2, 11.0, 10.6, 9.812452, 8.829004, 7.523431, 6.371959, 5.591763, 5.179312, 5.575211, 6.524692, 8.017104, 9.5973, 11.370514, 12.92034, 14.374916, 15.093388, 12.493388, 12.150763, 10.998461, 9.299976, 7.240564, 7.687778, 5.257189, 3.879669, 3.356702, 3.812724, 5.262877, 7.403817, 9.301184, 10.824151, 11.968129, 12.670762, 12.746431, 12.370675, 11.559529, 10.482684, 8.777111, 6.643345, 4.489279, 3.300425, 3.118911, 4.387814, 6.947506, 6.947506, 6.347506, 5.005865, 2.842534, 0.0, 0.0, 0.0]"
533,"[0.0, 0.0, 0.0, 0.0, 0.6, 1.6, 2.8, 4.4, 6.2, 7.6, 8.8, 9.6, 10.0, 10.2, 10.2, 9.6, 9.0, 8.0, 6.632456, 5.079669, 4.079669, 3.50429, 3.845931, 4.933941, 6.612756, 8.574006, 10.591919, 12.250278, 13.692091, 14.450502, 11.889253, 11.379099, 10.167954, 8.347317, 6.183986, 6.383986, 4.251605, 3.262751, 3.12111, 4.2, 6.2, 8.6, 10.6, 12.4, 13.6, 14.2, 14.4, 14.0, 13.0, 11.6, 10.0, 7.6, 5.2, 3.832456, 3.449008, 4.449008, 6.849008, 6.849008, 6.216553, 5.0, 2.8, 0.0, 0.0, 0.0]"
534,"[0.0, 0.0, 0.0, 0.0, 0.824621, 1.901654, 3.424809, 5.213663, 7.100459, 8.439169, 9.525467, 10.165643, 10.540119, 10.653323, 10.376789, 9.825909, 9.004219, 8.057441, 7.057441, 5.8031, 5.039177, 4.71734, 5.113239, 6.113239, 7.880784, 9.832255, 11.812452, 13.4, 14.6, 15.206659, 12.406659, 12.01434, 10.824315, 9.038529, 6.83187, 7.03187, 4.424189, 3.046669, 2.652259, 3.308281, 5.005648, 7.346588, 9.243955, 11.009828, 12.339484, 13.042117, 13.117787, 12.676026, 11.599149, 10.078382, 8.303003, 5.886394, 3.998333, 3.114153, 3.558043, 5.150031, 8.374934, 8.174934, 7.350313, 5.641512, 3.224903, 0.0, 0.0, 0.0]"
535,"[0.0, 0.0, 0.0, 0.0, 1.0, 2.280625, 4.00109, 6.00109, 8.127119, 9.535438, 10.663132, 11.350986, 11.759305, 11.913627, 11.631337, 11.066927, 10.271059, 9.127652, 7.847301, 6.521272, 5.243048, 4.455218, 4.390307, 5.190307, 6.599379, 8.633693, 10.815731, 12.622391, 14.022391, 14.813319, 12.213319, 11.606659, 10.4, 8.4, 6.2, 6.2, 4.0, 3.0, 3.2, 4.2, 6.6, 9.0, 11.2, 12.8, 14.0, 14.6, 14.8, 14.4, 13.6, 12.4, 10.6, 8.2, 5.6, 4.2, 4.0, 5.4, 8.4, 8.4, 7.6, 6.0, 3.4, 0.0, 0.0, 0.0]"
536,"[0.0, 0.0, 0.0, 0.0, 0.632456, 1.709488, 2.9744, 4.497554, 6.286409, 7.442807, 8.154629, 8.776514, 9.140156, 9.238097, 9.169708, 8.795067, 8.039642, 7.047273, 5.760477, 4.440012, 3.425798, 3.094427, 3.416553, 4.525353, 5.914208, 7.846588, 9.654269, 11.045398, 12.115086, 12.933912, 10.601532, 10.157181, 9.338355, 7.824777, 6.017096, 6.417096, 4.453765, 3.264911, 3.019804, 3.675826, 4.984627, 6.872688, 8.553039, 10.007098, 11.02494, 11.749244, 12.094288, 12.023009, 11.360223, 10.498811, 9.282258, 7.570264, 5.761191, 4.844542, 4.67431, 5.457758, 7.419929, 7.019929, 6.125502, 4.683282, 2.683282, 0.0, 0.0, 0.0]"
537,"[0.0, 0.0, 0.0, 0.0, 0.72111, 1.887301, 3.228941, 4.841393, 6.630247, 7.878909, 8.68249, 9.238216, 9.523131, 9.383519, 9.026199, 8.456427, 7.55906, 6.261694, 4.812452, 3.2, 2.0, 1.8, 2.4, 4.0, 6.2, 8.607681, 10.636108, 12.264535, 13.491084, 14.119512, 11.511831, 10.919471, 9.902121, 8.289786, 6.261359, 6.661359, 4.625291, 3.214214, 2.624621, 3.089532, 4.212687, 5.910053, 7.664119, 9.119849, 10.328801, 11.238752, 11.550457, 11.605464, 11.13619, 10.07654, 8.663239, 7.175277, 5.766205, 5.17168, 5.369918, 6.630465, 8.882569, 8.082569, 6.866016, 5.253565, 2.973214, 0.0, 0.0, 0.0]"
538,"[0.0, 0.0, 0.0, 0.0, 0.632456, 1.709488, 2.9744, 4.31604, 5.839195, 6.91554, 7.682416, 8.228582, 8.499393, 8.576238, 8.267437, 7.623529, 6.812452, 5.8, 4.4, 3.0, 2.2, 2.024621, 2.689532, 4.101984, 6.16111, 8.093491, 9.774862, 11.117632, 12.112862, 12.495047, 10.162666, 9.656673, 8.611042, 7.169551, 5.552861, 5.952861, 4.235704, 3.273654, 3.107464, 3.499395, 4.711847, 6.272913, 7.712521, 8.800582, 9.738095, 10.361712, 10.576929, 10.424117, 9.948508, 9.136083, 8.116567, 7.057441, 5.891755, 5.445494, 5.559875, 6.579391, 8.20998, 7.48887, 6.322679, 4.866657, 2.630589, 0.0, 0.0, 0.0]"
539,"[0.0, 0.0, 0.0, 0.0, 1.131371, 2.545584, 4.389493, 6.389493, 8.669844, 9.979784, 11.006882, 11.495354, 11.827735, 11.70145, 11.22991, 10.4974, 9.621041, 8.308464, 6.786854, 5.017082, 3.708281, 3.076881, 3.513099, 4.724552, 6.865492, 9.185786, 11.334379, 12.85157, 14.053971, 14.498708, 11.778414, 10.959267, 9.694854, 7.913455, 5.927778, 6.493463, 4.939397, 4.2504, 4.441511, 5.48542, 7.155803, 8.964122, 10.544318, 11.688296, 12.474976, 12.672013, 12.499762, 12.180113, 11.229355, 10.01298, 8.796427, 7.560359, 6.446199, 6.446199, 7.268053, 8.858634, 11.258634, 10.092444, 8.443202, 6.207134, 3.4, 0.0, 0.0, 0.0]"
540,"[0.0, 0.0, 0.0, 0.0, 1.0, 2.414214, 4.026665, 6.066273, 8.275345, 9.511413, 10.505518, 11.301386, 11.461778, 11.252706, 11.026613, 10.230746, 9.038979, 7.6636, 6.110814, 4.100839, 2.888387, 2.748868, 3.447401, 4.969959, 7.386568, 9.492561, 11.194017, 12.623827, 13.432544, 13.794424, 11.288431, 10.569068, 9.139258, 7.380573, 5.402085, 6.03454, 4.975414, 4.866473, 5.657746, 7.093814, 8.894464, 10.722891, 12.115811, 13.104734, 13.6758, 13.873284, 13.477962, 12.906896, 12.116871, 10.922189, 9.508152, 8.15208, 7.082203, 6.684679, 7.272227, 8.663356, 11.009771, 9.843581, 8.23113, 6.03113, 3.423449, 0.0, 0.0, 0.0]"
541,"[0.0, 0.0, 0.0, 0.0, 1.077033, 2.600188, 4.389042, 6.358814, 8.699754, 9.963661, 10.781446, 11.466455, 11.777034, 11.672162, 11.37083, 10.679132, 9.619482, 8.358935, 6.570081, 4.730473, 3.713687, 3.319277, 4.008274, 5.715126, 7.931735, 10.084957, 12.111463, 13.533157, 14.425401, 14.872356, 12.086678, 11.01014, 9.668499, 7.699223, 5.435659, 5.882872, 4.737722, 4.213779, 4.845547, 6.142913, 8.03664, 9.685882, 11.05156, 12.171186, 12.881501, 13.148242, 13.082697, 12.66118, 11.445205, 10.237524, 8.649647, 7.089856, 5.957817, 5.745365, 6.384973, 8.277213, 10.781296, 9.704263, 8.304263, 6.264655, 3.352611, 0.0, 0.0, 0.0]"
542,"[0.0, 0.0, 0.0, 0.0, 1.077033, 2.600188, 4.569959, 6.724025, 9.064965, 10.404541, 11.387379, 11.923601, 12.101916, 12.093356, 11.840078, 11.05455, 9.962771, 8.478918, 6.42938, 4.466049, 3.466695, 3.218671, 3.982595, 5.586548, 7.718929, 9.6811, 11.645405, 13.079263, 14.056031, 14.509328, 11.826046, 10.849617, 9.512109, 7.725577, 5.66101, 6.108223, 4.675268, 4.132657, 4.844479, 6.182495, 8.241274, 10.127845, 11.681948, 12.735628, 13.367227, 13.551959, 13.352597, 12.912653, 12.196149, 11.20248, 9.79238, 8.600614, 7.340067, 6.656258, 6.939101, 8.50101, 10.725388, 9.705584, 8.263363, 6.283464, 3.44093, 0.0, 0.0, 0.0]"
543,"[0.0, 0.0, 0.0, 0.0, 1.019804, 2.284715, 3.993516, 5.890882, 7.978944, 9.047201, 9.821898, 10.349165, 10.491406, 10.214422, 9.926361, 9.286753, 8.250685, 7.035698, 5.507464, 4.107464, 3.507464, 3.707464, 4.726752, 6.53197, 8.661792, 10.835006, 12.597284, 13.915652, 15.05869, 15.502082, 12.528868, 11.70753, 10.442619, 8.667542, 6.51895, 7.24006, 5.723741, 5.026374, 5.182804, 6.368158, 8.055367, 9.838427, 11.438427, 12.633109, 13.629793, 14.049901, 14.110553, 13.784416, 13.257633, 12.094883, 10.878907, 9.624788, 8.317115, 7.478985, 7.284318, 8.071867, 9.664312, 8.498122, 7.055902, 5.406659, 3.006659, 0.0, 0.0, 0.0]"
544,"[0.0, 0.0, 0.0, 0.0, 1.280625, 2.842675, 4.729471, 6.729471, 8.892802, 9.944558, 10.714889, 11.160473, 11.396541, 11.202982, 10.767968, 9.891609, 8.824139, 7.412692, 5.642921, 3.945554, 3.089532, 2.824621, 3.414214, 5.025291, 7.061359, 9.091948, 10.760281, 12.066361, 12.975578, 13.459804, 10.829215, 10.248944, 9.23745, 7.594189, 5.473895, 5.673895, 3.985834, 3.17146, 3.359338, 4.468139, 6.422205, 8.363145, 9.942581, 11.346003, 12.267791, 12.744315, 12.811694, 12.73783, 12.069497, 11.249985, 10.075418, 9.00874, 7.889365, 7.345387, 7.53431, 8.685969, 10.449163, 9.168538, 7.712516, 5.712516, 3.104835, 0.0, 0.0, 0.0]"
545,"[0.0, 0.0, 0.0, 0.0, 0.8, 2.0, 3.4, 5.0, 6.612452, 7.424903, 7.874145, 8.123388, 8.232188, 8.328538, 8.057727, 7.574675, 6.646543, 5.384956, 3.876155, 2.734514, 2.168324, 2.524247, 3.418674, 4.939139, 6.865168, 8.52791, 9.713618, 10.780297, 11.46815, 11.622472, 9.35973, 8.983785, 8.017687, 6.609368, 4.894702, 5.294702, 3.690749, 2.880984, 2.958017, 3.848353, 5.157154, 6.844083, 8.447695, 9.703043, 10.688332, 11.420843, 11.731422, 11.775705, 11.443324, 10.722478, 9.804321, 8.938184, 8.057833, 7.513855, 7.35544, 7.832285, 8.924065, 7.524065, 6.068043, 4.505993, 2.505993, 0.0, 0.0, 0.0]"
546,"[0.0, 0.0, 0.0, 0.0, 1.077033, 2.533055, 4.241856, 6.139222, 7.983131, 8.945706, 9.499659, 9.800834, 9.703467, 9.47201, 9.044853, 8.251431, 7.135883, 5.783096, 4.370645, 3.158193, 2.766262, 3.136746, 4.301984, 5.98878, 7.869131, 9.764804, 11.190618, 12.406593, 13.348224, 13.758598, 11.038304, 10.62793, 9.643412, 8.095609, 6.536255, 7.257366, 5.60947, 4.486672, 4.372237, 4.853318, 5.921062, 7.347733, 8.959003, 10.234124, 11.062983, 11.835379, 12.337502, 12.413441, 12.25248, 11.697965, 10.749167, 9.602131, 8.410365, 7.742465, 7.699578, 8.367477, 9.731753, 8.5152, 6.902749, 5.05884, 2.778489, 0.0, 0.0, 0.0]"
547,"[0.0, 0.0, 0.0, 0.0, 1.019804, 2.236356, 3.848808, 5.659885, 7.470962, 8.451158, 9.244581, 9.443206, 9.476038, 9.373762, 8.896916, 8.053132, 7.136482, 5.739787, 4.230986, 3.155045, 2.709965, 2.946908, 4.061745, 5.748541, 7.537395, 9.232894, 11.074737, 12.674965, 13.893004, 14.5205, 12.103891, 11.218738, 10.096068, 8.447255, 6.478118, 7.326646, 6.063206, 5.023598, 4.832488, 5.646861, 6.952399, 8.468718, 10.189012, 11.787665, 12.942428, 13.61679, 14.104277, 14.191116, 13.337527, 12.28504, 11.105855, 9.719649, 8.474565, 8.253444, 8.481975, 9.632733, 11.197171, 9.635121, 7.846267, 5.806659, 3.006659, 0.0, 0.0, 0.0]"
548,"[0.0, 0.0, 0.0, 0.0, 0.8, 2.0, 3.4, 5.0, 6.8, 7.8, 8.411077, 8.822154, 8.871396, 8.527418, 7.992329, 7.07568, 5.985713, 4.619313, 3.163291, 2.181223, 1.852481, 2.025798, 3.26611, 5.235882, 7.107105, 9.071241, 10.845147, 12.185557, 13.044212, 13.323251, 10.793429, 10.135071, 8.883959, 7.272084, 5.560089, 6.007303, 4.797328, 4.184876, 4.424346, 5.412036, 7.052884, 8.593824, 10.262157, 11.436724, 12.358513, 12.901041, 12.96842, 12.500087, 11.669497, 10.65136, 9.285682, 8.008733, 6.885766, 6.49998, 6.887528, 8.030936, 9.727993, 8.65096, 7.236746, 5.236746, 2.828427, 0.0, 0.0, 0.0]"
549,"[0.0, 0.0, 0.0, 0.0, 0.848528, 2.129153, 3.409778, 5.130243, 7.017039, 8.227637, 8.916784, 9.425013, 9.413349, 8.982575, 8.337662, 7.584443, 6.395589, 4.886788, 3.430766, 2.299395, 1.715298, 2.380209, 3.88901, 5.858782, 7.992548, 10.043374, 11.731428, 13.075494, 13.884212, 14.075283, 11.392002, 10.325833, 8.715186, 6.956502, 5.148821, 5.781276, 4.719101, 4.296684, 4.889332, 5.933241, 7.536853, 9.186096, 10.696114, 11.683662, 12.439753, 12.709678, 12.568196, 11.92517, 10.937621, 9.414654, 7.908661, 6.376281, 5.338013, 5.067202, 5.69897, 7.228792, 9.340836, 8.492308, 7.150667, 5.441866, 2.912044, 0.0, 0.0, 0.0]"
550,"[0.0, 0.0, 0.0, 0.0, 0.8, 2.016553, 3.430766, 5.043218, 6.854295, 8.06427, 8.847717, 9.433504, 9.621052, 9.409975, 8.8, 8.0, 6.6, 5.0, 3.4, 2.282843, 1.931371, 2.773591, 4.460388, 6.740738, 9.019145, 11.013151, 12.544145, 13.630562, 14.178638, 14.162973, 11.320439, 10.327124, 8.634535, 6.700535, 4.954951, 5.402165, 4.316693, 4.25262, 5.007436, 6.295497, 8.189223, 9.824618, 11.208066, 12.242105, 12.660037, 12.760408, 12.393916, 11.514381, 10.111725, 8.500159, 6.658848, 5.095517, 4.007508, 3.991794, 4.908444, 6.741549, 9.20096, 8.568505, 7.303594, 5.492517, 3.059412, 0.0, 0.0, 0.0]"
551,"[0.0, 0.0, 0.0, 0.0, 1.280625, 2.842675, 4.729471, 6.892802, 9.056133, 10.055859, 10.774159, 11.167714, 11.130412, 10.810991, 10.227696, 9.361559, 7.929736, 6.25092, 4.407012, 3.157169, 2.819988, 3.427482, 4.877635, 7.218575, 9.491656, 11.326667, 12.930056, 14.092101, 14.614726, 14.562764, 11.65072, 10.435218, 8.717447, 6.853882, 5.010171, 6.029975, 5.466691, 5.968959, 7.094988, 8.831616, 10.654347, 12.373722, 13.692091, 14.790965, 15.282582, 15.303612, 14.903612, 13.977403, 12.4613, 10.750074, 8.735038, 6.959659, 5.800624, 5.704275, 6.642985, 8.485181, 11.066437, 9.989404, 8.376953, 6.096602, 3.405877, 0.0, 0.0, 0.0]"
552,"[0.0, 0.0, 0.0, 0.0, 1.131371, 2.545584, 4.389493, 6.389493, 8.515522, 9.646893, 10.495421, 10.777542, 10.757441, 10.47532, 9.774629, 8.643258, 7.365757, 5.833071, 4.436376, 3.698947, 3.98179, 5.143237, 7.104342, 9.485556, 11.720346, 13.561897, 15.044772, 15.934937, 16.404995, 16.257627, 13.001863, 11.789364, 10.103331, 8.021399, 6.003782, 6.898209, 6.07388, 6.471404, 7.654851, 9.368105, 11.500227, 13.269108, 14.514897, 15.413382, 16.158312, 16.178072, 15.63645, 14.797295, 13.287665, 11.391076, 9.364571, 7.505911, 6.369926, 6.193523, 7.078441, 8.970681, 11.498671, 10.218046, 8.605595, 6.264655, 3.352611, 0.0, 0.0, 0.0]"
553,"[0.0, 0.0, 0.0, 0.0, 1.16619, 2.608411, 4.328876, 6.661257, 8.993637, 10.33344, 11.127287, 11.64289, 11.464575, 10.921049, 9.938211, 8.779176, 7.264218, 5.557366, 4.051354, 3.352821, 3.540699, 4.528389, 6.361527, 8.798978, 11.136634, 13.102822, 14.704611, 15.82426, 16.234461, 16.025148, 12.794049, 11.719528, 9.842682, 7.92874, 5.800396, 6.800396, 5.829239, 5.955327, 7.171879, 9.015591, 11.120426, 13.017793, 14.599649, 15.477133, 15.939296, 15.887328, 15.609492, 14.986074, 13.675485, 11.98721, 10.011375, 8.126934, 6.685444, 6.247494, 7.137654, 8.924185, 11.234774, 10.068584, 8.506534, 6.174153, 3.310589, 0.0, 0.0, 0.0]"
554,"[0.0, 0.0, 0.0, 0.0, 1.280625, 2.977681, 4.95758, 7.220322, 9.628641, 10.756335, 11.467597, 11.896017, 11.759305, 11.350986, 10.663132, 9.697034, 8.183142, 6.504326, 4.704326, 3.704972, 3.339784, 4.154158, 5.795005, 8.068869, 10.016091, 11.99847, 13.316218, 14.254706, 14.60927, 14.548618, 11.489206, 10.273734, 8.661399, 6.727399, 4.685403, 5.317859, 4.672972, 4.820808, 5.90628, 7.748914, 9.958992, 11.792802, 13.39303, 14.638034, 15.454618, 15.658393, 15.444071, 14.698402, 13.627565, 12.015114, 10.249429, 8.540784, 7.340728, 6.799113, 7.186662, 8.596762, 10.913841, 9.697289, 8.084837, 6.084837, 3.394113, 0.0, 0.0, 0.0]"
555,"[0.0, 0.0, 0.0, 0.0, 1.2, 2.8, 4.8, 7.0, 9.2, 10.4, 11.208319, 11.444387, 11.283995, 10.927904, 10.177146, 9.033738, 7.622291, 6.029897, 4.385988, 3.369201, 3.369201, 4.333435, 6.049552, 8.290863, 10.500941, 12.209244, 13.676154, 14.624093, 15.294052, 15.142242, 12.169029, 10.893163, 9.343944, 7.398864, 5.308139, 6.156667, 5.342959, 5.304064, 6.225934, 7.966874, 9.904024, 11.711047, 13.418992, 14.641519, 15.525482, 15.792672, 15.597947, 14.974529, 13.827271, 12.391222, 10.603266, 9.04133, 7.714274, 7.271408, 7.636619, 9.235273, 11.668378, 10.387753, 8.667288, 6.513222, 3.649658, 0.0, 0.0, 0.0]"
556,"[0.0, 0.0, 0.0, 0.0, 1.414214, 3.225291, 5.235266, 7.444338, 9.852657, 10.846762, 11.435685, 11.834029, 11.834029, 11.435685, 10.871275, 9.927297, 8.538782, 6.962165, 4.95219, 3.555495, 2.9939, 3.416317, 4.504326, 6.784677, 8.745783, 10.679782, 12.210776, 13.332845, 13.895028, 14.207003, 11.378576, 10.405362, 8.843453, 7.000919, 4.91308, 5.478766, 4.644956, 4.887486, 5.784853, 7.569006, 9.866885, 11.653659, 13.355408, 14.510909, 15.256577, 15.393013, 15.160342, 14.343758, 13.290891, 11.741065, 10.197087, 8.693345, 7.565651, 7.40956, 8.303101, 9.800044, 12.1612, 10.880575, 9.036666, 6.530673, 3.577709, 0.0, 0.0, 0.0]"
557,"[0.0, 0.0, 0.0, 0.0, 1.280625, 3.00109, 5.00109, 7.127119, 9.389861, 10.371978, 11.212762, 11.654073, 11.528044, 11.152099, 10.501809, 9.106749, 7.559865, 6.125551, 4.521597, 3.733767, 3.784129, 4.538944, 6.209327, 8.594817, 10.87503, 13.011089, 14.779448, 16.03623, 16.785499, 16.991253, 13.638642, 12.63765, 10.853601, 8.652552, 6.361766, 7.210294, 6.058596, 5.962247, 6.954767, 8.565552, 10.743573, 12.734426, 14.420459, 15.509872, 16.231893, 16.178558, 15.708471, 14.826596, 13.616173, 11.719584, 9.94637, 8.160692, 7.085724, 6.706464, 7.881031, 9.905934, 12.925884, 11.584243, 9.875443, 7.244853, 4.01995, 0.0, 0.0, 0.0]"
558,"[0.0, 0.0, 0.0, 0.0, 1.077033, 2.726275, 4.623642, 6.777708, 9.194317, 10.533893, 11.217032, 11.652046, 11.661311, 11.244701, 10.390142, 9.338386, 7.854534, 6.138417, 4.421259, 3.659209, 3.578584, 4.730056, 6.682843, 9.4, 12.005877, 14.411429, 16.232423, 17.482081, 18.131738, 18.178396, 14.572845, 13.184955, 11.535298, 9.498092, 7.045557, 8.211747, 7.589719, 7.789719, 8.777267, 10.977267, 13.411077, 15.40526, 17.026254, 18.273331, 18.722988, 18.615838, 17.915414, 16.762752, 14.955283, 13.116702, 10.840405, 9.016195, 8.136717, 8.37746, 9.625794, 12.058899, 14.823024, 13.03417, 10.753819, 7.694407, 4.04475, 0.0, 0.0, 0.0]"
559,"[0.0, 0.0, 0.0, 0.0, 1.0, 2.414214, 4.258122, 6.238021, 8.364051, 9.805362, 10.832459, 11.320931, 11.5771, 11.239925, 10.321769, 9.222099, 7.784145, 5.83092, 4.324908, 3.522864, 3.446134, 4.260507, 6.318605, 8.82144, 11.230825, 13.276503, 15.173253, 16.437864, 16.87709, 16.799462, 13.488873, 12.215703, 10.318952, 8.310602, 6.334767, 7.748981, 7.303396, 7.935535, 9.50466, 11.658726, 13.737363, 15.608225, 17.211902, 18.199817, 18.688933, 18.60196, 17.968401, 16.465096, 14.691503, 12.413509, 10.027435, 7.980368, 7.236114, 7.362143, 8.804363, 11.390111, 14.196375, 12.499319, 10.37329, 7.488849, 3.883298, 0.0, 0.0, 0.0]"
560,"[0.0, 0.0, 0.0, 0.0, 1.264911, 2.720933, 4.564842, 6.60445, 8.813522, 9.757683, 10.501661, 10.657752, 10.62812, 10.230124, 9.670294, 8.686847, 7.486847, 5.924085, 4.713008, 3.888387, 4.013476, 5.00233, 6.971725, 9.344939, 11.751417, 14.015327, 15.770482, 17.090181, 17.660977, 17.534713, 13.929161, 12.473214, 10.52576, 8.262375, 6.234573, 7.634573, 7.195754, 7.560966, 9.066019, 11.220085, 13.237686, 15.193995, 16.776238, 17.678378, 18.096936, 17.904238, 17.127114, 15.998486, 14.121746, 11.92811, 9.703207, 7.951813, 6.744132, 6.776964, 8.184506, 10.482991, 13.335334, 11.935334, 10.091425, 7.227861, 3.929377, 0.0, 0.0, 0.0]"
561,"[0.0, 0.0, 0.0, 0.0, 1.341641, 3.130495, 5.366563, 7.783172, 10.383172, 11.641532, 12.382499, 12.676253, 12.539995, 12.176063, 11.225305, 10.109697, 8.404496, 6.7566, 4.720532, 3.636976, 3.388952, 4.176783, 5.544327, 7.785638, 10.193167, 12.282741, 14.064402, 15.458514, 16.128473, 16.128473, 12.872709, 11.322505, 9.209017, 6.992175, 5.038765, 6.170136, 5.768447, 6.72389, 8.512745, 10.623436, 12.716968, 14.880299, 16.20513, 17.082747, 17.490613, 17.521474, 16.74435, 15.446193, 13.605759, 11.509619, 9.470407, 7.906891, 7.256601, 7.662165, 9.193158, 11.514967, 14.502114, 12.889662, 10.763633, 7.79042, 4.252058, 0.0, 0.0, 0.0]"
562,"[0.0, 0.0, 0.0, 0.0, 1.649242, 3.68885, 5.924918, 8.593251, 11.456815, 12.719617, 13.400303, 13.949913, 13.698189, 13.070693, 12.045445, 10.937603, 9.228958, 7.444804, 5.774422, 4.487625, 3.875174, 4.609218, 6.176762, 8.411077, 10.811077, 13.017321, 14.629692, 15.853141, 16.47659, 16.536001, 13.329757, 11.945917, 10.13492, 7.731275, 5.392974, 6.470006, 6.030399, 6.417947, 7.998143, 10.277033, 12.4, 14.2, 16.020995, 17.241989, 17.694525, 17.553936, 17.0175, 15.476857, 13.499771, 11.647236, 9.607628, 7.875434, 7.383938, 7.880969, 9.385804, 12.249298, 15.435334, 13.646479, 11.305539, 8.200704, 4.317407, 0.0, 0.0, 0.0]"
563,"[0.0, 0.0, 0.0, 0.0, 1.649242, 3.68885, 5.969201, 8.637534, 11.549578, 12.873549, 13.619619, 13.755877, 13.323613, 12.470695, 11.384277, 9.879224, 8.311143, 6.522289, 4.746006, 3.659209, 3.792798, 4.755347, 6.915814, 9.632972, 12.039215, 14.030879, 15.643251, 16.488105, 16.94064, 16.990161, 13.584283, 12.396903, 10.544367, 8.111636, 5.987243, 7.510397, 7.085406, 7.694479, 9.681334, 11.95584, 14.25368, 16.487353, 18.357496, 19.473943, 20.117757, 19.789612, 19.055451, 17.761914, 15.919159, 13.879443, 11.999044, 10.47731, 9.954374, 10.394317, 11.882913, 14.564643, 17.517097, 15.254355, 12.534061, 9.03549, 4.741308, 0.0, 0.0, 0.0]"
564,"[0.0, 0.0, 0.0, 0.0, 1.649242, 3.68885, 5.969201, 8.637534, 11.465961, 12.645146, 13.412672, 13.740002, 13.271669, 12.453217, 11.435867, 10.028733, 8.421052, 6.853508, 5.290746, 4.30429, 4.360312, 5.257679, 6.905574, 9.370405, 11.605195, 13.404937, 14.960106, 16.103204, 16.614608, 16.76144, 13.505676, 12.660822, 11.04845, 8.702035, 6.495791, 7.515595, 6.507914, 6.736445, 8.267093, 10.273752, 12.460192, 14.266069, 15.626461, 16.424658, 16.642902, 16.661561, 16.119248, 14.955316, 13.559414, 11.93451, 10.165629, 8.433436, 7.906169, 7.984255, 9.212682, 11.209195, 14.320465, 12.611664, 10.523603, 7.695176, 4.242641, 0.0, 0.0, 0.0]"
565,"[0.0, 0.0, 0.0, 0.0, 1.649242, 3.88531, 6.318415, 9.125549, 11.932683, 13.090574, 13.654506, 13.829082, 13.629629, 13.031568, 12.035511, 10.649725, 9.242044, 7.266818, 5.690202, 4.679125, 4.877363, 5.913431, 7.911564, 10.107536, 12.730984, 14.724084, 16.293276, 17.462686, 18.234259, 18.210811, 14.60526, 13.4, 11.411077, 9.267099, 6.99847, 8.263381, 7.275832, 7.864755, 9.008733, 10.877363, 13.212452, 15.40526, 16.627414, 17.677071, 18.364889, 18.257739, 17.364523, 16.272191, 14.858602, 12.783235, 10.704599, 9.234776, 8.317405, 8.422277, 9.72187, 12.102389, 14.898093, 13.285641, 10.944701, 8.032657, 4.237924, 0.0, 0.0, 0.0]"
566,"[0.0, 0.0, 0.0, 0.0, 1.523155, 3.312009, 5.47534, 8.083021, 10.86151, 12.222796, 13.154236, 13.399224, 13.199862, 12.547402, 11.50687, 10.228796, 8.669006, 6.7079, 4.864714, 3.65326, 3.427592, 4.422973, 6.449623, 8.887074, 11.300928, 13.394965, 14.861645, 15.612685, 16.117294, 16.123852, 12.813263, 11.472445, 9.770697, 7.960007, 6.172051, 7.303422, 7.122504, 8.105343, 9.554693, 11.514685, 13.881886, 15.940108, 17.483807, 18.30806, 18.621518, 18.51706, 17.781253, 16.277146, 14.715357, 12.96585, 11.184189, 9.883997, 9.308184, 9.960643, 11.334067, 13.56349, 16.313114, 14.343343, 11.564854, 8.402576, 4.560702, 0.0, 0.0, 0.0]"
567,"[0.0, 0.0, 0.0, 0.0, 1.708801, 3.678572, 5.832638, 8.552932, 11.273226, 12.42799, 13.321783, 13.798306, 13.685693, 12.965399, 11.901834, 10.63827, 8.832302, 6.857077, 5.257077, 4.281698, 4.204852, 5.350003, 6.953615, 9.50658, 11.812454, 13.64191, 15.216148, 16.47293, 16.818449, 16.747366, 13.394755, 12.131097, 10.347048, 8.214754, 6.155342, 7.155342, 6.524233, 6.712799, 7.963218, 9.936432, 12.098709, 13.802078, 15.397561, 16.433487, 16.716038, 16.580309, 16.034832, 14.751055, 13.109596, 11.309854, 9.414676, 7.684575, 7.087954, 7.48595, 8.837061, 11.129139, 14.072056, 12.459605, 10.250533, 7.443399, 4.01995, 0.0, 0.0, 0.0]"
568,"[0.0, 0.0, 0.0, 0.0, 1.697056, 3.823085, 6.231404, 8.951698, 11.671993, 12.859377, 13.511837, 13.7868, 13.596328, 13.216974, 12.229899, 10.907432, 9.118578, 7.154441, 5.213501, 4.037245, 3.712594, 4.662075, 6.504709, 8.947243, 11.481897, 13.744639, 15.439091, 16.71859, 17.281933, 17.188446, 13.794334, 12.536324, 10.545562, 8.481326, 6.119048, 7.383959, 6.800664, 7.229637, 8.608291, 11.064055, 13.054908, 15.034807, 16.447139, 17.414662, 17.719797, 17.516901, 16.724386, 15.349356, 13.661538, 11.54286, 9.754903, 8.284676, 7.9102, 8.07353, 9.515751, 11.811738, 14.559255, 12.770401, 10.60707, 7.722629, 4.16173, 0.0, 0.0, 0.0]"
569,"[0.0, 0.0, 0.0, 0.0, 1.697056, 3.959798, 6.368117, 9.058842, 12.058842, 13.246226, 13.847049, 14.03873, 13.948005, 13.102071, 12.061539, 10.462886, 8.939919, 6.905604, 5.576159, 4.809284, 5.431169, 6.686516, 9.120831, 11.794781, 14.38926, 16.349541, 18.140266, 19.263371, 19.887906, 19.821945, 15.974868, 14.63744, 12.846715, 10.420666, 8.603969, 10.415046, 10.037687, 10.731856, 12.333284, 14.037279, 16.305418, 18.116104, 19.308559, 20.214834, 20.921984, 20.648028, 19.834901, 18.82214, 17.0257, 14.8257, 12.864349, 11.020522, 9.814278, 10.005959, 11.237058, 13.378121, 16.124202, 14.124202, 11.524202, 8.293104, 4.308132, 0.0, 0.0, 0.0]"
570,"[0.0, 0.0, 0.0, 0.0, 1.843909, 4.373731, 7.094025, 10.067239, 13.040453, 14.242853, 14.75934, 15.091913, 14.801981, 14.161148, 13.27817, 11.793911, 9.818076, 7.934794, 6.168099, 5.024572, 5.074974, 6.007916, 8.01505, 10.674267, 13.077912, 15.153278, 17.266409, 18.254008, 18.765413, 18.694576, 15.006758, 13.413475, 11.429818, 8.910063, 6.688823, 7.953734, 7.234988, 7.83223, 9.422812, 11.714889, 14.072132, 16.340271, 18.055058, 19.424046, 19.795331, 19.750886, 18.896573, 17.559145, 15.619091, 13.668266, 11.690558, 9.907875, 8.819254, 8.915566, 10.124525, 12.196037, 15.225952, 13.528896, 11.196515, 8.143648, 4.472136, 0.0, 0.0, 0.0]"
571,"[0.0, 0.0, 0.0, 0.0, 1.649242, 3.68885, 6.121955, 8.752544, 11.580971, 12.738863, 13.499255, 13.66615, 13.635561, 12.817109, 11.821052, 10.621052, 9.021052, 6.703895, 5.49392, 4.947754, 5.317525, 6.917525, 9.607896, 12.413448, 14.884845, 17.038179, 18.713691, 20.015989, 20.430388, 20.29963, 16.176525, 14.531602, 12.295699, 10.064603, 7.901272, 9.513724, 8.883134, 9.474116, 10.910164, 12.891392, 15.298891, 17.50365, 19.277604, 20.452701, 21.234012, 21.234012, 20.452701, 19.273061, 17.50365, 15.308866, 13.099993, 11.465399, 10.240496, 9.942287, 10.978621, 12.711553, 15.045805, 13.045805, 10.713424, 7.667115, 4.123106, 0.0, 0.0, 0.0]"
572,"[0.0, 0.0, 0.0, 0.0, 2.0, 4.2, 6.8, 9.806659, 13.012903, 14.019562, 14.878974, 14.947307, 14.414511, 13.488618, 12.190759, 10.58737, 8.938841, 7.064977, 5.505737, 4.996936, 5.140914, 6.52111, 8.52111, 11.0, 13.405551, 15.825502, 17.668142, 19.112892, 20.035998, 19.882982, 15.863031, 14.053496, 12.048354, 9.525248, 7.337624, 8.751837, 7.841887, 7.841887, 8.71575, 10.510251, 12.640047, 14.660901, 16.483935, 17.76773, 18.286027, 18.319727, 17.828585, 16.850385, 15.425107, 14.083466, 12.155, 10.702132, 9.526492, 9.526492, 9.851673, 11.458195, 13.396557, 11.687756, 9.355375, 6.794125, 3.538361, 0.0, 0.0, 0.0]"
573,"[0.0, 0.0, 0.0, 0.0, 1.414214, 3.11127, 5.374012, 8.064736, 10.625986, 11.932067, 12.741003, 12.894871, 12.545086, 12.071897, 11.24897, 10.007888, 8.4159, 6.522174, 4.716955, 3.452044, 3.264166, 4.228399, 6.017254, 8.454705, 10.822249, 12.869316, 14.336226, 15.494271, 16.029741, 16.002954, 12.878855, 11.885832, 10.05377, 7.964196, 5.790982, 6.868015, 6.019487, 6.019487, 7.261615, 9.15234, 11.199407, 13.040958, 14.734672, 15.73223, 16.321749, 16.197649, 15.784419, 15.089905, 13.684028, 12.10084, 10.442481, 9.212398, 8.651149, 8.887217, 9.910454, 11.921425, 14.066632, 12.066632, 9.830564, 7.11027, 3.757659, 0.0, 0.0, 0.0]"
574,"[0.0, 0.0, 0.0, 0.0, 1.708801, 3.796862, 6.137802, 8.667624, 11.335957, 12.295489, 13.233977, 13.500718, 13.370896, 12.902563, 12.23423, 10.820133, 9.232255, 7.432255, 5.632255, 4.353366, 3.740914, 4.28316, 6.015541, 8.499982, 10.831739, 13.062838, 14.91839, 16.130018, 16.544061, 16.596029, 13.36493, 12.03539, 10.200181, 8.067887, 5.85748, 6.85748, 6.034329, 6.222895, 7.473314, 9.178887, 11.341165, 13.428864, 14.829982, 15.669137, 16.324901, 16.189173, 15.467151, 14.601772, 13.385615, 11.838652, 10.254323, 9.065955, 8.602621, 8.799081, 9.72087, 11.684527, 14.047566, 12.077794, 9.841726, 7.211137, 3.80526, 0.0, 0.0, 0.0]"
575,"[0.0, 0.0, 0.0, 0.0, 1.341641, 3.130495, 5.189621, 7.522002, 10.083252, 11.302861, 12.059591, 12.408783, 12.239733, 11.56528, 10.446251, 8.900666, 7.213458, 5.497341, 4.057758, 3.635341, 3.851894, 5.170391, 7.197041, 9.470122, 11.612595, 13.813644, 15.445549, 16.549394, 17.2291, 17.11969, 13.702088, 12.266644, 10.397736, 8.610188, 6.773873, 8.054498, 7.38048, 7.730805, 8.624346, 10.292235, 12.173887, 13.892081, 15.238833, 16.138717, 16.51004, 16.459032, 16.021323, 15.30617, 14.163035, 12.46932, 11.146905, 9.916822, 9.037175, 9.054784, 10.092734, 11.356747, 13.415807, 11.60473, 9.324379, 6.724379, 3.671512, 0.0, 0.0, 0.0]"
576,"[0.0, 0.0, 0.0, 0.0, 1.280625, 3.069479, 5.128605, 7.364673, 9.781282, 11.286335, 11.838421, 12.059646, 12.059646, 11.653012, 10.678411, 9.751685, 8.103789, 6.150564, 4.587802, 3.625254, 3.491665, 4.839108, 6.964584, 9.359905, 11.673654, 13.721693, 15.240365, 16.232046, 16.789512, 16.75773, 13.429066, 12.166563, 10.379015, 8.25964, 6.148948, 7.548948, 6.962123, 7.503737, 8.639721, 10.750413, 12.661002, 14.504609, 15.703154, 16.58503, 16.90707, 16.821384, 16.355083, 15.633061, 14.570645, 12.962018, 11.52597, 10.219886, 9.378151, 9.422434, 10.442089, 11.908999, 14.03561, 12.246756, 9.966405, 7.102841, 3.847077, 0.0, 0.0, 0.0]"
577,"[0.0, 0.0, 0.0, 0.0, 1.788854, 3.952185, 6.635467, 9.413956, 12.36692, 13.53103, 14.414009, 14.451021, 14.340865, 13.623969, 12.514913, 10.924626, 9.098759, 6.996111, 5.360043, 4.410562, 4.566991, 5.835895, 7.87789, 10.330758, 12.661234, 14.448782, 16.04311, 17.112385, 17.665068, 17.671264, 14.271264, 12.793956, 10.905855, 8.742525, 6.853067, 8.053067, 7.421958, 7.53047, 8.42919, 9.807843, 11.712678, 13.556285, 15.111454, 16.193963, 16.480328, 16.382152, 15.689302, 14.836767, 13.622391, 12.228183, 10.677546, 9.008917, 7.932071, 7.620366, 8.481777, 10.052305, 12.543088, 11.019933, 9.122567, 6.648703, 3.622154, 0.0, 0.0, 0.0]"
578,"[0.0, 0.0, 0.0, 0.0, 1.56205, 3.56205, 5.824792, 8.370376, 11.061101, 12.189776, 12.751025, 12.820664, 12.438411, 11.806812, 10.558308, 9.163248, 7.551978, 5.788647, 4.295207, 3.930019, 4.472629, 5.905585, 8.105585, 10.403464, 12.825002, 14.721753, 16.450984, 17.571199, 18.113512, 17.739041, 14.13349, 12.413523, 10.482162, 8.341196, 6.2369, 7.40309, 6.520385, 6.790656, 7.761813, 9.425291, 11.311968, 13.193621, 14.414739, 15.302771, 15.730759, 15.506318, 15.034766, 14.162841, 12.735797, 11.066748, 9.404511, 7.73359, 6.590182, 6.68198, 7.40309, 9.079434, 11.315394, 10.050483, 8.261629, 6.098298, 3.255764, 0.0, 0.0, 0.0]"
579,"[0.0, 0.0, 0.0, 0.0, 1.6, 3.6, 5.809072, 8.209072, 10.809072, 11.816753, 12.424434, 12.623681, 12.459749, 11.899357, 10.940918, 9.41027, 7.634407, 5.598339, 4.005944, 3.356702, 3.560294, 4.986964, 7.119345, 9.556573, 11.956573, 13.907047, 15.39193, 16.603558, 17.017601, 16.722436, 13.491337, 12.101394, 9.999606, 7.701121, 5.61609, 6.832643, 6.387378, 7.004283, 8.510276, 10.354036, 12.368583, 14.077383, 15.623809, 16.470427, 16.905347, 16.73366, 15.984391, 14.852703, 13.588154, 12.187036, 10.569845, 9.343732, 8.519111, 8.640122, 9.342755, 11.106779, 13.27011, 11.620867, 9.411795, 6.811795, 3.605551, 0.0, 0.0, 0.0]"
580,"[0.0, 0.0, 0.0, 0.0, 1.414214, 3.676955, 6.085274, 8.775999, 11.618533, 13.046854, 13.290105, 13.387779, 12.933122, 12.060359, 10.559466, 9.219664, 7.434781, 5.645927, 4.24184, 3.977233, 4.519843, 6.034801, 8.09358, 10.580762, 12.783973, 14.795387, 16.279534, 17.311903, 17.514799, 17.345825, 13.62561, 12.313714, 10.564207, 8.573354, 6.462084, 7.539117, 6.545012, 6.642954, 7.710424, 9.430718, 11.353685, 13.101749, 14.470717, 15.3941, 15.785076, 15.758289, 15.286737, 14.439291, 12.880584, 11.211534, 9.579961, 8.089236, 7.33016, 7.602875, 8.396723, 10.055082, 12.260959, 10.611717, 8.641945, 6.405877, 3.405877, 0.0, 0.0, 0.0]"
581,"[0.0, 0.0, 0.0, 0.0, 1.612452, 3.423529, 5.856634, 8.487223, 11.155556, 12.406668, 13.315885, 13.412603, 13.122953, 12.617951, 11.366839, 9.646544, 7.837833, 5.696893, 3.733562, 2.945731, 3.401753, 4.524552, 6.757657, 9.364791, 11.94017, 13.884148, 15.64579, 16.636134, 17.252448, 16.878998, 13.478998, 12.082519, 10.25907, 8.100532, 6.205354, 7.661376, 7.263381, 7.863381, 9.19847, 11.067099, 13.016954, 14.828031, 16.250185, 17.299843, 17.792693, 17.49165, 16.78154, 15.689208, 14.275619, 12.593846, 11.300088, 10.096845, 9.567023, 9.739274, 10.770731, 12.520553, 14.653626, 12.653626, 10.245307, 7.402773, 3.841875, 0.0, 0.0, 0.0]"
582,"[0.0, 0.0, 0.0, 0.0, 1.523155, 3.420521, 5.700872, 8.174735, 10.843068, 11.950503, 12.660817, 12.788785, 12.514922, 11.646589, 10.616, 9.208319, 7.4, 5.482843, 4.315298, 3.715298, 4.12775, 5.691081, 8.186727, 10.507236, 12.817825, 14.882329, 16.324549, 17.340793, 18.182562, 17.976808, 14.299853, 13.168165, 11.162286, 8.809773, 6.969849, 8.384063, 7.721277, 8.212773, 9.244416, 10.891549, 12.58217, 14.263943, 15.63325, 16.78154, 17.292945, 17.194769, 16.509053, 15.467077, 14.053995, 12.441623, 10.890986, 9.526073, 8.530843, 8.291543, 8.954329, 10.326734, 12.307962, 10.695511, 8.725739, 6.251876, 3.423449, 0.0, 0.0, 0.0]"
583,"[0.0, 0.0, 0.0, 0.0, 1.811077, 3.811077, 6.211077, 8.611077, 11.418211, 12.435561, 12.909424, 12.983288, 12.863638, 11.953871, 10.648599, 9.439647, 7.598239, 5.600731, 4.303364, 3.800013, 4.346179, 5.922796, 8.46838, 11.074624, 13.65482, 15.643743, 17.439668, 18.432235, 19.031251, 19.053405, 15.253405, 13.656727, 12.044805, 9.695567, 7.635463, 9.158618, 8.789907, 9.013939, 10.564577, 12.22743, 14.326429, 16.133898, 17.54787, 18.470587, 19.040417, 18.911113, 18.110346, 16.863269, 15.350501, 13.64383, 12.160955, 10.925723, 10.384849, 10.409551, 11.012214, 12.258003, 14.134744, 12.075618, 9.634307, 6.943582, 3.687818, 0.0, 0.0, 0.0]"
584,"[0.0, 0.0, 0.0, 0.0, 1.843909, 4.079977, 6.513082, 9.341509, 12.348168, 13.510919, 14.274851, 14.648879, 14.228771, 13.45818, 12.491128, 10.905342, 9.118012, 7.342149, 5.553294, 4.513687, 4.91055, 6.099818, 8.274497, 11.033527, 13.633527, 15.627709, 17.423634, 18.636451, 19.251201, 19.273355, 15.468096, 13.871418, 11.851468, 9.874382, 7.814278, 9.155919, 8.591509, 8.827576, 9.416773, 10.881272, 12.795395, 14.687795, 16.188035, 17.172531, 17.456571, 17.331302, 16.278276, 15.04796, 13.866427, 12.453204, 10.736923, 9.864718, 9.256092, 9.352405, 10.145763, 11.842819, 13.425855, 11.528488, 9.196107, 6.505382, 3.394113, 0.0, 0.0, 0.0]"
585,"[0.0, 0.0, 0.0, 0.0, 1.414214, 3.424189, 5.424189, 7.824189, 10.232508, 11.625428, 12.048558, 12.284626, 12.164977, 11.654024, 10.370045, 9.201851, 7.598239, 5.717888, 4.020521, 3.129822, 3.279125, 4.686277, 6.694596, 9.30173, 11.875518, 14.061304, 15.621697, 16.818929, 17.633949, 17.454255, 13.854255, 12.454255, 10.65978, 8.379267, 6.914768, 8.437922, 8.27753, 8.874772, 10.539791, 12.202644, 14.301643, 16.109112, 17.437102, 18.225175, 18.417874, 17.957998, 17.084134, 15.764435, 14.057763, 12.650137, 11.287859, 10.158555, 9.801071, 10.154321, 10.98688, 12.580993, 14.696882, 12.637756, 10.196445, 7.353911, 3.959798, 0.0, 0.0, 0.0]"
586,"[0.0, 0.0, 0.0, 0.0, 1.442221, 3.139277, 5.265306, 7.528048, 9.936367, 11.101827, 12.012452, 12.392415, 12.470614, 11.771095, 10.812657, 9.469887, 7.59635, 5.538252, 4.276665, 3.52185, 3.780094, 5.11741, 7.442248, 10.047902, 12.315752, 14.353496, 16.071543, 17.002223, 17.487717, 17.581203, 14.020304, 12.612837, 10.863331, 8.739183, 6.939441, 8.551892, 8.397571, 9.216397, 10.686625, 12.63648, 14.56239, 16.257355, 17.326629, 17.98055, 17.98055, 17.604466, 16.667912, 15.711251, 14.298919, 12.736951, 11.097828, 9.825838, 8.916621, 9.223697, 10.100082, 11.808027, 13.87253, 12.061453, 9.628348, 6.908054, 3.676955, 0.0, 0.0, 0.0]"
587,"[0.0, 0.0, 0.0, 0.0, 1.442221, 3.422119, 5.548149, 7.956468, 10.676762, 11.842222, 12.470004, 12.849968, 12.41142, 11.588493, 10.436834, 9.094064, 7.309181, 5.786623, 4.33647, 3.880449, 4.459446, 6.018687, 8.414007, 11.078064, 13.616425, 15.460334, 16.867801, 17.867141, 18.31677, 17.940687, 14.252869, 12.845402, 10.847436, 8.742559, 6.780282, 8.236304, 7.955953, 8.392395, 9.778907, 11.578907, 13.528762, 14.934639, 15.982952, 16.638989, 17.038989, 16.763607, 16.041011, 15.053288, 13.343571, 11.556023, 9.556898, 8.329639, 7.60115, 8.021368, 9.039506, 10.820179, 12.857007, 11.244555, 9.035483, 6.404894, 3.49285, 0.0, 0.0, 0.0]"
588,"[0.0, 0.0, 0.0, 0.0, 1.811077, 4.020149, 6.428468, 9.235602, 12.035602, 13.224525, 13.822586, 14.242695, 13.868666, 13.304734, 12.148643, 10.755723, 8.927295, 7.126646, 5.523034, 4.879125, 5.275988, 6.48506, 8.659739, 11.233527, 13.633527, 15.627709, 17.223897, 18.237758, 18.852508, 18.477411, 14.672152, 13.275211, 11.254217, 8.889244, 7.078554, 8.343466, 7.779055, 8.188128, 9.539239, 11.131685, 13.091677, 14.897426, 16.338011, 16.883488, 17.107928, 16.929334, 15.879677, 14.646628, 13.191384, 11.771362, 10.125053, 8.981075, 8.284931, 8.367463, 9.247111, 10.971211, 13.235404, 11.514939, 9.53504, 6.844315, 3.720215, 0.0, 0.0, 0.0]"
589,"[0.0, 0.0, 0.0, 0.0, 1.56205, 3.282515, 5.445846, 7.778227, 10.284219, 11.405451, 12.284986, 12.402006, 12.305693, 11.610777, 10.341709, 8.761513, 6.928376, 4.892308, 3.528445, 3.280421, 3.822668, 5.655805, 8.14653, 10.67253, 13.067238, 15.066087, 16.391287, 17.306114, 17.831471, 17.599236, 14.038337, 12.765167, 10.856672, 8.623011, 6.694348, 8.15037, 7.877115, 8.62137, 10.134948, 12.063611, 14.279101, 16.244898, 17.666228, 18.305341, 18.329288, 18.010387, 17.044877, 15.656098, 14.474565, 13.18108, 11.672378, 10.672092, 10.28629, 10.483327, 11.45075, 13.228996, 15.174866, 13.086805, 10.6537, 7.627151, 4.004997, 0.0, 0.0, 0.0]"
590,"[0.0, 0.0, 0.0, 0.0, 1.811077, 4.011077, 6.411077, 9.218211, 12.22487, 13.440342, 14.068769, 14.142633, 13.61585, 12.697252, 11.568069, 10.004553, 8.550494, 6.717356, 5.261751, 4.564384, 5.11055, 6.299818, 8.652605, 11.220149, 13.625701, 15.635618, 17.446496, 18.493573, 18.94323, 18.562582, 14.741588, 13.129956, 11.28288, 9.047436, 6.988723, 8.330364, 7.765954, 8.002022, 9.416235, 11.276594, 13.190717, 15.083117, 16.26465, 16.853825, 17.137865, 16.92841, 15.875383, 14.790162, 13.269927, 11.770415, 10.13832, 8.91106, 8.299144, 8.682128, 9.699479, 11.541029, 13.772825, 12.05236, 9.772009, 6.943582, 3.687818, 0.0, 0.0, 0.0]"
591,"[0.0, 0.0, 0.0, 0.0, 1.720465, 4.052846, 6.558839, 9.337327, 12.200892, 13.711525, 14.164822, 14.327162, 14.217006, 13.58951, 12.368386, 10.996922, 9.348393, 7.127274, 5.33842, 4.176973, 4.459816, 5.566041, 7.680077, 10.344133, 13.033966, 14.875271, 16.749242, 17.908207, 18.517153, 18.031659, 14.493298, 12.619327, 10.596168, 8.140864, 6.087997, 7.254187, 6.825214, 7.254187, 8.550526, 10.523739, 12.613313, 14.310369, 15.590217, 16.284732, 16.435618, 16.064295, 15.277863, 13.871986, 12.313278, 10.530819, 8.862931, 7.669463, 7.556259, 8.365196, 10.076423, 12.465421, 15.100899, 13.214103, 10.70811, 7.655243, 4.049691, 0.0, 0.0, 0.0]"
592,"[0.0, 0.0, 0.0, 0.0, 1.811077, 3.811077, 6.411077, 9.011077, 12.017736, 13.266071, 14.325483, 14.445777, 14.375599, 13.523006, 12.36096, 10.715762, 8.795468, 6.898102, 5.744036, 5.260883, 5.856644, 8.116056, 10.739365, 13.81858, 16.580489, 18.997703, 20.877927, 22.191626, 22.350335, 22.036854, 17.609665, 15.390324, 13.294723, 11.066774, 9.292194, 11.455525, 11.280815, 11.931051, 13.762951, 15.644776, 17.867788, 19.708546, 21.025167, 21.624013, 21.427719, 20.814969, 19.927197, 18.439441, 16.440032, 15.212024, 13.770812, 12.802063, 12.517431, 13.681671, 15.336087, 17.803706, 20.473884, 17.805551, 14.2, 10.0, 5.2, 0.0, 0.0, 0.0]"
593,"[0.0, 0.0, 0.0, 0.0, 2.163331, 4.669324, 7.799819, 11.110408, 14.715959, 16.15818, 17.145037, 17.073953, 16.822776, 16.024358, 14.827126, 13.145353, 11.609096, 9.681055, 8.090474, 7.082155, 7.551429, 9.034933, 11.356098, 14.184295, 17.188838, 19.512833, 21.11052, 22.26233, 22.81758, 22.418034, 17.813688, 16.209343, 14.013316, 11.754256, 9.593168, 11.756499, 11.286321, 11.924311, 13.188922, 15.329985, 17.404578, 19.261099, 20.605689, 21.494579, 21.671338, 20.994312, 19.863734, 18.315368, 16.101278, 13.909319, 12.159498, 11.103734, 11.124764, 11.949248, 13.964448, 16.391295, 19.130931, 16.267366, 13.162531, 9.17756, 4.939636, 0.0, 0.0, 0.0]"
594,"[0.0, 0.0, 0.0, 0.0, 1.612452, 4.118444, 6.624437, 9.307719, 12.354028, 13.846411, 14.445254, 14.998672, 15.122525, 14.484534, 13.588772, 11.89815, 10.180379, 8.221774, 7.013455, 6.61546, 7.675109, 9.39288, 12.037202, 14.916418, 17.546061, 19.711163, 21.256097, 22.367593, 22.692921, 22.2522, 17.613235, 16.015548, 13.885066, 11.643853, 9.623752, 12.129745, 12.03513, 12.666101, 14.386068, 16.582292, 18.693658, 20.535559, 21.995809, 22.677597, 22.892374, 21.99523, 20.802183, 19.367594, 17.48579, 15.435831, 14.123934, 12.971355, 12.704424, 13.626693, 15.335445, 17.681071, 20.212388, 17.348824, 13.743273, 9.693581, 4.939636, 0.0, 0.0, 0.0]"
595,"[0.0, 0.0, 0.0, 0.0, 1.843909, 3.883517, 6.514106, 9.42615, 12.399364, 13.601764, 14.787059, 15.209338, 15.181735, 14.540902, 13.657923, 11.99507, 10.019235, 7.934794, 6.168099, 5.024572, 5.273599, 6.604885, 8.612019, 11.271237, 13.939251, 15.864482, 17.192471, 18.180071, 18.499177, 17.857668, 14.12136, 12.539117, 10.555461, 8.228005, 6.46232, 8.251175, 8.136717, 8.758745, 10.370619, 12.442605, 14.19776, 15.763703, 17.088257, 17.837539, 17.709831, 17.218689, 16.174388, 14.475855, 12.687001, 10.67865, 9.238234, 8.465839, 8.669455, 9.426185, 11.747993, 13.956536, 16.693165, 14.430424, 11.884839, 8.346478, 4.525483, 0.0, 0.0, 0.0]"
596,"[0.0, 0.0, 0.0, 0.0, 1.649242, 3.619014, 5.77308, 8.37308, 11.056361, 12.29156, 13.012513, 13.404032, 13.212351, 12.529069, 11.206678, 9.647324, 7.667425, 5.459106, 4.283727, 3.93823, 4.617936, 6.68284, 9.707743, 12.427131, 14.946887, 16.930543, 18.239497, 18.954137, 19.167787, 18.477788, 14.683054, 13.273333, 11.144867, 8.99966, 7.395571, 9.282367, 8.988613, 9.963214, 11.397072, 13.53256, 15.49284, 17.201389, 18.360328, 19.314019, 19.424128, 18.701151, 17.584961, 16.201594, 14.364925, 12.465962, 10.954314, 9.936963, 9.611782, 10.131733, 11.505156, 13.666297, 16.181881, 13.945813, 11.262532, 8.100254, 4.326662, 0.0, 0.0, 0.0]"
597,"[0.0, 0.0, 0.0, 0.0, 1.697056, 3.959798, 6.505382, 9.196107, 12.196107, 13.661329, 14.451454, 14.769434, 14.761991, 13.998059, 12.805553, 11.194906, 9.225769, 6.989701, 5.578254, 4.889107, 5.143943, 6.657835, 9.210621, 11.666244, 13.92398, 15.903879, 17.618666, 18.588553, 19.150183, 18.892066, 15.215111, 13.500324, 11.092487, 8.515524, 6.43528, 7.8775, 7.166238, 8.012507, 9.438321, 11.066748, 13.162888, 15.307707, 16.179632, 16.987478, 17.211918, 16.537121, 15.295247, 14.074129, 12.462354, 10.8237, 9.225047, 8.225047, 8.00983, 8.652856, 10.40092, 12.74156, 15.317683, 13.473774, 10.943952, 7.781674, 4.176123, 0.0, 0.0, 0.0]"
598,"[0.0, 0.0, 0.0, 0.0, 1.979899, 4.525483, 7.636753, 10.892517, 14.453416, 16.193732, 17.146719, 17.165944, 16.956489, 15.925413, 14.546138, 12.660018, 10.971743, 8.925434, 7.612165, 6.794379, 7.345258, 8.681527, 11.180098, 13.810622, 16.67381, 18.896822, 20.356257, 21.475044, 21.80409, 21.402719, 17.016377, 15.690497, 13.04291, 10.710696, 8.248879, 10.52923, 10.017186, 10.847414, 12.403505, 14.680351, 16.4, 18.404543, 19.649293, 20.328508, 20.411806, 19.904656, 18.604948, 17.09002, 15.291155, 13.607858, 11.926085, 10.791022, 10.54155, 11.103734, 12.591551, 15.023115, 18.152363, 15.872012, 13.029478, 9.34166, 5.09902, 0.0, 0.0, 0.0]"
599,"[0.0, 0.0, 0.0, 0.0, 2.209072, 5.016206, 8.216206, 11.616206, 15.022083, 16.265546, 16.910948, 17.009432, 16.521476, 15.835893, 14.663709, 13.02225, 10.923766, 9.011722, 7.633069, 7.061519, 7.530792, 9.242836, 11.735686, 14.379017, 17.352096, 19.753625, 21.595527, 22.843985, 23.428477, 22.593674, 17.911794, 16.204158, 14.131183, 11.761719, 9.725719, 11.88905, 11.563035, 12.005972, 13.482927, 15.492845, 17.581572, 19.265821, 20.758897, 21.472842, 21.856606, 21.362207, 20.535372, 18.977336, 17.092429, 15.051, 13.293342, 12.056573, 11.873828, 12.623599, 14.265528, 16.670071, 19.133296, 16.269732, 13.013967, 9.208708, 4.804165, 0.0, 0.0, 0.0]"
600,"[0.0, 0.0, 0.0, 0.0, 1.811077, 4.219396, 7.02653, 10.085941, 13.190776, 14.484534, 15.307314, 15.54649, 15.17036, 14.571517, 13.630013, 11.841135, 9.619447, 7.536165, 5.854794, 4.908015, 5.276872, 6.86057, 9.319981, 12.342437, 15.110856, 17.475902, 19.305507, 20.632438, 20.835052, 20.160669, 15.984547, 14.276445, 12.099175, 9.86056, 8.162423, 10.142322, 10.220181, 11.011109, 12.76093, 14.868694, 16.730669, 18.527531, 19.770172, 20.31293, 20.43459, 20.153614, 18.749071, 17.348964, 15.525658, 13.847114, 12.566567, 11.974885, 11.932351, 13.057878, 14.939297, 17.327993, 19.98327, 17.18327, 13.777392, 9.732643, 5.063596, 0.0, 0.0, 0.0]"
601,"[0.0, 0.0, 0.0, 0.0, 2.34094, 5.024222, 8.070531, 11.38112, 14.879691, 16.037322, 17.074256, 17.588845, 17.389526, 16.436539, 14.917867, 13.041561, 10.480662, 8.194013, 6.648429, 6.110751, 6.236613, 8.015102, 10.320976, 13.168053, 15.775524, 17.967483, 19.593537, 20.867585, 21.124165, 20.762291, 16.600561, 15.038552, 12.60378, 9.914337, 7.640733, 9.253184, 8.691001, 9.563764, 11.405314, 13.678918, 15.908341, 17.789721, 18.996878, 19.588191, 19.577328, 19.046043, 17.930622, 16.564212, 14.880466, 12.900567, 11.202429, 10.053487, 9.770205, 10.606874, 12.715078, 15.507169, 18.214148, 15.814148, 12.814148, 9.008889, 4.604346, 0.0, 0.0, 0.0]"
602,"[0.0, 0.0, 0.0, 0.0, 2.163331, 4.771012, 7.901507, 11.212096, 14.889051, 16.402676, 17.400546, 17.762901, 17.364356, 16.550965, 15.083081, 13.374897, 11.223688, 9.311644, 7.64808, 6.962162, 7.405735, 9.110404, 11.341503, 14.126474, 16.779442, 18.999204, 20.706841, 22.144789, 22.600538, 22.271492, 17.71079, 15.820409, 13.492302, 10.89549, 8.660865, 10.558231, 10.102986, 10.562046, 12.118137, 14.305686, 16.413316, 18.445718, 19.724933, 20.501056, 20.686028, 20.286582, 18.950696, 17.401303, 15.505531, 13.320559, 11.526085, 10.391022, 10.14155, 10.972469, 12.566582, 14.859162, 17.423704, 15.143353, 12.032083, 8.637971, 4.534314, 0.0, 0.0, 0.0]"
603,"[0.0, 0.0, 0.0, 0.0, 1.843909, 3.997975, 6.597975, 9.383652, 12.247217, 13.266872, 14.165674, 14.450115, 14.225687, 13.525453, 12.223939, 10.451696, 8.391876, 6.27784, 4.939131, 4.593633, 5.322983, 7.106043, 9.685379, 12.353608, 15.066432, 17.041428, 18.60987, 19.706426, 19.971235, 19.45946, 15.474489, 13.452432, 11.140403, 8.599297, 6.46232, 8.02437, 7.840076, 8.558821, 10.062563, 12.134549, 14.17805, 15.81383, 16.861716, 17.812934, 17.622601, 17.01705, 15.972748, 14.55837, 12.675713, 10.778346, 8.978346, 7.859317, 7.258036, 7.731923, 9.157737, 11.563288, 14.121068, 12.559018, 10.296276, 7.605551, 4.0, 0.0, 0.0, 0.0]"
604,"[0.0, 0.0, 0.0, 0.0, 2.0, 4.56125, 7.445691, 10.498558, 13.898558, 15.298558, 15.968407, 16.246244, 15.861709, 14.935573, 13.623634, 11.734176, 9.738089, 8.08956, 6.832249, 6.832249, 7.964471, 9.960559, 12.870131, 15.776685, 18.129344, 20.492835, 22.366429, 23.241217, 23.522655, 23.081934, 18.244579, 16.215367, 13.885066, 11.716591, 9.979332, 12.662614, 12.441632, 13.57332, 15.322224, 17.367614, 19.517551, 21.565092, 22.624302, 23.410074, 23.706288, 22.842957, 21.851613, 20.467095, 18.749218, 17.008437, 15.706883, 14.871668, 14.997301, 15.79151, 17.051052, 19.330446, 21.465771, 18.059893, 14.212816, 10.089711, 5.141984, 0.0, 0.0, 0.0]"
605,"[0.0, 0.0, 0.0, 0.0, 2.088061, 4.561925, 7.817689, 11.1703, 14.847255, 16.252044, 17.355889, 17.541055, 17.312544, 16.196838, 14.830018, 12.972774, 10.698034, 8.173934, 6.461213, 6.055649, 6.571252, 8.535556, 11.513265, 14.609354, 17.050619, 19.219094, 20.757646, 21.705421, 22.286287, 21.812375, 17.407832, 15.567212, 13.483039, 11.045617, 9.3578, 11.831663, 11.97645, 13.027988, 14.697586, 16.747277, 18.700603, 20.535715, 21.750306, 22.631613, 23.220887, 22.598957, 21.196509, 19.695312, 17.91991, 15.880945, 14.516997, 13.939546, 14.174233, 15.255285, 17.49264, 20.436493, 23.165044, 19.724114, 15.779497, 10.942142, 5.556978, 0.0, 0.0, 0.0]"
606,"[0.0, 0.0, 0.0, 0.0, 2.408319, 5.414978, 8.820855, 12.226733, 16.026733, 17.418414, 18.217014, 18.217014, 17.870548, 16.738881, 15.412745, 13.219937, 11.014059, 8.974452, 7.325923, 6.464511, 7.252059, 9.052059, 11.438133, 14.223588, 16.655886, 18.768092, 20.715819, 21.991822, 22.494694, 22.434916, 17.92271, 15.760661, 13.4871, 11.178968, 8.902797, 10.902797, 10.678369, 11.154491, 12.434735, 14.567809, 16.847996, 18.529387, 20.17926, 21.179203, 21.499059, 20.824423, 20.187333, 18.537461, 17.085701, 15.48522, 14.479669, 13.542451, 13.65801, 14.629583, 16.468333, 18.868333, 21.603702, 18.603702, 14.803702, 10.403702, 5.403702, 0.0, 0.0, 0.0]"
607,"[0.0, 0.0, 0.0, 0.0, 2.473863, 5.337428, 8.593192, 12.045727, 15.892804, 16.824818, 17.361254, 17.505489, 17.259198, 16.219255, 14.823353, 13.023353, 11.037566, 8.997513, 7.604593, 7.604593, 8.404593, 10.196623, 12.43631, 15.226856, 17.924321, 20.231762, 22.025518, 23.489959, 23.779641, 23.195306, 18.487865, 16.461079, 14.064624, 11.970183, 9.935138, 12.171206, 11.759242, 12.679492, 13.673604, 15.837601, 18.006076, 19.84937, 21.175427, 22.275755, 22.317879, 21.670995, 20.84416, 19.701699, 17.985747, 15.954307, 14.757898, 13.780189, 13.555091, 14.623679, 16.603578, 18.879683, 21.514184, 18.161573, 14.314496, 10.071856, 5.234501, 0.0, 0.0, 0.0]"
608,"[0.0, 0.0, 0.0, 0.0, 2.009975, 4.617656, 7.617656, 10.617656, 14.023533, 15.419436, 16.26429, 16.426568, 16.212245, 15.406368, 13.709291, 11.473309, 9.311031, 7.373881, 5.990434, 6.291608, 7.682737, 10.135272, 13.133821, 16.040374, 18.5911, 20.665299, 22.045982, 22.863667, 23.212698, 22.596612, 17.914732, 15.945078, 13.75418, 11.682044, 10.211291, 12.811291, 12.832168, 13.638548, 15.080423, 17.101, 19.271745, 21.158048, 22.88979, 23.881133, 23.694824, 23.232212, 22.446439, 20.665553, 18.695899, 17.272208, 16.088176, 15.156071, 15.682631, 16.804039, 18.4803, 20.605962, 23.185145, 19.427487, 15.442515, 10.881813, 5.632051, 0.0, 0.0, 0.0]"
609,"[0.0, 0.0, 0.0, 0.0, 1.886796, 4.122864, 6.730545, 9.86104, 12.991536, 14.077953, 14.753929, 14.974675, 14.474769, 13.553346, 12.580133, 11.068089, 9.064283, 6.716536, 5.073149, 4.20452, 4.524985, 5.963106, 8.653477, 11.493669, 14.13589, 16.189018, 17.683935, 18.46838, 18.555352, 17.912255, 14.138663, 12.2678, 9.924355, 7.508538, 5.778043, 7.427285, 7.694555, 9.066019, 10.94195, 12.672446, 14.516053, 16.038943, 17.182641, 17.773686, 18.136041, 17.471618, 16.514957, 14.92652, 13.171365, 11.398981, 10.45735, 10.077996, 10.565483, 12.200077, 14.499562, 17.017309, 19.680367, 16.85194, 13.428492, 9.408542, 5.003998, 0.0, 0.0, 0.0]"
610,"[0.0, 0.0, 0.0, 0.0, 2.009975, 4.246043, 7.158087, 10.131301, 13.261796, 14.382316, 15.199116, 15.007366, 14.475463, 13.470997, 12.060967, 10.288724, 8.393051, 6.398954, 5.349958, 5.241944, 6.170391, 8.174197, 11.025468, 13.492444, 15.929684, 18.028744, 19.672453, 20.318585, 20.719192, 19.894404, 15.586272, 13.530745, 11.625737, 9.28112, 7.512239, 9.232704, 8.942124, 9.463766, 10.916633, 12.901542, 14.741975, 16.436941, 17.696686, 18.464813, 18.42976, 17.842075, 16.849507, 15.589762, 13.655564, 12.038541, 10.677779, 9.859327, 9.928667, 10.953914, 12.517671, 15.028325, 17.326482, 14.695892, 11.783848, 8.431237, 4.308132, 0.0, 0.0, 0.0]"
611,"[0.0, 0.0, 0.0, 0.0, 2.280351, 5.192395, 8.251807, 11.704342, 15.110219, 16.635128, 17.123084, 17.063672, 16.418271, 15.420712, 13.42653, 11.42653, 9.251151, 7.292545, 6.084226, 6.084226, 7.15809, 9.438303, 12.042311, 14.88706, 17.480526, 19.411206, 20.906371, 21.858379, 21.813629, 21.214346, 16.809803, 14.609803, 12.414332, 10.026783, 7.91858, 9.888352, 9.962215, 10.616707, 12.063667, 14.213688, 16.127214, 17.732566, 18.853973, 19.844253, 19.674132, 19.021933, 17.989027, 16.533877, 14.693258, 12.816302, 11.48257, 10.599592, 10.677451, 11.724142, 13.318255, 15.524545, 17.895528, 15.287847, 12.032083, 8.637971, 4.534314, 0.0, 0.0, 0.0]"
612,"[0.0, 0.0, 0.0, 0.0, 1.897367, 4.177717, 7.041282, 9.953326, 13.184424, 14.417553, 15.267697, 15.182622, 14.878259, 13.927511, 12.640925, 10.95265, 8.998782, 7.023557, 5.743206, 5.422452, 6.260582, 7.965783, 10.564426, 12.875016, 15.198938, 16.968278, 18.280331, 18.891106, 19.141416, 18.550103, 14.500412, 12.821868, 10.87736, 9.116461, 7.383852, 9.353624, 9.797974, 10.900607, 12.429271, 14.404687, 16.484607, 18.081685, 19.131376, 19.852404, 19.959385, 19.014528, 17.721813, 16.201944, 14.122024, 12.679803, 11.554867, 11.148816, 11.665303, 13.301083, 15.313875, 17.951334, 20.253668, 17.207359, 13.601807, 9.425685, 4.808326, 0.0, 0.0, 0.0]"
613,"[0.0, 0.0, 0.0, 0.0, 1.788854, 3.952185, 6.458178, 9.504487, 12.922089, 14.045278, 14.745512, 15.046653, 14.608024, 13.399495, 12.087451, 10.440439, 8.265761, 6.290536, 4.906085, 5.014885, 5.768104, 7.999213, 10.784359, 13.452588, 15.627085, 17.899954, 19.27903, 20.066188, 20.378598, 19.701544, 15.458903, 13.425335, 11.117942, 9.312683, 7.895293, 10.236233, 10.695494, 12.053891, 13.546741, 15.641184, 17.66831, 19.494418, 20.443414, 20.797641, 20.585855, 19.889301, 18.619763, 17.278568, 15.711842, 14.249402, 13.17789, 12.62132, 13.05624, 14.381441, 16.295474, 18.264938, 20.350551, 17.052066, 13.446515, 9.32341, 4.753946, 0.0, 0.0, 0.0]"
614,"[0.0, 0.0, 0.0, 0.0, 2.154066, 4.495006, 7.280684, 10.411179, 13.541674, 14.612511, 15.324439, 15.259055, 14.68981, 13.822056, 12.577052, 10.804809, 8.909136, 7.147887, 5.45083, 4.926953, 5.800394, 7.392383, 9.37806, 12.305225, 14.426911, 16.046438, 17.513126, 18.288347, 18.236428, 17.631933, 13.85834, 12.101072, 10.152625, 8.111694, 6.552694, 8.165146, 8.019016, 8.669306, 10.097733, 11.794789, 13.743236, 15.324236, 16.502425, 17.114928, 17.228561, 16.620627, 15.476337, 14.271475, 12.55101, 11.046572, 9.74285, 9.336215, 9.300147, 10.386816, 11.872595, 14.028612, 16.436782, 14.236782, 11.429648, 8.223404, 4.418144, 0.0, 0.0, 0.0]"
615,"[0.0, 0.0, 0.0, 0.0, 1.843909, 4.12426, 6.814985, 9.814985, 12.977262, 14.086318, 14.758932, 14.931771, 14.461593, 13.387377, 12.331779, 10.901969, 9.038405, 7.141038, 6.052977, 5.286981, 5.607735, 7.15332, 9.644964, 12.183325, 14.893829, 16.823512, 18.051521, 18.598933, 18.559143, 17.670233, 13.89664, 12.286378, 10.311923, 8.336506, 6.783542, 8.680908, 8.849958, 10.016466, 11.803901, 13.71449, 15.679765, 17.142117, 18.357769, 18.734997, 18.680172, 17.876942, 16.750542, 15.14519, 13.427144, 12.015288, 10.799786, 10.463833, 10.710264, 11.845328, 13.796152, 16.320309, 18.355994, 15.6357, 12.530865, 8.736132, 4.368066, 0.0, 0.0, 0.0]"
616,"[0.0, 0.0, 0.0, 0.0, 1.8, 4.0, 6.607681, 9.414815, 12.278379, 13.390423, 14.102467, 14.35835, 13.892156, 12.998364, 11.875174, 10.179683, 8.116118, 6.407634, 5.654415, 5.676638, 6.669157, 8.732721, 11.39875, 14.065496, 16.23939, 18.153424, 19.859323, 20.765598, 20.729377, 20.322114, 16.199009, 14.349839, 12.354152, 10.318152, 8.710215, 10.873546, 10.995786, 11.897983, 13.763862, 15.917196, 18.034052, 19.471705, 20.410126, 20.782862, 20.506833, 19.804355, 18.749071, 17.752248, 16.110875, 14.672117, 13.600401, 13.095792, 12.954969, 13.999185, 15.437943, 17.372671, 19.489731, 16.577687, 13.125152, 9.278075, 4.837355, 0.0, 0.0, 0.0]"
617,"[0.0, 0.0, 0.0, 0.0, 1.969772, 4.475764, 7.339329, 10.392196, 13.554474, 14.990579, 15.595856, 15.574826, 15.067543, 14.313585, 12.604764, 10.935714, 8.917801, 7.196838, 5.788519, 5.788519, 6.754617, 9.041266, 11.8936, 14.853398, 17.4084, 19.404625, 20.573542, 21.176773, 21.266667, 20.68612, 16.281577, 14.721684, 12.849816, 10.769897, 8.909462, 11.118534, 11.066573, 11.570298, 12.899011, 14.580783, 16.614352, 18.18866, 19.481375, 20.38765, 20.6948, 19.852159, 18.809518, 17.411893, 15.814815, 14.295166, 12.864937, 12.073256, 12.108656, 12.663253, 14.2662, 16.576615, 18.448483, 15.605949, 12.443671, 8.560374, 4.280187, 0.0, 0.0, 0.0]"
618,"[0.0, 0.0, 0.0, 0.0, 2.209072, 4.877405, 7.740969, 10.947213, 14.35309, 15.544018, 16.281563, 16.624242, 16.281563, 15.544018, 14.35309, 12.559665, 10.553421, 8.322312, 6.4786, 5.869528, 6.457077, 8.057077, 10.624621, 13.2, 15.40526, 17.4479, 18.923412, 19.998924, 20.482221, 19.975446, 15.732805, 14.064975, 11.589463, 9.318617, 7.462353, 9.462353, 8.824444, 9.888008, 11.321866, 13.208308, 15.091606, 17.005132, 17.702467, 18.217056, 18.29427, 17.522242, 16.481479, 15.328899, 13.931331, 12.495225, 11.281322, 10.64786, 10.847222, 11.547456, 13.030219, 15.375493, 17.607142, 14.999461, 12.135897, 8.683361, 4.440721, 0.0, 0.0, 0.0]"
619,"[0.0, 0.0, 0.0, 0.0, 1.843909, 4.12426, 6.814985, 9.814985, 12.977262, 14.086318, 14.669531, 14.699101, 14.228923, 13.540508, 12.48491, 11.03556, 9.139887, 7.24252, 5.593278, 4.827282, 5.256978, 6.977941, 9.173912, 11.887652, 14.598156, 16.359799, 17.587807, 18.430891, 18.391101, 17.502191, 13.89664, 12.286378, 10.311923, 8.154992, 6.602028, 8.499394, 8.668444, 9.65467, 11.265994, 13.097092, 14.617327, 16.07968, 17.084216, 17.819069, 17.843734, 17.432792, 16.306392, 15.092437, 13.374391, 11.962536, 10.799786, 10.294783, 10.504202, 11.765529, 13.339222, 15.290046, 17.364639, 14.681358, 11.450259, 8.032657, 4.237924, 0.0, 0.0, 0.0]"
620,"[0.0, 0.0, 0.0, 0.0, 1.969772, 4.653053, 7.373347, 10.478182, 13.733946, 15.019939, 15.343317, 15.629682, 15.124847, 14.269083, 13.013319, 11.406659, 9.224621, 7.473149, 6.273149, 6.084226, 6.772288, 8.615999, 11.065956, 13.515613, 15.947177, 18.063875, 19.600301, 20.501817, 20.852159, 20.209518, 16.004759, 14.208319, 11.819396, 9.431847, 7.274068, 9.171435, 8.851177, 9.708433, 11.155393, 12.968937, 14.759388, 16.359144, 17.108413, 17.541851, 17.596676, 16.861823, 15.857287, 14.772066, 13.176583, 11.677071, 10.524106, 9.928886, 9.750571, 10.631693, 11.773581, 13.579132, 15.491071, 13.337005, 10.558516, 7.605551, 4.0, 0.0, 0.0, 0.0]"
621,"[0.0, 0.0, 0.0, 0.0, 1.969772, 4.475764, 7.522074, 10.820558, 14.119043, 15.642121, 16.342372, 16.502307, 16.003822, 15.305338, 14.012488, 12.418695, 10.429004, 8.629004, 7.245557, 6.845557, 7.442177, 9.032758, 11.438636, 14.426842, 17.031386, 19.222313, 20.81518, 21.813845, 21.813845, 21.214562, 16.814562, 15.214562, 13.019091, 10.711698, 8.603495, 10.573267, 10.114207, 10.817178, 12.337413, 14.245908, 16.033796, 17.539932, 18.474965, 18.940661, 18.896009, 18.300628, 17.296085, 16.169302, 14.449335, 12.785803, 11.434603, 10.792068, 10.679455, 11.379689, 12.975172, 14.769646, 16.554618, 13.946937, 11.083373, 7.590523, 3.984972, 0.0, 0.0, 0.0]"
622,"[0.0, 0.0, 0.0, 0.0, 1.697056, 3.540965, 5.821316, 8.428997, 11.207486, 12.288918, 13.128291, 13.531222, 13.453363, 12.955225, 11.699891, 10.35825, 8.523497, 6.593674, 5.137945, 5.057011, 5.695269, 7.689275, 10.417938, 13.091888, 15.496744, 17.721605, 19.08383, 19.804858, 20.355978, 19.74, 15.535241, 13.836474, 11.630692, 9.193452, 7.77343, 9.982502, 9.87651, 11.03926, 12.832686, 14.826868, 16.622793, 18.222793, 19.221131, 19.860003, 19.507279, 18.954817, 18.014229, 16.816366, 15.171616, 13.928153, 12.755969, 12.20255, 12.078697, 12.678697, 14.18984, 16.013146, 17.911697, 15.228415, 12.228415, 8.5082, 4.404543, 0.0, 0.0, 0.0]"
623,"[0.0, 0.0, 0.0, 0.0, 1.897367, 4.238307, 7.101871, 10.154738, 13.483402, 14.748313, 15.518643, 15.497612, 14.990329, 14.069985, 12.907707, 11.238658, 9.396124, 7.650539, 6.373591, 6.070648, 6.891169, 9.002439, 11.879394, 14.707821, 17.262823, 19.404625, 20.8977, 21.825091, 22.14548, 21.564934, 17.16039, 15.276339, 12.934735, 10.624319, 8.763884, 10.963884, 10.911923, 11.904946, 13.387709, 15.423709, 17.46635, 19.040658, 19.989653, 20.737117, 20.6953, 19.858537, 18.82214, 17.417381, 15.817381, 14.221193, 13.095667, 12.395416, 12.31571, 12.82698, 14.023785, 15.564429, 17.310494, 14.5902, 11.47893, 8.073053, 4.252058, 0.0, 0.0, 0.0]"
624,"[0.0, 0.0, 0.0, 0.0, 1.697056, 3.697056, 6.203049, 9.066613, 12.112923, 13.462176, 14.374219, 14.536559, 14.280676, 13.443439, 12.208207, 10.512716, 8.669004, 6.693778, 5.309327, 4.839891, 5.786669, 7.825612, 10.239466, 13.020396, 15.663727, 17.775908, 19.187856, 19.988623, 20.230149, 19.500941, 15.225429, 13.230269, 11.352963, 9.202943, 7.91695, 10.197301, 10.724084, 11.960556, 13.716035, 15.593341, 17.55563, 19.024008, 19.802736, 20.473307, 20.383889, 19.558849, 18.329647, 17.064969, 15.610197, 14.06161, 12.844008, 12.466032, 12.657782, 13.40705, 14.955637, 16.960396, 18.861527, 15.949483, 12.531882, 8.774223, 4.569464, 0.0, 0.0, 0.0]"
625,"[0.0, 0.0, 0.0, 0.0, 1.8, 4.0, 6.607681, 9.471245, 12.383289, 13.495333, 14.341642, 14.597526, 14.239954, 13.32791, 12.204721, 10.500052, 8.436488, 6.562951, 5.562951, 5.482897, 6.421607, 8.533651, 11.318797, 14.076456, 16.214732, 18.325281, 19.804137, 20.666722, 20.792361, 20.273947, 15.883048, 14.355712, 11.972892, 9.889594, 8.458297, 10.799237, 10.655967, 11.920878, 13.449542, 15.399252, 17.108003, 18.592468, 19.63495, 20.429392, 20.187867, 19.631025, 18.72475, 17.432035, 16.172494, 15.072935, 13.988404, 13.410214, 13.551038, 13.912376, 15.164042, 16.960483, 18.809653, 15.756785, 12.531882, 8.774223, 4.569464, 0.0, 0.0, 0.0]"
626,"[0.0, 0.0, 0.0, 0.0, 1.897367, 4.177717, 6.84605, 9.709614, 12.965379, 14.274256, 15.193905, 15.325572, 15.269142, 14.621059, 13.623887, 12.036338, 10.436338, 8.26166, 6.4786, 5.869528, 6.057077, 7.464758, 9.639436, 12.021059, 13.826936, 15.826936, 17.424014, 18.42214, 18.621773, 18.47166, 14.67166, 12.666901, 10.672718, 8.608482, 6.794938, 8.503739, 8.201106, 9.058361, 10.628765, 12.485029, 14.381779, 16.242071, 17.151447, 17.817112, 17.743531, 17.300257, 16.262892, 14.848514, 13.240577, 11.826751, 10.464473, 9.953252, 10.070272, 10.820794, 12.056026, 13.861578, 15.775611, 13.49526, 10.774966, 7.728657, 4.123106, 0.0, 0.0, 0.0]"
627,"[0.0, 0.0, 0.0, 0.0, 1.979899, 4.26025, 6.867931, 9.867931, 12.998426, 14.329116, 15.279864, 15.903282, 15.815326, 15.158694, 14.128456, 12.420512, 10.531054, 8.61901, 7.345146, 6.479009, 6.925626, 8.113807, 10.344906, 12.750457, 15.219541, 17.328985, 19.271299, 20.08495, 20.326476, 19.849055, 15.76984, 13.771567, 11.624184, 9.389559, 7.680738, 9.578104, 9.384592, 10.350789, 11.79775, 13.553229, 15.53916, 17.142106, 17.955497, 18.573041, 18.431095, 17.678292, 16.573484, 15.57981, 13.872626, 12.459404, 11.128909, 10.559492, 10.350074, 10.910124, 12.059067, 13.569656, 15.207661, 12.733797, 10.203975, 7.157666, 3.847077, 0.0, 0.0, 0.0]"
628,"[0.0, 0.0, 0.0, 0.0, 1.8, 4.2, 6.807681, 9.867093, 12.971928, 14.276763, 15.107861, 15.363745, 14.987615, 14.21516, 13.080097, 11.372153, 9.725141, 7.866481, 6.875741, 6.429124, 6.99403, 8.445811, 10.919674, 13.372766, 16.235954, 18.534235, 19.984155, 20.803922, 20.782781, 19.89501, 15.508668, 14.073697, 11.852812, 9.890296, 7.805939, 9.96927, 9.566339, 10.359697, 11.377047, 13.356946, 14.731977, 16.2935, 17.376368, 18.219453, 18.496852, 18.26908, 17.38017, 16.289859, 14.781678, 12.954075, 11.487395, 10.504202, 10.294783, 10.799786, 12.211641, 13.973283, 16.008508, 13.534645, 10.866312, 7.610548, 4.004997, 0.0, 0.0, 0.0]"
629,"[0.0, 0.0, 0.0, 0.0, 1.612452, 3.84852, 6.265129, 9.050806, 11.7711, 13.070693, 13.663052, 13.854124, 13.277518, 12.567199, 11.255155, 9.840942, 8.057882, 6.296023, 5.305852, 5.161874, 5.901727, 7.862783, 10.388783, 13.045935, 15.519289, 17.488329, 18.781867, 19.887869, 20.031908, 19.52598, 15.402874, 13.954248, 11.663887, 9.563357, 7.75236, 9.791968, 9.370451, 10.381597, 11.861132, 13.654557, 15.420209, 17.032131, 18.115429, 18.798727, 18.885699, 18.433051, 17.5241, 16.271392, 14.624162, 13.340384, 11.997749, 11.125312, 10.730791, 11.215017, 11.979159, 13.375061, 15.156448, 12.92038, 10.200086, 7.226872, 3.820995, 0.0, 0.0, 0.0]"
630,"[0.0, 0.0, 0.0, 0.0, 1.612452, 3.401306, 5.742246, 8.46254, 11.182834, 12.39881, 13.438382, 13.705123, 13.184829, 12.464535, 11.236108, 9.407681, 7.6, 5.682843, 4.507464, 4.188089, 5.074885, 6.882566, 9.552688, 11.858562, 14.254892, 15.912105, 17.040732, 17.580618, 17.942972, 17.370852, 13.826843, 12.130142, 10.249744, 8.037519, 6.388706, 8.001158, 8.16155, 9.156779, 10.882814, 12.832669, 14.820218, 16.220218, 17.218088, 17.833583, 17.851154, 17.277703, 16.50613, 15.531168, 14.109014, 12.695541, 11.708599, 11.11624, 10.926962, 11.700176, 12.80147, 14.582857, 16.450446, 14.009135, 11.035921, 7.924652, 4.103657, 0.0, 0.0, 0.0]"
631,"[0.0, 0.0, 0.0, 0.0, 1.788854, 4.205464, 6.622073, 9.67494, 12.727808, 14.219197, 14.775802, 15.332406, 15.107966, 14.181128, 12.880783, 11.321783, 9.242996, 7.214569, 5.982967, 5.417282, 5.889864, 7.436748, 9.357042, 11.742859, 14.14964, 15.939799, 17.458286, 18.558986, 18.68462, 18.143869, 14.466914, 12.633145, 10.532615, 8.58276, 6.702516, 8.314968, 7.977793, 8.493396, 9.453983, 11.006948, 12.524991, 14.228987, 15.34553, 16.227405, 16.499344, 16.197275, 15.335015, 14.191476, 13.12906, 11.693011, 10.585049, 9.934359, 9.612083, 9.792624, 10.789447, 12.421593, 14.491385, 12.604589, 10.18798, 7.402302, 4.049691, 0.0, 0.0, 0.0]"
632,"[0.0, 0.0, 0.0, 0.0, 1.886796, 4.328107, 7.281072, 10.411567, 13.542062, 14.785761, 15.697061, 15.65614, 15.156235, 14.656329, 13.535809, 11.63922, 9.804209, 8.068047, 6.437457, 5.883504, 6.581548, 7.921124, 9.999911, 12.54392, 15.017274, 16.746506, 18.409112, 19.455849, 19.732835, 19.209335, 15.326038, 13.455894, 11.475552, 9.267009, 7.141756, 8.597778, 8.428314, 8.597778, 9.593008, 11.518627, 13.486053, 14.869894, 16.204831, 16.949761, 16.874012, 16.581059, 15.943288, 14.815888, 13.617343, 12.526456, 10.995961, 10.220258, 9.843257, 10.1058, 11.019157, 12.64406, 14.407677, 12.368069, 9.95146, 6.998496, 3.773592, 0.0, 0.0, 0.0]"
633,"[0.0, 0.0, 0.0, 0.0, 2.0, 4.607681, 7.407681, 10.214815, 13.421059, 14.645962, 15.263184, 15.375228, 15.288388, 14.423084, 13.352247, 11.776586, 9.884346, 7.988673, 6.54216, 5.802308, 6.163041, 7.750918, 9.733431, 12.045247, 14.054482, 15.927805, 17.2495, 17.986376, 18.324141, 18.253303, 14.370006, 12.676697, 10.745139, 8.615344, 6.339766, 7.620391, 7.173177, 7.796794, 8.799189, 10.675121, 12.619399, 14.271475, 15.476337, 16.465605, 16.62391, 16.372221, 15.492541, 14.314352, 13.034504, 11.810031, 10.486059, 9.934784, 9.682018, 10.16367, 11.188917, 13.032525, 14.905847, 12.895872, 10.288191, 7.376147, 3.883298, 0.0, 0.0, 0.0]"
634,"[0.0, 0.0, 0.0, 0.0, 1.720465, 3.846494, 6.407744, 9.380958, 12.101252, 13.433654, 14.26059, 14.652305, 14.464768, 14.085414, 12.821401, 11.324459, 9.265921, 6.927457, 5.411138, 4.902909, 5.167352, 6.535666, 8.91688, 11.498136, 13.77841, 15.831537, 17.326454, 18.075736, 18.247568, 17.817164, 14.043572, 12.521981, 10.664737, 8.367653, 6.651371, 8.263823, 8.067363, 8.687838, 10.127507, 11.625337, 13.505736, 14.889576, 15.972085, 16.657668, 16.945624, 16.252774, 15.629326, 14.805877, 13.4, 11.849242, 10.698485, 9.785281, 9.448022, 10.168317, 11.571942, 13.36363, 15.360131, 13.097389, 10.377095, 7.324228, 3.883298, 0.0, 0.0, 0.0]"
635,"[0.0, 0.0, 0.0, 0.0, 1.612452, 3.821524, 6.429205, 9.229205, 12.235864, 13.630072, 14.249427, 14.470173, 13.906241, 12.939189, 11.581772, 9.773149, 7.744722, 6.074339, 5.034732, 4.985489, 6.174758, 8.181891, 11.022083, 13.622083, 16.02708, 18.022767, 19.434638, 20.048711, 20.070865, 19.489317, 15.284557, 13.673234, 11.663259, 9.690347, 7.987363, 9.87416, 9.607419, 10.317738, 11.830773, 13.420897, 15.29176, 16.895436, 18.119759, 18.902098, 19.311724, 18.959942, 18.295569, 17.071247, 15.567941, 14.001792, 12.635523, 11.555279, 11.071053, 11.541786, 12.549997, 14.187345, 15.849986, 13.613918, 10.701875, 7.539597, 3.862642, 0.0, 0.0, 0.0]"
636,"[0.0, 0.0, 0.0, 0.0, 2.0, 4.607681, 7.414815, 10.441364, 13.546199, 14.651034, 15.016567, 15.182647, 14.941775, 14.253549, 12.937569, 11.420377, 9.447163, 7.486107, 5.963925, 5.787522, 6.567568, 8.395995, 10.676209, 13.469599, 16.095072, 18.096928, 19.506425, 20.341133, 20.410974, 19.483639, 15.245715, 13.348731, 11.448796, 9.291137, 7.43657, 9.157035, 8.942124, 9.463766, 10.58406, 12.408282, 14.248716, 15.683585, 16.94333, 18.044031, 18.044031, 17.763376, 16.922771, 15.543088, 13.701992, 12.142213, 10.474421, 9.366578, 9.125267, 9.753049, 11.039243, 12.85024, 14.859943, 12.659943, 10.052262, 7.045603, 3.622154, 0.0, 0.0, 0.0]"
637,"[0.0, 0.0, 0.0, 0.0, 2.209072, 4.816753, 7.823412, 10.823412, 14.223412, 15.41434, 15.813319, 15.833208, 15.661636, 14.892225, 13.5022, 12.107992, 10.101247, 8.167247, 6.613691, 6.203716, 6.791264, 8.57146, 11.077033, 14.004997, 16.609756, 18.628761, 20.047765, 20.923277, 20.997496, 20.285586, 16.066582, 14.455258, 12.179746, 9.749773, 7.977388, 9.697853, 9.244238, 10.029916, 11.353887, 12.944011, 14.900502, 16.504095, 17.663034, 18.295371, 18.545681, 18.148969, 17.364524, 15.981157, 14.262402, 12.490358, 10.822566, 9.461803, 8.940162, 9.773659, 11.1153, 12.902849, 15.235014, 13.195406, 10.475112, 7.344617, 3.944617, 0.0, 0.0, 0.0]"
638,"[0.0, 0.0, 0.0, 0.0, 2.408319, 5.215453, 8.274864, 11.767714, 15.651012, 16.848244, 17.646662, 17.897839, 17.451298, 16.34649, 14.71071, 12.628313, 10.534277, 8.312589, 6.875741, 6.717046, 7.60221, 9.44507, 12.467525, 15.2051, 17.954725, 20.354732, 22.103646, 23.010515, 23.548658, 23.037648, 18.229322, 16.33304, 13.788166, 10.981885, 8.544645, 10.388554, 9.982502, 10.903925, 12.403437, 14.638063, 16.998913, 18.88382, 19.915055, 20.708123, 20.820844, 20.010198, 18.730568, 17.114422, 15.291116, 12.943769, 11.360734, 10.060541, 9.795307, 10.198238, 11.896376, 13.932375, 16.512198, 14.231847, 11.548566, 8.237976, 4.3909, 0.0, 0.0, 0.0]"
639,"[0.0, 0.0, 0.0, 0.0, 2.209072, 4.816753, 7.823412, 11.423412, 15.023412, 16.41434, 17.412211, 17.661315, 17.120727, 16.18906, 14.869411, 13.273835, 11.21807, 9.178463, 7.67632, 7.10477, 7.375146, 9.234558, 11.470518, 14.040636, 16.507958, 18.535739, 19.970768, 21.18714, 21.390375, 20.791961, 16.483829, 14.405997, 11.943836, 9.604293, 7.735385, 9.735385, 9.581518, 10.544756, 12.056026, 14.024181, 15.994067, 17.701212, 18.611296, 19.273619, 19.174372, 18.604485, 17.498163, 16.031475, 14.49395, 12.916241, 11.516241, 10.888745, 10.752487, 11.575831, 12.831595, 14.876344, 17.279242, 14.998891, 11.939479, 8.683715, 4.638965, 0.0, 0.0, 0.0]"
640,"[0.0, 0.0, 0.0, 0.0, 2.009975, 4.617656, 7.624315, 10.830559, 14.086323, 15.428959, 16.23888, 16.463319, 16.12064, 15.370868, 14.254325, 12.545525, 10.530978, 8.687218, 7.347416, 6.820148, 7.391698, 9.337424, 12.053928, 15.010843, 17.796483, 20.168014, 21.477872, 22.306649, 22.301795, 21.580947, 16.929065, 14.873539, 12.318429, 10.210152, 8.323356, 10.884605, 11.296423, 12.397718, 14.064698, 16.420543, 18.245635, 19.857929, 21.517403, 22.405533, 22.281144, 21.472511, 20.262889, 18.355709, 16.296617, 14.178365, 12.600656, 11.786166, 11.982014, 12.828632, 14.951737, 17.269144, 19.951554, 16.892143, 13.539532, 9.416426, 5.09902, 0.0, 0.0, 0.0]"
641,"[0.0, 0.0, 0.0, 0.0, 2.0, 4.56125, 7.534463, 10.940341, 14.545892, 16.319484, 17.335944, 17.780331, 17.536732, 16.716858, 15.359875, 13.490967, 11.239556, 9.243468, 7.657791, 6.949982, 7.657791, 9.355165, 11.588974, 14.328517, 16.927848, 18.879305, 20.383807, 21.301213, 21.484776, 20.826302, 16.458236, 14.758503, 12.677164, 10.251115, 8.310258, 10.51933, 10.450997, 11.414929, 13.317873, 15.614069, 17.609756, 19.252397, 20.369803, 20.945926, 20.735662, 19.948505, 18.936963, 17.405234, 15.509462, 13.724704, 12.307103, 11.356354, 11.434241, 12.206758, 13.802334, 16.021338, 18.306072, 15.442508, 12.389641, 8.78409, 4.565085, 0.0, 0.0, 0.0]"
642,"[0.0, 0.0, 0.0, 0.0, 2.009975, 4.483838, 7.152171, 10.314449, 13.476727, 14.69785, 15.455086, 15.839621, 15.360625, 14.530728, 13.186425, 11.664127, 9.827812, 8.361083, 7.590752, 7.703956, 8.879596, 10.943287, 13.568609, 15.976446, 18.219087, 20.142972, 21.961748, 22.96136, 23.271661, 22.870894, 18.062568, 16.087649, 13.807411, 12.127224, 10.693668, 13.293668, 13.22898, 14.514807, 15.959557, 17.991959, 20.196124, 21.936712, 22.8938, 23.653215, 23.653215, 22.696127, 21.743204, 19.998451, 17.801967, 15.961246, 14.522488, 13.461089, 13.265242, 14.057561, 15.751743, 18.114168, 20.439263, 17.575699, 14.175699, 9.881517, 5.110773, 0.0, 0.0, 0.0]"
643,"[0.0, 0.0, 0.0, 0.0, 2.0, 4.56125, 7.68535, 11.079462, 14.617823, 16.156185, 16.875179, 17.031323, 16.690078, 15.834998, 14.629018, 12.910824, 11.044793, 9.208478, 8.137648, 7.692064, 8.813295, 10.799082, 13.527146, 16.208876, 19.00396, 21.380323, 23.039967, 24.043077, 24.309597, 23.750823, 18.691178, 16.793812, 14.529367, 12.231407, 10.708301, 13.493979, 13.784236, 14.948031, 16.730039, 18.642245, 20.759628, 22.254819, 23.089622, 23.878091, 23.838021, 22.879578, 21.537402, 20.255522, 18.285868, 16.287595, 14.95066, 13.945109, 13.551768, 14.61758, 16.655922, 18.995968, 21.537952, 18.531293, 14.601916, 10.089711, 5.141984, 0.0, 0.0, 0.0]"
644,"[0.0, 0.0, 0.0, 0.0, 2.332381, 5.015662, 8.06853, 11.121397, 14.726949, 15.932929, 16.788009, 17.129254, 17.200486, 16.156185, 15.179073, 13.337768, 11.505705, 9.598158, 8.253461, 7.579007, 8.443201, 10.161395, 12.483204, 15.108526, 17.71617, 19.649362, 21.381103, 22.314878, 22.767186, 22.030404, 17.535963, 15.207258, 12.997864, 10.590478, 8.920881, 11.320881, 11.24528, 12.388416, 14.306879, 16.218818, 18.218818, 20.415302, 21.450145, 22.157091, 22.280197, 21.424206, 19.782319, 18.009931, 15.971589, 14.256802, 13.121112, 12.432697, 12.627929, 13.554065, 15.090363, 17.176485, 19.714607, 16.851043, 13.451043, 9.506427, 5.011986, 0.0, 0.0, 0.0]"
645,"[0.0, 0.0, 0.0, 0.0, 2.2, 4.608319, 7.436746, 10.463295, 13.76178, 14.860264, 15.614223, 15.75901, 15.33246, 14.450585, 13.121872, 11.608837, 9.635623, 7.93005, 6.794066, 6.473537, 7.060362, 8.972406, 11.376464, 14.025215, 16.803162, 19.061535, 20.718955, 21.625229, 21.720775, 20.871295, 16.376854, 14.337212, 11.976362, 9.563891, 7.775037, 9.901066, 9.651595, 10.692127, 12.408339, 14.339699, 16.21367, 18.036976, 19.256192, 20.031186, 20.031186, 19.359849, 18.140633, 16.75727, 14.779643, 12.779893, 10.907251, 9.62281, 9.111588, 9.813986, 11.198356, 13.478643, 15.808019, 13.598947, 10.77052, 7.665685, 3.929377, 0.0, 0.0, 0.0]"
646,"[0.0, 0.0, 0.0, 0.0, 2.059126, 4.666807, 7.445296, 10.575791, 13.904454, 15.173992, 16.12721, 16.604485, 16.316524, 15.533445, 14.467523, 12.627089, 10.448358, 8.405824, 6.991611, 6.34132, 6.590627, 8.113594, 10.475872, 12.837351, 15.249821, 17.304972, 18.923977, 19.644997, 19.872362, 19.176103, 15.151181, 13.348785, 11.11473, 8.794515, 6.746476, 8.466941, 8.109458, 9.060216, 10.790711, 12.910086, 14.861133, 16.685305, 17.80552, 18.516899, 18.511012, 17.95077, 16.613056, 15.155583, 13.034174, 11.252513, 9.555456, 8.659114, 8.455498, 9.342714, 10.955166, 13.212464, 15.782227, 13.723101, 11.11542, 7.890517, 4.219005, 0.0, 0.0, 0.0]"
647,"[0.0, 0.0, 0.0, 0.0, 2.126029, 4.687279, 7.660493, 10.940737, 14.381667, 15.833346, 16.849805, 17.369441, 17.062411, 16.341775, 14.918132, 13.129278, 10.917053, 8.838266, 7.137776, 6.596162, 7.043375, 8.815618, 11.146094, 14.070907, 16.752637, 18.824701, 20.453714, 21.466735, 21.571809, 20.821636, 16.513504, 14.248234, 11.897106, 9.459866, 7.528309, 9.528309, 9.320772, 10.346019, 12.032052, 14.302898, 16.382114, 18.591186, 19.684139, 20.385654, 20.307616, 19.634278, 18.023267, 16.227343, 14.227343, 12.034535, 10.241109, 9.15444, 8.832164, 9.785129, 11.303173, 13.44838, 16.200051, 14.313255, 11.36029, 8.229795, 4.472136, 0.0, 0.0, 0.0]"
648,"[0.0, 0.0, 0.0, 0.0, 1.788854, 4.129794, 6.915472, 9.888686, 13.18717, 14.623219, 15.507182, 15.528638, 15.163105, 14.064621, 12.839718, 11.029028, 9.046516, 7.263456, 6.08326, 5.732502, 6.659228, 8.746651, 11.466039, 14.375612, 17.238575, 19.566682, 21.271997, 22.146132, 22.236706, 21.52976, 16.860713, 14.873943, 12.609865, 10.569814, 8.553409, 10.789477, 10.966021, 12.211955, 14.032056, 16.248199, 18.430275, 20.095277, 21.167413, 21.490519, 21.414898, 20.673709, 19.554184, 17.994092, 16.107055, 14.187653, 12.520673, 11.322128, 10.851395, 11.588541, 13.255521, 15.205344, 17.576762, 15.13545, 12.162237, 8.485281, 4.525483, 0.0, 0.0, 0.0]"
649,"[0.0, 0.0, 0.0, 0.0, 1.720465, 3.846494, 6.407744, 9.236171, 12.347441, 13.60019, 14.754404, 15.246022, 15.025276, 14.150074, 12.965715, 10.966096, 8.478914, 6.271233, 4.929592, 4.554951, 5.400355, 7.807884, 10.813761, 13.596289, 16.141873, 18.119501, 19.550831, 20.42514, 20.4684, 19.949532, 15.845875, 13.704074, 11.310683, 9.20292, 7.771965, 10.112905, 10.635841, 11.879539, 13.667088, 15.596656, 17.750157, 19.45892, 20.755614, 21.478719, 21.226994, 20.354707, 18.886815, 17.288054, 15.401016, 13.867264, 12.371139, 11.470619, 11.058801, 11.795947, 13.18589, 15.297785, 17.980082, 15.563473, 12.590259, 9.04625, 4.808326, 0.0, 0.0, 0.0]"
650,"[0.0, 0.0, 0.0, 0.0, 1.843909, 4.373731, 7.094025, 10.256303, 13.41858, 14.992273, 15.862451, 16.195024, 15.917188, 15.087291, 13.556486, 11.598706, 9.622871, 7.13843, 5.700477, 5.078592, 5.447448, 7.001005, 9.627554, 12.225976, 14.453915, 16.572215, 18.117748, 19.076171, 19.188872, 18.8583, 14.928923, 12.792409, 10.419888, 8.079248, 6.331184, 8.120038, 8.120038, 9.138176, 10.9781, 12.916497, 14.733194, 16.299138, 17.426207, 17.899081, 17.94647, 17.22536, 15.952189, 14.253657, 12.464802, 10.677254, 9.405264, 8.861738, 8.965943, 9.867813, 11.649474, 13.713978, 16.167764, 14.004433, 11.313708, 7.919596, 4.242641, 0.0, 0.0, 0.0]"
651,"[0.0, 0.0, 0.0, 0.0, 1.843909, 4.277014, 6.907603, 9.934152, 13.159055, 14.52139, 15.288285, 15.657696, 15.238828, 14.422244, 13.225975, 11.638427, 9.638427, 7.477959, 5.894261, 5.100839, 5.299464, 6.732569, 9.311905, 11.910732, 14.515174, 16.709094, 18.275989, 19.04944, 19.425992, 18.811241, 14.806244, 12.806244, 10.850153, 8.330778, 6.566754, 8.377831, 8.777831, 9.933922, 11.853298, 13.816954, 15.826872, 17.247867, 18.177243, 18.521252, 18.532976, 17.497659, 16.276665, 14.501354, 12.801254, 10.983652, 9.847217, 9.134013, 9.388266, 10.372785, 12.166897, 14.19461, 16.694156, 14.285837, 11.45741, 8.063298, 4.386342, 0.0, 0.0, 0.0]"
652,"[0.0, 0.0, 0.0, 0.0, 2.0, 4.6, 7.407134, 10.433683, 13.857132, 15.349981, 15.912259, 16.078339, 15.837467, 14.830628, 13.491844, 11.978809, 10.025399, 8.259525, 6.737343, 6.195729, 6.700552, 8.466426, 10.577117, 13.08269, 15.414855, 17.205406, 18.638733, 19.478124, 19.798339, 19.2596, 15.314984, 13.70366, 11.522628, 9.414864, 7.621438, 9.410293, 9.243923, 10.175363, 11.843155, 13.671634, 15.827396, 17.330701, 18.368066, 18.764777, 18.816697, 17.976915, 16.860726, 15.339135, 13.816246, 12.210192, 11.085256, 10.143625, 10.248497, 11.006475, 12.281957, 14.038366, 16.389494, 14.048554, 11.13651, 7.974232, 4.237924, 0.0, 0.0, 0.0]"
653,"[0.0, 0.0, 0.0, 0.0, 1.788854, 4.205464, 6.991141, 9.964355, 12.937569, 14.501325, 15.383201, 15.822426, 15.656346, 15.290813, 14.147275, 12.461242, 10.313371, 8.071923, 6.484046, 5.689187, 6.116344, 7.6699, 10.016259, 12.489304, 14.896086, 16.861475, 18.635428, 19.723384, 20.030535, 19.60954, 15.604543, 13.807681, 11.847289, 9.65974, 7.980205, 10.134271, 10.15718, 10.945999, 12.55845, 14.330835, 16.106146, 17.525248, 18.746512, 19.279268, 19.364127, 18.487618, 17.490794, 15.857712, 14.254119, 12.716018, 11.66315, 10.620258, 10.544589, 11.363737, 12.816979, 14.940084, 17.238241, 14.897301, 11.924087, 8.431237, 4.308132, 0.0, 0.0, 0.0]"
654,"[0.0, 0.0, 0.0, 0.0, 1.788854, 4.024922, 6.8106, 9.783814, 12.695858, 14.011838, 14.604197, 14.625654, 14.260121, 13.548077, 12.453217, 11.039003, 9.056491, 7.343237, 6.143237, 5.733262, 6.528121, 8.510633, 11.039655, 13.645206, 16.050203, 18.04113, 19.438756, 20.234312, 20.648711, 20.265868, 16.065868, 14.661109, 12.678172, 10.812288, 9.316163, 11.757474, 11.910439, 12.804866, 14.0508, 15.869387, 17.647081, 19.134837, 20.284529, 20.988186, 20.864564, 20.322514, 18.993064, 17.541304, 15.998897, 14.41397, 13.077955, 12.574366, 12.345939, 12.791348, 14.160831, 16.024651, 18.034328, 15.434328, 12.427669, 8.822118, 4.617359, 0.0, 0.0, 0.0]"
655,"[0.0, 0.0, 0.0, 0.0, 1.788854, 4.121235, 6.804517, 9.688958, 12.688958, 14.024203, 14.52025, 14.527693, 14.051571, 13.214901, 11.787858, 10.240056, 8.443758, 6.835439, 5.803479, 5.520636, 6.403342, 8.19964, 10.679884, 13.086874, 15.632459, 17.721186, 19.153567, 19.996429, 20.145885, 19.466331, 15.214273, 13.499486, 11.376381, 9.337805, 7.857561, 9.897169, 10.08885, 10.952414, 12.528075, 14.305784, 16.023835, 17.218568, 18.149737, 18.612652, 18.527793, 17.995037, 17.028731, 15.667103, 14.018893, 12.314897, 10.652044, 9.710413, 9.513376, 10.259446, 11.823203, 13.754003, 15.603515, 13.367447, 10.581769, 7.229158, 3.736308, 0.0, 0.0, 0.0]"
656,"[0.0, 0.0, 0.0, 0.0, 1.56205, 3.725381, 6.005732, 8.696456, 11.524883, 12.791261, 13.470464, 13.631424, 13.27308, 12.503779, 11.198507, 9.522163, 7.646537, 5.714156, 4.503559, 4.322045, 5.21498, 7.090606, 9.53314, 11.808712, 13.722835, 15.351527, 16.598034, 17.443317, 17.880116, 17.597566, 13.909748, 12.502281, 10.534928, 8.388243, 7.226106, 9.314168, 9.366198, 10.424221, 12.338671, 14.133146, 15.716596, 17.409138, 18.493291, 18.95936, 18.70642, 18.197186, 17.145477, 15.563186, 14.004521, 12.495819, 11.17745, 10.440305, 10.440305, 11.032664, 12.413658, 14.416826, 16.225508, 13.945157, 11.11673, 7.891826, 4.04475, 0.0, 0.0, 0.0]"
657,"[0.0, 0.0, 0.0, 0.0, 1.969772, 4.499594, 7.411638, 10.710122, 13.935025, 15.171498, 15.841675, 15.929632, 15.431147, 14.614563, 13.617391, 12.017391, 10.037195, 8.131622, 6.800336, 6.203716, 6.803716, 8.583912, 10.889485, 13.418003, 16.024556, 18.043561, 19.519072, 20.636479, 20.960304, 20.039784, 15.820779, 13.978373, 11.860966, 9.775498, 8.265868, 10.52861, 10.703186, 11.387627, 12.768621, 14.478338, 15.935811, 17.32813, 18.547346, 19.282241, 19.177782, 18.713332, 17.555866, 15.860528, 14.026759, 12.353111, 10.886202, 9.854745, 9.846426, 10.52753, 12.031968, 13.865268, 15.875186, 13.475186, 10.668052, 7.443149, 3.820995, 0.0, 0.0, 0.0]"
658,"[0.0, 0.0, 0.0, 0.0, 1.649242, 3.803308, 6.039376, 8.722658, 11.405939, 12.641138, 13.048322, 13.357838, 12.937298, 12.254017, 10.931626, 9.501747, 7.780784, 6.318042, 5.212469, 5.09264, 6.020395, 7.528154, 9.728154, 12.113971, 14.210112, 16.120873, 17.758378, 18.600253, 18.92556, 18.511299, 14.541412, 12.979845, 11.024766, 9.263124, 7.939024, 9.978632, 10.100135, 11.375616, 12.949309, 14.75486, 16.644629, 18.237913, 18.958933, 19.362326, 19.162652, 18.439519, 17.323073, 16.047456, 14.266069, 12.829964, 11.682846, 11.084505, 10.885143, 11.845535, 13.038042, 14.923532, 16.676944, 14.268625, 11.268625, 8.106347, 4.16173, 0.0, 0.0, 0.0]"
659,"[0.0, 0.0, 0.0, 0.0, 1.612452, 3.652059, 6.085164, 8.805458, 11.591136, 12.764362, 13.408036, 13.307312, 12.750348, 11.964671, 10.741043, 9.338386, 7.830627, 6.11451, 5.24588, 5.126051, 5.815198, 7.226644, 9.642995, 11.911624, 14.074955, 15.947058, 17.552865, 18.366256, 18.504617, 18.023165, 14.181291, 12.900666, 11.193482, 9.466198, 8.153175, 10.307241, 10.345992, 11.239784, 12.828707, 14.775289, 16.378882, 17.901988, 18.9678, 19.497176, 19.232367, 18.699612, 17.603055, 16.304268, 14.528957, 13.095234, 11.87033, 11.2521, 10.953892, 11.852693, 13.193567, 15.040644, 16.837084, 14.504704, 11.451836, 8.051836, 4.204759, 0.0, 0.0, 0.0]"
660,"[0.0, 0.0, 0.0, 0.0, 1.708801, 4.12541, 6.808692, 9.58718, 12.640048, 13.815688, 14.523179, 14.668324, 14.451085, 13.524247, 12.483715, 10.921665, 9.259428, 7.330634, 6.224409, 5.54669, 5.681696, 6.778248, 8.974219, 11.065685, 13.305372, 15.328531, 16.786004, 17.73117, 18.225451, 17.872441, 14.152226, 12.873322, 10.796786, 8.71439, 7.273974, 8.873974, 8.66873, 9.445538, 10.590716, 12.234028, 14.086564, 15.303031, 16.235045, 16.972589, 16.916825, 16.46429, 15.411755, 14.205877, 12.809975, 11.259217, 9.782372, 9.226281, 8.87019, 9.301526, 10.430772, 12.307618, 14.237301, 12.393392, 9.952081, 7.173592, 3.773592, 0.0, 0.0, 0.0]"
661,"[0.0, 0.0, 0.0, 0.0, 1.697056, 3.977407, 6.418718, 9.247145, 12.075572, 13.22105, 13.54838, 13.71475, 13.392316, 12.799957, 11.854789, 10.588749, 8.702178, 6.643399, 5.039787, 4.308611, 4.52902, 5.97124, 8.214751, 10.42483, 12.587303, 14.353916, 15.501175, 16.121039, 16.589094, 15.943712, 12.615049, 11.363586, 9.750053, 7.781105, 6.512037, 8.312037, 8.488979, 9.225027, 10.711814, 12.522503, 14.344657, 15.714141, 16.881036, 17.252608, 17.034365, 16.219344, 15.022112, 13.622112, 12.222112, 11.02653, 9.742551, 9.178141, 9.258491, 10.149216, 11.462239, 13.499983, 15.497949, 13.217598, 10.526873, 7.402773, 3.841875, 0.0, 0.0, 0.0]"
662,"[0.0, 0.0, 0.0, 0.0, 2.059126, 4.391507, 7.275948, 10.438225, 13.438225, 14.503199, 15.294918, 15.238905, 14.767352, 14.328601, 13.367832, 11.805782, 10.25798, 8.587059, 7.045613, 6.324503, 6.649249, 7.776943, 9.641581, 11.784054, 14.013346, 15.798061, 17.147401, 17.868512, 18.311785, 18.057875, 14.386363, 13.228704, 11.682279, 9.773784, 8.145037, 10.184644, 9.992963, 10.533837, 11.636781, 13.247927, 14.614196, 15.811429, 16.833583, 17.526432, 17.424917, 16.931084, 16.045826, 14.953495, 13.500252, 12.001768, 10.900801, 10.150279, 9.856524, 10.500198, 11.862476, 13.492329, 15.522557, 13.286489, 10.603208, 7.44093, 4.0, 0.0, 0.0, 0.0]"
663,"[0.0, 0.0, 0.0, 0.0, 1.886796, 3.886796, 6.295115, 8.98584, 11.814267, 12.618196, 13.502637, 13.426699, 13.068354, 12.299053, 11.397183, 9.777653, 8.339699, 6.83194, 5.597435, 5.089205, 5.386344, 6.900236, 8.960056, 11.297712, 13.594796, 15.790405, 17.139745, 17.860855, 18.242587, 18.017489, 14.25983, 13.102171, 11.659951, 10.115942, 8.733102, 10.77271, 10.780391, 11.424194, 12.630438, 14.266218, 15.848764, 16.928901, 17.858075, 18.38814, 18.38814, 18.118597, 17.216457, 16.00997, 14.31327, 12.707719, 11.365083, 10.733471, 10.803649, 11.81035, 13.388059, 15.225161, 17.189347, 14.589347, 11.543038, 7.965329, 4.118252, 0.0, 0.0, 0.0]"
664,"[0.0, 0.0, 0.0, 0.0, 2.009975, 4.44308, 7.073669, 9.985713, 13.338324, 14.68096, 15.294164, 15.527139, 15.298377, 14.507016, 13.317735, 12.158222, 10.559569, 8.876288, 7.209465, 6.326759, 6.326759, 7.394229, 9.077511, 11.345361, 13.505666, 15.306688, 16.795302, 17.933015, 18.447692, 18.400875, 14.713057, 13.437647, 11.779983, 9.946937, 8.352824, 10.163901, 9.772383, 10.209052, 11.338357, 12.955958, 14.750432, 16.140376, 17.228193, 17.678428, 17.467071, 17.067763, 16.131435, 14.851936, 13.272397, 11.910062, 10.590614, 9.982933, 9.737945, 10.778477, 11.987436, 13.772151, 15.716768, 13.553437, 10.668996, 7.616129, 3.944617, 0.0, 0.0, 0.0]"
665,"[0.0, 0.0, 0.0, 0.0, 2.009975, 4.44308, 7.073669, 9.985713, 13.338324, 14.374658, 14.987863, 15.410141, 15.382538, 14.591177, 13.708198, 12.223939, 10.613292, 8.748655, 7.081832, 6.332715, 6.657461, 7.378572, 8.920017, 11.305834, 13.429982, 15.220141, 16.877805, 18.004373, 18.411947, 18.153829, 14.476874, 13.201464, 11.513646, 9.614683, 8.145516, 9.945516, 9.833036, 10.553331, 11.67652, 13.163928, 14.856777, 16.11149, 17.01335, 17.501306, 17.602822, 17.309972, 16.222154, 15.0, 13.609975, 12.053884, 10.642738, 10.042738, 9.90548, 10.58623, 11.866421, 13.765384, 15.765384, 13.502642, 10.811918, 7.687818, 4.0, 0.0, 0.0, 0.0]"
666,"[0.0, 0.0, 0.0, 0.0, 1.612452, 3.652059, 6.085164, 8.805458, 11.717502, 13.15136, 13.975317, 14.426653, 14.267608, 13.763883, 12.717574, 11.41606, 9.426046, 7.664796, 5.822163, 5.102787, 5.329592, 6.494291, 8.377572, 10.864754, 12.912793, 14.564869, 16.19356, 17.04864, 17.534134, 17.033897, 13.592967, 12.313468, 10.834233, 9.139781, 8.111354, 9.955263, 9.783012, 10.58745, 11.78985, 13.407452, 15.169094, 16.538578, 17.411322, 17.857862, 17.863709, 17.086585, 16.111623, 14.80842, 13.355178, 11.901501, 11.073074, 10.442484, 10.692661, 11.705921, 13.313858, 15.160935, 17.279187, 14.595905, 11.543038, 7.965329, 4.118252, 0.0, 0.0, 0.0]"
667,"[0.0, 0.0, 0.0, 0.0, 1.442221, 3.329017, 5.661397, 8.344679, 11.130357, 12.473814, 13.415445, 13.690745, 13.415782, 13.030105, 12.044427, 10.816, 9.228123, 7.385489, 5.81011, 5.029914, 5.079157, 6.098961, 8.163864, 10.564146, 12.95022, 14.906529, 16.466921, 17.441883, 17.622857, 17.423224, 13.817672, 12.625991, 11.060048, 9.443025, 8.236781, 10.400112, 10.324174, 11.14813, 12.776877, 14.354586, 16.038332, 17.553028, 18.463056, 19.045455, 19.006107, 18.28313, 17.126778, 15.914436, 14.077766, 12.509177, 11.424685, 11.13396, 11.17271, 12.215623, 13.6693, 15.708908, 17.58442, 14.98442, 11.778176, 8.354727, 4.275512, 0.0, 0.0, 0.0]"
668,"[0.0, 0.0, 0.0, 0.0, 2.0, 4.163331, 7.047772, 10.100639, 13.500639, 14.731738, 15.730685, 15.951079, 15.618506, 14.651611, 13.46012, 12.141751, 10.301827, 8.712904, 7.299603, 6.459995, 6.427163, 7.570571, 9.465749, 11.670848, 14.276108, 16.465031, 18.056712, 19.035159, 19.815253, 19.415871, 15.415871, 14.015871, 12.419193, 10.453804, 8.934723, 11.197465, 11.005784, 11.481906, 12.495165, 14.10694, 15.617791, 16.983065, 18.098624, 18.887631, 18.783172, 18.133679, 17.050812, 15.596396, 14.017263, 12.509947, 11.355619, 10.674869, 10.529285, 11.273202, 12.59265, 14.443873, 16.453848, 14.053848, 11.047189, 7.840945, 4.01995, 0.0, 0.0, 0.0]"
669,"[0.0, 0.0, 0.0, 0.0, 1.6, 3.8, 6.2, 8.807681, 11.83423, 13.293642, 13.761975, 14.147652, 13.956581, 13.166099, 11.993484, 10.848306, 9.279181, 7.882375, 6.494835, 5.77423, 5.97154, 6.991055, 8.654533, 11.116594, 13.350404, 15.403531, 16.887678, 18.046271, 18.455897, 18.311661, 14.538069, 13.425535, 11.819728, 10.139121, 8.883357, 10.922965, 10.595634, 11.042848, 11.956205, 13.266794, 14.904141, 16.300746, 17.223015, 17.81406, 17.956006, 17.3056, 16.259234, 15.086788, 13.778847, 12.035112, 10.852472, 10.065792, 9.965067, 10.412281, 11.934579, 13.58352, 15.416566, 13.084186, 10.400904, 7.169805, 3.676955, 0.0, 0.0, 0.0]"
670,"[0.0, 0.0, 0.0, 0.0, 1.649242, 3.737304, 6.337304, 9.020585, 11.97355, 13.102796, 13.735029, 14.108243, 13.986211, 13.295988, 12.497398, 11.47416, 9.91516, 8.373714, 7.110973, 6.297264, 6.162258, 6.727943, 8.269389, 10.242603, 12.356656, 14.400158, 16.193851, 17.21031, 17.637096, 17.309817, 13.704266, 12.436666, 10.858957, 9.302866, 7.873056, 9.522299, 9.216306, 9.624625, 10.787375, 12.470464, 14.227099, 15.432977, 16.430535, 16.847324, 16.865983, 16.486655, 15.513883, 14.344074, 12.9306, 11.318149, 9.940842, 9.394533, 9.158465, 9.70974, 11.070502, 12.815372, 14.466937, 12.466937, 9.905688, 6.932474, 3.538361, 0.0, 0.0, 0.0]"
671,"[0.0, 0.0, 0.0, 0.0, 1.612452, 3.84852, 6.281625, 8.912214, 11.697891, 12.949004, 13.396218, 13.570794, 13.547885, 12.762208, 11.742552, 10.621321, 9.090673, 7.482992, 6.204102, 5.774407, 5.932822, 6.855789, 8.46347, 10.866459, 12.858123, 14.676019, 16.645906, 17.8801, 18.161877, 18.036244, 14.497882, 13.089245, 11.3734, 9.854319, 8.223317, 10.223317, 10.095173, 10.637476, 11.810092, 13.416614, 14.869149, 16.058198, 17.012019, 17.558159, 17.702395, 17.449859, 16.827705, 15.813232, 14.416753, 13.056361, 11.944422, 10.944422, 10.599483, 11.110705, 12.195197, 13.38738, 15.107595, 12.844853, 10.124559, 7.000459, 3.720215, 0.0, 0.0, 0.0]"
672,"[0.0, 0.0, 0.0, 0.0, 2.0, 4.262742, 6.953467, 9.644191, 12.924435, 13.977303, 14.767429, 14.940268, 15.035221, 14.284799, 13.385997, 11.982372, 10.561028, 8.906722, 7.396703, 6.442638, 6.604472, 7.20186, 8.982533, 11.261213, 13.683367, 15.877287, 17.842676, 18.930632, 19.632148, 19.409994, 15.404997, 14.0, 12.408319, 10.447927, 9.107053, 11.369794, 11.102175, 11.578297, 12.591557, 13.861094, 15.371945, 16.813157, 17.616534, 18.384661, 18.732953, 18.353473, 17.408307, 16.411214, 14.852961, 13.339337, 11.914996, 11.126177, 10.843771, 11.381029, 12.617698, 14.253478, 16.218867, 13.810548, 11.010548, 7.610548, 4.004997, 0.0, 0.0, 0.0]"
673,"[0.0, 0.0, 0.0, 0.0, 1.969772, 4.123837, 6.65366, 9.373954, 12.285998, 13.541129, 14.593307, 14.863485, 14.943191, 14.439466, 13.224538, 11.618294, 10.018294, 8.238098, 6.724206, 5.930784, 5.930784, 7.130784, 8.718661, 11.030477, 13.237373, 15.325191, 16.613009, 17.549337, 17.887102, 17.816265, 14.128447, 12.970451, 11.436417, 9.692408, 8.309569, 10.196365, 9.929285, 10.464894, 11.664894, 13.089235, 14.879394, 16.293607, 17.435841, 17.876771, 17.644936, 17.130258, 16.337744, 14.982307, 13.541377, 12.379099, 11.275948, 10.545573, 10.621511, 11.428645, 12.634889, 14.181314, 16.032245, 13.623926, 10.816792, 7.610548, 4.004997, 0.0, 0.0, 0.0]"
674,"[0.0, 0.0, 0.0, 0.0, 1.843909, 4.277014, 6.997308, 9.970522, 13.016831, 14.219231, 15.011029, 15.175176, 14.892687, 14.254697, 13.47113, 11.808276, 10.20446, 8.533539, 7.145024, 6.162907, 6.297914, 7.280031, 8.950952, 11.32526, 13.582997, 15.573758, 17.311016, 18.393884, 18.773364, 18.563666, 14.875848, 13.437098, 11.826836, 10.053244, 8.694352, 10.505429, 10.344179, 10.78853, 11.595663, 12.832136, 14.62661, 15.832161, 16.82448, 17.622898, 17.840102, 17.459454, 16.68233, 15.712919, 14.507368, 13.093895, 11.908599, 11.31624, 11.018032, 11.179281, 12.44955, 14.086898, 15.810628, 13.478247, 10.916997, 7.636753, 3.959798, 0.0, 0.0, 0.0]"
675,"[0.0, 0.0, 0.0, 0.0, 1.649242, 3.68885, 6.218672, 8.748494, 11.534172, 12.748494, 13.593327, 13.75423, 13.632727, 13.109791, 11.943283, 10.473055, 8.913701, 7.330004, 5.891883, 5.326198, 5.354204, 6.386164, 7.893924, 10.069303, 12.062032, 14.013924, 15.388954, 16.497504, 16.777748, 16.815925, 13.421813, 12.291771, 10.85084, 9.359451, 7.809625, 9.609625, 9.240914, 9.770736, 10.893925, 12.579958, 14.272808, 15.72605, 16.818382, 17.51189, 17.619282, 17.326432, 16.633583, 15.61911, 14.421877, 13.055608, 12.091676, 11.455006, 11.39291, 12.108691, 13.349327, 14.801077, 16.760852, 14.215267, 11.091167, 7.810923, 4.123106, 0.0, 0.0, 0.0]"
676,"[0.0, 0.0, 0.0, 0.0, 1.811077, 4.047145, 6.48025, 9.343814, 12.317028, 13.479165, 14.373592, 14.718976, 14.463092, 13.93119, 13.121307, 11.552862, 9.940563, 7.965338, 6.156482, 4.84168, 4.84168, 5.83882, 7.814045, 10.18159, 12.588826, 14.420888, 15.945375, 16.898593, 17.459492, 17.327828, 13.933715, 12.936622, 11.355622, 9.515189, 7.847111, 9.658188, 8.977438, 9.233607, 9.987005, 11.590395, 13.035082, 14.674765, 16.060851, 17.192539, 17.333127, 17.077363, 16.227705, 15.005551, 13.609072, 12.419047, 11.316414, 10.57554, 10.455891, 10.937543, 11.900782, 13.564314, 15.225403, 12.945052, 10.254328, 7.281114, 3.720215, 0.0, 0.0, 0.0]"
677,"[0.0, 0.0, 0.0, 0.0, 1.708801, 3.989152, 6.463015, 9.131348, 12.190759, 13.508508, 14.234816, 14.360953, 14.300301, 13.649208, 12.632634, 11.040189, 9.640189, 7.753618, 6.066409, 5.272987, 5.458773, 6.458773, 8.337663, 10.822796, 13.029692, 15.07935, 16.615658, 17.751967, 18.089732, 18.083885, 14.434227, 13.171782, 11.671542, 10.127533, 8.359174, 10.079639, 9.731804, 9.758478, 10.478772, 11.802744, 13.338043, 14.606126, 15.881746, 16.567329, 16.874359, 16.503036, 15.993364, 15.062684, 14.098118, 12.797773, 11.757241, 10.960861, 10.589248, 10.755618, 11.775719, 13.33181, 14.8493, 12.613232, 10.005551, 7.005551, 3.605551, 0.0, 0.0, 0.0]"
678,"[0.0, 0.0, 0.0, 0.0, 1.612452, 3.84852, 6.322383, 9.108061, 11.971625, 13.312138, 13.854559, 14.100989, 13.876561, 13.139026, 12.029971, 10.813532, 9.170271, 7.209021, 5.804102, 5.126384, 5.284799, 6.540146, 8.547827, 10.950817, 13.190504, 15.146994, 16.7845, 18.018694, 18.614809, 18.489175, 14.81222, 13.562628, 11.700652, 9.867233, 8.110144, 10.110144, 9.598922, 10.052128, 10.833665, 12.566274, 14.018809, 15.459395, 16.648444, 17.585662, 17.729898, 17.477363, 16.834365, 16.212211, 15.006659, 13.815731, 12.851799, 12.081208, 11.522519, 11.950946, 12.865974, 13.91015, 15.55738, 13.116068, 10.287641, 7.163541, 3.883298, 0.0, 0.0, 0.0]"
679,"[0.0, 0.0, 0.0, 0.0, 1.341641, 3.400767, 5.733148, 8.340829, 11.031553, 12.380637, 13.012236, 13.121167, 12.845866, 12.214268, 11.046697, 9.697613, 7.977412, 6.092245, 4.665575, 3.990948, 4.346364, 5.605153, 7.848664, 10.058742, 12.538878, 14.340392, 15.853343, 16.655468, 17.230536, 17.06415, 13.565579, 12.489338, 11.055614, 9.481922, 7.842799, 9.686708, 9.280074, 9.629266, 10.585358, 12.262203, 14.023845, 15.636024, 17.074782, 17.92444, 18.460748, 18.207808, 17.747931, 16.874068, 15.698274, 14.171038, 13.018427, 12.092217, 11.592867, 12.165313, 13.26683, 14.840422, 16.823359, 14.349495, 11.303186, 7.992597, 4.219005, 0.0, 0.0, 0.0]"
680,"[0.0, 0.0, 0.0, 0.0, 1.811077, 3.811077, 6.011077, 8.419396, 11.247823, 12.265173, 12.739037, 12.955646, 12.963936, 12.194635, 11.086673, 9.877721, 8.093567, 6.309413, 4.971397, 4.515843, 5.094841, 6.742737, 8.710281, 11.03548, 13.081158, 14.908761, 16.402003, 17.407554, 17.802175, 17.615686, 13.944174, 12.778262, 11.408779, 9.811758, 8.487658, 10.331567, 9.959954, 10.229879, 11.164458, 12.675048, 14.323989, 15.950562, 17.239302, 18.445785, 18.871505, 19.028312, 18.421435, 17.653251, 16.142143, 14.822443, 13.505167, 12.529753, 11.783555, 12.08818, 13.000235, 14.339366, 16.263774, 13.983423, 11.204935, 7.876271, 4.204759, 0.0, 0.0, 0.0]"
681,"[0.0, 0.0, 0.0, 0.0, 2.059126, 4.295194, 6.978476, 9.84204, 12.815254, 14.108738, 15.171155, 15.316301, 15.25987, 14.686656, 13.334045, 11.648012, 10.019585, 8.106879, 6.5315, 5.7315, 5.7315, 6.571108, 8.30727, 10.707552, 12.913429, 14.906529, 16.866921, 18.241329, 18.621977, 18.621977, 15.016425, 13.624106, 11.61911, 9.6628, 7.818973, 9.381023, 8.832468, 9.432468, 10.568904, 12.053163, 14.068822, 15.856772, 16.928284, 17.916199, 18.31082, 18.013355, 17.290378, 16.180116, 14.967773, 13.585969, 12.275497, 11.161372, 11.008441, 11.077781, 12.317139, 14.083676, 16.249824, 13.841505, 11.210915, 7.912431, 4.176123, 0.0, 0.0, 0.0]"
682,"[0.0, 0.0, 0.0, 0.0, 1.720465, 3.720465, 6.052846, 8.558839, 11.24212, 12.307333, 12.781196, 12.88192, 12.809033, 12.334823, 11.161597, 10.101947, 8.688646, 6.821227, 5.612154, 5.216255, 5.451284, 6.711831, 8.814478, 10.87389, 13.109873, 15.082785, 16.407985, 17.345204, 17.885792, 17.833257, 14.211103, 13.213232, 11.843749, 9.95255, 8.273015, 10.116924, 9.745311, 10.109243, 11.18612, 12.883256, 14.644898, 16.166489, 17.324148, 18.312063, 18.668054, 18.342746, 17.709188, 16.83597, 15.670058, 14.228847, 13.036664, 12.121636, 11.446267, 11.469176, 12.299073, 13.816563, 15.470132, 13.26106, 10.630471, 7.468193, 3.862642, 0.0, 0.0, 0.0]"
683,"[0.0, 0.0, 0.0, 0.0, 1.6, 3.8, 6.2, 8.807681, 11.83423, 13.260779, 14.120191, 14.505869, 14.498188, 13.888248, 13.097767, 11.561509, 10.040743, 8.440743, 6.745244, 5.586209, 5.519076, 6.342226, 7.81609, 9.880657, 12.034723, 14.071551, 15.561199, 16.860928, 17.680801, 17.729946, 14.237096, 13.100699, 11.213903, 9.064373, 7.184129, 8.640151, 8.085636, 8.19884, 9.304068, 10.788509, 12.612731, 14.331486, 15.731486, 16.480825, 16.906973, 16.789007, 15.969133, 15.042997, 13.820469, 12.396676, 10.931455, 9.866242, 9.48044, 9.628447, 10.37224, 11.900087, 13.801776, 11.713714, 9.477646, 6.847057, 3.622154, 0.0, 0.0, 0.0]"
684,"[0.0, 0.0, 0.0, 0.0, 1.788854, 3.84798, 6.44798, 9.233658, 12.019336, 13.392759, 14.360182, 14.786731, 14.608735, 14.223057, 13.070754, 11.855282, 10.045286, 8.457409, 6.951836, 6.158413, 5.947336, 6.730784, 8.31098, 10.423212, 12.630108, 14.453556, 16.336854, 17.66623, 18.20358, 18.132743, 14.709294, 13.546291, 11.626889, 9.88288, 8.374178, 10.163032, 9.442738, 9.841082, 10.731807, 12.282011, 14.031517, 15.569879, 16.767111, 17.574957, 17.679416, 17.541055, 16.866258, 15.860706, 14.598203, 13.158758, 11.758758, 10.78199, 10.241116, 10.53487, 11.580579, 13.073429, 15.265849, 13.206723, 10.6769, 7.572065, 4.079216, 0.0, 0.0, 0.0]"
685,"[0.0, 0.0, 0.0, 0.0, 1.886796, 3.945922, 6.830363, 9.714804, 12.714804, 14.083772, 15.28041, 15.395969, 15.395969, 15.116263, 14.14085, 12.771882, 11.186096, 9.378688, 8.072607, 7.20647, 6.968916, 7.971312, 10.024774, 11.921149, 14.369577, 16.770026, 18.282794, 19.42781, 20.000519, 19.760031, 15.71034, 14.807512, 13.061823, 11.237651, 9.741527, 11.867556, 11.257616, 11.327794, 12.430945, 13.615505, 14.982326, 16.50526, 17.930182, 18.651202, 19.060828, 19.128877, 18.189334, 17.006945, 15.531967, 14.092103, 12.59033, 11.826398, 11.392183, 11.783864, 12.709757, 14.272785, 16.255722, 13.847403, 11.047403, 7.841159, 4.219005, 0.0, 0.0, 0.0]"
686,"[0.0, 0.0, 0.0, 0.0, 1.456022, 3.49563, 5.775981, 8.249844, 11.296153, 12.886441, 13.625322, 14.187505, 14.404366, 13.903641, 12.837231, 11.755799, 10.079455, 8.021186, 6.108057, 4.976686, 4.62127, 5.618411, 7.491948, 9.859493, 12.135064, 14.049188, 15.279969, 16.461794, 17.022693, 17.022693, 13.766929, 13.063541, 11.355622, 9.317878, 7.6498, 9.4498, 8.798683, 9.099135, 10.439545, 12.042935, 13.498699, 15.108748, 16.450552, 17.192539, 17.738678, 17.682914, 16.833257, 15.611103, 14.205551, 12.609975, 11.449583, 10.708709, 10.58906, 11.217487, 12.331612, 13.852903, 15.635651, 13.3553, 10.526873, 7.402773, 3.841875, 0.0, 0.0, 0.0]"
687,"[0.0, 0.0, 0.0, 0.0, 1.720465, 3.883796, 6.325107, 9.167641, 11.94613, 13.35616, 14.239138, 14.771041, 14.792071, 14.446687, 13.3558, 12.1534, 10.396738, 8.254284, 6.453635, 5.63058, 5.242693, 6.114202, 7.993091, 10.33385, 12.373061, 14.566697, 16.29963, 17.50489, 18.137227, 18.087707, 14.438049, 13.025374, 11.259722, 9.49808, 7.853886, 9.415935, 8.904983, 9.145726, 9.901817, 11.312981, 12.98203, 14.577513, 15.790012, 16.688583, 17.044033, 16.812934, 16.162618, 15.11108, 13.775839, 12.506302, 11.403669, 10.57111, 10.338871, 10.608645, 11.608931, 12.967328, 14.88673, 12.677657, 10.244552, 7.185141, 3.929377, 0.0, 0.0, 0.0]"
688,"[0.0, 0.0, 0.0, 0.0, 1.456022, 3.544083, 5.960692, 8.643974, 11.422463, 12.966441, 13.720914, 14.132732, 13.995034, 13.496896, 12.340805, 11.060321, 9.398084, 7.484956, 5.83706, 5.407365, 5.542371, 6.921765, 9.117737, 11.741045, 13.887731, 15.910889, 17.248603, 18.091687, 18.507435, 18.257126, 14.536911, 13.159606, 11.651425, 9.959812, 8.546589, 10.63465, 10.33773, 10.981533, 12.001634, 13.310511, 14.828001, 16.439924, 17.479867, 18.409243, 18.939308, 18.686367, 18.02765, 17.153787, 15.698274, 14.395071, 13.24246, 12.488501, 11.948392, 12.636807, 13.621303, 15.446225, 17.242666, 14.809561, 11.647283, 8.229682, 4.204759, 0.0, 0.0, 0.0]"
689,"[0.0, 0.0, 0.0, 0.0, 1.720465, 3.846494, 6.287805, 8.849055, 11.677482, 12.930231, 13.524496, 13.967626, 14.014057, 13.602239, 12.865093, 11.667954, 9.949703, 8.063132, 6.246523, 5.087488, 4.905974, 5.739784, 7.459985, 9.638474, 11.514405, 13.483354, 15.160309, 16.324549, 16.898671, 17.298317, 13.987728, 12.784636, 10.887886, 9.25574, 7.465179, 8.988334, 8.163713, 8.663984, 9.351838, 10.796447, 12.498196, 14.104718, 15.248256, 16.192548, 16.416988, 16.055649, 15.663449, 14.727447, 13.791446, 12.648408, 11.794819, 10.94123, 10.760689, 10.817943, 11.593446, 12.89406, 14.461793, 12.225725, 9.751862, 6.888298, 3.577709, 0.0, 0.0, 0.0]"
690,"[0.0, 0.0, 0.0, 0.0, 1.612452, 3.775782, 6.056133, 8.834622, 11.787587, 13.038699, 13.787412, 14.175394, 14.065238, 13.545379, 12.917883, 11.61829, 10.16651, 8.219287, 6.418638, 5.38257, 5.22614, 5.906954, 7.659707, 9.747546, 11.606958, 13.574384, 15.299172, 16.43086, 17.116443, 17.057031, 13.633583, 12.411429, 10.616954, 8.667099, 7.10932, 8.55154, 7.860341, 8.329615, 9.347456, 10.62553, 12.288144, 13.810442, 14.76119, 15.417822, 15.650492, 15.430099, 14.977488, 14.02674, 13.059576, 11.895466, 10.660267, 9.692855, 9.223581, 9.534114, 10.465554, 11.862621, 13.657095, 11.846018, 9.372155, 6.651861, 3.605551, 0.0, 0.0, 0.0]"
691,"[0.0, 0.0, 0.0, 0.0, 1.720465, 3.956533, 6.373142, 8.973142, 11.946356, 13.089455, 13.681814, 14.072339, 13.880658, 13.107444, 12.24388, 10.829666, 9.239085, 7.551876, 6.428909, 5.843123, 6.428909, 7.612357, 9.691247, 11.814214, 14.005551, 15.826546, 17.471296, 18.600672, 19.330049, 19.460806, 15.639811, 14.458626, 12.738321, 10.808945, 9.112244, 11.17137, 10.588157, 11.069809, 12.181079, 13.535584, 15.164276, 16.571743, 17.601233, 18.373261, 18.584699, 18.568394, 18.191165, 17.601445, 16.401429, 15.301871, 13.910709, 12.880471, 12.082357, 11.999075, 12.65536, 14.111318, 15.760343, 13.427963, 10.827963, 7.665685, 3.929377, 0.0, 0.0, 0.0]"
692,"[0.0, 0.0, 0.0, 0.0, 1.843909, 4.12426, 6.598123, 9.461687, 12.488237, 13.650987, 14.370636, 14.896773, 14.840342, 14.222112, 13.424525, 12.224525, 10.624525, 9.082302, 7.840174, 6.896013, 7.13562, 8.015971, 9.810472, 11.900046, 14.429868, 16.375232, 17.957522, 18.923033, 19.692191, 19.396029, 15.411057, 14.231697, 12.487126, 10.698272, 8.9997, 10.897067, 10.272911, 10.600242, 11.364174, 12.892837, 14.494042, 15.933487, 16.997318, 17.859959, 18.326029, 18.180069, 17.740909, 16.932962, 15.503425, 13.989043, 12.8725, 11.976419, 11.393205, 11.401412, 11.89955, 12.974071, 14.30359, 12.023239, 9.581928, 6.803439, 3.49285, 0.0, 0.0, 0.0]"
693,"[0.0, 0.0, 0.0, 0.0, 1.843909, 4.079977, 6.55384, 9.527054, 12.500268, 13.702668, 14.245089, 14.549714, 14.184182, 13.652279, 12.7693, 11.711277, 10.274429, 8.686552, 7.461793, 6.640103, 6.616694, 7.254952, 9.063576, 10.958293, 12.872416, 14.736259, 16.476575, 17.42174, 17.916022, 17.988921, 14.428022, 13.315488, 11.705226, 9.943584, 8.138075, 9.949152, 9.341471, 9.387213, 10.350438, 11.853832, 13.248999, 14.85455, 16.251029, 17.06605, 17.661655, 17.514822, 16.772835, 15.641147, 14.255061, 12.642882, 11.583471, 10.729882, 10.34408, 10.614004, 11.21171, 12.33581, 13.886734, 11.798672, 9.29268, 6.684999, 3.560899, 0.0, 0.0, 0.0]"
694,"[0.0, 0.0, 0.0, 0.0, 1.523155, 3.420521, 5.656589, 8.162582, 10.770263, 12.025597, 12.970765, 13.425421, 13.610153, 13.282823, 12.348243, 11.202766, 9.926254, 8.312563, 7.032212, 6.265336, 6.130329, 6.996467, 8.610159, 10.452693, 12.81659, 14.860091, 16.353333, 17.33412, 17.990157, 17.780326, 14.174774, 12.817791, 11.30961, 9.508095, 7.800151, 9.611228, 9.194619, 9.439607, 10.549684, 12.22653, 14.015453, 15.820712, 17.017945, 17.832965, 17.888729, 17.451007, 16.618961, 15.487273, 14.14547, 12.929313, 11.777011, 10.813772, 10.42797, 10.564229, 11.30311, 12.791706, 14.555323, 12.467262, 10.050652, 7.272164, 3.773592, 0.0, 0.0, 0.0]"
695,"[0.0, 0.0, 0.0, 0.0, 1.720465, 3.883796, 6.325107, 9.167641, 12.140855, 13.53166, 14.492429, 15.051118, 14.816264, 14.349043, 13.570154, 12.16652, 10.72857, 9.287079, 7.997639, 7.079471, 7.202915, 8.057475, 9.864498, 11.879044, 14.259564, 16.400627, 17.913394, 19.063286, 19.679264, 19.534188, 15.549216, 14.448267, 12.605512, 10.817562, 9.011813, 10.732278, 10.139919, 10.333431, 11.13787, 12.456238, 14.088384, 15.647049, 17.035828, 17.843775, 18.287049, 18.375368, 17.704735, 16.684627, 15.293466, 14.020296, 12.476732, 11.39224, 10.749706, 10.877674, 11.571843, 13.027087, 14.972451, 12.772451, 10.364132, 7.337583, 3.984972, 0.0, 0.0, 0.0]"
696,"[0.0, 0.0, 0.0, 0.0, 1.456022, 3.49563, 5.731698, 8.164803, 11.028367, 12.545559, 13.189233, 13.560846, 13.735421, 13.152208, 12.022903, 10.901672, 9.460181, 7.484956, 5.83706, 4.84168, 4.84168, 5.83882, 7.814045, 10.18159, 12.457162, 14.45601, 15.980497, 17.060634, 17.454747, 17.454747, 13.893848, 12.486381, 10.642472, 8.771514, 7.491323, 9.291323, 9.05058, 9.487022, 10.563868, 11.882236, 13.338, 14.94805, 16.289853, 17.295405, 17.733127, 17.677363, 17.034365, 16.212211, 14.815731, 13.225707, 12.065314, 11.117781, 10.598132, 11.217487, 12.331612, 13.979822, 16.024353, 13.744002, 10.915575, 7.791475, 4.103657, 0.0, 0.0, 0.0]"
697,"[0.0, 0.0, 0.0, 0.0, 1.843909, 4.12426, 6.598123, 9.571337, 12.617646, 13.904232, 14.623882, 15.150018, 15.019338, 14.663754, 13.81361, 12.510666, 10.92488, 9.159378, 7.468654, 6.265336, 6.265336, 6.831021, 8.444713, 10.555983, 13.039849, 15.063007, 16.966406, 18.158979, 18.821301, 18.758974, 15.038759, 13.838743, 12.287826, 10.21129, 8.433184, 10.277093, 9.593811, 9.470502, 10.58058, 11.866774, 13.628417, 15.433676, 17.029863, 18.043724, 18.686722, 18.336935, 17.591087, 16.649392, 15.064466, 13.424783, 12.169019, 11.149215, 10.521719, 10.893332, 11.725891, 13.120003, 15.040194, 12.804126, 10.196445, 7.353911, 3.959798, 0.0, 0.0, 0.0]"
698,"[0.0, 0.0, 0.0, 0.0, 1.523155, 3.312009, 5.466075, 7.807015, 10.527309, 11.672487, 12.514222, 12.990745, 13.257486, 12.537192, 11.66886, 10.452484, 8.621895, 6.646669, 5.046669, 4.07129, 3.73411, 4.831476, 6.287082, 8.750646, 10.985437, 13.164168, 14.69025, 16.008066, 16.544502, 16.48509, 13.229326, 12.005877, 10.609975, 8.859217, 7.139842, 8.752294, 8.44966, 8.720036, 9.739127, 11.563337, 13.303496, 14.75874, 16.056098, 16.965474, 17.359211, 17.231503, 16.599186, 15.741771, 14.223188, 12.621984, 11.24099, 10.520696, 9.840009, 10.501177, 11.577025, 13.310824, 15.157901, 13.118293, 10.397999, 7.424786, 3.847077, 0.0, 0.0, 0.0]"
699,"[0.0, 0.0, 0.0, 0.0, 1.811077, 4.020149, 6.62783, 9.42783, 12.434489, 13.630072, 14.249427, 14.50531, 14.373643, 13.896806, 12.787513, 11.48224, 9.835229, 7.966896, 6.158184, 5.155245, 5.244542, 6.264057, 8.094646, 10.432948, 13.03137, 15.213652, 16.840226, 18.149179, 18.847427, 18.754577, 14.959844, 13.875691, 12.277088, 10.363338, 8.563338, 10.21258, 9.222946, 9.162356, 9.726766, 10.9693, 12.575822, 14.192845, 15.473393, 16.563645, 17.219682, 17.094413, 16.5521, 15.854766, 14.697135, 13.361894, 12.075308, 11.000598, 10.034401, 9.929529, 10.594625, 12.156593, 13.967739, 12.070372, 9.834304, 7.005877, 3.6, 0.0, 0.0, 0.0]"
700,"[0.0, 0.0, 0.0, 0.0, 1.414214, 3.540243, 5.802984, 8.493709, 11.054959, 12.361039, 13.187975, 13.341842, 12.992058, 12.584874, 11.761946, 10.265004, 8.742822, 6.967567, 5.445957, 4.443017, 4.26762, 5.499222, 7.494786, 9.915198, 12.245674, 14.542758, 16.093684, 17.20939, 17.833478, 17.907059, 14.32935, 13.372689, 11.8498, 10.059641, 8.17537, 9.884171, 8.974953, 9.020888, 9.934091, 11.519878, 13.011077, 14.6, 16.20526, 17.210519, 17.633968, 17.689732, 17.349143, 16.407448, 14.838257, 13.424783, 11.980096, 10.818051, 10.013613, 10.185864, 10.866613, 12.33578, 13.999312, 11.940186, 9.531867, 6.841143, 3.560899, 0.0, 0.0, 0.0]"
701,"[0.0, 0.0, 0.0, 0.0, 1.612452, 3.821524, 6.229843, 9.236502, 12.236502, 13.82405, 14.621637, 15.239868, 14.901541, 14.181892, 13.069953, 11.712536, 9.950898, 8.282565, 6.5679, 5.499643, 5.264614, 6.009678, 7.417997, 9.459992, 11.695953, 13.63435, 15.229926, 16.314457, 17.199626, 17.254451, 13.90184, 12.896289, 11.4915, 9.647893, 7.751517, 9.207539, 8.169589, 8.061427, 8.973434, 10.532434, 12.187682, 14.019745, 15.29561, 16.140238, 16.447268, 16.388865, 15.773242, 15.125158, 14.051662, 12.615327, 11.406368, 10.33668, 9.738974, 9.814913, 10.971004, 12.532972, 14.429723, 12.419747, 10.011429, 7.011429, 3.605551, 0.0, 0.0, 0.0]"
702,"[0.0, 0.0, 0.0, 0.0, 1.414214, 3.424189, 5.660257, 8.093362, 10.567225, 11.753011, 12.426318, 12.797931, 12.697207, 12.223343, 11.467252, 10.198184, 8.667536, 6.935155, 5.500841, 4.733965, 4.842906, 6.001941, 7.907934, 10.120737, 12.323948, 14.206671, 15.812477, 16.98344, 17.599064, 17.574584, 14.168706, 12.888082, 11.337156, 9.663508, 8.056986, 9.656986, 9.135344, 9.289666, 10.354879, 11.867914, 13.811923, 15.508624, 16.87793, 17.714407, 18.15768, 18.019548, 17.489484, 16.839827, 15.625991, 14.256508, 13.130982, 12.257119, 11.818368, 12.383263, 13.553072, 15.156019, 16.87333, 14.31208, 11.338866, 7.932989, 4.049691, 0.0, 0.0, 0.0]"
703,"[0.0, 0.0, 0.0, 0.0, 1.708801, 3.606167, 6.135989, 8.804322, 11.667886, 12.787513, 13.69728, 13.767458, 13.699125, 13.24388, 12.22653, 11.019396, 9.619396, 7.651851, 5.964643, 5.370118, 5.170118, 6.17919, 8.146735, 10.425625, 12.614949, 14.837104, 16.277689, 17.524766, 18.212583, 17.911541, 14.289387, 13.113593, 11.502584, 9.414766, 7.724145, 9.2473, 8.617345, 8.507306, 9.6276, 11.055921, 12.938644, 14.500612, 16.051538, 16.869605, 17.432948, 17.189349, 16.667912, 15.875398, 14.617388, 13.33754, 12.019171, 10.843531, 10.195158, 10.514807, 11.395437, 13.173682, 15.285876, 13.049808, 10.449808, 7.443149, 3.820995, 0.0, 0.0, 0.0]"
704,"[0.0, 0.0, 0.0, 0.0, 1.414214, 3.063456, 5.343807, 7.684747, 10.368028, 11.459807, 12.418246, 12.546214, 12.331303, 11.627921, 10.818984, 9.342674, 7.782883, 6.104068, 4.689854, 3.887225, 4.279009, 5.400252, 7.459032, 9.777787, 12.045638, 14.060844, 15.768028, 16.800396, 17.321833, 17.159555, 13.621194, 12.224589, 10.666127, 8.872701, 7.521944, 9.121944, 8.685502, 9.179466, 10.287309, 11.742901, 13.830719, 15.674628, 16.850422, 17.752282, 18.252998, 18.170732, 17.482914, 16.633257, 15.419421, 14.049938, 12.414158, 11.694509, 11.157251, 11.748932, 12.841528, 14.921447, 17.031996, 14.769254, 11.769254, 8.440591, 4.3909, 0.0, 0.0, 0.0]"
705,"[0.0, 0.0, 0.0, 0.0, 1.56205, 3.405959, 5.531988, 8.093238, 10.813532, 12.029971, 12.964551, 13.521803, 13.377162, 12.937219, 12.198338, 10.875871, 9.269623, 7.418699, 5.538348, 4.219851, 4.105469, 4.748902, 6.515597, 8.798878, 11.030733, 12.920191, 14.617327, 15.637557, 16.21004, 16.316487, 13.085388, 11.903855, 10.260045, 8.56633, 6.673109, 8.087323, 7.451255, 7.942454, 8.988085, 10.821895, 12.613925, 14.419802, 15.841956, 16.686811, 16.942575, 16.795742, 16.175543, 15.221722, 14.005254, 12.759465, 11.710029, 10.811147, 10.584126, 11.176485, 12.560622, 14.227602, 16.727148, 14.285837, 11.45741, 8.063298, 4.386342, 0.0, 0.0, 0.0]"
706,"[0.0, 0.0, 0.0, 0.0, 1.843909, 3.93197, 6.212321, 8.686184, 11.549749, 12.534267, 13.472755, 13.999538, 13.925674, 13.271182, 12.442755, 10.816206, 9.209072, 7.441528, 5.953566, 5.170118, 5.170118, 5.970118, 7.737663, 9.816553, 11.806244, 13.631147, 15.478224, 16.814532, 17.367143, 17.323177, 14.098274, 12.487265, 10.760932, 8.808321, 7.102065, 8.664115, 8.271956, 8.425312, 9.632993, 11.30107, 13.299919, 15.143828, 16.668315, 17.748452, 18.065282, 17.945314, 17.257496, 16.177359, 14.769892, 13.172871, 11.791067, 10.830675, 10.432066, 11.158374, 12.520709, 14.481533, 17.059284, 14.850212, 11.843553, 8.637309, 4.617359, 0.0, 0.0, 0.0]"
707,"[0.0, 0.0, 0.0, 0.0, 1.523155, 3.582281, 5.818349, 8.324341, 10.924341, 12.001187, 12.415924, 12.612961, 12.343036, 11.753011, 10.964089, 9.904439, 8.491138, 6.97618, 5.986009, 5.574932, 6.170693, 7.359961, 9.445985, 11.632425, 13.832425, 15.428001, 17.238879, 18.25274, 18.696154, 18.351918, 14.746367, 13.159521, 11.538527, 9.898844, 8.540447, 10.384356, 10.231601, 10.874136, 11.98826, 13.651792, 15.649758, 17.473064, 18.734187, 19.451962, 19.611278, 19.374955, 18.599961, 17.338838, 15.938275, 14.763644, 13.321424, 12.273111, 11.838896, 12.404244, 13.45866, 15.295329, 17.614978, 15.206659, 12.2, 8.6, 4.6, 0.0, 0.0, 0.0]"
708,"[0.0, 0.0, 0.0, 0.0, 1.720465, 3.883796, 6.389789, 9.07307, 11.756352, 13.082196, 13.892079, 14.24965, 13.999474, 13.55226, 12.515926, 11.386621, 9.787968, 8.203391, 6.987127, 6.377152, 6.34432, 7.288481, 9.247087, 11.433527, 13.633527, 15.62245, 17.218637, 18.232498, 18.847249, 18.472152, 14.672152, 13.275211, 11.654217, 9.644299, 7.942551, 9.786459, 9.541471, 9.949152, 10.916564, 12.722073, 14.598379, 16.155263, 17.389457, 18.570766, 18.92992, 18.333805, 17.456124, 16.456784, 14.777337, 12.933428, 11.332483, 10.499924, 9.857389, 10.384172, 11.765167, 14.089089, 16.123863, 13.923863, 11.11673, 7.891826, 4.04475, 0.0, 0.0, 0.0]"
709,"[0.0, 0.0, 0.0, 0.0, 1.414214, 3.258122, 5.467195, 7.676267, 10.076267, 11.062053, 11.626463, 11.850496, 11.877492, 11.5171, 10.928177, 9.73641, 8.303305, 6.699693, 5.381195, 4.835029, 5.462386, 6.698454, 8.539862, 10.981029, 13.133719, 14.78266, 16.409234, 17.606883, 17.943176, 17.854238, 14.361388, 13.004739, 11.421289, 9.733795, 8.415106, 10.503168, 10.233243, 10.752862, 12.072281, 13.560877, 15.497738, 17.286592, 18.728602, 19.583079, 20.013884, 19.63862, 18.869461, 17.683334, 15.978713, 14.285405, 12.799078, 11.823665, 11.466093, 12.232052, 13.413585, 15.299946, 17.773541, 15.267548, 12.221239, 8.803637, 4.753946, 0.0, 0.0, 0.0]"
710,"[0.0, 0.0, 0.0, 0.0, 1.649242, 3.68885, 5.924918, 8.358023, 10.965704, 11.924143, 12.884535, 13.256148, 13.231362, 12.859749, 12.262043, 10.874495, 9.483366, 8.094851, 6.424469, 5.434297, 5.236059, 6.029482, 7.417997, 9.459992, 11.466738, 13.308288, 14.842322, 15.978012, 16.722942, 16.858671, 13.602907, 12.339248, 10.444482, 8.491871, 6.785615, 8.347665, 7.911223, 8.703292, 10.023586, 11.691664, 13.385378, 15.07983, 16.17688, 16.862464, 17.018608, 16.815711, 16.055839, 14.849858, 13.443981, 12.007646, 10.675244, 9.545997, 9.213616, 9.821297, 11.202291, 13.10398, 15.673743, 13.673743, 11.066062, 7.841159, 4.219005, 0.0, 0.0, 0.0]"
711,"[0.0, 0.0, 0.0, 0.0, 1.612452, 3.622427, 5.831499, 8.264604, 10.932937, 11.988818, 12.76452, 13.23873, 13.311618, 12.975666, 12.194129, 11.128916, 9.522668, 7.649131, 5.763963, 4.725695, 4.346871, 4.978639, 6.762792, 8.99886, 10.928821, 12.640048, 14.211491, 15.200759, 15.641577, 15.836302, 12.783435, 11.944502, 10.25909, 8.658145, 6.884931, 8.299144, 7.380988, 7.660523, 8.578679, 10.26312, 12.248907, 14.125752, 15.618602, 16.594892, 17.063062, 16.82534, 16.093673, 14.836891, 13.507351, 11.677894, 10.212673, 9.264805, 9.068345, 9.413389, 10.916783, 12.643176, 14.942661, 12.903053, 10.469948, 7.443399, 4.01995, 0.0, 0.0, 0.0]"
712,"[0.0, 0.0, 0.0, 0.0, 1.4, 3.2, 5.4, 7.6, 10.008319, 11.016638, 11.649743, 11.730094, 11.810445, 11.490187, 10.605023, 9.513558, 8.310241, 6.62989, 5.107514, 4.216815, 4.075174, 4.809218, 6.445286, 8.708028, 11.134984, 13.097261, 14.703786, 15.778307, 16.260469, 15.979546, 12.817268, 11.635735, 10.169055, 8.272679, 6.710743, 8.233898, 7.841738, 8.27818, 9.692394, 11.449055, 13.181665, 14.898655, 16.223855, 17.16902, 17.867319, 17.922144, 17.407554, 16.485284, 14.94776, 13.439579, 11.972898, 11.014651, 10.764474, 11.554955, 13.013778, 15.174866, 17.491348, 15.058243, 12.031694, 8.40954, 4.404543, 0.0, 0.0, 0.0]"
713,"[0.0, 0.0, 0.0, 0.0, 1.264911, 3.10882, 5.148428, 7.581533, 10.189214, 11.531984, 12.295756, 12.863829, 12.863829, 12.295756, 11.531984, 10.189214, 8.601337, 6.568232, 4.975837, 3.931929, 3.867017, 4.847214, 7.047214, 9.4, 12.005877, 14.229326, 15.722176, 16.666185, 17.359035, 17.305768, 13.88232, 12.919292, 11.219192, 9.326342, 7.238642, 8.800692, 8.27087, 8.759342, 10.043783, 11.941149, 13.82003, 15.507847, 17.135265, 18.071818, 18.597358, 18.436672, 17.911132, 16.951334, 15.538658, 13.85084, 12.629723, 11.507053, 11.114734, 11.906415, 13.511966, 15.671845, 18.448875, 15.841194, 12.641194, 9.035642, 4.816638, 0.0, 0.0, 0.0]"
714,"[0.0, 0.0, 0.0, 0.0, 1.442221, 3.329017, 5.388143, 7.988143, 10.588143, 11.866216, 12.610009, 12.959202, 12.759202, 12.159202, 11.238908, 10.208319, 8.819804, 6.867017, 5.691639, 4.891639, 4.90409, 5.923894, 8.10727, 10.089782, 12.49566, 14.483208, 16.448597, 17.423559, 18.221977, 18.239548, 14.639548, 13.242232, 11.636681, 9.842207, 8.207612, 9.769662, 9.048778, 9.381158, 10.253363, 11.689412, 13.798874, 15.68567, 17.353289, 18.670008, 19.266099, 19.271542, 18.892062, 17.72049, 16.411214, 14.753551, 13.312663, 12.351656, 12.123229, 12.239638, 13.569157, 15.456194, 17.535295, 14.935295, 12.128161, 8.635311, 4.512206, 0.0, 0.0, 0.0]"
715,"[0.0, 0.0, 0.0, 0.0, 1.56205, 3.56205, 5.824792, 8.370376, 11.061101, 12.383492, 13.066774, 13.404032, 13.094515, 12.373562, 11.33303, 9.914659, 8.209087, 6.538704, 5.368933, 4.602057, 4.779366, 5.944065, 8.061661, 10.314529, 12.815204, 14.978535, 16.714142, 17.767169, 18.45061, 18.365751, 14.7602, 13.596056, 12.013813, 10.164301, 8.233501, 10.022356, 9.431374, 9.710413, 10.652044, 12.314897, 14.018893, 15.715593, 17.018797, 17.985103, 18.365751, 18.45061, 17.760611, 16.887867, 15.693133, 14.520687, 12.952954, 12.314963, 12.051399, 12.314963, 13.210522, 15.362277, 17.394679, 14.794679, 11.931114, 8.602451, 4.440721, 0.0, 0.0, 0.0]"
716,"[0.0, 0.0, 0.0, 0.0, 1.264911, 3.10882, 5.196881, 7.432949, 9.938942, 11.281712, 11.879114, 12.336637, 12.38092, 11.718836, 10.673205, 9.398084, 7.57361, 5.740473, 4.343778, 3.502838, 3.678288, 5.016304, 7.075083, 9.62787, 12.03086, 13.944983, 15.279969, 16.168089, 16.423853, 16.423853, 13.168089, 12.215288, 10.665084, 8.932475, 7.222588, 9.022588, 8.620885, 9.057327, 10.134172, 11.951058, 13.568659, 15.26536, 16.832086, 18.05308, 18.444135, 18.632085, 18.102021, 17.062078, 15.674188, 14.332385, 12.962902, 12.037008, 11.671186, 12.01657, 13.23479, 15.203481, 17.756349, 15.315038, 12.536549, 9.037978, 4.833218, 0.0, 0.0, 0.0]"
717,"[0.0, 0.0, 0.0, 0.0, 1.8, 3.8, 6.208319, 8.616638, 11.423772, 12.452199, 13.315763, 13.507444, 13.515734, 12.944669, 12.175367, 10.834958, 9.254762, 7.438153, 5.923195, 4.941102, 4.873969, 5.942226, 7.81609, 10.141289, 12.374845, 14.590335, 16.275866, 17.575595, 18.134837, 18.265178, 14.593666, 13.261385, 11.820173, 10.111989, 8.482136, 10.326044, 9.7821, 9.7821, 10.492414, 11.681337, 13.44298, 15.217125, 16.909667, 18.164627, 18.95936, 18.70642, 18.09432, 17.042611, 15.46032, 13.753649, 12.244947, 11.029444, 10.292298, 10.875511, 11.846862, 13.85003, 16.05087, 13.814802, 10.951238, 7.891826, 4.04475, 0.0, 0.0, 0.0]"
718,"[0.0, 0.0, 0.0, 0.0, 1.0, 2.612452, 4.612452, 6.738481, 9.001222, 10.409541, 11.077441, 11.240771, 11.084514, 10.530573, 9.645409, 8.629969, 7.099094, 5.576536, 4.314948, 3.640322, 3.506782, 4.718235, 6.533763, 8.494868, 10.64634, 12.567837, 14.052592, 15.014753, 15.736929, 15.689894, 12.637026, 11.814356, 10.201904, 8.768465, 7.338655, 8.951107, 8.256191, 8.879807, 9.81334, 11.118613, 12.92961, 14.740687, 16.11017, 17.079581, 17.856705, 17.439916, 16.824421, 15.849459, 14.649459, 13.25298, 12.09023, 11.08357, 10.57901, 10.587329, 11.540535, 13.416841, 15.743502, 13.617473, 11.209154, 8.046877, 4.326662, 0.0, 0.0, 0.0]"
719,"[0.0, 0.0, 0.0, 0.0, 1.280625, 3.00109, 5.127119, 7.40747, 9.848781, 11.009467, 11.705611, 11.920522, 11.728233, 11.13083, 10.301971, 9.299575, 7.783256, 6.142409, 4.4985, 3.607159, 3.324316, 4.479594, 6.295122, 8.656371, 11.097539, 13.128446, 14.548547, 15.685805, 16.435144, 16.403362, 13.241084, 12.077152, 10.466007, 8.569631, 6.962291, 8.376504, 7.951513, 8.25072, 9.504839, 11.08652, 12.92807, 14.569528, 16.302462, 17.455124, 17.756166, 17.700402, 17.447867, 16.426872, 15.213558, 13.847289, 12.544655, 11.231452, 10.318248, 9.946635, 11.037522, 12.633005, 14.984133, 13.097337, 10.861269, 7.730774, 4.237924, 0.0, 0.0, 0.0]"
720,"[0.0, 0.0, 0.0, 0.0, 1.442221, 3.442221, 5.774601, 8.494895, 11.215189, 12.65741, 13.520974, 13.788593, 13.409239, 13.029885, 12.042811, 10.828489, 9.305522, 7.597037, 5.656097, 4.324416, 3.675174, 4.160191, 5.691066, 7.981791, 10.389319, 12.500589, 14.194303, 15.43685, 16.152002, 16.459032, 13.347763, 12.653248, 11.134167, 9.008915, 6.805704, 7.825508, 6.430448, 6.105702, 7.087819, 8.701511, 10.510134, 12.455213, 14.148928, 15.010286, 15.481839, 15.706279, 15.278291, 14.258595, 13.193621, 11.593393, 9.82115, 8.40278, 7.779163, 7.617404, 8.471963, 10.054903, 12.461504, 10.849052, 8.951685, 6.535076, 3.671512, 0.0, 0.0, 0.0]"
721,"[0.0, 0.0, 0.0, 0.0, 1.4, 3.4, 5.808319, 8.216638, 10.847227, 12.275654, 12.943987, 13.009532, 13.131035, 12.654511, 11.534885, 10.208193, 8.628757, 6.698935, 4.992082, 4.083282, 3.958193, 4.676218, 6.28529, 8.445757, 10.652416, 12.635864, 14.423412, 15.620218, 16.21878, 16.418365, 13.218365, 12.448954, 11.053052, 9.261022, 7.131811, 7.980339, 6.426783, 6.029259, 6.615046, 7.938013, 9.889485, 11.819111, 13.213319, 14.438222, 15.097633, 15.357045, 15.21395, 14.737113, 13.792561, 12.382391, 10.722979, 9.124326, 7.725875, 7.057976, 7.749673, 9.069968, 11.103541, 9.97217, 8.359719, 6.018779, 3.298485, 0.0, 0.0, 0.0]"
722,"[0.0, 0.0, 0.0, 0.0, 1.280625, 3.167421, 5.330752, 7.663133, 10.169125, 11.394493, 12.190979, 12.444257, 12.452816, 12.227174, 11.760789, 10.689959, 9.489903, 7.748963, 5.668612, 3.911847, 3.193822, 3.14346, 4.430257, 6.562637, 8.970519, 11.049306, 13.13888, 14.507848, 15.431231, 15.71372, 12.740506, 11.893061, 10.334353, 8.359214, 6.405804, 7.230425, 6.102731, 5.967725, 6.850431, 8.391876, 10.540469, 12.515608, 14.347671, 15.590217, 16.309212, 16.335998, 16.080234, 15.192114, 14.118617, 12.400424, 10.842644, 9.107555, 8.201562, 7.908789, 8.687679, 10.298326, 12.704927, 11.104927, 9.065319, 6.724379, 3.671512, 0.0, 0.0, 0.0]"
723,"[0.0, 0.0, 0.0, 0.0, 1.649242, 3.493151, 5.581212, 8.055076, 10.723409, 11.704756, 12.491436, 13.011056, 12.937192, 12.477932, 11.857318, 10.83918, 9.251303, 7.651303, 5.725073, 4.115098, 3.397074, 3.718911, 4.888682, 7.022449, 9.222449, 11.55912, 13.635081, 15.209319, 16.336718, 17.035203, 13.804104, 12.860366, 11.404418, 9.20205, 7.034936, 7.859557, 6.405498, 5.659077, 6.287208, 7.572447, 9.61139, 11.822685, 13.712143, 15.094982, 15.976857, 16.369057, 16.19737, 15.596861, 14.480318, 13.025742, 11.034889, 9.106848, 7.496063, 7.059995, 7.452154, 8.855576, 11.268214, 10.24841, 8.44841, 6.212342, 3.544009, 0.0, 0.0, 0.0]"
724,"[0.0, 0.0, 0.0, 0.0, 1.16619, 2.72824, 4.72824, 7.136559, 9.682144, 11.061538, 12.060737, 12.621987, 12.546049, 12.059591, 11.483778, 10.264169, 8.779952, 7.080027, 5.303744, 3.781186, 3.333972, 3.59858, 4.935896, 7.069662, 9.50689, 11.77474, 13.713343, 15.149449, 16.138717, 16.51004, 13.347763, 12.895946, 11.653399, 9.689743, 7.511011, 8.511011, 6.848775, 6.099657, 6.657437, 8.141654, 9.984188, 11.942097, 13.921996, 15.316109, 16.29322, 16.856563, 17.012707, 16.503036, 15.441304, 13.902943, 12.194122, 10.255519, 8.58763, 7.904492, 8.14056, 9.443504, 11.50774, 10.291188, 8.641945, 6.405877, 3.405877, 0.0, 0.0, 0.0]"
725,"[0.0, 0.0, 0.0, 0.0, 1.077033, 2.418674, 4.31604, 6.404102, 8.684452, 9.88777, 10.979235, 11.29094, 11.411951, 11.1316, 10.662326, 9.841673, 8.652405, 7.075788, 5.075788, 3.464711, 2.746687, 2.893073, 4.147414, 6.310745, 8.656329, 10.735116, 12.693025, 13.968506, 14.805176, 15.144032, 12.170819, 11.379099, 10.103618, 8.517832, 6.799581, 7.599581, 6.344233, 6.019487, 6.868015, 8.247409, 10.420623, 12.46769, 14.311517, 15.654327, 16.607313, 17.211808, 17.487708, 16.945395, 15.756453, 14.49395, 12.803038, 10.845258, 9.594145, 9.187511, 9.231794, 10.130676, 12.359967, 10.747516, 8.73754, 6.45719, 3.671512, 0.0, 0.0, 0.0]"
726,"[0.0, 0.0, 0.0, 0.0, 1.216553, 2.829004, 4.838979, 7.247298, 9.854979, 11.269016, 12.484991, 13.143349, 13.208894, 12.881563, 12.339035, 11.033763, 9.707071, 8.127635, 6.294497, 4.489279, 3.687235, 3.511784, 4.229808, 6.018663, 8.33582, 10.400388, 12.280506, 13.641269, 14.567478, 14.879522, 12.093845, 11.327886, 10.003915, 8.183278, 5.992344, 6.592344, 5.20642, 4.837803, 5.340071, 6.74499, 8.865284, 11.094957, 12.8672, 14.248194, 15.25266, 15.662861, 15.402325, 14.87928, 13.995317, 12.653676, 10.803806, 9.106432, 7.793162, 7.064674, 7.616759, 9.199699, 11.63906, 10.422507, 8.810055, 6.469115, 3.605551, 0.0, 0.0, 0.0]"
727,"[0.0, 0.0, 0.0, 0.0, 1.019804, 2.632255, 4.443332, 6.652405, 8.861477, 10.249992, 11.03754, 11.626463, 11.82571, 11.82571, 11.228468, 10.47771, 9.097514, 7.321651, 5.312579, 3.784344, 3.029529, 3.29035, 4.544691, 6.905941, 9.451525, 11.668368, 13.643507, 15.162588, 16.007216, 16.178789, 13.067519, 12.144135, 10.435314, 8.310062, 6.204489, 7.02911, 5.977354, 5.842348, 6.725054, 8.550921, 10.7263, 12.725919, 14.569746, 15.944776, 16.618595, 17.024472, 16.868328, 16.435665, 15.458553, 14.064441, 12.072777, 10.213588, 8.456927, 7.684532, 8.09285, 9.651851, 11.792817, 10.576264, 8.78741, 6.379091, 3.405877, 0.0, 0.0, 0.0]"
728,"[0.0, 0.0, 0.0, 0.0, 1.0, 2.442221, 4.329017, 6.492348, 8.824728, 10.157109, 11.131498, 11.585641, 11.763251, 11.584936, 11.096464, 10.329097, 9.007961, 7.267021, 5.112955, 3.669046, 3.039608, 3.632255, 5.071863, 7.545727, 10.308004, 12.705802, 14.671059, 16.20916, 17.313005, 17.550728, 14.133126, 12.972027, 11.36409, 9.435623, 7.035623, 8.035623, 6.785204, 6.712799, 7.299625, 8.967958, 11.223722, 13.550381, 15.389323, 16.947988, 17.885207, 18.207151, 18.114302, 17.241557, 15.682892, 14.047113, 12.118646, 9.935199, 8.352259, 7.678241, 8.125079, 9.580671, 12.100427, 10.819802, 9.257752, 6.841143, 3.736308, 0.0, 0.0, 0.0]"
729,"[0.0, 0.0, 0.0, 0.0, 1.414214, 3.11127, 5.091169, 7.217198, 9.778448, 11.084528, 12.271913, 13.070503, 13.450466, 13.305826, 12.8216, 11.64596, 10.132382, 8.258845, 6.042235, 4.253381, 3.761133, 4.145464, 5.793359, 8.379037, 11.162922, 13.439219, 15.547636, 17.211902, 18.183883, 18.530493, 15.037643, 14.058473, 12.349924, 10.048288, 7.670579, 8.747612, 7.135313, 6.548488, 7.328534, 8.759123, 10.937854, 13.224199, 15.118966, 16.488449, 17.534815, 17.771901, 17.629954, 16.864434, 15.764876, 13.796721, 11.759893, 9.665857, 7.735896, 6.753058, 7.324608, 9.12435, 11.952547, 11.104019, 9.580865, 7.300514, 4.04475, 0.0, 0.0, 0.0]"
730,"[0.0, 0.0, 0.0, 0.0, 1.16619, 2.608411, 4.328876, 6.328876, 8.492207, 9.606367, 10.444498, 11.004383, 11.130412, 10.946981, 10.363686, 9.36396, 7.978036, 6.299221, 4.319322, 3.069479, 2.865887, 3.620702, 5.213097, 7.843686, 10.423021, 12.751866, 14.508501, 16.068893, 17.038304, 17.211755, 13.805877, 13.0, 11.211077, 9.025291, 6.825291, 7.719718, 6.319718, 6.157883, 6.641036, 7.981976, 10.060763, 12.213374, 14.056981, 15.652464, 16.76406, 17.015749, 16.689687, 16.003971, 14.521096, 12.681013, 10.721021, 8.825842, 7.235261, 6.837738, 7.313347, 9.02165, 11.383129, 10.166576, 8.554125, 6.466064, 3.49285, 0.0, 0.0, 0.0]"
731,"[0.0, 0.0, 0.0, 0.0, 1.16619, 2.689345, 4.478199, 6.714267, 9.130877, 10.564686, 11.641532, 12.382499, 12.620295, 12.484036, 11.923644, 10.737858, 9.208036, 7.334172, 5.053821, 3.414214, 3.0, 3.612452, 5.221524, 7.889857, 10.594692, 12.947302, 14.940402, 16.336881, 17.08615, 17.212414, 13.859803, 12.784074, 11.266584, 9.263196, 6.856718, 7.705246, 6.391977, 5.903915, 6.889702, 8.865081, 11.016553, 13.2, 15.40526, 16.826254, 17.478789, 17.734554, 17.393965, 16.45227, 14.867343, 13.02726, 10.971495, 9.078274, 7.3809, 6.794075, 7.581623, 9.587867, 12.242671, 11.076481, 9.427239, 7.027239, 3.820995, 0.0, 0.0, 0.0]"
732,"[0.0, 0.0, 0.0, 0.0, 1.216553, 2.865795, 4.709704, 6.749311, 8.985379, 10.43716, 11.45625, 11.892692, 11.941146, 11.674849, 10.795371, 9.468679, 8.082755, 6.441908, 4.672136, 3.448967, 3.387951, 4.19058, 6.006108, 8.351693, 10.759221, 12.75884, 14.502714, 15.738543, 16.521622, 16.877072, 13.596828, 12.597209, 10.942547, 8.894508, 6.460272, 7.092728, 5.651416, 5.330662, 5.947404, 7.393917, 9.547139, 11.778238, 13.565672, 14.978895, 16.037955, 16.47718, 15.966375, 14.819117, 13.508528, 11.550748, 9.345649, 7.519782, 6.250879, 5.900121, 6.666973, 8.653828, 11.359401, 10.464974, 8.815731, 6.606659, 3.6, 0.0, 0.0, 0.0]"
733,"[0.0, 0.0, 0.0, 0.0, 1.16619, 2.778642, 4.567496, 6.626622, 8.86269, 10.028881, 10.833038, 11.19825, 11.29319, 10.954488, 10.27135, 9.071293, 7.717227, 5.963161, 4.265795, 3.249008, 3.052259, 3.864711, 5.464711, 7.872392, 10.246596, 12.451695, 14.291779, 15.744314, 16.392397, 16.44515, 13.220246, 12.003779, 10.163695, 8.107931, 5.76963, 6.664057, 5.447793, 5.291363, 5.98873, 7.60856, 9.687346, 11.82982, 13.672282, 15.0734, 16.184996, 16.238331, 16.102603, 15.411799, 14.152922, 12.312839, 10.363322, 8.2312, 6.62352, 6.039934, 6.486608, 8.129869, 10.676372, 9.676372, 8.22035, 6.161224, 3.44093, 0.0, 0.0, 0.0]"
734,"[0.0, 0.0, 0.0, 0.0, 1.523155, 3.409951, 5.646019, 8.152012, 10.658004, 11.998414, 12.617611, 12.989224, 12.924542, 12.6989, 11.679245, 10.735302, 9.258992, 7.538791, 5.45844, 3.897374, 3.183852, 3.333106, 4.332461, 6.295792, 8.518942, 10.623378, 12.573852, 14.084486, 15.152254, 15.619475, 12.66651, 11.589477, 9.700019, 7.363348, 4.955819, 5.521505, 4.444472, 4.558853, 5.561792, 7.412716, 9.820244, 11.97431, 13.828877, 15.156414, 16.068468, 16.320158, 16.141926, 15.111688, 13.945911, 12.229699, 10.221348, 8.245514, 7.245788, 6.975516, 7.643416, 9.682627, 12.452671, 11.172046, 9.383192, 7.102841, 3.847077, 0.0, 0.0, 0.0]"
735,"[0.0, 0.0, 0.0, 0.0, 1.442221, 3.329017, 5.661397, 8.16739, 10.775071, 12.217292, 13.214937, 13.60285, 13.658107, 13.176455, 12.271913, 10.949522, 9.395418, 7.555279, 5.62925, 3.932193, 3.264571, 3.440021, 4.605707, 6.822316, 9.325151, 11.403938, 13.224574, 14.500056, 15.188282, 15.314648, 12.341434, 11.267218, 9.560962, 7.350554, 5.004196, 5.451409, 4.257775, 4.324908, 5.584547, 7.524854, 9.941205, 12.177273, 13.879021, 15.165885, 15.940136, 16.356816, 16.199535, 15.535881, 14.094951, 12.427159, 10.411826, 8.458416, 7.177791, 6.966646, 7.884016, 9.72394, 12.783352, 11.502727, 9.713873, 7.184051, 4.079216, 0.0, 0.0, 0.0]"
736,"[0.0, 0.0, 0.0, 0.0, 1.341641, 3.311412, 5.54748, 7.96409, 10.470082, 11.811723, 12.525233, 12.889165, 12.813496, 12.395564, 11.751891, 10.681061, 9.100865, 7.359925, 5.471863, 3.879469, 3.34405, 3.973489, 5.609557, 7.842662, 10.402107, 12.531318, 14.287953, 15.451885, 16.41878, 16.412121, 13.205877, 12.0, 10.212452, 7.832255, 5.397941, 6.030396, 5.111021, 5.06062, 6.303557, 8.566299, 11.057943, 13.183196, 15.341361, 16.961917, 17.907082, 18.281553, 17.928544, 17.09277, 15.541853, 13.655057, 11.43711, 9.404047, 7.685796, 7.050472, 7.669668, 9.789043, 12.794162, 11.627971, 9.930915, 7.424922, 4.024922, 0.0, 0.0, 0.0]"
737,"[0.0, 0.0, 0.0, 0.0, 1.341641, 3.050442, 5.204507, 7.621117, 10.221117, 11.479476, 12.300497, 12.676253, 12.539995, 12.028056, 11.271965, 10.007054, 8.301853, 6.221502, 4.333441, 3.289532, 3.224621, 4.211077, 6.419396, 9.245945, 11.701709, 14.151367, 16.028108, 17.307606, 17.968875, 18.011595, 14.361938, 12.954471, 11.110562, 8.442548, 5.744064, 6.376519, 4.990596, 4.488327, 5.52765, 7.344259, 9.575367, 11.912039, 13.988, 15.346475, 16.282477, 16.523748, 16.012943, 15.069205, 13.691211, 11.603511, 9.393104, 7.497431, 6.189758, 5.847206, 7.27302, 9.658836, 12.883907, 11.717716, 10.02066, 7.329935, 4.049691, 0.0, 0.0, 0.0]"
738,"[0.0, 0.0, 0.0, 0.0, 1.16619, 2.955045, 5.014171, 7.346552, 9.678932, 11.018735, 11.735873, 12.093356, 11.915042, 11.552432, 10.75524, 9.32628, 7.734292, 5.863069, 4.093298, 3.016952, 3.139919, 4.115298, 6.232456, 8.632456, 11.206244, 13.412121, 15.234275, 16.483933, 17.307381, 17.356902, 13.951024, 12.564938, 10.726358, 8.302909, 5.494359, 5.894359, 4.552718, 4.183861, 5.242987, 7.128154, 9.612596, 11.771036, 13.728815, 15.247398, 16.146116, 16.423953, 15.900907, 14.841847, 13.161505, 11.272047, 8.958298, 7.228476, 6.053726, 5.853416, 7.232069, 9.882112, 13.026728, 11.860538, 10.163482, 7.443188, 3.944617, 0.0, 0.0, 0.0]"
739,"[0.0, 0.0, 0.0, 0.0, 1.523155, 3.312009, 5.371135, 7.812446, 10.420127, 11.504653, 12.668764, 13.395315, 13.294944, 12.841329, 12.131015, 10.634072, 8.868198, 6.927258, 4.973192, 3.523039, 3.086821, 3.878095, 5.687167, 8.2943, 10.847087, 13.033527, 14.628327, 15.825132, 16.224242, 16.250792, 13.044548, 11.648645, 9.842768, 7.461145, 5.000282, 5.824903, 5.338082, 5.624879, 7.241569, 9.728751, 12.232793, 14.38115, 16.341431, 17.747196, 18.451988, 18.475935, 17.966701, 17.092838, 15.399827, 13.350969, 11.129729, 9.044484, 7.527292, 7.432353, 8.414277, 10.688783, 13.581637, 12.125615, 10.066489, 7.375764, 3.969887, 0.0, 0.0, 0.0]"
740,"[0.0, 0.0, 0.0, 0.0, 1.414214, 3.063456, 5.151517, 7.431868, 10.100201, 11.35432, 12.373411, 12.521417, 12.477134, 11.818777, 10.762895, 9.494563, 8.278299, 6.489444, 4.679469, 3.699473, 3.319277, 3.899473, 5.462235, 7.892824, 10.123933, 12.16354, 13.668375, 14.763235, 15.237481, 15.28596, 12.226549, 11.01908, 9.328459, 7.023624, 4.677266, 5.501887, 4.946161, 5.320802, 6.75687, 9.054748, 11.360623, 13.250081, 15.066778, 16.248311, 16.737358, 16.711698, 16.392643, 15.455424, 13.881732, 12.052275, 9.94744, 8.112429, 6.709008, 6.751895, 7.509091, 9.482305, 12.226267, 10.961355, 9.074559, 6.794208, 3.820995, 0.0, 0.0, 0.0]"
741,"[0.0, 0.0, 0.0, 0.0, 1.456022, 3.544083, 5.824434, 8.298298, 10.96663, 12.230902, 12.863135, 13.112607, 12.979683, 12.465416, 11.268277, 9.889623, 8.208329, 6.150232, 4.196166, 3.305467, 2.963826, 3.677348, 5.394505, 7.755755, 9.951727, 11.924941, 13.618655, 14.874419, 15.437269, 15.329136, 12.355922, 10.944067, 8.819674, 6.416684, 4.143604, 4.968225, 4.524316, 5.392945, 7.071835, 9.63128, 12.012903, 14.01878, 15.442229, 16.465678, 16.714782, 16.56795, 16.025637, 15.076052, 13.692211, 11.850661, 9.811053, 8.078859, 7.01921, 6.979602, 8.195978, 10.431938, 13.229944, 11.81573, 9.81573, 7.185141, 3.929377, 0.0, 0.0, 0.0]"
742,"[0.0, 0.0, 0.0, 0.0, 1.56205, 3.725381, 6.057761, 9.057761, 12.057761, 13.495712, 14.332381, 14.842534, 14.533259, 13.941578, 12.638634, 11.052848, 9.058842, 6.65096, 4.442641, 3.466695, 3.394122, 4.515365, 6.649132, 9.234809, 11.86631, 14.068678, 15.835215, 17.106424, 17.813596, 17.759469, 14.21546, 12.759503, 10.413326, 7.641586, 4.943102, 5.79163, 5.22008, 6.032505, 7.911395, 10.711395, 13.534379, 15.59917, 17.328402, 18.6117, 19.053574, 18.787939, 17.987561, 16.649848, 14.929881, 12.530227, 10.340902, 8.444721, 7.341357, 7.414094, 9.134152, 11.653907, 15.284315, 13.842095, 11.606027, 8.443749, 4.707441, 0.0, 0.0, 0.0]"
743,"[0.0, 0.0, 0.0, 0.0, 1.442221, 3.286129, 5.727441, 8.168752, 10.889046, 12.167119, 13.043505, 13.043505, 12.934574, 12.101076, 10.993234, 9.61458, 7.89438, 5.761999, 4.158045, 3.266704, 3.266704, 4.254395, 6.584217, 9.213418, 11.404352, 13.361195, 14.950879, 15.873592, 16.217312, 16.168833, 12.870348, 11.611471, 9.423847, 6.889193, 4.625629, 5.625629, 5.028242, 5.650127, 7.536698, 9.821139, 12.262069, 14.380747, 16.181769, 17.112449, 17.766369, 17.581203, 17.144404, 16.017836, 14.323384, 12.199236, 10.020505, 7.721026, 6.440401, 6.316958, 7.502744, 9.587989, 12.692744, 11.412119, 9.691654, 7.091654, 3.929377, 0.0, 0.0, 0.0]"
744,"[0.0, 0.0, 0.0, 0.0, 1.612452, 3.821524, 6.229843, 8.837524, 11.644657, 12.83934, 13.458695, 13.680965, 13.506389, 12.935323, 11.777432, 10.213916, 8.407947, 6.374842, 4.338774, 3.321988, 3.13411, 4.098343, 6.114952, 8.598234, 10.918743, 13.066613, 14.502662, 15.366296, 15.735882, 15.390599, 12.165695, 10.661257, 8.458046, 6.005179, 3.844712, 4.644712, 4.380269, 5.342843, 7.216707, 9.633057, 11.892469, 13.692211, 15.076052, 16.025637, 16.56795, 16.508538, 16.052774, 15.029326, 13.805877, 11.814214, 9.891247, 8.091247, 6.891247, 6.400047, 7.515656, 9.484932, 12.062641, 10.862641, 9.15384, 6.624018, 3.577709, 0.0, 0.0, 0.0]"
745,"[0.0, 0.0, 0.0, 0.0, 1.280625, 3.00109, 4.887886, 7.051217, 9.383598, 10.435354, 11.1562, 11.601784, 11.601784, 10.989868, 10.099708, 8.824587, 7.213317, 5.049986, 3.895207, 3.452986, 3.848846, 5.127735, 7.688985, 9.965834, 12.128111, 13.894725, 15.223388, 15.990802, 16.310546, 16.032709, 12.704045, 11.262178, 9.21414, 6.772972, 4.288531, 5.009642, 4.339398, 4.86985, 6.158715, 8.19182, 10.299137, 11.946149, 13.239906, 14.203145, 14.743254, 14.598108, 14.240537, 13.105473, 11.744711, 10.036409, 8.153127, 6.21282, 5.243048, 5.243048, 6.258488, 8.178782, 11.030698, 10.030698, 8.418246, 6.137896, 3.417601, 0.0, 0.0, 0.0]"
746,"[0.0, 0.0, 0.0, 0.0, 1.2, 2.8, 4.8, 7.0, 9.408319, 10.616638, 11.416638, 11.616638, 11.616638, 11.019396, 10.211077, 9.011077, 7.411077, 5.49392, 4.130056, 3.424483, 3.666704, 4.9535, 7.17665, 9.507926, 11.775776, 13.495833, 15.049967, 15.984904, 16.368693, 16.04895, 12.886672, 11.445742, 9.447032, 7.109376, 4.666842, 5.299297, 4.499297, 4.669528, 5.854882, 7.863201, 10.037879, 11.637879, 13.025428, 14.022112, 14.44222, 14.303419, 13.78377, 12.871831, 11.514414, 9.90254, 8.034207, 6.474966, 5.406709, 5.406709, 6.344222, 8.3299, 10.919379, 9.899575, 8.250333, 6.096267, 3.310589, 0.0, 0.0, 0.0]"
747,"[0.0, 0.0, 0.0, 0.0, 1.341641, 3.130495, 5.366563, 7.783172, 10.289165, 11.453517, 12.384957, 12.869183, 12.784955, 12.442293, 11.823096, 10.383427, 8.55756, 6.625179, 4.909062, 3.822266, 4.141641, 5.257189, 7.265508, 9.824953, 12.231197, 14.236748, 16.026773, 17.224006, 17.617346, 17.617346, 14.011795, 12.420867, 10.415316, 7.839937, 5.354804, 6.154804, 5.022764, 5.211619, 6.446124, 8.325013, 10.310691, 12.338493, 13.848123, 15.044761, 15.669664, 15.890646, 15.393492, 14.295007, 12.839243, 10.830893, 8.718661, 7.005407, 6.005407, 6.102773, 7.227161, 9.495011, 12.358243, 11.158243, 9.260876, 6.919937, 3.757659, 0.0, 0.0, 0.0]"
748,"[0.0, 0.0, 0.0, 0.0, 1.442221, 3.329017, 5.565085, 8.071078, 10.849566, 12.185835, 12.906719, 13.231901, 13.287158, 12.634698, 11.700118, 10.506651, 9.076772, 7.236633, 5.310604, 4.066695, 3.672285, 4.153366, 5.442231, 7.849912, 10.049912, 12.030108, 13.617656, 14.813925, 15.212903, 15.220037, 12.220037, 11.229109, 9.422865, 7.43601, 5.194562, 5.994562, 4.862522, 4.985677, 6.119939, 7.970863, 10.034427, 11.930608, 13.512288, 14.656707, 15.299509, 15.264372, 14.898839, 14.202323, 12.51629, 10.72179, 8.893362, 7.362714, 6.368609, 6.96523, 8.368652, 10.721262, 13.629201, 12.214988, 10.005916, 7.337583, 3.984972, 0.0, 0.0, 0.0]"
749,"[0.0, 0.0, 0.0, 0.0, 1.16619, 2.608411, 4.328876, 6.328876, 8.492207, 9.606367, 10.496527, 10.835188, 10.894314, 10.519838, 9.762642, 8.695172, 7.460667, 5.801541, 4.212687, 3.410642, 3.222764, 4.047385, 5.686993, 7.920098, 9.829577, 11.759204, 13.316205, 14.476597, 15.043492, 15.212903, 12.206244, 11.209072, 9.621524, 7.698557, 5.747085, 6.347085, 5.138013, 5.087611, 5.854487, 7.414278, 9.375527, 11.218062, 12.656012, 13.86497, 14.509519, 14.726758, 14.390217, 13.626285, 12.460213, 11.127811, 9.480693, 7.994504, 6.652863, 6.180281, 6.459816, 7.936126, 10.316322, 9.421895, 8.007681, 6.007681, 3.4, 0.0, 0.0, 0.0]"
750,"[0.0, 0.0, 0.0, 0.0, 1.456022, 3.353389, 5.392996, 7.673347, 10.106452, 11.28102, 12.014242, 12.382953, 12.311675, 12.087642, 11.257053, 10.026463, 8.637948, 7.028876, 4.819804, 3.619804, 3.239608, 3.675826, 4.973192, 7.127258, 9.21054, 11.0543, 12.728773, 13.884274, 14.683173, 14.77838, 11.914816, 10.843447, 9.403031, 7.527099, 5.348611, 5.795824, 4.561319, 4.213779, 5.034112, 6.775052, 8.857661, 10.945084, 12.543737, 13.705782, 14.391391, 14.689996, 14.408542, 13.75405, 12.505715, 10.935188, 9.272951, 7.719395, 6.710322, 6.796612, 7.576658, 9.463335, 11.991853, 10.791853, 8.894487, 6.658419, 3.605551, 0.0, 0.0, 0.0]"
751,"[0.0, 0.0, 0.0, 0.0, 1.131371, 2.693421, 4.53733, 6.663359, 8.926101, 10.057471, 10.90374, 11.340182, 11.377484, 11.114742, 10.572466, 9.505787, 8.119864, 6.556533, 4.839376, 3.566124, 3.073012, 3.620805, 4.990577, 7.048674, 9.131282, 11.194798, 12.811989, 13.705782, 14.424254, 14.525021, 11.612977, 10.56354, 9.349218, 7.184234, 5.11933, 5.751786, 4.873181, 4.785989, 6.017591, 7.860224, 9.918494, 11.760337, 13.309556, 14.439291, 15.155072, 15.348789, 15.095869, 14.42591, 13.170146, 11.743103, 10.139286, 8.438796, 7.262396, 6.959452, 7.542747, 9.146563, 11.526759, 10.261848, 8.564792, 6.284441, 3.4, 0.0, 0.0, 0.0]"
752,"[0.0, 0.0, 0.0, 0.0, 1.2, 2.8, 4.8, 7.0, 9.6, 11.0, 12.007681, 12.615362, 12.65143, 12.091038, 11.334947, 10.183288, 8.65264, 7.137682, 5.298074, 3.654165, 3.09257, 3.181728, 4.181083, 5.981083, 8.189402, 9.985699, 11.792723, 13.045471, 13.888005, 14.170411, 11.479686, 10.350382, 8.791381, 6.948847, 4.858122, 5.423808, 4.599703, 4.599703, 5.41078, 7.046848, 9.344727, 11.384334, 13.268605, 14.810139, 15.736349, 16.103884, 15.83015, 14.767733, 13.384894, 11.871858, 10.040759, 8.596723, 7.641279, 7.641279, 8.272388, 10.128152, 12.408665, 11.128041, 9.158269, 6.877918, 3.622154, 0.0, 0.0, 0.0]"
753,"[0.0, 0.0, 0.0, 0.0, 1.341641, 2.954092, 5.013218, 7.249286, 9.856967, 11.123007, 12.23085, 12.580043, 12.752294, 12.407355, 11.779573, 10.621328, 9.493634, 7.806426, 5.743684, 4.210999, 3.543376, 3.604392, 4.592082, 6.733022, 9.006103, 11.02372, 12.786914, 14.137525, 14.660149, 14.803419, 11.891375, 10.826148, 9.18095, 7.142007, 4.844128, 5.476583, 4.436976, 4.464983, 5.527158, 7.402783, 9.612862, 11.455396, 12.986389, 14.210863, 14.742765, 14.742765, 14.590956, 13.898093, 12.766722, 11.355559, 9.777936, 8.303763, 7.465633, 7.465633, 8.344894, 10.132851, 12.58781, 11.14559, 9.165691, 6.724379, 3.671512, 0.0, 0.0, 0.0]"
754,"[0.0, 0.0, 0.0, 0.0, 1.456022, 3.353389, 5.507454, 7.924064, 10.524064, 11.751323, 12.632445, 12.984372, 13.009074, 12.572405, 11.889124, 10.672685, 9.298063, 7.422437, 5.259106, 3.824792, 3.543367, 4.132461, 5.899156, 8.677645, 11.242455, 13.36183, 15.134215, 16.294684, 17.009045, 17.109648, 13.709648, 12.557739, 10.773689, 8.44703, 5.781617, 6.22883, 4.88789, 4.52073, 5.251906, 7.027161, 9.179947, 11.226257, 13.015111, 14.342647, 15.226611, 15.679478, 15.51761, 14.828426, 13.490319, 11.78857, 9.735703, 7.851262, 6.852171, 7.053436, 8.160871, 10.367115, 13.172375, 11.730154, 9.642093, 7.011503, 3.80526, 0.0, 0.0, 0.0]"
755,"[0.0, 0.0, 0.0, 0.0, 1.414214, 3.258122, 5.346184, 7.687124, 10.216946, 11.402732, 12.158823, 12.576755, 12.568196, 12.201704, 11.488501, 10.330721, 8.824728, 7.058033, 4.894702, 3.573591, 3.262742, 3.983207, 5.580852, 8.188533, 10.675715, 12.769247, 14.626491, 15.95601, 16.658918, 16.65236, 13.427457, 12.190688, 10.406639, 8.173083, 5.692459, 6.139673, 4.623354, 4.370575, 5.190909, 6.966163, 9.304627, 11.34357, 13.018044, 14.34558, 15.057508, 15.156271, 14.900388, 14.211204, 12.873097, 11.343384, 9.658943, 8.217452, 7.218362, 7.228932, 8.37411, 10.399013, 13.23782, 11.795599, 9.898233, 7.2299, 4.004997, 0.0, 0.0, 0.0]"
756,"[0.0, 0.0, 0.0, 0.0, 1.280625, 3.167421, 5.330752, 7.892002, 10.612296, 12.216112, 13.213757, 13.733707, 13.589067, 13.285382, 12.370713, 11.195072, 9.588824, 7.80467, 5.388061, 3.818289, 3.129292, 3.664711, 5.071863, 7.504968, 10.111628, 12.298068, 14.085616, 15.446008, 16.212903, 16.406244, 13.2, 12.0, 10.2, 7.8, 5.047214, 5.494427, 4.294427, 4.136648, 5.336648, 7.450684, 9.976684, 12.232448, 13.901497, 15.157262, 15.720112, 15.870998, 15.739334, 15.189313, 14.196291, 12.634241, 10.775052, 8.867505, 7.58688, 7.324138, 8.268081, 10.40317, 13.126161, 11.845536, 9.845536, 7.339543, 3.939543, 0.0, 0.0, 0.0]"
757,"[0.0, 0.0, 0.0, 0.0, 1.280625, 3.00109, 4.887886, 7.051217, 9.331568, 10.612193, 11.452977, 11.9745, 12.073911, 11.919589, 11.202248, 10.203049, 8.79473, 6.979202, 4.853172, 3.409264, 2.924247, 3.380269, 4.830422, 7.06649, 9.494917, 11.246311, 13.015192, 14.124485, 14.895076, 14.866649, 12.038222, 10.613319, 8.806659, 6.6, 4.247214, 4.694427, 3.742955, 3.957169, 4.854225, 6.669753, 8.783789, 10.655555, 12.294209, 13.822056, 14.605624, 14.907938, 15.051208, 14.234409, 12.896302, 11.412043, 9.829103, 8.182091, 7.210935, 7.210935, 8.090196, 9.782785, 12.52603, 11.261119, 9.374323, 6.933012, 3.959798, 0.0, 0.0, 0.0]"
758,"[0.0, 0.0, 0.0, 0.0, 1.019804, 2.434017, 4.046469, 6.056444, 8.265516, 9.654031, 10.639818, 11.227366, 11.426463, 11.256999, 10.497922, 9.314475, 7.939096, 6.177237, 4.337629, 3.288387, 3.091639, 3.790172, 5.579027, 7.885019, 10.063508, 12.096572, 13.853661, 14.897837, 15.672088, 15.866813, 12.813945, 11.533702, 9.695678, 7.492467, 5.151709, 6.000237, 5.07727, 5.247501, 6.406536, 8.247944, 10.26298, 12.484432, 14.224591, 15.341134, 16.284872, 16.467617, 16.032697, 15.363367, 14.246825, 12.538024, 10.708267, 8.921736, 7.519079, 6.991812, 7.756874, 9.566871, 12.295098, 11.014473, 9.305672, 6.831809, 3.80526, 0.0, 0.0, 0.0]"
759,"[0.0, 0.0, 0.0, 0.0, 0.894427, 2.236068, 3.84852, 5.637374, 7.79144, 9.237953, 10.237252, 10.712862, 10.963615, 10.422001, 9.495274, 8.354334, 7.066273, 5.473879, 4.061427, 3.279669, 3.079669, 3.679669, 5.242431, 7.475536, 9.511413, 11.423457, 13.128292, 14.280594, 14.820703, 14.872664, 11.96062, 10.943847, 9.237591, 7.264377, 5.265194, 6.159621, 5.271559, 5.427989, 6.637061, 8.349056, 10.283056, 12.109605, 13.703397, 14.694325, 15.46122, 15.639452, 15.420037, 14.821474, 13.830546, 12.030546, 10.288798, 8.330192, 6.742315, 6.145695, 7.026046, 8.734348, 11.37867, 10.358866, 8.746414, 6.466064, 3.49285, 0.0, 0.0, 0.0]"
760,"[0.0, 0.0, 0.0, 0.0, 1.414214, 3.026665, 5.262733, 7.695838, 10.169701, 11.229351, 12.146722, 12.440476, 12.348311, 12.110516, 11.357117, 10.269516, 8.871064, 7.09581, 5.142585, 3.704962, 2.983852, 3.133106, 4.264477, 6.107663, 8.266132, 10.32351, 11.99585, 13.251758, 14.078694, 14.415871, 11.637383, 10.571214, 8.898874, 6.794438, 4.615949, 5.181635, 4.371871, 4.800047, 6.105585, 8.105585, 10.403464, 12.37274, 13.974528, 15.045366, 15.670269, 15.859572, 15.591752, 14.613543, 13.275436, 11.573688, 9.72082, 8.108522, 7.117782, 7.385052, 8.53023, 10.782765, 13.859216, 12.517575, 10.363509, 7.695176, 4.242641, 0.0, 0.0, 0.0]"
761,"[0.0, 0.0, 0.0, 0.0, 1.341641, 3.130495, 5.017291, 7.349672, 9.957353, 11.336006, 12.108402, 12.484347, 12.277996, 11.670315, 10.670486, 9.551456, 8.183142, 6.504326, 4.504326, 3.231075, 2.683282, 3.244876, 5.033731, 7.66432, 10.223766, 12.735216, 14.685071, 16.249003, 17.423673, 17.617014, 14.211137, 13.20526, 11.415235, 8.874886, 6.395996, 7.195996, 5.873029, 5.475506, 6.210595, 8.097165, 10.421265, 12.785162, 14.613641, 16.013641, 16.80596, 16.812355, 15.971425, 14.947104, 13.335959, 11.216584, 8.980516, 7.205137, 6.230748, 6.285803, 7.889619, 10.600743, 13.825813, 12.383593, 10.539684, 7.655243, 4.049691, 0.0, 0.0, 0.0]"
762,"[0.0, 0.0, 0.0, 0.0, 1.414214, 3.11127, 5.237299, 7.500041, 9.90836, 11.055396, 11.919589, 12.234871, 12.30451, 11.955317, 11.182922, 10.144827, 8.72332, 6.990939, 5.214656, 3.873015, 3.174481, 3.610699, 4.854608, 6.807834, 8.991209, 10.973722, 12.524359, 13.68711, 14.457701, 14.634245, 11.827112, 10.820452, 9.228007, 7.045968, 4.80452, 5.436976, 4.436976, 4.584812, 5.760191, 7.755755, 9.965834, 12.089934, 13.783648, 15.039412, 15.589432, 15.720112, 15.141596, 14.148574, 12.736719, 11.067669, 9.311008, 7.842457, 7.021935, 7.147798, 8.2354, 10.181125, 12.987389, 11.545169, 9.575397, 7.045575, 3.883298, 0.0, 0.0, 0.0]"
763,"[0.0, 0.0, 0.0, 0.0, 1.2, 2.6, 4.4, 6.4, 8.609072, 9.618144, 10.427217, 10.666824, 10.706432, 10.394727, 9.894455, 8.851573, 7.811966, 6.219571, 4.605047, 3.720868, 3.77123, 4.420472, 5.94303, 8.076797, 10.030664, 11.866979, 13.44264, 14.635146, 15.271405, 15.377357, 12.324489, 11.158712, 9.608886, 7.633052, 5.381066, 6.102176, 5.259603, 5.247151, 6.37919, 8.354416, 10.440439, 12.230546, 13.83679, 14.827718, 15.226696, 15.426222, 15.027243, 14.229318, 12.829318, 11.236873, 9.124641, 7.411387, 6.203068, 6.111869, 6.933723, 8.817785, 11.252021, 10.052021, 8.34322, 6.107152, 3.328663, 0.0, 0.0, 0.0]"
764,"[0.0, 0.0, 0.0, 0.0, 1.4, 3.012452, 5.022427, 7.430746, 10.038427, 11.269016, 12.324897, 12.748027, 12.620059, 12.100439, 11.258704, 9.932012, 8.498907, 6.784242, 4.896181, 3.55454, 3.212899, 3.627113, 4.905336, 6.831365, 8.945401, 10.918615, 12.557269, 13.766228, 14.593163, 14.810402, 11.837188, 10.671117, 9.06047, 6.956034, 4.777545, 5.34323, 4.533467, 4.614401, 6.106813, 8.036635, 10.517259, 12.750815, 14.358156, 15.147711, 15.670756, 15.577412, 15.045311, 14.247197, 12.905556, 11.308711, 9.555746, 7.943447, 7.053287, 7.500501, 8.830157, 10.982767, 13.801549, 12.359328, 10.12326, 7.337583, 3.984972, 0.0, 0.0, 0.0]"
765,"[0.0, 0.0, 0.0, 0.0, 1.341641, 3.130495, 5.284561, 7.625501, 10.155323, 11.343505, 12.028514, 12.348311, 12.243439, 11.723592, 11.004847, 9.730984, 8.05712, 6.221052, 4.411077, 3.232456, 3.109488, 4.018289, 5.588061, 7.894054, 10.146039, 12.231284, 13.802727, 15.08872, 15.706827, 15.795599, 12.633322, 11.615819, 9.774269, 7.544596, 5.171382, 5.892493, 4.649555, 4.847793, 5.963341, 7.77166, 10.077099, 12.116706, 13.802739, 15.145375, 15.899334, 15.658462, 15.128873, 14.171328, 12.716084, 10.770359, 9.004485, 7.606034, 6.606735, 6.989719, 8.441499, 11.043849, 13.932429, 12.590788, 10.310437, 7.642104, 4.01995, 0.0, 0.0, 0.0]"
766,"[0.0, 0.0, 0.0, 0.0, 1.019804, 2.632255, 4.642231, 6.652206, 8.861278, 10.241474, 10.829022, 11.02812, 11.02812, 10.662956, 9.912198, 8.789231, 7.301269, 5.574137, 3.930228, 2.880986, 2.880986, 3.94873, 5.829218, 8.190468, 10.433002, 12.329183, 13.651598, 14.744031, 15.155996, 15.004186, 12.030973, 10.919703, 9.078152, 7.181971, 5.091247, 5.985674, 5.266299, 5.640939, 6.799974, 8.883256, 11.041696, 13.259643, 14.969359, 16.338843, 16.935805, 17.007037, 16.351, 15.543154, 13.937603, 12.099579, 10.192032, 8.614409, 7.365905, 7.628646, 8.90672, 11.090167, 13.850179, 12.407958, 10.145216, 7.424922, 4.024922, 0.0, 0.0, 0.0]"
767,"[0.0, 0.0, 0.0, 0.0, 1.0, 2.6, 4.4, 6.6, 8.809072, 10.018144, 10.654212, 10.89382, 10.781881, 10.28161, 9.414179, 8.344301, 7.025803, 5.220585, 3.711784, 3.002599, 2.836408, 3.529512, 4.943725, 7.152044, 9.362123, 11.362123, 13.000777, 14.356588, 14.811833, 14.569299, 11.569299, 10.575558, 8.803315, 6.939751, 5.164372, 6.058799, 5.280298, 5.999673, 7.407992, 9.274096, 11.352882, 13.46637, 14.722134, 15.719693, 16.434845, 16.585731, 16.034153, 15.469113, 14.063236, 12.219409, 10.43695, 8.794416, 7.812491, 7.975822, 9.104497, 11.01862, 13.941726, 12.232925, 10.069595, 7.37887, 4.123106, 0.0, 0.0, 0.0]"
768,"[0.0, 0.0, 0.0, 0.0, 1.131371, 2.693421, 4.693421, 6.956162, 9.218904, 10.495852, 11.495052, 11.827433, 11.623817, 11.330847, 10.631329, 9.33499, 7.827231, 6.168104, 4.198333, 2.936746, 2.471835, 3.247214, 4.847214, 7.056286, 9.239661, 11.107994, 12.612829, 13.717664, 14.613427, 14.51266, 11.844327, 10.636859, 8.748576, 6.643741, 4.835029, 5.65965, 4.962284, 5.755707, 7.164025, 9.442915, 11.818294, 14.018294, 15.414196, 16.411755, 16.835203, 16.890967, 16.517516, 15.544744, 14.148842, 12.53647, 10.545617, 8.799693, 8.263955, 8.490048, 9.68563, 12.225978, 15.150113, 13.252746, 11.016678, 8.010019, 4.204759, 0.0, 0.0, 0.0]"
769,"[0.0, 0.0, 0.0, 0.0, 1.442221, 3.329017, 5.492348, 7.900666, 10.461916, 11.56528, 12.369209, 12.614197, 12.369209, 11.867085, 11.110355, 9.761271, 8.247379, 6.531262, 4.672136, 3.330495, 3.008658, 3.726683, 5.319077, 7.59294, 9.814059, 11.89909, 13.448917, 14.82691, 15.515325, 15.632669, 12.527834, 11.262923, 9.494564, 7.332287, 5.112294, 6.006721, 5.309355, 5.47119, 6.680262, 8.722257, 11.02783, 13.22783, 14.82263, 16.037007, 16.654229, 16.084818, 15.315408, 14.145598, 12.334601, 10.326251, 8.590089, 7.036532, 6.644373, 7.240994, 9.024441, 11.735565, 14.863292, 13.019383, 10.81031, 7.81031, 4.204759, 0.0, 0.0, 0.0]"
770,"[0.0, 0.0, 0.0, 0.0, 1.456022, 3.299931, 5.387992, 7.668343, 10.009283, 10.96987, 11.733642, 12.086892, 11.865667, 11.411524, 10.715379, 9.239069, 7.518868, 5.906956, 4.303002, 3.182537, 3.46538, 4.555347, 6.317206, 8.841497, 11.44774, 13.433527, 15.02245, 16.213378, 16.806244, 16.806244, 13.406244, 12.206244, 10.418695, 8.095728, 5.738013, 6.538013, 5.794035, 6.151355, 7.490931, 9.615616, 11.946112, 13.842701, 15.365779, 16.301781, 16.627051, 16.523105, 15.801084, 14.347842, 12.644473, 10.423021, 8.117583, 6.486993, 6.156186, 6.56607, 8.541905, 11.426346, 14.476037, 12.767236, 10.70811, 7.655243, 4.049691, 0.0, 0.0, 0.0]"
771,"[0.0, 0.0, 0.0, 0.0, 1.264911, 3.162278, 5.250339, 7.591279, 9.932219, 11.083917, 11.692543, 11.936863, 11.759254, 11.30511, 10.450551, 9.225183, 7.74133, 6.025213, 4.421259, 3.459209, 3.395137, 4.357686, 6.14654, 8.494287, 11.100531, 13.289855, 15.08433, 16.448262, 17.217672, 17.211429, 13.805551, 12.4, 10.611077, 8.28811, 5.80922, 6.80922, 6.258462, 6.506511, 7.846088, 9.988542, 12.388542, 14.156901, 15.703326, 16.830726, 17.265646, 16.970481, 16.221213, 14.703723, 12.808956, 10.510471, 8.126747, 6.478218, 6.179011, 6.862149, 8.862149, 11.861254, 15.003181, 13.214326, 10.881945, 7.881945, 4.16173, 0.0, 0.0, 0.0]"
772,"[0.0, 0.0, 0.0, 0.0, 1.2, 2.8, 4.611077, 6.621052, 8.830124, 9.866192, 10.50226, 10.779245, 10.666636, 10.166365, 9.453451, 8.294416, 6.927465, 5.312941, 3.804141, 3.002096, 3.205688, 4.181634, 6.024821, 8.38607, 10.385254, 12.433293, 14.0649, 15.338871, 16.002524, 16.335097, 13.006434, 11.841101, 10.003151, 7.778248, 5.550002, 6.550002, 5.828892, 6.153638, 7.486019, 9.614362, 11.839265, 13.797045, 15.310248, 16.476439, 16.852138, 16.469769, 15.631018, 14.357047, 12.578941, 10.327311, 8.284777, 6.723527, 6.05352, 6.372663, 8.102764, 10.924918, 13.944868, 12.488846, 10.449238, 7.642104, 4.01995, 0.0, 0.0, 0.0]"
773,"[0.0, 0.0, 0.0, 0.0, 1.264911, 2.973712, 4.871078, 6.95914, 9.239491, 10.210647, 10.737915, 10.850523, 10.573539, 9.893188, 9.05712, 8.021052, 6.643533, 5.032456, 3.632456, 2.864911, 2.929822, 4.006167, 5.865293, 8.171286, 10.491795, 12.279752, 13.899614, 15.281418, 15.937703, 15.827273, 12.774405, 11.609073, 9.780594, 7.695349, 5.652815, 6.373926, 5.427147, 5.614696, 6.547638, 8.554772, 10.840321, 13.029645, 14.653094, 16.095654, 16.544285, 16.597037, 16.054724, 14.670883, 13.062257, 11.206493, 9.041508, 7.072371, 6.446977, 6.642676, 8.15472, 10.612903, 13.768168, 12.353954, 10.314346, 7.402302, 4.049691, 0.0, 0.0, 0.0]"
774,"[0.0, 0.0, 0.0, 0.0, 1.414214, 3.11127, 5.091169, 7.353911, 9.91516, 11.062196, 11.92639, 12.387802, 12.457441, 11.782987, 10.834189, 9.61458, 8.067697, 6.182529, 4.295733, 3.130495, 2.808658, 3.328445, 4.881231, 7.281231, 9.441698, 11.428554, 13.239243, 14.495007, 15.154419, 15.375165, 12.368506, 11.183211, 9.34166, 7.082248, 4.819507, 5.419507, 4.72154, 4.919778, 6.452159, 8.664962, 11.289865, 13.348224, 15.228622, 16.313843, 16.952956, 16.89033, 16.402374, 15.383388, 13.754641, 11.77926, 9.616982, 7.904938, 6.887097, 7.33431, 8.776531, 11.464349, 14.650691, 13.194669, 10.958601, 8.07416, 4.386342, 0.0, 0.0, 0.0]"
775,"[0.0, 0.0, 0.0, 0.0, 1.456022, 3.544083, 5.824434, 8.354256, 11.07455, 12.338822, 12.919094, 13.112607, 12.818852, 12.334626, 11.226784, 9.775003, 8.10114, 6.265072, 4.311847, 3.331851, 3.331851, 4.181093, 6.017161, 8.402651, 10.68224, 12.627965, 14.331333, 15.326364, 15.88913, 15.762764, 12.600486, 11.335937, 9.369749, 6.93865, 4.718658, 5.351113, 4.429242, 5.051128, 6.75712, 9.054999, 11.733133, 13.877531, 15.408337, 16.507895, 16.996942, 16.84863, 16.450085, 15.506347, 13.988857, 11.977887, 9.815609, 7.903565, 6.595892, 6.48773, 7.974516, 10.512878, 13.764936, 12.598746, 10.618847, 7.79042, 4.252058, 0.0, 0.0, 0.0]"
776,"[0.0, 0.0, 0.0, 0.0, 1.523155, 3.677221, 5.913289, 8.513289, 11.113289, 12.453698, 12.899632, 13.263564, 13.080173, 12.634239, 11.479476, 10.221117, 8.515544, 6.381777, 4.427711, 3.543532, 3.401891, 4.517439, 6.642915, 9.250049, 11.432087, 13.438331, 14.851804, 15.69925, 16.117019, 15.938787, 12.732543, 11.319069, 9.063305, 6.470858, 4.242431, 5.136858, 4.541096, 5.520995, 7.449789, 9.961059, 12.472509, 14.746114, 16.327113, 17.371415, 17.660145, 17.207232, 16.202696, 14.877865, 12.884766, 10.616137, 8.487793, 6.698939, 5.905091, 6.528708, 8.260901, 11.013989, 14.591697, 13.149477, 10.913409, 8.049845, 4.472136, 0.0, 0.0, 0.0]"
777,"[0.0, 0.0, 0.0, 0.0, 1.2, 2.8, 4.8, 7.009072, 9.218144, 10.625825, 11.625825, 11.825825, 11.616753, 11.207681, 10.0, 8.419804, 6.852259, 5.052259, 3.817945, 3.494978, 3.931196, 5.196107, 7.337047, 9.817671, 12.158239, 14.195067, 15.974656, 17.310671, 17.681963, 17.237576, 13.744726, 11.965137, 9.744204, 7.151223, 4.625223, 5.645027, 5.270815, 5.873919, 7.555291, 9.971642, 12.262427, 14.232122, 15.665846, 16.652703, 16.951416, 16.552871, 15.340372, 13.691431, 11.415134, 8.885312, 6.173268, 4.614027, 4.293273, 5.230786, 7.571545, 10.977096, 14.49391, 12.970755, 10.816689, 7.843475, 4.237924, 0.0, 0.0, 0.0]"
778,"[0.0, 0.0, 0.0, 0.0, 1.442221, 3.162686, 5.162686, 7.326016, 9.887266, 10.725396, 11.41325, 11.693601, 11.656299, 10.938959, 10.220658, 9.092964, 7.70704, 5.981011, 4.537102, 3.994856, 4.170253, 5.173192, 7.053543, 9.373837, 11.458868, 13.301331, 15.091782, 16.109916, 16.688106, 16.446835, 13.148351, 11.3579, 9.401056, 6.9511, 4.719991, 5.851362, 5.396216, 6.113701, 7.771166, 10.091675, 12.185207, 14.07165, 15.341187, 16.115438, 16.162474, 15.628295, 14.425661, 13.076897, 10.928024, 8.560479, 6.316968, 5.190939, 4.81104, 6.087988, 8.462192, 11.820238, 15.224781, 13.624781, 11.216462, 8.209803, 4.404543, 0.0, 0.0, 0.0]"
779,"[0.0, 0.0, 0.0, 0.0, 1.131371, 2.545584, 4.242641, 6.22254, 8.348569, 9.47994, 10.191755, 10.494699, 10.5148, 10.109236, 9.288715, 8.328876, 7.049986, 5.332829, 4.012364, 3.370143, 3.603953, 4.682843, 6.609072, 9.016206, 11.441109, 13.464558, 15.088006, 16.331469, 16.947784, 16.74943, 13.325982, 11.912508, 9.874186, 7.527771, 5.667412, 6.883965, 6.486441, 7.352578, 9.187589, 11.319883, 13.596181, 15.671547, 17.238273, 18.147224, 18.45429, 18.167684, 17.279867, 15.63279, 13.424247, 10.838499, 8.353366, 6.377987, 5.519628, 6.070507, 8.10357, 11.156053, 14.381123, 13.039482, 10.876151, 7.823284, 4.049691, 0.0, 0.0, 0.0]"
780,"[0.0, 0.0, 0.0, 0.0, 1.019804, 2.434017, 4.08326, 5.927169, 8.01523, 9.275777, 10.015629, 10.520453, 10.646316, 10.347109, 9.508978, 8.521103, 7.088147, 5.565589, 3.976735, 3.16697, 3.34242, 4.330111, 6.036963, 8.366785, 10.707543, 12.52818, 14.17199, 15.667582, 16.436244, 16.567866, 13.405588, 12.141038, 10.200181, 8.182322, 6.15452, 7.371072, 6.895463, 7.186662, 8.467287, 10.390254, 12.614631, 14.44311, 16.216702, 17.326965, 17.637554, 17.327119, 16.749753, 15.3171, 13.434443, 11.404479, 9.168411, 7.381879, 6.455153, 6.792328, 8.072953, 10.739424, 13.662391, 12.248178, 10.122148, 7.560899, 4.0, 0.0, 0.0, 0.0]"
781,"[0.0, 0.0, 0.0, 0.0, 1.341641, 3.050442, 5.020213, 7.174279, 9.590888, 10.75524, 11.552432, 11.915042, 11.924306, 11.507697, 10.845613, 9.753834, 8.552824, 6.955179, 4.955179, 3.558483, 3.038697, 3.248967, 4.472136, 6.813076, 9.086156, 11.296564, 13.253408, 14.763038, 15.720583, 16.105123, 13.000288, 11.789865, 10.014535, 7.716051, 5.243671, 6.243671, 5.597831, 5.961472, 7.402783, 9.823195, 12.151859, 14.31519, 16.148608, 17.528292, 18.296419, 18.079025, 17.301901, 15.844428, 13.867342, 11.488568, 9.397102, 7.568675, 6.748154, 6.963371, 8.494364, 11.080112, 14.318036, 12.875815, 10.816689, 7.843475, 4.237924, 0.0, 0.0, 0.0]"
782,"[0.0, 0.0, 0.0, 0.0, 1.456022, 3.299931, 5.339539, 7.61989, 10.093753, 11.111594, 11.741549, 11.982292, 11.982292, 11.59649, 10.831427, 9.622475, 8.236551, 6.403414, 4.315353, 3.327662, 3.228941, 4.054979, 5.771096, 8.212408, 10.333831, 12.447885, 14.133297, 15.375844, 16.34041, 16.621976, 13.341732, 12.216205, 10.252549, 7.741098, 5.064212, 5.664212, 4.648772, 4.995406, 6.517588, 8.856052, 11.487151, 13.639842, 15.456539, 16.583938, 17.096745, 16.970481, 16.221213, 14.851729, 13.151629, 11.118056, 8.861749, 6.993416, 5.888719, 5.888719, 7.185058, 9.616773, 12.700071, 11.5687, 9.724791, 7.163541, 3.883298, 0.0, 0.0, 0.0]"
783,"[0.0, 0.0, 0.0, 0.0, 1.56205, 3.405959, 5.531988, 7.940307, 10.485891, 11.614566, 12.316242, 12.598531, 12.598531, 12.178976, 11.33216, 10.067201, 8.658882, 6.697776, 4.771747, 3.493524, 3.34427, 3.90632, 5.739457, 8.100707, 10.419462, 12.288092, 13.888319, 14.770246, 15.371274, 15.207127, 12.207127, 10.888758, 9.140694, 6.699527, 4.262075, 5.062075, 4.63238, 5.257774, 7.010527, 9.591249, 12.047013, 14.085335, 15.469176, 16.418761, 16.7801, 16.530995, 15.68614, 14.462692, 12.839243, 10.830893, 8.648855, 6.673629, 5.473629, 5.235679, 6.281868, 8.430461, 11.203883, 10.203883, 8.641833, 6.379091, 3.405877, 0.0, 0.0, 0.0]"
784,"[0.0, 0.0, 0.0, 0.0, 1.456022, 3.105264, 5.193326, 7.473676, 9.94754, 10.965381, 11.790002, 11.982292, 11.982292, 11.405795, 10.581174, 9.372222, 7.916492, 6.036141, 4.421617, 3.620903, 3.770206, 4.789493, 6.797812, 9.205694, 11.33038, 13.17193, 14.722134, 15.569579, 15.990124, 15.845338, 12.589574, 11.17536, 9.200221, 6.810061, 4.428848, 5.228848, 4.663162, 5.226446, 6.741404, 8.92478, 11.151329, 12.962018, 14.324353, 15.288285, 15.657696, 15.238828, 14.422244, 13.225975, 11.425975, 9.425975, 7.383979, 5.575661, 4.731876, 5.218672, 6.659983, 9.256575, 12.262127, 11.095936, 9.20914, 6.767829, 3.605551, 0.0, 0.0, 0.0]"
785,"[0.0, 0.0, 0.0, 0.0, 1.414214, 3.214214, 5.214214, 7.414214, 9.814214, 10.8, 11.4, 11.8, 11.8, 11.4, 10.612452, 9.412452, 7.812452, 6.012452, 4.295294, 3.315298, 3.380209, 4.369064, 6.12313, 8.523568, 10.754677, 12.442731, 13.878779, 14.777581, 15.047264, 14.689693, 11.736728, 10.300679, 8.512723, 6.192214, 4.407331, 5.607331, 5.467719, 6.290869, 8.132277, 10.274731, 12.373216, 13.979738, 15.14744, 15.89848, 16.041575, 15.543091, 14.687326, 13.431562, 11.606659, 9.619804, 7.540914, 5.940914, 5.464069, 5.950865, 7.437054, 9.940847, 12.812359, 11.289204, 9.402408, 6.896415, 3.671512, 0.0, 0.0, 0.0]"
786,"[0.0, 0.0, 0.0, 0.0, 1.442221, 3.231075, 5.290201, 7.622582, 10.128574, 11.192347, 12.011173, 12.284428, 12.115378, 11.609385, 10.823858, 9.658397, 8.220444, 6.457113, 4.857113, 3.961269, 4.042203, 5.117547, 7.058487, 9.820765, 12.348755, 14.369609, 16.136146, 17.531514, 17.913246, 17.66547, 14.121461, 12.473214, 10.26006, 7.716051, 5.211216, 6.211216, 5.685205, 6.16205, 7.769731, 10.222598, 12.551262, 14.594763, 16.155662, 16.953858, 16.874204, 16.236266, 14.911065, 13.194076, 11.068823, 8.81672, 6.573208, 5.369891, 5.234782, 6.234508, 8.618233, 12.100396, 15.391429, 13.682628, 11.402277, 8.297442, 4.368066, 0.0, 0.0, 0.0]"
787,"[0.0, 0.0, 0.0, 0.0, 1.216553, 2.829004, 4.672913, 6.712521, 8.948589, 10.165141, 10.833041, 11.269482, 11.317936, 10.925777, 9.948694, 8.688147, 7.040252, 5.15219, 3.308281, 2.417945, 2.398141, 3.327735, 5.253765, 7.662083, 9.924825, 11.898039, 13.591753, 14.576994, 15.279945, 15.142242, 12.169029, 10.610321, 8.665241, 6.186427, 3.778545, 4.378545, 3.881489, 4.526375, 6.129988, 8.477734, 10.904283, 12.929187, 14.324353, 15.288285, 15.657696, 15.231147, 14.206244, 12.8, 10.8, 8.432456, 6.232456, 4.857077, 4.337702, 5.137702, 7.195971, 10.201848, 13.347114, 12.066489, 10.066489, 7.375764, 3.969887, 0.0, 0.0, 0.0]"
788,"[0.0, 0.0, 0.0, 0.0, 1.16619, 2.608411, 4.328876, 6.328876, 8.492207, 9.489347, 10.210457, 10.653323, 10.540119, 9.98924, 9.16755, 8.081252, 6.550377, 4.863581, 3.698343, 3.20523, 3.570418, 4.824758, 6.957139, 9.193207, 11.475174, 13.343543, 14.949596, 15.927805, 16.555112, 16.377582, 13.066993, 11.633269, 9.7649, 7.454311, 5.101347, 5.995774, 5.350861, 5.719718, 7.128037, 9.33517, 11.447403, 13.239433, 14.653259, 15.469843, 15.722121, 15.383795, 14.457902, 13.076907, 11.308026, 9.073236, 6.687746, 5.128505, 4.565221, 5.089098, 6.810061, 9.638488, 12.594333, 11.313708, 9.33381, 6.788225, 3.676955, 0.0, 0.0, 0.0]"
789,"[0.0, 0.0, 0.0, 0.0, 1.16619, 2.886655, 5.012685, 7.421004, 9.829322, 11.224382, 12.065166, 12.380448, 12.031255, 11.411791, 10.462993, 9.067933, 7.259078, 5.399952, 4.058311, 3.270481, 3.753533, 5.209138, 7.872702, 10.681253, 13.309167, 15.704675, 17.661363, 18.842548, 19.631534, 19.631534, 15.586784, 13.822386, 11.486437, 8.290215, 5.662301, 6.662301, 6.102415, 6.834925, 9.039265, 11.713215, 14.486807, 16.816034, 18.25802, 19.175039, 19.497463, 19.129747, 17.908483, 16.433505, 14.443517, 11.622522, 8.849101, 6.741784, 5.733465, 5.753566, 7.753566, 10.52111, 14.0, 12.6, 10.6, 7.6, 4.2, 0.0, 0.0, 0.0]"
790,"[0.0, 0.0, 0.0, 0.0, 1.612452, 3.652059, 5.888127, 8.361991, 11.030324, 12.477284, 13.106009, 13.50053, 13.459772, 13.027507, 12.007703, 10.951822, 9.145853, 7.112748, 5.159523, 3.752371, 3.356472, 4.571459, 6.604564, 9.381133, 12.047162, 14.323459, 16.020159, 17.381788, 17.866385, 17.866385, 14.373535, 12.873295, 10.295114, 7.351105, 4.45262, 5.45262, 4.913609, 6.105375, 8.333802, 11.327915, 14.169789, 16.472733, 18.064414, 19.285678, 19.665158, 19.321855, 18.374722, 16.707103, 14.544208, 11.901986, 9.228036, 6.896279, 5.905539, 6.172809, 7.827116, 10.797228, 14.384249, 13.042609, 10.888543, 8.102865, 4.308132, 0.0, 0.0, 0.0]"
791,"[0.0, 0.0, 0.0, 0.0, 1.720465, 3.846494, 6.254813, 8.816063, 11.658597, 12.780666, 13.627851, 13.910256, 13.894591, 13.314799, 12.452164, 10.893163, 9.202439, 7.104068, 5.041326, 3.782537, 3.534514, 4.504286, 6.29314, 9.223635, 11.813114, 14.139774, 16.219693, 17.660581, 18.022935, 17.874624, 14.381774, 12.486149, 10.332348, 7.560608, 4.845544, 5.922577, 5.61242, 6.719855, 9.025294, 12.030616, 15.032798, 17.464401, 19.151218, 20.247775, 20.724616, 20.322356, 19.209122, 17.612009, 15.38627, 12.871107, 10.018773, 7.750923, 6.64308, 6.981781, 8.62698, 11.685656, 15.303434, 13.690983, 11.454915, 8.395503, 4.512206, 0.0, 0.0, 0.0]"
792,"[0.0, 0.0, 0.0, 0.0, 1.414214, 3.258122, 5.29773, 7.533798, 10.007662, 11.067311, 11.891735, 12.285233, 12.285233, 11.821344, 11.158558, 9.890225, 8.45712, 6.853508, 5.243533, 4.153566, 4.095207, 4.804007, 6.451903, 8.525766, 10.66822, 12.385991, 13.932954, 14.908368, 15.493916, 15.458779, 12.399367, 11.04097, 9.050116, 6.711815, 4.515843, 5.410271, 4.968926, 5.984366, 7.931588, 10.403968, 12.862152, 14.950139, 16.406096, 17.343315, 17.656081, 17.465748, 16.707416, 15.312048, 13.355739, 11.15469, 8.624868, 6.43919, 5.264441, 5.404053, 6.519881, 9.049703, 12.169918, 11.003728, 9.214873, 6.882493, 3.720215, 0.0, 0.0, 0.0]"
793,"[0.0, 0.0, 0.0, 0.0, 1.414214, 3.225291, 5.235266, 7.668371, 10.101476, 11.317851, 11.915093, 12.313437, 12.089404, 11.656299, 10.82571, 9.831605, 8.44309, 6.681231, 4.964074, 3.796529, 3.598868, 4.179064, 5.931851, 8.256689, 10.431367, 12.241364, 13.866267, 14.922031, 15.340899, 15.164355, 12.137806, 10.72398, 8.668216, 6.466287, 4.435698, 5.330125, 5.081098, 6.007127, 7.743756, 10.11697, 12.478307, 14.454618, 16.005544, 16.982656, 17.547803, 17.416139, 16.568502, 15.299866, 13.458561, 11.200825, 8.901346, 6.931731, 5.865053, 6.065364, 7.217844, 9.618126, 12.51917, 11.177529, 9.280162, 6.847057, 3.622154, 0.0, 0.0, 0.0]"
794,"[0.0, 0.0, 0.0, 0.0, 1.414214, 3.134679, 5.298009, 7.739321, 10.180632, 11.486712, 12.327497, 12.605477, 12.444517, 12.003206, 11.003377, 9.722752, 8.129969, 6.132461, 4.332461, 3.177681, 3.028427, 3.741949, 5.459106, 7.820356, 9.974965, 11.896461, 13.387279, 14.440146, 14.763338, 14.650724, 11.597857, 10.265455, 8.343958, 6.091972, 3.931505, 4.951309, 4.830844, 5.908545, 7.684409, 10.037195, 12.217391, 14.217391, 15.608319, 16.805551, 17.211795, 16.840222, 15.870812, 14.479884, 12.68541, 10.679166, 8.745166, 6.939198, 5.995036, 6.153731, 7.459724, 9.518261, 12.365152, 11.100241, 9.130469, 6.624477, 3.671512, 0.0, 0.0, 0.0]"
795,"[0.0, 0.0, 0.0, 0.0, 1.442221, 3.139277, 5.119176, 7.381917, 9.790236, 10.909266, 11.620528, 12.048948, 11.912236, 11.483816, 10.33678, 9.059831, 7.372623, 5.446594, 3.913908, 3.499695, 3.810544, 5.069333, 7.277652, 9.521163, 11.494377, 13.307921, 14.583786, 15.581344, 16.001889, 15.857102, 12.601338, 11.189483, 8.949796, 6.438526, 4.33121, 5.33121, 5.099752, 5.97317, 8.003759, 10.34206, 12.597824, 14.63503, 16.217577, 16.811891, 16.958723, 16.510092, 15.460435, 13.848256, 12.223353, 10.017109, 7.657189, 5.504402, 4.342955, 4.305005, 5.305005, 7.578086, 10.411116, 9.562588, 8.000538, 6.000538, 3.280244, 0.0, 0.0, 0.0]"
796,"[0.0, 0.0, 0.0, 0.0, 1.414214, 3.258122, 5.258122, 7.538473, 9.979784, 11.173252, 11.770654, 12.211965, 12.094945, 11.54043, 10.545201, 9.27008, 7.549879, 5.586548, 4.146966, 3.534514, 3.930374, 5.209264, 7.417582, 9.812903, 11.812903, 13.531097, 15.091996, 15.963921, 16.245486, 16.088021, 12.807777, 11.090787, 8.941914, 6.450269, 4.054949, 4.87957, 4.491683, 5.514378, 7.411745, 9.876575, 12.214232, 14.110821, 15.255239, 15.981181, 16.095686, 15.761836, 14.84233, 13.553821, 11.71227, 9.510342, 7.129128, 5.261709, 4.532359, 5.004941, 6.621631, 9.336695, 12.376561, 11.095936, 9.20914, 6.767829, 3.605551, 0.0, 0.0, 0.0]"
797,"[0.0, 0.0, 0.0, 0.0, 1.16619, 2.778642, 4.748413, 6.902479, 9.243419, 10.418169, 11.146657, 11.264947, 11.008248, 10.376109, 9.558323, 8.294416, 6.653569, 4.756202, 3.494615, 3.048493, 3.494615, 5.201467, 7.801467, 10.400563, 12.554629, 14.524324, 16.047213, 16.940063, 17.124853, 16.866968, 13.374118, 11.594529, 9.318232, 6.687133, 4.113919, 4.962447, 4.507301, 5.290749, 7.13206, 9.73206, 12.163776, 14.001799, 15.407676, 16.222129, 16.333399, 15.881582, 15.009657, 13.583679, 11.60854, 9.345798, 6.717371, 4.941508, 4.22652, 4.843261, 6.524555, 9.62304, 12.726893, 11.461982, 9.564615, 7.034793, 3.736308, 0.0, 0.0, 0.0]"
798,"[0.0, 0.0, 0.0, 0.0, 1.442221, 3.162686, 5.326016, 7.658397, 10.16439, 11.228162, 12.01369, 12.086427, 11.813172, 11.366306, 10.472764, 9.132962, 7.745422, 6.13351, 4.274384, 3.486553, 3.585274, 4.5256, 6.314455, 8.620447, 10.748791, 12.614375, 14.050424, 15.039259, 15.486231, 15.216548, 12.086052, 10.56995, 8.42208, 5.869115, 3.818289, 4.818289, 4.806545, 5.992254, 8.282978, 10.761793, 13.155905, 14.99721, 16.422286, 17.29246, 17.461434, 17.067322, 16.249255, 14.724768, 12.884334, 10.60409, 8.051304, 5.778223, 4.614892, 4.694427, 6.102746, 8.662192, 11.837132, 10.837132, 9.037132, 6.628813, 3.622154, 0.0, 0.0, 0.0]"
799,"[0.0, 0.0, 0.0, 0.0, 1.131371, 2.828427, 4.808326, 6.934355, 9.197097, 10.191755, 10.757441, 10.903571, 10.757441, 10.338608, 9.626792, 8.495421, 6.935078, 5.155179, 3.71127, 3.191483, 3.401753, 4.924129, 7.253951, 9.765995, 11.976403, 13.987373, 15.443321, 16.457508, 16.898075, 16.705284, 13.352673, 11.96273, 9.760362, 7.128861, 4.664031, 5.488652, 4.790608, 5.488575, 7.398054, 10.010252, 12.484115, 14.520943, 16.025344, 16.747366, 16.919053, 16.593782, 15.630755, 14.240812, 12.411355, 10.004878, 7.478877, 5.749055, 4.8599, 5.424807, 7.385864, 10.544201, 13.982125, 12.717214, 10.629153, 7.843475, 4.237924, 0.0, 0.0, 0.0]"
800,"[0.0, 0.0, 0.0, 0.0, 1.4, 3.012452, 5.221524, 7.629843, 10.237524, 11.270629, 12.265858, 12.465105, 12.265858, 11.658177, 10.825072, 9.417391, 7.833693, 5.824621, 4.107464, 3.107464, 2.907464, 3.695294, 5.731362, 8.116852, 10.380417, 12.485251, 14.171284, 15.233701, 15.62478, 15.62478, 12.519945, 10.833912, 8.735427, 6.397126, 4.133562, 5.210595, 5.318608, 6.244637, 8.243821, 10.924065, 13.567247, 15.566997, 17.324266, 18.377564, 18.49732, 18.087694, 17.231043, 15.764355, 13.603214, 11.369404, 8.779926, 6.637472, 5.501487, 6.125104, 7.822478, 10.518969, 13.84755, 12.566925, 10.330857, 7.467293, 4.049691, 0.0, 0.0, 0.0]"
801,"[0.0, 0.0, 0.0, 0.0, 1.442221, 3.329017, 5.565085, 8.071078, 10.57707, 11.818131, 12.437328, 12.707253, 12.533641, 12.086774, 11.123957, 10.180015, 8.52255, 6.637383, 4.778257, 3.690247, 3.294388, 4.166325, 5.999462, 8.519756, 10.8873, 12.84521, 14.530622, 15.506035, 16.065985, 15.908519, 12.784419, 11.265338, 9.175765, 6.495521, 4.285442, 5.305246, 5.127251, 6.377669, 8.460951, 11.059594, 13.53264, 15.686481, 17.254844, 18.556534, 19.061743, 18.867378, 17.72503, 16.02041, 13.744239, 11.174121, 8.508092, 6.508908, 5.790607, 6.245137, 7.857435, 10.896492, 14.469564, 12.907514, 10.744183, 7.965694, 4.294182, 0.0, 0.0, 0.0]"
802,"[0.0, 0.0, 0.0, 0.0, 1.2, 2.8, 4.8, 7.0, 9.4, 10.6, 11.2, 11.409072, 11.219047, 10.630124, 9.644338, 8.66089, 7.084274, 5.274299, 3.863222, 3.449008, 3.646669, 5.053821, 7.327685, 9.791249, 11.896084, 13.834481, 15.338882, 16.409028, 16.898075, 16.705284, 13.352673, 11.848272, 9.718476, 7.165865, 4.701035, 5.422145, 4.796751, 5.226446, 6.834765, 9.078276, 11.468436, 13.165492, 14.577348, 15.424793, 15.858168, 15.589432, 14.758513, 13.502749, 11.52761, 9.252038, 6.809504, 5.353774, 4.767988, 5.687363, 7.638835, 10.838835, 14.014214, 12.6, 10.4, 7.6, 4.0, 0.0, 0.0, 0.0]"
803,"[0.0, 0.0, 0.0, 0.0, 1.280625, 3.124534, 5.250563, 7.376592, 9.784911, 10.912605, 11.477015, 11.613728, 11.613728, 11.049318, 10.203049, 8.926101, 7.384469, 5.541283, 3.980216, 3.266695, 3.577544, 4.74323, 6.740738, 9.17819, 11.214103, 12.93416, 14.376027, 15.257954, 15.699937, 15.53579, 12.373513, 10.888758, 8.857852, 6.261259, 3.823808, 4.648429, 4.069431, 4.835427, 6.610681, 9.048133, 11.328347, 13.168271, 14.375739, 15.094211, 15.202344, 14.728098, 13.832335, 12.538577, 10.893379, 8.889573, 6.706198, 5.218236, 4.849379, 5.494292, 7.277351, 10.055041, 13.005443, 11.563222, 9.504096, 6.896415, 3.671512, 0.0, 0.0, 0.0]"
804,"[0.0, 0.0, 0.0, 0.0, 1.264911, 2.914153, 4.758062, 6.99413, 9.427235, 10.595429, 11.379292, 11.771451, 11.574991, 10.985795, 9.966903, 8.553602, 6.917534, 4.877926, 3.434017, 3.039608, 3.669046, 5.157107, 7.68693, 10.260143, 12.402617, 14.105986, 15.370535, 16.258315, 16.637712, 16.195728, 12.843117, 11.334415, 9.133366, 6.380755, 4.060461, 4.954889, 4.525193, 5.15255, 6.8329, 9.123625, 11.202412, 12.761412, 14.028773, 14.872522, 15.024331, 14.612367, 13.919504, 12.5287, 10.685225, 8.408376, 6.047126, 4.566775, 4.04631, 4.765685, 6.807681, 10.013558, 12.81911, 11.61911, 9.61911, 7.011429, 3.605551, 0.0, 0.0, 0.0]"
805,"[0.0, 0.0, 0.0, 0.0, 1.216553, 2.829004, 4.868612, 7.10468, 9.340748, 10.598059, 11.265958, 11.506701, 11.310241, 10.918082, 9.858432, 8.597885, 6.917534, 5.077926, 3.634017, 3.219804, 3.812452, 5.222427, 7.430746, 9.837879, 11.844539, 13.438331, 14.834233, 15.831791, 16.031317, 15.831791, 12.625548, 11.063579, 8.874254, 6.433281, 4.07336, 4.967788, 4.579901, 5.402956, 7.117621, 9.338741, 11.549148, 13.255404, 14.446895, 15.212854, 15.408085, 14.809243, 13.883033, 12.264386, 10.29511, 8.064001, 5.840851, 4.429404, 4.158593, 5.140686, 7.191512, 10.30867, 13.15556, 11.81392, 9.754794, 7.071512, 3.671512, 0.0, 0.0, 0.0]"
806,"[0.0, 0.0, 0.0, 0.0, 1.280625, 2.842675, 4.822574, 7.085315, 9.348057, 10.475751, 11.32202, 11.604863, 11.46815, 11.185308, 10.339039, 9.211345, 7.669713, 5.943684, 4.363785, 3.626356, 3.868886, 4.93663, 7.042623, 9.421112, 11.726986, 13.603831, 15.214977, 16.108984, 16.46099, 16.194059, 12.794059, 11.291426, 9.107978, 6.609939, 4.346375, 5.346375, 5.146064, 6.055541, 8.11381, 10.487024, 12.742788, 14.451609, 15.719693, 16.42308, 16.561136, 16.278586, 15.281028, 13.886915, 11.935023, 9.544863, 6.854492, 4.893387, 4.235028, 4.581662, 6.460551, 9.224018, 12.534463, 11.192822, 9.403968, 6.803968, 3.757659, 0.0, 0.0, 0.0]"
807,"[0.0, 0.0, 0.0, 0.0, 1.264911, 2.973712, 4.871078, 7.151429, 9.43178, 10.640732, 11.405795, 11.788779, 11.59649, 11.213505, 10.448443, 9.31622, 7.930297, 6.407921, 4.957768, 3.881423, 3.756334, 4.461907, 5.896222, 7.857327, 10.032005, 11.822112, 13.428356, 14.6346, 15.226281, 15.019147, 12.012488, 10.418695, 8.289485, 5.85517, 3.820855, 4.897888, 4.934679, 6.093714, 8.196361, 10.690088, 13.105905, 14.949512, 16.206294, 17.030811, 17.32401, 16.743204, 15.780177, 14.441393, 12.597785, 10.264978, 7.752934, 5.670326, 4.51626, 4.710926, 6.132434, 8.732434, 11.846119, 10.846119, 9.00221, 6.560899, 3.560899, 0.0, 0.0, 0.0]"
808,"[0.0, 0.0, 0.0, 0.0, 1.2, 2.6, 4.411077, 6.421052, 8.630124, 9.666192, 10.50226, 10.701158, 10.50226, 10.104265, 9.268197, 8.032129, 6.846775, 5.482912, 4.119048, 3.719048, 4.161269, 5.306419, 7.095274, 9.24806, 11.294369, 13.162738, 14.685816, 15.760337, 16.470926, 16.377582, 13.066993, 11.460939, 9.430975, 6.841496, 4.171374, 4.995995, 4.565221, 5.181963, 6.877462, 9.380297, 11.786774, 13.748354, 15.268589, 16.20459, 16.58119, 16.070386, 14.933135, 13.359442, 11.271743, 8.74192, 6.021626, 4.541275, 4.11158, 5.055741, 7.23042, 10.636297, 13.841294, 12.42708, 10.218008, 7.410874, 4.004997, 0.0, 0.0, 0.0]"
809,"[0.0, 0.0, 0.0, 0.0, 1.2, 2.614214, 4.414214, 6.414214, 8.614214, 9.623286, 10.409072, 10.609072, 10.409072, 9.809072, 9.0, 7.8, 6.432456, 4.915298, 3.762512, 3.187133, 3.452044, 4.630666, 6.583891, 8.965104, 11.365386, 13.523924, 15.362504, 16.549885, 16.977222, 16.81173, 13.388282, 11.635991, 9.289575, 6.481025, 3.704456, 4.529077, 4.045924, 5.008499, 7.389712, 10.166281, 12.794196, 14.832517, 16.442567, 17.037588, 17.20308, 16.757204, 15.935258, 14.096677, 11.889781, 9.297334, 6.490674, 4.754512, 4.399457, 5.463256, 7.742844, 11.086853, 14.315531, 12.859509, 10.579159, 7.667115, 4.123106, 0.0, 0.0, 0.0]"
810,"[0.0, 0.0, 0.0, 0.0, 1.264911, 2.877363, 4.666217, 6.829548, 8.992879, 10.008318, 10.559198, 10.770343, 10.493809, 10.050943, 9.051217, 7.782313, 6.414769, 4.810815, 3.69035, 3.409725, 3.957519, 5.325063, 7.322571, 9.565105, 11.689205, 13.527229, 15.088127, 16.213654, 16.533397, 16.293739, 13.013495, 11.339392, 9.099705, 6.569883, 3.885442, 4.73397, 4.127799, 4.961609, 6.770464, 9.412998, 11.56447, 13.564089, 14.844333, 15.527122, 15.657801, 15.348526, 14.348633, 12.765446, 10.772717, 8.365188, 5.674463, 4.115223, 3.698791, 4.454217, 6.496212, 9.721115, 12.773598, 11.492973, 9.606177, 6.998496, 3.773592, 0.0, 0.0, 0.0]"
811,"[0.0, 0.0, 0.0, 0.0, 1.612452, 3.622427, 6.022427, 8.622427, 11.222427, 12.616634, 13.613319, 13.821, 13.629318, 13.039294, 11.832634, 10.025975, 8.218294, 6.257189, 4.530056, 3.451167, 3.592807, 4.690174, 6.523311, 8.960763, 11.344487, 13.301331, 14.947973, 16.211632, 16.843948, 16.459408, 13.160923, 11.325715, 8.947896, 6.042499, 3.722205, 4.742009, 4.68245, 5.8572, 8.13028, 11.082891, 13.668639, 15.814129, 17.267923, 18.283937, 18.424176, 17.92346, 16.797059, 15.282677, 13.195611, 10.527382, 7.70539, 5.484271, 4.028541, 3.99175, 5.376201, 8.318262, 11.493202, 10.668581, 9.056129, 6.847057, 3.622154, 0.0, 0.0, 0.0]"
812,"[0.0, 0.0, 0.0, 0.0, 1.442221, 3.162686, 5.142585, 7.550903, 9.959222, 10.958313, 11.679159, 11.862591, 11.617603, 10.929749, 9.930658, 8.489347, 6.891702, 5.175585, 4.05512, 3.812899, 4.425351, 6.095733, 8.2562, 10.484628, 12.509531, 14.320528, 15.507908, 16.323676, 16.701493, 16.483249, 13.0598, 11.636352, 9.412903, 6.606659, 3.8, 4.819804, 4.234017, 5.073625, 7.10673, 9.735157, 11.741903, 13.552592, 14.737888, 15.529686, 15.707918, 15.28905, 14.464146, 13.039243, 11.21434, 9.007681, 6.8, 4.8, 4.0, 4.212452, 5.621524, 8.049951, 11.102486, 10.102486, 8.490035, 6.280962, 3.452535, 0.0, 0.0, 0.0]"
813,"[0.0, 0.0, 0.0, 0.0, 1.414214, 3.258122, 5.384152, 7.664502, 10.105814, 11.299281, 11.787753, 11.994104, 11.77288, 11.218365, 10.223135, 9.056945, 7.445674, 5.586548, 4.099752, 3.487301, 3.735324, 4.858122, 6.89419, 9.162523, 11.026087, 12.671286, 14.083141, 14.906485, 15.264701, 15.008818, 11.949406, 10.293642, 8.23423, 5.607681, 3.4, 4.4, 4.4, 5.6, 7.807681, 10.41434, 12.620584, 14.426461, 15.626461, 16.21878, 16.212121, 15.805877, 14.8, 13.409975, 11.624189, 9.643993, 7.243993, 5.043993, 3.858639, 3.900447, 4.968704, 7.288999, 10.251276, 9.426655, 7.970633, 5.882572, 3.162278, 0.0, 0.0, 0.0]"
814,"[0.0, 0.0, 0.0, 0.0, 1.612452, 3.612452, 5.812452, 8.22077, 10.85136, 11.712772, 12.186635, 12.266986, 11.946728, 11.160048, 10.335427, 9.078116, 7.597765, 6.075389, 4.83148, 4.259271, 4.65517, 5.85517, 7.730796, 9.85109, 11.774057, 13.441849, 14.722093, 15.561026, 15.893599, 15.672088, 12.391844, 10.900455, 8.885122, 6.432254, 3.936608, 4.785136, 4.337923, 5.132138, 6.948747, 9.529468, 11.727249, 13.616708, 14.868171, 15.582057, 15.848988, 15.48596, 14.490929, 13.067136, 11.217266, 8.935299, 6.652017, 5.048405, 4.181412, 4.609588, 6.102, 8.675214, 11.535608, 10.515804, 8.807004, 6.466064, 3.49285, 0.0, 0.0, 0.0]"
815,"[0.0, 0.0, 0.0, 0.0, 1.280625, 3.124534, 5.124534, 7.387275, 9.650017, 10.930642, 11.647983, 12.089294, 11.952581, 11.533749, 10.386712, 8.956834, 7.236633, 5.510604, 4.113908, 3.699695, 3.982537, 4.970228, 6.850579, 9.071698, 10.983742, 12.868013, 14.457697, 15.47583, 15.866909, 15.783292, 12.484808, 10.798775, 8.520094, 5.860683, 3.432255, 4.232255, 4.219804, 5.6, 8.007134, 10.813378, 13.413378, 15.613378, 17.013378, 18.006244, 18.2, 17.8, 16.607681, 15.007681, 12.621895, 10.021895, 7.221895, 5.061427, 3.881231, 4.11626, 5.749365, 8.805129, 12.204992, 11.185188, 9.535946, 7.102841, 3.847077, 0.0, 0.0, 0.0]"
816,"[0.0, 0.0, 0.0, 0.0, 1.456022, 3.353389, 5.44145, 7.595516, 10.012125, 10.972712, 11.491955, 11.639961, 11.455667, 10.827912, 10.120104, 8.968406, 7.556959, 5.987187, 4.598333, 3.610642, 3.626356, 4.498791, 6.07869, 7.941432, 9.911047, 11.603636, 13.017849, 14.011164, 14.576849, 14.447374, 11.47416, 10.083356, 8.110142, 5.728928, 3.614892, 4.614892, 4.591483, 5.717513, 7.815883, 10.47994, 12.874052, 14.715357, 16.266283, 17.25906, 17.403554, 16.982656, 15.852613, 14.301687, 12.325376, 9.91814, 7.227769, 5.266664, 4.306825, 4.631571, 6.115424, 8.885448, 11.936806, 10.770616, 8.883819, 6.551439, 3.498571, 0.0, 0.0, 0.0]"
817,"[0.0, 0.0, 0.0, 0.0, 1.442221, 3.162686, 5.221812, 7.45788, 9.874489, 10.773208, 11.393683, 11.488623, 11.406621, 10.959783, 10.231295, 9.056545, 7.751008, 6.044155, 4.357226, 3.569396, 3.603206, 4.354677, 5.917439, 8.042915, 10.025428, 11.832087, 13.45699, 14.473564, 14.872379, 14.665245, 11.658586, 10.24476, 8.238015, 5.996566, 3.962252, 5.039285, 4.87745, 6.093714, 8.196361, 10.690088, 13.06559, 15.066005, 16.282473, 17.066675, 17.263028, 16.915327, 15.739533, 14.375059, 12.378546, 9.947403, 7.042568, 5.13439, 4.31124, 4.824989, 6.600368, 9.530863, 12.63669, 11.371779, 9.402007, 6.802007, 3.671512, 0.0, 0.0, 0.0]"
818,"[0.0, 0.0, 0.0, 0.0, 1.131371, 2.693421, 4.53733, 6.53733, 8.70066, 9.73262, 10.333901, 10.489992, 10.376789, 9.933923, 9.212813, 8.180853, 6.901963, 5.415167, 4.141915, 3.699695, 3.982537, 5.105336, 6.985687, 9.258767, 11.231981, 12.980045, 14.298414, 15.180341, 15.564882, 15.455232, 12.292954, 10.974586, 9.012308, 6.539929, 4.076364, 5.207735, 5.084291, 5.943417, 7.816955, 10.369919, 12.463452, 14.142987, 15.483861, 16.377868, 16.649806, 16.203392, 15.135773, 13.456238, 11.336863, 8.677645, 5.899156, 4.287886, 4.009641, 4.708915, 6.833955, 10.089719, 13.189603, 11.747383, 9.767484, 7.076759, 3.820995, 0.0, 0.0, 0.0]"
819,"[0.0, 0.0, 0.0, 0.0, 1.2, 2.614214, 4.425291, 6.464898, 8.504506, 9.540574, 10.214422, 10.442953, 10.247254, 9.856888, 9.076842, 8.008585, 6.601433, 4.957524, 3.755495, 3.124094, 3.560312, 4.771766, 6.852116, 9.125197, 11.21262, 12.861433, 14.316008, 15.334142, 15.776126, 15.649759, 12.544924, 11.216211, 9.083917, 6.487325, 3.98449, 4.98449, 4.62717, 5.500587, 7.603235, 10.379804, 12.635568, 14.515966, 15.928894, 16.713096, 16.680234, 16.252897, 15.193152, 13.551694, 11.315711, 8.921617, 6.29319, 4.684706, 4.522871, 5.58667, 7.866258, 11.210267, 14.370618, 12.721376, 10.441025, 7.528981, 3.984972, 0.0, 0.0, 0.0]"
820,"[0.0, 0.0, 0.0, 0.0, 1.414214, 3.225291, 5.225291, 7.425291, 9.83361, 10.827715, 11.424957, 11.634029, 11.444004, 10.846762, 10.050895, 8.842576, 7.458125, 5.730992, 4.367129, 3.603206, 3.744846, 4.70908, 6.662305, 8.815091, 10.752241, 12.456909, 13.899154, 14.793581, 15.146546, 15.044149, 11.99784, 10.487206, 8.488082, 6.167573, 3.931505, 4.931505, 4.823492, 5.972472, 8.008349, 10.66597, 13.018581, 14.950139, 16.213797, 17.038314, 17.189243, 16.700196, 15.589292, 14.055258, 11.976622, 9.520858, 6.857294, 4.824189, 4.014214, 4.4, 6.0, 8.8, 12.005551, 10.805551, 9.005551, 6.605551, 3.605551, 0.0, 0.0, 0.0]"
821,"[0.0, 0.0, 0.0, 0.0, 1.414214, 3.134679, 5.298009, 7.63039, 10.136383, 11.138779, 11.834923, 12.088201, 11.909886, 11.192748, 10.299293, 9.048874, 7.480793, 5.773941, 4.550772, 3.922045, 4.211876, 5.207257, 6.996111, 9.061015, 10.995015, 12.598405, 13.813908, 14.637252, 14.870226, 14.710132, 11.65072, 10.300109, 8.135125, 5.554403, 3.086071, 4.105875, 4.046316, 5.23995, 7.677402, 10.389446, 12.722253, 14.490612, 15.755161, 16.387478, 16.580269, 16.091222, 15.147484, 13.638782, 11.898623, 9.793788, 7.377437, 5.350788, 4.77179, 4.868139, 6.14849, 8.61332, 11.710116, 10.445205, 8.736404, 6.456053, 3.544009, 0.0, 0.0, 0.0]"
822,"[0.0, 0.0, 0.0, 0.0, 1.16619, 2.689345, 4.586712, 6.674773, 8.910841, 9.980718, 10.666636, 10.779245, 10.491183, 9.867567, 9.045712, 7.856444, 6.293683, 4.893683, 3.846916, 3.432703, 3.936054, 5.458612, 7.212678, 9.43267, 11.405884, 12.929038, 14.190365, 15.082609, 15.249896, 14.959964, 11.913654, 10.47141, 8.591291, 6.08554, 3.849472, 4.698, 4.606202, 5.419911, 7.381016, 9.762229, 12.169465, 13.866522, 15.280735, 16.266529, 16.549372, 16.136142, 15.004771, 13.454567, 11.341079, 9.124237, 6.481703, 4.784646, 3.940737, 4.380578, 5.927462, 8.727462, 11.722675, 10.722675, 9.00221, 6.560899, 3.560899, 0.0, 0.0, 0.0]"
823,"[0.0, 0.0, 0.0, 0.0, 1.414214, 3.11127, 5.237299, 7.51765, 9.958961, 10.986059, 11.621383, 11.658685, 11.541665, 10.98715, 10.266304, 9.214548, 7.899745, 6.36887, 5.203184, 4.482719, 4.543735, 5.404007, 6.81116, 8.523154, 10.351581, 12.069352, 13.419963, 14.439767, 14.918706, 14.564142, 11.504731, 10.15412, 8.171741, 5.706911, 3.633047, 4.71008, 4.524434, 5.683469, 7.742248, 10.295213, 12.443083, 14.4185, 15.582432, 16.301342, 16.57328, 16.126866, 15.044904, 13.614676, 11.912927, 9.707828, 7.376553, 5.592399, 4.903252, 5.380098, 7.051019, 9.727905, 12.783267, 11.502642, 9.502642, 6.811918, 3.687818, 0.0, 0.0, 0.0]"
824,"[0.0, 0.0, 0.0, 0.0, 1.16619, 2.778642, 4.499107, 6.499107, 8.625136, 9.739297, 10.407196, 10.66663, 10.646529, 10.217556, 9.499255, 8.218904, 7.133432, 5.753533, 4.622163, 3.860113, 4.076665, 4.83148, 6.319541, 8.094796, 9.894796, 11.590287, 12.914259, 13.738242, 14.309346, 14.377678, 11.465634, 10.104872, 8.212632, 5.747802, 3.479469, 4.279469, 4.279469, 5.26964, 7.430108, 10.056657, 12.680105, 14.520189, 16.132368, 16.948136, 17.345035, 16.948136, 15.928705, 14.316526, 12.3491, 9.750272, 6.723723, 4.890618, 4.097196, 4.651149, 6.457117, 9.712881, 12.959958, 11.743405, 9.73343, 7.102841, 3.847077, 0.0, 0.0, 0.0]"
825,"[0.0, 0.0, 0.0, 0.0, 1.280625, 2.842675, 4.686584, 6.812613, 9.253924, 10.58098, 11.460241, 11.616332, 11.490303, 10.769457, 9.723826, 8.56314, 7.457567, 6.090023, 4.816771, 4.079342, 3.998717, 4.716742, 6.320354, 8.347004, 10.434427, 12.339262, 13.831645, 14.700412, 15.331384, 15.282904, 12.178069, 11.112842, 9.224559, 6.519725, 3.85616, 4.65616, 4.216553, 5.209072, 7.616206, 10.62245, 13.627709, 16.027709, 17.823634, 18.82176, 19.420775, 18.622175, 17.429309, 15.633384, 13.228125, 10.222865, 7.416206, 5.503499, 4.750449, 5.6308, 7.694364, 11.377662, 14.758746, 13.302724, 11.022373, 8.158809, 4.275512, 0.0, 0.0, 0.0]"
826,"[0.0, 0.0, 0.0, 0.0, 1.216553, 2.865795, 4.763161, 6.851223, 9.192163, 10.31655, 11.008248, 11.198943, 11.198943, 10.701911, 10.010214, 8.885826, 7.622386, 6.255435, 5.043982, 4.219361, 4.168998, 4.906427, 6.165216, 7.941079, 9.677708, 11.354052, 12.792002, 13.812103, 14.246318, 14.375793, 11.533259, 10.513158, 8.793783, 6.583704, 4.340193, 5.164814, 4.70807, 5.397216, 7.18137, 9.687121, 12.087403, 13.964248, 15.394477, 16.377868, 16.555398, 16.194059, 15.210669, 13.599523, 11.541164, 9.131779, 6.268215, 4.651605, 4.318773, 5.01674, 6.963963, 10.262447, 13.391824, 11.935802, 9.896194, 7.227861, 3.929377, 0.0, 0.0, 0.0]"
827,"[0.0, 0.0, 0.0, 0.0, 1.414214, 3.258122, 5.258122, 7.590503, 10.198184, 11.391652, 12.155424, 12.661416, 12.661416, 12.053735, 11.16652, 9.839463, 8.333471, 6.633545, 5.199231, 4.373193, 4.309121, 4.909121, 6.28664, 8.351544, 10.177411, 11.824423, 13.329258, 14.424117, 14.657092, 14.605131, 11.741567, 10.646707, 8.541872, 6.310763, 4.089644, 4.984071, 4.497251, 5.651317, 7.739155, 10.454219, 12.977394, 15.05979, 16.511276, 17.396533, 17.651857, 17.207469, 16.322212, 14.870727, 12.78833, 10.19535, 7.422136, 5.267527, 4.394086, 4.870931, 6.930751, 10.29165, 13.725965, 12.44534, 10.44534, 7.560899, 4.0, 0.0, 0.0, 0.0]"
828,"[0.0, 0.0, 0.0, 0.0, 0.848528, 2.129153, 3.571373, 5.45817, 7.517296, 8.638539, 9.327686, 9.67432, 9.496324, 8.960353, 8.067614, 6.99227, 5.650629, 4.341828, 3.265887, 2.909965, 3.09257, 4.294599, 5.738508, 7.527362, 9.436841, 11.188236, 12.402557, 13.422213, 14.049709, 13.892983, 11.064556, 9.850234, 8.006474, 5.54291, 3.069046, 3.351889, 2.702647, 3.244893, 4.844893, 7.406142, 9.965834, 11.939047, 13.501097, 14.625197, 14.906482, 14.754672, 14.189778, 12.909587, 11.066112, 8.944688, 6.253963, 4.045644, 3.096162, 3.427989, 4.98723, 8.111329, 11.449691, 10.555263, 8.942812, 6.662461, 3.538361, 0.0, 0.0, 0.0]"
829,"[0.0, 0.0, 0.0, 0.0, 1.4, 3.2, 5.239608, 7.519959, 10.188291, 11.456624, 11.997564, 12.298896, 12.172612, 11.401645, 10.382555, 9.258167, 7.937031, 6.677392, 5.674453, 5.241763, 5.425211, 6.415382, 7.757023, 9.530928, 11.17794, 12.837352, 14.125861, 15.188278, 15.775709, 15.740572, 12.68116, 11.193753, 9.295268, 6.864125, 4.235698, 4.868154, 4.273629, 4.522871, 5.934318, 8.562745, 10.989702, 13.071634, 14.678155, 15.740572, 15.971557, 15.775709, 15.145557, 13.929401, 12.086939, 10.047331, 7.383766, 5.162647, 4.28923, 4.622062, 6.108251, 9.48596, 13.156998, 11.990808, 10.201954, 7.695961, 4.118252, 0.0, 0.0, 0.0]"
830,"[0.0, 0.0, 0.0, 0.0, 1.16619, 2.689345, 4.478199, 6.375566, 8.655917, 9.725794, 10.438708, 10.659829, 10.573539, 10.104265, 9.282411, 8.066147, 6.777282, 5.687315, 4.700859, 4.363678, 4.624499, 5.600445, 7.005364, 8.589062, 10.202754, 11.895343, 13.1715, 14.156741, 14.721636, 14.721636, 11.748422, 10.619117, 8.922061, 6.669958, 4.262075, 4.894531, 4.450622, 4.847486, 6.335447, 9.079154, 11.870147, 14.092301, 15.903378, 17.31646, 17.695788, 17.478583, 16.663563, 15.64909, 13.838013, 11.648688, 9.0749, 6.550609, 4.767549, 4.370685, 5.390201, 7.982648, 11.387624, 10.563002, 9.148789, 6.912721, 3.687818, 0.0, 0.0, 0.0]"
831,"[0.0, 0.0, 0.0, 0.0, 1.216553, 2.865795, 4.763161, 6.917227, 9.333836, 10.353352, 10.940178, 11.101937, 11.006997, 10.56016, 9.847246, 8.876089, 7.836767, 6.602262, 5.481019, 4.977668, 5.112757, 5.90403, 7.288481, 9.070542, 10.879166, 12.538577, 13.983264, 14.999095, 15.375165, 15.353872, 12.29446, 11.038696, 9.213793, 7.007134, 4.482843, 4.882843, 3.902647, 4.151889, 5.43995, 7.82544, 10.337484, 12.422515, 14.125884, 15.2001, 15.443811, 15.252062, 14.488167, 13.175164, 11.427099, 9.339677, 6.819382, 5.044128, 4.00452, 4.379161, 6.060533, 9.085436, 12.366827, 11.366827, 9.577973, 7.07198, 3.847077, 0.0, 0.0, 0.0]"
832,"[0.0, 0.0, 0.0, 0.0, 1.414214, 3.026665, 5.066273, 7.154334, 9.495274, 10.422001, 11.150489, 11.52749, 11.593495, 11.222327, 10.590187, 9.705269, 8.308464, 6.786854, 5.382768, 4.498588, 4.242566, 4.872004, 6.136915, 7.91217, 9.687549, 11.273226, 12.597198, 13.673045, 14.195669, 14.264002, 11.478325, 10.34902, 8.575806, 6.312242, 3.643909, 4.443909, 4.0, 4.8, 6.807681, 9.614815, 12.039718, 14.063166, 15.515702, 16.163785, 16.3832, 15.986724, 14.971595, 13.529034, 11.87327, 9.866525, 7.603783, 5.642678, 4.632703, 4.821557, 6.218363, 8.698986, 11.744623, 10.744623, 8.955768, 6.539159, 3.49285, 0.0, 0.0, 0.0]"
833,"[0.0, 0.0, 0.0, 0.0, 1.414214, 3.258122, 5.538473, 8.068295, 10.853973, 12.303324, 13.142696, 13.545627, 13.521798, 13.068501, 12.174708, 11.103878, 9.685508, 7.979515, 6.21282, 5.262852, 5.0504, 5.596566, 7.032634, 9.135282, 11.17489, 13.030654, 14.672112, 15.888579, 16.626124, 16.573371, 13.317607, 11.865072, 9.82675, 7.053328, 4.246669, 5.046669, 4.659121, 5.525258, 7.613097, 10.765707, 13.760441, 16.010631, 17.592921, 18.549583, 18.689821, 18.057366, 16.724546, 15.202845, 13.175132, 10.682282, 8.241115, 6.535914, 5.637194, 5.967851, 7.658576, 10.343343, 13.488608, 12.046388, 10.066489, 7.375764, 3.969887, 0.0, 0.0, 0.0]"
834,"[0.0, 0.0, 0.0, 0.0, 1.414214, 3.258122, 5.268098, 7.868098, 10.468098, 11.861018, 12.824243, 13.444857, 13.080925, 12.520533, 11.524476, 10.131556, 8.500966, 6.897354, 5.490202, 4.698929, 4.549626, 5.162078, 6.588748, 8.397604, 9.985481, 11.773437, 13.385889, 14.457258, 15.062256, 15.318139, 12.265272, 10.937735, 8.884273, 6.470419, 3.806855, 4.631476, 4.148323, 5.081265, 7.255944, 10.262187, 12.837566, 15.023353, 16.618929, 17.417346, 17.611103, 17.211103, 16.411103, 14.815526, 12.822427, 10.49946, 8.065145, 5.897601, 5.053816, 5.230219, 6.569795, 9.235208, 12.465394, 11.299204, 9.51035, 7.09374, 3.862642, 0.0, 0.0, 0.0]"
835,"[0.0, 0.0, 0.0, 0.0, 1.280625, 3.00109, 4.887886, 7.041952, 9.322303, 10.710011, 11.225614, 11.574886, 11.430795, 10.961521, 9.707402, 8.548367, 7.206726, 6.091178, 5.080101, 4.930798, 5.37692, 6.369289, 7.638193, 9.279504, 11.06746, 12.769209, 14.211076, 15.546316, 16.2355, 16.313128, 13.088225, 11.729333, 9.753917, 7.517849, 4.787353, 5.234567, 4.481348, 4.607436, 5.949076, 8.412641, 11.263911, 13.345843, 15.189451, 16.305994, 16.604707, 16.411058, 15.392924, 13.988136, 12.284767, 10.142293, 7.484672, 5.651535, 4.563473, 4.634696, 6.056203, 8.937653, 12.373737, 11.373737, 9.653272, 7.211961, 3.883298, 0.0, 0.0, 0.0]"
836,"[0.0, 0.0, 0.0, 0.0, 1.264911, 2.914153, 4.953761, 7.153761, 9.553761, 10.697169, 11.481032, 11.677492, 11.5171, 10.961009, 10.201932, 9.168827, 8.149311, 7.109704, 6.265795, 5.881464, 5.895677, 6.479125, 7.479125, 8.887444, 10.230213, 11.623134, 12.829793, 13.836452, 14.428133, 14.620452, 11.813319, 10.816634, 9.224189, 7.024189, 4.671402, 5.118616, 4.240012, 4.240012, 5.28392, 7.245026, 9.359062, 11.200905, 12.897961, 14.165322, 14.58543, 14.714905, 14.287276, 13.155905, 11.888544, 10.191488, 8.133219, 5.870477, 4.910382, 4.775274, 5.984843, 8.514665, 11.968131, 10.948327, 9.239526, 6.898586, 3.736308, 0.0, 0.0, 0.0]"
837,"[0.0, 0.0, 0.0, 0.0, 1.216553, 2.829004, 4.640081, 6.840081, 9.049153, 10.24092, 11.061573, 11.486564, 11.522632, 11.353168, 10.755926, 9.935272, 8.915757, 7.756722, 6.717114, 6.072227, 5.915798, 6.299245, 7.222212, 8.630531, 10.09493, 11.467335, 12.893885, 13.920434, 14.518774, 14.894844, 12.066417, 11.239868, 9.82577, 7.819111, 5.412452, 5.812452, 4.46098, 4.290749, 5.177545, 6.909926, 9.23022, 11.381692, 13.101749, 14.37723, 15.044849, 15.167089, 14.728339, 13.846412, 12.528044, 10.808668, 8.687245, 6.325995, 4.940071, 4.708614, 5.76037, 8.264163, 12.089085, 11.194658, 9.582206, 7.249825, 4.024922, 0.0, 0.0, 0.0]"
838,"[0.0, 0.0, 0.0, 0.0, 0.894427, 2.236068, 3.944869, 5.842235, 7.881843, 9.223484, 10.117911, 10.645178, 10.757787, 10.728154, 10.104538, 9.282683, 8.123648, 7.0081, 5.630581, 4.84275, 4.594727, 5.079744, 6.029226, 7.659512, 9.24321, 10.767744, 12.178908, 13.446269, 14.294797, 14.859692, 12.168967, 11.476104, 9.926884, 7.946985, 5.420985, 5.868199, 4.587848, 4.440012, 5.348249, 7.374898, 9.791249, 12.016152, 13.826842, 15.210682, 15.961722, 16.323061, 15.926585, 15.332271, 13.918798, 12.108108, 9.683205, 7.137621, 5.139487, 4.543725, 5.338584, 7.538584, 10.861293, 10.228837, 8.814623, 6.605551, 3.605551, 0.0, 0.0, 0.0]"
839,"[0.0, 0.0, 0.0, 0.0, 1.0, 2.341641, 3.864795, 5.762162, 7.850223, 8.889831, 9.784258, 10.300711, 10.442953, 10.165968, 9.738812, 8.958766, 7.996191, 6.805112, 5.818656, 5.226008, 5.034897, 5.570316, 6.721788, 8.177517, 9.848438, 11.426061, 12.93771, 14.061809, 14.943736, 15.137453, 12.294918, 11.503199, 10.167954, 8.171867, 5.853111, 6.135954, 4.603573, 4.214719, 4.859605, 6.502992, 8.82783, 10.834964, 12.434964, 13.630546, 14.428133, 14.627586, 14.220452, 13.420452, 12.013793, 10.207134, 8.0, 5.8, 4.4, 4.4, 5.409072, 7.637499, 10.890035, 10.090035, 8.490035, 6.280962, 3.452535, 0.0, 0.0, 0.0]"
840,"[0.0, 0.0, 0.0, 0.0, 0.72111, 1.887301, 3.449351, 5.146407, 6.843463, 7.966262, 8.64398, 8.925839, 8.949248, 8.864643, 8.462955, 7.785236, 6.662438, 5.389186, 4.176735, 3.181728, 2.736648, 3.280449, 4.098146, 5.406947, 7.047794, 8.667624, 9.932535, 11.267624, 12.064816, 12.212823, 9.871883, 8.784281, 7.350472, 5.291692, 3.055624, 3.455624, 2.907831, 3.183861, 4.457113, 6.620444, 8.726436, 10.515291, 11.756352, 12.719168, 13.239119, 13.239119, 12.888218, 12.091733, 10.850672, 9.16739, 7.108611, 4.97623, 3.689434, 3.447214, 4.247214, 6.2, 8.8, 8.2, 7.0, 5.2, 2.8, 0.0, 0.0, 0.0]"
841,"[0.0, 0.0, 0.0, 0.0, 0.824621, 1.901654, 3.343875, 5.06434, 6.908249, 8.063526, 8.966392, 9.524172, 9.647616, 9.524172, 8.986493, 8.172785, 7.021313, 5.624618, 4.104153, 3.109146, 2.767576, 3.135601, 4.300839, 6.110814, 7.899668, 9.705636, 11.352648, 12.408529, 13.118848, 13.22372, 10.593131, 9.438368, 7.847068, 5.573987, 3.233047, 3.680261, 2.97146, 3.456477, 5.009264, 7.570513, 10.007741, 12.170018, 13.770246, 14.932524, 15.255715, 15.091568, 14.370602, 13.208324, 11.608096, 9.723655, 7.403361, 5.244893, 4.044893, 3.882843, 4.892818, 7.100499, 10.0239, 9.2239, 7.8239, 5.813925, 3.206244, 0.0, 0.0, 0.0]"
842,"[0.0, 0.0, 0.0, 0.0, 0.824621, 1.901654, 3.343875, 5.06434, 6.908249, 8.063526, 8.966392, 9.368081, 9.491525, 9.209666, 8.64398, 7.795452, 6.84597, 5.634517, 4.672467, 3.823939, 3.586995, 3.957479, 5.168933, 6.805001, 8.67242, 10.641557, 12.28869, 13.356825, 14.093971, 14.446544, 11.582979, 10.45979, 8.889387, 6.548628, 3.762951, 3.962951, 3.022624, 3.095197, 4.306651, 6.569392, 9.060117, 11.054123, 12.613123, 13.611748, 14.039732, 13.757326, 13.040821, 11.764663, 10.0535, 8.083885, 5.875567, 4.149537, 3.472285, 3.796936, 5.416766, 8.08033, 11.17318, 10.153376, 8.697354, 6.356414, 3.49285, 0.0, 0.0, 0.0]"
843,"[0.0, 0.0, 0.0, 0.0, 1.0, 2.2, 3.8, 5.6, 7.6, 8.6, 9.4, 9.8, 10.0, 9.8, 9.6, 9.0, 8.2, 7.024621, 5.671835, 4.471835, 3.871835, 3.748868, 4.447401, 5.886984, 7.567335, 9.487629, 11.295037, 12.82475, 13.890918, 14.474131, 11.753837, 10.957458, 9.318804, 7.165839, 4.502275, 4.502275, 3.238835, 3.280643, 4.324552, 6.598415, 9.46198, 11.663908, 13.432789, 14.813783, 15.366469, 15.133494, 14.54005, 13.354754, 11.544065, 9.342137, 6.911548, 4.678442, 3.438835, 3.624621, 5.2, 8.2, 11.6, 10.8, 9.2, 6.8, 3.6, 0.0, 0.0, 0.0]"
844,"[0.0, 0.0, 0.0, 0.0, 0.632456, 1.526883, 2.791794, 4.314948, 5.838103, 6.994502, 7.888929, 8.412872, 8.678572, 8.864218, 8.598519, 8.074575, 7.305525, 6.31667, 5.00787, 3.767558, 3.102647, 3.082843, 3.499395, 4.808196, 6.495125, 8.236065, 10.021742, 11.525484, 12.728727, 13.427289, 11.086349, 10.310646, 8.990352, 6.878308, 4.409975, 4.609975, 3.4, 3.4, 4.6, 6.8, 9.407134, 11.613793, 13.438696, 14.663599, 15.270259, 15.270259, 14.671918, 13.656087, 12.043636, 10.036976, 7.629843, 5.221524, 3.612452, 3.2, 4.209975, 6.638402, 9.894166, 9.294166, 8.094166, 6.084191, 3.255764, 0.0, 0.0, 0.0]"
845,"[0.0, 0.0, 0.0, 0.0, 0.72111, 1.72111, 3.163331, 4.883796, 6.770592, 7.936278, 8.995404, 9.43998, 9.508369, 9.410427, 9.136083, 8.519177, 7.632381, 6.692055, 5.535656, 4.523204, 3.713439, 3.561967, 4.05508, 5.131425, 6.501197, 8.209681, 9.961153, 11.302794, 12.372482, 13.010391, 10.669451, 10.069451, 8.800383, 6.743005, 4.135324, 4.135324, 2.856434, 2.783861, 4.032523, 6.449132, 9.312696, 11.637895, 13.527353, 14.78868, 15.534349, 15.643998, 15.317983, 14.367235, 12.844937, 10.759692, 8.233692, 5.513398, 3.833047, 3.524247, 4.447214, 6.8, 10.0, 9.4, 8.0, 6.0, 3.2, 0.0, 0.0, 0.0]"
846,"[0.0, 0.0, 0.0, 0.0, 1.019804, 2.236356, 3.848808, 5.648808, 7.648808, 8.629004, 9.412452, 9.8, 9.8, 9.6, 9.2, 8.6, 7.6, 6.624621, 5.545731, 4.770353, 4.370353, 4.770353, 5.558183, 6.680982, 8.092428, 9.566292, 10.834625, 12.085737, 13.070256, 13.441868, 10.968005, 10.299672, 8.836108, 6.807681, 4.4, 4.4, 3.032456, 2.709488, 3.432643, 5.202415, 7.534795, 9.510021, 11.040669, 12.237808, 12.875718, 12.984648, 12.540298, 11.653082, 10.098978, 8.212408, 5.971096, 4.007766, 3.087301, 3.444265, 4.877221, 7.540785, 10.758386, 9.958386, 8.435232, 6.281166, 3.417601, 0.0, 0.0, 0.0]"
847,"[0.0, 0.0, 0.0, 0.0, 0.72111, 1.887301, 3.410455, 5.059698, 6.903606, 7.993573, 8.63846, 8.915305, 8.866063, 8.622154, 8.211077, 7.4, 6.232456, 5.198141, 4.198141, 3.598141, 3.814693, 4.705393, 5.928562, 7.298333, 8.734401, 9.934458, 11.094585, 11.90573, 12.465781, 12.510064, 10.093455, 9.254082, 7.854082, 6.12426, 3.843909, 4.043909, 2.832456, 2.897367, 3.806167, 5.960233, 8.176842, 10.05038, 11.291462, 12.088654, 12.44058, 12.260039, 11.723818, 11.00668, 9.765598, 7.892061, 5.855993, 4.086221, 3.018477, 3.034191, 4.245644, 6.606894, 9.530994, 8.809883, 7.529258, 5.68535, 3.1241, 0.0, 0.0, 0.0]"
848,"[0.0, 0.0, 0.0, 0.0, 0.894427, 2.060618, 3.341242, 4.903292, 6.600349, 7.426386, 7.980661, 8.420501, 8.470903, 8.216067, 7.661793, 6.941327, 5.941973, 4.929521, 4.087301, 3.642221, 3.642221, 4.262751, 5.371552, 6.668918, 8.228159, 9.757981, 11.136634, 12.213511, 12.916145, 13.052403, 10.522581, 9.591141, 7.971654, 6.092764, 3.876155, 3.876155, 2.652986, 2.618167, 3.31127, 4.955179, 7.081208, 8.923841, 10.200789, 11.194895, 11.759305, 11.759305, 11.194895, 10.200789, 8.792471, 6.949837, 4.823808, 3.179899, 2.660113, 3.102333, 4.699978, 7.478467, 10.607131, 9.712703, 8.270483, 6.107152, 3.328663, 0.0, 0.0, 0.0]"
849,"[0.0, 0.0, 0.0, 0.0, 0.72111, 1.615537, 2.880449, 4.33647, 5.948922, 6.840263, 7.558288, 7.905828, 7.86402, 7.665782, 7.269883, 6.482052, 5.590711, 4.623711, 3.809497, 3.392945, 3.645357, 4.090437, 5.205273, 6.449182, 7.775211, 8.96092, 10.340314, 11.468989, 12.170664, 12.452954, 10.190213, 9.488537, 8.078437, 6.253963, 4.128487, 4.128487, 2.684578, 2.423757, 3.158669, 4.525068, 6.613129, 8.49348, 9.94754, 10.965381, 11.790002, 11.982292, 11.741549, 10.916928, 9.659617, 7.785753, 5.705403, 3.865795, 3.016553, 3.412452, 5.04852, 7.676947, 10.70185, 9.90185, 8.289398, 6.05333, 3.224903, 0.0, 0.0, 0.0]"
850,"[0.0, 0.0, 0.0, 0.0, 0.632456, 1.457077, 2.476881, 3.676881, 5.076881, 5.844425, 6.419804, 6.8, 7.014214, 6.830766, 6.45057, 5.944997, 5.266107, 4.573004, 3.956452, 3.536648, 3.466842, 3.745731, 4.305246, 5.267296, 6.387761, 7.726471, 9.058851, 10.284219, 11.163481, 11.884327, 9.720996, 9.232524, 8.140745, 6.547962, 4.553864, 4.553864, 2.992798, 2.299695, 2.731791, 3.846628, 5.846628, 7.844136, 9.684275, 10.9649, 11.9641, 12.244451, 12.127431, 11.286646, 10.067037, 8.330409, 6.250058, 4.086727, 3.21479, 3.287363, 4.588771, 7.231305, 10.672235, 9.823707, 8.409493, 6.283464, 3.44093, 0.0, 0.0, 0.0]"
851,"[0.0, 0.0, 0.0, 0.0, 0.6, 1.4, 2.4, 3.6, 4.8, 5.4, 6.0, 6.2, 6.2, 6.2, 6.216553, 5.836356, 5.530784, 5.179312, 4.611767, 4.195215, 3.975411, 4.100788, 4.329292, 5.139057, 6.036114, 7.216013, 8.604528, 9.935814, 11.039178, 11.75044, 9.770541, 9.488251, 8.641982, 7.096398, 5.135293, 5.135293, 3.009264, 2.079669, 2.156702, 3.32194, 5.291712, 7.632652, 9.600196, 11.123163, 12.110712, 12.74094, 12.554066, 11.851433, 10.707454, 9.107454, 6.907454, 4.953389, 3.621707, 3.607906, 4.843974, 7.307538, 10.600388, 10.034703, 8.592482, 6.356414, 3.49285, 0.0, 0.0, 0.0]"
852,"[0.0, 0.0, 0.0, 0.0, 0.8, 1.8, 3.0, 4.4, 5.8, 6.4, 6.8, 7.0, 7.0, 7.014214, 6.830766, 6.45057, 6.127603, 5.727603, 5.161918, 4.839792, 4.819988, 4.742955, 4.942955, 5.550449, 6.364823, 7.153677, 8.212803, 9.248871, 10.028917, 10.736726, 8.947871, 8.786112, 8.006066, 6.789802, 4.973192, 4.973192, 3.275826, 2.419804, 2.6, 3.6, 5.6, 7.6, 9.4, 10.6, 11.4, 11.808319, 11.817391, 11.217391, 10.231605, 8.831605, 6.823286, 4.614214, 3.214214, 2.8, 3.643909, 5.717772, 9.070383, 8.670383, 7.670383, 5.826474, 3.352611, 0.0, 0.0, 0.0]"
853,"[0.0, 0.0, 0.0, 0.0, 0.894427, 2.060618, 3.226808, 4.669028, 6.231078, 6.898701, 7.294561, 7.69042, 7.81025, 7.69042, 7.408995, 6.978316, 6.416266, 5.748643, 5.306423, 5.025798, 5.094427, 5.508641, 6.070236, 6.779036, 7.748808, 8.702874, 9.6296, 10.514518, 11.086068, 11.396648, 9.242582, 8.911617, 7.970677, 6.690326, 4.809975, 4.809975, 3.0, 2.32111, 2.452481, 3.614531, 5.45844, 7.384469, 8.94371, 10.25365, 11.023981, 11.343403, 11.10417, 10.43627, 9.3366, 7.898647, 6.182529, 4.295733, 3.083282, 2.741641, 3.447214, 5.2, 8.028427, 7.628427, 6.628427, 5.028427, 2.828427, 0.0, 0.0, 0.0]"
854,"[0.0, 0.0, 0.0, 0.0, 0.72111, 1.798143, 3.063054, 4.519076, 6.131528, 7.022869, 7.545836, 7.880925, 8.024903, 8.012452, 7.8, 7.4, 6.8, 6.024621, 5.145731, 4.640159, 4.459962, 4.859962, 5.635341, 6.514231, 7.419804, 8.4, 9.2, 9.809072, 10.44514, 10.684748, 8.684748, 8.193549, 7.249388, 5.645775, 3.806167, 4.006167, 2.897367, 2.709488, 3.533055, 5.041856, 6.881463, 8.517531, 9.873604, 10.8259, 11.326172, 11.486564, 11.050496, 10.217391, 9.009072, 7.624621, 5.871835, 4.471835, 3.592945, 3.67357, 4.692858, 6.508386, 8.799111, 8.078, 6.797375, 4.953467, 2.690725, 0.0, 0.0, 0.0]"
855,"[0.0, 0.0, 0.0, 0.0, 0.72111, 1.887301, 3.228941, 4.752096, 6.460897, 7.583695, 8.261414, 8.763682, 8.852979, 8.75663, 8.326934, 7.699578, 6.750096, 5.986173, 5.198343, 4.784129, 4.767576, 5.273149, 6.235698, 7.450685, 8.686753, 9.960616, 11.228949, 12.086205, 12.677186, 13.048799, 10.574936, 9.906603, 8.63827, 7.007681, 4.8, 4.8, 3.247214, 2.847214, 3.289434, 4.889434, 7.169785, 9.268156, 10.81374, 11.917104, 12.325423, 12.171101, 11.625517, 10.641982, 9.096398, 7.135293, 5.209264, 3.609264, 3.047214, 3.447214, 5.009975, 7.440564, 10.265468, 9.265468, 7.865468, 5.855492, 3.224903, 0.0, 0.0, 0.0]"
856,"[0.0, 0.0, 0.0, 0.0, 0.8, 2.0, 3.4, 5.012452, 6.661694, 7.570495, 8.079295, 8.388096, 8.484445, 8.358358, 7.914468, 7.42222, 6.713419, 6.004618, 5.306085, 5.041174, 5.105246, 5.717698, 6.506552, 7.651702, 9.068312, 10.204296, 11.275126, 12.169553, 12.807462, 12.998534, 10.581925, 10.061974, 8.940743, 7.333062, 5.357836, 5.557836, 3.994505, 3.432456, 4.032456, 5.4, 7.4, 9.2, 10.8, 11.8, 12.2, 12.2, 12.009072, 11.220149, 10.020149, 8.420149, 6.420149, 4.211077, 2.847214, 2.712125, 3.700979, 6.006972, 8.891413, 8.444199, 7.179288, 5.390434, 2.884441, 0.0, 0.0, 0.0]"
857,"[0.0, 0.0, 0.0, 0.0, 0.824621, 1.901654, 3.166565, 4.580779, 6.19323, 7.168609, 7.891576, 8.226665, 8.412452, 8.4, 8.0, 7.4, 6.819804, 6.114231, 5.362759, 4.857186, 4.67699, 5.057186, 5.762759, 6.714231, 7.819804, 9.0, 10.0, 11.0, 11.8, 12.208319, 10.008319, 9.618294, 8.432508, 6.832508, 4.824189, 5.024189, 3.614214, 3.219804, 3.675826, 5.06468, 7.018746, 8.948568, 10.649059, 11.913331, 12.792809, 13.071848, 12.778094, 12.097408, 10.791327, 9.122994, 7.089889, 4.853821, 3.261427, 2.924247, 3.633047, 5.573987, 8.437552, 7.990338, 6.913305, 5.204504, 2.863564, 0.0, 0.0, 0.0]"
858,"[0.0, 0.0, 0.0, 0.0, 0.565685, 1.414214, 2.545584, 3.826209, 5.26843, 6.315196, 6.989822, 7.381606, 7.624136, 7.446826, 7.099286, 6.653164, 6.13001, 5.455383, 5.084899, 4.839792, 4.962759, 5.362759, 6.114231, 7.019804, 8.009975, 8.81995, 9.629022, 10.437341, 11.037341, 11.427366, 9.417391, 9.208319, 8.2, 6.8, 5.0, 5.282843, 3.882843, 3.502647, 3.958669, 5.256035, 7.061254, 8.894359, 10.505144, 11.679711, 12.390026, 12.909646, 12.87654, 12.245951, 11.215362, 9.807681, 7.8, 5.6, 4.047214, 3.578584, 4.075641, 5.738382, 8.511596, 8.064383, 6.933012, 5.235955, 2.973214, 0.0, 0.0, 0.0]"
859,"[0.0, 0.0, 0.0, 0.0, 1.131371, 2.545584, 4.107634, 5.828099, 7.548564, 8.30399, 8.776572, 8.826974, 8.718961, 8.440716, 7.99614, 7.523558, 7.191731, 6.92092, 6.743611, 6.757412, 6.743199, 7.062574, 7.564842, 8.14384, 8.775879, 9.716819, 10.716819, 11.47291, 12.349295, 12.981528, 10.640588, 10.276656, 9.487733, 8.181653, 6.28598, 6.851665, 5.336707, 4.52563, 4.673467, 5.828745, 7.54341, 9.383549, 11.226084, 12.548475, 13.453017, 13.951155, 13.895898, 13.289432, 12.193845, 10.651045, 8.593666, 6.287673, 4.651605, 4.262751, 4.92111, 7.007134, 10.259669, 9.659669, 8.259669, 6.259669, 3.452535, 0.0, 0.0, 0.0]"
860,"[0.0, 0.0, 0.0, 0.0, 1.16619, 2.608411, 4.317212, 6.026012, 7.869921, 8.54764, 8.916496, 8.820147, 8.760589, 8.565922, 8.178035, 7.708599, 7.437788, 7.069171, 6.981978, 6.968177, 7.149691, 7.516851, 8.133592, 8.61115, 9.404998, 10.314948, 11.236737, 12.167797, 12.991754, 13.424018, 10.990913, 10.701264, 9.770204, 8.429794, 6.781265, 7.413721, 5.793891, 4.916328, 4.993174, 5.97337, 7.749233, 9.628123, 11.408319, 12.814978, 13.841527, 14.296773, 14.170636, 13.650987, 12.488237, 10.726598, 8.49549, 6.221626, 4.388489, 3.710771, 4.44586, 6.533698, 9.832269, 9.385056, 8.218865, 6.218865, 3.498571, 0.0, 0.0, 0.0]"
861,"[0.0, 0.0, 0.0, 0.0, 0.894427, 2.159338, 3.573552, 4.973552, 6.586003, 7.304028, 7.688359, 7.923388, 7.97941, 7.82298, 7.47544, 6.846001, 6.216563, 5.837574, 5.547742, 5.697045, 6.091454, 6.792116, 7.435548, 8.395386, 9.107202, 9.819018, 10.506871, 11.194725, 11.331438, 11.613728, 9.487698, 8.923288, 8.077019, 6.945649, 5.25844, 5.890895, 4.895515, 4.61409, 5.203184, 6.762424, 8.691219, 10.533415, 12.081218, 13.333966, 13.896149, 14.055194, 13.97215, 13.307054, 12.220636, 10.658727, 8.938433, 6.930752, 5.767421, 5.442675, 6.325381, 8.103869, 10.832533, 9.832533, 8.270483, 6.107152, 3.328663, 0.0, 0.0, 0.0]"
862,"[0.0, 0.0, 0.0, 0.0, 0.848528, 1.848528, 3.190169, 4.45508, 5.911102, 6.476787, 6.876787, 6.935147, 6.870236, 6.614214, 6.4, 6.0, 5.424621, 5.119048, 5.050419, 5.131044, 5.693094, 6.430523, 7.380004, 8.092543, 8.937947, 9.638639, 10.356939, 10.793381, 11.112803, 11.150105, 8.887363, 8.219464, 7.280754, 6.117423, 4.84852, 5.84852, 5.45262, 5.567002, 6.275802, 7.469437, 8.9433, 10.159852, 11.136935, 11.836454, 12.156711, 11.882848, 11.449743, 10.616638, 9.608319, 8.416553, 7.11098, 6.005407, 5.405407, 5.205407, 5.601306, 6.915951, 8.429843, 7.429843, 6.229843, 4.617391, 2.408319, 0.0, 0.0, 0.0]"
863,"[0.0, 0.0, 0.0, 0.0, 0.447214, 1.271835, 2.271835, 3.471835, 4.671835, 5.638835, 6.030766, 6.295677, 6.360588, 6.425499, 6.088319, 5.696387, 5.031476, 4.399021, 3.85522, 3.672614, 4.014183, 4.755824, 5.73582, 7.01471, 8.120283, 9.080121, 10.001222, 10.5148, 10.5148, 10.5148, 8.388771, 7.56825, 6.336648, 4.783861, 3.183861, 3.904972, 3.743376, 4.410999, 5.807694, 7.670436, 9.357644, 10.638269, 11.796513, 12.393916, 12.463555, 12.218566, 11.377782, 10.219538, 9.058851, 7.803504, 6.640173, 6.13626, 6.016431, 6.432862, 7.481858, 9.172583, 11.067301, 9.62508, 7.928024, 5.801995, 3.11127, 0.0, 0.0, 0.0]"
864,"[0.0, 0.0, 0.0, 0.0, 0.632456, 1.652259, 2.868812, 4.283026, 5.883026, 7.05057, 7.830766, 8.414214, 8.6, 8.6, 8.016553, 7.216553, 6.216553, 5.016553, 3.863766, 3.447214, 3.647214, 4.261427, 5.672504, 7.235266, 8.843585, 10.251266, 11.437052, 12.425975, 13.016, 13.007681, 10.4, 9.412452, 7.612452, 5.412452, 3.012452, 3.459665, 3.013404, 3.733869, 5.61422, 8.055531, 10.492758, 12.279533, 13.512032, 14.184646, 14.426616, 13.958785, 12.975592, 11.464847, 9.511883, 7.461057, 5.676903, 4.55566, 4.725891, 5.695662, 7.593029, 10.065408, 12.760889, 11.148438, 9.178666, 6.648844, 3.544009, 0.0, 0.0, 0.0]"
865,"[0.0, 0.0, 0.0, 0.0, 0.4, 1.2, 2.2, 3.4, 4.8, 6.012452, 6.824903, 7.474145, 7.730167, 7.744381, 7.348482, 6.755834, 5.706592, 4.65057, 3.436356, 2.819804, 2.8, 3.416553, 4.629004, 6.468612, 8.10468, 9.537785, 10.951822, 12.146504, 12.714577, 12.878509, 10.445404, 9.614815, 8.007681, 6.0, 3.6, 4.047214, 3.247214, 3.767679, 5.331009, 7.892259, 10.445046, 12.569145, 13.97278, 14.782663, 15.049841, 14.595425, 13.597354, 12.035304, 10.228281, 8.224475, 6.078891, 4.352861, 3.790812, 4.273863, 5.729593, 8.115271, 11.132872, 10.132872, 8.48363, 6.203279, 3.417601, 0.0, 0.0, 0.0]"
866,"[0.0, 0.0, 0.0, 0.0, 0.6, 1.6, 2.8, 4.2, 5.8, 6.8, 7.611077, 8.023529, 8.23598, 8.248432, 8.048432, 7.437355, 6.824903, 6.012452, 4.965685, 4.198141, 3.998141, 4.398141, 5.198141, 6.642431, 8.246043, 9.679148, 10.909737, 12.138165, 12.935323, 13.306936, 10.873831, 10.243242, 9.014815, 7.207681, 5.0, 5.0, 3.6, 3.019804, 3.669046, 5.357107, 7.698047, 9.698047, 11.541808, 12.75613, 13.268068, 13.343738, 12.713509, 11.558746, 9.772214, 7.80467, 5.388061, 3.701132, 2.840859, 3.325876, 4.973772, 7.816306, 11.071824, 10.223296, 8.661246, 6.380895, 3.538361, 0.0, 0.0, 0.0]"
867,"[0.0, 0.0, 0.0, 0.0, 0.282843, 0.848528, 1.848528, 3.014719, 4.180909, 5.239707, 6.015662, 6.357303, 6.456024, 6.554744, 6.290137, 5.842923, 5.222393, 4.523167, 3.858256, 3.381223, 3.311417, 3.756497, 4.633032, 5.876941, 7.25684, 8.558248, 9.800376, 10.919406, 11.516808, 11.97822, 9.852191, 9.330668, 8.111059, 6.564175, 4.405707, 4.605707, 3.351366, 3.226278, 3.981093, 5.737858, 8.011721, 10.09956, 11.856221, 13.180193, 13.926263, 14.238077, 13.934392, 12.93095, 11.480891, 9.772246, 7.386568, 4.969959, 3.447401, 3.055617, 3.822493, 5.830812, 8.830812, 8.383599, 7.252228, 5.408319, 3.0, 0.0, 0.0, 0.0]"
868,"[0.0, 0.0, 0.0, 0.0, 0.6, 1.6, 2.8, 4.2, 5.8, 6.8, 7.4, 7.8, 8.0, 8.0, 7.8, 7.4, 6.8, 6.2, 5.494427, 4.942955, 4.637383, 4.714415, 5.128629, 5.834202, 6.785674, 8.091247, 9.422532, 10.416638, 11.249743, 11.923606, 9.723606, 9.212654, 8.069246, 6.460762, 4.386899, 4.386899, 2.889532, 2.644425, 3.275826, 4.773192, 7.053543, 9.127407, 10.775936, 11.950503, 12.683726, 13.011056, 12.746265, 11.889009, 10.858419, 9.22783, 7.020149, 5.011077, 3.765685, 3.242718, 4.031573, 6.137566, 9.162469, 8.596783, 7.51975, 5.730896, 3.224903, 0.0, 0.0, 0.0]"
869,"[0.0, 0.0, 0.0, 0.0, 0.8, 1.8, 3.0, 4.2, 5.6, 6.2, 6.6, 6.8, 7.0, 6.8, 6.6, 6.4, 6.0, 5.424621, 4.945731, 4.466842, 4.161269, 4.181073, 4.573004, 5.251894, 6.130784, 7.036356, 8.016553, 9.0, 9.8, 10.4, 8.6, 8.212452, 7.229004, 6.048808, 4.248808, 4.248808, 2.836356, 2.340914, 2.601735, 3.763785, 5.763785, 7.727116, 9.338386, 10.563754, 11.418314, 11.572379, 11.306415, 10.682835, 9.441754, 8.044948, 6.338096, 4.440729, 3.179142, 2.914231, 3.308641, 5.097495, 7.765828, 7.318614, 6.318614, 4.904401, 2.668333, 0.0, 0.0, 0.0]"
870,"[0.0, 0.0, 0.0, 0.0, 1.0, 2.2, 3.4, 4.814214, 6.270236, 6.726258, 7.049412, 7.191053, 7.11848, 6.927369, 6.736258, 6.429656, 6.088015, 5.746375, 5.501267, 5.402547, 5.466619, 6.028669, 6.590719, 7.414824, 8.248634, 9.13134, 10.010601, 10.889862, 11.607203, 12.015522, 9.852191, 9.254789, 8.510534, 7.229909, 5.5427, 5.9427, 4.381634, 3.509199, 3.493485, 4.421617, 6.109678, 8.167776, 9.943155, 11.278244, 12.229001, 12.557549, 12.275735, 11.562531, 10.404752, 8.970942, 7.186789, 5.127663, 3.68808, 2.96697, 3.243, 4.773875, 7.457157, 7.009943, 6.288833, 4.846612, 2.683282, 0.0, 0.0, 0.0]"
871,"[0.0, 0.0, 0.0, 0.0, 0.72111, 1.615537, 2.880449, 4.33647, 5.948922, 6.840263, 7.545836, 7.880925, 7.824903, 7.612452, 7.2, 6.4, 5.4, 4.565685, 3.798141, 3.598141, 3.998141, 4.998141, 6.032456, 7.2, 8.4, 9.4, 10.208319, 11.216, 11.849105, 11.885173, 9.685173, 8.926096, 7.774437, 6.141332, 4.305264, 4.705264, 4.056022, 4.0, 4.8, 6.6, 8.8, 10.4, 11.8, 13.0, 13.6, 13.6, 13.2, 12.4, 11.2, 9.6, 7.8, 6.047214, 4.647214, 4.067017, 4.479469, 5.8428, 8.11588, 7.51588, 6.496076, 4.883625, 2.720294, 0.0, 0.0, 0.0]"
872,"[0.0, 0.0, 0.0, 0.0, 0.894427, 2.060618, 3.622668, 5.466576, 7.187041, 8.17941, 8.802074, 8.948825, 8.628071, 8.363628, 7.741743, 6.847316, 5.987043, 5.096344, 4.440322, 4.391963, 4.953558, 6.002397, 7.524007, 9.064947, 10.378217, 11.642489, 12.657166, 13.366664, 13.854152, 13.93201, 11.211716, 10.110749, 8.647185, 6.643379, 4.756808, 5.556808, 5.010642, 5.399497, 6.728942, 8.607831, 10.854141, 12.635539, 14.008962, 14.959731, 15.419143, 15.236398, 14.470439, 13.396223, 11.814543, 10.035756, 8.172192, 6.891841, 5.880812, 5.919708, 6.765112, 8.455837, 10.711601, 9.634568, 8.072518, 5.946489, 3.255764, 0.0, 0.0, 0.0]"
873,"[0.0, 0.0, 0.0, 0.0, 1.131371, 2.573591, 4.186043, 6.155814, 8.053181, 9.009872, 9.655712, 10.082869, 9.957006, 9.672091, 8.998243, 8.126734, 6.981554, 5.858755, 5.266107, 5.068446, 5.307916, 6.310855, 7.930685, 9.440703, 10.944445, 12.400467, 13.607935, 14.326407, 14.823134, 14.931267, 12.019223, 10.924363, 9.264951, 7.038402, 4.657189, 5.222874, 4.34427, 4.50632, 5.70632, 7.667425, 9.792465, 11.634307, 13.045471, 14.018685, 14.301091, 14.018685, 13.1715, 11.895343, 10.202754, 8.406456, 6.445351, 5.143943, 4.846887, 5.576237, 7.312399, 10.090089, 12.887622, 11.487622, 9.477646, 6.847057, 3.622154, 0.0, 0.0, 0.0]"
874,"[0.0, 0.0, 0.0, 0.0, 0.894427, 2.060618, 3.341242, 4.903292, 6.600349, 7.54983, 8.227549, 8.790833, 8.949248, 8.814242, 8.250958, 7.53842, 6.415621, 5.295156, 4.298791, 3.912594, 4.046134, 4.974266, 6.413874, 8.256507, 9.992669, 11.556185, 12.913602, 13.880654, 14.498884, 14.536628, 11.708201, 10.789603, 9.238965, 7.23222, 4.84673, 5.24673, 3.98329, 3.98329, 4.860852, 6.91895, 9.304627, 11.45322, 13.043507, 14.119354, 14.751628, 14.38256, 13.563412, 12.166345, 10.270164, 7.89695, 5.680341, 4.420702, 4.383912, 5.542947, 7.542947, 10.835797, 13.804011, 12.191559, 9.955491, 7.355491, 3.862642, 0.0, 0.0, 0.0]"
875,"[0.0, 0.0, 0.0, 0.0, 0.894427, 1.97146, 3.413681, 5.134146, 6.854611, 7.804092, 8.72706, 9.171635, 9.171635, 9.171635, 8.940178, 8.281819, 7.472055, 6.55159, 5.552236, 4.660894, 4.319253, 4.656434, 5.565235, 6.99819, 8.693689, 10.376971, 11.915722, 13.337416, 14.22966, 14.676615, 11.993333, 11.276437, 9.795184, 7.965427, 5.734318, 6.181532, 4.945464, 4.858272, 5.641719, 7.616944, 10.054172, 12.279075, 14.045688, 15.374352, 15.819538, 15.819538, 15.035946, 13.594079, 11.546041, 9.341701, 6.740103, 4.864477, 4.391895, 5.091169, 7.071068, 10.182338, 13.57645, 12.162237, 10.182338, 7.353911, 3.959798, 0.0, 0.0, 0.0]"
876,"[0.0, 0.0, 0.0, 0.0, 0.894427, 1.894427, 3.025798, 4.440012, 6.137068, 6.939697, 7.636753, 8.202439, 8.485281, 8.350275, 8.215269, 7.798837, 7.178814, 6.306379, 5.376784, 4.535845, 4.332253, 4.471772, 5.447151, 6.824671, 8.536666, 10.127965, 11.774977, 13.001526, 14.050963, 14.446285, 11.777952, 11.12346, 9.896911, 8.054052, 5.672838, 6.072838, 4.584876, 4.049787, 4.677144, 6.663035, 9.091462, 11.429764, 13.224264, 14.439767, 15.066074, 15.066074, 14.439767, 13.616424, 11.971225, 9.736435, 7.108008, 5.307358, 4.148323, 4.631476, 6.336677, 9.489288, 12.841804, 11.764771, 9.867405, 7.337583, 3.984972, 0.0, 0.0, 0.0]"
877,"[0.0, 0.0, 0.0, 0.0, 0.848528, 2.014719, 3.456939, 5.069391, 6.681842, 7.72011, 8.342774, 8.78735, 9.061695, 9.169708, 9.003377, 8.776572, 8.170401, 7.178032, 6.282188, 5.194179, 4.480657, 4.366222, 4.927817, 5.947105, 7.354257, 8.914048, 10.378447, 11.729559, 12.714077, 13.502896, 11.094577, 10.700056, 9.542164, 7.79077, 5.683453, 5.883453, 4.447385, 4.212357, 5.174932, 6.927685, 9.639729, 12.002006, 13.940404, 15.253407, 15.941821, 16.134612, 15.884378, 14.812118, 13.303416, 11.40605, 8.93367, 6.221626, 4.961079, 4.766413, 5.975365, 8.447744, 11.984053, 10.964249, 9.315007, 6.841143, 3.736308, 0.0, 0.0, 0.0]"
878,"[0.0, 0.0, 0.0, 0.0, 0.8, 1.8, 3.0, 4.4, 6.0, 6.8, 7.4, 7.8, 8.0, 8.0, 7.8, 7.4, 6.819804, 6.114231, 5.235341, 4.635341, 4.235341, 4.235341, 4.682555, 5.68191, 6.88191, 8.344651, 9.587589, 10.654267, 11.495052, 11.903371, 9.640629, 9.377888, 8.58202, 7.097803, 5.089485, 5.089485, 3.536698, 3.00128, 3.447401, 5.017173, 7.433782, 9.586568, 11.295213, 12.557736, 13.373642, 13.557033, 13.297973, 12.482067, 11.345631, 9.579758, 7.379758, 5.038818, 3.469046, 3.084715, 3.773712, 5.903534, 9.256145, 8.856145, 7.591234, 5.882433, 3.352611, 0.0, 0.0, 0.0]"
879,"[0.0, 0.0, 0.0, 0.0, 0.6, 1.4, 2.6, 3.8, 5.2, 6.014214, 6.628427, 6.842641, 7.056854, 6.856854, 6.442641, 6.028427, 5.214214, 4.247214, 3.494427, 3.094427, 3.094427, 3.71098, 4.913008, 6.363161, 7.917227, 9.333836, 10.902962, 12.039397, 13.115244, 13.681472, 11.264863, 10.518793, 9.345567, 7.372353, 5.052059, 5.052059, 3.612452, 3.0, 3.6, 5.209975, 7.618294, 9.648883, 11.47731, 12.705738, 13.52419, 13.74646, 13.52419, 12.705738, 11.489762, 9.661335, 7.630746, 5.222427, 3.612452, 3.0, 3.8, 5.8, 9.006244, 8.606244, 7.606244, 5.806244, 3.206244, 0.0, 0.0, 0.0]"
880,"[0.0, 0.0, 0.0, 0.0, 0.894427, 1.97146, 3.236371, 4.692393, 6.50347, 7.221495, 7.944462, 8.279551, 8.43598, 8.024903, 7.612452, 6.812452, 5.844907, 4.798141, 3.998141, 3.692568, 3.973193, 5.061203, 6.495517, 8.058848, 9.605732, 11.045401, 12.377803, 13.430671, 14.397835, 14.820088, 12.099794, 11.016698, 9.486986, 7.077601, 4.496879, 4.944093, 3.994125, 4.120213, 5.43871, 7.786457, 10.398655, 12.483686, 14.090208, 15.306364, 15.735187, 15.539339, 15.102837, 13.886681, 12.280159, 10.4373, 8.373735, 5.988245, 4.514323, 3.759508, 4.06611, 5.420176, 8.110547, 7.544861, 6.650434, 5.12728, 2.973214, 0.0, 0.0, 0.0]"
881,"[0.0, 0.0, 0.0, 0.0, 1.0, 2.216553, 3.672574, 5.381375, 7.17023, 8.057026, 8.560938, 8.825381, 8.558801, 8.050572, 7.329966, 6.503928, 5.183463, 4.141242, 3.307831, 3.141641, 3.647214, 5.247214, 7.247214, 9.4, 11.4, 13.0, 14.206244, 15.012488, 15.637391, 15.465818, 12.465818, 11.299182, 9.54896, 6.924057, 4.29563, 4.578472, 3.538865, 3.644893, 5.170922, 7.516506, 10.206877, 12.180091, 13.742141, 14.740212, 15.037161, 14.625197, 13.778013, 12.497822, 10.654347, 8.532923, 6.171673, 4.045644, 2.648949, 2.534514, 3.7002, 5.941511, 8.941511, 8.494298, 7.328107, 5.441311, 3.0, 0.0, 0.0, 0.0]"
882,"[0.0, 0.0, 0.0, 0.0, 1.0, 2.16619, 3.580404, 5.27746, 7.121369, 7.965278, 8.642997, 9.072692, 9.096101, 8.694412, 8.016694, 7.172785, 5.894561, 4.574096, 3.764331, 3.617945, 4.032158, 5.476448, 7.484767, 9.680739, 11.667594, 13.478284, 14.891757, 15.906887, 16.334224, 16.354114, 13.12921, 11.94183, 9.974403, 7.351095, 4.607388, 5.328498, 4.258621, 4.523064, 6.222989, 8.547827, 10.879585, 12.993638, 14.553417, 15.50128, 15.77804, 15.332854, 14.384991, 12.666797, 10.552743, 8.300758, 5.893077, 4.007909, 3.61205, 4.058311, 5.842465, 8.506029, 11.369404, 10.203214, 8.590762, 6.174153, 3.310589, 0.0, 0.0, 0.0]"
883,"[0.0, 0.0, 0.0, 0.0, 1.264911, 2.788066, 4.400517, 6.400517, 8.732898, 9.909298, 10.827455, 11.656314, 11.656314, 11.044398, 10.165137, 9.004451, 7.28425, 5.68425, 4.596241, 3.858812, 3.9924, 4.920532, 6.994396, 9.030273, 11.117696, 12.808317, 14.511686, 15.336307, 15.772809, 15.72433, 12.619495, 11.276859, 9.178374, 6.473539, 3.892818, 4.717439, 4.121677, 5.157745, 7.586173, 10.329879, 12.928706, 15.319752, 16.904679, 17.4997, 17.698054, 17.103033, 15.905454, 14.124068, 11.96553, 9.373082, 6.744655, 4.736974, 4.097367, 4.872063, 6.907941, 9.963705, 12.856555, 11.456555, 9.416947, 6.748614, 3.49285, 0.0, 0.0, 0.0]"
884,"[0.0, 0.0, 0.0, 0.0, 1.019804, 2.236356, 3.885599, 5.782965, 7.680332, 8.6303, 9.501808, 9.749933, 9.749933, 9.561367, 9.047617, 8.176108, 7.078742, 5.813831, 4.737486, 4.081464, 4.129822, 5.118677, 6.545347, 8.245272, 10.052953, 11.84091, 13.276958, 14.442735, 15.063319, 15.408603, 12.355735, 11.100604, 9.140612, 6.987647, 4.317525, 5.038636, 4.200235, 4.82212, 6.081246, 8.406084, 10.815469, 12.814594, 14.238386, 15.309756, 15.655039, 15.030537, 14.063372, 12.365235, 10.23474, 7.847461, 5.541468, 4.099247, 3.929016, 5.092347, 7.246956, 10.375619, 13.537806, 12.095586, 9.932255, 7.211961, 3.883298, 0.0, 0.0, 0.0]"
885,"[0.0, 0.0, 0.0, 0.0, 1.0, 2.280625, 4.00109, 5.887886, 7.947012, 9.006138, 9.784639, 10.1233, 10.29563, 10.1233, 9.784639, 9.006138, 7.79554, 6.36887, 5.114529, 4.242592, 4.039, 4.839714, 6.246867, 7.850479, 9.809085, 11.738711, 13.295713, 14.262764, 15.033356, 15.054649, 12.04799, 10.685655, 8.943906, 6.569703, 3.941275, 4.741275, 4.297367, 4.832456, 6.807681, 9.63423, 12.257679, 14.281127, 16.103281, 16.919049, 17.117403, 16.720503, 15.904736, 14.093659, 12.084424, 9.659521, 6.632972, 4.625291, 4.214214, 4.8, 6.8, 10.2, 13.6, 12.2, 10.2, 7.4, 4.0, 0.0, 0.0, 0.0]"
886,"[0.0, 0.0, 0.0, 0.0, 0.6, 1.424621, 2.624621, 4.024621, 5.637073, 6.649524, 7.437355, 7.849806, 8.062258, 7.666359, 7.27046, 6.482629, 5.317391, 3.90494, 2.888387, 2.23752, 2.489932, 3.49874, 5.142649, 7.178717, 9.046137, 10.599693, 12.17022, 13.154739, 13.747098, 13.944582, 11.313993, 10.098521, 8.486646, 6.290674, 3.660085, 3.860085, 2.873629, 3.113099, 4.568704, 7.042568, 9.628245, 11.776838, 13.29403, 14.118012, 14.556193, 14.300338, 13.607475, 12.283503, 10.448492, 7.983662, 5.65384, 3.973489, 3.724247, 4.647214, 7.0, 10.2, 13.6, 12.2, 10.2, 7.4, 4.0, 0.0, 0.0, 0.0]"
887,"[0.0, 0.0, 0.0, 0.0, 0.824621, 1.901654, 3.166565, 4.622587, 6.271829, 7.096451, 7.66866, 8.052991, 8.052991, 7.66866, 7.096451, 6.341635, 5.258079, 4.202057, 3.337146, 2.981223, 3.218167, 4.094702, 5.483556, 7.319624, 9.015123, 10.483752, 11.905096, 13.162551, 13.790047, 14.056719, 11.456719, 10.562927, 8.958838, 6.816384, 4.333102, 4.533102, 3.284441, 3.284441, 4.450127, 6.691438, 9.211732, 11.490622, 13.210679, 14.486161, 15.097717, 15.155912, 14.488292, 13.385141, 11.564504, 9.144092, 6.565603, 4.633222, 3.574096, 3.929512, 5.705375, 8.629475, 12.112773, 11.112773, 9.415716, 7.007397, 3.883298, 0.0, 0.0, 0.0]"
888,"[0.0, 0.0, 0.0, 0.0, 1.216553, 2.865795, 4.574596, 6.36345, 8.422576, 9.09282, 9.443577, 9.734777, 9.666387, 9.219713, 8.775137, 8.040048, 7.059852, 6.359191, 5.91293, 5.884923, 6.463921, 7.607448, 8.920024, 10.361515, 11.900266, 13.28126, 14.517929, 15.514212, 16.068809, 16.278122, 13.053219, 11.653219, 10.021612, 8.025524, 5.463247, 6.028932, 5.048736, 4.95168, 5.785489, 7.785489, 10.219804, 12.4, 14.006244, 15.231147, 15.657696, 15.486123, 14.916713, 13.750077, 12.137625, 10.111076, 7.682649, 5.334902, 4.189721, 4.189721, 5.425789, 8.250693, 11.741442, 10.847015, 9.234564, 6.998496, 3.773592, 0.0, 0.0, 0.0]"
889,"[0.0, 0.0, 0.0, 0.0, 1.077033, 2.533055, 4.182297, 5.993374, 8.003349, 8.926316, 9.270294, 9.421052, 9.209975, 8.6, 7.8, 7.0, 5.832456, 4.953566, 4.378187, 4.378187, 4.978187, 6.345731, 7.824621, 9.4, 11.0, 12.2, 13.2, 14.006659, 14.435086, 14.265676, 11.465676, 10.309585, 8.519478, 6.491051, 4.143304, 4.743304, 3.919199, 4.158669, 5.44673, 7.637751, 9.706083, 11.549844, 12.957386, 13.697752, 14.031022, 13.771008, 12.917419, 11.853855, 10.225428, 8.05075, 5.842431, 4.115298, 3.209725, 3.53288, 5.05449, 7.718055, 10.745801, 9.851374, 8.328219, 6.174153, 3.310589, 0.0, 0.0, 0.0]"
890,"[0.0, 0.0, 0.0, 0.0, 1.2, 2.6, 4.2, 6.043909, 7.941275, 8.450076, 8.838931, 8.851382, 8.349114, 7.793388, 7.16162, 6.197387, 5.184936, 4.47575, 3.982638, 4.071795, 4.770329, 6.1401, 7.661711, 9.229792, 10.746883, 12.176693, 13.259789, 13.990164, 14.293849, 14.171817, 11.218852, 9.863041, 8.109971, 5.83689, 3.475641, 4.108096, 3.61104, 4.279669, 6.041528, 8.449209, 10.64518, 12.308745, 13.568156, 14.222648, 14.335261, 13.787185, 12.76753, 11.35736, 9.493796, 7.373502, 5.375994, 3.932085, 3.17727, 3.61949, 5.01949, 7.297897, 10.060175, 9.165748, 7.723527, 5.723527, 3.162278, 0.0, 0.0, 0.0]"
891,"[0.0, 0.0, 0.0, 0.0, 1.414214, 3.063456, 5.151517, 7.305583, 9.541651, 10.459818, 11.142957, 11.054895, 10.787626, 10.272023, 9.381863, 8.126515, 7.146319, 6.084144, 5.212207, 5.111627, 5.743395, 6.811652, 8.516853, 10.388619, 12.020192, 13.473669, 14.803209, 15.504486, 15.830501, 15.635776, 12.473498, 10.776362, 8.711453, 6.112358, 3.533869, 4.428296, 4.230986, 5.405735, 7.678816, 10.39086, 12.794917, 14.764612, 15.876208, 16.411678, 16.559045, 15.89115, 14.634368, 12.890634, 10.711903, 8.373601, 6.375467, 4.987928, 4.721347, 5.880382, 7.94495, 10.665105, 13.493532, 12.051312, 9.815244, 7.029566, 3.676955, 0.0, 0.0, 0.0]"
892,"[0.0, 0.0, 0.0, 0.0, 1.019804, 2.284715, 3.897167, 5.708244, 7.508244, 8.28844, 8.834606, 8.834606, 8.63598, 8.23598, 7.652533, 6.641456, 5.66146, 4.496222, 3.920843, 3.781323, 4.593775, 5.848115, 7.733283, 9.414654, 11.020903, 12.361416, 13.605115, 14.319043, 14.598728, 14.445269, 11.492304, 10.07061, 8.101333, 5.762869, 3.680261, 4.757294, 4.757294, 5.834327, 8.172791, 10.771887, 13.005443, 14.696642, 15.942576, 16.287393, 16.194049, 15.566741, 14.402809, 12.71161, 10.846026, 8.693061, 6.292623, 4.68901, 4.32185, 5.056939, 6.69825, 9.257942, 11.90573, 10.564089, 8.564089, 6.122778, 3.280244, 0.0, 0.0, 0.0]"
893,"[0.0, 0.0, 0.0, 0.0, 1.131371, 2.411996, 4.132461, 5.921315, 7.71017, 8.476165, 8.984395, 8.97273, 8.707031, 8.259817, 7.439484, 6.545056, 5.557366, 4.634211, 4.186998, 4.390589, 4.910376, 6.189266, 7.869616, 9.536439, 11.098348, 12.684135, 13.939899, 14.770818, 15.182782, 15.030973, 12.030973, 10.619117, 8.788472, 6.380944, 3.973062, 4.797683, 4.367988, 5.126971, 6.797353, 9.1451, 11.347028, 13.139058, 14.305694, 15.076286, 15.053377, 14.634509, 13.43824, 11.831996, 9.845141, 7.684674, 5.359835, 4.174481, 4.186933, 5.403197, 7.78441, 10.757332, 13.582368, 11.969917, 9.733849, 6.905422, 3.649658, 0.0, 0.0, 0.0]"
894,"[0.0, 0.0, 0.0, 0.0, 0.894427, 2.060618, 3.341242, 4.903292, 6.600349, 7.402978, 7.933844, 8.215269, 8.067432, 7.651001, 7.085315, 6.109369, 5.179775, 4.398017, 3.838502, 3.873322, 4.675366, 5.751712, 7.207317, 8.827147, 10.573001, 11.96189, 13.415367, 14.489583, 15.194952, 15.146473, 12.234429, 10.861005, 9.040369, 6.626515, 4.045793, 4.870415, 4.423201, 5.051332, 6.835485, 9.525856, 11.932334, 14.008295, 15.582532, 16.518534, 16.650155, 16.3311, 15.19385, 13.547207, 11.459507, 9.179294, 6.46725, 4.786899, 4.089532, 4.635698, 6.411077, 9.611077, 12.811077, 11.611077, 9.8, 7.2, 3.8, 0.0, 0.0, 0.0]"
895,"[0.0, 0.0, 0.0, 0.0, 0.632456, 1.709488, 2.9744, 4.388613, 6.001065, 6.968609, 7.491576, 7.626665, 7.612452, 7.2, 6.6, 5.824621, 4.871835, 3.919048, 3.319048, 3.119048, 3.559338, 4.635279, 5.97692, 7.436046, 8.872114, 9.939584, 11.099711, 11.994138, 12.535012, 12.639884, 10.307503, 9.273464, 7.609986, 5.4572, 3.31626, 3.881945, 3.309736, 3.998733, 5.705585, 8.105585, 10.492864, 12.640734, 14.156837, 15.055638, 15.340079, 14.994796, 14.211204, 12.873097, 11.26245, 9.272436, 7.064755, 4.823444, 3.761269, 3.842203, 5.101842, 7.565406, 10.858256, 10.033635, 8.51048, 6.356414, 3.49285, 0.0, 0.0, 0.0]"
896,"[0.0, 0.0, 0.0, 0.0, 1.131371, 2.573591, 4.186043, 5.894844, 7.738753, 8.418459, 8.58869, 8.58869, 8.294103, 7.666746, 7.12058, 6.585162, 5.97271, 5.558497, 5.606855, 5.797966, 6.333385, 7.333385, 8.34336, 9.478449, 10.422427, 11.409975, 12.217109, 13.007134, 13.414268, 13.644857, 11.044857, 10.277331, 8.693883, 6.88675, 4.977271, 5.801892, 4.978836, 5.374735, 6.414343, 8.126338, 10.130144, 11.940141, 13.354238, 14.32129, 14.894844, 14.866417, 14.447549, 13.421, 12.026792, 10.220133, 8.244754, 6.037073, 4.758183, 4.559945, 5.339844, 7.205948, 10.061712, 9.340601, 7.926388, 5.946489, 3.255764, 0.0, 0.0, 0.0]"
897,"[0.0, 0.0, 0.0, 0.0, 1.414214, 3.134679, 5.021475, 7.080601, 9.234667, 9.908515, 10.227657, 10.151938, 9.705264, 9.163649, 8.53161, 7.569035, 7.038583, 6.706756, 6.435945, 6.688724, 7.509058, 8.316494, 9.376809, 10.564991, 11.641868, 12.530179, 13.488427, 14.011051, 14.259718, 14.081721, 11.296043, 10.249734, 8.82839, 7.126934, 5.319253, 6.213681, 5.494306, 5.664537, 6.64663, 8.17901, 10.063072, 11.666888, 12.774731, 13.435899, 13.823812, 13.453642, 12.831943, 12.111649, 10.953405, 9.399301, 7.623438, 5.993151, 4.84168, 4.496182, 5.141069, 6.941718, 9.368674, 8.520146, 7.303594, 5.492517, 3.059412, 0.0, 0.0, 0.0]"
898,"[0.0, 0.0, 0.0, 0.0, 1.414214, 3.026665, 4.924032, 7.078098, 9.137224, 9.886341, 10.273889, 10.220432, 9.910275, 9.413198, 8.530493, 7.696683, 6.872578, 6.228669, 5.93153, 6.17406, 6.977641, 8.193905, 9.229973, 10.648344, 11.988753, 12.882546, 13.619692, 14.295668, 14.47595, 14.242975, 11.379411, 10.217274, 8.719444, 6.932913, 5.023434, 5.823434, 5.277268, 5.571855, 6.648888, 8.4576, 10.521164, 12.119817, 13.239444, 13.913805, 14.014572, 13.559327, 12.705738, 11.688387, 10.315982, 8.762426, 7.202635, 5.99266, 5.258616, 5.244815, 6.167782, 8.039548, 10.401825, 9.324792, 7.882572, 5.882572, 3.162278, 0.0, 0.0, 0.0]"
899,"[0.0, 0.0, 0.0, 0.0, 1.414214, 3.11127, 4.831735, 6.890861, 9.044927, 9.718775, 10.10978, 10.233223, 10.018006, 9.513183, 8.881143, 8.057993, 7.214084, 6.536366, 6.152034, 6.308464, 7.083161, 8.319229, 9.981466, 11.775966, 13.222926, 14.481803, 15.598346, 16.12253, 16.294217, 16.098369, 12.799885, 11.33407, 9.3231, 7.092001, 4.949547, 5.949547, 5.585906, 6.214036, 7.934331, 10.186434, 12.417533, 14.204967, 15.545785, 15.955986, 15.935737, 15.145949, 13.998691, 12.476956, 10.869616, 8.936455, 7.389571, 6.22624, 5.779027, 6.099781, 7.289049, 9.194622, 11.600499, 10.258858, 8.414949, 6.205877, 3.405877, 0.0, 0.0, 0.0]"
900,"[0.0, 0.0, 0.0, 0.0, 1.0, 2.4, 3.8, 5.412452, 7.061694, 7.770495, 8.159349, 8.282504, 8.011693, 7.704091, 7.072324, 6.10809, 5.384936, 4.867916, 4.526275, 4.729867, 5.602302, 6.802302, 8.10371, 9.512029, 10.922129, 12.198287, 13.1715, 13.888005, 14.258175, 14.073443, 11.100229, 9.65017, 7.973827, 5.761023, 3.65503, 4.549458, 4.440517, 5.254225, 6.951281, 9.242006, 11.190113, 12.660341, 13.680442, 14.302141, 14.219097, 13.708944, 12.883629, 11.325849, 9.441408, 7.466183, 5.733802, 4.395786, 4.119756, 4.642911, 6.164521, 8.094343, 10.419542, 9.253352, 7.730197, 5.576131, 3.046309, 0.0, 0.0, 0.0]"
901,"[0.0, 0.0, 0.0, 0.0, 0.894427, 2.060618, 3.341242, 4.903292, 6.747201, 7.573239, 8.127514, 8.45934, 8.509742, 8.007474, 7.62865, 6.908185, 6.016843, 5.036847, 4.495207, 4.353566, 4.767779, 5.695911, 7.151517, 8.692457, 10.022279, 11.32836, 12.783952, 13.524318, 13.990512, 14.06069, 11.340396, 9.835561, 8.207134, 5.8, 3.4, 4.032456, 3.598646, 4.1875, 5.941566, 8.341566, 10.494788, 12.240642, 13.363831, 14.07333, 14.141663, 13.592053, 12.523918, 11.067896, 9.098759, 7.151536, 5.515468, 4.39267, 4.068019, 5.0175, 6.576741, 8.819275, 11.378409, 10.247038, 8.403129, 6.122778, 3.280244, 0.0, 0.0, 0.0]"
902,"[0.0, 0.0, 0.0, 0.0, 1.16619, 2.507831, 4.030986, 5.680228, 7.524137, 8.201855, 8.87019, 9.158112, 9.319947, 9.08849, 8.857032, 8.303079, 7.569035, 6.924148, 6.477887, 6.130347, 6.323567, 7.057611, 8.100493, 9.342621, 10.884844, 12.042736, 13.258208, 14.108547, 14.805063, 14.783607, 11.976473, 10.847291, 9.12952, 6.849306, 4.629314, 5.429314, 4.946161, 5.614495, 7.198193, 9.439641, 11.839641, 13.631672, 14.827941, 15.446171, 15.467464, 14.700569, 13.730393, 12.335226, 10.508677, 8.574677, 6.774028, 5.557764, 5.088327, 5.775124, 7.488377, 9.908789, 12.560497, 11.218857, 9.33206, 6.724379, 3.671512, 0.0, 0.0, 0.0]"
903,"[0.0, 0.0, 0.0, 0.0, 1.2, 2.416553, 3.872574, 5.521817, 7.230617, 7.739418, 8.135317, 8.291747, 8.254956, 8.06931, 7.70215, 7.35461, 6.958711, 6.546259, 6.239657, 6.239657, 6.587197, 7.09111, 8.017139, 9.208905, 10.412849, 11.491122, 12.770657, 13.644628, 14.189274, 14.326971, 11.636246, 10.790312, 9.313467, 7.360502, 5.309676, 6.204103, 5.330662, 5.651416, 6.914158, 8.842952, 10.948525, 12.830178, 14.148547, 15.110708, 15.502423, 15.102423, 14.356755, 13.081273, 11.298591, 9.345626, 7.378081, 5.593928, 5.121345, 5.39959, 6.73197, 8.983956, 11.680164, 10.26595, 8.545485, 6.213104, 3.328663, 0.0, 0.0, 0.0]"
904,"[0.0, 0.0, 0.0, 0.0, 1.077033, 2.341944, 3.797966, 5.447208, 7.05966, 7.793704, 8.328793, 8.472771, 8.423529, 8.411077, 8.0, 7.614214, 7.230766, 6.895677, 6.576302, 6.456927, 6.456927, 6.960839, 7.582725, 8.46543, 9.517186, 10.544284, 11.544113, 12.377611, 13.042707, 13.401051, 10.95974, 10.402777, 9.124703, 7.296276, 5.238007, 6.038007, 4.951709, 5.071538, 6.071538, 7.880394, 9.964835, 11.840767, 13.409212, 14.455521, 14.799888, 14.635741, 14.15664, 13.114206, 11.717139, 10.008494, 8.136728, 6.262865, 5.194607, 4.887006, 5.696769, 7.289552, 9.74242, 8.722616, 7.380975, 5.494179, 3.052868, 0.0, 0.0, 0.0]"
905,"[0.0, 0.0, 0.0, 0.0, 1.131371, 2.545584, 4.107634, 5.828099, 7.616954, 8.274437, 8.649078, 8.795829, 8.784165, 8.704111, 8.438411, 8.172711, 8.076362, 7.648186, 7.353599, 7.392495, 7.589805, 7.86415, 8.642651, 9.287563, 10.142123, 11.104939, 11.901424, 12.620787, 13.446102, 13.720218, 11.036936, 10.479684, 9.545104, 7.792034, 5.822419, 6.622419, 5.66258, 5.380721, 6.22925, 7.916458, 9.677708, 11.395959, 12.886776, 13.859842, 14.315087, 14.353837, 13.810336, 12.72724, 11.29743, 9.600057, 8.000057, 6.483738, 5.730519, 5.819816, 6.712751, 8.49124, 10.891522, 9.674969, 8.062518, 6.003392, 3.224903, 0.0, 0.0, 0.0]"
906,"[0.0, 0.0, 0.0, 0.0, 1.131371, 2.573591, 4.186043, 5.894844, 7.603644, 8.121516, 8.291747, 8.291747, 8.195398, 8.099048, 7.86402, 7.70759, 7.551161, 7.28035, 7.110119, 7.257955, 7.498989, 8.022866, 8.807255, 9.627776, 10.474045, 11.322573, 12.185208, 12.901713, 13.41746, 13.692423, 11.146839, 10.45837, 9.404691, 7.792392, 5.957639, 6.977443, 6.23759, 6.292645, 7.406805, 9.188866, 11.195612, 12.807947, 14.170282, 15.089932, 15.466002, 15.246586, 14.850626, 13.853455, 12.453455, 10.846795, 9.304573, 7.805354, 7.119437, 7.216803, 8.249908, 9.813424, 12.105502, 10.582347, 8.684981, 6.251876, 3.423449, 0.0, 0.0, 0.0]"
907,"[0.0, 0.0, 0.0, 0.0, 0.8, 1.8, 3.2, 4.6, 6.2, 7.012452, 7.624903, 7.680925, 7.736947, 7.592969, 7.436539, 7.04064, 6.784618, 6.528596, 6.272574, 6.230766, 6.470236, 6.979036, 7.748808, 8.702874, 9.6296, 10.514518, 11.33554, 12.034101, 12.510624, 12.578003, 10.237063, 9.707241, 8.638908, 7.008319, 5.232456, 5.864911, 4.864911, 4.864911, 5.864911, 7.432456, 9.407681, 11.236108, 12.499672, 13.219966, 13.805644, 13.614572, 13.127085, 12.233292, 11.162241, 9.593115, 8.176506, 6.729994, 5.926412, 5.926412, 6.990211, 8.710505, 11.047176, 9.880986, 8.231744, 5.951393, 3.231099, 0.0, 0.0, 0.0]"
908,"[0.0, 0.0, 0.0, 0.0, 1.216553, 2.616553, 4.229004, 6.040081, 7.88399, 8.564804, 9.062171, 9.347086, 9.244809, 9.298267, 9.109701, 8.668357, 8.227012, 7.932425, 7.449272, 7.389713, 7.642492, 8.156242, 8.801154, 9.623009, 10.479759, 11.45424, 12.348033, 13.26212, 13.938096, 14.295668, 11.612386, 10.957894, 9.795757, 8.297927, 6.32879, 7.223217, 6.230697, 6.01962, 6.615382, 8.129274, 10.04198, 11.632562, 13.039221, 14.055795, 14.475903, 14.337102, 14.003832, 13.277523, 11.900216, 10.288342, 8.420009, 6.511831, 5.251284, 5.002042, 5.795464, 7.802598, 10.436913, 9.417109, 8.017109, 6.007134, 3.2, 0.0, 0.0, 0.0]"
909,"[0.0, 0.0, 0.0, 0.0, 0.632456, 1.652259, 2.868812, 4.268812, 5.668812, 6.436356, 6.816553, 7.0, 6.8, 6.8, 6.6, 6.4, 6.0, 5.8, 5.477033, 5.443223, 5.523848, 5.938062, 6.500112, 7.120135, 8.079974, 9.062091, 10.338602, 11.337802, 12.146738, 12.526702, 10.26396, 9.470602, 8.174263, 6.562698, 4.777815, 5.577815, 4.480449, 4.671559, 5.485933, 6.918889, 8.648711, 10.569005, 11.976547, 13.131311, 13.784378, 13.862237, 13.541943, 12.678379, 11.614815, 10.024233, 8.31098, 6.63209, 5.63209, 5.246304, 6.117812, 7.943679, 10.478333, 9.478333, 8.06412, 5.976058, 3.255764, 0.0, 0.0, 0.0]"
910,"[0.0, 0.0, 0.0, 0.0, 0.824621, 1.824621, 2.955992, 4.236617, 5.517242, 5.858811, 6.025001, 5.970663, 5.767072, 5.56348, 5.474322, 5.385165, 5.474322, 5.397289, 5.451627, 5.655219, 5.858811, 6.134841, 6.577062, 7.058142, 7.664314, 8.442815, 9.163925, 9.885035, 10.535325, 10.774558, 8.715432, 8.272567, 7.389861, 6.25849, 5.026888, 5.826888, 5.106423, 5.090709, 5.608581, 6.802215, 8.090276, 9.326344, 10.494538, 11.253615, 11.573872, 11.885811, 11.649743, 11.216638, 10.408319, 9.4, 8.019804, 6.914231, 5.808658, 5.425211, 5.625211, 6.605407, 8.31098, 7.416553, 6.2, 4.6, 2.6, 0.0, 0.0, 0.0]"
911,"[0.0, 0.0, 0.0, 0.0, 0.824621, 1.649242, 2.726275, 4.0069, 5.287525, 5.743529, 6.199532, 6.403124, 6.403124, 6.403124, 6.25387, 6.104616, 5.955362, 5.806108, 5.525483, 5.560303, 5.770573, 6.162357, 6.680228, 7.32947, 7.812522, 8.368248, 8.999159, 9.503983, 10.090809, 10.604897, 8.707531, 8.397374, 7.657521, 6.552824, 5.28392, 6.08392, 5.064633, 4.81661, 5.127459, 5.953497, 7.040293, 8.45174, 9.439616, 10.338335, 10.95881, 11.160075, 10.963615, 10.653458, 9.92497, 9.040052, 7.846417, 6.655338, 5.63605, 5.023598, 4.967576, 5.917058, 7.501635, 6.677014, 5.677014, 4.277014, 2.433105, 0.0, 0.0, 0.0]"
912,"[0.0, 0.0, 0.0, 0.0, 0.8, 1.8, 2.8, 3.8, 5.016553, 5.481464, 5.823104, 5.989295, 6.155485, 6.105123, 6.006402, 5.830952, 5.741794, 5.595408, 5.429218, 5.263027, 5.296837, 5.419804, 5.8, 6.4, 7.2, 8.0, 8.8, 9.4, 9.8, 10.039608, 8.039608, 7.68885, 6.953761, 5.973565, 4.733957, 5.366413, 4.611598, 4.512877, 5.016228, 6.103024, 7.529694, 8.915618, 10.029779, 10.914943, 11.290888, 11.357791, 10.92135, 10.203049, 9.208943, 8.360415, 7.400576, 6.576471, 6.014421, 5.677241, 5.705248, 6.425854, 7.847361, 6.847361, 5.770328, 4.328107, 2.441311, 0.0, 0.0, 0.0]"
913,"[0.0, 0.0, 0.0, 0.0, 1.0, 2.16619, 3.507831, 5.030986, 6.739787, 7.583695, 8.261414, 8.73085, 9.018773, 8.922423, 8.678514, 8.434606, 8.037742, 7.682687, 7.411876, 7.153517, 6.995738, 7.27858, 7.666467, 8.304725, 9.089114, 10.055212, 11.186583, 12.033399, 12.773794, 13.255446, 10.847127, 10.435309, 9.641951, 8.186568, 6.578887, 7.211342, 5.794733, 5.31158, 5.890578, 7.126646, 8.927295, 10.534976, 11.927897, 12.883988, 13.44792, 13.614815, 13.407134, 12.8, 11.8, 10.6, 9.216553, 7.71098, 6.405407, 5.821959, 5.821959, 6.805407, 8.51098, 7.616553, 6.4, 4.8, 2.6, 0.0, 0.0, 0.0]"
914,"[0.0, 0.0, 0.0, 0.0, 1.0, 2.2, 3.6, 5.014214, 6.663456, 7.312698, 7.821499, 8.1303, 8.424887, 8.564499, 8.527708, 8.342062, 8.156416, 7.903637, 7.331335, 7.118884, 6.995729, 7.085026, 7.278246, 7.95906, 8.713126, 9.654066, 10.641615, 11.712667, 12.483633, 12.960156, 10.619216, 10.219216, 9.498922, 8.230589, 6.6, 7.165685, 5.765685, 5.165685, 5.565685, 6.765685, 8.8, 10.8, 12.2, 13.207134, 13.835561, 13.86615, 13.302218, 12.738286, 11.742229, 10.313802, 8.883213, 7.279601, 5.868154, 5.257077, 5.457077, 6.457077, 8.424621, 7.6, 6.4, 4.8, 2.6, 0.0, 0.0, 0.0]"
915,"[0.0, 0.0, 0.0, 0.0, 0.565685, 1.414214, 2.414214, 3.694838, 5.137059, 6.013594, 6.777517, 7.389969, 7.721796, 7.892027, 8.062258, 7.791447, 7.520636, 7.18881, 6.707729, 6.17231, 5.850473, 5.708833, 5.828208, 6.296837, 7.030881, 8.220149, 9.428468, 10.835602, 12.035602, 13.024525, 10.815453, 10.643202, 9.48531, 7.901863, 5.701863, 5.984705, 4.348637, 3.899395, 4.295294, 5.904366, 8.221524, 10.421524, 12.221524, 13.809072, 14.606659, 14.835086, 14.665676, 13.874748, 12.485825, 11.079166, 9.250739, 7.252605, 5.868154, 5.257077, 5.269528, 6.549879, 8.780988, 7.956367, 6.756367, 5.143915, 2.863564, 0.0, 0.0, 0.0]"
916,"[0.0, 0.0, 0.0, 0.0, 0.824621, 1.901654, 3.166565, 4.508206, 5.950426, 6.687855, 7.172872, 7.470011, 7.825427, 7.945256, 7.945256, 7.945256, 7.825427, 7.570591, 7.350182, 7.053043, 6.905206, 6.862986, 7.020765, 7.279125, 8.024189, 8.846043, 10.076632, 11.283766, 12.683766, 13.473791, 11.237723, 11.015453, 10.052228, 8.466441, 6.666441, 7.298897, 5.523034, 4.879125, 5.064911, 6.064911, 7.832456, 10.007134, 11.833683, 13.293095, 14.205139, 14.525433, 14.318299, 13.63269, 12.54305, 11.339806, 9.836065, 8.036065, 6.26081, 5.11566, 4.806859, 5.590307, 7.390307, 6.824621, 6.0, 4.6, 2.6, 0.0, 0.0, 0.0]"
917,"[0.0, 0.0, 0.0, 0.0, 1.0, 2.4, 4.0, 5.6, 7.2, 7.812452, 8.061694, 8.110936, 8.160178, 8.209421, 8.246211, 8.246211, 8.209421, 8.160178, 8.110936, 8.061694, 8.024903, 8.061694, 8.170495, 8.359349, 8.646145, 9.366074, 10.400114, 11.374595, 12.558954, 13.535722, 11.203341, 10.928378, 10.045097, 8.671883, 6.808319, 7.374004, 5.765685, 5.165685, 5.165685, 6.175661, 8.018294, 9.818294, 11.418294, 12.618294, 13.415453, 13.835561, 13.668666, 13.104734, 12.148643, 10.953961, 9.325533, 7.692428, 6.022046, 4.978137, 4.765685, 5.365685, 7.165685, 6.6, 5.8, 4.4, 2.6, 0.0, 0.0, 0.0]"
918,"[0.0, 0.0, 0.0, 0.0, 0.632456, 1.709488, 2.926041, 4.340255, 5.940255, 6.907799, 7.430766, 7.814214, 8.0, 7.814214, 7.628427, 7.228427, 6.828427, 6.428427, 6.214214, 6.016553, 6.081464, 6.223104, 6.635556, 7.156021, 7.939468, 8.674557, 9.496247, 10.216177, 10.836652, 11.117002, 9.117002, 8.764749, 8.032368, 6.891428, 5.243533, 5.690746, 4.679669, 4.279669, 4.679669, 5.847214, 7.6, 9.2, 10.6, 11.6, 12.407681, 12.416753, 12.252821, 11.463898, 10.47635, 9.268669, 8.259597, 6.84815, 5.885601, 5.350182, 5.364396, 5.975473, 7.583957, 6.735429, 5.658396, 4.244182, 2.433105, 0.0, 0.0, 0.0]"
919,"[0.0, 0.0, 0.0, 0.0, 0.8, 1.8, 3.0, 4.216553, 5.481464, 6.204618, 6.646839, 6.889059, 7.234557, 7.411866, 7.169336, 6.893306, 6.528119, 5.985873, 5.543652, 5.463027, 5.496837, 5.834017, 6.426665, 7.237742, 8.07735, 9.113418, 10.107523, 10.903391, 11.492314, 11.852706, 9.616638, 9.019396, 8.011077, 6.611077, 4.811077, 5.376762, 4.585489, 4.402042, 5.014493, 6.424469, 8.291888, 9.745948, 11.003258, 11.920629, 12.510654, 12.494158, 12.256363, 11.752271, 10.931249, 9.596161, 8.379551, 7.143483, 6.068139, 5.525529, 5.783772, 6.671833, 8.201656, 7.307228, 6.141038, 4.617883, 2.529822, 0.0, 0.0, 0.0]"
920,"[0.0, 0.0, 0.0, 0.0, 0.894427, 2.060618, 3.402258, 4.925413, 6.574655, 7.524137, 8.169024, 8.627383, 8.904228, 8.854986, 8.611077, 8.2, 7.6, 7.016553, 6.582743, 6.263368, 6.305588, 6.547809, 7.120111, 8.013046, 8.968489, 10.032262, 11.273323, 12.262957, 12.924125, 13.249307, 10.743314, 10.186062, 9.104629, 7.66496, 5.824821, 6.424821, 5.019902, 4.60347, 4.884895, 6.163785, 7.844136, 9.66861, 10.93357, 12.062244, 12.623494, 12.784454, 12.402201, 11.700525, 10.57185, 9.291226, 7.698443, 5.982325, 4.538417, 3.697477, 3.681763, 4.542036, 6.511431, 6.111431, 5.390321, 4.12541, 2.416609, 0.0, 0.0, 0.0]"
921,"[0.0, 0.0, 0.0, 0.0, 0.894427, 2.159338, 3.500979, 5.20978, 7.107146, 8.252327, 9.027024, 9.695358, 9.986557, 9.889191, 9.649583, 9.209975, 8.614214, 7.879125, 7.245315, 6.72594, 6.56816, 6.677101, 7.120991, 8.042862, 9.042588, 10.13019, 11.392713, 12.547476, 13.142696, 13.640834, 11.111012, 10.488665, 9.322157, 7.919501, 6.035439, 6.435439, 4.993219, 4.561073, 4.73647, 5.930105, 7.871045, 9.833216, 11.251586, 12.478846, 13.169273, 13.436014, 12.916064, 12.232782, 11.269966, 9.833118, 8.245241, 6.68191, 5.129123, 4.408658, 4.467017, 5.647214, 7.647214, 7.2, 6.2, 4.8, 2.6, 0.0, 0.0, 0.0]"
922,"[0.0, 0.0, 0.0, 0.0, 0.824621, 2.089532, 3.545554, 5.194796, 7.005873, 7.992329, 8.727418, 9.271396, 9.422154, 9.411077, 9.4, 9.0, 8.6, 8.214214, 7.679125, 7.045315, 6.859529, 6.87198, 7.344563, 7.966448, 9.036326, 9.954493, 11.12053, 12.118175, 12.951673, 13.276854, 10.944474, 10.428727, 9.388194, 7.948525, 6.108386, 6.708386, 4.892858, 4.048949, 4.210544, 5.37623, 7.056581, 9.017687, 10.426005, 11.529369, 12.050892, 12.17886, 11.89657, 11.488251, 10.504717, 9.377023, 7.817232, 6.091203, 4.491203, 3.561609, 3.497536, 4.492917, 6.373268, 5.973268, 5.340812, 4.12426, 2.280351, 0.0, 0.0, 0.0]"
923,"[0.0, 0.0, 0.0, 0.0, 1.0, 2.280625, 3.893076, 5.681931, 7.651702, 8.739764, 9.5472, 9.974356, 10.22511, 10.265313, 9.988329, 9.512719, 8.929133, 8.231166, 7.501816, 7.104953, 7.104953, 7.437785, 8.065916, 9.126231, 10.052957, 11.040506, 12.115216, 13.098409, 13.810336, 14.469396, 11.869396, 11.414151, 10.441085, 8.950268, 6.844695, 7.644695, 6.130803, 5.282275, 5.282275, 6.513877, 8.275127, 10.071424, 11.768481, 13.179645, 13.896149, 14.055194, 13.97215, 13.307054, 12.220636, 10.820323, 9.100028, 6.939561, 5.17623, 3.85512, 3.489932, 4.198733, 6.168128, 5.768128, 5.202443, 4.12541, 2.416609, 0.0, 0.0, 0.0]"
924,"[0.0, 0.0, 0.0, 0.0, 1.0, 2.2, 3.6, 5.212452, 7.05636, 7.953727, 8.651094, 9.220865, 9.397268, 9.342214, 9.057298, 8.501573, 7.796712, 7.22441, 6.635556, 6.223104, 6.146375, 6.404618, 6.97692, 7.836046, 8.872114, 9.939584, 11.016429, 12.013252, 12.67442, 13.106685, 10.774305, 10.18428, 8.998602, 7.478308, 5.634596, 6.267052, 5.257077, 4.857077, 5.269528, 6.484515, 8.088127, 9.496446, 10.896446, 11.883995, 12.244387, 12.408319, 12.0, 11.4, 10.4, 9.2, 7.6, 6.165685, 4.798141, 4.198141, 4.214693, 5.258602, 6.973268, 6.340812, 5.340812, 4.12426, 2.280351, 0.0, 0.0, 0.0]"
925,"[0.0, 0.0, 0.0, 0.0, 1.019804, 2.284715, 3.80787, 5.596724, 7.48352, 8.463716, 9.178704, 9.635449, 9.690503, 9.647616, 9.209666, 8.64398, 7.944706, 7.17783, 6.333921, 6.171871, 6.157658, 6.526275, 7.346609, 8.687549, 9.817371, 11.329415, 12.978657, 14.337055, 15.202359, 15.672536, 12.760493, 11.662008, 10.006244, 8.0, 5.72111, 6.545731, 5.545731, 5.545731, 6.545731, 8.432302, 10.607681, 12.607681, 14.207681, 15.213925, 15.612903, 15.420037, 14.628356, 13.637428, 12.031184, 10.624525, 8.837195, 7.428876, 6.239608, 6.039608, 6.039608, 7.228876, 8.859465, 7.839661, 6.439661, 4.839661, 2.630589, 0.0, 0.0, 0.0]"
926,"[0.0, 0.0, 0.0, 0.0, 0.72111, 1.887301, 3.329521, 5.118376, 6.90723, 8.083486, 8.814662, 9.216351, 9.238573, 9.062171, 8.777256, 8.294103, 7.666746, 6.750096, 5.986173, 5.198343, 4.984129, 5.367576, 6.073149, 7.224621, 8.8, 10.2, 11.6, 13.0, 13.807134, 14.037723, 11.437723, 10.33509, 8.600001, 6.592867, 4.162278, 4.762278, 4.064911, 4.412452, 5.622427, 8.030108, 10.430108, 12.230108, 13.817656, 14.807681, 15.0, 14.6, 13.8, 12.4, 11.0, 9.416553, 7.71098, 6.335601, 5.735601, 5.748052, 6.619561, 8.254956, 10.592613, 9.392613, 7.780161, 5.6921, 3.162278, 0.0, 0.0, 0.0]"
927,"[0.0, 0.0, 0.0, 0.0, 0.8, 1.8, 3.214214, 4.826665, 6.670574, 7.767941, 8.737712, 9.112353, 9.288756, 9.057298, 8.772383, 8.144253, 7.432431, 6.643577, 5.831125, 5.043295, 4.833025, 5.198212, 5.918678, 7.177804, 8.685563, 10.161873, 11.562187, 12.814936, 13.584237, 13.813106, 11.205425, 10.249687, 8.442663, 6.179922, 3.818672, 4.384357, 3.762472, 4.385136, 6.055519, 8.5388, 11.025983, 13.041315, 14.532705, 15.420737, 15.710669, 15.348526, 14.476601, 13.196357, 11.514478, 9.806175, 8.11545, 6.531753, 5.531753, 5.612687, 6.435837, 8.156131, 10.629995, 9.629995, 8.10684, 6.018779, 3.298485, 0.0, 0.0, 0.0]"
928,"[0.0, 0.0, 0.0, 0.0, 0.8, 2.0, 3.6, 5.4, 7.409975, 8.649583, 9.729934, 10.217995, 10.506056, 10.465853, 10.135046, 9.310717, 8.439208, 7.351147, 6.401179, 5.858569, 5.81676, 6.320673, 7.379799, 8.865988, 10.478286, 12.11694, 13.558753, 14.905504, 15.655275, 15.85, 12.797133, 11.915206, 10.071379, 7.664143, 5.290929, 6.012039, 4.897879, 5.394955, 7.052419, 9.505287, 12.225107, 14.619815, 16.248507, 17.280875, 17.62212, 17.29246, 16.559988, 15.134912, 13.44046, 11.488568, 9.397102, 7.368675, 5.954461, 5.375464, 5.972851, 7.816611, 10.509461, 9.660933, 8.396022, 6.356414, 3.49285, 0.0, 0.0, 0.0]"
929,"[0.0, 0.0, 0.0, 0.0, 0.8, 2.0, 3.4, 5.0, 6.811077, 8.021052, 8.86066, 9.304569, 9.601935, 9.440101, 9.079368, 8.453974, 7.810065, 6.912698, 6.088077, 5.438835, 5.024621, 5.166262, 5.875063, 6.89435, 8.174701, 9.648565, 11.027218, 12.104095, 12.943468, 13.270798, 10.796934, 10.07664, 8.571587, 6.609416, 4.201735, 4.601735, 3.601735, 3.92111, 5.4, 7.8, 10.207134, 12.233683, 13.693095, 14.552506, 14.816071, 14.67727, 13.931071, 12.911267, 11.464307, 9.800743, 7.93241, 6.099273, 4.659665, 4.263766, 4.713008, 6.253948, 8.779948, 8.179948, 6.963396, 5.314154, 2.973214, 0.0, 0.0, 0.0]"
930,"[0.0, 0.0, 0.0, 0.0, 1.216553, 2.829004, 4.672913, 6.760974, 8.91504, 10.115097, 10.919255, 11.407726, 11.378791, 11.283851, 10.754038, 10.04623, 8.97876, 8.119634, 7.325419, 6.780264, 6.791928, 7.506916, 8.569658, 9.713065, 11.062149, 12.314898, 13.446269, 14.439291, 15.311216, 15.620492, 12.647278, 11.868389, 10.401479, 8.287426, 6.008536, 6.729646, 5.67789, 5.889036, 7.003196, 9.00238, 11.40537, 13.380509, 14.774621, 15.900148, 16.460098, 16.309212, 15.773742, 14.65998, 13.098011, 11.231981, 9.424958, 7.504664, 6.072841, 5.570573, 6.053726, 7.361399, 9.723677, 8.875148, 7.533508, 5.636141, 3.162278, 0.0, 0.0, 0.0]"
931,"[0.0, 0.0, 0.0, 0.0, 1.523155, 3.492926, 5.646992, 7.88306, 10.490741, 11.575267, 12.166746, 12.420999, 12.593249, 12.111598, 11.503917, 10.829463, 9.762785, 8.810488, 8.084459, 7.696911, 7.707481, 8.335612, 9.385583, 10.491575, 11.832088, 13.065217, 14.320349, 15.045455, 15.701739, 15.660819, 12.530324, 11.541488, 9.922841, 7.977116, 5.786182, 6.386182, 5.316305, 5.424318, 6.371096, 8.091297, 10.269786, 12.05656, 13.382405, 14.265383, 14.736116, 14.487449, 13.622546, 12.473603, 10.950449, 9.038405, 7.229693, 5.774087, 4.725249, 4.644314, 5.531111, 7.417681, 9.947503, 9.098975, 7.656755, 5.769959, 3.162278, 0.0, 0.0, 0.0]"
932,"[0.0, 0.0, 0.0, 0.0, 1.341641, 2.954092, 4.923864, 7.011925, 9.485789, 10.577253, 11.37312, 11.612421, 11.52436, 10.850496, 10.029843, 9.035737, 7.903698, 6.903698, 6.269888, 6.113459, 6.510322, 7.642362, 9.050681, 10.515079, 11.887485, 13.102957, 13.953296, 14.649812, 14.992437, 14.949687, 11.923138, 10.833498, 9.184685, 7.211471, 5.146904, 6.166708, 5.796936, 6.540914, 8.140914, 10.426463, 12.631562, 14.484098, 15.582582, 16.281067, 16.379242, 15.874633, 14.702449, 13.443572, 11.559301, 9.671019, 7.799253, 6.413329, 5.787935, 6.184798, 7.204314, 9.21935, 11.817773, 10.403559, 8.592482, 6.356414, 3.49285, 0.0, 0.0, 0.0]"
933,"[0.0, 0.0, 0.0, 0.0, 1.2, 2.8, 4.611077, 6.454986, 8.543047, 9.402173, 9.861299, 9.937018, 9.813575, 9.337965, 8.62048, 7.638387, 6.75159, 6.031125, 5.495707, 5.596286, 6.21631, 7.342339, 8.750658, 10.219209, 11.605416, 12.881573, 13.728758, 14.162973, 14.337683, 14.015248, 11.042035, 9.857675, 8.181332, 6.182148, 4.276155, 5.170582, 4.795941, 5.47366, 7.160869, 9.251593, 11.33038, 12.88938, 14.018685, 14.4529, 14.482469, 13.950567, 12.864149, 11.452985, 9.610451, 7.522613, 5.481302, 4.160191, 3.675174, 4.324416, 5.731568, 7.764673, 10.062552, 8.985519, 7.336277, 5.296669, 2.863564, 0.0, 0.0, 0.0]"
934,"[0.0, 0.0, 0.0, 0.0, 1.0, 2.4, 4.0, 5.8, 7.809975, 8.849583, 9.489191, 9.786557, 9.695358, 9.141405, 8.366708, 7.346904, 6.249538, 5.173192, 4.565699, 4.466978, 4.903196, 6.000563, 7.456168, 8.94858, 10.312212, 11.641868, 12.608065, 13.203286, 13.470027, 13.381516, 10.595838, 9.012899, 7.050727, 4.843046, 2.684578, 3.684578, 3.803953, 5.082843, 7.082843, 9.4, 11.406659, 13.066071, 13.929635, 14.197968, 14.071831, 13.30124, 12.052905, 10.589341, 8.921008, 7.079601, 5.443533, 4.632456, 4.688478, 5.585844, 7.483211, 9.856424, 12.274026, 10.818004, 8.920637, 6.390815, 3.417601, 0.0, 0.0, 0.0]"
935,"[0.0, 0.0, 0.0, 0.0, 1.16619, 2.507831, 4.296686, 6.266457, 8.420523, 9.534684, 10.281104, 10.531857, 10.572061, 10.229072, 9.561173, 8.738023, 7.592842, 6.582867, 5.791594, 5.379142, 5.528445, 6.673625, 7.909693, 9.520479, 10.951068, 12.365281, 13.352223, 13.923289, 14.092699, 13.870429, 11.042002, 9.664695, 7.877365, 5.524579, 3.51626, 4.68245, 4.822062, 6.134639, 8.370707, 11.017016, 13.081925, 14.645681, 15.665912, 16.087465, 15.90472, 15.147484, 13.882935, 12.053478, 10.114834, 8.099798, 6.450556, 5.528685, 5.849439, 7.091567, 9.216253, 11.797509, 14.473193, 12.629284, 10.220966, 7.247752, 3.841875, 0.0, 0.0, 0.0]"
936,"[0.0, 0.0, 0.0, 0.0, 1.264911, 2.720933, 4.429734, 6.218588, 8.277714, 9.176134, 9.720112, 10.011311, 9.942922, 9.604261, 8.883151, 8.049341, 7.126374, 6.405909, 5.762477, 5.762477, 6.158336, 7.061202, 8.187232, 9.655783, 10.759147, 11.887822, 12.750457, 13.466962, 13.529058, 13.400083, 10.709358, 9.389979, 7.547445, 5.386977, 3.536054, 4.536054, 4.574949, 5.574949, 7.688985, 9.965834, 12.077104, 13.770818, 14.894918, 15.333668, 15.211428, 14.541469, 13.285705, 11.858661, 10.024852, 8.324362, 6.707672, 5.839043, 5.862451, 6.932329, 8.595807, 10.901681, 13.348019, 11.627553, 9.391486, 6.708204, 3.577709, 0.0, 0.0, 0.0]"
937,"[0.0, 0.0, 0.0, 0.0, 1.2, 2.6, 4.2, 6.043909, 7.941275, 8.711047, 9.099901, 9.112353, 8.710665, 7.979488, 7.08675, 6.317699, 5.705248, 5.263027, 5.313389, 5.692378, 6.381375, 7.351147, 8.692087, 9.892143, 11.156416, 12.167909, 13.061702, 13.389094, 13.580166, 13.059872, 10.339578, 9.076014, 7.624233, 5.737663, 4.362284, 5.562284, 5.562284, 6.345731, 8.024621, 9.8, 11.6, 13.006659, 14.013319, 14.441746, 14.472335, 13.708403, 12.512821, 11.106161, 9.477734, 7.866949, 6.479409, 5.745365, 5.559579, 6.159579, 7.348847, 9.300319, 11.423286, 10.009072, 8.209072, 6.0, 3.2, 0.0, 0.0, 0.0]"
938,"[0.0, 0.0, 0.0, 0.0, 1.2, 2.812452, 4.65636, 6.553727, 8.523499, 9.210295, 9.441752, 9.2949, 8.959583, 8.432032, 7.886876, 7.307879, 6.810822, 6.448772, 6.406552, 6.677363, 7.452059, 8.488127, 9.721232, 10.729551, 11.525419, 12.085811, 12.449743, 12.616638, 12.608319, 12.409072, 9.809072, 8.809072, 7.409072, 6.028876, 4.668332, 5.745365, 5.410276, 6.054185, 7.122442, 8.803736, 10.326703, 11.745074, 12.584447, 12.828766, 12.462275, 11.749071, 10.50801, 9.089639, 7.777062, 6.413732, 5.351557, 4.909336, 4.810615, 5.132452, 6.229819, 7.746138, 9.346138, 8.179947, 6.838307, 4.94094, 2.6, 0.0, 0.0, 0.0]"
939,"[0.0, 0.0, 0.0, 0.0, 1.0, 2.341641, 4.050442, 5.699684, 7.543593, 8.343593, 8.601952, 8.493151, 8.443909, 8.0, 7.2, 6.424621, 5.719048, 5.119048, 5.060689, 5.583844, 6.548077, 7.623421, 8.859489, 9.850229, 10.768386, 11.420843, 12.012321, 12.184572, 12.114933, 11.799651, 9.358339, 8.077715, 6.563823, 4.901081, 3.407508, 4.538878, 4.820304, 5.905775, 7.568517, 9.34438, 10.774259, 11.932503, 12.560285, 12.629924, 12.280732, 11.606278, 10.498436, 9.171379, 7.838999, 6.604494, 5.717698, 5.321798, 5.483394, 6.327303, 7.765424, 9.173743, 10.799724, 9.357504, 7.513595, 5.250853, 2.842534, 0.0, 0.0, 0.0]"
940,"[0.0, 0.0, 0.0, 0.0, 1.341641, 2.783861, 4.492662, 6.390029, 8.233938, 8.902272, 9.260051, 9.151251, 8.853884, 8.409975, 7.6, 7.016553, 6.582743, 6.263368, 6.305588, 6.826053, 7.496297, 8.662487, 9.714243, 10.778016, 11.665232, 12.498729, 12.886643, 13.244987, 13.147313, 12.665661, 9.945367, 8.922129, 7.397595, 5.813897, 4.687868, 5.764901, 5.629894, 6.307613, 7.646323, 9.087634, 10.78909, 11.910321, 12.749694, 13.186363, 12.899118, 12.017996, 10.857869, 9.516228, 7.916228, 6.483272, 5.385906, 4.862751, 4.862751, 5.424801, 6.5476, 7.873629, 9.434878, 8.093238, 6.531188, 4.687279, 2.56125, 0.0, 0.0, 0.0]"
941,"[0.0, 0.0, 0.0, 0.0, 1.264911, 2.788066, 4.508531, 6.35244, 8.196349, 8.775346, 9.096101, 8.937686, 8.655827, 8.373968, 7.810684, 7.132965, 6.647948, 6.285898, 6.123848, 6.443223, 7.277033, 8.409072, 9.609072, 10.609072, 11.609072, 12.209072, 12.6, 12.8, 12.833105, 12.469173, 9.869173, 8.683387, 7.283387, 5.674903, 4.159945, 5.376497, 5.376497, 6.216105, 7.627552, 9.380305, 10.693575, 11.962643, 12.606317, 12.876241, 12.565709, 11.756352, 10.515291, 9.048562, 7.342569, 5.979238, 4.979883, 4.43209, 4.480449, 5.2929, 6.532508, 8.244503, 9.980665, 8.715754, 7.103302, 5.063694, 2.630589, 0.0, 0.0, 0.0]"
942,"[0.0, 0.0, 0.0, 0.0, 1.16619, 2.608411, 4.170461, 5.867517, 7.711426, 8.389145, 8.83372, 8.884122, 8.799517, 8.297249, 7.61953, 6.581262, 5.793432, 5.18098, 5.03934, 5.287363, 6.282744, 7.546184, 8.826535, 9.906885, 10.966535, 11.790959, 12.333487, 12.461455, 12.581104, 12.307241, 9.638908, 8.208319, 6.4, 4.4, 3.0, 4.264911, 4.962278, 6.703218, 8.83304, 10.896604, 12.658242, 13.767535, 14.226595, 14.296773, 13.633208, 12.606659, 11.0, 9.094427, 7.342955, 6.142955, 5.342955, 5.555407, 6.558346, 8.050758, 9.73404, 11.397604, 13.095741, 11.198375, 8.857435, 6.174153, 3.310589, 0.0, 0.0, 0.0]"
943,"[0.0, 0.0, 0.0, 0.0, 1.0, 2.2, 3.6, 5.2, 7.0, 7.8, 8.411077, 8.623529, 8.437742, 7.854295, 7.254295, 6.243218, 5.230766, 4.537663, 4.215537, 4.280449, 5.129691, 6.569299, 8.084256, 9.47018, 10.735091, 11.615671, 12.176063, 12.356604, 12.582246, 12.11155, 9.581728, 8.147918, 6.363765, 4.057772, 2.798646, 4.198646, 5.032456, 6.808319, 9.415453, 11.674864, 13.573349, 14.735627, 15.300521, 15.356952, 14.714149, 13.569731, 11.863475, 10.090261, 8.051318, 6.355819, 5.418306, 5.562284, 6.562284, 8.137663, 10.216553, 12.2, 14.2, 12.0, 9.6, 6.8, 3.6, 0.0, 0.0, 0.0]"
944,"[0.0, 0.0, 0.0, 0.0, 1.019804, 2.236356, 3.65057, 5.263022, 6.863022, 7.443218, 7.826665, 8.012452, 8.0, 7.8, 7.6, 7.216553, 6.51098, 5.759508, 5.525698, 5.58172, 6.01441, 6.93106, 8.122139, 9.192017, 10.1691, 11.188191, 12.045446, 12.726133, 13.090065, 12.893028, 10.224695, 8.898003, 7.00233, 4.80233, 2.966262, 3.966262, 4.224621, 5.4, 7.4, 9.8, 11.806659, 13.266071, 14.129635, 14.449929, 13.990869, 12.693011, 11.089621, 9.226057, 6.905763, 4.964823, 4.256022, 4.214214, 4.863456, 6.551517, 8.681339, 10.654553, 12.59295, 10.943708, 8.855647, 6.325825, 3.352611, 0.0, 0.0, 0.0]"
945,"[0.0, 0.0, 0.0, 0.0, 0.848528, 1.979899, 3.260524, 4.822574, 6.384624, 6.978316, 7.408995, 7.570591, 7.450761, 7.230352, 6.954322, 6.392272, 5.671162, 5.053563, 4.711922, 4.565535, 4.830446, 5.551557, 6.447401, 7.506527, 8.819103, 9.886573, 10.860962, 11.557106, 11.83892, 11.350448, 9.018067, 7.818011, 6.001401, 3.860461, 2.299395, 3.299395, 3.644893, 5.044893, 7.253212, 9.798796, 11.64133, 12.963721, 13.848162, 13.945836, 13.44979, 12.494052, 11.051831, 9.16739, 7.261397, 5.561472, 4.674676, 4.674676, 5.733802, 7.550411, 9.601237, 11.647547, 13.515915, 11.456789, 9.04018, 6.356898, 3.310589, 0.0, 0.0, 0.0]"
946,"[0.0, 0.0, 0.0, 0.0, 1.0, 2.280625, 3.722845, 5.335297, 7.124151, 7.913006, 8.421235, 8.767869, 8.864218, 8.598519, 8.151305, 7.643075, 6.985592, 6.442981, 6.136379, 6.194739, 6.514114, 7.382743, 8.416553, 9.6, 10.8, 12.0, 12.8, 13.4, 13.8, 13.608319, 10.808319, 9.62077, 8.02077, 5.82077, 3.812452, 4.612452, 4.4, 5.011077, 6.819396, 9.219396, 11.419396, 13.019396, 14.214978, 14.613793, 14.246898, 13.286506, 11.898957, 10.092298, 7.885164, 5.899273, 4.659665, 4.263766, 4.713008, 6.453948, 8.792412, 11.15469, 13.290748, 11.641506, 9.300566, 6.514889, 3.352611, 0.0, 0.0, 0.0]"
947,"[0.0, 0.0, 0.0, 0.0, 1.280625, 2.842675, 4.686584, 6.686584, 8.686584, 9.465085, 9.962161, 10.088024, 9.876878, 9.48933, 9.150669, 8.653592, 8.126041, 7.860342, 7.897132, 8.020576, 8.498134, 9.291982, 10.201932, 11.026553, 11.850977, 12.674933, 13.350909, 13.638098, 13.949913, 13.787573, 10.924009, 9.800819, 8.345436, 6.559758, 4.853765, 5.853765, 5.507132, 6.129017, 7.292348, 9.212642, 11.055176, 12.586169, 13.672586, 14.35179, 14.192745, 13.513542, 12.427125, 10.734536, 8.74053, 6.811736, 5.248405, 4.361609, 4.495197, 5.533465, 7.233391, 9.353685, 11.477785, 10.063571, 8.176775, 5.844394, 3.1241, 0.0, 0.0, 0.0]"
948,"[0.0, 0.0, 0.0, 0.0, 1.2, 2.8, 4.6, 6.4, 8.211077, 8.854986, 9.098895, 9.007696, 8.663718, 8.117552, 7.490195, 6.846286, 6.337486, 6.098016, 6.098016, 6.404618, 6.993473, 7.852599, 8.872114, 10.023812, 11.100658, 11.911803, 12.382499, 12.620295, 12.636791, 12.245863, 9.645863, 8.516041, 7.25873, 5.720052, 4.23209, 5.23209, 5.03209, 5.415537, 6.52111, 8.0, 9.408319, 10.641424, 11.515287, 11.795638, 11.683699, 10.984181, 9.815987, 8.558676, 7.078326, 5.590264, 4.447149, 4.006859, 4.006859, 4.606859, 5.806859, 7.441174, 9.024871, 7.808319, 6.408319, 4.608319, 2.408319, 0.0, 0.0, 0.0]"
949,"[0.0, 0.0, 0.0, 0.0, 1.456022, 3.068474, 4.879551, 6.879551, 8.879551, 9.423529, 9.821052, 9.622427, 9.234878, 8.634878, 8.034878, 7.224903, 6.689485, 6.243223, 6.54028, 7.120179, 8.18292, 9.368629, 10.748023, 11.741692, 12.482087, 12.939639, 13.397192, 13.571901, 13.387169, 12.902943, 10.182649, 8.98551, 7.265215, 5.583844, 4.347776, 5.564328, 5.749974, 6.719746, 8.311734, 9.911734, 11.607225, 12.726852, 13.585507, 13.577217, 13.186289, 12.085322, 10.869347, 9.305831, 7.897512, 6.582867, 5.77179, 5.559338, 5.906879, 6.804245, 8.250758, 9.850758, 11.613036, 10.000584, 8.103218, 5.762278, 3.162278, 0.0, 0.0, 0.0]"
950,"[0.0, 0.0, 0.0, 0.0, 1.341641, 2.783861, 4.62777, 6.471679, 8.471679, 9.016835, 9.363468, 9.22836, 8.907606, 8.172517, 7.285721, 6.345395, 5.713627, 5.407025, 5.742114, 6.342114, 7.493585, 8.816553, 10.008319, 11.038908, 12.107241, 12.775574, 13.095868, 13.028489, 12.551966, 11.853404, 9.185072, 7.920799, 6.579859, 5.225794, 4.256022, 5.536647, 5.693076, 6.579873, 8.060223, 9.621473, 10.902098, 11.835231, 12.211176, 12.193567, 11.758347, 11.041006, 9.909635, 8.813084, 7.570146, 6.444117, 5.620012, 5.371989, 5.767848, 6.591953, 7.717982, 9.106497, 10.501557, 8.939507, 7.095598, 4.969569, 2.56125, 0.0, 0.0, 0.0]"
951,"[0.0, 0.0, 0.0, 0.0, 1.442221, 3.00427, 4.848179, 6.848179, 8.848179, 9.292755, 9.519559, 9.384451, 8.907606, 8.172517, 7.451911, 6.663057, 6.031289, 5.724687, 6.059776, 6.493585, 7.693585, 9.016553, 10.407681, 11.43827, 12.701834, 13.170167, 13.490461, 13.412603, 13.198622, 12.30483, 9.636497, 8.372225, 6.842403, 5.225794, 4.10455, 5.27074, 5.42717, 6.313966, 7.677297, 9.27008, 10.665139, 11.461007, 11.836952, 11.936363, 11.474951, 10.610758, 9.483064, 8.114749, 6.652007, 5.472108, 4.669479, 4.520225, 5.187848, 6.0003, 7.087096, 8.525049, 10.001359, 8.439309, 6.826858, 4.940062, 2.607681, 0.0, 0.0, 0.0]"
952,"[0.0, 0.0, 0.0, 0.0, 1.264911, 2.720933, 4.564842, 6.574817, 8.574817, 9.309906, 9.853884, 9.809975, 9.4, 8.8, 8.0, 7.0, 6.094427, 5.625798, 5.668019, 6.354815, 7.413941, 9.025506, 10.61443, 11.892503, 12.848241, 13.762329, 14.22955, 14.337683, 14.178638, 13.616455, 10.643241, 8.950653, 7.016653, 5.255403, 3.994856, 5.437076, 6.00036, 7.386284, 9.306578, 11.007068, 12.617715, 13.637371, 14.220584, 14.10029, 13.720936, 12.565435, 11.225025, 9.492832, 7.787259, 6.446319, 5.748953, 5.68182, 6.339304, 7.504002, 8.945314, 10.465608, 12.009586, 10.220731, 8.161605, 5.720294, 3.0, 0.0, 0.0, 0.0]"
953,"[0.0, 0.0, 0.0, 0.0, 1.264911, 2.788066, 4.57692, 6.463716, 8.627047, 9.488165, 10.09104, 10.146094, 9.956354, 9.355073, 8.643258, 7.683419, 7.056063, 6.759006, 6.796956, 7.382743, 8.425625, 9.617391, 10.825072, 12.032206, 12.832206, 13.423134, 14.014815, 14.207134, 14.007681, 13.443749, 10.643749, 9.2562, 7.6562, 5.873141, 4.485601, 5.750512, 5.981969, 7.018037, 8.473767, 10.345533, 11.866299, 12.975355, 13.517776, 13.845106, 13.457193, 12.558311, 11.217798, 9.704221, 7.89654, 6.164159, 5.125891, 4.67963, 4.87074, 5.914649, 7.595, 9.026823, 10.528965, 9.072943, 7.229035, 4.948684, 2.668333, 0.0, 0.0, 0.0]"
954,"[0.0, 0.0, 0.0, 0.0, 1.0, 2.280625, 3.694838, 5.415303, 7.027755, 7.816609, 8.244785, 8.479814, 8.408591, 8.252162, 7.728218, 7.185608, 6.536366, 6.053314, 6.053314, 6.437645, 7.115363, 8.203425, 9.378174, 10.338762, 11.372801, 12.034885, 12.725312, 12.992053, 12.855795, 12.298543, 9.79255, 8.456281, 6.925633, 5.645283, 4.343875, 5.624499, 6.026188, 7.075184, 8.483503, 10.379176, 11.982992, 13.092048, 13.829583, 14.021264, 13.64191, 12.72724, 11.483077, 9.961153, 8.492524, 7.228617, 6.458845, 6.150045, 6.457646, 7.296047, 8.455082, 9.938363, 11.584673, 9.93543, 7.965659, 5.729591, 3.046309, 0.0, 0.0, 0.0]"
955,"[0.0, 0.0, 0.0, 0.0, 1.0, 2.2, 3.6, 5.212452, 6.861694, 7.570495, 8.079295, 8.291747, 8.121516, 7.813914, 7.370025, 6.877776, 6.465325, 6.423104, 6.481464, 7.02763, 7.821052, 8.66066, 9.469732, 10.478051, 11.274655, 11.86468, 12.425072, 12.816, 12.807681, 12.409072, 9.809072, 9.009072, 7.609072, 6.228876, 5.019804, 6.300429, 6.11288, 6.972006, 8.18827, 9.795951, 11.399768, 12.62985, 13.399151, 13.99151, 13.945079, 13.186667, 12.041189, 10.626976, 8.964739, 7.423293, 6.297264, 5.81676, 5.925701, 6.479976, 7.460172, 9.021422, 10.647403, 9.124249, 7.403784, 5.403784, 2.842534, 0.0, 0.0, 0.0]"
956,"[0.0, 0.0, 0.0, 0.0, 0.72111, 1.569638, 2.569638, 3.701009, 4.981634, 5.426714, 5.919827, 6.086017, 6.120837, 5.840212, 5.840212, 5.498571, 5.180909, 5.014719, 5.180909, 5.356359, 5.698, 6.372627, 6.985078, 7.607742, 8.152898, 8.698053, 9.174898, 9.562447, 9.617501, 9.427761, 7.540965, 6.82159, 5.82159, 4.698791, 3.601735, 4.401735, 4.386021, 4.727662, 5.715353, 7.203414, 8.491475, 9.462632, 10.330064, 10.821263, 10.733201, 10.44514, 9.609072, 8.6, 7.419804, 6.314231, 5.362759, 4.857186, 4.873739, 5.253935, 6.159508, 7.31098, 9.016553, 7.8, 6.4, 4.6, 2.6, 0.0, 0.0, 0.0]"
957,"[0.0, 0.0, 0.0, 0.0, 1.019804, 2.284715, 3.626356, 5.068576, 6.630626, 7.025036, 7.04075, 6.979734, 6.818138, 6.387459, 6.104616, 6.104616, 6.104616, 6.266212, 6.577062, 6.887911, 7.327751, 7.933923, 8.491702, 9.049482, 9.607261, 9.886796, 10.126029, 10.252058, 10.252058, 10.252058, 8.252058, 7.688079, 6.842675, 5.842675, 4.737102, 5.953654, 5.791605, 6.11098, 7.11098, 8.216553, 9.209072, 10.04514, 10.725491, 10.813552, 10.901614, 10.589908, 10.062641, 9.196504, 8.308442, 7.420381, 6.723014, 6.230766, 5.982743, 6.063368, 6.425418, 7.069327, 8.133125, 6.966935, 5.68631, 4.12426, 2.280351, 0.0, 0.0, 0.0]"
958,"[0.0, 0.0, 0.0, 0.0, 0.894427, 1.788854, 2.788854, 4.069479, 5.350104, 5.621867, 5.804473, 5.881506, 5.677914, 5.474322, 5.385165, 5.308132, 5.231099, 5.434691, 5.638283, 5.975463, 6.537513, 7.099563, 7.539403, 7.979244, 8.451826, 8.776572, 9.003377, 9.071766, 9.248668, 9.011114, 7.124318, 6.749677, 6.037855, 5.217522, 4.28939, 5.183817, 4.846636, 5.034514, 5.480636, 6.54838, 7.540749, 8.350513, 9.085601, 9.406356, 9.179551, 8.706969, 8.234386, 7.400576, 6.6337, 6.148683, 5.754274, 5.34006, 5.17387, 5.116641, 5.304519, 5.80787, 6.694666, 5.694666, 4.674862, 3.409951, 1.886796, 0.0, 0.0, 0.0]"
959,"[0.0, 0.0, 0.0, 0.0, 1.0, 2.2, 3.6, 5.2, 6.812452, 7.461694, 7.910936, 7.966958, 7.82298, 7.47544, 7.282219, 7.088999, 7.047191, 7.20362, 7.551161, 7.906216, 8.489801, 9.115196, 9.542352, 9.969508, 10.198039, 10.246493, 10.294946, 10.409404, 10.605864, 10.625383, 8.537321, 8.169725, 7.3573, 6.386143, 5.346821, 6.546821, 6.226356, 6.497167, 7.076164, 8.095968, 8.905943, 9.705943, 10.293492, 10.449583, 10.409975, 10.2, 9.6, 9.0, 8.6, 8.014214, 7.479125, 6.956158, 6.522348, 6.053719, 5.805696, 6.153236, 7.135329, 5.969139, 4.837768, 3.671578, 2.059126, 0.0, 0.0, 0.0]"
960,"[0.0, 0.0, 0.0, 0.0, 1.0, 2.4, 3.8, 5.412452, 7.061694, 7.710936, 7.834091, 7.775731, 7.504921, 7.197319, 6.812988, 6.554744, 6.669126, 6.976727, 7.284329, 7.66866, 8.247658, 8.635545, 8.883669, 9.322488, 9.827312, 10.137469, 10.529628, 10.868329, 10.943599, 10.676329, 8.522263, 8.00666, 7.051217, 5.964919, 5.097927, 6.297927, 5.977462, 6.296837, 7.019804, 8.0, 8.8, 9.4, 9.809975, 10.01995, 10.029925, 9.642377, 9.254828, 8.844853, 8.434878, 7.824903, 7.612452, 7.216553, 6.693585, 6.170618, 6.051243, 6.213293, 6.883537, 5.806504, 4.729471, 3.448846, 1.886796, 0.0, 0.0, 0.0]"
961,"[0.0, 0.0, 0.0, 0.0, 1.0, 2.131371, 3.297561, 4.562472, 6.018494, 6.474516, 6.757359, 6.791169, 6.726258, 6.270236, 5.834017, 5.439608, 5.316641, 5.193674, 5.359864, 5.952512, 6.545159, 7.256981, 7.968802, 8.772383, 9.057298, 9.532908, 9.783662, 10.034415, 10.074619, 9.977252, 7.889191, 7.249583, 6.209975, 5.277033, 4.325561, 5.491751, 5.257942, 5.870393, 6.680157, 7.831629, 8.665438, 9.625277, 10.138855, 10.095967, 9.658017, 9.072231, 8.360415, 7.400576, 6.6337, 6.148683, 5.951022, 5.753361, 5.787171, 5.910138, 6.247319, 6.680008, 7.172257, 5.972257, 4.772257, 3.358043, 1.708801, 0.0, 0.0, 0.0]"
962,"[0.0, 0.0, 0.0, 0.0, 0.894427, 1.894427, 3.060618, 4.474831, 6.036881, 6.584674, 6.926315, 7.101766, 7.029193, 6.808784, 6.532754, 6.191113, 5.849472, 5.639202, 5.463752, 5.739782, 6.182002, 6.794454, 7.549879, 8.383689, 8.941468, 9.499248, 10.012825, 10.252058, 10.252058, 10.138855, 8.138855, 7.354466, 6.228437, 5.076965, 4.01479, 5.21479, 5.273149, 6.073149, 7.224621, 8.4, 9.4, 10.209072, 10.44868, 10.488288, 10.13753, 9.351744, 8.342671, 7.503064, 6.680008, 6.295677, 6.047654, 6.013844, 6.094469, 6.29213, 6.46944, 6.74547, 7.368134, 6.087509, 4.673295, 3.231075, 1.788854, 0.0, 0.0, 0.0]"
963,"[0.0, 0.0, 0.0, 0.0, 0.894427, 1.97146, 3.137651, 4.579871, 5.994085, 6.513871, 6.851052, 7.099075, 7.071068, 6.937479, 6.80389, 6.670302, 6.387459, 6.139436, 5.935844, 6.111241, 6.479858, 6.99773, 7.728906, 8.621645, 9.401691, 9.988516, 10.671655, 10.937619, 11.093877, 10.837708, 8.60164, 7.683472, 6.520142, 5.28854, 4.308641, 5.328445, 5.370253, 6.019495, 6.968977, 8.205045, 9.421309, 10.174359, 10.725117, 10.881208, 10.44514, 9.809072, 9.0, 7.819804, 6.896837, 6.263027, 5.794398, 5.675023, 5.821409, 6.086017, 6.375849, 6.89372, 7.652703, 6.486513, 5.144872, 3.68885, 2.039608, 0.0, 0.0, 0.0]"
964,"[0.0, 0.0, 0.0, 0.0, 1.0, 2.0, 3.2, 4.6, 6.212452, 6.861694, 7.510936, 7.960178, 8.0162, 7.66866, 7.284329, 6.712119, 6.082681, 5.626659, 5.561748, 5.696837, 6.232255, 7.05636, 8.095968, 8.905943, 9.515918, 10.103467, 10.659558, 11.01995, 11.246043, 11.275676, 9.075676, 8.131698, 6.751502, 5.315434, 3.996936, 4.996936, 4.821539, 5.5222, 6.7222, 8.127119, 9.389861, 10.517555, 11.077441, 11.240771, 11.001538, 10.459262, 9.465156, 8.46543, 7.379133, 6.569369, 6.065457, 6.051243, 6.170618, 6.706037, 7.278246, 8.031465, 8.867533, 7.467533, 5.855082, 4.20584, 2.236068, 0.0, 0.0, 0.0]"
965,"[0.0, 0.0, 0.0, 0.0, 0.6, 1.619804, 2.696837, 3.961748, 5.303389, 6.04503, 6.467446, 6.952463, 7.101766, 7.174338, 7.246911, 6.936061, 6.540202, 6.203021, 5.808612, 5.594398, 5.863027, 6.296837, 7.019804, 8.0, 8.809975, 9.619047, 10.255115, 10.735466, 10.889532, 10.938683, 8.729611, 7.835184, 6.631866, 5.0778, 3.618674, 4.339784, 4.278768, 4.763785, 6.007694, 7.533723, 8.938642, 9.938368, 10.539649, 10.754866, 10.417691, 9.904114, 8.904388, 7.872428, 6.979492, 6.267671, 5.675023, 5.594398, 5.663027, 5.952859, 6.584627, 7.451619, 8.487687, 7.287687, 5.831665, 4.122864, 2.236068, 0.0, 0.0, 0.0]"
966,"[0.0, 0.0, 0.0, 0.0, 0.8, 1.8, 3.0, 4.4, 5.8, 6.414214, 7.063456, 7.319478, 7.442632, 7.565787, 7.674728, 7.367127, 7.176016, 6.869414, 6.546259, 6.423104, 6.495677, 6.843218, 7.437742, 8.247717, 9.056789, 10.042576, 10.830124, 11.419047, 11.842177, 11.672713, 9.272713, 8.328735, 7.193646, 5.560541, 4.120933, 4.842043, 4.386021, 4.401735, 5.214187, 6.458096, 7.716884, 8.696783, 9.542188, 9.650201, 9.418744, 9.051296, 8.352022, 7.357364, 6.531326, 5.813302, 5.025471, 4.544846, 4.413476, 4.596081, 5.043295, 5.831125, 7.031125, 6.031125, 4.954092, 3.612452, 2.0, 0.0, 0.0, 0.0]"
967,"[0.0, 0.0, 0.0, 0.0, 0.8, 2.0, 3.4, 4.8, 6.412452, 7.261694, 7.517716, 7.573738, 7.696892, 7.607595, 7.481508, 7.290397, 7.099286, 6.841042, 6.517888, 6.394733, 6.529822, 7.064911, 7.6, 8.4, 9.2, 10.2, 10.808319, 11.441424, 11.721775, 11.609836, 9.209836, 8.324672, 7.156478, 5.676127, 4.388066, 5.282493, 4.890709, 5.068019, 6.111927, 7.155836, 8.42474, 9.4567, 10.073605, 10.199468, 10.144414, 9.504237, 8.682547, 7.904046, 7.065645, 6.408162, 5.779435, 5.332221, 5.0714, 5.140029, 5.408658, 5.970253, 6.973192, 5.953389, 4.753389, 3.353389, 1.897367, 0.0, 0.0, 0.0]"
968,"[0.0, 0.0, 0.0, 0.0, 0.72111, 1.852481, 3.133106, 4.413731, 5.755372, 6.557416, 7.075287, 7.250684, 7.619302, 7.691875, 7.582934, 7.150244, 6.771255, 6.199046, 5.951022, 5.817434, 6.015095, 6.500112, 7.266988, 8.100797, 8.820172, 9.465085, 10.139103, 10.531262, 10.619323, 10.658931, 8.599805, 7.976189, 6.956673, 5.945645, 4.627147, 5.521574, 4.986156, 5.225625, 5.797835, 6.725967, 7.728906, 8.440727, 8.871502, 9.109056, 9.072265, 8.516539, 7.804718, 6.994954, 6.127962, 5.515511, 5.17387, 5.096837, 5.039608, 5.096837, 5.263027, 5.677241, 6.239291, 5.219487, 4.142454, 2.976263, 1.56205, 0.0, 0.0, 0.0]"
969,"[0.0, 0.0, 0.0, 0.0, 1.077033, 2.154066, 3.495707, 5.057757, 6.619807, 7.104824, 7.589841, 7.81025, 7.69042, 7.570591, 7.450761, 7.054902, 6.773477, 6.74547, 6.583874, 6.583874, 7.030135, 7.538365, 8.010948, 8.617119, 9.338229, 10.006128, 10.480016, 10.855961, 11.095194, 10.931863, 8.651513, 8.109236, 7.127119, 6.132461, 5.026888, 6.046692, 5.526227, 5.645602, 6.114231, 7.019804, 7.8, 8.411077, 8.822154, 8.871396, 8.720639, 8.334852, 7.923775, 7.312698, 6.663456, 6.014214, 5.619804, 5.296837, 4.991264, 4.991264, 4.991264, 5.137651, 5.583772, 4.689345, 3.689345, 2.689345, 1.523155, 0.0, 0.0, 0.0]"
970,"[0.0, 0.0, 0.0, 0.0, 1.0, 2.216553, 3.672574, 5.128596, 6.917451, 7.637916, 7.983413, 7.941605, 7.899796, 7.525156, 7.218904, 6.937479, 6.80389, 6.555867, 6.406565, 6.448373, 6.816991, 7.185608, 7.916784, 8.54924, 9.247284, 9.834109, 10.420935, 10.582695, 10.811357, 10.5012, 8.265132, 7.443278, 6.664776, 5.61578, 4.791675, 5.791675, 5.577462, 5.71105, 6.246469, 6.839117, 7.639117, 8.239117, 8.624903, 8.612452, 8.6, 8.4, 7.8, 7.216553, 6.636356, 6.113389, 5.590422, 5.467455, 5.250903, 5.079627, 5.079627, 5.079627, 5.458616, 4.458616, 3.610088, 2.533055, 1.456022, 0.0, 0.0, 0.0]"
971,"[0.0, 0.0, 0.0, 0.0, 1.077033, 2.341944, 3.991186, 5.591186, 7.391186, 8.114153, 8.660319, 8.660319, 8.709562, 8.365584, 7.782136, 7.171059, 6.721817, 6.472574, 6.430766, 6.863456, 7.312698, 7.76194, 8.205849, 8.831243, 9.418069, 9.977899, 10.537729, 10.89382, 11.054212, 10.818144, 8.609072, 8.0, 7.0, 5.8, 4.877033, 5.77146, 5.302831, 5.517045, 6.079094, 6.84597, 7.795452, 8.50799, 8.937686, 9.096101, 8.814242, 8.384546, 7.954851, 7.391567, 6.837292, 6.352275, 6.015095, 5.677914, 5.397289, 5.231099, 5.17387, 5.361748, 5.80787, 4.80787, 3.80787, 2.788066, 1.523155, 0.0, 0.0, 0.0]"
972,"[0.0, 0.0, 0.0, 0.0, 1.16619, 2.332381, 3.788403, 5.437645, 7.050097, 7.683906, 8.317716, 8.461694, 8.412452, 8.2, 7.8, 7.2, 6.8, 6.416553, 6.281464, 6.337486, 6.846286, 7.355087, 7.847335, 8.479791, 9.11183, 9.639097, 10.166365, 10.693632, 11.005337, 10.917276, 8.681208, 8.04514, 7.009072, 5.8, 4.694427, 5.542955, 5.109146, 5.189771, 5.631991, 6.458029, 7.496297, 8.330107, 8.893391, 9.148226, 8.989811, 8.517229, 7.931442, 7.253724, 6.6337, 6.148683, 5.811503, 5.417093, 5.250903, 5.17387, 5.17387, 5.17387, 5.766517, 4.766517, 3.766517, 2.689485, 1.612452, 0.0, 0.0, 0.0]"
973,"[0.0, 0.0, 0.0, 0.0, 1.131371, 2.411996, 3.854216, 5.466668, 7.175469, 7.888007, 8.451291, 8.621522, 8.60907, 8.300269, 7.85636, 7.412452, 7.016553, 6.681464, 6.623104, 6.665325, 6.877776, 7.273675, 7.729229, 8.274385, 8.89129, 9.337965, 9.784639, 10.21824, 10.48551, 10.270293, 8.211167, 7.566254, 6.628741, 5.369102, 4.246304, 5.140731, 4.80355, 4.80355, 5.365145, 6.293277, 7.242759, 8.063092, 8.743906, 9.076739, 8.950651, 8.629897, 8.188552, 7.556097, 6.983795, 6.46064, 5.937486, 5.281464, 4.91098, 4.588854, 4.720225, 5.00085, 5.921315, 5.026888, 4.132461, 3.00109, 1.720465, 0.0, 0.0, 0.0]"
974,"[0.0, 0.0, 0.0, 0.0, 0.824621, 2.041174, 3.241174, 4.641174, 6.253625, 7.078246, 7.317716, 7.64087, 7.582511, 7.3117, 6.927369, 6.54838, 6.102259, 5.780422, 5.638781, 5.57387, 5.896837, 6.419804, 7.0, 7.4, 8.0, 8.4, 8.8, 9.2, 9.639608, 9.683517, 7.883517, 7.148428, 6.225461, 5.010474, 3.766565, 4.487675, 4.071292, 3.99426, 4.450263, 5.292484, 6.26843, 7.116958, 7.679008, 7.960433, 7.960433, 7.705597, 7.139912, 6.709233, 6.147183, 5.599389, 5.051596, 4.744846, 4.413476, 4.213476, 4.396081, 4.843295, 5.631125, 4.831125, 4.031125, 2.954092, 1.612452, 0.0, 0.0, 0.0]"
975,"[0.0, 0.0, 0.0, 0.0, 0.824621, 1.844425, 3.044425, 4.444425, 6.056877, 6.881498, 7.317716, 7.573738, 7.515379, 7.167838, 6.860237, 6.669126, 6.478015, 6.352926, 6.288015, 6.146375, 6.281464, 6.616553, 7.0, 7.4, 8.0, 8.4, 8.809975, 9.249583, 9.493492, 9.402293, 7.602293, 6.933958, 5.971383, 4.952096, 4.043295, 4.67575, 4.228537, 4.282875, 4.738878, 5.500928, 6.588938, 7.306962, 7.964446, 8.472675, 8.523077, 8.144253, 7.873442, 7.365212, 6.707729, 6.226648, 5.885007, 5.437794, 5.051596, 4.940029, 5.008658, 5.408658, 6.126683, 5.232255, 4.212452, 3.012452, 1.612452, 0.0, 0.0, 0.0]"
976,"[0.0, 0.0, 0.0, 0.0, 1.077033, 2.341944, 3.797966, 5.447208, 7.05966, 7.582627, 8.117716, 8.261694, 8.212452, 8.212452, 8.224903, 7.824903, 7.624903, 7.424903, 7.212452, 7.212452, 7.461694, 7.710936, 8.154845, 8.598754, 9.02591, 9.612736, 10.172566, 10.537729, 10.89382, 11.054212, 8.818144, 8.221524, 7.426665, 6.426665, 5.026665, 5.921092, 5.440012, 5.306423, 5.668473, 6.565529, 7.515011, 8.227549, 8.790833, 9.072692, 9.096101, 8.814242, 8.532383, 8.102687, 7.539403, 7.099563, 6.979734, 6.583874, 6.246694, 6.182621, 6.101996, 5.876328, 6.35938, 5.282347, 4.065795, 2.865795, 1.649242, 0.0, 0.0, 0.0]"
977,"[0.0, 0.0, 0.0, 0.0, 0.824621, 1.901654, 3.166565, 4.68972, 6.302171, 6.919771, 7.404788, 7.55409, 7.473156, 7.302925, 7.302925, 7.0215, 6.738657, 6.427808, 6.266212, 6.104616, 6.266212, 6.747293, 7.228373, 7.5602, 8.166371, 8.610947, 9.278846, 9.792424, 10.159871, 10.116984, 8.230188, 7.562289, 6.60245, 5.622551, 4.499752, 5.324373, 4.511922, 4.545731, 4.945731, 5.624621, 6.6, 7.6, 8.2, 8.611077, 8.823529, 8.423529, 8.023529, 7.623529, 7.012452, 6.6, 6.416553, 6.036356, 5.530784, 5.225211, 5.156582, 5.10622, 5.698867, 4.80444, 3.910013, 2.778642, 1.612452, 0.0, 0.0, 0.0]"
978,"[0.0, 0.0, 0.0, 0.0, 1.16619, 2.446815, 3.861029, 5.423079, 7.143544, 7.86415, 8.470321, 8.942904, 9.169708, 9.158044, 8.980048, 8.802053, 8.438411, 8.262008, 7.995428, 7.848677, 7.860342, 8.181096, 8.412553, 9.096362, 9.660341, 10.065905, 10.663308, 11.26071, 11.370749, 11.398785, 9.272756, 8.480687, 7.688618, 6.717461, 5.640429, 6.640429, 6.068219, 5.683888, 5.874999, 6.447208, 7.344575, 8.237313, 8.942174, 9.372948, 9.51256, 9.404048, 9.143077, 8.629328, 8.198553, 7.865721, 7.49108, 6.998832, 6.74281, 6.486788, 6.247319, 6.098016, 6.493915, 5.293915, 4.093915, 2.877363, 1.612452, 0.0, 0.0, 0.0]"
979,"[0.0, 0.0, 0.0, 0.0, 1.0, 2.16619, 3.507831, 5.216632, 6.925433, 7.574675, 8.057727, 8.328538, 8.219737, 8.110936, 8.061694, 8.012452, 8.012452, 8.024903, 8.074145, 8.123388, 8.17263, 8.268979, 8.365328, 8.613453, 9.052272, 9.68338, 10.25493, 10.782198, 11.29315, 11.405089, 9.124738, 8.644387, 8.008319, 7.0, 5.819804, 6.896837, 6.263027, 5.794398, 5.808612, 6.350858, 6.835875, 7.366741, 8.079279, 8.508974, 8.667389, 8.667389, 8.384546, 7.954851, 7.391567, 6.951727, 6.555867, 6.218687, 5.881506, 5.620685, 5.34006, 5.37387, 5.909288, 4.832255, 3.812452, 2.812452, 1.612452, 0.0, 0.0, 0.0]"
980,"[0.0, 0.0, 0.0, 0.0, 0.894427, 2.159338, 3.424249, 4.838463, 6.438463, 7.144036, 7.479125, 7.814214, 8.012452, 7.826665, 7.640879, 7.455092, 7.055092, 6.642641, 6.428427, 6.414214, 6.4, 6.812452, 7.423529, 8.034606, 8.674213, 9.284189, 9.871737, 10.26066, 10.649583, 10.61995, 8.609975, 8.059217, 7.124128, 6.140681, 4.930706, 5.755327, 4.827195, 4.562284, 4.477102, 5.091316, 5.963751, 6.804691, 7.366741, 7.79742, 7.945256, 7.69042, 7.570591, 7.289166, 6.858487, 6.296437, 5.854216, 5.411996, 5.025798, 4.694427, 4.694427, 4.894427, 5.308641, 4.414214, 3.614214, 2.614214, 1.414214, 0.0, 0.0, 0.0]"
981,"[0.0, 0.0, 0.0, 0.0, 1.0, 2.414214, 3.828427, 5.270648, 7.059502, 7.768303, 8.003331, 8.23836, 8.445382, 8.268979, 8.17263, 7.937601, 7.744381, 7.36005, 7.012509, 6.741698, 6.769705, 7.034148, 7.489702, 8.111588, 8.769947, 9.491057, 10.00666, 10.522263, 10.789533, 10.82914, 8.66581, 8.078984, 7.25713, 6.122868, 4.977687, 5.826215, 5.254006, 4.916825, 5.353043, 6.107858, 6.908572, 7.728906, 8.360674, 8.693506, 8.753065, 8.812623, 8.438411, 8.185632, 7.661689, 7.169441, 6.66064, 6.137486, 5.681464, 5.493585, 5.354066, 5.434691, 6.155156, 5.155156, 4.078123, 3.00109, 1.720465, 0.0, 0.0, 0.0]"
982,"[0.0, 0.0, 0.0, 0.0, 1.2, 2.6, 4.212452, 5.861694, 7.705603, 8.475374, 9.045146, 9.221549, 9.184758, 9.061314, 8.812008, 8.454688, 8.278285, 8.188988, 7.924545, 7.660102, 7.696892, 7.92835, 8.249104, 8.636991, 9.220577, 9.807402, 10.437357, 11.12327, 11.69597, 11.892431, 9.656363, 9.182499, 8.265129, 7.129144, 5.787504, 6.587504, 5.587504, 5.239963, 5.224249, 5.852977, 6.761777, 7.659144, 8.238142, 8.81714, 9.137894, 9.273002, 8.831658, 8.443771, 8.055884, 7.476886, 6.71001, 6.148415, 5.540921, 4.979327, 4.608843, 4.73181, 5.237383, 4.388854, 3.494427, 2.6, 1.4, 0.0, 0.0, 0.0]"
983,"[0.0, 0.0, 0.0, 0.0, 1.0, 2.2, 3.6, 5.212452, 6.861694, 7.510936, 8.019737, 8.408591, 8.408591, 8.3718, 8.164779, 7.797619, 7.350405, 7.002865, 6.655324, 6.669126, 6.939936, 7.210747, 7.558288, 8.104454, 8.459509, 9.056129, 9.679746, 10.303362, 10.833225, 11.176214, 8.967142, 8.519928, 7.726081, 6.551331, 5.291692, 6.091692, 5.102838, 4.737651, 4.737651, 5.285444, 6.097895, 7.08675, 7.798571, 8.341182, 8.607762, 8.644553, 8.31172, 7.864507, 7.497347, 7.130187, 6.647135, 6.191113, 5.698, 5.250786, 4.733767, 4.567576, 4.967576, 4.119048, 3.224621, 2.4, 1.4, 0.0, 0.0, 0.0]"
984,"[0.0, 0.0, 0.0, 0.0, 1.0, 2.131371, 3.573591, 5.015812, 6.724613, 7.433413, 7.951285, 8.158307, 8.365328, 8.268979, 8.17263, 8.135839, 7.90081, 7.70759, 7.36005, 7.20362, 6.932809, 7.131047, 7.287477, 7.81142, 8.242194, 8.78735, 9.410966, 10.034583, 10.399794, 10.601059, 8.714263, 8.322104, 7.698488, 6.760974, 5.749946, 6.644373, 5.648992, 4.930968, 4.791448, 4.979327, 5.540921, 6.401194, 7.295621, 7.83104, 8.17858, 8.33501, 7.96785, 7.70215, 7.35461, 7.007069, 6.659529, 6.394921, 5.696387, 5.231476, 4.766565, 4.222764, 3.99426, 3.169638, 2.369638, 1.569638, 0.848528, 0.0, 0.0, 0.0]"
985,"[0.0, 0.0, 0.0, 0.0, 0.824621, 1.901654, 3.166565, 4.608786, 6.051006, 6.668606, 7.288629, 7.720774, 7.840604, 7.960433, 7.960433, 7.544002, 7.12757, 6.846145, 6.56472, 6.56472, 6.726316, 6.887911, 7.049507, 7.381334, 7.727967, 8.074601, 8.691507, 9.308412, 9.695961, 9.907106, 8.118252, 7.756182, 7.139277, 6.270648, 5.270648, 6.165075, 5.268019, 4.625798, 4.494427, 4.694427, 5.016553, 5.630766, 6.230766, 6.830766, 7.030766, 7.214214, 7.016553, 6.881464, 6.546375, 6.411286, 6.276197, 6.276197, 6.03109, 5.566179, 4.933723, 4.234497, 3.817945, 2.798141, 1.998141, 1.365685, 0.8, 0.0, 0.0, 0.0]"
986,"[0.0, 0.0, 0.0, 0.0, 1.0, 2.2, 3.6, 5.014214, 6.663456, 7.312698, 7.635853, 7.848304, 8.046542, 8.009752, 7.70215, 7.520636, 7.431339, 7.27491, 7.11848, 7.232861, 7.347243, 7.47333, 7.66655, 8.054437, 8.409492, 8.797379, 9.187745, 9.57811, 9.822263, 9.980957, 8.137048, 7.886295, 7.369842, 6.546692, 5.653953, 6.653953, 5.865099, 5.341944, 5.341944, 5.720933, 6.176955, 6.632977, 7.088999, 7.28011, 7.28011, 7.088999, 6.974618, 7.131047, 7.117246, 7.273675, 7.621216, 7.80273, 7.6463, 7.281113, 6.563088, 5.516322, 4.440381, 2.984359, 1.907326, 1.012899, 0.447214, 0.0, 0.0, 0.0]"
987,"[0.0, 0.0, 0.0, 0.0, 1.077033, 2.341944, 3.797966, 5.410418, 7.010418, 7.533385, 7.868474, 8.012452, 8.012452, 8.024903, 8.037355, 8.049806, 8.049806, 8.037355, 8.024903, 8.012452, 8.0, 8.0, 8.0, 8.2, 8.4, 8.8, 9.2, 9.6, 9.8, 10.0, 8.0, 7.811077, 7.423529, 6.823529, 6.023529, 7.023529, 6.232255, 5.696837, 5.37387, 5.34006, 5.681701, 6.003538, 6.268146, 6.532754, 6.532754, 6.471738, 6.410722, 6.483294, 6.555867, 6.80389, 6.937479, 7.071068, 6.937479, 6.689456, 6.352275, 5.503747, 4.536747, 3.256122, 2.089932, 1.012899, 0.447214, 0.0, 0.0, 0.0]"
988,"[0.0, 0.0, 0.0, 0.0, 0.824621, 1.824621, 3.024621, 4.424621, 6.024621, 6.812452, 7.268474, 7.524496, 7.580517, 7.245429, 6.897888, 6.706777, 6.515666, 6.276197, 6.211286, 6.346375, 6.481464, 6.816553, 7.2, 7.6, 7.8, 8.2, 8.4, 8.6, 9.039608, 9.283517, 7.483517, 7.332759, 6.79767, 5.777866, 4.933957, 5.933957, 5.284715, 5.039608, 5.096837, 5.17387, 5.250903, 5.327936, 5.385165, 5.385165, 5.385165, 5.385165, 5.308132, 5.36247, 5.416808, 5.753988, 6.091169, 6.371794, 6.521048, 6.555867, 5.862764, 5.014236, 4.180825, 2.9002, 1.734009, 1.012899, 0.447214, 0.0, 0.0, 0.0]"
989,"[0.0, 0.0, 0.0, 0.0, 0.824621, 2.089532, 3.431173, 4.954328, 6.396548, 7.268983, 7.566122, 7.666702, 7.585768, 7.485188, 7.129773, 6.733913, 6.291692, 5.980843, 5.805392, 5.629942, 5.805392, 6.147033, 6.628114, 7.074375, 7.520636, 7.89946, 8.444616, 8.832164, 9.199612, 9.567059, 7.846594, 7.680263, 6.846453, 5.715083, 4.583712, 5.408333, 4.487868, 4.321677, 4.673149, 5.224621, 5.8, 6.4, 6.8, 7.0, 7.0, 7.0, 6.8, 6.616553, 6.672574, 6.728596, 6.784618, 6.998832, 7.196493, 6.957024, 6.520806, 5.785894, 5.220208, 3.805995, 2.589442, 1.569638, 0.848528, 0.0, 0.0, 0.0]"
990,"[0.0, 0.0, 0.0, 0.0, 1.019804, 2.284715, 3.626356, 4.967997, 6.410217, 6.952463, 7.384608, 7.605017, 7.825427, 7.825427, 7.705597, 7.289166, 6.858487, 6.427808, 6.151777, 6.051198, 6.112214, 6.503997, 6.895781, 7.438392, 8.066522, 8.694653, 9.230625, 9.870801, 10.162, 10.036137, 8.066366, 7.56929, 6.686584, 5.686584, 4.737102, 5.561723, 4.999673, 4.919048, 5.119048, 5.624621, 6.4, 7.0, 7.4, 7.8, 8.0, 7.8, 7.4, 7.064911, 6.729822, 6.585844, 6.641866, 6.706777, 6.706777, 6.706777, 6.416946, 5.960924, 5.696013, 4.431101, 3.16619, 2.0, 1.0, 0.0, 0.0, 0.0]"
991,"[0.0, 0.0, 0.0, 0.0, 1.0, 2.2, 3.6, 5.2, 6.812452, 7.461694, 7.970495, 8.279295, 8.20245, 7.931639, 7.624038, 7.256878, 6.889718, 6.631474, 6.506386, 6.364745, 6.223104, 6.281464, 6.616553, 7.2, 8.0, 8.8, 9.6, 10.2, 10.636068, 10.724129, 8.724129, 8.23293, 7.374571, 6.215536, 4.927474, 5.727474, 4.913101, 4.57146, 4.775052, 5.417273, 6.179322, 6.846945, 7.56741, 8.00725, 8.177482, 8.057652, 7.937823, 7.631571, 7.32532, 7.127082, 7.099075, 6.937479, 6.689456, 6.441433, 6.104252, 5.709842, 5.629218, 4.463027, 3.296837, 2.219804, 1.2, 0.0, 0.0, 0.0]"
992,"[0.0, 0.0, 0.0, 0.0, 0.72111, 1.615537, 2.69257, 3.957481, 5.413503, 6.341635, 7.05966, 7.595078, 7.930167, 8.074145, 8.024903, 7.812452, 7.4, 6.8, 6.219804, 5.696837, 5.37387, 5.17387, 5.305241, 5.566062, 6.051079, 6.694511, 7.694511, 8.689169, 9.534573, 9.85932, 8.138855, 7.847655, 6.986537, 5.937541, 4.6832, 5.248886, 3.940085, 3.075174, 2.630596, 3.075174, 3.586521, 4.451433, 5.507454, 6.524241, 6.90323, 7.282219, 7.282219, 7.091108, 6.518899, 6.13991, 5.760921, 5.390437, 4.846636, 4.335289, 3.658256, 3.181223, 3.3066, 2.585489, 2.019804, 1.619804, 1.019804, 0.0, 0.0, 0.0]"
993,"[0.0, 0.0, 0.0, 0.0, 0.8, 1.6, 2.6, 3.8, 5.016553, 5.630766, 6.286788, 6.74281, 6.998832, 7.238301, 7.088999, 6.897888, 6.706777, 6.515666, 6.079448, 5.814537, 5.549626, 5.109336, 4.921458, 5.067844, 5.510065, 6.072115, 7.13429, 7.944053, 8.747634, 9.45948, 7.89743, 7.659876, 7.187293, 6.417522, 5.063456, 5.510669, 4.14427, 3.130056, 2.562512, 2.656939, 3.474636, 4.456705, 5.512727, 6.336293, 7.091108, 7.282219, 7.47333, 7.282219, 7.091108, 6.658419, 6.222201, 5.5908, 4.958344, 4.140647, 3.124094, 2.551504, 2.447993, 1.815537, 1.368324, 1.168324, 0.72111, 0.0, 0.0, 0.0]"
994,"[0.0, 0.0, 0.0, 0.0, 0.632456, 1.526883, 2.42131, 3.686221, 5.142243, 5.965809, 6.527404, 7.088999, 7.28011, 7.47333, 7.66655, 7.66655, 7.66655, 7.66655, 7.094341, 6.522132, 6.06611, 5.504515, 4.94292, 4.865887, 5.188854, 5.588854, 6.494427, 7.6, 8.8, 9.6, 8.2, 8.243909, 8.087818, 7.34384, 6.220873, 6.853328, 5.409419, 3.56551, 2.309488, 1.679669, 1.941641, 2.618674, 3.883585, 5.139607, 6.148415, 6.71001, 7.088999, 7.28011, 7.28011, 7.04064, 6.604422, 5.9484, 5.092378, 4.036356, 2.819804, 2.2, 2.2, 1.6, 1.2, 1.2, 0.8, 0.0, 0.0, 0.0]"
995,"[0.0, 0.0, 0.0, 0.0, 0.6, 1.6, 2.6, 4.0, 5.4, 6.4, 7.0, 7.6, 7.8, 8.0, 8.2, 8.2, 8.2, 8.2, 8.014214, 7.430766, 6.907799, 6.202226, 5.602226, 5.265046, 5.313404, 5.885613, 6.835095, 7.874703, 8.837278, 9.852718, 8.203475, 8.513632, 8.360821, 7.933665, 6.819504, 7.713931, 6.007079, 4.520283, 3.107831, 2.341641, 2.247214, 2.8, 3.6, 4.8, 6.0, 6.8, 7.4, 7.8, 8.0, 8.0, 7.8, 7.416553, 6.836356, 5.802042, 4.602042, 3.649255, 3.232703, 2.212899, 1.647214, 1.247214, 0.8, 0.0, 0.0, 0.0]"
996,"[0.0, 0.0, 0.0, 0.0, 0.447214, 1.271835, 2.291639, 3.311443, 4.576354, 5.585162, 6.216563, 6.652781, 7.282219, 7.47333, 7.66655, 7.66655, 7.66655, 7.233861, 6.777839, 6.128596, 5.672574, 5.041174, 4.545731, 4.440159, 4.517192, 4.973214, 5.857393, 6.845084, 7.920428, 8.902521, 7.446499, 7.624495, 7.477744, 6.922186, 5.994431, 6.715541, 5.275958, 3.913908, 2.699695, 1.968324, 2.047214, 2.6, 3.8, 5.2, 6.4, 7.2, 7.8, 8.2, 8.2, 8.212452, 8.261694, 7.926605, 7.203638, 6.324748, 5.15951, 3.510268, 2.645357, 1.568324, 0.847214, 0.4, 0.4, 0.0, 0.0, 0.0]"
997,"[0.0, 0.0, 0.0, 0.0, 0.447214, 1.271835, 2.348868, 3.425901, 4.690812, 5.585239, 6.102259, 6.54838, 6.913568, 6.990297, 7.090877, 7.090877, 6.644756, 6.279568, 6.01496, 5.592544, 5.050903, 4.798491, 4.615885, 4.705043, 5.099452, 5.861502, 6.88079, 8.112392, 9.072231, 9.784046, 8.221996, 8.264884, 7.751306, 6.966918, 5.917922, 6.639032, 5.199449, 3.986998, 3.09257, 2.581223, 2.75454, 3.473517, 4.354141, 5.468978, 6.465342, 7.29138, 7.845655, 8.285495, 8.285495, 8.285495, 7.979244, 7.539403, 6.985129, 6.055534, 4.893484, 3.479271, 2.64586, 1.479669, 0.847214, 0.447214, 0.447214, 0.0, 0.0, 0.0]"
998,"[0.0, 0.0, 0.0, 0.0, 0.447214, 1.341641, 2.418674, 3.683585, 4.948496, 5.957304, 6.712119, 7.284329, 7.66866, 8.052991, 8.246211, 8.052991, 7.859771, 7.47544, 6.90323, 6.102516, 5.540921, 5.104703, 4.839792, 4.979312, 5.780026, 6.729508, 7.749311, 8.788919, 9.808435, 10.567511, 8.723603, 8.683995, 8.444387, 7.808319, 6.6, 7.4, 5.8, 4.282843, 3.082843, 2.515298, 2.792331, 3.469364, 4.528162, 5.740614, 6.897013, 7.608834, 8.320655, 8.767869, 8.864218, 8.784165, 8.451332, 7.87903, 7.090176, 5.981375, 4.555417, 3.499395, 2.848528, 1.848528, 1.248528, 0.965685, 0.565685, 0.0, 0.0, 0.0]"
999,"[0.0, 0.0, 0.0, 0.0, 0.72111, 1.569638, 2.569638, 3.850263, 5.130888, 5.971828, 6.68535, 7.2474, 7.528825, 7.81025, 7.81025, 7.69042, 7.470011, 7.249602, 6.764585, 6.002535, 5.160315, 4.539784, 3.919253, 3.862024, 4.278577, 5.278577, 6.567442, 7.856307, 9.072571, 10.136369, 8.536369, 8.614455, 8.313281, 7.418854, 6.03293, 6.665386, 4.777324, 3.068524, 2.174096, 2.128197, 2.627113, 3.707737, 5.269787, 6.51963, 7.515011, 8.227549, 8.790833, 9.072692, 9.096101, 8.814242, 8.412553, 7.734835, 6.715547, 5.595082, 4.433032, 3.590812, 3.145731, 2.32111, 1.72111, 1.32111, 0.72111, 0.0, 0.0, 0.0]"
1000,"[0.0, 0.0, 0.0, 0.0, 0.6, 1.424621, 2.501654, 3.766565, 5.108206, 5.849847, 6.54838, 6.994502, 7.252745, 7.434259, 7.534839, 7.453905, 7.372971, 6.981187, 6.458032, 5.648267, 4.806047, 3.996282, 3.713439, 3.87963, 4.588815, 5.697616, 7.153221, 8.392755, 9.567504, 10.642473, 8.933672, 9.081678, 8.880413, 7.981694, 6.731275, 7.452385, 5.49916, 3.612364, 2.370143, 1.836408, 2.115298, 2.998646, 4.440866, 5.683087, 6.612681, 7.174731, 7.570591, 7.570591, 7.570591, 7.289166, 6.858487, 6.144965, 5.423855, 4.581634, 3.748223, 3.216852, 3.568324, 2.847214, 2.247214, 1.8, 1.2, 0.0, 0.0, 0.0]"
1001,"[0.0, 0.0, 0.0, 0.0, 0.632456, 1.457077, 2.673629, 3.93854, 5.394562, 6.218129, 7.04275, 7.47544, 7.859771, 8.214826, 8.371255, 8.334465, 8.085222, 7.63598, 6.824903, 5.844907, 4.953566, 4.186021, 3.786021, 4.002574, 4.711759, 5.513803, 6.851119, 8.287187, 9.306703, 10.119128, 8.595973, 8.714263, 8.186996, 7.40695, 6.272688, 6.872688, 5.184627, 3.475826, 2.302647, 1.915298, 2.209725, 3.074636, 4.339548, 5.512727, 6.529514, 7.284329, 7.66866, 8.052991, 8.052991, 7.66866, 7.23597, 6.586728, 5.537486, 4.528677, 3.663766, 3.079669, 2.928197, 2.328197, 1.880984, 1.480984, 0.848528, 0.0, 0.0, 0.0]"
1002,"[0.0, 0.0, 0.0, 0.0, 0.6, 1.2, 2.2, 3.4, 4.8, 5.6, 6.6, 7.2, 7.6, 7.8, 7.814214, 7.628427, 7.24498, 6.539407, 5.660517, 4.967414, 4.1532, 3.569103, 3.523204, 3.968284, 4.770329, 5.959183, 7.480793, 9.048874, 10.299293, 11.282132, 9.493277, 9.398337, 8.702193, 7.727804, 6.221812, 7.07034, 5.211214, 3.490749, 2.448528, 2.080984, 2.126883, 3.191794, 4.714948, 5.838103, 6.728802, 7.35753, 7.615773, 7.615773, 7.615773, 7.434259, 6.911105, 6.236478, 5.434434, 4.511279, 3.802094, 3.523204, 3.69448, 2.97337, 2.37337, 1.740914, 1.019804, 0.0, 0.0, 0.0]"
1003,"[0.0, 0.0, 0.0, 0.0, 0.4, 1.032456, 2.052259, 3.268812, 4.724834, 5.780856, 6.760852, 7.341048, 7.724496, 7.868474, 8.012452, 7.8, 7.4, 6.8, 5.832456, 4.679669, 3.679669, 3.045355, 3.045355, 3.579089, 4.65503, 6.224802, 7.813182, 9.154122, 10.404541, 11.297996, 9.328224, 9.410226, 8.858141, 7.883752, 6.633333, 7.199019, 5.162951, 3.574096, 2.731876, 2.365685, 2.8, 4.0, 5.4, 6.4, 7.4, 8.2, 8.4, 8.4, 8.2, 7.6, 6.8, 6.2, 5.232456, 4.279669, 3.679669, 3.50429, 3.670481, 3.038025, 2.590812, 1.990812, 1.16619, 0.0, 0.0, 0.0]"
1004,"[0.0, 0.0, 0.0, 0.0, 0.4, 1.2, 2.024621, 3.101654, 4.366565, 5.48972, 6.212874, 7.000705, 7.365892, 7.543202, 7.300672, 6.908888, 6.427808, 5.880014, 5.070249, 4.189624, 3.258254, 2.726883, 2.657077, 3.024621, 4.066842, 5.587307, 6.987307, 8.288715, 9.414744, 10.098553, 8.378087, 8.098553, 7.414744, 6.454905, 5.153497, 5.753497, 4.433032, 3.438025, 3.071835, 3.247214, 4.047214, 5.247214, 6.4, 7.2, 7.8, 8.0, 8.0, 8.0, 7.8, 7.6, 7.2, 6.4, 5.624621, 4.945731, 4.178187, 3.778187, 3.978187, 3.153566, 2.432456, 1.8, 1.0, 0.0, 0.0, 0.0]"
1005,"[0.0, 0.0, 0.0, 0.0, 0.447214, 1.168324, 2.245357, 3.586998, 5.110152, 6.312181, 7.240313, 7.974357, 8.443793, 8.720639, 8.671396, 8.422154, 7.611077, 6.6, 5.0, 3.4, 2.0, 1.6, 1.8, 3.2, 5.043909, 7.279977, 9.209799, 10.930093, 12.242137, 13.118522, 10.882454, 10.632983, 9.756598, 8.244554, 6.72426, 7.32426, 5.491122, 4.247214, 3.647214, 3.467017, 4.323039, 5.331848, 6.440649, 7.538015, 8.415578, 8.803465, 8.996685, 8.937127, 8.453974, 7.773159, 6.949054, 6.194239, 5.110683, 4.328925, 4.112372, 4.112372, 4.559586, 3.9939, 3.361445, 2.361445, 1.341641, 0.0, 0.0, 0.0]"
1006,"[0.0, 0.0, 0.0, 0.0, 0.447214, 1.079669, 1.974096, 3.239007, 4.45556, 5.42256, 6.390104, 7.095677, 7.430766, 7.614214, 7.6, 7.2, 6.619804, 5.652259, 4.452259, 3.052259, 1.852259, 1.232456, 1.424621, 2.489532, 4.101984, 5.98878, 7.58878, 8.890188, 9.905628, 10.573527, 8.686731, 8.686731, 8.281167, 7.443036, 6.239719, 7.039719, 5.439719, 4.284939, 3.475174, 3.417945, 4.032158, 5.232158, 6.266473, 7.246469, 7.839117, 8.037355, 8.049806, 7.86402, 7.665782, 7.269883, 6.657431, 5.84498, 5.030766, 4.249008, 3.753566, 3.647993, 4.064545, 3.464545, 2.83209, 2.11098, 1.216553, 0.0, 0.0, 0.0]"
1007,"[0.0, 0.0, 0.0, 0.0, 0.282843, 0.848528, 1.569638, 2.569638, 3.735829, 4.717897, 5.417123, 6.110226, 6.52444, 6.758249, 6.893338, 6.828427, 6.414214, 5.6, 4.4, 3.2, 2.2, 1.6, 1.8, 2.8, 4.0, 5.611077, 7.250685, 8.538746, 9.619097, 10.307158, 8.496081, 8.300382, 7.861563, 6.981212, 5.893151, 6.493151, 5.096456, 4.079669, 3.479669, 3.679669, 4.479669, 5.632456, 6.8, 7.8, 8.4, 8.8, 8.8, 8.6, 8.2, 7.8, 7.2, 6.6, 5.824621, 5.145731, 4.466842, 4.286646, 4.486646, 3.662024, 2.940914, 2.219804, 1.2, 0.0, 0.0, 0.0]"
1008,"[0.0, 0.0, 0.0, 0.0, 0.4, 1.2, 2.2, 3.4, 4.8, 5.8, 6.414214, 6.828427, 7.084449, 7.140471, 7.082112, 6.834089, 6.268403, 5.533492, 4.47747, 3.335829, 2.369638, 1.92111, 2.024621, 2.701654, 3.843295, 5.36376, 6.96376, 8.265168, 9.314164, 10.098553, 8.378087, 8.221996, 7.538188, 6.578349, 5.276941, 5.876941, 4.433032, 3.556497, 3.214928, 3.41011, 4.224324, 5.436776, 6.483542, 7.469998, 8.261271, 8.690966, 8.690966, 8.727757, 8.330893, 7.736369, 7.09246, 6.480008, 5.630766, 5.041174, 4.545731, 4.240159, 4.317192, 3.517192, 2.69257, 1.97146, 1.077033, 0.0, 0.0, 0.0]"
1009,"[0.0, 0.0, 0.0, 0.0, 0.8, 1.819804, 2.839608, 4.104519, 5.44616, 5.9878, 6.410217, 6.832634, 7.009943, 7.082516, 6.872246, 6.430025, 5.882232, 5.072467, 3.858254, 2.726883, 1.926883, 1.479669, 1.568324, 2.368324, 3.810544, 5.052765, 6.326016, 7.491702, 8.378499, 8.823074, 7.380854, 7.27284, 6.727685, 6.007079, 4.841393, 5.288607, 3.876155, 2.817357, 2.251167, 2.330056, 2.882843, 3.882843, 4.8, 5.4, 5.8, 6.0, 6.0, 6.016553, 6.016553, 5.816553, 5.416553, 5.016553, 4.432456, 3.798141, 3.692568, 3.912372, 4.312372, 3.679917, 3.114231, 2.219804, 1.2, 0.0, 0.0, 0.0]"
1010,"[0.0, 0.0, 0.0, 0.0, 0.6, 1.6, 2.6, 3.8, 5.214214, 6.028427, 6.442641, 6.898663, 6.963574, 6.814271, 6.566248, 6.152034, 5.417123, 4.599425, 3.534514, 2.568324, 1.968324, 2.047214, 2.619804, 3.684715, 5.00787, 6.396724, 7.65585, 8.872114, 9.843271, 10.379242, 8.590388, 8.320116, 7.425689, 6.209425, 4.950299, 5.550299, 4.044287, 3.102647, 2.682843, 2.707464, 3.184497, 3.978687, 4.920328, 5.661969, 6.178988, 6.443596, 6.443596, 6.178988, 5.91438, 5.649773, 5.029242, 4.517895, 4.073317, 3.596284, 3.319251, 3.492568, 4.058254, 3.425798, 2.825798, 2.025798, 1.131371, 0.0, 0.0, 0.0]"
1011,"[0.0, 0.0, 0.0, 0.0, 0.565685, 1.565685, 2.84631, 4.288531, 5.730751, 6.777517, 7.389969, 7.632499, 7.713433, 7.536123, 7.140224, 6.547577, 5.624422, 4.501267, 3.236356, 2.019804, 1.4, 1.4, 2.2, 3.6, 5.2, 6.6, 8.0, 9.0, 9.8, 10.2, 8.4, 8.0, 7.4, 6.4, 5.2, 5.647214, 4.247214, 3.047214, 2.479669, 2.574096, 3.126883, 4.207508, 5.221721, 6.151316, 6.699109, 7.141329, 7.141329, 6.893306, 6.331256, 5.783463, 5.062353, 4.347413, 3.781223, 3.381223, 3.311417, 3.484734, 4.199673, 3.599673, 2.999673, 2.175052, 1.280625, 0.0, 0.0, 0.0]"
1012,"[0.0, 0.0, 0.0, 0.0, 0.72111, 1.72111, 3.001735, 4.563785, 6.28425, 7.283605, 7.896056, 8.227883, 8.188988, 7.733434, 7.27788, 6.685232, 5.672781, 4.549626, 3.284715, 2.019804, 1.447214, 1.671835, 2.488387, 4.100839, 5.700839, 7.253625, 8.629004, 9.612452, 10.2, 10.8, 8.8, 8.2, 7.6, 6.6, 5.032456, 5.315298, 3.915298, 2.762512, 2.283622, 2.499695, 3.497477, 4.739697, 5.854534, 6.695473, 7.408995, 7.542584, 7.514577, 7.083898, 6.521848, 5.808326, 5.115223, 4.333465, 3.802094, 3.402094, 3.274676, 3.402094, 3.935829, 3.335829, 2.735829, 2.014719, 1.16619, 0.0, 0.0, 0.0]"
1013,"[0.0, 0.0, 0.0, 0.0, 0.894427, 2.060618, 3.341242, 4.903292, 6.465342, 7.29138, 7.845655, 8.177482, 7.957072, 7.736663, 7.093231, 6.39257, 5.380118, 4.238478, 3.096837, 2.419804, 2.12111, 2.52111, 3.601735, 5.014187, 6.500983, 8.015941, 9.170007, 10.12545, 10.749066, 11.016336, 8.780268, 8.415056, 7.520629, 6.450751, 5.145214, 5.545214, 4.156359, 3.447174, 3.105605, 3.33411, 4.150662, 5.206684, 6.223471, 7.048092, 7.427081, 7.66655, 7.47544, 6.90323, 6.331021, 5.894803, 5.263402, 4.598491, 3.921458, 3.127268, 2.554677, 2.530056, 2.930056, 2.530056, 2.247214, 1.8, 1.0, 0.0, 0.0, 0.0]"
1014,"[0.0, 0.0, 0.0, 0.0, 1.077033, 2.418674, 4.031125, 5.917922, 7.977048, 8.959141, 9.676626, 10.033946, 9.936004, 9.585679, 8.982575, 7.943253, 6.773481, 5.384627, 3.875826, 2.819804, 2.52111, 2.72111, 3.763331, 5.352185, 6.921957, 8.541786, 9.882726, 10.781446, 11.333531, 11.7047, 9.36376, 8.731621, 7.732321, 6.391382, 4.497655, 5.097655, 3.95454, 3.612899, 3.95454, 5.030481, 6.327847, 7.659529, 8.74759, 9.49401, 9.868222, 9.868222, 9.679657, 9.11475, 8.368329, 7.547996, 6.545056, 5.436256, 4.513101, 3.77146, 3.260113, 3.260113, 3.679917, 3.079917, 2.479917, 1.914231, 1.019804, 0.0, 0.0, 0.0]"
1015,"[0.0, 0.0, 0.0, 0.0, 0.894427, 2.060618, 3.502838, 5.11529, 6.835755, 7.828124, 8.505842, 8.907531, 8.857129, 8.550878, 7.944706, 6.995224, 5.598529, 4.236479, 2.822266, 1.824483, 1.651167, 2.370143, 3.782595, 5.571449, 7.258378, 8.691334, 10.054966, 10.916377, 11.657345, 12.028514, 9.874448, 9.241992, 8.291283, 6.927652, 5.43524, 6.03524, 4.737873, 4.109146, 4.074326, 4.640012, 5.602062, 6.84597, 7.795452, 8.50799, 8.790833, 8.925839, 8.64398, 8.080696, 7.402978, 6.705921, 5.729975, 4.733611, 3.9002, 3.334009, 2.934009, 3.107326, 3.541641, 3.094427, 2.494427, 1.894427, 1.0, 0.0, 0.0, 0.0]"
1016,"[0.0, 0.0, 0.0, 0.0, 1.019804, 2.096837, 3.552859, 5.202101, 7.099468, 7.97703, 8.688852, 9.021684, 8.984894, 8.529747, 7.913006, 7.290342, 6.222598, 4.892989, 3.450768, 2.170143, 1.569638, 1.848528, 2.84631, 4.288531, 6.175327, 7.84571, 9.081778, 10.037221, 10.831068, 11.18034, 8.944272, 8.497058, 7.602631, 6.532754, 5.017796, 5.417796, 4.028941, 3.252986, 2.981223, 3.426303, 4.367944, 5.309585, 6.356351, 7.074375, 7.350405, 7.289389, 7.228373, 6.896547, 6.284095, 5.841875, 5.28236, 4.634191, 3.953566, 3.553566, 3.186021, 3.464911, 4.11308, 3.51308, 2.91308, 2.280625, 1.280625, 0.0, 0.0, 0.0]"
1017,"[0.0, 0.0, 0.0, 0.0, 1.0, 2.216553, 3.630766, 5.280008, 7.091085, 7.902162, 8.48561, 8.871396, 8.822154, 8.411077, 8.0, 7.4, 6.4, 5.4, 4.0, 2.6, 1.682843, 1.515298, 2.081489, 3.523709, 5.220765, 6.781832, 8.129275, 9.089114, 9.909635, 10.338608, 8.494699, 8.211856, 7.500041, 6.403489, 4.99857, 5.59857, 4.301514, 3.452986, 3.181223, 3.479917, 4.144828, 5.009739, 5.900075, 6.347289, 6.669126, 6.745855, 6.822585, 6.708204, 6.532754, 6.08554, 5.638326, 5.121307, 4.379666, 4.013476, 3.943669, 3.943669, 4.119048, 3.519048, 2.719048, 1.894427, 1.0, 0.0, 0.0, 0.0]"
1018,"[0.0, 0.0, 0.0, 0.0, 0.824621, 1.844425, 3.109336, 4.565358, 6.088513, 6.876343, 7.468991, 7.816531, 7.80273, 7.5602, 7.079119, 6.315196, 5.26843, 4.109052, 2.828427, 1.897056, 1.648528, 2.082843, 3.2, 4.8, 6.4, 7.8, 9.009072, 9.818144, 10.427217, 10.863285, 8.863285, 8.465289, 7.856217, 7.047145, 5.811077, 6.635698, 5.673149, 4.967576, 4.58738, 4.803933, 5.591763, 6.355687, 7.110502, 7.73994, 8.17263, 8.268979, 8.365328, 8.239241, 7.931639, 7.624038, 7.081427, 6.44966, 6.003538, 5.681701, 5.34006, 5.37387, 5.513389, 4.436356, 3.416553, 2.416553, 1.216553, 0.0, 0.0, 0.0]"
1019,"[0.0, 0.0, 0.0, 0.0, 1.019804, 2.475826, 4.125068, 5.77431, 7.618219, 8.60839, 9.152369, 9.503126, 9.653884, 9.609975, 9.0, 8.2, 7.2, 6.0, 4.4, 3.2, 2.4, 2.224621, 2.701654, 3.957676, 5.601585, 7.21156, 8.596011, 9.72805, 10.472028, 10.82812, 8.818144, 8.409072, 7.614214, 6.434017, 5.31105, 6.159579, 4.992034, 4.597624, 4.777821, 5.115001, 5.866473, 6.846469, 7.439117, 8.050194, 8.092002, 7.948024, 7.858727, 7.511187, 6.777143, 6.398154, 5.961936, 5.263402, 4.798491, 4.721458, 4.844425, 5.224621, 6.012452, 5.212452, 4.212452, 3.012452, 1.612452, 0.0, 0.0, 0.0]"
1020,"[0.0, 0.0, 0.0, 0.0, 1.019804, 2.475826, 3.998981, 5.707781, 7.496636, 8.535958, 9.079936, 9.40069, 9.388946, 9.297147, 8.680242, 7.680242, 6.836333, 5.704962, 4.407906, 3.365685, 2.931371, 2.931371, 3.531876, 4.693926, 6.137835, 7.552048, 8.81479, 10.056918, 10.903187, 11.339629, 9.35973, 8.940898, 7.946792, 6.819098, 5.433174, 6.452978, 5.60907, 5.394856, 5.330784, 5.85057, 6.480008, 7.129251, 7.541702, 8.136227, 8.322013, 8.272771, 8.223529, 8.011077, 7.4, 7.0, 6.4, 5.8, 5.4, 5.219804, 5.284715, 5.450905, 6.012955, 5.012955, 3.993151, 2.72824, 1.56205, 0.0, 0.0, 0.0]"
1021,"[0.0, 0.0, 0.0, 0.0, 0.8, 2.0, 3.216553, 4.672574, 6.321817, 7.230617, 7.643069, 7.988566, 7.974765, 7.606148, 7.028718, 6.416266, 5.419902, 4.260524, 3.179899, 2.248528, 1.880984, 2.209725, 3.268524, 4.680975, 6.324884, 7.692428, 8.92403, 9.845131, 10.495421, 10.777542, 8.777542, 8.348569, 7.528048, 6.606947, 5.500721, 6.717274, 6.420218, 6.377997, 6.648808, 7.241456, 7.83598, 8.445955, 9.045955, 9.433504, 9.621052, 9.609975, 9.2, 8.8, 8.2, 7.8, 7.2, 6.8, 6.614214, 6.628427, 6.877669, 7.38647, 7.975325, 6.561111, 5.146897, 3.497655, 1.788854, 0.0, 0.0, 0.0]"
1022,"[0.0, 0.0, 0.0, 0.0, 1.414214, 3.026665, 4.837742, 6.87735, 9.157701, 10.023838, 10.565452, 10.990443, 11.009962, 10.616407, 10.056521, 9.344676, 8.239979, 6.901963, 5.415167, 4.141915, 3.524316, 3.657856, 4.392768, 5.890134, 7.596987, 8.926431, 10.167513, 11.217484, 11.82611, 12.004425, 9.850359, 9.314138, 8.516946, 7.275864, 6.160036, 7.376588, 6.573007, 6.306427, 6.603566, 7.230922, 7.858279, 8.818117, 9.375897, 9.813847, 9.969938, 10.012825, 9.499248, 9.111699, 8.55392, 7.834545, 7.361962, 7.030135, 6.698309, 6.86854, 7.111069, 7.594222, 8.353205, 7.072581, 5.460129, 3.936974, 2.039608, 0.0, 0.0, 0.0]"
1023,"[0.0, 0.0, 0.0, 0.0, 0.72111, 1.887301, 3.167925, 4.729975, 6.427032, 7.426386, 7.980661, 8.488891, 8.449995, 8.208961, 7.705049, 7.004387, 6.015533, 4.892378, 3.436356, 2.219804, 1.482843, 1.403953, 2.170143, 3.612364, 5.30942, 7.006476, 8.285366, 9.119176, 9.676955, 9.866695, 7.886796, 7.329017, 6.460388, 5.460388, 4.398212, 5.398212, 4.955992, 5.089532, 5.545554, 6.244088, 6.952888, 7.661689, 8.294145, 8.682032, 9.002786, 8.906437, 8.611849, 8.128696, 7.50134, 6.677235, 6.141816, 5.727603, 5.44476, 5.508833, 5.931249, 6.466668, 7.255522, 6.124151, 4.843526, 3.401306, 1.788854, 0.0, 0.0, 0.0]"
1024,"[0.0, 0.0, 0.0, 0.0, 1.16619, 2.608411, 4.328876, 6.172785, 8.298814, 9.258653, 9.942461, 10.385327, 10.428214, 10.09104, 9.488165, 8.703777, 7.617479, 6.451793, 4.945781, 3.86984, 3.24931, 3.303648, 4.144587, 5.705654, 7.384469, 8.94371, 10.42002, 11.363963, 12.127735, 12.237774, 9.957423, 9.236538, 8.292595, 7.099128, 6.02925, 7.049054, 6.562258, 6.600208, 7.029903, 7.873688, 8.863859, 9.672931, 10.282004, 10.638095, 10.82812, 10.629221, 10.231226, 9.634606, 8.848819, 8.048819, 7.637742, 7.043218, 6.772407, 6.970645, 7.29111, 7.89111, 8.800587, 7.458946, 5.846494, 4.126029, 2.126029, 0.0, 0.0, 0.0]"
1025,"[0.0, 0.0, 0.0, 0.0, 1.0, 2.16619, 3.507831, 4.950052, 6.473206, 6.996361, 7.479413, 7.551986, 7.509765, 7.18661, 6.863456, 6.014214, 5.2, 4.0, 2.8, 1.8, 1.72111, 2.287301, 3.529521, 5.141973, 6.730827, 7.979488, 8.967364, 9.805494, 10.281104, 10.580311, 8.610539, 7.912495, 6.897056, 5.808994, 4.720933, 5.740737, 5.484715, 5.419804, 6.019804, 6.819804, 7.8, 8.8, 9.6, 10.009975, 10.21995, 10.031027, 9.443479, 8.857692, 8.06427, 7.254295, 6.643218, 6.230766, 6.033105, 6.081464, 6.323684, 6.844149, 7.644149, 6.427597, 5.162686, 3.720465, 2.0, 0.0, 0.0, 0.0]"
1026,"[0.0, 0.0, 0.0, 0.0, 1.0, 2.414214, 4.014214, 5.814214, 7.814214, 8.814214, 9.4, 9.611077, 9.423529, 9.072771, 8.337682, 7.357486, 6.37103, 5.158578, 3.509336, 2.644425, 2.449242, 2.644425, 3.700447, 5.349689, 6.989297, 8.174651, 9.363919, 10.107897, 10.658655, 10.619047, 8.609072, 7.8, 6.619804, 5.314231, 4.035341, 4.859962, 4.459962, 4.640159, 5.345731, 6.424621, 7.6, 8.6, 9.4, 9.8, 10.0, 9.8, 9.4, 8.8, 7.8, 6.8, 6.0, 5.224621, 4.824621, 5.105246, 5.547466, 6.267932, 7.502436, 6.502436, 5.221812, 3.779591, 2.059126, 0.0, 0.0, 0.0]"
1027,"[0.0, 0.0, 0.0, 0.0, 1.077033, 2.418674, 3.860894, 5.581359, 7.301824, 7.921848, 8.277263, 8.397093, 8.238677, 7.798837, 7.267971, 6.465342, 5.350506, 3.988456, 2.907831, 2.307326, 2.307326, 3.140737, 4.661203, 6.347999, 7.945644, 9.331568, 10.459262, 11.284381, 11.805904, 11.905315, 9.624964, 8.778695, 7.513735, 6.182449, 4.919708, 5.919708, 5.523848, 5.685444, 6.328876, 7.049341, 7.936137, 8.829073, 9.62292, 10.138523, 10.38783, 10.470805, 10.12048, 9.340434, 8.181399, 7.28866, 6.318889, 5.504515, 5.068297, 4.991264, 5.314231, 5.914231, 7.019804, 6.0, 5.0, 3.6, 2.0, 0.0, 0.0, 0.0]"
1028,"[0.0, 0.0, 0.0, 0.0, 1.414214, 3.11127, 4.955179, 6.955179, 9.118509, 10.036677, 10.75623, 11.066387, 11.154448, 10.835026, 10.115097, 8.718292, 7.388847, 5.583628, 4.139719, 2.974481, 2.954677, 3.54427, 5.105336, 6.985687, 8.979784, 10.587465, 12.226119, 13.335175, 13.833313, 13.897995, 11.290314, 10.124242, 8.451903, 6.673414, 5.187225, 6.187225, 5.516981, 5.692378, 6.401179, 7.535441, 8.95205, 10.335498, 11.353339, 12.118402, 12.200404, 11.992867, 11.203944, 10.330081, 9.07277, 7.856506, 6.541861, 5.625211, 5.102244, 5.299905, 6.080101, 7.394746, 8.900319, 7.823286, 6.409072, 4.609072, 2.4, 0.0, 0.0, 0.0]"
1029,"[0.0, 0.0, 0.0, 0.0, 1.2, 2.8, 4.6, 6.8, 9.0, 10.009072, 10.64514, 10.933201, 10.630568, 10.139369, 9.453451, 8.294416, 7.030976, 5.533609, 4.107651, 3.184497, 3.107464, 3.882843, 5.482843, 7.409072, 9.439661, 11.303226, 12.56679, 13.626202, 14.329173, 14.172447, 11.308883, 10.484927, 9.037967, 7.525923, 6.071863, 7.352488, 6.593505, 6.593505, 7.080301, 8.296565, 9.348321, 10.400077, 11.228937, 11.75046, 11.92271, 11.570229, 11.081757, 10.337502, 9.343397, 7.935078, 6.974983, 6.131074, 5.634017, 5.634017, 6.477926, 7.612188, 9.212188, 8.012188, 6.597975, 4.754066, 2.6, 0.0, 0.0, 0.0]"
1030,"[0.0, 0.0, 0.0, 0.0, 0.894427, 2.060618, 3.502838, 5.064888, 6.761944, 7.711426, 8.265701, 8.612335, 8.573439, 8.332405, 7.705049, 7.004387, 5.815533, 4.492378, 3.036356, 2.267017, 2.141641, 2.707831, 4.069881, 5.91379, 7.729318, 9.24321, 10.767744, 11.766944, 12.484285, 12.501894, 10.093575, 9.246759, 8.099723, 6.615506, 5.335155, 6.535155, 6.10546, 6.400047, 7.220381, 8.374447, 9.515387, 10.630995, 11.452017, 12.028514, 12.307553, 12.202681, 11.682834, 10.964089, 10.102677, 8.934483, 7.864605, 6.986001, 6.617144, 6.713494, 7.345949, 8.46011, 10.049033, 8.606812, 6.898012, 5.000645, 2.720294, 0.0, 0.0, 0.0]"
1031,"[0.0, 0.0, 0.0, 0.0, 1.264911, 2.720933, 4.429734, 6.273643, 8.31325, 9.058315, 9.602293, 9.893492, 9.849583, 9.409975, 9.0, 8.2, 7.0, 5.6, 4.0, 2.8, 2.424621, 2.889532, 4.138774, 5.982683, 7.818751, 9.427235, 10.792913, 11.751352, 12.515124, 12.687375, 10.25427, 9.423681, 8.428451, 6.897803, 5.338013, 6.23244, 5.63244, 5.419988, 5.942955, 6.894427, 8.0, 9.0, 9.8, 10.4, 10.609975, 10.61995, 10.032402, 9.444853, 8.644853, 7.834878, 6.824903, 6.232255, 5.619804, 5.500429, 5.91288, 6.799677, 8.015941, 7.015941, 5.735316, 4.122864, 2.236068, 0.0, 0.0, 0.0]"
1032,"[0.0, 0.0, 0.0, 0.0, 1.216553, 2.672574, 4.381375, 6.278742, 8.248513, 9.091087, 9.635065, 9.926264, 9.872806, 9.600091, 9.103015, 8.38364, 7.10475, 5.543684, 3.846628, 2.484578, 1.803953, 2.282843, 3.6, 5.411077, 7.250685, 8.931036, 10.260858, 11.19068, 11.720543, 11.835001, 9.55465, 8.733629, 7.61802, 6.27708, 4.923014, 5.4887, 4.674326, 4.476665, 5.125907, 5.97515, 7.253373, 8.447007, 9.384521, 9.889344, 10.209874, 10.154819, 9.855612, 9.313998, 8.501573, 7.551605, 6.762751, 5.973896, 5.438478, 5.539057, 6.21631, 7.196209, 8.45895, 7.381917, 5.939697, 4.242641, 2.262742, 0.0, 0.0, 0.0]"
1033,"[0.0, 0.0, 0.0, 0.0, 1.16619, 2.608411, 4.170461, 6.15036, 8.276389, 9.110199, 9.554774, 9.879521, 9.688476, 9.271248, 8.536159, 7.669166, 6.38237, 4.793516, 3.084715, 2.267017, 2.071835, 2.736746, 4.3256, 6.212396, 7.928514, 9.545204, 10.841542, 11.613938, 12.13546, 12.380448, 9.939137, 9.377888, 8.258858, 6.927572, 5.519253, 6.343875, 5.343875, 5.182279, 5.667296, 6.667296, 7.842675, 8.968704, 9.950821, 10.651513, 10.914254, 11.040283, 10.914254, 10.371978, 9.523449, 8.392079, 7.266049, 6.285853, 5.565388, 5.367727, 5.692378, 6.481233, 7.461429, 6.461429, 5.244876, 3.788854, 2.0, 0.0, 0.0, 0.0]"
1034,"[0.0, 0.0, 0.0, 0.0, 1.0, 2.131371, 3.545584, 5.107634, 6.828099, 7.548564, 8.029645, 8.227883, 8.188988, 7.924545, 7.223884, 6.436053, 5.423602, 4.100447, 2.844425, 2.271835, 2.341641, 2.741641, 3.983861, 5.504326, 7.183142, 8.551456, 9.814198, 10.634719, 11.176996, 11.176996, 8.914254, 8.348569, 7.366452, 6.10371, 4.777681, 5.577681, 4.775052, 4.494427, 4.775052, 5.537102, 6.581011, 7.686584, 8.686584, 9.292755, 9.617501, 9.562447, 9.351301, 8.874456, 8.15385, 7.267054, 6.478199, 5.583772, 4.860618, 4.694427, 5.094427, 5.743669, 6.558043, 5.758043, 4.758043, 3.358043, 1.708801, 0.0, 0.0, 0.0]"
1035,"[0.0, 0.0, 0.0, 0.0, 1.0, 2.0, 3.4, 5.0, 6.6, 7.212452, 7.824903, 7.880925, 7.545836, 7.022869, 6.576608, 5.858584, 4.849775, 3.784864, 2.707831, 1.941641, 1.871835, 2.444425, 3.700447, 5.544356, 7.154331, 8.538782, 9.718978, 10.662956, 11.019047, 11.009072, 8.8, 8.2, 7.0, 5.877033, 4.725561, 5.619988, 5.039792, 5.039792, 5.362759, 6.314231, 7.419804, 8.4, 9.2, 9.8, 10.009975, 9.821052, 9.632129, 9.244581, 8.461133, 7.451158, 6.640081, 5.848808, 5.130784, 5.045602, 5.326227, 5.938678, 6.888646, 5.994219, 4.862848, 3.582223, 1.969772, 0.0, 0.0, 0.0]"
1036,"[0.0, 0.0, 0.0, 0.0, 1.0, 2.414214, 3.828427, 5.477669, 7.321578, 8.218945, 8.593586, 8.968227, 9.039449, 8.75759, 8.140849, 7.351994, 6.128825, 4.60836, 3.04631, 1.965685, 1.565685, 2.2, 3.4, 5.2, 7.2, 8.8, 10.2, 11.208319, 11.808319, 11.808319, 9.608319, 8.608319, 7.4, 5.824621, 4.473149, 5.29777, 4.69777, 4.89777, 5.673149, 6.824621, 8.2, 9.6, 10.409072, 11.018144, 11.254212, 11.09382, 10.537729, 9.941108, 9.132036, 8.095968, 7.05636, 6.232255, 5.619804, 5.634017, 6.154483, 7.317813, 8.63039, 7.63039, 6.216177, 4.495712, 2.332381, 0.0, 0.0, 0.0]"
1037,"[0.0, 0.0, 0.0, 0.0, 1.0, 2.216553, 3.829004, 5.672913, 7.57028, 8.467646, 9.220865, 9.397268, 9.273824, 8.657082, 7.891087, 6.769843, 5.546674, 3.826209, 2.545584, 1.814214, 1.765685, 2.6, 4.4, 6.6, 8.6, 10.4, 11.807134, 12.814268, 13.421401, 13.629082, 11.029082, 10.021949, 8.614815, 7.024233, 5.31098, 6.31098, 5.775891, 5.988342, 6.582867, 7.698415, 8.934483, 10.102677, 10.92333, 11.586117, 12.050005, 11.968003, 11.432264, 10.896526, 9.878684, 8.621374, 7.667308, 6.769941, 5.949607, 5.77421, 6.254714, 7.054714, 8.387095, 7.310062, 6.029437, 4.332381, 2.332381, 0.0, 0.0, 0.0]"
1038,"[0.0, 0.0, 0.0, 0.0, 1.16619, 2.608411, 4.170461, 6.01437, 7.858279, 8.671987, 9.209666, 9.368081, 9.313026, 9.257972, 8.542984, 7.640118, 6.552108, 4.963254, 3.1744, 2.109488, 1.832456, 2.4, 3.656022, 5.499931, 7.453997, 8.994937, 10.394937, 11.444908, 12.017608, 12.09961, 9.75867, 8.681825, 7.392384, 5.975775, 4.564328, 5.412856, 4.966735, 5.091823, 5.614978, 6.760128, 8.065666, 9.224701, 10.119128, 10.928354, 11.121913, 10.967847, 10.452245, 9.778227, 8.612036, 7.525738, 6.525738, 6.005273, 5.659776, 5.949607, 6.661429, 7.99381, 9.401491, 8.184938, 6.728916, 4.940062, 2.607681, 0.0, 0.0, 0.0]"
1039,"[0.0, 0.0, 0.0, 0.0, 1.341641, 2.864795, 4.751592, 6.638388, 8.801719, 9.586107, 10.188982, 10.428214, 10.541418, 10.098553, 9.414744, 8.454905, 6.961331, 5.244174, 3.523709, 2.281489, 1.915298, 2.482843, 3.8, 5.809975, 7.846043, 9.282111, 10.555974, 11.429838, 11.700214, 11.744496, 9.508428, 8.683807, 7.409944, 5.929593, 4.096456, 4.728911, 3.879669, 3.879669, 4.679669, 6.032456, 7.4, 8.8, 9.8, 10.409072, 10.619047, 10.430124, 9.842576, 9.056789, 8.047717, 7.037742, 6.026665, 5.308641, 4.894427, 5.036068, 5.744869, 7.03293, 8.418854, 7.418854, 6.077213, 4.368412, 2.280351, 0.0, 0.0, 0.0]"
1040,"[0.0, 0.0, 0.0, 0.0, 0.848528, 2.129153, 3.691203, 5.411668, 7.298464, 8.336732, 8.844962, 8.991713, 8.92049, 8.447907, 7.761111, 6.772257, 5.463456, 3.814214, 2.4, 1.6, 1.8, 2.814214, 4.463456, 6.360822, 8.114888, 9.531498, 10.623277, 11.480027, 11.915042, 11.924306, 9.507697, 8.790559, 7.549477, 6.217096, 4.853765, 5.574876, 4.952212, 5.028941, 5.737742, 6.726597, 7.975258, 9.045135, 9.939563, 10.394093, 10.768569, 10.798797, 10.56273, 10.047127, 9.326016, 8.328876, 7.34868, 6.34868, 5.844767, 5.744188, 6.298462, 7.278658, 8.5414, 7.324848, 5.983207, 4.262742, 2.262742, 0.0, 0.0, 0.0]"
1041,"[0.0, 0.0, 0.0, 0.0, 1.16619, 2.778642, 4.499107, 6.499107, 8.625136, 9.584975, 9.952422, 10.075866, 9.796331, 9.282754, 8.322915, 7.237443, 5.840748, 4.120283, 2.507831, 1.941641, 2.047214, 3.014214, 4.858122, 7.09419, 8.83513, 10.364953, 11.736417, 12.575789, 12.845714, 12.921383, 10.391561, 9.314684, 8.087425, 6.581432, 4.964823, 5.685933, 4.871559, 4.49257, 4.948592, 5.992501, 7.359452, 8.553086, 9.630119, 10.410165, 10.625383, 10.424117, 10.222852, 9.681238, 8.786811, 7.804718, 6.937725, 6.050929, 5.458282, 5.282831, 5.648019, 6.472124, 7.598153, 6.578349, 5.412159, 3.969938, 2.126029, 0.0, 0.0, 0.0]"
1042,"[0.0, 0.0, 0.0, 0.0, 1.414214, 3.026665, 4.837742, 6.87735, 9.157701, 10.023838, 10.752327, 11.095315, 11.025479, 10.465593, 9.627463, 8.286523, 6.853567, 5.166639, 3.646173, 2.925063, 3.091254, 3.893298, 5.580227, 7.660578, 9.413331, 10.915473, 12.220746, 13.079401, 13.406731, 13.341187, 10.672854, 9.655504, 8.24129, 6.63361, 5.225291, 6.245094, 5.65057, 5.848808, 6.692717, 7.928785, 9.342086, 10.756123, 11.55199, 12.315762, 12.479694, 12.246589, 11.825072, 11.426728, 10.619047, 9.831499, 9.087521, 8.220089, 7.490739, 7.411204, 7.685549, 8.646136, 9.904495, 8.62387, 6.903405, 5.016609, 2.6, 0.0, 0.0, 0.0]"
1043,"[0.0, 0.0, 0.0, 0.0, 1.131371, 2.828427, 4.525483, 6.22254, 8.066449, 8.935078, 9.238021, 9.427761, 9.343157, 9.022402, 8.287313, 7.307117, 6.052777, 4.640325, 3.11717, 2.135102, 1.939919, 2.572375, 3.89553, 5.684384, 7.564872, 8.903582, 9.802001, 10.559198, 11.050694, 10.887363, 8.724032, 8.122752, 7.008591, 5.552861, 4.152861, 4.600075, 3.759135, 3.669978, 4.186998, 4.928638, 6.093876, 7.259562, 7.902994, 8.405263, 8.907531, 8.992135, 8.802395, 8.496144, 7.93286, 7.088951, 6.286322, 5.589266, 5.175052, 5.11098, 5.45262, 6.170645, 7.170645, 6.170645, 4.954092, 3.612452, 2.0, 0.0, 0.0, 0.0]"
1044,"[0.0, 0.0, 0.0, 0.0, 1.612452, 3.499248, 5.558374, 7.794442, 10.211051, 11.015209, 11.658235, 11.879459, 11.682999, 11.276365, 10.472207, 9.142385, 7.862034, 6.26964, 4.259665, 3.279669, 2.974096, 3.315737, 4.75532, 6.918651, 8.847445, 10.795552, 12.282338, 13.223969, 13.889065, 13.736134, 10.8936, 9.909082, 8.522875, 6.771481, 5.163162, 6.05759, 5.345052, 5.345052, 5.988484, 7.07528, 8.513233, 9.823174, 10.942203, 11.630057, 12.151579, 12.08194, 11.766658, 11.049318, 10.338055, 9.491786, 8.671265, 7.810147, 7.380451, 7.295847, 7.631163, 8.529883, 9.770965, 8.356751, 6.744299, 4.846933, 2.505993, 0.0, 0.0, 0.0]"
1045,"[0.0, 0.0, 0.0, 0.0, 1.4, 3.2, 5.2, 7.409072, 9.618144, 10.427217, 10.863285, 11.099353, 10.787647, 10.287376, 9.601458, 8.442423, 6.927465, 5.312941, 3.604141, 2.280986, 1.925063, 2.335324, 3.614531, 5.45844, 7.421771, 9.033041, 10.509351, 11.453294, 12.115378, 12.188115, 9.855735, 8.860505, 7.520703, 5.73582, 3.899752, 4.346966, 3.455624, 3.455624, 4.257669, 5.646523, 7.258436, 8.773393, 9.770534, 10.41071, 10.621856, 10.56273, 10.17057, 9.56929, 8.848179, 8.01437, 7.091403, 6.247494, 5.685444, 5.508134, 5.683585, 6.450461, 7.713202, 6.713202, 5.448291, 4.106651, 2.262742, 0.0, 0.0, 0.0]"
1046,"[0.0, 0.0, 0.0, 0.0, 1.216553, 2.829004, 4.478246, 6.322155, 8.361763, 9.155186, 9.552709, 9.903467, 9.859558, 9.41995, 8.809975, 8.0, 6.8, 5.2, 3.6, 2.6, 2.2, 2.616553, 3.872574, 5.581375, 7.240501, 8.772882, 9.997641, 10.98293, 11.55448, 11.658685, 9.326304, 8.497444, 7.133166, 5.652815, 4.089485, 4.536698, 3.724247, 3.847214, 4.647214, 5.647214, 7.2, 8.4, 9.209975, 9.61995, 10.029925, 9.873834, 9.523077, 9.162344, 8.566582, 7.956607, 7.312698, 6.663456, 6.091247, 5.808404, 5.850624, 6.439479, 7.40925, 6.332217, 5.200846, 3.758626, 1.969772, 0.0, 0.0, 0.0]"
1047,"[0.0, 0.0, 0.0, 0.0, 1.077033, 2.600188, 4.389042, 6.275838, 8.064693, 8.957431, 9.331643, 9.440155, 9.202601, 9.026199, 8.456427, 7.75906, 6.661694, 5.412452, 3.8, 2.6, 2.2, 2.6, 3.8, 5.6, 7.409975, 8.846043, 10.119906, 10.99377, 11.474121, 11.552207, 9.316139, 8.454727, 7.180864, 5.700513, 4.059665, 4.659665, 3.847214, 3.863766, 4.47798, 5.680008, 6.923917, 8.163525, 8.98658, 9.611975, 9.972707, 10.138774, 9.899166, 9.459558, 9.01995, 8.409975, 7.616553, 6.893585, 6.293585, 5.859776, 5.915798, 6.311697, 7.034664, 6.034664, 4.868474, 3.412452, 1.8, 0.0, 0.0, 0.0]"
1048,"[0.0, 0.0, 0.0, 0.0, 1.077033, 2.533055, 4.182297, 6.079664, 8.119272, 9.081846, 9.665432, 10.026165, 9.928799, 9.489191, 8.849583, 7.809975, 6.6, 5.2, 3.6, 2.4, 2.2, 2.4, 3.414214, 5.225291, 7.064898, 8.35296, 9.633311, 10.560037, 11.029311, 11.077764, 8.989703, 8.165374, 6.844238, 5.363887, 3.675826, 3.875826, 2.819804, 2.694427, 3.060618, 4.102838, 5.51529, 7.002086, 7.994455, 8.617119, 8.963753, 9.140156, 8.776514, 8.231359, 7.784145, 7.161481, 6.372627, 5.743899, 5.226879, 4.885239, 4.719048, 5.17507, 6.069497, 5.244876, 4.244876, 3.244876, 1.788854, 0.0, 0.0, 0.0]"
1049,"[0.0, 0.0, 0.0, 0.0, 1.077033, 2.341944, 3.797966, 5.695333, 7.539241, 8.306117, 8.885115, 9.24017, 8.955255, 8.511346, 7.867437, 7.023529, 5.812452, 4.4, 3.0, 2.2, 2.2, 2.8, 4.2, 6.2, 7.8, 9.2, 10.408319, 11.216638, 11.624957, 11.834029, 9.434029, 8.82571, 7.617391, 6.209072, 4.4, 4.6, 3.2, 2.72111, 2.852481, 3.866695, 5.080908, 6.095122, 6.936061, 7.366741, 7.514577, 7.662413, 7.662413, 7.380988, 7.099563, 6.668884, 5.955362, 5.36577, 4.885145, 4.40452, 4.350182, 4.915868, 5.653296, 4.853296, 4.053296, 2.976263, 1.56205, 0.0, 0.0, 0.0]"
1050,"[0.0, 0.0, 0.0, 0.0, 1.216553, 2.630766, 4.243218, 5.89246, 7.736369, 8.330893, 8.727757, 8.915305, 8.866063, 8.622154, 8.211077, 7.4, 6.232456, 4.915298, 3.515298, 2.562512, 2.582316, 3.34986, 4.667017, 6.267017, 8.019804, 9.4, 10.607681, 11.615362, 12.423043, 12.631362, 10.231362, 9.423681, 8.216, 6.608319, 4.832456, 5.279669, 4.079669, 3.50429, 3.581323, 4.391088, 5.556326, 6.843122, 7.905297, 8.715061, 9.159636, 9.336039, 9.238097, 9.060102, 8.69646, 8.151305, 7.528641, 6.739787, 5.925413, 5.422062, 5.080421, 5.130784, 5.743235, 4.848808, 3.829004, 2.829004, 1.612452, 0.0, 0.0, 0.0]"
1051,"[0.0, 0.0, 0.0, 0.0, 1.216553, 2.672574, 4.321817, 6.165726, 8.009635, 8.83269, 9.220577, 9.382412, 9.338503, 8.894594, 8.054986, 7.411077, 6.4, 5.047214, 3.847214, 2.930056, 2.362512, 2.582316, 3.351655, 4.751655, 6.268812, 7.836356, 9.016553, 10.0, 10.6, 10.8, 8.6, 7.8, 6.8, 5.424621, 3.871835, 4.271835, 3.271835, 2.792945, 3.099695, 4.066695, 5.228745, 6.525801, 7.501747, 8.067432, 8.350275, 8.485281, 8.485281, 8.350275, 8.215269, 7.932426, 7.366741, 6.835875, 6.350858, 5.988808, 5.774594, 5.908134, 6.184165, 5.107132, 3.907132, 2.707132, 1.442221, 0.0, 0.0, 0.0]"
1052,"[0.0, 0.0, 0.0, 0.0, 1.2, 2.6, 4.212452, 6.023529, 8.033504, 8.833504, 9.433504, 9.621052, 9.609975, 9.2, 8.4, 7.6, 6.624621, 5.271835, 3.871835, 2.954677, 2.387133, 2.562512, 3.315298, 4.715298, 6.232456, 7.609975, 8.819047, 9.855115, 10.464188, 10.674163, 8.664188, 8.067567, 7.031499, 5.822427, 4.412452, 4.695294, 3.482843, 2.915298, 2.809725, 3.375916, 4.535294, 5.697344, 6.785353, 7.611391, 8.165666, 8.335897, 8.386298, 8.278285, 8.080974, 7.70215, 7.531919, 7.200092, 6.868266, 6.686752, 6.561663, 6.319443, 6.453032, 5.172407, 3.830766, 2.614214, 1.414214, 0.0, 0.0, 0.0]"
1053,"[0.0, 0.0, 0.0, 0.0, 1.0, 2.216553, 3.630766, 5.243218, 7.054295, 7.865372, 8.459896, 8.645683, 8.433231, 7.822154, 7.011077, 6.2, 5.232456, 4.115298, 3.115298, 2.562512, 2.387133, 2.774481, 3.891639, 5.291639, 6.844425, 8.019804, 9.2, 10.009072, 10.618144, 10.618144, 8.618144, 8.218144, 7.409072, 6.2, 5.0, 5.447214, 4.047214, 3.247214, 3.071835, 3.438025, 4.271436, 5.152061, 5.994282, 6.611881, 7.058142, 7.389969, 7.632499, 7.713433, 7.612853, 7.342042, 6.895781, 6.538817, 6.147033, 5.971583, 5.649746, 5.483556, 5.582276, 4.450905, 3.284715, 2.264911, 1.264911, 0.0, 0.0, 0.0]"
1054,"[0.0, 0.0, 0.0, 0.0, 1.019804, 2.434017, 4.046469, 5.890378, 7.929986, 8.94979, 9.545551, 9.744177, 9.500268, 9.06066, 8.421052, 7.411077, 6.2, 4.882843, 3.482843, 2.365685, 1.998141, 2.614693, 3.944302, 5.744302, 7.66146, 9.229004, 10.412452, 11.4, 11.8, 12.0, 9.8, 9.4, 8.4, 7.2, 5.4, 5.6, 3.6, 2.282843, 1.715298, 2.009725, 3.074636, 4.339548, 5.579859, 6.470559, 7.099286, 7.35753, 7.70507, 7.624136, 7.442622, 7.085658, 6.639536, 6.046889, 5.604668, 5.263027, 5.17387, 5.228208, 5.550045, 4.550045, 3.550045, 2.473012, 1.341641, 0.0, 0.0, 0.0]"
1055,"[0.0, 0.0, 0.0, 0.0, 1.0, 2.2, 3.6, 5.2, 6.8, 7.6, 8.0, 8.2, 8.014214, 7.828427, 7.10546, 6.399887, 5.520998, 4.553998, 3.539784, 3.028436, 2.85512, 3.153813, 4.120813, 5.320813, 6.755128, 8.234017, 9.414214, 10.2, 10.8, 11.0, 8.8, 8.4, 7.6, 6.4, 4.832456, 5.115298, 3.515298, 2.562512, 2.283622, 2.499695, 3.216852, 4.183042, 5.07747, 5.698, 6.291692, 6.733913, 7.009943, 6.948927, 6.887911, 6.611881, 6.335851, 5.970663, 5.51466, 5.034035, 4.692466, 4.374803, 4.29777, 3.473149, 2.673149, 1.848528, 1.0, 0.0, 0.0, 0.0]"
1056,"[0.0, 0.0, 0.0, 0.0, 1.131371, 2.545584, 4.107634, 5.828099, 7.548564, 8.137659, 8.567354, 8.567354, 8.261102, 7.954851, 7.515011, 6.671102, 5.933673, 5.11946, 3.988089, 3.107464, 2.907464, 3.102647, 3.767558, 5.00787, 6.494666, 7.753792, 8.793114, 9.860584, 10.573497, 10.745827, 8.686701, 8.34804, 7.181849, 6.022814, 4.563688, 4.763688, 3.043223, 2.159876, 1.803953, 2.203953, 3.284578, 4.565203, 5.84441, 6.68535, 7.2474, 7.528825, 7.662413, 7.514577, 7.366741, 7.085315, 6.80389, 6.555867, 6.161458, 5.747244, 5.486423, 5.371989, 5.486423, 4.466619, 3.466619, 2.446815, 1.280625, 0.0, 0.0, 0.0]"
1057,"[0.0, 0.0, 0.0, 0.0, 1.16619, 2.608411, 4.170461, 5.890926, 7.611391, 8.165666, 8.610241, 8.768656, 8.660643, 8.463333, 8.007779, 7.140786, 6.420321, 5.60787, 4.6504, 4.017945, 3.798141, 3.817945, 4.282856, 5.240325, 6.494666, 7.581462, 8.724989, 9.740429, 10.549655, 10.826189, 8.939393, 8.662859, 7.724149, 6.468801, 5.10547, 5.50547, 3.818674, 2.877033, 2.432456, 2.526883, 3.293073, 4.373698, 5.254323, 6.183917, 6.85154, 7.12757, 7.289166, 7.450761, 7.330932, 7.049507, 6.887911, 6.726316, 6.284095, 5.861678, 5.581054, 5.320233, 5.170979, 4.170979, 3.151175, 2.151175, 1.131371, 0.0, 0.0, 0.0]"
1058,"[0.0, 0.0, 0.0, 0.0, 1.0, 2.2, 3.6, 5.212452, 6.824903, 7.624903, 8.037355, 8.249806, 8.051568, 7.704028, 6.981061, 6.263036, 5.371695, 4.404695, 3.539784, 2.909965, 2.736648, 3.035341, 3.788128, 4.988128, 6.540914, 7.819804, 9.0, 10.0, 10.6, 10.8, 8.8, 8.6, 7.8, 6.6, 5.2, 5.6, 3.6, 2.4, 1.8, 2.0, 2.6, 3.8, 4.8, 5.8, 6.2, 6.6, 6.814214, 7.028427, 6.828427, 6.628427, 6.428427, 6.014214, 5.619804, 5.314231, 5.114231, 4.934035, 5.134035, 4.114231, 3.219804, 2.219804, 1.2, 0.0, 0.0, 0.0]"
1059,"[0.0, 0.0, 0.0, 0.0, 0.848528, 1.979899, 3.394113, 4.956162, 6.653219, 7.6486, 8.079279, 8.227115, 8.107286, 7.57642, 6.898701, 6.161272, 5.199222, 4.357002, 3.473654, 2.707464, 2.482843, 2.603953, 3.003953, 4.001735, 5.298791, 6.67869, 7.937479, 8.917378, 9.616652, 9.899495, 7.919596, 7.636753, 6.937479, 5.806108, 4.54732, 4.74732, 3.050263, 1.969638, 1.753566, 1.753566, 2.553566, 3.719756, 4.861397, 5.570582, 6.191113, 6.532754, 6.708204, 6.708204, 6.708204, 6.532754, 6.191113, 5.849472, 5.507831, 4.990812, 4.824621, 4.844425, 5.010615, 4.010615, 3.185994, 2.185994, 1.16619, 0.0, 0.0, 0.0]"
1060,"[0.0, 0.0, 0.0, 0.0, 0.8, 2.0, 3.4, 4.8, 6.2, 6.8, 7.0, 7.0, 7.0, 6.816553, 6.436356, 5.668812, 4.989922, 4.037136, 3.220583, 2.647993, 2.736648, 2.909965, 3.539784, 4.553998, 5.520998, 6.599887, 7.715435, 8.648377, 9.244139, 9.8399, 8.0399, 7.642377, 7.046615, 6.056444, 4.646469, 4.846469, 3.234017, 2.019804, 1.4, 1.4, 2.2, 3.4, 4.4, 5.4, 6.2, 6.6, 6.8, 7.0, 6.8, 6.6, 6.2, 5.624621, 4.945731, 4.59426, 4.11537, 4.11537, 4.310553, 3.589442, 2.740914, 2.019804, 1.019804, 0.0, 0.0, 0.0]"
1061,"[0.0, 0.0, 0.0, 0.0, 1.019804, 2.039608, 3.304519, 4.760541, 6.216563, 6.652781, 7.088999, 7.165729, 6.875897, 6.586066, 6.130044, 5.52255, 4.813364, 4.047174, 3.280984, 2.728197, 2.679669, 3.047214, 3.647214, 4.661427, 5.863456, 6.960822, 8.114888, 9.268954, 10.008807, 10.51363, 8.616264, 8.170999, 7.472955, 6.338693, 4.984627, 5.384627, 3.675826, 2.419804, 1.847214, 1.612899, 2.061427, 3.192798, 4.273423, 5.240423, 6.088951, 6.654636, 6.937479, 7.071068, 6.788225, 6.505382, 6.091169, 5.571382, 5.176973, 5.045602, 4.738852, 4.738852, 5.010615, 3.990812, 2.990812, 2.16619, 1.16619, 0.0, 0.0, 0.0]"
