Packet_No,CSI_Data
1,"[0.0, 0.0, 0.0, 0.0, 1.077033, 2.418674, 3.941828, 5.730683, 7.519537, 8.231359, 8.678572, 8.864218, 8.598519, 8.074575, 7.305525, 6.341291, 5.032491, 3.792179, 2.974481, 2.675788, 3.017357, 4.140512, 5.646523, 7.353376, 8.912616, 10.414759, 11.559937, 12.59951, 13.113776, 13.307289, 10.638956, 9.619866, 8.05635, 6.109127, 4.035264, 4.667719, 4.218477, 4.753566, 6.232456, 8.432456, 10.607134, 12.413793, 13.620452, 14.427112, 14.634245, 14.235431, 13.428771, 12.034564, 10.244457, 8.069779, 6.26146, 5.06146, 5.169473, 6.233271, 8.600816, 11.688634, 14.811739, 13.091274, 10.810923, 7.810923, 4.123106, 0.0, 0.0, 0.0]"
2,"[0.0, 0.0, 0.0, 0.0, 1.280625, 2.842675, 4.686584, 6.530493, 8.656522, 9.355796, 9.637655, 9.637655, 9.514211, 8.830402, 8.192144, 7.425268, 6.213815, 4.89335, 3.851129, 3.141944, 2.959338, 3.607508, 4.769558, 6.213466, 7.744342, 9.291226, 10.618282, 11.562225, 12.325997, 12.495047, 10.053735, 8.888275, 7.513653, 5.538428, 3.65326, 4.477882, 4.449875, 5.328479, 7.129128, 9.510342, 11.71227, 13.52296, 14.737888, 15.529686, 15.926162, 15.507293, 14.491462, 13.276534, 11.465845, 8.873397, 6.71293, 5.503858, 5.055933, 5.767748, 7.977827, 10.971543, 13.854841, 12.292791, 10.166762, 7.324228, 3.883298, 0.0, 0.0, 0.0]"
3,"[0.0, 0.0, 0.0, 0.0, 1.264911, 2.720933, 4.429734, 6.3271, 8.481166, 9.113622, 9.554966, 9.743532, 9.495408, 8.797364, 8.314211, 7.436648, 6.139282, 4.937253, 3.928445, 3.079917, 3.060113, 3.801753, 5.063341, 6.655735, 8.326117, 9.759222, 11.048171, 11.947051, 12.538033, 12.710283, 10.277178, 9.259041, 7.728393, 5.663489, 3.65517, 4.549597, 4.393168, 5.404196, 7.312374, 9.580707, 11.791114, 13.633577, 14.844, 15.668621, 16.105123, 15.720583, 14.763038, 13.308462, 11.466, 9.161165, 7.006556, 5.490237, 5.435183, 6.215229, 8.368194, 11.301079, 14.526149, 12.737295, 10.501227, 7.548262, 4.049691, 0.0, 0.0, 0.0]"
4,"[0.0, 0.0, 0.0, 0.0, 1.264911, 2.720933, 4.429734, 6.399505, 8.458631, 9.252846, 9.85595, 10.206276, 10.025358, 9.489387, 8.953416, 8.159201, 6.900075, 5.743676, 4.941631, 4.243098, 4.194739, 4.850761, 5.927107, 7.175768, 8.767756, 10.057196, 11.284456, 12.258937, 12.705774, 12.630105, 10.124112, 8.896853, 7.233375, 5.216766, 3.075826, 3.970253, 3.970253, 5.03851, 7.112374, 9.824418, 12.228475, 14.028217, 15.19592, 15.977821, 16.125189, 15.655131, 14.832472, 13.387785, 11.546234, 9.311444, 6.683017, 4.849912, 4.638835, 5.433693, 7.416206, 10.639655, 13.860649, 12.260649, 10.051577, 7.244443, 3.820995, 0.0, 0.0, 0.0]"
5,"[0.0, 0.0, 0.0, 0.0, 1.216553, 2.630766, 4.441843, 6.25292, 8.25292, 9.036368, 9.622154, 9.611077, 9.6, 9.212452, 8.626665, 7.646469, 6.567579, 5.333265, 4.320813, 3.62771, 3.739277, 4.460387, 5.615167, 7.074293, 8.58925, 9.963872, 11.027645, 11.990461, 12.539016, 12.744259, 10.238266, 9.294324, 7.611042, 5.450575, 3.209264, 3.930374, 3.782537, 4.782537, 6.743643, 9.386177, 11.789166, 13.630717, 14.886481, 15.733926, 16.002662, 15.706989, 14.859544, 13.447689, 11.47255, 9.08239, 6.453963, 4.766754, 4.337059, 5.182463, 7.28978, 10.345544, 13.445429, 12.031215, 9.905186, 7.076759, 3.820995, 0.0, 0.0, 0.0]"
6,"[0.0, 0.0, 0.0, 0.0, 1.077033, 2.533055, 4.241856, 6.139222, 8.036589, 8.856923, 9.298267, 9.298267, 9.109701, 8.668357, 7.848023, 6.845084, 5.701968, 4.393168, 3.384359, 3.131947, 3.257324, 4.091639, 5.502716, 7.09511, 8.506557, 9.919858, 11.188191, 12.045446, 12.674171, 12.674171, 10.241066, 9.185185, 7.516852, 5.44852, 3.495294, 4.389721, 4.042181, 4.939548, 6.619898, 9.05735, 11.136136, 12.97606, 14.431305, 15.313231, 15.755215, 15.502295, 14.677811, 13.169109, 11.223384, 8.661106, 6.140812, 4.754889, 4.47303, 5.382506, 7.610933, 10.816811, 13.89227, 12.33022, 10.204191, 7.375764, 3.969887, 0.0, 0.0, 0.0]"
7,"[0.0, 0.0, 0.0, 0.0, 1.216553, 2.630766, 4.430766, 6.230766, 8.230766, 9.014214, 9.6, 9.6, 9.6, 9.014214, 8.230766, 7.25057, 6.344997, 5.177453, 4.395695, 4.02767, 4.139237, 4.687031, 5.843429, 7.36504, 8.857452, 10.255903, 11.533977, 12.413455, 12.789211, 12.978093, 10.448271, 9.436778, 7.934635, 5.970499, 3.88789, 4.712511, 4.403711, 5.23752, 7.080154, 9.440074, 11.622112, 13.428356, 14.6346, 15.432525, 15.63205, 15.432525, 14.6346, 13.228356, 11.422112, 9.240074, 6.63294, 4.945731, 4.601753, 5.437821, 7.281533, 10.380018, 13.395216, 11.939194, 9.703126, 7.034793, 3.736308, 0.0, 0.0, 0.0]"
8,"[0.0, 0.0, 0.0, 0.0, 1.077033, 2.341944, 4.050745, 5.699987, 7.543896, 8.310772, 8.88977, 8.830211, 8.636991, 8.249104, 7.571385, 6.727477, 5.799345, 4.943323, 4.208411, 4.042221, 4.383861, 5.371552, 6.81116, 8.3704, 10.000989, 11.289938, 12.388271, 13.355322, 13.903399, 13.903399, 11.272809, 10.309585, 8.758947, 6.65163, 4.421041, 5.053497, 4.42614, 4.781195, 6.260085, 8.460085, 10.82763, 12.811077, 14.206244, 15.206244, 15.606244, 15.206244, 14.006244, 12.6, 10.419804, 7.819804, 5.419804, 4.439608, 4.28885, 5.549397, 8.061441, 11.549259, 14.65256, 13.003318, 10.722967, 7.810923, 4.123106, 0.0, 0.0, 0.0]"
9,"[0.0, 0.0, 0.0, 0.0, 1.077033, 2.243223, 3.685444, 5.405909, 7.126374, 7.769806, 8.324081, 8.602325, 8.324081, 8.045836, 7.491562, 6.595718, 5.475253, 4.598717, 3.788952, 3.622762, 4.014693, 5.063936, 6.395617, 8.104101, 9.520711, 10.904158, 12.11848, 13.084678, 13.529415, 13.712806, 11.112806, 10.146608, 8.547955, 6.394733, 3.994733, 4.627189, 3.994733, 4.573731, 6.029337, 8.49767, 10.728778, 12.523279, 13.738782, 14.710132, 14.905364, 14.710132, 13.886788, 12.476619, 10.437011, 8.173447, 5.787957, 4.446316, 4.505875, 5.827011, 8.200224, 11.522933, 14.613478, 12.904677, 10.563737, 7.590523, 3.984972, 0.0, 0.0, 0.0]"
10,"[0.0, 0.0, 0.0, 0.0, 1.264911, 2.720933, 4.429734, 6.399505, 8.369277, 9.074137, 9.587887, 9.848858, 9.667941, 9.221324, 8.707574, 7.757606, 6.587835, 5.431436, 4.540737, 3.884715, 3.941944, 4.483585, 5.639984, 7.066654, 8.547005, 9.911283, 11.130892, 11.903287, 12.285472, 12.337502, 9.896191, 8.947393, 7.463176, 5.421865, 3.289485, 4.010595, 3.840364, 4.822457, 6.754838, 9.333326, 11.837119, 13.619802, 14.960676, 15.853198, 16.205204, 15.75879, 15.03988, 13.428734, 11.726986, 9.317601, 6.739112, 4.95423, 4.607596, 5.247772, 7.30515, 10.433814, 13.65732, 12.2151, 10.051769, 7.27328, 3.944617, 0.0, 0.0, 0.0]"
11,"[0.0, 0.0, 0.0, 0.0, 1.077033, 2.341944, 3.991186, 5.835095, 7.679004, 8.44588, 9.024878, 9.024878, 8.636991, 8.057993, 7.291117, 6.447208, 5.363651, 4.507629, 3.963829, 3.886796, 4.228436, 5.311993, 6.751601, 8.43881, 10.046491, 11.50485, 12.655608, 13.616, 14.007681, 14.0, 11.2, 10.211077, 8.667099, 6.761526, 4.561526, 5.410054, 4.940618, 5.454368, 6.840291, 9.160585, 11.224101, 12.987295, 14.122359, 15.004286, 15.196035, 14.813814, 13.863045, 12.407452, 10.322207, 7.857377, 5.527555, 4.222017, 4.134825, 5.338143, 7.890929, 11.131859, 14.283331, 12.721281, 10.44093, 7.44093, 4.0, 0.0, 0.0, 0.0]"
12,"[0.0, 0.0, 0.0, 0.0, 1.0, 2.16619, 3.778642, 5.499107, 7.219572, 8.063481, 8.617756, 8.725769, 8.447525, 8.007684, 7.329966, 6.434122, 5.113657, 3.954279, 3.073654, 2.628574, 2.803953, 3.818167, 5.379233, 7.105262, 8.664502, 10.225752, 11.531833, 12.408218, 12.843438, 13.004399, 10.443149, 9.44332, 7.854397, 5.858832, 3.617521, 4.442142, 4.063318, 4.720802, 6.391184, 8.874466, 10.913409, 12.702263, 14.043904, 14.760801, 15.030484, 14.850201, 13.955774, 12.43773, 10.765391, 8.533536, 6.297468, 5.081204, 5.068753, 6.188128, 8.467017, 11.619804, 14.6, 13.0, 10.6, 7.6, 4.0, 0.0, 0.0, 0.0]"
13,"[0.0, 0.0, 0.0, 0.0, 1.077033, 2.418674, 4.031125, 5.75159, 7.638387, 8.44815, 8.993305, 9.169708, 9.061695, 8.516539, 7.894654, 7.027662, 6.063428, 4.89819, 4.189005, 3.724094, 3.781323, 4.569154, 5.842405, 7.20995, 8.818268, 10.28682, 11.365093, 12.190213, 12.735797, 12.873062, 10.327478, 9.480662, 8.101268, 6.188139, 4.089768, 4.889768, 4.501881, 5.305463, 6.909075, 9.061862, 11.308171, 12.982644, 14.143368, 14.953609, 15.217173, 14.770864, 14.056978, 12.635283, 10.930615, 8.699506, 6.299506, 4.482897, 4.374096, 5.241528, 7.416206, 10.42245, 13.627709, 12.027709, 9.818637, 7.011503, 3.80526, 0.0, 0.0, 0.0]"
14,"[0.0, 0.0, 0.0, 0.0, 1.131371, 2.411996, 4.132461, 5.852926, 7.739722, 8.608351, 9.214523, 9.214523, 9.214523, 8.889776, 8.170401, 7.283605, 6.195595, 4.922344, 4.081404, 3.820583, 4.220583, 5.200579, 6.792974, 8.352214, 9.862232, 11.182526, 12.616384, 13.623086, 14.128412, 14.384268, 11.663974, 10.515031, 8.882935, 6.921879, 4.583415, 5.477842, 4.994689, 5.706505, 7.290202, 9.685523, 11.915196, 13.781226, 15.061074, 16.058632, 16.496342, 16.214776, 15.342851, 13.657439, 11.532187, 8.973053, 6.130519, 4.44331, 4.335297, 5.387053, 7.71881, 11.217381, 14.715276, 13.102824, 10.770443, 7.717576, 4.219005, 0.0, 0.0, 0.0]"
15,"[0.0, 0.0, 0.0, 0.0, 1.16619, 2.608411, 4.328876, 6.172785, 8.172785, 9.132624, 9.534312, 9.657756, 9.534312, 9.146764, 8.362375, 7.595499, 6.576211, 5.255746, 4.090508, 3.573489, 3.573489, 4.090508, 5.410974, 7.089789, 8.52791, 9.713618, 10.917562, 11.887822, 12.307377, 12.307377, 10.044635, 9.061101, 7.536566, 5.623438, 3.760696, 4.585317, 4.364908, 5.085514, 6.894369, 9.37881, 11.716467, 13.815756, 15.257623, 16.144976, 16.313402, 16.035565, 15.035946, 13.594079, 11.546041, 9.214283, 6.612685, 4.995995, 4.509199, 5.228574, 7.115145, 10.255751, 13.252124, 11.852124, 9.852124, 7.244443, 3.820995, 0.0, 0.0, 0.0]"
16,"[0.0, 0.0, 0.0, 0.0, 1.0, 2.442221, 3.884441, 5.604906, 7.448815, 8.448815, 8.72706, 9.005304, 8.72706, 8.224791, 7.390982, 6.564944, 5.444479, 4.285101, 3.54346, 3.009725, 3.281489, 4.243539, 5.804605, 7.184504, 8.960367, 10.202496, 11.331171, 12.177986, 12.888812, 12.888812, 10.480493, 9.486825, 7.927471, 5.68396, 3.275641, 3.996751, 3.58032, 4.448949, 6.282086, 8.843336, 11.095439, 12.938914, 14.063014, 14.906763, 15.188047, 14.776083, 13.778013, 12.350969, 10.35824, 7.96292, 5.684513, 4.558483, 4.473879, 5.578576, 8.043406, 11.113174, 14.098146, 12.485695, 10.249627, 7.337583, 3.984972, 0.0, 0.0, 0.0]"
17,"[0.0, 0.0, 0.0, 0.0, 1.216553, 2.630766, 4.430766, 6.230766, 8.240741, 9.024189, 9.61995, 9.61995, 9.61995, 9.209975, 8.624189, 7.634017, 6.555128, 5.476238, 4.476238, 3.886646, 4.033032, 4.873972, 5.873326, 7.436657, 8.944417, 10.385907, 11.507139, 12.565163, 13.009513, 13.009513, 10.401832, 9.439016, 7.791898, 5.816672, 3.767134, 4.567134, 4.302691, 5.141092, 6.925245, 9.325684, 11.656179, 13.330653, 14.585784, 15.29967, 15.569353, 15.12214, 14.227712, 12.791664, 11.002809, 8.6823, 5.999019, 4.657378, 4.577324, 5.389749, 7.542972, 10.960573, 13.928787, 12.219987, 10.065921, 7.280243, 3.862642, 0.0, 0.0, 0.0]"
18,"[0.0, 0.0, 0.0, 0.0, 1.280625, 2.842675, 4.686584, 6.666483, 8.646382, 9.491786, 9.909635, 9.909635, 9.626792, 9.208943, 8.363539, 7.54983, 6.530543, 5.433486, 4.592547, 4.136543, 4.170353, 4.759945, 6.003854, 7.322351, 8.778081, 10.107903, 11.479367, 12.235458, 12.725673, 12.919185, 10.389363, 9.252928, 7.672732, 5.54291, 3.469046, 4.363473, 4.237386, 5.114948, 7.244771, 9.630448, 11.898299, 13.727755, 15.182999, 16.005788, 16.382388, 16.132154, 15.309366, 13.665555, 11.577856, 9.240199, 6.528155, 4.719443, 4.533797, 5.504954, 7.543897, 10.654486, 13.872919, 12.349764, 10.113696, 7.250132, 3.939543, 0.0, 0.0, 0.0]"
19,"[0.0, 0.0, 0.0, 0.0, 1.216553, 2.829004, 4.441456, 6.252533, 8.06361, 8.857032, 9.254556, 9.453181, 9.453181, 9.098126, 8.304704, 7.371762, 6.281795, 5.103173, 4.279607, 3.784165, 3.873322, 4.493852, 5.570198, 7.025803, 8.585044, 9.892717, 11.181666, 12.103454, 12.448498, 12.64201, 10.168147, 9.246358, 7.78196, 5.91454, 3.88789, 4.712511, 4.417924, 5.251734, 7.086048, 9.438835, 11.614214, 13.4, 14.8, 15.606244, 15.806244, 15.606244, 14.806244, 13.206244, 11.4, 9.2, 6.6, 4.832456, 4.488478, 5.176539, 7.096833, 10.314434, 13.476712, 12.02069, 9.932629, 7.212335, 3.794733, 0.0, 0.0, 0.0]"
20,"[0.0, 0.0, 0.0, 0.0, 1.0, 2.216553, 3.630766, 5.280008, 6.929251, 7.773159, 8.205849, 8.404087, 8.169059, 7.736369, 6.89246, 6.043218, 4.87798, 3.863766, 3.279669, 3.000779, 3.36697, 4.442911, 6.012682, 7.534293, 9.343005, 10.706636, 11.903776, 12.797568, 13.363797, 13.307838, 10.778016, 9.766522, 8.167869, 6.013261, 3.739397, 4.539397, 4.047149, 4.626147, 6.296529, 8.529634, 10.593199, 12.436058, 13.651561, 14.474904, 14.905364, 14.710132, 13.886788, 12.283399, 10.488898, 8.191019, 5.922686, 4.581046, 4.774266, 5.789706, 8.283432, 11.376282, 14.56107, 12.911828, 10.631477, 7.572065, 4.079216, 0.0, 0.0, 0.0]"
21,"[0.0, 0.0, 0.0, 0.0, 1.0, 2.2, 3.6, 5.411077, 7.222154, 8.033231, 8.644308, 8.844308, 8.633231, 8.222154, 7.411077, 6.424621, 5.545731, 4.392945, 3.714055, 3.714055, 4.170059, 5.0614, 6.583958, 8.203788, 9.73361, 11.173279, 12.472872, 13.415144, 13.986248, 13.986248, 11.265954, 10.062711, 8.492308, 6.428792, 4.29897, 5.02008, 4.527832, 4.997268, 6.34874, 8.54874, 10.62763, 12.411077, 13.8, 14.8, 15.2, 14.8, 14.0, 12.6, 10.4, 7.8, 5.682843, 4.37727, 4.100425, 5.336493, 7.72217, 11.044879, 14.200143, 12.676988, 10.44092, 7.655243, 4.049691, 0.0, 0.0, 0.0]"
22,"[0.0, 0.0, 0.0, 0.0, 1.280625, 2.893076, 4.681931, 6.651702, 8.621474, 9.494915, 9.852235, 10.033152, 9.852235, 9.494915, 8.68249, 7.844089, 6.595428, 5.406573, 4.515232, 3.894702, 3.840364, 4.533467, 5.744544, 7.223434, 8.902324, 10.432972, 11.825892, 12.622496, 13.022496, 13.222496, 10.614815, 9.618758, 8.030881, 5.878095, 3.678095, 4.572522, 4.217467, 5.237271, 7.223162, 9.686726, 12.017202, 13.984629, 15.368469, 16.191129, 16.354114, 15.957638, 14.967294, 13.354922, 11.513372, 9.086823, 6.541238, 4.829244, 4.474189, 5.148036, 7.333714, 10.468473, 13.797054, 12.341032, 10.25297, 7.467293, 4.049691, 0.0, 0.0, 0.0]"
23,"[0.0, 0.0, 0.0, 0.0, 1.216553, 2.630766, 4.474675, 6.318584, 8.358192, 9.039006, 9.712853, 9.766311, 9.571645, 9.181279, 8.698126, 7.610065, 6.512698, 5.429141, 4.379899, 3.598141, 3.598141, 4.212355, 5.208719, 6.608719, 8.139594, 9.580905, 10.774373, 11.820004, 12.427685, 12.544705, 10.103394, 9.057763, 7.450082, 5.289614, 3.409264, 4.303691, 4.183861, 5.070658, 7.064755, 9.549196, 11.817047, 13.703489, 15.257623, 16.144976, 16.422812, 15.980829, 14.932516, 13.378382, 11.330344, 8.889176, 6.451725, 4.995995, 4.37411, 5.247551, 7.126441, 10.2612, 13.29922, 12.034309, 9.880243, 7.280243, 3.862642, 0.0, 0.0, 0.0]"
24,"[0.0, 0.0, 0.0, 0.0, 1.280625, 3.00109, 4.721555, 6.721555, 8.847584, 9.692988, 10.098553, 10.378087, 10.098553, 9.692988, 8.9086, 7.859604, 6.684225, 5.410974, 4.090508, 3.381323, 3.470481, 4.207909, 5.604605, 7.330634, 9.139489, 10.58098, 11.626611, 12.561191, 13.319603, 13.210673, 10.602992, 9.715776, 8.068658, 5.905327, 4.02016, 5.039964, 4.93195, 5.840187, 7.78741, 10.25224, 12.530921, 14.411319, 16.059529, 16.843731, 17.187452, 16.752531, 15.692786, 14.09303, 12.096517, 9.561863, 7.098299, 5.665194, 5.189584, 6.065943, 8.297797, 11.390647, 14.513752, 12.901301, 10.56892, 7.615955, 4.123106, 0.0, 0.0, 0.0]"
25,"[0.0, 0.0, 0.0, 0.0, 1.0, 2.280625, 3.842675, 5.539731, 7.38364, 8.227549, 8.790833, 9.072692, 8.937686, 8.374401, 7.530493, 6.581011, 5.184316, 3.905108, 3.071697, 2.792807, 2.89838, 3.86538, 5.562436, 7.241252, 8.800493, 10.361742, 11.667823, 12.408218, 13.002483, 13.163443, 10.602193, 9.725808, 8.136885, 5.982276, 3.823808, 4.648429, 4.146161, 4.803644, 6.474027, 8.874466, 10.913409, 12.702263, 14.043904, 14.854145, 15.034428, 14.770864, 14.056978, 12.538934, 10.77325, 8.630796, 6.478009, 4.955827, 4.992618, 5.948061, 8.2535, 11.258822, 14.409144, 12.759902, 10.523834, 7.497285, 4.04475, 0.0, 0.0, 0.0]"
26,"[0.0, 0.0, 0.0, 0.0, 1.0, 2.280625, 3.722845, 5.335297, 6.947748, 7.736603, 8.176443, 8.346674, 8.176443, 7.844616, 7.055762, 6.183825, 5.203829, 4.208822, 3.560653, 3.580457, 4.131929, 5.111925, 6.475788, 8.123683, 9.577743, 10.898037, 12.197629, 13.298596, 13.686578, 13.881048, 11.160754, 10.092618, 8.397127, 6.328794, 3.943304, 4.57576, 3.996762, 4.48901, 5.977071, 8.224051, 10.564809, 12.404733, 13.800767, 14.62475, 14.880605, 14.437214, 13.42044, 12.024406, 10.132166, 7.978944, 5.849121, 4.892431, 4.904095, 6.164642, 8.694464, 12.014679, 15.045039, 13.324574, 11.044223, 7.881945, 4.16173, 0.0, 0.0, 0.0]"
27,"[0.0, 0.0, 0.0, 0.0, 1.16619, 2.778642, 4.499107, 6.499107, 8.499107, 9.458946, 9.846494, 10.126029, 9.846494, 9.458946, 8.775137, 7.669564, 6.469564, 5.381555, 4.216317, 3.574096, 3.756702, 4.479857, 5.636256, 7.075838, 8.439169, 9.803447, 11.000587, 11.772982, 12.447435, 12.725416, 10.284105, 9.176262, 7.692045, 5.530796, 3.489485, 4.210595, 4.012357, 4.915223, 6.923542, 9.496755, 12.031409, 14.023073, 15.449051, 16.296497, 16.434553, 16.021323, 15.023764, 13.597786, 11.622647, 9.232487, 6.672796, 5.089098, 4.45084, 5.229341, 7.286719, 10.502448, 13.622443, 12.280803, 10.221677, 7.443188, 3.944617, 0.0, 0.0, 0.0]"
28,"[0.0, 0.0, 0.0, 0.0, 1.0, 2.442221, 4.054672, 5.775137, 7.619046, 8.462955, 8.864643, 8.972657, 8.694412, 8.131128, 7.45341, 6.503928, 5.383463, 4.388456, 3.707831, 3.366262, 3.548868, 4.391088, 5.787783, 7.313813, 8.89751, 10.366062, 11.614566, 12.599084, 13.16378, 13.16378, 10.618196, 9.77138, 8.109143, 6.050874, 3.842555, 4.563665, 4.13397, 4.947678, 6.723542, 9.214267, 11.46637, 13.307921, 14.733899, 15.44968, 15.883055, 15.600566, 14.753121, 13.067709, 11.224233, 8.732589, 6.324707, 4.741009, 4.729345, 5.684788, 8.005297, 11.300163, 14.593794, 12.884993, 10.648925, 7.695961, 4.118252, 0.0, 0.0, 0.0]"
29,"[0.0, 0.0, 0.0, 0.0, 1.131371, 2.411996, 4.109052, 5.806108, 7.650017, 8.362555, 8.778987, 8.778987, 8.64398, 8.080696, 7.368158, 6.565529, 5.500928, 4.338878, 3.458254, 3.151504, 3.33411, 4.143875, 5.46434, 7.06434, 8.520069, 10.004286, 11.25279, 12.22305, 12.7843, 12.912268, 10.351018, 9.222343, 7.697809, 5.583773, 3.375454, 4.096564, 3.815139, 4.628848, 6.444376, 8.935101, 11.187204, 13.017849, 14.14922, 14.997748, 15.280237, 14.997748, 14.14922, 12.758415, 10.92777, 8.587012, 6.17913, 4.916388, 4.904724, 5.90445, 8.245208, 11.379967, 14.242608, 12.533808, 10.253457, 7.280243, 3.862642, 0.0, 0.0, 0.0]"
30,"[0.0, 0.0, 0.0, 0.0, 1.2, 2.614214, 4.425291, 6.435266, 8.445241, 9.255216, 9.652079, 9.652079, 9.453181, 9.055658, 8.245683, 7.45441, 6.275788, 4.747554, 3.582316, 3.103426, 3.249812, 4.140512, 5.506911, 7.099305, 8.8113, 10.053429, 11.137955, 12.088713, 12.679694, 12.654908, 10.246589, 9.25136, 7.728393, 5.663489, 3.538013, 4.362634, 4.164396, 5.097338, 6.939971, 9.464262, 11.864544, 13.675234, 15.088707, 15.905292, 16.124707, 15.530393, 14.514562, 12.902191, 10.89384, 8.467291, 6.236702, 4.876158, 4.762137, 5.671614, 8.044827, 11.205726, 14.357198, 12.660142, 10.534113, 7.560899, 4.0, 0.0, 0.0, 0.0]"
31,"[0.0, 0.0, 0.0, 0.0, 1.264911, 2.788066, 4.496866, 6.466638, 8.43641, 9.14127, 9.587887, 9.667941, 9.40697, 9.145999, 8.632249, 7.682282, 6.693427, 5.43184, 4.170253, 3.346687, 3.493073, 4.107287, 5.222123, 6.618818, 8.149694, 9.315884, 10.509351, 11.554982, 12.152385, 12.152385, 9.820004, 8.774373, 7.166692, 5.172594, 3.456477, 4.281098, 4.242203, 5.031057, 7.000453, 9.416804, 11.722678, 13.424426, 14.946161, 15.840141, 15.840141, 15.392927, 14.404092, 13.063274, 10.918876, 8.776422, 6.375983, 4.964536, 4.394764, 5.428574, 7.315145, 10.438179, 13.418818, 12.018818, 9.818818, 7.211137, 3.80526, 0.0, 0.0, 0.0]"
32,"[0.0, 0.0, 0.0, 0.0, 1.16619, 2.689345, 4.398146, 6.295512, 8.192879, 8.924055, 9.298267, 9.486833, 9.298267, 8.924055, 8.368329, 7.637153, 6.588315, 5.511969, 4.5545, 4.061388, 3.97223, 4.579724, 5.791177, 7.235467, 8.596011, 9.927297, 11.071275, 11.827366, 12.22571, 12.424957, 10.016638, 9.029089, 7.506122, 5.545017, 3.583912, 4.408533, 4.210295, 4.944339, 6.905444, 9.08882, 11.290748, 13.101438, 14.496604, 15.313189, 15.709148, 15.511026, 14.694442, 13.10065, 11.28996, 9.063411, 6.517827, 4.830618, 4.674189, 5.348036, 7.26833, 10.216587, 13.290209, 11.834187, 9.746126, 7.025832, 3.794733, 0.0, 0.0, 0.0]"
33,"[0.0, 0.0, 0.0, 0.0, 1.019804, 2.236356, 3.848808, 5.448808, 7.248808, 8.029004, 8.612452, 8.811077, 8.823529, 8.437742, 7.854295, 6.878916, 5.633524, 4.421073, 3.572544, 3.250419, 3.767439, 4.657775, 6.101684, 7.772067, 9.310745, 10.599693, 11.972098, 12.956617, 13.351138, 13.548622, 10.918033, 9.933515, 8.18212, 6.183987, 3.753397, 4.353397, 3.726041, 4.460085, 6.063698, 8.471378, 10.897928, 12.740787, 13.989122, 14.779603, 15.000349, 14.604389, 13.75405, 12.34388, 10.533883, 8.426567, 6.243191, 4.928546, 4.928546, 6.185857, 8.524158, 11.569794, 14.754583, 13.105341, 10.631477, 7.572065, 4.079216, 0.0, 0.0, 0.0]"
34,"[0.0, 0.0, 0.0, 0.0, 1.341641, 2.954092, 4.840889, 6.727685, 8.727685, 9.386044, 9.773592, 9.773592, 9.607261, 9.219713, 8.561354, 7.638387, 6.576211, 5.30296, 4.090508, 3.381323, 3.470481, 4.08808, 5.337923, 6.917822, 8.565717, 9.840838, 10.959867, 11.983105, 12.564455, 12.564455, 10.123144, 9.123945, 7.535021, 5.606227, 3.77309, 4.597711, 4.491683, 5.257679, 7.041832, 9.458183, 11.944151, 13.798718, 15.211941, 16.10592, 16.473455, 15.762866, 14.688345, 13.347527, 11.378579, 8.868591, 6.715804, 5.304357, 4.551138, 5.249105, 7.135676, 10.09434, 13.274715, 12.058163, 10.018555, 7.410874, 4.004997, 0.0, 0.0, 0.0]"
35,"[0.0, 0.0, 0.0, 0.0, 1.019804, 2.284715, 3.740737, 5.449538, 7.158338, 7.847335, 8.291225, 8.358358, 8.105579, 7.613331, 6.924334, 6.015533, 5.124834, 4.116026, 3.531929, 3.512125, 4.126338, 5.190939, 6.743725, 8.391621, 9.999302, 11.363577, 12.445009, 13.223498, 13.721636, 13.721636, 10.943147, 9.885124, 8.520848, 6.46347, 4.303002, 4.935458, 4.431545, 4.666574, 6.225815, 8.446934, 10.726522, 12.672248, 14.12784, 14.952324, 15.196035, 14.813814, 13.739597, 12.284005, 10.198974, 7.734143, 5.604321, 4.536064, 4.499273, 5.715537, 8.096751, 11.318905, 14.319051, 12.706599, 10.470531, 7.642104, 4.01995, 0.0, 0.0, 0.0]"
36,"[0.0, 0.0, 0.0, 0.0, 1.019804, 2.236356, 3.65057, 5.263022, 7.074099, 7.865372, 8.459896, 8.658134, 8.459896, 7.865372, 7.131328, 6.214678, 5.167912, 4.153698, 3.502831, 3.425798, 3.873012, 4.956568, 6.596176, 8.266559, 9.674878, 10.940918, 12.091676, 12.852068, 13.423134, 13.622496, 11.014815, 10.025892, 8.681914, 6.59589, 4.388209, 5.236737, 4.767301, 5.100134, 6.533089, 8.662911, 10.787597, 12.608234, 13.981657, 14.989869, 15.43326, 15.060047, 14.051835, 12.598358, 10.513113, 7.987113, 5.587113, 4.281575, 4.134825, 5.320533, 7.701747, 10.895859, 13.868326, 12.306276, 10.043534, 7.215107, 3.820995, 0.0, 0.0, 0.0]"
37,"[0.0, 0.0, 0.0, 0.0, 0.894427, 2.336648, 3.778868, 5.499333, 7.219798, 8.16928, 8.570968, 8.849213, 8.570968, 8.192144, 7.514426, 6.564944, 5.244479, 4.085101, 3.190674, 2.745594, 3.131791, 4.174012, 5.735078, 7.287865, 8.899135, 10.226191, 11.562459, 12.497039, 13.10472, 13.278332, 10.670651, 9.612628, 8.000329, 5.958334, 3.652341, 4.284796, 3.829242, 4.371853, 5.960233, 8.290055, 10.630814, 12.52818, 13.792593, 14.611741, 14.802213, 14.358821, 13.537484, 12.087425, 10.280401, 8.125793, 6.228426, 4.781913, 4.908001, 6.022161, 8.32004, 11.231594, 14.460272, 12.81103, 10.530679, 7.667115, 4.123106, 0.0, 0.0, 0.0]"
38,"[0.0, 0.0, 0.0, 0.0, 1.0, 2.280625, 3.694838, 5.391895, 7.088951, 7.93286, 8.349291, 8.349291, 8.214285, 7.797854, 6.953945, 6.151316, 5.137102, 4.022266, 3.341641, 3.418674, 3.865887, 5.078339, 6.631125, 8.157154, 9.625706, 10.82965, 12.045625, 12.874052, 13.57645, 13.57645, 11.030866, 10.046348, 8.498545, 6.564545, 4.301804, 5.101804, 4.334928, 4.763104, 6.022742, 8.3399, 10.403464, 12.37274, 13.710249, 14.602492, 15.048801, 14.601846, 13.525308, 12.1878, 10.035918, 7.436822, 5.467427, 4.517459, 4.42111, 5.735755, 8.095675, 11.054339, 14.054485, 12.442033, 10.232961, 7.425828, 4.01995, 0.0, 0.0, 0.0]"
39,"[0.0, 0.0, 0.0, 0.0, 1.2, 2.6, 4.4, 6.2, 8.2, 9.009975, 9.421052, 9.432129, 9.232129, 8.832129, 8.022154, 7.230881, 6.244425, 5.21011, 4.01011, 3.658639, 3.638835, 4.256434, 5.479603, 7.049375, 8.354912, 9.884735, 10.972336, 11.713304, 12.273354, 12.273354, 9.743532, 8.736865, 7.10147, 5.018861, 3.064795, 3.889417, 3.822284, 4.825223, 6.71895, 9.239244, 11.645722, 13.420798, 14.941033, 15.831192, 16.157207, 15.711786, 14.897296, 13.633761, 11.744303, 9.419104, 6.916269, 5.29966, 4.545594, 5.403953, 7.290524, 10.232584, 13.253579, 11.853579, 9.653579, 7.045898, 3.820995, 0.0, 0.0, 0.0]"
40,"[0.0, 0.0, 0.0, 0.0, 1.0, 2.16619, 3.507831, 5.296686, 7.08554, 7.794341, 8.336951, 8.607762, 8.342062, 7.894848, 7.352238, 6.491965, 5.326728, 4.250786, 3.630256, 3.483869, 3.835341, 4.988128, 6.550889, 8.038851, 9.452152, 10.882742, 12.111169, 12.964758, 13.584113, 13.781597, 11.151008, 10.133658, 8.470093, 6.241666, 3.811077, 4.443533, 3.849008, 4.26146, 5.870532, 8.301121, 10.497093, 12.307089, 13.721187, 14.538664, 14.736502, 14.515756, 13.698279, 12.284181, 10.257632, 8.06166, 5.853979, 4.644907, 4.741256, 6.157865, 8.571719, 11.664569, 14.787675, 13.078874, 10.662265, 7.615955, 4.123106, 0.0, 0.0, 0.0]"
41,"[0.0, 0.0, 0.0, 0.0, 1.0, 2.280625, 3.722845, 5.335297, 6.947748, 7.736603, 8.244832, 8.415063, 8.244832, 7.913006, 7.255522, 6.187778, 4.975326, 3.98032, 3.33215, 3.200779, 3.893883, 5.143125, 6.665683, 8.449837, 9.955829, 11.224897, 12.354144, 13.268813, 13.630693, 13.630693, 10.947411, 10.138694, 8.595894, 6.449861, 4.391081, 5.023537, 4.185136, 4.540552, 6.034125, 8.132496, 10.473254, 12.315097, 13.729311, 14.714552, 14.997394, 14.432499, 13.585315, 12.171101, 10.059831, 7.678618, 5.670299, 4.564074, 4.390172, 5.731112, 8.257112, 11.462664, 14.565965, 13.042811, 10.701871, 7.728657, 4.123106, 0.0, 0.0, 0.0]"
42,"[0.0, 0.0, 0.0, 0.0, 1.264911, 2.788066, 4.57692, 6.463716, 8.522842, 9.317057, 9.680699, 9.778641, 9.504296, 8.968325, 8.17411, 7.307117, 6.020321, 4.855083, 3.779142, 3.146687, 3.293073, 4.107287, 5.357129, 6.753825, 8.40172, 9.676841, 10.703938, 11.614563, 12.331904, 12.331904, 9.890593, 9.011331, 7.535021, 5.420985, 3.540634, 4.365256, 4.259228, 5.097628, 7.067024, 9.530588, 11.836462, 13.691029, 15.031847, 15.925827, 16.192758, 15.745544, 14.671023, 13.330205, 11.185807, 8.776422, 6.540354, 5.128907, 4.573349, 5.407159, 7.293729, 10.246516, 13.421895, 12.007681, 10.007681, 7.4, 4.0, 0.0, 0.0, 0.0]"
43,"[0.0, 0.0, 0.0, 0.0, 1.019804, 2.219804, 3.619804, 5.232255, 7.032255, 7.823529, 8.423529, 8.623529, 8.411077, 7.82763, 7.036356, 6.060978, 5.026663, 4.026663, 3.375796, 3.250419, 3.690709, 4.774266, 6.218175, 7.861562, 9.375453, 10.718223, 11.876115, 12.832206, 13.430267, 13.430267, 10.822586, 9.82653, 8.243082, 6.068404, 3.942928, 4.575383, 3.980859, 4.564306, 6.140923, 8.465761, 10.640439, 12.430546, 13.83679, 14.634377, 14.83383, 14.634377, 13.83679, 12.242998, 10.436338, 8.26166, 6.253979, 5.044907, 5.044907, 6.286218, 8.70663, 11.712181, 14.931186, 13.318735, 10.877423, 7.824556, 4.219005, 0.0, 0.0, 0.0]"
44,"[0.0, 0.0, 0.0, 0.0, 1.019804, 2.434017, 4.034017, 5.634017, 7.434017, 8.225291, 8.622154, 8.622154, 8.422154, 8.022154, 7.230881, 6.314231, 5.435341, 4.667797, 4.092418, 4.072614, 4.5924, 5.591755, 7.018426, 8.429873, 10.029873, 11.401337, 12.466549, 13.270988, 14.081229, 14.081229, 11.295551, 10.298728, 8.877384, 6.552185, 4.352185, 4.984641, 4.412339, 4.814027, 6.373268, 8.641601, 10.921189, 12.866914, 14.12784, 14.952324, 15.196035, 14.757855, 13.683639, 12.228046, 10.143015, 7.678184, 5.604321, 4.51626, 4.467017, 5.847214, 8.4, 11.605551, 14.81031, 13.21031, 10.81031, 7.81031, 4.204759, 0.0, 0.0, 0.0]"
45,"[0.0, 0.0, 0.0, 0.0, 1.280625, 2.694838, 4.391895, 6.371794, 8.351693, 9.197097, 9.762782, 9.909635, 9.626792, 9.061107, 8.215703, 7.235804, 6.216516, 5.11946, 4.270931, 3.790307, 3.81011, 4.441511, 5.550312, 6.954398, 8.390466, 9.703043, 10.753014, 11.651894, 12.289803, 12.289803, 9.957423, 8.974585, 7.443937, 5.436256, 3.600188, 4.321298, 4.212357, 4.979233, 6.659584, 9.102118, 11.505107, 13.371138, 14.807473, 15.782886, 15.913566, 15.632, 14.632107, 13.331762, 11.356623, 9.104519, 6.544828, 5.089098, 4.45084, 5.229341, 7.014223, 10.131381, 13.251376, 11.909735, 9.850609, 7.344617, 3.944617, 0.0, 0.0, 0.0]"
46,"[0.0, 0.0, 0.0, 0.0, 1.280625, 2.842675, 4.56314, 6.407049, 8.533078, 9.232352, 9.650201, 9.773645, 9.773645, 9.209666, 8.510392, 7.607526, 6.588238, 5.344329, 4.347964, 3.86734, 3.81011, 4.508644, 5.697498, 7.190939, 8.72332, 10.144827, 11.341966, 12.114362, 12.662917, 12.771847, 10.330536, 9.222693, 7.738477, 5.530796, 3.489485, 4.210595, 4.012357, 4.779233, 6.787552, 9.215979, 11.750633, 13.592183, 15.154152, 16.001597, 16.284439, 15.871209, 14.895796, 13.469818, 11.494679, 9.104519, 6.544828, 5.089098, 4.45084, 5.324281, 7.286452, 10.403609, 13.426065, 12.084424, 9.930358, 7.247077, 3.847077, 0.0, 0.0, 0.0]"
47,"[0.0, 0.0, 0.0, 0.0, 1.0, 2.280625, 3.694838, 5.391895, 7.088951, 7.93286, 8.349291, 8.497128, 8.214285, 7.797854, 6.953945, 5.977999, 5.015949, 4.048949, 3.400779, 3.200779, 3.74458, 4.853381, 6.375939, 8.160093, 9.866085, 11.379663, 12.534427, 13.51762, 13.879499, 14.056788, 11.278299, 10.203589, 8.515536, 6.369503, 3.969064, 4.534749, 3.912085, 4.367639, 5.898514, 8.223353, 10.542108, 12.428785, 13.761188, 14.650724, 14.927485, 14.549036, 13.555295, 12.114879, 10.139044, 7.854603, 5.948611, 4.783912, 4.868516, 6.199802, 8.573016, 11.533915, 14.762593, 13.065537, 10.657218, 7.684004, 4.123106, 0.0, 0.0, 0.0]"
48,"[0.0, 0.0, 0.0, 0.0, 1.16619, 2.507831, 4.120283, 5.840748, 7.840748, 8.518466, 9.020734, 9.128748, 9.128748, 8.570968, 8.0687, 7.301824, 6.381359, 5.29335, 4.57224, 4.250403, 4.57337, 5.37337, 6.750889, 8.265847, 9.719906, 10.988239, 12.251804, 13.153872, 13.781369, 13.74061, 11.072277, 10.01979, 8.507746, 6.276638, 4.043533, 4.609218, 4.063052, 4.312294, 5.7679, 8.236233, 10.697097, 12.458735, 13.836042, 14.77453, 15.132746, 14.539302, 13.522728, 12.307256, 10.30051, 7.721175, 5.68807, 4.678095, 4.479469, 5.695733, 8.076947, 11.326604, 14.371354, 12.758902, 10.522834, 7.694407, 4.04475, 0.0, 0.0, 0.0]"
49,"[0.0, 0.0, 0.0, 0.0, 1.019804, 2.475826, 3.931848, 5.640649, 7.349449, 8.1185, 8.371279, 8.624057, 8.438411, 8.185632, 7.613331, 6.70453, 5.716839, 4.82614, 4.170118, 4.030599, 4.672819, 5.672174, 7.039719, 8.648037, 10.116589, 11.502796, 12.610758, 13.583971, 14.00408, 14.14922, 11.320793, 10.336275, 8.643686, 6.536369, 4.045644, 4.6781, 3.965561, 4.381993, 5.786912, 8.277637, 10.473608, 12.453507, 13.867721, 14.852961, 14.990664, 14.570556, 13.585315, 12.036095, 9.924825, 7.543612, 5.535293, 4.409264, 4.567679, 6.00899, 8.561776, 11.767327, 14.929058, 13.208593, 10.767282, 7.767282, 4.16173, 0.0, 0.0, 0.0]"
50,"[0.0, 0.0, 0.0, 0.0, 0.8, 1.819804, 3.084715, 4.349626, 5.872781, 6.595935, 6.917772, 6.994502, 6.806624, 6.303273, 5.60474, 4.863099, 3.921458, 3.044425, 2.424621, 2.424621, 2.990812, 4.033032, 5.553497, 6.997406, 8.435527, 9.677655, 10.643753, 11.484538, 12.048948, 12.048948, 9.640629, 8.79436, 7.233111, 5.272005, 3.009264, 3.409264, 2.741641, 3.083282, 4.522864, 6.686195, 8.847445, 10.673312, 11.939352, 12.77285, 13.05083, 12.652911, 11.776526, 10.611065, 8.611882, 6.17057, 4.20724, 3.163331, 2.986021, 4.352972, 6.633323, 9.595601, 12.401152, 11.136241, 9.04818, 6.767829, 3.605551, 0.0, 0.0, 0.0]"
51,"[0.0, 0.0, 0.0, 0.0, 0.8, 1.8, 3.2, 4.6, 6.2, 7.0, 7.6, 7.6, 7.6, 7.0, 6.2, 5.2, 4.0, 2.8, 2.082843, 1.915298, 2.139919, 3.395941, 4.845184, 6.40625, 8.009862, 9.618346, 10.595429, 11.576776, 12.165972, 12.165972, 9.732867, 8.755784, 6.949816, 4.716711, 2.480643, 3.080643, 2.644425, 3.432255, 5.271863, 7.507931, 9.538521, 11.382281, 12.633393, 13.45735, 13.851871, 13.45735, 12.633393, 10.986382, 8.947439, 6.599692, 4.563624, 3.156472, 3.354133, 4.738584, 7.262875, 10.269119, 13.060112, 11.645898, 9.436826, 6.629692, 3.423449, 0.0, 0.0, 0.0]"
52,"[0.0, 0.0, 0.0, 0.0, 0.824621, 1.824621, 3.224621, 4.824621, 6.424621, 7.2, 7.8, 7.8, 7.6, 7.2, 6.424621, 5.457077, 4.339919, 3.339919, 2.539919, 2.563826, 3.097561, 4.337873, 5.587115, 7.226723, 8.614263, 9.881178, 10.988612, 11.969959, 12.560941, 12.560941, 10.127836, 8.953269, 7.399712, 5.216337, 2.980269, 3.380269, 2.924247, 3.447214, 5.0, 7.4, 9.8, 11.6, 13.0, 13.8, 14.2, 13.6, 12.8, 11.4, 9.4, 6.8, 4.8, 3.6, 3.264911, 4.504519, 6.935108, 9.990872, 12.84053, 11.575619, 9.536011, 6.905422, 3.649658, 0.0, 0.0, 0.0]"
53,"[0.0, 0.0, 0.0, 0.0, 0.848528, 1.979899, 3.394113, 4.956162, 6.518212, 7.231734, 7.662413, 7.69042, 7.542584, 7.111905, 6.398383, 5.557443, 4.515223, 3.301009, 2.369638, 2.12111, 2.4, 3.414214, 4.670236, 6.367602, 7.921668, 9.262608, 10.265004, 11.149922, 11.593495, 11.593495, 9.252555, 8.100857, 6.779721, 4.838781, 2.684715, 3.131929, 2.94405, 3.573489, 5.26155, 7.60249, 9.875571, 11.518832, 12.781633, 13.605616, 13.98497, 13.545027, 12.912794, 11.613202, 9.720962, 7.400668, 5.120317, 3.597941, 3.11686, 3.940965, 6.102215, 9.102215, 11.97746, 10.846089, 9.00218, 6.44093, 3.44093, 0.0, 0.0, 0.0]"
54,"[0.0, 0.0, 0.0, 0.0, 0.8, 1.8, 3.2, 4.812452, 6.424903, 7.237355, 7.651568, 7.665782, 7.467544, 7.071645, 6.459193, 5.64498, 4.630766, 3.416553, 2.4, 2.032456, 2.432456, 3.446669, 4.808719, 6.608719, 8.139594, 9.580905, 10.608003, 11.487264, 11.767615, 11.767615, 9.326304, 8.165618, 6.572835, 4.492484, 2.329153, 2.776367, 2.627113, 3.475641, 5.25554, 7.663859, 10.045072, 11.886915, 13.163073, 14.156387, 14.438793, 14.018685, 12.88938, 11.358387, 9.385173, 7.094448, 4.686129, 3.474676, 3.374096, 4.433222, 6.640903, 9.803181, 12.89094, 11.5493, 9.490174, 6.882493, 3.720215, 0.0, 0.0, 0.0]"
55,"[0.0, 0.0, 0.0, 0.0, 0.8, 1.8, 3.0, 4.414214, 5.828427, 6.442641, 6.856854, 7.071068, 6.873407, 6.459193, 5.84498, 5.030766, 3.816553, 2.8, 2.2, 2.12111, 2.52111, 3.601735, 5.190589, 6.760361, 8.193317, 9.534257, 10.783454, 11.524422, 12.084472, 12.271346, 9.930406, 8.923739, 7.560107, 5.59597, 3.45503, 3.902244, 3.379089, 3.812899, 5.247214, 7.447214, 9.6, 11.4, 12.6, 13.4, 13.6, 13.2, 12.2, 11.0, 9.2, 6.8, 4.6, 3.432456, 3.097367, 4.067138, 6.467138, 9.698237, 12.742737, 11.477826, 9.508054, 6.908054, 3.676955, 0.0, 0.0, 0.0]"
56,"[0.0, 0.0, 0.0, 0.0, 0.72111, 1.887301, 3.167925, 4.610146, 6.172196, 7.013136, 7.289166, 7.450761, 7.174731, 6.612681, 5.945059, 4.950052, 3.707831, 2.541641, 1.941641, 1.494427, 1.895742, 2.976367, 4.538417, 6.025213, 7.637125, 9.120978, 10.346346, 11.290289, 11.735873, 11.840078, 9.507697, 8.443925, 6.659042, 4.609504, 2.446173, 2.846173, 2.423757, 3.158669, 4.773192, 7.053543, 9.373837, 11.074328, 12.53035, 13.353277, 13.54679, 13.300359, 12.619673, 11.121842, 9.295975, 7.104955, 4.831091, 3.512594, 3.554402, 4.699583, 7.047329, 10.145814, 13.112521, 11.656499, 9.616892, 6.986302, 3.687818, 0.0, 0.0, 0.0]"
57,"[0.0, 0.0, 0.0, 0.0, 0.8, 1.8, 3.016553, 4.430766, 5.84498, 6.694222, 7.306673, 7.504334, 7.306673, 6.89246, 6.043218, 5.030766, 3.816553, 2.6, 1.882843, 1.530056, 2.007089, 3.072, 4.780801, 6.395325, 8.184179, 9.343214, 10.511408, 11.410289, 11.946027, 11.946027, 9.709959, 8.926096, 7.143036, 5.157145, 3.121077, 3.521077, 2.871835, 3.647214, 5.2, 7.4, 9.6, 11.4, 12.6, 13.4, 13.6, 13.2, 12.4, 11.0, 9.219804, 7.067017, 5.267017, 3.988128, 4.111282, 5.06125, 7.297318, 10.207907, 13.511719, 11.988565, 10.018793, 7.335511, 4.024922, 0.0, 0.0, 0.0]"
58,"[0.0, 0.0, 0.0, 0.0, 0.824621, 1.901654, 3.166565, 4.68972, 6.212874, 7.000705, 7.446826, 7.70507, 7.523556, 7.077435, 6.289604, 5.366449, 4.243295, 3.184497, 2.507464, 2.315298, 2.792331, 3.733972, 5.013179, 6.593078, 8.086652, 9.272361, 10.193461, 11.176996, 11.605416, 11.742128, 9.479387, 8.49727, 6.951685, 4.943367, 2.680625, 3.24631, 2.965685, 3.527735, 5.127735, 7.569046, 9.887802, 11.772243, 13.094634, 13.979075, 14.258058, 13.705998, 12.821557, 11.460271, 9.470257, 7.149963, 4.817582, 3.264795, 3.083282, 4.075651, 6.395945, 9.676189, 12.916793, 11.575152, 9.688356, 6.968062, 3.687818, 0.0, 0.0, 0.0]"
59,"[0.0, 0.0, 0.0, 0.0, 0.894427, 1.97146, 3.313101, 4.836256, 6.545056, 7.35943, 7.991198, 8.105579, 8.105579, 7.661689, 6.847316, 5.7042, 4.531021, 3.207866, 2.142955, 1.848528, 2.282843, 3.4, 4.8, 6.4, 8.009072, 9.24514, 10.081208, 10.717276, 11.153344, 10.954247, 8.718179, 7.882111, 6.446043, 4.409975, 2.4, 3.0, 2.816553, 3.629004, 5.638076, 7.847148, 9.877738, 11.468319, 12.684295, 13.30365, 13.725167, 13.30365, 12.506491, 11.478064, 9.649637, 7.419047, 5.209975, 3.765685, 3.131876, 4.018672, 6.124665, 9.077629, 11.911944, 10.745754, 8.858957, 6.352965, 3.4, 0.0, 0.0, 0.0]"
60,"[0.0, 0.0, 0.0, 0.0, 0.824621, 1.901654, 3.166565, 4.779017, 6.391468, 7.179299, 7.714717, 7.972961, 7.5267, 6.991281, 6.203451, 5.190999, 4.067844, 3.101654, 2.424621, 2.424621, 2.990812, 4.152861, 5.649918, 7.375947, 8.831677, 10.226736, 11.38498, 12.572365, 13.16663, 13.447529, 10.886279, 9.728035, 7.974965, 5.887126, 3.325876, 3.725876, 3.18363, 3.508281, 4.963887, 7.493709, 9.879387, 11.832797, 13.349989, 14.235141, 14.617363, 14.172625, 13.096778, 11.772807, 9.624214, 6.71217, 4.57123, 3.473863, 3.224621, 4.6, 7.4, 10.6, 13.8, 12.4, 10.2, 7.4, 4.0, 0.0, 0.0, 0.0]"
61,"[0.0, 0.0, 0.0, 0.0, 1.0, 2.2, 3.6, 5.2, 7.0, 7.811077, 8.422154, 8.622154, 8.422154, 7.822154, 7.011077, 6.0, 4.847214, 3.647214, 2.847214, 2.479669, 2.528197, 3.361609, 4.77406, 6.162914, 7.589585, 8.895123, 9.955438, 10.759596, 11.38735, 11.564292, 9.410226, 8.511507, 6.816008, 4.799399, 2.763331, 3.363331, 3.12111, 4.2, 6.009072, 8.416753, 10.64518, 12.471729, 13.698279, 14.515756, 14.736502, 14.316394, 13.498917, 12.072367, 10.245818, 8.017391, 5.609072, 3.8, 3.4, 4.011077, 6.018758, 9.225002, 12.24845, 11.04845, 9.237373, 6.629692, 3.423449, 0.0, 0.0, 0.0]"
62,"[0.0, 0.0, 0.0, 0.0, 0.72111, 1.615537, 2.781728, 4.123369, 5.646523, 6.448568, 7.077295, 7.252745, 6.988138, 6.35941, 5.557366, 4.599897, 3.458256, 2.581223, 2.086796, 2.165685, 2.8, 4.014214, 5.658122, 7.29773, 8.778081, 9.919021, 10.845748, 11.418448, 11.71978, 11.71978, 9.37884, 8.650352, 7.253546, 5.512606, 3.232255, 3.515098, 2.797074, 3.118911, 4.405707, 6.738088, 8.961238, 10.572803, 11.838844, 12.559728, 12.73334, 12.463416, 12.016549, 10.750509, 8.967449, 6.661456, 4.825388, 3.590883, 3.529867, 4.592042, 7.112336, 9.99258, 12.888174, 11.607549, 9.720753, 7.000459, 3.720215, 0.0, 0.0, 0.0]"
63,"[0.0, 0.0, 0.0, 0.0, 0.824621, 1.844425, 3.060978, 4.475191, 6.087643, 6.863022, 7.443218, 7.640879, 7.443218, 7.047319, 6.27194, 5.304395, 4.173024, 3.356472, 2.587133, 2.61104, 3.144775, 4.385087, 5.634329, 7.031024, 8.222104, 9.291982, 10.201932, 10.985795, 11.574991, 11.574991, 9.338923, 8.36184, 7.005768, 5.019876, 2.980269, 3.380269, 2.924247, 3.247214, 4.611077, 6.820149, 8.828468, 10.436149, 11.64383, 12.639887, 12.839134, 12.44079, 11.44556, 10.437879, 8.430746, 6.222427, 4.212452, 3.4, 3.2, 4.2, 6.4, 9.6, 12.2, 10.8, 9.0, 6.6, 3.4, 0.0, 0.0, 0.0]"
64,"[0.0, 0.0, 0.0, 0.0, 0.8, 1.819804, 3.234017, 4.690039, 6.339282, 7.188524, 7.817962, 7.859771, 7.620301, 6.990863, 6.341621, 5.292378, 4.036356, 3.019804, 2.4, 1.965685, 2.214214, 3.294838, 4.815303, 6.3021, 7.62321, 9.01075, 10.062506, 10.578109, 11.023694, 11.196023, 8.959956, 7.969216, 6.454258, 4.40472, 2.345594, 2.745594, 2.480986, 3.28303, 4.886984, 7.219365, 9.325357, 10.856005, 12.11134, 13.003032, 13.278332, 12.831466, 12.110581, 10.774313, 8.995824, 6.670985, 4.811859, 3.725063, 3.882843, 4.882843, 7.207681, 10.03423, 12.686765, 11.086765, 9.086765, 6.479084, 3.452535, 0.0, 0.0, 0.0]"
65,"[0.0, 0.0, 0.0, 0.0, 0.894427, 2.236068, 3.678288, 5.29074, 7.079594, 7.797619, 8.06843, 8.149364, 8.060067, 7.612853, 7.020205, 6.207754, 5.131813, 4.055872, 3.346687, 3.326883, 3.941096, 5.055933, 6.608719, 8.308644, 9.814637, 11.083705, 12.385219, 13.248784, 13.779967, 13.957256, 11.273974, 10.199264, 8.616325, 6.752761, 4.469479, 5.2941, 4.721798, 5.252251, 6.452251, 8.652251, 10.62763, 12.411077, 13.6, 14.4, 14.8, 14.4, 13.609072, 12.209072, 10.209072, 7.609072, 5.491915, 4.003953, 3.966003, 5.129334, 7.613775, 10.829503, 14.053009, 12.49096, 10.327629, 7.443188, 3.944617, 0.0, 0.0, 0.0]"
66,"[0.0, 0.0, 0.0, 0.0, 1.019804, 2.475826, 4.125068, 5.936145, 7.975753, 8.995557, 9.579143, 9.773809, 9.575184, 8.991598, 8.216901, 7.071721, 5.675025, 4.262574, 3.253765, 2.62131, 2.726883, 3.679669, 5.290746, 6.88314, 8.531036, 10.004899, 11.325193, 12.182449, 12.811174, 12.811174, 10.337311, 9.266259, 7.597926, 5.562049, 3.481698, 4.330226, 4.022624, 5.08175, 6.781676, 9.360165, 11.464601, 13.347863, 14.51364, 15.406163, 15.580639, 15.235355, 14.342833, 12.906784, 11.023522, 8.895178, 6.734711, 5.422134, 5.34208, 6.341379, 8.563067, 11.608704, 14.528443, 12.819642, 10.478702, 7.432393, 3.939543, 0.0, 0.0, 0.0]"
67,"[0.0, 0.0, 0.0, 0.0, 0.8, 1.819804, 3.036356, 4.492378, 5.9484, 6.797643, 7.427081, 7.66655, 7.47544, 7.039221, 6.389979, 5.340737, 4.084715, 2.819804, 2.0, 1.565685, 1.965685, 3.04631, 4.658762, 6.247616, 7.651702, 9.068312, 10.387687, 11.191844, 11.819599, 12.003894, 9.587284, 8.510439, 6.81494, 4.681174, 2.527108, 2.927108, 2.423757, 3.225801, 4.91273, 7.25367, 9.45367, 11.219544, 12.482067, 13.297973, 13.486855, 13.227795, 12.339484, 10.818717, 8.927467, 6.680488, 4.539548, 3.242181, 3.37727, 4.682843, 7.2, 10.2, 13.2, 11.8, 9.6, 6.8, 3.6, 0.0, 0.0, 0.0]"
68,"[0.0, 0.0, 0.0, 0.0, 1.019804, 2.284715, 3.740737, 5.389979, 7.233888, 8.025161, 8.372702, 8.529131, 8.294103, 7.666746, 6.875473, 6.087643, 4.922405, 3.908191, 3.091639, 2.519048, 2.519048, 3.288387, 4.500839, 5.911916, 7.673774, 9.058225, 10.050745, 10.647366, 11.045361, 10.846264, 8.637192, 7.644672, 6.2356, 4.226528, 2.416553, 2.816553, 2.816553, 3.665795, 5.701863, 7.975726, 10.29602, 11.991512, 13.254313, 13.930289, 14.17672, 13.797366, 12.973383, 11.710582, 9.818342, 7.545261, 5.204321, 3.71626, 3.267017, 4.047214, 5.809072, 8.835621, 11.65907, 10.45907, 8.65907, 6.449998, 3.423449, 0.0, 0.0, 0.0]"
69,"[0.0, 0.0, 0.0, 0.0, 0.8, 1.8, 3.2, 4.6, 6.2, 7.0, 7.6, 7.6, 7.6, 7.2, 6.4, 5.4, 4.282843, 3.082843, 2.165685, 1.931371, 2.225798, 3.398977, 4.907778, 6.712997, 8.427662, 10.007098, 11.219409, 12.178941, 12.564743, 12.564743, 10.09088, 8.878569, 7.104663, 4.8308, 2.550449, 2.950449, 2.514231, 3.328605, 5.282671, 7.623611, 10.009288, 11.775162, 13.11267, 13.822169, 14.081229, 13.71216, 12.896254, 11.191586, 9.222449, 6.905291, 4.488682, 3.118911, 3.37727, 4.691915, 7.216206, 10.441109, 13.688186, 12.088186, 9.879114, 7.07198, 3.847077, 0.0, 0.0, 0.0]"
70,"[0.0, 0.0, 0.0, 0.0, 1.0, 2.2, 3.6, 5.2, 7.0, 7.811077, 8.411077, 8.611077, 8.411077, 8.011077, 7.2, 6.2, 5.2, 4.082843, 3.082843, 2.530056, 2.578584, 3.144775, 4.203573, 5.592427, 7.114985, 8.420523, 9.670942, 10.670241, 11.297996, 11.297996, 9.14393, 8.068962, 6.449132, 4.315365, 2.545594, 3.145594, 2.880986, 3.868676, 5.7399, 8.1399, 10.403464, 12.189995, 13.61169, 14.321188, 14.584752, 14.137797, 13.244004, 11.82231, 9.853173, 7.272451, 4.855842, 3.486071, 2.77727, 3.682843, 5.808319, 8.834868, 11.687403, 10.687403, 8.887403, 6.479084, 3.452535, 0.0, 0.0, 0.0]"
71,"[0.0, 0.0, 0.0, 0.0, 0.848528, 1.979899, 3.260524, 4.822574, 6.384624, 7.256561, 7.56741, 7.56741, 7.285985, 6.723935, 5.851998, 5.130888, 4.250263, 3.369638, 2.816852, 2.792945, 3.271835, 4.271835, 5.471835, 7.024621, 8.4, 9.608319, 10.816, 11.846589, 12.45427, 12.463342, 10.055023, 9.047342, 7.616753, 5.609072, 3.4, 3.847214, 3.141641, 3.397663, 4.837271, 7.270376, 9.491495, 11.460632, 12.868174, 13.69213, 14.12259, 13.690325, 12.67067, 11.419557, 9.380614, 6.71705, 4.480982, 3.269528, 2.921988, 3.806167, 6.022777, 9.253875, 12.298375, 11.033464, 9.324663, 6.908054, 3.676955, 0.0, 0.0, 0.0]"
72,"[0.0, 0.0, 0.0, 0.0, 0.894427, 2.159338, 3.682493, 5.205647, 6.914448, 7.669263, 8.053594, 8.053594, 7.986462, 7.542572, 6.970363, 6.042231, 4.801919, 3.545897, 2.563829, 2.119251, 2.398141, 3.315298, 4.715298, 6.432456, 8.0, 9.4, 10.6, 11.4, 11.8, 11.6, 9.2, 8.2, 6.6, 4.4, 2.4, 3.0, 2.8, 3.8, 5.8, 8.4, 10.8, 12.6, 14.0, 15.0, 15.4, 14.8, 13.8, 12.4, 10.2, 7.6, 5.2, 3.832456, 3.249008, 4.092917, 6.16678, 9.422544, 12.242624, 11.026072, 9.182163, 6.708299, 3.452535, 0.0, 0.0, 0.0]"
73,"[0.0, 0.0, 0.0, 0.0, 1.019804, 2.284715, 3.740737, 5.449538, 7.238392, 8.007443, 8.531386, 8.687815, 8.502169, 7.978226, 7.209176, 6.244942, 5.232491, 3.909336, 3.044425, 2.624621, 2.624621, 3.190812, 4.433032, 5.876941, 7.25684, 8.558248, 9.654799, 10.47532, 10.894153, 10.894153, 8.768124, 7.671573, 6.129941, 4.0672, 2.287301, 2.734514, 2.848949, 3.824895, 5.750924, 8.096508, 10.622508, 12.315097, 13.591255, 14.438439, 14.721282, 14.293653, 13.300338, 12.024181, 10.050967, 7.669753, 5.124169, 3.74427, 3.124247, 3.913101, 5.798268, 8.576757, 11.376757, 10.299724, 8.51087, 6.178489, 3.4, 0.0, 0.0, 0.0]"
74,"[0.0, 0.0, 0.0, 0.0, 0.8, 1.8, 3.0, 4.414214, 6.063456, 6.912698, 7.56194, 7.776154, 7.578493, 7.129251, 6.480008, 5.430766, 4.416553, 3.4, 2.8, 2.624621, 3.190812, 4.233032, 5.876941, 7.25684, 8.69496, 9.791512, 10.75761, 11.32202, 11.604863, 11.604863, 9.342121, 8.495852, 7.087533, 5.272005, 3.009264, 3.409264, 2.695742, 3.109955, 4.506651, 6.769392, 8.777711, 10.490433, 11.484538, 12.048948, 12.194525, 11.912236, 11.194895, 10.067201, 8.379992, 6.171673, 4.245644, 3.122845, 3.122845, 4.401735, 6.610054, 9.572332, 12.41212, 11.131495, 9.131495, 6.723176, 3.560899, 0.0, 0.0, 0.0]"
75,"[0.0, 0.0, 0.0, 0.0, 1.019804, 2.284715, 3.80787, 5.420321, 7.209176, 8.076168, 8.531722, 8.729032, 8.558801, 8.111588, 7.301824, 6.40598, 5.285515, 4.243295, 3.301654, 2.824621, 3.0, 3.616553, 4.672574, 5.981375, 7.351147, 8.320918, 9.340434, 9.943538, 10.293863, 10.293863, 8.324092, 7.502237, 6.243111, 4.383985, 2.614214, 3.246669, 3.097367, 4.006167, 5.703534, 7.844474, 9.997696, 11.518463, 12.59534, 13.483651, 13.672533, 13.416677, 12.528366, 11.19871, 9.432837, 7.503015, 4.973192, 3.358669, 3.119199, 3.88825, 5.524318, 8.477282, 11.594439, 10.377887, 8.589033, 6.352965, 3.4, 0.0, 0.0, 0.0]"
76,"[0.0, 0.0, 0.0, 0.0, 1.0, 2.16619, 3.778642, 5.487443, 7.276297, 7.985098, 8.527708, 8.624057, 8.438411, 7.991198, 7.448587, 6.460897, 5.19931, 4.076155, 3.181728, 2.581223, 2.937146, 3.706484, 4.918936, 6.471722, 8.106037, 9.229004, 10.212452, 10.8, 11.0, 11.0, 8.8, 8.014214, 6.638835, 4.721677, 2.721677, 3.321677, 3.107464, 4.082843, 6.0, 8.2, 10.4, 12.2, 13.4, 14.0, 14.2, 13.8, 13.0, 11.6, 10.0, 7.8, 5.4, 3.6, 3.2, 3.8, 5.8, 8.8, 11.8, 10.6, 8.8, 6.4, 3.4, 0.0, 0.0, 0.0]"
77,"[0.0, 0.0, 0.0, 0.0, 0.72111, 1.72111, 2.852481, 4.133106, 5.695156, 6.536096, 6.978316, 7.12757, 7.12757, 6.414048, 5.700526, 4.70552, 3.624895, 2.54427, 2.095742, 2.047214, 2.6, 3.814214, 5.425291, 7.064898, 8.545249, 10.019113, 11.134721, 11.853466, 12.287722, 12.287722, 9.813858, 8.896488, 7.366666, 5.292802, 3.012452, 3.412452, 2.819804, 3.234017, 4.677926, 6.958277, 9.22661, 10.875139, 12.32449, 13.11117, 13.263924, 12.831659, 11.974404, 10.327392, 8.496803, 6.263698, 4.02763, 2.782238, 2.907326, 4.166452, 6.649734, 9.874637, 12.980463, 11.638823, 9.579697, 6.896415, 3.671512, 0.0, 0.0, 0.0]"
78,"[0.0, 0.0, 0.0, 0.0, 1.0, 2.216553, 3.630766, 5.230766, 7.030766, 7.830766, 8.414214, 8.6, 8.4, 8.0, 7.219804, 6.052259, 4.899473, 3.699473, 2.499473, 1.926883, 2.119048, 2.888387, 4.102601, 5.713678, 7.276439, 8.860137, 10.051904, 11.03769, 11.634932, 11.624957, 9.216638, 8.222532, 6.647154, 4.438835, 2.438835, 3.038835, 2.824621, 3.6, 5.609072, 8.239661, 10.468089, 12.294638, 13.721187, 14.538664, 14.736502, 14.34118, 13.354238, 11.940141, 9.913591, 7.485164, 5.052059, 3.612452, 3.216553, 4.02763, 6.035948, 9.042608, 11.848485, 10.631932, 8.820855, 6.412537, 3.405877, 0.0, 0.0, 0.0]"
79,"[0.0, 0.0, 0.0, 0.0, 0.824621, 2.041174, 3.497196, 5.205996, 6.914797, 7.798977, 8.291225, 8.358358, 7.914468, 7.470578, 6.781581, 5.672781, 4.549626, 3.484715, 2.619804, 2.232456, 2.632456, 3.646669, 5.143725, 6.869755, 8.51765, 10.0789, 11.225936, 12.090129, 12.52535, 12.52535, 9.9641, 8.9649, 7.252179, 4.890929, 2.610578, 3.057792, 2.661932, 3.533869, 5.459898, 8.021148, 10.402361, 12.347441, 13.738246, 14.58543, 14.852608, 14.432499, 13.301129, 11.751909, 9.778695, 7.350268, 4.941949, 3.56205, 3.649242, 4.737304, 7.122981, 10.615831, 13.77349, 12.124248, 10.036186, 7.250509, 3.757659, 0.0, 0.0, 0.0]"
80,"[0.0, 0.0, 0.0, 0.0, 0.848528, 2.129153, 3.543367, 5.105416, 6.825882, 7.539403, 7.979244, 8.00725, 7.725825, 7.285985, 6.572463, 5.573109, 4.530888, 3.450263, 2.369638, 2.12111, 2.4, 3.216553, 4.665795, 6.363161, 8.104101, 9.445041, 10.828489, 11.779247, 12.411702, 12.224828, 9.883888, 8.73991, 7.159714, 5.029892, 2.875826, 3.508281, 3.129292, 3.818289, 5.506351, 7.980214, 10.259802, 12.155983, 13.552017, 14.626234, 14.872664, 14.490443, 13.60529, 12.149697, 10.007224, 7.68693, 5.157107, 3.634732, 3.399703, 4.359798, 6.521048, 9.801292, 12.955821, 11.541608, 9.561709, 7.000459, 3.720215, 0.0, 0.0, 0.0]"
81,"[0.0, 0.0, 0.0, 0.0, 1.0, 2.4, 3.8, 5.4, 7.2, 8.0, 8.4, 8.6, 8.4, 8.0, 7.2, 6.0, 4.847214, 3.647214, 2.447214, 2.012899, 2.307326, 3.125024, 4.381046, 6.024955, 7.498877, 8.840518, 10.008712, 10.985795, 11.377954, 11.377954, 9.141886, 7.925333, 6.316849, 4.363624, 2.524016, 3.124016, 3.107464, 3.895294, 5.652059, 8.120392, 10.383956, 12.243368, 13.690328, 14.710132, 14.905364, 14.474904, 13.4551, 12.044931, 10.005323, 7.588973, 5.155868, 3.71626, 3.067017, 3.847214, 5.8, 9.006244, 11.806244, 10.806244, 9.006244, 6.606244, 3.4, 0.0, 0.0, 0.0]"
82,"[0.0, 0.0, 0.0, 0.0, 1.0, 2.4, 3.8, 5.4, 7.012452, 7.624903, 7.837355, 8.049806, 7.86402, 7.651568, 7.039117, 6.226665, 5.014214, 3.882843, 2.882843, 2.330056, 2.378584, 3.144775, 4.304153, 5.693007, 7.034648, 8.155891, 9.225769, 9.937614, 10.384828, 10.384828, 8.415056, 7.520629, 6.087673, 4.134448, 2.545594, 3.145594, 2.880986, 3.868676, 5.555605, 7.772214, 9.855496, 11.642027, 12.796791, 13.690583, 13.873974, 13.426761, 12.352051, 11.197287, 9.158344, 6.841187, 4.605119, 3.416265, 2.907464, 3.682843, 5.6, 8.606659, 11.212903, 10.012903, 8.412903, 6.212903, 3.206244, 0.0, 0.0, 0.0]"
83,"[0.0, 0.0, 0.0, 0.0, 0.894427, 2.060618, 3.502838, 5.064888, 6.785353, 7.587982, 8.118848, 8.373684, 8.092259, 7.537984, 6.840928, 5.864982, 4.767925, 3.887301, 3.168324, 2.768324, 2.847214, 3.463766, 4.47798, 5.680008, 6.788809, 7.958581, 8.978096, 9.623009, 9.943538, 9.943538, 7.973766, 6.954251, 5.695125, 3.925353, 2.416553, 3.049008, 2.998646, 3.9875, 5.576355, 7.708735, 9.582273, 11.099364, 11.993791, 12.888218, 13.06183, 12.791906, 12.078396, 10.918269, 9.254791, 7.148798, 4.91273, 3.390172, 2.867017, 3.567679, 5.293708, 7.854958, 10.687988, 9.687988, 7.967523, 5.841494, 3.280244, 0.0, 0.0, 0.0]"
84,"[0.0, 0.0, 0.0, 0.0, 0.894427, 2.060618, 3.341242, 4.903292, 6.465342, 7.132965, 7.528825, 7.69042, 7.408995, 7.013136, 6.345513, 5.415918, 4.173698, 2.893073, 1.926883, 1.479669, 1.741641, 2.822266, 4.384316, 6.164215, 7.84303, 9.228954, 10.509579, 11.508778, 11.937198, 11.937198, 9.656847, 8.657648, 6.944926, 4.736607, 2.610578, 3.243034, 2.847174, 3.719111, 5.519111, 7.960422, 10.048261, 11.766511, 12.930487, 13.814928, 13.981298, 13.593385, 12.708944, 11.105128, 9.220687, 7.060219, 4.927838, 3.527838, 3.647214, 4.647214, 7.0, 10.006244, 13.011795, 11.611795, 9.611795, 6.811795, 3.605551, 0.0, 0.0, 0.0]"
85,"[0.0, 0.0, 0.0, 0.0, 0.72111, 1.615537, 2.781728, 4.123369, 5.646523, 6.448568, 7.077295, 7.176016, 7.099286, 6.742322, 5.940277, 4.864336, 3.799425, 2.734514, 1.968324, 2.047214, 2.8, 4.2, 5.811077, 7.450685, 8.886753, 9.967104, 10.840967, 11.310241, 11.550984, 11.550984, 9.270633, 8.39677, 7.116419, 5.236068, 3.0, 3.282843, 2.507464, 2.963486, 4.460852, 6.801792, 8.85989, 10.565091, 11.638891, 12.341524, 12.341524, 12.280935, 11.595022, 10.330111, 8.530111, 6.389171, 4.30882, 3.186021, 3.335324, 4.515223, 7.005948, 9.917217, 12.734468, 11.320255, 9.340356, 6.649631, 3.538361, 0.0, 0.0, 0.0]"
86,"[0.0, 0.0, 0.0, 0.0, 0.72111, 1.798143, 3.139784, 4.595806, 6.304607, 7.106651, 7.48564, 7.40891, 7.217799, 6.586032, 5.957304, 5.066968, 4.202057, 3.337146, 2.707326, 2.63752, 3.288387, 4.288387, 5.688387, 7.441174, 9.016553, 10.208319, 11.416, 12.223681, 12.631362, 12.440434, 10.032115, 9.024434, 7.616753, 5.641528, 3.632456, 4.198141, 3.598141, 4.010593, 5.347909, 7.564518, 9.78451, 11.570188, 12.8213, 13.715093, 13.898484, 13.348874, 12.532968, 11.192558, 9.223421, 6.823421, 4.587353, 3.183267, 2.940737, 3.890219, 6.380944, 9.354158, 12.326834, 11.046209, 9.2023, 6.511575, 3.538361, 0.0, 0.0, 0.0]"
87,"[0.0, 0.0, 0.0, 0.0, 1.019804, 2.236356, 3.848808, 5.448808, 7.259885, 8.051158, 8.645683, 8.645683, 8.459896, 7.848819, 7.057546, 5.878925, 4.549316, 3.135102, 2.135102, 1.715298, 1.882843, 3.0, 4.6, 6.2, 7.809072, 9.417391, 10.42571, 11.234029, 11.842348, 11.643251, 9.234932, 8.226613, 6.618294, 4.409975, 2.4, 3.032456, 2.849008, 3.69825, 5.586312, 8.060175, 10.339763, 12.035255, 13.298057, 14.122039, 14.36847, 13.797366, 12.782689, 11.519887, 9.627647, 7.307353, 4.966413, 3.701502, 3.3939, 4.374096, 6.535346, 9.659446, 12.714808, 11.373167, 9.373167, 6.811918, 3.687818, 0.0, 0.0, 0.0]"
88,"[0.0, 0.0, 0.0, 0.0, 0.8, 2.0, 3.4, 4.8, 6.4, 7.2, 7.6, 7.6, 7.6, 7.0, 6.2, 5.2, 4.0, 2.6, 1.882843, 1.715298, 2.009725, 3.265747, 4.91499, 6.671755, 8.275367, 9.617008, 10.594091, 11.377954, 11.574414, 11.574414, 9.338346, 8.517693, 6.909209, 4.873141, 2.637073, 3.037073, 2.424621, 3.2, 5.009975, 7.219047, 9.227366, 10.835047, 11.842728, 12.440434, 12.639681, 12.440434, 11.842728, 10.635047, 9.04717, 7.086065, 5.076993, 3.788128, 3.84415, 4.912407, 6.939057, 9.901335, 12.724233, 11.268211, 9.18015, 6.706287, 3.544009, 0.0, 0.0, 0.0]"
89,"[0.0, 0.0, 0.0, 0.0, 1.019804, 2.284715, 3.80787, 5.420321, 7.209176, 7.978226, 8.325766, 8.415063, 8.325766, 7.878553, 7.166731, 6.35428, 5.141828, 3.818674, 2.677033, 2.2, 2.294427, 3.175052, 4.389266, 6.033174, 7.559204, 8.945127, 9.944853, 10.863021, 11.299462, 11.173433, 8.893082, 7.893356, 6.126661, 4.04631, 2.24631, 2.84631, 2.830596, 3.973712, 6.00978, 8.315773, 10.494261, 12.007839, 13.162603, 13.879499, 14.056788, 13.694908, 12.975546, 11.635136, 9.576599, 7.17616, 4.759551, 3.300425, 2.77727, 3.682843, 5.6, 8.6, 11.4, 10.4, 8.6, 6.4, 3.4, 0.0, 0.0, 0.0]"
90,"[0.0, 0.0, 0.0, 0.0, 1.2, 2.6, 4.2, 6.0, 7.8, 8.6, 9.0, 9.2, 9.0, 8.6, 7.8, 6.8, 5.447214, 4.247214, 3.247214, 2.612899, 2.812899, 3.707326, 5.096181, 6.665952, 8.380618, 9.854481, 11.181173, 11.866182, 12.370274, 12.370274, 9.89641, 8.751232, 7.171796, 4.980775, 2.900425, 3.500425, 3.17727, 4.082843, 6.2, 8.8, 11.2, 13.206244, 14.612488, 15.418732, 15.618732, 15.218732, 14.212488, 12.606244, 10.6, 8.2, 5.6, 3.847214, 3.661427, 4.501035, 6.531624, 9.787388, 13.027993, 11.613779, 9.574171, 6.943582, 3.687818, 0.0, 0.0, 0.0]"
91,"[0.0, 0.0, 0.0, 0.0, 1.0, 2.280625, 3.694838, 5.256888, 6.977353, 7.697818, 8.137659, 8.44391, 8.44391, 8.00407, 7.283605, 6.411668, 5.091203, 3.929153, 2.931371, 2.531371, 2.682843, 3.682843, 4.882843, 6.4, 7.611077, 8.650685, 9.486753, 10.122821, 10.362429, 10.362429, 8.322821, 7.486753, 6.050685, 4.211077, 2.6, 3.232456, 3.097367, 3.909818, 5.749426, 7.785494, 9.783628, 11.347144, 12.563119, 13.387076, 13.781597, 13.387076, 12.568624, 11.352648, 9.489084, 7.458495, 5.222427, 3.612452, 3.264911, 3.973712, 5.527778, 8.313455, 11.144554, 9.879643, 8.170842, 6.016777, 3.231099, 0.0, 0.0, 0.0]"
92,"[0.0, 0.0, 0.0, 0.0, 0.8, 1.819804, 3.234017, 4.690039, 6.339282, 7.188524, 7.817962, 7.859771, 7.817962, 7.188524, 6.539282, 5.490039, 4.434017, 3.019804, 2.2, 1.832456, 2.232456, 3.11308, 4.67513, 6.47513, 8.006006, 9.447317, 10.672685, 11.718316, 12.159627, 12.159627, 9.718316, 8.654543, 6.895391, 4.736922, 2.573591, 3.020805, 2.578584, 3.292106, 4.989163, 7.269513, 9.513025, 11.203749, 12.484234, 13.346869, 13.627767, 13.345362, 12.498546, 11.070225, 9.076219, 6.797812, 4.389493, 3.145584, 3.145584, 4.385118, 6.443215, 9.416429, 12.309278, 10.895065, 8.807004, 6.466064, 3.49285, 0.0, 0.0, 0.0]"
93,"[0.0, 0.0, 0.0, 0.0, 1.019804, 2.284715, 3.80787, 5.596724, 7.385578, 8.154629, 8.678572, 8.678572, 8.412872, 7.888929, 7.119879, 6.131024, 5.20787, 3.884715, 3.019804, 2.6, 2.694427, 3.260618, 4.502838, 5.823303, 7.203202, 8.434804, 9.531355, 10.351877, 10.894153, 10.914254, 8.788225, 7.691674, 6.150042, 4.087301, 2.287301, 2.734514, 2.699695, 3.675641, 5.60167, 7.664412, 9.762782, 11.322136, 12.315805, 12.880501, 13.026078, 12.743235, 12.178539, 11.184871, 9.494146, 7.533041, 5.270299, 3.74427, 2.941641, 3.650442, 5.262354, 8.215319, 11.015319, 10.120891, 8.412091, 6.352965, 3.4, 0.0, 0.0, 0.0]"
94,"[0.0, 0.0, 0.0, 0.0, 1.019804, 2.236356, 3.848808, 5.46126, 7.272337, 8.06361, 8.658134, 8.658134, 8.459896, 8.104841, 7.313568, 6.327112, 5.280346, 4.266132, 3.257324, 2.869976, 3.065158, 3.913687, 5.113687, 6.666473, 8.234017, 9.414214, 10.4, 11.2, 11.4, 11.4, 9.2, 8.2, 6.6, 4.682843, 2.682843, 3.315298, 3.180209, 4.029452, 6.02696, 8.107311, 10.143188, 11.741841, 13.004643, 13.444586, 13.694057, 13.306075, 12.530572, 11.267771, 9.56728, 7.637458, 5.557107, 3.91626, 3.267017, 4.091122, 5.899441, 8.672655, 11.481206, 10.481206, 8.637297, 6.228978, 3.255764, 0.0, 0.0, 0.0]"
95,"[0.0, 0.0, 0.0, 0.0, 1.0, 2.216553, 3.630766, 5.280008, 6.929251, 7.638051, 8.070741, 8.30577, 8.070741, 7.638051, 7.129251, 6.280008, 5.030766, 3.899395, 3.082843, 2.515298, 2.609725, 3.623939, 5.038153, 6.482061, 8.129957, 9.51588, 10.709348, 11.453603, 11.890045, 11.890045, 9.609694, 8.416226, 6.696026, 4.815675, 2.735324, 3.335324, 3.137663, 4.065795, 5.819861, 7.960801, 9.960801, 11.529926, 12.666361, 13.297973, 13.486855, 13.227795, 12.530179, 11.200523, 9.434649, 7.304827, 4.963887, 3.275826, 3.219804, 4.2, 6.2, 9.0, 12.0, 10.6, 8.6, 6.2, 3.4, 0.0, 0.0, 0.0]"
96,"[0.0, 0.0, 0.0, 0.0, 1.16619, 2.608411, 4.220862, 6.009717, 7.979488, 8.78307, 9.399975, 9.576378, 9.399975, 8.872424, 8.068843, 7.009717, 5.786548, 4.374096, 3.379089, 3.03752, 3.23752, 4.284286, 5.981653, 7.81479, 9.519991, 10.849813, 11.837362, 12.725673, 12.975144, 12.786262, 10.25644, 9.365241, 7.599367, 5.469545, 3.411447, 4.305875, 4.120228, 5.070196, 7.011136, 9.513971, 11.665853, 13.373797, 14.635125, 15.525284, 15.60317, 15.156861, 14.079828, 12.746096, 10.779908, 8.516344, 6.199186, 4.939548, 4.604231, 5.619671, 7.862205, 10.985239, 13.911807, 12.349757, 10.069406, 7.226872, 3.820995, 0.0, 0.0, 0.0]"
97,"[0.0, 0.0, 0.0, 0.0, 0.72111, 1.887301, 3.228941, 4.752096, 6.275251, 7.077295, 7.434259, 7.615773, 7.434259, 6.988138, 6.35941, 5.401941, 4.278786, 3.337146, 2.707326, 2.63752, 3.288387, 4.488387, 5.888387, 7.641174, 9.216553, 10.6, 11.6, 12.4, 12.8, 12.8, 10.2, 9.2, 7.6, 5.447214, 3.047214, 3.494427, 2.914231, 3.370253, 4.962647, 7.395752, 9.776966, 11.585589, 13.156116, 13.980073, 14.177557, 13.585198, 12.567848, 11.15375, 9.114807, 6.684218, 4.44815, 3.269528, 2.73411, 3.87926, 6.362542, 9.593641, 12.718844, 11.641811, 9.672039, 6.988758, 3.757659, 0.0, 0.0, 0.0]"
98,"[0.0, 0.0, 0.0, 0.0, 1.0, 2.2, 3.6, 5.2, 6.8, 7.4, 7.8, 7.8, 7.6, 7.2, 6.6, 5.632456, 4.515298, 3.515298, 2.762512, 2.61104, 3.144775, 4.385087, 5.882453, 7.715591, 9.300167, 10.764566, 11.909745, 12.875942, 13.263924, 13.304683, 10.674093, 9.655003, 7.868471, 5.647352, 3.173489, 3.573489, 3.124247, 3.647214, 5.2, 7.6, 10.0, 11.806659, 13.206659, 14.206659, 14.606659, 14.206659, 13.0, 11.6, 9.6, 7.0, 4.8, 3.8, 3.416553, 4.45616, 6.924493, 10.177028, 13.260326, 12.043773, 10.004166, 7.335833, 3.883298, 0.0, 0.0, 0.0]"
99,"[0.0, 0.0, 0.0, 0.0, 0.824621, 1.901654, 3.166565, 4.622587, 6.271829, 7.096451, 7.631869, 7.781172, 7.541702, 6.912264, 6.087643, 5.107647, 3.893433, 2.876881, 2.139919, 2.036408, 2.480986, 3.737008, 5.380917, 7.137682, 8.849677, 10.205749, 11.380316, 12.166996, 12.560494, 12.363457, 9.930352, 8.755784, 6.949816, 4.916711, 2.680643, 3.313099, 2.93411, 3.632643, 5.202415, 7.619024, 9.66985, 11.545782, 12.975592, 13.958785, 14.320664, 13.873451, 12.807282, 11.296538, 9.238001, 6.659512, 4.423444, 3.136648, 3.108641, 4.302275, 6.822569, 9.984847, 13.061802, 11.647588, 9.559527, 6.839233, 3.676955, 0.0, 0.0, 0.0]"
100,"[0.0, 0.0, 0.0, 0.0, 1.0, 2.280625, 3.893076, 5.681931, 7.651702, 8.440557, 8.868733, 8.965082, 8.699382, 7.994522, 7.371858, 6.511585, 5.249998, 4.126843, 3.309146, 2.864066, 3.09257, 4.101379, 5.350621, 6.943015, 8.457973, 9.814045, 10.988612, 11.969959, 12.363457, 12.363457, 9.930352, 8.755784, 7.019622, 4.786517, 2.550449, 3.350449, 3.094427, 4.043909, 6.079977, 8.609799, 10.721843, 12.495057, 13.624362, 14.361507, 14.617363, 14.179182, 13.29403, 11.776838, 9.823428, 7.437751, 4.963887, 3.275826, 3.084715, 3.962278, 6.0921, 9.065314, 12.158163, 10.893252, 8.995886, 6.466064, 3.49285, 0.0, 0.0, 0.0]"
101,"[0.0, 0.0, 0.0, 0.0, 1.077033, 2.341944, 3.797966, 5.447208, 7.096451, 7.863326, 8.442324, 8.635545, 8.400516, 8.016185, 7.249309, 6.037855, 4.954299, 3.940085, 3.075174, 2.630596, 2.822762, 3.473629, 4.673629, 6.273629, 7.841174, 9.216553, 10.2, 11.0, 11.2, 11.2, 9.0, 8.2, 6.6, 4.6, 2.6, 3.232456, 3.097367, 4.141275, 6.177343, 8.410448, 10.446326, 12.009842, 13.029497, 13.461762, 13.69699, 13.309008, 12.520188, 11.305867, 9.837534, 7.569201, 5.28885, 3.532085, 3.049033, 3.569498, 5.610809, 8.453343, 11.450745, 10.284554, 8.564089, 6.122778, 3.280244, 0.0, 0.0, 0.0]"
102,"[0.0, 0.0, 0.0, 0.0, 0.894427, 1.97146, 3.236371, 4.692393, 6.148415, 6.90323, 7.240411, 7.389713, 7.150244, 6.714026, 5.889405, 4.922405, 3.708191, 2.691639, 2.071835, 2.047214, 2.6, 4.0, 5.6, 7.4, 8.8, 10.009072, 10.817391, 11.42571, 11.634029, 11.634029, 9.424957, 8.616638, 7.208319, 5.2, 3.0, 3.4, 2.8, 3.4, 5.0, 7.236068, 9.443749, 11.05143, 12.059111, 12.6897, 12.886737, 12.488128, 11.880447, 10.672767, 9.042177, 7.009072, 5.0, 3.848528, 3.790169, 4.849295, 6.955288, 9.917565, 12.674589, 11.332948, 9.273822, 6.767829, 3.605551, 0.0, 0.0, 0.0]"
103,"[0.0, 0.0, 0.0, 0.0, 0.824621, 1.844425, 3.258639, 4.672852, 6.285304, 7.073134, 7.665782, 7.665782, 7.468121, 7.072222, 6.284391, 5.119153, 4.152153, 3.135601, 2.366262, 2.436068, 3.253765, 4.262574, 5.873651, 7.635509, 9.149401, 10.492171, 11.636149, 12.625072, 13.023681, 12.824434, 10.216753, 9.229205, 7.449009, 5.288541, 3.279469, 3.726683, 3.134035, 3.726683, 5.279469, 7.479469, 9.832255, 11.612452, 13.006659, 13.813793, 14.021474, 13.430546, 12.430546, 10.823887, 8.816753, 6.409072, 4.2, 3.032456, 2.897367, 4.067138, 6.283747, 9.514846, 12.375241, 11.110329, 9.140558, 6.723949, 3.49285, 0.0, 0.0, 0.0]"
104,"[0.0, 0.0, 0.0, 0.0, 0.632456, 1.652259, 2.868812, 4.283026, 5.895477, 6.875473, 7.468121, 7.665782, 7.468121, 6.855669, 6.067839, 5.087843, 3.873629, 2.857077, 2.139919, 1.947754, 2.335102, 3.549316, 5.160393, 7.086622, 8.663239, 10.043435, 11.029221, 11.818144, 12.009072, 12.009072, 9.609072, 8.809072, 7.009072, 4.809072, 2.6, 3.0, 2.4, 3.212452, 5.022427, 7.231499, 9.264604, 10.895193, 11.913331, 12.533945, 12.757978, 12.533945, 11.714433, 10.300396, 8.669807, 6.436702, 4.42763, 3.249008, 3.432456, 4.442431, 6.850112, 9.656771, 12.629867, 11.229867, 9.219892, 6.612211, 3.605551, 0.0, 0.0, 0.0]"
105,"[0.0, 0.0, 0.0, 0.0, 0.894427, 2.236068, 3.759223, 5.468023, 7.117266, 7.931639, 8.239241, 8.424887, 8.172108, 7.787777, 7.156009, 6.227877, 4.96629, 3.910268, 3.09257, 2.736648, 3.035341, 3.80468, 5.017132, 6.380995, 7.659885, 8.840081, 9.823529, 10.411077, 10.6, 10.6, 8.4, 7.614214, 6.238835, 4.438835, 2.638835, 3.238835, 3.224621, 4.0, 5.8, 8.0, 10.0, 11.4, 12.6, 13.4, 13.6, 13.2, 12.4, 11.0, 9.2, 7.2, 5.0, 3.4, 3.2, 3.812452, 5.421524, 8.249951, 11.074854, 9.874854, 8.262402, 6.05333, 3.224903, 0.0, 0.0, 0.0]"
106,"[0.0, 0.0, 0.0, 0.0, 0.72111, 1.72111, 3.163331, 4.775782, 6.388234, 7.279575, 7.892027, 7.892027, 7.721796, 7.275534, 6.663083, 5.616317, 4.374096, 2.931876, 1.965685, 1.565685, 2.019804, 3.084715, 4.60787, 6.377641, 7.836767, 9.053031, 10.294113, 11.276951, 11.543248, 11.543248, 9.30718, 8.142828, 6.461456, 4.625388, 2.566262, 3.131947, 2.790307, 3.68615, 5.345277, 7.677657, 9.719653, 11.604094, 12.936496, 13.761811, 14.037111, 13.761811, 12.764166, 11.234454, 9.24444, 7.036759, 4.704378, 3.417582, 3.159338, 4.234683, 6.434683, 9.565178, 12.542887, 11.277975, 9.308204, 6.708204, 3.577709, 0.0, 0.0, 0.0]"
107,"[0.0, 0.0, 0.0, 0.0, 0.848528, 2.014719, 3.456939, 5.069391, 6.681842, 7.445766, 7.80273, 7.883664, 7.612853, 7.166592, 6.55414, 5.752096, 4.628941, 3.487301, 2.768324, 2.592945, 3.071835, 4.271835, 6.071835, 7.824621, 9.408319, 10.816, 12.044427, 12.872854, 13.280535, 13.280535, 10.672854, 9.444427, 7.816, 5.808319, 3.6, 4.165685, 3.731876, 4.05503, 5.424802, 7.565742, 9.785734, 11.592758, 13.042817, 14.046259, 14.490997, 13.859385, 12.783538, 11.266346, 9.187559, 6.601882, 4.447816, 3.116135, 3.074326, 4.023808, 6.514533, 9.638633, 12.760765, 11.346551, 9.502642, 6.811918, 3.687818, 0.0, 0.0, 0.0]"
108,"[0.0, 0.0, 0.0, 0.0, 0.824621, 1.844425, 3.258639, 4.858639, 6.458639, 7.234017, 7.814214, 7.8, 7.4, 7.0, 6.224621, 5.257077, 4.139919, 3.139919, 2.387133, 2.283622, 2.7282, 4.094599, 5.738508, 7.527362, 9.239357, 10.770005, 11.927897, 12.691669, 13.08619, 12.862157, 10.254476, 8.861556, 7.273679, 5.090303, 3.081231, 3.528445, 3.114231, 3.694427, 5.247214, 7.447214, 9.6, 11.4, 12.6, 13.4, 13.6, 13.2, 12.2, 10.8, 8.8, 6.4, 4.2, 3.032456, 2.798646, 3.968417, 6.368417, 9.414727, 12.275121, 11.108931, 9.139159, 6.539159, 3.49285, 0.0, 0.0, 0.0]"
109,"[0.0, 0.0, 0.0, 0.0, 1.019804, 2.434017, 4.046469, 5.857546, 7.668623, 8.448819, 8.845683, 9.033231, 8.822154, 8.425291, 7.841843, 6.855387, 5.502601, 3.902601, 2.77123, 2.187133, 2.382316, 3.335102, 5.135102, 7.052259, 8.819804, 10.4, 11.6, 12.6, 13.0, 13.0, 10.4, 9.2, 7.4, 5.0, 2.6, 3.2, 3.0, 4.0, 6.2, 9.0, 11.4, 13.4, 14.6, 15.4, 15.6, 15.2, 14.2, 12.8, 10.6, 8.0, 5.4, 3.765685, 3.24631, 4.305436, 6.683925, 10.083925, 13.189752, 11.909127, 9.850001, 7.071512, 3.671512, 0.0, 0.0, 0.0]"
110,"[0.0, 0.0, 0.0, 0.0, 0.8, 1.8, 3.016553, 4.472574, 5.928596, 6.584618, 7.04064, 7.088999, 6.84953, 6.413311, 5.757289, 4.901267, 4.036356, 3.219804, 2.8, 2.824621, 3.390812, 4.433032, 5.876941, 7.40297, 8.841091, 10.220485, 11.323849, 12.025524, 12.445079, 12.590657, 10.045072, 9.061538, 7.515953, 5.417582, 3.009264, 3.292106, 2.578584, 2.992798, 4.389493, 6.652235, 8.914977, 10.757173, 12.033685, 12.880501, 13.026078, 12.606523, 11.636263, 10.076909, 8.01864, 5.810321, 3.884291, 2.796282, 2.945536, 4.199877, 6.607558, 9.407558, 12.336001, 11.055376, 9.16858, 6.560899, 3.560899, 0.0, 0.0, 0.0]"
111,"[0.0, 0.0, 0.0, 0.0, 0.632456, 1.709488, 2.9744, 4.430422, 5.886444, 6.90323, 7.282219, 7.47333, 7.233861, 6.797643, 5.973021, 4.964213, 3.708191, 2.691639, 2.119048, 2.094427, 2.647214, 4.047214, 5.647214, 7.4, 9.0, 10.6, 11.6, 12.4, 12.8, 12.8, 10.2, 9.2, 7.6, 5.4, 3.0, 3.4, 2.8, 3.4, 5.0, 7.4, 9.6, 11.407134, 12.614268, 13.421401, 13.629082, 13.238154, 12.242098, 10.634964, 8.847634, 6.639953, 4.430881, 3.219804, 3.434017, 4.453821, 6.661502, 9.886405, 12.908559, 11.494346, 9.454738, 6.847057, 3.622154, 0.0, 0.0, 0.0]"
112,"[0.0, 0.0, 0.0, 0.0, 1.0, 2.4, 4.0, 5.612452, 7.423529, 8.234606, 8.645683, 8.658134, 8.459896, 7.848819, 7.037742, 6.026665, 4.814214, 3.682843, 2.882843, 2.682843, 2.959876, 3.840501, 5.254714, 6.834613, 8.160642, 9.491928, 10.619622, 11.483816, 11.912236, 11.912236, 9.503917, 8.509811, 6.842989, 4.83467, 2.708641, 3.308641, 2.97146, 3.689485, 5.348611, 7.680991, 9.688672, 11.49608, 12.76807, 13.593385, 13.868685, 13.424335, 12.42669, 10.984469, 8.994456, 6.786775, 4.623444, 3.183861, 3.006552, 4.009491, 6.0261, 8.889665, 11.935301, 10.67039, 8.773023, 6.356414, 3.49285, 0.0, 0.0, 0.0]"
113,"[0.0, 0.0, 0.0, 0.0, 1.077033, 2.418674, 4.031125, 5.75159, 7.75159, 8.561354, 9.219713, 9.327726, 9.169311, 8.611532, 7.890926, 6.715547, 5.595082, 4.233032, 3.238025, 2.871835, 3.047214, 3.861427, 5.505336, 7.146184, 8.687124, 10.028064, 11.143672, 11.640703, 11.832993, 11.772404, 9.431464, 8.315855, 6.774915, 4.694564, 2.414214, 3.238835, 3.280643, 4.324552, 6.36062, 8.834483, 10.873426, 12.476816, 13.692319, 14.319815, 14.514285, 14.124584, 13.30124, 11.891071, 10.244059, 8.175726, 5.701863, 3.865795, 3.433105, 4.113919, 5.987782, 8.960996, 11.913607, 10.697055, 8.799688, 6.325825, 3.352611, 0.0, 0.0, 0.0]"
114,"[0.0, 0.0, 0.0, 0.0, 0.894427, 2.025798, 3.587848, 5.002062, 6.699118, 7.366741, 7.79742, 7.67759, 7.544002, 7.12757, 6.414048, 5.417684, 4.375463, 3.294838, 2.214214, 2.165685, 2.6, 3.6, 5.012452, 6.623529, 7.863136, 9.099204, 10.132309, 10.952963, 11.350958, 11.321325, 9.085257, 8.052152, 6.619047, 4.609975, 2.6, 3.2, 3.0, 3.6, 5.4, 7.8, 10.0, 11.6, 13.0, 13.8, 14.007681, 13.416753, 12.416753, 11.016753, 9.216753, 7.009072, 4.8, 3.6, 3.2, 3.8, 5.6, 8.6, 11.2, 10.0, 8.4, 6.2, 3.2, 0.0, 0.0, 0.0]"
115,"[0.0, 0.0, 0.0, 0.0, 0.894427, 2.060618, 3.502838, 5.11529, 6.727741, 7.445766, 7.892027, 7.972961, 7.70215, 7.255889, 6.537865, 5.646523, 4.406211, 3.064571, 2.09838, 1.803953, 2.082843, 3.016553, 4.665795, 6.363161, 7.917227, 9.258167, 10.458224, 11.149922, 11.593495, 11.593495, 9.252555, 8.100857, 6.759917, 4.618977, 2.464911, 2.912125, 2.724247, 3.336698, 5.372766, 7.789375, 10.025443, 11.811975, 13.063087, 13.690583, 13.957256, 13.510042, 12.61625, 11.27584, 9.236897, 6.953615, 4.717547, 3.347776, 3.166262, 4.400767, 6.608448, 9.661315, 12.666867, 11.325226, 9.2661, 6.658419, 3.605551, 0.0, 0.0, 0.0]"
116,"[0.0, 0.0, 0.0, 0.0, 1.0, 2.4, 4.0, 5.612452, 7.423529, 8.234606, 8.645683, 8.645683, 8.433231, 7.822154, 7.011077, 6.0, 4.8, 3.6, 2.8, 2.432456, 2.480984, 3.523204, 5.043669, 6.530465, 8.134078, 9.617931, 10.681703, 11.377847, 11.727119, 11.727119, 9.394738, 8.330966, 6.762885, 4.926817, 2.890749, 3.690749, 3.448528, 4.411077, 6.247145, 8.48025, 10.348583, 12.207995, 13.456329, 14.083825, 14.319053, 14.083825, 13.034389, 11.389191, 9.54543, 7.277098, 4.843993, 3.234017, 3.019804, 3.8, 6.0, 9.006659, 12.012537, 10.812537, 9.012537, 6.412537, 3.405877, 0.0, 0.0, 0.0]"
117,"[0.0, 0.0, 0.0, 0.0, 1.0, 2.280625, 3.842675, 5.539731, 7.38364, 8.227549, 8.64398, 8.64398, 8.361138, 7.797854, 6.953945, 5.977999, 4.815949, 3.601735, 2.52111, 2.32111, 2.619804, 3.484715, 4.993516, 6.58237, 7.841496, 8.985023, 10.052493, 10.507023, 10.881499, 10.709169, 8.545839, 7.478369, 6.139659, 4.376328, 2.689532, 3.255218, 3.121677, 4.140965, 5.866994, 8.075313, 10.070878, 11.659801, 12.658426, 13.374931, 13.527862, 13.374931, 12.654637, 11.374153, 9.426046, 7.264796, 4.856477, 3.456477, 2.97146, 3.785834, 5.44496, 8.223449, 11.023449, 9.946416, 8.237615, 6.178489, 3.4, 0.0, 0.0, 0.0]"
118,"[0.0, 0.0, 0.0, 0.0, 1.077033, 2.418674, 3.941828, 5.662293, 7.54909, 8.192522, 8.571346, 8.768656, 8.490412, 7.769806, 7.126374, 6.038364, 4.717899, 3.475679, 2.509488, 2.032456, 2.224621, 3.166262, 4.408482, 5.928947, 7.454977, 8.756385, 9.823063, 10.789161, 11.331438, 11.205409, 9.07938, 7.837251, 6.150042, 4.087301, 2.287301, 2.919756, 3.034191, 3.87513, 5.801159, 8.162409, 10.503167, 12.195756, 13.60692, 14.323425, 14.604709, 14.039815, 13.0465, 11.635336, 9.64133, 7.24601, 4.837691, 3.457792, 2.915546, 3.910926, 5.744064, 8.656108, 11.408719, 10.388915, 8.545006, 6.264655, 3.352611, 0.0, 0.0, 0.0]"
119,"[0.0, 0.0, 0.0, 0.0, 0.8, 2.0, 3.4, 5.0, 6.6, 7.4, 7.8, 7.8, 7.6, 7.0, 6.2, 5.2, 4.0, 2.6, 1.882843, 1.715298, 2.192331, 3.448353, 5.292262, 7.049027, 8.65264, 10.008712, 11.183279, 11.969959, 12.363457, 12.363457, 9.930352, 8.755784, 6.949816, 4.716711, 2.480643, 2.880643, 2.424621, 3.212452, 5.022427, 7.231499, 9.462088, 11.325652, 12.541628, 13.36008, 13.584113, 13.386628, 12.334141, 10.722267, 8.718461, 6.568198, 4.335093, 3.156472, 3.354133, 4.56912, 6.916866, 9.97263, 12.833025, 11.418811, 9.379203, 6.748614, 3.49285, 0.0, 0.0, 0.0]"
120,"[0.0, 0.0, 0.0, 0.0, 0.894427, 2.060618, 3.341242, 4.903292, 6.465342, 7.267971, 7.663831, 7.945256, 7.663831, 7.267971, 6.465342, 5.503292, 4.341242, 3.260618, 2.694427, 2.819804, 3.484715, 4.793516, 6.652642, 8.385023, 9.80653, 11.261913, 12.273406, 12.934574, 13.322488, 13.213557, 10.493263, 9.385421, 7.742159, 5.421865, 3.089485, 3.536698, 2.924247, 3.409264, 4.853172, 7.261491, 9.505003, 11.347537, 12.7587, 13.605516, 13.742782, 13.178086, 12.179461, 10.620461, 8.650846, 6.305262, 4.379233, 3.359945, 3.287372, 4.720328, 6.936937, 10.047526, 12.980564, 11.638923, 9.484857, 7.068248, 3.757659, 0.0, 0.0, 0.0]"
121,"[0.0, 0.0, 0.0, 0.0, 0.8, 2.0, 3.2, 4.8, 6.4, 7.2, 7.6, 8.0, 7.8, 7.2, 6.6, 5.6, 4.2, 2.8, 2.082843, 1.715298, 2.192331, 3.448353, 5.157154, 6.913919, 8.517531, 9.873604, 10.850687, 11.377954, 11.771451, 11.771451, 9.338346, 8.554483, 7.143036, 4.909931, 2.673863, 3.273863, 2.624621, 3.412452, 5.222427, 7.431499, 9.43918, 11.069769, 12.087907, 12.685613, 12.884859, 12.486251, 11.865636, 10.435047, 8.651987, 6.690882, 4.68181, 3.392945, 3.648967, 4.912407, 6.939057, 9.651101, 12.474, 11.017978, 8.929916, 6.456053, 3.544009, 0.0, 0.0, 0.0]"
122,"[0.0, 0.0, 0.0, 0.0, 0.894427, 2.025798, 3.440012, 5.002062, 6.564111, 7.390149, 7.820828, 7.848835, 7.56741, 7.136731, 6.264794, 5.423855, 4.381634, 3.301009, 2.769638, 2.72111, 3.2, 4.4, 6.011077, 7.647145, 9.127496, 10.401359, 11.331181, 12.240398, 12.534153, 12.534153, 10.060289, 8.944681, 7.224387, 5.294564, 3.014214, 3.461427, 3.178584, 3.899049, 5.185846, 7.627157, 9.787624, 11.434742, 12.598718, 13.596363, 13.762733, 13.435403, 12.500823, 10.958023, 8.92211, 6.597271, 4.316921, 2.920225, 2.859209, 3.731146, 5.889615, 8.889615, 11.883331, 10.602706, 8.882241, 6.44093, 3.44093, 0.0, 0.0, 0.0]"
123,"[0.0, 0.0, 0.0, 0.0, 0.8, 1.819804, 3.219804, 4.819804, 6.419804, 7.219804, 7.8, 7.8, 7.4, 6.8, 6.0, 4.8, 3.682843, 2.682843, 2.130056, 1.962512, 2.582316, 3.911925, 5.523002, 7.28486, 8.861477, 10.249992, 11.045859, 11.643101, 11.867134, 11.867134, 9.458815, 8.662948, 7.07925, 4.846145, 2.637073, 3.037073, 2.424621, 3.212452, 5.052059, 7.288127, 9.321232, 10.989565, 12.045446, 12.479702, 12.717497, 12.493465, 11.636209, 10.184428, 8.535186, 6.261323, 4.052251, 2.841174, 3.024621, 4.2, 6.408319, 9.414978, 12.420529, 11.020529, 9.020529, 6.612211, 3.605551, 0.0, 0.0, 0.0]"
124,"[0.0, 0.0, 0.0, 0.0, 0.894427, 2.060618, 3.502838, 4.945059, 6.665524, 7.333146, 7.729006, 7.848835, 7.68724, 7.098146, 6.430523, 5.500928, 4.138878, 2.858254, 1.926883, 1.632456, 2.077033, 3.218674, 4.831125, 6.517922, 8.081252, 9.3366, 10.556209, 11.385069, 11.939583, 11.939583, 9.607203, 8.387594, 6.770904, 4.529593, 2.366262, 2.813476, 2.638025, 3.425856, 5.195627, 7.612236, 9.671016, 11.188107, 12.354144, 13.067654, 13.157038, 12.887113, 12.173603, 10.851136, 9.062282, 6.956289, 4.720221, 3.197663, 2.907831, 3.9002, 6.06145, 9.034664, 11.843214, 10.677024, 8.790228, 6.228978, 3.255764, 0.0, 0.0, 0.0]"
125,"[0.0, 0.0, 0.0, 0.0, 0.824621, 1.844425, 3.258639, 4.672852, 6.285304, 7.073134, 7.665782, 7.665782, 7.468121, 7.072222, 6.284391, 5.119153, 3.987782, 2.97123, 2.03752, 2.107326, 2.737146, 4.103545, 5.714622, 7.640852, 9.154743, 10.685391, 11.836149, 12.625072, 13.016, 12.807681, 10.2, 9.0, 7.419804, 5.452259, 3.452259, 3.899473, 3.319277, 3.911925, 5.289444, 7.289444, 9.449912, 11.237241, 12.631449, 13.428608, 13.836289, 13.43768, 12.441623, 10.834964, 8.82783, 6.420149, 4.211077, 3.032456, 2.974096, 4.143868, 6.449861, 9.49617, 12.441423, 11.099782, 9.130011, 6.624018, 3.577709, 0.0, 0.0, 0.0]"
126,"[0.0, 0.0, 0.0, 0.0, 0.72111, 2.001735, 3.443956, 4.886176, 6.606641, 7.605996, 7.937823, 7.937823, 7.937823, 7.383548, 6.663083, 5.616317, 4.374096, 2.931876, 1.965685, 1.565685, 2.019804, 3.275826, 4.984627, 6.754398, 8.390466, 9.703043, 10.753014, 11.550206, 11.997044, 11.997044, 9.664663, 8.500311, 6.818939, 4.60233, 2.366262, 2.931947, 2.756497, 3.652341, 5.339137, 7.84513, 10.057933, 11.94461, 13.17711, 14.343181, 14.444869, 14.107692, 13.054824, 11.625014, 9.64918, 7.441499, 5.000188, 3.600188, 3.533055, 4.425794, 6.709075, 9.83957, 12.911082, 11.45506, 9.485289, 6.802007, 3.671512, 0.0, 0.0, 0.0]"
127,"[0.0, 0.0, 0.0, 0.0, 1.019804, 2.236356, 3.692378, 5.401179, 7.10998, 7.798977, 8.291225, 8.544004, 8.358358, 7.914468, 7.225471, 6.31667, 5.00787, 3.684715, 2.619804, 2.232456, 2.432456, 3.31308, 4.67513, 6.319039, 7.849914, 9.013245, 10.173931, 10.944262, 11.432734, 11.1562, 8.992869, 7.832183, 6.220912, 4.088531, 2.401735, 3.001735, 2.986021, 3.973712, 5.927778, 8.144387, 10.227669, 11.646039, 12.800802, 13.510301, 13.693692, 13.427019, 12.713509, 11.3731, 9.403963, 7.086805, 4.670196, 3.300425, 2.77727, 3.482843, 5.4, 8.2, 11.0, 10.0, 8.4, 6.2, 3.4, 0.0, 0.0, 0.0]"
128,"[0.0, 0.0, 0.0, 0.0, 0.848528, 1.979899, 3.260524, 4.702744, 6.315196, 7.079119, 7.5602, 7.721796, 7.5602, 7.079119, 6.315196, 5.149958, 4.107737, 3.027113, 2.295742, 2.247214, 3.0, 4.014214, 5.658122, 7.29773, 8.83867, 10.168492, 11.354279, 12.230664, 12.720878, 12.720878, 10.191056, 9.047078, 7.326784, 5.196962, 3.056022, 3.688478, 3.363826, 4.060883, 5.786912, 7.995231, 10.0535, 11.764663, 12.910141, 13.626646, 13.909052, 13.481069, 12.618434, 11.190113, 9.347579, 6.939697, 4.676955, 3.329512, 3.180209, 3.969064, 6.286221, 9.33253, 12.192925, 10.928013, 9.139159, 6.539159, 3.49285, 0.0, 0.0, 0.0]"
129,"[0.0, 0.0, 0.0, 0.0, 1.0, 2.2, 3.6, 5.2, 6.812452, 7.424903, 7.837355, 7.851568, 7.468121, 7.055669, 6.243218, 5.230766, 4.216553, 3.2, 2.4, 2.494427, 3.175052, 4.472108, 6.116017, 7.996368, 9.543252, 10.870308, 12.015786, 12.892171, 13.332114, 13.171154, 10.563473, 9.417995, 7.829072, 5.555992, 3.275641, 3.675641, 2.873012, 3.183861, 4.623444, 7.064755, 9.385049, 11.333156, 12.73347, 13.689207, 13.689207, 13.132244, 12.010175, 10.609862, 8.488438, 6.247127, 4.283796, 3.387952, 3.210642, 4.459304, 6.675913, 9.522222, 12.374556, 11.109645, 9.139874, 6.723265, 3.676955, 0.0, 0.0, 0.0]"
130,"[0.0, 0.0, 0.0, 0.0, 0.824621, 2.041174, 3.455387, 4.869601, 6.680678, 7.456057, 7.839504, 7.825291, 7.811077, 7.216553, 6.441174, 5.473629, 4.520843, 3.520843, 2.751504, 2.775411, 3.309146, 4.570733, 6.068099, 7.774952, 9.456246, 10.819878, 11.831371, 12.654298, 13.220527, 13.031644, 10.501822, 9.304683, 7.661422, 5.388341, 3.047401, 3.447401, 2.924247, 3.459665, 4.85636, 7.330224, 9.650518, 11.562562, 12.862154, 13.738539, 13.738539, 13.298596, 12.035795, 10.537964, 8.41767, 5.943807, 3.863456, 3.014214, 2.8, 4.2, 6.807681, 9.813925, 12.619476, 11.419476, 9.419476, 6.811795, 3.605551, 0.0, 0.0, 0.0]"
131,"[0.0, 0.0, 0.0, 0.0, 0.894427, 2.060618, 3.402258, 4.925413, 6.714267, 7.528641, 7.974902, 8.156416, 7.974902, 7.263081, 6.448707, 5.557366, 4.317054, 2.975413, 2.09838, 1.803953, 2.082843, 3.2, 5.0, 6.839608, 8.475676, 9.908781, 10.941886, 11.615749, 12.009246, 11.812786, 9.379681, 8.346576, 6.672713, 4.439608, 2.4, 3.0, 2.816553, 3.82763, 5.836702, 8.269807, 10.498234, 12.308231, 13.523703, 14.34118, 14.538664, 14.143342, 12.92787, 11.501321, 9.274771, 7.044182, 4.611077, 3.247214, 2.647214, 3.567679, 5.500059, 8.552927, 11.604284, 10.604284, 8.883819, 6.551439, 3.498571, 0.0, 0.0, 0.0]"
132,"[0.0, 0.0, 0.0, 0.0, 0.8, 1.8, 3.2, 4.6, 6.2, 7.0, 7.4, 7.6, 7.4, 6.8, 6.0, 5.2, 3.8, 2.8, 2.082843, 1.848528, 2.248528, 3.390169, 4.979023, 6.755307, 8.425689, 9.842298, 11.100658, 11.728412, 12.175279, 12.175279, 9.75867, 8.500311, 6.804812, 4.581662, 2.345594, 2.792807, 2.451167, 3.292106, 5.009264, 7.450575, 9.564611, 11.407145, 12.687629, 13.407923, 13.527862, 13.246963, 12.124894, 10.696573, 8.824807, 6.5464, 4.266049, 3.145584, 2.947923, 3.996762, 6.243741, 9.29005, 12.1829, 10.966348, 9.068981, 6.539159, 3.49285, 0.0, 0.0, 0.0]"
133,"[0.0, 0.0, 0.0, 0.0, 1.0, 2.4, 4.012452, 5.823529, 7.667437, 8.511346, 8.955255, 8.992046, 8.595182, 7.967826, 7.323917, 6.280008, 5.230766, 4.099395, 3.482843, 3.082843, 3.359876, 4.202096, 5.80605, 7.20605, 8.686401, 10.017687, 11.136716, 11.811169, 12.219488, 12.219488, 9.811169, 8.69214, 7.025317, 5.016999, 2.736648, 3.183861, 2.741641, 3.54427, 5.124169, 7.532488, 9.775999, 11.749213, 13.02537, 13.888005, 14.170411, 13.742428, 12.749113, 11.190113, 9.347579, 6.856854, 4.594113, 3.179899, 2.931876, 3.775785, 6.137034, 9.261134, 12.256348, 11.090157, 9.246248, 6.684999, 3.560899, 0.0, 0.0, 0.0]"
134,"[0.0, 0.0, 0.0, 0.0, 1.077033, 2.418674, 4.031125, 5.75159, 7.472055, 8.115487, 8.494312, 8.602325, 8.324081, 7.769806, 7.126374, 6.23053, 4.910065, 3.667844, 2.901654, 2.424621, 2.619804, 3.561445, 4.884599, 6.371396, 7.771396, 8.751592, 9.690302, 10.447498, 10.841053, 10.727849, 8.727849, 7.789139, 6.141243, 4.060893, 2.374096, 3.095207, 3.034191, 4.245644, 6.171673, 8.379992, 10.220132, 11.782041, 12.628857, 13.193552, 13.193552, 12.895044, 12.178539, 11.049865, 9.35914, 7.398034, 5.135293, 3.609264, 3.124247, 3.736698, 5.348611, 8.127099, 10.927099, 9.850066, 8.237615, 6.178489, 3.4, 0.0, 0.0, 0.0]"
135,"[0.0, 0.0, 0.0, 0.0, 1.019804, 2.236356, 3.848808, 5.659885, 7.459885, 8.240081, 8.823529, 8.811077, 8.4, 7.816553, 7.216553, 6.241174, 5.088387, 3.888387, 3.119048, 2.484734, 2.737146, 3.745954, 5.195196, 6.78759, 8.457973, 9.617008, 10.594091, 11.153921, 11.350381, 11.323385, 9.087317, 8.110234, 6.725783, 4.772558, 2.763486, 3.563486, 3.307464, 4.282843, 6.2, 8.4, 10.4, 12.0, 13.0, 13.6, 13.8, 13.2, 12.4, 11.2, 9.6, 7.4, 5.2, 3.6, 3.216553, 3.665795, 5.546146, 8.331823, 11.284434, 10.067882, 8.418639, 6.138289, 3.352611, 0.0, 0.0, 0.0]"
136,"[0.0, 0.0, 0.0, 0.0, 0.894427, 2.060618, 3.502838, 5.11529, 6.904144, 7.718518, 8.164779, 8.33501, 8.064199, 7.352378, 6.538004, 5.372766, 4.043157, 2.701516, 1.824483, 1.530056, 2.082843, 3.214214, 4.863456, 6.751517, 8.305583, 9.646523, 10.648919, 11.416286, 11.669164, 11.669164, 9.328224, 8.176526, 6.559917, 4.618977, 2.464911, 2.912125, 2.813404, 3.625856, 5.195627, 7.612236, 9.671016, 11.188107, 12.354144, 13.067654, 13.157038, 12.983426, 12.18694, 10.931606, 9.072946, 6.966953, 4.634572, 3.380231, 3.121988, 4.267138, 6.373131, 9.15162, 11.847828, 10.582917, 8.613145, 6.107152, 3.328663, 0.0, 0.0, 0.0]"
137,"[0.0, 0.0, 0.0, 0.0, 0.72111, 1.72111, 3.001735, 4.415949, 5.830162, 6.671102, 7.085315, 7.085315, 6.802473, 6.388259, 5.54732, 4.533106, 3.452481, 2.52111, 1.92111, 2.024621, 2.889532, 4.301984, 5.98878, 7.752111, 9.488739, 10.785078, 11.863351, 12.66728, 13.065199, 12.7843, 10.22305, 8.974546, 7.360854, 5.399604, 3.319253, 3.919253, 3.554066, 3.919253, 5.378379, 7.619691, 9.627372, 11.328827, 12.665096, 13.384458, 13.44914, 12.900585, 11.734548, 10.2977, 8.240321, 5.734329, 3.875203, 3.062751, 3.12111, 4.4, 7.0, 10.0, 12.805551, 11.405551, 9.405551, 6.805551, 3.605551, 0.0, 0.0, 0.0]"
138,"[0.0, 0.0, 0.0, 0.0, 1.0, 2.4, 4.012452, 5.823529, 7.634606, 8.445683, 8.85676, 8.85676, 8.658134, 8.261271, 7.450194, 6.439117, 5.226665, 3.614214, 2.4, 1.965685, 2.060113, 2.925024, 4.574266, 6.413874, 8.084256, 9.663692, 10.831886, 11.790325, 12.183822, 12.156827, 9.682963, 8.466411, 6.683351, 4.533089, 2.524016, 3.324016, 3.307464, 4.282843, 6.2, 8.6, 10.8, 12.6, 14.0, 14.8, 15.0, 14.4, 13.4, 11.8, 9.8, 7.4, 5.2, 3.765685, 3.44631, 4.290219, 6.451469, 9.413747, 12.453612, 11.172988, 9.329079, 6.767829, 3.605551, 0.0, 0.0, 0.0]"
139,"[0.0, 0.0, 0.0, 0.0, 1.0, 2.216553, 3.630766, 5.243218, 7.054295, 7.854295, 8.448819, 8.634606, 8.422154, 7.811077, 7.030881, 5.819804, 4.419804, 3.019804, 2.019804, 1.6, 2.0, 3.2, 4.8, 6.6, 8.2, 9.608319, 10.616638, 11.424957, 11.634029, 11.643101, 9.234782, 8.226463, 6.618144, 4.609072, 2.4, 3.032456, 2.849008, 3.69825, 5.537858, 8.011721, 10.24283, 11.938322, 13.201123, 14.02508, 14.27151, 13.688297, 12.620162, 11.32057, 9.281627, 6.961332, 4.680982, 3.469528, 3.198717, 4.260893, 6.468574, 9.468574, 12.397017, 11.055376, 9.16858, 6.560899, 3.560899, 0.0, 0.0, 0.0]"
140,"[0.0, 0.0, 0.0, 0.0, 0.8, 2.0, 3.4, 5.012452, 6.624903, 7.437355, 7.849806, 7.86402, 7.665782, 7.25333, 6.640879, 5.628427, 4.414214, 3.2, 2.282843, 1.848528, 2.248528, 3.490749, 5.079603, 6.855886, 8.70681, 10.123419, 11.097808, 11.725563, 12.083046, 11.902505, 9.485896, 8.410927, 6.888745, 4.754979, 2.518911, 2.966124, 2.790674, 3.508698, 5.112652, 7.445033, 9.6055, 11.04699, 12.154833, 12.875718, 13.04933, 12.77403, 11.955203, 10.677129, 8.963876, 6.740726, 4.408345, 3.21949, 3.17727, 4.282843, 6.408319, 9.434868, 12.287403, 10.887403, 8.887403, 6.479084, 3.452535, 0.0, 0.0, 0.0]"
141,"[0.0, 0.0, 0.0, 0.0, 0.894427, 2.159338, 3.61536, 5.227812, 6.877054, 7.595078, 7.942619, 8.099048, 7.90081, 7.468121, 6.68029, 5.700294, 4.370685, 3.356472, 2.587133, 2.762512, 3.394967, 4.761367, 6.205276, 7.846124, 9.082191, 10.250385, 11.231732, 12.018413, 12.363457, 12.363457, 9.930352, 8.949005, 7.395448, 5.409557, 3.173489, 3.773489, 3.124247, 3.647214, 5.0, 7.209072, 9.216753, 10.824434, 11.832115, 12.639796, 12.839043, 12.231362, 11.223681, 10.016, 8.208319, 6.0, 4.2, 3.4, 3.4, 4.4, 6.6, 9.406659, 12.012537, 10.612537, 8.812537, 6.412537, 3.405877, 0.0, 0.0, 0.0]"
142,"[0.0, 0.0, 0.0, 0.0, 0.8, 1.819804, 3.036356, 4.559511, 6.082666, 6.80582, 7.309171, 7.35753, 7.099286, 6.653164, 5.954631, 5.031476, 3.966565, 2.901654, 2.224621, 2.294427, 2.860618, 4.357674, 6.001583, 7.727612, 9.241504, 10.636563, 11.659801, 12.536186, 12.971407, 12.971407, 10.410157, 9.104076, 7.383782, 5.269746, 2.861427, 3.261427, 2.867017, 3.390172, 4.731813, 6.967881, 9.073874, 10.560063, 11.542901, 12.437328, 12.617869, 12.265942, 11.46875, 10.418779, 8.367953, 5.951344, 3.997278, 3.088478, 2.832456, 4.2, 6.6, 9.406659, 12.212211, 11.012211, 9.012211, 6.612211, 3.605551, 0.0, 0.0, 0.0]"
143,"[0.0, 0.0, 0.0, 0.0, 0.824621, 1.901654, 3.166565, 4.68972, 6.212874, 7.097054, 7.543176, 7.801419, 7.619905, 7.173784, 6.289604, 5.366449, 4.043295, 2.701654, 1.824621, 1.565685, 1.965685, 3.179899, 5.023808, 6.823808, 8.699434, 10.140745, 11.334212, 12.097984, 12.539295, 12.261315, 9.820004, 8.654543, 6.895391, 4.654079, 2.490749, 3.123204, 2.847174, 3.611097, 5.470223, 7.802604, 9.948638, 11.666888, 12.938878, 13.764193, 14.039493, 13.593385, 12.76807, 11.049819, 9.165378, 6.84054, 4.708159, 3.249033, 3.482843, 4.482843, 6.8, 9.8, 12.605877, 11.205877, 9.205877, 6.605877, 3.405877, 0.0, 0.0, 0.0]"
144,"[0.0, 0.0, 0.0, 0.0, 1.0, 2.2, 3.6, 5.2, 6.812452, 7.424903, 7.837355, 7.851568, 7.665782, 7.25333, 6.640879, 5.828427, 4.814214, 3.6, 2.8, 2.247214, 2.447214, 3.327838, 4.570059, 5.890524, 7.330107, 8.493437, 9.545193, 10.266304, 10.709169, 10.666282, 8.502951, 7.451195, 6.008975, 3.845644, 2.201735, 2.834191, 2.719756, 3.440866, 5.440866, 7.404197, 9.379423, 10.933526, 12.269795, 12.877476, 13.155456, 12.547775, 11.67139, 10.335121, 8.727441, 6.568972, 4.568972, 3.325063, 2.902647, 3.358669, 5.163887, 7.693709, 10.066923, 9.047119, 7.591097, 5.503036, 2.973214, 0.0, 0.0, 0.0]"
145,"[0.0, 0.0, 0.0, 0.0, 1.0, 2.216553, 3.630766, 5.280008, 6.988809, 7.69761, 8.189858, 8.298799, 7.914468, 7.42222, 6.733223, 5.824422, 4.901267, 3.919199, 3.102647, 2.715298, 2.809725, 3.49035, 4.904564, 6.20162, 7.413073, 8.644675, 9.49008, 10.073374, 10.356217, 10.209364, 8.083335, 7.237931, 5.67869, 3.898791, 2.401735, 3.122845, 3.122845, 4.098791, 5.87869, 7.941432, 9.911047, 11.458849, 12.59022, 13.301046, 13.583888, 13.019193, 12.034674, 10.768297, 9.077572, 6.814831, 4.688802, 3.444893, 2.77727, 3.389721, 5.27021, 7.953491, 10.483986, 9.589559, 7.977108, 5.813777, 3.130495, 0.0, 0.0, 0.0]"
146,"[0.0, 0.0, 0.0, 0.0, 1.0, 2.280625, 3.842675, 5.404725, 7.248634, 8.092543, 8.532383, 8.532383, 8.532383, 7.969099, 7.256561, 6.257206, 5.095156, 3.733106, 2.899695, 2.368324, 2.647214, 3.647214, 5.059665, 6.423529, 7.667437, 8.707045, 9.587396, 10.255295, 10.680286, 10.875985, 8.836377, 7.956027, 6.275676, 4.239608, 2.4, 3.032456, 2.897367, 3.946609, 5.786217, 7.866568, 9.902445, 11.501098, 12.71542, 13.396106, 13.589619, 13.201637, 12.181981, 10.774439, 9.054145, 6.980282, 4.699931, 3.138865, 2.759876, 3.468676, 5.304744, 7.988026, 10.930086, 9.853053, 8.144253, 5.908185, 3.224903, 0.0, 0.0, 0.0]"
147,"[0.0, 0.0, 0.0, 0.0, 0.8, 2.0, 3.4, 5.0, 6.612452, 7.424903, 7.837355, 8.037355, 7.653907, 7.041456, 6.429004, 5.416553, 4.016553, 2.8, 2.082843, 1.803953, 2.280986, 3.537008, 5.245809, 7.051027, 8.610268, 9.813586, 10.831427, 11.652449, 11.905327, 11.905327, 9.624976, 8.800355, 7.16496, 5.02402, 2.743669, 3.343669, 2.91098, 3.665795, 5.505403, 7.785753, 9.659617, 11.163358, 12.23441, 12.668666, 12.668666, 12.43087, 11.750184, 10.294801, 8.715365, 6.717857, 4.681789, 3.274636, 3.423939, 4.56912, 6.694596, 9.521145, 12.341225, 10.927011, 8.887403, 6.479084, 3.452535, 0.0, 0.0, 0.0]"
148,"[0.0, 0.0, 0.0, 0.0, 0.632456, 1.709488, 2.9744, 4.430422, 5.886444, 6.90323, 7.47544, 7.66655, 7.427081, 6.990863, 6.166242, 4.964213, 3.708191, 2.691639, 2.071835, 2.047214, 2.8, 4.2, 6.0, 7.8, 9.4, 10.8, 12.0, 12.8, 13.2, 13.2, 10.6, 9.4, 7.6, 5.2, 2.8, 3.4, 2.8, 3.4, 5.2, 7.6, 9.607681, 11.414815, 12.621949, 13.429082, 13.629082, 13.221401, 12.214268, 10.607134, 8.6, 6.2, 4.0, 2.8, 3.014214, 4.224189, 6.654778, 9.910542, 12.763077, 11.348864, 9.338889, 6.708299, 3.452535, 0.0, 0.0, 0.0]"
149,"[0.0, 0.0, 0.0, 0.0, 0.824621, 1.901654, 3.067844, 4.510065, 5.952285, 6.689714, 7.174731, 7.289166, 7.12757, 6.85154, 6.0106, 4.895764, 3.815139, 2.734514, 2.168324, 2.271835, 3.089532, 4.501984, 6.18878, 7.824848, 9.332608, 10.675377, 11.947367, 12.780865, 13.265091, 13.265091, 10.65741, 9.296124, 7.470257, 5.149963, 2.817582, 3.100425, 2.425798, 3.093421, 4.53733, 6.817681, 9.255132, 11.126898, 12.407382, 13.124723, 13.252691, 12.812748, 11.812919, 10.251009, 8.41087, 6.202551, 4.1222, 3.226356, 3.287372, 4.453058, 6.759051, 9.783954, 12.630845, 11.289204, 9.402408, 6.896415, 3.671512, 0.0, 0.0, 0.0]"
150,"[0.0, 0.0, 0.0, 0.0, 0.8, 1.819804, 3.234017, 4.88326, 6.59206, 7.441303, 8.070741, 8.112549, 7.728218, 7.039221, 6.2146, 5.165358, 3.909336, 2.644425, 1.907464, 1.648528, 2.048528, 3.290749, 5.290749, 7.171237, 8.937932, 10.443925, 11.609385, 12.217066, 12.495047, 12.495047, 9.989054, 8.823593, 6.937023, 4.778554, 2.446173, 2.893387, 2.617357, 3.616712, 5.4972, 7.938511, 10.211591, 11.929842, 13.093818, 13.814928, 13.981298, 13.593385, 12.59574, 10.991924, 9.107483, 6.782645, 4.450264, 3.163468, 3.482843, 4.482843, 6.807681, 10.032584, 13.054738, 11.454738, 9.454738, 6.847057, 3.622154, 0.0, 0.0, 0.0]"
151,"[0.0, 0.0, 0.0, 0.0, 0.632456, 1.709488, 2.9744, 4.388613, 6.037855, 7.017851, 7.55327, 7.702572, 7.504911, 6.875473, 6.087643, 4.922405, 3.708191, 2.691639, 2.119048, 2.094427, 2.847214, 4.247214, 5.847214, 7.6, 9.2, 10.6, 11.6, 12.4, 12.8, 12.8, 10.2, 9.2, 7.6, 5.4, 3.0, 3.4, 2.8, 3.4, 5.0, 7.4, 9.6, 11.4, 12.6, 13.4, 13.4, 13.2, 12.2, 10.6, 8.6, 6.6, 4.4, 3.32111, 3.462751, 4.632523, 6.832523, 9.678832, 12.450571, 11.108931, 9.139159, 6.539159, 3.49285, 0.0, 0.0, 0.0]"
152,"[0.0, 0.0, 0.0, 0.0, 0.8, 2.016553, 3.430766, 5.030766, 6.830766, 7.630766, 8.014214, 8.2, 8.0, 7.4, 6.8, 5.8, 4.4, 3.2, 2.282843, 2.003953, 2.570143, 3.893298, 5.66307, 7.534293, 9.154122, 10.587932, 11.785072, 12.4153, 12.861234, 12.861234, 10.261234, 8.996962, 7.291389, 4.974232, 2.633292, 3.080505, 2.790674, 3.616712, 5.333869, 7.77518, 10.048261, 11.724604, 13.004139, 13.846673, 13.966612, 13.526669, 12.684135, 11.098348, 9.104342, 6.825935, 4.545584, 3.17804, 3.028737, 4.077576, 6.394733, 9.441042, 12.386296, 11.121385, 9.224018, 6.624018, 3.577709, 0.0, 0.0, 0.0]"
153,"[0.0, 0.0, 0.0, 0.0, 1.019804, 2.236356, 3.848808, 5.46126, 7.073711, 7.666359, 8.062258, 8.049806, 7.851568, 7.639117, 7.026665, 6.238835, 5.086048, 3.671835, 2.471835, 2.10429, 2.279669, 3.232456, 4.832456, 6.432456, 8.0, 9.2, 10.2, 11.0, 11.4, 11.2, 9.0, 7.8, 6.2, 4.2, 2.4, 3.0, 3.0, 3.8, 5.6, 7.8, 10.0, 11.6, 13.0, 13.8, 14.0, 13.4, 12.4, 11.0, 9.2, 7.0, 4.8, 3.447214, 2.924247, 3.713101, 5.372227, 8.157905, 10.94179, 9.864757, 8.075903, 6.016777, 3.231099, 0.0, 0.0, 0.0]"
154,"[0.0, 0.0, 0.0, 0.0, 0.894427, 2.175052, 3.589266, 5.286322, 6.983378, 7.786007, 8.202439, 8.350275, 8.067432, 7.501747, 6.804691, 5.67332, 4.31127, 2.897056, 1.965685, 1.598141, 2.032456, 3.274676, 4.995141, 6.795141, 8.288715, 9.697034, 10.800398, 11.625517, 12.033836, 12.033836, 9.625517, 8.522153, 6.870996, 4.662677, 2.536648, 2.983861, 2.541641, 3.34427, 5.270299, 7.678618, 9.922129, 11.895343, 13.1715, 13.888005, 14.040936, 13.630562, 12.657348, 11.098348, 9.104342, 6.943093, 4.862742, 3.662742, 3.648528, 4.809975, 7.017656, 10.042559, 12.666008, 11.266008, 9.256033, 6.648352, 3.423449, 0.0, 0.0, 0.0]"
155,"[0.0, 0.0, 0.0, 0.0, 0.894427, 1.97146, 3.236371, 4.692393, 6.341635, 7.05966, 7.631869, 7.781172, 7.541702, 6.912264, 6.124433, 4.922405, 3.508191, 2.291639, 1.671835, 1.647214, 2.4, 4.0, 5.8, 7.6, 9.009072, 10.217391, 11.225072, 11.858177, 12.066496, 12.066496, 9.658177, 8.650496, 7.217391, 5.209072, 3.0, 3.4, 2.819804, 3.234017, 4.843993, 7.080061, 9.153924, 10.764709, 12.018829, 12.482717, 12.482717, 12.244921, 11.425409, 9.973629, 8.299765, 6.463698, 4.42763, 3.337663, 3.401735, 4.601735, 6.762985, 9.536199, 12.220966, 10.940341, 8.940341, 6.379091, 3.405877, 0.0, 0.0, 0.0]"
156,"[0.0, 0.0, 0.0, 0.0, 0.72111, 1.72111, 3.001735, 4.415949, 5.977999, 6.671102, 7.085315, 7.218904, 6.936061, 6.374012, 5.680908, 4.666695, 3.452481, 2.52111, 2.12111, 2.224621, 3.089532, 4.412687, 6.099483, 7.499483, 8.800891, 9.816331, 10.854426, 11.375949, 11.784268, 11.658238, 9.377888, 8.429089, 7.097803, 5.089485, 3.089485, 3.489485, 2.725561, 3.062742, 4.506651, 6.769392, 8.632134, 10.191925, 11.18603, 11.75044, 11.896017, 11.613175, 10.901912, 9.774218, 7.931584, 5.723266, 3.943367, 3.04631, 3.030596, 4.114153, 6.194504, 9.099339, 11.65195, 10.387039, 8.737797, 6.457446, 3.352611, 0.0, 0.0, 0.0]"
157,"[0.0, 0.0, 0.0, 0.0, 1.077033, 2.418674, 4.031125, 5.75159, 7.75159, 8.518466, 9.020734, 9.128748, 8.970333, 8.250958, 7.484082, 6.464794, 5.344329, 4.065122, 3.384497, 3.307464, 3.882843, 5.09392, 6.850685, 8.531036, 10.060858, 11.381152, 12.290369, 12.971055, 13.410999, 13.161527, 10.441233, 9.333391, 7.613097, 5.492802, 3.212452, 3.778137, 3.331876, 4.301647, 6.042587, 8.383527, 10.60352, 12.410543, 13.352815, 13.923919, 14.112801, 13.668064, 12.782911, 11.52011, 9.502493, 7.172671, 5.031731, 3.768291, 3.460689, 4.625388, 6.931381, 9.956284, 12.97874, 11.637099, 9.577973, 7.07198, 3.847077, 0.0, 0.0, 0.0]"
158,"[0.0, 0.0, 0.0, 0.0, 1.077033, 2.418674, 4.031125, 5.75159, 7.638387, 8.44815, 8.950418, 9.058431, 8.780187, 8.235031, 7.514426, 6.495138, 5.174673, 3.932452, 2.990812, 2.424621, 2.619804, 3.675826, 5.184627, 6.573481, 7.943253, 9.159517, 9.939563, 10.563143, 10.833414, 10.833414, 8.597346, 7.577831, 5.84545, 3.986324, 2.216553, 2.937663, 3.062751, 4.251605, 6.110731, 8.327341, 10.289512, 11.811435, 12.886145, 13.510301, 13.693692, 13.164476, 12.270683, 10.930274, 9.266796, 7.066796, 4.91273, 3.390172, 3.033208, 3.733869, 5.61422, 8.334514, 11.049578, 9.883388, 8.162923, 5.882572, 3.162278, 0.0, 0.0, 0.0]"
159,"[0.0, 0.0, 0.0, 0.0, 0.72111, 1.615537, 2.781728, 4.123369, 5.646523, 6.448568, 7.077295, 7.252745, 7.077295, 6.448568, 5.646523, 4.406211, 3.264571, 2.09838, 1.603953, 1.682843, 2.616553, 4.065795, 5.963161, 7.717227, 9.333836, 10.717284, 11.751323, 12.537238, 13.066454, 12.885913, 10.285913, 9.058653, 7.452404, 5.169123, 3.133055, 3.580269, 3.124247, 3.461427, 5.041326, 7.104068, 9.347579, 11.038304, 12.314815, 13.163343, 13.30892, 12.744225, 11.750556, 10.340456, 8.077715, 5.869396, 3.943367, 3.04631, 2.982238, 4.45616, 6.924493, 9.980257, 12.868075, 11.651523, 9.611915, 6.943582, 3.687818, 0.0, 0.0, 0.0]"
160,"[0.0, 0.0, 0.0, 0.0, 1.019804, 2.284715, 3.80787, 5.331024, 7.119879, 7.888929, 8.412872, 8.412872, 8.412872, 7.965659, 7.253837, 6.064983, 4.941828, 3.418674, 2.277033, 1.647214, 1.895742, 2.776367, 4.218587, 5.905383, 7.517296, 9.001148, 10.226516, 11.116677, 11.562261, 11.389931, 9.057551, 7.717748, 6.106478, 3.974097, 2.287301, 3.087301, 3.137663, 4.260461, 6.340812, 8.614676, 10.72672, 12.422211, 13.683137, 14.462198, 14.656667, 14.218487, 13.150352, 11.694759, 9.459968, 7.238849, 4.964986, 3.568291, 2.996081, 3.880261, 5.713398, 8.618233, 11.469504, 10.392471, 8.68367, 6.403319, 3.298485, 0.0, 0.0, 0.0]"
161,"[0.0, 0.0, 0.0, 0.0, 1.2, 2.614214, 4.263456, 5.912698, 7.621499, 8.1303, 8.424887, 8.484445, 8.544004, 8.291225, 7.602228, 6.693427, 5.384627, 3.875826, 2.819804, 2.432456, 2.632456, 3.51308, 5.010137, 6.736166, 8.366452, 9.629194, 10.756888, 11.46815, 11.604863, 11.46815, 9.205409, 8.077715, 6.390506, 4.327764, 2.401735, 3.122845, 3.122845, 4.245644, 6.308386, 8.669635, 10.63925, 12.331839, 13.330464, 13.910256, 14.039732, 13.611748, 12.764564, 11.48408, 9.641546, 7.398034, 5.135293, 3.609264, 3.124247, 3.833047, 5.5399, 8.586209, 11.479059, 10.402026, 8.693225, 6.539159, 3.49285, 0.0, 0.0, 0.0]"
162,"[0.0, 0.0, 0.0, 0.0, 1.16619, 2.446815, 4.008865, 5.705921, 7.54983, 8.227549, 8.64398, 8.778987, 8.64398, 8.080696, 7.236787, 6.260841, 4.963785, 3.601735, 2.72111, 2.52111, 2.819804, 3.761445, 5.270245, 6.6591, 7.745896, 8.889423, 9.989093, 10.560643, 10.93512, 10.93512, 8.771789, 7.595389, 6.139659, 4.176328, 2.489532, 3.055218, 2.921677, 3.794113, 5.720142, 7.928461, 10.0535, 11.612854, 12.606523, 13.171218, 13.308484, 12.880501, 12.169675, 11.041, 9.198803, 7.053219, 4.790477, 3.410578, 2.868332, 3.728605, 5.482671, 8.268348, 10.899447, 9.879643, 8.170842, 6.016777, 3.231099, 0.0, 0.0, 0.0]"
163,"[0.0, 0.0, 0.0, 0.0, 0.8, 2.0, 3.414214, 5.026665, 6.675907, 7.52515, 7.974392, 8.0162, 7.817962, 7.385273, 6.53603, 5.486788, 4.230766, 2.816553, 1.882843, 1.648528, 2.048528, 3.190169, 4.979023, 6.755307, 8.425689, 9.842298, 10.917267, 11.545022, 11.902505, 11.902505, 9.485896, 8.410927, 6.888745, 4.754979, 2.518911, 3.151366, 2.886758, 3.781186, 5.468114, 7.884724, 9.758261, 11.187221, 12.081648, 12.617869, 12.617869, 12.347944, 11.811723, 10.470082, 8.858517, 6.72475, 4.488682, 3.318911, 3.37727, 4.482843, 6.6, 9.6, 12.2, 10.8, 8.8, 6.4, 3.4, 0.0, 0.0, 0.0]"
164,"[0.0, 0.0, 0.0, 0.0, 1.077033, 2.418674, 4.031125, 5.75159, 7.638387, 8.281819, 8.660643, 8.768656, 8.490412, 7.945256, 7.301824, 6.213815, 4.89335, 3.651129, 2.509488, 2.064911, 2.326883, 3.369103, 4.731153, 6.375062, 7.868636, 9.23695, 10.203049, 11.049318, 11.46815, 11.32202, 9.059279, 7.931584, 6.244376, 4.181634, 2.401735, 3.034191, 2.919756, 3.919111, 5.999462, 8.360712, 10.57079, 12.247134, 13.526669, 14.088852, 14.247896, 13.846673, 13.004139, 11.724604, 9.730598, 7.457518, 5.016207, 3.616207, 2.895742, 3.847214, 5.609072, 8.437499, 11.062402, 10.062402, 8.262402, 6.05333, 3.224903, 0.0, 0.0, 0.0]"
165,"[0.0, 0.0, 0.0, 0.0, 0.848528, 1.979899, 3.422119, 5.142585, 6.86305, 7.734987, 8.216067, 8.216067, 7.937823, 7.217358, 6.496893, 5.450126, 4.207906, 2.765685, 1.965685, 1.565685, 2.019804, 3.161445, 4.950299, 6.809425, 8.541806, 9.854383, 11.120423, 11.77288, 12.046134, 11.877084, 9.544704, 8.278663, 6.661973, 4.529593, 2.366262, 2.931947, 2.870931, 3.766775, 5.730106, 8.010457, 10.165066, 11.884441, 13.163976, 13.843179, 14.124078, 13.529813, 12.373722, 10.815942, 8.973408, 6.812159, 4.686129, 3.442221, 3.414214, 4.453821, 6.774115, 9.87895, 12.631561, 11.217348, 9.17774, 6.457446, 3.352611, 0.0, 0.0, 0.0]"
166,"[0.0, 0.0, 0.0, 0.0, 1.0, 2.4, 4.0, 5.6, 7.2, 7.8, 8.0, 8.0, 8.0, 7.8, 7.2, 6.4, 5.2, 3.8, 2.6, 2.165685, 2.260113, 3.316135, 4.824935, 6.333736, 7.665417, 8.859051, 9.68338, 10.25493, 10.634191, 10.634191, 8.54613, 7.53069, 6.07496, 4.186899, 2.489532, 3.089532, 2.901654, 3.726275, 5.680341, 7.821281, 10.006959, 11.715603, 12.852039, 13.483651, 13.672533, 13.040921, 12.15261, 10.822954, 8.861898, 6.614918, 4.460852, 3.163486, 2.707464, 3.482843, 5.4, 8.2, 10.8, 9.8, 8.2, 6.0, 3.2, 0.0, 0.0, 0.0]"
167,"[0.0, 0.0, 0.0, 0.0, 0.632456, 1.652259, 2.868812, 4.283026, 5.883026, 6.85057, 7.430766, 7.628427, 7.614214, 7.014214, 6.214214, 5.214214, 3.8, 2.6, 2.047214, 1.879669, 2.299473, 3.911925, 5.324376, 6.887138, 8.463754, 9.852269, 10.648137, 11.46879, 11.694883, 11.721879, 9.31356, 8.319455, 6.710971, 4.674903, 2.438835, 3.038835, 2.624621, 3.412452, 5.05636, 7.292428, 9.166292, 10.886586, 11.942467, 12.572422, 12.616705, 12.182449, 11.111397, 9.659617, 8.010375, 5.930024, 3.890416, 2.841174, 3.024621, 4.0, 6.4, 9.4, 12.0, 10.6, 8.8, 6.2, 3.2, 0.0, 0.0, 0.0]"
168,"[0.0, 0.0, 0.0, 0.0, 1.077033, 2.341944, 3.797966, 5.447208, 7.096451, 7.631869, 8.0162, 8.17263, 7.937601, 7.504911, 6.912264, 6.087643, 4.758034, 3.74382, 2.974481, 2.520363, 2.772775, 3.904146, 5.153388, 6.550083, 8.024005, 9.156045, 10.15015, 10.70998, 11.102139, 11.072506, 8.863434, 7.869329, 6.292712, 4.256644, 2.446669, 3.246669, 3.232456, 4.2, 6.0, 8.2, 10.0, 11.4, 12.607134, 13.414268, 13.621949, 13.221949, 12.421949, 11.014815, 9.207681, 7.0, 4.8, 3.4, 3.2, 3.812452, 5.621524, 8.252113, 10.877016, 9.677016, 8.064565, 5.855492, 3.224903, 0.0, 0.0, 0.0]"
169,"[0.0, 0.0, 0.0, 0.0, 1.019804, 2.284715, 3.933957, 5.642758, 7.540125, 8.229121, 8.673011, 8.73257, 8.479791, 8.038446, 7.349449, 6.440649, 5.131848, 3.875826, 2.619804, 2.047214, 2.095742, 2.976367, 4.496832, 6.183628, 7.899745, 9.383598, 10.435354, 11.220881, 11.840078, 11.735873, 9.403492, 8.237302, 6.452419, 4.146427, 2.287301, 2.887301, 2.986021, 3.914153, 5.868219, 8.009159, 10.009159, 11.529926, 12.666361, 13.297973, 13.486855, 13.227795, 12.530179, 11.393743, 9.432687, 7.185707, 5.044767, 3.556706, 2.927268, 3.913724, 5.839953, 8.447087, 11.252964, 10.23316, 8.422083, 6.213011, 3.405877, 0.0, 0.0, 0.0]"
170,"[0.0, 0.0, 0.0, 0.0, 1.0, 2.4, 4.0, 5.8, 7.6, 8.4, 8.8, 8.8, 8.4, 8.0, 7.2, 6.2, 5.0, 3.6, 2.4, 2.032456, 2.252259, 3.266473, 5.07755, 6.887525, 8.464142, 9.852657, 10.838443, 11.627366, 12.02571, 12.016638, 9.608319, 8.608319, 6.808319, 4.6, 2.6, 3.2, 3.0, 4.0, 6.0, 8.4, 10.6, 12.4, 13.8, 14.6, 14.8, 14.4, 13.4, 11.8, 9.8, 7.4, 5.0, 3.565685, 3.131876, 3.92073, 5.853111, 8.806076, 11.818099, 10.651909, 8.863054, 6.530673, 3.577709, 0.0, 0.0, 0.0]"
171,"[0.0, 0.0, 0.0, 0.0, 0.894427, 2.159338, 3.61536, 5.138515, 6.847316, 7.602131, 8.04602, 8.04602, 7.978888, 7.534998, 6.962789, 5.886444, 4.713264, 3.257242, 2.192331, 1.715298, 2.082843, 3.2, 4.812452, 6.652059, 8.33241, 9.612761, 10.742583, 11.603995, 12.038251, 11.845961, 9.56561, 8.252341, 6.578477, 4.304614, 2.216553, 2.849008, 2.709488, 3.618289, 5.572355, 7.913295, 10.066517, 11.775162, 12.929925, 13.561537, 13.820597, 13.188985, 12.192162, 10.78462, 9.018746, 6.818746, 4.66468, 3.475826, 3.284715, 4.053765, 5.986146, 8.870587, 11.711517, 10.446606, 8.657752, 6.325371, 3.44093, 0.0, 0.0, 0.0]"
172,"[0.0, 0.0, 0.0, 0.0, 1.019804, 2.434017, 4.08326, 5.927169, 7.738246, 8.529519, 8.959214, 9.121049, 8.889592, 8.492728, 7.701455, 6.682167, 5.07109, 3.458639, 2.244425, 1.824621, 2.2, 3.4, 5.2, 7.209072, 9.017391, 10.425072, 11.853499, 12.684088, 13.082697, 12.883451, 10.27577, 8.847342, 7.016753, 4.609072, 2.4, 3.032456, 2.849008, 3.892917, 5.973268, 8.641601, 10.872709, 12.760992, 14.215567, 15.040051, 15.283763, 14.894062, 13.877288, 12.191255, 10.106224, 7.59418, 5.120317, 3.664711, 3.3939, 4.374096, 6.535346, 9.941223, 12.996586, 11.654945, 9.654945, 7.093695, 3.687818, 0.0, 0.0, 0.0]"
173,"[0.0, 0.0, 0.0, 0.0, 1.264911, 2.788066, 4.57692, 6.636046, 8.695172, 9.489387, 10.129563, 10.399835, 10.227505, 9.780831, 9.063345, 7.977048, 6.717922, 5.278339, 4.265887, 3.818674, 4.083282, 5.003747, 6.556533, 8.236884, 9.750776, 11.09986, 12.221929, 13.050356, 13.46073, 13.46073, 10.770005, 9.369691, 7.435691, 5.19218, 3.183861, 4.183861, 4.155854, 5.387456, 7.485827, 10.197097, 12.452861, 14.444525, 15.856857, 16.705385, 16.705385, 16.278048, 15.28049, 13.586037, 11.47255, 9.08239, 6.536806, 4.953108, 4.45084, 5.229341, 7.014223, 9.956284, 12.803175, 11.461534, 9.402408, 6.896415, 3.671512, 0.0, 0.0, 0.0]"
174,"[0.0, 0.0, 0.0, 0.0, 1.0, 2.16619, 3.507831, 5.030986, 6.739787, 7.389029, 7.872081, 7.986462, 7.728218, 7.284329, 6.529514, 5.445957, 4.389935, 3.525024, 2.542955, 2.473149, 3.172375, 4.384826, 5.795903, 7.722133, 9.297512, 10.640282, 11.635511, 12.424434, 12.823043, 12.632115, 10.024434, 9.029205, 7.449009, 5.288541, 3.079469, 3.479469, 2.867017, 3.447214, 4.8, 7.0, 9.2, 11.0, 12.2, 13.2, 13.4, 13.0, 11.8, 10.6, 8.6, 6.4, 4.2, 3.4, 3.2, 4.211077, 6.419396, 9.426055, 12.049504, 10.649504, 8.838427, 6.430108, 3.423449, 0.0, 0.0, 0.0]"
175,"[0.0, 0.0, 0.0, 0.0, 0.72111, 1.72111, 2.852481, 4.133106, 5.695156, 6.416266, 6.858487, 7.007741, 6.893306, 6.331256, 5.737564, 4.742557, 3.661932, 2.495742, 1.895742, 1.847214, 2.616553, 3.872574, 5.769941, 7.524007, 8.960075, 10.249515, 11.299486, 12.0098, 12.361727, 12.361727, 9.855735, 8.872896, 7.285019, 5.179027, 2.942959, 3.225801, 2.702647, 2.963468, 4.283933, 6.564283, 8.84269, 10.562985, 11.843609, 12.684394, 12.684394, 12.123144, 11.123315, 9.84269, 7.913896, 5.833545, 4.033545, 3.137702, 3.121988, 4.459304, 6.675913, 9.339477, 12.092565, 10.827654, 8.857882, 6.441273, 3.577709, 0.0, 0.0, 0.0]"
176,"[0.0, 0.0, 0.0, 0.0, 1.077033, 2.341944, 3.797966, 5.447208, 7.291117, 8.057993, 8.636991, 8.830211, 8.636991, 8.057993, 7.233888, 6.284406, 4.918007, 3.661985, 2.679917, 2.292568, 2.398141, 3.515298, 5.115298, 6.832456, 8.4, 9.6, 10.6, 11.2, 11.4, 11.4, 9.2, 8.2, 6.6, 4.6, 2.8, 3.432456, 3.249008, 4.292917, 6.301989, 8.375853, 10.373986, 11.985861, 13.005516, 13.464777, 13.659246, 13.309008, 12.520188, 11.112646, 9.464117, 7.395785, 5.115434, 3.523039, 3.233208, 3.933869, 5.61422, 8.456754, 11.13364, 9.96745, 8.246985, 5.966634, 3.1241, 0.0, 0.0, 0.0]"
177,"[0.0, 0.0, 0.0, 0.0, 0.894427, 1.97146, 3.494615, 5.017769, 6.667012, 7.481385, 8.113153, 8.113153, 7.854909, 7.2827, 6.468327, 5.325211, 4.002057, 2.937146, 2.307326, 2.212899, 2.847214, 4.247214, 6.047214, 7.8, 9.607681, 11.015362, 12.222496, 13.029629, 13.43731, 13.237948, 10.630267, 9.423134, 7.616, 5.455533, 3.247214, 3.812899, 3.379089, 3.991541, 5.514099, 7.730708, 10.028587, 11.648074, 13.081932, 13.975725, 14.159115, 13.531619, 12.534796, 11.011641, 9.042504, 6.642504, 4.406436, 3.064795, 2.822266, 3.771747, 5.980066, 8.95328, 11.911944, 10.631319, 8.78741, 6.379091, 3.405877, 0.0, 0.0, 0.0]"
178,"[0.0, 0.0, 0.0, 0.0, 1.0, 2.4, 4.0, 5.8, 7.611077, 8.422154, 8.833231, 8.833231, 8.633231, 8.222154, 7.411077, 6.4, 5.2, 3.6, 2.4, 1.965685, 2.060113, 2.925024, 4.574266, 6.413874, 8.084256, 9.622934, 10.791128, 11.574991, 11.968488, 11.772028, 9.338923, 8.12237, 6.513886, 4.363624, 2.524016, 3.324016, 3.307464, 4.282843, 6.2, 8.6, 10.806659, 12.613319, 14.019562, 14.819562, 15.019562, 14.412903, 13.406244, 11.8, 9.8, 7.4, 5.0, 3.447214, 3.013404, 3.802258, 5.818868, 8.865177, 11.910813, 10.744623, 8.955768, 6.539159, 3.49285, 0.0, 0.0, 0.0]"
179,"[0.0, 0.0, 0.0, 0.0, 0.824621, 1.901654, 3.243295, 4.855746, 6.468198, 7.256028, 7.791447, 8.062258, 7.791447, 7.345186, 6.627161, 5.647165, 4.234714, 2.893073, 1.926883, 1.479669, 1.847214, 3.209264, 5.053172, 6.979202, 8.812339, 10.25365, 11.299281, 12.063053, 12.378335, 12.378335, 9.937024, 8.609968, 6.850815, 4.609504, 2.329153, 2.961609, 2.847174, 3.611097, 5.574428, 7.906809, 10.158794, 11.877045, 13.043082, 13.65824, 13.933541, 13.38148, 12.383836, 10.885972, 9.107483, 6.782645, 4.650264, 3.363468, 3.482843, 4.482843, 6.8, 9.8, 12.6, 11.2, 9.2, 6.6, 3.4, 0.0, 0.0, 0.0]"
180,"[0.0, 0.0, 0.0, 0.0, 0.8, 2.0, 3.4, 5.0, 6.6, 7.4, 7.8, 8.0, 7.6, 7.2, 6.6, 5.6, 4.282843, 3.282843, 2.530056, 2.424483, 2.990674, 4.416632, 6.060541, 7.893678, 9.473114, 10.937513, 11.859302, 12.84382, 13.231802, 12.994006, 10.363417, 9.18885, 7.437456, 5.216337, 2.980269, 3.580269, 3.124247, 3.647214, 5.2, 7.6, 9.8, 11.6, 12.8, 13.6, 13.8, 13.2, 12.2, 10.8, 8.8, 6.4, 4.2, 3.032456, 2.897367, 3.994733, 6.324555, 9.486833, 12.271979, 11.007068, 9.109701, 6.579879, 3.417601, 0.0, 0.0, 0.0]"
181,"[0.0, 0.0, 0.0, 0.0, 1.0, 2.2, 3.6, 5.2, 6.8, 7.6, 8.0, 8.0, 7.8, 7.4, 6.4, 5.4, 4.282843, 3.282843, 2.715298, 2.763826, 3.444451, 4.882074, 6.36887, 8.068795, 9.72626, 11.053316, 11.940532, 12.661416, 12.936717, 12.763105, 10.155424, 9.109793, 7.502112, 5.177273, 2.844893, 3.244893, 2.57727, 3.100425, 4.704378, 7.036759, 9.24444, 10.957694, 12.04222, 12.763105, 12.936717, 12.492366, 11.605151, 10.33911, 8.45254, 5.946547, 3.983216, 3.087372, 3.010642, 4.32914, 6.858962, 9.82124, 12.60217, 11.337259, 9.297651, 6.767829, 3.605551, 0.0, 0.0, 0.0]"
182,"[0.0, 0.0, 0.0, 0.0, 0.8, 2.0, 3.414214, 4.870236, 6.519478, 7.428279, 7.751433, 7.793242, 7.602131, 7.169441, 6.26064, 5.337486, 4.081464, 3.216553, 2.6, 2.694427, 3.375052, 4.872108, 6.452007, 8.114749, 9.628641, 11.038741, 12.184218, 13.046854, 13.474837, 13.329259, 10.638535, 9.358051, 7.515516, 5.272005, 3.009264, 3.409264, 2.847214, 3.409264, 4.805959, 7.08631, 9.528844, 11.371378, 12.651862, 13.650487, 13.931386, 13.214881, 12.216256, 10.815942, 8.539094, 6.177844, 4.251815, 3.040361, 2.863052, 4.194733, 6.411342, 9.442441, 12.486941, 11.22203, 9.324663, 6.908054, 3.676955, 0.0, 0.0, 0.0]"
183,"[0.0, 0.0, 0.0, 0.0, 0.8, 2.0, 3.414214, 5.026665, 6.675907, 7.52515, 7.974392, 8.0162, 7.859771, 7.427081, 6.577839, 5.528596, 4.472574, 3.016553, 2.2, 2.12111, 2.52111, 3.563331, 5.260387, 6.840286, 8.527495, 10.073079, 11.176443, 11.887706, 12.453391, 12.171101, 9.625517, 8.360557, 6.673349, 4.410607, 2.284578, 2.731791, 2.617357, 3.508698, 5.284982, 7.790974, 10.12225, 11.909024, 13.34944, 14.068803, 14.246091, 13.70367, 12.53956, 11.009847, 9.125786, 6.642504, 4.406436, 3.183267, 2.660113, 3.609594, 5.817913, 8.929183, 11.901859, 10.901859, 9.05795, 6.649631, 3.538361, 0.0, 0.0, 0.0]"
184,"[0.0, 0.0, 0.0, 0.0, 0.894427, 2.175052, 3.737102, 5.299152, 6.996208, 7.798837, 8.215269, 8.215269, 8.067432, 7.501747, 6.804691, 5.74009, 4.77804, 3.763826, 3.079669, 3.099473, 3.867017, 5.067017, 6.667017, 8.419804, 9.8, 10.808319, 11.616, 12.223681, 12.423681, 12.223681, 9.815362, 8.807681, 7.4, 5.4, 3.2, 3.6, 3.0, 3.4, 5.0, 7.4, 9.6, 11.4, 12.6, 13.2, 13.2, 12.8, 11.8, 10.4, 8.6, 6.4, 4.4, 3.4, 3.2, 4.4, 6.608319, 9.414978, 12.220529, 11.020529, 9.020529, 6.612211, 3.605551, 0.0, 0.0, 0.0]"
185,"[0.0, 0.0, 0.0, 0.0, 0.8, 2.0, 3.4, 5.0, 6.6, 7.4, 7.8, 7.8, 7.4, 7.0, 6.2, 5.2, 4.082843, 3.282843, 2.482843, 2.531371, 3.211996, 4.541605, 6.028401, 7.791732, 9.275584, 10.500952, 11.496182, 12.217066, 12.559728, 12.559728, 10.053735, 9.008104, 7.400424, 5.177273, 2.844893, 3.244893, 2.702647, 3.225801, 4.731813, 7.148422, 9.254415, 10.740604, 11.723442, 12.44058, 12.44058, 12.170656, 11.277114, 10.036033, 8.162495, 5.745886, 3.709818, 2.897367, 2.832456, 4.209975, 6.446043, 9.305455, 11.95799, 10.75799, 8.748015, 6.511947, 3.452535, 0.0, 0.0, 0.0]"
186,"[0.0, 0.0, 0.0, 0.0, 0.632456, 1.632456, 2.91308, 4.193705, 5.755755, 6.68535, 7.099563, 7.099563, 6.950309, 6.388259, 5.54732, 4.58032, 3.499695, 2.568324, 1.968324, 2.071835, 2.889532, 4.301984, 5.890838, 7.549964, 9.166654, 10.509424, 11.504653, 12.436093, 12.984648, 12.875718, 10.268037, 9.18351, 7.357644, 5.149963, 2.817582, 3.264795, 2.590169, 3.109955, 4.553864, 6.816606, 9.060117, 10.902314, 12.178825, 13.025641, 13.308484, 12.743788, 11.896972, 10.337618, 8.368004, 6.022419, 4.09639, 3.077102, 3.287372, 4.463629, 6.680238, 9.526547, 12.378881, 11.03724, 9.139874, 6.723265, 3.676955, 0.0, 0.0, 0.0]"
187,"[0.0, 0.0, 0.0, 0.0, 1.0, 2.280625, 3.842675, 5.539731, 7.236787, 8.080696, 8.64398, 8.778987, 8.64398, 8.227549, 7.38364, 6.260841, 4.963785, 3.601735, 2.52111, 2.12111, 2.419804, 3.284715, 4.60787, 6.196724, 7.65585, 8.695172, 9.762642, 10.402818, 10.777294, 10.604965, 8.545839, 7.478369, 6.139659, 4.176328, 2.689532, 3.255218, 3.121677, 4.140965, 6.066994, 8.075313, 10.200353, 11.759707, 12.606523, 13.171218, 13.171218, 12.760844, 12.070119, 10.941445, 9.145147, 7.136828, 4.856477, 3.456477, 2.788854, 3.543669, 5.297735, 8.083413, 10.714512, 9.820085, 8.170842, 6.016777, 3.231099, 0.0, 0.0, 0.0]"
188,"[0.0, 0.0, 0.0, 0.0, 1.019804, 2.284715, 3.740737, 5.353188, 6.96564, 7.595078, 7.942619, 8.099048, 8.099048, 7.703149, 7.073711, 6.285881, 4.956272, 3.74382, 2.974481, 2.675788, 2.9282, 4.101379, 5.350621, 6.714484, 8.003349, 9.135389, 10.087686, 10.846762, 11.271753, 11.301386, 9.092314, 8.140017, 6.556319, 4.520251, 2.680643, 3.480643, 3.224621, 4.0, 5.8, 8.0, 9.8, 11.4, 12.6, 13.2, 13.4, 13.0, 12.0, 10.6, 9.0, 6.8, 4.6, 3.2, 3.0, 3.612452, 5.44852, 8.116852, 11.015337, 9.815337, 8.202885, 5.966817, 3.298485, 0.0, 0.0, 0.0]"
189,"[0.0, 0.0, 0.0, 0.0, 0.8, 1.8, 3.2, 4.8, 6.4, 7.2, 7.8, 8.0, 7.8, 7.2, 6.6, 5.6, 4.2, 3.0, 2.282843, 2.003953, 2.480986, 3.737008, 5.18625, 6.800774, 8.315732, 9.51905, 10.536891, 11.320754, 11.703738, 11.748021, 9.46767, 8.449829, 6.841345, 4.760994, 2.480643, 3.080643, 2.701654, 3.526275, 5.223642, 7.377708, 9.30753, 10.760319, 11.640899, 12.273354, 12.460228, 12.018468, 11.197446, 9.744657, 8.109262, 6.051165, 3.963104, 2.854303, 3.37727, 4.282843, 6.4, 9.4, 12.2, 10.6, 8.8, 6.4, 3.4, 0.0, 0.0, 0.0]"
190,"[0.0, 0.0, 0.0, 0.0, 1.16619, 2.608411, 4.328876, 6.049341, 7.936137, 8.769947, 9.171635, 9.171635, 9.01322, 8.407049, 7.573239, 6.623757, 5.350506, 3.988456, 3.155045, 2.709965, 3.096162, 4.346005, 6.125904, 8.087009, 9.774218, 11.184318, 12.329796, 13.192431, 13.474837, 13.627767, 10.937043, 9.791565, 8.080402, 5.83689, 3.475641, 4.196751, 3.941915, 4.697341, 6.530478, 8.938159, 11.10149, 12.821547, 14.097028, 14.978955, 15.255715, 14.978955, 13.980008, 12.37978, 10.348874, 8.185543, 5.860705, 4.521995, 4.759945, 6.036893, 8.322442, 11.445477, 14.426115, 12.626115, 10.217796, 7.211137, 3.80526, 0.0, 0.0, 0.0]"
191,"[0.0, 0.0, 0.0, 0.0, 1.0, 2.280625, 3.842675, 5.686584, 7.530493, 8.374401, 8.937686, 9.219544, 8.937686, 8.374401, 7.530493, 6.407694, 5.010999, 3.731791, 2.89838, 2.792807, 3.237887, 4.352724, 5.91379, 7.729318, 9.380475, 10.759869, 11.888544, 12.73536, 13.163343, 13.163343, 10.617759, 9.62409, 7.933365, 5.689854, 3.34427, 4.06538, 3.648949, 4.648949, 6.482086, 8.843336, 11.122225, 12.841601, 13.841601, 14.56125, 14.720294, 14.161605, 13.324936, 11.886986, 10.018357, 8.019173, 6.025075, 4.686366, 4.724316, 5.792945, 7.878968, 10.637999, 13.634372, 12.034372, 9.834372, 7.027239, 3.820995, 0.0, 0.0, 0.0]"
192,"[0.0, 0.0, 0.0, 0.0, 1.0, 2.4, 4.0, 5.8, 7.6, 8.6, 9.0, 9.0, 8.8, 8.4, 7.4, 6.4, 5.2, 3.8, 2.8, 2.365685, 2.565685, 3.507326, 4.919778, 6.489549, 8.159932, 9.576541, 10.651509, 11.455667, 11.902505, 11.820503, 9.403894, 8.153475, 6.457976, 4.241367, 2.287301, 2.919756, 3.095207, 4.162951, 6.199019, 8.6067, 10.581925, 12.124725, 13.288836, 13.831256, 13.729568, 13.454268, 12.628953, 11.28844, 9.404378, 7.181228, 4.848847, 3.389721, 2.797074, 3.515098, 5.468323, 8.331888, 11.084499, 10.064695, 8.452243, 6.216175, 3.352611, 0.0, 0.0, 0.0]"
193,"[0.0, 0.0, 0.0, 0.0, 1.0, 2.216553, 3.672574, 5.128596, 6.837397, 7.546198, 8.038446, 8.105579, 7.914468, 7.2827, 6.593703, 5.484903, 4.161748, 2.896837, 2.219804, 1.832456, 2.232456, 3.446669, 5.143725, 6.869755, 8.645618, 10.206868, 11.353904, 12.218097, 12.500387, 12.35481, 9.79356, 8.79436, 7.081639, 4.956162, 2.693421, 3.259106, 2.828427, 3.676955, 5.520142, 7.782883, 9.907923, 11.749766, 13.025923, 13.873108, 14.171616, 13.743633, 12.750318, 11.219325, 9.094639, 6.733389, 4.470648, 3.090749, 3.10455, 4.225794, 6.625794, 9.756289, 12.733997, 11.277975, 9.308204, 6.708204, 3.577709, 0.0, 0.0, 0.0]"
194,"[0.0, 0.0, 0.0, 0.0, 1.0, 2.16619, 3.608411, 5.220862, 7.009717, 7.798571, 8.421235, 8.502169, 8.231359, 7.608695, 6.714267, 5.646523, 4.406211, 3.264571, 2.29838, 2.203953, 2.682843, 3.8, 5.2, 7.009975, 8.618294, 9.851399, 10.884504, 11.915093, 12.313437, 12.11419, 9.681085, 8.64798, 6.817391, 4.609072, 2.4, 3.0, 2.8, 3.8, 5.8, 8.4, 10.6, 12.4, 13.806244, 14.612903, 14.812903, 14.412903, 13.412903, 11.806659, 9.8, 7.4, 5.0, 3.632456, 3.109488, 3.898343, 5.914952, 8.961261, 11.746407, 10.669374, 8.88052, 6.463911, 3.417601, 0.0, 0.0, 0.0]"
195,"[0.0, 0.0, 0.0, 0.0, 0.894427, 2.060618, 3.402258, 5.01471, 6.803564, 7.697991, 8.320655, 8.502169, 8.231359, 7.608695, 6.714267, 5.491098, 4.250786, 2.909146, 1.942955, 1.648528, 2.102647, 3.084715, 4.793516, 6.747582, 8.38365, 9.780455, 11.021537, 11.818729, 12.081272, 12.081272, 9.664663, 8.500311, 6.794318, 4.577709, 2.341641, 2.907326, 2.731876, 3.652341, 5.615672, 7.948052, 9.990048, 11.708299, 12.872275, 13.593385, 13.981298, 13.653968, 12.769527, 11.327306, 9.337293, 7.016999, 4.736648, 3.336648, 3.11098, 4.304614, 6.434436, 9.40765, 12.3005, 11.083947, 8.995886, 6.466064, 3.49285, 0.0, 0.0, 0.0]"
196,"[0.0, 0.0, 0.0, 0.0, 0.848528, 1.979899, 3.260524, 4.702744, 6.423209, 7.295146, 7.776227, 7.937823, 7.937823, 7.217358, 6.345421, 5.365425, 4.323204, 3.080984, 2.480984, 2.432456, 3.0, 4.2, 5.811077, 7.647145, 9.127496, 10.401359, 11.521653, 12.240398, 12.672663, 12.672663, 10.1988, 9.090957, 7.561135, 5.292802, 3.012452, 3.644907, 3.163826, 3.884291, 5.484291, 7.816672, 9.904511, 11.657581, 12.821557, 13.541851, 13.929764, 13.489821, 12.449289, 11.007068, 9.135302, 6.697851, 4.4175, 3.020805, 2.920225, 3.860551, 6.083702, 9.136569, 12.187927, 10.846286, 9.057431, 6.551439, 3.498571, 0.0, 0.0, 0.0]"
197,"[0.0, 0.0, 0.0, 0.0, 1.019804, 2.284715, 3.80787, 5.331024, 7.119879, 7.888929, 8.412872, 8.502169, 8.502169, 8.054956, 7.343134, 6.378901, 5.213663, 4.137722, 3.596081, 3.596081, 4.213681, 5.766467, 7.482584, 9.090903, 10.704595, 11.953099, 12.926313, 13.736196, 14.301091, 14.171616, 11.480891, 10.228142, 8.535553, 6.194795, 3.916388, 4.548844, 3.959749, 4.376181, 5.869755, 8.132496, 10.473254, 12.453153, 13.867367, 14.714552, 14.859692, 14.294797, 13.163426, 11.614206, 9.640993, 7.397481, 5.389163, 4.303691, 4.354092, 5.59016, 7.826228, 11.003937, 14.134432, 12.521981, 10.285913, 7.602631, 4.024922, 0.0, 0.0, 0.0]"
198,"[0.0, 0.0, 0.0, 0.0, 0.8, 2.0, 3.2, 4.6, 6.2, 6.8, 7.0, 7.2, 7.0, 6.6, 6.2, 5.432456, 4.315298, 3.515298, 2.762512, 2.61104, 3.144775, 4.203573, 5.592427, 7.114985, 8.607397, 9.971029, 11.15921, 11.900178, 12.460228, 12.273354, 9.743532, 8.555351, 7.102562, 5.138425, 2.984359, 3.384359, 3.042718, 3.379899, 4.658122, 6.938473, 9.012337, 10.542159, 11.657767, 12.287722, 12.481234, 12.046979, 11.166399, 9.853129, 8.179266, 5.905403, 3.865795, 3.016553, 3.0, 4.0, 6.2, 9.2, 12.0, 10.8, 9.0, 6.6, 3.6, 0.0, 0.0, 0.0]"
199,"[0.0, 0.0, 0.0, 0.0, 1.019804, 2.236356, 3.692378, 5.401179, 7.10998, 7.87903, 8.274929, 8.342062, 8.156416, 7.712526, 6.943476, 6.131024, 5.00787, 3.767558, 3.102647, 2.882843, 3.299395, 4.42255, 5.928562, 7.491892, 9.133203, 10.524332, 11.562427, 12.493867, 12.938217, 12.660236, 10.052556, 8.832947, 7.132456, 4.924775, 2.761445, 3.3939, 3.332884, 4.010137, 5.736166, 8.144485, 10.202754, 11.895343, 13.1715, 14.018685, 14.438793, 14.01081, 13.017495, 11.458495, 9.33381, 6.788225, 4.525483, 2.992798, 2.744775, 3.783043, 6.107881, 8.950415, 11.944132, 10.777941, 8.891145, 6.283464, 3.44093, 0.0, 0.0, 0.0]"
200,"[0.0, 0.0, 0.0, 0.0, 1.0, 2.414214, 3.828427, 5.628427, 7.428427, 8.228427, 8.614214, 8.8, 8.4, 7.8, 7.0, 6.024621, 4.624621, 3.224621, 2.224621, 1.824621, 2.0, 3.2, 5.0, 6.8, 8.4, 9.8, 10.8, 11.6, 12.0, 12.0, 9.6, 8.6, 6.8, 4.6, 2.4, 3.032456, 2.849008, 3.860085, 5.896153, 8.526742, 10.722714, 12.532711, 13.748183, 14.571527, 14.769364, 14.177005, 13.190064, 11.763515, 9.704103, 7.275676, 5.039608, 3.632456, 3.31308, 4.156989, 6.165308, 9.276578, 12.182484, 10.901859, 9.05795, 6.649631, 3.538361, 0.0, 0.0, 0.0]"
201,"[0.0, 0.0, 0.0, 0.0, 0.824621, 2.024621, 3.424621, 5.024621, 6.824621, 7.8, 8.4, 8.6, 8.4, 7.8, 7.019804, 5.852259, 4.535102, 3.335102, 2.582316, 2.456939, 3.089395, 4.455794, 6.295402, 8.084256, 9.820418, 11.383934, 12.541826, 13.309352, 13.880418, 13.658147, 10.82972, 9.635038, 7.904937, 5.545017, 3.336698, 3.969154, 3.573255, 4.307299, 6.060085, 8.460085, 10.634763, 12.418211, 13.613793, 14.420452, 14.627586, 14.228771, 13.039848, 11.633189, 9.42653, 6.819396, 4.411077, 3.232456, 3.074676, 4.333802, 6.912291, 10.312291, 13.351347, 11.909127, 9.850001, 7.071512, 3.671512, 0.0, 0.0, 0.0]"
202,"[0.0, 0.0, 0.0, 0.0, 0.8, 2.0, 3.414214, 4.870236, 6.519478, 7.36872, 7.817962, 7.859771, 7.859771, 7.230332, 6.38109, 5.331848, 4.075826, 2.619804, 1.882843, 1.715298, 2.009725, 3.33288, 5.041681, 6.72861, 8.437094, 9.883607, 10.890274, 11.522414, 11.893582, 11.893582, 9.552642, 8.545975, 7.099462, 5.041365, 2.700425, 3.100425, 2.793822, 3.548637, 5.305403, 7.585753, 9.854086, 11.305867, 12.324957, 12.759213, 12.71493, 12.282665, 11.65394, 10.20216, 8.552917, 6.599692, 4.563624, 3.156472, 3.354133, 4.56912, 6.76014, 9.472184, 12.332579, 10.918365, 8.878757, 6.404894, 3.49285, 0.0, 0.0, 0.0]"
203,"[0.0, 0.0, 0.0, 0.0, 0.894427, 2.025798, 3.440012, 5.002062, 6.564111, 7.231734, 7.662413, 7.81025, 7.528825, 7.098146, 6.536096, 5.606501, 4.444451, 3.363826, 2.632456, 2.432456, 2.8, 3.814214, 5.51158, 7.199641, 8.740581, 10.340581, 11.609649, 12.128892, 12.45744, 12.352568, 9.752568, 8.525308, 7.108699, 5.09209, 3.056022, 3.688478, 3.51308, 4.210137, 5.790036, 7.998355, 10.056624, 11.604426, 12.735797, 13.584325, 13.721591, 13.293607, 12.309089, 10.894876, 9.066449, 6.968078, 4.705336, 3.261427, 3.112125, 4.009491, 6.0921, 9.065314, 12.082915, 10.818004, 8.920637, 6.390815, 3.417601, 0.0, 0.0, 0.0]"
204,"[0.0, 0.0, 0.0, 0.0, 1.019804, 2.284715, 3.933957, 5.642758, 7.540125, 8.229121, 8.861577, 8.921135, 8.668357, 8.035901, 7.346904, 6.249538, 4.940737, 3.484715, 2.419804, 1.847214, 1.895742, 2.776367, 4.388818, 6.075614, 7.864469, 9.43255, 10.568534, 11.556083, 12.085896, 12.085896, 9.669286, 8.594318, 6.715428, 4.498819, 2.462751, 3.262751, 3.137663, 4.22763, 6.263698, 8.73203, 10.844074, 12.732357, 14.026115, 14.849458, 15.04469, 14.565751, 13.500524, 12.239598, 10.19999, 7.736426, 5.503321, 4.096168, 3.329292, 4.206855, 6.336677, 9.241512, 12.153066, 11.076033, 9.178666, 6.648844, 3.544009, 0.0, 0.0, 0.0]"
205,"[0.0, 0.0, 0.0, 0.0, 1.077033, 2.600188, 4.24943, 6.093339, 7.937248, 8.704124, 9.024878, 8.988087, 8.558392, 8.170505, 7.403629, 6.28083, 5.234064, 4.419851, 3.684939, 3.774096, 4.665438, 5.997119, 7.48518, 9.044421, 10.546563, 11.846156, 12.812353, 13.587856, 14.171069, 13.9766, 11.064556, 9.909793, 8.311139, 6.168685, 3.977665, 4.61012, 4.10132, 4.647486, 6.135447, 8.483194, 10.679166, 12.505715, 13.721187, 14.538664, 14.715208, 14.2951, 13.278526, 11.864429, 9.837879, 7.313588, 5.105269, 4.095294, 4.095294, 5.331362, 7.876947, 11.100395, 13.92139, 12.308938, 10.07287, 7.244443, 3.820995, 0.0, 0.0, 0.0]"
206,"[0.0, 0.0, 0.0, 0.0, 1.0, 2.341641, 3.864795, 5.573596, 7.222838, 7.872081, 8.239241, 8.365328, 8.30577, 7.921439, 7.349229, 6.361539, 5.15951, 3.910268, 2.9282, 2.483622, 2.782316, 3.749316, 4.949316, 6.466473, 7.834017, 9.014214, 10.0, 10.6, 11.0, 11.0, 8.8, 7.8, 6.4, 4.482843, 2.682843, 3.282843, 3.082843, 3.882843, 5.6, 7.808319, 10.008319, 11.608319, 12.815453, 13.622586, 13.821949, 13.221949, 12.221949, 10.814815, 9.007681, 7.0, 4.8, 3.447214, 3.312125, 4.020925, 5.574991, 8.360669, 11.144554, 9.879643, 8.170842, 6.016777, 3.231099, 0.0, 0.0, 0.0]"
207,"[0.0, 0.0, 0.0, 0.0, 0.894427, 2.060618, 3.402258, 4.925413, 6.634214, 7.448587, 7.991198, 8.172711, 7.991198, 7.35943, 6.545056, 5.401941, 4.078786, 2.937146, 2.307326, 2.212899, 2.847214, 4.247214, 6.047214, 7.8, 9.408319, 10.816, 12.044427, 12.675016, 13.082697, 13.082697, 10.475016, 9.246589, 7.816, 5.655533, 3.447214, 4.012899, 3.579089, 3.991541, 5.780395, 7.997005, 10.294883, 11.992257, 13.426115, 14.053611, 14.320283, 13.7891, 12.812332, 11.107664, 9.138527, 6.738088, 4.405707, 3.084596, 3.02358, 4.129153, 6.40756, 9.53166, 12.653792, 11.373167, 9.373167, 6.811918, 3.687818, 0.0, 0.0, 0.0]"
208,"[0.0, 0.0, 0.0, 0.0, 1.019804, 2.284715, 3.933957, 5.642758, 7.540125, 8.490092, 8.933982, 8.99354, 8.807894, 8.175439, 7.42222, 6.313419, 5.004618, 3.681464, 2.616553, 1.847214, 2.095742, 2.976367, 4.496832, 6.183628, 7.79554, 9.453005, 10.678373, 11.463901, 11.909485, 11.909485, 9.403492, 8.06369, 6.406225, 4.356687, 2.497561, 3.097561, 3.196282, 3.996996, 5.868219, 8.198041, 10.383719, 12.092022, 13.415993, 14.173971, 14.364443, 13.859116, 12.973964, 11.649992, 9.757752, 7.320301, 5.23995, 3.784344, 3.351655, 4.142928, 6.096153, 8.922702, 11.713695, 10.497143, 8.686066, 6.449998, 3.423449, 0.0, 0.0, 0.0]"
209,"[0.0, 0.0, 0.0, 0.0, 1.0, 2.216553, 3.672574, 5.381375, 7.090176, 7.798977, 8.291225, 8.358358, 8.105579, 7.661689, 6.972692, 6.063892, 5.140737, 3.967558, 3.102647, 2.882843, 3.102647, 3.844287, 5.350299, 7.009425, 8.372756, 9.794263, 11.013872, 11.786267, 12.168452, 12.168452, 9.727141, 8.689046, 6.952418, 4.911107, 2.747776, 3.380231, 3.023267, 3.760696, 5.340595, 7.748914, 9.807183, 11.46942, 12.880584, 13.729112, 13.866377, 13.438394, 12.453876, 10.894876, 9.066449, 6.803707, 4.540965, 3.14427, 2.896247, 3.783043, 5.832581, 8.885448, 11.879165, 10.712975, 8.826178, 6.493798, 3.44093, 0.0, 0.0, 0.0]"
210,"[0.0, 0.0, 0.0, 0.0, 1.0, 2.4, 4.0, 5.8, 7.6, 8.4, 8.8, 9.0, 8.8, 8.4, 7.8, 6.8, 5.4, 4.0, 2.8, 2.047214, 2.141641, 3.006552, 4.455794, 6.295402, 8.084256, 9.622934, 10.791128, 11.772475, 12.165972, 11.969512, 9.536407, 8.368213, 6.562245, 4.32914, 2.489532, 3.089532, 3.024621, 4.011077, 6.020149, 8.450739, 10.91015, 12.769562, 13.985034, 14.835374, 15.033211, 14.406905, 13.357468, 11.943371, 9.883959, 7.455532, 5.022427, 3.644907, 3.052259, 3.896168, 5.929273, 8.955823, 11.746816, 10.727012, 8.883103, 6.449998, 3.423449, 0.0, 0.0, 0.0]"
211,"[0.0, 0.0, 0.0, 0.0, 0.824621, 1.844425, 3.109336, 4.632491, 6.341291, 7.039825, 7.543176, 7.801419, 7.543176, 6.911408, 6.212874, 5.28972, 3.966565, 2.701654, 1.824621, 1.632456, 2.032456, 3.246669, 4.967134, 6.767134, 8.415029, 9.856341, 11.162421, 11.883267, 12.163618, 12.163618, 9.722307, 8.282638, 6.689855, 4.609504, 2.329153, 2.776367, 2.495742, 3.209264, 5.009264, 7.417582, 9.531619, 11.374153, 12.785316, 13.476041, 13.628972, 13.348073, 12.349448, 10.790448, 8.948251, 6.669844, 4.389493, 3.145584, 3.145584, 4.336664, 6.722154, 9.826989, 12.770998, 11.356785, 9.317177, 6.648844, 3.544009, 0.0, 0.0, 0.0]"
212,"[0.0, 0.0, 0.0, 0.0, 1.0, 2.16619, 3.778642, 5.487443, 7.276297, 8.065151, 8.868733, 8.965082, 8.779436, 8.332222, 7.709558, 6.460897, 5.19931, 4.076155, 3.017357, 2.483622, 2.762512, 3.715298, 5.115298, 6.832456, 8.4, 9.8, 11.0, 11.8, 12.2, 12.2, 9.8, 8.6, 6.8, 4.682843, 2.682843, 3.282843, 3.082843, 4.09392, 6.020149, 8.42783, 10.834489, 12.641149, 13.836731, 14.634318, 14.833771, 14.235431, 13.437843, 11.845398, 9.838738, 7.631605, 5.223286, 3.297056, 3.099395, 3.808196, 5.738018, 8.784327, 11.994334, 10.777782, 9.068981, 6.539159, 3.49285, 0.0, 0.0, 0.0]"
213,"[0.0, 0.0, 0.0, 0.0, 0.824621, 1.901654, 3.357676, 4.970128, 6.582579, 7.37041, 8.104454, 8.260883, 8.062645, 7.469998, 6.87735, 5.698728, 4.36912, 3.154906, 2.582316, 2.387133, 2.97123, 4.300839, 6.100839, 8.061944, 9.837323, 11.42077, 12.608319, 13.408319, 13.8, 13.6, 10.8, 9.8, 8.0, 5.4, 3.0, 3.6, 3.0, 3.8, 5.809072, 8.209072, 10.416206, 12.222865, 13.429525, 14.048879, 14.456013, 14.057198, 13.050539, 11.44388, 9.615453, 7.208319, 5.0, 3.824621, 4.037073, 5.246145, 7.674572, 10.730336, 13.555373, 11.942921, 9.733849, 6.905422, 3.649658, 0.0, 0.0, 0.0]"
214,"[0.0, 0.0, 0.0, 0.0, 1.077033, 2.418674, 3.860894, 5.581359, 7.425268, 8.192144, 8.570968, 8.690798, 8.532383, 7.969099, 7.12519, 6.03718, 4.87513, 3.51308, 2.632456, 2.232456, 2.619804, 3.484715, 4.993516, 6.38237, 7.669166, 8.812693, 9.880163, 10.334693, 10.604965, 10.507023, 8.343692, 7.276222, 5.937513, 4.078387, 2.489532, 3.055218, 2.956497, 3.852341, 5.652341, 7.893652, 10.048261, 11.766511, 12.930487, 13.650781, 13.77072, 13.213757, 12.216112, 10.773891, 9.13063, 6.96938, 4.80605, 3.319253, 3.008404, 3.651836, 5.377865, 8.098159, 10.978403, 9.847032, 8.126567, 6.000538, 3.280244, 0.0, 0.0, 0.0]"
215,"[0.0, 0.0, 0.0, 0.0, 1.264911, 2.914153, 4.81152, 6.708887, 8.862952, 9.752107, 10.256931, 10.329336, 10.14077, 9.635946, 8.746792, 7.61253, 6.442758, 5.181171, 4.131929, 3.761445, 4.022266, 4.919322, 6.452007, 7.978036, 9.491928, 10.772553, 11.918031, 12.658426, 13.093646, 13.093646, 10.532397, 9.251913, 7.531619, 5.417582, 3.409264, 4.303691, 4.183861, 5.183861, 7.177959, 9.6624, 11.93025, 13.92896, 15.36989, 16.208823, 16.486659, 16.044676, 14.884097, 13.329963, 11.330344, 8.889176, 6.451725, 4.971374, 4.30113, 5.060113, 7.007336, 10.022978, 13.152354, 11.935802, 9.896194, 7.227861, 3.929377, 0.0, 0.0, 0.0]"
216,"[0.0, 0.0, 0.0, 0.0, 1.077033, 2.341944, 3.797966, 5.447208, 7.258285, 7.992329, 8.538495, 8.694925, 8.658134, 8.261271, 7.469998, 6.483542, 5.318304, 4.105852, 3.412749, 3.287372, 3.727662, 5.124357, 6.763965, 8.47596, 10.212122, 11.5778, 12.760441, 13.54926, 13.944582, 13.944582, 11.313993, 10.131352, 8.379958, 5.998745, 3.568155, 4.368155, 3.740799, 4.507675, 6.296529, 8.529634, 10.593199, 12.436058, 13.651561, 14.474904, 14.710132, 14.279673, 13.259869, 11.656479, 9.674101, 7.638223, 5.652332, 4.507151, 4.700372, 5.859407, 8.2535, 11.258822, 14.211472, 12.562229, 10.326161, 7.299612, 3.847077, 0.0, 0.0, 0.0]"
217,"[0.0, 0.0, 0.0, 0.0, 0.894427, 2.159338, 3.682493, 5.391294, 7.100094, 7.914468, 8.358358, 8.544004, 8.358358, 7.914468, 7.100094, 6.112404, 4.686446, 3.163291, 2.09838, 1.803953, 2.082843, 3.2, 4.812452, 6.622427, 8.258495, 9.538846, 10.419196, 11.087096, 11.313189, 11.313189, 9.032838, 8.1667, 6.68635, 4.650282, 2.414214, 3.046669, 2.897367, 3.746609, 5.63467, 7.97561, 10.063449, 11.46687, 12.537922, 13.170155, 13.359037, 12.919094, 12.148128, 10.883856, 9.183365, 7.053543, 4.773192, 3.508281, 3.332884, 4.156989, 6.302574, 9.413844, 12.037152, 10.756527, 8.912618, 6.367034, 3.255764, 0.0, 0.0, 0.0]"
218,"[0.0, 0.0, 0.0, 0.0, 0.8, 2.0, 3.414214, 4.870236, 6.519478, 7.36872, 7.781172, 7.781172, 7.739363, 7.306673, 6.457431, 5.44498, 4.230766, 2.816553, 1.8, 1.565685, 1.965685, 3.207906, 4.820357, 6.590129, 8.260512, 9.677121, 10.651509, 11.455667, 11.991888, 11.991888, 9.575279, 8.681825, 7.159643, 4.936493, 2.700425, 3.147638, 2.644287, 3.273015, 4.959944, 7.300884, 9.359663, 11.023141, 12.183268, 12.719489, 12.795158, 12.630105, 11.84419, 10.502549, 8.890984, 6.757217, 4.416277, 3.118911, 3.37727, 4.682843, 6.8, 9.8, 12.6, 11.0, 8.8, 6.4, 3.4, 0.0, 0.0, 0.0]"
219,"[0.0, 0.0, 0.0, 0.0, 0.894427, 1.894427, 3.308641, 4.722854, 6.284904, 6.952527, 7.514577, 7.662413, 7.528825, 6.966775, 6.299152, 5.369558, 4.207508, 3.126883, 2.526883, 2.232456, 2.619804, 3.561445, 4.973896, 6.460692, 8.024023, 9.44553, 10.665139, 11.461007, 11.854561, 11.971581, 9.53027, 8.411241, 6.897349, 5.016999, 3.01949, 3.81949, 3.593822, 4.408196, 6.162262, 8.479419, 10.465097, 12.034222, 13.298635, 13.930247, 14.050541, 13.545214, 12.847598, 11.330406, 9.564532, 7.291452, 5.211101, 3.570253, 3.314231, 4.105504, 6.06661, 8.695037, 11.503587, 10.303587, 8.49251, 6.084191, 3.255764, 0.0, 0.0, 0.0]"
220,"[0.0, 0.0, 0.0, 0.0, 0.824621, 1.844425, 3.109336, 4.565358, 6.274159, 7.158338, 7.661689, 7.8528, 7.661689, 6.972692, 6.088513, 5.165358, 3.909336, 2.644425, 1.907464, 1.715298, 2.192331, 3.448353, 5.097595, 6.902814, 8.550709, 9.94754, 11.122107, 12.103454, 12.645982, 12.798736, 10.324873, 9.150306, 7.53952, 5.108931, 2.875826, 3.275826, 3.019804, 3.6, 5.4, 7.6, 10.0, 11.6, 12.8, 13.607134, 13.615453, 13.015453, 12.015453, 10.415453, 8.408319, 6.4, 4.6, 3.52111, 3.601735, 4.781634, 6.927219, 9.782983, 12.738828, 11.458203, 9.478304, 6.932719, 3.676955, 0.0, 0.0, 0.0]"
221,"[0.0, 0.0, 0.0, 0.0, 0.894427, 1.97146, 3.427482, 4.883504, 6.532746, 7.287561, 7.66655, 7.66655, 7.47544, 6.90323, 6.148415, 5.324849, 4.068827, 3.003916, 2.326883, 2.032456, 2.6, 3.8, 5.411077, 7.220149, 9.053254, 10.327118, 11.647412, 12.366157, 12.630948, 12.478194, 10.00433, 8.896488, 7.366666, 5.292802, 3.212452, 3.844907, 3.398646, 3.960696, 5.686725, 7.895044, 10.091016, 11.753252, 13.019629, 13.722027, 14.004433, 13.456357, 12.62793, 11.213716, 9.385289, 6.977407, 4.697056, 3.097056, 3.082843, 3.89392, 6.044182, 9.070731, 12.292885, 10.892885, 9.081808, 6.648703, 3.622154, 0.0, 0.0, 0.0]"
222,"[0.0, 0.0, 0.0, 0.0, 1.077033, 2.341944, 3.991186, 5.603638, 7.216089, 7.950133, 8.297674, 8.260883, 8.260883, 7.864984, 7.13094, 6.34311, 5.177872, 3.96542, 3.196081, 2.684734, 2.75454, 3.763348, 5.01259, 6.409286, 7.883208, 9.224849, 10.201932, 10.985795, 11.377954, 11.377954, 9.141886, 8.164803, 6.556319, 4.520251, 2.680643, 3.480643, 3.424621, 4.4, 6.2, 8.4, 10.4, 11.807134, 13.013793, 14.013793, 14.213793, 13.813793, 13.006659, 11.4, 9.6, 7.6, 5.2, 3.6, 3.6, 4.211077, 6.019396, 8.847823, 11.672726, 10.272726, 8.461649, 6.05333, 3.224903, 0.0, 0.0, 0.0]"
223,"[0.0, 0.0, 0.0, 0.0, 1.216553, 2.865795, 4.709704, 6.719679, 8.729654, 9.523077, 9.883809, 9.850978, 9.652079, 9.254556, 8.461133, 7.470962, 6.380995, 5.017132, 3.851894, 3.529769, 3.586998, 4.51513, 5.911825, 7.673683, 9.212361, 10.765918, 11.923809, 12.887034, 13.308551, 13.308551, 10.677962, 9.48328, 7.892698, 5.709323, 3.676218, 4.476218, 4.27798, 5.071402, 7.032508, 9.659057, 12.08396, 13.894649, 15.308123, 16.106048, 16.285743, 15.66852, 14.65269, 13.239216, 11.249525, 8.675736, 6.350898, 5.036253, 4.367919, 5.305432, 7.393271, 10.463039, 13.497988, 12.156347, 10.002282, 7.281987, 3.929377, 0.0, 0.0, 0.0]"
224,"[0.0, 0.0, 0.0, 0.0, 1.019804, 2.434017, 4.046469, 5.846469, 7.646469, 8.626665, 9.212452, 9.4, 9.212452, 8.812452, 8.029004, 6.853625, 5.500839, 4.288387, 3.288387, 2.792945, 2.968324, 3.963331, 5.352185, 7.106251, 8.726081, 10.067021, 11.154622, 11.965768, 12.228311, 12.228311, 9.887371, 8.880704, 7.280704, 5.064095, 2.723155, 3.523155, 3.2, 4.043909, 6.079977, 8.55384, 10.474134, 12.186178, 13.315483, 13.991459, 14.23789, 13.797947, 13.121971, 11.761208, 9.868968, 7.748674, 5.468323, 3.832255, 3.619804, 4.6, 6.607681, 9.63423, 12.656384, 11.256384, 9.256384, 6.648703, 3.622154, 0.0, 0.0, 0.0]"
225,"[0.0, 0.0, 0.0, 0.0, 1.0, 2.4, 4.0, 5.6, 7.4, 8.2, 8.6, 8.8, 8.8, 8.4, 7.6, 6.6, 5.247214, 3.847214, 2.847214, 2.479669, 2.679669, 3.674676, 5.087128, 6.656899, 8.260512, 9.677121, 10.8349, 11.822449, 12.269286, 12.269286, 9.852677, 8.694898, 6.816008, 4.799399, 2.763331, 3.563331, 3.52111, 4.611077, 6.420149, 8.850739, 10.879166, 12.538577, 13.75405, 14.571527, 14.769364, 14.349256, 13.498917, 11.872367, 9.865622, 7.637195, 5.228876, 3.419804, 3.419804, 4.2, 6.2, 9.406244, 12.412121, 11.012121, 9.212121, 6.612121, 3.405877, 0.0, 0.0, 0.0]"
226,"[0.0, 0.0, 0.0, 0.0, 0.8, 2.0, 3.4, 5.0, 6.6, 7.4, 7.8, 8.0, 7.8, 7.4, 6.8, 5.8, 4.482843, 3.282843, 2.530056, 2.251167, 2.817357, 4.243315, 5.940682, 7.773819, 9.526572, 11.028714, 11.988246, 12.721469, 13.109451, 12.871656, 10.203323, 8.991012, 7.437456, 5.334808, 3.29874, 3.69874, 3.242718, 3.765685, 5.2, 7.4, 9.8, 11.8, 13.2, 14.0, 14.2, 13.6, 12.4, 11.0, 9.0, 6.6, 4.4, 3.232456, 2.897367, 3.994733, 6.324555, 9.677166, 12.650262, 11.385351, 9.487984, 6.958162, 3.605551, 0.0, 0.0, 0.0]"
227,"[0.0, 0.0, 0.0, 0.0, 1.0, 2.4, 4.0, 5.612452, 7.423529, 8.234606, 8.645683, 8.658134, 8.658134, 8.06361, 7.452533, 6.441456, 5.429004, 4.099395, 3.482843, 3.107464, 3.384497, 4.226717, 5.787783, 7.167682, 8.605803, 9.937089, 11.056118, 11.773459, 12.201879, 12.201879, 9.79356, 8.646524, 6.979701, 4.971382, 2.708641, 3.308641, 3.060618, 3.778642, 5.541973, 7.983284, 10.103578, 11.779922, 13.010004, 13.689207, 13.96819, 13.689207, 12.846673, 11.44636, 9.498253, 6.977959, 4.536648, 2.983861, 2.883282, 3.958626, 6.175235, 8.953724, 11.90651, 10.56487, 8.595098, 6.178489, 3.4, 0.0, 0.0, 0.0]"
228,"[0.0, 0.0, 0.0, 0.0, 0.894427, 1.97146, 3.236371, 4.692393, 6.341635, 7.05966, 7.595078, 7.744381, 7.702572, 7.269883, 6.482052, 5.502056, 4.535056, 3.520843, 2.751504, 2.647993, 3.357178, 4.618765, 5.927566, 7.377719, 8.74467, 9.68338, 10.448443, 11.213505, 11.790002, 11.790002, 9.509651, 8.558943, 7.162112, 5.135462, 3.047401, 3.447401, 2.924247, 3.459665, 4.85636, 7.136711, 9.210575, 10.878907, 11.934789, 12.759213, 12.911967, 12.526165, 11.507074, 10.252955, 8.184622, 5.751517, 3.863456, 3.014214, 3.0, 4.2, 6.6, 9.606244, 12.229692, 10.829692, 9.029692, 6.629692, 3.423449, 0.0, 0.0, 0.0]"
229,"[0.0, 0.0, 0.0, 0.0, 1.077033, 2.418674, 3.941828, 5.662293, 7.382758, 8.149634, 8.528459, 8.567354, 8.289109, 7.910285, 7.143409, 6.0554, 5.09335, 4.216815, 3.675174, 3.675174, 4.565873, 5.852669, 7.450315, 9.091626, 10.734887, 11.932026, 13.04523, 13.724433, 14.003416, 13.890803, 11.170509, 9.959364, 8.28302, 6.195181, 3.870343, 4.436028, 3.778545, 4.309411, 5.802984, 7.928461, 10.205309, 12.047152, 13.32331, 14.170494, 14.4529, 14.018685, 13.045471, 11.634307, 9.661094, 7.417582, 5.409264, 4.486296, 4.366467, 5.698848, 8.136075, 11.234646, 14.275865, 12.833645, 10.501264, 7.616823, 4.118252, 0.0, 0.0, 0.0]"
230,"[0.0, 0.0, 0.0, 0.0, 1.0, 2.280625, 3.842675, 5.539731, 7.38364, 8.227549, 8.64398, 8.778987, 8.64398, 8.080696, 7.236787, 6.260841, 4.963785, 3.601735, 2.52111, 2.12111, 2.419804, 3.361445, 4.773896, 6.460692, 7.860692, 8.966918, 9.905628, 10.701495, 10.940728, 10.940728, 8.814699, 7.875989, 6.362097, 4.436068, 2.836068, 3.468524, 3.293073, 4.119111, 6.04514, 8.053459, 10.141298, 11.695401, 12.69523, 13.453642, 13.606573, 13.294598, 12.574304, 11.574475, 9.690034, 7.575998, 5.167679, 3.767679, 3.047214, 3.647214, 5.409072, 8.435621, 11.060524, 10.060524, 8.460524, 6.251452, 3.224903, 0.0, 0.0, 0.0]"
231,"[0.0, 0.0, 0.0, 0.0, 0.824621, 1.901654, 3.166565, 4.68972, 6.212874, 7.000705, 7.446826, 7.70507, 7.523556, 7.020205, 6.232375, 5.30922, 3.986066, 2.644425, 1.824621, 1.565685, 1.965685, 3.207906, 4.820357, 6.679484, 8.349866, 9.766475, 10.740864, 11.545022, 11.902505, 11.902505, 9.485896, 8.592441, 7.070259, 4.936493, 2.700425, 3.100425, 2.57727, 3.332085, 4.893151, 7.129219, 9.203082, 10.871415, 11.890506, 12.71493, 12.911967, 12.674171, 11.849748, 10.397967, 8.554256, 6.403993, 4.367925, 3.245127, 3.484596, 4.748036, 6.939057, 9.901335, 12.724233, 11.268211, 9.18015, 6.706287, 3.544009, 0.0, 0.0, 0.0]"
232,"[0.0, 0.0, 0.0, 0.0, 0.894427, 1.97146, 3.494615, 5.203416, 6.912216, 7.72659, 8.358358, 8.358358, 8.172711, 7.728822, 7.097054, 6.020709, 4.780397, 3.257242, 2.192331, 1.715298, 2.082843, 3.016553, 4.665795, 6.553856, 8.107922, 9.448862, 10.648919, 11.416286, 11.669164, 11.669164, 9.328224, 8.367637, 6.775649, 4.834709, 2.680643, 3.246329, 2.956497, 3.852341, 5.615672, 8.056983, 10.375738, 12.093989, 13.257965, 13.979075, 14.422205, 13.818115, 12.933674, 11.572388, 9.582374, 7.097933, 4.817582, 3.417582, 3.308641, 4.453821, 6.774115, 9.936393, 13.131126, 11.716913, 9.677305, 6.957011, 3.794733, 0.0, 0.0, 0.0]"
233,"[0.0, 0.0, 0.0, 0.0, 0.72111, 1.72111, 3.062751, 4.404392, 5.927546, 6.729591, 7.252745, 7.367127, 7.290397, 6.844275, 6.215548, 5.139607, 3.883585, 2.818674, 2.141641, 2.047214, 2.8, 4.212452, 5.823529, 7.433504, 9.066609, 10.340472, 11.396353, 12.253609, 12.911967, 12.911967, 10.438103, 9.382222, 7.713889, 5.445557, 3.212452, 3.612452, 3.019804, 3.475826, 4.973192, 7.053543, 9.373837, 11.266077, 12.595733, 13.484044, 13.803693, 13.36375, 12.295615, 10.774848, 8.789171, 6.589171, 4.50882, 3.386021, 3.535324, 4.715223, 6.860807, 10.05492, 13.010765, 11.596551, 9.616652, 7.071068, 3.676955, 0.0, 0.0, 0.0]"
234,"[0.0, 0.0, 0.0, 0.0, 1.0, 2.280625, 3.842675, 5.404725, 7.248634, 8.092543, 8.655827, 8.790833, 8.790833, 8.227549, 7.38364, 6.172187, 4.87513, 3.51308, 2.632456, 2.232456, 2.619804, 3.484715, 4.80787, 6.294666, 7.857997, 9.001523, 10.177924, 11.09608, 11.489635, 11.38543, 9.222099, 8.122429, 6.505739, 4.625388, 2.766262, 3.398717, 3.337702, 4.210137, 5.936166, 8.28175, 10.477722, 12.170311, 13.584524, 14.431709, 14.714552, 14.294443, 13.301129, 11.751909, 9.778695, 7.350268, 4.941949, 3.56205, 3.019804, 3.863713, 5.937576, 9.042411, 11.795022, 10.775218, 8.931309, 6.457446, 3.352611, 0.0, 0.0, 0.0]"
235,"[0.0, 0.0, 0.0, 0.0, 0.848528, 1.979899, 3.394113, 4.956162, 6.800071, 7.672008, 8.102687, 8.250524, 7.969099, 7.405815, 6.68535, 5.688985, 4.526935, 3.44631, 2.365685, 2.165685, 2.6, 3.614214, 5.063456, 6.760822, 8.241173, 9.582113, 10.50884, 11.200537, 11.583522, 11.391232, 9.050292, 8.123566, 6.782626, 4.702275, 2.614214, 3.214214, 3.016553, 3.629004, 5.638076, 8.046395, 10.274822, 11.886697, 13.300795, 13.920149, 14.119512, 13.500157, 12.681705, 11.455155, 9.626728, 7.419047, 5.209975, 3.832456, 3.198646, 4.168417, 6.185027, 9.231336, 12.016482, 10.850291, 8.88052, 6.463911, 3.417601, 0.0, 0.0, 0.0]"
236,"[0.0, 0.0, 0.0, 0.0, 0.824621, 1.844425, 3.060978, 4.673429, 6.285881, 7.073711, 7.666359, 7.86402, 7.665782, 7.05333, 6.440879, 5.460883, 4.329512, 3.115298, 2.562512, 2.283622, 2.67097, 3.802341, 5.44625, 7.208109, 8.696071, 10.084586, 11.278053, 11.842463, 12.066496, 12.066496, 9.658177, 8.662948, 7.07925, 5.046145, 2.837073, 3.437073, 3.041174, 3.865795, 5.505403, 7.785753, 9.659617, 11.163358, 12.23441, 12.915097, 13.108609, 12.915097, 12.038711, 10.774439, 9.073949, 7.000086, 4.919735, 3.875826, 3.819804, 5.0, 7.2, 10.2, 13.0, 11.6, 9.4, 6.8, 3.6, 0.0, 0.0, 0.0]"
237,"[0.0, 0.0, 0.0, 0.0, 0.824621, 1.844425, 3.109336, 4.565358, 6.088513, 6.787046, 7.476043, 7.667154, 7.476043, 7.029921, 6.331388, 5.222587, 4.166565, 2.901654, 2.224621, 2.032456, 2.432456, 3.31308, 5.010137, 6.610137, 8.258032, 9.538383, 10.819008, 11.563263, 11.971581, 11.971581, 9.691231, 8.410606, 6.817823, 4.809504, 2.529153, 2.976367, 2.695742, 3.409264, 5.135293, 7.543612, 9.787123, 11.61555, 12.881927, 13.584325, 13.866731, 13.438748, 12.59022, 11.176006, 9.196107, 6.705382, 4.442641, 3.262742, 3.262742, 4.453821, 6.783643, 10.014742, 12.820294, 11.40608, 9.366472, 6.83665, 3.605551, 0.0, 0.0, 0.0]"
238,"[0.0, 0.0, 0.0, 0.0, 1.0, 2.4, 4.0, 5.8, 7.6, 8.4, 8.8, 8.8, 8.4, 8.0, 7.2, 6.2, 5.0, 3.6, 2.2, 1.647214, 1.671835, 2.686048, 4.2985, 6.2985, 8.051286, 9.626665, 10.612452, 11.4, 11.8, 11.8, 9.4, 8.4, 6.8, 4.6, 2.4, 3.0, 2.816553, 3.82763, 5.836702, 8.444383, 10.651516, 12.441623, 13.657095, 14.474572, 14.674025, 14.299996, 13.303312, 11.876763, 9.850214, 7.44308, 5.209975, 3.647214, 3.327838, 4.307737, 6.453322, 9.377422, 12.618026, 11.337401, 9.357502, 6.811918, 3.687818, 0.0, 0.0, 0.0]"
239,"[0.0, 0.0, 0.0, 0.0, 0.8, 1.8, 3.2, 4.614214, 6.214214, 7.026665, 7.639117, 7.639117, 7.624903, 7.224903, 6.412452, 5.4, 4.2, 2.8, 1.882843, 1.715298, 2.135102, 3.349316, 5.193225, 7.119454, 8.696071, 10.084586, 11.278053, 11.834144, 12.033391, 12.033391, 9.625072, 8.629843, 7.229843, 5.221524, 3.012452, 3.412452, 2.8, 3.4, 5.0, 7.2, 9.4, 11.2, 12.2, 12.807681, 13.016, 12.625072, 11.625072, 10.425072, 8.617391, 6.609072, 4.8, 3.72111, 3.601735, 4.801735, 7.122029, 9.846129, 12.685918, 11.405293, 9.405293, 6.684999, 3.560899, 0.0, 0.0, 0.0]"
240,"[0.0, 0.0, 0.0, 0.0, 0.632456, 1.526883, 2.693073, 3.973698, 5.535748, 6.465342, 7.013136, 7.12757, 7.013136, 6.451086, 5.610146, 4.567925, 3.487301, 2.603953, 2.003953, 2.082843, 2.702647, 3.844287, 5.173896, 6.833022, 8.196353, 9.50893, 10.49967, 11.219599, 11.492854, 11.388649, 9.056268, 8.065528, 6.810181, 4.8778, 2.818674, 3.101516, 2.608404, 2.973591, 4.294056, 6.294056, 8.343594, 10.001059, 11.064831, 11.676747, 11.840078, 11.507697, 10.614156, 9.388788, 7.881028, 5.917698, 4.117698, 3.226356, 3.226356, 4.245644, 6.325995, 9.125995, 11.660649, 10.380024, 8.536115, 6.255764, 3.255764, 0.0, 0.0, 0.0]"
241,"[0.0, 0.0, 0.0, 0.0, 0.8, 2.016553, 3.472574, 4.928596, 6.577839, 7.427081, 7.919329, 7.919329, 7.877521, 7.444831, 6.595589, 5.486788, 4.230766, 3.016553, 2.082843, 2.131371, 2.697561, 4.110013, 5.807379, 7.678603, 9.359897, 10.914, 12.165113, 13.131311, 13.645577, 13.589619, 10.869325, 9.655003, 7.957629, 5.854981, 3.581118, 4.302228, 3.869539, 4.514425, 6.157812, 8.565493, 10.67281, 12.482807, 13.731141, 14.581481, 14.604389, 14.249825, 13.262884, 11.815924, 9.776316, 7.545727, 5.071863, 3.597941, 3.399703, 4.359798, 6.650523, 10.044635, 13.299945, 11.885731, 9.905832, 7.215107, 3.820995, 0.0, 0.0, 0.0]"
242,"[0.0, 0.0, 0.0, 0.0, 0.8, 1.8, 3.0, 4.414214, 5.828427, 6.442641, 6.856854, 7.071068, 6.856854, 6.442641, 5.828427, 5.014214, 3.8, 2.8, 2.082843, 2.003953, 2.480986, 3.737008, 5.380917, 7.186135, 8.89813, 10.254202, 11.42877, 12.192542, 12.537585, 12.512799, 10.079694, 9.061556, 7.530908, 5.663489, 3.45517, 4.020855, 3.485437, 4.057646, 5.531568, 7.611919, 9.714567, 11.305867, 12.568668, 13.249355, 13.498826, 13.110844, 12.339878, 10.842047, 8.946374, 6.616552, 4.336201, 3.00452, 2.756497, 3.931876, 6.293125, 9.293125, 12.288339, 11.122148, 9.122148, 6.560899, 3.560899, 0.0, 0.0, 0.0]"
243,"[0.0, 0.0, 0.0, 0.0, 0.72111, 1.887301, 3.228941, 4.752096, 6.364548, 7.255889, 7.70215, 7.883664, 7.70215, 7.089699, 6.325775, 5.279009, 4.155854, 3.014214, 2.414214, 2.165685, 2.6, 3.614214, 5.258122, 6.946184, 8.687124, 10.028064, 11.030459, 11.78655, 12.115098, 11.928224, 9.587284, 8.626697, 7.026697, 5.210088, 3.338865, 3.97132, 3.681489, 4.401954, 5.965284, 8.123753, 10.211591, 12.045401, 13.324936, 14.046046, 14.212416, 13.933433, 12.992559, 11.43478, 9.716529, 7.391691, 4.95038, 3.491254, 3.249033, 3.882843, 6.2, 9.2, 12.205551, 11.005551, 9.205551, 6.605551, 3.605551, 0.0, 0.0, 0.0]"
244,"[0.0, 0.0, 0.0, 0.0, 0.848528, 1.979899, 3.260524, 4.702744, 6.315196, 7.079119, 7.5602, 7.621216, 7.520636, 7.074375, 6.310452, 5.41911, 4.47747, 3.535829, 2.816852, 2.792945, 3.271835, 4.471835, 5.871835, 7.424621, 8.809072, 9.818144, 10.651249, 11.259568, 11.667887, 11.667887, 9.458815, 8.42571, 7.017391, 5.009072, 3.0, 3.447214, 3.124247, 3.580269, 5.077635, 7.157986, 9.240595, 10.831894, 12.096166, 12.919094, 12.919094, 12.669623, 11.845199, 10.580927, 8.685254, 6.604903, 4.324552, 3.113099, 2.998717, 4.060893, 6.468574, 9.521441, 12.387557, 11.045916, 9.15912, 6.551439, 3.498571, 0.0, 0.0, 0.0]"
245,"[0.0, 0.0, 0.0, 0.0, 0.72111, 1.72111, 2.887301, 4.329521, 5.891571, 6.584674, 7.146724, 7.261159, 7.099563, 6.703704, 6.0106, 5.04855, 4.167925, 3.087301, 2.32111, 2.424621, 3.089532, 4.031173, 5.443625, 6.930421, 8.26913, 9.16755, 10.26722, 11.09608, 11.541665, 11.541665, 9.378334, 8.278663, 6.73178, 4.799399, 2.636068, 3.083282, 2.590169, 3.109955, 4.407012, 6.386911, 8.220048, 9.932769, 11.079806, 11.791068, 11.937198, 11.500756, 10.636563, 9.489527, 7.802318, 5.876289, 4.23238, 3.167779, 3.095207, 4.260893, 6.566885, 9.23045, 11.997994, 10.656353, 8.769557, 6.263564, 3.4, 0.0, 0.0, 0.0]"
246,"[0.0, 0.0, 0.0, 0.0, 0.824621, 1.901654, 3.243295, 4.685515, 6.297967, 7.085797, 7.621216, 7.721796, 7.621216, 7.085797, 6.367773, 5.387777, 4.145556, 2.803916, 1.926883, 1.598141, 1.814214, 2.894838, 4.615303, 6.415303, 8.012949, 9.496801, 10.722169, 11.507697, 11.840078, 12.009128, 9.676747, 8.612975, 6.828092, 4.695712, 2.363331, 2.963331, 2.598143, 3.585834, 5.355605, 7.696545, 9.513154, 11.119403, 12.093884, 12.724112, 12.799782, 12.724112, 11.938197, 10.596557, 8.890984, 6.921588, 4.780648, 3.707903, 3.780475, 4.896023, 7.056491, 9.86315, 12.660683, 11.246469, 9.236494, 6.628813, 3.622154, 0.0, 0.0, 0.0]"
247,"[0.0, 0.0, 0.0, 0.0, 0.8, 1.819804, 3.036356, 4.636356, 6.236356, 7.036356, 7.616553, 7.8, 7.6, 7.0, 6.2, 5.2, 4.0, 2.6, 1.882843, 1.882843, 2.482843, 3.882843, 5.682843, 7.4, 8.8, 10.0, 11.0, 11.6, 12.0, 12.0, 9.6, 8.6, 7.2, 5.2, 3.0, 3.4, 2.8, 3.412452, 5.022427, 7.231499, 9.264604, 10.895193, 11.913331, 12.533945, 12.560941, 12.336908, 11.716294, 10.499918, 8.669329, 6.633261, 4.824189, 3.535324, 3.563331, 4.763331, 7.283625, 10.007725, 12.847513, 11.405293, 9.405293, 6.684999, 3.560899, 0.0, 0.0, 0.0]"
248,"[0.0, 0.0, 0.0, 0.0, 1.019804, 2.284715, 3.933957, 5.546409, 7.357486, 8.148759, 8.694925, 8.658134, 8.459896, 7.865372, 7.074099, 5.895477, 4.848711, 3.634497, 2.817945, 2.245355, 2.612899, 3.447214, 4.847214, 6.447214, 8.2, 9.4, 10.2, 11.0, 11.2, 11.2, 9.0, 8.2, 6.6, 4.682843, 2.882843, 3.603953, 3.468864, 4.318106, 6.315614, 8.445437, 10.44462, 12.091753, 13.354555, 13.794498, 13.864676, 13.485322, 12.661339, 11.27245, 9.57196, 7.57196, 5.43102, 3.975414, 3.452259, 4.129512, 5.792254, 8.565467, 11.188776, 10.188776, 8.49172, 6.228978, 3.255764, 0.0, 0.0, 0.0]"
249,"[0.0, 0.0, 0.0, 0.0, 0.8, 2.0, 3.216553, 4.433105, 5.698016, 6.354038, 6.418949, 6.467308, 6.467308, 6.418949, 5.762927, 5.098016, 4.233105, 3.216553, 2.4, 2.32111, 2.887301, 4.049351, 5.546407, 6.990316, 8.395235, 9.509395, 10.227696, 10.971951, 11.408393, 11.282364, 9.002013, 8.135876, 6.694564, 4.861427, 2.861427, 3.261427, 2.741641, 3.183861, 4.457113, 6.620444, 8.552824, 10.099708, 11.163481, 11.949008, 12.118058, 11.785678, 11.064831, 9.900479, 8.115597, 5.983216, 4.183216, 3.262751, 3.186021, 4.30882, 6.582683, 9.294727, 12.038736, 10.773825, 8.929916, 6.456053, 3.544009, 0.0, 0.0, 0.0]"
250,"[0.0, 0.0, 0.0, 0.0, 0.72111, 1.72111, 3.062751, 4.404392, 5.927546, 6.729591, 7.252745, 7.434259, 7.434259, 6.805532, 6.003487, 5.046018, 3.722864, 2.581223, 2.086796, 2.165685, 2.8, 4.2, 5.6, 7.209975, 8.646043, 9.879148, 10.909737, 11.940327, 12.363457, 12.336461, 9.903356, 8.872767, 7.242177, 5.209072, 3.0, 3.4, 2.819804, 3.432255, 4.843332, 7.0794, 9.112505, 10.723291, 11.939266, 12.758779, 12.955816, 12.731783, 11.713645, 10.101771, 8.271181, 6.238076, 4.229004, 3.337663, 3.462751, 4.549547, 6.832829, 9.857732, 12.71433, 11.37269, 9.485893, 6.802612, 3.577709, 0.0, 0.0, 0.0]"
251,"[0.0, 0.0, 0.0, 0.0, 1.0, 2.216553, 3.630766, 5.280008, 6.929251, 7.578493, 8.011183, 8.246211, 8.011183, 7.578493, 6.929251, 5.880008, 4.630766, 3.499395, 2.682843, 2.130056, 2.530056, 3.572277, 4.901886, 6.29074, 7.997592, 9.338532, 10.426134, 11.343505, 11.89559, 11.89559, 9.55465, 8.547983, 6.739271, 4.681174, 2.927108, 3.559563, 3.236408, 4.315298, 6.232456, 8.432456, 10.6, 12.4, 13.606659, 14.406659, 14.613793, 14.413793, 13.613793, 12.207134, 10.207134, 8.0, 5.6, 3.847214, 3.247214, 3.967679, 5.648029, 8.448029, 11.561715, 10.561715, 8.84125, 6.560899, 3.560899, 0.0, 0.0, 0.0]"
252,"[0.0, 0.0, 0.0, 0.0, 0.824621, 1.844425, 3.060978, 4.517, 5.973021, 6.760852, 7.155262, 7.352923, 7.113453, 6.677235, 5.889405, 4.922405, 3.791034, 2.774481, 2.154677, 2.130056, 2.882843, 4.0, 5.6, 7.2, 8.808319, 10.016638, 11.247227, 12.077816, 12.708406, 12.708406, 10.300087, 9.269497, 7.638908, 5.408319, 3.2, 3.482843, 2.707464, 3.163486, 4.660852, 6.801792, 9.048772, 10.944445, 12.2741, 13.162412, 13.421472, 12.979711, 12.156783, 10.636017, 8.650339, 6.250339, 4.562278, 3.559338, 3.708641, 4.88854, 7.234124, 10.240001, 13.315461, 11.901247, 9.921348, 7.375764, 3.969887, 0.0, 0.0, 0.0]"
253,"[0.0, 0.0, 0.0, 0.0, 1.216553, 2.829004, 4.640081, 6.650056, 8.660031, 9.453454, 9.850978, 10.049876, 9.850978, 9.453454, 8.857692, 7.867521, 6.490002, 4.961767, 3.796529, 3.206937, 3.206937, 4.174481, 5.891639, 7.852744, 9.635804, 11.444427, 12.672854, 13.501281, 13.921389, 13.746814, 10.918386, 9.901036, 8.272609, 5.891396, 3.658291, 4.552718, 4.264795, 5.152857, 7.235465, 10.008679, 12.276529, 14.170976, 15.688466, 16.576246, 16.76531, 16.466596, 15.465604, 13.757419, 11.604729, 9.074907, 6.658556, 5.31898, 5.210468, 6.386868, 8.754412, 12.027414, 15.112111, 13.323257, 10.881945, 7.881945, 4.16173, 0.0, 0.0, 0.0]"
254,"[0.0, 0.0, 0.0, 0.0, 1.0, 2.280625, 3.722845, 5.335297, 7.222093, 8.010948, 8.519177, 8.865811, 8.776514, 8.231359, 7.442504, 6.37476, 5.033119, 3.709965, 2.651167, 2.251167, 2.730056, 3.882843, 5.482843, 7.2, 8.809072, 10.017391, 11.025072, 11.832753, 12.241072, 12.232, 9.823681, 8.616, 7.008319, 4.8, 2.6, 3.2, 3.2, 4.2, 6.2, 8.8, 11.2, 13.0, 14.2, 15.0, 15.2, 14.6, 13.6, 12.2, 10.2, 7.8, 5.4, 3.8, 3.216553, 4.226528, 6.234847, 9.45975, 12.680744, 11.464192, 9.454217, 7.045898, 3.820995, 0.0, 0.0, 0.0]"
255,"[0.0, 0.0, 0.0, 0.0, 0.824621, 1.844425, 3.258639, 4.858639, 6.458639, 7.234017, 7.814214, 7.8, 7.6, 7.2, 6.6, 5.632456, 4.679669, 3.679669, 3.079669, 2.928197, 3.295742, 4.46098, 5.849834, 7.13663, 8.347228, 9.583296, 10.387454, 11.015209, 11.545022, 11.649226, 9.413158, 8.609001, 7.192392, 5.222996, 3.059665, 3.259665, 2.541641, 2.883282, 4.322864, 6.486195, 8.727506, 10.44076, 11.7068, 12.261315, 12.430365, 11.989054, 11.101838, 9.835798, 8.115597, 5.983216, 4.183216, 3.287372, 3.287372, 4.355116, 6.661109, 9.591604, 12.344692, 11.003051, 9.214197, 6.708204, 3.577709, 0.0, 0.0, 0.0]"
256,"[0.0, 0.0, 0.0, 0.0, 0.72111, 1.798143, 2.875176, 4.140087, 5.663242, 6.398154, 6.777143, 7.156132, 7.156132, 6.71001, 6.148415, 5.139607, 3.883585, 2.818674, 2.141641, 2.047214, 2.8, 4.0, 5.6, 7.2, 8.808319, 10.016638, 11.224319, 12.032, 12.639681, 12.639681, 10.231362, 9.223681, 7.616, 5.408319, 3.0, 3.4, 2.8, 3.4, 5.0, 7.433105, 9.640786, 11.44792, 12.655054, 13.462187, 13.636763, 13.238154, 12.431021, 11.023887, 9.016753, 6.809072, 4.8, 3.52111, 3.462751, 4.721877, 7.005159, 10.030062, 12.980463, 11.638823, 9.579697, 6.896415, 3.671512, 0.0, 0.0, 0.0]"
257,"[0.0, 0.0, 0.0, 0.0, 1.019804, 2.236356, 3.692378, 5.215533, 6.924334, 7.613331, 8.105579, 8.172711, 8.105579, 7.613331, 6.924334, 6.015533, 4.892378, 3.719199, 2.902647, 2.515298, 2.715298, 3.729512, 5.008719, 6.608719, 8.139594, 9.471975, 10.563754, 11.507697, 11.840078, 11.840078, 9.507697, 8.443925, 6.78646, 4.854079, 2.890749, 3.690749, 3.648528, 4.6, 6.409072, 8.617391, 10.425072, 11.853499, 12.860633, 13.458695, 13.658057, 13.450376, 12.821949, 11.614815, 9.807681, 7.8, 5.4, 3.647214, 3.263766, 4.161133, 5.841484, 8.627161, 11.597549, 10.380997, 8.48363, 6.203279, 3.417601, 0.0, 0.0, 0.0]"
258,"[0.0, 0.0, 0.0, 0.0, 1.019804, 2.236356, 3.65057, 5.25057, 7.05057, 7.830766, 8.414214, 8.612452, 8.426665, 7.843218, 7.063022, 5.895477, 4.730239, 3.716026, 2.782316, 2.209725, 2.597074, 3.564074, 4.764074, 6.481231, 8.234017, 9.414214, 10.4, 11.0, 11.2, 11.2, 9.0, 8.0, 6.6, 4.682843, 2.882843, 3.515298, 3.380209, 4.229452, 6.03467, 8.164492, 10.252331, 11.899464, 13.162265, 13.794498, 13.794498, 13.415144, 12.591161, 11.387918, 9.687428, 7.757606, 5.416666, 3.96106, 3.38363, 4.207735, 5.870477, 8.843691, 11.466999, 10.335628, 8.49172, 6.228978, 3.255764, 0.0, 0.0, 0.0]"
259,"[0.0, 0.0, 0.0, 0.0, 0.8, 1.819804, 3.084715, 4.540737, 6.063892, 6.787046, 7.290397, 7.367127, 7.176016, 6.672665, 5.94951, 4.826356, 3.884715, 2.819804, 2.2, 2.224621, 2.990812, 4.152861, 5.649918, 7.229817, 8.531225, 9.627776, 10.474045, 11.185308, 11.46815, 11.604863, 9.342121, 8.348016, 7.071068, 5.25554, 2.992798, 3.392798, 2.803206, 3.194989, 4.634572, 6.797903, 8.839214, 10.455904, 11.54043, 12.261315, 12.430365, 11.87585, 11.04699, 9.78095, 7.89438, 5.761999, 4.075203, 3.262751, 3.335324, 4.425291, 6.658396, 9.517807, 12.210657, 10.796444, 8.985367, 6.552262, 3.49285, 0.0, 0.0, 0.0]"
260,"[0.0, 0.0, 0.0, 0.0, 0.824621, 1.844425, 3.060978, 4.27753, 5.691744, 6.281336, 6.661532, 6.64498, 6.64498, 6.25057, 5.660978, 4.860978, 3.94382, 2.927268, 2.354677, 2.130056, 2.730056, 3.647214, 5.047214, 6.6, 8.2, 9.4, 10.6, 11.4, 11.8, 11.8, 9.4, 8.4, 7.0, 4.8, 2.6, 3.2, 2.8, 3.2, 5.0, 7.2, 9.0, 10.6, 11.8, 12.2, 12.4, 12.2, 11.4, 10.0, 8.6, 6.4, 4.4, 3.32111, 3.462751, 4.432523, 6.832523, 9.496087, 12.267826, 10.926186, 8.956414, 6.356414, 3.49285, 0.0, 0.0, 0.0]"
261,"[0.0, 0.0, 0.0, 0.0, 1.2, 2.6, 4.4, 6.409975, 8.41995, 9.229925, 9.8399, 9.8399, 9.429925, 8.81995, 8.026528, 7.036356, 5.868812, 4.551655, 3.434497, 2.939055, 2.996284, 3.819851, 5.380917, 7.307146, 8.994355, 10.525003, 11.668981, 12.625072, 13.023681, 12.815362, 10.207681, 9.207681, 7.427485, 5.267017, 3.34986, 4.244287, 4.100309, 5.120113, 7.106005, 9.453751, 11.618736, 13.418478, 14.634634, 15.457293, 15.886116, 15.495037, 14.475341, 13.030654, 10.991442, 8.53203, 6.263698, 4.922057, 4.67303, 5.582506, 7.810933, 10.666698, 13.593265, 12.031215, 9.905186, 7.076759, 3.820995, 0.0, 0.0, 0.0]"
262,"[0.0, 0.0, 0.0, 0.0, 0.632456, 1.709488, 2.9744, 4.430422, 5.886444, 6.71001, 7.088999, 7.088999, 6.897888, 6.518899, 5.695333, 4.686524, 3.621613, 2.556702, 1.879669, 2.047214, 2.8, 4.212452, 5.823529, 7.463136, 8.943487, 10.217351, 11.134721, 12.043938, 12.534153, 12.534153, 10.060289, 9.142919, 7.442428, 5.512606, 3.432255, 3.715098, 3.102647, 3.525063, 4.811859, 6.94424, 9.439886, 11.218375, 12.554643, 13.275528, 13.550828, 12.93567, 12.043978, 10.707709, 8.732484, 6.324803, 4.361472, 3.299297, 3.198717, 4.625388, 7.10867, 10.30867, 13.331125, 11.989484, 9.930358, 7.247077, 3.847077, 0.0, 0.0, 0.0]"
263,"[0.0, 0.0, 0.0, 0.0, 0.824621, 2.166262, 3.507903, 5.120354, 6.840819, 7.736663, 8.115487, 8.386298, 8.216067, 7.661793, 6.835755, 5.91529, 4.902838, 3.74346, 3.024483, 2.930056, 3.330056, 4.14427, 5.510669, 7.151517, 8.692457, 9.909066, 11.094853, 12.128892, 12.640831, 12.453957, 10.037347, 8.893369, 7.210088, 5.210088, 3.056022, 3.503236, 3.047214, 3.659665, 5.118791, 7.451172, 9.782447, 11.735412, 13.075925, 13.795288, 14.241396, 13.795288, 12.729119, 11.299309, 9.241931, 6.746285, 4.413904, 3.092793, 2.850263, 4.129153, 6.40756, 9.53166, 12.807849, 11.527224, 9.527224, 6.965974, 3.841875, 0.0, 0.0, 0.0]"
264,"[0.0, 0.0, 0.0, 0.0, 0.894427, 1.97146, 3.313101, 4.769123, 6.418365, 7.17318, 7.74539, 7.859771, 7.66866, 7.284329, 6.529514, 5.601382, 4.592573, 3.727662, 2.909965, 2.736648, 3.09257, 4.101379, 5.512456, 7.274314, 8.762276, 10.093562, 11.245221, 12.041825, 12.241072, 12.268068, 9.859749, 8.864519, 7.473391, 5.512286, 3.276218, 3.676218, 3.063766, 3.447214, 5.0, 7.2, 9.4, 11.207134, 12.407134, 13.007134, 13.207134, 12.807134, 11.8, 10.6, 8.8, 6.6, 4.4, 3.4, 3.2, 4.409975, 6.817656, 10.0239, 12.829451, 11.429451, 9.419476, 6.811795, 3.605551, 0.0, 0.0, 0.0]"
265,"[0.0, 0.0, 0.0, 0.0, 1.0, 2.2, 3.6, 5.2, 7.0, 7.8, 8.4, 8.6, 8.4, 7.8, 7.0, 5.832456, 4.679669, 3.679669, 2.879669, 2.728197, 3.376367, 4.541605, 6.028401, 7.864469, 9.43255, 10.657918, 11.462075, 12.258561, 12.705774, 12.795158, 10.289165, 9.485008, 7.967916, 5.731848, 3.225856, 3.625856, 3.033208, 3.323039, 5.029892, 7.446501, 9.646501, 11.490261, 12.897804, 13.607302, 13.790693, 13.531633, 12.727194, 11.319652, 9.088544, 6.688544, 4.547604, 3.288478, 3.246669, 4.653821, 7.122154, 10.415004, 13.544381, 12.130167, 10.090559, 7.422226, 3.929377, 0.0, 0.0, 0.0]"
266,"[0.0, 0.0, 0.0, 0.0, 0.824621, 1.901654, 3.343875, 4.786095, 6.398547, 7.294391, 7.937823, 8.108054, 8.007474, 7.472055, 6.828623, 5.740614, 4.728162, 3.669364, 2.992331, 2.715298, 2.97727, 3.718911, 5.156533, 6.756533, 8.082562, 9.450877, 10.65482, 11.47994, 11.742681, 11.879394, 9.616652, 8.633118, 6.981961, 5.119219, 3.056477, 3.656477, 3.31098, 4.065795, 5.819861, 7.960801, 9.960801, 11.42753, 12.641852, 13.087786, 13.346846, 13.087786, 12.492565, 11.085023, 9.562056, 7.40927, 5.06833, 3.580269, 3.524247, 4.447214, 6.4, 9.4, 12.2, 10.8, 8.8, 6.4, 3.4, 0.0, 0.0, 0.0]"
267,"[0.0, 0.0, 0.0, 0.0, 1.0, 2.2, 3.8, 5.4, 7.211077, 8.022154, 8.633231, 8.633231, 8.633231, 8.222154, 7.411077, 6.4, 5.2, 3.8, 2.6, 2.047214, 2.141641, 3.006552, 4.455794, 6.066871, 7.855726, 9.170371, 10.313778, 11.072855, 11.670097, 11.444004, 9.234932, 8.043165, 6.459468, 4.333991, 2.324016, 2.924016, 2.907464, 3.882843, 5.8, 8.4, 10.8, 12.6, 14.0, 14.8, 15.0, 14.6, 13.8, 12.4, 10.4, 8.0, 5.6, 3.965685, 3.44631, 4.333106, 6.439099, 9.369594, 12.381618, 11.100993, 9.214197, 6.708204, 3.577709, 0.0, 0.0, 0.0]"
268,"[0.0, 0.0, 0.0, 0.0, 0.72111, 1.72111, 2.887301, 4.167925, 5.610146, 6.451086, 6.865299, 7.113322, 6.964068, 6.521848, 5.854225, 4.887225, 3.873012, 3.024483, 2.424483, 2.354677, 2.984497, 4.196948, 5.634571, 7.234571, 8.535979, 9.867265, 10.663132, 11.350986, 11.759305, 11.759305, 9.350986, 8.555119, 7.31299, 5.304671, 3.378642, 3.778642, 3.16619, 3.442221, 5.042221, 6.96825, 8.976569, 10.384888, 11.503917, 12.065166, 12.347456, 12.065166, 11.500756, 10.220132, 8.224567, 6.016248, 4.090219, 3.04631, 2.982238, 4.260461, 6.534325, 9.43916, 12.183169, 10.966616, 9.122707, 6.648844, 3.544009, 0.0, 0.0, 0.0]"
269,"[0.0, 0.0, 0.0, 0.0, 1.077033, 2.341944, 3.797966, 5.447208, 7.096451, 7.66866, 8.052991, 8.209421, 7.974392, 7.590061, 7.017851, 6.263036, 5.097798, 4.083585, 3.218674, 2.588854, 2.714231, 3.48357, 4.68357, 5.88357, 7.236356, 8.416553, 9.4, 10.0, 10.4, 10.6, 8.4, 7.6, 6.2, 4.482843, 2.682843, 3.315298, 3.131851, 3.981093, 5.737858, 7.818209, 9.854086, 11.501098, 12.71542, 13.539376, 13.732889, 13.344907, 12.325252, 10.917709, 9.054145, 7.180282, 4.899931, 3.503236, 3.213404, 3.933869, 5.4972, 8.217494, 10.932558, 9.766368, 8.045903, 5.882572, 3.162278, 0.0, 0.0, 0.0]"
270,"[0.0, 0.0, 0.0, 0.0, 0.72111, 1.852481, 3.133106, 4.54732, 6.244376, 7.220322, 7.786007, 8.067432, 8.067432, 7.501747, 6.653219, 5.677273, 4.315223, 2.901009, 1.969638, 1.72111, 1.894427, 3.136648, 4.857113, 6.657113, 8.183142, 9.697034, 10.800398, 11.488251, 11.89657, 12.033283, 9.624964, 8.641429, 7.127538, 5.119219, 2.856477, 3.303691, 2.741641, 3.54427, 5.270299, 7.678618, 10.059831, 12.033045, 13.309203, 14.156387, 14.438793, 14.018685, 12.88938, 11.33038, 9.357166, 7.113655, 4.905336, 3.661427, 3.661427, 4.671402, 7.052616, 10.10838, 13.196198, 11.781984, 9.772009, 6.943582, 3.687818, 0.0, 0.0, 0.0]"
271,"[0.0, 0.0, 0.0, 0.0, 0.894427, 1.894427, 3.308641, 4.722854, 6.419911, 7.22254, 7.919596, 8.067432, 8.067432, 7.370376, 6.67332, 5.800885, 4.838835, 3.824621, 3.224621, 2.824621, 3.0, 3.856022, 5.164823, 6.734594, 8.370662, 9.703043, 10.688332, 11.587212, 12.123434, 12.050696, 9.718316, 8.800159, 7.212282, 5.106289, 3.142959, 3.742959, 3.385994, 3.978642, 5.741973, 7.983284, 10.103578, 11.937388, 13.209377, 13.930487, 14.20947, 13.930487, 12.930487, 11.488267, 9.603826, 7.330745, 4.889434, 3.489434, 3.263766, 4.074843, 6.060735, 9.120146, 12.012996, 10.796444, 8.985367, 6.552262, 3.49285, 0.0, 0.0, 0.0]"
272,"[0.0, 0.0, 0.0, 0.0, 1.019804, 2.284715, 3.740737, 5.449538, 7.158338, 7.847335, 8.291225, 8.544004, 8.291225, 7.847335, 7.158338, 6.249538, 5.140737, 3.884715, 2.819804, 2.247214, 2.295742, 2.976367, 4.218587, 5.807441, 7.329999, 8.717539, 9.777854, 10.676574, 11.228659, 11.228659, 8.992592, 7.916563, 6.296733, 4.238636, 2.468864, 3.268864, 3.203953, 4.29392, 6.220149, 8.650739, 10.714303, 12.540852, 13.756324, 14.573801, 14.771639, 14.34118, 13.523703, 12.308231, 10.301485, 7.920272, 5.687167, 4.11055, 3.376506, 4.326474, 6.409082, 9.313917, 12.225471, 11.148438, 9.178666, 6.648844, 3.544009, 0.0, 0.0, 0.0]"
273,"[0.0, 0.0, 0.0, 0.0, 1.019804, 2.236356, 3.65057, 5.461647, 7.272724, 8.063997, 8.658522, 8.85676, 8.459896, 7.865372, 7.074099, 5.895477, 4.730239, 3.516026, 2.499473, 1.926883, 2.294427, 3.247214, 4.647214, 6.447214, 8.2, 9.4, 10.2, 10.809072, 11.009072, 11.009072, 8.809072, 8.009072, 6.6, 4.6, 2.8, 3.365685, 3.042718, 3.951519, 5.905585, 7.922194, 10.220073, 12.006604, 13.161368, 13.870866, 14.137538, 13.690583, 12.981085, 11.729972, 9.886212, 7.802931, 5.386321, 3.832255, 3.385994, 4.252987, 5.933337, 8.933337, 11.774268, 10.608077, 8.721281, 6.44093, 3.44093, 0.0, 0.0, 0.0]"
274,"[0.0, 0.0, 0.0, 0.0, 0.8, 1.8, 3.2, 4.8, 6.4, 7.2, 7.8, 7.8, 7.4, 6.8, 6.0, 5.0, 3.8, 2.8, 2.247214, 2.168324, 2.645357, 3.901379, 5.545288, 7.137682, 8.65264, 10.008712, 11.160371, 11.924143, 12.492216, 12.664467, 10.231362, 9.236132, 7.705484, 5.663489, 3.45517, 4.020855, 3.428208, 4.000417, 5.474339, 7.707444, 9.970186, 11.813946, 13.224116, 14.048072, 14.478531, 13.930455, 12.9108, 11.265602, 9.226659, 6.763094, 4.482744, 3.20452, 3.20452, 4.359798, 6.650523, 9.906287, 13.161596, 11.747383, 9.767484, 7.076759, 3.820995, 0.0, 0.0, 0.0]"
275,"[0.0, 0.0, 0.0, 0.0, 0.72111, 1.72111, 3.001735, 4.563785, 6.125835, 6.966775, 7.528825, 7.81025, 7.528825, 6.966775, 6.299152, 5.369558, 4.007508, 2.726883, 1.926883, 1.432456, 1.694427, 2.775052, 4.337102, 5.981011, 7.70704, 9.075355, 10.203049, 11.049318, 11.46815, 11.604863, 9.342121, 8.348016, 6.660807, 4.598066, 2.335324, 2.782537, 2.368324, 3.209264, 5.009264, 7.289614, 9.40365, 11.246185, 12.526669, 13.369203, 13.650102, 13.369203, 12.370578, 10.942257, 8.948251, 6.834215, 4.753864, 3.509955, 3.695742, 4.857189, 7.040564, 9.899976, 12.752511, 11.152511, 9.142536, 6.511947, 3.452535, 0.0, 0.0, 0.0]"
276,"[0.0, 0.0, 0.0, 0.0, 1.077033, 2.243223, 3.685444, 5.405909, 7.126374, 7.769806, 8.324081, 8.494312, 8.216067, 7.837243, 7.193811, 6.105801, 5.09335, 3.851129, 2.709488, 2.232456, 2.494427, 3.060618, 4.422668, 6.066576, 7.446475, 8.81479, 10.056918, 10.903187, 11.32202, 11.32202, 9.059279, 7.931584, 6.371794, 4.309052, 2.529153, 3.161609, 3.145895, 4.086221, 6.049552, 8.457233, 10.603266, 12.222796, 13.318383, 13.933541, 13.933541, 13.661045, 12.83573, 11.740143, 9.856081, 7.531243, 5.02525, 3.566124, 2.97727, 4.082843, 6.0, 9.006659, 11.830108, 10.630108, 8.630108, 6.430108, 3.423449, 0.0, 0.0, 0.0]"
277,"[0.0, 0.0, 0.0, 0.0, 0.632456, 1.652259, 2.91717, 4.331384, 5.787406, 6.569164, 7.198602, 7.347905, 7.150244, 6.714026, 6.124433, 4.922405, 3.791034, 2.774481, 2.154677, 2.130056, 2.882843, 4.2, 5.6, 7.011077, 8.221052, 9.25712, 10.090225, 10.964089, 11.389079, 11.418712, 9.182644, 8.349539, 6.875676, 5.039608, 3.0, 3.282843, 2.507464, 2.963486, 4.272287, 6.426352, 8.48445, 10.189651, 11.333629, 12.224828, 12.224828, 12.037954, 11.216933, 9.881844, 8.081844, 6.127778, 4.173712, 3.186021, 3.335324, 4.515223, 6.723542, 9.496755, 12.314006, 10.899793, 8.919894, 6.511575, 3.538361, 0.0, 0.0, 0.0]"
278,"[0.0, 0.0, 0.0, 0.0, 0.632456, 1.652259, 2.868812, 4.324834, 5.780856, 6.797643, 7.192052, 7.389713, 7.150244, 6.714026, 5.959211, 4.992211, 3.86084, 2.844287, 2.024483, 1.930056, 2.682843, 4.0, 5.611077, 7.450685, 8.931036, 10.011387, 10.941209, 11.659954, 11.900697, 11.900697, 9.620346, 8.702975, 7.173153, 5.492802, 3.412452, 3.695294, 2.97727, 3.318911, 4.605707, 6.738088, 9.062926, 10.77618, 12.04222, 12.763105, 12.872035, 12.596735, 11.87585, 10.71039, 8.92733, 6.686019, 4.553638, 3.491463, 3.390883, 4.625388, 6.931381, 9.956284, 12.803175, 11.461534, 9.402408, 6.896415, 3.671512, 0.0, 0.0, 0.0]"
279,"[0.0, 0.0, 0.0, 0.0, 0.72111, 1.72111, 2.887301, 4.228941, 5.841393, 6.643437, 6.985078, 7.160529, 6.985078, 6.372627, 5.698, 4.803573, 3.661932, 2.495742, 1.895742, 1.847214, 2.419804, 3.675826, 5.384627, 6.954398, 8.571007, 10.057196, 11.107167, 11.904359, 12.44058, 12.260039, 9.754046, 8.771208, 7.342248, 5.436256, 3.200188, 3.600188, 3.077033, 3.414214, 4.658122, 6.920864, 9.066449, 10.757173, 12.171387, 13.155905, 13.583888, 13.301046, 12.307377, 10.893163, 8.630422, 6.139697, 4.076955, 3.179899, 2.982238, 4.45616, 6.785982, 9.74826, 12.742993, 11.526441, 9.486833, 6.957011, 3.794733, 0.0, 0.0, 0.0]"
280,"[0.0, 0.0, 0.0, 0.0, 0.632456, 1.709488, 2.9744, 4.388613, 5.844635, 6.861422, 7.198602, 7.347905, 7.150244, 6.714026, 5.889405, 5.107647, 3.893433, 2.876881, 2.30429, 2.079669, 2.447214, 3.847214, 5.247214, 6.6, 8.2, 9.4, 10.4, 11.2, 11.8, 11.8, 9.6, 8.6, 7.2, 5.2, 3.0, 3.4, 2.8, 3.4, 4.8, 7.0, 9.2, 10.8, 11.8, 12.6, 12.8, 12.4, 11.6, 10.4, 8.6, 6.6, 4.6, 3.432456, 3.488478, 4.585844, 6.785844, 9.748122, 12.533268, 11.077246, 9.179879, 6.579879, 3.417601, 0.0, 0.0, 0.0]"
281,"[0.0, 0.0, 0.0, 0.0, 1.0, 2.2, 3.6, 5.2, 7.0, 7.8, 8.4, 8.6, 8.4, 8.0, 7.2, 6.2, 5.0, 3.8, 2.6, 2.047214, 2.071835, 2.888387, 4.337629, 5.948707, 7.511468, 8.895919, 9.888439, 10.448269, 10.87326, 10.87326, 8.664188, 7.671668, 6.287217, 4.251149, 2.441174, 3.041174, 3.024621, 3.8, 5.809072, 8.017391, 10.04798, 11.676408, 12.904835, 13.52419, 13.723552, 13.302035, 12.68268, 11.466704, 9.638277, 7.430596, 5.221524, 3.612452, 3.216553, 4.060461, 5.896529, 8.724956, 11.548405, 10.331853, 8.487944, 6.251876, 3.423449, 0.0, 0.0, 0.0]"
282,"[0.0, 0.0, 0.0, 0.0, 0.824621, 1.844425, 3.258639, 4.672852, 6.285304, 7.073134, 7.665782, 7.665782, 7.468121, 7.072222, 6.284391, 5.304395, 4.337395, 3.520843, 2.751504, 2.647993, 3.09257, 4.101379, 5.350621, 6.747316, 8.036181, 9.367467, 10.319764, 11.078841, 11.643251, 11.643251, 9.234932, 8.240827, 6.852312, 4.891206, 3.081231, 3.481231, 3.067017, 3.647214, 5.0, 7.0, 9.2, 10.8, 12.0, 12.8, 13.2, 12.6, 11.6, 10.2, 8.4, 6.0, 4.0, 3.2, 3.016553, 4.02763, 6.301493, 9.557257, 12.209792, 10.99324, 9.182163, 6.708299, 3.452535, 0.0, 0.0, 0.0]"
283,"[0.0, 0.0, 0.0, 0.0, 0.894427, 2.236068, 3.759223, 5.468023, 7.176824, 8.179764, 8.546923, 8.546923, 8.361277, 7.994117, 7.262941, 6.275251, 5.317781, 4.194627, 3.052986, 2.486796, 2.765685, 3.4, 4.6, 6.211077, 7.650685, 8.886753, 9.967104, 10.647455, 11.116728, 11.116728, 8.88066, 8.00031, 6.519959, 4.639608, 2.8, 3.365685, 3.131876, 4.052341, 5.815672, 8.223353, 10.377961, 12.096212, 13.260188, 13.939391, 14.052004, 13.664091, 12.942981, 11.779005, 10.013504, 7.89321, 5.560829, 3.997498, 3.354066, 4.065887, 5.882497, 8.835461, 11.734032, 10.656999, 8.868145, 6.451536, 3.498571, 0.0, 0.0, 0.0]"
284,"[0.0, 0.0, 0.0, 0.0, 1.0, 2.2, 3.8, 5.6, 7.4, 8.2, 8.8, 9.0, 8.8, 8.4, 7.6, 6.6, 5.2, 3.6, 2.2, 1.647214, 1.671835, 2.488387, 3.888387, 5.688387, 7.441174, 8.816553, 10.0, 11.0, 11.6, 11.6, 9.4, 8.4, 7.0, 4.8, 2.6, 3.232456, 3.032456, 3.644907, 5.653979, 8.26166, 10.655754, 12.462413, 14.074865, 14.892342, 15.113088, 14.519644, 13.52296, 11.898056, 9.871507, 7.44308, 5.209975, 3.92111, 3.601735, 4.601735, 6.74732, 9.803084, 12.769791, 11.489166, 9.489166, 6.943582, 3.687818, 0.0, 0.0, 0.0]"
285,"[0.0, 0.0, 0.0, 0.0, 0.848528, 1.979899, 3.394113, 4.956162, 6.518212, 7.390149, 7.820828, 7.968665, 7.820828, 7.390149, 6.669684, 5.828745, 4.666695, 3.652481, 2.968324, 2.768324, 3.247214, 4.447214, 5.858291, 7.450685, 8.931036, 10.204899, 11.134721, 12.043938, 12.672663, 12.672663, 10.1988, 9.281429, 7.561135, 5.492802, 3.412452, 3.859665, 3.378584, 3.940634, 5.39976, 7.705753, 10.037028, 11.858622, 13.249537, 14.143375, 14.415871, 13.969763, 12.903595, 11.563082, 9.504545, 7.008898, 4.676518, 3.355407, 3.02358, 4.109052, 6.516934, 9.911047, 13.305159, 12.024534, 10.044635, 7.353911, 3.959798, 0.0, 0.0, 0.0]"
286,"[0.0, 0.0, 0.0, 0.0, 0.8, 2.0, 3.4, 4.814214, 6.426665, 7.239117, 7.651568, 7.665782, 7.651568, 7.239117, 6.426665, 5.414214, 4.447214, 3.247214, 2.647214, 2.568324, 3.099695, 4.214531, 5.734996, 7.298327, 8.909597, 10.284219, 11.32985, 12.387874, 12.832224, 12.832224, 10.326231, 9.160771, 7.382282, 5.221815, 2.889434, 3.289434, 2.867017, 3.323039, 4.773192, 7.114132, 9.49981, 11.34357, 12.933858, 13.900055, 14.159115, 13.714378, 12.820585, 11.230298, 8.999189, 6.399189, 4.258249, 3.288478, 3.246669, 4.823286, 7.651713, 10.875161, 13.722238, 12.308025, 10.098952, 7.270525, 3.847077, 0.0, 0.0, 0.0]"
287,"[0.0, 0.0, 0.0, 0.0, 1.0, 2.2, 3.8, 5.4, 7.2, 8.0, 8.6, 8.6, 8.6, 8.0, 7.2, 6.2, 5.047214, 3.847214, 3.047214, 2.494427, 2.542955, 3.261932, 4.474384, 5.863238, 7.57009, 8.809624, 10.173255, 10.841155, 11.39324, 11.39324, 9.305179, 8.116998, 6.557757, 4.416817, 2.462751, 3.262751, 3.12111, 4.2, 6.209072, 8.417391, 10.445818, 12.272367, 13.498917, 14.118272, 14.340542, 14.119796, 13.103222, 11.476672, 9.648245, 7.617656, 5.009975, 3.6, 3.6, 4.6, 6.6, 9.606659, 12.612211, 11.212211, 9.212211, 6.612211, 3.605551, 0.0, 0.0, 0.0]"
288,"[0.0, 0.0, 0.0, 0.0, 1.077033, 2.341944, 3.797966, 5.447208, 7.258285, 8.025161, 8.604159, 8.760589, 8.567368, 8.021202, 7.197097, 6.247616, 5.20085, 4.144828, 3.279917, 2.825798, 2.825798, 3.525024, 4.774266, 6.218175, 7.888557, 9.230198, 10.595876, 11.379739, 11.968935, 11.968935, 9.732867, 8.5583, 6.949816, 4.716711, 2.480643, 3.280643, 3.224621, 4.2, 6.209072, 8.816753, 11.043302, 12.669852, 13.896401, 14.713878, 14.934624, 14.515756, 13.698279, 12.284181, 10.457632, 8.029205, 5.421524, 3.612452, 3.4, 4.2, 6.4, 9.6, 12.6, 11.2, 9.2, 6.6, 3.4, 0.0, 0.0, 0.0]"
289,"[0.0, 0.0, 0.0, 0.0, 0.632456, 1.652259, 2.91717, 4.373192, 5.829214, 6.652781, 7.088999, 7.28011, 7.088999, 6.652781, 6.02138, 5.012572, 4.003763, 2.938852, 2.366262, 2.174096, 2.746687, 3.699473, 5.299473, 7.052259, 8.619804, 10.2, 11.4, 12.2, 12.6, 12.8, 10.2, 9.2, 7.6, 5.4, 3.0, 3.4, 2.8, 3.4, 5.0, 7.4, 9.607681, 11.414815, 12.821474, 13.628608, 13.836289, 13.636927, 12.839768, 11.247322, 9.240189, 7.032508, 4.624189, 3.214214, 3.4, 4.809072, 7.415731, 10.621975, 13.627527, 12.027527, 9.818454, 6.811795, 3.605551, 0.0, 0.0, 0.0]"
290,"[0.0, 0.0, 0.0, 0.0, 0.894427, 2.060618, 3.502838, 5.223303, 6.943768, 7.769806, 8.324081, 8.324081, 8.045836, 7.667012, 7.02358, 5.93557, 5.09335, 3.851129, 2.709488, 2.232456, 2.494427, 3.060618, 4.274831, 5.771887, 7.171887, 8.557811, 9.671972, 10.538109, 11.121403, 11.121403, 8.841053, 7.841327, 6.409504, 4.529153, 2.729153, 3.329153, 3.265081, 4.125353, 5.879419, 8.279419, 10.542983, 12.37274, 13.895038, 14.90325, 15.276464, 14.942722, 13.984474, 12.462176, 10.124519, 7.598519, 5.268697, 3.813091, 3.320843, 4.506197, 6.492088, 9.516991, 12.50669, 11.290137, 9.280162, 6.847057, 3.622154, 0.0, 0.0, 0.0]"
291,"[0.0, 0.0, 0.0, 0.0, 0.8, 1.8, 3.2, 4.8, 6.4, 7.2, 7.8, 7.8, 7.4, 6.8, 6.0, 5.0, 3.882843, 2.882843, 2.330056, 2.251167, 2.7282, 3.901379, 5.545288, 7.137682, 8.849677, 10.180963, 11.332622, 12.096394, 12.664467, 12.440434, 10.032115, 9.036886, 7.449009, 5.407013, 3.397941, 3.845154, 3.252507, 3.845154, 5.289444, 7.298516, 9.481892, 11.290515, 12.506491, 13.324943, 13.944298, 13.549776, 12.532426, 11.103999, 9.100193, 6.471766, 4.235698, 2.871835, 2.75246, 3.814635, 6.222316, 9.447219, 12.773598, 11.492973, 9.606177, 6.998496, 3.773592, 0.0, 0.0, 0.0]"
292,"[0.0, 0.0, 0.0, 0.0, 1.0, 2.280625, 3.842675, 5.539731, 7.236787, 7.933844, 8.350275, 8.350275, 8.067432, 7.651001, 6.953945, 5.977999, 5.015949, 4.001735, 2.92111, 2.52111, 2.624621, 3.101654, 4.143875, 5.66434, 7.06434, 8.365748, 9.697034, 10.663132, 11.223018, 11.223018, 9.096989, 7.969295, 6.455403, 4.575052, 2.775052, 3.375052, 3.17146, 3.889485, 5.652815, 8.060496, 10.344937, 12.430182, 13.870598, 14.760135, 14.930942, 14.487813, 13.488866, 12.04845, 9.995582, 7.664307, 5.222996, 3.659665, 3.247214, 4.247214, 6.2, 9.4, 12.405551, 11.205551, 9.205551, 6.805551, 3.605551, 0.0, 0.0, 0.0]"
293,"[0.0, 0.0, 0.0, 0.0, 0.894427, 2.060618, 3.341242, 4.783463, 6.345513, 7.013136, 7.408995, 7.570591, 7.408995, 6.846945, 6.179322, 5.249728, 4.007508, 2.726883, 1.926883, 1.479669, 1.741641, 2.822266, 4.519322, 6.163231, 7.842046, 9.22797, 10.508595, 11.25285, 11.970191, 12.124512, 9.844161, 8.844962, 7.252179, 4.890929, 2.610578, 3.057792, 2.572775, 3.336698, 5.195824, 7.528205, 9.85948, 11.560936, 12.901449, 13.620812, 13.794424, 13.348316, 12.628953, 11.118209, 9.33972, 7.280941, 5.14856, 3.889434, 4.047214, 5.247214, 7.6, 10.6, 13.4, 11.8, 9.6, 6.8, 3.6, 0.0, 0.0, 0.0]"
294,"[0.0, 0.0, 0.0, 0.0, 0.8, 1.8, 3.0, 4.4, 6.0, 6.8, 7.412452, 7.612452, 7.412452, 6.812452, 6.212452, 5.2, 4.082843, 3.082843, 2.365685, 2.086796, 2.486796, 3.545594, 5.054395, 6.859613, 8.374571, 9.848434, 11.137383, 12.059171, 12.601699, 12.601699, 10.127836, 8.953269, 7.399712, 5.334808, 3.29874, 3.745954, 3.309736, 3.845154, 5.279469, 7.479469, 9.839389, 11.626719, 13.020927, 13.828061, 14.035742, 13.636927, 12.839768, 11.433109, 9.425975, 7.018294, 4.609975, 3.232456, 3.074676, 4.161472, 6.569153, 9.794056, 12.833113, 11.390892, 9.504096, 6.896415, 3.671512, 0.0, 0.0, 0.0]"
295,"[0.0, 0.0, 0.0, 0.0, 1.0, 2.280625, 3.694838, 5.256888, 6.953945, 7.797854, 8.361138, 8.64398, 8.496144, 8.079712, 7.235804, 6.286322, 4.989266, 3.975052, 2.97727, 2.57727, 2.682843, 3.499395, 4.555417, 5.981375, 7.440501, 8.772882, 9.88871, 10.765069, 11.388649, 11.388649, 9.056268, 7.988799, 6.481039, 4.548658, 2.689532, 3.136746, 3.003206, 3.875641, 5.60167, 8.092395, 10.618395, 12.460238, 13.736395, 14.58358, 14.735389, 14.170494, 13.32331, 11.912146, 9.938932, 7.496398, 5.088079, 3.56205, 3.16619, 3.955045, 5.971654, 8.924619, 11.724619, 10.558428, 8.769574, 6.352965, 3.4, 0.0, 0.0, 0.0]"
296,"[0.0, 0.0, 0.0, 0.0, 0.848528, 1.848528, 3.129153, 4.571373, 6.013594, 6.777517, 7.219738, 7.381334, 7.219738, 6.777517, 6.165066, 5.443956, 4.401735, 3.52111, 2.92111, 2.72111, 3.0, 3.8, 5.012452, 6.652059, 8.13241, 9.412761, 10.742583, 11.659954, 12.094209, 12.094209, 9.813858, 8.69825, 7.168428, 5.294564, 3.214214, 3.661427, 3.247214, 3.809264, 5.209264, 7.289614, 9.562695, 11.282989, 12.60538, 13.489821, 13.929764, 13.489821, 12.613436, 11.171215, 9.135302, 6.697851, 4.4175, 3.020805, 2.744775, 3.783043, 6.107881, 9.270159, 12.263875, 11.097685, 9.210889, 6.603208, 3.44093, 0.0, 0.0, 0.0]"
297,"[0.0, 0.0, 0.0, 0.0, 0.824621, 2.041174, 3.455387, 5.055387, 6.655387, 7.430766, 7.814214, 7.8, 7.6, 7.216553, 6.441174, 5.473629, 4.356472, 3.356472, 2.587133, 2.483622, 2.9282, 4.168511, 5.417754, 7.010148, 8.525106, 10.078662, 11.186097, 12.365281, 12.956263, 13.1533, 10.522711, 9.541364, 7.977848, 5.794472, 3.561367, 3.961367, 3.312125, 3.647214, 5.2, 7.4, 9.8, 11.806659, 13.213319, 14.213319, 14.613319, 14.213319, 13.206659, 11.8, 9.6, 7.0, 4.8, 3.6, 3.4, 4.609975, 7.217109, 10.440557, 13.445817, 12.045817, 10.035842, 7.228708, 3.80526, 0.0, 0.0, 0.0]"
298,"[0.0, 0.0, 0.0, 0.0, 0.824621, 1.844425, 3.109336, 4.565358, 6.088513, 6.787046, 7.223264, 7.414375, 7.223264, 6.719914, 6.02138, 5.165358, 3.909336, 2.644425, 1.824621, 1.632456, 2.032456, 3.11308, 4.833545, 6.520342, 7.947012, 9.279393, 10.504761, 11.290289, 11.735873, 11.912815, 9.580434, 8.516662, 7.010669, 4.961131, 2.725063, 3.125063, 2.759876, 3.372327, 4.976281, 7.308661, 9.516342, 11.323751, 12.764166, 13.761811, 14.037111, 13.761811, 12.764166, 11.153519, 9.269078, 7.108611, 4.77623, 3.489434, 3.647214, 4.856286, 7.237499, 10.462402, 13.314938, 11.714938, 9.505866, 6.677438, 3.452535, 0.0, 0.0, 0.0]"
299,"[0.0, 0.0, 0.0, 0.0, 1.0, 2.2, 3.8, 5.4, 7.2, 8.0, 8.6, 8.6, 8.6, 8.2, 7.6, 6.6, 5.447214, 4.247214, 3.247214, 2.679669, 2.728197, 3.561609, 4.77406, 6.162914, 7.50023, 8.992642, 10.24184, 11.15921, 11.711296, 11.89559, 9.55465, 8.547983, 6.739271, 4.681174, 2.727108, 3.327108, 3.003953, 4.09392, 6.047145, 8.28025, 10.508677, 12.368089, 13.616424, 14.439767, 14.835089, 14.637252, 13.786912, 12.141714, 10.282302, 7.853875, 5.223286, 3.414214, 3.4, 4.2, 6.4, 9.6, 12.6, 11.2, 9.2, 6.6, 3.4, 0.0, 0.0, 0.0]"
300,"[0.0, 0.0, 0.0, 0.0, 1.077033, 2.418674, 3.941828, 5.55428, 7.441076, 8.084508, 8.463333, 8.552629, 8.281819, 7.736663, 7.093231, 6.172766, 5.160315, 4.018674, 2.877033, 2.4, 2.424621, 2.990812, 4.233032, 5.876941, 7.25684, 8.69496, 9.937089, 10.903187, 11.467597, 11.467597, 9.204856, 8.077162, 6.56327, 4.554951, 2.775052, 3.407508, 3.293073, 4.011097, 5.774428, 8.294722, 10.546708, 12.380517, 13.930344, 14.92929, 15.093437, 14.650307, 13.813638, 12.371826, 10.209548, 7.772321, 5.331009, 3.767679, 3.247214, 4.058291, 6.044182, 9.149017, 12.041867, 10.841867, 9.03079, 6.597685, 3.49285, 0.0, 0.0, 0.0]"
301,"[0.0, 0.0, 0.0, 0.0, 0.824621, 1.844425, 3.258639, 4.658639, 6.27109, 7.058921, 7.651568, 7.651568, 7.468121, 6.875473, 6.087643, 5.107647, 3.976276, 3.159723, 2.587133, 2.483622, 2.9282, 4.101379, 5.512456, 7.075217, 8.754107, 10.077074, 11.221052, 12.009975, 12.607681, 12.607681, 10.207681, 9.207681, 7.627485, 5.467017, 3.267017, 3.714231, 3.134035, 3.726683, 5.289444, 7.497763, 9.857683, 11.844539, 13.238746, 14.235431, 14.634245, 14.036184, 13.0395, 11.43284, 9.226181, 6.619047, 4.409975, 3.032456, 2.974096, 4.143868, 6.543868, 9.854457, 12.79971, 11.458069, 9.488298, 6.888298, 3.577709, 0.0, 0.0, 0.0]"
302,"[0.0, 0.0, 0.0, 0.0, 0.8, 1.8, 3.0, 4.4, 6.0, 6.8, 7.4, 7.6, 7.4, 7.0, 6.2, 5.2, 4.082843, 3.082843, 2.165685, 1.998141, 2.398141, 3.515298, 4.915298, 6.632456, 8.2, 9.6, 10.8, 11.8, 12.4, 12.6, 10.2, 9.2, 7.6, 5.4, 3.2, 3.6, 3.0, 3.6, 5.2, 7.408319, 9.815453, 11.822112, 13.029246, 13.83638, 14.035742, 13.636927, 12.630267, 11.237347, 9.230213, 7.022532, 4.814214, 3.535324, 3.563331, 4.926662, 7.134342, 10.09662, 13.258807, 11.816587, 9.653256, 7.045575, 3.883298, 0.0, 0.0, 0.0]"
303,"[0.0, 0.0, 0.0, 0.0, 0.72111, 1.569638, 2.701009, 4.115223, 5.529436, 6.22254, 6.788225, 6.937479, 6.654636, 6.240423, 5.54732, 4.533106, 3.652481, 2.72111, 2.12111, 2.2, 2.819804, 3.942959, 5.35541, 6.842206, 8.322557, 9.711072, 10.749167, 11.82744, 12.501894, 12.501894, 10.093575, 8.974546, 7.450011, 5.521217, 3.440866, 3.840866, 3.293073, 3.569103, 4.823444, 6.786775, 8.994456, 10.820323, 12.262543, 13.154236, 13.432216, 12.987866, 11.988037, 10.545816, 8.488438, 6.247127, 4.283796, 3.363331, 3.12111, 4.409975, 6.840564, 9.865468, 12.715125, 11.515125, 9.50515, 6.874561, 3.649658, 0.0, 0.0, 0.0]"
304,"[0.0, 0.0, 0.0, 0.0, 1.216553, 2.630766, 4.280008, 6.177375, 8.074742, 8.755556, 9.238709, 9.486833, 9.238709, 8.755556, 8.074742, 7.177375, 5.912464, 4.828907, 4.014693, 3.622762, 3.788952, 4.57071, 5.848934, 7.374963, 8.830693, 10.272183, 11.636459, 12.400231, 12.881883, 13.042843, 10.435162, 9.377138, 7.900828, 5.925603, 3.931505, 4.731505, 4.425254, 5.33349, 6.981386, 9.202505, 11.50734, 13.197961, 14.263188, 15.145115, 15.388826, 15.147556, 14.323072, 13.062146, 11.164779, 9.077356, 6.413792, 4.765897, 4.336201, 5.280362, 7.262875, 10.468752, 13.641556, 12.227343, 10.018271, 7.211137, 3.80526, 0.0, 0.0, 0.0]"
305,"[0.0, 0.0, 0.0, 0.0, 0.824621, 2.041174, 3.455387, 4.869601, 6.482052, 7.257431, 7.640879, 7.626665, 7.612452, 7.216553, 6.441174, 5.473629, 4.520843, 3.520843, 2.70429, 2.728197, 3.227113, 4.303054, 5.691908, 7.26168, 8.754091, 9.963661, 10.857115, 11.598083, 12.158133, 12.158133, 9.817193, 8.923739, 7.47095, 5.388341, 3.047401, 3.447401, 2.94405, 3.323039, 4.773192, 7.114132, 9.130742, 10.710938, 11.938197, 12.640831, 12.7165, 12.535959, 11.90573, 10.678471, 8.903092, 6.686483, 4.650415, 3.505264, 3.505264, 4.768704, 7.098527, 10.251137, 13.22125, 11.765228, 9.677166, 7.147344, 3.794733, 0.0, 0.0, 0.0]"
306,"[0.0, 0.0, 0.0, 0.0, 0.824621, 1.844425, 3.109336, 4.632491, 6.244942, 7.032773, 7.62542, 7.70215, 7.520636, 6.985218, 6.197387, 5.184936, 4.243295, 3.101654, 2.424621, 2.2, 2.494427, 3.17146, 4.413681, 5.85759, 7.383619, 8.769542, 10.100828, 11.066927, 11.664329, 11.664329, 9.383978, 8.41788, 6.903988, 4.662677, 2.536648, 2.983861, 2.436068, 3.154092, 5.013218, 7.519211, 9.755279, 11.724416, 13.064929, 13.958768, 14.316339, 14.049667, 13.155874, 11.726064, 9.667527, 7.203963, 4.787353, 3.383267, 3.140737, 4.226209, 6.371794, 9.495894, 12.491107, 11.210482, 9.230583, 6.684999, 3.560899, 0.0, 0.0, 0.0]"
307,"[0.0, 0.0, 0.0, 0.0, 0.72111, 1.615537, 2.880449, 4.33647, 5.792492, 6.527404, 7.088999, 7.28011, 7.088999, 6.71001, 6.148415, 5.139607, 3.883585, 2.818674, 2.188854, 1.894427, 2.447214, 3.647214, 5.247214, 6.8, 8.6, 10.008319, 11.216, 12.023681, 12.432, 12.432, 10.023681, 9.016, 7.408319, 5.4, 3.0, 3.4, 2.8, 3.4, 5.0, 7.408319, 9.616, 11.423134, 12.630267, 13.437401, 13.636763, 13.437401, 12.630267, 11.223134, 9.416, 7.208319, 5.0, 3.72111, 3.844265, 4.998331, 7.384008, 10.494598, 13.531146, 12.007991, 9.853926, 7.068248, 3.757659, 0.0, 0.0, 0.0]"
308,"[0.0, 0.0, 0.0, 0.0, 0.824621, 2.089532, 3.431173, 4.954328, 6.566779, 7.531012, 7.878553, 8.060067, 7.878553, 7.531012, 6.761962, 5.94951, 5.026356, 3.967558, 3.102647, 2.882843, 3.102647, 3.767558, 5.00787, 6.494666, 7.857997, 9.118544, 10.294944, 11.333039, 11.887554, 11.887554, 9.607203, 8.608112, 7.066666, 5.225355, 3.062024, 3.662024, 3.296837, 3.839083, 5.239083, 7.647402, 9.738127, 11.634307, 13.045471, 14.018685, 14.301091, 14.018685, 13.02537, 11.46637, 9.493156, 7.085274, 4.676955, 3.14427, 3.071697, 3.860551, 6.083702, 9.136569, 12.360867, 11.019227, 9.230372, 6.724379, 3.671512, 0.0, 0.0, 0.0]"
309,"[0.0, 0.0, 0.0, 0.0, 1.0, 2.2, 3.6, 5.2, 6.8, 7.412452, 7.824903, 8.037355, 7.837355, 7.437355, 7.024903, 6.212452, 5.047214, 3.847214, 3.047214, 2.479669, 2.528197, 3.247174, 4.659626, 6.04848, 7.313391, 8.552924, 9.667085, 10.334984, 10.82648, 11.017175, 8.929114, 8.171918, 6.612677, 4.615169, 2.727108, 3.327108, 3.003953, 3.882843, 5.8, 7.8, 9.8, 11.4, 12.6, 13.2, 13.6, 13.4, 12.8, 11.6, 10.0, 8.0, 5.8, 4.047214, 3.712125, 4.409491, 6.150431, 8.813995, 11.597881, 10.33297, 8.435603, 6.094663, 3.231099, 0.0, 0.0, 0.0]"
310,"[0.0, 0.0, 0.0, 0.0, 1.019804, 2.219804, 3.619804, 5.219804, 7.019804, 7.8, 8.4, 8.8, 8.8, 8.2, 7.419804, 6.444425, 5.091639, 3.891639, 3.091639, 2.70429, 2.728197, 3.447174, 4.570329, 5.879129, 7.334735, 8.766558, 9.880718, 10.637915, 11.209465, 11.209465, 8.929114, 8.171918, 6.785994, 4.905643, 3.017582, 3.617582, 3.294427, 4.211077, 6.020149, 8.056217, 10.086806, 11.715234, 12.732584, 13.351939, 13.74646, 13.548976, 12.929621, 11.713645, 9.885218, 7.654629, 5.221524, 3.412452, 3.0, 4.0, 6.2, 9.0, 12.0, 10.8, 8.8, 6.2, 3.4, 0.0, 0.0, 0.0]"
311,"[0.0, 0.0, 0.0, 0.0, 1.0, 2.2, 3.8, 5.4, 7.2, 8.0, 8.6, 8.6, 8.6, 8.0, 7.4, 6.424621, 5.271835, 4.071835, 3.271835, 2.70429, 2.728197, 3.447174, 4.570329, 5.959183, 7.480793, 8.720327, 9.834487, 10.591683, 11.143769, 11.330643, 9.242582, 8.303872, 6.917948, 4.859851, 2.718911, 3.318911, 3.17727, 4.09392, 6.020149, 8.029221, 10.059811, 11.688238, 12.705588, 13.324943, 13.74646, 13.52419, 12.904835, 11.688859, 10.060432, 8.029843, 5.621524, 3.812452, 3.6, 4.4, 6.2, 9.2, 12.2, 10.8, 8.8, 6.4, 3.4, 0.0, 0.0, 0.0]"
312,"[0.0, 0.0, 0.0, 0.0, 0.824621, 1.901654, 3.166565, 4.580779, 6.036801, 6.626393, 7.005382, 7.154685, 7.005382, 6.626393, 5.93329, 4.924481, 3.710268, 2.645357, 1.968324, 1.847214, 2.4, 3.6, 5.0, 6.609975, 8.246043, 9.526394, 10.600257, 11.474121, 11.938009, 11.938009, 9.657658, 8.796246, 7.522383, 5.64852, 3.612452, 3.895294, 3.17727, 3.500425, 4.870196, 6.906264, 9.129414, 10.918269, 12.078396, 12.791906, 13.06183, 12.972447, 12.258937, 10.917296, 9.058635, 6.952643, 4.736033, 3.590883, 3.691463, 5.030172, 7.350467, 10.43071, 13.326304, 11.884084, 9.720753, 7.000459, 3.720215, 0.0, 0.0, 0.0]"
313,"[0.0, 0.0, 0.0, 0.0, 1.0, 2.2, 3.6, 5.2, 7.0, 7.8, 8.4, 8.6, 8.6, 8.0, 7.2, 6.2, 5.232456, 4.079669, 3.279669, 2.912125, 2.960653, 3.494388, 4.659626, 6.146422, 7.483738, 8.97615, 10.150899, 10.879388, 11.333531, 11.517826, 9.176886, 8.359101, 6.739271, 4.845544, 2.891478, 3.491478, 3.168324, 4.258291, 6.020149, 8.253254, 10.481681, 12.341093, 13.589428, 14.439767, 14.870226, 14.474904, 13.624565, 11.979367, 9.939759, 7.476195, 5.04309, 3.234017, 3.219804, 4.0, 6.2, 9.4, 12.6, 11.2, 9.4, 6.8, 3.6, 0.0, 0.0, 0.0]"
314,"[0.0, 0.0, 0.0, 0.0, 1.216553, 2.630766, 4.280008, 6.177375, 8.074742, 8.755556, 9.238709, 9.486833, 9.238709, 8.797364, 8.11655, 7.219183, 6.146438, 5.062881, 4.206859, 4.01011, 4.351751, 4.969351, 6.247574, 7.773603, 9.162118, 10.381727, 11.630231, 12.477047, 13.041743, 13.041743, 10.480493, 9.486825, 7.96229, 5.904021, 3.778545, 4.603166, 4.247751, 4.968356, 6.668282, 9.163928, 11.392174, 13.212811, 14.654678, 15.484575, 15.758954, 15.484575, 14.654678, 13.04648, 11.050392, 8.444739, 5.66625, 3.966325, 3.701881, 4.689757, 7.028221, 10.445823, 13.676009, 12.219987, 10.065921, 7.280243, 3.862642, 0.0, 0.0, 0.0]"
315,"[0.0, 0.0, 0.0, 0.0, 0.894427, 2.060618, 3.402258, 4.844479, 6.406529, 7.074152, 7.470011, 7.570591, 7.470011, 7.074152, 6.589135, 5.827085, 4.984864, 4.043223, 3.324247, 3.047214, 3.447214, 4.261427, 5.510669, 6.960822, 8.314888, 9.531498, 10.623277, 11.390644, 11.909886, 11.909886, 9.493277, 8.443306, 7.026697, 5.210088, 3.056022, 3.503236, 3.178584, 3.740634, 5.140634, 7.473015, 9.633483, 11.386553, 12.708944, 13.593385, 13.868685, 13.593385, 12.59574, 11.323751, 9.16042, 6.835582, 4.503201, 3.18209, 2.983852, 4.242641, 6.505382, 9.761147, 12.872416, 11.458203, 9.478304, 6.932719, 3.676955, 0.0, 0.0, 0.0]"
316,"[0.0, 0.0, 0.0, 0.0, 0.8, 1.8, 3.0, 4.4, 6.0, 6.8, 7.2, 7.4, 7.2, 6.6, 6.0, 5.232456, 4.115298, 3.315298, 2.715298, 2.563826, 3.097561, 4.156359, 5.46516, 6.962527, 8.394349, 9.702022, 10.834245, 11.793777, 12.564743, 12.564743, 10.09088, 9.140171, 7.548871, 5.327752, 3.247401, 3.647401, 3.124247, 3.447214, 5.009975, 7.019047, 9.249637, 11.078064, 12.506491, 13.324943, 13.74646, 13.324943, 12.307593, 10.893379, 8.864952, 6.434363, 4.425291, 3.414214, 3.4, 4.6, 7.0, 10.0, 13.0, 11.6, 9.6, 7.0, 3.8, 0.0, 0.0, 0.0]"
317,"[0.0, 0.0, 0.0, 0.0, 0.72111, 1.615537, 2.781728, 4.062353, 5.624403, 6.465342, 7.132965, 7.2474, 7.132965, 6.465342, 5.79772, 4.63567, 3.755045, 2.871697, 2.37727, 2.282843, 2.902647, 4.025801, 5.531813, 7.190939, 8.72332, 10.144827, 11.229353, 12.160793, 12.542978, 12.542978, 10.101667, 9.017141, 7.373879, 5.332568, 3.000188, 3.200188, 2.525561, 2.729153, 4.173062, 6.453413, 8.814662, 10.808668, 12.370578, 13.369203, 13.650102, 13.369203, 12.247134, 10.685225, 8.475146, 6.113896, 4.033545, 2.945536, 2.945536, 4.372206, 6.892501, 10.021164, 13.272006, 11.991381, 9.932255, 7.211961, 3.883298, 0.0, 0.0, 0.0]"
318,"[0.0, 0.0, 0.0, 0.0, 0.8, 1.8, 3.0, 4.4, 6.012452, 6.824903, 7.424903, 7.624903, 7.424903, 6.812452, 6.2, 5.2, 4.0, 3.0, 2.4, 2.12111, 2.652481, 3.894702, 5.403502, 7.157568, 8.777398, 10.175849, 11.401962, 12.361494, 12.73725, 12.676661, 10.146839, 8.934528, 7.432385, 5.468249, 3.387898, 3.835111, 3.379089, 3.612899, 5.047214, 7.247214, 9.6, 11.4, 13.0, 14.0, 14.4, 13.8, 13.0, 11.6, 9.4, 6.8, 4.6, 3.424621, 3.280643, 4.568704, 7.088999, 10.441609, 13.411721, 11.9557, 9.867638, 7.147344, 3.794733, 0.0, 0.0, 0.0]"
319,"[0.0, 0.0, 0.0, 0.0, 1.077033, 2.341944, 3.797966, 5.410418, 7.221495, 7.955539, 8.501705, 8.658134, 8.658134, 8.111968, 7.517444, 6.600794, 5.554028, 4.341576, 3.476665, 2.825798, 2.825798, 3.525024, 4.581046, 6.024955, 7.498877, 8.813522, 9.757683, 10.510733, 10.875897, 11.045361, 8.836289, 8.083239, 6.698788, 4.772558, 2.763486, 3.363486, 3.107464, 4.082843, 6.0, 8.2, 10.4, 12.0, 13.2, 13.8, 14.0, 13.6, 13.0, 11.6, 10.0, 8.0, 5.6, 3.8, 3.6, 4.409975, 6.209975, 9.216634, 12.222512, 10.822512, 8.812537, 6.412537, 3.405877, 0.0, 0.0, 0.0]"
320,"[0.0, 0.0, 0.0, 0.0, 0.8, 1.819804, 3.084715, 4.540737, 6.189979, 6.913134, 7.416485, 7.674728, 7.483617, 7.050927, 6.547577, 5.624422, 4.501267, 3.519199, 2.702647, 2.507464, 2.984497, 4.026717, 5.587783, 7.313813, 8.751933, 9.937642, 11.041006, 11.605416, 11.887706, 11.887706, 9.624964, 8.641429, 7.399301, 5.438196, 3.375454, 3.775454, 3.213404, 3.609264, 5.16205, 7.088079, 9.249329, 10.940054, 12.068728, 12.759453, 13.041743, 12.743235, 12.032409, 10.903734, 8.93412, 6.725801, 4.663059, 3.507781, 3.468886, 4.634572, 6.940565, 10.140565, 12.893652, 11.370498, 9.483702, 6.977709, 3.577709, 0.0, 0.0, 0.0]"
321,"[0.0, 0.0, 0.0, 0.0, 0.632456, 1.709488, 2.9744, 4.31604, 5.839195, 6.54838, 6.913568, 6.990297, 6.72569, 6.279568, 5.762548, 4.920328, 3.978687, 3.184497, 2.507464, 2.315298, 2.881489, 3.762113, 5.176327, 6.902356, 8.550252, 9.79238, 10.953066, 11.863691, 12.345343, 12.345343, 9.937024, 9.057763, 7.581453, 5.606227, 3.325876, 3.725876, 3.18363, 3.508281, 4.773192, 7.114132, 9.434427, 11.2003, 12.717492, 13.54042, 13.919774, 13.353546, 12.465234, 10.948043, 8.860204, 6.33991, 4.385844, 3.288478, 3.232456, 4.6, 7.2, 10.2, 13.2, 11.8, 9.8, 7.0, 3.8, 0.0, 0.0, 0.0]"
322,"[0.0, 0.0, 0.0, 0.0, 0.72111, 1.887301, 3.053491, 4.395132, 5.918286, 6.720331, 7.077295, 7.252745, 7.077295, 6.448568, 5.646523, 4.689054, 3.747413, 2.781223, 2.286796, 2.365685, 2.8, 3.814214, 5.263456, 6.760822, 8.301762, 9.718372, 10.720767, 11.577518, 12.09676, 12.09676, 9.680151, 8.912784, 7.426595, 5.609986, 3.269046, 3.669046, 2.868332, 3.129153, 4.373062, 6.653413, 8.814662, 10.808668, 12.370578, 13.369203, 13.650102, 13.369203, 12.370578, 10.942257, 8.820833, 6.459584, 4.379233, 3.359945, 3.210642, 4.643598, 6.860207, 9.891306, 12.824344, 11.559433, 9.405367, 6.988758, 3.757659, 0.0, 0.0, 0.0]"
323,"[0.0, 0.0, 0.0, 0.0, 0.824621, 1.901654, 3.243295, 4.685515, 6.40598, 7.301824, 7.837243, 8.108054, 8.007474, 7.364042, 6.663381, 5.87555, 4.863099, 3.804301, 3.127268, 2.707464, 2.902647, 3.567558, 4.897167, 6.383963, 7.947294, 9.20784, 10.488514, 11.284381, 11.805904, 11.768602, 9.488251, 8.384888, 7.053602, 5.245283, 3.319253, 3.919253, 3.693585, 4.325353, 5.784479, 8.090472, 10.268961, 12.005373, 13.249537, 14.143375, 14.415871, 14.143375, 13.160182, 11.649438, 9.773507, 7.442231, 4.936239, 3.566467, 3.53846, 4.471402, 6.654778, 9.879681, 12.732216, 11.318003, 9.308028, 6.677438, 3.452535, 0.0, 0.0, 0.0]"
324,"[0.0, 0.0, 0.0, 0.0, 1.0, 2.341641, 3.954092, 5.742947, 7.531801, 8.501573, 8.948786, 9.125189, 8.859489, 8.512855, 7.543084, 6.602758, 5.261117, 4.137962, 2.978584, 2.578584, 2.730056, 3.482843, 4.682843, 6.211077, 7.699138, 8.979489, 10.120429, 10.861369, 11.391232, 11.391232, 9.110881, 8.184155, 6.843215, 4.902275, 3.014214, 3.579899, 3.44631, 4.166775, 5.930106, 8.337787, 10.614636, 12.218452, 13.622087, 14.582856, 14.817709, 14.582856, 13.861746, 12.581555, 10.623645, 8.181111, 5.57343, 4.010099, 3.243223, 3.785834, 5.802443, 8.932938, 12.00445, 10.927417, 9.218616, 6.802007, 3.671512, 0.0, 0.0, 0.0]"
325,"[0.0, 0.0, 0.0, 0.0, 0.72111, 1.72111, 2.72111, 4.062751, 5.404392, 6.024922, 6.366563, 6.708204, 6.532754, 6.191113, 5.570582, 4.676155, 3.534514, 2.568324, 1.968324, 2.047214, 2.6, 3.814214, 5.263456, 6.760822, 8.114888, 9.531498, 10.623277, 11.480027, 12.088654, 12.170656, 9.754046, 8.771208, 7.285019, 5.379027, 3.142959, 3.542959, 2.868332, 3.262742, 4.506651, 6.787001, 8.948251, 10.790448, 12.066959, 12.913775, 13.041743, 12.606523, 11.759707, 10.483195, 8.513581, 6.305262, 4.379233, 3.359945, 3.210642, 4.459304, 6.675913, 9.606408, 12.539446, 11.274535, 9.304763, 6.888154, 3.757659, 0.0, 0.0, 0.0]"
326,"[0.0, 0.0, 0.0, 0.0, 0.8, 1.8, 3.2, 4.6, 6.2, 7.0, 7.6, 7.6, 7.4, 7.0, 6.4, 5.4, 4.2, 3.2, 2.282843, 1.915298, 2.335102, 3.549316, 4.961767, 6.6889, 8.265516, 9.445712, 10.431499, 11.219047, 11.409072, 11.4, 9.2, 8.4, 7.0, 5.2, 3.2, 3.6, 3.0, 3.6, 5.2, 7.209072, 9.416753, 11.216753, 12.423887, 13.023887, 13.223134, 12.815453, 12.015453, 10.608319, 9.008319, 7.0, 5.2, 4.048528, 3.990169, 5.049295, 7.256976, 10.019254, 12.944318, 11.602677, 9.543551, 6.93587, 3.773592, 0.0, 0.0, 0.0]"
327,"[0.0, 0.0, 0.0, 0.0, 0.72111, 1.569638, 2.701009, 3.981634, 5.543684, 6.264794, 6.978316, 7.12757, 6.978316, 6.416266, 5.695156, 4.58032, 3.699695, 2.768324, 2.168324, 2.247214, 2.819804, 3.942959, 5.35541, 7.014536, 8.494887, 9.916394, 10.954489, 11.903287, 12.405411, 12.405411, 9.9641, 8.9649, 7.569841, 5.608591, 3.32824, 3.72824, 3.060618, 3.236068, 4.522864, 6.686195, 8.893876, 10.719743, 12.098396, 12.931894, 13.376244, 12.931894, 11.932065, 10.653991, 8.654808, 6.247127, 4.283796, 3.363331, 3.32111, 4.609975, 6.818294, 9.843197, 12.890274, 11.490274, 9.480299, 7.07198, 3.847077, 0.0, 0.0, 0.0]"
328,"[0.0, 0.0, 0.0, 0.0, 0.824621, 2.041174, 3.455387, 5.067839, 6.878916, 7.666746, 8.062645, 8.260883, 8.062645, 7.468121, 6.875473, 5.895477, 4.565868, 3.351655, 2.135102, 1.515298, 1.682843, 2.6, 4.0, 5.8, 7.409975, 8.846043, 10.079148, 10.953011, 11.389079, 11.615172, 9.379104, 8.360213, 6.88635, 5.050282, 2.814214, 3.261427, 2.924247, 3.573489, 5.327555, 7.801418, 10.074499, 11.970679, 13.367746, 14.186894, 14.498708, 14.308237, 13.423084, 11.989226, 10.035817, 7.650139, 5.320317, 3.864711, 3.5939, 4.574096, 6.89439, 9.81849, 12.873853, 11.532212, 9.532212, 6.811918, 3.687818, 0.0, 0.0, 0.0]"
329,"[0.0, 0.0, 0.0, 0.0, 0.8, 1.8, 3.2, 4.6, 6.2, 7.0, 7.414214, 7.414214, 7.214214, 6.814214, 6.214214, 5.4, 4.4, 3.6, 3.0, 2.72111, 3.252481, 4.266695, 5.428745, 6.715541, 8.157761, 9.189721, 10.216819, 10.98715, 11.541665, 11.541665, 9.378334, 8.499073, 7.166692, 5.172594, 3.209264, 3.609264, 2.871835, 3.327857, 4.669497, 6.528624, 8.634616, 10.417676, 11.569335, 12.55897, 12.832224, 12.385358, 11.566531, 10.300491, 8.243112, 6.110731, 4.251605, 3.262751, 3.335324, 4.458122, 6.787945, 9.886429, 12.630438, 11.216225, 9.372316, 6.842494, 3.544009, 0.0, 0.0, 0.0]"
330,"[0.0, 0.0, 0.0, 0.0, 0.8, 1.8, 3.016553, 4.416553, 6.016553, 6.816553, 7.416553, 7.6, 7.4, 6.8, 6.024621, 5.057077, 3.939919, 3.139919, 2.539919, 2.563826, 3.097561, 4.337873, 5.646674, 7.334735, 8.722275, 9.836435, 10.746386, 11.47069, 11.618697, 11.66298, 9.382629, 8.598766, 7.242694, 5.45384, 3.373489, 3.773489, 3.124247, 3.647214, 5.2, 7.2, 9.407681, 11.015362, 12.222496, 13.029629, 13.429629, 13.021949, 12.214268, 11.007134, 9.0, 6.6, 4.6, 3.6, 3.2, 4.4, 6.6, 9.606244, 12.411795, 11.211795, 9.211795, 6.811795, 3.605551, 0.0, 0.0, 0.0]"
331,"[0.0, 0.0, 0.0, 0.0, 0.894427, 2.060618, 3.502838, 5.064888, 6.626938, 7.294561, 7.69042, 7.69042, 7.570591, 7.174731, 6.689714, 5.952285, 5.110065, 3.950687, 3.184497, 2.907464, 3.102647, 3.767558, 5.097167, 6.583963, 7.947294, 9.20784, 10.504179, 11.300046, 11.821569, 11.784268, 9.503917, 8.384888, 6.870996, 5.062677, 3.136648, 3.736648, 3.51098, 4.325353, 5.879419, 8.096028, 10.359593, 12.096005, 13.433513, 14.325757, 14.772712, 14.325757, 13.526858, 12.003703, 10.034427, 7.618076, 5.201467, 3.647401, 3.524247, 4.447214, 6.6, 9.8, 12.6, 11.2, 9.2, 6.6, 3.4, 0.0, 0.0, 0.0]"
332,"[0.0, 0.0, 0.0, 0.0, 0.848528, 1.979899, 3.394113, 4.956162, 6.676628, 7.548564, 8.137659, 8.285495, 8.00407, 7.56423, 6.843765, 5.84441, 4.88236, 4.001735, 3.168324, 2.992945, 3.471835, 4.471835, 5.871835, 7.434596, 9.04308, 10.276185, 11.344518, 12.212851, 12.833465, 12.874223, 10.441118, 9.372785, 7.904453, 5.873863, 3.6, 4.047214, 3.447214, 3.859665, 5.495733, 7.825555, 10.241906, 12.288215, 13.722073, 14.532314, 14.78817, 14.524605, 13.632362, 12.294854, 10.142972, 7.557294, 4.957294, 3.435683, 3.169103, 4.274676, 6.79497, 10.2359, 13.486742, 12.044522, 10.044522, 7.324228, 3.883298, 0.0, 0.0, 0.0]"
333,"[0.0, 0.0, 0.0, 0.0, 1.019804, 2.284715, 3.698929, 5.348171, 7.19208, 7.983353, 8.562351, 8.797379, 8.562351, 7.983353, 7.249309, 6.230021, 5.146464, 4.132251, 3.26734, 2.755992, 2.825798, 3.476665, 4.490879, 5.901956, 7.346245, 8.651818, 9.835266, 10.821052, 11.418294, 11.608319, 9.408319, 8.422532, 6.847154, 4.721677, 2.721677, 3.321677, 3.107464, 4.082843, 6.0, 8.4, 10.6, 12.4, 13.8, 14.6, 14.8, 14.6, 13.8, 12.2, 10.4, 8.2, 5.6, 3.8, 3.416553, 4.060461, 6.091051, 9.150462, 12.243312, 11.02676, 9.182851, 6.552262, 3.49285, 0.0, 0.0, 0.0]"
334,"[0.0, 0.0, 0.0, 0.0, 1.16619, 2.608411, 4.220862, 5.941327, 7.661793, 8.339511, 8.741199, 8.849213, 8.849213, 8.570968, 8.0687, 7.301824, 6.381359, 5.382005, 4.660894, 4.339057, 4.478577, 5.327819, 6.504076, 7.937031, 9.333836, 10.623277, 11.752523, 12.633646, 13.162861, 13.252245, 10.746252, 9.756618, 8.194681, 6.3114, 4.08825, 4.80936, 4.30113, 4.928487, 6.408838, 8.846289, 10.967713, 12.849366, 14.167734, 15.049661, 15.329367, 15.048083, 14.166156, 12.724343, 10.84269, 8.408376, 6.047126, 4.615303, 4.456888, 5.302293, 7.709821, 10.903934, 14.015203, 12.453153, 10.327124, 7.353911, 3.959798, 0.0, 0.0, 0.0]"
335,"[0.0, 0.0, 0.0, 0.0, 1.0, 2.16619, 3.689345, 5.2125, 7.001354, 7.710155, 8.332819, 8.518465, 8.518465, 8.071251, 7.528641, 6.460897, 5.384552, 4.261397, 3.36697, 2.647993, 2.751504, 3.319048, 4.519048, 5.871835, 7.424621, 8.8, 10.2, 11.0, 11.6, 11.8, 9.6, 8.4, 6.8, 4.682843, 2.682843, 3.315298, 3.131851, 4.131851, 6.05808, 8.465761, 10.839965, 12.823412, 14.223412, 15.021, 15.213319, 14.806659, 13.806659, 12.206659, 10.4, 8.2, 5.6, 3.8, 3.416553, 4.060461, 6.091051, 9.195886, 12.288735, 11.072183, 9.228274, 6.597685, 3.49285, 0.0, 0.0, 0.0]"
336,"[0.0, 0.0, 0.0, 0.0, 1.077033, 2.418674, 4.067916, 5.717158, 7.561067, 8.327943, 8.830211, 9.024878, 9.024878, 8.44588, 7.679004, 6.729522, 5.606724, 4.357481, 3.539784, 3.028436, 3.028436, 3.523879, 4.73633, 6.100194, 7.734508, 9.240081, 10.623529, 11.611077, 12.2, 12.2, 9.8, 8.812452, 7.037073, 4.919915, 2.919915, 3.519915, 3.107464, 4.082843, 6.2, 8.8, 11.4, 13.4, 15.0, 15.8, 16.0, 15.6, 14.8, 13.0, 11.0, 8.6, 5.8, 3.8, 3.614214, 4.453821, 6.484411, 9.740175, 13.223472, 11.809259, 9.769651, 7.139062, 3.883298, 0.0, 0.0, 0.0]"
337,"[0.0, 0.0, 0.0, 0.0, 0.8, 1.8, 3.2, 4.6, 6.2, 7.0, 7.6, 7.6, 7.416553, 6.836356, 6.25616, 5.377271, 4.424484, 3.407932, 2.835341, 2.536648, 2.89257, 3.85957, 5.470647, 7.023434, 8.702324, 10.025291, 11.211077, 12.0, 12.6, 12.6, 10.2, 9.2, 7.8, 5.647214, 3.447214, 4.012899, 3.489932, 3.813087, 5.453934, 7.594874, 9.749483, 11.645664, 13.095723, 13.919706, 14.364443, 13.985089, 12.909242, 11.39205, 9.374433, 6.988756, 4.647816, 3.316135, 3.140737, 4.226209, 6.516934, 9.772698, 12.894831, 11.614206, 9.634307, 6.943582, 3.687818, 0.0, 0.0, 0.0]"
338,"[0.0, 0.0, 0.0, 0.0, 1.0, 2.16619, 3.507831, 5.120283, 6.909137, 7.697991, 8.320655, 8.767869, 8.497058, 7.874394, 7.08554, 6.145214, 4.988815, 4.047174, 3.328197, 2.775411, 2.751504, 3.319048, 4.519048, 5.671835, 7.024621, 8.2, 9.209072, 9.818144, 10.418144, 10.618144, 8.618144, 7.809072, 6.4, 4.4, 2.6, 3.047214, 2.863766, 3.713008, 5.356917, 7.630781, 9.8519, 11.498912, 12.713234, 13.732889, 13.927358, 13.69213, 12.868174, 11.653852, 9.790288, 7.521955, 5.08885, 3.496456, 2.924247, 3.713101, 5.549169, 8.502134, 11.365509, 10.288476, 8.499622, 6.263554, 3.310589, 0.0, 0.0, 0.0]"
339,"[0.0, 0.0, 0.0, 0.0, 0.848528, 1.979899, 3.260524, 4.674737, 6.371794, 7.085315, 7.515995, 7.649583, 7.649583, 7.083898, 6.521848, 5.680908, 4.666695, 3.452481, 2.52111, 2.12111, 2.4, 3.264911, 4.588066, 6.17692, 7.636046, 8.968427, 10.035897, 11.018735, 11.735873, 11.735873, 9.403492, 8.412752, 6.731381, 4.625388, 2.566262, 3.131947, 2.790307, 3.578137, 5.237263, 7.743256, 9.860852, 11.724416, 13.24246, 14.229643, 14.587214, 14.320542, 13.426749, 12.005055, 9.853173, 7.389609, 4.973, 3.450442, 2.907831, 4.013404, 6.304129, 9.415399, 12.64514, 11.47895, 9.47895, 6.788225, 3.676955, 0.0, 0.0, 0.0]"
340,"[0.0, 0.0, 0.0, 0.0, 0.632456, 1.709488, 2.875679, 4.317899, 5.76012, 6.569885, 6.935072, 7.211103, 6.935072, 6.569885, 5.952285, 5.110065, 4.067844, 3.184497, 2.507464, 2.482843, 2.959876, 3.901516, 5.231125, 6.717922, 7.917922, 9.121239, 10.22091, 11.016777, 11.5383, 11.701631, 9.42128, 8.59242, 7.261134, 5.300029, 3.136698, 3.336698, 2.572775, 2.776367, 4.173062, 6.299091, 8.50741, 10.220132, 11.500756, 12.218097, 12.500387, 12.218097, 11.656847, 10.376223, 8.536083, 6.527764, 4.601735, 3.426356, 3.587952, 4.866842, 7.028091, 9.828091, 12.609021, 11.166801, 9.166801, 6.605551, 3.605551, 0.0, 0.0, 0.0]"
341,"[0.0, 0.0, 0.0, 0.0, 0.72111, 1.798143, 3.139784, 4.662939, 6.186093, 6.988138, 7.434259, 7.434259, 7.252745, 6.806624, 6.004579, 5.202535, 4.260894, 3.119253, 2.325063, 2.428574, 2.707464, 3.707464, 5.307464, 7.024621, 8.409072, 9.817391, 10.850496, 11.483601, 11.89192, 11.89192, 9.483601, 8.650496, 7.217391, 5.409072, 3.2, 3.647214, 3.047214, 3.659665, 5.029437, 7.265505, 9.418291, 11.101573, 12.352685, 13.246478, 13.61041, 13.246478, 12.352051, 10.753398, 8.784261, 6.384261, 4.148193, 2.925024, 2.940737, 3.890219, 6.235804, 9.347073, 12.319749, 11.039124, 9.195215, 6.649631, 3.538361, 0.0, 0.0, 0.0]"
342,"[0.0, 0.0, 0.0, 0.0, 0.8, 1.8, 3.2, 4.6, 6.2, 7.0, 7.4, 7.414214, 7.214214, 6.814214, 6.038835, 5.359945, 4.228574, 3.428574, 2.675788, 2.572277, 2.9282, 4.101379, 5.512456, 7.075217, 8.554107, 9.877074, 11.021052, 11.809975, 12.4, 12.4, 10.0, 9.0, 7.616553, 5.649008, 3.649008, 3.931851, 3.408884, 3.648353, 4.859807, 6.940157, 9.325647, 11.112179, 12.519721, 13.539376, 13.927358, 13.539376, 12.573179, 11.322066, 9.283123, 6.81479, 4.534439, 3.358183, 3.026356, 4.201735, 6.562985, 9.725262, 12.724367, 11.443742, 9.443742, 6.882493, 3.720215, 0.0, 0.0, 0.0]"
343,"[0.0, 0.0, 0.0, 0.0, 1.0, 2.216553, 3.672574, 5.321817, 7.165726, 7.814968, 8.247658, 8.404087, 8.169059, 7.739363, 7.090121, 6.240879, 5.028427, 3.614214, 2.4, 1.847214, 1.768324, 2.445357, 3.901379, 5.350621, 6.943015, 8.457973, 9.789259, 10.741556, 11.328382, 11.298749, 9.062681, 7.870915, 6.287217, 4.333991, 2.324016, 2.924016, 2.907464, 3.882843, 5.8, 8.2, 10.6, 12.4, 13.8, 14.606659, 15.013793, 14.613793, 13.613793, 12.213793, 10.207134, 8.0, 5.6, 4.047214, 3.527838, 4.507737, 6.453322, 9.377422, 12.491107, 11.210482, 9.230583, 6.684999, 3.560899, 0.0, 0.0, 0.0]"
344,"[0.0, 0.0, 0.0, 0.0, 0.894427, 2.060618, 3.502838, 5.11529, 6.835755, 7.661793, 8.108054, 8.278285, 8.007474, 7.62865, 6.985218, 6.197387, 4.984936, 3.843295, 2.701654, 2.024621, 2.094427, 2.694427, 3.908641, 5.270691, 6.870691, 8.03539, 9.19872, 10.116887, 10.887218, 10.946344, 8.887218, 8.004512, 6.393242, 4.460861, 2.601735, 3.201735, 3.137663, 4.029004, 5.865072, 8.138935, 10.450979, 12.339262, 13.831645, 14.700412, 15.138593, 14.700412, 13.635185, 12.179592, 10.094561, 7.629731, 5.355868, 3.948715, 3.319277, 4.143382, 6.170032, 9.225796, 12.242998, 11.223194, 9.379285, 6.905422, 3.649658, 0.0, 0.0, 0.0]"
345,"[0.0, 0.0, 0.0, 0.0, 0.894427, 2.159338, 3.61536, 5.264602, 6.913845, 7.863326, 8.247658, 8.247658, 8.054437, 7.670106, 6.90323, 5.975098, 5.084762, 4.02874, 3.163829, 2.534009, 2.612899, 3.247214, 4.247214, 5.647214, 7.209975, 8.619047, 9.852152, 10.68822, 11.124288, 11.124288, 8.915216, 7.882111, 6.446043, 4.409975, 2.8, 3.365685, 3.131876, 3.944327, 5.980395, 8.263677, 10.561556, 12.441675, 13.959718, 14.854145, 15.034428, 14.587473, 13.69523, 12.353589, 10.300127, 8.036562, 5.619953, 4.065887, 3.277033, 3.920465, 5.761776, 8.761776, 11.602706, 10.602706, 8.882241, 6.44093, 3.44093, 0.0, 0.0, 0.0]"
346,"[0.0, 0.0, 0.0, 0.0, 0.632456, 1.709488, 2.9744, 4.388613, 5.802827, 6.584585, 6.921765, 7.071068, 6.873407, 6.478997, 5.889405, 5.107647, 3.976276, 3.159723, 2.422762, 2.319251, 2.581223, 3.754402, 5.003644, 6.760409, 8.248371, 9.787049, 10.938708, 11.897147, 12.290644, 12.489891, 10.056786, 9.061556, 7.473679, 5.440574, 3.032255, 3.432255, 2.839608, 3.469046, 4.966413, 7.307353, 9.507353, 11.351113, 12.74818, 13.636491, 13.895551, 13.71216, 12.818368, 11.113699, 9.222449, 6.822449, 4.40584, 3.036068, 3.108641, 4.224189, 6.654778, 9.953262, 12.897272, 11.483058, 9.473083, 6.842494, 3.544009, 0.0, 0.0, 0.0]"
347,"[0.0, 0.0, 0.0, 0.0, 0.8, 2.0, 3.4, 4.814214, 6.426665, 7.239117, 7.651568, 7.651568, 7.651568, 7.239117, 6.626665, 5.614214, 4.614214, 3.4, 2.6, 2.232456, 2.632456, 3.51308, 5.033545, 6.633545, 8.164421, 9.496801, 10.722169, 11.609385, 12.050696, 12.050696, 9.718316, 8.654543, 6.895391, 4.736922, 2.573591, 3.020805, 2.578584, 3.292106, 4.989163, 7.397481, 9.778695, 11.751909, 13.163073, 14.156387, 14.438793, 13.873108, 12.879793, 11.468629, 9.343944, 6.936061, 4.67332, 3.140634, 2.843496, 4.054093, 6.378932, 9.541209, 12.814211, 11.5493, 9.490174, 6.882493, 3.720215, 0.0, 0.0, 0.0]"
348,"[0.0, 0.0, 0.0, 0.0, 1.16619, 2.507831, 4.120283, 6.007079, 7.893875, 8.614481, 9.159636, 9.433981, 9.159636, 8.885292, 8.263407, 7.396414, 6.309618, 5.418277, 4.438281, 4.193174, 4.389922, 5.239164, 6.487826, 8.091438, 9.404015, 10.795144, 11.753582, 12.391492, 12.763105, 12.936717, 10.329036, 9.510209, 8.167439, 6.359758, 4.136608, 5.031035, 4.522806, 5.101804, 6.564545, 8.827287, 10.906074, 12.749549, 14.161404, 15.022762, 15.450391, 15.167902, 14.306544, 12.894689, 10.90196, 8.494432, 5.803707, 4.389493, 4.158036, 5.189996, 7.508751, 10.914629, 14.035987, 12.423536, 10.260205, 7.375764, 3.969887, 0.0, 0.0, 0.0]"
349,"[0.0, 0.0, 0.0, 0.0, 0.8, 1.8, 3.0, 4.4, 6.0, 6.8, 7.2, 7.4, 7.2, 6.6, 5.8, 5.0, 3.8, 2.8, 2.082843, 1.848528, 2.142955, 3.207866, 4.716667, 6.277733, 7.800109, 9.186033, 10.354227, 11.078531, 11.708486, 11.856492, 9.576141, 8.792279, 7.253601, 4.979737, 2.743669, 3.143669, 2.514231, 3.269046, 4.966413, 7.246764, 9.567058, 11.267548, 12.53035, 13.353277, 13.602748, 13.162805, 12.339878, 10.692745, 8.797072, 6.714463, 4.434112, 3.136746, 3.471835, 4.647214, 7.0, 10.2, 13.2, 11.6, 9.6, 6.8, 3.6, 0.0, 0.0, 0.0]"
350,"[0.0, 0.0, 0.0, 0.0, 1.019804, 2.236356, 3.65057, 5.263022, 7.074099, 7.865372, 8.459896, 8.658134, 8.658134, 8.06361, 7.517444, 6.600794, 5.554028, 4.341576, 3.525024, 2.825798, 2.825798, 3.525024, 4.581046, 6.024955, 7.469244, 8.783889, 9.927297, 10.879594, 11.271753, 11.497846, 9.288774, 8.294668, 6.710971, 4.757745, 2.721677, 3.321677, 3.107464, 4.082843, 6.0, 8.4, 10.8, 12.8, 14.2, 15.0, 15.2, 14.8, 13.8, 12.2, 10.4, 8.2, 5.6, 3.8, 3.4, 4.011077, 6.018758, 9.045307, 12.267461, 11.067461, 9.256384, 6.648703, 3.622154, 0.0, 0.0, 0.0]"
351,"[0.0, 0.0, 0.0, 0.0, 1.0, 2.16619, 3.608411, 5.328876, 7.049341, 7.89325, 8.424116, 8.543945, 8.38553, 7.831255, 7.153537, 6.281102, 5.319052, 4.157002, 3.438025, 2.871835, 2.847214, 3.267017, 4.323039, 5.584627, 6.773481, 7.860277, 8.899599, 9.606908, 9.957233, 10.055175, 8.168379, 7.565275, 6.226565, 4.567439, 2.880643, 3.446329, 2.990307, 3.88615, 5.48615, 7.727462, 9.88207, 11.766511, 12.930487, 13.814928, 14.093911, 13.814928, 12.817283, 11.653308, 9.845899, 7.525605, 5.084294, 3.644712, 3.055617, 3.822493, 5.685235, 8.37596, 11.18451, 10.05314, 8.209231, 5.946489, 3.255764, 0.0, 0.0, 0.0]"
352,"[0.0, 0.0, 0.0, 0.0, 0.894427, 2.159338, 3.61536, 5.264602, 6.913845, 7.66866, 8.052991, 8.246211, 8.052991, 7.66866, 7.096451, 6.341635, 5.258079, 4.202057, 3.337146, 2.825798, 2.825798, 3.476665, 4.689117, 5.901568, 7.135883, 8.241456, 9.224903, 9.812452, 10.4, 10.6, 8.6, 7.8, 6.424621, 4.507464, 2.707464, 3.307464, 3.107464, 3.882843, 5.6, 7.8, 9.8, 11.4, 12.8, 13.6, 13.8, 13.6, 12.8, 11.4, 9.8, 7.8, 5.4, 3.8, 3.416553, 3.865795, 5.501863, 8.365427, 11.263911, 10.047359, 8.398117, 6.162049, 3.298485, 0.0, 0.0, 0.0]"
353,"[0.0, 0.0, 0.0, 0.0, 1.0, 2.2, 3.6, 5.2, 6.812452, 7.623529, 8.03598, 8.23598, 8.03598, 7.623529, 6.812452, 6.0, 4.847214, 3.730056, 2.930056, 2.37727, 2.29838, 2.9282, 3.986998, 5.23624, 6.828634, 8.147132, 9.503204, 10.370635, 10.930465, 11.126925, 9.087317, 8.110234, 6.725783, 4.799554, 2.963486, 3.595941, 3.356472, 4.144302, 6.070532, 8.301121, 10.497093, 12.307089, 13.75405, 14.408542, 14.641516, 14.246194, 13.428717, 12.018548, 10.354984, 8.091419, 5.858314, 4.096456, 3.447214, 3.94427, 5.752589, 8.525803, 11.61695, 10.61695, 8.919894, 6.511575, 3.538361, 0.0, 0.0, 0.0]"
354,"[0.0, 0.0, 0.0, 0.0, 1.280625, 2.842675, 4.686584, 6.666483, 8.646382, 9.491786, 9.773645, 9.773645, 9.514211, 9.096362, 8.412553, 7.645677, 6.62639, 5.305925, 4.191088, 3.381323, 3.198717, 3.654721, 4.951777, 6.348473, 7.996368, 9.543252, 10.703938, 11.614563, 12.490948, 12.490948, 10.049637, 9.170376, 7.694066, 5.606227, 3.77309, 4.77309, 4.625254, 5.53349, 7.430857, 9.703938, 11.866215, 13.804613, 15.257855, 16.026517, 16.411058, 15.917113, 14.844853, 13.440064, 11.406491, 9.022766, 6.754433, 5.195193, 4.549352, 5.520509, 7.585076, 10.602678, 13.744209, 12.301989, 10.065921, 7.280243, 3.862642, 0.0, 0.0, 0.0]"
355,"[0.0, 0.0, 0.0, 0.0, 1.0, 2.2, 3.8, 5.4, 7.2, 8.0, 8.6, 8.6, 8.4, 7.8, 7.2, 6.4, 5.432456, 4.479669, 3.879669, 3.312125, 3.160653, 3.659568, 4.774404, 5.89487, 7.32154, 8.70908, 9.994318, 10.848877, 11.36448, 11.36448, 9.128412, 8.154024, 6.585943, 4.749875, 2.890749, 3.490749, 3.248528, 4.211077, 5.850685, 8.124548, 10.436592, 12.341427, 13.442394, 14.31483, 14.561261, 14.12308, 13.106307, 11.650285, 9.758045, 7.437751, 4.963887, 3.275826, 3.019804, 3.8, 6.0, 9.0, 12.005877, 10.805877, 9.005877, 6.405877, 3.405877, 0.0, 0.0, 0.0]"
356,"[0.0, 0.0, 0.0, 0.0, 1.019804, 2.284715, 3.626356, 5.238807, 7.027662, 7.796712, 8.320655, 8.591466, 8.502169, 7.978226, 7.266405, 6.302171, 5.28972, 4.213779, 3.348868, 2.871835, 2.871835, 3.348868, 4.243295, 5.56376, 6.96376, 8.265168, 9.596454, 10.517555, 11.059831, 11.059831, 8.933802, 7.867124, 6.49881, 4.436068, 2.636068, 3.083282, 2.873012, 3.675641, 5.60167, 7.947254, 10.328468, 12.170311, 13.584524, 14.431709, 14.714552, 14.447374, 13.60019, 12.185976, 10.212762, 7.831549, 5.270299, 3.54427, 2.847214, 3.636068, 5.521235, 8.405676, 11.33434, 10.33434, 8.545485, 6.213104, 3.328663, 0.0, 0.0, 0.0]"
357,"[0.0, 0.0, 0.0, 0.0, 0.894427, 2.236068, 3.759223, 5.468023, 7.176824, 7.991198, 8.358358, 8.544004, 8.358358, 7.815747, 7.273137, 6.412864, 5.151277, 4.028122, 3.309146, 2.708641, 2.684734, 3.43752, 4.63752, 5.990307, 7.424621, 8.8, 10.0, 10.8, 11.4, 11.6, 9.4, 8.4, 6.8, 4.682843, 2.682843, 3.315298, 3.131851, 4.131851, 6.049008, 8.456689, 10.824233, 12.607681, 14.007681, 14.807681, 15.0, 14.6, 13.8, 12.2, 10.4, 8.2, 5.6, 3.8, 3.416553, 4.060461, 6.091051, 9.150462, 12.006227, 10.789674, 8.945765, 6.315176, 3.255764, 0.0, 0.0, 0.0]"
358,"[0.0, 0.0, 0.0, 0.0, 0.824621, 1.901654, 3.243295, 4.855746, 6.468198, 7.256028, 7.791447, 7.791447, 7.520636, 6.985218, 6.39257, 5.580118, 4.838478, 3.696837, 3.019804, 2.8, 3.0, 3.616553, 4.939707, 6.426503, 7.789834, 9.070185, 10.133983, 11.05214, 11.606655, 11.606655, 9.326304, 8.387594, 6.966087, 5.124775, 2.961445, 3.561445, 3.385994, 4.086655, 5.486655, 7.767006, 9.857731, 11.534075, 12.786823, 13.477548, 13.887922, 13.477548, 12.635014, 11.076014, 9.385289, 6.977407, 4.697056, 3.14427, 2.994967, 3.964739, 6.281896, 9.412391, 12.542887, 11.277975, 9.308204, 6.708204, 3.577709, 0.0, 0.0, 0.0]"
359,"[0.0, 0.0, 0.0, 0.0, 0.632456, 1.632456, 2.798646, 4.079271, 5.493484, 6.275242, 6.689456, 6.80389, 6.654636, 6.240423, 5.720636, 4.753636, 3.873012, 3.024483, 2.424483, 2.330056, 2.902647, 3.958669, 5.384627, 6.954398, 8.390466, 9.703043, 10.854702, 11.753582, 12.289803, 12.289803, 9.957423, 8.998984, 7.411107, 5.505114, 3.269046, 3.551889, 2.902647, 3.325063, 4.611859, 6.94424, 9.269078, 10.876759, 12.213028, 13.10472, 13.38002, 12.93567, 12.116844, 10.504545, 8.550678, 6.342997, 4.379666, 3.311922, 3.426356, 4.581634, 6.872359, 9.796459, 12.896343, 11.615718, 9.635819, 6.945095, 3.820995, 0.0, 0.0, 0.0]"
360,"[0.0, 0.0, 0.0, 0.0, 0.894427, 2.060618, 3.402258, 5.01471, 6.627161, 7.441535, 7.798499, 7.980013, 7.709202, 7.262941, 6.55414, 5.752096, 4.676155, 3.534514, 2.651167, 2.251167, 2.530056, 3.282843, 4.682843, 6.2, 7.609975, 8.819047, 9.82812, 10.464188, 10.87326, 10.863285, 8.654212, 7.84514, 6.609072, 4.8, 2.8, 3.4, 3.2, 3.8, 5.6, 8.0, 10.0, 11.6, 13.0, 13.6, 13.8, 13.4, 12.6, 11.4, 9.6, 7.4, 5.2, 3.832456, 3.052259, 3.896168, 5.776519, 8.640083, 11.460163, 10.440359, 8.59645, 6.3161, 3.452535, 0.0, 0.0, 0.0]"
361,"[0.0, 0.0, 0.0, 0.0, 0.565685, 1.565685, 2.731876, 4.073517, 5.515737, 6.562503, 7.004724, 7.180174, 7.004724, 6.562503, 5.671162, 4.794627, 3.852986, 2.886796, 2.334009, 2.212899, 2.847214, 3.847214, 5.247214, 6.6, 8.009975, 9.046043, 10.079148, 10.953011, 11.586117, 11.812209, 9.576141, 8.743036, 7.269173, 5.236068, 3.0, 3.4, 2.8, 3.214214, 4.625291, 6.834363, 8.867468, 10.498057, 11.714433, 12.533945, 12.733192, 12.300087, 11.469497, 10.238908, 8.608319, 6.6, 4.8, 3.72111, 3.777132, 4.565987, 6.765987, 9.612296, 12.384035, 10.928013, 9.139159, 6.539159, 3.49285, 0.0, 0.0, 0.0]"
362,"[0.0, 0.0, 0.0, 0.0, 1.0, 2.2, 3.614214, 5.214214, 7.014214, 7.814214, 8.414214, 8.6, 8.4, 8.0, 7.219804, 6.244425, 5.091639, 3.891639, 2.691639, 2.119048, 2.119048, 2.888387, 4.300839, 5.900839, 7.453625, 8.829004, 9.812452, 10.4, 10.8, 11.0, 8.8, 8.0, 6.8, 4.8, 2.6, 3.2, 3.0, 3.8, 5.8, 8.2, 10.4, 12.0, 13.2, 14.0, 14.2, 13.8, 13.0, 11.8, 9.8, 7.6, 5.2, 3.647214, 2.924247, 3.768155, 5.648506, 8.56055, 11.606186, 10.529154, 8.685245, 6.404894, 3.49285, 0.0, 0.0, 0.0]"
363,"[0.0, 0.0, 0.0, 0.0, 1.0, 2.280625, 3.722845, 5.335297, 7.124151, 7.913006, 8.421235, 8.591466, 8.421235, 7.913006, 7.124151, 6.183825, 5.203829, 4.161609, 3.163826, 2.763826, 2.915298, 3.482843, 4.682843, 6.211077, 7.650685, 8.931036, 10.011387, 10.691737, 11.161011, 11.161011, 8.88066, 8.00031, 6.519959, 4.639608, 3.0, 3.565685, 3.331876, 4.252341, 6.088409, 8.194402, 10.407205, 12.193979, 13.426479, 13.9689, 14.070588, 13.798092, 12.999193, 11.65868, 9.957224, 7.949543, 5.44355, 3.92194, 3.309488, 3.952921, 5.76124, 8.603774, 11.377195, 10.377195, 8.65673, 6.248411, 3.405877, 0.0, 0.0, 0.0]"
364,"[0.0, 0.0, 0.0, 0.0, 0.8, 1.8, 3.0, 4.4, 6.0, 6.8, 7.4, 7.6, 7.4, 7.0, 6.4, 5.432456, 4.315298, 3.315298, 2.515298, 2.236408, 2.603953, 3.662751, 5.171552, 6.859613, 8.418854, 9.892717, 11.219409, 12.178941, 12.811174, 12.811174, 10.337311, 9.192132, 7.600833, 5.446224, 3.365873, 3.765873, 3.242718, 3.765685, 5.2, 7.4, 9.6, 11.4, 12.8, 13.6, 14.0, 13.6, 12.8, 11.4, 9.4, 6.8, 4.8, 3.4, 3.016553, 4.25616, 6.724493, 9.822978, 12.910795, 11.694243, 9.654635, 6.986302, 3.687818, 0.0, 0.0, 0.0]"
365,"[0.0, 0.0, 0.0, 0.0, 1.019804, 2.475826, 4.184627, 5.973481, 7.943253, 8.89322, 9.40697, 9.40697, 9.326916, 8.813167, 8.108306, 7.158338, 6.249538, 5.106422, 4.282856, 4.017945, 4.263052, 5.075504, 6.396614, 8.04451, 9.452829, 10.749167, 11.82744, 12.631369, 12.912268, 12.912268, 10.351018, 9.380758, 7.856224, 5.894974, 3.769498, 4.594119, 4.215295, 4.935901, 6.616252, 8.894659, 11.194137, 12.976597, 14.345564, 15.189313, 15.470598, 14.907748, 14.063999, 12.652143, 10.808668, 8.687245, 6.125995, 4.566754, 4.246, 5.024501, 6.986672, 10.386672, 13.512639, 11.989484, 9.930358, 7.247077, 3.847077, 0.0, 0.0, 0.0]"
366,"[0.0, 0.0, 0.0, 0.0, 1.0, 2.216553, 3.630766, 5.280008, 6.929251, 7.773159, 8.205849, 8.440878, 8.205849, 7.970821, 7.126912, 6.277669, 5.228427, 4.097056, 2.882843, 2.282843, 2.203953, 2.735324, 3.894702, 5.415167, 6.901963, 8.239979, 9.344676, 10.319064, 10.93098, 11.10331, 9.044184, 8.088741, 6.393242, 4.343704, 2.484578, 3.084578, 2.880986, 3.868676, 5.7399, 7.956509, 10.220073, 12.273535, 13.69523, 14.587473, 15.034428, 14.676857, 13.516133, 12.094439, 9.942557, 7.361835, 4.855842, 3.486071, 2.77727, 3.682843, 5.808319, 9.014563, 12.036717, 11.036717, 9.236717, 6.828398, 3.622154, 0.0, 0.0, 0.0]"
367,"[0.0, 0.0, 0.0, 0.0, 1.0, 2.216553, 3.630766, 5.280008, 7.123917, 7.967826, 8.400516, 8.442324, 8.207296, 7.7776, 6.933691, 6.084449, 5.228427, 4.097056, 2.882843, 2.330056, 2.251167, 2.782537, 3.941915, 5.354367, 6.793949, 8.131965, 9.236662, 10.211051, 10.834667, 10.834667, 8.775541, 7.820098, 6.124599, 4.171374, 2.484578, 2.884578, 2.623757, 3.611447, 5.298376, 7.514985, 9.97855, 11.91171, 13.333405, 14.409942, 14.856897, 14.499326, 13.605487, 12.087444, 10.207325, 7.790974, 5.484982, 4.025856, 3.413404, 4.047214, 5.809072, 8.635621, 11.657775, 10.657775, 8.857775, 6.648703, 3.622154, 0.0, 0.0, 0.0]"
368,"[0.0, 0.0, 0.0, 0.0, 0.894427, 2.060618, 3.502838, 5.064888, 6.626938, 7.294561, 7.69042, 7.662413, 7.380988, 6.985129, 6.500112, 5.762683, 4.948469, 4.267844, 3.66734, 3.414928, 3.790307, 4.790307, 5.990307, 7.424621, 8.809072, 9.818144, 10.626463, 11.259568, 11.667887, 11.667887, 9.458815, 8.650496, 7.417391, 5.609072, 3.4, 3.847214, 3.247214, 3.447214, 4.847214, 7.047214, 9.207681, 11.007681, 12.407681, 13.207681, 13.607681, 13.2, 12.4, 11.0, 9.0, 6.6, 4.4, 3.2, 3.2, 4.4, 6.6, 9.8, 12.8, 11.4, 9.4, 7.0, 3.8, 0.0, 0.0, 0.0]"
369,"[0.0, 0.0, 0.0, 0.0, 0.848528, 1.979899, 3.394113, 4.956162, 6.518212, 7.231734, 7.662413, 7.69042, 7.408995, 6.978316, 6.416266, 5.575326, 4.733106, 4.052481, 3.486796, 3.381223, 3.876665, 4.889117, 6.089117, 7.523431, 8.829004, 9.812452, 10.6, 11.2, 11.6, 11.6, 9.4, 8.6, 7.4, 5.6, 3.4, 3.6, 3.0, 3.2, 4.4, 6.6, 9.0, 10.6, 12.0, 13.0, 13.2, 12.8, 12.2, 11.0, 9.0, 6.8, 4.8, 3.6, 3.4, 4.6, 6.8, 9.8, 12.6, 11.2, 9.2, 6.8, 3.6, 0.0, 0.0, 0.0]"
370,"[0.0, 0.0, 0.0, 0.0, 1.0, 2.2, 3.614214, 5.226665, 7.026665, 7.837742, 8.237742, 8.423529, 8.225291, 7.625291, 6.834017, 6.058639, 4.905852, 3.691639, 2.691639, 2.071835, 2.047214, 2.8, 4.2, 5.8, 7.4, 9.0, 10.208319, 11.041424, 11.649743, 11.858815, 9.458815, 8.450496, 7.017391, 5.009072, 2.8, 3.247214, 2.867017, 3.51626, 5.155868, 7.588973, 10.005323, 11.849083, 13.304676, 14.369903, 14.800363, 14.410662, 13.586705, 12.094322, 10.009291, 7.545727, 5.071863, 3.664711, 3.332884, 4.156989, 6.302574, 9.413844, 12.469206, 11.188581, 9.344672, 6.799088, 3.687818, 0.0, 0.0, 0.0]"
371,"[0.0, 0.0, 0.0, 0.0, 1.019804, 2.284715, 3.740737, 5.529591, 7.238392, 8.007443, 8.451332, 8.607762, 8.342062, 7.898172, 7.129122, 6.220321, 5.20787, 3.884715, 2.819804, 2.2, 2.12111, 2.801735, 4.015949, 5.536414, 7.136414, 8.578634, 9.63039, 10.548557, 11.160473, 11.323804, 9.160473, 8.108717, 6.624865, 4.575326, 2.611996, 3.211996, 3.196282, 4.056555, 5.927778, 8.327778, 10.591342, 12.37274, 13.710249, 14.602492, 15.048801, 14.601846, 13.709603, 12.372094, 10.220212, 7.621117, 5.204507, 3.650442, 2.941641, 3.847214, 5.8, 9.0, 11.8, 10.8, 9.0, 6.6, 3.4, 0.0, 0.0, 0.0]"
372,"[0.0, 0.0, 0.0, 0.0, 1.0, 2.216553, 3.829004, 5.478246, 7.322155, 8.166064, 8.598754, 8.635545, 8.442324, 8.012629, 7.16872, 6.319478, 5.270236, 4.097056, 2.882843, 2.330056, 2.378584, 2.909955, 4.069333, 5.481785, 6.823425, 8.210965, 9.496204, 10.470592, 11.094209, 11.275126, 9.039058, 7.788639, 6.220558, 4.267333, 2.497561, 3.097561, 2.951175, 3.811447, 5.682671, 7.89928, 10.084957, 11.850831, 13.18834, 14.007487, 14.190878, 13.82181, 13.005904, 11.668395, 9.772214, 7.619428, 5.202819, 3.833047, 3.124247, 3.847214, 5.6, 8.6, 11.4, 10.4, 8.6, 6.4, 3.4, 0.0, 0.0, 0.0]"
373,"[0.0, 0.0, 0.0, 0.0, 1.0, 2.280625, 3.893076, 5.505528, 7.294382, 8.083237, 8.523077, 8.69948, 8.69948, 8.19125, 7.568586, 6.696649, 5.54025, 4.327799, 3.330017, 2.61104, 2.562512, 3.130056, 4.330056, 6.047214, 7.6, 9.009072, 10.217391, 11.02571, 11.22571, 11.42571, 9.216638, 8.208319, 6.6, 4.6, 2.6, 3.047214, 2.863766, 3.907675, 5.943743, 8.217606, 10.633957, 12.443954, 13.626594, 14.218953, 14.375679, 13.94522, 13.127743, 11.713645, 10.101771, 8.071181, 5.638076, 3.876218, 3.480319, 4.161133, 5.902073, 8.68775, 11.658138, 10.441586, 8.544219, 6.203279, 3.417601, 0.0, 0.0, 0.0]"
374,"[0.0, 0.0, 0.0, 0.0, 0.894427, 2.159338, 3.61536, 5.264602, 6.913845, 7.66866, 8.052991, 8.246211, 8.011183, 7.578493, 7.006284, 6.251468, 5.167912, 4.153698, 3.337146, 2.707326, 2.707326, 3.406552, 4.462574, 5.906483, 7.469244, 8.810885, 9.755046, 10.508096, 10.87326, 10.902892, 8.666824, 7.913774, 6.529323, 4.603094, 2.763486, 3.363486, 3.107464, 4.082843, 6.0, 8.2, 10.207681, 11.814815, 12.821949, 13.429082, 13.636763, 13.238154, 12.640093, 11.445411, 9.838277, 7.830596, 5.621524, 3.812452, 3.4, 4.0, 5.6, 8.4, 11.2, 10.0, 8.2, 6.0, 3.2, 0.0, 0.0, 0.0]"
375,"[0.0, 0.0, 0.0, 0.0, 1.280625, 2.694838, 4.391895, 6.371794, 8.351693, 9.050967, 9.616652, 9.763505, 9.480662, 9.062813, 8.363539, 7.460673, 6.441385, 5.144329, 4.029493, 3.573489, 3.573489, 4.090508, 5.410974, 6.943659, 8.381779, 9.713065, 10.932674, 11.902934, 12.484285, 12.347572, 9.939253, 8.940054, 7.529954, 5.601159, 3.922344, 4.722344, 4.616316, 5.233058, 6.941542, 9.280006, 11.711105, 13.486182, 15.006417, 16.083078, 16.459678, 16.014257, 15.124098, 13.676268, 11.523578, 9.082411, 6.696733, 5.204321, 4.57619, 5.465345, 7.464529, 10.363013, 13.443862, 12.102221, 9.948155, 7.227861, 3.929377, 0.0, 0.0, 0.0]"
376,"[0.0, 0.0, 0.0, 0.0, 1.0, 2.2, 3.614214, 5.226665, 6.839117, 7.488359, 7.90081, 7.90081, 7.702572, 7.290121, 6.640879, 5.828427, 4.814214, 3.682843, 2.882843, 2.515298, 2.563826, 3.330017, 4.388815, 5.697616, 6.962527, 8.20206, 9.31622, 10.210647, 10.782198, 10.972892, 8.884831, 8.060502, 6.718861, 4.721353, 3.033292, 3.665747, 3.426278, 4.144302, 6.070532, 8.278213, 10.652416, 12.442523, 13.836731, 14.654208, 14.853661, 14.25532, 13.457733, 12.063526, 10.236976, 8.029843, 5.821524, 4.059665, 3.447214, 3.967679, 5.648029, 8.421243, 11.379907, 10.379907, 8.659442, 6.379091, 3.405877, 0.0, 0.0, 0.0]"
377,"[0.0, 0.0, 0.0, 0.0, 0.848528, 1.848528, 2.848528, 4.290749, 5.732969, 6.326662, 6.768882, 7.110523, 6.834493, 6.392272, 5.79858, 4.922045, 3.980404, 3.014214, 2.414214, 2.365685, 2.8, 3.814214, 5.425291, 7.064898, 8.545249, 9.886189, 10.812916, 11.342779, 11.644111, 11.644111, 9.303171, 8.574682, 7.233742, 5.492802, 3.212452, 3.495294, 2.77727, 3.233292, 4.530658, 6.684724, 8.742822, 10.378217, 11.522195, 12.15465, 12.341524, 12.341524, 11.655611, 10.320522, 8.5907, 6.64976, 4.50882, 3.386021, 3.401735, 4.601735, 6.922029, 9.833299, 12.673088, 11.392463, 9.392463, 6.672169, 3.560899, 0.0, 0.0, 0.0]"
378,"[0.0, 0.0, 0.0, 0.0, 0.824621, 1.901654, 3.166565, 4.622587, 6.271829, 7.096451, 7.47544, 7.66655, 7.47544, 6.846001, 6.091186, 5.20085, 4.192041, 3.32713, 2.75454, 2.581223, 3.09257, 4.05957, 5.272022, 6.824808, 8.303698, 9.626665, 10.812452, 11.8, 12.4, 12.6, 10.2, 9.2, 7.816553, 5.849008, 3.649008, 4.096222, 3.516026, 3.713687, 5.091206, 7.299525, 9.459992, 11.240189, 12.625975, 13.423134, 13.622496, 13.414815, 12.414815, 11.214815, 9.207681, 6.8, 4.4, 3.232456, 2.897367, 3.994733, 6.324555, 9.62304, 12.534593, 11.269682, 9.372316, 6.842494, 3.544009, 0.0, 0.0, 0.0]"
379,"[0.0, 0.0, 0.0, 0.0, 0.8, 1.8, 3.2, 4.6, 6.2, 7.0, 7.6, 7.6, 7.6, 7.0, 6.4, 5.4, 4.2, 3.0, 2.447214, 2.012899, 2.307326, 3.448967, 4.957768, 6.407921, 8.122586, 9.50851, 10.640732, 11.405795, 11.982292, 11.982292, 9.701941, 8.6841, 7.034857, 5.008208, 2.727857, 3.327857, 2.871835, 3.696456, 5.28885, 7.569201, 9.637534, 11.549578, 12.812379, 13.493066, 13.933009, 13.738539, 12.914557, 11.267424, 9.441557, 7.168477, 4.894613, 3.406552, 3.541641, 4.647214, 7.0, 10.0, 13.0, 11.6, 9.6, 6.8, 3.6, 0.0, 0.0, 0.0]"
380,"[0.0, 0.0, 0.0, 0.0, 0.72111, 1.72111, 3.001735, 4.415949, 5.977999, 6.818938, 7.233152, 7.366741, 7.233152, 6.802473, 6.240423, 5.391895, 4.377681, 3.297056, 2.365685, 1.965685, 2.224621, 2.990812, 4.233032, 5.753497, 7.153497, 8.454905, 9.697034, 10.663132, 11.223018, 11.349047, 9.223018, 8.095324, 6.581432, 4.701081, 2.575052, 3.022266, 2.873012, 3.392798, 4.836707, 7.245026, 9.488537, 11.1997, 12.7587, 13.743219, 13.896149, 13.613744, 12.615118, 11.084125, 9.255698, 7.141662, 4.733343, 3.489434, 3.461427, 4.358794, 6.441402, 9.414616, 12.232218, 10.818004, 8.920637, 6.390815, 3.417601, 0.0, 0.0, 0.0]"
381,"[0.0, 0.0, 0.0, 0.0, 0.824621, 1.844425, 3.109336, 4.565358, 6.088513, 6.787046, 7.290397, 7.481508, 7.290397, 6.787046, 6.063892, 5.140737, 3.884715, 2.619804, 2.0, 1.647214, 1.895742, 2.976367, 4.588818, 6.075614, 7.687527, 9.075067, 10.394442, 11.38199, 11.911803, 12.088745, 9.852677, 8.865129, 7.159556, 5.025789, 2.789721, 3.189721, 2.597074, 3.158669, 4.773192, 7.114132, 9.49981, 11.34357, 12.751113, 13.639424, 13.898484, 13.529415, 12.563218, 11.041294, 9.150044, 6.997257, 4.780648, 3.483282, 3.741641, 5.047214, 7.4, 10.4, 13.4, 11.8, 9.6, 6.8, 3.6, 0.0, 0.0, 0.0]"
382,"[0.0, 0.0, 0.0, 0.0, 0.72111, 1.887301, 3.228941, 4.671162, 6.283613, 7.124553, 7.400583, 7.501163, 7.400583, 6.788132, 6.120509, 5.278288, 4.236068, 3.094427, 2.294427, 2.0, 2.419804, 3.185994, 4.598446, 6.118911, 7.64494, 8.905487, 10.147616, 10.943483, 11.631337, 11.631337, 9.350986, 8.223292, 6.7094, 4.701081, 2.575052, 3.140737, 2.860113, 3.407906, 4.894702, 7.227083, 9.269078, 11.153519, 12.764166, 13.761811, 14.207919, 13.932619, 13.107304, 11.577591, 9.587577, 7.209089, 4.876708, 3.450037, 3.093073, 3.919111, 5.960422, 9.084522, 12.139884, 10.973694, 9.253229, 6.811918, 3.687818, 0.0, 0.0, 0.0]"
383,"[0.0, 0.0, 0.0, 0.0, 1.0, 2.2, 3.614214, 5.226665, 6.875907, 7.52515, 7.974392, 7.974392, 7.776154, 7.326912, 6.877669, 6.028427, 5.014214, 3.882843, 3.282843, 2.882843, 3.102647, 3.868837, 5.148044, 6.391953, 7.571852, 8.81479, 10.056918, 10.903187, 11.467597, 11.613728, 9.350986, 8.356881, 6.842989, 4.83467, 2.708641, 3.308641, 2.97146, 3.865887, 5.525013, 7.857394, 9.977688, 11.620949, 12.552389, 13.213557, 13.601471, 13.213557, 12.380059, 11.101986, 9.276119, 6.955825, 4.623444, 3.136648, 2.959338, 3.853765, 5.870375, 8.648863, 11.473767, 10.208855, 8.420001, 6.003392, 3.224903, 0.0, 0.0, 0.0]"
384,"[0.0, 0.0, 0.0, 0.0, 0.894427, 2.060618, 3.502838, 5.064888, 6.626938, 7.294561, 7.69042, 7.81025, 7.528825, 7.132965, 6.570915, 5.833486, 4.871436, 3.990812, 3.390307, 3.214928, 3.590307, 4.590307, 5.990307, 7.424621, 8.809072, 9.84514, 10.653459, 11.286564, 11.694883, 11.685811, 9.449743, 8.641424, 7.408319, 5.6, 3.4, 3.6, 2.8, 3.2, 4.6, 6.8, 9.2, 11.0, 12.2, 12.8, 13.0, 12.6, 11.8, 10.6, 8.8, 6.6, 4.6, 3.6, 3.2, 4.4, 6.6, 9.6, 12.4, 11.2, 9.2, 6.8, 3.6, 0.0, 0.0, 0.0]"
385,"[0.0, 0.0, 0.0, 0.0, 0.894427, 2.175052, 3.617273, 5.179322, 6.876379, 7.679008, 8.095439, 8.215269, 8.067432, 7.536566, 6.83951, 6.036881, 5.074831, 4.060618, 3.17727, 2.77727, 2.682843, 3.299395, 4.355417, 5.721817, 7.091588, 8.26136, 9.280875, 10.060921, 10.565745, 10.565745, 8.595973, 7.624817, 6.188749, 4.234683, 2.464911, 3.030596, 2.931876, 3.744327, 5.707658, 8.013651, 10.40093, 12.187704, 13.528217, 14.317851, 14.49514, 13.958785, 12.975592, 11.635078, 9.759147, 7.475865, 5.059256, 3.536698, 2.924247, 3.691122, 5.571473, 8.544687, 11.503351, 10.503351, 8.659442, 6.379091, 3.405877, 0.0, 0.0, 0.0]"
386,"[0.0, 0.0, 0.0, 0.0, 1.0, 2.16619, 3.608411, 5.220862, 7.009717, 7.798571, 8.244832, 8.415063, 8.144253, 7.521589, 6.732734, 5.841393, 4.828941, 3.887301, 3.286796, 3.111417, 3.606859, 4.606859, 6.206859, 7.841174, 9.416553, 10.807681, 12.014815, 13.021474, 13.628608, 13.636927, 11.029246, 9.822112, 8.015453, 5.840774, 3.432456, 3.879669, 3.356702, 3.865503, 5.513398, 7.987262, 10.403612, 12.582343, 14.172027, 15.190161, 15.628341, 15.43311, 14.216954, 12.530921, 10.25224, 7.540196, 4.871863, 3.656877, 3.386066, 4.425388, 7.088952, 10.581802, 13.782103, 12.440462, 10.381336, 7.517772, 4.024922, 0.0, 0.0, 0.0]"
387,"[0.0, 0.0, 0.0, 0.0, 0.848528, 1.979899, 3.394113, 4.808326, 6.505382, 7.353911, 7.78459, 7.78459, 7.78459, 7.218904, 6.521848, 5.592254, 4.57804, 3.363826, 2.432456, 2.032456, 2.4, 3.216553, 4.539707, 6.048508, 7.507634, 8.743702, 9.85953, 10.842368, 11.550177, 11.550177, 9.314109, 8.246639, 6.565267, 4.548658, 2.489532, 2.936746, 2.748868, 3.633047, 5.387113, 7.987113, 10.325577, 12.221758, 13.486171, 14.305319, 14.490997, 14.046259, 12.970412, 11.64644, 9.69303, 7.307353, 4.966413, 3.51626, 2.998388, 3.822493, 5.830812, 8.954912, 12.068597, 10.937226, 9.093318, 6.684999, 3.560899, 0.0, 0.0, 0.0]"
388,"[0.0, 0.0, 0.0, 0.0, 1.0, 2.131371, 3.545584, 5.266049, 6.986515, 7.70698, 8.296074, 8.602325, 8.324081, 7.884241, 7.163775, 6.164421, 5.043956, 4.201735, 3.486796, 3.5066, 4.002042, 5.002042, 6.402042, 8.036356, 9.424871, 10.808319, 12.015453, 12.822586, 13.422586, 13.614268, 11.014268, 9.807134, 8.2, 6.0, 3.4, 3.847214, 3.267017, 3.71626, 5.325332, 7.933013, 10.512349, 12.717448, 14.293109, 15.308939, 15.727808, 15.308939, 14.284036, 12.859133, 10.63423, 7.807681, 5.2, 3.8, 3.216553, 4.304614, 6.824908, 10.317758, 13.640863, 12.424311, 10.33625, 7.615955, 4.123106, 0.0, 0.0, 0.0]"
389,"[0.0, 0.0, 0.0, 0.0, 0.72111, 1.72111, 3.001735, 4.415949, 5.830162, 6.671102, 7.085315, 7.218904, 6.936061, 6.521848, 5.680908, 4.866695, 3.852481, 3.003953, 2.403953, 2.482843, 2.902647, 4.025801, 5.451759, 7.110885, 8.474216, 9.895723, 10.98025, 11.832699, 12.214884, 12.383934, 9.942623, 8.947393, 7.463176, 5.621865, 3.289485, 3.689485, 3.077033, 3.414214, 4.658122, 6.920864, 9.211589, 11.040016, 12.45423, 13.301046, 13.583888, 13.155905, 12.171387, 10.757173, 8.787559, 6.441974, 4.379233, 3.359945, 3.210642, 4.386899, 6.603508, 9.634607, 12.486941, 11.22203, 9.324663, 6.908054, 3.676955, 0.0, 0.0, 0.0]"
390,"[0.0, 0.0, 0.0, 0.0, 0.824621, 1.901654, 3.166565, 4.68972, 6.212874, 6.911408, 7.35753, 7.615773, 7.35753, 6.911408, 6.212874, 5.28972, 4.166565, 2.901654, 2.024621, 1.832456, 2.126883, 3.007508, 4.569558, 6.349456, 7.84303, 9.356922, 10.637547, 11.636746, 12.065166, 12.065166, 9.656847, 8.509811, 6.948562, 4.823085, 2.697056, 3.14427, 2.730056, 3.292106, 4.989163, 7.251904, 9.633118, 11.461545, 12.872709, 13.866023, 14.294007, 13.873898, 12.88938, 11.478216, 9.505003, 7.261491, 4.853172, 3.609264, 3.312125, 4.281896, 6.434683, 9.565178, 12.542887, 11.277975, 9.308204, 6.708204, 3.577709, 0.0, 0.0, 0.0]"
391,"[0.0, 0.0, 0.0, 0.0, 1.0, 2.216553, 3.672574, 5.321817, 7.030617, 7.739418, 8.231666, 8.298799, 8.105579, 7.661689, 6.952888, 6.044088, 5.120933, 4.112125, 3.447214, 3.247214, 3.447214, 4.112125, 5.373712, 6.743483, 8.002609, 9.33499, 10.51139, 11.243901, 11.60651, 11.710715, 9.378334, 8.460177, 7.03867, 5.306289, 3.142959, 3.590172, 3.198388, 3.740634, 5.140634, 7.473015, 9.746096, 11.335019, 12.493263, 13.213557, 13.488857, 13.100944, 12.267446, 10.989373, 9.269078, 6.94424, 4.611859, 3.357519, 3.081489, 3.925398, 6.203804, 9.046339, 11.81976, 10.65357, 8.809661, 6.248411, 3.405877, 0.0, 0.0, 0.0]"
392,"[0.0, 0.0, 0.0, 0.0, 0.8, 2.016553, 3.430766, 5.030766, 6.643218, 7.443218, 7.826665, 7.812452, 7.412452, 7.0, 6.224621, 5.257077, 4.139919, 3.339919, 2.587133, 2.483622, 3.017357, 4.190536, 5.439778, 7.032173, 8.520135, 9.961625, 11.113284, 12.264042, 12.832115, 12.832115, 10.224434, 9.229205, 7.645757, 5.759187, 3.750114, 4.197328, 3.60468, 4.000579, 5.279469, 7.479469, 9.832255, 11.619585, 13.013793, 13.820927, 14.020927, 13.420927, 12.623768, 11.217109, 9.209975, 7.009975, 4.809975, 3.4, 3.064911, 4.162278, 6.362278, 9.593377, 12.670332, 11.405421, 9.508054, 6.908054, 3.676955, 0.0, 0.0, 0.0]"
393,"[0.0, 0.0, 0.0, 0.0, 0.8, 2.0, 3.2, 4.8, 6.4, 7.2, 7.6, 7.8, 7.6, 7.0, 6.2, 5.2, 4.0, 2.8, 2.247214, 2.012899, 2.307326, 3.372237, 4.881038, 6.521886, 8.236551, 9.775229, 10.943423, 11.865211, 12.210255, 12.363009, 9.929904, 9.146042, 7.340073, 5.354182, 2.921077, 3.321077, 2.691639, 3.479469, 5.071863, 7.504968, 9.773301, 11.617061, 12.868174, 13.69213, 13.927358, 13.539376, 12.763873, 11.16522, 9.32146, 6.93597, 4.655619, 3.167558, 3.302647, 4.282843, 6.8, 10.006244, 13.006244, 11.606244, 9.606244, 6.806244, 3.6, 0.0, 0.0, 0.0]"
394,"[0.0, 0.0, 0.0, 0.0, 0.894427, 2.060618, 3.402258, 5.01471, 6.803564, 7.697991, 8.144253, 8.325766, 8.054956, 7.432292, 6.537865, 5.491098, 4.250786, 3.109146, 2.142955, 1.848528, 2.282843, 3.4, 4.812452, 6.45636, 7.895968, 9.176319, 10.05667, 10.974041, 11.603995, 11.652449, 9.372098, 8.50596, 6.976138, 4.902275, 2.814214, 3.261427, 2.867017, 3.51626, 5.204321, 7.678184, 10.143015, 12.228046, 13.683639, 14.507621, 14.945802, 14.507621, 13.490848, 11.998464, 10.106224, 7.59418, 5.120317, 3.597941, 3.266114, 4.090219, 6.235804, 9.235804, 12.390333, 11.109708, 9.265799, 6.720215, 3.720215, 0.0, 0.0, 0.0]"
395,"[0.0, 0.0, 0.0, 0.0, 1.019804, 2.236356, 3.692378, 5.341621, 6.954072, 7.54672, 7.97941, 8.135839, 7.90081, 7.504911, 6.912264, 5.895477, 4.730239, 3.516026, 2.582316, 2.009725, 2.17727, 2.930056, 4.330056, 5.847214, 7.4, 8.809072, 10.017391, 10.82571, 11.42571, 11.42571, 9.216638, 8.208319, 6.8, 4.6, 2.6, 3.2, 2.819804, 3.432255, 5.441328, 7.849647, 10.05678, 12.043636, 13.637428, 14.435015, 14.83383, 14.435015, 13.438331, 11.832087, 9.825428, 7.418294, 5.009975, 3.565685, 2.965685, 3.68615, 5.618531, 8.571496, 11.583519, 10.583519, 8.863054, 6.530673, 3.577709, 0.0, 0.0, 0.0]"
396,"[0.0, 0.0, 0.0, 0.0, 0.894427, 2.159338, 3.61536, 5.264602, 7.108511, 7.863326, 8.247658, 8.440878, 8.247658, 7.66866, 7.096451, 6.168319, 4.96629, 3.910268, 3.09257, 2.581223, 2.684734, 3.454073, 4.666524, 6.030388, 7.464702, 8.840081, 10.023529, 10.811077, 11.2, 11.4, 9.2, 8.2, 6.624621, 4.707464, 2.707464, 3.307464, 3.107464, 3.895294, 5.812452, 8.02077, 10.227904, 12.027904, 13.415453, 14.215453, 14.607134, 14.4, 13.609072, 12.209072, 10.209072, 8.009072, 5.409072, 3.647214, 3.263766, 3.913008, 5.593359, 8.505403, 11.4108, 10.194248, 8.545006, 6.264655, 3.352611, 0.0, 0.0, 0.0]"
397,"[0.0, 0.0, 0.0, 0.0, 0.894427, 1.894427, 3.175052, 4.589266, 6.286322, 6.953945, 7.515995, 7.649583, 7.366741, 6.801055, 6.239005, 5.501576, 4.687363, 3.955992, 3.271835, 3.071835, 3.247214, 4.047214, 5.259665, 6.65636, 7.944422, 9.224773, 10.354595, 11.271965, 11.90192, 12.094209, 9.813858, 8.896488, 7.366666, 5.292802, 3.012452, 3.459665, 2.695742, 3.137962, 4.797088, 7.129469, 9.365537, 11.380573, 12.801917, 13.606355, 13.873974, 13.426761, 12.352051, 11.011641, 8.869187, 6.55203, 4.315962, 2.974321, 2.582537, 3.705336, 5.983743, 8.983743, 12.097428, 10.966057, 9.122148, 6.560899, 3.560899, 0.0, 0.0, 0.0]"
398,"[0.0, 0.0, 0.0, 0.0, 0.8, 1.8, 3.2, 4.6, 6.2, 7.0, 7.6, 7.6, 7.4, 6.8, 6.0, 5.0, 3.882843, 2.882843, 2.165685, 1.998141, 2.417945, 3.549316, 4.961767, 6.6889, 8.256444, 9.63664, 10.822427, 11.809975, 12.2, 12.2, 9.8, 8.8, 7.2, 5.2, 3.0, 3.4, 2.8, 3.2, 4.8, 7.2, 9.6, 11.4, 13.0, 13.8, 14.0, 13.6, 12.8, 11.2, 9.4, 7.2, 5.0, 3.632456, 3.646669, 4.73473, 7.003063, 9.907898, 12.768292, 11.354079, 9.266018, 6.597685, 3.49285, 0.0, 0.0, 0.0]"
399,"[0.0, 0.0, 0.0, 0.0, 0.72111, 1.72111, 3.001735, 4.28236, 5.84441, 6.68535, 7.2474, 7.2474, 7.2474, 6.68535, 5.971828, 4.975463, 4.094838, 3.014214, 2.461427, 2.412899, 3.047214, 4.047214, 5.647214, 7.209975, 8.619047, 9.655115, 10.68822, 11.321325, 11.520422, 11.520422, 9.284354, 8.451249, 7.018144, 5.209072, 3.0, 3.4, 2.8, 3.4, 5.0, 7.2, 9.2, 11.0, 12.2, 13.0, 13.2, 13.0, 12.2, 10.8, 9.0, 7.0, 5.0, 3.632456, 3.646669, 4.686277, 6.916866, 9.776278, 12.79348, 11.379266, 9.339659, 6.709069, 3.649658, 0.0, 0.0, 0.0]"
400,"[0.0, 0.0, 0.0, 0.0, 1.019804, 2.284715, 3.80787, 5.331024, 7.119879, 7.888929, 8.412872, 8.502169, 8.320655, 7.873442, 7.16162, 6.197387, 5.184936, 4.243295, 3.301654, 2.824621, 2.824621, 3.489532, 4.612687, 6.001541, 7.288337, 8.627047, 9.803447, 10.443623, 10.8181, 10.990429, 8.827099, 7.650699, 6.119823, 4.156493, 2.297367, 2.863052, 2.764331, 3.744327, 5.603453, 7.909446, 10.12225, 11.909024, 13.075061, 13.794424, 13.794424, 13.432544, 12.633646, 11.467608, 9.766152, 7.892615, 5.476006, 3.604783, 3.069364, 3.712796, 5.412721, 8.133016, 11.012451, 9.935418, 8.214953, 5.882572, 3.162278, 0.0, 0.0, 0.0]"
401,"[0.0, 0.0, 0.0, 0.0, 0.8, 1.8, 3.0, 4.4, 6.0, 6.8, 7.4, 7.6, 7.6, 7.0, 6.2, 5.2, 4.0, 2.8, 2.082843, 1.848528, 2.142955, 3.207866, 4.716667, 6.331191, 7.853567, 9.239491, 10.642912, 11.407975, 11.984472, 12.176761, 9.89641, 8.87732, 7.228078, 5.201428, 2.921077, 3.321077, 2.691639, 3.323039, 4.915434, 7.195785, 9.516079, 11.408319, 12.864341, 13.736777, 13.986248, 13.546305, 12.531627, 10.961224, 8.943608, 6.860999, 4.580648, 3.283282, 3.341641, 4.447214, 6.6, 9.8, 12.8, 11.4, 9.4, 6.8, 3.6, 0.0, 0.0, 0.0]"
402,"[0.0, 0.0, 0.0, 0.0, 0.894427, 2.236068, 3.678288, 5.29074, 7.177536, 8.003574, 8.382398, 8.660643, 8.490412, 7.945256, 7.301824, 6.40598, 5.285515, 4.243295, 3.101654, 2.624621, 2.6, 3.077033, 4.018674, 5.431125, 6.717922, 7.917922, 9.121239, 10.187918, 10.701495, 10.814699, 8.814699, 7.875989, 6.292291, 4.366262, 2.566262, 3.013476, 2.803206, 3.675641, 5.45554, 7.801124, 10.182338, 12.162237, 13.438394, 14.431709, 14.714552, 14.294443, 13.309203, 12.033045, 10.059831, 7.678618, 5.270299, 3.54427, 2.924247, 3.447401, 5.236256, 8.18922, 11.366929, 10.289896, 8.766741, 6.530673, 3.577709, 0.0, 0.0, 0.0]"
403,"[0.0, 0.0, 0.0, 0.0, 1.0, 2.4, 4.0, 5.8, 7.6, 8.4, 8.8, 8.8, 8.4, 8.0, 7.4, 6.4, 5.2, 4.082843, 2.882843, 2.248528, 2.342955, 3.207866, 4.381046, 6.024955, 7.498877, 8.813522, 9.95693, 10.934013, 11.523209, 11.493576, 9.284504, 8.290399, 6.681915, 4.531653, 2.521677, 3.121677, 2.907464, 3.882843, 5.8, 8.4, 10.8, 12.806244, 14.212488, 15.012488, 15.412488, 14.820807, 13.823635, 12.428468, 10.428468, 7.828468, 5.420149, 3.658291, 2.924247, 3.633047, 5.573987, 8.678822, 11.58422, 10.507187, 8.798386, 6.457446, 3.352611, 0.0, 0.0, 0.0]"
404,"[0.0, 0.0, 0.0, 0.0, 0.848528, 2.129153, 3.571373, 5.183825, 6.796277, 7.736603, 8.176443, 8.176443, 8.006212, 7.674385, 6.885531, 6.013594, 5.203829, 4.161609, 3.163826, 2.763826, 2.915298, 3.482843, 4.482843, 5.812452, 7.05636, 8.144422, 9.224773, 10.105123, 10.773023, 10.968722, 8.88066, 8.014523, 6.534172, 4.653821, 2.814214, 3.379899, 3.131876, 3.944327, 5.603453, 7.909446, 10.207325, 11.904699, 13.338557, 14.142995, 14.500566, 14.053611, 13.344113, 11.910255, 10.066495, 7.802931, 5.386321, 3.632255, 2.868332, 3.545584, 5.071614, 7.900041, 10.894153, 10.045625, 8.348569, 6.22254, 3.394113, 0.0, 0.0, 0.0]"
405,"[0.0, 0.0, 0.0, 0.0, 0.8, 1.819804, 3.036356, 4.492378, 5.9484, 6.604422, 7.04064, 7.088999, 6.84953, 6.413311, 5.957289, 5.101267, 4.236356, 3.219804, 2.8, 2.432456, 2.832456, 3.846669, 5.208719, 6.608719, 8.139594, 9.580905, 10.774373, 11.820004, 12.427685, 12.427685, 9.986374, 8.940743, 7.464433, 5.577862, 3.414531, 3.814531, 3.052481, 3.377132, 4.553389, 6.894329, 9.094329, 11.157893, 12.487548, 13.37586, 13.820597, 13.374663, 12.408465, 11.145942, 8.99272, 6.207043, 4.252977, 2.95561, 2.632456, 4.0, 6.607681, 9.613925, 12.619476, 11.419476, 9.419476, 6.811795, 3.605551, 0.0, 0.0, 0.0]"
406,"[0.0, 0.0, 0.0, 0.0, 0.824621, 1.844425, 3.258639, 4.672852, 6.272852, 7.048231, 7.628427, 7.614214, 7.4, 6.819804, 6.044425, 5.076881, 4.124094, 3.124094, 2.551504, 2.447993, 2.815537, 3.824346, 5.273588, 6.865982, 8.38094, 9.814045, 10.965704, 12.123596, 12.714577, 12.687581, 10.254476, 9.296038, 7.565937, 5.501033, 3.491961, 3.939174, 3.289932, 3.812899, 5.247214, 7.447214, 9.8, 11.8, 13.2, 14.0, 14.4, 14.0, 13.0, 11.6, 9.6, 7.0, 4.6, 3.2, 2.816553, 3.860461, 6.134325, 9.390089, 12.282939, 11.066386, 9.222477, 6.748614, 3.49285, 0.0, 0.0, 0.0]"
407,"[0.0, 0.0, 0.0, 0.0, 0.72111, 1.72111, 3.062751, 4.585906, 6.10906, 6.911105, 7.523556, 7.523556, 7.166592, 6.643437, 5.968811, 5.07747, 4.135829, 3.369638, 2.816852, 2.792945, 3.071835, 4.071835, 5.271835, 6.824621, 8.209072, 9.642177, 10.675282, 11.705872, 12.11419, 12.141186, 9.708081, 8.874976, 7.244387, 5.468524, 3.432456, 3.879669, 3.279669, 3.892121, 5.229437, 7.265505, 9.501573, 11.365137, 12.61625, 13.510042, 13.957256, 13.510042, 12.435332, 11.094923, 9.125786, 6.642504, 4.406436, 3.183267, 2.791483, 3.594113, 5.656854, 8.630068, 11.602744, 10.471373, 8.774317, 6.511575, 3.538361, 0.0, 0.0, 0.0]"
408,"[0.0, 0.0, 0.0, 0.0, 1.0, 2.216553, 3.672574, 5.381375, 7.090176, 7.798977, 8.291225, 8.291225, 8.038446, 7.546198, 6.857201, 5.9484, 4.892378, 3.719199, 3.102647, 2.682843, 2.902647, 3.844287, 5.28191, 6.525819, 8.051848, 9.294786, 10.361464, 11.049318, 11.613728, 11.75044, 9.487698, 8.5216, 7.007708, 4.999389, 2.936648, 3.536648, 3.17146, 4.065887, 5.725013, 8.031006, 10.209495, 12.18533, 13.449343, 14.443084, 14.71558, 14.443084, 13.449343, 11.838696, 9.862861, 7.531586, 5.025593, 3.366467, 3.140799, 3.907675, 5.990284, 9.095118, 12.239127, 11.022575, 9.178666, 6.648844, 3.544009, 0.0, 0.0, 0.0]"
409,"[0.0, 0.0, 0.0, 0.0, 1.0, 2.341641, 3.783861, 5.492662, 7.201463, 7.910264, 8.277424, 8.358358, 8.172711, 7.630101, 6.9213, 6.061028, 5.170329, 4.047174, 3.328197, 2.775411, 2.946687, 3.514231, 4.714231, 6.067017, 7.819804, 9.0, 10.0, 10.6, 11.0, 11.0, 8.8, 8.2, 6.8, 4.8, 2.6, 3.232456, 2.849008, 3.66146, 5.670532, 8.103637, 10.078862, 11.868969, 13.263177, 13.861238, 14.035814, 13.836452, 13.038865, 11.644657, 10.037524, 8.029843, 5.621524, 3.859665, 3.463766, 3.913008, 5.593359, 8.313653, 11.219051, 10.002498, 8.353256, 6.072905, 3.352611, 0.0, 0.0, 0.0]"
410,"[0.0, 0.0, 0.0, 0.0, 0.8, 1.8, 3.2, 4.8, 6.412452, 7.212452, 7.824903, 7.824903, 7.424903, 6.812452, 6.012452, 5.0, 3.8, 2.8, 2.0, 1.92111, 2.32111, 3.462751, 4.875203, 6.644974, 8.07793, 9.494539, 10.493838, 11.297996, 11.744833, 11.744833, 9.328224, 8.510439, 6.988257, 4.85449, 2.700425, 3.100425, 2.654303, 3.28303, 5.059314, 7.475923, 9.581916, 11.112564, 12.367898, 13.087261, 13.176644, 13.176644, 12.538735, 11.202467, 9.423978, 7.117985, 4.611992, 3.242221, 3.2, 4.209975, 6.418294, 9.477706, 12.370556, 10.970556, 8.96058, 6.552262, 3.49285, 0.0, 0.0, 0.0]"
411,"[0.0, 0.0, 0.0, 0.0, 0.72111, 1.615537, 2.781728, 4.123369, 5.646523, 6.448568, 7.010162, 7.299994, 7.035386, 6.406659, 5.604614, 4.595806, 3.339784, 2.462751, 1.968324, 1.847214, 2.6, 3.8, 5.4, 7.009975, 8.646043, 9.682111, 10.755974, 11.429838, 11.700214, 11.700214, 9.464146, 8.602734, 7.12887, 5.24852, 3.012452, 3.212452, 2.424621, 2.880643, 4.37801, 6.71895, 9.048772, 10.944445, 12.208717, 12.841172, 12.841172, 12.65229, 11.775905, 10.511633, 8.981811, 6.840871, 4.699931, 3.577132, 3.401735, 4.527764, 6.889014, 9.800284, 12.617535, 11.33691, 9.210881, 6.649631, 3.538361, 0.0, 0.0, 0.0]"
412,"[0.0, 0.0, 0.0, 0.0, 0.72111, 1.72111, 3.001735, 4.563785, 6.125835, 6.966775, 7.528825, 7.69042, 7.408995, 6.846945, 6.179322, 5.249728, 4.207508, 2.926883, 2.126883, 1.632456, 1.894427, 2.775052, 4.337102, 5.981011, 7.56091, 8.792512, 9.920206, 10.638507, 11.202917, 11.349047, 9.223018, 8.228912, 6.669672, 4.661353, 2.535324, 2.982537, 2.568324, 3.409264, 5.009264, 7.289614, 9.40365, 11.123945, 12.404429, 13.124723, 13.564666, 13.166747, 12.446453, 11.018133, 9.297838, 7.024758, 5.061427, 3.661427, 3.647214, 4.657189, 6.817656, 9.644205, 12.693863, 11.293863, 9.283888, 6.676207, 3.649658, 0.0, 0.0, 0.0]"
413,"[0.0, 0.0, 0.0, 0.0, 0.8, 1.8, 3.016553, 4.472574, 5.928596, 6.584618, 7.04064, 7.088999, 6.84953, 6.413311, 5.757289, 4.901267, 4.036356, 3.019804, 2.4, 2.494427, 3.060618, 4.074831, 5.571887, 7.171887, 8.557811, 9.832932, 11.026399, 11.937024, 12.544705, 12.705665, 10.264354, 9.218723, 7.742413, 5.581946, 3.340634, 3.740634, 3.198388, 3.523039, 4.973192, 7.114132, 9.314132, 11.080006, 12.409662, 13.297973, 13.557033, 13.111099, 12.114276, 10.78462, 8.823563, 6.423563, 4.269497, 3.280643, 3.224621, 4.4, 6.807681, 10.013925, 12.819476, 11.419476, 9.419476, 6.811795, 3.605551, 0.0, 0.0, 0.0]"
414,"[0.0, 0.0, 0.0, 0.0, 0.848528, 2.129153, 3.691203, 5.411668, 7.255577, 8.250958, 8.690798, 8.690798, 8.532383, 7.969099, 7.12519, 6.125835, 4.963785, 3.601735, 2.72111, 2.32111, 2.8, 3.814214, 5.263456, 6.951517, 8.505583, 9.905583, 11.174651, 12.20869, 12.803911, 12.885913, 10.285913, 9.125786, 7.462308, 5.179027, 2.942959, 3.390172, 3.208658, 4.158626, 6.099566, 8.885244, 11.669129, 13.489766, 14.937596, 15.827755, 16.273176, 15.642077, 14.76015, 12.991791, 10.780496, 7.949397, 5.349397, 3.634732, 3.399703, 4.505928, 6.796653, 10.20253, 13.636845, 12.222631, 10.096602, 7.405877, 4.0, 0.0, 0.0, 0.0]"
415,"[0.0, 0.0, 0.0, 0.0, 0.894427, 2.060618, 3.502838, 4.945059, 6.55751, 7.275534, 7.721796, 7.721796, 7.621216, 7.174955, 6.562503, 5.515737, 4.473517, 3.331876, 2.365685, 1.965685, 2.4, 3.2, 4.612452, 6.25636, 7.744422, 9.085362, 10.226302, 10.95479, 11.451821, 11.451821, 9.110881, 7.986494, 6.445554, 4.504614, 2.416553, 3.049008, 2.852259, 3.575414, 5.263475, 7.793297, 10.072886, 12.026296, 13.415185, 14.239168, 14.42964, 13.797947, 12.864341, 11.564748, 9.452704, 7.13241, 4.852059, 3.378137, 2.897056, 3.940965, 5.949284, 8.949284, 11.944497, 10.813127, 8.969218, 6.560899, 3.560899, 0.0, 0.0, 0.0]"
416,"[0.0, 0.0, 0.0, 0.0, 1.0, 2.2, 3.6, 5.212452, 7.05636, 7.668812, 8.279889, 8.479889, 8.267437, 7.623529, 7.030881, 6.044425, 4.891639, 3.891639, 3.412749, 3.392945, 3.848949, 4.92489, 6.422256, 7.981497, 9.414602, 10.764566, 12.069839, 13.000899, 13.548976, 13.548976, 10.918386, 9.739202, 8.252415, 6.272516, 4.239411, 5.087939, 4.780338, 5.336064, 6.828476, 8.958298, 11.021813, 12.785008, 13.992476, 14.756371, 15.138593, 14.756371, 13.805602, 12.350009, 10.322207, 8.042619, 5.712797, 4.407259, 4.320067, 5.369063, 7.565034, 10.759147, 13.731613, 12.169563, 10.043534, 7.215107, 3.820995, 0.0, 0.0, 0.0]"
417,"[0.0, 0.0, 0.0, 0.0, 1.019804, 2.284715, 3.740737, 5.449538, 7.158338, 8.035901, 8.668357, 8.861577, 8.608798, 8.164908, 7.484094, 6.411349, 5.162107, 3.988927, 3.17123, 2.803206, 3.109955, 4.152176, 5.756129, 7.544984, 8.932524, 10.217762, 11.458823, 12.255308, 12.702522, 12.883063, 10.466454, 9.572027, 8.054936, 5.937339, 3.72073, 4.353186, 3.829242, 4.451906, 6.040287, 8.440287, 10.854141, 12.635539, 13.892994, 14.785237, 15.048801, 14.602492, 13.710249, 12.276391, 10.396272, 8.098393, 5.945607, 4.616162, 4.616162, 5.649972, 7.884286, 10.837073, 13.812452, 12.2, 10.0, 7.2, 3.8, 0.0, 0.0, 0.0]"
418,"[0.0, 0.0, 0.0, 0.0, 0.894427, 2.159338, 3.424249, 4.880271, 6.529514, 7.247538, 7.595078, 7.942619, 7.90081, 7.468121, 6.68029, 5.633524, 4.468286, 3.454073, 2.869976, 2.893883, 3.494388, 4.659626, 5.968426, 7.490037, 8.921859, 10.285491, 11.393334, 12.404827, 12.780583, 12.841172, 10.31135, 9.114211, 7.47095, 5.388341, 3.047401, 3.447401, 2.748868, 3.127857, 4.57801, 6.91895, 9.11895, 11.157893, 12.565435, 13.531633, 13.790693, 13.426761, 12.352051, 10.944509, 8.802055, 6.402055, 4.365987, 3.401753, 3.210642, 4.577593, 6.977593, 10.130204, 12.982539, 11.717627, 9.629566, 7.029566, 3.676955, 0.0, 0.0, 0.0]"
419,"[0.0, 0.0, 0.0, 0.0, 0.632456, 1.709488, 2.875679, 4.317899, 5.76012, 6.689714, 7.026895, 7.141329, 6.979734, 6.537513, 5.696574, 4.914815, 4.034191, 3.036408, 2.636408, 2.715298, 3.282843, 4.297056, 5.663456, 7.151517, 8.631868, 9.96169, 11.267771, 12.218528, 12.660289, 12.660289, 10.130467, 9.059415, 7.459415, 5.329593, 3.049242, 3.449242, 2.819804, 3.234017, 4.677926, 6.913994, 9.144584, 10.953207, 12.36742, 13.351939, 13.74646, 13.324943, 12.307593, 10.679166, 8.650739, 6.420149, 4.211077, 3.032456, 3.288478, 4.576539, 6.896833, 10.059111, 12.844257, 11.388235, 9.300173, 6.579879, 3.417601, 0.0, 0.0, 0.0]"
420,"[0.0, 0.0, 0.0, 0.0, 0.8, 2.0, 3.4, 4.8, 6.4, 7.2, 7.6, 7.6, 7.4, 7.0, 6.2, 5.2, 4.247214, 3.447214, 2.847214, 2.871835, 3.438025, 4.405025, 5.702081, 7.08198, 8.383388, 9.497549, 10.644585, 11.38884, 11.970191, 12.25248, 9.972129, 8.97293, 7.380147, 5.266111, 2.857792, 3.057792, 2.34427, 2.909955, 4.159798, 6.42254, 8.768124, 10.610321, 12.024534, 13.018203, 13.301046, 12.88149, 12.034674, 10.486872, 8.517258, 6.171673, 4.245644, 3.122845, 3.122845, 4.245644, 6.606894, 9.530994, 12.497701, 11.217076, 9.373167, 6.811918, 3.687818, 0.0, 0.0, 0.0]"
421,"[0.0, 0.0, 0.0, 0.0, 1.0, 2.216553, 3.630766, 5.280008, 6.929251, 7.638051, 8.1303, 8.172108, 7.787777, 7.355087, 6.646286, 5.737486, 4.681464, 3.863766, 3.247214, 3.071835, 3.613476, 4.933941, 6.486727, 8.167078, 9.750776, 10.954719, 12.062681, 12.891108, 13.301482, 13.438748, 10.893163, 9.785201, 8.122965, 5.879453, 3.333869, 3.533869, 2.661932, 2.909955, 4.442641, 6.988225, 9.47895, 11.630422, 13.340308, 14.333623, 14.478763, 14.349288, 13.349288, 11.639402, 9.560615, 7.26989, 4.908641, 3.629751, 3.496162, 4.601735, 7.044269, 10.405168, 13.684058, 12.403433, 10.403433, 7.560899, 4.0, 0.0, 0.0, 0.0]"
422,"[0.0, 0.0, 0.0, 0.0, 0.894427, 1.97146, 3.313101, 4.769123, 6.418365, 7.17318, 7.74539, 7.859771, 7.66866, 7.096451, 6.341635, 5.258079, 4.202057, 3.337146, 2.707326, 2.707326, 3.358193, 4.358193, 5.758193, 7.51098, 8.816553, 10.0, 11.207681, 12.015362, 12.415362, 12.615362, 10.215362, 9.207681, 7.6, 5.632456, 3.232456, 3.798141, 3.198141, 3.721296, 5.242906, 7.583846, 9.738455, 11.650499, 13.100558, 13.919706, 14.364443, 13.985089, 12.970412, 11.64644, 9.567654, 6.981976, 4.641036, 3.190883, 2.822266, 3.771747, 6.132997, 9.295275, 12.40896, 11.128335, 9.284426, 6.723176, 3.560899, 0.0, 0.0, 0.0]"
423,"[0.0, 0.0, 0.0, 0.0, 0.8, 1.8, 3.2, 4.8, 6.4, 7.2, 7.8, 7.8, 7.6, 7.2, 6.6, 5.6, 4.647214, 3.647214, 3.047214, 2.941641, 3.473012, 4.440012, 5.737068, 7.137068, 8.242641, 9.391621, 10.418718, 11.054043, 11.334394, 11.460423, 9.180072, 8.300811, 7.099801, 5.266664, 3.140634, 3.340634, 2.673012, 2.883282, 4.322864, 6.486195, 8.566546, 10.233368, 11.452977, 12.127431, 12.244451, 12.090129, 11.372788, 10.253759, 8.41362, 6.333269, 4.40724, 3.195786, 3.018477, 4.184163, 6.316544, 9.162853, 12.108106, 10.843195, 8.956399, 6.624018, 3.577709, 0.0, 0.0, 0.0]"
424,"[0.0, 0.0, 0.0, 0.0, 1.0, 2.414214, 3.828427, 5.477669, 7.126912, 7.835712, 8.1303, 8.365328, 8.172108, 7.739418, 7.050421, 6.141621, 5.092378, 3.919199, 3.102647, 2.682843, 2.77727, 3.457895, 4.617273, 5.914329, 7.294228, 8.52583, 9.507947, 10.328468, 10.894153, 10.894153, 8.768124, 7.786007, 6.244376, 4.181634, 2.401735, 2.848949, 2.699695, 3.675641, 5.60167, 7.664412, 9.762782, 11.322136, 12.315805, 12.880501, 13.179009, 12.896166, 12.33147, 11.202795, 9.51207, 7.398034, 5.135293, 3.456477, 2.894427, 3.614892, 5.293708, 8.014002, 10.729066, 9.729066, 8.008601, 5.882572, 3.162278, 0.0, 0.0, 0.0]"
425,"[0.0, 0.0, 0.0, 0.0, 1.077033, 2.418674, 3.874696, 5.718605, 7.367847, 8.134723, 8.442324, 8.635545, 8.247658, 7.863326, 7.096451, 6.168319, 4.96629, 3.910268, 3.09257, 2.581223, 2.75454, 3.572237, 4.82148, 5.986717, 7.431007, 8.745652, 9.689813, 10.240571, 10.837192, 10.837192, 8.62812, 7.833261, 6.457882, 4.531653, 2.521677, 3.121677, 2.907464, 3.882843, 5.8, 8.2, 10.2, 11.8, 12.8, 13.4, 13.6, 13.2, 12.6, 11.2, 9.6, 7.6, 5.4, 3.6, 3.4, 4.0, 5.6, 8.407134, 11.407134, 10.207134, 8.407134, 6.207134, 3.4, 0.0, 0.0, 0.0]"
426,"[0.0, 0.0, 0.0, 0.0, 0.8, 2.0, 3.4, 4.8, 6.4, 7.2, 7.6, 7.6, 7.4, 6.8, 6.2, 5.2, 4.0, 3.0, 2.282843, 1.848528, 2.248528, 3.390169, 4.89897, 6.513494, 8.228159, 9.50851, 10.640732, 11.405795, 12.038251, 12.038251, 9.7579, 8.740058, 7.160622, 5.0308, 2.750449, 3.150449, 2.714231, 3.528605, 5.025971, 7.366911, 9.566911, 11.593417, 12.85783, 13.824027, 14.083087, 13.824027, 12.74749, 11.115917, 9.14678, 6.829622, 4.488682, 3.118911, 3.17727, 4.282843, 6.6, 9.806244, 12.811795, 11.411795, 9.411795, 6.811795, 3.605551, 0.0, 0.0, 0.0]"
427,"[0.0, 0.0, 0.0, 0.0, 0.72111, 1.887301, 3.228941, 4.752096, 6.460897, 7.262941, 7.619905, 7.734287, 7.476043, 6.933433, 6.304705, 5.347236, 4.291214, 3.626303, 2.907326, 2.907326, 3.418674, 4.474696, 5.685773, 7.238559, 8.744132, 10.067099, 11.211077, 12.0, 12.6, 12.6, 10.2, 9.2, 7.6, 5.632456, 3.232456, 3.632456, 3.032456, 3.432456, 4.8, 7.2, 9.6, 11.4, 13.0, 13.8, 14.0, 13.6, 12.6, 11.2, 9.2, 6.8, 4.4, 3.2, 2.8, 4.009975, 6.417656, 9.6239, 12.629451, 11.429451, 9.419476, 6.811795, 3.605551, 0.0, 0.0, 0.0]"
428,"[0.0, 0.0, 0.0, 0.0, 1.077033, 2.341944, 3.797966, 5.447208, 7.291117, 7.863326, 8.442324, 8.635545, 8.442324, 7.863326, 7.291117, 6.341635, 5.258079, 4.202057, 3.337146, 2.981223, 3.086796, 3.786021, 5.035264, 6.479172, 7.79767, 9.033738, 10.201932, 10.985795, 11.377954, 11.574414, 9.338346, 8.361263, 6.649268, 4.696043, 2.459975, 3.259975, 3.003953, 4.082843, 6.009072, 8.616753, 10.64518, 12.471729, 13.731141, 14.581481, 14.837364, 14.616618, 13.629676, 12.182716, 10.143108, 7.879544, 5.271863, 3.632255, 3.219804, 4.0, 6.007681, 9.01434, 12.037789, 10.837789, 9.037789, 6.430108, 3.423449, 0.0, 0.0, 0.0]"
429,"[0.0, 0.0, 0.0, 0.0, 0.8, 2.016553, 3.233105, 4.689127, 6.212282, 6.935436, 7.242038, 7.367127, 7.176016, 6.672665, 5.94951, 5.026356, 4.084715, 3.019804, 2.6, 2.6, 3.077033, 4.018674, 5.607528, 7.007528, 8.370859, 9.735137, 11.11379, 11.886186, 12.327497, 12.496547, 10.055236, 8.947393, 7.463176, 5.421865, 3.089485, 3.372327, 2.759876, 3.125063, 4.611859, 6.94424, 9.16739, 10.945879, 12.18694, 12.983426, 13.157038, 12.887113, 12.078396, 10.736755, 8.878094, 6.772101, 4.736033, 3.331947, 3.270931, 4.290219, 6.451469, 9.375569, 12.497701, 11.217076, 9.373167, 6.811918, 3.687818, 0.0, 0.0, 0.0]"
430,"[0.0, 0.0, 0.0, 0.0, 0.8, 1.8, 3.016553, 4.430766, 6.080008, 6.73603, 7.192052, 7.431522, 7.233861, 6.584618, 5.928596, 5.072574, 4.016553, 3.082843, 2.682843, 2.707464, 3.184497, 4.226717, 5.66434, 7.190369, 8.491777, 9.823063, 11.071567, 12.041827, 12.324117, 12.606406, 10.198087, 8.949583, 7.258858, 5.250539, 2.842221, 3.125063, 2.531371, 2.811996, 4.255905, 6.536255, 8.973707, 10.845473, 12.285142, 13.161527, 13.322488, 12.934574, 12.101076, 10.661407, 8.83554, 6.594229, 4.461848, 3.296162, 3.429751, 4.661353, 7.006937, 10.062702, 13.018547, 11.604333, 9.478304, 6.932719, 3.676955, 0.0, 0.0, 0.0]"
431,"[0.0, 0.0, 0.0, 0.0, 0.848528, 1.979899, 3.260524, 4.822574, 6.435025, 7.306962, 7.788043, 7.949639, 7.668214, 7.336387, 6.46445, 5.484454, 4.442233, 3.561609, 2.728197, 2.70429, 3.271835, 4.271835, 5.671835, 7.424621, 8.8, 10.008319, 11.016638, 11.649743, 11.858062, 11.867134, 9.458815, 8.650496, 7.417391, 5.609072, 3.6, 3.882843, 3.17727, 3.433292, 4.8729, 6.908968, 9.05923, 10.795392, 12.167797, 12.758779, 12.955816, 12.731783, 11.912271, 10.498057, 8.692089, 6.458984, 4.249912, 3.038835, 2.889532, 3.962278, 6.103218, 9.076431, 11.894033, 10.629122, 8.731755, 6.390815, 3.417601, 0.0, 0.0, 0.0]"
432,"[0.0, 0.0, 0.0, 0.0, 1.019804, 2.284715, 3.80787, 5.596724, 7.385578, 8.154629, 8.776514, 8.865811, 8.519177, 7.995234, 7.283412, 6.196616, 5.184165, 4.141944, 3.277033, 2.8, 3.019804, 3.496837, 4.438478, 5.827332, 7.114128, 8.094324, 9.297642, 10.082031, 10.293176, 10.293176, 8.293176, 7.354466, 6.053058, 4.253058, 2.566262, 3.287372, 3.226356, 4.1222, 5.9222, 8.163511, 10.162695, 11.766511, 12.930487, 13.814928, 14.093911, 13.705998, 12.708353, 11.436364, 9.628956, 7.541117, 5.208736, 3.604783, 2.992331, 3.612355, 5.242641, 7.788225, 10.616652, 9.616652, 7.919596, 5.656854, 3.11127, 0.0, 0.0, 0.0]"
433,"[0.0, 0.0, 0.0, 0.0, 1.0, 2.280625, 3.694838, 5.391895, 7.235804, 8.079712, 8.642997, 8.925839, 8.642997, 8.079712, 7.235804, 6.113005, 4.815949, 3.801735, 2.803953, 2.403953, 2.482843, 3.299395, 4.355417, 5.781375, 7.240501, 8.499627, 9.789068, 10.665426, 11.192694, 11.103339, 9.044213, 7.803131, 6.295372, 4.259304, 2.489532, 2.936746, 2.803206, 3.675641, 5.60167, 8.092395, 10.618395, 12.329558, 13.605716, 14.4529, 14.735389, 14.4529, 13.736395, 12.460238, 10.487024, 7.961024, 5.270299, 3.74427, 3.124247, 3.833047, 5.5399, 8.403464, 11.203464, 10.126431, 8.41763, 6.263564, 3.4, 0.0, 0.0, 0.0]"
434,"[0.0, 0.0, 0.0, 0.0, 0.72111, 1.798143, 3.063054, 4.519076, 5.975098, 6.71001, 7.088999, 7.088999, 6.897888, 6.336293, 5.704892, 4.696084, 3.631173, 2.566262, 2.071835, 2.047214, 2.8, 4.0, 5.6, 7.2, 8.609072, 9.618144, 10.651249, 11.259568, 11.667887, 11.667887, 9.458815, 8.62571, 7.217391, 5.209072, 3.0, 3.4, 2.8, 3.4, 5.009975, 7.219047, 9.227366, 10.857956, 11.888545, 12.486251, 12.685497, 12.486251, 11.855661, 10.625072, 8.817391, 6.809072, 4.8, 3.52111, 3.462751, 4.632523, 6.738515, 9.591383, 12.541785, 11.200144, 9.230372, 6.724379, 3.671512, 0.0, 0.0, 0.0]"
435,"[0.0, 0.0, 0.0, 0.0, 0.824621, 1.901654, 3.243295, 4.855746, 6.576211, 7.364042, 7.89946, 8.170271, 7.89946, 7.256028, 6.72061, 5.908158, 4.695707, 3.554066, 2.877033, 2.6, 2.819804, 3.875826, 5.198981, 6.858107, 8.221437, 9.642945, 10.748172, 11.666329, 12.048514, 12.048514, 9.607203, 8.387594, 6.966087, 4.924775, 2.961445, 3.561445, 3.296837, 3.997498, 5.597498, 7.838809, 10.081343, 11.977524, 13.230273, 14.072807, 14.192745, 13.791522, 12.818309, 11.407145, 9.564611, 7.403361, 4.96205, 3.36205, 3.064911, 4.034683, 6.234683, 9.207896, 12.300746, 11.035835, 9.066064, 6.466064, 3.49285, 0.0, 0.0, 0.0]"
436,"[0.0, 0.0, 0.0, 0.0, 1.019804, 2.284715, 3.740737, 5.449538, 7.158338, 7.927389, 8.371279, 8.624057, 8.438411, 7.994522, 7.225471, 6.31667, 5.20787, 3.884715, 3.019804, 2.632456, 2.726883, 3.407508, 4.621721, 6.06563, 7.433174, 8.702078, 9.701804, 10.728902, 11.217373, 11.217373, 9.054043, 8.054317, 6.461534, 4.329153, 2.529153, 3.129153, 2.925561, 3.865887, 5.725013, 8.031006, 10.209495, 11.910951, 13.075061, 13.794424, 13.896112, 13.623616, 12.904253, 11.740143, 9.961654, 7.801187, 5.295194, 3.836068, 3.047214, 3.647214, 5.4, 8.207134, 11.013011, 10.013011, 8.413011, 6.213011, 3.405877, 0.0, 0.0, 0.0]"
437,"[0.0, 0.0, 0.0, 0.0, 0.848528, 1.979899, 3.394113, 4.956162, 6.653219, 7.501747, 8.067432, 8.067432, 7.919596, 7.353911, 6.656854, 5.592254, 4.37804, 2.963826, 2.232456, 1.832456, 2.024621, 3.166262, 4.778713, 6.26551, 7.82884, 9.16755, 10.234228, 11.183026, 11.576581, 11.693601, 9.53027, 8.564172, 6.827543, 4.947192, 2.666842, 3.114055, 2.803206, 3.675641, 5.40167, 7.809989, 10.205309, 11.916473, 13.19263, 14.039815, 14.32222, 13.888005, 13.02537, 11.494377, 9.521163, 7.277652, 4.869333, 3.489434, 3.263766, 4.303374, 6.330024, 9.492301, 12.497853, 11.2813, 9.241692, 6.767829, 3.605551, 0.0, 0.0, 0.0]"
438,"[0.0, 0.0, 0.0, 0.0, 1.077033, 2.418674, 4.031125, 5.75159, 7.472055, 8.395022, 8.897291, 9.005304, 8.72706, 8.348235, 7.514426, 6.495138, 5.374673, 4.332452, 3.390812, 2.824621, 3.019804, 3.684715, 4.897167, 6.383963, 7.783963, 9.04451, 10.059949, 10.855817, 11.37734, 11.503369, 9.223018, 8.384888, 6.870996, 4.862677, 2.936648, 3.569103, 3.293073, 4.119111, 5.84514, 8.335865, 10.676623, 12.621703, 14.012507, 14.859692, 15.142181, 14.714552, 13.866023, 12.45181, 10.478596, 7.952596, 5.407012, 3.74427, 3.067017, 3.71626, 5.609986, 8.5832, 11.400801, 10.380997, 8.731755, 6.390815, 3.417601, 0.0, 0.0, 0.0]"
439,"[0.0, 0.0, 0.0, 0.0, 1.0, 2.341641, 3.864795, 5.65365, 7.362451, 8.071251, 8.438411, 8.624057, 8.358358, 7.991198, 7.448587, 6.460897, 5.19931, 4.076155, 3.017357, 2.483622, 2.762512, 3.715298, 4.915298, 6.432456, 7.809975, 9.019047, 10.052152, 10.885257, 11.493576, 11.493576, 9.284504, 8.251399, 6.818294, 4.809975, 3.0, 3.447214, 3.312125, 4.020925, 5.774991, 8.174991, 10.700991, 12.409294, 13.673707, 14.492855, 14.678533, 14.235141, 13.349989, 12.085576, 10.132166, 7.946488, 5.416666, 3.775818, 3.067017, 3.767679, 5.448029, 8.421243, 11.379907, 10.379907, 8.659442, 6.379091, 3.405877, 0.0, 0.0, 0.0]"
440,"[0.0, 0.0, 0.0, 0.0, 1.0, 2.16619, 3.507831, 5.030986, 6.55414, 7.077295, 7.434259, 7.615773, 7.434259, 7.077295, 6.275251, 5.317781, 4.24184, 3.5002, 2.899695, 3.073012, 3.772237, 4.739237, 5.751689, 6.99708, 8.102653, 9.237742, 10.223529, 11.011077, 11.6, 11.609975, 9.209975, 8.422427, 7.042231, 5.274686, 3.264711, 3.464711, 2.852259, 3.232456, 4.2, 6.4, 8.6, 10.207681, 11.607681, 12.814815, 13.014815, 12.614815, 11.607134, 10.407134, 8.4, 6.2, 4.2, 3.4, 3.0, 4.0, 6.0, 9.0, 11.6, 10.4, 8.6, 6.4, 3.4, 0.0, 0.0, 0.0]"
441,"[0.0, 0.0, 0.0, 0.0, 0.8, 1.8, 3.2, 4.812452, 6.424903, 7.274145, 7.886597, 7.942619, 7.54672, 7.150821, 6.301579, 5.289127, 4.233105, 3.216553, 2.4, 2.047214, 2.447214, 3.327838, 4.848303, 6.448303, 8.164421, 9.496801, 10.548557, 11.269403, 11.710715, 11.710715, 9.378334, 8.488174, 6.895391, 4.736922, 2.573591, 3.020805, 2.578584, 3.292106, 4.989163, 7.397481, 9.640993, 11.46942, 12.880584, 13.729112, 13.866377, 13.438394, 12.589866, 11.178702, 9.350275, 7.087533, 4.824792, 3.444893, 3.147754, 4.117525, 6.434683, 9.387647, 12.286218, 11.021307, 9.051536, 6.451536, 3.498571, 0.0, 0.0, 0.0]"
442,"[0.0, 0.0, 0.0, 0.0, 1.0, 2.280625, 3.722845, 5.335297, 7.124151, 7.913006, 8.421235, 8.591466, 8.320655, 7.697991, 6.909137, 5.968811, 4.988815, 4.047174, 3.280984, 3.002094, 3.17337, 3.757467, 4.957467, 6.357467, 7.836356, 9.016553, 10.0, 10.6, 11.0, 11.0, 8.8, 8.0, 6.6, 4.6, 2.6, 3.2, 3.0, 4.0, 6.0, 8.2, 10.2, 11.8, 12.8, 13.4, 13.6, 13.4, 12.8, 11.6, 10.0, 8.0, 5.6, 3.8, 3.4, 4.0, 5.6, 8.4, 11.4, 10.2, 8.4, 6.2, 3.4, 0.0, 0.0, 0.0]"
443,"[0.0, 0.0, 0.0, 0.0, 1.019804, 2.434017, 4.046469, 5.857546, 7.668623, 8.459896, 8.85676, 9.055385, 8.85676, 8.459896, 7.668623, 6.490002, 5.126138, 3.713687, 2.582316, 2.194967, 2.387133, 3.339919, 4.739919, 6.457077, 8.024621, 9.6, 10.8, 11.807681, 12.407681, 12.407681, 10.007681, 8.807681, 7.2, 5.0, 2.8, 3.432456, 3.249008, 4.060085, 5.869157, 8.676291, 11.070385, 13.078735, 14.492561, 15.508392, 15.727808, 15.308939, 14.293109, 12.868205, 10.643302, 8.216753, 5.809072, 4.165685, 3.497056, 4.476955, 6.438205, 9.400483, 12.60839, 11.477019, 9.49712, 6.93587, 3.773592, 0.0, 0.0, 0.0]"
444,"[0.0, 0.0, 0.0, 0.0, 0.8, 1.8, 3.016553, 4.430766, 6.080008, 6.73603, 7.192052, 7.389713, 7.192052, 6.759363, 6.103341, 5.247319, 4.233105, 3.216553, 2.4, 2.494427, 3.025798, 4.187848, 5.708313, 7.367439, 8.70908, 10.083702, 11.300141, 12.262957, 12.709824, 12.806137, 10.300144, 8.963876, 7.280594, 5.221815, 2.889434, 3.289434, 2.647214, 3.061427, 4.458122, 6.738473, 9.058767, 10.979062, 12.476892, 13.545027, 13.738539, 13.298596, 12.227544, 10.964743, 8.852699, 6.578835, 4.298485, 3.249242, 2.8, 4.0, 6.4, 9.6, 12.6, 11.4, 9.4, 6.8, 3.6, 0.0, 0.0, 0.0]"
445,"[0.0, 0.0, 0.0, 0.0, 1.0, 2.216553, 3.816553, 5.416553, 7.216553, 8.02763, 8.611077, 8.822154, 8.822154, 8.422154, 7.611077, 6.635698, 5.271835, 4.119048, 3.166262, 3.01479, 3.470794, 4.636032, 6.075614, 7.864469, 9.43255, 10.751925, 11.925151, 12.901919, 13.349133, 13.349133, 10.749133, 9.752309, 8.054936, 5.937339, 3.52073, 4.153186, 3.705972, 4.426578, 6.193273, 8.800954, 11.05294, 12.873577, 14.149058, 14.978955, 15.255715, 14.978955, 13.980008, 12.538195, 10.656543, 8.337787, 6.012949, 4.674239, 4.409796, 5.409522, 7.755881, 10.825649, 13.795761, 12.339739, 10.059388, 7.147344, 3.794733, 0.0, 0.0, 0.0]"
446,"[0.0, 0.0, 0.0, 0.0, 0.894427, 1.97146, 3.313101, 4.836256, 6.545056, 7.35943, 7.991198, 8.172711, 7.991198, 7.547308, 6.732934, 5.745244, 4.669303, 3.527662, 2.545594, 2.251167, 2.530056, 3.282843, 4.682843, 6.2, 7.8, 9.0, 10.208319, 11.016638, 11.616638, 11.416638, 9.216638, 8.008319, 6.6, 4.4, 2.4, 3.0, 3.0, 3.6, 5.6, 8.2, 10.4, 12.2, 13.8, 14.6, 14.8, 14.4, 13.4, 12.0, 10.0, 7.6, 5.2, 3.8, 3.019804, 3.669046, 5.505114, 8.531663, 11.384199, 10.364395, 8.715152, 6.479084, 3.452535, 0.0, 0.0, 0.0]"
447,"[0.0, 0.0, 0.0, 0.0, 0.894427, 2.060618, 3.402258, 5.01471, 6.627161, 7.521589, 7.96785, 8.238661, 7.96785, 7.697039, 6.802612, 5.755846, 4.426237, 3.284596, 2.225798, 1.931371, 2.365685, 3.482843, 4.882843, 6.411077, 8.047145, 9.283213, 10.316318, 11.149423, 11.771451, 11.574991, 9.338923, 8.305818, 6.872713, 4.839608, 2.8, 3.4, 3.019804, 3.632255, 5.441328, 8.049009, 10.256142, 12.242998, 13.657095, 14.454682, 14.654135, 14.25532, 13.248661, 11.822112, 9.815453, 7.408319, 5.0, 3.447214, 3.013404, 3.802258, 5.818868, 8.865177, 11.910813, 10.744623, 8.955768, 6.539159, 3.49285, 0.0, 0.0, 0.0]"
448,"[0.0, 0.0, 0.0, 0.0, 0.824621, 2.041174, 3.306085, 4.762107, 6.470907, 7.169441, 7.476043, 7.734287, 7.619905, 6.988138, 6.484787, 5.561632, 4.438478, 3.296837, 2.619804, 2.4, 2.819804, 3.761445, 5.173896, 6.660692, 8.024023, 9.16755, 10.26722, 11.09608, 11.650595, 11.54639, 9.383059, 8.283389, 6.736505, 4.695194, 2.636068, 3.036068, 2.714231, 3.469046, 5.157107, 7.630971, 10.143015, 12.228046, 13.683639, 14.700412, 15.090113, 14.611174, 13.545947, 12.252189, 10.147354, 7.68379, 5.250685, 3.658291, 2.924247, 3.633047, 5.573987, 8.547201, 11.452598, 10.375565, 8.666765, 6.325825, 3.352611, 0.0, 0.0, 0.0]"
449,"[0.0, 0.0, 0.0, 0.0, 0.848528, 2.129153, 3.691203, 5.411668, 7.298464, 8.170401, 8.610241, 8.660643, 8.382398, 7.776227, 7.055762, 6.183825, 5.203829, 4.161609, 3.328197, 3.049308, 3.277812, 3.861909, 5.074361, 6.637122, 8.116012, 9.438979, 10.630746, 11.426613, 11.824957, 11.834029, 9.434029, 8.439924, 6.856226, 4.73075, 2.521677, 3.121677, 2.907464, 3.89392, 5.847145, 8.28025, 10.543814, 12.448649, 13.549616, 14.225592, 14.512781, 14.12308, 13.057853, 11.601831, 9.709591, 7.589297, 5.115434, 3.523039, 3.331929, 4.020925, 5.950748, 8.997057, 11.967445, 10.702534, 8.993733, 6.463911, 3.417601, 0.0, 0.0, 0.0]"
450,"[0.0, 0.0, 0.0, 0.0, 1.0, 2.16619, 3.507831, 5.120283, 6.909137, 7.697991, 8.320655, 8.502169, 8.231359, 7.608695, 6.81984, 5.752096, 4.676155, 3.734514, 2.851167, 2.251167, 2.530056, 3.282843, 4.282843, 5.8, 7.409975, 8.449583, 9.485651, 10.321719, 10.757787, 10.757787, 8.718179, 7.882111, 6.446043, 4.409975, 2.6, 3.165685, 2.842718, 3.751519, 5.521291, 7.7379, 9.855496, 11.642027, 12.796791, 13.510301, 13.599684, 13.333012, 12.623514, 11.283104, 9.619626, 7.713634, 5.297024, 3.542959, 3.019804, 3.697056, 5.223085, 8.051513, 10.762782, 9.762782, 8.065726, 5.939697, 3.11127, 0.0, 0.0, 0.0]"
451,"[0.0, 0.0, 0.0, 0.0, 1.0, 2.2, 3.8, 5.6, 7.4, 8.2, 8.8, 8.8, 8.4, 7.8, 7.0, 5.832456, 4.679669, 3.479669, 2.479669, 2.112125, 2.30429, 3.073629, 4.473629, 6.073629, 7.641174, 9.216553, 10.4, 11.2, 11.8, 11.8, 9.4, 8.4, 7.0, 4.8, 2.6, 3.2, 3.0, 3.8, 5.8, 8.4, 10.8, 12.6, 14.0, 15.0, 15.4, 14.8, 14.0, 12.6, 10.4, 7.8, 5.4, 3.647214, 2.847214, 3.636068, 5.742061, 8.872556, 11.918192, 10.918192, 9.129338, 6.623345, 3.49285, 0.0, 0.0, 0.0]"
452,"[0.0, 0.0, 0.0, 0.0, 0.72111, 1.72111, 2.852481, 4.133106, 5.695156, 6.536096, 7.098146, 7.408995, 7.259741, 6.829062, 5.988122, 4.873286, 3.831066, 2.982537, 2.251167, 2.330056, 3.082843, 4.138865, 5.505264, 7.193326, 8.547391, 9.764001, 10.724588, 11.581338, 11.909886, 12.09676, 9.680151, 8.912784, 7.426595, 5.409986, 3.069046, 3.351889, 2.597074, 3.01949, 4.408345, 6.740726, 8.963876, 10.75273, 12.088998, 12.806137, 12.979749, 12.890365, 11.995938, 10.55909, 8.877718, 6.771725, 4.555116, 3.398717, 3.337702, 4.51308, 6.658665, 9.569935, 12.343356, 11.062732, 9.062732, 6.517147, 3.405877, 0.0, 0.0, 0.0]"
453,"[0.0, 0.0, 0.0, 0.0, 0.8, 2.0, 3.4, 4.814214, 6.426665, 7.275907, 7.688359, 7.702572, 7.504911, 7.109012, 6.45977, 5.447319, 4.433105, 3.216553, 2.4, 2.032456, 2.280984, 3.161609, 4.723658, 6.323658, 7.854534, 9.338386, 10.563754, 11.507697, 11.949008, 11.949008, 9.616628, 8.552855, 6.895391, 4.736922, 2.573591, 3.020805, 2.578584, 3.292106, 5.135293, 7.543612, 9.787123, 11.629657, 13.040821, 13.757326, 14.039732, 13.757326, 12.894691, 11.483527, 9.489521, 7.081639, 4.67332, 3.293421, 2.996282, 4.04512, 6.178887, 9.131851, 12.10956, 10.844649, 8.947283, 6.530673, 3.577709, 0.0, 0.0, 0.0]"
454,"[0.0, 0.0, 0.0, 0.0, 0.848528, 1.979899, 3.260524, 4.702744, 6.423209, 7.187133, 7.668214, 7.729229, 7.453199, 6.898925, 6.135001, 5.155005, 4.213364, 3.447174, 2.846669, 2.822762, 3.406859, 4.606859, 6.006859, 7.441174, 8.816553, 10.0, 10.8, 11.408319, 11.808319, 11.808319, 9.408319, 8.608319, 7.4, 5.6, 3.6, 3.882843, 3.302647, 3.51686, 4.926835, 6.935908, 9.260746, 10.848623, 12.04209, 12.662704, 12.861951, 12.463342, 11.666738, 10.659057, 8.828468, 6.620149, 4.411077, 3.2, 2.816553, 3.860461, 5.940812, 8.852856, 11.745706, 10.529154, 8.685245, 6.404894, 3.49285, 0.0, 0.0, 0.0]"
455,"[0.0, 0.0, 0.0, 0.0, 1.019804, 2.434017, 4.046469, 5.857546, 7.668623, 8.459896, 8.85676, 9.055385, 8.85676, 8.459896, 7.668623, 6.578656, 5.333265, 4.120813, 3.153813, 2.766465, 3.065158, 3.899473, 5.099473, 6.652259, 8.219804, 9.6, 10.8, 11.807681, 12.407681, 12.607681, 10.207681, 9.207681, 7.6, 5.2, 3.2, 3.765685, 3.331876, 4.12073, 6.26167, 8.725234, 11.205858, 13.270767, 14.713011, 15.68266, 15.865405, 15.419096, 14.342063, 12.899819, 10.609033, 8.162724, 5.845567, 4.291501, 3.668837, 4.535829, 6.37714, 9.256575, 12.262127, 11.095936, 9.20914, 6.767829, 3.605551, 0.0, 0.0, 0.0]"
456,"[0.0, 0.0, 0.0, 0.0, 1.077033, 2.600188, 4.308988, 6.206355, 8.103722, 8.924055, 9.298267, 9.559238, 9.370672, 8.814946, 8.08377, 7.080831, 5.676745, 4.167944, 3.273517, 2.907326, 3.032703, 3.923039, 5.620406, 7.327258, 8.943868, 10.340673, 11.567932, 12.353847, 12.883063, 12.972447, 10.555838, 9.66141, 8.055162, 5.97188, 3.665887, 4.386998, 4.012357, 4.779233, 6.459584, 8.950308, 11.353298, 13.063184, 14.343375, 15.187124, 15.469613, 15.036238, 14.192489, 12.788854, 10.945379, 8.796787, 6.553275, 5.097546, 4.989532, 5.944975, 7.983918, 11.029555, 14.13431, 12.521859, 10.285791, 7.422226, 3.929377, 0.0, 0.0, 0.0]"
457,"[0.0, 0.0, 0.0, 0.0, 0.8, 2.0, 3.4, 4.8, 6.412452, 7.224903, 7.637355, 7.637355, 7.637355, 7.224903, 6.612452, 5.6, 4.647214, 3.447214, 2.847214, 2.568324, 3.099695, 4.214531, 5.85844, 7.25844, 8.70066, 9.90167, 10.947301, 11.435773, 11.877084, 11.713754, 9.381373, 8.335742, 7.134732, 5.140634, 3.140634, 3.540634, 2.803206, 3.013476, 4.355116, 6.591184, 8.697177, 10.480237, 11.917085, 12.735912, 12.832224, 12.489562, 11.768678, 10.513343, 8.626773, 6.577235, 4.413904, 3.327108, 3.068864, 4.191663, 6.189171, 9.294006, 11.846617, 10.581706, 8.737797, 6.457446, 3.352611, 0.0, 0.0, 0.0]"
458,"[0.0, 0.0, 0.0, 0.0, 1.0, 2.280625, 3.694838, 5.391895, 7.088951, 7.786007, 8.202439, 8.350275, 8.067432, 7.651001, 6.953945, 5.977999, 5.015949, 4.001735, 3.003953, 2.603953, 2.682843, 3.299395, 4.511847, 6.072913, 7.560974, 9.101914, 10.226302, 10.95479, 11.451821, 11.451821, 9.110881, 8.184155, 6.643215, 4.502275, 2.614214, 3.179899, 2.931876, 3.92073, 5.956798, 8.262791, 10.380387, 12.077761, 13.241871, 13.784292, 13.961581, 13.694908, 12.98541, 11.644897, 9.886212, 7.602931, 5.186321, 3.479469, 2.867017, 3.54427, 5.407012, 8.235439, 10.899495, 9.899495, 8.202439, 5.939697, 3.11127, 0.0, 0.0, 0.0]"
459,"[0.0, 0.0, 0.0, 0.0, 0.894427, 2.159338, 3.500979, 4.957001, 6.606243, 7.361058, 7.74539, 7.859771, 7.66866, 7.039221, 6.284406, 5.20085, 4.192041, 3.32713, 2.75454, 2.75454, 3.453765, 4.655794, 6.066871, 7.82873, 9.143375, 10.286783, 11.045859, 11.842463, 12.04171, 12.04171, 9.633391, 8.837524, 7.249647, 5.473783, 3.464711, 3.911925, 3.299473, 3.879669, 5.247214, 7.247214, 9.4, 11.2, 12.4, 13.2, 13.6, 13.2, 12.4, 11.2, 9.2, 6.8, 4.6, 3.2, 2.8, 4.009975, 6.24308, 9.269629, 12.291783, 11.091783, 9.081808, 6.648703, 3.622154, 0.0, 0.0, 0.0]"
460,"[0.0, 0.0, 0.0, 0.0, 0.894427, 1.97146, 3.313101, 4.925552, 6.646018, 7.472055, 8.007474, 8.278285, 8.108054, 7.464622, 6.82119, 5.808738, 4.396286, 2.954066, 2.277033, 1.832456, 2.232456, 3.446669, 5.143725, 6.869755, 8.51765, 9.958961, 11.152428, 12.063053, 12.544705, 12.705665, 10.264354, 9.218723, 7.45957, 5.134732, 2.693421, 3.325876, 2.840859, 3.781186, 5.557469, 8.063462, 10.209495, 12.357365, 13.699006, 14.864783, 15.042072, 14.680192, 13.691357, 12.003082, 9.94437, 7.708302, 5.291692, 3.655624, 3.813404, 4.847214, 7.2, 10.6, 13.8, 12.2, 10.0, 7.2, 3.8, 0.0, 0.0, 0.0]"
461,"[0.0, 0.0, 0.0, 0.0, 0.894427, 2.159338, 3.682493, 5.205647, 6.914448, 7.728822, 8.172711, 8.172711, 8.105579, 7.661689, 6.847316, 5.859625, 4.619313, 3.163291, 2.09838, 1.803953, 2.082843, 3.0, 4.612452, 6.25636, 7.695968, 8.976319, 10.250182, 11.167553, 11.603995, 11.652449, 9.372098, 8.354256, 6.824434, 4.944083, 2.856022, 3.303236, 2.924247, 3.633047, 5.387113, 7.916935, 10.255399, 12.15158, 13.415993, 14.235141, 14.490997, 14.046259, 13.161106, 11.837135, 9.883725, 7.498047, 5.157107, 3.51626, 3.033208, 3.9002, 5.941511, 9.065611, 12.156759, 10.990568, 9.103772, 6.662461, 3.538361, 0.0, 0.0, 0.0]"
462,"[0.0, 0.0, 0.0, 0.0, 0.894427, 2.060618, 3.502838, 5.11529, 6.727741, 7.542115, 7.899079, 7.899079, 7.628268, 7.182007, 6.367633, 5.565589, 4.570582, 3.428941, 2.545594, 2.251167, 2.530056, 3.282843, 4.682843, 6.2, 7.609975, 8.819047, 9.855115, 10.491183, 10.900255, 10.900255, 8.691183, 7.855115, 6.419047, 4.609975, 2.6, 3.2, 3.0, 3.8, 5.6, 8.0, 10.0, 11.6, 12.8, 13.4, 13.6, 13.2, 12.4, 11.4, 9.6, 7.4, 5.2, 3.647214, 2.924247, 3.633047, 5.513398, 8.233692, 11.13909, 10.062057, 8.353256, 6.072905, 3.352611, 0.0, 0.0, 0.0]"
463,"[0.0, 0.0, 0.0, 0.0, 1.077033, 2.341944, 3.797966, 5.410418, 7.221495, 7.955539, 8.501705, 8.658134, 8.459896, 7.865372, 7.074099, 6.157449, 5.110683, 4.096469, 3.279917, 2.892568, 2.998141, 3.774096, 4.897251, 6.394618, 7.850223, 9.130574, 10.262797, 11.213505, 11.59649, 11.59649, 9.316139, 8.107187, 6.52775, 4.530242, 2.642181, 3.242181, 3.17727, 3.895294, 5.652059, 7.885164, 10.148729, 12.00814, 13.4551, 14.279057, 14.514285, 14.083825, 13.064022, 11.460632, 9.81362, 7.545287, 5.112182, 3.472574, 3.233105, 3.82763, 5.835948, 8.664376, 11.489279, 10.272726, 8.461649, 6.05333, 3.224903, 0.0, 0.0, 0.0]"
464,"[0.0, 0.0, 0.0, 0.0, 0.824621, 1.901654, 3.118207, 4.53242, 6.144872, 6.932702, 7.468121, 7.665782, 7.665782, 7.073134, 6.285304, 5.120066, 3.905852, 2.691639, 1.954677, 1.954677, 2.527268, 3.741481, 5.352558, 7.069716, 8.445094, 9.825291, 11.011077, 11.6, 12.0, 12.0, 9.6, 8.6, 7.2, 5.2, 3.0, 3.4, 2.8, 3.4, 5.009975, 7.219047, 9.227366, 10.857956, 11.888545, 12.509159, 12.708406, 12.509159, 11.888545, 10.672169, 9.061384, 7.053065, 4.843993, 3.434017, 3.419804, 4.4, 6.408319, 9.414978, 12.220855, 10.820855, 8.820855, 6.412537, 3.405877, 0.0, 0.0, 0.0]"
465,"[0.0, 0.0, 0.0, 0.0, 0.894427, 2.060618, 3.402258, 5.01471, 6.627161, 7.345186, 7.791447, 7.892027, 7.621216, 7.174955, 6.45693, 5.410164, 4.250786, 3.109146, 2.142955, 1.848528, 2.282843, 3.216553, 4.665795, 6.363161, 7.917227, 9.258167, 10.458224, 11.225591, 11.669164, 11.669164, 9.328224, 8.176526, 6.559917, 4.618977, 2.464911, 3.030596, 2.842718, 3.65517, 5.314296, 7.820289, 9.937885, 11.813817, 13.15433, 14.048168, 14.225457, 14.048168, 13.15433, 11.72452, 9.665982, 7.382701, 4.876708, 3.417582, 3.159338, 4.151707, 6.2577, 9.310568, 12.316119, 11.051208, 9.164412, 6.658419, 3.605551, 0.0, 0.0, 0.0]"
466,"[0.0, 0.0, 0.0, 0.0, 1.0, 2.4, 3.814214, 5.426665, 7.270574, 8.081651, 8.330893, 8.529131, 8.330893, 7.686984, 7.075907, 6.226665, 5.014214, 3.882843, 3.082843, 2.515298, 2.609725, 3.49035, 4.904564, 6.348473, 7.842046, 9.22797, 10.388656, 11.023981, 11.460423, 11.497724, 9.217373, 8.190276, 6.706423, 4.826072, 2.862742, 3.462742, 3.265081, 4.065795, 5.753856, 8.083678, 10.269356, 12.099113, 13.49618, 14.381332, 14.637188, 14.19245, 13.234202, 11.711047, 9.814867, 7.429189, 5.088249, 3.400188, 3.077033, 3.8, 5.808319, 8.814978, 11.639881, 10.439881, 8.639881, 6.231562, 3.224903, 0.0, 0.0, 0.0]"
467,"[0.0, 0.0, 0.0, 0.0, 0.894427, 1.97146, 3.494615, 5.017769, 6.72657, 7.540944, 8.172711, 8.172711, 7.991198, 7.35943, 6.727662, 5.739972, 4.49966, 3.158019, 2.280986, 1.803953, 1.882843, 2.816553, 4.465795, 6.163161, 7.651223, 9.192163, 10.392219, 11.159586, 11.60316, 11.669164, 9.328224, 8.176526, 6.779721, 4.838781, 2.684715, 3.2504, 3.15168, 3.744327, 5.403453, 7.735834, 9.948638, 11.835315, 13.275731, 13.995093, 14.270394, 13.933216, 12.767145, 11.237432, 9.535976, 7.528295, 5.086984, 3.800188, 3.541944, 4.362278, 6.362278, 9.408587, 12.301437, 11.036526, 9.139159, 6.539159, 3.49285, 0.0, 0.0, 0.0]"
468,"[0.0, 0.0, 0.0, 0.0, 0.8, 1.819804, 3.036356, 4.492378, 6.201179, 7.10998, 7.546198, 7.785667, 7.594557, 6.90556, 6.02138, 5.165358, 3.909336, 2.844425, 2.024621, 1.765685, 2.060113, 3.201753, 4.614205, 6.383977, 7.788063, 9.234575, 10.492935, 11.410305, 11.781474, 11.965768, 9.624828, 8.547983, 6.912588, 4.85449, 2.700425, 3.100425, 2.597074, 3.158669, 4.719735, 7.15284, 9.421173, 11.264933, 12.672475, 13.69213, 13.732889, 13.497661, 12.673705, 11.266162, 9.422402, 7.395752, 5.162647, 3.570253, 3.528445, 4.548249, 6.731624, 9.591036, 12.596358, 11.182144, 9.142536, 6.511947, 3.452535, 0.0, 0.0, 0.0]"
469,"[0.0, 0.0, 0.0, 0.0, 1.019804, 2.434017, 4.046469, 5.857546, 7.668623, 8.459896, 8.85676, 8.85676, 8.658134, 8.261271, 7.469998, 6.291376, 5.126138, 3.713687, 2.499473, 2.112125, 2.499473, 3.268812, 4.668812, 6.468812, 8.036356, 9.416553, 10.8, 11.8, 12.2, 12.2, 9.8, 8.6, 6.8, 4.8, 2.6, 3.2, 3.0, 4.0, 5.8, 8.6, 11.0, 13.0, 14.4, 15.4, 15.6, 15.2, 14.2, 12.8, 10.8, 8.2, 5.6, 4.032456, 3.309488, 3.818289, 5.948111, 9.052946, 12.156799, 11.079766, 9.370965, 6.841143, 3.736308, 0.0, 0.0, 0.0]"
470,"[0.0, 0.0, 0.0, 0.0, 1.019804, 2.284715, 3.740737, 5.263892, 6.972692, 7.476043, 7.823584, 7.890716, 7.709202, 7.077435, 6.574084, 5.561632, 4.438478, 3.296837, 2.619804, 2.2, 2.619804, 3.561445, 4.973896, 6.460692, 8.024023, 9.44553, 10.545201, 11.37406, 12.094945, 12.094945, 9.653634, 8.553964, 7.00708, 4.799399, 2.636068, 3.083282, 2.818674, 3.633047, 5.321109, 7.794972, 10.259802, 12.345047, 13.798524, 14.815298, 15.253478, 14.815298, 13.741081, 12.191255, 10.106224, 7.59418, 5.120317, 3.664711, 3.052259, 3.82131, 5.657378, 8.703687, 11.564081, 10.564081, 8.775227, 6.539159, 3.49285, 0.0, 0.0, 0.0]"
471,"[0.0, 0.0, 0.0, 0.0, 0.824621, 1.719048, 3.060689, 4.50291, 5.94513, 6.682559, 7.350182, 7.450761, 7.174731, 6.732511, 6.064888, 5.135294, 4.093073, 3.209725, 2.809725, 2.715298, 3.282843, 4.297056, 5.825291, 7.264898, 8.745249, 10.019113, 11.325193, 12.23441, 12.668666, 12.862178, 10.388315, 9.280472, 7.560178, 5.486315, 3.012452, 3.412452, 2.8, 3.4, 5.0, 7.4, 9.8, 11.8, 13.0, 13.8, 14.0, 13.6, 12.6, 11.2, 9.4, 7.2, 4.8, 3.4, 3.414214, 4.424189, 6.654778, 9.861022, 12.666899, 11.252686, 9.24271, 6.612121, 3.405877, 0.0, 0.0, 0.0]"
472,"[0.0, 0.0, 0.0, 0.0, 0.824621, 1.844425, 3.060978, 4.475191, 6.087643, 6.875473, 7.468121, 7.665782, 7.665782, 7.073134, 6.285304, 5.305308, 4.173937, 2.959723, 2.222762, 2.030596, 2.417945, 3.549316, 5.160393, 6.887525, 8.464142, 9.844338, 11.030124, 11.819047, 12.409072, 12.6, 10.2, 9.2, 7.6, 5.4, 3.0, 3.4, 2.8, 3.412452, 5.022427, 7.430746, 9.661335, 11.489762, 12.705738, 13.52419, 13.74646, 13.548976, 12.760156, 11.345943, 9.53732, 7.30673, 4.873625, 3.434017, 3.419804, 4.4, 6.6, 9.8, 12.8, 11.4, 9.4, 6.8, 3.6, 0.0, 0.0, 0.0]"
473,"[0.0, 0.0, 0.0, 0.0, 1.0, 2.2, 3.8, 5.6, 7.4, 8.2, 8.8, 8.8, 8.4, 7.8, 7.0, 6.0, 5.032456, 4.079669, 3.279669, 3.10429, 3.30429, 3.95246, 5.067296, 6.667296, 8.006006, 9.338386, 10.665442, 11.711073, 11.991424, 11.991424, 9.659044, 8.331987, 6.572835, 4.692484, 2.529153, 3.129153, 2.868332, 3.728605, 5.482671, 7.89928, 10.077769, 12.010929, 13.255093, 14.053992, 14.415871, 14.053992, 13.070799, 11.640989, 9.765057, 7.386568, 4.969959, 3.400188, 3.093585, 3.860461, 5.990284, 8.963497, 11.981099, 10.764546, 8.920637, 6.390815, 3.417601, 0.0, 0.0, 0.0]"
474,"[0.0, 0.0, 0.0, 0.0, 1.019804, 2.284715, 3.80787, 5.596724, 7.385578, 8.154629, 8.678572, 8.767869, 8.502169, 8.054956, 7.343134, 6.378901, 5.366449, 4.243295, 3.301654, 2.824621, 2.824621, 3.566262, 4.507903, 5.896757, 7.183553, 8.484961, 9.423671, 10.20806, 10.419205, 10.532409, 8.40638, 7.46767, 6.166262, 4.366262, 2.566262, 3.131947, 2.921677, 3.817521, 5.617521, 7.82584, 9.980449, 11.733519, 12.897495, 13.781936, 13.981298, 13.702315, 12.817874, 11.653898, 9.84649, 7.838809, 5.397498, 3.680341, 2.959876, 3.579899, 5.242641, 7.788225, 10.616652, 9.616652, 7.919596, 5.656854, 3.11127, 0.0, 0.0, 0.0]"
475,"[0.0, 0.0, 0.0, 0.0, 0.824621, 2.024621, 3.424621, 5.024621, 6.624621, 7.4, 7.8, 7.8, 7.6, 7.0, 6.2, 5.2, 4.0, 2.8, 2.247214, 2.079669, 2.556702, 3.812724, 5.510091, 7.102485, 8.706097, 9.865132, 10.842215, 11.377954, 11.618697, 11.618697, 9.382629, 8.598766, 7.185465, 5.105114, 2.869046, 3.269046, 2.639608, 3.269046, 5.157107, 7.437458, 9.56728, 11.267771, 12.338822, 12.971055, 13.220527, 13.031644, 12.208717, 10.944445, 9.048772, 6.966163, 4.625223, 3.327857, 3.271835, 4.447214, 6.6, 9.6, 12.6, 11.2, 9.2, 6.6, 3.6, 0.0, 0.0, 0.0]"
476,"[0.0, 0.0, 0.0, 0.0, 1.0, 2.4, 3.8, 5.4, 7.2, 8.0, 8.4, 8.6, 8.4, 7.8, 7.019804, 5.852259, 4.699473, 3.499473, 2.499473, 2.112125, 2.499473, 3.268812, 4.668812, 6.268812, 7.636356, 8.816553, 10.0, 10.8, 11.4, 11.6, 9.4, 8.4, 7.0, 5.0, 3.2, 3.765685, 3.531876, 4.144327, 5.803453, 7.909446, 10.296725, 12.0835, 13.523916, 14.517657, 14.790153, 14.343181, 13.449343, 12.008927, 10.033092, 7.854603, 5.348611, 3.889485, 3.296837, 3.869046, 5.549397, 8.522611, 11.340212, 10.320408, 8.671166, 6.390815, 3.417601, 0.0, 0.0, 0.0]"
477,"[0.0, 0.0, 0.0, 0.0, 1.16619, 2.608411, 4.220862, 6.009717, 7.798571, 8.602152, 9.129703, 9.404048, 9.227645, 8.881011, 8.07743, 7.107659, 5.786548, 4.374096, 3.331876, 2.798141, 2.875174, 3.92194, 5.510794, 7.346862, 9.155718, 10.519996, 11.627839, 12.559278, 12.764522, 12.764522, 10.32321, 9.323381, 7.769278, 5.960422, 3.801954, 4.523064, 4.083224, 4.760942, 6.408838, 8.687245, 10.966134, 12.965753, 14.402088, 15.245837, 15.527122, 15.247416, 14.247523, 12.687744, 10.977858, 8.856434, 6.768595, 5.312866, 5.1924, 5.978187, 8.057077, 10.824621, 14.0, 12.4, 10.2, 7.4, 4.0, 0.0, 0.0, 0.0]"
478,"[0.0, 0.0, 0.0, 0.0, 1.16619, 2.608411, 4.328876, 6.215672, 8.102468, 8.823074, 9.26765, 9.433981, 9.159636, 8.715061, 8.108889, 7.070621, 5.631039, 4.218587, 3.176367, 2.495742, 2.724247, 3.800188, 5.389042, 7.048168, 8.780549, 10.209509, 11.294035, 12.225475, 12.77403, 12.88296, 10.376967, 9.381738, 7.738477, 5.730796, 3.489485, 4.338013, 4.006186, 4.773062, 6.453413, 8.944138, 11.068823, 12.912298, 14.324153, 15.167902, 15.319712, 15.037223, 14.321442, 12.786143, 10.942668, 8.732589, 6.489078, 4.880759, 4.809536, 5.809262, 8.088851, 10.994248, 13.988981, 12.339739, 10.059388, 7.147344, 3.794733, 0.0, 0.0, 0.0]"
479,"[0.0, 0.0, 0.0, 0.0, 0.8, 1.8, 3.2, 4.6, 6.2, 7.0, 7.6, 7.6, 7.4, 7.0, 6.4, 5.6, 4.647214, 3.847214, 3.247214, 3.071835, 3.438025, 4.433032, 5.876941, 7.25684, 8.69496, 9.937089, 11.040453, 11.742128, 12.307814, 12.453391, 10.045072, 9.061538, 7.515953, 5.417582, 3.009264, 3.292106, 2.578584, 3.020805, 4.460388, 6.740738, 9.065577, 10.937343, 12.102803, 12.823688, 12.984648, 12.709348, 11.87585, 10.434359, 8.6513, 6.409988, 4.077608, 2.756497, 2.870931, 4.04631, 6.566604, 9.690704, 12.685918, 11.405293, 9.405293, 6.684999, 3.560899, 0.0, 0.0, 0.0]"
480,"[0.0, 0.0, 0.0, 0.0, 0.848528, 1.979899, 3.394113, 4.808326, 6.370376, 7.218904, 7.807998, 7.955835, 7.955835, 7.525156, 6.676628, 5.677273, 4.515223, 3.301009, 2.569638, 2.32111, 2.6, 3.6, 5.012452, 6.423529, 8.059597, 9.339947, 10.176015, 10.843915, 11.268906, 11.042813, 8.762462, 7.926394, 6.646043, 4.609975, 2.6, 3.2, 3.0, 3.6, 5.6, 8.0, 10.2, 11.8, 13.2, 13.8, 14.0, 13.4, 12.8, 11.6, 9.8, 7.6, 5.4, 3.6, 2.8, 3.6, 5.4, 8.2, 11.2, 10.2, 8.4, 6.2, 3.4, 0.0, 0.0, 0.0]"
481,"[0.0, 0.0, 0.0, 0.0, 0.894427, 1.97146, 3.236371, 4.692393, 6.304845, 6.824631, 7.39684, 7.546143, 7.504334, 6.911687, 6.322094, 5.120066, 3.905852, 2.691639, 2.119048, 1.926883, 2.499473, 3.713687, 5.313687, 6.866473, 8.634017, 10.014214, 11.2, 12.2, 12.8, 12.8, 10.4, 9.4, 7.6, 5.4, 3.0, 3.4, 2.8, 3.4, 5.009975, 7.418294, 9.648883, 11.47731, 12.90386, 13.722312, 13.944582, 13.747098, 12.928646, 11.31631, 9.312504, 7.081915, 4.64881, 3.238835, 3.224621, 4.6, 6.8, 10.0, 13.0, 11.6, 9.4, 6.8, 3.6, 0.0, 0.0, 0.0]"
482,"[0.0, 0.0, 0.0, 0.0, 0.824621, 1.844425, 3.300447, 4.756469, 6.46527, 7.349449, 7.8528, 7.8528, 7.661689, 7.029921, 6.340925, 5.41777, 4.361748, 3.096837, 2.219804, 1.832456, 2.126883, 3.007508, 4.569558, 6.349456, 7.84303, 9.356922, 10.484616, 11.483816, 11.912236, 11.912236, 9.503917, 8.509811, 6.79709, 4.671614, 2.545584, 2.992798, 2.578584, 3.427113, 5.124169, 7.532488, 9.775999, 11.618533, 12.764011, 13.784112, 14.218327, 13.935921, 12.937296, 11.536982, 9.536982, 7.094448, 4.686129, 3.474676, 3.297367, 4.086221, 6.192214, 9.245081, 12.218177, 10.953266, 9.164412, 6.658419, 3.605551, 0.0, 0.0, 0.0]"
483,"[0.0, 0.0, 0.0, 0.0, 1.0, 2.4, 4.0, 5.612452, 7.412452, 8.223529, 8.623529, 8.623529, 8.411077, 7.811077, 7.0, 6.0, 4.8, 3.8, 3.0, 2.632456, 2.680984, 3.561609, 4.77406, 6.162914, 7.684525, 8.990063, 10.23926, 10.967748, 11.519834, 11.519834, 9.365768, 8.177587, 6.557757, 4.49966, 2.545594, 3.145594, 3.003953, 4.082843, 5.8, 8.2, 10.407134, 12.233683, 13.440342, 14.447002, 14.654135, 14.454682, 13.628133, 12.221474, 10.414815, 8.207681, 5.6, 3.8, 3.4, 4.011077, 5.819396, 8.878808, 11.734572, 10.534572, 8.723495, 6.315176, 3.255764, 0.0, 0.0, 0.0]"
484,"[0.0, 0.0, 0.0, 0.0, 1.2, 2.6, 4.4, 6.4, 8.4, 9.2, 9.8, 9.8, 9.6, 9.0, 8.2, 7.2, 5.847214, 4.494427, 3.694427, 3.319048, 3.319048, 4.314055, 5.753638, 7.212764, 8.804752, 10.221361, 11.462422, 12.175626, 12.622493, 12.441952, 10.025342, 8.954512, 7.354512, 5.295733, 3.059665, 3.859665, 3.661427, 4.505336, 6.338473, 8.868295, 10.853973, 12.486069, 13.873259, 14.639217, 14.895073, 14.639217, 13.933848, 12.41155, 10.581793, 8.396115, 5.866293, 3.925353, 3.630766, 4.424189, 6.257294, 9.316705, 12.604523, 11.19031, 9.180335, 6.747229, 3.687818, 0.0, 0.0, 0.0]"
485,"[0.0, 0.0, 0.0, 0.0, 1.0, 2.16619, 3.778642, 5.301797, 7.090651, 8.060422, 8.603033, 8.699382, 8.699382, 8.076718, 7.273137, 6.564336, 5.302749, 4.179594, 3.460618, 2.860113, 2.684734, 3.454073, 4.666524, 6.219311, 7.853625, 9.229004, 10.412452, 11.0, 11.2, 11.2, 9.0, 8.0, 6.624621, 4.707464, 2.707464, 3.339919, 3.139919, 4.115298, 6.032456, 8.232456, 10.4, 12.2, 13.4, 14.0, 14.2, 13.8, 13.0, 11.6, 10.0, 8.0, 5.6, 3.8, 3.4, 4.0, 5.609072, 8.416206, 11.22245, 10.02245, 8.22245, 6.013378, 3.206244, 0.0, 0.0, 0.0]"
486,"[0.0, 0.0, 0.0, 0.0, 0.632456, 1.709488, 2.9744, 4.430422, 5.886444, 6.71001, 7.088999, 7.28011, 6.901121, 6.522132, 5.960537, 4.951729, 3.695707, 2.618674, 1.941641, 1.847214, 2.6, 3.814214, 5.658122, 7.29773, 8.778081, 10.107903, 11.223512, 11.979603, 12.539995, 12.600584, 10.070762, 9.190182, 7.609986, 5.609986, 3.469046, 3.869046, 3.068332, 3.462742, 4.706651, 6.787001, 8.948251, 10.942257, 12.370578, 13.217394, 13.482627, 13.047407, 12.048781, 10.620461, 8.650846, 6.505262, 4.579233, 3.535324, 3.337663, 4.460461, 6.534325, 9.686936, 12.430945, 11.214392, 9.370483, 6.89662, 3.544009, 0.0, 0.0, 0.0]"
487,"[0.0, 0.0, 0.0, 0.0, 1.0, 2.2, 3.614214, 5.263456, 6.875907, 7.52515, 7.974392, 8.17263, 7.937601, 7.52515, 6.875907, 6.026665, 4.814214, 3.682843, 2.882843, 2.330056, 2.378584, 3.259209, 4.418587, 5.807441, 7.329999, 8.635537, 9.884735, 10.783454, 11.33554, 11.519834, 9.365768, 8.177587, 6.557757, 4.664031, 2.909965, 3.54242, 3.400779, 4.479669, 6.232456, 8.432456, 10.6, 12.4, 13.6, 14.4, 14.6, 14.2, 13.2, 11.8, 10.0, 7.8, 5.6, 3.882843, 3.359876, 3.772327, 5.408395, 7.986884, 11.104041, 10.027008, 8.414557, 6.178489, 3.4, 0.0, 0.0, 0.0]"
488,"[0.0, 0.0, 0.0, 0.0, 0.824621, 1.901654, 3.243295, 4.685515, 6.127736, 6.745335, 7.110523, 7.211103, 6.935072, 6.569885, 5.952285, 5.110065, 4.067844, 3.184497, 2.507464, 2.482843, 2.959876, 4.08303, 5.520653, 7.120653, 8.583394, 9.769103, 10.654267, 11.342121, 11.75044, 11.613728, 9.350986, 8.504717, 7.096398, 5.320535, 3.194505, 3.594505, 3.032456, 3.594505, 4.805959, 6.931988, 8.940307, 10.485891, 11.485091, 12.202432, 12.484722, 12.202432, 11.500756, 10.381727, 8.541588, 6.333269, 4.40724, 3.387952, 3.210642, 4.386899, 6.603508, 9.449817, 12.118046, 10.853135, 8.955768, 6.539159, 3.49285, 0.0, 0.0, 0.0]"
489,"[0.0, 0.0, 0.0, 0.0, 0.894427, 2.060618, 3.502838, 5.064888, 6.785353, 7.734835, 8.130694, 8.250524, 7.969099, 7.529258, 6.85154, 5.921946, 4.559896, 3.279271, 2.398646, 1.832456, 2.277033, 3.418674, 5.207528, 6.970859, 8.65121, 10.015488, 11.235097, 12.007492, 12.405411, 12.405411, 9.9641, 8.845071, 7.178248, 5.016999, 2.736648, 3.302333, 3.140737, 3.966775, 5.730106, 8.291356, 10.72567, 12.607323, 14.049136, 15.048083, 15.371274, 14.812585, 13.813638, 12.263812, 10.267725, 7.783284, 5.341973, 3.811097, 3.721801, 4.614736, 6.993225, 10.321888, 13.463025, 11.939871, 9.880745, 7.102256, 3.773592, 0.0, 0.0, 0.0]"
490,"[0.0, 0.0, 0.0, 0.0, 0.8, 2.0, 3.4, 4.8, 6.4, 7.2, 7.6, 7.6, 7.6, 7.0, 6.2, 5.2, 4.082843, 2.882843, 2.165685, 1.998141, 2.292568, 3.274636, 4.723879, 6.480644, 8.084256, 9.622934, 10.988612, 11.772475, 12.165972, 12.165972, 9.732867, 8.71473, 7.106246, 4.873141, 2.637073, 3.037073, 2.424621, 3.212452, 5.022427, 7.430746, 9.661335, 11.489762, 12.705738, 13.52419, 13.74646, 13.548976, 12.760156, 11.345943, 9.53732, 7.353944, 5.120839, 3.713687, 3.713687, 4.703858, 6.864325, 9.690874, 12.510954, 11.096741, 9.086765, 6.479084, 3.452535, 0.0, 0.0, 0.0]"
491,"[0.0, 0.0, 0.0, 0.0, 1.0, 2.216553, 3.630766, 5.430766, 7.230766, 8.030766, 8.614214, 8.8, 8.4, 8.0, 7.219804, 6.244425, 5.091639, 3.691639, 2.291639, 1.671835, 1.671835, 2.424621, 4.024621, 5.824621, 7.624621, 9.2, 10.4, 11.2, 11.8, 11.6, 9.2, 8.2, 6.6, 4.4, 2.4, 3.0, 2.8, 3.8, 5.8, 8.4, 10.607134, 12.413793, 13.820037, 14.626696, 14.826696, 14.419562, 13.412903, 11.806659, 9.8, 7.4, 5.0, 3.565685, 3.24631, 4.133106, 6.174418, 9.227285, 12.160171, 10.879546, 8.99275, 6.551439, 3.498571, 0.0, 0.0, 0.0]"
492,"[0.0, 0.0, 0.0, 0.0, 0.894427, 2.060618, 3.341242, 4.755456, 6.452512, 7.255141, 7.786007, 8.067432, 7.933844, 7.236787, 6.434158, 5.369558, 4.207508, 3.126883, 2.526883, 2.432456, 2.8, 3.856022, 5.364823, 6.934594, 8.28866, 9.794653, 10.946312, 11.845192, 12.381413, 12.463416, 9.957423, 8.872896, 7.285019, 5.379027, 3.342959, 3.975414, 3.61845, 4.319111, 5.84514, 8.053459, 10.249431, 12.056454, 13.309203, 14.011601, 14.294007, 13.74593, 12.772717, 11.361553, 9.533126, 7.289614, 5.009264, 3.409264, 3.112125, 4.009491, 6.0921, 9.138409, 12.231259, 10.966348, 9.068981, 6.539159, 3.49285, 0.0, 0.0, 0.0]"
493,"[0.0, 0.0, 0.0, 0.0, 1.0, 2.414214, 3.828427, 5.477669, 7.126912, 7.835712, 8.070741, 8.30577, 8.112549, 7.877521, 7.385273, 6.53603, 5.486788, 4.230766, 3.216553, 2.6, 2.694427, 3.225798, 4.440012, 5.737068, 6.980977, 8.212579, 9.207237, 9.919053, 10.348026, 10.630146, 8.504117, 7.658712, 6.381211, 4.455182, 2.529153, 2.976367, 2.861932, 3.733869, 5.659898, 7.868217, 9.982253, 11.506788, 12.628857, 13.193552, 13.193552, 12.895044, 12.330349, 11.049865, 9.35914, 7.398034, 5.135293, 3.409264, 2.924247, 3.536698, 5.148611, 7.927099, 10.752002, 9.674969, 8.062518, 6.003392, 3.224903, 0.0, 0.0, 0.0]"
494,"[0.0, 0.0, 0.0, 0.0, 1.0, 2.4, 4.0, 5.6, 7.2, 7.8, 8.0, 8.0, 7.8, 7.6, 7.2, 6.4, 5.2, 4.0, 2.8, 2.047214, 2.141641, 3.083282, 4.406436, 5.855678, 7.305831, 8.499466, 9.245886, 9.958799, 10.589908, 10.589908, 8.501847, 7.678696, 6.26725, 4.186899, 2.489532, 3.089532, 3.024621, 3.812452, 5.652059, 7.925923, 9.994256, 11.706299, 13.005892, 13.686578, 13.881048, 13.493066, 12.424931, 11.162129, 9.461639, 7.193306, 4.912955, 3.669046, 3.019804, 3.6, 5.4, 8.2, 10.8, 9.8, 8.2, 6.0, 3.2, 0.0, 0.0, 0.0]"
495,"[0.0, 0.0, 0.0, 0.0, 1.019804, 2.284715, 3.740737, 5.389979, 7.233888, 7.863326, 8.247658, 8.404087, 8.169059, 7.541702, 6.969493, 5.952706, 4.787468, 3.573255, 2.556702, 2.112125, 2.279669, 3.032456, 4.432456, 6.032456, 7.4, 8.8, 9.8, 10.4, 10.8, 11.0, 8.8, 7.8, 6.4, 4.4, 2.2, 2.8, 2.8, 3.8, 5.8, 8.2, 10.4, 12.0, 13.2, 14.0, 14.4, 13.8, 13.2, 12.0, 10.0, 7.6, 5.4, 3.647214, 2.924247, 3.633047, 5.573987, 8.547201, 11.452598, 10.375565, 8.666765, 6.325825, 3.352611, 0.0, 0.0, 0.0]"
496,"[0.0, 0.0, 0.0, 0.0, 1.0, 2.2, 3.8, 5.4, 7.4, 8.2, 8.8, 8.8, 8.6, 8.0, 7.2, 6.2, 5.0, 3.8, 2.6, 2.165685, 2.260113, 3.125024, 4.381046, 6.024955, 7.469244, 8.783889, 9.927297, 10.879594, 11.444004, 11.444004, 9.234932, 8.026613, 6.442915, 4.317439, 2.307464, 2.907464, 2.907464, 3.882843, 5.8, 8.4, 10.8, 12.6, 14.0, 15.0, 15.2, 14.8, 13.8, 12.4, 10.2, 7.8, 5.2, 3.765685, 3.131876, 3.92073, 5.937339, 8.910553, 11.762469, 10.596279, 8.807424, 6.390815, 3.417601, 0.0, 0.0, 0.0]"
497,"[0.0, 0.0, 0.0, 0.0, 0.8, 1.819804, 3.084715, 4.349626, 5.872781, 6.595935, 7.099286, 7.176016, 7.176016, 6.672665, 5.974131, 5.050977, 4.109336, 3.044425, 2.624621, 2.624621, 3.101654, 4.143875, 5.66434, 7.06434, 8.520069, 9.851355, 10.970385, 11.940644, 12.501894, 12.501894, 10.093575, 9.144777, 7.454052, 5.292802, 3.012452, 3.295294, 2.531371, 2.811996, 4.255905, 6.536255, 8.944138, 10.938143, 12.500053, 13.376438, 13.657337, 13.246963, 12.124894, 10.562985, 8.563801, 6.202551, 3.9222, 2.834191, 2.834191, 4.11308, 6.47433, 9.754574, 12.842333, 11.561709, 9.561709, 7.000459, 3.720215, 0.0, 0.0, 0.0]"
498,"[0.0, 0.0, 0.0, 0.0, 0.8, 1.8, 3.0, 4.4, 6.0, 6.8, 7.4, 7.6, 7.4, 6.8, 6.0, 5.0, 3.8, 2.8, 2.082843, 1.915298, 2.335102, 3.549316, 5.160393, 6.887525, 8.464142, 9.844338, 11.037805, 11.826728, 12.424434, 12.623681, 10.223681, 9.228451, 7.628451, 5.42077, 3.012452, 3.412452, 2.8, 3.4, 5.0, 7.2, 9.407681, 11.207681, 12.407681, 13.207681, 13.607681, 13.4, 12.6, 11.2, 9.4, 7.2, 5.0, 3.632456, 3.646669, 4.73473, 7.003063, 9.907898, 13.011751, 11.597537, 9.509476, 6.841143, 3.736308, 0.0, 0.0, 0.0]"
499,"[0.0, 0.0, 0.0, 0.0, 1.077033, 2.600188, 4.308988, 6.206355, 8.294416, 9.305445, 9.679657, 9.868222, 9.620098, 8.988059, 8.241638, 7.344272, 6.01259, 4.810562, 3.801753, 3.284734, 3.304538, 4.138852, 5.491639, 7.244425, 8.828123, 10.438908, 11.646589, 12.675016, 13.082697, 13.082697, 10.452108, 9.444427, 7.816, 5.808319, 3.682843, 4.507464, 4.321677, 4.932754, 6.741073, 9.265364, 11.665646, 13.674881, 15.269682, 16.086266, 16.504035, 15.886813, 14.672437, 13.276534, 11.251631, 8.626728, 6.219047, 4.731085, 4.001735, 4.860861, 6.868542, 10.068542, 13.105091, 11.824466, 9.76534, 7.157659, 3.757659, 0.0, 0.0, 0.0]"
500,"[0.0, 0.0, 0.0, 0.0, 0.8, 2.0, 3.414214, 5.014214, 6.614214, 7.414214, 7.814214, 7.8, 7.6, 7.2, 6.424621, 5.457077, 4.339919, 3.339919, 2.587133, 2.61104, 3.144775, 4.385087, 5.634329, 7.226723, 8.614263, 9.881178, 10.988612, 11.969959, 12.560941, 12.757978, 10.324873, 9.343526, 7.78997, 5.606594, 3.373489, 3.773489, 3.124247, 3.647214, 5.2, 7.4, 9.8, 11.6, 13.0, 14.0, 14.2, 13.8, 12.8, 11.4, 9.2, 6.8, 4.4, 3.2, 2.816553, 3.82763, 6.060735, 9.285638, 12.335295, 11.118743, 9.307666, 6.874561, 3.649658, 0.0, 0.0, 0.0]"
501,"[0.0, 0.0, 0.0, 0.0, 0.72111, 1.72111, 3.001735, 4.415949, 5.977999, 6.818938, 7.380988, 7.514577, 7.231734, 6.669684, 5.956162, 5.026568, 4.012355, 3.163826, 2.563826, 2.515298, 3.082843, 4.282843, 5.811077, 7.421052, 8.85712, 10.090225, 11.120814, 11.940327, 12.560941, 12.757978, 10.324873, 9.294284, 7.663694, 5.433105, 3.0, 3.4, 2.8, 3.4, 5.0, 7.4, 9.6, 11.4, 12.8, 13.6, 13.8, 13.6, 12.8, 11.2, 9.4, 7.2, 4.8, 3.4, 3.4, 4.409975, 6.817109, 10.023353, 12.82923, 11.42923, 9.419255, 6.612121, 3.405877, 0.0, 0.0, 0.0]"
502,"[0.0, 0.0, 0.0, 0.0, 0.8, 2.0, 3.4, 4.8, 6.4, 7.212452, 7.612452, 7.824903, 7.824903, 7.424903, 6.812452, 5.812452, 4.4, 3.2, 2.2, 1.765685, 2.165685, 3.307326, 4.719778, 6.489549, 8.159932, 9.576541, 10.8349, 11.822449, 12.269286, 12.269286, 9.852677, 8.775832, 7.175832, 5.042065, 2.805997, 3.253211, 2.807089, 3.419541, 5.195824, 7.528205, 9.801285, 11.608693, 12.880683, 13.705998, 13.981298, 13.593385, 12.59574, 10.991924, 9.107483, 6.782645, 4.450264, 3.163468, 3.297056, 4.336664, 6.722154, 9.826989, 12.770998, 11.356785, 9.317177, 6.648844, 3.544009, 0.0, 0.0, 0.0]"
503,"[0.0, 0.0, 0.0, 0.0, 1.019804, 2.284715, 3.740737, 5.353188, 6.96564, 7.558288, 7.816531, 7.883664, 7.727234, 7.379694, 6.787046, 6.063892, 4.940737, 3.767558, 3.102647, 2.882843, 3.102647, 4.044287, 5.48191, 6.88191, 8.207939, 9.468486, 10.672429, 11.497549, 11.905868, 12.04258, 9.762229, 8.778695, 7.127538, 5.319219, 3.33932, 3.93932, 3.642181, 4.360205, 5.996273, 8.219423, 10.397912, 12.185869, 13.457858, 14.274658, 14.547154, 14.274658, 13.280916, 11.838696, 9.862861, 7.531586, 5.025593, 3.366467, 3.140799, 3.874843, 6.095962, 9.155374, 12.248224, 11.031671, 9.220594, 6.552262, 3.49285, 0.0, 0.0, 0.0]"
504,"[0.0, 0.0, 0.0, 0.0, 0.824621, 1.844425, 3.060978, 4.673429, 6.285881, 7.073711, 7.666359, 7.86402, 7.665782, 7.073134, 6.285304, 5.238538, 4.271538, 3.057324, 2.484734, 2.381223, 2.89257, 3.85957, 5.470647, 7.223434, 8.902324, 10.225291, 11.411077, 12.2, 12.6, 12.6, 10.2, 9.2, 7.816553, 5.849008, 3.649008, 4.214693, 3.634497, 4.067187, 5.474339, 7.707444, 9.970186, 11.778809, 12.957994, 13.977798, 14.175282, 13.582923, 12.565573, 11.349598, 9.114807, 6.684218, 4.44815, 3.269528, 2.823267, 3.885442, 6.293123, 9.518026, 12.557083, 11.390892, 9.504096, 6.896415, 3.671512, 0.0, 0.0, 0.0]"
505,"[0.0, 0.0, 0.0, 0.0, 1.019804, 2.236356, 3.692378, 5.215533, 6.738688, 7.507738, 7.81434, 7.881473, 7.81434, 7.507738, 6.738688, 6.015533, 5.092378, 3.919199, 3.102647, 2.682843, 2.902647, 3.644287, 5.08191, 6.525819, 8.051848, 9.294786, 10.361464, 11.049318, 11.613728, 11.75044, 9.487698, 8.493593, 6.979701, 4.971382, 2.908641, 3.708641, 3.559338, 4.373712, 5.943483, 8.160093, 10.138581, 11.826635, 13.070799, 14.053992, 14.320664, 13.958785, 13.159886, 11.730076, 9.854144, 7.618076, 5.201467, 3.447401, 3.33846, 4.072504, 6.058396, 9.117807, 11.973571, 10.559358, 8.748281, 6.315176, 3.255764, 0.0, 0.0, 0.0]"
506,"[0.0, 0.0, 0.0, 0.0, 1.0, 2.280625, 3.893076, 5.505528, 7.294382, 8.083237, 8.591466, 8.591466, 8.421235, 7.974022, 7.351358, 6.411031, 5.431035, 4.388815, 3.494388, 2.893883, 2.939782, 3.523879, 4.73633, 6.100194, 7.534508, 8.840081, 10.023529, 11.011077, 11.608319, 11.817391, 9.617391, 8.631605, 6.856226, 4.73075, 2.521677, 3.121677, 2.907464, 3.882843, 5.809072, 8.416753, 10.64518, 12.471729, 13.731141, 14.385633, 14.606379, 14.211057, 13.194483, 11.549285, 9.685721, 7.457294, 5.024189, 3.414214, 3.216553, 4.02763, 5.860735, 8.920146, 11.77591, 10.559358, 8.748281, 6.315176, 3.255764, 0.0, 0.0, 0.0]"
507,"[0.0, 0.0, 0.0, 0.0, 0.8, 1.8, 3.2, 4.812452, 6.461694, 7.310936, 7.923388, 7.937601, 7.541702, 7.109012, 6.45977, 5.647319, 4.633105, 3.616553, 2.8, 2.432456, 2.632456, 3.646669, 5.143725, 6.587634, 8.23553, 9.676841, 10.823877, 11.68807, 12.405411, 12.405411, 9.9641, 8.9649, 7.40365, 5.289614, 3.009264, 3.456477, 3.025798, 3.722854, 5.275641, 7.83689, 10.232211, 12.10084, 13.403784, 14.403784, 14.685068, 14.283845, 13.283845, 11.726066, 9.726066, 7.330745, 4.889434, 3.336648, 3.060618, 3.947414, 6.06145, 9.18555, 12.426154, 11.259964, 9.373167, 6.811918, 3.687818, 0.0, 0.0, 0.0]"
508,"[0.0, 0.0, 0.0, 0.0, 1.16619, 2.507831, 4.030986, 5.739787, 7.637153, 8.368329, 8.735489, 8.921135, 8.735489, 8.179764, 7.448587, 6.588315, 5.511969, 4.588815, 3.968284, 3.696521, 4.112904, 5.0929, 6.502875, 7.990837, 9.704091, 11.23918, 12.433862, 13.231021, 13.829082, 13.829082, 11.029082, 10.021949, 8.431367, 6.518661, 4.31098, 5.159508, 4.701149, 5.27345, 6.719963, 8.849785, 10.974471, 12.795108, 14.168531, 14.989869, 15.43326, 14.989869, 13.981657, 12.663288, 10.578044, 8.052043, 5.722221, 4.462583, 4.180724, 5.22972, 7.5028, 10.74373, 13.732601, 12.170551, 10.044522, 7.324228, 3.883298, 0.0, 0.0, 0.0]"
509,"[0.0, 0.0, 0.0, 0.0, 1.264911, 2.914153, 4.758062, 6.79767, 9.033738, 10.004895, 10.39526, 10.590959, 10.39526, 9.808435, 9.028389, 8.065814, 6.874734, 5.663281, 4.646494, 4.190472, 4.27963, 5.139902, 6.404813, 8.008426, 9.441531, 10.90593, 12.223678, 13.154739, 13.54926, 13.746744, 11.116155, 9.933515, 8.18212, 6.117217, 4.119083, 5.01351, 4.818843, 5.751786, 7.793781, 10.187875, 12.699325, 14.45596, 16.051536, 16.849732, 17.029427, 16.630209, 15.832013, 14.236437, 12.230559, 9.824315, 7.100499, 5.213928, 4.659975, 5.414041, 7.399719, 10.609726, 13.828159, 12.372137, 10.218071, 7.432393, 3.939543, 0.0, 0.0, 0.0]"
510,"[0.0, 0.0, 0.0, 0.0, 1.0, 2.414214, 3.976263, 5.538313, 7.382222, 8.102687, 8.532383, 8.690798, 8.690798, 8.127514, 7.53842, 6.543039, 5.455029, 4.292979, 3.295197, 2.796282, 2.947754, 3.715298, 4.915298, 6.432456, 7.809975, 9.019047, 10.052152, 10.885257, 11.493576, 11.692673, 9.483601, 8.450496, 6.817391, 4.609072, 2.6, 3.2, 3.016553, 4.02763, 6.063698, 8.494287, 10.722714, 12.712405, 14.126231, 14.896823, 15.073367, 14.852621, 13.855449, 12.242998, 10.436338, 8.229205, 5.621524, 3.812452, 3.416553, 4.060461, 5.934325, 8.846369, 11.744853, 10.528301, 8.684392, 6.210528, 3.298485, 0.0, 0.0, 0.0]"
511,"[0.0, 0.0, 0.0, 0.0, 1.0, 2.4, 4.0, 5.8, 7.6, 8.4, 8.8, 8.8, 8.4, 8.0, 7.2, 6.2, 5.047214, 3.847214, 2.647214, 2.212899, 2.307326, 3.076665, 4.332687, 5.976596, 7.420886, 8.735531, 9.72805, 10.680347, 11.045511, 11.045511, 8.836438, 7.843919, 6.455404, 4.529174, 2.519199, 3.119199, 3.102647, 3.682843, 5.609072, 8.017391, 10.245818, 12.052478, 13.459137, 14.057198, 14.477307, 13.857952, 12.861267, 11.665685, 9.858551, 7.477338, 5.268266, 3.705504, 2.914231, 3.75814, 5.546994, 8.410559, 11.41588, 10.396076, 8.552167, 6.3161, 3.452535, 0.0, 0.0, 0.0]"
512,"[0.0, 0.0, 0.0, 0.0, 1.0, 2.216553, 3.672574, 5.381375, 7.090176, 7.798977, 8.291225, 8.291225, 8.038446, 7.594557, 7.102308, 6.193508, 5.337486, 4.164306, 3.299395, 2.882843, 3.102647, 3.844287, 5.28191, 6.88191, 8.207939, 9.596454, 10.663132, 11.350986, 11.759305, 11.759305, 9.350986, 8.384888, 7.053602, 5.245283, 3.119253, 3.719253, 3.541944, 4.185376, 5.748707, 8.309957, 10.552491, 12.28758, 13.540328, 14.219532, 14.349007, 13.947784, 12.947784, 11.53662, 9.694086, 7.450575, 5.009264, 3.456477, 3.159338, 3.948193, 6.006972, 9.137467, 12.267962, 11.003051, 9.214197, 6.708204, 3.577709, 0.0, 0.0, 0.0]"
513,"[0.0, 0.0, 0.0, 0.0, 1.0, 2.4, 4.0, 5.8, 7.6, 8.4, 9.0, 9.0, 8.6, 8.2, 7.6, 6.4, 5.2, 4.0, 2.8, 2.047214, 2.071835, 2.888387, 4.300839, 6.110814, 7.872673, 9.448051, 10.631499, 11.619047, 12.009072, 12.0, 9.6, 8.6, 6.824621, 4.707464, 2.507464, 3.139919, 2.939919, 3.915298, 6.032456, 8.632456, 11.0, 13.006244, 14.406244, 15.212488, 15.619147, 15.219147, 14.212903, 12.812903, 10.606659, 8.0, 5.6, 3.965685, 3.44631, 4.44631, 6.60756, 9.736223, 13.053836, 11.773211, 9.773211, 7.211961, 3.883298, 0.0, 0.0, 0.0]"
514,"[0.0, 0.0, 0.0, 0.0, 0.8, 1.8, 3.2, 4.8, 6.4, 7.2, 7.8, 7.8, 7.6, 7.2, 6.4, 5.4, 4.282843, 3.082843, 2.330056, 2.162512, 2.762512, 3.879669, 5.479669, 7.032456, 8.6, 9.8, 11.2, 12.0, 12.6, 12.8, 10.4, 9.2, 7.6, 5.4, 3.2, 3.6, 3.0, 3.612452, 5.222427, 7.455532, 9.883959, 11.712386, 12.928362, 13.746814, 13.944298, 13.52419, 12.705738, 11.291524, 9.263097, 7.032508, 4.824189, 3.535324, 3.401735, 4.601735, 6.922029, 10.002273, 13.001378, 11.720753, 9.720753, 7.000459, 3.720215, 0.0, 0.0, 0.0]"
515,"[0.0, 0.0, 0.0, 0.0, 1.0, 2.280625, 3.893076, 5.505528, 7.294382, 8.083237, 8.591466, 8.687815, 8.598519, 8.151305, 7.528641, 6.460897, 5.19931, 4.076155, 3.181728, 2.647993, 2.751504, 3.50429, 4.70429, 6.057077, 7.424621, 8.8, 10.008319, 10.617391, 11.026463, 11.226463, 9.026463, 8.018144, 6.609072, 4.6, 2.6, 3.232456, 3.049008, 4.060085, 6.096153, 8.132221, 10.130355, 11.742229, 12.759579, 13.351939, 13.74646, 13.548976, 12.929621, 11.713645, 10.085218, 8.054629, 5.621524, 3.859665, 3.463766, 3.972567, 5.713507, 8.577071, 11.360956, 10.144404, 8.435603, 6.094663, 3.231099, 0.0, 0.0, 0.0]"
516,"[0.0, 0.0, 0.0, 0.0, 1.0, 2.4, 4.012452, 5.85636, 7.700269, 8.544178, 8.79342, 8.79342, 8.363725, 7.719816, 7.075907, 6.426665, 5.414214, 4.282843, 3.482843, 3.082843, 3.159876, 3.901516, 5.339139, 6.939139, 8.265168, 9.596454, 10.800398, 11.625517, 12.033836, 12.170548, 9.762229, 8.778695, 7.310144, 5.301825, 3.039083, 3.639083, 3.154066, 3.689485, 5.289485, 7.850734, 10.093268, 11.858769, 13.088852, 14.062066, 14.34335, 13.781167, 12.938633, 11.510312, 9.537098, 7.141778, 4.861427, 3.308641, 3.060618, 3.849472, 5.908251, 8.792692, 11.84405, 10.677859, 8.889005, 6.383012, 3.498571, 0.0, 0.0, 0.0]"
517,"[0.0, 0.0, 0.0, 0.0, 1.0, 2.4, 4.0, 5.612452, 7.423529, 8.234606, 8.645683, 8.658134, 8.459896, 7.848819, 7.237742, 6.226665, 5.214214, 4.082843, 3.282843, 2.882843, 3.159876, 3.840501, 5.119708, 6.699607, 8.025636, 9.211345, 10.491969, 11.338238, 11.766658, 11.766658, 9.503917, 8.356881, 6.842989, 4.83467, 2.708641, 3.308641, 2.97146, 3.689485, 5.452815, 7.894126, 10.014421, 11.779922, 13.010004, 13.566967, 13.84595, 13.566967, 12.61123, 11.330745, 9.504879, 7.231798, 4.790487, 3.350904, 3.053765, 3.948193, 6.006972, 8.785461, 11.738247, 10.473336, 8.684482, 6.178489, 3.4, 0.0, 0.0, 0.0]"
518,"[0.0, 0.0, 0.0, 0.0, 1.0, 2.2, 3.8, 5.6, 7.4, 8.211077, 8.822154, 8.822154, 8.622154, 8.222154, 7.411077, 6.4, 5.2, 3.6, 2.4, 1.965685, 2.060113, 2.925024, 4.339237, 5.950314, 7.593701, 9.107593, 10.251001, 11.236787, 11.834029, 11.824957, 9.416638, 8.408319, 6.83294, 4.707464, 2.507464, 3.107464, 2.907464, 3.882843, 5.8, 8.4, 10.8, 12.8, 14.2, 15.2, 15.6, 15.0, 13.8, 12.4, 10.2, 7.8, 5.6, 4.165685, 3.497056, 4.340965, 6.302215, 9.155082, 12.087968, 10.956597, 9.112688, 6.551439, 3.498571, 0.0, 0.0, 0.0]"
519,"[0.0, 0.0, 0.0, 0.0, 0.8, 1.819804, 3.036356, 4.492378, 6.141621, 6.990863, 7.427081, 7.66655, 7.427081, 6.797643, 6.1484, 5.292378, 4.236356, 3.219804, 2.6, 2.494427, 2.894427, 3.908641, 5.55255, 7.15255, 8.699434, 10.140745, 11.334212, 12.097984, 12.705665, 12.427685, 9.986374, 8.940743, 7.333062, 5.291066, 3.327735, 3.727735, 3.165685, 3.621707, 4.953389, 7.094329, 9.294329, 10.894329, 12.038307, 12.74094, 12.74094, 12.295006, 11.592373, 10.448394, 8.48085, 6.33991, 4.385844, 3.288478, 3.232456, 4.6, 6.8, 9.8, 12.6, 11.2, 9.2, 6.8, 3.6, 0.0, 0.0, 0.0]"
520,"[0.0, 0.0, 0.0, 0.0, 1.0, 2.4, 4.0, 5.8, 7.6, 8.4, 8.8, 9.0, 8.8, 8.2, 7.6, 6.6, 5.247214, 4.047214, 3.247214, 2.612899, 2.707326, 3.426303, 4.549458, 6.046824, 7.5692, 8.955124, 10.222038, 11.131989, 11.667727, 11.815734, 9.535383, 8.5583, 6.846305, 4.696043, 2.659975, 3.259975, 3.203953, 4.282843, 6.2, 8.6, 11.0, 12.8, 14.2, 15.2, 15.4, 15.0, 14.0, 12.4, 10.4, 8.2, 5.8, 4.047214, 3.663766, 4.307675, 5.988026, 8.76124, 11.666637, 10.450084, 8.606176, 6.325825, 3.352611, 0.0, 0.0, 0.0]"
521,"[0.0, 0.0, 0.0, 0.0, 1.019804, 2.434017, 4.046469, 5.857546, 7.867521, 8.857692, 9.254556, 9.453181, 9.254556, 8.658794, 7.865372, 6.878916, 5.633524, 4.421073, 3.454073, 2.803206, 2.873012, 3.572237, 4.881038, 6.521886, 8.192268, 9.730946, 11.294462, 12.216251, 12.796522, 12.993559, 10.560454, 9.381269, 7.645107, 5.259617, 3.026512, 3.826512, 3.57727, 4.682843, 6.8, 9.4, 11.806244, 13.612488, 14.818732, 15.624976, 15.831635, 15.425391, 14.619147, 13.212903, 11.206659, 8.8, 6.0, 4.0, 3.4, 4.2, 6.207681, 9.432584, 12.654738, 11.454738, 9.454738, 6.847057, 3.622154, 0.0, 0.0, 0.0]"
522,"[0.0, 0.0, 0.0, 0.0, 1.077033, 2.341944, 3.865099, 5.573899, 7.362754, 8.074575, 8.598519, 8.687815, 8.502169, 8.169337, 7.400286, 6.411432, 5.398981, 4.075826, 3.019804, 2.632456, 2.726883, 3.293073, 4.507287, 5.804343, 7.171887, 8.557811, 9.832932, 10.860029, 11.604284, 11.730313, 9.449963, 8.289276, 6.696493, 4.455182, 2.529153, 3.129153, 3.113439, 4.053765, 6.089833, 8.573115, 10.92608, 12.791664, 14.133304, 15.027732, 15.208014, 14.761043, 13.689673, 12.348033, 10.111965, 7.531243, 5.02525, 3.566124, 2.97727, 3.882843, 6.0, 9.206244, 12.012121, 10.812121, 9.012121, 6.612121, 3.405877, 0.0, 0.0, 0.0]"
523,"[0.0, 0.0, 0.0, 0.0, 0.894427, 2.060618, 3.502838, 5.064888, 6.785353, 7.734835, 8.130694, 8.250524, 8.130694, 7.57642, 6.809544, 6.072115, 5.110065, 4.067844, 3.348868, 3.071835, 3.447214, 4.247214, 5.459665, 6.85636, 8.144422, 9.285362, 10.226302, 10.95479, 11.451821, 11.451821, 9.110881, 8.382393, 7.041453, 5.300513, 3.212452, 3.659665, 2.941641, 3.464795, 4.65365, 6.807716, 8.960502, 10.666075, 11.928598, 12.925421, 13.371355, 12.925421, 12.034222, 10.704566, 8.813316, 6.413316, 4.25925, 3.182905, 3.068524, 3.962951, 6.095331, 9.048296, 11.993549, 10.651909, 8.863054, 6.530673, 3.577709, 0.0, 0.0, 0.0]"
524,"[0.0, 0.0, 0.0, 0.0, 1.16619, 2.608411, 4.305467, 6.002523, 7.846432, 8.524151, 9.061829, 9.061829, 8.926823, 8.363539, 7.68582, 6.600349, 5.503292, 4.388456, 3.740287, 3.398717, 3.581323, 4.593775, 5.867026, 7.3606, 8.79872, 10.267272, 11.345545, 12.315805, 12.880501, 13.026078, 10.480493, 9.633677, 8.109143, 6.050874, 4.363665, 5.188286, 4.758591, 5.436309, 7.277717, 9.22494, 11.45973, 13.150352, 14.365855, 14.951403, 15.146634, 14.91565, 14.046883, 12.798548, 11.195158, 9.226021, 6.844808, 5.32985, 4.783684, 5.297434, 7.003006, 9.866382, 13.007913, 11.743002, 9.773231, 7.173231, 3.862642, 0.0, 0.0, 0.0]"
525,"[0.0, 0.0, 0.0, 0.0, 1.280625, 2.694838, 4.391895, 6.371794, 8.351693, 9.050967, 9.616652, 9.899495, 9.616652, 9.198803, 8.499529, 7.414057, 6.066614, 4.769558, 3.607508, 2.959338, 2.959338, 3.741096, 5.038153, 6.482061, 8.129957, 9.676841, 10.870308, 11.780933, 12.378335, 12.261315, 9.820004, 8.654543, 7.178233, 5.369378, 3.48889, 4.508694, 4.480687, 5.359291, 7.357425, 10.101131, 12.533862, 14.572184, 15.985658, 16.778517, 16.976871, 16.530995, 15.68614, 14.3023, 12.293065, 9.962589, 7.403143, 5.64399, 5.018596, 5.604382, 7.430249, 10.481607, 13.516376, 12.102163, 10.102163, 7.381869, 3.883298, 0.0, 0.0, 0.0]"
526,"[0.0, 0.0, 0.0, 0.0, 1.131371, 2.545584, 4.242641, 6.08655, 7.930458, 8.642997, 9.072692, 9.219544, 8.937686, 8.50799, 7.795452, 6.84597, 5.826683, 4.897088, 4.203985, 4.149647, 4.669433, 5.644812, 7.022332, 8.53729, 9.93412, 11.188239, 12.251804, 13.105393, 13.732889, 13.69213, 11.023798, 9.97131, 8.507746, 6.468803, 4.235698, 4.956808, 4.311922, 4.700776, 6.112223, 8.512223, 10.764326, 12.760414, 14.133837, 15.060047, 15.43326, 15.060047, 14.051835, 12.786924, 10.701679, 8.175679, 5.775679, 4.51604, 4.060894, 5.147192, 7.584419, 10.784419, 13.737069, 12.294849, 10.131518, 7.247077, 3.847077, 0.0, 0.0, 0.0]"
527,"[0.0, 0.0, 0.0, 0.0, 1.0, 2.16619, 3.608411, 5.220862, 7.009717, 7.798571, 8.421235, 8.591466, 8.502169, 7.879505, 7.256841, 6.189097, 5.209101, 4.085947, 3.202599, 2.668864, 2.967558, 3.735102, 4.935102, 6.452259, 7.819804, 9.0, 10.008319, 10.816638, 11.216638, 11.416638, 9.216638, 8.208319, 6.6, 4.6, 2.6, 3.232456, 3.049008, 4.092917, 6.128985, 8.559574, 10.953668, 12.763665, 13.946305, 14.736786, 14.934624, 14.538664, 13.721187, 12.307089, 10.48054, 8.252113, 5.621524, 3.859665, 3.267017, 3.964384, 5.894206, 8.86742, 11.837808, 10.818004, 8.920637, 6.390815, 3.417601, 0.0, 0.0, 0.0]"
528,"[0.0, 0.0, 0.0, 0.0, 1.077033, 2.341944, 3.797966, 5.447208, 7.291117, 8.057993, 8.636991, 8.830211, 8.636991, 8.057993, 7.291117, 6.341635, 5.139607, 4.083585, 3.265887, 2.75454, 2.684734, 3.454073, 4.666524, 6.030388, 7.464702, 8.840081, 10.023529, 10.811077, 11.4, 11.6, 9.4, 8.414214, 6.814214, 4.697056, 2.697056, 3.329512, 3.131851, 4.131851, 6.049008, 8.257327, 10.624871, 12.408319, 13.608319, 14.408319, 14.8, 14.4, 13.6, 12.2, 10.4, 8.2, 5.6, 3.847214, 3.463766, 3.913008, 5.786872, 8.698916, 11.604313, 10.387761, 8.738518, 6.264655, 3.352611, 0.0, 0.0, 0.0]"
529,"[0.0, 0.0, 0.0, 0.0, 0.894427, 2.060618, 3.502838, 5.11529, 6.727741, 7.622168, 8.06843, 8.238661, 8.06843, 7.622168, 6.833314, 5.786548, 4.456939, 3.214719, 2.248528, 1.848528, 2.282843, 3.216553, 4.665795, 6.363161, 7.917227, 9.333836, 10.533893, 11.484651, 11.928224, 11.928224, 9.511615, 8.551028, 6.970832, 5.029892, 2.875826, 3.323039, 2.94405, 3.633047, 5.387113, 7.803722, 10.142186, 12.111463, 13.633761, 14.526004, 14.895073, 14.526004, 13.449467, 11.86761, 9.841105, 7.455427, 5.038818, 3.701502, 3.332884, 4.31308, 6.47433, 9.5856, 12.6301, 11.349475, 9.349475, 6.788225, 3.676955, 0.0, 0.0, 0.0]"
530,"[0.0, 0.0, 0.0, 0.0, 1.0, 2.4, 3.8, 5.4, 7.2, 8.0, 8.4, 8.6, 8.6, 8.2, 7.6, 6.6, 5.6, 4.282843, 3.082843, 2.330056, 2.378584, 3.120225, 4.360537, 5.949392, 7.399545, 8.705082, 9.704382, 10.522167, 11.074252, 11.146657, 8.992592, 7.817842, 6.371329, 4.313232, 2.54346, 3.14346, 3.054303, 3.868676, 5.7399, 8.1399, 10.403464, 12.37274, 13.710249, 14.602492, 14.78817, 14.341215, 13.354031, 12.016523, 9.864641, 7.526177, 5.109568, 3.650442, 2.941641, 3.847214, 5.808319, 8.834868, 11.687403, 10.687403, 8.887403, 6.479084, 3.452535, 0.0, 0.0, 0.0]"
531,"[0.0, 0.0, 0.0, 0.0, 0.72111, 1.615537, 2.69257, 4.034211, 5.490233, 6.225145, 6.78674, 6.974618, 6.897888, 6.336293, 5.601382, 4.592573, 3.527662, 2.462751, 1.968324, 2.047214, 2.6, 3.8, 5.4, 7.0, 8.409072, 9.817391, 11.04798, 11.87857, 12.486251, 12.685497, 10.277178, 9.246589, 7.616, 5.408319, 3.0, 3.4, 2.6, 3.0, 4.411077, 6.647145, 8.877734, 10.884868, 12.313295, 13.309352, 13.680965, 13.259448, 12.252314, 10.823887, 9.016753, 6.809072, 4.8, 3.72111, 3.662751, 4.721877, 7.005159, 9.935654, 12.886056, 11.544415, 9.485289, 6.802007, 3.671512, 0.0, 0.0, 0.0]"
532,"[0.0, 0.0, 0.0, 0.0, 1.019804, 2.236356, 3.885599, 5.534841, 7.37875, 8.256312, 8.748561, 8.808119, 8.614899, 8.185204, 7.50439, 6.595589, 5.486788, 4.230766, 3.016553, 2.432456, 2.353566, 3.034191, 4.276411, 5.688863, 7.115533, 8.630491, 9.682247, 10.656636, 11.376565, 11.376565, 9.140497, 8.088741, 6.393242, 4.343704, 2.484578, 3.084578, 3.020505, 4.008196, 5.879419, 8.279419, 10.725728, 12.555485, 14.077783, 14.970027, 15.155704, 14.709395, 13.817152, 12.294854, 10.325577, 7.822742, 5.222742, 3.668676, 3.159876, 3.882843, 6.0, 9.2, 12.2, 11.0, 9.2, 6.8, 3.6, 0.0, 0.0, 0.0]"
533,"[0.0, 0.0, 0.0, 0.0, 0.8, 1.8, 3.2, 4.6, 6.212452, 7.024903, 7.624903, 7.624903, 7.424903, 7.012452, 6.4, 5.4, 4.282843, 3.282843, 2.482843, 2.203953, 2.603953, 3.763331, 5.352185, 7.106251, 8.726081, 10.255903, 11.343505, 12.274944, 12.6507, 12.6507, 10.120878, 9.114211, 7.560107, 5.59597, 3.45503, 3.902244, 3.379089, 3.612899, 5.047214, 7.255533, 9.615453, 11.422586, 13.029246, 13.83638, 14.028061, 13.620927, 12.613793, 11.207134, 9.2, 6.8, 4.4, 3.2, 3.014214, 4.058122, 6.526455, 9.782219, 12.831877, 11.417663, 9.573754, 6.905422, 3.649658, 0.0, 0.0, 0.0]"
534,"[0.0, 0.0, 0.0, 0.0, 1.0, 2.280625, 3.842675, 5.56314, 7.283605, 8.00407, 8.44391, 8.602325, 8.324081, 7.884241, 7.295146, 6.423209, 5.3352, 4.292979, 3.295197, 2.796282, 2.947754, 3.715298, 4.915298, 6.632456, 8.0, 9.2, 10.0, 10.609072, 10.818144, 11.018144, 8.818144, 8.018144, 6.609072, 4.6, 2.6, 3.2, 3.016553, 4.02763, 6.036702, 8.245021, 10.452154, 12.042736, 13.238318, 13.83638, 14.028061, 13.629246, 13.022112, 11.615453, 10.008319, 8.008319, 5.6, 3.8, 3.416553, 4.060461, 5.893566, 8.757131, 11.612895, 10.396342, 8.552433, 6.119328, 3.255764, 0.0, 0.0, 0.0]"
535,"[0.0, 0.0, 0.0, 0.0, 0.8, 2.0, 3.2, 4.614214, 6.226665, 7.075907, 7.488359, 7.702572, 7.504911, 7.09246, 6.443218, 5.430766, 4.463766, 3.647214, 3.047214, 2.871835, 3.438025, 4.552861, 5.99677, 7.376669, 8.81479, 9.911341, 10.75761, 11.32202, 11.604863, 11.604863, 9.342121, 8.495852, 7.087533, 5.272005, 3.009264, 3.292106, 2.578584, 2.992798, 4.389493, 6.652235, 8.777711, 10.337502, 11.484538, 12.048948, 12.048948, 11.766658, 11.202248, 9.921624, 8.234415, 6.171673, 4.245644, 3.122845, 3.122845, 4.401735, 6.610054, 9.410054, 12.249843, 10.969218, 8.969218, 6.560899, 3.560899, 0.0, 0.0, 0.0]"
536,"[0.0, 0.0, 0.0, 0.0, 1.0, 2.4, 4.0, 5.8, 7.8, 8.8, 9.2, 9.4, 9.2, 8.6, 7.619804, 6.644425, 5.291639, 3.891639, 2.691639, 2.119048, 2.119048, 3.086048, 4.4985, 6.308475, 8.061261, 9.83664, 11.022427, 12.009975, 12.6, 12.6, 10.0, 8.8, 7.2, 5.0, 2.8, 3.4, 3.2, 4.2, 6.2, 9.0, 11.6, 13.6, 14.8, 15.6, 15.8, 15.2, 14.2, 12.8, 10.6, 8.0, 5.6, 4.12111, 3.662751, 4.632523, 6.832523, 9.985134, 12.869575, 11.527934, 9.558162, 6.958162, 3.605551, 0.0, 0.0, 0.0]"
537,"[0.0, 0.0, 0.0, 0.0, 0.8, 1.8, 3.016553, 4.416553, 5.816553, 6.616553, 7.216553, 7.4, 7.4, 7.019804, 6.219804, 5.252259, 4.135102, 2.935102, 2.362512, 2.194967, 2.582316, 3.699473, 5.299473, 6.852259, 8.419804, 9.8, 11.0, 11.8, 12.2, 12.4, 10.0, 9.0, 7.4, 5.4, 3.0, 3.4, 2.8, 3.4, 5.0, 7.4, 9.8, 11.6, 12.8, 13.6, 13.8, 13.4, 12.6, 11.2, 9.2, 7.0, 4.8, 3.432456, 3.488478, 4.776539, 7.096833, 10.059111, 12.970664, 11.514642, 9.426581, 6.706287, 3.544009, 0.0, 0.0, 0.0]"
538,"[0.0, 0.0, 0.0, 0.0, 1.0, 2.341641, 3.954092, 5.662893, 7.632665, 8.530031, 9.158162, 9.254511, 9.068865, 8.440734, 7.709558, 6.460897, 5.384552, 4.261397, 3.36697, 2.647993, 2.726883, 3.494427, 4.894427, 6.447214, 8.209072, 9.817391, 11.025072, 11.832753, 12.241072, 12.432, 10.023681, 8.816, 7.208319, 5.2, 3.0, 3.632456, 3.497367, 4.146609, 6.02696, 8.495293, 10.774881, 12.614805, 14.070397, 14.894882, 15.138593, 14.894882, 14.070397, 12.614805, 10.726522, 8.414478, 5.746146, 3.913008, 3.429956, 4.1002, 6.107881, 9.270159, 12.428497, 11.262306, 9.37551, 6.767829, 3.605551, 0.0, 0.0, 0.0]"
539,"[0.0, 0.0, 0.0, 0.0, 1.0, 2.280625, 3.694838, 5.391895, 7.088951, 7.93286, 8.496144, 8.778987, 8.64398, 8.227549, 7.515011, 6.392212, 5.295156, 4.133106, 3.299695, 2.768324, 3.047214, 3.663766, 4.67798, 5.880008, 7.24978, 8.59072, 9.790777, 10.793172, 11.560539, 11.744833, 9.403894, 8.401498, 6.784889, 4.568279, 2.614214, 3.179899, 2.931876, 3.92073, 5.884061, 8.291742, 10.333737, 12.220415, 13.316001, 14.037111, 14.149725, 14.048036, 13.231237, 11.959247, 10.151839, 8.031545, 5.525552, 3.736698, 3.255617, 3.899049, 5.707368, 8.680582, 11.489133, 10.357762, 8.637297, 6.228978, 3.255764, 0.0, 0.0, 0.0]"
540,"[0.0, 0.0, 0.0, 0.0, 1.077033, 2.418674, 4.031125, 5.643577, 7.364042, 8.130918, 8.509742, 8.45934, 8.289109, 7.910285, 7.143409, 6.247565, 5.285515, 4.243295, 3.101654, 2.624621, 2.624621, 3.366262, 4.578713, 6.099179, 7.499179, 8.954908, 10.021586, 10.817454, 11.37734, 11.37734, 9.096989, 8.13089, 6.443682, 4.363331, 2.563331, 3.010544, 2.734514, 3.733869, 5.659898, 8.150623, 10.531837, 12.476916, 13.867721, 14.714905, 14.997394, 14.714552, 13.729311, 12.338506, 10.213821, 7.68782, 5.142236, 3.616207, 2.915546, 3.71626, 5.609986, 8.5832, 11.47605, 10.456246, 8.807004, 6.466064, 3.49285, 0.0, 0.0, 0.0]"
541,"[0.0, 0.0, 0.0, 0.0, 0.824621, 2.089532, 3.431173, 5.151638, 6.872103, 7.767947, 8.115487, 8.386298, 8.108054, 7.553779, 6.910347, 6.097895, 4.885444, 3.726066, 3.159876, 2.882843, 3.082843, 4.138865, 5.564823, 7.023949, 8.55633, 9.997641, 11.102868, 11.955317, 12.337502, 12.168452, 9.727141, 8.778343, 7.236897, 5.395586, 3.232255, 3.864711, 3.41845, 4.119111, 5.519111, 7.799462, 9.857731, 11.664754, 12.917503, 13.760037, 14.170411, 14.040936, 13.067722, 11.508722, 9.666188, 7.422677, 4.861427, 3.261427, 3.112125, 4.081896, 6.234683, 9.280992, 12.638651, 11.37374, 9.403968, 6.803968, 3.757659, 0.0, 0.0, 0.0]"
542,"[0.0, 0.0, 0.0, 0.0, 1.0, 2.2, 3.8, 5.4, 7.2, 8.011077, 8.611077, 8.611077, 8.411077, 7.811077, 7.2, 6.2, 5.047214, 4.094427, 3.294427, 2.726883, 2.775411, 3.608822, 4.77406, 6.260856, 7.687527, 9.075067, 10.211051, 10.939539, 11.288811, 11.465753, 9.229685, 8.255296, 6.762885, 4.926817, 2.890749, 3.490749, 3.248528, 4.211077, 6.020149, 8.253254, 10.481681, 12.308231, 13.556565, 14.17592, 14.373404, 13.978082, 12.961508, 11.31631, 9.487883, 7.257294, 4.824189, 3.214214, 3.0, 3.8, 6.0, 9.0, 11.8, 10.6, 8.8, 6.2, 3.2, 0.0, 0.0, 0.0]"
543,"[0.0, 0.0, 0.0, 0.0, 0.72111, 1.72111, 2.852481, 4.133106, 5.695156, 6.536096, 6.978316, 7.12757, 7.12757, 6.56552, 5.851998, 4.856991, 3.776367, 2.695742, 2.095742, 2.047214, 2.816553, 4.072574, 5.581375, 7.151147, 8.587215, 9.876655, 11.028314, 11.927194, 12.565104, 12.565104, 10.059111, 8.974585, 7.443937, 5.436256, 3.200188, 3.400188, 2.725561, 3.062742, 4.306651, 6.569392, 9.060117, 10.902314, 12.316527, 13.163343, 13.446186, 12.88149, 12.034674, 10.486872, 8.517258, 6.171673, 4.245644, 3.201735, 3.186021, 4.552972, 6.769582, 9.80068, 12.758339, 11.493428, 9.405367, 6.988758, 3.757659, 0.0, 0.0, 0.0]"
544,"[0.0, 0.0, 0.0, 0.0, 0.8, 1.8, 3.2, 4.8, 6.4, 7.2, 7.8, 7.8, 7.4, 7.0, 6.4, 5.432456, 4.315298, 3.315298, 2.562512, 2.283622, 2.817357, 4.057669, 5.701578, 7.293972, 8.80893, 10.075844, 11.160371, 11.924143, 12.515124, 12.488128, 10.055023, 9.059794, 7.471917, 5.288541, 3.279469, 3.726683, 3.134035, 3.726683, 5.279469, 7.487788, 9.840574, 11.82077, 13.214978, 14.022112, 14.221474, 13.630546, 12.441623, 11.034964, 9.052451, 6.64477, 4.435698, 3.257077, 2.998717, 4.233222, 6.716504, 10.027093, 12.972346, 11.630705, 9.571579, 6.888298, 3.577709, 0.0, 0.0, 0.0]"
545,"[0.0, 0.0, 0.0, 0.0, 1.019804, 2.236356, 3.65057, 5.263022, 7.074099, 7.865372, 8.459896, 8.645683, 8.447445, 7.85292, 7.061647, 6.075191, 5.040877, 3.826663, 3.01011, 2.555992, 2.625798, 3.325024, 4.539237, 5.950314, 7.394604, 8.709249, 9.65341, 10.439197, 10.82812, 11.027217, 8.818144, 8.023286, 6.647907, 4.73075, 2.721677, 3.521677, 3.307464, 4.282843, 6.2, 8.4, 10.2, 12.0, 13.0, 13.6, 13.8, 13.6, 12.8, 11.6, 9.8, 7.8, 5.4, 3.482843, 3.099395, 3.996762, 5.737702, 8.523379, 11.471636, 10.255083, 8.357717, 6.016777, 3.231099, 0.0, 0.0, 0.0]"
546,"[0.0, 0.0, 0.0, 0.0, 0.8, 1.8, 3.0, 4.414214, 6.026665, 6.839117, 7.451568, 7.665782, 7.451568, 6.839117, 6.026665, 5.014214, 4.0, 3.0, 2.447214, 2.368324, 2.768324, 3.810544, 5.399399, 7.106251, 8.726081, 10.255903, 11.343505, 12.274944, 12.6507, 12.590111, 10.060289, 9.053622, 7.499518, 5.535381, 3.45503, 3.902244, 3.379089, 3.812899, 5.247214, 7.447214, 9.6, 11.4, 12.8, 13.8, 14.2, 13.8, 13.0, 11.4, 9.2, 6.6, 4.4, 3.032456, 2.897367, 4.067138, 6.39696, 9.559238, 12.532334, 11.267423, 9.297651, 6.767829, 3.605551, 0.0, 0.0, 0.0]"
547,"[0.0, 0.0, 0.0, 0.0, 1.0, 2.216553, 3.672574, 5.321817, 7.030617, 7.739418, 8.231666, 8.231666, 8.038446, 7.546198, 6.837397, 5.928596, 5.072574, 3.899395, 3.082843, 2.882843, 3.102647, 3.844287, 5.28191, 6.88191, 8.207939, 9.596454, 10.800398, 11.488251, 11.89657, 11.89657, 9.488251, 8.384888, 6.870996, 4.862677, 2.736648, 3.336648, 2.97146, 3.689485, 5.176281, 7.617592, 9.578842, 11.475022, 12.705105, 13.660843, 13.910256, 13.629358, 12.656144, 11.37566, 9.533126, 7.289614, 5.009264, 3.456477, 3.236068, 4.024922, 6.083702, 9.214197, 12.166983, 10.825342, 9.036488, 6.530495, 3.4, 0.0, 0.0, 0.0]"
548,"[0.0, 0.0, 0.0, 0.0, 1.264911, 2.788066, 4.57692, 6.463716, 8.350513, 8.972398, 9.336039, 9.433981, 9.159636, 8.614481, 7.992596, 7.125604, 6.038807, 4.992041, 4.282856, 4.037749, 4.282856, 5.095307, 6.416418, 7.947294, 9.368801, 10.665139, 11.895222, 12.85096, 13.407923, 13.527862, 10.966612, 10.010874, 8.433251, 6.312957, 4.03455, 4.859171, 4.314016, 4.935901, 6.499232, 8.936683, 11.112062, 13.050665, 14.444113, 15.561026, 15.840732, 15.561026, 14.444113, 12.884334, 10.945731, 8.666841, 5.946547, 4.415672, 4.404007, 5.216432, 7.281, 10.698601, 13.928787, 12.219987, 10.065921, 7.280243, 3.862642, 0.0, 0.0, 0.0]"
549,"[0.0, 0.0, 0.0, 0.0, 0.824621, 2.041174, 3.455387, 5.055387, 6.655387, 7.430766, 7.814214, 7.8, 7.614214, 7.230766, 6.65057, 5.683026, 4.730239, 3.516026, 2.746687, 2.447993, 2.89257, 3.968511, 5.417754, 7.010148, 8.722143, 10.275699, 11.383134, 12.364481, 12.955462, 12.955462, 10.324873, 9.343526, 7.78997, 5.606594, 3.373489, 3.773489, 3.124247, 3.647214, 5.2, 7.4, 9.8, 11.8, 13.2, 14.2, 14.4, 14.0, 12.8, 11.4, 9.2, 6.8, 4.4, 3.2, 2.816553, 4.05616, 6.524493, 9.780257, 13.027334, 11.810782, 9.771174, 7.102841, 3.847077, 0.0, 0.0, 0.0]"
550,"[0.0, 0.0, 0.0, 0.0, 0.8, 1.8, 3.0, 4.414214, 6.026665, 6.839117, 7.451568, 7.665782, 7.665782, 7.05333, 6.240879, 5.228427, 4.014214, 2.8, 2.082843, 1.848528, 2.248528, 3.390169, 4.80262, 6.489549, 8.07793, 9.41887, 10.607051, 11.524422, 12.084472, 12.271346, 9.930406, 8.923739, 7.288344, 5.041365, 2.700425, 3.100425, 2.597074, 3.351889, 5.157107, 7.437458, 9.757752, 11.649992, 12.912794, 13.545027, 13.794498, 13.354555, 12.339878, 10.692745, 8.866878, 6.619898, 4.339548, 3.042181, 3.37727, 4.682843, 7.2, 10.4, 13.6, 12.0, 9.8, 7.0, 3.8, 0.0, 0.0, 0.0]"
551,"[0.0, 0.0, 0.0, 0.0, 1.077033, 2.243223, 3.685444, 5.247494, 6.967959, 7.452976, 7.848835, 7.968665, 7.848835, 7.408995, 6.923978, 6.186549, 5.224499, 4.182279, 3.348868, 3.071835, 3.447214, 4.447214, 5.858291, 7.450685, 8.886753, 9.967104, 10.840967, 11.503753, 11.897251, 11.897251, 9.6169, 8.743036, 7.469173, 5.636068, 3.4, 3.965685, 3.442718, 3.69874, 5.138348, 7.418699, 9.521346, 11.112646, 12.520188, 13.148914, 13.536895, 13.104631, 12.475906, 11.026555, 9.182843, 6.71451, 4.678442, 3.238835, 3.041174, 4.304614, 6.634436, 9.596714, 12.733022, 11.516469, 9.428408, 6.898586, 3.736308, 0.0, 0.0, 0.0]"
552,"[0.0, 0.0, 0.0, 0.0, 0.8, 2.016553, 3.281464, 4.737486, 6.193508, 6.916662, 7.223264, 7.414375, 7.223264, 6.787046, 6.263892, 5.340737, 4.284715, 3.467017, 3.047214, 2.871835, 3.348868, 4.561319, 6.000902, 7.400902, 8.70231, 9.888019, 10.683886, 11.205409, 11.613728, 11.768049, 9.505308, 8.70944, 7.195549, 5.18723, 2.906879, 3.189721, 2.57727, 3.125063, 4.725063, 6.851092, 9.009561, 10.617242, 11.895315, 12.502996, 12.657318, 12.379338, 11.560511, 10.006407, 8.293154, 6.212803, 4.249472, 3.093073, 3.207508, 4.292979, 6.638564, 9.549834, 12.455739, 11.175114, 9.195215, 6.649631, 3.538361, 0.0, 0.0, 0.0]"
553,"[0.0, 0.0, 0.0, 0.0, 0.848528, 1.979899, 3.394113, 4.956162, 6.518212, 7.231734, 7.662413, 7.662413, 7.380988, 6.950309, 6.236787, 5.240423, 4.226209, 2.945584, 2.214214, 1.965685, 2.2, 3.064911, 4.588066, 5.97692, 7.436046, 8.968427, 10.144827, 11.229353, 11.77288, 11.77288, 9.440499, 8.340829, 6.557769, 4.425388, 2.366262, 2.813476, 2.471835, 3.259665, 5.118791, 7.451172, 9.782447, 11.735412, 13.075925, 13.795288, 14.241396, 13.795288, 12.729119, 11.299309, 9.597853, 7.219365, 4.886984, 3.600188, 3.341944, 4.151707, 6.359388, 9.359388, 12.36494, 11.100028, 9.213232, 6.605551, 3.605551, 0.0, 0.0, 0.0]"
554,"[0.0, 0.0, 0.0, 0.0, 0.8, 2.016553, 3.430766, 4.886788, 6.49924, 7.348482, 7.781172, 7.82298, 7.82298, 7.230332, 6.38109, 5.331848, 4.275826, 2.819804, 2.0, 1.765685, 2.165685, 3.207906, 4.820357, 6.507154, 8.177536, 9.594145, 10.751925, 11.739473, 12.269286, 12.269286, 9.852677, 8.775832, 6.896942, 4.763176, 2.527108, 2.927108, 2.480986, 3.28303, 4.969959, 7.386568, 9.66985, 11.456381, 12.796791, 13.690583, 13.957256, 13.690583, 12.796791, 11.375447, 9.40631, 7.005871, 4.789262, 3.41949, 3.57727, 4.882843, 7.4, 10.6, 13.8, 12.2, 10.0, 7.2, 3.8, 0.0, 0.0, 0.0]"
555,"[0.0, 0.0, 0.0, 0.0, 0.824621, 2.089532, 3.612687, 5.321488, 7.165396, 8.184684, 8.569015, 8.695103, 8.442324, 7.863326, 7.096451, 6.168319, 4.801919, 3.545897, 2.480986, 2.003953, 2.282843, 3.2, 4.612452, 6.422427, 8.058495, 9.4916, 10.765463, 11.626875, 12.050005, 12.094288, 9.661183, 8.601533, 7.127669, 5.094564, 2.814214, 3.446669, 3.297367, 4.006167, 5.694229, 8.224051, 10.564809, 12.273112, 13.537525, 14.422677, 14.678533, 14.235141, 13.349989, 12.026017, 10.072607, 7.68693, 5.157107, 3.701502, 3.21845, 4.198646, 6.359896, 9.483995, 12.539358, 11.373167, 9.373167, 6.811918, 3.687818, 0.0, 0.0, 0.0]"
556,"[0.0, 0.0, 0.0, 0.0, 1.0, 2.216553, 3.630766, 5.280008, 6.988809, 7.69761, 8.189858, 8.484445, 8.291225, 7.847335, 7.338535, 6.429734, 5.320933, 4.147754, 3.282843, 2.882843, 3.299395, 4.155417, 5.661429, 7.320555, 8.852936, 9.968764, 10.954053, 11.60651, 12.155065, 11.986015, 9.653634, 8.735477, 7.31397, 5.306289, 3.142959, 3.590172, 3.067017, 3.609264, 5.009264, 7.341644, 9.502112, 11.222406, 12.38065, 13.100944, 13.376244, 13.100944, 12.267446, 10.989373, 9.163506, 6.838667, 4.506287, 3.251946, 2.975916, 3.925398, 6.203804, 9.177018, 12.105461, 10.939271, 9.095362, 6.534113, 3.560899, 0.0, 0.0, 0.0]"
557,"[0.0, 0.0, 0.0, 0.0, 1.0, 2.4, 4.0, 5.6, 7.2, 7.8, 8.0, 8.0, 8.0, 7.8, 7.4, 6.6, 5.447214, 4.294427, 3.494427, 2.926883, 3.126883, 3.960294, 5.233545, 6.520342, 7.774682, 8.938013, 9.893456, 10.409059, 10.685594, 10.857924, 8.694593, 7.900745, 6.513205, 4.797088, 2.937962, 3.737962, 3.512294, 4.313008, 5.763161, 7.904101, 9.704101, 11.273226, 12.409662, 13.297973, 13.557033, 13.297973, 12.409662, 11.080006, 9.314132, 7.114132, 4.773192, 3.275826, 3.036356, 3.629004, 5.662109, 8.490536, 11.3463, 10.129748, 8.517296, 6.084191, 3.255764, 0.0, 0.0, 0.0]"
558,"[0.0, 0.0, 0.0, 0.0, 0.8, 2.0, 3.2, 4.812452, 6.424903, 7.237355, 7.649806, 7.86402, 7.468121, 7.055669, 6.243218, 5.230766, 4.016553, 2.8, 1.882843, 1.715298, 2.135102, 3.349316, 4.961767, 6.6889, 8.256444, 9.63664, 10.822427, 11.809975, 12.4, 12.6, 10.2, 9.2, 7.6, 5.4, 3.2, 3.647214, 3.067017, 3.481231, 5.120839, 7.353944, 9.575063, 11.383686, 12.833037, 13.513723, 13.748951, 13.360969, 12.376451, 10.968909, 9.048615, 6.780282, 4.899931, 3.880643, 3.705246, 4.905246, 7.066496, 9.94674, 12.963993, 11.683368, 9.683368, 7.122118, 3.841875, 0.0, 0.0, 0.0]"
559,"[0.0, 0.0, 0.0, 0.0, 1.0, 2.2, 3.614214, 5.263456, 6.912698, 7.56194, 8.011183, 8.209421, 7.974392, 7.52515, 6.875907, 6.026665, 4.861427, 3.730056, 2.930056, 2.37727, 2.425798, 3.144775, 4.474384, 5.863238, 7.385796, 8.691334, 10.054966, 10.783454, 11.33554, 11.519834, 9.365768, 8.177587, 6.731074, 4.837347, 3.083282, 3.683282, 3.541641, 4.247214, 6.0, 8.2, 10.4, 12.2, 13.6, 14.4, 14.6, 14.2, 13.4, 12.0, 10.2, 8.0, 5.8, 4.047214, 3.524247, 4.113101, 5.845482, 8.698349, 11.749707, 10.672674, 8.883819, 6.551439, 3.498571, 0.0, 0.0, 0.0]"
560,"[0.0, 0.0, 0.0, 0.0, 0.72111, 1.887301, 3.329521, 4.771742, 6.333792, 7.174731, 7.570591, 7.570591, 7.570591, 7.008541, 6.340918, 5.411324, 4.169103, 2.726883, 1.926883, 1.664911, 1.926883, 3.007508, 4.569558, 6.349456, 7.6969, 9.065214, 10.192909, 11.039178, 11.467597, 11.613728, 9.350986, 8.356881, 6.948562, 4.740243, 2.614214, 3.061427, 2.647214, 3.209264, 5.135293, 7.543612, 9.787123, 11.629657, 13.040821, 13.757326, 13.910256, 13.499882, 12.501257, 10.942257, 8.948251, 6.834215, 4.553864, 3.509955, 3.509955, 4.701035, 6.727685, 9.639729, 12.383738, 10.969524, 8.929916, 6.456053, 3.544009, 0.0, 0.0, 0.0]"
561,"[0.0, 0.0, 0.0, 0.0, 0.824621, 1.901654, 3.243295, 4.685515, 6.127736, 6.745335, 7.110523, 7.211103, 6.935072, 6.492852, 5.945059, 5.102838, 4.060618, 3.17727, 2.77727, 2.682843, 3.299395, 4.355417, 5.969941, 7.524007, 9.140616, 10.430057, 11.480027, 12.088654, 12.44058, 12.44058, 9.934588, 9.077837, 7.591648, 5.485655, 3.069046, 3.269046, 2.514231, 2.950449, 4.447816, 6.864425, 9.264425, 10.969998, 12.299653, 13.002287, 12.926618, 12.667558, 11.964924, 10.444158, 8.644158, 6.703218, 4.362278, 3.186021, 3.363331, 4.622457, 6.830138, 9.992415, 12.876856, 11.434636, 9.37551, 6.767829, 3.605551, 0.0, 0.0, 0.0]"
562,"[0.0, 0.0, 0.0, 0.0, 0.894427, 1.97146, 3.236371, 4.692393, 6.341635, 7.096451, 7.66866, 7.859771, 7.66866, 7.284329, 6.529514, 5.445957, 4.437148, 3.572237, 2.75454, 2.581223, 3.280449, 4.289257, 5.538499, 7.130893, 8.618855, 9.961625, 11.136193, 12.294084, 12.885066, 13.109098, 10.501417, 9.32685, 7.53952, 5.356144, 2.923039, 3.323039, 2.867017, 3.447214, 5.0, 7.408319, 9.616, 11.444427, 12.870976, 13.67811, 13.877472, 13.478863, 12.461513, 10.849178, 8.842044, 6.434363, 4.425291, 3.414214, 3.2, 4.4, 6.8, 9.8, 12.6, 11.4, 9.4, 6.8, 3.6, 0.0, 0.0, 0.0]"
563,"[0.0, 0.0, 0.0, 0.0, 0.894427, 2.060618, 3.502838, 5.064888, 6.785353, 7.611391, 8.165666, 8.285495, 8.165666, 7.611391, 6.967959, 6.072115, 5.110065, 3.867844, 3.301654, 3.024621, 3.4, 4.214214, 5.858122, 7.346184, 8.887124, 10.103733, 11.372801, 12.212174, 12.724112, 12.799782, 10.383172, 9.155913, 7.472631, 5.472631, 3.056022, 3.503236, 3.178584, 3.899049, 5.299049, 7.740361, 10.177588, 12.099085, 13.431487, 14.484355, 14.821532, 14.269472, 13.103401, 11.492754, 9.439886, 6.94424, 4.611859, 3.172277, 3.010681, 3.99058, 6.253322, 9.509086, 12.882867, 11.602242, 9.622343, 7.076759, 3.820995, 0.0, 0.0, 0.0]"
564,"[0.0, 0.0, 0.0, 0.0, 0.72111, 1.852481, 3.133106, 4.413731, 5.975781, 6.81672, 7.2474, 7.408995, 7.408995, 6.978316, 6.264794, 5.149958, 4.107737, 3.109955, 2.378584, 2.330056, 3.082843, 4.295294, 5.823529, 7.463136, 8.943487, 10.217351, 11.325193, 12.23441, 12.668666, 12.862178, 10.388315, 9.479098, 7.758804, 5.68494, 3.211077, 3.611077, 2.819804, 3.275826, 4.915434, 7.389297, 9.65763, 11.50139, 12.908932, 13.732889, 13.927358, 13.69213, 12.868174, 11.418823, 9.555259, 7.286926, 5.053821, 3.735324, 3.844265, 4.903391, 7.28188, 10.306783, 13.257184, 11.73403, 9.674904, 6.896415, 3.671512, 0.0, 0.0, 0.0]"
565,"[0.0, 0.0, 0.0, 0.0, 1.077033, 2.418674, 3.860894, 5.422944, 7.266853, 8.033729, 8.535997, 8.655827, 8.655827, 8.092543, 7.325667, 6.306379, 5.344329, 4.182279, 3.348868, 3.271835, 3.647214, 4.647214, 6.247214, 8.009072, 9.24514, 10.478245, 11.31135, 11.979683, 12.203716, 12.17672, 9.743615, 8.91051, 7.442177, 5.609072, 3.4, 3.847214, 3.267017, 3.679469, 5.089444, 7.497763, 9.681139, 11.468469, 12.663151, 13.46031, 13.659672, 13.238154, 12.431021, 11.223887, 9.216753, 6.809072, 4.8, 3.6, 3.4, 4.609975, 7.017656, 10.042559, 13.063554, 11.663554, 9.653579, 7.045898, 3.820995, 0.0, 0.0, 0.0]"
566,"[0.0, 0.0, 0.0, 0.0, 0.8, 2.0, 3.414214, 5.063456, 6.712698, 7.56194, 8.011183, 8.209421, 7.974392, 7.541702, 6.89246, 5.843218, 4.630766, 3.216553, 2.4, 2.12111, 2.52111, 3.401735, 5.1222, 6.885531, 8.496801, 10.002794, 11.228162, 12.01369, 12.356352, 12.260039, 9.754046, 8.690274, 7.032809, 4.809659, 2.573591, 3.020805, 2.578584, 3.342508, 5.059665, 7.500976, 9.774057, 11.616591, 12.846673, 13.566967, 13.84595, 13.406007, 12.563473, 11.135153, 9.414859, 6.977407, 4.697056, 3.297056, 3.297056, 4.533124, 6.918614, 10.023449, 12.967458, 11.553245, 9.317177, 6.648844, 3.544009, 0.0, 0.0, 0.0]"
567,"[0.0, 0.0, 0.0, 0.0, 1.019804, 2.236356, 3.692378, 5.401179, 7.10998, 8.059948, 8.632249, 8.885028, 8.699382, 8.255492, 7.305525, 6.31667, 5.20787, 4.084715, 3.019804, 2.6, 2.694427, 3.375052, 4.537102, 6.181011, 7.56091, 8.929224, 10.056918, 10.903187, 11.32202, 11.46815, 9.205409, 8.077715, 6.390506, 4.327764, 2.401735, 3.034191, 3.034191, 4.156989, 6.083018, 8.444268, 10.785026, 12.615671, 13.895862, 14.743047, 15.024331, 14.596702, 13.611461, 12.049411, 10.076198, 7.680877, 5.135293, 3.609264, 3.124247, 3.833047, 5.802443, 8.932938, 11.910647, 10.833614, 9.124813, 6.708204, 3.577709, 0.0, 0.0, 0.0]"
568,"[0.0, 0.0, 0.0, 0.0, 1.019804, 2.236356, 3.848808, 5.659885, 7.470962, 8.262235, 8.85676, 9.055385, 8.658522, 8.261658, 7.470385, 6.483929, 4.955695, 3.741481, 2.327268, 1.754677, 1.730056, 2.847214, 4.247214, 6.247214, 8.0, 9.6, 10.807681, 11.616, 12.216, 12.216, 9.816, 8.608319, 7.2, 5.0, 2.8, 3.432456, 3.249008, 3.86146, 5.697528, 8.305209, 10.50118, 12.311177, 13.954489, 14.974186, 15.194932, 14.79961, 13.783035, 12.327271, 10.071507, 7.84308, 5.409975, 4.12111, 3.601735, 4.581634, 6.527219, 9.651318, 12.772083, 11.491458, 9.511559, 6.965974, 3.841875, 0.0, 0.0, 0.0]"
569,"[0.0, 0.0, 0.0, 0.0, 0.72111, 1.798143, 3.139784, 4.662939, 6.371739, 7.173784, 7.619905, 7.801419, 7.619905, 6.988138, 6.35941, 5.401941, 4.278786, 3.137146, 2.507326, 2.43752, 3.071835, 4.071835, 5.671835, 7.424621, 9.008319, 10.216638, 11.447227, 12.277816, 12.685497, 12.486251, 10.077932, 9.047342, 7.416753, 5.441528, 3.232456, 3.798141, 3.198141, 3.810593, 5.147909, 7.564518, 9.682114, 11.545678, 12.796791, 13.690583, 13.957256, 13.606355, 12.629587, 11.289177, 9.32004, 6.836759, 4.504378, 3.183267, 2.940737, 4.04631, 6.40756, 9.53166, 12.504336, 11.223711, 9.223711, 6.662461, 3.538361, 0.0, 0.0, 0.0]"
570,"[0.0, 0.0, 0.0, 0.0, 0.72111, 1.72111, 2.887301, 4.228941, 5.752096, 6.55414, 7.077295, 7.252745, 7.077295, 6.720331, 5.918286, 4.677975, 3.536334, 2.570143, 1.803953, 1.882843, 2.8, 4.014214, 5.658122, 7.346184, 8.826535, 9.967475, 10.96987, 11.542571, 11.795449, 11.856038, 9.515098, 8.747731, 7.350926, 5.409986, 3.269046, 3.551889, 2.797074, 3.21949, 4.706287, 6.838667, 9.061818, 10.775071, 11.940532, 12.661416, 12.770347, 12.596735, 11.777908, 10.511868, 8.728808, 6.687497, 4.555116, 3.590883, 3.529867, 4.868577, 7.076258, 10.038535, 12.819466, 11.538841, 9.37551, 6.767829, 3.605551, 0.0, 0.0, 0.0]"
571,"[0.0, 0.0, 0.0, 0.0, 1.019804, 2.475826, 3.931848, 5.640649, 7.538015, 8.227012, 8.479791, 8.73257, 8.479791, 8.038446, 7.349449, 6.440649, 5.331848, 4.075826, 2.819804, 2.247214, 2.341641, 2.873012, 4.087225, 5.60769, 7.323807, 8.592711, 9.902651, 10.994431, 11.606346, 11.443015, 9.279685, 8.118998, 6.461534, 4.329153, 2.529153, 3.129153, 3.113439, 3.973712, 6.00978, 8.315773, 10.399054, 12.087108, 13.331272, 13.778485, 13.955774, 13.778485, 12.979586, 11.815476, 10.026622, 7.626183, 5.12019, 3.566124, 2.77727, 3.682843, 5.6, 8.606659, 11.412537, 10.412537, 8.612537, 6.412537, 3.405877, 0.0, 0.0, 0.0]"
572,"[0.0, 0.0, 0.0, 0.0, 1.0, 2.280625, 3.842675, 5.539731, 7.38364, 8.227549, 8.64398, 8.778987, 8.496144, 8.066449, 7.38873, 6.412784, 5.115728, 4.101514, 2.887301, 2.32111, 2.6, 3.464911, 4.520933, 6.109787, 7.479559, 8.715627, 9.956709, 10.833067, 11.376594, 11.465948, 9.22988, 7.988799, 6.481039, 4.348658, 2.489532, 3.055218, 2.921677, 3.940965, 5.866994, 8.357719, 10.634568, 12.345731, 13.475036, 14.32222, 14.47403, 14.192745, 13.513542, 12.102378, 10.129164, 7.733844, 5.172594, 3.609264, 3.047214, 3.756014, 5.544869, 8.497833, 11.396404, 10.396404, 8.687604, 6.451536, 3.498571, 0.0, 0.0, 0.0]"
573,"[0.0, 0.0, 0.0, 0.0, 0.72111, 1.615537, 2.957178, 4.298819, 5.821974, 6.624018, 7.185613, 7.299994, 7.223264, 6.777143, 6.148415, 5.413503, 4.157481, 3.09257, 2.462751, 2.392945, 2.871835, 4.271835, 5.871835, 7.624621, 9.0, 10.2, 11.2, 11.8, 12.0, 12.0, 9.6, 8.6, 7.2, 5.2, 3.0, 3.4, 2.8, 3.4, 5.009975, 7.219047, 9.426728, 11.034409, 12.262836, 12.883451, 13.107483, 12.73587, 11.939266, 10.525053, 8.914267, 6.881162, 4.645094, 3.434017, 3.619804, 4.8, 7.0, 10.0, 13.0, 11.4, 9.2, 6.6, 3.6, 0.0, 0.0, 0.0]"
574,"[0.0, 0.0, 0.0, 0.0, 0.8, 2.0, 3.4, 5.0, 6.6, 7.412452, 7.824903, 7.839117, 7.65333, 7.25333, 6.640879, 5.628427, 4.661427, 3.647214, 3.047214, 2.941641, 3.341641, 4.456477, 5.900386, 7.280285, 8.511887, 9.774629, 10.620898, 11.185308, 11.613728, 11.75044, 9.487698, 8.641429, 7.081639, 5.120533, 2.857792, 3.140634, 2.578584, 3.172277, 4.568972, 6.831714, 8.811613, 10.357197, 11.460561, 12.024971, 12.024971, 12.024971, 11.323296, 10.058336, 8.371127, 6.308386, 4.245644, 3.034191, 3.195786, 4.361472, 6.602783, 9.455651, 12.321767, 10.879546, 8.99275, 6.551439, 3.498571, 0.0, 0.0, 0.0]"
575,"[0.0, 0.0, 0.0, 0.0, 1.019804, 2.236356, 3.692378, 5.401179, 7.298546, 8.067596, 8.559844, 8.812623, 8.559844, 8.1185, 7.349449, 6.440649, 5.331848, 4.075826, 2.819804, 2.432456, 2.526883, 3.207508, 4.421721, 6.06563, 7.433174, 8.819098, 9.979784, 11.006882, 11.604284, 11.604284, 9.323933, 8.163247, 6.570464, 4.329153, 2.529153, 3.129153, 3.113439, 3.877363, 5.913431, 8.219423, 10.397912, 12.017442, 13.357955, 13.900376, 14.172872, 13.900376, 13.075061, 11.910951, 10.132462, 7.636816, 5.130823, 3.671697, 2.882843, 3.69392, 5.620149, 8.646698, 11.470147, 10.470147, 8.65907, 6.449998, 3.423449, 0.0, 0.0, 0.0]"
576,"[0.0, 0.0, 0.0, 0.0, 1.0, 2.4, 4.0, 5.6, 7.4, 8.2, 8.6, 8.6, 8.6, 8.2, 7.6, 6.6, 5.447214, 4.047214, 3.047214, 2.479669, 2.528197, 3.361609, 4.77406, 6.162914, 7.766527, 9.154067, 10.473442, 11.20193, 11.829685, 11.829685, 9.593617, 8.435838, 6.943426, 4.926817, 2.890749, 3.490749, 3.248528, 4.211077, 6.020149, 8.42783, 10.656257, 12.482807, 13.731141, 14.548618, 14.769364, 14.374042, 13.556565, 12.109605, 10.283056, 8.054629, 5.621524, 3.812452, 3.4, 4.209975, 6.209975, 9.216634, 12.222512, 11.022512, 9.012537, 6.412537, 3.405877, 0.0, 0.0, 0.0]"
577,"[0.0, 0.0, 0.0, 0.0, 0.824621, 2.089532, 3.545554, 5.194796, 7.038705, 7.863326, 8.442324, 8.442324, 8.249104, 7.670106, 7.097897, 6.078609, 4.90543, 3.449408, 2.384497, 1.707464, 1.682843, 2.8, 4.4, 6.209975, 7.849583, 9.285651, 10.359514, 11.233378, 11.656508, 11.656508, 9.42044, 8.36079, 6.686926, 4.453821, 2.414214, 3.046669, 2.897367, 3.806167, 5.760233, 8.176842, 10.330065, 12.038367, 13.30278, 14.195024, 14.564092, 14.195024, 13.191581, 11.927168, 9.900663, 7.514985, 5.098376, 3.76106, 3.31717, 4.356493, 6.564174, 9.726451, 12.654894, 11.389983, 9.330857, 6.723176, 3.560899, 0.0, 0.0, 0.0]"
578,"[0.0, 0.0, 0.0, 0.0, 0.848528, 1.979899, 3.394113, 5.238021, 7.08193, 8.077311, 8.666405, 8.814242, 8.532383, 7.969099, 7.12519, 6.125835, 4.963785, 3.601735, 2.52111, 2.32111, 2.619804, 3.675826, 5.184627, 7.138693, 8.755302, 10.241491, 11.291462, 12.190342, 12.542269, 12.361727, 9.855735, 8.872896, 7.285019, 5.179027, 2.942959, 3.664069, 3.307105, 4.076155, 5.912223, 8.328832, 10.471286, 12.25806, 13.599701, 14.316598, 14.58327, 14.225699, 13.508802, 12.087108, 10.211176, 7.927895, 5.421902, 3.818289, 3.551709, 4.638007, 6.958301, 10.214065, 13.119971, 11.67775, 9.514419, 6.794125, 3.538361, 0.0, 0.0, 0.0]"
579,"[0.0, 0.0, 0.0, 0.0, 1.264911, 2.720933, 4.429734, 6.399505, 8.553571, 9.258432, 9.772181, 9.960747, 9.699776, 9.194953, 8.639395, 7.689427, 6.39206, 4.966102, 3.599703, 2.9066, 2.781223, 3.704377, 5.130336, 6.887101, 8.599095, 10.137773, 11.443046, 12.341926, 12.932907, 12.908121, 10.475016, 9.259041, 7.728393, 5.663489, 3.702384, 4.596811, 4.507514, 5.518542, 7.42672, 9.699801, 11.910208, 13.685538, 14.950088, 15.638502, 15.891422, 15.572264, 14.61472, 13.106018, 11.208651, 9.035438, 6.696974, 5.375837, 5.240729, 6.211886, 8.27545, 11.228237, 14.233355, 12.524555, 10.288487, 7.424922, 4.024922, 0.0, 0.0, 0.0]"
580,"[0.0, 0.0, 0.0, 0.0, 1.442221, 3.162686, 5.162686, 7.288715, 9.569066, 10.252874, 10.658438, 10.658438, 10.532409, 9.972523, 9.188135, 8.139139, 6.96376, 5.36376, 4.090508, 3.573489, 3.662646, 4.400075, 5.979974, 7.795502, 9.3792, 10.903734, 12.184218, 13.046854, 13.626646, 13.779577, 11.088852, 9.943374, 8.381465, 6.171386, 4.05735, 5.05735, 4.883449, 5.75689, 7.724434, 10.32353, 12.81638, 14.97018, 16.49307, 17.498621, 17.869913, 17.350277, 16.273322, 14.750432, 12.486522, 9.790031, 7.216817, 5.69385, 4.995806, 5.934516, 8.272817, 11.756115, 14.954594, 13.498572, 11.218221, 8.158809, 4.275512, 0.0, 0.0, 0.0]"
581,"[0.0, 0.0, 0.0, 0.0, 1.077033, 2.418674, 3.941828, 5.55428, 7.343134, 8.054956, 8.502169, 8.591466, 8.502169, 8.054956, 7.343134, 6.35428, 5.341828, 4.265887, 3.556702, 3.479669, 3.960294, 5.05735, 6.610137, 8.418992, 10.026673, 11.524537, 12.780445, 13.73341, 14.070588, 13.9689, 11.190411, 10.124242, 8.451903, 6.394524, 4.288531, 5.113152, 4.426356, 4.956808, 6.44477, 8.67536, 10.679166, 12.505715, 13.919541, 14.737018, 14.934856, 14.514748, 13.498173, 12.084347, 10.057798, 7.676585, 5.551108, 4.435561, 4.236935, 5.391001, 7.729465, 11.052174, 14.207438, 12.594986, 10.44092, 7.655243, 4.049691, 0.0, 0.0, 0.0]"
582,"[0.0, 0.0, 0.0, 0.0, 1.019804, 2.284715, 3.740737, 5.389979, 7.233888, 8.025161, 8.571327, 8.727757, 8.492728, 8.063033, 7.27176, 6.093138, 5.046372, 3.832158, 2.817945, 2.430596, 2.817945, 3.666473, 5.078925, 6.490002, 8.066618, 9.255887, 10.249992, 11.045859, 11.443854, 11.47085, 9.261778, 8.267673, 6.659354, 4.650282, 2.414214, 3.014214, 2.619804, 3.469046, 5.357107, 7.830971, 9.951265, 11.843505, 13.106307, 13.930289, 14.17672, 13.797366, 12.973383, 11.905248, 10.013008, 7.739928, 5.398988, 3.910926, 3.267017, 4.047214, 5.809072, 8.815731, 11.63918, 10.43918, 8.63918, 6.430108, 3.423449, 0.0, 0.0, 0.0]"
583,"[0.0, 0.0, 0.0, 0.0, 1.0, 2.16619, 3.608411, 5.220862, 7.009717, 7.798571, 8.244832, 8.325766, 8.054956, 7.607742, 6.818888, 5.927546, 4.851605, 3.709965, 2.651167, 2.251167, 2.530056, 3.482843, 4.882843, 6.6, 8.2, 9.409072, 10.218144, 10.827217, 11.036289, 11.036289, 8.827217, 8.018144, 6.809072, 4.8, 2.6, 3.2, 3.0, 3.8, 5.8, 8.2, 10.4, 12.0, 13.2, 13.8, 14.2, 13.6, 13.0, 11.8, 10.0, 7.6, 5.4, 3.832456, 3.052259, 3.896168, 5.732236, 8.758785, 11.748484, 10.72868, 8.884771, 6.648703, 3.622154, 0.0, 0.0, 0.0]"
584,"[0.0, 0.0, 0.0, 0.0, 1.0, 2.4, 4.0, 5.6, 7.2, 7.8, 8.0, 8.0, 8.0, 7.8, 7.4, 6.6, 5.632456, 4.315298, 3.315298, 2.680984, 2.729512, 3.377681, 4.70729, 6.096144, 7.417255, 8.627853, 9.583296, 10.206913, 10.477184, 10.590388, 8.531262, 7.737415, 6.395774, 4.336648, 2.536648, 2.983861, 2.707831, 3.533869, 5.533869, 7.77518, 10.048261, 11.766511, 12.930487, 13.814928, 14.093911, 13.653968, 12.769527, 11.497538, 9.613097, 7.175645, 4.895294, 3.495294, 2.959876, 3.668676, 5.621902, 8.485466, 11.285466, 10.208433, 8.499632, 6.263564, 3.4, 0.0, 0.0, 0.0]"
585,"[0.0, 0.0, 0.0, 0.0, 0.8, 2.0, 3.4, 5.012452, 6.624903, 7.437355, 7.849806, 7.86402, 7.651568, 7.239117, 6.626665, 5.614214, 4.6, 3.4, 2.647214, 2.368324, 2.899695, 3.941915, 5.53077, 7.237622, 8.857452, 10.067021, 11.154622, 11.89559, 12.158133, 12.158133, 9.817193, 8.810526, 7.446894, 5.59597, 3.45503, 4.05503, 3.531876, 3.965685, 5.4, 7.4, 9.4, 11.007681, 12.207681, 13.007681, 13.407681, 13.007681, 12.4, 11.2, 9.2, 6.8, 4.6, 3.424621, 3.089532, 4.32914, 6.603003, 9.707838, 12.619526, 11.354614, 9.315007, 6.841143, 3.736308, 0.0, 0.0, 0.0]"
586,"[0.0, 0.0, 0.0, 0.0, 1.019804, 2.236356, 3.65057, 5.25057, 7.061647, 7.841843, 8.425291, 8.611077, 8.611077, 8.016553, 7.236356, 6.260978, 5.108191, 3.908191, 3.091639, 2.519048, 2.588854, 3.358193, 4.570645, 6.18062, 7.942479, 9.257124, 10.44889, 11.036438, 11.226463, 11.226463, 9.017391, 8.023286, 6.647907, 4.73075, 2.721677, 3.354133, 3.156472, 4.131851, 6.05808, 8.266399, 10.462371, 12.052952, 13.259611, 13.878966, 14.078328, 13.65822, 13.060158, 11.665951, 10.037524, 7.829843, 5.421524, 3.778137, 3.242718, 3.831573, 5.763954, 8.542442, 11.20166, 10.124627, 8.335773, 6.003392, 3.224903, 0.0, 0.0, 0.0]"
587,"[0.0, 0.0, 0.0, 0.0, 0.8, 2.0, 3.4, 5.0, 6.6, 7.4, 7.8, 7.8, 7.6, 7.2, 6.6, 5.632456, 4.515298, 3.515298, 2.762512, 2.61104, 3.144775, 4.385087, 5.693887, 7.14404, 8.383574, 9.558323, 10.376109, 11.141171, 11.524155, 11.524155, 9.183216, 8.36543, 6.9686, 5.135462, 3.247401, 3.647401, 3.124247, 3.447214, 4.612452, 6.422427, 8.430746, 10.061335, 11.291924, 12.310062, 12.708406, 12.310062, 11.291924, 10.261335, 8.430746, 6.222427, 4.412452, 3.6, 3.4, 4.4, 6.6, 9.4, 12.0, 10.6, 8.8, 6.4, 3.4, 0.0, 0.0, 0.0]"
588,"[0.0, 0.0, 0.0, 0.0, 0.8, 1.8, 3.2, 4.6, 6.2, 7.012452, 7.612452, 7.812452, 7.812452, 7.412452, 6.6, 5.6, 4.2, 3.0, 2.082843, 1.848528, 2.142955, 3.284596, 4.793397, 6.407921, 7.739602, 9.125526, 10.064236, 10.635786, 11.079359, 11.270054, 8.989703, 8.232507, 6.776777, 4.883051, 2.794989, 3.194989, 2.691639, 3.323039, 4.773192, 6.861254, 8.991076, 10.501094, 11.765366, 12.397822, 12.6507, 12.20894, 11.387918, 9.932535, 8.29714, 6.403414, 4.515353, 3.406552, 3.541641, 4.447214, 6.6, 9.4, 12.2, 10.8, 9.0, 6.4, 3.4, 0.0, 0.0, 0.0]"
589,"[0.0, 0.0, 0.0, 0.0, 1.0, 2.2, 3.8, 5.4, 7.0, 7.6, 8.0, 8.0, 8.0, 7.8, 7.2, 6.2, 5.0, 3.6, 2.4, 1.965685, 2.260113, 3.125024, 4.448178, 5.956979, 7.28866, 8.482294, 9.305445, 10.062641, 10.441901, 10.441901, 8.35384, 7.53069, 6.07496, 4.269741, 2.572375, 3.172375, 3.124016, 3.948637, 5.509704, 7.783567, 9.903861, 11.407603, 12.670404, 13.54679, 13.54679, 13.167436, 12.344508, 11.081706, 9.381216, 7.354566, 5.013626, 3.71626, 3.067017, 3.647214, 5.4, 8.2, 10.8, 9.8, 8.2, 6.0, 3.2, 0.0, 0.0, 0.0]"
590,"[0.0, 0.0, 0.0, 0.0, 0.72111, 1.887301, 3.053491, 4.495712, 5.937932, 6.829273, 7.225133, 7.501163, 7.339567, 7.063537, 6.345513, 5.415918, 4.173698, 2.893073, 1.926883, 1.479669, 1.695742, 2.776367, 4.338417, 6.138417, 7.691203, 9.283986, 10.611042, 11.656673, 11.989054, 12.152385, 9.711073, 8.545613, 6.78646, 4.736922, 2.573591, 3.173591, 2.808404, 3.48303, 5.169959, 7.406027, 9.489309, 11.27584, 12.61625, 13.510042, 13.873974, 13.607302, 12.713509, 11.191586, 9.222449, 6.905291, 4.688682, 3.543532, 3.801891, 4.907464, 7.424621, 10.424621, 13.2, 11.6, 9.6, 6.8, 3.6, 0.0, 0.0, 0.0]"
591,"[0.0, 0.0, 0.0, 0.0, 0.8, 1.819804, 3.036356, 4.492378, 5.9484, 6.671555, 7.174906, 7.414375, 7.223264, 6.983795, 6.26064, 5.337486, 4.081464, 3.016553, 2.2, 2.12111, 2.687301, 4.049351, 5.693259, 7.293259, 9.01346, 10.288581, 11.334212, 12.097984, 12.705665, 12.596735, 10.155424, 9.109793, 7.633483, 5.473015, 3.140634, 3.740634, 3.178584, 3.659665, 5.252059, 7.53241, 9.462232, 10.992054, 12.099897, 12.780583, 12.974096, 12.724625, 12.038711, 10.774439, 8.854145, 6.580282, 4.499931, 3.456022, 3.4, 4.6, 7.0, 10.0, 13.0, 11.6, 9.6, 7.0, 3.8, 0.0, 0.0, 0.0]"
592,"[0.0, 0.0, 0.0, 0.0, 1.019804, 2.236356, 3.885599, 5.729508, 7.573416, 8.397521, 9.024878, 9.024878, 8.830211, 8.442324, 7.863326, 6.651873, 5.285474, 3.636231, 2.180209, 1.515298, 1.882843, 3.0, 4.6, 6.809072, 8.642177, 10.272767, 11.736331, 12.999895, 13.421412, 13.224375, 10.593786, 9.342673, 7.479109, 5.24852, 3.012452, 3.644907, 3.297367, 4.194733, 6.075084, 8.795378, 11.3252, 13.222567, 14.677811, 15.559738, 15.812658, 15.25038, 14.368453, 12.859751, 10.914026, 8.340812, 5.740812, 4.092917, 3.590649, 4.537427, 6.857721, 10.263598, 13.452138, 12.110497, 9.947166, 7.226872, 3.820995, 0.0, 0.0, 0.0]"
593,"[0.0, 0.0, 0.0, 0.0, 1.0, 2.280625, 3.842675, 5.539731, 7.236787, 8.080696, 8.497128, 8.497128, 8.362121, 7.94569, 7.101781, 6.299152, 5.137102, 3.975052, 2.894427, 2.494427, 2.619804, 3.484715, 4.60787, 6.196724, 7.596724, 8.702949, 9.564067, 10.303654, 10.640829, 10.640829, 8.5148, 7.730412, 6.292291, 4.566262, 2.966262, 3.598717, 3.423267, 4.160696, 5.886725, 7.749467, 9.678261, 11.202795, 12.483279, 13.199784, 13.498292, 13.199784, 12.635089, 11.354605, 9.643441, 7.529405, 5.266664, 3.740634, 3.178584, 3.659665, 5.44852, 8.360563, 11.059048, 10.059048, 8.446596, 6.210528, 3.298485, 0.0, 0.0, 0.0]"
594,"[0.0, 0.0, 0.0, 0.0, 1.0, 2.341641, 3.864795, 5.573596, 7.282397, 7.991198, 8.358358, 8.544004, 8.176844, 7.809684, 7.267073, 6.279383, 5.017796, 3.876155, 2.817357, 2.251167, 2.530056, 3.282843, 4.682843, 6.211077, 7.650685, 8.886753, 9.967104, 10.647455, 11.116728, 11.116728, 8.88066, 8.00031, 6.519959, 4.639608, 3.0, 3.565685, 3.331876, 4.144327, 5.803453, 8.011134, 10.05313, 11.771381, 13.04337, 13.868685, 13.981298, 13.87961, 13.054295, 11.890319, 10.082911, 7.962617, 5.456624, 3.997498, 3.443223, 4.155045, 5.887426, 8.84039, 11.738961, 10.572771, 8.783917, 6.451536, 3.498571, 0.0, 0.0, 0.0]"
595,"[0.0, 0.0, 0.0, 0.0, 0.8, 2.0, 3.2, 4.8, 6.4, 7.2, 7.6, 7.8, 7.4, 6.8, 6.2, 5.2, 4.0, 2.8, 2.082843, 1.648528, 1.942955, 3.007866, 4.716667, 6.403596, 8.118261, 9.564774, 10.640803, 11.212353, 11.583522, 11.583522, 9.242582, 8.357664, 6.97174, 5.078014, 2.797663, 3.397663, 2.961445, 3.523039, 5.229892, 7.570832, 9.387441, 10.967637, 12.111615, 12.557549, 12.633218, 12.557549, 11.927321, 10.592232, 8.886659, 6.752893, 4.411953, 3.042181, 3.17727, 4.282843, 6.6, 9.6, 12.6, 11.2, 9.2, 6.6, 3.6, 0.0, 0.0, 0.0]"
596,"[0.0, 0.0, 0.0, 0.0, 1.0, 2.280625, 3.694838, 5.256888, 7.100797, 7.944706, 8.50799, 8.655827, 8.655827, 7.943289, 7.09938, 5.976581, 5.046987, 3.884937, 3.036408, 2.636408, 2.715298, 3.282843, 4.495294, 5.861694, 7.15906, 8.447122, 9.588062, 10.129676, 10.6345, 10.6345, 8.546438, 7.619712, 6.265646, 4.31158, 2.614214, 3.179899, 2.931876, 3.92073, 5.690502, 7.72657, 9.844166, 11.54154, 12.61625, 13.32976, 13.776973, 13.510301, 12.616508, 11.276099, 9.612621, 7.529339, 5.11273, 3.590172, 3.233208, 3.775454, 5.301483, 7.992208, 10.800758, 9.634568, 8.072518, 5.946489, 3.255764, 0.0, 0.0, 0.0]"
597,"[0.0, 0.0, 0.0, 0.0, 0.8, 2.0, 3.4, 4.8, 6.4, 7.2, 7.6, 7.6, 7.4, 6.8, 6.0, 4.8, 3.682843, 2.682843, 2.082843, 2.003953, 2.603953, 3.662751, 5.171552, 6.859613, 8.418854, 9.892717, 11.219409, 12.178941, 12.759213, 12.759213, 10.285349, 9.073038, 7.481739, 5.260619, 2.980269, 3.427482, 2.97146, 3.494427, 5.047214, 7.447214, 9.8, 11.6, 13.0, 13.8, 14.0, 13.4, 12.4, 11.0, 9.0, 6.6, 4.4, 3.232456, 2.897367, 3.994733, 6.324555, 9.677166, 12.650262, 11.385351, 9.487984, 6.958162, 3.605551, 0.0, 0.0, 0.0]"
598,"[0.0, 0.0, 0.0, 0.0, 1.0, 2.16619, 3.608411, 5.220862, 7.009717, 7.622168, 8.06843, 8.238661, 8.06843, 7.445766, 6.833314, 5.786548, 4.456939, 3.014719, 2.048528, 1.648528, 1.907464, 2.889532, 4.598333, 6.368104, 8.004172, 9.511932, 10.854702, 11.587212, 11.949822, 11.877084, 9.544704, 8.278663, 6.661973, 4.729593, 2.566262, 3.131947, 2.921677, 3.659106, 5.385135, 7.793454, 10.070303, 11.781466, 13.343516, 14.217487, 14.499893, 14.065678, 13.067052, 11.385173, 9.385173, 7.094448, 4.886129, 3.642221, 3.614214, 4.653821, 6.974115, 9.936393, 12.941944, 11.527731, 9.488123, 6.767829, 3.605551, 0.0, 0.0, 0.0]"
599,"[0.0, 0.0, 0.0, 0.0, 0.894427, 1.97146, 3.494615, 5.203416, 6.912216, 7.72659, 8.358358, 8.544004, 8.358358, 7.914468, 7.100094, 6.112404, 4.686446, 3.363291, 2.09838, 1.803953, 2.082843, 3.0, 4.4, 6.4, 8.009072, 9.442177, 10.872767, 11.903356, 12.511037, 12.538033, 10.104928, 8.874338, 7.043749, 4.636068, 2.4, 3.0, 2.816553, 3.629004, 5.638076, 8.268666, 10.695215, 12.505211, 14.117663, 14.93514, 15.132978, 14.514748, 13.498173, 12.07327, 10.046721, 7.618294, 5.409975, 3.965685, 3.44631, 4.44631, 6.653991, 9.678894, 12.960286, 11.679661, 9.679661, 7.07198, 3.847077, 0.0, 0.0, 0.0]"
600,"[0.0, 0.0, 0.0, 0.0, 0.894427, 2.060618, 3.402258, 4.925413, 6.634214, 7.262941, 7.619905, 7.801419, 7.619905, 7.077295, 6.55414, 5.752096, 4.676155, 3.734514, 2.851167, 2.675788, 2.974481, 4.139719, 5.539719, 7.456877, 9.032255, 10.612452, 11.8, 12.8, 13.4, 13.4, 10.8, 9.6, 8.0, 5.6, 3.4, 3.847214, 3.267017, 3.71626, 5.355868, 7.588973, 9.970186, 11.976931, 13.354238, 14.143058, 14.340542, 13.94522, 12.729748, 11.31565, 9.311844, 6.881255, 4.44815, 3.269528, 2.921988, 4.067138, 6.467138, 9.698237, 12.742737, 11.477826, 9.508054, 6.908054, 3.676955, 0.0, 0.0, 0.0]"
601,"[0.0, 0.0, 0.0, 0.0, 1.077033, 2.418674, 3.860894, 5.581359, 7.301824, 7.945256, 8.324081, 8.602325, 8.324081, 7.945256, 7.390982, 6.495138, 5.374673, 4.332452, 3.190812, 2.624621, 2.624621, 3.101654, 4.314106, 6.000902, 7.400902, 8.856632, 10.059949, 10.855817, 11.249371, 11.249371, 8.969021, 8.030311, 6.343102, 4.262751, 2.462751, 3.095207, 2.884937, 3.860883, 5.786912, 8.277637, 10.473608, 12.315451, 13.591609, 14.438793, 14.576495, 14.156387, 13.309203, 11.898039, 9.924825, 7.496398, 5.088079, 3.56205, 3.077033, 3.9744, 5.91534, 9.077617, 11.970467, 10.893434, 8.996067, 6.655127, 3.49285, 0.0, 0.0, 0.0]"
602,"[0.0, 0.0, 0.0, 0.0, 0.8, 1.819804, 3.036356, 4.436356, 6.036356, 6.848808, 7.229004, 7.412452, 7.212452, 6.632255, 5.844425, 4.891639, 3.774481, 2.774481, 2.03752, 1.812899, 2.365685, 3.482843, 5.082843, 6.8, 8.4, 9.8, 11.0, 11.8, 12.2, 12.4, 10.0, 9.0, 7.4, 5.4, 3.0, 3.4, 2.8, 3.4, 5.0, 7.209072, 9.409072, 11.216206, 12.416206, 13.22334, 13.422586, 13.022586, 12.015453, 10.615453, 8.608319, 6.6, 4.6, 3.52111, 3.462751, 4.721877, 7.005159, 10.030062, 12.980463, 11.638823, 9.579697, 6.896415, 3.671512, 0.0, 0.0, 0.0]"
603,"[0.0, 0.0, 0.0, 0.0, 0.824621, 2.089532, 3.545554, 5.194796, 7.038705, 7.863326, 8.247658, 8.440878, 8.247658, 7.66866, 7.039221, 6.284406, 4.918007, 3.661985, 2.597074, 2.17727, 2.282843, 3.4, 4.8, 6.609975, 8.219047, 9.652152, 10.882742, 11.913331, 12.336461, 12.363457, 9.930352, 8.713976, 7.083387, 5.050282, 2.814214, 3.446669, 3.249008, 4.092917, 5.928985, 8.402848, 10.633957, 12.476816, 13.737742, 14.606509, 14.99621, 14.606509, 13.586705, 12.094322, 10.009291, 7.545727, 5.071863, 3.479469, 3.147642, 4.107737, 6.398462, 9.654226, 12.894831, 11.614206, 9.634307, 6.943582, 3.687818, 0.0, 0.0, 0.0]"
604,"[0.0, 0.0, 0.0, 0.0, 0.848528, 1.979899, 3.394113, 4.956162, 6.518212, 7.231734, 7.662413, 7.662413, 7.380988, 6.950309, 6.236787, 5.395848, 4.381634, 3.101009, 2.169638, 1.92111, 2.219804, 3.084715, 4.60787, 6.377641, 7.836767, 9.053031, 10.120501, 11.103339, 11.550177, 11.550177, 9.314109, 8.323369, 6.641997, 4.625388, 2.566262, 3.013476, 2.748868, 3.536698, 5.290764, 7.707373, 9.943441, 11.54969, 12.800802, 13.330018, 13.419402, 13.152729, 12.439219, 11.031677, 9.425429, 7.319436, 4.902826, 3.56551, 3.390113, 4.31308, 6.47433, 9.5856, 12.347257, 11.066632, 9.066632, 6.505382, 3.394113, 0.0, 0.0, 0.0]"
605,"[0.0, 0.0, 0.0, 0.0, 1.0, 2.216553, 3.630766, 5.230766, 6.830766, 7.430766, 7.814214, 8.0, 7.8, 7.4, 6.819804, 6.019804, 4.867017, 3.667017, 2.667017, 2.094427, 2.188854, 2.958193, 4.370645, 5.783096, 7.345858, 8.461406, 9.453926, 10.050546, 10.674163, 10.475265, 8.465289, 7.47277, 6.088319, 4.052251, 2.441174, 3.041174, 3.024621, 3.812452, 5.652059, 7.885164, 9.953497, 11.617061, 12.868174, 13.656993, 13.854478, 13.422213, 12.598256, 11.383934, 9.575311, 7.344722, 5.108654, 3.669046, 3.219804, 3.8, 5.6, 8.6, 11.2, 10.0, 8.4, 6.2, 3.2, 0.0, 0.0, 0.0]"
606,"[0.0, 0.0, 0.0, 0.0, 0.8, 1.8, 3.2, 4.6, 6.2, 7.0, 7.6, 7.6, 7.4, 6.8, 6.0, 5.0, 3.882843, 2.882843, 2.165685, 1.965685, 2.365685, 3.482843, 5.082843, 6.8, 8.4, 9.8, 10.8, 11.4, 11.8, 11.8, 9.4, 8.6, 7.2, 5.2, 3.0, 3.4, 2.8, 3.2, 4.809975, 7.019047, 9.052152, 10.682742, 11.913331, 12.533945, 12.757978, 12.533945, 11.913331, 10.499294, 8.668705, 6.6356, 4.826528, 3.537663, 3.601735, 4.801735, 7.122029, 9.846129, 12.685918, 11.405293, 9.405293, 6.684999, 3.560899, 0.0, 0.0, 0.0]"
607,"[0.0, 0.0, 0.0, 0.0, 0.8, 1.8, 3.0, 4.4, 6.0, 6.8, 7.4, 7.6, 7.4, 6.8, 6.2, 5.2, 4.082843, 3.082843, 2.530056, 2.251167, 2.817357, 4.057669, 5.56647, 7.207317, 8.766558, 9.880718, 10.831427, 11.59649, 11.788779, 11.788779, 9.508428, 8.490587, 7.093757, 5.379091, 3.29874, 3.745954, 3.289932, 3.812899, 5.247214, 7.247214, 9.2, 10.8, 11.8, 12.4, 12.6, 12.4, 11.6, 10.6, 8.8, 6.6, 4.4, 3.2, 2.864911, 3.962278, 6.103218, 9.208053, 12.152062, 10.887151, 8.989784, 6.648844, 3.544009, 0.0, 0.0, 0.0]"
608,"[0.0, 0.0, 0.0, 0.0, 1.0, 2.2, 3.6, 5.212452, 7.023529, 7.834606, 8.247057, 8.459509, 8.247057, 7.63598, 6.824903, 6.012452, 4.8, 3.682843, 2.882843, 2.515298, 2.609725, 3.49035, 4.904564, 6.348473, 7.879348, 9.317302, 10.644358, 11.453294, 12.050696, 12.050696, 9.718316, 8.524848, 6.867384, 4.826072, 2.662742, 3.262742, 3.065081, 3.865795, 5.553856, 7.894796, 10.080474, 11.837135, 13.234202, 14.009705, 14.454443, 14.009705, 13.124552, 11.601398, 9.757637, 7.37196, 5.03102, 3.342959, 3.219804, 4.011077, 6.218758, 9.225417, 12.248866, 10.848866, 9.037789, 6.430108, 3.423449, 0.0, 0.0, 0.0]"
609,"[0.0, 0.0, 0.0, 0.0, 0.8, 2.0, 3.4, 5.0, 6.6, 7.4, 7.8, 7.8, 7.6, 7.2, 6.6, 5.6, 4.647214, 3.447214, 2.647214, 2.368324, 2.934514, 3.828941, 5.337742, 7.091808, 8.651049, 10.01468, 11.202862, 12.214355, 12.780583, 13.030055, 10.500232, 9.426432, 7.783171, 5.628562, 3.29874, 3.69874, 3.242718, 3.765685, 5.2, 7.4, 9.607681, 11.414815, 12.821474, 13.628608, 14.035742, 13.628061, 12.820927, 11.414268, 9.407134, 6.8, 4.6, 3.4, 3.214214, 4.424189, 6.854778, 10.110542, 12.9602, 11.545986, 9.536011, 6.905422, 3.649658, 0.0, 0.0, 0.0]"
610,"[0.0, 0.0, 0.0, 0.0, 0.72111, 1.852481, 3.266695, 4.828745, 6.525801, 7.501747, 8.067432, 8.067432, 7.919596, 7.353911, 6.656854, 5.680908, 4.466695, 3.052481, 2.12111, 1.72111, 1.824621, 2.966262, 4.578713, 6.378713, 7.942044, 9.397774, 10.617383, 11.566181, 12.007492, 12.124512, 9.844161, 8.725132, 7.05831, 5.016999, 2.736648, 3.302333, 2.860113, 3.527735, 5.253765, 7.662083, 9.938932, 11.938932, 13.376882, 14.093387, 14.246318, 13.812103, 12.792002, 11.404453, 9.561919, 7.400669, 4.992351, 3.612452, 3.456022, 4.544083, 6.929761, 10.16086, 13.318519, 11.862497, 9.774435, 6.988758, 3.757659, 0.0, 0.0, 0.0]"
611,"[0.0, 0.0, 0.0, 0.0, 1.0, 2.280625, 3.842675, 5.56314, 7.283605, 8.00407, 8.44391, 8.602325, 8.324081, 7.884241, 7.295146, 6.295792, 5.207782, 4.165561, 3.167779, 2.636408, 2.715298, 3.482843, 4.695294, 6.25636, 7.744422, 9.285362, 10.226302, 11.030459, 11.52749, 11.52749, 9.18655, 8.259824, 6.643215, 4.502275, 2.614214, 3.179899, 3.04631, 4.035165, 5.894291, 8.200283, 10.413087, 11.910951, 13.075061, 13.900376, 14.002064, 13.729568, 13.010205, 11.669692, 9.862284, 7.854603, 5.348611, 3.689485, 3.077033, 3.720465, 5.528784, 8.371318, 11.377195, 10.377195, 8.65673, 6.248411, 3.405877, 0.0, 0.0, 0.0]"
612,"[0.0, 0.0, 0.0, 0.0, 0.824621, 2.041174, 3.257726, 4.857726, 6.470178, 7.245557, 7.629004, 7.812452, 7.412452, 7.0, 6.419804, 5.452259, 4.335102, 3.535102, 2.782316, 2.483622, 3.017357, 4.190536, 5.634445, 7.226839, 8.938834, 10.205749, 11.357408, 12.12118, 12.712161, 12.712161, 10.279056, 9.127397, 7.596749, 5.531845, 3.29874, 3.745954, 3.289932, 3.812899, 5.247214, 7.447214, 9.6, 11.4, 12.8, 13.6, 14.0, 13.6, 12.8, 11.4, 9.4, 6.8, 4.8, 3.6, 3.216553, 4.45616, 6.730024, 9.785788, 12.673606, 11.457053, 9.417445, 6.943582, 3.687818, 0.0, 0.0, 0.0]"
613,"[0.0, 0.0, 0.0, 0.0, 1.019804, 2.236356, 3.65057, 5.263022, 7.063022, 7.843218, 8.426665, 8.612452, 8.4, 7.816553, 7.036356, 6.060978, 4.908191, 3.908191, 3.091639, 2.519048, 2.588854, 3.406552, 4.655794, 6.099703, 7.692097, 9.033738, 10.177146, 10.936223, 11.525419, 11.721879, 9.485811, 8.533514, 6.949816, 4.799554, 2.763486, 3.363486, 3.107464, 4.082843, 6.0, 8.4, 10.6, 12.4, 13.6, 14.4, 14.6, 14.4, 13.6, 12.0, 10.2, 8.0, 5.4, 3.6, 3.416553, 3.829004, 5.702867, 8.614911, 11.513396, 10.296843, 8.684392, 6.210528, 3.298485, 0.0, 0.0, 0.0]"
614,"[0.0, 0.0, 0.0, 0.0, 0.8, 1.8, 3.0, 4.6, 6.2, 7.012452, 7.412452, 7.612452, 7.212452, 6.612452, 5.8, 5.0, 3.8, 2.8, 2.0, 1.765685, 2.165685, 3.307326, 4.719778, 6.489549, 8.07793, 9.494539, 10.493838, 11.222327, 11.669164, 11.669164, 9.252555, 8.253256, 6.633426, 4.49966, 2.345594, 2.745594, 2.480986, 3.28303, 5.059314, 7.391694, 9.599375, 11.130023, 12.385358, 12.933912, 13.107525, 12.832224, 12.11134, 10.613476, 8.900222, 6.677072, 4.344691, 3.057895, 3.191483, 4.307031, 6.457294, 9.516705, 12.409555, 10.995342, 8.985367, 6.552262, 3.49285, 0.0, 0.0, 0.0]"
615,"[0.0, 0.0, 0.0, 0.0, 0.894427, 2.060618, 3.502838, 5.11529, 6.727741, 7.445766, 7.892027, 7.972961, 7.70215, 7.431339, 6.818888, 5.772122, 4.696181, 3.55454, 2.412899, 2.012899, 2.447214, 3.4, 4.812452, 6.423529, 8.059597, 9.295665, 10.131733, 10.799632, 11.224623, 11.224623, 8.988555, 8.152487, 6.672136, 4.636068, 2.4, 3.0, 2.619804, 3.432255, 5.242231, 7.650549, 9.65823, 11.466854, 12.682829, 13.501281, 13.723552, 13.324943, 12.506491, 11.478064, 9.649637, 7.419047, 5.209975, 3.765685, 3.131876, 3.92073, 6.026723, 9.073032, 12.000197, 10.834006, 9.045152, 6.539159, 3.49285, 0.0, 0.0, 0.0]"
616,"[0.0, 0.0, 0.0, 0.0, 0.8, 1.819804, 3.084715, 4.60787, 6.131024, 6.854179, 7.35753, 7.434259, 7.176016, 6.672665, 5.974131, 5.050977, 3.909336, 2.927268, 2.507464, 2.315298, 2.881489, 4.243539, 5.804605, 7.184504, 8.960367, 10.202496, 11.331171, 12.329796, 12.911146, 12.765569, 10.35725, 9.228575, 7.386041, 5.272005, 3.009264, 3.409264, 2.741641, 3.083282, 4.522864, 6.855245, 9.062926, 10.888793, 12.267446, 12.988331, 13.161943, 12.717593, 11.884095, 10.505442, 8.618871, 6.312878, 4.349547, 3.262751, 3.335324, 4.653821, 6.886926, 9.94269, 12.830508, 11.416295, 9.376687, 6.943582, 3.687818, 0.0, 0.0, 0.0]"
617,"[0.0, 0.0, 0.0, 0.0, 1.0, 2.4, 4.012452, 5.823529, 7.667437, 8.511346, 8.955255, 9.186713, 8.988087, 8.360731, 7.716822, 6.872913, 5.629004, 4.299395, 3.682843, 3.282843, 3.282843, 4.097056, 5.51127, 7.037299, 8.51765, 9.958961, 11.152428, 12.175666, 12.490948, 12.490948, 10.049637, 9.004006, 7.13224, 5.090929, 3.010578, 3.610578, 3.265081, 4.260461, 6.014527, 8.344349, 10.790659, 12.805205, 14.192395, 15.200607, 15.456462, 15.130447, 13.98741, 12.405553, 10.459828, 8.121364, 5.40107, 3.913008, 3.663766, 4.447214, 6.807134, 10.013378, 13.018929, 11.618929, 9.618929, 6.811795, 3.605551, 0.0, 0.0, 0.0]"
618,"[0.0, 0.0, 0.0, 0.0, 0.824621, 1.901654, 3.243295, 4.685515, 6.297967, 7.085797, 7.621216, 7.621216, 7.520636, 6.985218, 6.197387, 5.217391, 4.07575, 2.73411, 1.857077, 1.479669, 1.695742, 2.776367, 4.496832, 6.183628, 7.899745, 9.492528, 10.717896, 11.503424, 12.057939, 12.057939, 9.616628, 8.552855, 6.895391, 4.736922, 2.573591, 3.173591, 2.808404, 3.48303, 5.169959, 7.586568, 9.586568, 11.3731, 12.713509, 13.607302, 13.790693, 13.531633, 12.63784, 11.115917, 9.14678, 6.993993, 4.853053, 3.707903, 3.766262, 5.071835, 7.424621, 10.424621, 13.2, 11.8, 9.6, 6.8, 3.6, 0.0, 0.0, 0.0]"
619,"[0.0, 0.0, 0.0, 0.0, 0.894427, 2.060618, 3.402258, 4.844479, 6.564944, 7.390982, 7.837243, 7.937823, 7.937823, 7.383548, 6.740116, 5.927664, 5.085444, 4.043223, 3.277033, 3.0, 3.2, 4.056022, 5.364823, 6.934594, 8.370662, 9.703043, 10.579402, 11.376594, 11.823432, 11.823432, 9.491051, 8.681825, 7.195636, 5.379027, 3.142959, 3.775414, 3.38363, 3.925876, 5.305775, 7.714094, 9.772363, 11.483527, 12.764011, 13.757326, 14.039732, 13.611748, 12.749113, 11.320793, 9.196107, 6.952596, 4.689854, 3.157169, 2.909146, 3.947414, 6.006193, 9.006193, 11.99991, 10.833719, 8.946923, 6.44093, 3.44093, 0.0, 0.0, 0.0]"
620,"[0.0, 0.0, 0.0, 0.0, 1.0, 2.2, 3.6, 5.212452, 7.023529, 7.834606, 8.247057, 8.459509, 8.261271, 7.650194, 7.039117, 6.226665, 5.014214, 3.882843, 3.082843, 2.515298, 2.792331, 3.672956, 4.952163, 6.532062, 8.025636, 9.356922, 10.637547, 11.636746, 12.065166, 12.065166, 9.656847, 8.509811, 6.842989, 4.83467, 2.708641, 3.308641, 2.97146, 3.689485, 5.452815, 7.785196, 9.792877, 11.436138, 12.543981, 13.100944, 13.376244, 13.100944, 12.439776, 11.161702, 9.335835, 7.128154, 4.795774, 3.183861, 3.006552, 4.009491, 6.0261, 8.889665, 11.75304, 10.488129, 8.590762, 6.174153, 3.310589, 0.0, 0.0, 0.0]"
621,"[0.0, 0.0, 0.0, 0.0, 0.565685, 1.565685, 2.84631, 4.288531, 5.730751, 6.607286, 7.049507, 7.049507, 6.738657, 6.296437, 5.702744, 4.707737, 3.627113, 2.495742, 1.895742, 1.847214, 2.477033, 3.618674, 5.339139, 6.939139, 8.41949, 9.903706, 10.970385, 11.940644, 12.501894, 12.501894, 9.940644, 9.094375, 7.569841, 5.608591, 3.32824, 3.92824, 3.385994, 3.742959, 5.040325, 7.276393, 9.276393, 10.939871, 12.28028, 13.168591, 13.532523, 13.020585, 12.23467, 10.827128, 8.866071, 6.466071, 4.37801, 3.280643, 3.238835, 4.424189, 6.83187, 10.237747, 13.243006, 11.828793, 9.818818, 7.211137, 3.80526, 0.0, 0.0, 0.0]"
622,"[0.0, 0.0, 0.0, 0.0, 0.72111, 1.72111, 2.887301, 4.228941, 5.570582, 6.372627, 6.714267, 6.889718, 6.714267, 6.372627, 5.698, 4.803573, 3.661932, 2.695742, 2.095742, 1.847214, 2.616553, 3.872574, 5.381375, 7.040501, 8.772882, 9.997641, 10.98293, 11.994423, 12.542978, 12.542978, 10.101667, 9.272807, 7.629546, 5.621865, 3.289485, 3.689485, 2.97146, 3.236068, 4.522864, 6.855245, 9.062926, 10.888793, 12.325641, 13.217333, 13.390945, 12.842391, 11.910951, 10.474103, 8.416724, 6.110731, 4.251605, 3.262751, 3.32111, 4.6, 7.0, 10.2, 13.4, 12.0, 10.0, 7.4, 4.0, 0.0, 0.0, 0.0]"
623,"[0.0, 0.0, 0.0, 0.0, 0.894427, 2.236068, 3.678288, 5.398754, 7.119219, 7.945256, 8.324081, 8.602325, 8.324081, 7.945256, 7.301824, 6.40598, 5.285515, 4.243295, 3.101654, 2.624621, 2.624621, 3.190812, 4.403263, 5.923728, 7.167637, 8.605758, 9.702309, 10.352599, 10.894876, 11.176996, 8.914254, 7.993153, 6.624839, 4.562097, 2.636068, 3.268524, 3.093073, 3.919111, 5.719111, 7.92743, 9.856224, 11.410328, 12.532397, 13.252691, 13.564666, 13.266158, 12.671893, 11.549824, 9.82953, 7.55645, 5.293708, 3.767679, 3.263766, 3.876218, 5.709355, 8.572919, 11.32553, 10.108978, 8.496526, 6.216175, 3.352611, 0.0, 0.0, 0.0]"
624,"[0.0, 0.0, 0.0, 0.0, 1.0, 2.2, 3.614214, 5.263456, 6.912698, 7.56194, 8.011183, 8.246211, 8.052991, 7.620301, 6.971059, 6.121817, 4.872574, 3.699395, 2.882843, 2.482843, 2.507464, 3.388089, 4.667296, 6.247195, 7.773224, 9.228954, 10.509579, 11.508778, 11.937198, 11.937198, 9.656847, 8.509811, 6.842989, 4.83467, 2.708641, 3.308641, 3.11098, 3.925353, 5.495125, 7.911734, 9.995016, 11.731428, 12.975592, 13.869384, 14.052775, 13.786103, 12.80291, 11.191586, 9.347825, 7.147825, 4.731216, 3.161445, 3.019804, 4.009975, 6.240564, 9.299976, 12.352511, 11.152511, 9.142536, 6.511947, 3.452535, 0.0, 0.0, 0.0]"
625,"[0.0, 0.0, 0.0, 0.0, 0.72111, 1.615537, 2.69257, 4.034211, 5.490233, 6.292278, 6.921005, 7.367127, 7.102519, 6.72353, 5.921485, 4.845544, 3.52239, 2.645357, 2.015537, 2.094427, 2.847214, 4.047214, 5.647214, 7.409072, 8.818144, 9.854212, 10.928076, 11.561181, 11.785214, 11.785214, 9.549146, 8.675282, 7.242177, 5.209072, 3.0, 3.4, 2.819804, 3.234017, 4.677926, 6.958277, 9.032141, 10.680669, 11.934789, 12.759213, 12.759213, 12.521417, 11.892692, 10.440912, 8.772579, 6.892228, 4.85616, 3.382238, 3.607906, 4.771237, 7.091531, 10.171775, 13.326304, 11.884084, 9.720753, 7.000459, 3.720215, 0.0, 0.0, 0.0]"
626,"[0.0, 0.0, 0.0, 0.0, 1.0, 2.2, 3.614214, 5.263456, 6.912698, 7.56194, 8.011183, 8.246211, 8.011183, 7.578493, 6.929251, 6.080008, 4.830766, 3.699395, 2.882843, 2.515298, 2.609725, 3.49035, 4.621721, 6.06563, 7.433174, 8.819098, 10.146154, 11.173252, 11.770654, 11.933985, 9.653634, 8.460167, 7.018855, 4.977544, 3.014214, 3.614214, 3.4, 4.049242, 5.737304, 8.011167, 10.131461, 11.904675, 13.228646, 14.113799, 14.360229, 14.169757, 13.284605, 11.767413, 9.814003, 7.493709, 4.963887, 3.275826, 3.219804, 4.2, 6.4, 9.6, 12.6, 11.2, 9.2, 6.6, 3.4, 0.0, 0.0, 0.0]"
627,"[0.0, 0.0, 0.0, 0.0, 0.8, 1.8, 3.214214, 4.628427, 6.240879, 7.05333, 7.665782, 7.665782, 7.665782, 7.05333, 6.240879, 5.228427, 4.014214, 2.8, 2.0, 1.765685, 2.060113, 3.125024, 4.633824, 6.331191, 7.853567, 9.239491, 10.448443, 11.213505, 11.59649, 11.788779, 9.508428, 8.490587, 6.841345, 4.843837, 2.563486, 2.963486, 2.507464, 3.295294, 5.022427, 7.231499, 9.264604, 10.895193, 11.913331, 12.533945, 12.733192, 12.536155, 11.915541, 10.684951, 9.074166, 7.113061, 5.076993, 3.699473, 3.755495, 4.823752, 7.044872, 9.949707, 13.053559, 11.597537, 9.509476, 6.841143, 3.736308, 0.0, 0.0, 0.0]"
628,"[0.0, 0.0, 0.0, 0.0, 0.894427, 2.236068, 3.759223, 5.468023, 7.176824, 7.991198, 8.298799, 8.424887, 8.172108, 7.728218, 7.096451, 6.168319, 5.084762, 4.02874, 3.211042, 2.581223, 2.684734, 3.319048, 4.519048, 5.871835, 7.224621, 8.4, 9.6, 10.2, 10.6, 10.8, 8.8, 7.8, 6.4, 4.482843, 2.682843, 3.282843, 3.099395, 3.899395, 5.626528, 7.834847, 10.04198, 11.632562, 12.839695, 13.636854, 13.836216, 13.429082, 12.631924, 11.42479, 9.817656, 7.809975, 5.409975, 3.847214, 3.463766, 3.913008, 5.653948, 8.627162, 11.59755, 10.380997, 8.731755, 6.390815, 3.417601, 0.0, 0.0, 0.0]"
629,"[0.0, 0.0, 0.0, 0.0, 0.894427, 2.236068, 3.759223, 5.468023, 7.176824, 7.991198, 8.358358, 8.484445, 8.298799, 7.854909, 7.223142, 6.235451, 5.033422, 3.910268, 3.09257, 2.462751, 2.566262, 3.319048, 4.519048, 5.671835, 7.024621, 8.2, 9.2, 9.8, 10.4, 10.6, 8.6, 7.8, 6.4, 4.482843, 2.682843, 3.282843, 3.099395, 3.899395, 5.616553, 7.824871, 9.824871, 11.415453, 12.622586, 13.42972, 13.629082, 13.238154, 12.431021, 11.223887, 9.416753, 7.209072, 5.0, 3.4, 3.016553, 3.665795, 5.606735, 8.327029, 11.27964, 10.063087, 8.413845, 6.072905, 3.352611, 0.0, 0.0, 0.0]"
630,"[0.0, 0.0, 0.0, 0.0, 1.019804, 2.284715, 3.740737, 5.389979, 7.09878, 7.787777, 8.231666, 8.484445, 8.291225, 7.798977, 7.10998, 6.201179, 5.092378, 3.836356, 2.819804, 2.4, 2.494427, 3.175052, 4.389266, 5.886322, 7.286322, 8.517924, 9.363328, 10.075144, 10.504117, 10.630146, 8.504117, 7.509458, 6.104539, 4.17851, 2.252481, 2.852481, 2.887301, 3.886655, 5.686655, 7.767006, 9.8873, 11.441404, 12.441233, 13.161527, 13.442426, 13.002483, 12.282189, 11.28236, 9.562066, 7.283659, 5.003308, 3.603308, 2.902647, 3.551889, 5.609986, 8.5832, 11.400801, 10.380997, 8.731755, 6.390815, 3.417601, 0.0, 0.0, 0.0]"
631,"[0.0, 0.0, 0.0, 0.0, 1.077033, 2.418674, 3.860894, 5.581359, 7.468156, 8.111588, 8.490412, 8.768656, 8.490412, 8.045836, 7.402404, 6.50656, 5.386095, 4.143875, 2.901654, 2.424621, 2.494427, 3.060618, 4.422668, 6.066576, 7.446475, 8.678077, 9.920206, 10.766475, 11.330885, 11.477015, 9.350986, 8.223292, 6.536083, 4.527764, 2.601735, 3.201735, 2.998143, 4.065887, 5.901955, 8.309636, 10.488125, 12.295533, 13.559546, 14.276443, 14.447251, 14.174755, 13.34944, 12.085427, 10.026889, 7.531243, 5.02525, 3.566124, 2.97727, 4.082843, 6.0, 9.0, 12.0, 10.8, 8.8, 6.6, 3.6, 0.0, 0.0, 0.0]"
632,"[0.0, 0.0, 0.0, 0.0, 1.0, 2.2, 3.6, 5.4, 7.2, 8.0, 8.6, 8.8, 8.6, 8.2, 7.4, 6.4, 5.247214, 3.930056, 2.930056, 2.562512, 2.61104, 3.444451, 4.603829, 5.992683, 7.329999, 8.635537, 9.695852, 10.594572, 11.041785, 11.22608, 9.072014, 8.173294, 6.680883, 4.844815, 2.890749, 3.490749, 3.248528, 4.012452, 5.84852, 8.279109, 10.542673, 12.254717, 13.554309, 14.230285, 14.268029, 13.878328, 13.005892, 11.508062, 9.615821, 7.347489, 4.873625, 3.234017, 3.019804, 4.0, 6.2, 9.406244, 12.611795, 11.411795, 9.411795, 6.811795, 3.605551, 0.0, 0.0, 0.0]"
633,"[0.0, 0.0, 0.0, 0.0, 1.0, 2.2, 3.8, 5.4, 7.2, 8.0, 8.6, 8.6, 8.6, 8.2, 7.4, 6.424621, 5.271835, 4.071835, 3.071835, 2.70429, 2.728197, 3.447174, 4.659626, 6.04848, 7.57009, 9.062502, 10.426134, 11.154622, 11.706708, 11.706708, 9.365768, 8.177587, 6.685175, 4.544235, 2.390169, 2.990169, 2.848528, 3.612452, 5.452059, 7.925923, 10.237967, 11.950011, 13.249603, 14.122039, 14.36847, 13.930289, 13.106307, 11.650285, 9.758045, 7.437751, 4.963887, 3.275826, 3.219804, 4.209975, 6.417656, 9.444205, 12.693863, 11.293863, 9.283888, 6.676207, 3.649658, 0.0, 0.0, 0.0]"
634,"[0.0, 0.0, 0.0, 0.0, 0.72111, 1.887301, 3.167925, 4.610146, 6.172196, 7.013136, 7.408995, 7.570591, 7.408995, 6.978316, 6.310693, 5.381099, 4.338878, 3.258254, 2.326883, 2.032456, 2.224621, 3.089532, 4.501984, 6.18878, 7.752111, 9.20784, 10.22328, 11.05214, 11.606655, 11.606655, 9.326304, 8.488174, 6.94129, 4.899978, 2.736648, 3.302333, 3.026303, 3.744327, 5.403453, 7.735834, 9.948638, 11.735412, 13.075925, 13.795288, 14.241396, 13.795288, 12.901449, 11.471639, 9.587577, 7.209089, 4.876708, 3.450037, 3.093073, 4.085442, 6.126753, 9.250853, 12.179296, 11.013106, 9.12631, 6.684999, 3.560899, 0.0, 0.0, 0.0]"
635,"[0.0, 0.0, 0.0, 0.0, 1.0, 2.4, 4.0, 5.811077, 7.622154, 8.433231, 8.844308, 8.85676, 8.645683, 8.234606, 7.623529, 6.812452, 5.832456, 4.515298, 3.715298, 3.147754, 3.147754, 3.795923, 5.356989, 6.756989, 8.404885, 9.846196, 11.173252, 11.937024, 12.378335, 12.539295, 10.097984, 8.932524, 7.324843, 5.283532, 2.842221, 3.442221, 3.216553, 4.113919, 5.867985, 8.467985, 10.731549, 12.645492, 13.87862, 14.85505, 15.118614, 14.85505, 13.87862, 12.27128, 10.217818, 7.754254, 5.154254, 3.600188, 3.491247, 4.453821, 6.882248, 10.180733, 13.464031, 12.049817, 10.010209, 7.181782, 3.883298, 0.0, 0.0, 0.0]"
636,"[0.0, 0.0, 0.0, 0.0, 1.0, 2.4, 4.0, 5.6, 7.4, 8.2, 8.6, 8.6, 8.6, 8.2, 7.6, 6.8, 5.832456, 4.679669, 3.679669, 3.279669, 3.356702, 3.890437, 5.163688, 6.743587, 8.206329, 9.392038, 10.916572, 11.604426, 12.170112, 12.033399, 9.770657, 8.522153, 7.190867, 5.045283, 2.919253, 3.519253, 3.077033, 3.56205, 5.288079, 7.696398, 9.924825, 11.898039, 13.309203, 14.156387, 14.438793, 13.873108, 12.879793, 11.468629, 9.495415, 7.004691, 4.741949, 3.394505, 2.963826, 3.807735, 6.15332, 9.409084, 12.464446, 11.333075, 9.489166, 6.943582, 3.687818, 0.0, 0.0, 0.0]"
637,"[0.0, 0.0, 0.0, 0.0, 1.0, 2.4, 4.0, 5.6, 7.4, 8.2, 8.6, 8.6, 8.6, 8.0, 7.2, 6.2, 5.047214, 3.647214, 2.847214, 2.479669, 2.528197, 3.361609, 4.603829, 5.992683, 7.419354, 8.987435, 10.123419, 11.097808, 11.725563, 11.902505, 9.485896, 8.410927, 6.842846, 4.826237, 2.590169, 3.190169, 3.065081, 3.865795, 5.553856, 7.834207, 9.764029, 11.333154, 12.46959, 13.167206, 13.416677, 13.227795, 12.530179, 11.200523, 9.434649, 7.304827, 4.963887, 3.275826, 3.234017, 4.214214, 6.222532, 9.05096, 12.074408, 10.660195, 8.660195, 6.251876, 3.423449, 0.0, 0.0, 0.0]"
638,"[0.0, 0.0, 0.0, 0.0, 0.824621, 1.824621, 3.041174, 4.441174, 6.041174, 6.816553, 7.416553, 7.6, 7.4, 6.819804, 6.044425, 5.044425, 3.844425, 2.844425, 2.271835, 2.047214, 2.447214, 3.847214, 5.447214, 7.0, 8.6, 9.8, 10.807681, 11.416, 11.816, 11.816, 9.616, 8.608319, 7.2, 5.2, 3.0, 3.2, 2.619804, 3.034017, 4.477926, 6.758277, 8.838628, 10.487157, 11.741276, 12.427189, 12.427189, 12.427189, 11.602766, 10.199344, 8.469522, 6.589171, 4.70882, 3.586021, 3.735324, 4.915223, 7.205948, 9.917217, 12.734468, 11.320255, 9.340356, 6.649631, 3.538361, 0.0, 0.0, 0.0]"
639,"[0.0, 0.0, 0.0, 0.0, 0.8, 1.8, 3.0, 4.414214, 6.026665, 6.839117, 7.451568, 7.665782, 7.451568, 7.039117, 6.226665, 5.214214, 4.0, 3.0, 2.082843, 1.730056, 2.024483, 3.089395, 4.538637, 6.295402, 8.084256, 9.425897, 10.594091, 11.377954, 11.547418, 11.547418, 9.31135, 8.490697, 7.077396, 5.268323, 3.032255, 3.432255, 2.819804, 3.4, 5.0, 7.2, 9.2, 10.8, 11.8, 12.4, 12.6, 12.4, 11.8, 10.6, 8.8, 6.8, 4.8, 3.52111, 3.644265, 4.998331, 7.01494, 9.945435, 12.802034, 11.278879, 9.124813, 6.708204, 3.577709, 0.0, 0.0, 0.0]"
640,"[0.0, 0.0, 0.0, 0.0, 0.824621, 2.089532, 3.545554, 5.194796, 6.844039, 7.66866, 8.112549, 8.179682, 7.986462, 7.602131, 7.029921, 6.042231, 4.801919, 3.545897, 2.480986, 2.003953, 2.282843, 3.2, 4.612452, 6.25636, 7.744422, 9.024773, 10.165713, 10.894201, 11.391232, 11.391232, 9.110881, 8.225963, 6.685023, 4.744083, 2.656022, 3.103236, 2.813404, 3.625856, 5.284982, 7.790974, 10.027042, 11.813817, 13.15433, 14.048168, 14.225457, 13.874556, 12.980718, 11.550908, 9.674976, 7.391694, 5.059314, 3.600188, 3.533055, 4.425794, 6.709075, 9.933978, 13.00549, 11.549468, 9.579697, 6.896415, 3.671512, 0.0, 0.0, 0.0]"
641,"[0.0, 0.0, 0.0, 0.0, 0.894427, 2.060618, 3.502838, 5.11529, 6.727741, 7.445766, 7.892027, 7.892027, 7.621216, 7.174955, 6.562503, 5.671162, 4.511784, 3.370143, 2.403953, 2.003953, 2.082843, 3.0, 4.449242, 6.093151, 7.581212, 9.061563, 10.202503, 10.894201, 11.330643, 11.330643, 9.050292, 8.123566, 6.582626, 4.502275, 2.414214, 2.861427, 2.467017, 3.31626, 5.204321, 7.678184, 9.951265, 11.843505, 13.106307, 13.930289, 14.31999, 13.880047, 13.007611, 11.708018, 9.815778, 7.352214, 5.071863, 3.597941, 3.266114, 4.090219, 6.098538, 9.098538, 12.253068, 10.972443, 9.128534, 6.720215, 3.720215, 0.0, 0.0, 0.0]"
642,"[0.0, 0.0, 0.0, 0.0, 0.894427, 2.236068, 3.84852, 5.735316, 7.622112, 8.614481, 9.159636, 9.26765, 8.993305, 8.44815, 7.727544, 6.735175, 5.61471, 4.285101, 3.34346, 3.071697, 3.34346, 4.30551, 5.866576, 7.729318, 9.24321, 10.622604, 11.751279, 12.598095, 13.026078, 13.026078, 10.480493, 9.486825, 7.7961, 5.826485, 3.418167, 4.139277, 3.722845, 4.566754, 6.108386, 8.799111, 11.051214, 12.881859, 14.14922, 14.997748, 15.418293, 14.990664, 14.142136, 12.874775, 11.04413, 8.498545, 6.235804, 4.992866, 4.798199, 5.858514, 8.266043, 11.47605, 14.395789, 12.746547, 10.405607, 7.432393, 3.939543, 0.0, 0.0, 0.0]"
643,"[0.0, 0.0, 0.0, 0.0, 0.72111, 1.798143, 3.139784, 4.595806, 6.118961, 6.853872, 7.232861, 7.347243, 7.156132, 6.71001, 6.148415, 5.258079, 4.24927, 3.384359, 2.873012, 2.699695, 3.153813, 4.120813, 5.520813, 6.955128, 8.634017, 10.014214, 11.2, 12.0, 12.6, 12.4, 10.0, 9.0, 7.4, 5.432456, 3.232456, 3.679669, 3.099473, 3.513687, 4.891206, 7.299525, 9.482901, 11.291524, 12.705738, 13.52419, 13.74646, 13.351939, 12.334589, 10.920375, 8.916569, 6.48598, 4.249912, 3.07129, 2.921988, 4.067138, 6.467138, 9.777727, 12.822227, 11.557316, 9.587544, 6.987544, 3.676955, 0.0, 0.0, 0.0]"
644,"[0.0, 0.0, 0.0, 0.0, 0.72111, 1.72111, 3.001735, 4.443956, 5.886176, 6.777517, 7.389969, 7.551565, 7.275534, 6.833314, 5.941973, 4.895207, 3.852986, 2.886796, 2.286796, 2.365685, 3.0, 4.0, 5.6, 7.209975, 8.84308, 10.076185, 11.306774, 12.175107, 12.795721, 12.770935, 10.33783, 9.507241, 7.838908, 5.608319, 3.2, 3.6, 2.8, 3.4, 5.009975, 7.418294, 9.825428, 11.832087, 13.238746, 14.035905, 14.235267, 13.836452, 12.829793, 11.223134, 9.416, 7.208319, 5.0, 3.72111, 3.777132, 4.931198, 7.316876, 10.534477, 13.676009, 12.219987, 10.065921, 7.280243, 3.862642, 0.0, 0.0, 0.0]"
645,"[0.0, 0.0, 0.0, 0.0, 1.019804, 2.284715, 3.80787, 5.420321, 7.209176, 7.978226, 8.502169, 8.502169, 8.412872, 7.888929, 7.177108, 6.212874, 5.28972, 4.166565, 3.301654, 2.824621, 2.8, 3.277033, 4.400188, 5.789042, 7.248168, 8.507294, 9.762642, 10.571868, 11.115394, 11.115394, 9.056268, 7.988799, 6.288873, 4.156493, 2.097367, 2.663052, 2.564331, 3.72073, 5.579856, 8.085849, 10.203445, 11.900819, 12.975529, 13.779967, 13.779967, 13.513295, 12.803796, 11.463387, 9.676856, 7.570863, 5.154254, 3.447401, 3.090437, 3.802258, 5.908251, 8.792692, 11.674142, 10.507952, 8.719097, 6.213104, 3.328663, 0.0, 0.0, 0.0]"
646,"[0.0, 0.0, 0.0, 0.0, 1.019804, 2.284715, 3.740737, 5.449538, 7.158338, 7.847335, 8.291225, 8.358358, 8.172711, 7.728822, 7.039825, 6.131024, 5.20787, 3.884715, 2.819804, 2.4, 2.494427, 3.060618, 4.274831, 5.771887, 7.171887, 8.403489, 9.363328, 10.075144, 10.504117, 10.348026, 8.221996, 7.227338, 5.822419, 3.89639, 2.252481, 2.699695, 2.734514, 3.625856, 5.425856, 7.506206, 9.779287, 11.333391, 12.60538, 13.325674, 13.606573, 13.012308, 12.292014, 11.020025, 9.29973, 7.185694, 5.059665, 3.659665, 3.067017, 3.679469, 5.320317, 8.232361, 10.984972, 9.965168, 8.352716, 6.264655, 3.352611, 0.0, 0.0, 0.0]"
647,"[0.0, 0.0, 0.0, 0.0, 1.077033, 2.418674, 3.760315, 5.372766, 7.093231, 7.736663, 8.115487, 8.494312, 8.324081, 7.945256, 7.390982, 6.495138, 5.374673, 4.332452, 3.190812, 2.624621, 2.6, 3.216553, 4.339707, 5.928562, 7.215358, 8.415358, 9.362136, 10.002312, 10.272584, 10.272584, 8.272584, 7.374164, 5.843289, 3.984163, 2.297367, 2.863052, 2.878766, 3.966775, 5.766775, 8.008086, 10.162695, 11.766511, 12.930487, 13.814928, 13.981298, 13.593385, 12.708944, 11.436954, 9.629546, 7.421865, 5.089485, 3.536698, 2.924247, 3.54427, 5.407012, 8.235439, 11.182338, 10.182338, 8.485281, 6.22254, 3.394113, 0.0, 0.0, 0.0]"
648,"[0.0, 0.0, 0.0, 0.0, 1.077033, 2.341944, 3.991186, 5.640429, 7.484337, 8.251213, 8.830211, 8.830211, 8.830211, 8.251213, 7.484337, 6.361539, 5.15951, 3.910268, 2.9282, 2.483622, 2.587133, 3.539919, 4.739919, 6.457077, 8.024621, 9.4, 10.408319, 11.216638, 11.42571, 11.42571, 9.22571, 8.217391, 6.609072, 4.6, 2.8, 3.432456, 3.297367, 4.394733, 6.348799, 8.548799, 10.702021, 12.668209, 13.817152, 14.709395, 14.972959, 14.787282, 13.710249, 12.452794, 10.623037, 8.359473, 5.759473, 4.237862, 3.729633, 4.356989, 6.302574, 9.413844, 12.319749, 11.039124, 9.195215, 6.649631, 3.538361, 0.0, 0.0, 0.0]"
649,"[0.0, 0.0, 0.0, 0.0, 0.824621, 1.901654, 3.166565, 4.622587, 6.078609, 6.668202, 7.047191, 7.238301, 6.998832, 6.619843, 6.030251, 5.021442, 3.848263, 2.83171, 2.201891, 1.97727, 2.530056, 3.647214, 5.047214, 6.411077, 7.850685, 9.086753, 10.160616, 10.993721, 11.615749, 11.615749, 9.379681, 8.518269, 7.085164, 5.052059, 3.012452, 3.295294, 2.507464, 2.963486, 4.272287, 6.426352, 8.48445, 10.189651, 11.333629, 12.041437, 12.228311, 12.041437, 11.220416, 9.885327, 8.468718, 6.327778, 4.373712, 3.559338, 3.708641, 4.83467, 6.897412, 9.670625, 12.314559, 10.900346, 8.774317, 6.511575, 3.538361, 0.0, 0.0, 0.0]"
650,"[0.0, 0.0, 0.0, 0.0, 0.8, 1.8, 3.0, 4.4, 6.0, 6.812452, 7.226665, 7.426665, 7.226665, 6.626665, 5.814214, 5.0, 3.8, 2.8, 2.082843, 1.915298, 2.392331, 3.606545, 5.018996, 6.746129, 8.313673, 9.63664, 10.822427, 11.809975, 12.2, 12.209072, 9.809072, 8.809072, 7.209072, 5.209072, 3.2, 3.6, 3.0, 3.4, 5.0, 7.208319, 9.608319, 11.415453, 12.822586, 13.62972, 13.829082, 13.238154, 12.431021, 11.023887, 9.016753, 6.809072, 5.0, 3.72111, 3.601735, 4.801735, 7.122029, 10.002273, 12.968981, 11.688356, 9.688356, 6.968062, 3.687818, 0.0, 0.0, 0.0]"
651,"[0.0, 0.0, 0.0, 0.0, 0.632456, 1.709488, 2.9744, 4.239311, 5.695333, 6.518899, 6.965021, 6.965021, 6.777143, 6.398154, 5.836559, 4.596247, 3.531336, 2.654303, 1.97727, 1.882843, 2.6, 3.814214, 5.263456, 6.951517, 8.492457, 9.909066, 11.094853, 12.04561, 12.557549, 12.557549, 10.14094, 8.996962, 7.416766, 5.416766, 3.075826, 3.275826, 2.668332, 2.929153, 4.173062, 6.453413, 8.814662, 10.808668, 12.218768, 13.065584, 13.193552, 12.758332, 11.759707, 10.483195, 8.513581, 6.305262, 4.379233, 3.335324, 3.137663, 4.504614, 6.834436, 9.987047, 12.792598, 11.576046, 9.487984, 6.958162, 3.605551, 0.0, 0.0, 0.0]"
652,"[0.0, 0.0, 0.0, 0.0, 0.632456, 1.709488, 2.875679, 4.21732, 5.55896, 6.368725, 6.733913, 7.009943, 6.834493, 6.387279, 5.76968, 4.927459, 3.885239, 2.919048, 2.424621, 2.232456, 2.709488, 3.751709, 5.113759, 6.839788, 8.470074, 9.938626, 11.04199, 12.041189, 12.460745, 12.460745, 9.91516, 8.931626, 7.370376, 5.457247, 3.194505, 3.594505, 2.857077, 3.198717, 4.453058, 6.785439, 8.99312, 10.946988, 12.383836, 13.275528, 13.44914, 12.900585, 11.734548, 10.2977, 8.240321, 5.934329, 4.075203, 3.262751, 3.12111, 4.409975, 6.840564, 9.865468, 12.715125, 11.515125, 9.50515, 6.874561, 3.649658, 0.0, 0.0, 0.0]"
653,"[0.0, 0.0, 0.0, 0.0, 0.894427, 2.060618, 3.341242, 4.903292, 6.600349, 7.402978, 7.651001, 7.78459, 7.503165, 7.086733, 6.284104, 5.502346, 4.688132, 3.807508, 2.974096, 2.90429, 3.471835, 4.271835, 5.671835, 7.234596, 8.646043, 9.682111, 10.562462, 11.236325, 11.659455, 11.659455, 9.423387, 8.55725, 7.283387, 5.450282, 3.214214, 3.779899, 3.260113, 3.583267, 5.071329, 7.351679, 9.315816, 11.089722, 12.286861, 12.919094, 13.168565, 12.919094, 12.09467, 10.78859, 8.892917, 6.363094, 4.282744, 3.263456, 3.114153, 4.259304, 6.675913, 9.522222, 12.374556, 11.109645, 9.139874, 6.723265, 3.676955, 0.0, 0.0, 0.0]"
654,"[0.0, 0.0, 0.0, 0.0, 0.848528, 1.979899, 3.394113, 4.956162, 6.518212, 7.231734, 7.662413, 7.81025, 7.528825, 7.2474, 6.68535, 5.755755, 4.593705, 3.51308, 2.432456, 2.032456, 2.2, 3.214214, 4.470236, 6.240007, 7.794073, 9.230141, 10.232537, 11.193124, 11.564292, 11.564292, 9.328224, 8.367637, 6.751028, 4.810088, 2.656022, 3.103236, 2.667017, 3.575818, 5.26388, 7.60482, 9.8779, 11.77014, 13.034553, 13.666786, 14.04614, 13.666786, 12.842803, 11.518832, 9.818342, 7.498047, 5.157107, 3.634732, 3.11686, 3.940965, 6.102215, 9.102215, 12.142081, 11.01071, 9.166801, 6.605551, 3.605551, 0.0, 0.0, 0.0]"
655,"[0.0, 0.0, 0.0, 0.0, 1.0, 2.2, 3.614214, 5.226665, 7.037742, 7.837742, 8.437742, 8.63598, 8.437742, 8.040879, 7.260683, 6.093138, 4.9279, 3.713687, 2.499473, 1.926883, 2.119048, 3.071835, 4.471835, 6.271835, 8.024621, 9.6, 10.8, 11.807681, 12.207681, 12.207681, 9.807681, 8.607681, 7.0, 5.0, 2.8, 3.4, 3.216553, 4.02763, 5.836702, 8.444383, 10.851042, 12.641149, 14.054975, 14.872452, 15.093198, 14.494858, 13.498173, 12.07327, 10.046721, 7.618294, 5.209975, 3.765685, 3.24631, 4.24631, 6.40756, 9.569838, 12.777745, 11.49712, 9.49712, 6.93587, 3.773592, 0.0, 0.0, 0.0]"
656,"[0.0, 0.0, 0.0, 0.0, 0.8, 1.8, 3.0, 4.4, 6.0, 6.8, 7.4, 7.6, 7.4, 7.0, 6.2, 5.2, 4.0, 3.0, 2.082843, 1.915298, 2.335102, 3.535102, 4.947554, 6.664711, 8.232255, 9.412452, 10.612452, 11.4, 11.8, 11.8, 9.6, 8.6, 7.2, 5.2, 3.0, 3.4, 2.8, 3.4, 5.0, 7.209072, 9.217391, 10.817391, 12.024525, 12.632206, 12.831453, 12.632206, 12.032206, 10.625072, 9.017391, 7.009072, 5.0, 3.72111, 3.763331, 4.926662, 7.134342, 10.09662, 12.981061, 11.538841, 9.37551, 6.767829, 3.605551, 0.0, 0.0, 0.0]"
657,"[0.0, 0.0, 0.0, 0.0, 0.894427, 2.159338, 3.61536, 5.264602, 6.913845, 7.863326, 8.247658, 8.440878, 8.247658, 7.863326, 7.096451, 6.168319, 5.084762, 4.02874, 3.163829, 2.534009, 2.63752, 3.271835, 4.471835, 5.871835, 7.624621, 9.0, 10.0, 10.609072, 11.018144, 11.018144, 8.818144, 8.218144, 6.809072, 4.8, 3.0, 3.565685, 3.131876, 4.040677, 6.121027, 8.061967, 10.28196, 12.088983, 13.16586, 13.671187, 14.115924, 13.671187, 12.786034, 11.523511, 9.757637, 7.57196, 5.23102, 3.590172, 3.198388, 3.875641, 5.68396, 8.795229, 11.742128, 10.610758, 8.913701, 6.505382, 3.394113, 0.0, 0.0, 0.0]"
658,"[0.0, 0.0, 0.0, 0.0, 0.848528, 1.848528, 3.290749, 4.813903, 6.426355, 7.100981, 7.624136, 7.523556, 7.166592, 6.720331, 6.197176, 5.395132, 4.453491, 3.687301, 2.803953, 2.628574, 2.927268, 3.927268, 5.327268, 7.044425, 8.419804, 9.609072, 10.617391, 11.22571, 11.62571, 11.62571, 9.416638, 8.608319, 7.4, 5.6, 3.4, 3.682843, 2.97727, 3.233292, 4.721353, 7.001704, 9.192725, 10.96663, 12.230902, 12.811174, 13.004686, 12.811174, 12.040208, 10.969156, 9.125444, 6.851581, 4.57123, 3.306319, 2.998717, 4.143868, 6.449861, 9.402825, 12.348079, 11.006438, 9.036666, 6.530673, 3.577709, 0.0, 0.0, 0.0]"
659,"[0.0, 0.0, 0.0, 0.0, 1.264911, 2.720933, 4.429734, 6.3271, 8.296872, 8.929327, 9.561367, 9.749933, 9.501808, 8.988059, 8.307245, 7.238987, 5.941621, 4.739592, 3.566413, 2.915546, 2.790169, 3.45508, 4.716667, 6.521886, 8.192268, 9.92843, 11.491946, 12.590279, 13.132807, 13.50442, 10.873831, 9.657856, 7.927755, 5.862851, 3.45517, 4.349597, 4.193168, 5.204196, 7.306843, 9.970407, 12.374465, 14.411293, 15.816081, 16.640598, 17.075519, 16.689078, 15.537168, 13.888227, 11.809591, 9.311106, 6.846276, 5.329957, 5.194849, 6.016703, 8.347199, 11.571497, 14.96588, 13.25708, 11.021012, 7.890517, 4.219005, 0.0, 0.0, 0.0]"
660,"[0.0, 0.0, 0.0, 0.0, 0.894427, 2.060618, 3.402258, 5.01471, 6.627161, 7.345186, 7.791447, 7.972961, 7.70215, 7.255889, 6.663241, 5.85079, 4.727635, 3.668837, 2.94986, 2.778584, 3.109955, 4.272005, 5.875959, 7.487871, 9.145336, 10.877529, 12.288693, 13.375111, 14.101662, 14.381347, 11.517783, 10.333423, 8.80243, 6.737863, 4.352185, 5.073295, 4.549352, 4.918209, 6.406171, 8.813304, 11.098853, 13.058845, 14.472671, 15.488502, 15.707918, 15.331848, 14.146552, 12.534101, 10.329002, 7.902453, 5.471863, 4.280784, 4.230382, 5.47332, 7.846534, 11.207432, 14.610962, 13.048913, 10.786171, 7.812957, 4.252058, 0.0, 0.0, 0.0]"
661,"[0.0, 0.0, 0.0, 0.0, 1.019804, 2.236356, 3.692378, 5.341621, 6.990863, 7.814968, 8.442324, 8.635545, 8.442324, 8.009635, 7.18553, 6.141621, 4.939592, 3.88357, 3.114231, 2.815537, 3.181728, 4.257669, 5.82744, 7.534293, 9.287046, 10.84115, 12.181559, 13.075352, 13.589619, 13.589619, 10.869325, 9.714561, 7.92803, 5.892153, 3.618289, 4.218289, 3.726041, 4.26146, 5.865072, 8.295661, 10.524088, 12.334085, 13.748183, 14.538664, 14.736502, 14.538664, 13.748183, 12.334085, 10.572447, 8.46513, 6.281754, 5.045686, 5.142036, 6.218065, 8.470168, 11.515804, 14.565496, 12.856695, 10.515755, 7.542541, 4.049691, 0.0, 0.0, 0.0]"
662,"[0.0, 0.0, 0.0, 0.0, 1.216553, 2.672574, 4.321817, 6.165726, 8.205333, 8.886148, 9.327492, 9.522159, 9.327492, 8.900336, 8.219522, 7.322155, 6.110702, 4.908673, 3.696222, 3.200779, 3.200779, 3.909965, 5.251605, 6.821377, 8.441207, 9.971029, 11.15921, 12.09065, 12.6507, 12.6507, 10.120878, 9.114211, 7.560107, 5.59597, 3.537873, 4.337873, 4.228932, 4.873819, 6.741238, 9.286823, 11.513372, 13.324061, 14.737888, 15.529686, 15.926162, 15.530202, 14.541367, 13.356071, 11.347721, 8.755273, 6.324684, 4.983043, 4.285076, 5.038295, 7.191517, 10.409119, 13.499663, 12.158022, 10.188251, 7.402573, 3.984972, 0.0, 0.0, 0.0]"
663,"[0.0, 0.0, 0.0, 0.0, 0.8, 1.8, 3.0, 4.4, 5.8, 6.6, 7.0, 7.2, 7.0, 6.6, 5.8, 5.0, 3.882843, 2.882843, 2.082843, 1.882843, 2.282843, 3.4, 4.8, 6.6, 8.2, 9.608319, 10.816, 11.823681, 12.431362, 12.431362, 10.023043, 9.015362, 7.407681, 5.4, 3.4, 3.682843, 2.907464, 3.363486, 4.660852, 6.614918, 8.861898, 10.822954, 12.15261, 13.040921, 13.303464, 12.927708, 12.039397, 10.51863, 8.532953, 6.516344, 4.762278, 3.689532, 3.866842, 5.066842, 7.228091, 10.269021, 13.327698, 11.885477, 9.885477, 7.324228, 3.883298, 0.0, 0.0, 0.0]"
664,"[0.0, 0.0, 0.0, 0.0, 0.632456, 1.709488, 2.9744, 4.388613, 6.037855, 7.017851, 7.55327, 7.702572, 7.504911, 6.875473, 6.087643, 5.107647, 3.976276, 2.959723, 2.222762, 2.119251, 2.381223, 3.512594, 4.925045, 6.68181, 8.169772, 9.70845, 10.901918, 11.897147, 12.290644, 12.489891, 10.056786, 9.061556, 7.473679, 5.440574, 3.032255, 3.432255, 2.839608, 3.469046, 4.966413, 7.307353, 9.69303, 11.536791, 12.933858, 13.900055, 14.159115, 13.790047, 12.896254, 11.191586, 9.222449, 7.022449, 4.60584, 3.236068, 3.294427, 4.409975, 6.640564, 9.939049, 12.831899, 11.431899, 9.421924, 6.791334, 3.49285, 0.0, 0.0, 0.0]"
665,"[0.0, 0.0, 0.0, 0.0, 1.280625, 2.842675, 4.539731, 6.38364, 8.38364, 9.103015, 9.540965, 9.687818, 9.540965, 9.103015, 8.38364, 7.38364, 6.260841, 4.963785, 3.848949, 3.168324, 3.245357, 3.865887, 5.186352, 6.739139, 8.41949, 9.750776, 10.954719, 11.779839, 12.325423, 12.307814, 9.899495, 8.91596, 7.536566, 5.623438, 3.807909, 4.807909, 4.701881, 5.505463, 7.289616, 9.705967, 11.752276, 13.527353, 14.78868, 15.60317, 15.901884, 15.641252, 14.751093, 13.489766, 11.600308, 9.003715, 6.618038, 5.171525, 4.543394, 5.355819, 7.575812, 10.528422, 13.563372, 12.221731, 10.067665, 7.281987, 3.929377, 0.0, 0.0, 0.0]"
666,"[0.0, 0.0, 0.0, 0.0, 1.131371, 2.411996, 3.974046, 5.694511, 7.53842, 8.250958, 8.814242, 8.814242, 8.655827, 8.226131, 7.513593, 6.518212, 5.403376, 4.041326, 3.027113, 2.528197, 2.84586, 3.840866, 5.361331, 7.087361, 8.717647, 10.097041, 11.483247, 12.453507, 12.873062, 13.01864, 10.473055, 9.341684, 7.65096, 5.552589, 3.34427, 4.238697, 3.883282, 4.603747, 6.488914, 8.896595, 10.886609, 12.707245, 14.149058, 14.869545, 15.146305, 14.869545, 13.870598, 12.428785, 10.656543, 8.493212, 6.332745, 5.189218, 5.081204, 6.208898, 8.487788, 11.440574, 14.425767, 12.813316, 10.404997, 7.404997, 4.004997, 0.0, 0.0, 0.0]"
667,"[0.0, 0.0, 0.0, 0.0, 1.077033, 2.600188, 4.389042, 6.177896, 8.064693, 9.046786, 9.493403, 9.493403, 9.413349, 9.049707, 8.255492, 7.305525, 6.11667, 4.855083, 3.731929, 3.188128, 3.016852, 3.697477, 4.862715, 6.432486, 7.865442, 9.357854, 10.607051, 11.714894, 12.274944, 12.401229, 10.060289, 9.239268, 7.685164, 5.721027, 3.723519, 4.54814, 4.253553, 5.097338, 6.931653, 9.24881, 11.424189, 13.209975, 14.8, 15.606244, 16.012903, 15.820037, 14.829109, 13.229109, 11.222865, 8.848662, 6.488741, 5.000779, 4.562829, 5.625571, 7.821543, 10.91269, 14.161467, 12.599417, 10.336675, 7.508248, 3.969887, 0.0, 0.0, 0.0]"
668,"[0.0, 0.0, 0.0, 0.0, 1.077033, 2.341944, 3.797966, 5.447208, 7.291117, 8.057993, 8.442324, 8.635545, 8.442324, 7.863326, 7.096451, 6.341635, 5.258079, 4.202057, 3.658256, 3.47565, 3.797775, 4.83209, 6.43209, 7.920052, 9.45873, 10.91051, 11.978843, 12.842407, 13.301668, 13.342426, 10.674093, 9.849669, 8.386105, 6.612199, 4.58555, 5.479977, 4.916693, 5.360602, 6.746525, 8.860561, 10.808668, 12.652143, 14.063999, 14.907748, 15.319712, 15.167902, 14.306544, 12.747836, 10.755107, 8.503004, 6.095122, 4.657001, 4.4831, 5.43979, 7.504357, 10.383792, 13.735294, 12.212139, 10.124078, 7.3384, 4.176123, 0.0, 0.0, 0.0]"
669,"[0.0, 0.0, 0.0, 0.0, 1.216553, 2.672574, 4.321817, 6.165726, 8.253787, 9.125296, 9.708882, 9.903548, 9.672091, 9.196481, 8.522633, 7.483026, 6.271572, 5.106334, 3.941096, 3.092568, 2.986995, 3.810562, 5.01259, 6.604985, 8.275367, 9.988621, 11.339733, 12.497624, 13.286444, 13.658057, 11.050376, 9.855693, 8.125593, 5.862851, 3.538013, 4.43244, 4.27601, 5.238585, 7.303489, 9.88421, 12.245547, 14.242061, 15.695303, 16.557563, 16.949763, 16.557563, 15.385379, 13.736438, 11.460141, 9.004376, 6.588026, 5.202102, 4.970645, 6.034443, 8.287311, 11.400996, 14.629674, 13.017223, 10.736872, 7.684004, 4.123106, 0.0, 0.0, 0.0]"
670,"[0.0, 0.0, 0.0, 0.0, 0.8, 1.8, 3.016553, 4.430766, 5.886788, 6.54281, 6.998832, 7.047191, 6.84953, 6.61006, 5.954038, 5.098016, 4.233105, 3.416553, 2.8, 2.824621, 3.301654, 4.343875, 5.66434, 7.06434, 8.50246, 9.833746, 11.08225, 11.90737, 12.452954, 12.470563, 10.062244, 8.983971, 7.332814, 5.234443, 2.954092, 3.236935, 2.473012, 3.020805, 4.573591, 6.853942, 9.291394, 11.16316, 12.441233, 13.161527, 13.442426, 12.885463, 12.051965, 10.612296, 8.613112, 6.251862, 4.288531, 3.122845, 3.256434, 4.661353, 7.152078, 10.063348, 13.019193, 11.604979, 9.47895, 6.788225, 3.676955, 0.0, 0.0, 0.0]"
671,"[0.0, 0.0, 0.0, 0.0, 1.216553, 2.630766, 4.280008, 6.177375, 8.074742, 8.702098, 9.185251, 9.379918, 9.131793, 8.64864, 8.004731, 7.107365, 5.984566, 4.901009, 4.086796, 3.607906, 3.739277, 4.460387, 5.781498, 7.240624, 8.755582, 10.04082, 11.198599, 11.841625, 12.312321, 12.417193, 10.000584, 9.013036, 7.483214, 5.674502, 3.966017, 4.860445, 4.662207, 5.662207, 7.341096, 9.508641, 11.614214, 13.406244, 14.612488, 15.418732, 15.625391, 15.233072, 14.426828, 13.031661, 11.025417, 8.843379, 6.635698, 5.084226, 4.61479, 5.473916, 7.427784, 10.356447, 13.452536, 12.110895, 10.051769, 7.27328, 3.944617, 0.0, 0.0, 0.0]"
672,"[0.0, 0.0, 0.0, 0.0, 0.894427, 2.060618, 3.502838, 5.11529, 6.727741, 7.622168, 8.06843, 8.06843, 7.898199, 7.566372, 6.777517, 5.886176, 4.891169, 3.731791, 3.083622, 3.083622, 3.579064, 4.840651, 6.52758, 8.131193, 9.637186, 11.028314, 12.098002, 13.012672, 13.661045, 13.762733, 11.155052, 10.165417, 8.622617, 6.562797, 4.237959, 4.870415, 4.247751, 4.626575, 5.801954, 8.080361, 10.290439, 12.124249, 13.403784, 14.403784, 14.562828, 14.161605, 13.161605, 11.88207, 9.88207, 7.60899, 5.567679, 4.567679, 4.459665, 5.695733, 8.275069, 11.497223, 14.739863, 13.127412, 10.891344, 7.864795, 4.242641, 0.0, 0.0, 0.0]"
673,"[0.0, 0.0, 0.0, 0.0, 1.280625, 2.842675, 4.539731, 6.38364, 8.38364, 9.103015, 9.540965, 9.687818, 9.405959, 8.820172, 7.951543, 6.951543, 5.828745, 4.666695, 3.818167, 3.486796, 3.5066, 4.12713, 5.339582, 6.660692, 8.024023, 9.412538, 10.632147, 11.71042, 12.384874, 12.501894, 10.093575, 8.974546, 7.450011, 5.488762, 3.655624, 4.480246, 4.379666, 5.100272, 6.832652, 9.163928, 11.56421, 13.551232, 14.993099, 15.885622, 16.060098, 15.613683, 14.617401, 13.347863, 11.289151, 9.057296, 6.726021, 5.218261, 4.375688, 5.219473, 7.128952, 10.087615, 13.267991, 12.051439, 10.041463, 7.410874, 4.004997, 0.0, 0.0, 0.0]"
674,"[0.0, 0.0, 0.0, 0.0, 0.824621, 2.089532, 3.431173, 5.043625, 6.656076, 7.620309, 8.075863, 8.346674, 8.176443, 7.905632, 7.193811, 6.297967, 5.285515, 4.243295, 3.348868, 2.871835, 3.047214, 3.663766, 4.719788, 5.981375, 7.351147, 8.587215, 9.787271, 10.66363, 11.190897, 11.375192, 9.139124, 7.987426, 6.455045, 4.418977, 2.264911, 2.712125, 2.712125, 3.620925, 5.574991, 7.991601, 10.144387, 11.665154, 12.74203, 13.451529, 13.63492, 13.451529, 12.753912, 11.491389, 9.704858, 7.504858, 5.088249, 3.447401, 3.189158, 3.900979, 5.917588, 8.870553, 11.823339, 10.558428, 8.769574, 6.352965, 3.4, 0.0, 0.0, 0.0]"
675,"[0.0, 0.0, 0.0, 0.0, 0.72111, 1.887301, 3.228941, 4.671162, 6.113382, 6.954322, 7.350182, 7.450761, 7.289166, 7.013136, 6.345513, 5.415918, 4.373698, 3.293073, 2.326883, 2.032456, 2.4, 3.264911, 4.588066, 6.17692, 7.463716, 8.522842, 9.590312, 10.399538, 10.846752, 10.929727, 8.870601, 7.803131, 6.295372, 4.459304, 2.489532, 2.889532, 2.644425, 3.469046, 5.108654, 7.389005, 9.657338, 11.501098, 12.71542, 13.539376, 13.889615, 13.45735, 12.603761, 11.340197, 9.476632, 7.246043, 5.009975, 3.447214, 2.924247, 3.713101, 5.654041, 8.627255, 11.597643, 10.52061, 8.731755, 6.390815, 3.417601, 0.0, 0.0, 0.0]"
676,"[0.0, 0.0, 0.0, 0.0, 0.894427, 2.060618, 3.502838, 5.11529, 6.835755, 7.661793, 8.216067, 8.386298, 8.115487, 7.561213, 6.860552, 5.964708, 4.752256, 3.857829, 3.138852, 3.119048, 3.425798, 4.587848, 6.027431, 7.743548, 9.249541, 10.71817, 11.941797, 12.840679, 13.540912, 13.63492, 11.03492, 10.038096, 8.533043, 6.518007, 4.318007, 5.166536, 4.642592, 5.205876, 6.593416, 8.824005, 10.803904, 12.565542, 13.781045, 14.604389, 14.837364, 14.4828, 13.544312, 12.134143, 10.291284, 8.027719, 5.753856, 4.514323, 4.427131, 5.47332, 7.846534, 11.040646, 14.013113, 12.451063, 10.188321, 7.215107, 3.820995, 0.0, 0.0, 0.0]"
677,"[0.0, 0.0, 0.0, 0.0, 1.2, 2.6, 4.411077, 6.222154, 8.232129, 9.042104, 9.652079, 9.652079, 9.441002, 8.831027, 8.021052, 7.030881, 5.852259, 4.535102, 3.417945, 2.939055, 2.813678, 3.446134, 4.775743, 6.502875, 7.981765, 9.687338, 11.222427, 12.417109, 13.007134, 13.407134, 10.807134, 9.607134, 7.819804, 5.667017, 3.267017, 4.161445, 4.017467, 4.895029, 6.728167, 9.440211, 11.844268, 13.68673, 15.141975, 16.214235, 16.464469, 16.139198, 15.181653, 13.726409, 11.638709, 9.276431, 6.750431, 5.234112, 4.949197, 6.016667, 8.269535, 11.427872, 14.726357, 13.113905, 10.781524, 7.728657, 4.123106, 0.0, 0.0, 0.0]"
678,"[0.0, 0.0, 0.0, 0.0, 1.0, 2.4, 4.0, 5.6, 7.4, 8.2, 8.6, 8.6, 8.4, 8.0, 7.4, 6.4, 5.4, 4.282843, 3.282843, 2.530056, 2.578584, 3.259209, 4.418587, 5.807441, 7.329999, 8.717539, 9.853524, 10.827912, 11.275126, 11.36448, 9.128412, 7.992428, 6.296929, 4.260861, 2.201735, 2.834191, 2.630599, 3.52194, 5.558008, 8.165689, 10.586101, 12.561935, 14.002351, 14.819151, 14.989959, 14.378402, 13.325535, 11.885119, 9.832251, 7.336605, 4.895294, 3.495294, 2.959876, 3.668676, 5.726774, 8.957873, 12.034828, 10.957795, 9.248994, 6.908054, 3.676955, 0.0, 0.0, 0.0]"
679,"[0.0, 0.0, 0.0, 0.0, 1.077033, 2.418674, 4.031125, 5.81998, 7.706776, 8.516539, 9.061695, 9.061695, 8.885292, 8.440716, 7.630953, 6.568778, 5.556326, 4.226717, 3.384497, 3.132085, 3.572375, 4.414595, 5.975662, 7.501691, 8.939811, 10.220485, 11.468989, 12.453507, 13.018203, 13.301046, 10.755461, 9.761793, 8.099556, 5.856045, 3.31046, 4.158988, 3.876146, 4.553864, 6.51497, 9.205694, 11.33038, 13.040266, 14.452121, 15.167902, 15.477178, 15.194689, 14.35094, 12.815641, 10.972166, 8.693276, 6.285394, 4.89947, 4.70216, 5.657603, 7.98936, 11.205088, 14.193959, 12.670804, 10.434736, 7.381869, 3.883298, 0.0, 0.0, 0.0]"
680,"[0.0, 0.0, 0.0, 0.0, 0.72111, 1.852481, 3.133106, 4.695156, 6.392212, 7.368158, 7.798837, 7.932426, 7.78459, 7.218904, 6.521848, 5.680908, 4.666695, 3.452481, 2.52111, 2.12111, 2.4, 3.216553, 4.665795, 6.309704, 7.797765, 9.138705, 10.263092, 10.95479, 11.640703, 11.640703, 9.299763, 8.373037, 6.832097, 4.702275, 2.614214, 3.214214, 2.8, 3.612452, 5.421524, 8.029205, 10.236338, 12.242998, 13.637205, 14.434793, 14.833771, 14.426637, 13.619978, 12.413319, 10.406659, 7.8, 5.4, 3.832456, 3.109488, 4.006855, 6.080718, 9.185553, 12.240916, 11.163883, 9.266516, 6.792653, 3.687818, 0.0, 0.0, 0.0]"
681,"[0.0, 0.0, 0.0, 0.0, 1.077033, 2.341944, 3.797966, 5.447208, 7.096451, 7.863326, 8.247658, 8.440878, 8.247658, 7.863326, 7.096451, 6.341635, 5.258079, 4.202057, 3.337146, 2.825798, 2.825798, 3.525024, 4.774266, 6.218175, 7.692097, 9.006742, 10.15015, 10.909227, 11.473637, 11.643101, 9.434029, 8.439924, 6.856226, 4.73075, 2.721677, 3.321677, 3.107464, 4.082843, 5.8, 8.2, 10.4, 12.2, 13.4, 14.4, 14.6, 14.4, 13.6, 12.2, 10.2, 8.0, 5.4, 3.6, 3.2, 4.2, 6.207681, 9.21434, 12.419892, 11.219892, 9.219892, 6.612211, 3.605551, 0.0, 0.0, 0.0]"
682,"[0.0, 0.0, 0.0, 0.0, 0.894427, 2.236068, 3.69209, 5.400891, 7.298257, 8.301197, 8.803465, 8.996685, 8.743906, 8.188181, 7.367847, 6.245048, 5.161491, 4.105469, 3.211042, 2.699695, 2.873012, 3.523879, 4.73633, 6.299092, 7.933406, 9.438979, 10.822427, 11.809975, 12.2, 12.2, 9.8, 8.812452, 7.012452, 4.895294, 2.895294, 3.495294, 3.082843, 4.082843, 6.0, 8.6, 11.0, 13.0, 14.4, 15.2, 15.4, 15.0, 14.0, 12.4, 10.6, 8.2, 5.6, 3.8, 3.614214, 4.258122, 6.326455, 9.582219, 12.870037, 11.455824, 9.611915, 6.943582, 3.687818, 0.0, 0.0, 0.0]"
683,"[0.0, 0.0, 0.0, 0.0, 1.0, 2.216553, 3.630766, 5.280008, 6.929251, 7.578493, 8.011183, 8.246211, 8.011183, 7.578493, 6.929251, 6.080008, 5.030766, 3.899395, 3.082843, 2.482843, 2.403953, 2.935324, 3.933106, 5.253571, 6.853571, 8.295792, 9.496801, 10.548557, 10.991423, 10.991423, 8.828092, 7.776336, 6.292484, 4.329153, 2.529153, 3.129153, 2.925561, 3.689485, 5.548611, 7.956292, 10.13478, 12.110615, 13.551031, 14.544772, 14.71558, 14.269472, 13.379935, 11.939519, 9.886652, 7.555377, 5.222996, 3.659665, 3.067017, 3.910926, 5.744064, 8.848899, 11.60151, 10.581706, 8.737797, 6.457446, 3.352611, 0.0, 0.0, 0.0]"
684,"[0.0, 0.0, 0.0, 0.0, 0.894427, 1.97146, 3.236371, 4.692393, 6.341635, 7.096451, 7.631869, 7.82298, 7.631869, 7.247538, 6.422917, 5.531575, 4.522767, 3.657856, 2.840159, 2.736648, 3.280449, 4.289257, 5.733166, 7.495024, 9.182233, 10.525003, 11.876115, 12.83934, 13.437401, 13.437401, 10.82972, 9.635038, 8.044457, 5.869779, 3.46146, 3.86146, 3.249008, 3.632456, 5.0, 7.4, 9.8, 11.8, 13.4, 14.4, 14.8, 14.4, 13.4, 11.8, 9.6, 7.0, 4.8, 3.6, 3.4, 4.8, 7.407134, 10.613011, 13.818008, 12.418008, 10.218008, 7.410874, 4.004997, 0.0, 0.0, 0.0]"
685,"[0.0, 0.0, 0.0, 0.0, 0.8, 1.819804, 3.036356, 4.648808, 6.26126, 7.06126, 7.653907, 7.837355, 7.624903, 7.212452, 6.632255, 5.652259, 4.535102, 3.335102, 2.417945, 2.119251, 2.563829, 3.737008, 5.348085, 7.10485, 8.816845, 10.370401, 11.721513, 12.518117, 13.109098, 13.084312, 10.453723, 9.259041, 7.671164, 5.440574, 3.032255, 3.632255, 3.039608, 3.669046, 5.308654, 7.782517, 10.046082, 12.131113, 13.586705, 14.459141, 14.705572, 14.315871, 13.299098, 11.650285, 9.758045, 7.484964, 5.011101, 3.523039, 3.667017, 5.047214, 7.6, 11.2, 14.604997, 13.004997, 10.604997, 7.604997, 4.004997, 0.0, 0.0, 0.0]"
686,"[0.0, 0.0, 0.0, 0.0, 0.8, 1.8, 3.0, 4.414214, 6.026665, 6.839117, 7.451568, 7.665782, 7.468121, 7.055669, 6.243218, 5.230766, 4.016553, 2.8, 1.8, 1.565685, 1.965685, 3.107326, 4.719778, 6.489549, 8.07793, 9.494539, 10.68272, 11.600091, 12.046929, 12.233803, 9.817193, 8.810526, 7.280704, 5.146937, 2.805997, 3.205997, 2.759876, 3.28303, 4.969959, 7.386568, 9.66985, 11.456381, 12.796791, 13.690583, 13.873974, 13.607302, 12.713509, 11.191586, 9.222449, 6.905291, 4.488682, 3.318911, 3.57727, 4.882843, 7.407134, 10.632037, 13.454191, 11.854191, 9.654191, 6.847057, 3.622154, 0.0, 0.0, 0.0]"
687,"[0.0, 0.0, 0.0, 0.0, 0.848528, 1.979899, 3.260524, 4.702744, 6.264794, 6.978316, 7.289166, 7.570591, 7.408995, 6.978316, 6.416266, 5.798667, 4.836617, 3.955992, 3.271835, 2.871835, 3.047214, 3.847214, 5.247214, 6.809975, 8.446043, 9.879148, 10.953011, 11.821344, 12.285233, 12.285233, 9.852128, 8.990716, 7.522383, 5.64852, 3.412452, 3.859665, 3.247214, 3.489434, 4.859206, 7.275815, 9.511883, 11.375447, 12.886191, 13.869384, 14.136057, 13.688843, 12.884405, 11.454595, 9.396057, 6.995619, 4.759551, 3.421535, 3.179005, 4.264477, 6.672359, 9.796459, 12.636247, 11.355622, 9.375723, 6.684999, 3.560899, 0.0, 0.0, 0.0]"
688,"[0.0, 0.0, 0.0, 0.0, 1.0, 2.2, 3.6, 5.4, 7.2, 8.0, 8.6, 8.8, 8.6, 8.2, 7.6, 6.6, 5.6, 4.282843, 3.082843, 2.330056, 2.251167, 2.7282, 3.901379, 5.545288, 7.137682, 8.65264, 10.04947, 11.067311, 11.656508, 11.656508, 9.42044, 8.211487, 6.562245, 4.411983, 2.572375, 3.172375, 3.107464, 4.082843, 6.009072, 8.439661, 10.668089, 12.5275, 13.952403, 14.968234, 15.364194, 14.968872, 14.145528, 12.731702, 10.506799, 7.927464, 5.694359, 4.090746, 3.496222, 4.340131, 6.326022, 9.381786, 12.398988, 11.182436, 9.338527, 6.905422, 3.649658, 0.0, 0.0, 0.0]"
689,"[0.0, 0.0, 0.0, 0.0, 0.8, 1.8, 3.0, 4.414214, 6.026665, 6.839117, 7.451568, 7.665782, 7.468121, 6.855669, 6.043218, 5.030766, 4.016553, 3.0, 2.2, 1.965685, 2.214214, 3.155854, 4.479009, 6.248781, 7.837161, 9.329573, 10.517754, 11.524422, 11.89559, 12.082464, 9.741524, 8.734857, 7.099462, 5.041365, 2.700425, 3.100425, 2.597074, 3.158669, 4.773192, 7.114132, 9.434427, 11.134917, 12.652109, 13.54042, 13.729302, 13.53883, 12.715902, 11.0076, 9.298955, 7.051975, 4.722153, 3.424787, 3.559876, 4.682843, 7.2, 10.2, 13.4, 12.0, 9.8, 7.0, 3.8, 0.0, 0.0, 0.0]"
690,"[0.0, 0.0, 0.0, 0.0, 0.824621, 1.901654, 3.243295, 4.766449, 6.378901, 7.166731, 7.70215, 7.883664, 7.70215, 7.35461, 6.761962, 5.94951, 5.026356, 3.967558, 3.102647, 2.882843, 3.102647, 3.767558, 5.097167, 6.583963, 7.947294, 9.20784, 10.504179, 11.452977, 11.846532, 11.963552, 9.683201, 8.564172, 7.022726, 5.142375, 2.862024, 3.462024, 3.096837, 3.797498, 5.397498, 7.677849, 9.768574, 11.534075, 12.656144, 13.629358, 14.039732, 13.790318, 12.947784, 11.54747, 9.574256, 7.330745, 4.889434, 3.336648, 3.159338, 4.12911, 6.281896, 9.412391, 12.542887, 11.277975, 9.308204, 6.708204, 3.577709, 0.0, 0.0, 0.0]"
691,"[0.0, 0.0, 0.0, 0.0, 1.0, 2.2, 3.614214, 5.226665, 6.875907, 7.719816, 8.132268, 8.330506, 8.132268, 7.683026, 7.039117, 6.426665, 5.214214, 4.082843, 3.282843, 2.682843, 2.682843, 3.563468, 4.842675, 6.329471, 7.892802, 9.225183, 10.450551, 11.394493, 11.840078, 11.840078, 9.507697, 8.443925, 6.78646, 4.854079, 2.890749, 3.490749, 3.248528, 4.012452, 5.652059, 8.082649, 10.346213, 12.009777, 13.50216, 14.521964, 14.754939, 14.32448, 13.696984, 12.2046, 10.361741, 8.098177, 5.665072, 3.829004, 3.616553, 4.4, 6.4, 9.6, 12.8, 11.4, 9.4, 6.8, 3.6, 0.0, 0.0, 0.0]"
692,"[0.0, 0.0, 0.0, 0.0, 0.72111, 1.72111, 2.887301, 4.228941, 5.752096, 6.55414, 7.166592, 7.342042, 7.166592, 6.809628, 6.135001, 5.24366, 4.302019, 3.535829, 2.652481, 2.436408, 2.735102, 3.735102, 5.135102, 6.852259, 8.419804, 9.808319, 11.016, 11.846589, 12.45427, 12.463342, 10.055023, 9.047342, 7.416753, 5.409072, 3.2, 3.647214, 2.941641, 3.464795, 4.762162, 7.103102, 9.376182, 11.267433, 12.529956, 13.418267, 13.607149, 13.227795, 12.339484, 11.009828, 9.118578, 6.788756, 4.447816, 3.182905, 3.007508, 3.833545, 6.194795, 9.357073, 12.330169, 11.049544, 9.329079, 6.767829, 3.605551, 0.0, 0.0, 0.0]"
693,"[0.0, 0.0, 0.0, 0.0, 0.894427, 1.97146, 3.313101, 4.836256, 6.545056, 7.35943, 7.991198, 8.172711, 7.991198, 7.547308, 6.732934, 5.745244, 4.669303, 3.527662, 2.545594, 2.051167, 2.330056, 3.082843, 4.482843, 6.0, 7.809072, 9.018144, 10.054212, 10.69028, 11.099353, 11.099353, 8.89028, 8.054212, 6.818144, 5.009072, 2.8, 3.2, 3.0, 3.6, 5.4, 7.8, 10.007681, 11.607681, 13.01434, 13.821, 14.021, 13.813319, 13.213319, 12.006659, 10.0, 7.8, 5.4, 3.832456, 3.109488, 4.006855, 6.023464, 8.996678, 11.908232, 10.831199, 8.933832, 6.517223, 3.544009, 0.0, 0.0, 0.0]"
694,"[0.0, 0.0, 0.0, 0.0, 0.632456, 1.526883, 2.791794, 4.206007, 5.620221, 6.401979, 6.921765, 7.071068, 6.873407, 6.478997, 5.889405, 4.922405, 3.791034, 2.774481, 2.201891, 2.009725, 2.582316, 3.713687, 5.324764, 6.87755, 8.454167, 9.842682, 11.028468, 11.817391, 12.217391, 12.408319, 10.0, 9.0, 7.4, 5.2, 2.8, 3.2, 2.6, 3.212452, 5.052059, 7.288127, 9.55646, 11.420024, 12.671137, 13.495093, 13.732889, 13.497661, 12.478006, 10.879353, 8.840409, 6.649389, 4.216284, 2.972375, 3.107464, 4.482843, 7.0, 10.2, 13.2, 11.8, 9.6, 6.8, 3.6, 0.0, 0.0, 0.0]"
695,"[0.0, 0.0, 0.0, 0.0, 1.0, 2.2, 3.614214, 5.070236, 6.719478, 7.36872, 7.817962, 8.0162, 7.974392, 7.52515, 6.875907, 6.026665, 4.814214, 3.682843, 2.882843, 2.482843, 2.57727, 3.34346, 4.622668, 6.066576, 7.592606, 8.978529, 10.25365, 10.971951, 11.408393, 11.408393, 9.128042, 8.100944, 6.715021, 4.83467, 2.708641, 3.308641, 3.11098, 3.925353, 5.495125, 7.911734, 9.995016, 11.642027, 12.886191, 13.779984, 14.046656, 13.779984, 12.886191, 11.456381, 9.66985, 7.433782, 5.017173, 3.447401, 3.140799, 3.907675, 6.091051, 9.150462, 12.202998, 10.986445, 9.142536, 6.511947, 3.452535, 0.0, 0.0, 0.0]"
696,"[0.0, 0.0, 0.0, 0.0, 1.0, 2.216553, 3.630766, 5.280008, 7.123917, 8.021284, 8.453974, 8.689002, 8.453974, 8.024278, 7.126912, 6.277669, 5.228427, 4.014214, 2.8, 2.247214, 2.168324, 2.848949, 4.091169, 5.503621, 7.026179, 8.541136, 9.49658, 10.470968, 11.094585, 11.094585, 8.858517, 7.788639, 6.09314, 4.057072, 2.287301, 2.887301, 2.937663, 3.865795, 5.753856, 8.083678, 10.456892, 12.286649, 13.683716, 14.757932, 15.201324, 14.82811, 13.935867, 12.786924, 10.701679, 8.175679, 5.575679, 4.021613, 3.324247, 4.047214, 6.0, 9.2, 12.2, 11.0, 9.2, 6.8, 3.6, 0.0, 0.0, 0.0]"
697,"[0.0, 0.0, 0.0, 0.0, 1.0, 2.280625, 3.56125, 5.1233, 6.820356, 7.517412, 7.933844, 8.215269, 8.067432, 7.651001, 6.953945, 5.977999, 5.015949, 4.001735, 3.003953, 2.603953, 2.682843, 3.299395, 4.355417, 5.781375, 7.151147, 8.505213, 9.524728, 10.304774, 10.832041, 10.832041, 8.677975, 7.65846, 6.247013, 4.210945, 2.441174, 3.006859, 2.956497, 3.744327, 5.707658, 8.115339, 10.434095, 12.220869, 13.661285, 14.382395, 14.553203, 14.174755, 13.280916, 11.8405, 10.033092, 7.654603, 5.148611, 3.489485, 2.877033, 3.643909, 5.652228, 8.776328, 11.914689, 10.914689, 9.07078, 6.662461, 3.538361, 0.0, 0.0, 0.0]"
698,"[0.0, 0.0, 0.0, 0.0, 1.0, 2.2, 3.6, 5.2, 7.0, 7.8, 8.4, 8.6, 8.6, 8.2, 7.6, 6.6, 5.6, 4.282843, 3.082843, 2.330056, 2.378584, 2.944775, 4.185087, 5.693887, 7.334735, 8.574268, 9.749018, 10.566803, 11.198943, 11.264947, 9.176886, 8.177587, 6.661268, 4.603171, 2.649105, 3.249105, 3.172375, 3.996996, 5.868219, 8.009159, 10.009159, 11.607812, 12.822134, 13.531633, 14.054257, 13.870866, 13.161368, 12.006604, 10.220073, 7.803722, 5.387113, 3.833047, 3.340799, 4.074843, 5.863698, 8.727262, 11.620112, 10.403559, 8.592482, 6.356414, 3.49285, 0.0, 0.0, 0.0]"
699,"[0.0, 0.0, 0.0, 0.0, 0.72111, 1.887301, 3.228941, 4.671162, 6.233212, 7.124553, 7.400583, 7.501163, 7.225133, 6.829273, 6.111249, 5.269028, 4.226808, 3.260618, 2.294427, 2.0, 2.224621, 3.089532, 4.501984, 6.022449, 7.422449, 8.761158, 9.776598, 10.605458, 11.217373, 11.217373, 9.054043, 8.215912, 6.669028, 4.736648, 2.736648, 3.183861, 2.818674, 3.536698, 5.195824, 7.612433, 9.848501, 11.635033, 12.975546, 13.779984, 14.226939, 13.779725, 12.885933, 11.456123, 9.486986, 7.023421, 4.787353, 3.383267, 3.140737, 4.090219, 6.235804, 9.491568, 12.6137, 11.333075, 9.489166, 6.943582, 3.687818, 0.0, 0.0, 0.0]"
700,"[0.0, 0.0, 0.0, 0.0, 0.72111, 1.798143, 3.063054, 4.519076, 5.975098, 6.71001, 7.088999, 7.238301, 6.998832, 6.619843, 6.058248, 5.167912, 4.200912, 3.384359, 2.75454, 2.581223, 3.09257, 4.05957, 5.272022, 6.824808, 8.303698, 9.626665, 10.812452, 11.8, 12.4, 12.4, 10.0, 8.8, 7.416553, 5.263766, 3.263766, 3.71098, 3.330784, 3.528445, 5.091206, 7.299525, 9.659445, 11.446775, 12.839695, 13.636854, 13.836216, 13.437401, 12.430267, 11.223134, 9.216, 6.808319, 4.4, 3.424621, 3.089532, 4.186899, 6.516721, 9.869332, 12.839444, 11.574533, 9.677166, 7.147344, 3.794733, 0.0, 0.0, 0.0]"
701,"[0.0, 0.0, 0.0, 0.0, 0.848528, 1.979899, 3.260524, 4.822574, 6.384624, 7.098146, 7.528825, 7.528825, 7.2474, 6.68535, 5.971828, 5.042233, 3.961609, 2.880984, 2.080984, 1.632456, 1.824621, 2.701654, 4.024809, 5.613663, 7.272789, 8.611499, 9.975777, 10.893933, 11.26841, 11.372615, 9.209284, 8.109613, 6.492923, 4.729593, 2.566262, 3.131947, 2.790307, 3.407906, 5.007906, 7.449217, 9.603826, 11.488267, 12.930487, 13.814928, 14.093911, 13.814928, 12.930487, 11.569201, 9.579187, 7.258893, 4.817582, 3.417582, 3.350449, 4.425794, 6.709075, 9.933978, 13.00549, 11.549468, 9.579697, 6.896415, 3.671512, 0.0, 0.0, 0.0]"
702,"[0.0, 0.0, 0.0, 0.0, 0.894427, 2.236068, 3.759223, 5.468023, 7.176824, 7.991198, 8.358358, 8.544004, 8.358358, 7.815747, 7.001374, 6.013683, 4.752096, 3.628941, 2.909965, 2.462751, 2.566262, 3.319048, 4.319048, 5.671835, 7.224621, 8.6, 9.808319, 10.617391, 11.017391, 11.217391, 9.017391, 8.009072, 6.6, 4.6, 2.6, 3.047214, 2.863766, 3.713008, 5.60107, 7.874933, 10.291284, 12.134143, 13.589736, 14.561086, 14.950787, 14.561086, 13.541282, 11.892469, 9.833057, 7.569493, 5.09563, 3.503236, 3.213404, 4.002258, 5.734639, 8.787507, 11.838864, 10.672674, 8.883819, 6.551439, 3.498571, 0.0, 0.0, 0.0]"
703,"[0.0, 0.0, 0.0, 0.0, 0.8, 1.8, 3.0, 4.4, 6.0, 6.8, 7.4, 7.6, 7.4, 7.0, 6.224621, 5.257077, 4.139919, 3.339919, 2.539919, 2.563826, 2.931371, 3.990169, 5.29897, 6.987031, 8.374571, 9.807676, 11.096624, 12.018413, 12.598684, 12.598684, 10.165579, 9.184232, 7.630676, 5.409557, 3.373489, 3.820702, 3.17146, 3.694427, 5.247214, 7.447214, 9.8, 11.8, 13.2, 14.2, 14.6, 14.2, 13.2, 11.8, 9.6, 7.0, 4.6, 3.4, 3.214214, 4.453821, 6.884411, 10.140175, 12.989832, 11.575619, 9.536011, 6.905422, 3.649658, 0.0, 0.0, 0.0]"
704,"[0.0, 0.0, 0.0, 0.0, 0.72111, 1.72111, 3.001735, 4.415949, 5.977999, 6.818938, 7.380988, 7.514577, 7.380988, 6.818938, 5.977999, 5.048404, 4.034191, 2.953566, 2.153566, 2.032456, 2.224621, 2.901654, 4.314106, 6.000902, 7.400902, 8.739612, 10.10389, 10.771789, 11.217373, 11.380704, 9.217373, 8.218283, 6.762553, 4.830172, 2.666842, 3.114055, 2.671835, 3.409264, 5.009264, 7.450575, 9.723655, 11.608096, 13.046046, 13.930487, 14.20947, 13.769527, 12.885086, 11.497538, 9.507524, 7.18723, 4.906879, 3.506879, 3.350449, 4.425794, 6.709075, 9.933978, 13.00549, 11.549468, 9.579697, 6.896415, 3.671512, 0.0, 0.0, 0.0]"
705,"[0.0, 0.0, 0.0, 0.0, 1.0, 2.216553, 3.616553, 5.216553, 7.016553, 7.816553, 8.2, 8.4, 8.2, 7.6, 6.819804, 6.044425, 4.891639, 3.891639, 3.091639, 2.70429, 2.728197, 3.447174, 4.388815, 5.777669, 7.04258, 8.348118, 9.522868, 10.522167, 10.887378, 11.078073, 8.924007, 7.924708, 6.304878, 4.550812, 2.462751, 3.062751, 2.92111, 3.812452, 5.452059, 7.885164, 9.953497, 11.665541, 12.965134, 13.83757, 14.124759, 13.930289, 13.057853, 11.601831, 9.689787, 7.369493, 4.89563, 3.256022, 3.2, 4.209975, 6.417656, 9.444205, 12.666359, 11.266359, 9.256384, 6.648703, 3.622154, 0.0, 0.0, 0.0]"
706,"[0.0, 0.0, 0.0, 0.0, 0.8, 1.8, 3.0, 4.4, 6.0, 6.6, 7.0, 7.2, 7.0, 6.6, 6.2, 5.4, 4.447214, 3.647214, 2.847214, 2.568324, 3.099695, 4.094702, 5.307153, 6.966279, 8.481237, 9.766475, 10.924255, 11.911803, 12.452677, 12.452677, 10.036068, 9.04852, 7.61471, 5.580395, 3.344327, 3.744327, 2.931876, 3.179899, 4.458122, 6.738473, 9.058767, 10.979062, 12.285142, 13.161527, 13.549509, 13.109566, 12.098073, 10.8338, 8.745962, 6.277629, 4.197278, 3.288478, 3.232456, 4.6, 7.207134, 10.213378, 13.218637, 11.818637, 9.818637, 7.011503, 3.80526, 0.0, 0.0, 0.0]"
707,"[0.0, 0.0, 0.0, 0.0, 1.019804, 2.236356, 3.65057, 5.461647, 7.261647, 8.041843, 8.625291, 8.811077, 8.612452, 8.212452, 7.629004, 6.723431, 5.844542, 4.679304, 3.879304, 3.295207, 3.400779, 3.84586, 5.011097, 6.199952, 7.721562, 9.062502, 10.237252, 10.96574, 11.593495, 11.593495, 9.252555, 8.253256, 6.760844, 4.744235, 2.590169, 3.190169, 2.868332, 3.669046, 5.357107, 7.88693, 10.072607, 11.916368, 13.313435, 14.271682, 14.605425, 14.236356, 13.342563, 11.819409, 9.792903, 7.329339, 4.91273, 3.390172, 3.131929, 4.009491, 6.209491, 9.2558, 12.301437, 11.036526, 9.139159, 6.539159, 3.49285, 0.0, 0.0, 0.0]"
708,"[0.0, 0.0, 0.0, 0.0, 0.8, 2.0, 3.2, 4.6, 6.212452, 7.024903, 7.437355, 7.637355, 7.437355, 7.024903, 6.412452, 5.4, 4.447214, 3.694427, 3.094427, 2.919048, 3.396081, 4.391088, 5.66434, 7.06434, 8.50246, 9.833746, 11.08225, 12.05251, 12.598095, 12.743672, 10.335353, 9.365093, 7.674368, 5.575998, 3.167679, 3.450521, 2.624483, 3.066704, 4.506287, 6.669617, 8.994456, 10.707709, 11.87317, 12.594055, 13.038405, 12.763105, 12.125195, 10.859155, 9.076095, 6.668414, 4.336033, 2.931947, 3.032527, 4.371237, 6.778918, 9.941195, 12.981061, 11.538841, 9.37551, 6.767829, 3.605551, 0.0, 0.0, 0.0]"
709,"[0.0, 0.0, 0.0, 0.0, 0.848528, 1.848528, 3.129153, 4.571373, 6.183825, 6.947748, 7.470903, 7.531919, 7.431339, 6.985078, 6.372627, 5.570582, 4.861397, 3.919756, 3.200779, 2.92189, 3.277812, 4.05957, 5.470647, 7.033409, 8.512299, 9.635266, 10.629371, 11.218294, 11.616638, 11.62571, 9.42571, 8.629843, 7.446395, 5.638076, 3.429004, 3.829004, 3.016553, 3.2, 4.411077, 6.620149, 8.653254, 10.483844, 11.714433, 12.533945, 12.757978, 12.560941, 11.741429, 10.510839, 8.68025, 6.447145, 4.411077, 3.4, 3.414214, 4.624189, 7.054778, 10.079681, 12.929339, 11.515125, 9.50515, 6.874561, 3.649658, 0.0, 0.0, 0.0]"
710,"[0.0, 0.0, 0.0, 0.0, 0.72111, 1.72111, 3.001735, 4.443956, 6.056407, 6.947748, 7.389969, 7.551565, 7.389969, 6.943708, 6.179784, 5.303249, 4.308242, 3.227618, 2.261427, 2.012899, 2.247214, 3.016553, 4.339707, 5.928562, 7.298333, 8.734401, 9.850229, 10.659455, 11.106669, 11.196023, 8.959956, 7.969216, 6.461456, 4.625388, 2.566262, 3.013476, 2.671835, 3.567679, 5.167679, 7.60899, 9.88207, 11.766511, 12.930487, 13.814928, 13.981298, 13.541355, 12.656914, 11.295627, 9.305614, 7.097933, 4.817582, 3.417582, 3.350449, 4.425794, 6.709075, 9.933978, 13.00549, 11.549468, 9.579697, 6.896415, 3.671512, 0.0, 0.0, 0.0]"
711,"[0.0, 0.0, 0.0, 0.0, 0.8, 1.8, 3.2, 4.6, 6.2, 7.0, 7.4, 7.4, 7.2, 6.8, 6.2, 5.4, 4.447214, 3.447214, 2.647214, 2.368324, 2.899695, 3.894702, 5.307153, 6.876925, 8.496754, 9.895206, 10.982807, 12.09065, 12.6507, 12.6507, 10.120878, 9.203508, 7.649404, 5.685267, 3.544327, 3.944327, 3.331876, 3.765685, 5.2, 7.408319, 9.836746, 11.665173, 13.091722, 14.118272, 14.517086, 14.096978, 13.268551, 11.842002, 9.615453, 7.208319, 4.8, 3.6, 3.414214, 4.624189, 6.83187, 10.056773, 13.077767, 11.663554, 9.653579, 7.045898, 3.820995, 0.0, 0.0, 0.0]"
712,"[0.0, 0.0, 0.0, 0.0, 0.6, 1.619804, 2.836356, 4.25057, 5.664784, 6.478997, 6.873407, 7.071068, 6.873407, 6.536226, 5.946634, 4.979634, 3.76542, 2.748868, 1.954677, 1.730056, 2.282843, 3.482843, 5.082843, 6.8, 8.409072, 9.817391, 11.04798, 11.87857, 12.509159, 12.708406, 10.300087, 9.269497, 7.638908, 5.408319, 3.2, 3.4, 2.694427, 3.150449, 4.647816, 6.788756, 9.374433, 11.2003, 12.717492, 13.605803, 13.794685, 13.349948, 12.473562, 10.76526, 8.779582, 6.64976, 4.50882, 3.297367, 3.446669, 4.626568, 6.917293, 10.12317, 13.311709, 11.897496, 9.917597, 7.226872, 3.820995, 0.0, 0.0, 0.0]"
713,"[0.0, 0.0, 0.0, 0.0, 0.632456, 1.709488, 3.051129, 4.49335, 5.93557, 6.915566, 7.450985, 7.450985, 7.350405, 6.985218, 6.197387, 5.184936, 4.043295, 2.701654, 1.824621, 1.447214, 1.695742, 2.776367, 4.218587, 5.739052, 7.350965, 8.738504, 9.874489, 10.848877, 11.36448, 11.541422, 9.305354, 8.330966, 6.914356, 4.961131, 2.725063, 3.125063, 2.702647, 3.351889, 4.966413, 7.307353, 9.437175, 11.203049, 12.339484, 13.227795, 13.416677, 13.227795, 12.339484, 10.818717, 8.927467, 6.680488, 4.539548, 3.274636, 3.409725, 4.525273, 7.049564, 10.055808, 13.228612, 11.828612, 9.818637, 7.011503, 3.80526, 0.0, 0.0, 0.0]"
714,"[0.0, 0.0, 0.0, 0.0, 0.8, 1.8, 3.0, 4.4, 6.0, 6.8, 7.4, 7.6, 7.4, 6.8, 6.0, 5.032456, 3.915298, 2.915298, 2.315298, 2.080984, 2.614719, 3.673517, 5.122759, 6.762367, 8.432749, 9.699664, 10.988612, 11.947051, 12.538033, 12.538033, 10.104928, 9.08679, 7.74402, 5.834541, 3.798473, 4.245686, 3.653039, 4.000579, 5.279469, 7.479469, 9.632255, 11.412452, 12.8, 13.8, 14.2, 14.0, 13.2, 11.8, 9.6, 7.0, 4.6, 3.2, 2.864911, 4.034683, 6.434683, 9.852284, 13.114926, 11.850015, 9.880243, 7.280243, 3.862642, 0.0, 0.0, 0.0]"
715,"[0.0, 0.0, 0.0, 0.0, 0.72111, 1.887301, 3.167925, 4.729975, 6.292025, 7.132965, 7.528825, 7.69042, 7.408995, 7.013136, 6.451086, 5.521491, 4.479271, 3.398646, 2.432456, 2.032456, 2.419804, 3.284715, 4.60787, 6.196724, 7.65585, 8.968427, 10.035897, 10.954053, 11.671191, 11.671191, 9.338811, 8.348071, 6.731381, 4.625388, 2.566262, 3.013476, 2.748868, 3.447401, 5.201467, 7.731289, 10.069753, 11.965934, 13.489089, 14.308237, 14.751628, 14.30689, 13.421738, 12.024671, 10.071261, 7.498047, 5.157107, 3.634732, 3.266114, 4.090219, 6.251469, 9.413747, 12.731359, 11.450734, 9.606825, 7.045575, 3.883298, 0.0, 0.0, 0.0]"
716,"[0.0, 0.0, 0.0, 0.0, 1.0, 2.2, 3.8, 5.4, 7.0, 7.6, 8.0, 8.0, 7.8, 7.6, 7.2, 6.4, 5.247214, 4.130056, 3.130056, 2.37727, 2.425798, 3.144775, 4.385087, 5.693887, 7.035528, 8.156772, 9.144647, 9.775559, 10.220824, 10.220824, 8.251052, 7.438627, 6.005671, 4.051605, 2.462751, 2.862751, 2.598143, 3.489485, 5.259256, 7.565249, 9.943738, 11.819669, 13.160182, 14.053975, 14.231264, 13.785156, 12.718987, 11.554877, 9.691313, 7.455245, 5.122864, 3.836068, 3.067017, 3.71626, 5.549397, 8.461441, 11.214052, 10.194248, 8.545006, 6.264655, 3.352611, 0.0, 0.0, 0.0]"
717,"[0.0, 0.0, 0.0, 0.0, 0.824621, 1.901654, 3.166565, 4.622587, 6.078609, 6.71001, 7.088999, 7.28011, 7.088999, 6.71001, 6.148415, 5.258079, 4.24927, 3.384359, 2.75454, 2.581223, 3.035341, 4.002341, 5.202341, 6.755128, 8.234017, 9.614214, 10.8, 11.8, 12.4, 12.4, 10.0, 9.0, 7.4, 5.247214, 3.247214, 3.812899, 3.107326, 3.563348, 4.960043, 6.996111, 9.098759, 11.067896, 12.475438, 13.495093, 13.732889, 13.300624, 12.280969, 11.029856, 8.990913, 6.71705, 4.480982, 3.269528, 2.823267, 3.885442, 6.191435, 9.416338, 12.455394, 11.289204, 9.402408, 6.896415, 3.671512, 0.0, 0.0, 0.0]"
718,"[0.0, 0.0, 0.0, 0.0, 0.8, 1.8, 3.0, 4.4, 6.0, 6.8, 7.2, 7.4, 7.2, 6.8, 6.0, 5.232456, 4.115298, 3.315298, 2.515298, 2.436408, 2.803953, 3.862751, 5.075203, 6.572569, 8.192399, 9.722221, 10.910402, 11.827773, 12.460228, 12.399639, 9.869817, 8.86315, 7.410361, 5.446224, 3.365873, 3.765873, 3.242718, 3.565685, 4.811077, 7.019396, 9.249985, 11.078412, 12.506839, 13.52419, 13.74646, 13.351939, 12.334589, 10.920375, 8.891948, 6.461359, 4.425291, 3.414214, 3.2, 4.4, 6.8, 9.8, 12.6, 11.4, 9.4, 6.8, 3.6, 0.0, 0.0, 0.0]"
719,"[0.0, 0.0, 0.0, 0.0, 0.824621, 1.901654, 3.243295, 4.685515, 6.127736, 6.915566, 7.280754, 7.381334, 7.280754, 6.915566, 6.322919, 5.680698, 4.838478, 3.77968, 3.102647, 2.882843, 3.082843, 3.747754, 4.988066, 6.37692, 7.463716, 8.627047, 9.923386, 10.841542, 11.493999, 11.770533, 9.607203, 8.658405, 7.236897, 5.395586, 3.232255, 3.832255, 3.296837, 3.889485, 5.289485, 7.730796, 9.97333, 11.738831, 13.099593, 14.072807, 14.32222, 13.920998, 13.078463, 11.6673, 9.588513, 7.345002, 4.903691, 3.350904, 3.053765, 4.056705, 6.209491, 9.2558, 12.301437, 11.036526, 9.139159, 6.539159, 3.49285, 0.0, 0.0, 0.0]"
720,"[0.0, 0.0, 0.0, 0.0, 1.0, 2.2, 3.8, 5.4, 7.2, 8.0, 8.6, 8.6, 8.4, 8.0, 7.4, 6.6, 5.632456, 4.679669, 3.879669, 3.279669, 3.279669, 3.778584, 4.893421, 6.180217, 7.639343, 8.875411, 10.250033, 11.193976, 11.63956, 11.63956, 9.403492, 8.33972, 6.682255, 4.749875, 2.690749, 3.290749, 3.065081, 3.865795, 5.553856, 8.083678, 10.269356, 12.099113, 13.49618, 14.454428, 14.78817, 14.532314, 13.574066, 12.050912, 10.024406, 7.560842, 5.03102, 3.342959, 3.036356, 4.05616, 6.376454, 9.481289, 12.4339, 11.217348, 9.17774, 6.457446, 3.352611, 0.0, 0.0, 0.0]"
721,"[0.0, 0.0, 0.0, 0.0, 1.131371, 2.545584, 4.242641, 6.08655, 7.930458, 8.642997, 9.072692, 9.219544, 9.072692, 8.925839, 8.362555, 7.518646, 6.307193, 5.010137, 3.760294, 3.079669, 3.156702, 3.865887, 5.078339, 6.475034, 8.001063, 9.332349, 10.536293, 11.469426, 12.171101, 12.307814, 9.899495, 8.91596, 7.370376, 5.457247, 3.641719, 4.46634, 4.360312, 5.330084, 7.114237, 9.530588, 11.836462, 13.691029, 14.952357, 15.766846, 16.134381, 15.603886, 14.709906, 13.448579, 11.55912, 9.049132, 6.849132, 5.32695, 4.880333, 5.626753, 7.573976, 10.42974, 13.41861, 11.895456, 9.807394, 7.139062, 3.883298, 0.0, 0.0, 0.0]"
722,"[0.0, 0.0, 0.0, 0.0, 1.131371, 2.411996, 3.974046, 5.694511, 7.581307, 8.336732, 8.776572, 8.934988, 8.776572, 8.30399, 7.697818, 6.977353, 5.889344, 4.774508, 4.081404, 3.600779, 3.817332, 4.640898, 6.091051, 7.524007, 8.960075, 10.351203, 11.67367, 12.660745, 13.11436, 13.485973, 10.878292, 9.888657, 8.269127, 6.461446, 4.419451, 5.219451, 4.886618, 5.591479, 7.297472, 9.415068, 11.667935, 13.436817, 14.691948, 15.410858, 15.680541, 15.491238, 14.682944, 13.246896, 11.363633, 9.131779, 6.668215, 5.076227, 4.687372, 5.545731, 7.624621, 10.624621, 13.6, 12.2, 10.0, 7.2, 3.8, 0.0, 0.0, 0.0]"
723,"[0.0, 0.0, 0.0, 0.0, 1.019804, 2.236356, 3.65057, 5.299812, 7.143721, 7.967826, 8.363725, 8.561963, 8.326934, 7.683026, 6.839117, 6.026665, 4.861427, 3.647214, 3.012899, 2.83752, 3.302431, 4.467669, 6.078746, 7.523036, 9.098415, 10.433504, 11.621052, 12.617109, 13.414268, 13.614268, 11.014268, 10.014268, 8.621347, 6.638835, 4.486048, 5.051734, 4.328767, 4.623354, 5.952799, 8.035407, 10.255399, 12.15158, 13.605057, 14.4973, 14.753156, 14.4973, 13.612148, 12.158671, 10.132166, 7.978944, 6.081577, 5.070549, 4.803968, 6.064515, 8.316501, 11.289597, 14.374294, 12.932074, 10.651723, 7.767282, 4.16173, 0.0, 0.0, 0.0]"
724,"[0.0, 0.0, 0.0, 0.0, 0.894427, 2.159338, 3.77179, 5.384241, 7.173096, 8.165465, 8.78735, 8.78735, 8.617119, 8.169905, 7.54802, 6.485845, 5.473393, 4.431173, 3.372375, 2.707464, 2.682843, 3.299395, 4.355417, 5.781375, 7.151147, 8.587215, 9.787271, 10.567317, 11.012583, 11.196877, 8.960809, 8.000222, 6.564154, 4.610088, 2.456022, 2.903236, 2.613404, 3.522205, 5.476271, 7.89288, 10.231344, 11.928718, 13.193131, 13.902629, 14.08602, 13.900342, 13.377718, 11.927659, 10.083899, 8.083899, 5.483899, 3.590172, 3.331929, 4.020925, 5.837535, 8.790499, 11.653875, 10.388964, 8.680163, 6.263554, 3.310589, 0.0, 0.0, 0.0]"
725,"[0.0, 0.0, 0.0, 0.0, 1.019804, 2.236356, 3.885599, 5.534841, 7.432208, 8.30977, 8.802018, 8.861577, 8.861577, 8.378424, 7.69761, 6.788809, 5.680008, 4.47798, 3.463766, 2.847214, 2.871835, 3.438025, 4.433032, 5.753497, 7.153497, 8.454905, 9.697034, 10.663132, 11.350986, 11.477015, 9.350986, 8.384888, 6.870996, 4.662677, 2.536648, 3.102333, 2.940737, 3.766775, 5.730106, 8.291356, 10.568204, 12.28758, 13.567115, 14.403784, 14.562828, 14.327975, 13.491306, 12.211771, 10.377961, 8.290123, 5.682442, 3.801954, 3.362113, 4.039832, 5.968626, 8.94184, 12.064874, 10.78425, 8.940341, 6.379091, 3.405877, 0.0, 0.0, 0.0]"
726,"[0.0, 0.0, 0.0, 0.0, 0.824621, 1.844425, 3.060978, 4.475191, 5.889405, 6.677235, 7.071645, 7.269306, 7.071645, 6.677235, 5.889405, 5.107647, 3.976276, 2.959723, 2.222762, 2.030596, 2.417945, 3.535102, 5.135102, 6.852259, 8.419804, 9.8, 11.0, 11.8, 12.2, 12.4, 10.0, 9.0, 7.4, 5.4, 3.0, 3.4, 2.8, 3.4, 5.0, 7.4, 9.8, 11.6, 13.0, 13.8, 14.0, 13.6, 12.8, 11.2, 9.4, 7.2, 5.0, 3.72111, 3.777132, 4.865194, 7.185488, 10.338099, 13.411721, 11.9557, 9.867638, 7.147344, 3.794733, 0.0, 0.0, 0.0]"
727,"[0.0, 0.0, 0.0, 0.0, 1.0, 2.280625, 3.722845, 5.335297, 7.055762, 7.942558, 8.274385, 8.444616, 8.274385, 7.834545, 7.079119, 6.315196, 5.3352, 4.292979, 3.459568, 2.775411, 2.726883, 3.294427, 4.494427, 5.847214, 7.409975, 8.846043, 10.079148, 10.953011, 11.389079, 11.615172, 9.379104, 8.345999, 6.672136, 4.636068, 2.6, 3.047214, 2.724247, 3.633047, 5.587113, 7.916935, 10.255399, 12.15158, 13.605057, 14.613269, 14.995491, 14.739635, 14.046772, 12.533737, 10.588012, 8.275968, 5.746146, 3.748637, 3.176428, 3.74873, 5.654723, 8.70759, 11.923319, 10.846286, 9.057431, 6.551439, 3.498571, 0.0, 0.0, 0.0]"
728,"[0.0, 0.0, 0.0, 0.0, 0.824621, 1.844425, 3.060978, 4.517, 6.166242, 6.954072, 7.39029, 7.62976, 7.39029, 6.818081, 6.100057, 5.365145, 4.356337, 3.539784, 2.909965, 2.736648, 3.09257, 4.101379, 5.31383, 6.876592, 8.555482, 9.878449, 11.022427, 12.009975, 12.607681, 12.416753, 10.016753, 9.029205, 7.449009, 5.288541, 3.279469, 3.726683, 2.914231, 3.494427, 5.047214, 7.247214, 9.6, 11.8, 13.2, 14.2, 14.6, 14.2, 13.2, 11.8, 9.6, 7.0, 4.6, 3.2, 2.816553, 4.05616, 6.48675, 9.939285, 13.186362, 11.969809, 9.930201, 7.299612, 3.847077, 0.0, 0.0, 0.0]"
729,"[0.0, 0.0, 0.0, 0.0, 0.8, 1.8, 3.0, 4.414214, 5.828427, 6.484449, 6.940471, 7.154685, 6.957024, 6.54281, 6.086788, 5.230766, 4.216553, 3.2, 2.8, 2.432456, 2.909488, 3.923702, 5.420758, 6.800657, 8.294231, 9.47994, 10.474045, 11.185308, 11.613728, 11.75044, 9.487698, 8.641429, 7.233111, 5.272005, 3.009264, 3.209264, 2.541641, 2.983861, 4.257113, 6.537464, 8.745783, 10.412605, 11.531634, 12.372419, 12.500387, 12.218097, 11.500756, 10.381727, 8.541588, 6.333269, 4.40724, 3.387952, 3.287372, 4.453058, 6.759051, 9.689546, 12.442634, 11.100993, 9.214197, 6.708204, 3.577709, 0.0, 0.0, 0.0]"
730,"[0.0, 0.0, 0.0, 0.0, 0.824621, 2.041174, 3.497196, 4.953218, 6.662018, 7.360552, 7.667154, 7.667154, 7.667154, 7.174906, 6.671555, 5.9484, 5.092378, 4.08357, 3.267017, 2.847214, 3.067017, 3.731929, 4.897167, 6.383963, 7.947294, 9.20784, 10.22328, 11.019148, 11.412702, 11.375401, 9.09505, 8.256919, 6.868404, 5.188054, 3.062024, 3.662024, 3.219804, 3.76205, 5.16205, 7.570369, 9.661094, 11.634307, 12.900685, 13.873898, 14.156304, 13.728321, 12.881137, 11.466923, 9.493709, 7.085827, 4.823085, 3.14427, 3.010681, 3.799536, 6.022686, 9.184963, 12.343301, 11.062676, 9.273822, 6.767829, 3.605551, 0.0, 0.0, 0.0]"
731,"[0.0, 0.0, 0.0, 0.0, 0.632456, 1.526883, 2.603916, 3.868827, 5.391981, 6.215548, 6.844275, 7.032153, 6.844275, 6.398154, 5.663242, 4.587301, 3.52239, 2.645357, 1.768324, 1.647214, 2.2, 3.456022, 4.779177, 6.548948, 8.008074, 9.340455, 10.492114, 11.57664, 12.21455, 12.487804, 10.155424, 9.070897, 7.540249, 5.532568, 3.400188, 3.800188, 3.101654, 3.366262, 4.653058, 6.785439, 8.99312, 10.888793, 12.431593, 13.323286, 13.598586, 13.226973, 12.227144, 10.955154, 8.897776, 6.490095, 4.454027, 3.533562, 3.32111, 4.6, 7.0, 10.2, 13.4, 12.0, 10.0, 7.4, 4.0, 0.0, 0.0, 0.0]"
732,"[0.0, 0.0, 0.0, 0.0, 1.264911, 2.720933, 4.6183, 6.515666, 8.669732, 9.558887, 10.190926, 10.190926, 10.190926, 9.686103, 8.94625, 7.858189, 6.760822, 5.310669, 4.061427, 3.368324, 3.368324, 3.909965, 5.171552, 6.859613, 8.418854, 9.892717, 11.379503, 12.49913, 13.079401, 13.232155, 10.758292, 9.579107, 8.015591, 5.912944, 3.762681, 4.657109, 4.463888, 5.238585, 7.303489, 9.849073, 12.407181, 14.403695, 16.013745, 16.835691, 17.263028, 16.869904, 15.850474, 14.210791, 12.17247, 9.741327, 7.129128, 5.590451, 5.300941, 6.447977, 8.747455, 11.98806, 15.197289, 13.476824, 10.915575, 7.791475, 4.103657, 0.0, 0.0, 0.0]"
733,"[0.0, 0.0, 0.0, 0.0, 1.280625, 2.842675, 4.539731, 6.51963, 8.499529, 9.198803, 9.616652, 9.899495, 9.763505, 9.345656, 8.807977, 7.905111, 6.749833, 5.505925, 4.50956, 3.86734, 3.81011, 4.32713, 5.339582, 6.660692, 8.141043, 9.40159, 10.621199, 11.699472, 12.373926, 12.373926, 10.093575, 9.144777, 7.620242, 5.658993, 3.825856, 4.650477, 4.480246, 5.314055, 7.122374, 9.517695, 11.973317, 13.811341, 15.252271, 16.124196, 16.443939, 16.00623, 15.167297, 13.726367, 11.860336, 9.419169, 6.859478, 5.218167, 4.63238, 5.228142, 7.137621, 10.307313, 13.390611, 11.976397, 9.966422, 7.335833, 3.883298, 0.0, 0.0, 0.0]"
734,"[0.0, 0.0, 0.0, 0.0, 0.824621, 2.089532, 3.545554, 5.001576, 6.650818, 7.47544, 7.859771, 7.817962, 7.817962, 7.433631, 6.804193, 5.876061, 5.027533, 3.971511, 2.9066, 2.334009, 2.43752, 3.071835, 4.071835, 5.671835, 7.224621, 8.6, 9.6, 10.4, 10.8, 11.0, 8.8, 8.014214, 6.814214, 4.814214, 2.614214, 3.214214, 3.0, 3.612452, 5.621524, 8.054629, 10.122962, 11.786526, 13.233486, 14.083825, 14.319053, 14.124584, 13.349081, 11.902121, 9.862513, 7.59418, 5.120317, 3.632255, 3.219804, 4.0, 6.0, 9.006659, 12.028813, 10.828813, 9.028813, 6.628813, 3.622154, 0.0, 0.0, 0.0]"
735,"[0.0, 0.0, 0.0, 0.0, 0.824621, 1.844425, 3.060978, 4.475191, 6.087643, 6.863022, 7.443218, 7.626665, 7.612452, 7.216553, 6.636356, 5.668812, 4.834497, 3.834497, 3.217945, 2.919251, 3.418167, 4.294702, 5.507153, 6.876925, 8.391882, 9.677121, 10.651509, 11.379998, 11.826836, 11.826836, 9.410226, 8.606069, 7.159556, 5.308632, 3.072564, 3.272564, 2.484734, 3.113461, 4.33663, 6.753239, 9.059232, 11.0131, 12.097626, 12.916453, 13.005836, 12.832224, 11.940532, 10.674492, 8.787921, 6.281928, 4.149547, 2.895207, 2.895207, 4.233222, 6.739215, 9.849804, 13.064426, 11.722785, 9.663659, 7.157666, 3.847077, 0.0, 0.0, 0.0]"
736,"[0.0, 0.0, 0.0, 0.0, 0.8, 2.0, 3.2, 4.6, 6.2, 7.0, 7.4, 7.6, 7.4, 6.8, 6.0, 5.0, 4.047214, 3.247214, 2.647214, 2.568324, 3.099695, 3.933106, 5.145558, 6.804684, 8.319641, 9.60488, 10.740864, 11.728412, 12.269286, 12.539211, 10.122602, 9.318444, 7.884635, 5.85032, 3.544327, 3.944327, 3.131876, 3.379899, 4.71158, 6.85252, 8.982342, 10.96802, 12.52702, 13.415331, 13.604213, 13.415331, 12.338454, 10.821262, 8.860206, 6.530384, 4.389444, 3.480643, 3.438835, 4.624189, 7.054778, 10.079681, 12.929339, 11.515125, 9.50515, 6.874561, 3.649658, 0.0, 0.0, 0.0]"
737,"[0.0, 0.0, 0.0, 0.0, 1.264911, 2.720933, 4.429734, 6.218588, 8.18836, 8.89322, 9.226053, 9.306106, 9.040407, 8.59379, 7.888929, 7.119879, 6.155645, 5.198176, 4.307477, 4.042566, 4.239315, 4.937848, 6.258959, 7.789834, 9.231145, 10.455904, 11.775283, 12.731021, 13.287985, 13.407923, 10.966612, 9.736529, 8.158906, 6.238612, 3.960205, 4.784826, 4.453, 5.031998, 6.494739, 8.902621, 11.18927, 13.164409, 14.714613, 15.707635, 15.990124, 15.569579, 14.576557, 13.026353, 10.90196, 8.494432, 6.003707, 4.589493, 4.466049, 5.498009, 7.816765, 11.057695, 14.209167, 12.488702, 10.325371, 7.44093, 4.0, 0.0, 0.0, 0.0]"
738,"[0.0, 0.0, 0.0, 0.0, 0.894427, 1.97146, 3.236371, 4.692393, 6.401194, 7.215568, 7.847335, 8.194876, 8.080495, 7.537884, 6.829083, 5.841393, 4.676155, 3.534514, 2.568324, 1.968324, 2.047214, 2.816553, 4.072574, 5.521817, 7.275883, 8.629949, 9.830005, 10.879976, 11.647343, 11.647343, 9.493277, 8.599823, 7.113634, 5.097024, 2.942959, 3.508644, 3.15168, 3.852341, 5.511467, 7.843848, 10.162603, 11.880854, 13.213256, 14.038571, 14.590632, 14.147502, 13.426391, 11.985975, 9.995962, 7.511521, 5.07021, 3.506879, 3.350449, 4.544083, 6.929761, 10.24035, 13.398009, 11.941987, 9.853926, 7.068248, 3.757659, 0.0, 0.0, 0.0]"
739,"[0.0, 0.0, 0.0, 0.0, 0.632456, 1.709488, 2.9744, 4.430422, 5.886444, 6.90323, 7.282219, 7.47333, 7.282219, 6.90323, 6.078609, 5.069801, 4.060992, 2.996081, 2.201891, 1.97727, 2.530056, 3.482843, 4.882843, 6.4, 7.8, 9.0, 10.0, 10.8, 11.4, 11.6, 9.4, 8.6, 7.4, 5.4, 3.2, 3.6, 3.0, 3.4, 4.8, 7.0, 9.2, 11.0, 12.2, 13.0, 13.4, 13.0, 12.2, 10.8, 9.2, 7.0, 5.0, 3.632456, 3.688478, 4.585844, 6.854177, 9.759012, 12.670565, 11.214543, 9.317177, 6.648844, 3.544009, 0.0, 0.0, 0.0]"
740,"[0.0, 0.0, 0.0, 0.0, 1.216553, 2.630766, 4.243218, 6.043218, 7.843218, 8.626665, 9.212452, 9.4, 9.212452, 9.024903, 8.439117, 7.51615, 6.564678, 5.584682, 4.604686, 4.039, 4.128158, 4.735652, 5.811997, 7.02345, 8.41099, 9.677905, 10.852472, 11.751352, 12.315762, 12.512799, 10.079694, 9.098347, 7.567699, 5.88049, 4.047385, 4.768496, 4.575275, 5.342151, 7.094904, 9.358469, 11.69677, 13.496512, 14.908368, 15.690268, 15.931539, 15.735692, 14.913032, 13.501177, 11.659627, 9.354792, 6.938441, 5.226446, 4.824758, 5.410544, 7.218225, 10.051256, 13.05036, 11.60814, 9.60814, 7.000459, 3.720215, 0.0, 0.0, 0.0]"
741,"[0.0, 0.0, 0.0, 0.0, 1.077033, 2.418674, 4.031125, 5.643577, 7.432431, 8.144253, 8.591466, 8.591466, 8.502169, 8.054956, 7.343134, 6.378901, 5.366449, 4.126138, 3.23171, 2.875788, 3.182537, 4.024758, 5.46238, 7.074293, 8.58925, 9.874489, 11.478577, 12.731326, 13.457878, 13.638419, 11.22181, 9.964355, 8.157332, 5.937339, 3.72073, 4.32073, 3.748428, 4.23148, 5.946146, 8.414478, 10.87389, 12.955822, 14.605064, 15.580478, 15.971557, 15.775709, 14.757575, 13.108333, 11.11748, 8.779179, 6.315614, 5.035264, 5.094822, 6.170851, 8.554576, 11.890884, 15.067007, 13.358206, 11.017266, 7.912431, 4.176123, 0.0, 0.0, 0.0]"
742,"[0.0, 0.0, 0.0, 0.0, 1.131371, 2.545584, 4.107634, 5.828099, 7.548564, 8.137659, 8.44391, 8.602325, 8.296074, 7.989822, 7.400728, 6.57469, 5.486681, 4.704923, 4.011819, 3.957481, 4.279607, 5.247151, 6.425773, 7.94073, 9.144048, 10.64779, 11.959834, 13.060801, 13.736777, 14.17672, 11.456426, 10.193624, 8.68158, 6.594157, 4.321077, 5.042187, 4.67357, 4.994035, 6.332745, 8.391524, 10.800909, 12.650779, 14.330314, 15.566983, 16.191486, 15.566983, 14.495614, 12.884468, 10.650659, 8.085849, 5.779856, 4.569258, 4.194618, 5.291169, 7.553911, 10.914809, 14.318339, 12.904126, 10.641384, 7.812957, 4.252058, 0.0, 0.0, 0.0]"
743,"[0.0, 0.0, 0.0, 0.0, 1.280625, 2.842675, 4.56314, 6.407049, 8.250958, 8.970333, 9.388182, 9.511626, 9.388182, 8.986493, 8.328134, 7.425268, 6.40598, 5.317971, 4.441436, 3.899795, 3.842566, 4.282856, 5.262852, 6.486021, 7.849352, 9.109899, 10.286299, 11.235097, 11.887554, 12.056604, 9.776253, 8.947393, 7.463176, 5.621865, 3.689485, 4.410595, 4.212357, 5.115223, 6.777965, 9.206392, 11.596551, 13.438102, 14.713967, 15.845338, 16.272675, 15.85213, 15.004685, 13.728819, 11.615332, 9.080678, 6.672796, 5.089098, 4.45084, 5.229341, 7.014223, 9.956284, 13.156585, 11.814944, 9.755818, 7.249825, 4.024922, 0.0, 0.0, 0.0]"
744,"[0.0, 0.0, 0.0, 0.0, 1.0, 2.280625, 3.842675, 5.686584, 7.530493, 8.374401, 8.937686, 9.096101, 8.694412, 8.292724, 7.615005, 6.665524, 5.392272, 4.397265, 3.355045, 3.013476, 3.196081, 4.191088, 5.46434, 7.190369, 8.628489, 10.097041, 11.345545, 12.315805, 12.73536, 13.018203, 10.472618, 9.47895, 7.954415, 6.041287, 3.495702, 4.216812, 3.800381, 4.4781, 6.108386, 8.65397, 10.906074, 12.736719, 14.00408, 14.852608, 15.280237, 14.852608, 14.00408, 12.736719, 10.906074, 8.65397, 6.391228, 4.953108, 4.758441, 5.818756, 8.07086, 11.464972, 14.763457, 13.114215, 10.773275, 7.800061, 4.123106, 0.0, 0.0, 0.0]"
745,"[0.0, 0.0, 0.0, 0.0, 0.894427, 2.060618, 3.502838, 5.064888, 6.626938, 7.294561, 7.69042, 7.662413, 7.380988, 6.985129, 6.500112, 5.762683, 4.948469, 4.067844, 3.348868, 3.071835, 3.447214, 4.247214, 5.459665, 6.85636, 8.144422, 9.224773, 10.354595, 11.271965, 11.90192, 12.049926, 9.769576, 8.852205, 7.322383, 5.44852, 3.212452, 3.659665, 2.941641, 3.464795, 4.834567, 7.175507, 9.513971, 11.592758, 13.042817, 14.046259, 14.425613, 13.980875, 12.905028, 11.387836, 9.239244, 6.71895, 4.37801, 3.113099, 2.998717, 4.143868, 6.543868, 9.774967, 12.72022, 11.378579, 9.408808, 6.808808, 3.577709, 0.0, 0.0, 0.0]"
746,"[0.0, 0.0, 0.0, 0.0, 0.8, 1.8, 3.0, 4.4, 6.0, 6.8, 7.4, 7.6, 7.4, 7.0, 6.2, 5.232456, 4.279669, 3.479669, 2.879669, 2.800779, 3.168324, 4.163331, 5.375782, 6.564637, 7.997592, 9.414202, 10.38859, 11.192748, 11.820503, 11.902505, 9.485896, 8.681738, 7.431319, 5.580395, 3.344327, 3.544327, 2.756497, 2.855218, 3.998333, 6.152399, 8.369008, 10.05038, 11.291462, 12.088654, 12.351197, 12.170656, 11.453517, 10.470679, 8.685796, 6.269187, 4.233119, 3.244265, 2.986021, 4.352972, 6.693912, 9.725011, 12.530563, 11.265651, 9.17759, 6.83665, 3.605551, 0.0, 0.0, 0.0]"
747,"[0.0, 0.0, 0.0, 0.0, 0.824621, 1.844425, 3.060978, 4.475191, 6.087643, 6.863022, 7.455669, 7.65333, 7.455669, 7.05977, 6.284391, 5.39305, 4.42605, 3.609497, 2.840159, 2.864066, 3.219988, 4.295929, 5.545172, 6.941867, 8.329407, 9.685479, 10.792913, 11.751352, 12.538033, 12.73507, 10.301965, 9.320618, 7.73274, 5.734607, 3.501502, 3.948715, 3.299473, 3.679669, 5.047214, 7.247214, 9.6, 11.4, 13.0, 14.0, 14.4, 14.0, 13.2, 11.6, 9.4, 6.8, 4.4, 3.2, 3.2, 4.409975, 6.817656, 10.042559, 13.063554, 11.663554, 9.653579, 7.045898, 3.820995, 0.0, 0.0, 0.0]"
748,"[0.0, 0.0, 0.0, 0.0, 1.019804, 2.236356, 3.65057, 5.263022, 7.074099, 7.865372, 8.459896, 8.658134, 8.459896, 7.865372, 7.074099, 6.157449, 5.110683, 4.096469, 3.479917, 3.025798, 3.025798, 3.725024, 4.781046, 6.024955, 7.469244, 8.783889, 9.927297, 10.879594, 11.444004, 11.670097, 9.461025, 8.466919, 6.883222, 4.757745, 2.721677, 3.321677, 3.107464, 4.082843, 6.0, 8.4, 10.6, 12.4, 13.8, 14.8, 15.2, 15.0, 14.2, 12.6, 10.6, 8.0, 5.4, 3.6, 3.2, 3.8, 6.007681, 9.01434, 12.037789, 10.837789, 9.037789, 6.430108, 3.423449, 0.0, 0.0, 0.0]"
749,"[0.0, 0.0, 0.0, 0.0, 0.894427, 2.060618, 3.402258, 5.01471, 6.627161, 7.521589, 7.96785, 8.238661, 7.96785, 7.521589, 6.732734, 5.841393, 4.676155, 3.534514, 2.568324, 2.168324, 2.447214, 3.2, 4.612452, 6.25636, 7.744422, 9.024773, 10.165713, 11.083083, 11.519525, 11.519525, 9.239174, 8.312448, 6.582626, 4.702275, 2.614214, 3.061427, 2.667017, 3.51626, 5.204321, 7.678184, 10.143015, 12.228046, 13.683639, 14.507621, 14.945802, 14.507621, 13.490848, 11.998464, 10.106224, 7.59418, 5.120317, 3.597941, 3.266114, 4.090219, 6.251469, 9.375569, 12.530098, 11.249474, 9.405565, 6.844315, 3.720215, 0.0, 0.0, 0.0]"
750,"[0.0, 0.0, 0.0, 0.0, 0.824621, 1.844425, 3.060978, 4.673429, 6.285881, 7.073711, 7.666359, 7.86402, 7.468121, 7.072222, 6.284391, 5.39305, 4.42605, 3.609497, 2.840159, 2.864066, 3.219988, 4.228797, 5.672706, 7.235467, 8.596011, 10.126659, 11.278318, 12.241543, 12.839249, 13.038496, 10.430815, 9.435585, 7.845004, 5.803008, 3.594689, 4.041903, 3.449255, 3.845154, 5.279469, 7.479469, 9.832255, 11.812452, 13.2, 14.2, 14.6, 14.2, 13.2, 11.8, 9.8, 7.2, 4.8, 3.6, 3.264911, 4.162278, 6.682572, 9.981056, 13.110433, 11.845522, 9.948155, 7.227861, 3.929377, 0.0, 0.0, 0.0]"
751,"[0.0, 0.0, 0.0, 0.0, 0.824621, 1.844425, 3.258639, 4.87109, 6.483542, 7.271372, 7.86402, 7.86402, 7.468121, 7.072222, 6.284391, 5.39305, 4.42605, 3.609497, 2.840159, 2.736648, 3.09257, 4.101379, 5.545288, 7.108049, 8.596011, 10.126659, 11.270637, 12.026728, 12.624434, 12.823681, 10.216, 9.228451, 7.845004, 5.869779, 3.66146, 4.108673, 3.516026, 3.899473, 5.267017, 7.467017, 9.826938, 11.813793, 13.213793, 14.220452, 14.627586, 14.220452, 13.213793, 11.813793, 9.607134, 7.0, 4.6, 3.232456, 2.897367, 3.994733, 6.515027, 9.867638, 13.220154, 11.955243, 10.057877, 7.337583, 3.984972, 0.0, 0.0, 0.0]"
752,"[0.0, 0.0, 0.0, 0.0, 0.72111, 1.852481, 3.266695, 4.708915, 6.270965, 7.111905, 7.542584, 7.542584, 7.231734, 6.801055, 6.239005, 5.309411, 4.495197, 3.763826, 3.079669, 2.879669, 3.247214, 4.047214, 5.259665, 6.65636, 7.944422, 9.224773, 10.165713, 10.96987, 11.466901, 11.532906, 9.252555, 8.367637, 6.951028, 5.210088, 3.056022, 3.688478, 3.232456, 3.794505, 5.174404, 7.454755, 9.542594, 11.385128, 12.823078, 13.843179, 14.283122, 13.843179, 12.844554, 11.286774, 9.135302, 6.697851, 4.4175, 3.020805, 2.744775, 3.783043, 6.107881, 9.270159, 12.428497, 11.262306, 9.37551, 6.767829, 3.605551, 0.0, 0.0, 0.0]"
753,"[0.0, 0.0, 0.0, 0.0, 0.8, 1.819804, 3.084715, 4.540737, 5.996759, 6.719914, 7.156132, 7.156132, 6.965021, 6.528803, 5.805648, 4.949626, 3.884715, 2.619804, 1.8, 1.447214, 1.695742, 2.776367, 4.218587, 5.807441, 7.419354, 8.806894, 9.942878, 10.917267, 11.36448, 11.541422, 9.305354, 8.4119, 6.889718, 4.936493, 2.700425, 3.100425, 2.597074, 3.225801, 4.91273, 7.25367, 9.45367, 11.117148, 12.457557, 13.35135, 13.693692, 13.510301, 12.796791, 11.375447, 9.40631, 7.005871, 4.589262, 3.21949, 3.17727, 4.282843, 6.8, 10.0, 13.005551, 11.605551, 9.605551, 6.805551, 3.605551, 0.0, 0.0, 0.0]"
754,"[0.0, 0.0, 0.0, 0.0, 1.0, 2.2, 3.6, 5.212452, 7.023529, 7.834606, 8.445683, 8.645683, 8.433231, 7.838707, 7.047433, 6.060978, 5.026663, 4.026663, 3.375796, 3.077102, 3.329514, 4.219851, 5.66376, 7.334142, 9.220713, 10.950814, 12.501451, 13.664201, 14.434793, 14.634245, 11.827112, 10.631529, 8.841423, 6.467219, 3.942928, 4.575383, 3.980859, 4.364306, 5.940923, 8.465214, 10.832758, 12.816206, 14.42245, 15.419622, 15.619147, 15.419147, 14.419147, 12.812903, 10.823212, 8.449008, 6.049008, 4.849008, 5.037862, 6.153691, 8.65173, 12.098807, 15.303566, 13.514712, 11.182331, 8.051836, 4.204759, 0.0, 0.0, 0.0]"
755,"[0.0, 0.0, 0.0, 0.0, 1.131371, 2.411996, 3.826209, 5.523266, 7.367174, 8.079712, 8.496144, 8.778987, 8.64398, 8.080696, 7.402978, 6.782954, 5.910519, 4.980925, 4.42141, 4.079841, 4.202808, 4.834209, 6.09912, 7.532076, 9.124064, 10.430057, 11.581715, 12.462838, 12.814765, 12.904148, 10.398155, 9.579329, 8.065751, 6.359758, 4.136608, 4.961229, 4.514016, 5.093014, 6.701332, 9.109215, 11.257807, 13.027436, 14.439291, 15.142242, 15.424731, 15.142242, 14.293714, 12.735006, 10.904361, 8.496833, 6.006108, 4.464477, 4.290575, 5.164016, 7.461895, 10.572484, 13.609033, 12.085878, 9.931812, 7.068248, 3.757659, 0.0, 0.0, 0.0]"
756,"[0.0, 0.0, 0.0, 0.0, 1.019804, 2.284715, 3.933957, 5.583199, 7.480566, 8.169563, 8.613453, 8.613453, 8.420232, 7.978888, 7.289891, 6.58109, 5.564303, 4.391124, 3.567558, 3.442181, 3.608371, 4.390129, 5.951196, 7.31874, 8.865624, 10.307115, 11.500582, 12.376967, 13.097261, 13.097261, 10.48958, 9.602364, 8.013441, 5.858832, 3.417521, 4.138632, 3.698791, 4.411329, 6.125995, 8.81672, 11.068823, 12.899468, 14.311323, 15.286737, 15.569226, 15.286737, 14.301496, 12.607782, 10.632643, 8.225114, 5.817232, 4.58563, 4.732381, 5.687824, 7.985703, 11.10286, 14.05551, 12.346709, 10.110641, 7.247077, 3.847077, 0.0, 0.0, 0.0]"
757,"[0.0, 0.0, 0.0, 0.0, 1.0, 2.2, 3.812452, 5.424903, 7.23598, 8.047057, 8.459509, 8.459509, 8.459509, 8.048432, 7.437355, 6.649524, 5.484286, 4.319048, 3.551504, 3.072614, 3.379364, 4.374371, 5.716012, 7.319624, 9.015123, 10.483752, 11.905096, 12.799523, 13.246737, 13.246737, 10.646737, 9.572027, 8.054936, 5.937339, 3.52073, 4.153186, 3.705972, 4.426578, 6.024223, 8.631904, 10.88389, 12.704527, 13.980008, 14.978955, 15.255715, 14.978955, 13.980008, 12.661639, 10.779986, 8.461231, 6.136393, 4.797683, 4.603016, 5.602742, 7.949101, 11.08386, 14.12188, 12.472638, 10.192287, 7.280243, 3.862642, 0.0, 0.0, 0.0]"
758,"[0.0, 0.0, 0.0, 0.0, 1.077033, 2.341944, 3.865099, 5.653953, 7.442807, 8.154629, 8.678572, 8.944272, 8.678572, 8.231359, 7.519537, 6.555304, 5.366449, 4.290508, 3.548868, 3.296456, 3.638025, 4.600075, 5.99677, 7.522799, 8.96092, 10.203049, 11.331723, 12.330349, 12.895044, 13.040622, 10.632303, 9.638634, 8.076725, 5.951685, 3.543367, 4.264477, 3.698791, 4.115223, 5.957856, 8.648581, 10.900685, 13.025078, 14.583786, 15.431231, 15.71372, 15.431231, 14.583786, 13.048487, 10.924093, 8.398093, 5.907368, 4.393477, 4.196166, 5.300863, 7.632139, 10.760802, 13.749672, 12.226518, 9.99045, 7.211961, 3.883298, 0.0, 0.0, 0.0]"
759,"[0.0, 0.0, 0.0, 0.0, 1.16619, 2.608411, 4.170461, 6.01437, 7.994269, 8.807977, 9.345656, 9.480662, 9.33381, 8.796131, 7.982422, 7.079556, 6.1825, 5.117899, 4.524207, 4.43505, 4.77223, 5.77223, 7.14975, 8.53729, 9.893362, 11.147481, 12.211045, 13.113114, 13.74061, 13.74061, 11.072277, 10.01979, 8.507746, 6.468803, 4.435698, 5.001384, 4.455218, 4.764018, 6.027459, 8.295791, 10.789518, 12.780371, 14.327334, 15.495037, 15.886116, 15.457293, 14.437597, 12.99291, 10.75695, 8.144752, 5.714163, 4.497898, 4.336064, 5.596611, 8.061441, 11.549259, 14.65256, 13.003318, 10.722967, 7.810923, 4.123106, 0.0, 0.0, 0.0]"
760,"[0.0, 0.0, 0.0, 0.0, 1.2, 2.6, 4.411077, 6.222154, 8.232129, 9.042104, 9.652079, 9.652079, 9.453454, 8.843479, 8.247717, 7.257546, 6.340896, 5.449555, 4.849555, 4.455145, 4.776982, 5.324775, 6.447574, 7.773603, 9.162118, 10.381727, 11.500756, 12.377142, 12.812362, 12.812362, 10.251112, 9.386919, 7.832815, 5.904021, 3.778545, 4.603166, 4.247751, 4.968356, 6.668282, 8.99312, 11.168499, 12.989136, 14.264617, 15.094514, 15.371274, 14.932524, 13.933577, 12.491764, 10.495677, 8.332346, 5.771096, 4.456294, 4.34828, 5.345421, 7.402799, 10.731463, 13.766232, 12.153781, 9.99045, 7.211961, 3.883298, 0.0, 0.0, 0.0]"
761,"[0.0, 0.0, 0.0, 0.0, 1.0, 2.4, 4.0, 5.6, 7.4, 8.2, 8.4, 8.4, 8.4, 8.0, 7.2, 6.4, 5.432456, 4.115298, 3.115298, 2.562512, 2.61104, 2.978584, 3.976367, 5.188818, 6.711376, 7.921974, 9.158042, 10.218357, 10.841974, 10.931328, 8.872202, 7.916759, 6.296929, 4.343704, 2.284578, 2.731791, 2.5282, 3.419541, 5.195824, 7.803505, 10.076586, 11.719847, 13.107395, 13.93271, 14.045323, 13.886279, 13.165985, 11.778436, 9.893995, 7.620915, 5.059665, 3.659665, 3.124247, 3.913101, 5.701955, 8.56552, 11.36552, 10.288487, 8.499632, 6.263564, 3.4, 0.0, 0.0, 0.0]"
762,"[0.0, 0.0, 0.0, 0.0, 1.0, 2.2, 3.6, 5.2, 6.8, 7.6, 8.0, 8.2, 8.014214, 7.630766, 6.85057, 6.144997, 5.110683, 4.096469, 3.445602, 3.320225, 3.642351, 4.476665, 5.887742, 7.332032, 8.717956, 9.975266, 11.29556, 12.204778, 12.724625, 12.974096, 10.500232, 9.623847, 8.120106, 6.414905, 4.606193, 5.406193, 4.903925, 5.476227, 6.983986, 8.946157, 11.199025, 13.082287, 14.518336, 15.31645, 15.496733, 15.229543, 14.421249, 12.985201, 11.196346, 9.18131, 6.795633, 5.100134, 4.767301, 5.513722, 7.385488, 10.147765, 13.221388, 11.765366, 9.677305, 6.957011, 3.794733, 0.0, 0.0, 0.0]"
763,"[0.0, 0.0, 0.0, 0.0, 1.264911, 2.720933, 4.370175, 6.214084, 8.057993, 8.636991, 9.078336, 9.137894, 9.002786, 8.682032, 8.004313, 7.106946, 6.246674, 4.985087, 3.744775, 3.21104, 3.21104, 3.579064, 4.840651, 6.346663, 7.773334, 9.105714, 10.330473, 11.062983, 11.71544, 11.936665, 9.604284, 8.775425, 7.411146, 5.569835, 3.736698, 4.736698, 4.580269, 5.400602, 7.141542, 9.667542, 11.82982, 13.791399, 15.438042, 16.641111, 17.020508, 16.770274, 15.693613, 14.04697, 11.767873, 9.309689, 6.844858, 5.503918, 5.168602, 5.903691, 7.729558, 10.780915, 13.725532, 12.163482, 10.163482, 7.443188, 3.944617, 0.0, 0.0, 0.0]"
764,"[0.0, 0.0, 0.0, 0.0, 1.019804, 2.219804, 3.619804, 5.219804, 7.219804, 8.2, 8.6, 8.812452, 8.626665, 7.843218, 6.920251, 6.214678, 5.167912, 4.153698, 3.658256, 3.581223, 4.028436, 4.918773, 6.558381, 8.245589, 9.845589, 11.303949, 12.854586, 13.821637, 14.220452, 14.220452, 11.420452, 10.413793, 8.623686, 6.71098, 4.558193, 5.279304, 4.559928, 5.230172, 6.841738, 9.173013, 11.582398, 13.701773, 15.214977, 16.108984, 16.46099, 16.108984, 15.041365, 13.430219, 11.310844, 8.812804, 6.234316, 4.53439, 4.357987, 5.313431, 7.63394, 11.039491, 14.456727, 12.844275, 10.608207, 7.655243, 4.049691, 0.0, 0.0, 0.0]"
765,"[0.0, 0.0, 0.0, 0.0, 0.894427, 2.159338, 3.61536, 5.264602, 7.161969, 7.916784, 8.54924, 8.74246, 8.54924, 7.916784, 7.433732, 6.430793, 5.347236, 4.338428, 3.794627, 3.628436, 3.9002, 4.857669, 6.307822, 7.867062, 9.340926, 10.843068, 12.183478, 13.149675, 13.781369, 13.781369, 11.113036, 10.146838, 8.548185, 6.083355, 3.809491, 4.441947, 3.809491, 4.253381, 6.042235, 8.525517, 10.846026, 12.806018, 14.32212, 15.310955, 15.680541, 15.335258, 14.273685, 12.769247, 10.710535, 8.378777, 5.771096, 4.432387, 4.361164, 5.535914, 7.788017, 11.280867, 14.395789, 12.746547, 10.405607, 7.432393, 3.939543, 0.0, 0.0, 0.0]"
766,"[0.0, 0.0, 0.0, 0.0, 1.0, 2.4, 3.8, 5.611077, 7.422154, 8.233231, 8.644308, 8.85676, 8.658134, 8.06361, 7.452533, 6.466077, 5.486081, 4.320843, 3.736746, 3.431173, 3.887177, 4.816771, 6.090023, 7.620898, 9.058851, 10.385907, 11.602346, 12.66037, 13.217333, 13.326264, 10.718583, 9.660559, 8.162695, 6.008086, 3.566775, 4.287886, 3.848045, 4.411329, 6.108386, 8.799111, 11.18927, 13.019915, 14.43177, 15.424793, 15.707282, 15.286737, 14.438208, 12.902909, 10.92777, 8.40177, 5.911045, 4.542731, 4.434717, 5.317423, 7.754651, 10.960528, 14.035987, 12.423536, 10.260205, 7.375764, 3.969887, 0.0, 0.0, 0.0]"
767,"[0.0, 0.0, 0.0, 0.0, 1.077033, 2.418674, 3.941828, 5.55428, 7.274745, 7.918177, 8.188988, 8.278285, 8.007474, 7.62865, 6.985218, 6.197387, 5.217391, 4.441436, 3.924416, 3.847383, 4.287673, 5.364018, 6.768104, 8.275864, 9.781857, 11.124627, 12.300267, 13.108984, 13.555092, 13.555092, 10.947411, 10.032742, 8.519164, 6.373131, 4.067138, 4.514352, 3.710771, 4.058311, 5.661924, 7.967916, 10.384267, 12.264386, 13.698243, 14.508485, 14.78817, 14.524605, 13.632362, 12.109207, 10.082702, 7.897024, 5.497024, 4.342959, 4.432255, 5.744832, 8.097797, 11.396368, 14.446059, 12.833608, 10.501227, 7.548262, 4.049691, 0.0, 0.0, 0.0]"
768,"[0.0, 0.0, 0.0, 0.0, 1.216553, 2.672574, 4.321817, 6.219183, 8.11655, 8.988059, 9.429403, 9.677528, 9.488962, 9.240837, 8.56699, 7.689427, 6.616682, 5.628991, 4.612204, 4.022612, 4.079841, 4.69744, 5.696795, 7.044239, 8.482359, 9.813645, 10.932674, 11.773459, 12.201879, 12.201879, 9.79356, 8.79436, 7.233111, 5.272005, 3.409264, 4.130374, 3.982537, 4.962436, 6.923542, 9.351969, 11.742128, 13.583679, 14.859544, 15.706989, 16.002662, 15.582117, 14.734672, 13.458807, 11.483667, 9.080678, 6.589953, 4.902744, 4.20347, 4.922845, 6.762985, 9.843229, 12.809936, 11.529311, 9.529311, 6.968062, 3.687818, 0.0, 0.0, 0.0]"
769,"[0.0, 0.0, 0.0, 0.0, 1.0, 2.2, 3.6, 5.2, 6.812452, 7.623529, 8.223529, 8.423529, 8.223529, 7.811077, 7.0, 6.0, 4.847214, 3.730056, 2.930056, 2.37727, 2.425798, 3.144775, 4.474384, 5.783184, 7.233337, 8.472871, 9.780544, 10.641955, 11.213505, 11.4042, 9.316139, 8.36543, 6.612677, 4.77954, 2.891478, 3.691478, 3.368324, 4.447214, 6.2, 8.6, 10.6, 12.4, 13.6, 14.4, 14.6, 14.4, 13.6, 12.2, 10.4, 8.2, 5.6, 3.847214, 3.512125, 4.209491, 6.139313, 9.112527, 12.270865, 11.005954, 9.108587, 6.578765, 3.605551, 0.0, 0.0, 0.0]"
770,"[0.0, 0.0, 0.0, 0.0, 0.894427, 2.236068, 3.678288, 5.398754, 7.119219, 7.945256, 8.324081, 8.602325, 8.324081, 7.945256, 7.301824, 6.40598, 5.285515, 4.243295, 3.348868, 2.871835, 2.847214, 3.267017, 4.323039, 5.584627, 6.954398, 8.390466, 9.60673, 10.386776, 10.914043, 11.098338, 8.86227, 8.040415, 6.604347, 4.568279, 2.614214, 3.179899, 2.931876, 3.744327, 5.603453, 7.909446, 10.027042, 11.813817, 13.15433, 13.873692, 14.050981, 13.784309, 12.98541, 11.5556, 9.854144, 7.770863, 5.354254, 3.48303, 3.126066, 3.935829, 5.66821, 8.388504, 11.546592, 10.380401, 8.493605, 6.161224, 3.44093, 0.0, 0.0, 0.0]"
771,"[0.0, 0.0, 0.0, 0.0, 0.632456, 1.526883, 2.693073, 4.135294, 5.577514, 6.507109, 7.174731, 7.289166, 7.013136, 6.647948, 5.980325, 5.018275, 4.137651, 3.254303, 2.57727, 2.482843, 2.882843, 3.938865, 5.364823, 6.934594, 8.370662, 9.787271, 10.837242, 11.634434, 12.081272, 12.186144, 9.769535, 8.912784, 7.426595, 5.409986, 3.069046, 3.351889, 2.597074, 3.033292, 4.603063, 6.944003, 9.002101, 10.707674, 11.851652, 12.48188, 12.48188, 12.48188, 11.725789, 10.3907, 8.5907, 6.64976, 4.30882, 3.186021, 3.363331, 4.726662, 6.934342, 10.09662, 12.981061, 11.538841, 9.37551, 6.767829, 3.605551, 0.0, 0.0, 0.0]"
772,"[0.0, 0.0, 0.0, 0.0, 1.0, 2.2, 3.8, 5.412452, 7.223529, 8.034606, 8.447057, 8.459509, 8.247057, 7.83598, 7.024903, 6.212452, 5.2, 4.082843, 2.882843, 2.330056, 2.378584, 2.944775, 3.926843, 5.376085, 6.826238, 8.065772, 9.179932, 10.348126, 10.979235, 11.169929, 9.081868, 8.066428, 6.52775, 4.530242, 2.442181, 3.042181, 2.97727, 3.882843, 5.609975, 8.04308, 10.271507, 12.098056, 13.52296, 14.737888, 15.13321, 14.935372, 13.94843, 12.534604, 10.309701, 7.928488, 5.297898, 3.890746, 3.156702, 4.000611, 5.986502, 9.242267, 12.259469, 11.182436, 9.338527, 6.905422, 3.649658, 0.0, 0.0, 0.0]"
773,"[0.0, 0.0, 0.0, 0.0, 0.632456, 1.652259, 2.868812, 4.283026, 5.697239, 6.677235, 7.269883, 7.467544, 7.269883, 6.875473, 6.087643, 5.107647, 3.976276, 2.959723, 2.222762, 2.030596, 2.417945, 3.535102, 4.935102, 6.652259, 8.219804, 9.6, 10.8, 11.8, 12.2, 12.4, 10.0, 9.0, 7.4, 5.4, 3.0, 3.4, 2.8, 3.4, 5.0, 7.4, 9.8, 11.6, 13.0, 13.8, 14.0, 13.6, 12.8, 11.2, 9.4, 7.2, 5.0, 3.72111, 3.777132, 4.931198, 7.251492, 10.282591, 13.424122, 11.9681, 9.814035, 7.09374, 3.862642, 0.0, 0.0, 0.0]"
774,"[0.0, 0.0, 0.0, 0.0, 1.077033, 2.533055, 4.182297, 6.026206, 8.065814, 9.028389, 9.611975, 9.806641, 9.611975, 9.028389, 8.253692, 7.380275, 6.384894, 5.368107, 4.544541, 4.27963, 4.113439, 4.606552, 5.762951, 7.218556, 8.498907, 9.972771, 11.299463, 12.178941, 12.564743, 12.758256, 10.284392, 9.32486, 7.73356, 5.825383, 3.798733, 4.623354, 4.314553, 5.247495, 7.090129, 9.250596, 11.452524, 13.277427, 14.492355, 15.308939, 15.727808, 15.529686, 14.737888, 13.356893, 11.546204, 9.15211, 6.523683, 4.690578, 4.246669, 4.832456, 7.0, 10.0, 13.0, 11.6, 9.6, 6.8, 3.6, 0.0, 0.0, 0.0]"
775,"[0.0, 0.0, 0.0, 0.0, 0.8, 1.8, 3.016553, 4.430766, 6.043218, 6.89246, 7.541702, 7.739363, 7.541702, 7.129251, 6.480008, 5.430766, 4.463766, 3.694427, 3.094427, 2.726883, 3.293073, 4.28808, 5.402916, 6.782815, 8.413102, 9.65523, 10.774259, 11.932503, 12.513854, 12.513854, 10.105535, 9.106335, 7.386041, 5.272005, 3.009264, 3.209264, 2.541641, 2.822266, 4.218961, 6.499312, 8.860561, 10.808668, 12.218768, 13.217394, 13.498292, 13.199784, 12.337149, 10.927049, 8.805625, 6.444376, 4.381634, 3.226356, 3.287372, 4.625388, 7.203877, 10.403877, 13.523872, 12.182231, 10.123105, 7.344617, 3.944617, 0.0, 0.0, 0.0]"
776,"[0.0, 0.0, 0.0, 0.0, 0.8, 1.8, 3.0, 4.4, 5.8, 6.6, 7.0, 7.2, 7.0, 6.6, 5.8, 5.032456, 3.915298, 2.915298, 2.198141, 2.030596, 2.222762, 3.156472, 4.568923, 6.086081, 7.653625, 9.229004, 10.612452, 11.6, 12.2, 12.4, 10.0, 9.0, 7.4, 5.4, 3.0, 3.4, 2.8, 3.2, 4.8, 7.0, 9.2, 11.0, 12.4, 13.2, 13.6, 13.4, 12.6, 11.2, 9.2, 7.0, 4.8, 3.432456, 3.446669, 4.686277, 6.95461, 10.053094, 13.156947, 11.742733, 9.703126, 7.034793, 3.736308, 0.0, 0.0, 0.0]"
777,"[0.0, 0.0, 0.0, 0.0, 1.077033, 2.533055, 4.241856, 6.03071, 8.000482, 8.89322, 9.226053, 9.306106, 9.040407, 8.59379, 7.888929, 7.100075, 6.135841, 5.333797, 4.443098, 4.178187, 4.443098, 5.230928, 6.396614, 7.92749, 9.20784, 10.488514, 11.566787, 12.370716, 12.89811, 13.026078, 10.480493, 9.510234, 8.16115, 6.070425, 3.944949, 4.76957, 4.390745, 4.935901, 6.616252, 8.94109, 11.116469, 12.937106, 14.330553, 15.330446, 15.722765, 15.44306, 14.561133, 13.001354, 11.001735, 8.56742, 5.847126, 4.287886, 4.090575, 4.964016, 7.261895, 10.572484, 13.609033, 12.085878, 9.931812, 7.068248, 3.757659, 0.0, 0.0, 0.0]"
778,"[0.0, 0.0, 0.0, 0.0, 0.72111, 1.615537, 2.69257, 4.034211, 5.375852, 6.177896, 6.806624, 7.071232, 6.806624, 6.464983, 5.662939, 4.586998, 3.445357, 2.568324, 1.968324, 1.847214, 2.4, 3.6, 5.012452, 6.45636, 8.136711, 9.610575, 10.740397, 11.657767, 12.343681, 12.343681, 9.869817, 8.952447, 7.442428, 5.512606, 3.232255, 3.515098, 2.797074, 3.118911, 4.307765, 6.543833, 8.86099, 10.830127, 12.352051, 13.246478, 13.427019, 12.981085, 12.014887, 10.492964, 8.609683, 6.593073, 4.639007, 3.374096, 3.446669, 4.490578, 6.781303, 9.705403, 12.893942, 11.479728, 9.635819, 6.945095, 3.820995, 0.0, 0.0, 0.0]"
779,"[0.0, 0.0, 0.0, 0.0, 0.8, 2.0, 3.4, 4.814214, 6.426665, 7.239117, 7.651568, 7.665782, 7.665782, 7.269883, 6.657431, 5.84498, 4.830766, 3.616553, 2.8, 2.432456, 2.632456, 3.51308, 5.033545, 6.520342, 8.051217, 9.383598, 10.608966, 11.394493, 11.949008, 11.949008, 9.616628, 8.552855, 7.046862, 4.888394, 2.725063, 3.172277, 2.730056, 3.292106, 5.009264, 7.417582, 9.661094, 11.634307, 13.045471, 14.018685, 14.301091, 14.018685, 13.02537, 11.614206, 9.489521, 7.081639, 4.67332, 3.293421, 2.996282, 4.117525, 6.434683, 9.659586, 12.731098, 11.466187, 9.496415, 6.896415, 3.671512, 0.0, 0.0, 0.0]"
780,"[0.0, 0.0, 0.0, 0.0, 1.0, 2.2, 3.8, 5.4, 7.2, 8.0, 8.6, 8.6, 8.6, 8.2, 7.6, 6.624621, 5.590307, 4.43752, 3.63752, 3.23752, 3.307326, 4.022266, 5.137102, 6.257567, 7.620898, 9.058851, 10.284219, 11.05455, 11.666466, 11.562261, 9.22988, 8.166108, 6.682255, 4.749875, 2.690749, 3.290749, 2.925561, 3.785834, 5.355605, 7.861598, 10.040087, 11.916019, 13.260085, 14.243278, 14.344966, 13.898858, 13.00502, 11.394373, 9.518441, 7.31076, 4.978379, 3.366467, 3.265887, 4.075651, 6.181643, 9.234511, 12.285868, 10.944228, 9.057431, 6.551439, 3.498571, 0.0, 0.0, 0.0]"
781,"[0.0, 0.0, 0.0, 0.0, 0.8, 1.8, 3.016553, 4.430766, 5.84498, 6.501002, 6.957024, 7.154685, 6.957024, 6.54281, 6.086788, 5.230766, 4.263766, 3.447214, 2.847214, 2.741641, 3.141641, 4.108641, 5.405697, 6.849606, 8.118509, 9.559821, 10.586918, 11.497543, 12.261315, 12.261315, 9.820004, 8.940743, 7.464433, 5.422437, 3.459106, 3.859106, 3.121677, 3.255218, 4.478387, 6.514455, 8.797736, 10.836679, 12.435332, 13.510042, 13.873974, 13.426761, 12.352051, 10.830127, 8.599019, 5.999019, 3.962951, 2.974096, 2.849008, 4.226528, 6.857117, 9.88202, 12.769838, 11.553285, 9.54331, 6.912721, 3.687818, 0.0, 0.0, 0.0]"
782,"[0.0, 0.0, 0.0, 0.0, 1.0, 2.280625, 3.842675, 5.539731, 7.51963, 8.499529, 9.062813, 9.197819, 9.062813, 8.363539, 7.54983, 6.600349, 5.503292, 4.224085, 3.34346, 3.001891, 3.184497, 4.026717, 5.46434, 7.06434, 8.520069, 9.988621, 11.237125, 12.062244, 12.752969, 12.880937, 10.335353, 9.488537, 8.109143, 5.865632, 3.457313, 4.178423, 3.615139, 4.292858, 6.108386, 8.799111, 11.051214, 13.026353, 14.438208, 15.431231, 15.71372, 15.431231, 14.438208, 13.026353, 10.90196, 8.649857, 6.241974, 4.779233, 4.584566, 5.733546, 7.92448, 11.185646, 14.248288, 12.599045, 10.318695, 7.406651, 3.862642, 0.0, 0.0, 0.0]"
783,"[0.0, 0.0, 0.0, 0.0, 1.0, 2.280625, 3.722845, 5.335297, 6.947748, 7.736603, 8.244832, 8.415063, 8.244832, 7.913006, 7.255522, 6.315196, 5.3352, 4.292979, 3.459568, 2.775411, 2.726883, 3.294427, 4.294427, 5.647214, 7.209975, 8.646043, 9.879148, 10.912253, 11.321325, 11.520422, 9.284354, 8.251249, 6.618144, 4.609072, 2.6, 3.047214, 2.724247, 3.633047, 5.521109, 7.850931, 10.315761, 12.343563, 13.739597, 14.756371, 14.894882, 14.65117, 13.585943, 12.130351, 10.025516, 7.957183, 5.28885, 3.532085, 2.959876, 3.846672, 5.752665, 8.805532, 12.021261, 10.944228, 9.057431, 6.551439, 3.498571, 0.0, 0.0, 0.0]"
784,"[0.0, 0.0, 0.0, 0.0, 1.0, 2.280625, 3.842675, 5.539731, 7.38364, 8.227549, 8.790833, 8.790833, 8.655827, 8.092543, 7.414824, 6.465342, 5.535748, 4.420912, 3.540287, 3.198717, 3.381323, 4.090508, 5.36376, 6.96376, 8.547458, 10.016009, 11.365093, 12.335353, 13.026078, 13.026078, 10.480493, 9.351818, 7.827284, 5.769015, 3.360696, 4.081806, 3.93397, 4.611688, 6.241974, 8.787559, 11.039662, 12.749549, 14.311517, 15.172875, 15.600505, 15.318016, 14.319945, 12.634533, 10.791058, 8.538954, 6.131072, 4.829664, 4.818, 5.691441, 7.833895, 10.951052, 13.973508, 12.264707, 10.110641, 7.247077, 3.847077, 0.0, 0.0, 0.0]"
785,"[0.0, 0.0, 0.0, 0.0, 0.72111, 1.615537, 2.69257, 3.957481, 5.480636, 6.215548, 6.844275, 7.032153, 7.032153, 6.403426, 5.668514, 4.711045, 3.846134, 2.781223, 2.334009, 2.212899, 2.647214, 3.647214, 5.047214, 6.6, 8.209072, 9.642177, 10.872767, 11.903356, 12.336461, 12.535708, 10.102603, 9.072013, 7.441424, 5.408319, 3.0, 3.4, 2.6, 3.014214, 4.425291, 6.858396, 9.088985, 11.117412, 12.531626, 13.548976, 13.74646, 13.52419, 12.705738, 11.27731, 9.448883, 7.218294, 5.009975, 3.72111, 3.662751, 4.721877, 7.005159, 10.030062, 13.156028, 11.814388, 9.755261, 7.07198, 3.847077, 0.0, 0.0, 0.0]"
786,"[0.0, 0.0, 0.0, 0.0, 0.8, 1.8, 3.016553, 4.416553, 5.816553, 6.616553, 7.229004, 7.412452, 7.229004, 6.848808, 6.073429, 5.093433, 3.976276, 2.959723, 2.222762, 1.998141, 2.365685, 3.482843, 4.882843, 6.6, 8.2, 9.6, 10.8, 11.8, 12.2, 12.4, 10.0, 9.0, 7.4, 5.4, 3.0, 3.2, 2.4, 2.8, 4.211077, 6.447145, 8.854826, 10.86196, 12.269094, 13.26515, 13.437401, 13.238039, 12.44088, 11.033747, 9.226613, 7.218294, 5.009975, 3.565685, 3.607906, 4.667032, 6.773025, 9.901688, 13.109595, 11.667375, 9.608249, 7.102256, 3.773592, 0.0, 0.0, 0.0]"
787,"[0.0, 0.0, 0.0, 0.0, 1.019804, 2.236356, 3.692378, 5.341621, 6.990863, 7.814968, 8.442324, 8.635545, 8.400516, 7.967826, 7.323917, 6.280008, 5.263222, 4.296222, 3.526883, 3.047993, 3.414183, 4.304882, 5.646523, 7.353376, 8.973205, 10.336837, 11.533977, 12.465416, 13.031644, 13.220527, 10.690704, 9.867777, 8.412394, 6.41321, 4.083388, 4.683388, 4.002574, 4.581572, 6.096529, 8.329634, 10.593199, 12.436058, 13.651561, 14.474904, 14.905364, 14.710132, 13.931071, 12.520902, 10.726401, 8.428522, 6.207403, 4.82148, 4.82148, 5.836919, 8.134798, 11.180434, 14.409113, 12.759871, 10.47952, 7.615955, 4.123106, 0.0, 0.0, 0.0]"
788,"[0.0, 0.0, 0.0, 0.0, 1.0, 2.2, 3.6, 5.212452, 7.023529, 7.834606, 8.247057, 8.459509, 8.247057, 7.63598, 7.041456, 6.253625, 5.362284, 4.594739, 4.027195, 3.810642, 4.266646, 5.157987, 6.495303, 8.016914, 9.546736, 10.986405, 12.094248, 13.03652, 13.602748, 13.602748, 10.882454, 9.870961, 8.300558, 6.580264, 4.450442, 5.171552, 4.679304, 4.950114, 6.150114, 8.357795, 10.643344, 12.426792, 14.01434, 14.81434, 15.006659, 14.4, 13.4, 12.0, 10.0, 7.6, 5.482843, 4.307464, 3.963486, 5.051547, 7.437225, 10.698391, 13.803147, 12.347125, 10.259063, 7.473386, 3.929377, 0.0, 0.0, 0.0]"
789,"[0.0, 0.0, 0.0, 0.0, 1.0, 2.2, 3.8, 5.412452, 7.024903, 7.83598, 8.248432, 8.260883, 8.048432, 7.83598, 7.224903, 6.612452, 5.632456, 4.798141, 3.998141, 3.598141, 3.617945, 4.15168, 5.148044, 6.391953, 7.571852, 8.81479, 10.056918, 11.040453, 11.604863, 11.750993, 9.488251, 8.522153, 7.053602, 5.245283, 3.119253, 3.719253, 3.17146, 3.656477, 5.182506, 7.590825, 9.819252, 11.753252, 13.164416, 13.866814, 14.14922, 13.583535, 12.735006, 11.323843, 9.495415, 7.004691, 4.741949, 3.327735, 3.04631, 3.890219, 6.235804, 9.347073, 12.458343, 11.177718, 9.33381, 6.788225, 3.676955, 0.0, 0.0, 0.0]"
790,"[0.0, 0.0, 0.0, 0.0, 0.824621, 2.041174, 3.257726, 4.870178, 6.482629, 7.27046, 7.653907, 7.851568, 7.65333, 7.257431, 6.469601, 5.502056, 4.535056, 3.520843, 2.90429, 2.800779, 3.168324, 4.062751, 5.451605, 6.821377, 8.441207, 9.782147, 10.781446, 11.522414, 11.893582, 11.893582, 9.552642, 8.824154, 7.371364, 5.477638, 3.336698, 3.736698, 2.948868, 3.327857, 4.77801, 6.91895, 8.935559, 10.710938, 11.854916, 12.557549, 12.633218, 12.452677, 11.641532, 10.564686, 8.597142, 6.463375, 4.427307, 3.438453, 3.180209, 4.44512, 6.503218, 9.465495, 12.271047, 11.006136, 9.108769, 6.767829, 3.605551, 0.0, 0.0, 0.0]"
791,"[0.0, 0.0, 0.0, 0.0, 0.8, 2.0, 3.2, 4.6, 6.2, 7.0, 7.4, 7.8, 7.8, 7.4, 6.8, 5.832456, 4.679669, 3.679669, 3.079669, 2.800779, 3.299695, 4.464933, 5.773733, 7.0711, 8.630341, 10.028792, 11.084673, 12.044205, 12.867133, 12.867133, 10.337311, 9.192132, 7.600833, 5.601649, 3.521298, 3.921298, 3.398143, 3.92111, 5.2, 7.408319, 9.815453, 11.64388, 13.050539, 14.077088, 14.475903, 14.077088, 13.258636, 11.851977, 9.625428, 7.018294, 4.809975, 3.6, 3.2, 4.6, 7.0, 10.2, 13.404997, 12.204997, 10.004997, 7.404997, 4.004997, 0.0, 0.0, 0.0]"
792,"[0.0, 0.0, 0.0, 0.0, 0.6, 1.6, 2.8, 4.2, 5.6, 6.6, 7.0, 7.2, 7.0, 6.6, 5.8, 5.032456, 3.832456, 2.832456, 2.115298, 1.762512, 1.954677, 2.97123, 4.383681, 5.911916, 7.664702, 9.240081, 10.623529, 11.611077, 12.2, 12.2, 9.8, 8.8, 7.2, 5.2, 3.0, 3.4, 2.8, 3.2, 4.8, 7.2, 9.4, 11.2, 12.6, 13.4, 13.6, 13.4, 12.6, 11.2, 9.224621, 7.024621, 4.824621, 3.457077, 3.47129, 4.686277, 6.95461, 9.859445, 12.914807, 11.500593, 9.460986, 6.792653, 3.687818, 0.0, 0.0, 0.0]"
793,"[0.0, 0.0, 0.0, 0.0, 1.0, 2.280625, 3.842675, 5.56314, 7.283605, 8.170401, 8.776572, 8.934988, 8.776572, 8.336732, 7.581307, 6.588938, 5.500928, 4.338878, 3.341096, 2.842181, 2.947754, 3.715298, 4.715298, 6.276364, 7.683517, 8.963868, 10.037731, 11.167553, 11.797508, 11.993968, 9.713617, 8.852205, 7.322383, 5.24852, 3.212452, 3.778137, 3.331876, 4.12073, 5.956798, 8.44008, 11.004889, 13.069798, 14.591533, 15.586564, 15.949591, 15.604774, 14.714615, 13.19288, 11.178334, 8.732025, 5.946347, 4.05262, 3.395137, 4.022493, 5.863804, 9.119569, 12.360173, 11.228802, 9.384893, 6.943582, 3.687818, 0.0, 0.0, 0.0]"
794,"[0.0, 0.0, 0.0, 0.0, 1.019804, 2.236356, 3.692378, 5.30483, 6.954072, 7.745345, 8.141244, 8.297674, 8.099436, 7.666746, 6.932702, 6.214678, 5.167912, 4.153698, 3.337146, 2.707326, 2.534009, 3.233235, 4.289257, 5.501708, 6.865572, 8.344462, 9.487869, 10.431847, 11.028468, 11.426463, 9.226463, 8.232358, 6.656979, 4.73075, 2.721677, 3.354133, 3.139919, 3.915298, 5.832456, 8.232456, 10.4, 12.2, 13.6, 14.4, 14.6, 14.4, 13.6, 12.2, 10.4, 8.2, 5.6, 3.8, 3.4, 4.043909, 5.877014, 8.740578, 11.833428, 10.633428, 8.789519, 6.356414, 3.49285, 0.0, 0.0, 0.0]"
795,"[0.0, 0.0, 0.0, 0.0, 0.894427, 1.97146, 3.313101, 4.769123, 6.418365, 6.97996, 7.358949, 7.47333, 7.282219, 6.71001, 6.253988, 5.519076, 4.510268, 3.645357, 3.015537, 2.736648, 3.09257, 4.05957, 5.25957, 6.812357, 8.491247, 9.814214, 11.0, 12.0, 12.6, 12.4, 10.0, 9.0, 7.6, 5.632456, 3.632456, 3.915298, 3.139919, 3.395941, 4.803094, 7.011413, 9.556997, 11.53951, 13.110037, 13.898856, 14.121126, 13.701018, 12.704962, 11.278412, 9.249985, 6.819396, 4.411077, 3.232456, 2.897367, 4.067138, 6.467138, 9.698237, 12.671333, 11.406422, 9.43665, 6.83665, 3.605551, 0.0, 0.0, 0.0]"
796,"[0.0, 0.0, 0.0, 0.0, 0.8, 1.8, 3.0, 4.4, 5.8, 6.6, 7.0, 7.2, 7.0, 6.6, 5.8, 5.0, 3.882843, 2.882843, 2.165685, 1.931371, 2.225798, 3.207866, 4.657109, 6.218175, 7.692097, 9.033738, 10.177146, 11.135585, 11.699995, 11.869459, 9.633391, 8.837524, 7.249647, 5.241328, 3.032255, 3.432255, 2.819804, 3.2, 4.809975, 7.019047, 9.249637, 11.078064, 12.506491, 13.127105, 13.548622, 13.154101, 12.365281, 10.992876, 9.382091, 7.034344, 4.998276, 3.591124, 3.535102, 4.525273, 6.850112, 9.856356, 12.829451, 11.429451, 9.419476, 6.811795, 3.605551, 0.0, 0.0, 0.0]"
797,"[0.0, 0.0, 0.0, 0.0, 0.848528, 1.979899, 3.394113, 4.956162, 6.676628, 7.548564, 8.137659, 8.285495, 8.137659, 7.548564, 6.828099, 6.002062, 5.072467, 4.058254, 3.209725, 2.656939, 2.562512, 3.130056, 4.330056, 5.847214, 7.409975, 8.846043, 9.882111, 10.755974, 11.192042, 11.221675, 8.985607, 8.149539, 6.475676, 4.439608, 2.6, 3.232456, 2.909488, 3.758731, 5.646792, 7.976614, 10.256203, 12.284005, 13.694174, 14.665524, 14.999267, 14.717812, 13.849045, 12.402085, 10.542673, 8.279109, 5.64852, 3.859665, 3.324247, 3.833047, 5.573987, 8.620297, 11.665933, 10.5889, 8.880099, 6.539159, 3.49285, 0.0, 0.0, 0.0]"
798,"[0.0, 0.0, 0.0, 0.0, 0.72111, 1.72111, 2.887301, 4.329521, 5.771742, 6.492852, 6.935072, 7.211103, 6.935072, 6.492852, 5.89916, 4.904153, 3.861932, 2.895742, 2.342955, 2.294427, 2.847214, 3.847214, 5.447214, 7.0, 8.409072, 9.842177, 11.072767, 11.903356, 12.336461, 12.535708, 10.102603, 9.072013, 7.441424, 5.408319, 3.0, 3.4, 2.8, 3.4, 5.0, 7.4, 9.607681, 11.407681, 12.807681, 13.607681, 13.807681, 13.6, 12.8, 11.2, 9.4, 7.2, 5.0, 3.632456, 3.844907, 4.932968, 7.201301, 10.299786, 13.355148, 11.742696, 9.654635, 6.986302, 3.687818, 0.0, 0.0, 0.0]"
799,"[0.0, 0.0, 0.0, 0.0, 0.8, 1.8, 3.2, 4.6, 6.2, 7.0, 7.6, 7.6, 7.4, 7.0, 6.2, 5.232456, 4.398141, 3.598141, 2.998141, 2.919251, 3.418167, 4.294702, 5.507153, 6.876925, 8.30988, 9.51945, 10.677229, 11.664777, 12.295006, 12.377008, 10.036068, 9.04852, 7.61471, 5.580395, 3.344327, 3.744327, 3.131876, 3.379899, 4.71158, 7.05252, 9.372814, 11.158492, 12.529956, 13.418267, 13.677327, 13.373642, 12.376819, 11.047163, 9.086107, 6.486107, 4.269497, 3.280643, 3.238835, 4.453821, 7.122154, 10.415004, 13.544381, 12.130167, 10.090559, 7.422226, 3.929377, 0.0, 0.0, 0.0]"
800,"[0.0, 0.0, 0.0, 0.0, 1.216553, 2.630766, 4.474675, 6.318584, 8.406645, 9.087459, 9.570612, 9.570612, 9.375946, 8.937127, 8.256312, 7.575498, 6.556211, 5.472654, 4.455867, 4.259118, 4.307477, 5.095307, 6.416418, 7.909992, 9.298507, 10.57918, 11.795156, 12.736787, 13.301482, 13.301482, 10.755898, 9.647936, 7.985699, 5.92743, 3.801954, 4.626575, 4.34833, 5.18214, 6.830035, 9.237917, 11.38651, 13.055559, 14.311323, 15.142242, 15.562787, 15.135158, 14.28663, 12.727922, 10.897277, 8.507117, 6.161533, 4.74732, 4.612313, 5.612039, 7.733463, 10.93934, 13.932687, 12.370637, 10.090286, 7.247752, 3.841875, 0.0, 0.0, 0.0]"
801,"[0.0, 0.0, 0.0, 0.0, 1.019804, 2.284715, 3.80787, 5.331024, 7.119879, 7.888929, 8.412872, 8.412872, 8.412872, 7.888929, 7.316627, 6.327773, 5.404618, 4.281464, 3.416553, 2.8, 2.824621, 3.390812, 4.433032, 5.753497, 6.997406, 8.298814, 9.540943, 10.361464, 10.90374, 11.185861, 9.059831, 7.993153, 6.451522, 4.38878, 2.462751, 2.909965, 2.848949, 3.689888, 5.615918, 7.961502, 10.342715, 12.035304, 13.584524, 14.431709, 14.714552, 14.447374, 13.60019, 12.185976, 10.212762, 7.831549, 5.270299, 3.54427, 2.847214, 3.567679, 5.452846, 8.505713, 11.711265, 10.711265, 8.9908, 6.658419, 3.605551, 0.0, 0.0, 0.0]"
802,"[0.0, 0.0, 0.0, 0.0, 1.0, 2.4, 3.8, 5.6, 7.4, 8.2, 8.6, 8.8, 8.4, 8.0, 7.4, 6.4, 5.247214, 4.047214, 2.847214, 2.212899, 2.307326, 2.937146, 4.151359, 5.795268, 7.239558, 8.355106, 9.686392, 10.672178, 11.236588, 11.236588, 9.226613, 8.232508, 6.657129, 4.64881, 2.638835, 3.238835, 3.024621, 3.8, 5.6, 8.2, 10.6, 12.4, 14.0, 14.8, 15.2, 14.608319, 13.817391, 12.417391, 10.417391, 7.817391, 5.409072, 3.832456, 3.109488, 4.006855, 6.136677, 9.241512, 12.101906, 11.024874, 9.127507, 6.597685, 3.49285, 0.0, 0.0, 0.0]"
803,"[0.0, 0.0, 0.0, 0.0, 1.0, 2.280625, 3.694838, 5.391895, 7.088951, 7.786007, 8.202439, 8.350275, 7.933844, 7.517412, 6.714783, 5.842348, 4.880298, 3.999673, 2.919048, 2.424621, 2.4, 2.877033, 3.818674, 5.231125, 6.675034, 7.875034, 9.060743, 10.127421, 10.640999, 10.79709, 8.79709, 7.700538, 6.186647, 4.460618, 2.660618, 3.260618, 3.260618, 3.978642, 5.741973, 8.103222, 10.387663, 12.221473, 13.771299, 14.492409, 14.815601, 14.492409, 13.492409, 12.050597, 10.166156, 7.728928, 5.367679, 3.967679, 3.447214, 4.047214, 5.809072, 8.635621, 11.685279, 10.485279, 8.885279, 6.676207, 3.649658, 0.0, 0.0, 0.0]"
804,"[0.0, 0.0, 0.0, 0.0, 0.632456, 1.709488, 2.9744, 4.31604, 5.657681, 6.54838, 6.812988, 6.812988, 6.54838, 6.226543, 5.52801, 4.786369, 3.921458, 3.044425, 2.424621, 2.424621, 2.990812, 3.871436, 5.233486, 6.677395, 8.016105, 9.291226, 10.451912, 11.497543, 12.094945, 12.211965, 9.770654, 8.891393, 7.415083, 5.694882, 3.614531, 4.014531, 3.452481, 3.735324, 4.858122, 6.938473, 9.258767, 11.044445, 12.415909, 13.357678, 13.607149, 13.167206, 12.090329, 10.760673, 8.607451, 6.277629, 4.197278, 3.288478, 3.032456, 4.4, 6.8, 10.0, 13.0, 11.8, 9.8, 7.2, 3.8, 0.0, 0.0, 0.0]"
805,"[0.0, 0.0, 0.0, 0.0, 1.0, 2.2, 3.6, 5.2, 7.0, 7.8, 8.4, 8.6, 8.6, 8.0, 7.4, 6.4, 5.247214, 4.094427, 3.294427, 2.541641, 2.590169, 3.309146, 4.385087, 5.693887, 7.14404, 8.575863, 9.690024, 10.640732, 11.212283, 11.402977, 9.122626, 8.36543, 6.785994, 4.788486, 2.900425, 3.500425, 3.17727, 3.882843, 5.8, 8.2, 10.407134, 12.213793, 13.620452, 14.427112, 14.627112, 14.427659, 13.630072, 12.223412, 10.416753, 8.216753, 5.609072, 3.8, 3.4, 4.011077, 5.819396, 8.845945, 11.869394, 10.669394, 8.858317, 6.449998, 3.423449, 0.0, 0.0, 0.0]"
806,"[0.0, 0.0, 0.0, 0.0, 0.894427, 2.060618, 3.502838, 5.11529, 6.727741, 7.622168, 8.06843, 8.149364, 7.878553, 7.607742, 6.818888, 5.772122, 4.696181, 3.75454, 2.860113, 2.492568, 2.751504, 3.50429, 4.50429, 5.857077, 7.224621, 8.6, 9.8, 10.6, 11.0, 11.2, 9.0, 8.0, 6.8, 4.8, 2.6, 3.2, 3.0, 3.612452, 5.621524, 8.054629, 10.085218, 11.748782, 13.195742, 13.850234, 14.085462, 13.735224, 12.959721, 11.744218, 9.900458, 7.679339, 5.398988, 3.910926, 3.067017, 3.858291, 5.620149, 8.646698, 11.499234, 10.499234, 8.688157, 6.479084, 3.452535, 0.0, 0.0, 0.0]"
807,"[0.0, 0.0, 0.0, 0.0, 0.848528, 2.129153, 3.571373, 5.013594, 6.626046, 7.566372, 8.074601, 8.244832, 8.244832, 7.798571, 7.009717, 5.941973, 4.929521, 4.087301, 3.642221, 3.363331, 3.907132, 4.763154, 6.007062, 7.32556, 8.813522, 9.981716, 11.156283, 11.920055, 12.511037, 12.582315, 10.14921, 9.167863, 7.825093, 5.82696, 3.546609, 3.946609, 3.297367, 3.488478, 4.699931, 6.980282, 9.300576, 11.086253, 12.415909, 13.357678, 13.677327, 13.373642, 12.557736, 11.22808, 9.267024, 6.867024, 4.650415, 3.505264, 3.390883, 4.536033, 7.019315, 10.129904, 13.244826, 11.903185, 9.933414, 7.250132, 3.939543, 0.0, 0.0, 0.0]"
808,"[0.0, 0.0, 0.0, 0.0, 1.0, 2.2, 3.8, 5.412452, 7.223529, 8.034606, 8.645683, 8.658134, 8.445683, 8.034606, 7.243332, 6.256877, 5.091639, 4.138852, 3.186066, 3.01479, 3.190169, 4.26611, 5.607751, 7.314603, 8.807015, 10.336837, 11.533977, 12.465416, 13.097028, 13.28591, 10.756088, 9.744595, 8.190491, 5.970499, 3.640677, 4.273132, 3.641364, 4.264028, 5.852409, 8.252409, 10.483517, 12.452794, 13.710249, 14.602492, 14.866056, 14.602492, 13.792251, 12.358393, 10.478274, 8.180395, 5.780395, 4.344327, 4.331876, 5.574004, 8.034868, 11.258317, 14.305393, 12.705393, 10.297075, 7.270525, 3.847077, 0.0, 0.0, 0.0]"
809,"[0.0, 0.0, 0.0, 0.0, 1.019804, 2.236356, 3.692378, 5.341621, 6.990863, 7.67986, 8.172108, 8.365328, 8.172108, 7.739418, 7.030617, 6.121817, 5.072574, 4.016553, 3.2, 2.8, 2.824621, 3.224621, 4.105246, 5.267296, 6.511205, 7.812613, 9.092964, 10.09269, 10.810991, 11.093111, 8.967082, 7.967356, 6.408115, 4.327764, 2.401735, 3.034191, 2.919756, 3.919111, 5.719111, 8.080361, 10.290439, 12.248349, 13.651984, 14.651984, 14.933268, 14.636318, 13.638248, 12.076198, 10.076198, 7.680877, 5.135293, 3.609264, 2.941641, 3.650442, 5.439296, 8.392261, 11.192261, 10.297833, 8.589033, 6.352965, 3.4, 0.0, 0.0, 0.0]"
810,"[0.0, 0.0, 0.0, 0.0, 0.632456, 1.526883, 2.693073, 4.135294, 5.577514, 6.387279, 6.935072, 7.049507, 6.773477, 6.225683, 5.67789, 4.83567, 3.955045, 3.071697, 2.57727, 2.482843, 2.902647, 3.958669, 5.198981, 6.768752, 8.027878, 9.340455, 10.390426, 11.308582, 11.780122, 12.053377, 9.720996, 8.923804, 7.559526, 5.718214, 3.385834, 3.668676, 2.854303, 3.118911, 4.405707, 6.738088, 9.062926, 10.946988, 12.383836, 13.275528, 13.44914, 13.077527, 12.26881, 10.831962, 8.878094, 6.772101, 4.736033, 3.487372, 3.426356, 4.581634, 6.727219, 9.782983, 12.882867, 11.602242, 9.622343, 7.076759, 3.820995, 0.0, 0.0, 0.0]"
811,"[0.0, 0.0, 0.0, 0.0, 0.8, 1.819804, 3.036356, 4.45057, 6.063022, 6.875473, 7.255669, 7.45333, 7.255669, 6.663022, 5.875191, 5.107647, 3.976276, 2.959723, 2.222762, 2.119251, 2.5066, 3.440309, 4.852761, 6.579893, 8.067855, 9.45637, 10.839818, 11.827366, 12.22571, 12.22571, 9.817391, 8.829843, 7.249647, 5.241328, 3.032255, 3.432255, 2.819804, 3.214214, 4.824189, 7.033261, 9.26385, 11.127414, 12.576765, 13.430354, 13.889615, 13.69213, 12.868174, 11.460632, 9.421689, 7.20057, 4.767465, 3.327857, 3.271835, 4.447214, 6.8, 10.0, 13.0, 11.6, 9.6, 6.8, 3.6, 0.0, 0.0, 0.0]"
812,"[0.0, 0.0, 0.0, 0.0, 0.894427, 2.060618, 3.402258, 4.925413, 6.634214, 7.262941, 7.619905, 7.801419, 7.619905, 7.077295, 6.55414, 5.752096, 4.828941, 3.887301, 3.168324, 3.062751, 3.361445, 4.175658, 5.575658, 7.128445, 8.434017, 9.814214, 11.0, 12.0, 12.6, 12.8, 10.4, 9.4, 7.8, 5.832456, 3.632456, 3.915298, 3.139919, 3.395941, 4.607395, 6.8405, 9.386084, 11.588012, 13.158539, 14.143058, 14.53838, 14.118272, 13.101697, 11.6876, 9.683794, 7.055367, 4.647048, 3.237073, 2.889532, 4.152972, 6.673266, 10.025877, 13.031429, 11.766518, 9.678456, 6.958162, 3.605551, 0.0, 0.0, 0.0]"
813,"[0.0, 0.0, 0.0, 0.0, 0.8, 2.0, 3.4, 4.8, 6.4, 7.2, 7.6, 7.6, 7.4, 7.0, 6.4, 5.4, 4.282843, 3.282843, 2.365685, 1.812899, 2.107326, 3.041036, 4.490278, 6.217411, 7.979269, 9.493161, 10.884289, 11.842728, 12.440434, 12.440434, 10.032115, 9.036886, 7.429205, 5.221524, 3.012452, 3.412452, 2.8, 3.4, 5.0, 7.4, 9.8, 11.8, 13.2, 14.0, 14.2, 13.8, 12.8, 11.2, 9.4, 7.2, 5.0, 3.72111, 3.777132, 4.931198, 7.316876, 10.347975, 13.119714, 11.663692, 9.509626, 6.723949, 3.49285, 0.0, 0.0, 0.0]"
814,"[0.0, 0.0, 0.0, 0.0, 0.565685, 1.414214, 2.545584, 3.826209, 5.26843, 6.144965, 6.577062, 6.726316, 6.577062, 6.134841, 5.413731, 4.58032, 3.699695, 2.768324, 2.168324, 2.247214, 2.819804, 3.875826, 5.384627, 6.773481, 8.032607, 9.345184, 10.496843, 11.395723, 12.21455, 12.487804, 10.155424, 9.070897, 7.540249, 5.532568, 3.200188, 3.400188, 2.598143, 2.801735, 3.898791, 6.161533, 8.507117, 10.476732, 12.024534, 12.873062, 13.155905, 12.73635, 11.889534, 10.47532, 8.650846, 6.305262, 4.379233, 3.335324, 3.186021, 4.552972, 6.952972, 9.984071, 12.676921, 11.41201, 9.323949, 6.723949, 3.49285, 0.0, 0.0, 0.0]"
815,"[0.0, 0.0, 0.0, 0.0, 0.894427, 1.894427, 3.175052, 4.589266, 6.151316, 6.818938, 7.380988, 7.662413, 7.528825, 7.132965, 6.465342, 5.727913, 4.565864, 3.685239, 2.966262, 2.871835, 3.047214, 3.863766, 4.919788, 6.369941, 7.629067, 8.865135, 9.980963, 10.966252, 11.401267, 11.505471, 9.269403, 8.460177, 7.03867, 5.306289, 3.425801, 4.025801, 3.57968, 4.280341, 5.680341, 7.677849, 9.639099, 11.4046, 12.526669, 13.369203, 13.779577, 13.626646, 12.784112, 11.355791, 9.513257, 7.105375, 4.697056, 3.097056, 2.947754, 3.84512, 6.0921, 9.065314, 12.082915, 10.818004, 8.920637, 6.390815, 3.417601, 0.0, 0.0, 0.0]"
816,"[0.0, 0.0, 0.0, 0.0, 1.077033, 2.341944, 3.865099, 5.573899, 7.362754, 8.074575, 8.518465, 8.704111, 8.518465, 7.994522, 7.42222, 6.733223, 5.624422, 4.38411, 3.751655, 3.429529, 3.409725, 4.223939, 5.785005, 7.31588, 8.753834, 10.195145, 11.55942, 12.323192, 12.767543, 12.767543, 10.326231, 9.268208, 7.791898, 5.749902, 3.617521, 4.249977, 3.695702, 4.353186, 6.119881, 8.425874, 10.677859, 12.564536, 13.93796, 14.658447, 15.036895, 14.593765, 13.704228, 12.104, 10.331758, 8.013002, 5.854534, 4.491203, 4.541605, 5.497048, 7.794926, 10.810568, 13.939945, 12.327493, 10.091425, 7.227861, 3.929377, 0.0, 0.0, 0.0]"
817,"[0.0, 0.0, 0.0, 0.0, 1.216553, 2.630766, 4.243218, 6.282825, 8.322433, 9.341949, 9.967343, 10.394499, 9.967343, 9.341949, 8.505881, 7.486077, 6.340896, 5.449555, 4.835341, 4.259962, 4.406349, 4.926135, 5.902081, 7.228111, 8.73587, 10.075673, 11.439948, 12.52138, 13.003032, 13.278332, 10.77234, 9.714316, 8.067198, 6.091972, 3.931505, 4.731505, 4.227592, 5.184283, 7.08165, 9.35473, 11.785829, 13.800375, 15.129915, 15.831192, 16.157207, 15.711786, 14.821627, 13.112827, 11.146639, 8.732785, 6.147107, 4.406167, 4.11158, 5.082737, 7.278709, 10.531244, 13.975994, 12.56178, 10.325712, 7.497285, 4.04475, 0.0, 0.0, 0.0]"
818,"[0.0, 0.0, 0.0, 0.0, 0.8, 1.819804, 3.036356, 4.492378, 5.9484, 6.604422, 7.04064, 7.238301, 6.998832, 6.54281, 5.886788, 5.030766, 4.016553, 3.082843, 2.682843, 2.707464, 3.107464, 3.988089, 5.402302, 6.646211, 7.984921, 9.426232, 10.753288, 11.663913, 12.427685, 12.544705, 10.103394, 9.057763, 7.581453, 5.539457, 3.459106, 3.859106, 3.121677, 3.255218, 4.586899, 6.540965, 8.824246, 10.863189, 12.461843, 13.42804, 13.873974, 13.426761, 12.352051, 11.011641, 8.780533, 6.463375, 4.427307, 3.438453, 3.131851, 4.50937, 6.834209, 9.859112, 12.708769, 11.492217, 9.482242, 6.874561, 3.649658, 0.0, 0.0, 0.0]"
819,"[0.0, 0.0, 0.0, 0.0, 1.0, 2.2, 3.6, 5.4, 7.2, 8.0, 8.6, 8.8, 8.4, 8.0, 7.4, 6.4, 5.432456, 4.315298, 3.315298, 2.562512, 2.61104, 3.144775, 4.203573, 5.512374, 6.962527, 8.268064, 9.442814, 10.381524, 11.013663, 11.086068, 8.932002, 7.932703, 6.54678, 4.40584, 2.436068, 3.036068, 2.714231, 3.528605, 5.482671, 7.89928, 9.89928, 11.74304, 12.897804, 13.607302, 13.873974, 13.779967, 13.152471, 11.997707, 10.211176, 7.975108, 5.469115, 3.833047, 3.14405, 3.878095, 5.666949, 8.530513, 11.228998, 10.209194, 8.398117, 6.162049, 3.298485, 0.0, 0.0, 0.0]"
820,"[0.0, 0.0, 0.0, 0.0, 1.019804, 2.284715, 3.740737, 5.263892, 6.972692, 7.661689, 7.919933, 7.987065, 7.919933, 7.476043, 6.983795, 6.26064, 5.337486, 4.328677, 3.51098, 3.094427, 3.294427, 4.108641, 5.117449, 6.640007, 7.994073, 9.230141, 10.32192, 11.473579, 12.0098, 12.091803, 9.855735, 8.805764, 7.217887, 5.311894, 3.075826, 3.523039, 3.067017, 3.489434, 4.77623, 7.108611, 9.439886, 11.218375, 12.729119, 13.795288, 14.146188, 13.70008, 12.710446, 11.280636, 9.222099, 6.82166, 4.489279, 3.33288, 2.975916, 3.968285, 6.293123, 9.518026, 12.557083, 11.390892, 9.504096, 6.896415, 3.671512, 0.0, 0.0, 0.0]"
821,"[0.0, 0.0, 0.0, 0.0, 1.131371, 2.545584, 4.242641, 6.08655, 7.930458, 8.778987, 9.208682, 9.208682, 8.926823, 8.644964, 7.94569, 6.996208, 5.931607, 4.816771, 3.701935, 3.22131, 3.403916, 4.113101, 5.278339, 6.831125, 8.311476, 9.795693, 11.144777, 12.374859, 12.936109, 13.064077, 10.502828, 9.532568, 7.856224, 5.92743, 3.719111, 4.440221, 4.000381, 4.81409, 6.444376, 8.935101, 11.056524, 12.899999, 14.175865, 15.168887, 15.602262, 15.450453, 14.734672, 13.199373, 11.224233, 8.732589, 6.324707, 4.936192, 4.864969, 5.73841, 7.969519, 11.179526, 14.184645, 12.535402, 10.381336, 7.517772, 4.024922, 0.0, 0.0, 0.0]"
822,"[0.0, 0.0, 0.0, 0.0, 1.077033, 2.418674, 3.760315, 5.372766, 6.985218, 7.62865, 8.007474, 8.278285, 8.007474, 7.659934, 7.016501, 6.096036, 5.083585, 4.141944, 3.277033, 2.8, 2.824621, 3.301654, 4.343875, 5.505925, 6.749833, 8.051241, 9.23695, 10.057471, 10.758163, 11.040283, 8.914254, 7.932137, 6.563823, 4.701081, 2.775052, 3.407508, 3.293073, 3.960696, 5.724027, 8.085276, 10.295355, 12.102378, 13.664428, 14.625197, 14.906482, 14.472266, 13.625082, 12.063032, 9.938932, 7.543612, 5.135293, 3.609264, 3.067017, 3.71626, 5.609986, 8.5832, 11.400801, 10.380997, 8.731755, 6.390815, 3.417601, 0.0, 0.0, 0.0]"
823,"[0.0, 0.0, 0.0, 0.0, 0.565685, 1.565685, 2.731876, 4.073517, 5.515737, 6.291692, 6.733913, 6.909363, 6.733913, 6.291692, 5.79858, 4.803573, 3.861932, 2.895742, 2.342955, 2.094427, 2.647214, 3.647214, 5.059665, 6.622427, 8.062034, 9.298102, 10.371966, 11.233378, 11.697266, 11.938009, 9.701941, 8.840529, 7.366666, 5.492802, 3.212452, 3.495294, 2.707464, 2.972375, 4.216284, 6.496635, 8.882125, 10.725836, 12.129258, 12.953682, 13.147195, 12.71493, 12.056572, 10.802453, 9.13412, 7.060257, 5.024189, 3.579899, 3.507326, 4.394122, 6.601803, 9.564081, 12.771988, 11.430347, 9.543551, 6.93587, 3.773592, 0.0, 0.0, 0.0]"
824,"[0.0, 0.0, 0.0, 0.0, 0.8, 1.8, 3.016553, 4.416553, 6.016553, 6.816553, 7.416553, 7.8, 7.6, 7.0, 6.419804, 5.452259, 4.135102, 3.335102, 2.782316, 2.328197, 2.590169, 3.572237, 4.881038, 6.277733, 7.948116, 9.486794, 10.654988, 11.61452, 12.244474, 12.244474, 9.811369, 9.027506, 7.436207, 5.409557, 3.173489, 3.573489, 2.94405, 3.323039, 4.773192, 7.114132, 9.49981, 11.265684, 12.855971, 13.822169, 14.16451, 13.795442, 12.979536, 11.274867, 9.30573, 7.069662, 4.653053, 3.283282, 3.341641, 4.457189, 6.838402, 10.094166, 12.987016, 11.587016, 9.577041, 6.748614, 3.49285, 0.0, 0.0, 0.0]"
825,"[0.0, 0.0, 0.0, 0.0, 0.72111, 1.72111, 2.887301, 4.228941, 5.570582, 6.372627, 6.895781, 7.071232, 7.071232, 6.729591, 6.054964, 5.097495, 4.155854, 3.014214, 2.461427, 2.245355, 2.679669, 3.679669, 5.079669, 6.632456, 8.2, 9.6, 10.8, 11.8, 12.4, 12.6, 10.2, 9.2, 7.6, 5.4, 3.0, 3.4, 2.8, 3.4, 5.0, 7.2, 9.6, 11.6, 13.0, 13.807134, 14.214815, 13.823134, 12.833109, 11.247322, 9.459992, 7.252312, 4.843993, 3.434017, 3.419804, 4.4, 6.8, 10.0, 13.2, 11.8, 9.8, 7.0, 3.8, 0.0, 0.0, 0.0]"
826,"[0.0, 0.0, 0.0, 0.0, 1.077033, 2.341944, 3.865099, 5.573899, 7.2827, 7.914468, 8.358358, 8.544004, 8.358358, 7.815747, 7.273137, 6.285446, 5.023859, 3.900705, 3.181728, 2.462751, 2.541641, 3.294427, 4.294427, 5.459665, 7.052059, 8.340121, 9.420472, 10.361411, 11.029311, 11.077764, 8.989703, 8.109352, 6.768412, 4.888061, 3.2, 3.647214, 3.378584, 4.099049, 5.699049, 7.860299, 10.413086, 12.443992, 13.885805, 14.885805, 15.324555, 14.765866, 13.76692, 12.325107, 10.40214, 8.00214, 5.560829, 3.997498, 3.354066, 3.985834, 5.802443, 8.848752, 11.826461, 10.749428, 9.040627, 6.624018, 3.577709, 0.0, 0.0, 0.0]"
827,"[0.0, 0.0, 0.0, 0.0, 1.0, 2.216553, 3.816553, 5.416553, 7.216553, 7.816553, 8.4, 8.412452, 8.424903, 8.039117, 7.51615, 6.610577, 5.563811, 4.583815, 3.890711, 3.813678, 4.085442, 5.042911, 6.307822, 7.82278, 9.231098, 10.672589, 11.956568, 12.866335, 13.437401, 13.636763, 11.029082, 10.033026, 8.681914, 6.87478, 4.714313, 5.562841, 5.093404, 5.426237, 6.767177, 8.849785, 10.913301, 12.676495, 13.992476, 14.756371, 15.138593, 14.946843, 13.930069, 12.474477, 10.634553, 8.354964, 5.83467, 4.595137, 4.507945, 5.523384, 7.733463, 10.93934, 13.932687, 12.370637, 10.090286, 7.247752, 3.841875, 0.0, 0.0, 0.0]"
828,"[0.0, 0.0, 0.0, 0.0, 0.894427, 2.236068, 3.759223, 5.468023, 7.176824, 7.991198, 8.358358, 8.358358, 8.172711, 7.805552, 7.262941, 6.402669, 5.326728, 4.203573, 3.261932, 2.661427, 2.63752, 3.406859, 4.406859, 5.806859, 7.241174, 8.616553, 9.8, 10.8, 11.4, 11.6, 9.4, 8.4, 6.8, 4.682843, 2.682843, 3.315298, 2.935102, 3.747554, 5.673783, 7.906888, 10.081566, 12.068422, 13.46263, 14.260217, 14.634245, 14.434793, 13.628133, 12.221474, 10.414815, 8.207681, 5.6, 3.8, 3.416553, 4.060461, 5.934325, 9.03916, 11.991771, 10.775218, 8.931309, 6.457446, 3.352611, 0.0, 0.0, 0.0]"
829,"[0.0, 0.0, 0.0, 0.0, 0.72111, 1.72111, 2.887301, 4.228941, 5.570582, 6.372627, 6.714267, 6.889718, 6.714267, 6.372627, 5.570582, 4.794627, 3.852986, 2.886796, 2.334009, 2.212899, 2.647214, 3.647214, 5.047214, 6.609975, 8.246043, 9.482111, 10.555974, 11.429838, 11.893726, 11.893726, 9.657658, 8.796246, 7.322383, 5.24852, 3.012452, 3.212452, 2.424621, 2.880643, 4.324552, 6.604903, 9.073236, 10.916947, 12.129258, 13.005643, 13.393625, 12.961361, 12.332636, 10.880855, 8.960561, 6.492228, 4.45616, 2.982238, 3.107326, 4.366452, 6.944941, 10.073604, 13.281511, 11.939871, 9.880745, 7.102256, 3.773592, 0.0, 0.0, 0.0]"
830,"[0.0, 0.0, 0.0, 0.0, 0.8, 1.8, 3.2, 4.6, 6.2, 7.0, 7.6, 7.6, 7.6, 7.0, 6.4, 5.4, 4.282843, 3.082843, 2.482843, 2.048528, 2.342955, 3.401753, 4.910554, 6.407921, 7.930297, 9.31622, 10.642912, 11.407975, 12.04043, 12.23272, 9.952369, 8.933279, 7.353842, 5.271234, 2.990883, 3.390883, 2.761445, 3.51626, 5.157107, 7.437458, 9.757752, 11.711162, 13.035134, 13.920286, 14.425613, 14.046259, 13.161106, 11.711047, 9.632261, 7.129426, 4.788486, 3.500425, 3.57727, 4.882843, 7.4, 10.8, 13.80526, 12.20526, 10.00526, 7.20526, 3.80526, 0.0, 0.0, 0.0]"
831,"[0.0, 0.0, 0.0, 0.0, 1.019804, 2.236356, 3.65057, 5.299812, 6.949054, 7.578493, 8.011183, 8.246211, 8.011183, 7.578493, 7.129251, 6.280008, 5.230766, 4.016553, 3.0, 2.2, 2.12111, 2.652481, 3.733106, 5.145558, 6.534412, 7.967368, 9.072065, 9.945506, 10.569122, 10.569122, 8.415056, 7.345179, 6.08554, 4.132315, 2.34346, 2.94346, 2.797074, 3.551889, 5.357107, 7.88693, 10.072607, 12.026017, 13.349989, 14.235141, 14.617363, 14.172625, 13.353477, 12.089064, 10.010278, 7.381077, 5.240137, 3.686071, 2.97727, 3.882843, 6.0, 8.8, 11.8, 10.8, 9.0, 6.6, 3.6, 0.0, 0.0, 0.0]"
832,"[0.0, 0.0, 0.0, 0.0, 0.8, 1.819804, 3.036356, 4.492378, 5.9484, 6.604422, 7.04064, 7.28011, 7.04064, 6.604422, 6.1484, 5.292378, 4.236356, 3.302647, 2.882843, 2.515298, 3.081489, 3.962113, 5.376327, 6.620236, 8.268131, 9.543252, 10.703938, 11.614563, 12.211965, 12.211965, 9.770654, 8.891393, 7.415083, 5.539457, 3.459106, 3.859106, 3.297056, 3.621707, 4.953389, 7.094329, 9.294329, 10.97761, 12.385152, 13.35135, 13.61041, 13.246478, 12.352051, 10.830127, 8.687673, 6.287673, 4.251605, 3.262751, 3.32111, 4.609975, 7.017656, 10.241105, 13.288181, 11.888181, 9.878206, 7.270525, 3.847077, 0.0, 0.0, 0.0]"
833,"[0.0, 0.0, 0.0, 0.0, 0.894427, 2.060618, 3.341242, 4.953694, 6.566146, 7.28417, 7.730431, 7.892027, 7.721796, 7.275534, 6.663083, 5.771742, 4.776735, 3.534514, 2.651167, 2.251167, 2.530056, 3.282843, 4.482843, 6.011077, 7.450685, 8.686753, 9.919858, 10.993721, 11.615749, 11.812209, 9.576141, 8.543036, 7.069173, 5.036068, 2.8, 3.2, 2.8, 3.4, 5.009975, 7.617656, 10.017656, 12.017656, 13.617656, 14.813925, 15.206244, 14.806244, 14.006244, 12.606244, 10.4, 7.8, 5.4, 3.832456, 3.109488, 3.758731, 5.832594, 8.892006, 11.7524, 10.675367, 9.026125, 6.552262, 3.49285, 0.0, 0.0, 0.0]"
834,"[0.0, 0.0, 0.0, 0.0, 1.0, 2.280625, 3.694838, 5.391895, 7.088951, 7.786007, 8.202439, 8.350275, 8.215269, 7.798837, 7.267971, 6.465342, 5.503292, 4.341242, 3.34346, 2.57727, 2.482843, 3.082843, 4.097056, 5.463456, 6.960822, 8.248884, 9.389824, 10.31655, 10.821374, 11.012068, 8.924007, 7.997281, 6.456341, 4.502275, 2.614214, 3.061427, 2.724247, 3.447401, 5.401467, 7.618076, 9.770863, 11.479507, 12.74203, 13.373642, 13.486855, 13.227795, 12.530179, 11.453302, 9.884177, 7.754355, 5.413415, 3.772567, 3.140799, 3.713101, 5.72971, 8.508199, 11.285888, 10.208855, 8.420001, 6.003392, 3.224903, 0.0, 0.0, 0.0]"
835,"[0.0, 0.0, 0.0, 0.0, 1.019804, 2.236356, 3.65057, 5.263022, 7.074099, 7.865372, 8.459896, 8.658134, 8.459896, 8.063033, 7.27176, 6.285304, 5.393962, 4.426962, 3.412749, 2.95863, 3.028436, 3.384359, 4.393168, 5.64241, 6.920633, 8.262274, 9.465592, 10.245638, 10.832464, 11.076616, 8.840548, 8.016219, 6.604772, 4.568704, 2.480643, 2.880643, 2.501654, 3.385834, 5.3399, 7.756509, 10.03979, 11.826322, 12.981085, 13.690583, 13.957256, 13.779967, 12.975529, 11.900819, 10.037255, 7.801187, 5.295194, 3.836068, 3.124247, 3.833047, 5.726774, 8.773083, 11.665933, 10.5889, 8.880099, 6.539159, 3.49285, 0.0, 0.0, 0.0]"
836,"[0.0, 0.0, 0.0, 0.0, 1.0, 2.2, 3.812452, 5.424903, 7.23598, 8.047057, 8.658134, 8.658134, 8.459896, 8.048819, 7.437742, 6.426665, 5.379899, 4.412899, 3.460113, 2.981223, 3.312594, 4.189129, 5.628711, 7.335564, 9.031063, 10.499692, 11.777765, 12.676647, 13.308259, 13.491649, 10.891649, 9.96021, 8.340722, 6.12073, 3.72073, 4.353186, 3.829242, 4.371853, 5.960233, 8.360233, 10.591342, 12.37274, 13.895038, 14.787282, 15.050846, 14.787282, 13.895038, 12.276391, 10.396272, 8.253818, 5.936661, 4.782595, 4.770143, 6.003953, 8.289502, 11.430108, 14.450058, 12.850058, 10.450058, 7.443399, 4.01995, 0.0, 0.0, 0.0]"
837,"[0.0, 0.0, 0.0, 0.0, 1.0, 2.280625, 3.722845, 5.335297, 7.124151, 7.913006, 8.244832, 8.415063, 8.244832, 7.736603, 7.079119, 6.187778, 5.207782, 4.165561, 3.33215, 2.647993, 2.751504, 3.319048, 4.319048, 5.671835, 7.224621, 8.409975, 9.618294, 10.651399, 11.060471, 11.260471, 9.250496, 8.242177, 6.609072, 4.6, 2.6, 3.047214, 2.863766, 3.713008, 5.552616, 7.82648, 10.24283, 12.085689, 13.495859, 14.515663, 14.905364, 14.672389, 13.849045, 12.402085, 10.542673, 8.279109, 5.64852, 3.859665, 3.512125, 4.020925, 5.761865, 8.808175, 11.853811, 10.5889, 8.880099, 6.539159, 3.49285, 0.0, 0.0, 0.0]"
838,"[0.0, 0.0, 0.0, 0.0, 1.216553, 2.865795, 4.515037, 6.358946, 8.398554, 9.221609, 9.611975, 9.806641, 9.611975, 9.184818, 8.54521, 7.505603, 6.486315, 5.402758, 4.390307, 3.711417, 3.711417, 4.167421, 5.3222, 6.511055, 8.026012, 9.442621, 10.761997, 11.641532, 12.452677, 12.633218, 10.216609, 9.229061, 7.795251, 5.760937, 3.791541, 4.391541, 4.235111, 4.966288, 6.741542, 9.080006, 11.642284, 13.538873, 14.994117, 16.005788, 16.382388, 16.005788, 14.994117, 13.611278, 11.523578, 9.082411, 6.743946, 5.227628, 4.67207, 5.417134, 7.303704, 10.262368, 13.237747, 11.823533, 9.813558, 7.205877, 3.8, 0.0, 0.0, 0.0]"
839,"[0.0, 0.0, 0.0, 0.0, 1.077033, 2.533055, 4.241856, 6.03071, 7.819564, 8.712303, 9.045135, 9.045135, 8.965082, 8.632249, 7.87903, 7.090176, 6.205996, 5.218306, 4.394739, 4.178187, 4.443098, 5.060697, 6.060052, 7.553626, 8.816367, 9.959775, 11.20828, 12.178539, 12.598095, 12.743672, 10.335353, 9.341684, 7.81715, 5.904021, 3.942916, 4.742916, 4.310771, 5.114352, 6.717964, 8.776743, 10.755232, 12.543189, 13.90208, 14.71888, 15.265755, 15.265755, 14.545268, 12.93707, 11.225843, 8.894086, 6.115597, 4.415672, 4.344449, 5.090869, 7.090053, 10.442664, 13.604942, 11.9557, 9.867638, 7.147344, 3.794733, 0.0, 0.0, 0.0]"
840,"[0.0, 0.0, 0.0, 0.0, 1.341641, 2.954092, 4.742947, 6.629743, 8.688869, 9.406354, 9.853029, 9.853029, 9.755087, 9.404762, 8.610547, 7.571224, 6.58237, 5.425971, 4.164384, 3.531929, 3.678315, 4.292529, 5.357129, 6.909916, 8.557811, 9.832932, 11.026399, 12.012625, 12.620305, 12.672335, 10.231024, 9.065564, 7.662907, 5.776336, 3.891169, 4.691169, 4.704971, 5.321712, 6.941542, 9.280006, 11.711105, 13.672685, 15.19292, 16.269581, 16.646181, 16.20076, 15.124098, 13.860563, 11.784602, 9.343435, 7.004971, 5.558458, 4.860414, 5.754841, 7.66432, 10.640555, 13.766078, 12.310056, 10.073988, 7.443399, 4.01995, 0.0, 0.0, 0.0]"
841,"[0.0, 0.0, 0.0, 0.0, 0.632456, 1.457077, 2.721988, 4.136201, 5.592223, 6.373981, 7.005382, 7.154685, 6.957024, 6.520806, 5.931213, 5.196301, 4.064931, 3.048378, 2.311417, 2.119251, 2.222762, 3.156472, 4.556472, 6.273629, 7.841174, 9.416553, 10.8, 11.8, 12.2, 12.4, 10.0, 9.0, 7.4, 5.4, 3.0, 3.4, 2.8, 3.2, 4.611077, 6.820149, 9.050739, 10.879166, 12.307593, 13.324943, 13.74646, 13.351939, 12.533487, 11.119273, 9.115467, 6.884878, 4.64881, 3.238835, 3.224621, 4.4, 6.8, 10.0, 13.0, 11.6, 9.6, 6.8, 3.6, 0.0, 0.0, 0.0]"
842,"[0.0, 0.0, 0.0, 0.0, 1.0, 2.4, 4.0, 5.6, 7.4, 8.2, 8.6, 8.6, 8.4, 8.0, 7.4, 6.6, 5.632456, 4.679669, 3.879669, 3.479669, 3.374096, 4.022266, 5.137102, 6.381011, 7.744342, 9.013245, 10.065001, 10.835332, 11.432734, 11.432734, 9.269403, 8.499073, 7.166692, 5.125381, 2.96205, 3.56205, 3.216553, 3.925353, 5.495125, 7.911734, 10.175298, 11.91171, 13.155874, 14.139067, 14.500947, 14.143375, 13.249537, 11.738793, 9.680255, 7.301767, 4.795774, 3.369103, 3.191794, 4.194733, 6.394733, 9.441042, 12.301437, 11.036526, 9.139159, 6.539159, 3.49285, 0.0, 0.0, 0.0]"
843,"[0.0, 0.0, 0.0, 0.0, 1.16619, 2.608411, 4.328876, 6.215672, 8.102468, 8.823074, 9.26765, 9.26765, 9.101319, 8.656743, 8.050572, 7.163775, 6.164421, 4.843956, 3.848949, 3.392945, 3.412749, 4.147661, 5.456461, 6.979019, 8.390466, 9.876655, 11.028314, 12.098002, 12.811512, 12.907825, 10.401832, 9.583006, 7.88155, 5.798268, 3.465887, 4.031573, 3.523343, 4.166775, 5.899156, 8.506837, 10.994019, 13.042058, 14.650256, 15.646539, 16.091725, 15.646539, 14.650256, 13.110447, 11.123424, 8.703012, 6.378174, 4.870415, 4.694012, 5.684752, 8.105164, 11.263251, 14.321927, 12.709476, 10.377095, 7.324228, 3.883298, 0.0, 0.0, 0.0]"
844,"[0.0, 0.0, 0.0, 0.0, 0.72111, 1.72111, 2.852481, 4.266695, 5.680908, 6.374012, 6.788225, 7.071068, 6.937479, 6.523266, 6.003479, 5.221721, 4.207508, 3.209725, 2.609725, 2.515298, 2.902647, 3.958669, 5.198981, 6.768752, 8.132083, 9.55359, 10.705249, 11.902389, 12.373928, 12.542978, 10.101667, 9.017141, 7.373879, 5.532568, 3.200188, 3.400188, 2.725561, 3.062742, 4.306651, 6.569392, 9.060117, 10.902314, 12.316527, 13.301046, 13.583888, 13.019193, 12.172377, 10.758163, 8.650846, 6.305262, 4.379233, 3.359945, 3.287372, 4.625388, 7.10867, 10.219259, 13.066149, 11.724509, 9.665383, 6.982101, 3.671512, 0.0, 0.0, 0.0]"
845,"[0.0, 0.0, 0.0, 0.0, 1.019804, 2.284715, 3.740737, 5.263892, 6.972692, 7.741743, 8.265686, 8.332819, 8.332819, 7.888929, 7.119879, 6.131024, 5.20787, 4.084715, 3.219804, 2.8, 2.824621, 3.224621, 4.238835, 5.535891, 6.7798, 7.955179, 9.23553, 10.101667, 10.684961, 10.967082, 8.967082, 7.967356, 6.535533, 4.538025, 2.611996, 3.211996, 3.008404, 3.772327, 5.548611, 7.854603, 10.139044, 12.114879, 13.555295, 14.549036, 14.927485, 14.650724, 13.761188, 12.320772, 10.267904, 7.830677, 5.222996, 3.659665, 3.047214, 3.858291, 5.844182, 8.903594, 11.796444, 10.796444, 8.985367, 6.552262, 3.49285, 0.0, 0.0, 0.0]"
846,"[0.0, 0.0, 0.0, 0.0, 0.848528, 1.697056, 2.977681, 4.419902, 5.862122, 6.575644, 7.169336, 7.169336, 6.858487, 6.416266, 5.575326, 4.765561, 3.884937, 2.953566, 2.353566, 2.432456, 2.8, 3.814214, 5.263456, 6.833227, 8.269295, 9.775288, 10.867067, 11.723818, 12.170656, 12.170656, 9.664663, 8.681825, 7.252865, 5.236256, 3.200188, 3.400188, 2.725561, 2.929153, 4.373062, 6.453413, 8.861094, 10.73286, 12.172529, 13.048914, 13.329813, 13.054513, 12.221015, 10.781346, 8.885673, 6.724423, 4.592042, 3.529867, 3.691463, 4.925968, 7.246262, 10.374925, 13.433602, 11.991381, 9.932255, 7.211961, 3.883298, 0.0, 0.0, 0.0]"
847,"[0.0, 0.0, 0.0, 0.0, 0.72111, 1.72111, 2.887301, 4.167925, 5.582139, 6.275242, 6.689456, 6.80389, 6.689456, 6.16967, 5.476566, 4.662353, 3.781728, 2.89838, 2.403953, 2.482843, 2.959876, 3.901516, 5.231125, 6.717922, 8.081252, 9.44553, 10.665139, 11.613938, 12.288391, 12.405411, 9.9641, 9.015302, 7.531085, 5.602291, 3.52194, 3.92194, 3.030599, 3.234191, 4.445644, 6.653963, 8.815213, 10.784827, 12.346736, 13.193552, 13.346483, 13.047975, 12.201159, 10.772839, 8.803224, 6.441974, 4.379233, 3.335324, 3.186021, 4.362278, 6.882572, 10.100173, 13.162815, 11.897904, 10.000537, 7.280243, 3.862642, 0.0, 0.0, 0.0]"
848,"[0.0, 0.0, 0.0, 0.0, 1.0, 2.341641, 3.864795, 5.573596, 7.282397, 7.991198, 8.358358, 8.358358, 8.262008, 7.995428, 7.452818, 6.744017, 5.853318, 4.840866, 3.964331, 3.692568, 3.957479, 4.937475, 6.337475, 7.980862, 9.51954, 10.885218, 12.136331, 12.999895, 13.61925, 13.61925, 10.988661, 9.936173, 8.472609, 6.538609, 4.552718, 5.273828, 4.743376, 5.063841, 6.332745, 8.493212, 10.725066, 12.397406, 13.901844, 14.963416, 15.3087, 14.963416, 14.173783, 12.737734, 10.679021, 8.358512, 5.950831, 4.636028, 4.409224, 5.523384, 7.733463, 10.93934, 14.060699, 12.498649, 10.218298, 7.375764, 3.969887, 0.0, 0.0, 0.0]"
849,"[0.0, 0.0, 0.0, 0.0, 1.16619, 2.608411, 4.170461, 5.867517, 7.711426, 8.389145, 8.790833, 9.072692, 8.937686, 8.535997, 7.858279, 7.091403, 6.047494, 5.117899, 4.308134, 4.161748, 4.284715, 4.940737, 6.205648, 7.80926, 9.295449, 10.70313, 12.025597, 13.012672, 13.555092, 13.656781, 11.0491, 10.059465, 8.439935, 6.461446, 4.300979, 5.195406, 4.848772, 5.42777, 7.036089, 9.2796, 11.358387, 13.17193, 14.583786, 15.286737, 15.569226, 15.286737, 14.439291, 12.880584, 11.049939, 8.64241, 5.951685, 4.175822, 4.091217, 5.04666, 7.43394, 10.83394, 14.146101, 12.533649, 10.297581, 7.344617, 3.944617, 0.0, 0.0, 0.0]"
850,"[0.0, 0.0, 0.0, 0.0, 0.632456, 1.709488, 3.051129, 4.49335, 5.93557, 7.02358, 7.388767, 7.489347, 7.213317, 6.848129, 5.952285, 5.110065, 4.067844, 3.348868, 2.671835, 2.647214, 3.247214, 4.261427, 5.658122, 7.346184, 8.887124, 10.028064, 11.399528, 12.2389, 12.750839, 12.750839, 10.409899, 9.273464, 7.590182, 5.590182, 3.249242, 3.649242, 3.019804, 3.434017, 4.873625, 7.153976, 9.384565, 11.228326, 12.677676, 13.466496, 13.816734, 13.594464, 12.7309, 11.267335, 9.438908, 7.208319, 4.8, 3.432456, 3.446669, 4.53473, 6.998295, 10.296779, 13.5937, 12.179487, 10.091425, 7.227861, 3.929377, 0.0, 0.0, 0.0]"
851,"[0.0, 0.0, 0.0, 0.0, 0.848528, 1.979899, 3.260524, 4.702744, 6.264794, 6.978316, 7.289166, 7.450761, 7.289166, 6.858487, 6.296437, 5.575326, 4.733106, 4.052481, 3.486796, 3.381223, 3.876665, 4.676665, 5.676665, 7.11098, 8.416553, 9.6, 10.8, 11.8, 12.4, 12.4, 10.0, 9.0, 7.4, 5.4, 3.2, 3.4, 2.8, 3.2, 4.4, 6.8, 9.2, 11.0, 12.4, 13.4, 13.6, 13.2, 12.4, 11.2, 9.2, 6.6, 4.6, 3.4, 3.2, 4.4, 7.0, 10.0, 12.8, 11.4, 9.4, 6.8, 3.6, 0.0, 0.0, 0.0]"
852,"[0.0, 0.0, 0.0, 0.0, 0.824621, 1.824621, 3.041174, 4.455387, 6.067839, 6.843218, 7.443218, 7.626665, 7.429004, 7.033105, 6.257726, 5.378836, 4.42605, 3.609497, 3.025401, 2.92189, 3.200779, 4.095207, 5.404007, 6.81116, 8.326117, 9.759222, 10.850687, 11.772475, 12.165972, 12.165972, 9.732867, 8.949005, 7.338219, 5.626224, 3.590156, 3.990156, 3.340914, 3.72111, 5.0, 7.2, 9.4, 11.207134, 12.807134, 13.614268, 13.814268, 13.42334, 12.416206, 11.016206, 9.009072, 6.609072, 4.6, 3.6, 3.2, 4.4, 6.807681, 9.813925, 12.819184, 11.619184, 9.619184, 7.011503, 3.80526, 0.0, 0.0, 0.0]"
853,"[0.0, 0.0, 0.0, 0.0, 0.8, 2.0, 3.2, 4.6, 6.0, 6.8, 7.2, 7.4, 7.2, 7.0, 6.4, 5.432456, 4.479669, 3.679669, 3.079669, 2.800779, 3.168324, 4.001735, 5.214187, 6.403041, 7.917999, 9.334608, 10.653983, 11.641532, 12.452677, 12.452677, 10.036068, 9.04852, 7.61471, 5.580395, 3.544327, 3.744327, 2.931876, 3.179899, 4.458122, 6.538473, 9.058767, 10.979062, 12.476892, 13.545027, 13.98497, 13.418742, 12.595815, 11.139793, 8.860204, 6.13991, 4.185844, 3.088478, 3.046669, 4.424189, 7.03187, 10.255318, 13.302395, 11.888181, 9.878206, 7.270525, 3.847077, 0.0, 0.0, 0.0]"
854,"[0.0, 0.0, 0.0, 0.0, 1.131371, 2.411996, 3.974046, 5.671102, 7.515011, 8.227549, 8.790833, 9.072692, 8.937686, 8.374401, 7.696683, 6.747201, 5.535748, 4.420912, 3.540287, 3.198717, 3.381323, 4.191088, 5.46434, 7.344691, 8.80042, 10.414112, 11.662616, 12.632876, 13.04325, 13.171218, 10.480493, 9.510234, 7.985699, 5.92743, 3.801954, 4.523064, 4.083224, 4.896932, 6.672796, 9.080678, 11.332781, 13.307921, 14.583786, 15.431231, 15.71372, 15.431231, 14.583786, 13.048487, 11.073347, 8.732589, 6.324707, 4.741009, 4.729345, 5.78966, 8.203514, 11.49838, 14.698681, 12.98988, 10.64894, 7.602631, 4.024922, 0.0, 0.0, 0.0]"
855,"[0.0, 0.0, 0.0, 0.0, 1.216553, 2.672574, 4.321817, 6.219183, 8.11655, 8.797364, 9.238709, 9.298267, 9.050143, 8.56699, 8.083837, 7.18647, 6.302291, 5.501576, 4.719818, 4.130226, 4.395137, 5.012736, 6.008117, 7.501691, 9.085389, 10.228796, 11.347826, 12.065166, 12.500387, 12.653318, 10.244999, 9.380805, 8.100181, 6.171386, 4.05735, 4.85735, 4.616316, 5.305463, 6.909075, 9.145143, 11.298108, 12.972581, 14.227712, 15.216548, 15.486231, 15.216548, 14.32212, 12.817682, 10.75897, 8.527115, 6.043834, 4.632387, 4.561164, 5.483035, 7.673969, 10.82658, 13.796692, 12.147449, 10.059388, 7.147344, 3.794733, 0.0, 0.0, 0.0]"
856,"[0.0, 0.0, 0.0, 0.0, 1.077033, 2.418674, 3.941828, 5.730683, 7.519537, 8.231359, 8.598519, 8.864218, 8.598519, 8.074575, 7.362754, 6.673757, 5.484903, 4.244591, 3.612135, 3.256212, 3.236408, 3.917033, 5.4781, 6.845644, 8.456914, 10.064595, 11.562459, 12.497039, 13.10472, 13.278332, 10.670651, 9.778959, 8.131841, 6.089845, 3.783853, 4.416308, 3.871153, 4.528636, 6.199019, 8.505011, 10.825521, 12.536747, 13.972796, 14.867223, 15.314195, 14.867223, 14.146736, 12.642298, 10.792428, 8.405149, 6.34637, 5.033793, 4.925779, 6.053473, 8.494447, 11.470682, 14.271873, 12.659421, 10.251102, 7.244443, 3.820995, 0.0, 0.0, 0.0]"
857,"[0.0, 0.0, 0.0, 0.0, 1.131371, 2.411996, 3.974046, 5.694511, 7.581307, 8.170401, 8.733685, 8.8921, 8.733685, 8.261102, 7.821262, 6.871781, 5.975937, 5.046342, 4.353239, 3.897235, 4.202808, 4.990638, 6.202092, 7.569043, 9.085362, 10.485362, 11.736474, 12.75613, 13.35135, 13.427019, 10.827019, 9.672256, 8.025244, 6.166584, 4.197188, 5.021809, 4.479199, 5.106555, 6.544676, 8.788187, 11.074836, 13.164409, 14.576265, 15.569287, 15.706989, 15.286444, 14.293422, 12.881567, 10.757173, 8.494432, 5.803707, 4.262075, 3.941321, 5.046018, 7.343897, 10.743897, 13.780446, 12.257291, 10.021223, 7.157659, 3.757659, 0.0, 0.0, 0.0]"
858,"[0.0, 0.0, 0.0, 0.0, 0.824621, 1.844425, 3.109336, 4.565358, 6.02138, 6.652781, 7.088999, 7.28011, 7.04064, 6.784618, 6.328596, 5.472574, 4.416553, 3.4, 2.4, 1.965685, 2.086796, 3.028436, 4.351591, 6.048958, 7.571334, 9.130574, 10.262797, 11.213505, 11.790002, 11.982292, 9.701941, 8.87732, 7.228078, 5.201428, 3.121077, 3.521077, 2.871835, 3.647214, 5.2, 7.4, 9.807134, 11.614268, 12.821401, 13.628535, 13.836216, 13.429082, 12.631924, 11.22479, 9.43746, 7.276993, 5.076993, 3.788128, 3.84415, 4.912407, 7.185488, 10.147765, 13.221388, 11.765366, 9.677305, 6.957011, 3.794733, 0.0, 0.0, 0.0]"
859,"[0.0, 0.0, 0.0, 0.0, 1.077033, 2.418674, 3.941828, 5.730683, 7.519537, 8.231359, 8.678572, 8.944272, 8.678572, 8.154629, 7.582327, 6.618094, 5.461695, 4.385754, 3.568056, 3.072614, 3.379364, 4.189129, 5.46238, 7.074293, 8.769792, 10.321702, 11.66516, 12.808259, 13.349133, 13.532523, 10.849242, 9.852419, 8.155045, 6.276155, 3.876155, 4.476155, 3.903853, 4.446464, 6.005704, 8.525998, 10.838042, 12.783767, 14.179802, 15.004286, 15.196035, 14.813814, 13.931887, 12.535853, 10.772658, 8.4263, 6.296478, 5.09316, 5.228268, 6.360491, 8.854217, 11.906752, 14.908935, 13.065026, 10.591163, 7.531751, 4.079216, 0.0, 0.0, 0.0]"
860,"[0.0, 0.0, 0.0, 0.0, 1.077033, 2.341944, 3.683585, 5.296036, 7.084891, 7.894654, 8.418597, 8.689408, 8.519177, 7.995234, 7.18547, 6.221237, 5.208786, 4.166565, 3.348868, 2.871835, 2.847214, 3.512125, 4.453765, 5.619003, 6.862912, 8.343263, 9.358703, 10.297413, 10.965312, 11.284734, 9.004383, 8.065673, 6.67975, 4.599399, 2.636068, 3.083282, 2.873012, 3.675641, 5.60167, 7.96292, 10.35824, 12.069403, 13.214881, 13.931386, 14.09043, 13.96819, 13.288987, 12.008503, 10.332159, 8.011865, 5.291571, 3.52824, 3.246815, 3.924534, 6.070118, 9.043332, 12.049209, 10.768584, 8.924675, 6.379091, 3.405877, 0.0, 0.0, 0.0]"
861,"[0.0, 0.0, 0.0, 0.0, 0.824621, 1.901654, 3.243295, 4.766449, 6.47525, 7.35943, 7.991198, 8.172711, 7.991198, 7.448587, 6.634214, 5.491098, 4.415157, 3.273517, 2.390169, 2.128197, 2.362512, 3.115298, 4.315298, 5.843533, 7.250685, 8.686753, 9.919858, 10.952963, 11.574991, 11.744455, 9.508387, 8.475282, 7.042177, 5.009072, 2.8, 3.2, 2.819804, 3.432255, 5.042231, 7.475336, 10.081995, 12.08874, 13.701192, 14.717766, 15.091795, 14.692816, 13.676242, 12.251339, 10.22479, 7.817656, 5.209975, 3.647214, 3.013404, 3.802258, 5.908251, 9.13935, 12.184986, 11.018796, 9.229942, 6.723949, 3.49285, 0.0, 0.0, 0.0]"
862,"[0.0, 0.0, 0.0, 0.0, 1.264911, 2.720933, 4.429734, 6.273643, 8.361704, 8.99416, 9.435504, 9.62407, 9.488962, 8.856923, 8.125746, 7.22838, 6.052123, 4.790536, 3.781728, 3.247993, 3.267797, 3.946687, 5.31055, 6.873312, 8.476924, 9.930984, 11.199316, 12.056572, 12.71493, 12.911967, 10.438103, 9.382222, 7.913889, 5.878012, 3.72775, 4.44886, 4.10132, 4.798686, 6.446581, 8.884033, 11.267758, 13.355457, 14.810702, 15.882962, 16.267503, 15.882962, 14.810702, 13.302, 11.2143, 8.709465, 6.389171, 5.10882, 4.826961, 5.824792, 8.198005, 11.203883, 14.173769, 12.611719, 10.348978, 7.375764, 3.969887, 0.0, 0.0, 0.0]"
863,"[0.0, 0.0, 0.0, 0.0, 1.0, 2.4, 4.0, 5.6, 7.4, 8.2, 8.6, 8.6, 8.4, 8.0, 7.4, 6.4, 5.432456, 4.315298, 3.115298, 2.362512, 2.283622, 2.7282, 3.901379, 5.350621, 6.943015, 8.457973, 9.617008, 10.594091, 11.377954, 11.377954, 9.141886, 8.170729, 6.562245, 4.411983, 2.372375, 2.972375, 2.907464, 3.882843, 5.809072, 8.416753, 10.823412, 12.829656, 14.2359, 15.233072, 15.65194, 15.252962, 14.25579, 12.661998, 10.455754, 7.829205, 5.221524, 3.644907, 3.297367, 4.194733, 6.268597, 9.524361, 12.738982, 11.474071, 9.576704, 7.102841, 3.847077, 0.0, 0.0, 0.0]"
864,"[0.0, 0.0, 0.0, 0.0, 0.565685, 1.565685, 2.697056, 3.977681, 5.419902, 6.296437, 6.738657, 6.887911, 6.887911, 6.577062, 5.855951, 4.860944, 3.98032, 2.899695, 2.168324, 2.047214, 2.6, 3.416553, 4.865795, 6.363161, 7.917227, 9.153295, 10.442736, 11.299486, 11.908112, 11.990114, 9.754046, 8.956854, 7.470665, 5.564673, 3.528605, 3.811447, 2.951175, 3.211996, 4.498792, 6.579143, 8.737611, 10.496764, 11.936433, 12.769931, 12.930891, 12.652911, 11.932026, 10.492357, 8.404518, 6.363207, 4.399877, 3.337702, 3.337702, 4.592042, 6.799723, 9.928387, 12.82398, 11.543356, 9.656559, 7.048878, 3.720215, 0.0, 0.0, 0.0]"
865,"[0.0, 0.0, 0.0, 0.0, 0.824621, 2.041174, 3.455387, 5.055387, 6.655387, 7.630766, 8.014214, 8.2, 8.0, 7.616553, 6.836356, 5.868812, 4.834497, 3.834497, 3.217945, 2.919251, 3.418167, 4.294702, 5.683556, 7.053328, 8.673157, 9.882726, 10.970328, 11.711296, 12.341524, 12.341524, 10.000584, 9.083214, 7.719582, 5.685267, 3.544327, 3.944327, 3.331876, 3.579899, 5.053821, 7.134172, 9.454466, 11.240144, 12.611608, 13.357678, 13.607149, 13.303464, 12.415153, 11.085498, 9.194247, 6.664425, 4.447816, 3.350449, 3.350449, 4.69209, 7.360423, 10.458907, 13.542205, 12.086183, 9.850115, 7.181782, 3.883298, 0.0, 0.0, 0.0]"
866,"[0.0, 0.0, 0.0, 0.0, 0.894427, 2.060618, 3.502838, 5.064888, 6.626938, 7.294561, 7.69042, 7.81025, 7.69042, 7.294561, 6.809544, 6.047494, 5.085444, 4.043223, 3.324247, 3.071835, 3.271835, 4.071835, 5.284286, 6.87668, 8.140121, 9.420472, 10.550294, 11.467664, 11.957879, 12.150168, 9.869817, 8.754209, 7.424387, 5.694564, 3.414214, 3.861427, 3.447214, 3.689434, 4.859206, 7.200146, 9.53861, 11.324287, 12.745631, 13.561537, 14.006275, 13.561537, 12.745631, 11.405221, 9.444165, 6.858487, 4.517547, 3.180231, 2.998717, 4.060893, 6.639381, 10.039381, 13.078438, 11.736797, 9.850001, 7.071512, 3.671512, 0.0, 0.0, 0.0]"
867,"[0.0, 0.0, 0.0, 0.0, 1.16619, 2.608411, 4.220862, 6.009717, 8.068843, 8.872424, 9.219058, 9.395461, 9.219058, 8.721982, 8.032835, 7.243981, 6.349554, 5.337102, 4.222266, 3.766262, 3.766262, 4.286048, 5.335291, 6.785444, 8.114888, 9.350956, 10.353352, 11.210103, 11.818729, 11.900731, 9.664663, 8.771208, 7.285019, 5.379027, 3.742959, 4.56758, 4.32505, 5.149155, 6.957474, 9.185901, 11.47255, 13.447689, 14.859544, 15.706989, 15.851776, 15.431231, 14.438208, 13.026353, 11.051214, 8.710456, 6.466945, 5.004203, 4.574508, 5.33349, 7.331624, 10.336946, 13.384023, 11.969809, 9.930201, 7.299612, 3.847077, 0.0, 0.0, 0.0]"
868,"[0.0, 0.0, 0.0, 0.0, 1.216553, 2.672574, 4.321817, 6.165726, 8.009635, 8.636991, 9.024878, 9.219544, 8.988087, 8.75663, 8.112721, 7.268812, 6.249524, 5.202758, 3.990307, 3.511417, 3.511417, 4.028436, 5.171552, 6.859613, 8.418854, 9.851959, 10.943423, 11.865211, 12.445483, 12.598237, 10.165132, 9.188049, 7.634493, 5.531845, 3.381583, 4.206204, 4.164396, 4.887363, 6.721677, 9.238835, 11.614214, 13.4, 15.0, 16.0, 16.4, 16.0, 15.2, 13.809975, 11.609975, 9.042431, 6.642431, 5.090959, 4.643034, 5.606364, 7.85835, 10.85835, 13.856899, 12.294849, 10.131518, 7.247077, 3.847077, 0.0, 0.0, 0.0]"
869,"[0.0, 0.0, 0.0, 0.0, 0.848528, 1.979899, 3.260524, 4.822574, 6.384624, 7.098146, 7.528825, 7.662413, 7.514577, 7.083898, 6.370376, 5.529436, 4.515223, 3.301009, 2.369638, 2.12111, 2.4, 3.216553, 4.472574, 6.061429, 7.4312, 8.667268, 9.867325, 10.827912, 11.455667, 11.721964, 9.485896, 8.592441, 7.195636, 5.179027, 2.942959, 3.390172, 2.94405, 3.447401, 5.017173, 7.433782, 9.772246, 11.668427, 13.118486, 14.121928, 14.490997, 14.046259, 12.970412, 11.64644, 9.69303, 7.307353, 4.966413, 3.634732, 3.266114, 4.090219, 6.251469, 9.375569, 12.370782, 11.090157, 9.246248, 6.684999, 3.560899, 0.0, 0.0, 0.0]"
870,"[0.0, 0.0, 0.0, 0.0, 0.72111, 1.798143, 3.139784, 4.662939, 6.186093, 6.988138, 7.434259, 7.434259, 7.252745, 6.895781, 6.372627, 5.570582, 4.861397, 4.119756, 3.400779, 3.12189, 3.477812, 4.25957, 5.272022, 6.824808, 8.303698, 9.626665, 10.812452, 11.8, 12.4, 12.6, 10.2, 9.2, 7.8, 5.832456, 3.432456, 3.879669, 3.279669, 3.493883, 4.861427, 7.261427, 9.614214, 11.614214, 13.2, 14.2, 14.6, 14.0, 13.0, 11.4, 9.2, 6.6, 4.4, 3.2, 3.2, 4.409975, 6.840564, 10.264013, 13.483963, 12.083963, 10.073988, 7.443399, 4.01995, 0.0, 0.0, 0.0]"
871,"[0.0, 0.0, 0.0, 0.0, 1.019804, 2.236356, 3.692378, 5.341621, 7.050421, 7.739418, 8.172108, 8.365328, 8.365328, 7.87308, 7.380832, 6.53159, 5.514803, 4.312774, 3.728677, 3.406552, 3.737923, 4.519681, 5.792932, 7.160477, 8.59843, 10.07474, 11.343808, 12.401832, 13.009513, 13.183125, 10.575444, 9.612628, 7.96551, 5.923514, 3.417521, 4.138632, 3.584357, 4.339782, 5.937428, 8.378739, 10.54207, 12.538157, 13.813638, 14.812585, 15.371274, 15.048083, 14.166156, 12.700934, 10.670028, 8.235713, 5.957306, 4.501576, 4.453762, 5.602742, 8.010271, 11.145029, 14.18305, 12.533808, 10.253457, 7.280243, 3.862642, 0.0, 0.0, 0.0]"
872,"[0.0, 0.0, 0.0, 0.0, 0.72111, 1.615537, 2.781728, 4.123369, 5.465009, 6.267054, 6.895781, 7.071232, 6.895781, 6.55414, 5.752096, 4.794627, 3.852986, 2.886796, 2.334009, 2.212899, 2.647214, 3.647214, 5.059665, 6.622427, 8.062034, 9.342385, 10.662679, 11.770522, 12.23441, 12.43087, 10.15052, 9.042677, 7.322383, 5.24852, 3.012452, 3.212452, 2.424621, 2.880643, 4.37801, 6.71895, 9.239244, 11.134917, 12.399189, 13.2875, 13.476382, 13.036439, 12.160054, 10.704671, 8.718993, 6.589171, 4.50882, 3.386021, 3.563331, 4.88936, 7.209654, 10.415531, 13.536296, 12.094075, 9.968046, 7.247752, 3.841875, 0.0, 0.0, 0.0]"
873,"[0.0, 0.0, 0.0, 0.0, 0.824621, 1.844425, 3.060978, 4.475191, 6.124433, 6.949054, 7.385273, 7.582934, 7.433631, 6.861422, 6.106607, 5.28304, 4.268827, 3.403916, 2.774096, 2.479669, 2.847214, 3.847214, 5.047214, 6.609975, 8.246043, 9.679148, 10.947481, 12.211045, 12.869403, 13.06644, 10.633335, 9.577454, 7.913889, 5.845557, 3.612452, 3.895294, 3.17727, 3.500425, 4.870196, 7.086805, 9.58964, 11.668427, 13.118486, 14.195024, 14.564092, 14.195024, 13.375876, 11.925817, 9.879507, 7.49383, 5.477221, 4.217582, 4.256477, 5.382506, 7.95572, 11.094081, 14.303311, 12.741261, 10.615232, 7.642018, 4.103657, 0.0, 0.0, 0.0]"
874,"[0.0, 0.0, 0.0, 0.0, 0.632456, 1.526883, 2.693073, 3.973698, 5.415918, 6.225683, 6.773477, 6.948927, 6.834493, 6.469305, 5.851706, 5.009485, 4.067844, 3.184497, 2.707464, 2.682843, 3.102647, 4.044287, 5.373896, 6.660692, 7.986722, 9.375237, 10.724321, 11.657454, 12.331907, 12.486229, 10.07791, 8.999637, 7.454052, 5.292802, 3.212452, 3.412452, 2.52111, 2.801735, 4.245644, 6.453963, 8.799547, 10.769162, 12.316964, 13.16378, 13.301046, 13.018203, 12.171387, 10.757173, 8.787559, 6.441974, 4.379233, 3.359945, 3.287372, 4.720328, 7.026321, 9.956816, 12.803707, 11.462066, 9.308, 6.802007, 3.671512, 0.0, 0.0, 0.0]"
875,"[0.0, 0.0, 0.0, 0.0, 0.824621, 1.844425, 3.109336, 4.565358, 6.088513, 6.787046, 7.290397, 7.481508, 7.290397, 6.844275, 6.321121, 5.597966, 4.541944, 3.277033, 2.4, 2.032456, 1.953566, 2.684937, 4.127157, 5.813953, 7.344829, 8.956099, 10.157109, 11.220881, 11.775396, 11.944446, 9.612065, 8.721905, 7.064441, 4.905972, 2.573591, 2.973591, 2.608404, 3.372327, 4.976281, 7.308661, 9.628956, 11.436364, 12.708353, 13.705998, 13.981298, 13.593385, 12.708944, 11.238716, 9.354275, 7.029437, 4.697056, 3.297056, 3.482843, 4.718911, 7.299632, 10.598117, 13.734425, 12.134425, 9.898357, 7.034793, 3.736308, 0.0, 0.0, 0.0]"
876,"[0.0, 0.0, 0.0, 0.0, 0.824621, 1.844425, 3.109336, 4.374247, 5.897402, 6.595935, 7.032153, 7.032153, 6.983795, 6.46064, 5.937486, 5.081464, 4.216553, 3.282843, 2.682843, 2.315298, 2.609725, 3.49035, 4.769558, 6.256354, 7.787229, 9.225183, 10.450551, 11.571782, 12.190979, 12.360029, 10.027648, 8.963876, 7.411965, 5.627082, 3.494702, 3.894702, 3.452481, 3.72111, 5.039608, 7.075676, 9.344009, 11.207573, 12.671137, 13.495093, 13.927358, 13.495093, 12.475438, 11.026087, 8.962523, 6.49419, 4.458122, 3.414214, 3.4, 4.609975, 7.009975, 10.209975, 13.414972, 12.014972, 10.004997, 7.404997, 4.004997, 0.0, 0.0, 0.0]"
877,"[0.0, 0.0, 0.0, 0.0, 1.0, 2.280625, 3.893076, 5.681931, 7.470785, 8.25964, 8.767869, 8.767869, 8.541065, 8.194431, 7.686201, 6.897347, 6.006006, 5.043956, 4.167421, 3.781223, 4.046134, 4.937475, 6.148552, 7.791939, 9.330617, 10.734039, 11.78992, 12.842407, 13.496899, 13.537657, 10.869325, 10.012069, 8.548505, 6.509562, 4.482912, 5.204022, 4.67357, 4.994035, 6.501795, 8.83307, 11.064924, 12.914794, 14.419232, 15.311755, 15.486231, 15.039259, 14.144832, 12.708783, 10.65007, 8.262791, 5.756798, 4.369258, 4.142454, 5.239005, 7.646534, 11.184895, 14.296165, 12.734115, 10.471373, 7.498159, 3.959798, 0.0, 0.0, 0.0]"
878,"[0.0, 0.0, 0.0, 0.0, 0.632456, 1.709488, 2.786521, 4.128162, 5.651317, 6.542016, 6.988138, 7.252745, 7.176016, 6.672665, 5.974131, 5.050977, 4.109336, 2.844425, 2.024621, 1.647214, 1.768324, 2.499695, 3.941915, 5.628711, 7.240624, 8.57864, 9.863878, 10.838267, 11.283851, 11.460793, 9.401667, 8.597509, 7.075327, 5.025789, 2.789721, 3.189721, 2.654303, 3.28303, 4.969959, 7.124025, 9.324025, 11.110556, 12.450966, 13.344759, 13.790693, 13.607302, 12.713509, 11.191586, 9.222449, 7.069662, 4.853053, 3.683282, 3.941641, 5.047214, 7.4, 10.6, 13.6, 12.0, 10.0, 7.2, 3.8, 0.0, 0.0, 0.0]"
879,"[0.0, 0.0, 0.0, 0.0, 1.019804, 2.284715, 3.740737, 5.389979, 7.233888, 7.863326, 8.247658, 8.440878, 8.247658, 7.859771, 7.376719, 6.727477, 5.799345, 4.943323, 4.208411, 4.042221, 4.208411, 4.943323, 6.187232, 7.675193, 9.075193, 10.509003, 11.852981, 12.809072, 13.407134, 13.607134, 11.007134, 10.018211, 8.632424, 6.719718, 4.519718, 5.240828, 4.595941, 4.970582, 6.230221, 8.360043, 10.550977, 12.489621, 13.805602, 14.756371, 15.138593, 14.756371, 13.805602, 12.409568, 10.381766, 7.916935, 5.669956, 4.51589, 4.369139, 5.455437, 7.892664, 10.938485, 13.821783, 12.259733, 10.096402, 7.211961, 3.883298, 0.0, 0.0, 0.0]"
880,"[0.0, 0.0, 0.0, 0.0, 1.0, 2.2, 3.6, 5.212452, 6.824903, 7.63598, 8.048432, 8.260883, 8.260883, 8.048432, 7.437355, 6.649524, 5.669528, 4.50429, 3.669976, 3.191086, 3.532655, 4.423354, 5.684941, 7.207317, 8.766558, 10.074231, 11.219409, 12.374173, 12.954444, 13.147957, 10.674093, 9.903127, 8.116596, 6.169373, 3.89551, 4.49551, 3.814696, 4.581572, 6.096529, 8.527119, 10.790683, 12.633542, 13.849045, 14.672389, 14.905364, 14.515663, 13.736602, 12.326432, 10.531932, 8.234053, 6.16019, 4.774266, 4.936101, 6.104295, 8.598021, 11.650556, 14.800879, 12.989802, 10.556697, 7.497285, 4.04475, 0.0, 0.0, 0.0]"
881,"[0.0, 0.0, 0.0, 0.0, 0.632456, 1.652259, 2.91717, 4.373192, 5.829214, 6.652781, 7.088999, 7.28011, 7.04064, 6.604422, 6.1484, 5.492378, 4.436356, 3.502647, 2.682843, 2.082843, 2.003953, 2.735324, 4.014531, 5.534996, 7.134996, 8.577217, 9.778227, 10.657488, 11.378334, 11.658685, 9.495354, 8.605194, 7.012411, 4.853942, 2.573591, 3.020805, 2.578584, 3.172277, 4.889434, 7.169785, 9.283821, 11.126355, 12.526669, 13.369203, 13.779577, 13.498678, 12.656144, 11.227823, 9.233817, 6.825935, 4.545584, 3.145584, 3.145584, 4.385118, 6.822569, 10.053668, 13.130623, 11.71641, 9.628348, 6.908054, 3.676955, 0.0, 0.0, 0.0]"
882,"[0.0, 0.0, 0.0, 0.0, 0.8, 1.8, 3.0, 4.4, 5.814214, 6.428427, 6.842641, 7.042641, 6.842641, 6.628427, 6.214214, 5.4, 4.447214, 3.694427, 3.094427, 2.726883, 3.126883, 4.093883, 5.208719, 6.452628, 7.983503, 9.424814, 10.618282, 11.663913, 12.427685, 12.544705, 10.103394, 9.057763, 7.581453, 5.539457, 3.459106, 3.859106, 3.121677, 3.331947, 4.555116, 6.687497, 8.895178, 10.678238, 12.056891, 12.875718, 12.984648, 12.540298, 11.653082, 10.274429, 8.232433, 5.991122, 4.027791, 3.131947, 3.131947, 4.536033, 6.752643, 9.598952, 12.35204, 11.010399, 9.040627, 6.624018, 3.577709, 0.0, 0.0, 0.0]"
883,"[0.0, 0.0, 0.0, 0.0, 0.894427, 2.060618, 3.341242, 4.783463, 6.503928, 7.221952, 7.617812, 7.899237, 7.737641, 7.297801, 6.68535, 5.84441, 4.68236, 3.601735, 2.603953, 2.203953, 2.482843, 3.299395, 4.513609, 5.939567, 7.309338, 8.545406, 9.745463, 10.931249, 11.639058, 11.823352, 9.587284, 8.626697, 7.046501, 5.029892, 2.875826, 3.323039, 2.94405, 3.633047, 5.387113, 7.987113, 10.513113, 12.598358, 14.051835, 14.870983, 15.183027, 14.739635, 13.665419, 12.115593, 10.162183, 7.650139, 5.120317, 3.597941, 3.266114, 4.226209, 6.387459, 9.549737, 12.704266, 11.423641, 9.443742, 6.882493, 3.720215, 0.0, 0.0, 0.0]"
884,"[0.0, 0.0, 0.0, 0.0, 1.0, 2.216553, 3.630766, 5.243218, 7.087127, 7.736369, 8.132268, 8.330506, 8.132268, 7.688359, 7.239117, 6.426665, 5.414214, 4.282843, 3.082843, 2.330056, 2.095742, 2.661932, 3.72073, 5.043885, 6.494038, 8.016414, 9.191163, 10.129873, 10.947659, 10.947659, 8.859597, 7.860298, 6.474375, 4.416277, 2.518911, 3.118911, 2.97727, 3.89392, 5.847145, 8.477734, 10.741299, 12.60071, 13.849045, 14.672389, 14.905364, 14.474904, 13.4551, 12.239598, 10.19999, 7.619268, 5.186163, 3.779011, 3.151655, 3.942928, 6.068404, 9.274648, 12.247744, 11.031191, 9.220114, 6.811795, 3.605551, 0.0, 0.0, 0.0]"
885,"[0.0, 0.0, 0.0, 0.0, 1.077033, 2.600188, 4.308988, 6.206355, 8.103722, 8.924055, 9.298267, 9.486833, 9.298267, 8.924055, 8.368329, 7.470963, 6.139282, 4.877694, 3.637383, 2.928197, 2.948001, 3.796529, 4.998558, 6.803777, 8.451672, 9.96169, 11.077299, 12.213734, 12.655495, 12.904966, 10.375144, 9.554123, 7.984998, 6.087631, 3.557809, 4.406337, 4.039177, 4.709421, 6.493574, 9.176856, 11.458823, 13.427771, 14.851564, 15.745544, 16.192758, 15.745544, 14.671023, 13.069235, 11.023557, 8.525517, 6.125078, 4.783437, 4.863491, 5.930961, 8.298505, 11.576561, 14.682134, 12.89328, 10.560899, 7.560899, 4.0, 0.0, 0.0, 0.0]"
886,"[0.0, 0.0, 0.0, 0.0, 1.077033, 2.533055, 4.05621, 5.845064, 7.633918, 8.526657, 8.779436, 8.965082, 8.885028, 8.552196, 7.798977, 7.290176, 6.405996, 5.262881, 4.439315, 4.022762, 3.899795, 4.517394, 5.672174, 7.165748, 8.628489, 9.959775, 11.078805, 11.919589, 12.484285, 12.629862, 10.221543, 9.504202, 8.109143, 6.050874, 4.089768, 4.91439, 4.526503, 5.149167, 6.93332, 9.169388, 11.297732, 13.066613, 14.502662, 15.310955, 15.580639, 15.310955, 14.32212, 12.886072, 11.002809, 8.61553, 5.932249, 4.520802, 4.187969, 4.93439, 7.232269, 10.530753, 13.635509, 12.179487, 10.091425, 7.227861, 3.929377, 0.0, 0.0, 0.0]"
887,"[0.0, 0.0, 0.0, 0.0, 0.72111, 1.615537, 2.781728, 4.123369, 5.465009, 6.18612, 6.733913, 6.909363, 6.733913, 6.392272, 5.79858, 4.803573, 3.861932, 2.895742, 2.295742, 2.247214, 2.8, 3.814214, 5.263456, 6.760822, 7.930594, 9.166662, 10.43573, 11.292481, 11.901107, 12.085401, 9.849333, 8.689206, 7.203017, 5.297024, 3.142959, 3.342959, 2.668332, 2.929153, 4.215949, 6.4963, 8.85755, 10.729316, 12.291225, 13.124723, 13.405622, 13.007703, 12.174205, 10.773891, 8.686053, 6.324803, 4.361472, 3.299297, 3.198717, 4.625388, 7.033069, 10.233069, 13.353064, 12.011424, 9.952298, 7.344617, 3.944617, 0.0, 0.0, 0.0]"
888,"[0.0, 0.0, 0.0, 0.0, 1.0, 2.280625, 3.842675, 5.56314, 7.449936, 8.336732, 8.900016, 9.058431, 8.900016, 8.427434, 7.821262, 6.977353, 5.977999, 4.815949, 3.848949, 3.168324, 2.992945, 3.613476, 5.00233, 6.614242, 8.346623, 9.963313, 11.341966, 12.273406, 12.821961, 12.930891, 10.48958, 9.489751, 7.84649, 5.838809, 3.597498, 4.318608, 3.878768, 4.645644, 6.325995, 8.687245, 10.966134, 12.965753, 14.402088, 15.401981, 15.840732, 15.401981, 14.402088, 13.008641, 10.894587, 8.527043, 6.248636, 4.792906, 4.61491, 5.865329, 8.096438, 11.391304, 14.41376, 12.704959, 10.28835, 7.424786, 3.847077, 0.0, 0.0, 0.0]"
889,"[0.0, 0.0, 0.0, 0.0, 1.0, 2.280625, 3.694838, 5.109052, 6.806108, 7.503165, 7.919596, 7.919596, 8.067432, 7.651001, 7.120135, 6.317506, 5.503292, 4.341242, 3.34346, 2.77727, 2.682843, 3.082843, 4.097056, 5.463456, 6.760822, 8.114888, 9.455828, 10.458224, 10.963048, 11.153742, 8.999676, 8.07295, 6.456341, 4.502275, 2.614214, 3.179899, 2.931876, 3.92073, 5.779856, 8.085849, 10.383728, 12.263847, 13.521302, 14.508485, 14.866056, 14.602492, 13.710249, 12.187094, 10.160589, 7.697024, 5.097024, 3.508644, 3.15168, 3.852341, 5.893652, 8.893652, 11.768897, 10.602706, 8.882241, 6.44093, 3.44093, 0.0, 0.0, 0.0]"
890,"[0.0, 0.0, 0.0, 0.0, 1.019804, 2.434017, 4.046469, 5.695711, 7.53962, 8.417183, 8.846878, 8.883669, 8.846878, 8.417183, 7.719816, 6.875907, 6.026665, 4.861427, 3.847214, 3.247214, 2.968324, 3.299695, 4.266695, 5.710604, 7.273934, 8.885205, 10.195145, 11.222243, 11.819645, 11.782343, 9.449963, 8.422865, 6.830082, 4.671614, 2.545584, 3.17804, 3.028737, 4.067006, 6.116544, 9.000985, 11.530807, 13.54614, 15.100273, 15.93017, 16.208007, 15.766023, 14.76613, 13.045665, 11.014759, 8.299694, 5.5794, 3.899049, 3.443496, 4.209491, 6.362278, 9.779879, 12.937538, 11.672627, 9.77526, 7.17526, 3.757659, 0.0, 0.0, 0.0]"
891,"[0.0, 0.0, 0.0, 0.0, 1.0, 2.280625, 3.694838, 5.391895, 7.088951, 7.786007, 8.202439, 8.350275, 8.067432, 7.651001, 7.120135, 6.317506, 5.355456, 4.341242, 3.34346, 2.57727, 2.482843, 2.902647, 3.767558, 5.097167, 6.583963, 7.783963, 9.04451, 10.059949, 10.727849, 10.841053, 8.841053, 7.902342, 6.446613, 4.566262, 2.766262, 3.398717, 3.223267, 3.960696, 5.686725, 8.047975, 10.388733, 12.195756, 13.757806, 14.604991, 14.886275, 14.32138, 13.474196, 11.912146, 9.938932, 7.543612, 5.135293, 3.609264, 3.067017, 3.910926, 5.744064, 8.848899, 11.60151, 10.581706, 8.737797, 6.457446, 3.352611, 0.0, 0.0, 0.0]"
892,"[0.0, 0.0, 0.0, 0.0, 1.019804, 2.475826, 4.125068, 5.968977, 7.812886, 8.636991, 9.024878, 9.219544, 9.024878, 8.636991, 8.134723, 7.290814, 6.01259, 4.810562, 3.637383, 2.928197, 2.752818, 3.387133, 4.552371, 6.113437, 7.761332, 9.217062, 10.546884, 11.464255, 12.094209, 12.154798, 9.874448, 8.993868, 7.664046, 5.822638, 3.681698, 4.530226, 4.222624, 4.811479, 6.415091, 8.898373, 11.002809, 12.791664, 14.313398, 15.207826, 15.655039, 15.385356, 14.490929, 13.077706, 11.212122, 8.681627, 6.445559, 5.103918, 4.729706, 5.797176, 8.150141, 11.143857, 14.132728, 12.609573, 10.277192, 7.324228, 3.883298, 0.0, 0.0, 0.0]"
893,"[0.0, 0.0, 0.0, 0.0, 1.264911, 2.720933, 4.370175, 6.267542, 8.355603, 8.988059, 9.375946, 9.570612, 9.285697, 8.653658, 8.156291, 7.312382, 6.293095, 5.127857, 4.071835, 3.392945, 3.392945, 3.909965, 4.985906, 6.483272, 8.042513, 9.516376, 10.805325, 11.912759, 12.683726, 12.83648, 10.362616, 9.381269, 7.827713, 5.725066, 3.574803, 4.399424, 4.164396, 5.097338, 6.931653, 9.44881, 11.824189, 13.609975, 15.0, 16.0, 16.4, 16.0, 15.2, 13.8, 11.6, 9.032456, 6.632456, 5.080984, 4.643034, 5.723384, 7.811223, 10.909794, 14.005883, 12.443833, 10.163482, 7.443188, 3.944617, 0.0, 0.0, 0.0]"
894,"[0.0, 0.0, 0.0, 0.0, 1.019804, 2.236356, 3.692378, 5.1484, 6.857201, 7.546198, 7.978888, 8.172108, 8.1303, 7.638051, 7.129251, 6.480008, 5.430766, 4.299395, 3.682843, 3.082843, 2.907464, 3.473654, 4.633032, 5.730088, 7.256117, 8.557525, 9.952585, 10.918683, 11.629946, 11.629946, 9.503917, 8.356881, 6.842989, 5.03467, 3.108641, 3.708641, 3.51098, 4.325353, 5.879419, 8.096028, 10.448993, 12.185405, 13.429569, 14.228468, 14.49514, 13.958785, 12.975592, 11.635078, 9.759147, 7.523079, 5.10647, 3.536698, 3.33846, 4.301035, 6.522154, 9.626989, 12.963297, 11.549084, 9.509476, 6.841143, 3.736308, 0.0, 0.0, 0.0]"
895,"[0.0, 0.0, 0.0, 0.0, 0.824621, 2.041174, 3.497196, 5.146438, 6.79568, 7.620301, 8.052991, 8.052991, 7.859771, 7.47544, 6.90323, 5.975098, 5.084762, 3.82874, 2.763829, 2.086796, 2.165685, 2.6, 3.8, 5.4, 7.009975, 8.419047, 9.852152, 10.885257, 11.493576, 11.493576, 9.284504, 8.251399, 6.818294, 4.809975, 2.8, 3.432456, 3.052259, 3.701502, 5.341109, 7.774215, 10.005323, 12.044931, 13.651453, 14.671257, 15.066579, 14.63612, 13.586683, 11.943371, 9.883959, 7.455532, 5.022427, 3.578137, 3.24631, 4.24631, 6.566604, 9.728882, 12.936789, 11.656164, 9.656164, 6.93587, 3.773592, 0.0, 0.0, 0.0]"
896,"[0.0, 0.0, 0.0, 0.0, 1.0, 2.280625, 3.722845, 5.44331, 7.330107, 8.216903, 8.656743, 8.934988, 8.776572, 8.30399, 7.697818, 6.977353, 5.889344, 4.927294, 4.078766, 3.692568, 3.909121, 4.889117, 6.100194, 7.544483, 8.886124, 10.337904, 11.393786, 12.251042, 13.104631, 13.342426, 10.674093, 9.816837, 8.548505, 6.509562, 4.318541, 5.039651, 4.509199, 4.995995, 6.407442, 8.807881, 11.13308, 12.898764, 14.243067, 15.053308, 15.416336, 14.970027, 14.077783, 12.555485, 10.586209, 7.987113, 5.669956, 4.410317, 4.263566, 5.466884, 7.862205, 11.020292, 14.287595, 12.725545, 10.445195, 7.602661, 4.16173, 0.0, 0.0, 0.0]"
897,"[0.0, 0.0, 0.0, 0.0, 1.216553, 2.630766, 4.280008, 6.123917, 8.021284, 8.702098, 9.185251, 9.379918, 9.185251, 8.702098, 8.204731, 7.523917, 6.504629, 5.576497, 4.794739, 4.194739, 4.05522, 4.672819, 5.648765, 7.142339, 8.750658, 10.234875, 11.512948, 12.536186, 12.971407, 13.124337, 10.563088, 9.53985, 7.985746, 6.056952, 3.942916, 4.742916, 4.501881, 5.305463, 6.909075, 9.145143, 11.475638, 13.244519, 14.499651, 15.488486, 15.758169, 15.310955, 14.32212, 12.886072, 11.002809, 8.6823, 5.999019, 4.587572, 4.254739, 5.193449, 7.473038, 10.825649, 13.795761, 12.339739, 10.059388, 7.147344, 3.794733, 0.0, 0.0, 0.0]"
898,"[0.0, 0.0, 0.0, 0.0, 1.16619, 2.507831, 4.120283, 5.909137, 7.617938, 8.240602, 8.607762, 8.704111, 8.527708, 8.160548, 7.652319, 6.943518, 5.955827, 4.943376, 4.322845, 4.042221, 4.307132, 5.198473, 6.398473, 7.877363, 9.285682, 10.65136, 11.867335, 12.895762, 13.502896, 13.527682, 10.897093, 9.868666, 8.454452, 6.541746, 4.508641, 5.229751, 4.771392, 5.146033, 6.592545, 8.792545, 11.044649, 12.865286, 14.238709, 15.060047, 15.43326, 14.989869, 13.981657, 12.52818, 10.442936, 7.916935, 5.587113, 4.433047, 4.444712, 5.648029, 8.085257, 11.490808, 14.709813, 12.989348, 10.708997, 7.824556, 4.219005, 0.0, 0.0, 0.0]"
899,"[0.0, 0.0, 0.0, 0.0, 0.632456, 1.526883, 2.791794, 4.056705, 5.512727, 6.336293, 6.897888, 6.897888, 6.897888, 6.518899, 5.783987, 4.775179, 3.910268, 2.845357, 2.051167, 1.930056, 2.482843, 3.482843, 4.882843, 6.4, 7.809975, 9.24308, 10.473669, 11.504259, 12.334848, 12.733192, 10.300087, 9.469497, 8.038908, 5.808319, 3.4, 3.6, 2.624621, 2.838835, 4.282744, 6.756607, 9.187196, 11.226139, 12.67549, 13.695145, 13.695145, 13.497661, 12.644072, 11.194721, 9.131157, 6.857294, 4.624189, 3.335324, 3.363331, 4.726662, 7.30515, 10.433814, 13.596001, 12.153781, 9.99045, 7.211961, 3.883298, 0.0, 0.0, 0.0]"
900,"[0.0, 0.0, 0.0, 0.0, 1.019804, 2.284715, 3.740737, 5.389979, 7.039221, 7.66866, 8.052991, 8.246211, 8.052991, 7.66866, 7.096451, 6.341635, 5.413503, 4.357481, 3.658256, 3.47565, 3.846134, 4.539237, 5.950314, 7.384629, 8.898521, 10.24129, 11.634211, 12.630267, 13.237948, 13.43731, 10.829629, 9.822496, 8.215362, 6.240136, 3.915298, 4.547754, 3.964306, 4.376758, 5.98037, 8.328117, 10.524088, 12.334085, 13.748183, 14.538664, 14.736502, 14.515756, 13.698279, 12.284181, 10.257632, 7.876418, 5.715951, 4.506879, 4.683282, 6.015662, 8.614758, 11.745253, 14.770176, 12.981321, 10.64894, 7.602631, 4.024922, 0.0, 0.0, 0.0]"
901,"[0.0, 0.0, 0.0, 0.0, 1.16619, 2.507831, 4.120283, 5.829083, 7.798855, 8.530031, 9.085757, 9.26216, 9.165811, 8.53768, 7.920938, 7.154942, 6.087198, 5.074747, 4.454216, 4.173591, 4.307132, 5.198473, 6.598473, 8.086435, 9.717024, 11.28054, 12.531653, 13.591065, 14.210419, 14.210419, 11.381992, 10.528403, 8.883205, 6.949205, 4.765829, 5.765829, 5.198075, 5.670658, 7.19284, 9.60919, 11.840289, 13.890918, 15.496972, 16.390952, 16.573697, 16.02588, 14.949639, 13.354156, 11.209757, 8.795903, 6.395464, 4.978855, 4.925398, 6.167526, 8.790835, 12.19581, 15.447868, 13.603959, 11.19564, 7.939876, 4.252058, 0.0, 0.0, 0.0]"
902,"[0.0, 0.0, 0.0, 0.0, 0.632456, 1.652259, 2.868812, 4.283026, 5.739047, 6.562614, 6.998832, 6.998832, 6.84953, 6.47054, 5.908946, 5.018609, 4.002057, 2.937146, 2.142955, 1.848528, 2.282843, 3.482843, 4.882843, 6.411077, 8.047145, 9.48025, 10.710839, 11.779172, 12.441958, 12.638996, 10.20589, 9.187753, 7.51942, 5.645557, 3.412452, 3.695294, 2.97727, 3.500425, 4.797791, 6.938731, 9.255888, 11.147139, 12.409662, 13.297973, 13.486855, 13.227795, 12.339484, 10.818717, 8.83304, 6.703218, 4.562278, 3.386021, 3.535324, 4.715223, 7.005948, 10.061712, 13.161596, 11.747383, 9.767484, 7.076759, 3.820995, 0.0, 0.0, 0.0]"
903,"[0.0, 0.0, 0.0, 0.0, 1.0, 2.216553, 3.630766, 5.243218, 6.855669, 7.504911, 7.90081, 8.099048, 7.90081, 7.688359, 7.239117, 6.426665, 5.414214, 4.282843, 3.082843, 2.330056, 2.251167, 2.651167, 3.709965, 5.218765, 6.668918, 8.035869, 9.31622, 10.25493, 10.88707, 10.88707, 8.799008, 7.783568, 6.397645, 4.339548, 2.442181, 3.042181, 2.97727, 3.695294, 5.64852, 8.279109, 10.542673, 12.402085, 13.849045, 14.672389, 15.101211, 14.670752, 13.650948, 12.435445, 10.200655, 7.541243, 5.108138, 3.700986, 3.073629, 4.258983, 6.267302, 9.492205, 12.665009, 11.448457, 9.438482, 7.030163, 3.80526, 0.0, 0.0, 0.0]"
904,"[0.0, 0.0, 0.0, 0.0, 0.72111, 1.615537, 2.781728, 4.123369, 5.565589, 6.18612, 6.733913, 7.009943, 6.834493, 6.392272, 5.89916, 5.022624, 3.980404, 3.014214, 2.461427, 2.212899, 2.647214, 3.661427, 5.073879, 6.470574, 7.958635, 9.299575, 10.415184, 11.402732, 12.088646, 12.280935, 9.939995, 9.059415, 7.479219, 5.549397, 3.269046, 3.551889, 2.797074, 3.118911, 4.488682, 6.72475, 9.041908, 10.933158, 12.455081, 13.348874, 13.712806, 13.453746, 12.565435, 11.043512, 9.004568, 6.804568, 4.863629, 3.687372, 3.759945, 4.915223, 7.205948, 10.20006, 13.299945, 11.885731, 9.905832, 7.215107, 3.820995, 0.0, 0.0, 0.0]"
905,"[0.0, 0.0, 0.0, 0.0, 0.824621, 1.824621, 3.041174, 4.441174, 6.053625, 6.829004, 7.429004, 7.626665, 7.443218, 7.047319, 6.524352, 5.645462, 4.678462, 3.861909, 3.045357, 2.689434, 2.862751, 3.680449, 4.8929, 6.303977, 7.791939, 9.305831, 10.648601, 11.64383, 12.440434, 12.440434, 10.032115, 9.036886, 7.645757, 5.670532, 3.66146, 3.944302, 3.351655, 3.549316, 4.91686, 7.11686, 9.634017, 11.414214, 13.0, 14.0, 14.4, 14.0, 13.0, 11.6, 9.4, 6.8, 4.6, 3.6, 3.264911, 4.552972, 7.073266, 10.171751, 13.301128, 12.036216, 9.948155, 7.227861, 3.929377, 0.0, 0.0, 0.0]"
906,"[0.0, 0.0, 0.0, 0.0, 0.894427, 2.060618, 3.502838, 5.11529, 6.727741, 7.622168, 8.244832, 8.415063, 8.244832, 7.913006, 7.255522, 6.187778, 5.207782, 4.165561, 3.284937, 2.553566, 2.632456, 3.2, 4.214214, 5.463456, 6.960822, 8.248884, 9.389824, 10.211678, 10.903376, 11.094071, 9.006009, 8.079283, 6.643215, 4.702275, 3.014214, 3.461427, 3.178584, 4.099049, 5.86238, 8.02363, 10.460857, 12.491764, 13.933577, 14.770246, 14.92929, 14.65253, 13.653583, 12.211771, 10.288804, 7.96851, 5.560829, 3.997498, 3.354066, 4.163829, 6.269822, 9.200317, 12.271829, 11.194796, 9.308, 6.802007, 3.671512, 0.0, 0.0, 0.0]"
907,"[0.0, 0.0, 0.0, 0.0, 1.077033, 2.418674, 4.031125, 5.739926, 7.709698, 8.421519, 8.868733, 9.045135, 8.948786, 8.320655, 7.812426, 6.8721, 5.648931, 4.436479, 3.542052, 2.893883, 3.045355, 3.696222, 4.945464, 6.395617, 7.999229, 9.415839, 10.882568, 11.916607, 12.525233, 12.525233, 10.108624, 8.948497, 7.530126, 5.624134, 3.588066, 4.309176, 4.066646, 4.801735, 6.643046, 9.050727, 11.382484, 13.430523, 14.759186, 15.646539, 16.091725, 15.646539, 14.759186, 13.219377, 11.232355, 9.004108, 6.843641, 5.296757, 5.216703, 6.111131, 8.239474, 11.290832, 14.341021, 12.63222, 10.396152, 7.443188, 3.944617, 0.0, 0.0, 0.0]"
908,"[0.0, 0.0, 0.0, 0.0, 1.019804, 2.284715, 3.80787, 5.51667, 7.414037, 8.183087, 8.626977, 8.812623, 8.753065, 8.269912, 7.895271, 7.18647, 6.302291, 5.218734, 4.436976, 3.847383, 3.847383, 4.436976, 5.43334, 6.687681, 8.02639, 9.532383, 10.801451, 11.922683, 12.54188, 12.884542, 10.378549, 9.415732, 7.863822, 5.990284, 4.116747, 4.941368, 4.620903, 5.499507, 7.275371, 9.450049, 11.831672, 13.656575, 15.070048, 15.886632, 16.086158, 15.687048, 14.870464, 13.258092, 11.249741, 9.067703, 6.46057, 4.773361, 4.418306, 5.355819, 7.251492, 10.469094, 13.542717, 12.086695, 9.932629, 7.212335, 3.794733, 0.0, 0.0, 0.0]"
909,"[0.0, 0.0, 0.0, 0.0, 1.019804, 2.669046, 4.377847, 6.275213, 8.17258, 9.240837, 9.745661, 9.934227, 9.934227, 9.686103, 8.814594, 7.660528, 6.587782, 5.411526, 4.394739, 4.002808, 4.168998, 4.625002, 5.600948, 7.131823, 8.639583, 10.193687, 11.797503, 12.783728, 13.504838, 13.892752, 11.172458, 10.174813, 8.622902, 6.370917, 4.283078, 5.107699, 4.820903, 5.9256, 7.767008, 10.390317, 13.018231, 15.067888, 16.519638, 17.695432, 17.892203, 17.49908, 16.480012, 14.636103, 12.251356, 9.431276, 6.571865, 4.765897, 4.733065, 5.704222, 8.296669, 11.943746, 15.361766, 13.550689, 11.314621, 8.089717, 4.242641, 0.0, 0.0, 0.0]"
910,"[0.0, 0.0, 0.0, 0.0, 1.131371, 2.693421, 4.390477, 6.234386, 8.214285, 9.208943, 9.490802, 9.490802, 9.34395, 8.926101, 8.242292, 7.475416, 6.602981, 5.505925, 4.391088, 3.548868, 3.491639, 3.833208, 4.845659, 6.118911, 7.64494, 9.033455, 10.412849, 11.345982, 12.171101, 12.307814, 9.899495, 8.91596, 7.536566, 5.623438, 3.807909, 4.632531, 4.526503, 5.330084, 7.203621, 9.709372, 12.015246, 13.959224, 15.389453, 16.194049, 16.551673, 16.10446, 14.940528, 13.510299, 11.541351, 8.796447, 6.560379, 5.148932, 4.593374, 5.291342, 7.554083, 10.729024, 13.909399, 12.495186, 10.455578, 7.627151, 4.004997, 0.0, 0.0, 0.0]"
911,"[0.0, 0.0, 0.0, 0.0, 0.894427, 2.159338, 3.61536, 5.264602, 6.913845, 7.66866, 8.052991, 8.246211, 8.052991, 7.66866, 7.096451, 6.341635, 5.258079, 4.202057, 3.337146, 2.825798, 2.563826, 3.214693, 4.228907, 5.428907, 6.863222, 8.430766, 9.614214, 10.6, 11.2, 11.4, 9.2, 8.2, 6.624621, 4.707464, 2.707464, 3.307464, 3.107464, 4.082843, 6.0, 8.407681, 10.807681, 12.607681, 13.807681, 14.607681, 14.8, 14.4, 13.6, 12.2, 10.2, 8.0, 5.4, 3.6, 3.2, 4.239608, 6.072713, 9.132125, 11.987889, 10.787889, 8.748281, 6.315176, 3.255764, 0.0, 0.0, 0.0]"
912,"[0.0, 0.0, 0.0, 0.0, 0.72111, 1.72111, 3.001735, 4.563785, 6.260841, 7.236787, 7.933844, 8.067432, 7.919596, 7.503165, 6.972299, 6.099863, 5.28565, 4.471436, 3.638025, 3.271835, 3.447214, 4.247214, 5.259665, 6.852059, 8.33241, 9.862232, 10.992054, 12.165281, 12.655495, 12.716084, 10.186262, 9.305682, 7.720004, 5.790182, 3.649242, 4.096456, 3.447214, 3.967679, 5.426805, 7.732797, 10.238549, 12.369044, 13.779074, 14.672912, 15.119884, 14.672912, 13.601543, 11.994203, 9.935665, 7.265543, 4.759551, 3.33288, 3.09035, 4.321952, 6.881644, 10.287521, 13.655065, 12.374441, 10.248411, 7.405877, 4.0, 0.0, 0.0, 0.0]"
913,"[0.0, 0.0, 0.0, 0.0, 1.16619, 2.608411, 4.220862, 5.941327, 7.661793, 8.216067, 8.660643, 8.768656, 8.660643, 8.281819, 7.902994, 7.036002, 6.115537, 5.135541, 4.426356, 3.884715, 3.884715, 4.426356, 5.680696, 7.048241, 8.528592, 9.917107, 11.266191, 12.070119, 12.760844, 12.888812, 10.480493, 9.510234, 7.985699, 6.094974, 4.133869, 4.933869, 4.669426, 5.473007, 7.005388, 9.241456, 11.39442, 13.163302, 14.418433, 15.310955, 15.580639, 15.310955, 14.32212, 12.709669, 10.826406, 8.594552, 5.911271, 4.307658, 4.344449, 5.238876, 7.38133, 10.637094, 13.887936, 12.238694, 10.002626, 7.139062, 3.883298, 0.0, 0.0, 0.0]"
914,"[0.0, 0.0, 0.0, 0.0, 0.565685, 1.414214, 2.545584, 3.826209, 5.106834, 5.821774, 6.387459, 6.536713, 6.387459, 6.106834, 5.54732, 4.765561, 3.884937, 2.953566, 2.353566, 2.232456, 2.6, 3.464911, 4.788066, 6.17692, 7.636046, 8.968427, 10.144827, 11.062983, 11.88181, 12.155065, 9.822684, 8.904527, 7.540249, 5.532568, 3.200188, 3.600188, 2.925561, 3.262742, 4.642641, 6.905382, 9.050967, 10.893163, 12.307377, 13.155905, 13.438748, 13.019193, 12.172377, 10.758163, 8.650846, 6.305262, 4.579233, 3.559945, 3.487372, 4.920328, 7.403609, 10.496459, 13.611381, 12.26974, 10.115675, 7.432393, 3.939543, 0.0, 0.0, 0.0]"
915,"[0.0, 0.0, 0.0, 0.0, 1.0, 2.2, 3.6, 5.2, 6.8, 7.6, 8.0, 8.2, 8.0, 7.616553, 7.033105, 6.257726, 5.223412, 4.270625, 3.454073, 2.684734, 2.581223, 3.09257, 3.910268, 5.15951, 6.722272, 8.210234, 9.54152, 10.684927, 11.244757, 11.443854, 9.234782, 8.282485, 6.698788, 4.772558, 2.763486, 3.395941, 3.156472, 4.131851, 6.05808, 8.465761, 10.839965, 12.623412, 14.029656, 14.820584, 15.012903, 14.606244, 13.806244, 12.2, 10.4, 8.2, 5.6, 3.847214, 3.512125, 4.209491, 6.139313, 9.185623, 12.415364, 11.150453, 9.253087, 6.723265, 3.676955, 0.0, 0.0, 0.0]"
916,"[0.0, 0.0, 0.0, 0.0, 1.0, 2.2, 3.6, 5.2, 6.8, 7.6, 8.2, 8.4, 8.2, 7.816553, 7.036356, 6.060978, 5.026663, 4.073877, 3.257324, 2.684734, 2.708641, 3.219988, 4.228797, 5.478039, 7.070433, 8.261513, 9.420548, 10.397631, 10.984457, 10.984457, 8.944849, 8.164803, 6.452808, 4.499583, 2.659975, 3.259975, 3.003953, 4.082843, 6.0, 8.2, 10.4, 12.2, 13.4, 14.2, 14.6, 14.4, 13.6, 12.2, 10.2, 8.0, 5.4, 3.6, 3.2, 4.209975, 6.018294, 9.044843, 12.068292, 10.868292, 8.858317, 6.449998, 3.423449, 0.0, 0.0, 0.0]"
917,"[0.0, 0.0, 0.0, 0.0, 1.077033, 2.243223, 3.584864, 5.197316, 6.809767, 7.453199, 7.89946, 8.170271, 8.080974, 7.733434, 7.090002, 6.27755, 5.265099, 4.141944, 3.077033, 2.4, 2.424621, 2.824621, 3.705246, 5.067296, 6.647195, 7.948603, 9.074632, 10.202326, 10.920627, 11.066757, 8.940728, 8.095324, 6.535533, 4.455182, 2.529153, 3.129153, 2.925561, 3.689485, 5.652815, 8.060496, 10.18079, 12.103757, 13.491306, 14.327975, 14.440588, 14.327975, 13.491306, 12.211771, 10.211771, 7.93869, 5.331009, 3.767679, 3.263766, 4.074843, 5.90798, 8.967392, 11.911401, 10.694849, 8.883772, 6.603421, 3.544009, 0.0, 0.0, 0.0]"
918,"[0.0, 0.0, 0.0, 0.0, 1.2, 2.6, 4.2, 6.0, 7.811077, 8.422154, 8.822154, 9.022154, 8.822154, 8.425291, 7.830766, 7.05057, 5.97168, 5.09279, 4.278577, 3.783135, 3.657758, 4.201559, 4.93647, 6.147548, 7.635509, 8.950154, 10.085243, 11.229221, 12.018144, 12.209072, 10.0, 9.249242, 7.865795, 5.986905, 4.186905, 5.035433, 4.828411, 5.58163, 7.277129, 9.540694, 11.738475, 13.606843, 14.947661, 15.841641, 16.108572, 15.925827, 15.031847, 13.691029, 11.645351, 9.314856, 6.898505, 5.306517, 4.778966, 5.573181, 7.380862, 10.262312, 13.211283, 11.769063, 9.709937, 7.102256, 3.773592, 0.0, 0.0, 0.0]"
919,"[0.0, 0.0, 0.0, 0.0, 1.0, 2.414214, 3.976263, 5.538313, 7.382222, 8.226131, 8.508974, 8.64398, 8.64398, 8.080696, 7.402978, 6.600349, 5.703292, 4.773698, 4.125529, 3.759338, 3.884715, 4.426356, 5.406352, 6.773896, 8.254247, 9.642762, 10.991846, 12.070119, 12.760844, 12.888812, 10.480493, 9.510234, 7.985699, 6.094974, 4.407766, 5.207766, 4.901514, 5.579233, 7.120173, 9.119357, 11.481634, 13.229698, 14.548067, 15.369405, 15.561155, 15.119171, 14.237244, 12.724209, 10.826842, 8.635909, 6.315614, 4.756374, 4.563154, 5.33785, 7.285073, 10.183557, 13.198755, 11.742733, 9.703126, 7.034793, 3.736308, 0.0, 0.0, 0.0]"
920,"[0.0, 0.0, 0.0, 0.0, 1.0, 2.4, 4.012452, 5.823529, 7.634606, 8.644581, 9.055658, 9.254283, 9.043206, 8.632129, 7.838707, 7.047433, 6.130784, 5.251894, 4.451894, 3.956452, 3.936648, 4.484441, 5.286485, 6.583852, 7.950803, 9.231154, 10.457266, 11.602444, 12.178941, 12.564743, 10.284392, 9.32486, 7.822718, 5.91454, 4.073132, 4.967559, 4.714781, 5.588198, 7.430831, 9.626803, 11.957279, 13.72616, 15.110001, 15.926585, 16.124707, 15.728231, 14.911647, 13.332107, 11.507204, 9.305276, 6.924063, 5.364272, 4.962583, 5.725914, 7.679782, 10.561232, 13.486296, 12.044075, 9.880745, 7.102256, 3.773592, 0.0, 0.0, 0.0]"
921,"[0.0, 0.0, 0.0, 0.0, 1.077033, 2.341944, 3.865099, 5.388253, 7.177108, 7.808875, 8.252765, 8.438411, 8.624057, 8.291225, 7.798977, 7.090176, 5.981375, 4.83826, 3.782238, 3.390307, 3.556497, 4.398717, 5.530088, 7.109987, 8.693685, 10.088744, 11.366818, 12.390056, 13.100882, 13.100882, 10.539632, 9.516394, 8.076725, 5.833214, 3.424895, 4.146005, 3.729574, 4.292858, 6.108386, 8.799111, 11.051214, 13.026353, 14.438208, 15.431231, 15.71372, 15.431231, 14.301496, 12.766197, 10.676623, 8.150623, 5.659898, 4.428296, 4.320283, 5.486473, 7.992224, 11.397775, 14.503348, 12.890897, 10.558516, 7.605551, 4.0, 0.0, 0.0, 0.0]"
922,"[0.0, 0.0, 0.0, 0.0, 0.72111, 1.72111, 3.001735, 4.443956, 5.886176, 6.777517, 7.219738, 7.381334, 7.219738, 7.058142, 6.294219, 5.573109, 4.578102, 3.697477, 2.699695, 2.251167, 2.330056, 3.082843, 4.097056, 5.463456, 6.960822, 8.441173, 9.582113, 10.697722, 11.32883, 11.519525, 9.239174, 8.312448, 6.782626, 4.902275, 2.814214, 3.261427, 2.867017, 3.51626, 5.155868, 7.786457, 10.16767, 12.174416, 13.750077, 14.935372, 15.331332, 14.911223, 13.894649, 12.469746, 10.244843, 7.618294, 5.209975, 3.765685, 3.131876, 4.101647, 6.118257, 9.280534, 12.509582, 11.343392, 9.37362, 6.957011, 3.794733, 0.0, 0.0, 0.0]"
923,"[0.0, 0.0, 0.0, 0.0, 1.16619, 2.608411, 4.220862, 6.107659, 7.994455, 8.715061, 9.159636, 9.433981, 9.26765, 8.942904, 8.470321, 7.714896, 6.722527, 5.602062, 4.487225, 3.794122, 3.662751, 4.182537, 5.23178, 6.681933, 8.114888, 9.455828, 10.458224, 11.492263, 12.194897, 12.381771, 10.040831, 9.273464, 7.609986, 5.609986, 3.869046, 4.590156, 4.355128, 5.179233, 6.987552, 9.230086, 11.789219, 13.65525, 15.091585, 15.96351, 16.245075, 15.685126, 14.846193, 13.409858, 11.471255, 8.97961, 6.542159, 4.925469, 4.423201, 5.140686, 7.286719, 10.403877, 13.426332, 12.084692, 10.025566, 7.247077, 3.847077, 0.0, 0.0, 0.0]"
924,"[0.0, 0.0, 0.0, 0.0, 1.0, 2.16619, 3.608411, 5.220862, 6.941327, 7.828124, 8.450788, 8.621019, 8.531722, 8.152898, 7.531012, 6.566779, 5.554328, 4.314016, 3.372375, 2.739919, 2.915298, 3.595923, 5.033545, 6.633545, 8.164421, 9.670413, 11.168277, 12.131094, 12.637087, 12.979749, 10.473756, 9.415732, 7.863822, 5.923514, 3.617521, 4.249977, 3.794423, 4.451906, 6.122289, 8.522289, 10.753398, 12.618982, 13.876437, 14.686678, 14.950242, 14.769959, 13.79353, 12.359673, 10.479554, 8.181675, 5.945607, 4.616162, 4.803711, 6.03752, 8.478494, 11.43128, 14.406659, 12.606659, 10.206659, 7.2, 3.8, 0.0, 0.0, 0.0]"
925,"[0.0, 0.0, 0.0, 0.0, 1.019804, 2.284715, 3.740737, 5.449538, 7.158338, 8.035901, 8.420232, 8.613453, 8.360674, 7.868426, 7.171059, 6.321817, 5.30503, 4.296222, 3.526883, 2.892568, 3.092568, 3.801753, 5.063341, 6.704188, 8.418854, 9.892717, 11.219409, 12.178941, 12.759213, 12.952725, 10.478862, 9.707896, 8.304474, 6.268597, 4.194733, 4.827189, 4.129822, 4.664911, 6.232456, 8.432456, 10.8, 12.806244, 14.212488, 15.012488, 15.212488, 14.812488, 13.806244, 12.2, 10.277033, 8.198143, 6.198143, 4.998143, 5.186998, 6.615957, 9.025342, 12.096854, 15.215106, 13.426252, 10.920259, 7.789764, 4.118252, 0.0, 0.0, 0.0]"
926,"[0.0, 0.0, 0.0, 0.0, 0.824621, 1.901654, 3.243295, 4.685515, 6.297967, 6.915566, 7.280754, 7.381334, 7.280754, 6.834493, 6.469305, 5.827085, 4.984864, 4.090437, 3.37146, 3.094427, 3.294427, 3.91098, 4.919788, 6.261429, 7.520555, 8.756623, 9.872451, 10.922422, 11.550177, 11.550177, 9.314109, 8.504883, 7.018694, 5.202085, 3.142959, 3.775414, 3.252259, 3.646669, 5.026568, 7.434887, 9.522726, 11.24302, 12.828806, 13.691441, 14.003416, 13.563473, 12.687088, 11.299539, 9.305534, 6.868082, 4.587731, 3.464933, 3.133106, 4.264477, 6.672359, 9.783629, 12.739474, 11.458849, 9.47895, 6.788225, 3.676955, 0.0, 0.0, 0.0]"
927,"[0.0, 0.0, 0.0, 0.0, 0.894427, 2.159338, 3.500979, 5.113431, 6.725882, 7.443906, 7.791447, 8.062258, 7.972961, 7.62542, 7.090002, 6.302171, 5.28972, 4.166565, 3.101654, 2.624621, 2.624621, 3.101654, 4.043295, 5.285515, 6.40598, 7.707388, 8.756385, 9.677486, 10.361294, 10.640829, 8.5148, 7.730412, 6.18878, 4.462751, 2.662751, 3.109965, 2.899695, 3.875641, 5.60167, 7.947254, 10.328468, 12.170311, 13.584524, 14.431709, 14.859338, 14.43923, 13.746367, 12.197147, 10.223933, 7.65072, 5.242401, 3.56205, 3.131371, 3.851836, 5.893147, 8.946015, 11.951566, 10.820195, 9.09973, 6.658419, 3.605551, 0.0, 0.0, 0.0]"
928,"[0.0, 0.0, 0.0, 0.0, 0.824621, 2.041174, 3.455387, 5.067839, 6.68029, 7.468121, 7.90081, 7.942619, 7.595078, 7.247538, 6.712119, 5.783987, 4.893651, 4.02874, 3.211042, 2.95863, 3.43752, 4.286048, 5.729957, 7.370805, 8.887124, 10.287124, 11.47291, 12.312283, 12.907503, 12.983172, 10.383172, 9.491973, 8.264713, 6.381432, 4.412036, 5.044492, 4.501881, 4.607909, 5.933939, 8.17745, 10.235719, 12.042742, 13.453906, 14.301091, 14.4529, 14.170494, 13.19728, 11.786117, 9.661431, 7.218897, 5.257792, 4.257792, 4.308193, 5.668737, 8.097164, 11.299608, 14.344358, 12.731907, 10.522834, 7.694407, 4.04475, 0.0, 0.0, 0.0]"
929,"[0.0, 0.0, 0.0, 0.0, 1.077033, 2.418674, 4.127474, 5.916329, 7.8861, 8.778839, 9.334565, 9.334565, 9.254511, 8.740762, 8.185204, 7.287837, 6.179036, 4.917449, 3.861427, 2.894427, 2.742955, 3.309146, 4.385087, 5.882453, 7.474848, 8.862387, 10.129302, 11.236737, 11.772475, 11.941939, 9.705872, 8.885218, 7.331662, 5.464242, 3.702384, 4.596811, 4.440381, 5.402956, 7.270376, 9.453751, 11.618736, 13.418478, 14.634634, 15.457293, 15.886116, 15.495037, 14.519624, 13.074937, 11.233386, 8.80643, 6.585311, 5.199387, 5.000761, 5.749879, 8.117423, 11.076087, 14.023534, 12.411083, 10.247752, 7.247752, 3.841875, 0.0, 0.0, 0.0]"
930,"[0.0, 0.0, 0.0, 0.0, 1.131371, 2.545584, 4.107634, 5.669684, 7.513593, 8.226131, 8.655827, 8.790833, 8.925839, 8.496144, 7.93286, 7.165984, 6.293549, 5.228948, 4.535845, 4.149647, 4.272614, 4.862207, 5.878993, 7.245944, 8.692457, 9.909066, 11.178134, 12.212174, 12.724112, 12.983172, 10.566563, 9.592082, 8.323014, 6.547635, 4.394849, 5.289276, 4.8611, 5.426786, 7.010484, 9.12452, 11.354192, 13.197667, 14.341868, 15.057649, 15.496399, 15.063024, 14.064954, 12.661319, 10.66859, 8.234275, 5.826393, 4.548892, 4.548892, 5.749902, 8.184217, 11.342304, 14.493776, 12.773311, 10.44093, 7.44093, 4.0, 0.0, 0.0, 0.0]"
931,"[0.0, 0.0, 0.0, 0.0, 0.894427, 2.060618, 3.583772, 5.106927, 6.815728, 7.630101, 8.252765, 8.252765, 8.252765, 7.885605, 7.457429, 6.668575, 6.039847, 5.116693, 4.496162, 4.215537, 4.29257, 4.812357, 6.023434, 7.302324, 8.710642, 10.24129, 11.655504, 12.672854, 13.303443, 13.303443, 10.695762, 9.678412, 8.264199, 6.528037, 4.566931, 5.288042, 4.643155, 5.017796, 6.359437, 8.512223, 10.764326, 12.760414, 14.202658, 14.939804, 15.125482, 14.568877, 13.560665, 12.038367, 10.231344, 7.89288, 5.676271, 4.522205, 4.375454, 5.489614, 7.884935, 11.125865, 14.009163, 12.447113, 10.166762, 7.324228, 3.883298, 0.0, 0.0, 0.0]"
932,"[0.0, 0.0, 0.0, 0.0, 1.131371, 2.411996, 3.974046, 5.817955, 7.817955, 8.530493, 9.093777, 9.375636, 9.228783, 8.642997, 8.079712, 7.312837, 6.293549, 5.196492, 4.503389, 4.047385, 4.170353, 4.759945, 6.003854, 7.563094, 9.079413, 10.562695, 12.012046, 13.031701, 13.537028, 13.796088, 11.112806, 10.146608, 8.697258, 6.736201, 4.583415, 5.477842, 4.8611, 5.426786, 7.010484, 9.253995, 11.639811, 13.800117, 15.261148, 16.133073, 16.566448, 15.976929, 14.944318, 13.390184, 11.390565, 8.987575, 6.29685, 4.609642, 4.44331, 5.443036, 7.721926, 11.442141, 14.721031, 13.000566, 10.720215, 7.720215, 4.0, 0.0, 0.0, 0.0]"
933,"[0.0, 0.0, 0.0, 0.0, 1.077033, 2.341944, 3.865099, 5.653953, 7.442807, 8.154629, 8.678572, 8.864218, 8.784165, 8.451332, 7.87903, 7.306728, 6.422549, 5.434858, 4.611292, 4.219361, 4.079841, 4.69744, 5.53838, 6.885824, 8.341553, 9.82577, 10.99123, 12.149475, 12.730825, 12.891786, 10.330536, 9.566764, 7.977841, 6.049046, 4.054949, 5.054949, 4.625254, 5.337792, 6.985687, 9.206806, 11.311641, 13.250038, 14.75874, 15.831001, 16.267503, 15.882962, 14.810702, 13.107333, 11.019633, 8.635909, 6.115614, 4.659885, 4.610642, 5.554804, 7.633693, 10.839571, 13.820209, 12.220209, 10.011137, 7.211137, 3.80526, 0.0, 0.0, 0.0]"
934,"[0.0, 0.0, 0.0, 0.0, 1.0, 2.280625, 3.842675, 5.56314, 7.283605, 8.00407, 8.44391, 8.602325, 8.44391, 8.00407, 7.56423, 6.920798, 6.024954, 5.062904, 4.347964, 3.891961, 4.03148, 4.621073, 5.864982, 7.387357, 8.903676, 10.287124, 11.47291, 12.414679, 13.112295, 13.301177, 10.701177, 9.945086, 8.573622, 6.612566, 4.529957, 5.354578, 4.791294, 5.22099, 6.676719, 8.790755, 10.966134, 12.965753, 14.402088, 15.401981, 15.840732, 15.531456, 14.531563, 12.971785, 10.972166, 8.537851, 6.047126, 4.661203, 4.553189, 5.435895, 7.754651, 10.883314, 13.872184, 12.259733, 10.096402, 7.211961, 3.883298, 0.0, 0.0, 0.0]"
935,"[0.0, 0.0, 0.0, 0.0, 0.6, 1.6, 2.8, 4.2, 5.6, 6.6, 7.2, 7.4, 7.2, 6.8, 6.2, 5.2, 4.2, 3.2, 2.6, 2.165685, 2.286796, 3.151707, 4.407729, 5.851638, 7.32556, 8.840518, 10.008712, 11.183279, 11.772475, 11.968935, 9.732867, 8.949005, 7.143036, 5.157145, 2.921077, 3.321077, 2.671835, 3.459665, 5.052059, 7.485164, 9.753497, 11.665541, 12.965134, 13.83757, 14.072797, 13.83757, 12.965134, 11.318001, 9.300384, 7.079265, 4.64616, 3.406552, 3.741641, 5.047214, 7.4, 10.8, 13.8, 12.2, 10.0, 7.2, 3.8, 0.0, 0.0, 0.0]"
936,"[0.0, 0.0, 0.0, 0.0, 1.0, 2.2, 3.6, 5.2, 7.0, 7.6, 8.0, 8.2, 8.0, 7.6, 7.2, 6.6, 5.632456, 4.679669, 3.679669, 3.079669, 2.800779, 3.299695, 4.294702, 5.507153, 6.966279, 8.399235, 9.684473, 10.658862, 11.378791, 11.555733, 9.401667, 8.427278, 6.859197, 4.926817, 2.890749, 3.490749, 3.265081, 4.065795, 5.753856, 8.083678, 10.269356, 12.026017, 13.349989, 14.235141, 14.490997, 14.235141, 13.349989, 11.832797, 9.879387, 7.493709, 4.963887, 3.275826, 3.234017, 4.253821, 6.522154, 9.626989, 12.914807, 11.500593, 9.460986, 6.792653, 3.687818, 0.0, 0.0, 0.0]"
937,"[0.0, 0.0, 0.0, 0.0, 0.824621, 1.844425, 3.109336, 4.565358, 6.2146, 7.039221, 7.47544, 7.66655, 7.47544, 7.091108, 6.518899, 5.783987, 4.893651, 3.82874, 2.763829, 2.134009, 2.212899, 2.647214, 3.847214, 5.247214, 6.809975, 8.219047, 9.627366, 10.635685, 11.444004, 11.444004, 9.234932, 8.226613, 6.818294, 4.809975, 2.8, 3.2, 2.819804, 3.432255, 5.042231, 7.649912, 10.057045, 12.043901, 13.438108, 14.434793, 14.634245, 14.227112, 13.220452, 12.013793, 10.007134, 7.6, 5.2, 3.92111, 3.287301, 4.257072, 6.457072, 9.688171, 12.644016, 11.477826, 9.508054, 6.908054, 3.676955, 0.0, 0.0, 0.0]"
938,"[0.0, 0.0, 0.0, 0.0, 1.019804, 2.236356, 3.65057, 5.299812, 6.949054, 7.578493, 8.011183, 8.246211, 8.011183, 7.76194, 7.312698, 6.488077, 5.559945, 4.592945, 3.825401, 3.625401, 4.081404, 4.802514, 6.242097, 7.84571, 9.262319, 10.581694, 11.925151, 12.950399, 13.687545, 13.870935, 11.270935, 10.455029, 8.985206, 6.86052, 4.66052, 5.38163, 4.628411, 4.986191, 6.346735, 8.554416, 10.839965, 12.630072, 14.054975, 15.052147, 15.451125, 15.052147, 14.254559, 12.829656, 10.623412, 8.063967, 5.739129, 4.54986, 4.399102, 5.679453, 8.144284, 11.40545, 14.508752, 12.859509, 10.579159, 7.667115, 4.123106, 0.0, 0.0, 0.0]"
939,"[0.0, 0.0, 0.0, 0.0, 1.077033, 2.341944, 3.865099, 5.573899, 7.2827, 7.914468, 8.358358, 8.544004, 8.358358, 7.991198, 7.448587, 6.588315, 5.600624, 4.67747, 4.056939, 3.890749, 4.307132, 5.042043, 6.25312, 7.541985, 8.941985, 10.277074, 11.621052, 12.617109, 13.407134, 13.407134, 10.807134, 9.818211, 8.467099, 6.561526, 4.561526, 5.282636, 4.63775, 4.890529, 6.084163, 8.352495, 10.494949, 12.388171, 13.738782, 14.710132, 15.101211, 14.71151, 13.888166, 12.441206, 10.401599, 7.7894, 5.59838, 4.186933, 4.186933, 5.403197, 7.819548, 11.029555, 14.144477, 12.532025, 10.295957, 7.432393, 3.939543, 0.0, 0.0, 0.0]"
940,"[0.0, 0.0, 0.0, 0.0, 1.077033, 2.600188, 4.212639, 6.001494, 8.06062, 9.042713, 9.48933, 9.665732, 9.585679, 9.049707, 8.446603, 7.496636, 6.507781, 5.431436, 4.355495, 3.531929, 3.512125, 3.99275, 4.922344, 6.195595, 7.622266, 8.954647, 10.180015, 11.301246, 12.086774, 12.263716, 9.931335, 9.037794, 7.354512, 5.56963, 3.780775, 4.580775, 4.382537, 5.226446, 6.979199, 9.44403, 11.748865, 13.687262, 15.195964, 16.074712, 16.267503, 15.882962, 14.871291, 13.416047, 11.328347, 8.944622, 6.424328, 4.977815, 4.53647, 5.55191, 7.742844, 11.035694, 14.024564, 12.568542, 10.288191, 7.376147, 3.883298, 0.0, 0.0, 0.0]"
941,"[0.0, 0.0, 0.0, 0.0, 0.894427, 2.060618, 3.402258, 5.01471, 6.627161, 7.345186, 7.791447, 7.972961, 7.883664, 7.536123, 6.943476, 6.131024, 5.240325, 4.282856, 3.617945, 3.492568, 3.858759, 4.788353, 6.066576, 7.592606, 9.139489, 10.58098, 11.739224, 12.673804, 13.432216, 13.598586, 10.990905, 10.11452, 8.750244, 6.865803, 4.540965, 5.173421, 4.546064, 4.97576, 6.25611, 8.50309, 10.782678, 12.728403, 14.046772, 14.928699, 15.310921, 14.928699, 13.854483, 12.341447, 10.256203, 7.791372, 5.66155, 4.573489, 4.536698, 5.668737, 8.228183, 11.450337, 14.655096, 13.042645, 10.833573, 7.826913, 4.204759, 0.0, 0.0, 0.0]"
942,"[0.0, 0.0, 0.0, 0.0, 1.077033, 2.533055, 4.241856, 5.950656, 7.848023, 8.740762, 9.182106, 9.370672, 9.370672, 8.929327, 8.373769, 7.476403, 6.379036, 5.302691, 4.293883, 3.512125, 3.512125, 3.99275, 4.802514, 6.242097, 7.668768, 9.085377, 10.404752, 11.562531, 12.181728, 12.35867, 9.942061, 8.954512, 7.520703, 5.580395, 3.791541, 4.591541, 4.393303, 5.124479, 6.899734, 9.172814, 11.535092, 13.53848, 14.993724, 16.005395, 16.447379, 16.005395, 14.928734, 13.545894, 11.270316, 8.673724, 6.400644, 4.884325, 4.328767, 5.291342, 7.356245, 10.33248, 13.512856, 12.098643, 10.059035, 7.428445, 4.004997, 0.0, 0.0, 0.0]"
943,"[0.0, 0.0, 0.0, 0.0, 0.894427, 2.236068, 3.84852, 5.460971, 7.249825, 8.242194, 8.621019, 8.621019, 8.531722, 8.084508, 7.462623, 6.761962, 5.74951, 4.673569, 3.779142, 3.314231, 3.314231, 4.055872, 5.329123, 7.007939, 8.470681, 9.859196, 11.20828, 12.178539, 12.743235, 12.888812, 10.480493, 9.510234, 7.985699, 5.92743, 3.719111, 4.284796, 3.844956, 4.399231, 6.208086, 8.728381, 11.215563, 13.263601, 14.8718, 15.483356, 15.815929, 15.370743, 14.37446, 12.834651, 10.947974, 8.527562, 6.119881, 4.7875, 4.560696, 5.657247, 7.853219, 11.19158, 14.161467, 12.599417, 10.336675, 7.508248, 3.969887, 0.0, 0.0, 0.0]"
944,"[0.0, 0.0, 0.0, 0.0, 1.0, 2.216553, 3.630766, 5.230766, 6.843218, 7.455669, 7.851568, 8.049806, 7.86402, 7.468121, 6.875473, 6.087643, 5.040877, 4.026663, 3.21011, 2.63752, 2.378584, 2.889932, 3.754843, 5.004085, 6.566847, 8.210234, 9.54152, 10.684927, 11.271753, 11.301386, 9.092314, 8.098208, 6.51451, 4.561285, 2.721677, 3.354133, 3.139919, 4.115298, 5.832456, 8.032456, 10.2, 12.0, 13.2, 14.2, 14.6, 14.4, 13.6, 12.2, 10.4, 8.2, 5.6, 3.8, 3.4, 4.0, 6.0, 9.026549, 12.248703, 11.048703, 9.248703, 6.648703, 3.622154, 0.0, 0.0, 0.0]"
945,"[0.0, 0.0, 0.0, 0.0, 1.216553, 2.630766, 4.280008, 6.123917, 7.934994, 8.562351, 8.992046, 9.186713, 8.992046, 8.636991, 8.057993, 7.291117, 6.168319, 4.96629, 3.957481, 3.413681, 3.161269, 3.656711, 4.809497, 6.173361, 7.688319, 9.296803, 10.748583, 11.816916, 12.636428, 12.636428, 10.203323, 9.147442, 7.679109, 5.680975, 3.644907, 4.366017, 4.095207, 4.792573, 6.440468, 8.960763, 11.344487, 13.355457, 14.810702, 15.692629, 16.134612, 15.750071, 14.7384, 13.229698, 11.283973, 8.921695, 6.648615, 5.202102, 5.078658, 6.124848, 8.298061, 11.389209, 14.598439, 12.877974, 10.615232, 7.642018, 4.103657, 0.0, 0.0, 0.0]"
946,"[0.0, 0.0, 0.0, 0.0, 0.894427, 2.159338, 3.61536, 5.264602, 6.913845, 7.863326, 8.247658, 8.500436, 8.374349, 8.066747, 7.389029, 6.739787, 5.752096, 4.828941, 4.208411, 4.042221, 4.119253, 4.854165, 6.065242, 7.544132, 8.944132, 10.47478, 11.825892, 12.843242, 13.450376, 13.658057, 11.050376, 10.043242, 8.629028, 6.716322, 4.508641, 5.357169, 4.837794, 5.310376, 6.652017, 8.852017, 11.049798, 13.000272, 14.344575, 15.339606, 15.785915, 15.422887, 14.427857, 12.905558, 10.84065, 8.241554, 5.758273, 4.370733, 4.223982, 5.320533, 7.715854, 10.921731, 14.04309, 12.48104, 10.218298, 7.375764, 3.969887, 0.0, 0.0, 0.0]"
947,"[0.0, 0.0, 0.0, 0.0, 0.894427, 2.236068, 3.84852, 5.55732, 7.266121, 8.080495, 8.527708, 8.527708, 8.431359, 8.164779, 7.736603, 6.947748, 6.229724, 5.217273, 4.340737, 3.781223, 3.858256, 4.57628, 5.77628, 7.22057, 8.932565, 10.329395, 11.580508, 12.644072, 13.497661, 13.497661, 11.023798, 9.97131, 8.507746, 6.468803, 4.482912, 5.204022, 4.67357, 5.27357, 6.781329, 8.941797, 11.173651, 13.023522, 14.154017, 15.046539, 15.391823, 15.046539, 14.079375, 12.737734, 10.679021, 8.291742, 5.884061, 4.569258, 4.342454, 5.584582, 7.992111, 11.330472, 14.585601, 13.023551, 10.615232, 7.642018, 4.103657, 0.0, 0.0, 0.0]"
948,"[0.0, 0.0, 0.0, 0.0, 0.894427, 2.060618, 3.583772, 5.106927, 6.815728, 7.630101, 8.172711, 8.172711, 8.172711, 7.630101, 7.087491, 6.37869, 5.576646, 4.653491, 3.887301, 3.286796, 3.007906, 3.3066, 4.1066, 5.5066, 6.940914, 8.419804, 9.8, 10.8, 11.2, 11.4, 9.2, 8.2, 6.624621, 4.707464, 2.707464, 3.307464, 3.107464, 3.882843, 5.8, 8.2, 10.6, 12.4, 13.8, 14.6, 14.8, 14.4, 13.6, 12.2, 10.2, 8.0, 5.4, 3.6, 3.4, 4.2, 6.2, 9.406244, 12.611795, 11.211795, 9.411795, 6.811795, 3.605551, 0.0, 0.0, 0.0]"
949,"[0.0, 0.0, 0.0, 0.0, 0.632456, 1.652259, 2.868812, 4.283026, 5.697239, 6.520806, 6.915215, 6.915215, 6.717554, 6.323144, 5.691744, 4.909986, 4.140647, 3.124094, 2.551504, 2.292568, 2.55454, 3.323879, 4.73633, 6.289117, 7.923431, 9.429004, 10.812452, 11.8, 12.208319, 12.217391, 9.817391, 8.829843, 7.249647, 5.241328, 3.032255, 3.432255, 2.819804, 3.412452, 5.052059, 7.288127, 9.55646, 11.468504, 12.768097, 13.640533, 14.124759, 13.736777, 12.912794, 11.265661, 9.43065, 6.993199, 4.712848, 3.224787, 3.559876, 4.682843, 7.207134, 10.432037, 13.653032, 12.053032, 9.853032, 7.045898, 3.820995, 0.0, 0.0, 0.0]"
950,"[0.0, 0.0, 0.0, 0.0, 1.0, 2.2, 3.6, 5.2, 6.8, 7.6, 8.012452, 8.224903, 8.039117, 7.655669, 7.12058, 6.402556, 5.35579, 4.38879, 3.804693, 3.38831, 3.660073, 4.617542, 6.014238, 7.42139, 8.981181, 10.422671, 11.507198, 12.470422, 13.237948, 13.237948, 10.630267, 9.833663, 8.482552, 6.675418, 4.667099, 5.515627, 5.046191, 5.29897, 6.387031, 8.516853, 10.580369, 12.343563, 13.739597, 14.756371, 15.138593, 14.756371, 13.931887, 12.476294, 10.448492, 7.983662, 5.65384, 4.094599, 4.142413, 5.191409, 7.58673, 10.82766, 14.10655, 12.409493, 10.283464, 7.44093, 4.0, 0.0, 0.0, 0.0]"
951,"[0.0, 0.0, 0.0, 0.0, 1.131371, 2.545584, 4.107634, 5.951543, 7.795452, 8.664081, 9.093777, 9.228783, 9.08193, 8.800071, 8.080696, 7.402978, 6.530543, 5.433486, 4.437122, 3.788952, 3.642566, 4.082856, 5.095307, 6.250087, 7.743661, 9.004208, 10.147616, 10.943483, 11.784268, 11.938589, 9.658238, 8.69214, 7.450011, 5.488762, 3.655624, 4.480246, 4.379666, 5.100272, 6.941583, 9.37881, 11.716467, 13.537104, 15.091238, 15.97859, 16.256426, 15.814443, 15.093476, 13.652546, 11.604508, 9.16334, 6.89026, 5.27357, 4.67357, 5.40292, 7.289491, 10.265726, 13.262099, 11.862099, 9.852124, 7.244443, 3.820995, 0.0, 0.0, 0.0]"
952,"[0.0, 0.0, 0.0, 0.0, 1.019804, 2.236356, 3.65057, 5.299812, 6.949054, 7.578493, 8.011183, 8.246211, 8.052991, 7.620301, 7.171059, 6.321817, 5.272574, 4.263766, 3.247214, 2.447214, 2.279669, 2.679669, 3.51308, 4.87513, 6.319039, 7.686584, 8.849914, 9.84964, 10.567941, 10.567941, 8.567941, 7.685235, 6.125995, 4.045644, 2.401735, 2.848949, 2.568324, 3.409264, 5.335293, 7.696542, 10.222543, 12.195756, 13.60692, 14.454105, 14.721282, 14.293653, 13.446468, 12.170311, 10.197097, 7.815883, 5.270299, 3.74427, 3.213404, 4.1002, 6.094298, 9.147165, 12.152717, 10.986526, 9.09973, 6.658419, 3.605551, 0.0, 0.0, 0.0]"
953,"[0.0, 0.0, 0.0, 0.0, 0.6, 1.6, 2.8, 4.2, 5.6, 6.4, 6.8, 7.0, 6.8, 6.4, 6.0, 5.232456, 4.115298, 3.115298, 2.398141, 1.845355, 2.03752, 2.97123, 4.185444, 5.702601, 7.255387, 8.630766, 10.014214, 11.2, 11.8, 12.2, 10.0, 9.0, 7.4, 5.4, 3.0, 3.4, 2.8, 3.4, 5.0, 7.4, 9.6, 11.4, 12.6, 13.4, 13.6, 13.4, 12.6, 11.2, 9.4, 7.2, 5.0, 3.72111, 3.933562, 4.97317, 7.241502, 10.339987, 13.306694, 11.694243, 9.654635, 6.986302, 3.687818, 0.0, 0.0, 0.0]"
954,"[0.0, 0.0, 0.0, 0.0, 0.824621, 2.041174, 3.497196, 4.953218, 6.60246, 7.427081, 7.859771, 7.859771, 7.817962, 7.385273, 6.93603, 6.086788, 5.230766, 4.216553, 3.2, 2.4, 2.32111, 2.569638, 3.450263, 4.692484, 6.081338, 7.419354, 8.806894, 9.942878, 10.736726, 11.006997, 8.947871, 7.877994, 6.182495, 4.229269, 2.370143, 2.970143, 2.823757, 3.751889, 5.623112, 8.023112, 10.286676, 12.313182, 13.710249, 14.602492, 14.866056, 14.602492, 13.525954, 12.188446, 10.036564, 7.620213, 5.020213, 3.650442, 2.941641, 3.847214, 5.8, 8.806659, 11.828813, 10.828813, 9.028813, 6.628813, 3.622154, 0.0, 0.0, 0.0]"
955,"[0.0, 0.0, 0.0, 0.0, 1.0, 2.2, 3.6, 5.212452, 7.012452, 7.624903, 8.224903, 8.424903, 8.212452, 7.826665, 7.234017, 6.328445, 5.449555, 4.496769, 3.71501, 3.695207, 4.081404, 4.972746, 6.314386, 7.835997, 9.176937, 10.370175, 11.478018, 12.601207, 13.167436, 13.356318, 10.882454, 9.951015, 8.380611, 6.508845, 4.379023, 5.100134, 4.527832, 4.798642, 6.150114, 8.350114, 10.635663, 12.42577, 14.019562, 15.025806, 15.432466, 15.025806, 14.029122, 12.43533, 10.229086, 7.622427, 5.305269, 4.315098, 4.158669, 5.394737, 7.858301, 11.263276, 14.322688, 12.866666, 10.630598, 7.767033, 4.079216, 0.0, 0.0, 0.0]"
956,"[0.0, 0.0, 0.0, 0.0, 1.2, 2.6, 4.2, 6.0, 8.0, 8.611077, 9.011077, 9.211077, 9.011077, 8.623529, 8.029004, 7.306037, 6.227147, 5.192833, 3.980381, 3.329514, 3.252481, 3.796282, 4.879839, 6.323748, 7.967134, 9.375453, 10.718223, 11.668981, 12.432753, 12.432753, 10.024434, 9.029205, 7.449009, 5.473783, 3.547554, 4.372175, 4.173937, 5.164108, 6.939971, 9.457129, 11.832508, 13.624538, 15.02044, 15.812121, 16.012121, 15.619255, 14.813011, 13.407134, 11.407134, 9.039589, 6.432456, 5.032456, 4.594505, 5.557836, 7.703869, 11.081578, 14.021121, 12.459071, 10.295741, 7.517252, 3.939543, 0.0, 0.0, 0.0]"
957,"[0.0, 0.0, 0.0, 0.0, 0.72111, 1.545731, 2.810642, 4.075554, 5.531575, 6.266487, 6.897888, 6.897888, 6.71001, 6.331021, 5.769426, 4.87909, 4.014179, 3.137146, 2.342955, 2.080984, 2.515298, 3.315298, 4.715298, 6.432456, 8.009072, 9.417391, 10.84798, 11.855661, 12.26398, 12.454908, 10.046589, 9.016, 7.408319, 5.4, 3.0, 3.4, 2.8, 3.4, 5.0, 7.209072, 9.416753, 11.216753, 12.423887, 13.231021, 13.621949, 13.414268, 12.614268, 11.207134, 9.4, 7.0, 4.8, 3.432456, 3.488478, 4.642543, 7.228221, 10.25932, 13.489506, 12.033484, 9.879418, 7.09374, 3.862642, 0.0, 0.0, 0.0]"
958,"[0.0, 0.0, 0.0, 0.0, 0.894427, 2.060618, 3.502838, 4.945059, 6.665524, 7.491562, 8.045836, 8.045836, 8.045836, 7.667012, 7.02358, 6.127736, 5.285515, 4.243295, 3.184497, 2.707464, 2.682843, 3.159876, 3.926066, 5.085444, 6.205909, 7.405909, 8.454905, 9.569066, 10.252874, 10.532409, 8.532409, 7.748021, 6.362097, 4.436068, 2.636068, 3.083282, 2.741641, 3.54427, 5.324169, 7.669753, 10.050967, 12.024181, 13.300338, 14.293653, 14.438793, 14.018685, 13.1715, 11.895343, 9.922129, 7.678618, 5.270299, 3.74427, 2.941641, 3.730495, 5.615662, 8.500103, 11.228767, 10.33434, 8.545485, 6.213104, 3.328663, 0.0, 0.0, 0.0]"
959,"[0.0, 0.0, 0.0, 0.0, 0.72111, 1.72111, 3.001735, 4.443956, 5.886176, 6.607286, 7.049507, 7.049507, 6.887911, 6.577062, 6.134841, 5.325076, 4.644451, 3.763826, 3.079669, 2.712125, 3.099473, 3.699473, 4.899473, 6.252259, 7.629779, 8.846043, 10.079148, 10.912253, 11.545358, 11.744455, 9.508387, 8.675282, 7.242177, 5.409072, 3.4, 3.847214, 3.141641, 3.664795, 4.962162, 7.103102, 9.185711, 11.011577, 12.400467, 13.415144, 13.794498, 13.605616, 12.782689, 11.326667, 9.239244, 6.71895, 4.37801, 3.113099, 2.823267, 3.885442, 6.191435, 9.32193, 12.267183, 11.100993, 9.214197, 6.708204, 3.577709, 0.0, 0.0, 0.0]"
960,"[0.0, 0.0, 0.0, 0.0, 1.0, 2.280625, 3.842675, 5.56314, 7.407049, 8.250958, 8.814242, 8.814242, 8.655827, 8.226131, 7.662847, 6.818938, 5.889344, 4.527294, 3.560294, 2.879669, 2.956702, 3.766467, 5.286932, 6.839719, 8.365748, 9.697034, 10.800398, 11.625517, 12.171101, 12.453391, 10.045072, 9.196544, 7.81715, 5.904021, 3.695702, 4.416812, 4.000381, 4.834191, 6.482086, 8.843336, 11.122225, 12.841601, 14.121844, 15.121737, 15.560488, 15.121737, 14.402088, 12.818901, 10.819282, 8.540392, 6.426356, 5.146005, 5.048949, 5.977396, 8.282835, 11.25907, 14.30382, 12.70382, 10.494747, 7.468198, 4.04475, 0.0, 0.0, 0.0]"
961,"[0.0, 0.0, 0.0, 0.0, 0.632456, 1.709488, 2.875679, 4.21732, 5.55896, 6.44966, 6.895781, 7.071232, 6.994502, 6.672665, 5.974131, 5.050977, 4.109336, 2.844425, 2.224621, 1.847214, 1.968324, 2.734514, 4.176735, 5.565589, 7.088147, 8.521103, 9.695852, 10.594572, 11.146657, 11.330952, 9.176886, 8.359101, 6.912588, 4.85449, 2.900425, 3.300425, 2.77727, 3.297056, 4.858122, 7.091227, 9.321817, 11.185381, 12.634732, 13.654387, 13.851871, 13.654387, 12.830431, 11.38108, 9.411943, 7.064196, 5.031091, 3.712594, 3.754402, 4.899583, 7.480304, 10.378789, 13.540976, 12.084954, 10.045346, 7.181782, 3.883298, 0.0, 0.0, 0.0]"
962,"[0.0, 0.0, 0.0, 0.0, 0.8, 1.8, 2.8, 4.2, 5.6, 6.2, 6.6, 7.0, 6.8, 6.419804, 5.844425, 4.891639, 3.774481, 2.774481, 2.03752, 1.812899, 2.165685, 3.082843, 4.282843, 5.8, 7.209975, 8.646043, 9.879148, 10.912253, 11.545358, 11.771451, 9.535383, 8.702278, 7.269173, 5.436068, 3.4, 3.682843, 2.97727, 3.318911, 4.616277, 6.570343, 8.8875, 10.593073, 11.934714, 12.720629, 12.983172, 12.537238, 11.834605, 10.416234, 8.532953, 6.516344, 4.562278, 3.489532, 3.505246, 4.705246, 6.866496, 9.828773, 12.724367, 11.443742, 9.443742, 6.882493, 3.720215, 0.0, 0.0, 0.0]"
963,"[0.0, 0.0, 0.0, 0.0, 1.0, 2.16619, 3.608411, 5.220862, 6.941327, 7.553779, 8.00004, 8.278285, 8.108054, 7.668214, 7.187133, 6.574681, 5.486672, 4.676907, 4.117392, 3.810642, 3.810642, 4.5924, 5.609187, 7.042143, 8.371588, 9.788197, 10.981664, 12.110911, 12.640126, 12.992053, 10.575444, 9.676564, 8.114628, 6.255967, 4.31566, 5.140281, 4.773121, 5.443365, 6.782074, 8.936683, 11.112062, 12.894521, 14.287969, 15.404882, 15.569029, 15.17671, 14.215941, 12.656162, 10.656543, 8.493212, 6.085531, 4.5222, 4.215949, 5.171392, 7.278709, 10.334473, 13.38413, 11.969917, 9.733849, 6.905422, 3.649658, 0.0, 0.0, 0.0]"
964,"[0.0, 0.0, 0.0, 0.0, 1.16619, 2.507831, 3.950052, 5.670517, 7.390982, 8.0687, 8.447525, 8.725769, 8.617756, 8.238931, 7.659934, 6.959272, 6.063428, 5.083432, 4.374247, 3.909336, 3.966565, 4.584165, 5.795618, 7.143061, 8.605803, 9.937089, 11.056118, 11.932503, 12.513854, 12.659431, 10.251112, 9.386919, 7.832815, 5.904021, 4.128158, 4.928158, 4.645315, 5.323034, 6.970929, 9.006806, 11.11885, 12.809471, 14.264047, 15.282181, 15.718683, 15.474972, 14.803242, 13.348666, 11.315093, 9.104685, 6.636352, 4.924357, 4.494662, 5.269359, 7.043264, 10.141749, 13.303936, 11.889723, 9.850115, 7.181782, 3.883298, 0.0, 0.0, 0.0]"
965,"[0.0, 0.0, 0.0, 0.0, 0.894427, 1.97146, 3.313101, 4.925552, 6.538004, 7.256028, 7.791447, 7.972961, 7.70215, 7.35461, 6.761962, 5.94951, 4.826356, 3.684715, 2.619804, 2.2, 2.294427, 3.175052, 4.672108, 6.316017, 7.842046, 9.355938, 10.636563, 11.659801, 12.377142, 12.531463, 10.123144, 9.123945, 7.40365, 5.289614, 3.009264, 3.456477, 3.060618, 3.781083, 5.61422, 8.17547, 10.728256, 12.686165, 14.0898, 14.933549, 15.345513, 14.906763, 13.908692, 12.346642, 10.353913, 7.827913, 5.266664, 3.740634, 3.791036, 4.940016, 7.404846, 10.757457, 14.207149, 12.594697, 10.314346, 7.402302, 4.049691, 0.0, 0.0, 0.0]"
966,"[0.0, 0.0, 0.0, 0.0, 0.565685, 1.565685, 2.84631, 4.126935, 5.569156, 6.445691, 6.887911, 6.887911, 6.773477, 6.462627, 5.868935, 4.873928, 3.993303, 3.027113, 2.342955, 2.094427, 2.647214, 3.661427, 5.073879, 6.470574, 8.150925, 9.491865, 10.418591, 11.14708, 11.644111, 11.644111, 9.303171, 8.574682, 7.233742, 5.492802, 3.212452, 3.495294, 2.77727, 3.233292, 4.530658, 6.871598, 8.929696, 10.755563, 12.085218, 12.787852, 12.787852, 12.787852, 11.964924, 10.444158, 8.644158, 6.503218, 4.362278, 3.186021, 3.363331, 4.726662, 7.246956, 10.171056, 13.17016, 11.72794, 9.564609, 6.844315, 3.720215, 0.0, 0.0, 0.0]"
967,"[0.0, 0.0, 0.0, 0.0, 0.8, 1.8, 3.0, 4.414214, 5.828427, 6.640879, 7.055092, 7.269306, 7.055092, 6.640879, 5.828427, 5.014214, 3.8, 2.6, 1.8, 1.282843, 1.315298, 2.380209, 3.836231, 5.48014, 7.236905, 8.840518, 10.183288, 11.135585, 11.724781, 12.118278, 9.88221, 8.88698, 7.498465, 5.512574, 3.079469, 3.479469, 2.867017, 3.447214, 5.0, 7.4, 9.6, 11.4, 12.6, 13.4, 13.6, 13.2, 12.4, 11.0, 9.219804, 7.019804, 5.019804, 3.740914, 3.796936, 4.931198, 7.251492, 10.282591, 13.424122, 11.9681, 9.814035, 7.09374, 3.862642, 0.0, 0.0, 0.0]"
968,"[0.0, 0.0, 0.0, 0.0, 0.632456, 1.526883, 2.693073, 4.034714, 5.376355, 6.18612, 6.633333, 6.808784, 6.544176, 6.222339, 5.580118, 4.838478, 3.896837, 3.102647, 2.482843, 2.482843, 2.77727, 3.657895, 4.937102, 6.381011, 7.581011, 9.127895, 10.288581, 11.334212, 11.931614, 12.211965, 9.770654, 8.891393, 7.415083, 5.606227, 3.525876, 3.925876, 3.363826, 3.646669, 4.91158, 6.991931, 9.312225, 11.097903, 12.595733, 13.610411, 13.859882, 13.419939, 12.531627, 11.075606, 8.988183, 6.658361, 4.37801, 3.280643, 3.224621, 4.6, 7.2, 10.6, 13.6, 12.2, 10.0, 7.2, 3.8, 0.0, 0.0, 0.0]"
969,"[0.0, 0.0, 0.0, 0.0, 0.6, 1.619804, 2.884715, 4.149626, 5.605648, 6.46167, 6.897888, 6.897888, 6.84953, 6.593508, 5.937486, 5.081464, 4.216553, 3.2, 2.4, 2.232456, 2.632456, 3.51308, 4.755301, 6.242097, 7.668768, 9.085377, 10.404752, 11.562531, 12.275735, 12.452677, 10.036068, 8.959223, 7.525413, 5.646523, 3.610455, 4.010455, 3.487301, 3.92111, 5.2, 7.4, 9.807134, 11.614268, 12.821401, 13.628535, 13.836216, 13.429082, 12.421949, 11.214815, 9.207681, 6.8, 4.6, 3.6, 3.264911, 4.504519, 6.972852, 10.028616, 12.916434, 11.651523, 9.611915, 6.943582, 3.687818, 0.0, 0.0, 0.0]"
970,"[0.0, 0.0, 0.0, 0.0, 1.0, 2.2, 3.6, 5.212452, 6.824903, 7.437355, 7.837355, 8.037355, 7.824903, 7.412452, 6.8, 6.0, 5.032456, 4.079669, 3.279669, 2.879669, 2.928197, 3.461932, 4.356359, 5.479514, 6.776881, 8.208703, 9.516376, 10.455086, 11.212283, 11.402977, 9.122626, 8.171918, 6.785994, 4.952857, 3.064795, 3.664795, 3.341641, 4.247214, 6.0, 8.4, 10.6, 12.4, 13.8, 14.6, 14.8, 14.6, 13.8, 12.2, 10.4, 8.2, 5.6, 3.847214, 3.512125, 4.209491, 6.139313, 9.185623, 12.415364, 11.150453, 9.253087, 6.723265, 3.676955, 0.0, 0.0, 0.0]"
971,"[0.0, 0.0, 0.0, 0.0, 1.019804, 2.236356, 3.65057, 5.263022, 7.074099, 7.865372, 8.261271, 8.496299, 8.33987, 7.793704, 7.05966, 6.341635, 5.540921, 4.717355, 4.084899, 3.856395, 4.128158, 4.802784, 6.014238, 7.42139, 8.981181, 10.422671, 11.507198, 12.463289, 13.230815, 13.430177, 10.822496, 10.025892, 8.681914, 6.769207, 4.561526, 5.410054, 4.940618, 5.193397, 6.579321, 8.653184, 10.66822, 12.385991, 13.736602, 14.561086, 15.192058, 14.802357, 13.831006, 12.582672, 10.55487, 7.850035, 5.659014, 4.46538, 4.266754, 5.353052, 7.837493, 11.053222, 14.377799, 12.765348, 10.602017, 7.717576, 4.219005, 0.0, 0.0, 0.0]"
972,"[0.0, 0.0, 0.0, 0.0, 1.019804, 2.284715, 3.698929, 5.348171, 6.997413, 7.821518, 8.205849, 8.440878, 8.247658, 7.863326, 7.096451, 6.341635, 5.258079, 4.202057, 3.502831, 3.146908, 3.517392, 4.36592, 5.809829, 7.453216, 9.132106, 10.467195, 11.852981, 12.816206, 13.407134, 13.607134, 11.007134, 10.217109, 8.626528, 6.458983, 4.141826, 4.774281, 3.964306, 4.347754, 5.915298, 8.240136, 10.414815, 12.414815, 13.814815, 14.614815, 14.807134, 14.6, 13.6, 12.2, 10.416553, 8.249008, 6.049008, 4.849008, 4.957809, 6.157865, 8.498624, 11.704175, 14.753866, 13.045066, 10.628456, 7.655243, 4.049691, 0.0, 0.0, 0.0]"
973,"[0.0, 0.0, 0.0, 0.0, 1.0, 2.280625, 3.842675, 5.539731, 7.51963, 8.216686, 8.633118, 8.768124, 8.633118, 8.067432, 7.536566, 6.733937, 5.669337, 4.507287, 3.540287, 3.174096, 3.299473, 4.008658, 5.329123, 6.88191, 8.362261, 9.903706, 11.25279, 12.093575, 12.654825, 12.782793, 10.221543, 9.251283, 7.856224, 5.92743, 3.519111, 4.084796, 3.644956, 4.322675, 5.97057, 8.53182, 10.966134, 12.965753, 14.402088, 15.284015, 15.722765, 15.44306, 14.443167, 13.049719, 11.168066, 8.800522, 6.280227, 4.894304, 4.530662, 5.486105, 7.806614, 11.212166, 14.201036, 12.677881, 10.441813, 7.488849, 3.883298, 0.0, 0.0, 0.0]"
974,"[0.0, 0.0, 0.0, 0.0, 0.8, 1.8, 3.0, 4.4, 6.0, 6.6, 7.2, 7.4, 7.2, 6.8, 6.2, 5.2, 4.247214, 3.494427, 2.894427, 2.726883, 3.126883, 4.093883, 5.343725, 6.587634, 8.118509, 9.559821, 10.753288, 11.497543, 12.094945, 12.211965, 9.770654, 8.725023, 7.283712, 5.289614, 3.009264, 3.209264, 2.368324, 2.648949, 4.045644, 6.325995, 8.687245, 10.656859, 12.218768, 13.065584, 13.475958, 13.17745, 12.330634, 10.768725, 8.643686, 6.152961, 4.090219, 2.878766, 2.764331, 4.361977, 6.882271, 10.010934, 13.261776, 12.095586, 9.932255, 7.211961, 3.883298, 0.0, 0.0, 0.0]"
975,"[0.0, 0.0, 0.0, 0.0, 0.848528, 1.979899, 3.260524, 4.674737, 6.088951, 6.802473, 7.085315, 7.218904, 7.085315, 6.951727, 6.389677, 5.86989, 4.855677, 3.775052, 2.694427, 2.294427, 2.2, 3.0, 4.256022, 5.764823, 7.062189, 8.416255, 9.632864, 10.593452, 11.225591, 11.416286, 9.26222, 8.301632, 6.904827, 4.963887, 2.875826, 3.275826, 2.839608, 3.469046, 5.108654, 7.541759, 9.970186, 11.976931, 13.387101, 14.374042, 14.769364, 14.349256, 13.332682, 12.07327, 10.046721, 7.618294, 5.209975, 3.647214, 2.924247, 3.713101, 5.654041, 8.816319, 11.974656, 10.897623, 9.108769, 6.767829, 3.605551, 0.0, 0.0, 0.0]"
976,"[0.0, 0.0, 0.0, 0.0, 1.0, 2.216553, 3.630766, 5.280008, 6.929251, 7.578493, 8.011183, 8.246211, 8.011183, 7.776154, 7.326912, 6.677669, 5.828427, 4.861427, 3.894427, 3.294427, 3.119048, 3.485239, 4.31865, 5.433486, 6.530543, 7.68582, 8.782372, 9.764489, 10.328468, 10.611311, 8.631412, 7.81089, 6.269259, 4.34323, 2.363331, 2.929016, 2.486796, 3.462742, 5.388771, 7.79709, 10.073938, 12.073938, 13.376882, 14.250853, 14.562828, 14.161605, 13.220731, 11.941196, 9.835623, 7.562543, 5.121232, 3.509319, 2.788854, 3.738336, 5.571473, 8.695573, 11.654237, 10.654237, 8.810328, 6.529977, 3.405877, 0.0, 0.0, 0.0]"
977,"[0.0, 0.0, 0.0, 0.0, 1.077033, 2.418674, 3.941828, 5.55428, 7.343134, 8.054956, 8.502169, 8.502169, 8.412872, 7.888929, 7.177108, 6.212874, 5.28972, 4.049408, 3.184497, 2.828574, 3.135324, 3.815949, 5.253571, 7.016902, 8.531859, 9.906481, 11.309138, 12.271955, 12.614617, 12.795158, 10.289165, 9.394738, 7.877647, 5.937339, 3.72073, 4.353186, 3.829242, 4.371853, 5.960233, 8.360233, 10.513455, 12.294854, 13.632362, 14.524605, 14.710283, 14.524605, 13.632362, 12.198504, 10.318386, 8.098393, 5.945607, 4.685968, 4.685968, 5.928097, 8.369071, 11.327734, 14.438304, 12.825852, 10.417533, 7.410874, 4.004997, 0.0, 0.0, 0.0]"
978,"[0.0, 0.0, 0.0, 0.0, 1.0, 2.2, 3.6, 5.212452, 6.824903, 7.63598, 8.048432, 8.260883, 8.048432, 7.63598, 7.024903, 6.212452, 5.2, 4.082843, 3.082843, 2.330056, 2.251167, 2.7282, 3.710268, 5.15951, 6.556205, 8.071163, 9.230198, 10.398392, 10.985218, 11.180917, 8.944849, 7.973692, 6.365208, 4.576354, 2.536746, 3.136746, 3.071835, 3.847214, 5.6, 8.207681, 10.414815, 12.221474, 13.628133, 14.434793, 14.833771, 14.634318, 13.836731, 12.641149, 10.654293, 8.047634, 5.639953, 4.151991, 3.417947, 4.106944, 6.236766, 9.141601, 12.156799, 11.079766, 9.370965, 6.841143, 3.736308, 0.0, 0.0, 0.0]"
979,"[0.0, 0.0, 0.0, 0.0, 1.0, 2.216553, 3.672574, 5.128596, 6.837397, 7.486639, 7.726109, 7.726109, 7.684301, 7.1755, 6.526258, 5.870236, 5.014214, 3.882843, 3.082843, 2.682843, 2.515298, 3.046669, 4.17804, 5.34009, 6.74009, 8.16676, 9.36777, 10.285937, 11.056268, 11.219599, 9.160473, 8.390142, 6.90629, 4.973909, 3.010578, 3.610578, 3.248528, 4.012452, 5.622427, 8.053016, 10.31658, 12.221415, 13.713799, 14.615867, 14.653611, 14.223152, 13.354385, 11.663763, 9.771523, 7.70319, 5.270085, 3.434017, 3.419804, 4.2, 6.2, 9.4, 12.605551, 11.205551, 9.405551, 6.805551, 3.605551, 0.0, 0.0, 0.0]"
980,"[0.0, 0.0, 0.0, 0.0, 1.019804, 2.284715, 3.80787, 5.331024, 7.119879, 7.888929, 8.147173, 8.147173, 8.08004, 7.556097, 6.787046, 6.063892, 5.140737, 4.084715, 3.019804, 2.4, 2.232456, 2.763826, 3.644451, 4.886672, 6.373468, 7.800138, 8.904836, 10.04082, 10.834667, 11.006997, 8.947871, 7.877994, 6.309913, 4.356687, 2.497561, 3.097561, 3.147923, 3.948637, 5.753856, 8.083678, 10.456892, 12.213553, 13.726589, 14.800805, 15.183027, 14.550753, 13.665601, 12.212124, 10.06965, 7.440449, 5.299509, 3.843903, 3.351655, 4.131851, 6.257327, 9.263571, 12.236667, 11.020114, 9.220114, 6.811795, 3.605551, 0.0, 0.0, 0.0]"
981,"[0.0, 0.0, 0.0, 0.0, 1.216553, 2.630766, 4.243218, 6.054295, 8.06427, 8.857692, 9.254556, 9.442104, 9.231027, 8.821052, 8.011077, 7.219804, 6.244425, 5.21011, 4.01011, 3.531221, 3.405844, 3.846134, 4.929691, 6.340768, 7.82873, 9.342621, 10.67771, 11.636149, 12.432753, 12.632, 10.223681, 9.236132, 7.648255, 5.761685, 3.553366, 4.377987, 4.221557, 5.241361, 6.953356, 9.383945, 11.585873, 13.336095, 14.719936, 15.511734, 15.907694, 15.488826, 14.491654, 13.078181, 11.053277, 8.659184, 6.451503, 5.090959, 4.643034, 5.569063, 7.779141, 10.707805, 13.742574, 12.180524, 10.054495, 7.211961, 3.883298, 0.0, 0.0, 0.0]"
982,"[0.0, 0.0, 0.0, 0.0, 1.0, 2.16619, 3.507831, 5.030986, 6.739787, 7.448587, 7.991198, 8.172711, 7.991198, 7.624038, 6.915237, 6.054964, 5.164265, 4.222624, 3.280984, 2.728197, 2.512125, 3.079669, 4.079669, 5.479669, 7.032456, 8.6, 9.609072, 10.418144, 10.818144, 11.018144, 8.818144, 8.209072, 6.8, 4.8, 2.8, 3.432456, 3.049008, 3.86146, 5.870532, 7.9066, 9.904734, 11.516608, 12.930706, 13.550061, 13.944582, 13.722312, 13.102957, 11.688859, 10.060432, 8.029843, 5.621524, 3.859665, 3.512125, 4.020925, 5.761865, 8.62543, 11.595818, 10.330906, 8.622106, 6.281166, 3.417601, 0.0, 0.0, 0.0]"
983,"[0.0, 0.0, 0.0, 0.0, 0.72111, 1.852481, 3.133106, 4.54732, 6.109369, 6.950309, 7.380988, 7.514577, 7.231734, 6.801055, 6.239005, 5.501576, 4.687363, 3.955992, 3.271835, 3.096456, 3.271835, 3.871835, 5.071835, 6.435698, 7.650685, 8.931036, 10.204899, 11.078762, 11.741549, 11.982292, 9.701941, 8.642291, 7.368428, 5.494564, 3.414214, 3.861427, 3.447214, 3.689434, 5.059206, 7.200146, 9.53861, 11.324287, 12.745631, 13.561537, 13.820597, 13.188985, 12.300674, 10.893132, 9.001882, 6.601882, 4.447816, 3.182905, 2.893073, 3.885442, 6.126753, 9.351656, 12.390713, 11.224522, 9.337726, 6.896415, 3.671512, 0.0, 0.0, 0.0]"
984,"[0.0, 0.0, 0.0, 0.0, 1.264911, 2.788066, 4.57692, 6.463716, 8.522842, 9.317057, 9.853029, 9.853029, 9.755087, 9.219115, 8.4249, 7.385578, 6.421345, 5.353601, 4.462902, 4.197991, 4.25522, 5.04305, 6.32194, 7.815514, 9.223833, 10.692384, 11.90836, 12.881573, 13.583971, 13.721237, 11.175652, 10.191134, 8.559561, 6.555755, 4.457384, 5.457384, 5.069497, 5.881923, 7.473911, 9.890261, 12.020756, 13.964734, 15.210669, 16.194059, 16.46099, 16.194059, 15.300052, 13.688907, 11.630547, 9.221162, 6.557598, 4.851605, 4.675203, 5.56963, 7.875069, 11.297223, 14.541972, 12.929521, 10.693453, 7.666904, 4.04475, 0.0, 0.0, 0.0]"
985,"[0.0, 0.0, 0.0, 0.0, 0.8, 1.8, 3.0, 4.4, 5.8, 6.6, 7.0, 7.2, 7.0, 6.6, 5.8, 5.0, 4.047214, 3.047214, 2.447214, 2.368324, 2.899695, 3.794122, 5.117277, 6.614643, 7.981594, 9.130574, 10.262797, 11.407975, 11.984472, 12.176761, 9.89641, 8.945702, 7.61901, 5.710832, 3.630481, 4.077694, 3.55454, 3.612899, 5.047214, 7.247214, 9.4, 11.2, 12.8, 13.8, 14.2, 13.8, 12.8, 11.4, 9.2, 6.6, 4.4, 3.2, 2.864911, 3.962278, 6.2921, 9.590584, 12.873882, 11.608971, 9.711604, 7.181782, 3.883298, 0.0, 0.0, 0.0]"
986,"[0.0, 0.0, 0.0, 0.0, 1.0, 2.280625, 3.977681, 5.674737, 7.371794, 8.06885, 8.485281, 8.485281, 8.350275, 7.933844, 7.402978, 6.782954, 5.885898, 4.956304, 4.396789, 4.05522, 3.978187, 4.634209, 5.710554, 6.959215, 8.466975, 9.972968, 11.124627, 12.023507, 12.661416, 12.770347, 10.264354, 9.445527, 8.102758, 6.295077, 4.300979, 5.1256, 4.678387, 5.133941, 6.614291, 8.728328, 10.87692, 12.659379, 14.063014, 14.906763, 15.188047, 14.776083, 13.815314, 12.411679, 10.568204, 8.446781, 6.085531, 4.746821, 4.482378, 5.289815, 7.354382, 10.571984, 13.610004, 12.153982, 10.065921, 7.280243, 3.862642, 0.0, 0.0, 0.0]"
987,"[0.0, 0.0, 0.0, 0.0, 0.8, 1.8, 3.0, 4.414214, 5.828427, 6.442641, 6.856854, 7.071068, 6.856854, 6.642641, 6.228427, 5.414214, 4.447214, 3.694427, 3.094427, 2.726883, 3.126883, 3.960294, 5.07513, 6.319039, 7.849914, 9.182295, 10.509351, 11.453294, 12.050696, 12.167717, 9.835336, 8.789705, 7.415083, 5.539457, 3.459106, 3.859106, 3.121677, 3.331947, 4.555116, 6.687497, 8.895178, 10.678238, 11.944278, 12.763105, 13.038405, 12.594055, 11.706839, 10.440799, 8.554228, 5.946547, 3.983216, 3.062751, 2.986021, 4.162278, 6.503218, 9.465495, 12.342451, 11.07754, 9.180173, 6.839233, 3.676955, 0.0, 0.0, 0.0]"
988,"[0.0, 0.0, 0.0, 0.0, 0.824621, 1.844425, 3.300447, 4.823602, 6.532402, 7.416582, 7.919933, 7.987065, 7.919933, 7.476043, 6.967242, 6.244088, 5.320933, 4.312125, 3.447214, 3.047214, 3.247214, 3.912125, 5.077363, 6.564159, 7.764159, 9.04451, 10.187918, 11.136716, 11.53027, 11.810621, 9.53027, 8.564172, 7.079955, 5.399604, 3.119253, 3.719253, 3.354066, 3.839083, 5.365112, 7.773431, 9.864156, 11.61555, 13.026714, 13.729112, 13.866377, 13.583971, 12.735443, 11.176443, 9.348016, 7.249645, 4.841326, 3.308641, 3.060618, 3.947414, 6.107881, 9.107881, 12.101598, 10.935407, 9.048611, 6.44093, 3.44093, 0.0, 0.0, 0.0]"
989,"[0.0, 0.0, 0.0, 0.0, 0.824621, 1.901654, 3.243295, 4.766449, 6.289604, 6.988138, 7.434259, 7.615773, 7.434259, 7.077295, 6.55414, 5.752096, 4.676155, 3.534514, 2.568324, 1.968324, 2.047214, 2.619804, 3.875826, 5.384627, 6.954398, 8.390466, 9.60673, 10.386776, 10.914043, 10.914043, 8.677975, 7.783548, 6.372101, 4.536033, 2.566262, 3.131947, 2.790307, 3.527735, 5.127735, 7.291066, 9.333062, 11.217503, 12.539894, 13.424335, 13.868685, 13.593385, 12.59574, 11.234454, 9.24444, 7.036759, 4.904378, 3.617582, 3.359338, 4.362278, 6.562278, 9.408587, 12.386296, 11.121385, 9.224018, 6.624018, 3.577709, 0.0, 0.0, 0.0]"
990,"[0.0, 0.0, 0.0, 0.0, 1.131371, 2.545584, 4.107634, 5.804691, 7.6486, 8.361138, 8.790833, 8.925839, 8.925839, 8.496144, 7.93286, 6.983378, 5.918777, 4.621721, 3.607508, 3.151504, 3.33411, 4.043295, 5.36376, 6.96376, 8.401881, 9.733166, 11.08225, 12.05251, 12.743235, 13.026078, 10.617759, 9.770943, 8.246408, 6.188139, 3.842555, 4.563665, 4.000381, 4.6781, 6.171673, 8.662398, 10.914501, 12.757976, 14.169832, 15.299567, 15.582056, 15.299567, 14.583786, 13.025078, 10.900685, 8.648581, 6.240699, 4.83238, 4.747775, 5.896755, 8.039209, 11.300376, 14.229752, 12.617301, 10.33695, 7.473386, 3.929377, 0.0, 0.0, 0.0]"
991,"[0.0, 0.0, 0.0, 0.0, 1.0, 2.2, 3.6, 5.2, 7.0, 7.8, 8.2, 8.4, 8.2, 7.8, 7.0, 6.224621, 5.071835, 3.954677, 2.754677, 2.201891, 2.09838, 2.7282, 3.901379, 5.350621, 6.913383, 8.401345, 9.533384, 10.485681, 11.269543, 11.299176, 9.090104, 8.097584, 6.513886, 4.280781, 2.241174, 2.641174, 2.424621, 3.2, 5.209072, 7.839661, 10.268089, 12.3275, 13.786912, 14.604389, 14.837364, 14.442042, 13.422238, 12.012068, 10.005323, 7.541759, 5.108654, 3.669046, 3.236356, 4.016553, 6.016553, 9.216553, 12.216553, 11.0, 9.2, 6.8, 3.6, 0.0, 0.0, 0.0]"
992,"[0.0, 0.0, 0.0, 0.0, 0.72111, 1.72111, 2.852481, 4.133106, 5.54732, 6.240423, 6.654636, 6.937479, 6.788225, 6.374012, 5.680908, 4.89915, 3.884937, 2.953566, 2.353566, 2.432456, 2.8, 3.814214, 5.263456, 6.760822, 8.114888, 9.531498, 10.717284, 11.484651, 12.003894, 12.266437, 9.849828, 8.89907, 7.502265, 5.685655, 3.269046, 3.551889, 2.797074, 3.118911, 4.307765, 6.543833, 8.86099, 10.830127, 12.274164, 13.270988, 13.63492, 13.37586, 12.409662, 10.888895, 8.903218, 6.503218, 4.362278, 3.186021, 3.201735, 4.527764, 7.048058, 10.253936, 13.3747, 12.094075, 9.968046, 7.247752, 3.841875, 0.0, 0.0, 0.0]"
993,"[0.0, 0.0, 0.0, 0.0, 1.2, 2.6, 4.212452, 6.023529, 8.033504, 8.677413, 9.121321, 9.319947, 9.121321, 8.711346, 8.267437, 7.640081, 6.723431, 5.83209, 5.03209, 4.651894, 4.601532, 5.121318, 6.097264, 7.297264, 8.440791, 9.715912, 10.909379, 11.820004, 12.261315, 12.539295, 10.097984, 9.052353, 7.576043, 5.767187, 3.77309, 4.57309, 4.467062, 5.233058, 6.941542, 9.280006, 11.526315, 13.380883, 14.614011, 15.403566, 15.748384, 15.385356, 14.491376, 13.149735, 11.360881, 8.862841, 6.17956, 4.395406, 4.062574, 4.808994, 7.088583, 10.441194, 13.603471, 12.147449, 10.059388, 7.147344, 3.794733, 0.0, 0.0, 0.0]"
994,"[0.0, 0.0, 0.0, 0.0, 1.216553, 2.630766, 4.243218, 6.043218, 8.043218, 8.826665, 9.412452, 9.6, 9.412452, 8.826665, 8.282687, 7.35972, 6.55972, 5.668379, 5.054165, 4.49257, 4.546908, 4.989129, 5.988484, 7.158255, 8.499896, 9.709465, 10.797067, 11.676602, 12.236652, 12.341524, 10.000584, 9.259616, 7.659616, 5.850905, 3.909965, 4.734586, 4.345731, 5.355707, 7.067701, 9.298291, 11.533081, 13.388845, 14.677355, 15.500014, 15.928836, 15.732989, 14.91033, 13.261087, 11.419537, 8.992581, 6.329016, 4.495911, 4.446669, 5.232456, 7.4, 10.4, 13.6, 12.0, 9.8, 7.0, 3.8, 0.0, 0.0, 0.0]"
995,"[0.0, 0.0, 0.0, 0.0, 1.2, 2.6, 4.411077, 6.450685, 8.490293, 9.3299, 9.969508, 10.168406, 9.939876, 9.500268, 8.86066, 8.037605, 6.922057, 5.83209, 5.03209, 4.651894, 4.601532, 5.121318, 6.380107, 7.743438, 9.164945, 10.606435, 11.970711, 12.7693, 13.326264, 13.492634, 10.884953, 9.950373, 8.452509, 6.36467, 4.204203, 5.204203, 4.774508, 5.581944, 7.366098, 9.704562, 11.750871, 13.647246, 14.869774, 15.853165, 16.197983, 16.015238, 15.121258, 13.599523, 11.722678, 9.224638, 6.361074, 4.769086, 4.629474, 5.38667, 7.666258, 11.210267, 14.315023, 12.66578, 10.38543, 7.473386, 3.929377, 0.0, 0.0, 0.0]"
996,"[0.0, 0.0, 0.0, 0.0, 0.8, 1.8, 3.2, 4.8, 6.2, 7.0, 7.6, 7.6, 7.2, 7.0, 6.4, 5.4, 4.447214, 3.647214, 3.047214, 2.768324, 3.299695, 4.133106, 5.295156, 6.581952, 7.919968, 9.120978, 10.346346, 11.290289, 11.909485, 12.18274, 9.850359, 8.906416, 7.400424, 5.341644, 3.209264, 3.609264, 2.871835, 3.327857, 4.669497, 6.705565, 8.722175, 10.403546, 11.726013, 12.443152, 12.713076, 12.628848, 12.009651, 10.572803, 8.787921, 6.281928, 4.149547, 3.062751, 2.986021, 4.352972, 6.693912, 9.598747, 12.59348, 11.328569, 9.240508, 6.899568, 3.794733, 0.0, 0.0, 0.0]"
997,"[0.0, 0.0, 0.0, 0.0, 0.8, 1.819804, 3.084715, 4.349626, 5.691267, 6.232908, 6.736258, 6.812988, 6.812988, 6.491151, 5.974131, 5.050977, 4.109336, 3.127268, 2.707464, 2.482843, 2.959876, 3.901516, 5.180724, 6.424633, 7.950662, 9.13637, 10.340314, 11.323849, 12.025524, 12.162237, 9.899495, 8.966362, 7.420778, 5.322407, 3.259665, 3.459665, 2.568324, 2.848949, 4.245644, 6.308386, 8.65397, 10.761287, 12.309089, 13.293607, 13.57645, 13.156895, 12.172377, 10.758163, 8.650846, 6.305262, 4.379233, 3.167779, 3.095207, 4.433222, 6.840903, 9.865806, 12.838902, 11.497261, 9.438135, 6.830454, 3.605551, 0.0, 0.0, 0.0]"
998,"[0.0, 0.0, 0.0, 0.0, 0.824621, 1.901654, 3.166565, 4.622587, 6.078609, 6.71001, 7.088999, 7.088999, 6.897888, 6.518899, 5.957304, 5.066968, 4.202057, 3.337146, 2.542955, 2.369638, 2.823757, 3.623757, 4.823757, 6.540914, 8.019804, 9.4, 10.807681, 11.815362, 12.215362, 12.224434, 9.824434, 8.816753, 7.409072, 5.641528, 3.432456, 3.879669, 3.279669, 3.692121, 5.029437, 7.265505, 9.418291, 11.281855, 12.455081, 13.348874, 13.712806, 13.529415, 12.635623, 11.3731, 9.403963, 7.003963, 4.587353, 3.183267, 2.940737, 3.890219, 6.235804, 9.347073, 12.458343, 11.177718, 9.33381, 6.788225, 3.676955, 0.0, 0.0, 0.0]"
999,"[0.0, 0.0, 0.0, 0.0, 1.0, 2.4, 4.0, 5.8, 7.809975, 8.621052, 9.032129, 9.032129, 8.832129, 8.222154, 7.611077, 6.6, 5.6, 4.282843, 3.082843, 2.330056, 2.251167, 2.7282, 3.901379, 5.545288, 7.137682, 8.824891, 10.156177, 11.307835, 11.872246, 12.04171, 9.633391, 8.639286, 7.051409, 4.925932, 2.71686, 3.31686, 3.102647, 3.882843, 6.0, 8.6, 11.0, 13.0, 14.4, 15.4, 15.8, 15.4, 14.4, 13.0, 10.8, 8.2, 5.8, 4.32111, 3.801735, 4.660861, 6.944143, 10.054732, 13.09128, 11.810656, 9.751529, 7.068248, 3.757659, 0.0, 0.0, 0.0]"
1000,"[0.0, 0.0, 0.0, 0.0, 1.280625, 2.893076, 4.779873, 6.749644, 8.80877, 9.764213, 10.210888, 10.383218, 10.300242, 9.961581, 9.287563, 8.359808, 7.195109, 6.108313, 5.108958, 4.395436, 4.341099, 4.902693, 5.91377, 7.202635, 8.762426, 10.085393, 11.436505, 12.453855, 13.051561, 13.250923, 10.850923, 9.843789, 8.231914, 6.189919, 3.982238, 4.876665, 4.532687, 5.355742, 7.223162, 9.849711, 12.378733, 14.346159, 15.928705, 16.919049, 17.117403, 16.700614, 15.907754, 14.295575, 12.472127, 10.047224, 7.323407, 5.325273, 4.96454, 5.644891, 7.756935, 11.018102, 14.561769, 12.912526, 10.632176, 7.720132, 4.176123, 0.0, 0.0, 0.0]"
1001,"[0.0, 0.0, 0.0, 0.0, 1.0, 2.280625, 3.722845, 5.44331, 7.287219, 8.131128, 8.570968, 8.849213, 8.570968, 8.007684, 7.329966, 6.629305, 5.50884, 4.513833, 3.633208, 3.267017, 3.324247, 4.166467, 5.439719, 7.165748, 8.628489, 9.959775, 11.063139, 12.033399, 12.452954, 12.598531, 10.190213, 9.341684, 7.81715, 5.904021, 3.495702, 4.216812, 3.651127, 4.464836, 5.958409, 8.649134, 10.901238, 12.893967, 14.169832, 15.167902, 15.450391, 15.167902, 14.324153, 12.788854, 10.945379, 8.604621, 6.196739, 4.741009, 4.809399, 5.764842, 8.085351, 11.131171, 14.251167, 12.462313, 10.226245, 7.27328, 3.944617, 0.0, 0.0, 0.0]"
1002,"[0.0, 0.0, 0.0, 0.0, 0.824621, 1.844425, 3.060978, 4.475191, 6.087643, 6.677235, 7.071645, 7.269306, 7.071645, 6.675746, 6.086153, 5.39305, 4.42605, 3.609497, 2.792945, 2.816852, 3.095742, 4.171683, 5.480484, 6.924392, 8.311932, 9.745037, 10.852472, 11.77426, 12.560941, 12.560941, 10.127836, 9.146489, 7.592932, 5.409557, 3.173489, 3.373489, 2.724247, 3.047214, 4.6, 7.008319, 9.416, 11.223134, 12.651561, 13.479988, 13.67935, 13.280741, 12.284684, 10.856257, 8.82783, 6.420149, 4.411077, 3.4, 3.2, 4.4, 6.8, 10.0, 13.2, 12.0, 10.0, 7.4, 4.0, 0.0, 0.0, 0.0]"
1003,"[0.0, 0.0, 0.0, 0.0, 1.077033, 2.341944, 3.784165, 5.396616, 7.009068, 7.6525, 8.108054, 8.108054, 7.937823, 7.590282, 6.94685, 6.051006, 5.208786, 4.166565, 3.184497, 2.707464, 2.682843, 3.159876, 4.101516, 5.431125, 6.717922, 8.081252, 9.28457, 10.22328, 10.774159, 10.946489, 8.783158, 7.844448, 6.388719, 4.625388, 2.766262, 3.331947, 3.121677, 3.859106, 5.459106, 7.820356, 10.097205, 11.965834, 13.566061, 14.566061, 14.725106, 14.490253, 13.549379, 11.829322, 9.906355, 7.58606, 4.978379, 3.366467, 3.055617, 3.675641, 5.538382, 8.511596, 11.602744, 10.471373, 8.774317, 6.511575, 3.538361, 0.0, 0.0, 0.0]"
1004,"[0.0, 0.0, 0.0, 0.0, 1.0, 2.16619, 3.778642, 5.499107, 7.219572, 7.940037, 8.494312, 8.602325, 8.494312, 8.115487, 7.472055, 6.771394, 5.650929, 4.485691, 3.776506, 3.524094, 3.581323, 4.423544, 5.696795, 7.06434, 8.50246, 9.833746, 11.08225, 11.90737, 12.598095, 12.743672, 10.335353, 9.341684, 7.96229, 5.904021, 3.495702, 4.216812, 3.800381, 4.4781, 6.125995, 8.687245, 10.939348, 12.782823, 14.063014, 14.906763, 15.345513, 14.933549, 13.935479, 12.531844, 10.688369, 8.320824, 6.042417, 4.741009, 4.543699, 5.499142, 7.819651, 10.865472, 13.924148, 12.400994, 10.164926, 7.211961, 3.883298, 0.0, 0.0, 0.0]"
1005,"[0.0, 0.0, 0.0, 0.0, 0.894427, 2.060618, 3.502838, 5.223303, 6.943768, 7.769806, 8.324081, 8.44391, 8.165666, 7.611391, 6.967959, 5.879949, 4.917899, 3.875679, 2.992331, 2.515298, 2.682843, 3.159876, 4.101516, 5.431125, 6.675034, 8.001063, 9.204381, 10.271059, 10.938959, 11.09505, 8.969021, 8.030311, 6.343102, 4.462751, 2.662751, 3.109965, 2.768324, 3.609264, 5.335293, 7.826018, 10.352018, 12.325231, 13.736395, 14.58358, 14.721282, 14.293653, 13.446468, 12.170311, 10.197097, 7.76867, 5.223085, 3.697056, 3.077033, 3.785834, 5.726774, 8.773083, 11.665933, 10.5889, 8.880099, 6.539159, 3.49285, 0.0, 0.0, 0.0]"
1006,"[0.0, 0.0, 0.0, 0.0, 0.894427, 2.236068, 3.759223, 5.468023, 7.176824, 7.991198, 8.298799, 8.298799, 8.113153, 7.745993, 7.203383, 6.55414, 5.478199, 4.355045, 3.413404, 2.812899, 2.707326, 3.525024, 4.581046, 5.992123, 7.436412, 8.741985, 9.877074, 10.821052, 11.219047, 11.418144, 9.218144, 8.232358, 6.656979, 4.73075, 2.721677, 3.321677, 3.107464, 4.082843, 6.0, 8.4, 10.6, 12.406659, 13.613319, 14.419978, 14.627112, 14.434793, 13.628133, 12.221474, 10.414815, 8.207681, 5.6, 4.0, 3.8, 4.6, 6.6, 9.8, 12.6, 11.2, 9.2, 6.6, 3.4, 0.0, 0.0, 0.0]"
1007,"[0.0, 0.0, 0.0, 0.0, 0.824621, 1.901654, 3.243295, 4.855746, 6.468198, 7.256028, 7.791447, 7.892027, 7.621216, 7.174955, 6.639536, 5.827085, 4.984864, 4.090437, 3.37146, 3.094427, 3.294427, 4.094427, 5.296456, 6.746609, 8.100675, 9.517284, 10.533893, 11.30126, 11.820503, 11.820503, 9.403894, 8.443306, 7.026697, 5.210088, 3.056022, 3.503236, 3.047214, 3.489434, 4.94856, 7.365169, 9.601237, 11.464802, 12.886145, 13.690583, 13.957256, 13.42804, 12.534247, 11.193838, 9.224701, 6.824262, 4.670196, 3.33288, 2.975916, 3.968285, 6.191435, 9.416338, 12.455394, 11.289204, 9.402408, 6.896415, 3.671512, 0.0, 0.0, 0.0]"
1008,"[0.0, 0.0, 0.0, 0.0, 0.848528, 2.129153, 3.571373, 5.133423, 6.853888, 7.725825, 8.165666, 8.285495, 8.00407, 7.414976, 6.825882, 5.826527, 4.864477, 3.983852, 3.135324, 2.403953, 2.482843, 3.082843, 4.097056, 5.426665, 6.924032, 8.212093, 9.166159, 9.906011, 10.447626, 10.63832, 8.550259, 7.810407, 6.456341, 4.702275, 2.814214, 3.379899, 3.131876, 3.944327, 5.603453, 7.735834, 9.948638, 11.735412, 13.175828, 14.069666, 14.515774, 14.243278, 13.34944, 11.909024, 10.033092, 7.854603, 5.348611, 3.689485, 3.208404, 3.97528, 5.638021, 8.611235, 11.617112, 10.485742, 8.641833, 6.379091, 3.405877, 0.0, 0.0, 0.0]"
1009,"[0.0, 0.0, 0.0, 0.0, 1.019804, 2.475826, 4.184627, 5.893427, 7.863199, 8.632249, 9.073594, 9.073594, 9.073594, 8.559844, 8.035901, 7.138535, 6.254355, 5.11124, 4.287673, 4.022762, 4.099795, 4.616815, 5.771594, 7.265168, 8.545519, 9.876805, 11.080748, 12.051008, 12.470563, 12.598531, 10.190213, 9.365093, 7.840559, 5.894974, 3.933869, 4.75849, 4.379666, 5.00233, 6.734711, 8.895178, 10.954998, 12.775635, 14.149058, 14.978955, 15.255715, 14.978955, 14.149058, 12.707245, 10.711158, 8.392403, 5.984722, 4.284796, 4.087486, 5.075362, 7.295354, 10.326453, 13.370952, 11.847798, 9.693732, 6.908054, 3.676955, 0.0, 0.0, 0.0]"
1010,"[0.0, 0.0, 0.0, 0.0, 1.216553, 2.829004, 4.672913, 6.712521, 8.752129, 9.545551, 9.943075, 9.943075, 9.747376, 9.35701, 8.611946, 7.679004, 6.556205, 5.344752, 4.142723, 3.72634, 3.914219, 4.64913, 5.827752, 7.580538, 9.13201, 10.47478, 11.825892, 12.821949, 13.421949, 13.430267, 10.822586, 9.815453, 8.422532, 6.254988, 4.129512, 4.850622, 4.464836, 5.09023, 7.088364, 9.81218, 12.514518, 14.722459, 16.305005, 17.29657, 17.713359, 17.29657, 16.082735, 14.460581, 12.238427, 9.447434, 6.640774, 5.080984, 4.643034, 5.575414, 7.995826, 11.467338, 14.912992, 13.350942, 11.018562, 7.965694, 4.294182, 0.0, 0.0, 0.0]"
1011,"[0.0, 0.0, 0.0, 0.0, 0.8, 1.8, 3.0, 4.4, 6.0, 6.8, 7.4, 7.6, 7.4, 6.8, 6.024621, 5.057077, 4.10429, 3.30429, 2.70429, 2.728197, 3.095742, 3.990169, 5.29897, 6.938577, 8.326117, 9.759222, 10.850687, 11.772475, 12.165972, 12.363009, 9.929904, 9.146042, 7.592485, 5.725066, 3.491961, 3.939174, 3.289932, 3.812899, 5.247214, 7.447214, 9.8, 11.6, 12.8, 13.6, 13.8, 13.2, 12.2, 11.0, 9.0, 6.6, 4.4, 3.4, 3.016553, 4.226528, 6.634209, 10.057657, 13.078652, 11.862099, 9.852124, 7.244443, 3.820995, 0.0, 0.0, 0.0]"
1012,"[0.0, 0.0, 0.0, 0.0, 1.341641, 2.954092, 4.566544, 6.45334, 8.340136, 8.885292, 9.159636, 9.433981, 9.159636, 8.795995, 8.250839, 7.383847, 6.297051, 5.317055, 4.426356, 3.884715, 3.941944, 4.483585, 5.413179, 6.624633, 7.950662, 9.281948, 10.485891, 11.33216, 12.033836, 12.170548, 9.762229, 8.778695, 7.370376, 5.272005, 3.456477, 4.088933, 3.969103, 4.855899, 6.849997, 9.123077, 11.6529, 13.490923, 14.884371, 15.723303, 16.003009, 15.561026, 14.561133, 13.280889, 11.132016, 8.853126, 6.415675, 4.935324, 4.200235, 5.108472, 6.917184, 9.986952, 13.171924, 11.907013, 9.867405, 7.337583, 3.984972, 0.0, 0.0, 0.0]"
1013,"[0.0, 0.0, 0.0, 0.0, 0.8, 1.8, 3.0, 4.4, 6.0, 6.6, 7.2, 7.4, 7.4, 7.0, 6.4, 5.432456, 4.315298, 3.315298, 2.715298, 2.636408, 3.135324, 4.294702, 5.507153, 6.876925, 8.30988, 9.708332, 10.795933, 11.851815, 12.411865, 12.598739, 10.068917, 9.06225, 7.47095, 5.506813, 3.365873, 3.765873, 3.242718, 3.565685, 5.009975, 7.218294, 9.448883, 11.27731, 12.705738, 13.52419, 13.74646, 13.548976, 12.531626, 11.31565, 9.287223, 6.856634, 4.423529, 3.412452, 3.2, 4.4, 6.8, 10.0, 13.0, 11.6, 9.6, 7.0, 3.8, 0.0, 0.0, 0.0]"
1014,"[0.0, 0.0, 0.0, 0.0, 1.0, 2.4, 3.8, 5.4, 7.2, 8.011077, 8.422154, 8.622154, 8.422154, 8.022154, 7.411077, 6.4, 5.4, 4.282843, 3.282843, 2.715298, 2.763826, 3.295197, 4.454575, 5.77504, 7.029381, 8.416921, 9.521618, 10.315465, 10.831068, 11.003398, 8.76733, 7.973482, 6.458525, 4.422457, 2.563331, 3.010544, 2.645357, 3.536698, 5.500029, 7.90771, 10.18079, 11.824051, 12.931894, 13.653004, 13.765617, 13.765617, 13.171352, 12.06351, 10.179069, 7.741618, 5.021323, 3.495294, 2.959876, 3.668676, 5.802443, 8.666007, 11.376596, 10.299563, 8.590762, 6.174153, 3.310589, 0.0, 0.0, 0.0]"
1015,"[0.0, 0.0, 0.0, 0.0, 1.0, 2.280625, 3.694838, 5.391895, 7.088951, 7.93286, 8.349291, 8.497128, 8.214285, 7.797854, 7.085315, 6.282686, 5.320636, 4.306423, 3.473012, 2.974096, 2.879669, 3.479669, 4.479669, 5.843533, 7.221052, 8.65712, 9.930984, 11.004847, 11.429838, 11.459471, 9.223403, 8.149539, 6.475676, 4.439608, 2.4, 3.032456, 2.849008, 3.892917, 5.928985, 8.402848, 10.829804, 12.672664, 13.888166, 14.71151, 15.066074, 14.637252, 13.786912, 12.339952, 10.48054, 8.252113, 5.621524, 3.812452, 3.416553, 4.060461, 5.934325, 9.03916, 11.991771, 10.775218, 8.931309, 6.457446, 3.352611, 0.0, 0.0, 0.0]"
1016,"[0.0, 0.0, 0.0, 0.0, 1.0, 2.341641, 3.954092, 5.566544, 7.355398, 8.144253, 8.591466, 8.591466, 8.421235, 8.074601, 7.417118, 6.628263, 5.648267, 4.838502, 4.24481, 4.007866, 4.272777, 5.252773, 6.420318, 7.780862, 9.294754, 10.660432, 11.876408, 12.939972, 13.559327, 13.584113, 10.953523, 9.936173, 8.472609, 6.468803, 4.482912, 5.204022, 4.67357, 5.062424, 6.473871, 8.626657, 10.769111, 12.534796, 13.97704, 14.787282, 15.233591, 14.970027, 14.159785, 12.637487, 10.757368, 8.158273, 5.758273, 4.243315, 4.096564, 5.210725, 7.606045, 10.966944, 14.245834, 12.683784, 10.403433, 7.560899, 4.0, 0.0, 0.0, 0.0]"
1017,"[0.0, 0.0, 0.0, 0.0, 0.8, 1.8, 3.2, 4.6, 6.2, 7.0, 7.4, 7.4, 7.2, 6.6, 5.8, 5.0, 3.8, 2.8, 2.2, 1.965685, 2.086796, 2.963829, 4.286983, 5.78435, 7.306726, 8.865966, 10.262797, 11.213505, 11.790002, 11.982292, 9.701941, 8.6841, 7.104663, 5.078014, 2.797663, 3.197663, 2.761445, 3.323039, 4.719735, 7.000086, 9.32038, 11.21262, 12.668642, 13.545027, 13.794498, 13.354555, 12.339878, 10.692745, 8.866878, 6.619898, 4.539548, 3.242181, 3.37727, 4.482843, 7.0, 10.0, 13.0, 11.6, 9.6, 6.8, 3.6, 0.0, 0.0, 0.0]"
1018,"[0.0, 0.0, 0.0, 0.0, 0.824621, 2.041174, 3.455387, 5.067839, 6.68029, 7.468121, 7.86402, 8.062258, 7.86402, 7.468121, 6.875473, 5.895477, 4.730239, 3.516026, 2.499473, 1.926883, 2.119048, 2.871835, 4.071835, 5.671835, 7.224621, 8.6, 9.8, 10.808319, 11.408319, 11.608319, 9.408319, 8.408319, 7.0, 5.0, 2.8, 3.4, 3.2, 3.8, 5.4, 8.007681, 10.214815, 12.021474, 13.627718, 14.634377, 14.83383, 14.435015, 13.428356, 11.822112, 9.815453, 7.408319, 5.2, 3.765685, 3.331876, 4.391002, 6.598683, 9.529178, 12.541201, 11.375011, 9.315885, 6.708204, 3.577709, 0.0, 0.0, 0.0]"
1019,"[0.0, 0.0, 0.0, 0.0, 0.894427, 1.97146, 3.313101, 4.925552, 6.538004, 7.256028, 7.791447, 7.791447, 7.520636, 7.074375, 6.286545, 5.274093, 4.332452, 3.190812, 2.224621, 2.0, 2.224621, 2.990812, 4.403263, 6.047172, 7.573201, 9.011322, 10.25345, 11.049318, 11.613728, 11.613728, 9.350986, 8.504717, 6.990825, 4.982506, 2.856477, 3.303691, 2.741641, 3.409264, 5.009264, 7.450575, 9.723655, 11.608096, 13.208324, 14.261191, 14.598369, 14.210456, 13.385141, 11.835315, 9.676874, 7.345599, 5.013218, 3.586548, 3.315737, 4.42131, 6.69439, 9.81849, 12.873853, 11.532212, 9.532212, 6.811918, 3.687818, 0.0, 0.0, 0.0]"
1020,"[0.0, 0.0, 0.0, 0.0, 1.019804, 2.236356, 3.692378, 5.341621, 7.050421, 7.739418, 8.231666, 8.298799, 8.105579, 7.613331, 6.924334, 6.015533, 5.092378, 3.836356, 3.019804, 2.6, 2.624621, 3.190812, 4.271436, 5.568493, 6.812402, 8.11381, 9.073648, 9.919053, 10.348026, 10.484016, 8.357986, 7.512582, 6.107663, 4.181634, 2.201735, 2.648949, 2.534514, 3.375454, 5.301483, 7.709802, 9.823838, 11.348373, 12.628857, 13.064077, 13.217008, 12.9185, 12.353804, 11.07332, 9.643441, 7.529405, 5.266664, 3.740634, 3.255617, 3.833047, 5.621902, 8.574866, 11.199769, 10.122736, 8.413936, 6.177868, 3.224903, 0.0, 0.0, 0.0]"
1021,"[0.0, 0.0, 0.0, 0.0, 0.8, 1.819804, 2.839608, 4.104519, 5.627673, 6.169314, 6.414421, 6.659529, 6.659529, 6.156178, 5.614537, 4.949626, 4.084715, 3.102647, 2.482843, 2.315298, 2.609725, 3.49035, 4.769558, 6.213466, 7.744342, 9.182295, 10.234051, 11.113312, 11.710715, 11.710715, 9.378334, 8.608003, 7.298063, 5.422437, 3.259106, 3.659106, 2.897056, 3.179899, 4.458122, 6.799062, 8.928885, 10.914562, 12.286026, 13.162412, 13.541766, 13.100005, 12.023128, 10.693472, 8.605634, 6.08534, 4.197278, 3.288478, 3.232456, 4.6, 7.0, 10.0, 12.8, 11.4, 9.4, 6.8, 3.6, 0.0, 0.0, 0.0]"
1022,"[0.0, 0.0, 0.0, 0.0, 0.8, 1.8, 3.0, 4.4, 5.8, 6.6, 7.0, 7.2, 7.0, 6.6, 5.8, 5.0, 3.8, 2.8, 2.082843, 1.915298, 2.139919, 3.156472, 4.568923, 6.097158, 7.673774, 9.249153, 10.632601, 11.620149, 12.209072, 12.4, 10.0, 9.0, 7.4, 5.4, 3.0, 3.4, 2.8, 3.2, 4.8, 7.2, 9.4, 11.2, 12.6, 13.4, 13.6, 13.4, 12.6, 11.2, 9.4, 7.247214, 5.047214, 3.768324, 3.824346, 4.978412, 7.316876, 10.347975, 13.119714, 11.663692, 9.509626, 6.723949, 3.49285, 0.0, 0.0, 0.0]"
1023,"[0.0, 0.0, 0.0, 0.0, 0.72111, 1.798143, 2.964334, 4.406554, 5.848775, 6.569885, 6.935072, 7.110523, 6.834493, 6.469305, 5.921512, 5.079291, 4.137651, 2.97146, 2.094427, 1.647214, 1.768324, 2.499695, 3.913908, 5.557817, 7.110604, 8.552824, 9.862764, 10.889862, 11.326304, 11.489635, 9.326304, 8.327213, 6.73443, 4.736922, 2.573591, 2.973591, 2.608404, 3.372327, 4.976281, 7.308661, 9.516342, 11.323751, 12.59574, 13.487433, 13.762733, 13.487433, 12.489788, 11.047567, 9.269078, 7.108611, 4.97623, 3.689434, 3.647214, 4.647214, 6.807681, 9.813925, 12.836079, 11.436079, 9.436079, 6.828398, 3.622154, 0.0, 0.0, 0.0]"
1024,"[0.0, 0.0, 0.0, 0.0, 0.632456, 1.526883, 2.693073, 3.973698, 5.535748, 6.317506, 6.985129, 7.099563, 6.985129, 6.317506, 5.79772, 4.868125, 3.9875, 3.104153, 2.609725, 2.515298, 2.882843, 3.897056, 5.263456, 6.760822, 8.114888, 9.531498, 10.717284, 11.668042, 12.370675, 12.557549, 10.14094, 9.190182, 7.609986, 5.409986, 3.069046, 3.269046, 2.514231, 2.950449, 4.447816, 6.788756, 9.118578, 10.944445, 12.208717, 13.031644, 13.220527, 12.971055, 12.09467, 10.830398, 8.910104, 6.780282, 4.699931, 3.577132, 3.462751, 4.721877, 7.100366, 10.125269, 13.075671, 11.73403, 9.674904, 6.896415, 3.671512, 0.0, 0.0, 0.0]"
1025,"[0.0, 0.0, 0.0, 0.0, 0.72111, 2.001735, 3.28236, 4.84441, 6.541466, 7.382406, 7.663831, 7.79742, 7.515995, 7.099563, 6.43194, 5.694512, 4.880298, 3.999673, 3.284734, 3.214928, 3.590307, 4.390307, 5.590307, 7.034596, 8.446043, 9.679148, 10.753011, 11.626875, 12.050005, 12.050005, 9.6169, 8.743036, 7.469173, 5.636068, 3.4, 3.847214, 3.141641, 3.464795, 4.762162, 7.042513, 9.315593, 11.33321, 12.722099, 13.736777, 14.17672, 13.736777, 12.668642, 11.21262, 9.125197, 6.604903, 4.324552, 3.305264, 3.114153, 4.259304, 6.659304, 9.890403, 12.928423, 11.663512, 9.69374, 7.09374, 3.862642, 0.0, 0.0, 0.0]"
1026,"[0.0, 0.0, 0.0, 0.0, 1.216553, 2.630766, 4.243218, 6.043218, 8.043218, 8.826665, 9.412452, 9.6, 9.6, 9.212452, 8.626665, 7.703698, 6.624808, 5.457264, 4.444812, 4.107632, 4.196789, 5.037729, 6.125738, 7.584864, 8.743899, 9.994318, 11.11555, 12.078366, 12.525233, 12.705774, 10.289165, 9.218335, 7.666424, 5.792887, 3.659121, 4.459121, 4.063222, 4.829217, 6.477113, 8.724092, 10.897306, 12.911852, 14.060795, 15.011543, 15.52803, 15.27511, 14.384951, 13.047443, 11.081255, 8.667401, 5.947107, 4.238623, 3.985844, 4.760541, 6.796418, 10.094903, 13.198755, 11.742733, 9.703126, 7.034793, 3.736308, 0.0, 0.0, 0.0]"
1027,"[0.0, 0.0, 0.0, 0.0, 1.077033, 2.533055, 4.241856, 6.085765, 8.125372, 9.087947, 9.529292, 9.6644, 9.469733, 8.886148, 8.111451, 7.214084, 6.091286, 4.889257, 3.880449, 3.336648, 3.413681, 4.148592, 5.31383, 6.876592, 8.355482, 9.678449, 10.822427, 11.817656, 12.407681, 12.607681, 10.207681, 9.207681, 7.6, 5.632456, 3.515298, 4.147754, 3.961967, 4.773044, 6.540589, 9.057746, 11.625291, 13.611077, 15.2, 16.2, 16.6, 16.0, 14.8, 13.409975, 11.226528, 8.658983, 6.258983, 4.95341, 4.285076, 5.222589, 7.375812, 10.528422, 13.618967, 12.277326, 10.12326, 7.337583, 3.984972, 0.0, 0.0, 0.0]"
1028,"[0.0, 0.0, 0.0, 0.0, 1.0, 2.2, 3.8, 5.4, 7.2, 8.0, 8.6, 8.6, 8.4, 7.8, 7.0, 6.024621, 5.057077, 4.10429, 3.50429, 3.30429, 3.374096, 4.022266, 4.989266, 6.233174, 7.433174, 8.664776, 9.664502, 10.53064, 10.967082, 10.967082, 8.841053, 7.974915, 6.694564, 4.814214, 2.814214, 3.214214, 2.877033, 3.489485, 5.089485, 7.369835, 9.690129, 11.455631, 12.685713, 13.528247, 13.938621, 13.498678, 12.500053, 11.219569, 9.271462, 6.780737, 4.500386, 3.222163, 2.940737, 3.890219, 6.251469, 9.507233, 12.479909, 11.199284, 9.355375, 6.794125, 3.538361, 0.0, 0.0, 0.0]"
1029,"[0.0, 0.0, 0.0, 0.0, 0.894427, 2.060618, 3.502838, 5.064888, 6.626938, 7.294561, 7.69042, 7.81025, 7.528825, 7.132965, 6.647948, 5.910519, 4.948469, 4.067844, 3.348868, 3.071835, 3.447214, 4.247214, 5.459665, 6.85636, 8.144422, 9.285362, 10.485362, 11.47291, 11.969941, 12.162231, 9.821291, 8.677313, 7.077313, 5.336373, 3.056022, 3.503236, 3.047214, 3.489434, 4.77623, 7.012298, 9.248366, 11.11193, 12.622675, 13.599443, 14.046656, 13.695755, 12.621046, 11.191236, 9.222099, 6.82166, 4.489279, 3.147638, 2.905108, 3.85459, 6.132997, 9.413241, 12.686242, 11.405618, 9.561709, 7.000459, 3.720215, 0.0, 0.0, 0.0]"
1030,"[0.0, 0.0, 0.0, 0.0, 0.894427, 2.060618, 3.502838, 5.064888, 6.785353, 7.587982, 8.265701, 8.38553, 8.38553, 7.94569, 7.414824, 6.395536, 5.433486, 4.271436, 3.273654, 2.707464, 2.682843, 3.102647, 4.158669, 5.584627, 6.954398, 8.390466, 9.787271, 10.567317, 11.094585, 11.094585, 8.858517, 7.706819, 6.270751, 4.234683, 2.464911, 3.030596, 2.931876, 3.744327, 5.603453, 7.909446, 10.027042, 11.639341, 12.805378, 13.524741, 13.524741, 13.258068, 12.633646, 11.378311, 9.676856, 7.770863, 5.354254, 3.647401, 3.290437, 4.057313, 5.898624, 8.741158, 11.699822, 10.533631, 8.689722, 6.248411, 3.405877, 0.0, 0.0, 0.0]"
1031,"[0.0, 0.0, 0.0, 0.0, 1.019804, 2.236356, 3.65057, 5.25057, 7.05057, 7.830766, 8.425291, 8.611077, 8.425291, 7.841843, 7.061647, 6.075191, 5.040877, 4.026663, 3.21011, 2.755992, 2.825798, 3.525024, 4.581046, 6.024955, 7.469244, 8.783889, 9.918978, 10.862956, 11.419047, 11.618144, 9.409072, 8.423286, 6.847907, 4.73075, 2.721677, 3.354133, 3.139919, 4.115298, 6.032456, 8.440136, 10.607681, 12.407681, 13.807681, 14.607681, 14.8, 14.607681, 13.807681, 12.207681, 10.407681, 8.207681, 5.6, 3.847214, 3.512125, 4.020925, 5.761865, 8.808175, 11.853811, 10.5889, 8.880099, 6.539159, 3.49285, 0.0, 0.0, 0.0]"
1032,"[0.0, 0.0, 0.0, 0.0, 0.8, 1.8, 3.016553, 4.416553, 6.016553, 6.616553, 7.016553, 7.214214, 7.030766, 6.45057, 5.875191, 5.040877, 3.909506, 3.092953, 2.520363, 2.416852, 2.9282, 3.910268, 5.122719, 6.486583, 7.965473, 9.28844, 10.623529, 11.611077, 12.2, 12.2, 9.8, 8.8, 7.416553, 5.649008, 3.649008, 4.096222, 3.516026, 3.755495, 5.162647, 7.198715, 9.382091, 11.190714, 12.598256, 13.422213, 13.816734, 13.422213, 12.437695, 10.988344, 8.949401, 6.518812, 4.282744, 2.886048, 2.75246, 3.814635, 6.055946, 9.108813, 12.160171, 10.879546, 8.99275, 6.551439, 3.498571, 0.0, 0.0, 0.0]"
1033,"[0.0, 0.0, 0.0, 0.0, 0.824621, 1.844425, 3.060978, 4.475191, 5.889405, 6.478997, 6.873407, 7.071068, 6.873407, 6.478997, 5.889405, 4.922405, 3.708191, 2.691639, 1.954677, 1.730056, 2.282843, 3.482843, 4.882843, 6.6, 8.209072, 9.642177, 10.872767, 11.705872, 12.336461, 12.535708, 10.102603, 9.072013, 7.638908, 5.608319, 3.4, 3.682843, 2.97727, 3.433292, 4.730658, 6.684724, 8.931704, 10.757571, 12.274762, 13.163074, 13.53883, 13.289358, 12.466431, 10.949239, 8.963562, 6.833739, 4.753389, 3.750449, 3.708641, 5.03467, 7.180254, 10.236018, 13.162586, 11.748372, 9.622343, 7.076759, 3.820995, 0.0, 0.0, 0.0]"
1034,"[0.0, 0.0, 0.0, 0.0, 0.632456, 1.652259, 2.868812, 4.283026, 5.697239, 6.478997, 6.873407, 6.873407, 6.675746, 6.281336, 5.691744, 4.724744, 3.708191, 2.691639, 1.954677, 1.730056, 2.282843, 3.482843, 5.082843, 6.8, 8.4, 9.808319, 11.016, 11.846589, 12.45427, 12.463342, 10.055023, 9.047342, 7.416753, 5.209072, 3.0, 3.2, 2.619804, 3.034017, 4.477926, 6.713994, 9.144584, 10.953207, 12.402557, 13.226981, 13.464777, 13.070256, 12.251804, 10.802453, 8.93412, 6.860257, 5.024189, 3.735324, 3.487301, 4.687301, 7.007595, 9.887839, 12.886943, 11.720753, 9.720753, 7.000459, 3.720215, 0.0, 0.0, 0.0]"
1035,"[0.0, 0.0, 0.0, 0.0, 0.632456, 1.526883, 2.693073, 4.135294, 5.577514, 6.387279, 6.935072, 7.110523, 6.834493, 6.469305, 5.851706, 4.809485, 3.867844, 2.984497, 2.507464, 2.507464, 3.184497, 4.226717, 5.556326, 6.956326, 8.257734, 9.58902, 10.837524, 11.770657, 12.316242, 12.598531, 10.190213, 8.941708, 7.396124, 5.482995, 3.074676, 3.474676, 2.926883, 3.369103, 4.457113, 6.898424, 9.059674, 10.88554, 12.163614, 13.163443, 13.163443, 12.882544, 12.006159, 10.728085, 8.85632, 6.615008, 4.534658, 3.490749, 3.265081, 4.45616, 6.924493, 10.022978, 13.152354, 11.935802, 9.896194, 7.227861, 3.929377, 0.0, 0.0, 0.0]"
1036,"[0.0, 0.0, 0.0, 0.0, 1.0, 2.414214, 3.828427, 5.390477, 7.234386, 7.954851, 8.261102, 8.408939, 8.408939, 7.979244, 7.258778, 6.259424, 5.144587, 3.982537, 2.968324, 2.768324, 3.047214, 4.0, 5.411077, 7.050685, 8.531036, 9.811387, 10.941209, 11.659954, 12.094209, 12.094209, 9.813858, 8.69825, 7.168428, 5.094564, 2.814214, 3.414214, 3.2, 4.011077, 5.820149, 8.42783, 10.834489, 12.840733, 14.2359, 15.233072, 15.63205, 15.225391, 14.219147, 13.012903, 11.006659, 8.4, 5.8, 4.232456, 3.497367, 4.385428, 6.653761, 9.952245, 13.203087, 11.938176, 9.850115, 7.181782, 3.883298, 0.0, 0.0, 0.0]"
1037,"[0.0, 0.0, 0.0, 0.0, 0.894427, 2.159338, 3.61536, 5.264602, 7.108511, 8.057993, 8.442324, 8.635545, 8.442324, 7.863326, 7.096451, 6.168319, 5.084762, 4.02874, 3.163829, 2.719251, 2.998141, 3.509488, 4.758731, 6.20264, 7.609792, 8.84586, 10.201932, 10.985795, 11.574991, 11.771451, 9.535383, 8.516492, 6.977814, 4.827551, 2.791483, 3.391483, 3.17727, 4.082843, 5.809975, 8.018294, 10.246721, 12.07327, 13.332682, 14.186271, 14.408542, 14.210704, 13.393227, 11.748029, 10.084464, 8.053875, 5.423286, 3.614214, 3.6, 4.4, 6.407681, 9.41434, 12.239243, 10.839243, 8.839243, 6.231562, 3.224903, 0.0, 0.0, 0.0]"
1038,"[0.0, 0.0, 0.0, 0.0, 1.0, 2.280625, 3.842675, 5.539731, 7.236787, 7.933844, 8.350275, 8.350275, 8.067432, 7.651001, 6.953945, 5.889344, 4.927294, 3.91308, 2.915298, 2.515298, 2.682843, 3.299395, 4.355417, 5.721817, 7.019183, 8.373249, 9.573306, 10.449665, 11.03649, 11.29319, 9.139124, 8.178537, 6.670777, 4.634709, 2.680643, 3.246329, 2.956497, 3.744327, 5.707658, 8.115339, 10.434095, 12.220869, 13.661285, 14.550822, 14.721629, 14.343181, 13.449343, 12.008927, 10.033092, 7.854603, 5.348611, 3.736698, 3.255617, 3.875641, 5.68396, 8.657173, 11.748321, 10.61695, 8.919894, 6.511575, 3.538361, 0.0, 0.0, 0.0]"
1039,"[0.0, 0.0, 0.0, 0.0, 0.894427, 2.060618, 3.402258, 4.844479, 6.286699, 6.954322, 7.350182, 7.450761, 7.350182, 7.074152, 6.336723, 5.374673, 4.332452, 3.273654, 2.707464, 2.682843, 3.347754, 4.560205, 5.997828, 7.397828, 9.006147, 10.43196, 11.510234, 12.618196, 13.30892, 13.30892, 10.618196, 9.647936, 7.985699, 5.92743, 3.719111, 4.119111, 3.293073, 3.569103, 4.936648, 7.177959, 9.498253, 11.603826, 13.161605, 14.161605, 14.440588, 14.000645, 13.000645, 11.562695, 9.411223, 6.890929, 4.810578, 3.810578, 3.70455, 5.136373, 7.848417, 10.946901, 13.931873, 12.475851, 10.1955, 7.283456, 3.984972, 0.0, 0.0, 0.0]"
1040,"[0.0, 0.0, 0.0, 0.0, 0.824621, 1.901654, 3.243295, 4.805345, 6.367395, 7.104824, 7.589841, 7.69042, 7.294561, 6.898701, 6.356455, 5.594405, 4.752185, 3.785994, 3.019804, 2.6, 2.8, 3.416553, 4.925353, 6.314208, 7.773334, 9.105714, 10.330473, 11.062983, 11.60651, 11.710715, 9.378334, 8.460177, 7.03867, 5.306289, 3.142959, 3.775414, 3.329292, 3.751709, 4.995618, 7.275969, 9.334238, 11.099739, 12.500053, 13.498678, 13.909052, 13.344356, 12.627851, 11.199531, 9.356997, 6.949115, 4.823085, 3.097056, 2.947754, 3.656555, 5.790321, 8.83663, 11.92948, 10.664569, 8.955768, 6.539159, 3.49285, 0.0, 0.0, 0.0]"
1041,"[0.0, 0.0, 0.0, 0.0, 0.8, 2.0, 3.4, 5.0, 6.6, 7.4, 7.8, 7.8, 7.6, 7.2, 6.4, 5.432456, 4.479669, 3.479669, 2.879669, 2.800779, 3.299695, 4.294702, 5.615167, 6.901963, 8.239979, 9.344676, 10.408448, 11.104592, 11.723789, 11.827994, 9.591926, 8.528153, 7.111544, 5.052765, 3.089434, 3.289434, 2.671835, 3.127857, 4.469497, 6.328624, 8.634616, 10.315988, 11.543248, 12.260386, 12.617869, 12.171002, 11.453864, 10.112223, 8.327341, 5.910731, 4.051605, 3.062751, 2.986021, 4.10882, 6.582683, 9.487518, 12.040129, 10.775218, 8.931309, 6.457446, 3.352611, 0.0, 0.0, 0.0]"
1042,"[0.0, 0.0, 0.0, 0.0, 0.894427, 1.894427, 3.175052, 4.737102, 6.434158, 7.236787, 7.798837, 7.932426, 7.78459, 7.368158, 6.565529, 5.8281, 5.013887, 3.999673, 3.166262, 3.096456, 3.471835, 4.271835, 5.671835, 7.234596, 8.646043, 9.682111, 10.562462, 11.236325, 11.462418, 11.462418, 9.22635, 8.545999, 7.072136, 5.436068, 3.2, 3.482843, 2.77727, 3.300425, 4.597791, 6.878142, 9.069163, 10.843068, 11.988246, 12.759213, 12.952725, 12.759213, 11.934789, 10.680669, 8.836958, 6.563094, 4.282744, 3.038835, 2.889532, 4.034683, 6.251292, 9.297601, 12.374556, 11.109645, 9.139874, 6.723265, 3.676955, 0.0, 0.0, 0.0]"
1043,"[0.0, 0.0, 0.0, 0.0, 1.0, 2.2, 3.6, 5.2, 7.011077, 7.822154, 8.433231, 8.633231, 8.433231, 7.822154, 7.211077, 6.224621, 5.071835, 4.071835, 3.43752, 2.95863, 3.3002, 4.561787, 6.005696, 7.528072, 9.240066, 10.704465, 11.824092, 12.80861, 13.351138, 13.351138, 10.720549, 9.73603, 8.124156, 6.126022, 3.892917, 4.492917, 3.849008, 4.244907, 5.821524, 8.221524, 10.428658, 12.235317, 13.629525, 14.447002, 14.654135, 14.454682, 13.657095, 12.262888, 10.452891, 8.366867, 6.159187, 4.950114, 5.046464, 6.170851, 8.422954, 11.440556, 14.490247, 12.781447, 10.440507, 7.467293, 4.049691, 0.0, 0.0, 0.0]"
1044,"[0.0, 0.0, 0.0, 0.0, 0.72111, 1.72111, 3.001735, 4.28236, 5.72458, 6.445691, 6.887911, 6.887911, 6.887911, 6.577062, 5.983369, 4.988362, 4.107737, 3.027113, 2.295742, 2.247214, 3.0, 4.014214, 5.523014, 7.092786, 8.528854, 9.834847, 11.103915, 12.078396, 12.614617, 12.795158, 10.289165, 9.129038, 7.465561, 5.559568, 3.142959, 3.342959, 2.668332, 2.929153, 4.173062, 6.453413, 8.814662, 10.686428, 12.126098, 13.124723, 13.405622, 13.007703, 12.174205, 10.734536, 8.524457, 6.163207, 4.199877, 3.11308, 3.174096, 4.511412, 6.919093, 10.119093, 13.16617, 11.824529, 9.854758, 7.247077, 3.847077, 0.0, 0.0, 0.0]"
1045,"[0.0, 0.0, 0.0, 0.0, 0.848528, 1.979899, 3.394113, 4.956162, 6.653219, 7.366741, 7.79742, 7.945256, 7.79742, 7.231734, 6.669684, 5.828745, 4.666695, 3.452481, 2.52111, 2.12111, 2.4, 3.4, 4.812452, 6.509818, 8.063884, 9.404824, 10.345764, 11.263135, 11.89559, 11.829586, 9.488646, 8.364258, 6.85424, 4.724418, 2.636356, 3.036356, 3.036356, 3.665795, 5.501863, 8.132452, 10.560879, 12.370876, 13.781045, 14.604389, 14.802227, 14.406905, 13.390331, 12.130919, 10.071507, 7.64308, 5.209975, 3.765685, 3.042718, 3.831573, 5.848182, 9.079281, 11.931197, 10.854164, 9.06531, 6.6487, 3.417601, 0.0, 0.0, 0.0]"
1046,"[0.0, 0.0, 0.0, 0.0, 0.848528, 1.979899, 3.394113, 4.808326, 6.505382, 7.218904, 7.649583, 7.649583, 7.649583, 7.083898, 6.370376, 5.529436, 4.515223, 3.301009, 2.369638, 2.12111, 2.4, 3.216553, 4.665795, 6.174596, 7.544367, 8.780435, 9.980492, 10.747859, 11.379998, 11.379998, 9.14393, 7.992232, 6.400244, 4.459304, 2.489532, 2.889532, 2.644425, 3.275826, 4.963887, 7.437751, 9.758045, 11.601805, 13.057827, 14.029177, 14.223647, 13.977216, 13.15326, 11.853667, 9.794256, 7.525923, 5.052059, 3.578137, 3.097056, 3.817521, 5.749902, 8.80277, 11.814793, 10.683422, 8.962957, 6.630576, 3.577709, 0.0, 0.0, 0.0]"
1047,"[0.0, 0.0, 0.0, 0.0, 1.0, 2.4, 3.8, 5.4, 7.2, 8.0, 8.4, 8.6, 8.4, 8.0, 7.2, 6.2, 5.232456, 4.115298, 3.115298, 2.562512, 2.61104, 3.259209, 4.418587, 5.739052, 7.178635, 8.389233, 9.440989, 10.234836, 10.750439, 10.922769, 8.863643, 7.811887, 6.296929, 4.060861, 2.201735, 2.648949, 2.534514, 3.375454, 5.538785, 7.780096, 10.175416, 12.133326, 13.571276, 14.250479, 14.651702, 14.217487, 13.219416, 11.781466, 9.938932, 7.543612, 5.135293, 3.409264, 2.847214, 3.636068, 5.521235, 8.574103, 11.502766, 10.502766, 8.713912, 6.381531, 3.328663, 0.0, 0.0, 0.0]"
1048,"[0.0, 0.0, 0.0, 0.0, 1.0, 2.2, 3.8, 5.4, 7.2, 7.8, 8.2, 8.2, 8.0, 7.4, 6.8, 6.024621, 4.707464, 3.707464, 2.907464, 2.539919, 2.563826, 3.447174, 4.570329, 5.879129, 7.286282, 8.718104, 9.787982, 10.500895, 11.072445, 11.072445, 8.792095, 8.012049, 6.497091, 4.499583, 2.659975, 3.259975, 3.003953, 3.882843, 5.8, 8.0, 10.2, 12.006659, 13.406659, 14.206659, 14.606659, 14.406659, 13.6, 12.2, 10.2, 7.8, 5.2, 3.4, 3.0, 3.811077, 6.018758, 9.045307, 11.87021, 10.67021, 8.859133, 6.251452, 3.224903, 0.0, 0.0, 0.0]"
1049,"[0.0, 0.0, 0.0, 0.0, 0.632456, 1.709488, 3.051129, 4.39277, 5.915925, 6.806624, 7.252745, 7.252745, 7.176016, 6.547288, 5.848755, 4.9256, 3.983959, 2.719048, 2.024621, 1.832456, 1.953566, 2.834191, 4.396241, 6.040149, 7.571025, 9.013245, 10.065001, 10.944262, 11.432734, 11.432734, 9.269403, 8.379243, 6.78646, 4.736922, 2.573591, 2.973591, 2.425798, 3.189721, 4.793675, 7.126056, 9.333737, 11.04699, 12.213028, 13.10472, 13.38002, 13.10472, 12.383836, 11.047567, 9.269078, 7.108611, 4.97623, 3.689434, 3.647214, 4.647214, 7.007134, 10.013378, 13.035532, 11.635532, 9.635532, 6.828398, 3.622154, 0.0, 0.0, 0.0]"
1050,"[0.0, 0.0, 0.0, 0.0, 1.019804, 2.284715, 3.740737, 5.263892, 6.972692, 7.741743, 8.265686, 8.422116, 8.422116, 7.978226, 7.209176, 6.220321, 5.20787, 4.084715, 3.219804, 2.8, 2.824621, 3.301654, 4.243295, 5.455746, 6.855746, 8.031125, 9.080121, 9.86451, 10.378087, 10.264884, 8.264884, 7.480495, 5.986922, 4.060893, 2.374096, 2.939782, 2.598141, 3.527735, 5.327735, 7.536054, 9.531619, 11.251913, 12.410157, 13.130451, 13.283382, 13.002483, 12.168985, 10.890911, 9.24765, 7.286401, 5.00605, 3.566467, 3.124247, 3.74427, 5.407012, 7.952596, 10.616652, 9.616652, 7.919596, 5.656854, 3.11127, 0.0, 0.0, 0.0]"
1051,"[0.0, 0.0, 0.0, 0.0, 0.824621, 1.844425, 3.060978, 4.660978, 6.273429, 7.048808, 7.629004, 7.812452, 7.412452, 7.016553, 6.241174, 5.273629, 4.320843, 3.520843, 2.751504, 2.775411, 3.309146, 4.203573, 5.512374, 6.773961, 8.013494, 9.127654, 10.126954, 10.892016, 11.713038, 11.713038, 9.432687, 8.614901, 7.218071, 5.135462, 3.247401, 3.447401, 2.724247, 3.061427, 4.263456, 6.103064, 8.244004, 9.973826, 11.227945, 12.247036, 12.487779, 12.2349, 11.35432, 10.142009, 8.273676, 6.193326, 4.305264, 3.456022, 3.4, 4.411077, 6.619396, 9.644299, 12.267748, 10.867748, 9.056671, 6.648352, 3.423449, 0.0, 0.0, 0.0]"
1052,"[0.0, 0.0, 0.0, 0.0, 1.0, 2.4, 3.8, 5.4, 7.0, 7.6, 7.8, 8.0, 7.8, 7.6, 7.0, 6.2, 5.2, 4.082843, 3.082843, 2.530056, 2.451167, 3.017357, 4.257669, 5.646523, 6.988164, 8.236825, 9.224701, 10.042486, 10.407698, 10.407698, 8.437926, 7.625501, 6.005671, 4.051605, 2.262751, 2.862751, 2.598143, 3.585834, 5.44496, 7.861569, 9.944851, 11.820782, 13.064946, 13.958785, 14.225457, 13.874556, 12.808388, 11.564224, 9.611259, 7.21082, 4.87844, 3.591643, 2.902647, 3.551889, 5.549397, 8.412961, 11.165572, 10.145768, 8.496526, 6.216175, 3.352611, 0.0, 0.0, 0.0]"
1053,"[0.0, 0.0, 0.0, 0.0, 0.824621, 1.844425, 3.300447, 4.912899, 6.756807, 7.743263, 8.335911, 8.335911, 8.179481, 7.552125, 6.635475, 5.871552, 4.862743, 3.606721, 2.955854, 2.955854, 3.12713, 4.09413, 5.705207, 7.339522, 8.845094, 10.425291, 11.811077, 12.8, 13.4, 13.6, 11.0, 9.8, 8.2, 6.032456, 3.632456, 4.198141, 3.675174, 4.183975, 5.63958, 7.913444, 10.259802, 12.287604, 13.683639, 14.700412, 15.138593, 14.756371, 13.739597, 12.284005, 10.003791, 7.491747, 4.961925, 3.321077, 3.086048, 4.261427, 6.581721, 10.022651, 13.575438, 12.161224, 10.161224, 7.44093, 4.0, 0.0, 0.0, 0.0]"
1054,"[0.0, 0.0, 0.0, 0.0, 0.8, 1.819804, 3.036356, 4.492378, 5.9484, 6.604422, 7.04064, 7.28011, 7.088999, 6.652781, 5.996759, 5.140737, 3.884715, 2.819804, 2.0, 1.647214, 1.895742, 2.861932, 4.274384, 5.863238, 7.385796, 8.773336, 10.023755, 10.827912, 11.379998, 11.564292, 9.328224, 8.43477, 6.912588, 4.85449, 2.700425, 3.100425, 2.597074, 3.158669, 4.773192, 7.114132, 9.243955, 10.944445, 12.461637, 13.284564, 13.473446, 13.284564, 12.534042, 10.825739, 8.999872, 6.752893, 4.611953, 3.274636, 3.409725, 4.515298, 6.832456, 9.838699, 12.612121, 11.212121, 9.212121, 6.612121, 3.405877, 0.0, 0.0, 0.0]"
1055,"[0.0, 0.0, 0.0, 0.0, 0.8, 1.8, 3.0, 4.414214, 5.828427, 6.640879, 7.25333, 7.467544, 7.25333, 6.839117, 6.026665, 5.014214, 3.8, 2.8, 2.082843, 1.848528, 2.142955, 3.207866, 4.531021, 6.145545, 7.667921, 9.247357, 10.456309, 11.407018, 11.983515, 12.175804, 9.701941, 8.6841, 7.034857, 4.843837, 2.563486, 2.963486, 2.507464, 3.097056, 4.824189, 7.060257, 9.290846, 11.15441, 12.603761, 13.224375, 13.421412, 13.223928, 12.399971, 10.75296, 8.946991, 6.9611, 4.727995, 3.320843, 3.518504, 4.73349, 7.114704, 10.170468, 12.990548, 11.576334, 9.536727, 6.708299, 3.452535, 0.0, 0.0, 0.0]"
1056,"[0.0, 0.0, 0.0, 0.0, 0.824621, 1.901654, 3.243295, 4.685515, 6.297967, 7.085797, 7.621216, 7.621216, 7.520636, 6.985218, 6.197387, 5.384936, 4.443295, 3.548868, 2.871835, 2.847214, 3.047214, 3.912125, 4.988066, 6.474862, 7.838193, 9.118544, 10.133983, 10.89118, 11.284734, 11.121403, 8.841053, 8.002922, 6.547192, 4.666842, 2.666842, 3.266842, 2.901654, 3.689485, 5.289485, 7.621865, 9.742159, 11.385421, 12.615503, 13.499944, 13.887857, 13.499944, 12.77965, 11.379336, 9.389323, 7.116242, 4.783861, 3.183861, 3.155854, 4.105336, 6.187945, 9.161158, 12.17876, 10.764546, 8.920637, 6.390815, 3.417601, 0.0, 0.0, 0.0]"
1057,"[0.0, 0.0, 0.0, 0.0, 1.019804, 2.236356, 3.692378, 5.341621, 7.050421, 7.739418, 8.231666, 8.298799, 8.105579, 7.661689, 6.972692, 6.063892, 5.140737, 3.884715, 2.819804, 2.2, 2.12111, 2.652481, 3.894702, 5.256752, 6.743548, 8.081564, 9.282573, 10.076421, 10.573497, 10.573497, 8.514371, 7.462615, 5.947657, 4.088531, 2.401735, 3.001735, 2.740914, 3.542959, 5.497024, 7.897024, 10.082702, 11.926462, 13.449617, 14.34186, 14.527538, 14.15847, 13.264677, 11.741522, 9.58964, 7.251176, 5.034567, 3.664795, 3.341641, 4.247214, 6.2, 9.0, 11.8, 10.6, 8.8, 6.4, 3.4, 0.0, 0.0, 0.0]"
