Packet_No,CSI_Data
1,"[0.0, 0.0, 0.0, 0.0, 1.0, 2.442221, 3.884441, 5.407596, 7.116396, 7.825197, 8.032219, 8.20245, 8.093509, 7.584708, 6.875907, 6.246469, 5.266473, 4.417945, 4.042566, 4.06237, 4.442566, 5.422562, 6.866852, 8.278299, 9.732358, 10.806221, 11.914064, 12.504089, 12.608961, 12.289163, 9.8153, 8.744248, 7.7567, 6.829973, 6.131929, 7.744381, 7.981935, 8.532814, 9.559912, 10.711571, 11.877608, 12.7693, 13.289251, 13.44794, 13.370081, 12.871943, 12.181516, 11.395601, 10.584455, 9.775098, 9.338656, 9.094504, 9.197137, 9.740664, 10.798687, 12.007646, 13.4924, 11.4924, 9.16002, 6.381531, 3.328663, 0.0, 0.0, 0.0]"
2,"[0.0, 0.0, 0.0, 0.0, 0.848528, 1.979899, 3.394113, 4.956162, 6.518212, 7.282136, 7.67392, 7.715728, 7.418589, 7.12145, 6.528803, 5.830269, 5.095357, 4.396132, 3.731221, 3.511417, 3.7066, 4.399703, 5.677926, 7.087901, 8.496974, 9.67717, 10.662956, 11.02812, 11.227217, 11.02812, 8.82812, 8.02812, 7.233261, 6.2891, 5.559749, 6.973963, 7.094428, 7.680215, 8.695654, 9.823348, 10.954719, 11.779839, 12.188158, 12.316126, 12.188158, 11.642573, 11.096989, 10.532579, 9.68631, 8.968009, 8.58046, 8.289261, 8.533413, 9.251714, 10.219487, 11.519079, 12.722322, 10.634261, 8.35391, 5.824088, 2.912044, 0.0, 0.0, 0.0]"
3,"[0.0, 0.0, 0.0, 0.0, 1.0, 2.4, 4.012452, 5.812452, 7.623529, 8.434606, 8.878514, 8.974864, 8.698018, 8.228582, 7.759146, 6.99227, 5.915925, 4.839984, 4.064028, 3.616815, 3.616815, 4.440381, 5.890534, 7.478915, 9.001097, 10.430057, 11.581715, 12.29203, 12.470345, 12.053735, 9.547743, 8.552513, 7.209743, 6.077363, 5.293915, 6.81707, 6.925083, 7.660172, 8.792553, 9.908381, 11.068508, 12.031325, 12.631325, 12.828766, 12.970249, 12.375028, 11.589113, 10.697914, 9.691247, 8.659604, 7.985756, 7.808854, 8.15918, 9.052634, 10.293695, 11.832446, 13.242477, 11.183351, 8.766741, 6.08346, 3.130495, 0.0, 0.0, 0.0]"
4,"[0.0, 0.0, 0.0, 0.0, 1.264911, 2.788066, 4.496866, 6.285721, 8.172517, 8.907606, 9.22836, 9.216616, 9.124818, 8.652235, 7.93286, 7.088951, 6.113005, 5.015949, 4.496162, 4.381728, 4.823948, 5.823303, 7.223303, 8.609227, 10.050717, 11.291778, 12.254595, 12.854595, 12.990853, 12.799782, 10.1165, 9.222073, 8.184123, 7.209734, 6.235345, 7.884588, 7.90681, 8.354735, 9.320834, 10.509203, 11.688387, 12.740875, 13.399232, 13.711208, 13.61044, 13.122953, 12.413455, 11.642489, 10.571437, 9.654066, 8.925578, 8.615421, 8.687826, 9.274652, 10.345482, 11.685995, 12.972581, 11.002809, 8.766741, 6.08346, 3.130495, 0.0, 0.0, 0.0]"
5,"[0.0, 0.0, 0.0, 0.0, 1.414214, 2.976263, 4.820172, 6.820172, 8.983503, 9.73262, 10.229696, 10.355559, 10.06436, 9.550271, 8.842963, 7.860869, 6.612208, 5.469093, 4.419851, 3.983633, 4.24824, 5.315984, 6.720071, 8.461011, 9.971029, 11.297721, 12.372431, 13.266223, 13.555873, 13.262119, 10.593786, 9.379464, 7.85754, 6.507576, 5.437698, 6.702609, 6.665819, 7.334153, 8.2626, 9.504729, 10.870407, 11.888545, 12.546903, 12.867652, 12.800273, 12.32375, 11.590527, 10.630995, 9.515387, 8.574447, 7.876403, 7.591488, 7.603152, 8.314968, 9.323287, 10.709799, 12.221447, 10.500982, 8.374953, 5.966634, 3.1241, 0.0, 0.0, 0.0]"
6,"[0.0, 0.0, 0.0, 0.0, 1.4, 3.0, 4.8, 6.809975, 8.849583, 9.685651, 10.173712, 10.271079, 10.049958, 9.622802, 8.828954, 7.817926, 6.745181, 5.556326, 4.50956, 3.961767, 4.149645, 4.974266, 6.271633, 7.860013, 9.382195, 10.717284, 11.846531, 12.556845, 12.73516, 12.481881, 9.881881, 8.715844, 7.373074, 6.040693, 4.954396, 6.23502, 6.319625, 6.898623, 8.024652, 9.355938, 10.620898, 11.614566, 12.331907, 12.647189, 12.571251, 12.084792, 11.280864, 10.332066, 9.304968, 8.253212, 7.535727, 7.261382, 7.448931, 8.234717, 9.354092, 10.812452, 12.2, 10.4, 8.2, 5.8, 3.0, 0.0, 0.0, 0.0]"
7,"[0.0, 0.0, 0.0, 0.0, 1.131371, 2.545584, 4.107634, 5.669684, 7.390149, 8.047633, 8.422274, 8.569025, 8.462997, 8.007443, 7.295621, 6.401194, 5.413503, 4.404695, 3.939784, 3.882555, 4.44415, 5.566948, 7.159343, 8.595411, 10.008712, 11.160371, 11.916462, 12.476854, 12.640786, 12.407681, 9.8, 9.011077, 7.867099, 6.80874, 6.022953, 7.465174, 7.442951, 8.046055, 8.940482, 10.13395, 11.470218, 12.401658, 13.062826, 13.517483, 13.318121, 12.802374, 12.208109, 11.331723, 10.361464, 9.661946, 9.048446, 8.733494, 8.889585, 9.577439, 10.476319, 11.833736, 13.029318, 11.029318, 8.621, 6.013319, 3.006659, 0.0, 0.0, 0.0]"
8,"[0.0, 0.0, 0.0, 0.0, 1.264911, 2.788066, 4.57692, 6.365774, 8.252571, 8.98766, 9.464505, 9.519559, 9.427761, 9.103015, 8.517229, 7.6486, 6.804691, 5.932255, 5.194827, 4.67504, 4.824294, 5.436746, 6.671251, 8.17901, 9.790576, 11.109951, 12.0975, 12.568196, 12.765637, 12.539995, 9.939995, 9.048796, 7.961194, 6.845586, 5.731425, 7.25458, 7.195021, 7.792409, 8.614263, 9.881178, 10.831886, 11.656508, 12.146722, 12.510654, 12.494158, 12.256363, 11.752271, 11.011303, 9.934458, 8.932062, 8.095994, 7.738674, 7.847186, 8.412093, 9.338819, 10.724497, 11.897723, 10.000357, 7.912295, 5.571355, 2.785678, 0.0, 0.0, 0.0]"
9,"[0.0, 0.0, 0.0, 0.0, 1.341641, 2.864795, 4.573596, 6.470963, 8.510571, 9.208538, 9.695358, 9.786557, 9.689191, 9.249583, 8.609975, 7.8, 6.824621, 5.745731, 5.040159, 4.717192, 4.782103, 5.606724, 6.925221, 8.311145, 9.763934, 11.099023, 12.313345, 12.957019, 13.276668, 12.982914, 10.382914, 9.308204, 8.080944, 6.880944, 6.05909, 7.582245, 7.680186, 8.28329, 9.215671, 10.30745, 11.467577, 12.264063, 12.990614, 13.443911, 13.467741, 13.06481, 12.46959, 11.581279, 10.504402, 9.587031, 8.86873, 8.501134, 8.490564, 9.114144, 10.007685, 11.224124, 12.456623, 10.569827, 8.237446, 5.731453, 2.952965, 0.0, 0.0, 0.0]"
10,"[0.0, 0.0, 0.0, 0.0, 1.0, 2.442221, 4.054672, 5.667124, 7.455978, 8.353345, 8.619925, 8.656716, 8.458478, 8.083837, 7.403023, 6.518843, 5.502056, 4.653528, 4.063936, 4.047383, 4.636976, 5.815597, 7.249912, 8.625291, 9.83361, 11.027077, 12.044427, 12.675016, 12.908121, 12.73587, 10.128189, 9.110839, 7.894464, 6.72627, 5.932422, 7.494472, 7.527304, 8.11309, 9.12853, 10.377034, 11.505709, 12.490228, 13.180952, 13.591326, 13.461851, 13.051477, 12.386381, 11.695656, 10.701988, 9.861203, 9.369706, 9.103742, 9.14335, 9.879399, 10.789523, 12.027218, 13.354754, 11.315147, 8.882042, 6.251452, 3.224903, 0.0, 0.0, 0.0]"
11,"[0.0, 0.0, 0.0, 0.0, 1.0, 2.280625, 3.893076, 5.505528, 7.294382, 8.003183, 8.3718, 8.408591, 8.210353, 7.835712, 7.326912, 6.477669, 5.460883, 4.612355, 3.798141, 3.398141, 3.814693, 4.63826, 5.916483, 7.326458, 8.934777, 10.118225, 11.062203, 11.626613, 12.024957, 11.626613, 9.226613, 8.426613, 7.474316, 6.407638, 5.678288, 7.240338, 7.527134, 8.130238, 9.024665, 10.076421, 11.122052, 11.95555, 12.587149, 13.041805, 13.255009, 12.91007, 12.169675, 11.322859, 10.194184, 9.171754, 8.558255, 8.389433, 8.745524, 9.583474, 10.860319, 12.211077, 13.6, 11.4, 9.0, 6.2, 3.2, 0.0, 0.0, 0.0]"
12,"[0.0, 0.0, 0.0, 0.0, 1.0, 2.280625, 3.842675, 5.404725, 7.101781, 7.798837, 8.238677, 8.289079, 8.06867, 7.713254, 7.093231, 6.267193, 5.220427, 4.326, 3.616815, 3.434209, 3.820407, 4.867173, 6.389731, 7.911341, 9.357854, 10.607051, 11.468463, 11.972555, 12.292352, 11.99102, 9.461198, 8.696135, 7.563913, 6.370674, 5.672707, 7.195862, 7.384428, 8.130848, 9.130574, 10.318755, 11.581279, 12.46959, 13.06481, 13.467741, 13.443911, 12.894302, 12.16775, 11.273323, 10.113196, 9.256445, 8.620377, 8.372328, 8.623082, 9.57379, 10.592881, 12.097716, 13.585123, 11.545516, 9.071652, 6.403319, 3.298485, 0.0, 0.0, 0.0]"
13,"[0.0, 0.0, 0.0, 0.0, 1.0, 2.280625, 3.694838, 5.391895, 7.11236, 7.832825, 8.164651, 8.273593, 8.099691, 7.644137, 7.000705, 6.28268, 5.480636, 4.404695, 3.739784, 3.487372, 3.669978, 4.472022, 5.922175, 7.602526, 9.251768, 10.648599, 11.558549, 12.268864, 12.396832, 12.13204, 9.658177, 8.874314, 7.608274, 6.48058, 5.552133, 7.164584, 7.224143, 8.036568, 9.096883, 10.232867, 11.303697, 12.278178, 12.844406, 13.223761, 13.368401, 12.811149, 12.127867, 11.294369, 10.186527, 9.334078, 8.8205, 8.6205, 8.933704, 9.729571, 10.827904, 12.242002, 13.666905, 11.466905, 9.058586, 6.251452, 3.224903, 0.0, 0.0, 0.0]"
14,"[0.0, 0.0, 0.0, 0.0, 1.0, 2.16619, 3.72824, 5.448705, 7.292614, 7.989671, 8.543945, 8.70236, 8.50505, 8.002782, 7.382758, 6.556721, 5.557366, 4.481425, 3.77224, 3.589634, 3.861397, 4.752738, 6.275296, 7.796907, 9.432302, 10.739975, 11.601386, 12.06472, 12.343759, 11.853545, 9.379681, 8.55506, 7.463596, 6.311116, 5.713728, 7.236883, 7.296442, 8.108867, 9.169182, 10.326961, 11.403807, 12.378287, 13.00271, 13.269451, 13.110762, 12.791113, 12.107832, 11.216139, 10.22091, 9.235621, 8.567721, 8.367721, 8.689997, 9.510651, 10.883056, 12.297154, 13.722057, 11.512984, 9.079879, 6.251452, 3.224903, 0.0, 0.0, 0.0]"
15,"[0.0, 0.0, 0.0, 0.0, 1.280625, 2.893076, 4.779873, 6.666669, 8.63644, 9.325587, 9.801197, 9.75831, 9.68259, 9.32527, 8.769712, 7.898204, 6.948722, 5.986173, 5.268149, 4.873739, 5.0714, 5.98805, 7.149497, 8.663389, 10.274174, 11.528293, 12.62926, 13.339579, 13.461082, 13.171433, 10.5031, 9.434965, 8.327123, 7.211514, 6.326596, 7.939048, 7.815604, 8.329181, 9.195319, 10.180608, 11.28845, 12.175666, 12.828126, 13.231057, 13.206355, 12.827001, 12.189091, 11.380374, 10.309544, 9.335155, 8.556265, 8.306959, 8.306959, 9.111116, 10.268896, 11.57041, 12.896254, 10.926483, 8.509873, 5.909873, 3.046309, 0.0, 0.0, 0.0]"
16,"[0.0, 0.0, 0.0, 0.0, 1.16619, 2.608411, 4.220862, 5.929663, 7.82703, 8.748901, 9.346288, 9.544913, 9.64719, 9.349823, 8.661762, 7.622154, 6.635698, 5.545731, 4.666842, 4.286646, 4.503198, 5.291028, 6.380995, 7.895953, 9.1565, 10.413811, 11.521653, 12.310576, 12.415448, 12.289163, 9.8153, 8.803807, 7.61802, 6.47708, 5.587925, 6.929566, 6.782815, 7.212511, 8.13854, 9.31494, 10.41461, 11.460241, 12.122325, 12.596296, 12.495925, 12.20868, 11.498365, 10.701173, 9.543394, 8.644674, 8.052658, 7.875757, 7.95581, 8.749658, 9.724047, 11.025561, 12.351405, 10.562551, 8.326483, 5.909873, 3.046309, 0.0, 0.0, 0.0]"
17,"[0.0, 0.0, 0.0, 0.0, 0.894427, 2.060618, 3.583772, 5.106927, 6.815728, 7.570543, 8.053594, 8.142891, 8.019737, 7.710936, 7.261694, 6.612452, 5.632456, 4.798141, 4.030596, 3.630596, 3.830596, 4.798141, 6.032456, 7.6, 9.208319, 10.416638, 11.249743, 11.923606, 12.003957, 11.635246, 9.226927, 8.406274, 7.346624, 6.331184, 5.457767, 6.87198, 7.103437, 7.689224, 8.704664, 9.946792, 11.078163, 11.924979, 12.486229, 12.767128, 12.80012, 12.417866, 11.613938, 10.896597, 9.749561, 8.75047, 8.199591, 8.021595, 8.217294, 9.236186, 10.462298, 11.713411, 13.064022, 11.024414, 8.591309, 5.922976, 3.059412, 0.0, 0.0, 0.0]"
18,"[0.0, 0.0, 0.0, 0.0, 1.216553, 2.829004, 4.478246, 6.375613, 8.463674, 9.401188, 9.758508, 9.996062, 9.81916, 9.293149, 8.419708, 7.449936, 6.457567, 5.369558, 4.439963, 4.007866, 4.288491, 4.956114, 6.167567, 7.661141, 9.220932, 10.348626, 11.347826, 12.224211, 12.539493, 12.294505, 9.886186, 8.886986, 7.580905, 6.305785, 5.359006, 6.759006, 6.809408, 7.239103, 8.112521, 9.329073, 10.362178, 11.357408, 12.113499, 12.681572, 12.656786, 12.233656, 11.437052, 10.449504, 9.241823, 8.098415, 7.43008, 7.339468, 7.570926, 8.150825, 9.294233, 10.781019, 12.033768, 10.189859, 8.20996, 5.801641, 2.973214, 0.0, 0.0, 0.0]"
19,"[0.0, 0.0, 0.0, 0.0, 1.0, 2.4, 4.012452, 5.624903, 7.468812, 8.312721, 8.621522, 8.797924, 8.797924, 8.396236, 7.832952, 7.124151, 5.967752, 4.755301, 3.878766, 3.492568, 3.569601, 4.4603, 5.849155, 7.342595, 8.780549, 10.144827, 11.182922, 11.802387, 12.023611, 11.81726, 9.375949, 8.376749, 7.310071, 6.246272, 5.336796, 6.85995, 6.910352, 7.627837, 8.647353, 9.847409, 10.924255, 11.911803, 12.382499, 12.620295, 12.677549, 12.117157, 11.361066, 10.540044, 9.589335, 8.557693, 7.932298, 7.808854, 8.15918, 8.872093, 10.113154, 11.651905, 13.156343, 11.097217, 8.861149, 6.177868, 3.224903, 0.0, 0.0, 0.0]"
20,"[0.0, 0.0, 0.0, 0.0, 1.216553, 2.630766, 4.243218, 5.89246, 7.789826, 8.282075, 8.656716, 8.764729, 8.677537, 8.34222, 7.914044, 7.12519, 6.125835, 5.163785, 4.167421, 3.735324, 4.015949, 4.856888, 6.100797, 7.661141, 9.075355, 10.203049, 11.202248, 11.799651, 11.953972, 11.854561, 9.446242, 8.447043, 7.286356, 6.270917, 5.324138, 6.724138, 6.77454, 7.533523, 8.50468, 9.696446, 10.904127, 11.891676, 12.459749, 12.632, 12.656786, 12.088713, 11.528321, 10.731717, 9.923398, 9.102744, 8.771937, 8.521184, 8.710107, 9.390458, 10.4983, 11.67394, 13.047364, 11.047364, 8.767013, 6.046719, 3.162278, 0.0, 0.0, 0.0]"
21,"[0.0, 0.0, 0.0, 0.0, 1.264911, 2.720933, 4.333385, 6.144462, 7.955539, 8.700603, 9.044581, 9.243206, 9.081371, 8.726316, 7.981252, 7.201056, 6.189979, 5.173192, 4.438281, 4.067797, 4.312904, 5.036059, 6.192458, 7.530473, 8.968427, 10.035897, 11.120423, 11.77288, 12.155065, 12.103035, 9.770654, 8.775425, 7.675754, 6.450996, 5.370645, 6.635556, 6.546259, 7.101985, 8.039498, 9.180438, 10.445349, 11.452017, 12.028514, 12.307553, 12.175685, 11.655838, 10.937093, 10.075681, 9.098598, 8.345548, 7.777793, 7.528766, 7.613371, 8.283378, 9.235675, 10.635988, 12.047152, 10.350096, 8.224067, 5.815748, 2.973214, 0.0, 0.0, 0.0]"
22,"[0.0, 0.0, 0.0, 0.0, 1.077033, 2.533055, 3.947269, 5.55972, 7.35972, 8.082687, 8.437742, 8.63598, 8.672771, 8.137682, 7.554234, 6.567778, 5.555327, 4.53854, 3.994739, 3.85522, 4.486621, 5.595421, 6.932738, 8.447695, 9.876655, 11.028314, 12.098002, 12.569542, 12.774785, 12.710103, 10.102422, 9.112788, 8.194631, 7.167534, 6.140436, 7.789678, 7.898191, 8.529102, 9.531498, 10.717284, 11.853719, 12.929567, 13.639065, 13.890788, 13.921378, 13.568805, 12.831659, 12.007703, 11.236737, 10.314948, 9.602308, 9.346139, 9.569273, 10.080225, 11.062149, 12.465784, 13.891763, 11.629021, 9.220702, 6.529977, 3.405877, 0.0, 0.0, 0.0]"
23,"[0.0, 0.0, 0.0, 0.0, 1.264911, 2.788066, 4.57692, 6.546692, 8.605818, 9.340907, 9.817752, 9.872806, 9.600091, 9.103015, 8.38364, 7.515011, 6.51963, 5.455029, 4.7176, 4.331403, 4.480657, 5.194179, 6.561723, 8.017453, 9.564337, 10.891393, 11.937024, 12.537024, 12.673282, 12.386037, 9.778356, 8.783127, 7.463752, 6.327767, 5.438612, 6.852826, 6.840374, 7.559749, 8.479125, 9.614214, 10.8, 11.807681, 12.43827, 12.712134, 12.592484, 12.080546, 11.316774, 10.335427, 9.275777, 8.40964, 7.7776, 7.546143, 7.783697, 8.532814, 9.559912, 10.946424, 12.333972, 10.447176, 8.283845, 5.842534, 3.0, 0.0, 0.0, 0.0]"
24,"[0.0, 0.0, 0.0, 0.0, 1.16619, 2.608411, 4.050631, 5.771096, 7.615005, 8.428714, 8.830402, 9.108647, 9.000633, 8.498365, 7.684657, 6.840748, 5.841393, 4.676155, 3.781728, 3.509965, 3.676155, 4.397265, 5.670517, 7.282429, 8.62407, 9.874489, 10.96209, 11.582565, 11.677505, 11.529499, 9.112889, 8.106222, 6.931472, 5.777406, 4.766378, 6.180592, 6.257437, 7.091247, 8.291247, 9.622532, 10.616638, 11.647227, 12.080332, 12.354196, 12.226227, 11.90597, 11.172747, 10.352094, 9.292444, 8.426307, 7.794267, 7.509352, 7.896901, 8.763038, 9.910074, 11.174346, 12.724172, 10.724172, 8.443821, 5.882572, 3.162278, 0.0, 0.0, 0.0]"
25,"[0.0, 0.0, 0.0, 0.0, 1.16619, 2.507831, 3.963853, 5.613095, 7.262338, 7.74539, 8.0162, 8.160178, 7.910936, 7.461694, 6.812452, 6.0, 5.032456, 4.198141, 3.822762, 3.842566, 4.45678, 5.436776, 6.714999, 8.170729, 9.491865, 10.607473, 11.595022, 12.167722, 12.30398, 12.199108, 9.669286, 8.718529, 7.716133, 6.699524, 5.919478, 7.442632, 7.680186, 8.429304, 9.361684, 10.513343, 11.67347, 12.469956, 12.906625, 13.104066, 13.026207, 12.623277, 12.028056, 11.325423, 10.408052, 9.598695, 9.015401, 8.771248, 8.873882, 9.593811, 10.481027, 11.836838, 13.155207, 11.155207, 8.822826, 6.215145, 3.162278, 0.0, 0.0, 0.0]"
26,"[0.0, 0.0, 0.0, 0.0, 1.216553, 2.672574, 4.321817, 6.165726, 8.063092, 8.816311, 9.149144, 9.220366, 9.096923, 8.641777, 7.95263, 7.163775, 6.337738, 5.417273, 4.869479, 4.755045, 5.169258, 6.11874, 7.298639, 8.684563, 10.079622, 11.273089, 12.207669, 13.006259, 13.231901, 12.906719, 10.299038, 9.407346, 8.190907, 7.127135, 6.414221, 8.063464, 7.987744, 8.425694, 9.391793, 10.499227, 11.480575, 12.533062, 13.201395, 13.461408, 13.360641, 13.070992, 12.361494, 11.590527, 10.766104, 9.848733, 9.120245, 8.810087, 8.882492, 9.455193, 10.442741, 11.693854, 13.081044, 11.111272, 8.694663, 6.094663, 3.231099, 0.0, 0.0, 0.0]"
27,"[0.0, 0.0, 0.0, 0.0, 1.264911, 2.788066, 4.496866, 6.394233, 8.238142, 9.012839, 9.499659, 9.590858, 9.293492, 9.062034, 8.43664, 7.446469, 6.446469, 5.478925, 4.432158, 3.842566, 4.039315, 4.839315, 6.017936, 7.462226, 8.873673, 10.090225, 11.158558, 11.877303, 12.208268, 12.126266, 9.693161, 8.67407, 7.360801, 6.236413, 5.248538, 6.529162, 6.44197, 7.069327, 7.852774, 9.094903, 10.359862, 11.343397, 11.907807, 12.349118, 12.10413, 11.721876, 11.063088, 10.216819, 9.189721, 8.468611, 7.828435, 7.590881, 7.839908, 8.634767, 9.600865, 10.884844, 12.242261, 10.431184, 8.222112, 5.813793, 3.006659, 0.0, 0.0, 0.0]"
28,"[0.0, 0.0, 0.0, 0.0, 1.131371, 2.573591, 4.135641, 5.856106, 7.644961, 8.302444, 8.75759, 8.844783, 8.58034, 8.205699, 7.633397, 6.560651, 5.632519, 4.623711, 4.009497, 3.812749, 4.402341, 5.52514, 7.117534, 8.553602, 9.942117, 11.135585, 12.091676, 12.659749, 13.023681, 12.824434, 10.216753, 9.22783, 8.076171, 6.817812, 6.17079, 7.73284, 7.808559, 8.411663, 9.402403, 10.448034, 11.770425, 12.76807, 13.551478, 13.909822, 13.847725, 13.226026, 12.467614, 11.468989, 10.498729, 9.476299, 8.8628, 8.547848, 8.703939, 9.391793, 10.499227, 11.876534, 13.271701, 11.271701, 8.863382, 6.232793, 3.206244, 0.0, 0.0, 0.0]"
29,"[0.0, 0.0, 0.0, 0.0, 1.0, 2.4, 4.0, 5.8, 7.611077, 8.454986, 8.952353, 9.061153, 8.784308, 8.314872, 7.637153, 6.634214, 5.557869, 4.434714, 3.658759, 3.213678, 3.396284, 4.286983, 5.78435, 7.37273, 8.887688, 10.316648, 11.234804, 11.778749, 11.905034, 11.668966, 9.162973, 8.163882, 6.987482, 5.907132, 5.123684, 6.465325, 6.743569, 7.478658, 8.441989, 9.557817, 10.722169, 11.601704, 12.201704, 12.568196, 12.516166, 12.098234, 11.342143, 10.450944, 9.444276, 8.606146, 8.080135, 7.956691, 8.217662, 9.111116, 10.268896, 11.57041, 12.98044, 11.010669, 8.594059, 5.994059, 3.130495, 0.0, 0.0, 0.0]"
30,"[0.0, 0.0, 0.0, 0.0, 1.16619, 2.608411, 4.220862, 5.941327, 7.785236, 8.598945, 9.000633, 9.232091, 9.232091, 8.830402, 8.192144, 7.348235, 6.225437, 4.952185, 4.109965, 3.662751, 3.828941, 4.550052, 5.823303, 7.110099, 8.548053, 9.887855, 11.045635, 11.66611, 12.120254, 11.875934, 9.369941, 8.293096, 7.232781, 6.172466, 5.349315, 6.763529, 6.840374, 7.359749, 8.279125, 9.422532, 10.441424, 11.472013, 12.340346, 12.614209, 12.54683, 12.201787, 11.468564, 10.449474, 9.389824, 8.448884, 7.816844, 7.628279, 7.865833, 8.784, 9.991681, 11.314147, 12.658214, 10.771418, 8.439037, 5.831356, 3.052868, 0.0, 0.0, 0.0]"
31,"[0.0, 0.0, 0.0, 0.0, 1.216553, 2.672574, 4.321817, 6.331792, 8.341767, 9.125214, 9.669192, 9.831027, 9.433504, 9.03598, 8.450194, 7.469998, 6.458921, 5.567579, 4.803656, 4.555633, 4.87747, 5.78627, 7.219226, 8.711638, 10.145447, 11.487088, 12.556776, 13.010391, 13.277132, 12.840463, 10.157181, 9.167547, 8.083021, 6.889553, 6.140436, 7.663591, 7.663591, 8.199562, 9.021417, 10.023812, 11.100658, 12.097481, 12.824032, 13.308259, 13.559982, 13.19605, 12.44998, 11.561669, 10.550176, 9.494295, 8.820277, 8.477725, 8.467155, 9.090735, 9.984276, 11.200715, 12.456623, 10.569827, 8.237446, 5.731453, 2.952965, 0.0, 0.0, 0.0]"
32,"[0.0, 0.0, 0.0, 0.0, 1.0, 2.414214, 3.870236, 5.519478, 7.228279, 7.937079, 8.31172, 8.46815, 8.261128, 7.832952, 7.124151, 6.229724, 5.249728, 4.407508, 3.692568, 3.692568, 4.139782, 5.119778, 6.519778, 8.234443, 9.642762, 10.846706, 11.924979, 12.486229, 12.767128, 12.639159, 10.093575, 9.099907, 7.980877, 6.684539, 5.804188, 7.404188, 7.55104, 8.148428, 9.316622, 10.547211, 11.775638, 12.738863, 13.499255, 13.673831, 13.650923, 13.031568, 12.224434, 11.224434, 10.229205, 9.270766, 8.850548, 8.737344, 9.063374, 9.859241, 10.900723, 12.085083, 13.454051, 11.328022, 8.919703, 6.228978, 3.255764, 0.0, 0.0, 0.0]"
33,"[0.0, 0.0, 0.0, 0.0, 1.2, 2.812452, 4.424903, 6.268812, 8.30842, 9.196481, 9.481396, 9.838716, 9.783662, 9.356505, 8.610085, 7.878909, 6.803564, 5.81471, 4.923369, 4.430256, 4.54469, 5.262715, 6.462715, 8.021955, 9.581746, 10.846706, 11.779839, 12.470563, 12.598531, 12.470563, 9.924979, 9.076451, 7.666351, 6.599673, 5.535874, 6.935874, 6.88806, 7.504802, 8.251223, 9.315021, 10.583354, 11.564701, 12.275015, 12.786954, 12.906603, 12.43827, 11.807681, 11.0, 9.814214, 8.870236, 8.112456, 7.674506, 7.718415, 8.43023, 9.535458, 10.935772, 12.346936, 10.503027, 8.376998, 5.815748, 2.973214, 0.0, 0.0, 0.0]"
34,"[0.0, 0.0, 0.0, 0.0, 1.131371, 2.545584, 4.107634, 5.804691, 7.6486, 8.361138, 8.83372, 9.060525, 9.152323, 8.831569, 8.252571, 7.442807, 6.375063, 5.151894, 4.22874, 3.78845, 3.976328, 4.778372, 5.921488, 7.291259, 8.746989, 9.762429, 10.672379, 11.396683, 11.66298, 11.392604, 9.112253, 8.32839, 7.160196, 6.055499, 5.326149, 6.59106, 6.59106, 7.170058, 8.078295, 9.13861, 10.403521, 11.354279, 11.926979, 12.393364, 12.384805, 11.914109, 11.200905, 10.396747, 9.413909, 8.495742, 8.036616, 7.762271, 8.047186, 8.612093, 9.727702, 10.847996, 12.340379, 10.443012, 8.354951, 5.825129, 3.104835, 0.0, 0.0, 0.0]"
35,"[0.0, 0.0, 0.0, 0.0, 1.16619, 2.507831, 4.030986, 5.739787, 7.583695, 8.261414, 8.73085, 9.007696, 8.898895, 8.469199, 7.825291, 6.814214, 5.646669, 4.612355, 3.830596, 3.6504, 4.2504, 5.429022, 6.873312, 8.476924, 9.930984, 11.199316, 12.300283, 13.010602, 13.304356, 13.171433, 10.5031, 9.240298, 8.120004, 7.004396, 6.18661, 7.799062, 7.993729, 8.519758, 9.513863, 10.681433, 11.911516, 13.067607, 13.826019, 14.196189, 14.011457, 13.674915, 12.910983, 11.913339, 10.855315, 10.046378, 9.260851, 8.994554, 9.261824, 10.071181, 11.042457, 12.426827, 13.809667, 11.655601, 9.125779, 6.457446, 3.352611, 0.0, 0.0, 0.0]"
36,"[0.0, 0.0, 0.0, 0.0, 1.280625, 2.722845, 4.44331, 6.163775, 8.050572, 8.829073, 9.356624, 9.533525, 9.462303, 9.187958, 8.345384, 7.395417, 6.322671, 5.239115, 4.259118, 4.042566, 4.239315, 5.063936, 6.147493, 7.554645, 8.790713, 9.982479, 10.940918, 11.691676, 12.052068, 12.016, 9.607681, 8.6, 7.464911, 6.231101, 5.162472, 6.504113, 6.427268, 7.132128, 8.120004, 9.405242, 10.569594, 11.552432, 12.190342, 12.477587, 12.341329, 11.961365, 11.299281, 10.412065, 9.412974, 8.397535, 7.685719, 7.44181, 7.532422, 8.32627, 9.535222, 10.984573, 12.443984, 10.632907, 8.396839, 5.922976, 3.059412, 0.0, 0.0, 0.0]"
37,"[0.0, 0.0, 0.0, 0.0, 1.0, 2.4, 4.012452, 5.661694, 7.505603, 8.349512, 8.658312, 8.658312, 8.451291, 7.888007, 7.044098, 6.229724, 5.249728, 4.407508, 3.847993, 3.847993, 4.295207, 5.275203, 6.675203, 8.234443, 9.642762, 10.846706, 11.924979, 12.615704, 12.743672, 12.461382, 9.915798, 8.922129, 7.673625, 6.721328, 6.009512, 7.609512, 7.756365, 8.550212, 9.527295, 10.743671, 11.972098, 12.956617, 13.520549, 13.887444, 13.864535, 13.24518, 12.625825, 11.825825, 10.638277, 9.679838, 9.25962, 8.937344, 9.100675, 9.896543, 11.089834, 12.42508, 13.944161, 11.78083, 9.372511, 6.529977, 3.405877, 0.0, 0.0, 0.0]"
38,"[0.0, 0.0, 0.0, 0.0, 1.341641, 2.864795, 4.573596, 6.470963, 8.559024, 9.256991, 9.544913, 9.64719, 9.549823, 9.061762, 8.222154, 7.611077, 6.624621, 5.545731, 4.840159, 4.659962, 4.874176, 5.860632, 7.179129, 8.717807, 10.171867, 11.477947, 12.387164, 12.947557, 13.044274, 12.91135, 10.191056, 9.179563, 8.192014, 7.076406, 6.191488, 7.803939, 7.939048, 8.452625, 9.164441, 9.98877, 10.937568, 11.70134, 12.353799, 12.911052, 13.04731, 12.640126, 12.002217, 11.012583, 9.941753, 8.939357, 8.227512, 7.870192, 7.978704, 8.646603, 9.762212, 11.040285, 12.339878, 10.442511, 8.16216, 5.632338, 2.912044, 0.0, 0.0, 0.0]"
39,"[0.0, 0.0, 0.0, 0.0, 1.216553, 2.672574, 4.321817, 6.219183, 8.11655, 8.869769, 9.300543, 9.371766, 9.036449, 8.581303, 7.892157, 7.00536, 5.917351, 4.955301, 4.234191, 4.084937, 4.49915, 5.710604, 7.236633, 8.778264, 10.337618, 11.614129, 12.490515, 13.08478, 13.263349, 13.013935, 10.32321, 9.446825, 8.288581, 7.188911, 6.203622, 7.803622, 7.77079, 8.248348, 9.142775, 10.294434, 11.501568, 12.490491, 13.258016, 13.629629, 13.629629, 13.255601, 12.495209, 11.69805, 10.690369, 9.695139, 8.970835, 8.720082, 8.710107, 9.518426, 10.596699, 11.578623, 12.913868, 10.913868, 8.505549, 5.814825, 3.1241, 0.0, 0.0, 0.0]"
40,"[0.0, 0.0, 0.0, 0.0, 1.16619, 2.778642, 4.301797, 6.090651, 7.988018, 8.719194, 9.14635, 9.434272, 9.456495, 9.159128, 8.661762, 7.622154, 6.635698, 5.457077, 4.489532, 3.914153, 4.114153, 4.889532, 6.057077, 7.424621, 9.008319, 10.216638, 11.247227, 11.92109, 12.394954, 12.266986, 9.858667, 8.840529, 7.766666, 6.509355, 5.570645, 6.984858, 6.934457, 7.378366, 8.287842, 9.35452, 10.485891, 11.614566, 12.331907, 12.647189, 12.680181, 12.297928, 11.607203, 10.766418, 9.739321, 8.74023, 8.100054, 7.749296, 7.839908, 8.661762, 9.627861, 10.933133, 12.31044, 10.499363, 8.263295, 5.854976, 3.026549, 0.0, 0.0, 0.0]"
41,"[0.0, 0.0, 0.0, 0.0, 1.216553, 2.829004, 4.478246, 6.322155, 8.410216, 9.281725, 9.639045, 9.778657, 9.723603, 9.247993, 8.602152, 7.798571, 6.904144, 5.939911, 5.15208, 4.70986, 4.824294, 5.491917, 6.511205, 7.949325, 9.49491, 10.759869, 11.888544, 12.764929, 13.222482, 12.840228, 10.294644, 9.447828, 8.141747, 6.763094, 5.816316, 7.216316, 6.984858, 7.610253, 8.50468, 9.721232, 10.928913, 11.924143, 12.492216, 12.863829, 12.863829, 12.295756, 11.69805, 10.901446, 9.893765, 8.916682, 8.400229, 8.110719, 8.299642, 8.979993, 10.08522, 11.4046, 12.808234, 10.808234, 8.527884, 5.966634, 3.1241, 0.0, 0.0, 0.0]"
42,"[0.0, 0.0, 0.0, 0.0, 1.0, 2.16619, 3.72824, 5.29029, 6.987347, 7.684403, 8.238677, 8.289079, 8.16925, 7.813834, 7.193811, 6.367773, 5.321007, 4.326, 3.616815, 3.434209, 3.705972, 4.752738, 6.094379, 7.615989, 9.062502, 10.426134, 11.287546, 11.931796, 12.210836, 11.909503, 9.379681, 8.55506, 7.463596, 6.444704, 5.847317, 7.370472, 7.618596, 8.365017, 9.231154, 10.129873, 11.206719, 11.992634, 12.683061, 13.010391, 13.110762, 12.674093, 11.877608, 10.985915, 10.087035, 9.294966, 8.744087, 8.657291, 8.78047, 9.504774, 10.486121, 11.933081, 13.357984, 11.348009, 8.914904, 6.284315, 3.224903, 0.0, 0.0, 0.0]"
43,"[0.0, 0.0, 0.0, 0.0, 1.280625, 2.842675, 4.56314, 6.283605, 8.170401, 8.859548, 9.267269, 9.444171, 9.372948, 8.900366, 8.344808, 7.39484, 6.322094, 5.393962, 4.612204, 4.197991, 4.394739, 5.18257, 6.272537, 7.650056, 8.850056, 10.041823, 11.037052, 11.65908, 12.08221, 12.091282, 9.682963, 8.675282, 7.642177, 6.473983, 5.545536, 6.959749, 6.921799, 7.408596, 8.307015, 9.306741, 10.453777, 11.437312, 11.958835, 12.203823, 12.203823, 11.805904, 11.260319, 10.41405, 9.419945, 8.581815, 7.941639, 7.590881, 7.839908, 8.634767, 9.600865, 10.906138, 12.283444, 10.472367, 8.263295, 5.854976, 3.026549, 0.0, 0.0, 0.0]"
44,"[0.0, 0.0, 0.0, 0.0, 1.280625, 2.893076, 4.779873, 6.838999, 8.898125, 9.587271, 10.062881, 10.019994, 9.771945, 9.32527, 8.769712, 7.898204, 6.948722, 5.858755, 5.140731, 4.746321, 4.929769, 5.846418, 7.125308, 8.6392, 10.249985, 11.480575, 12.533062, 13.253356, 13.51337, 13.22372, 10.593131, 9.573476, 8.465633, 7.211514, 6.135485, 7.747937, 7.747937, 8.261514, 9.25562, 10.399027, 11.62911, 12.505495, 13.157955, 13.432917, 13.530591, 12.924125, 12.173603, 11.364885, 10.294055, 9.350113, 8.676095, 8.318775, 8.437064, 9.165553, 10.323797, 11.482041, 12.842803, 10.754742, 8.413802, 5.693508, 2.973214, 0.0, 0.0, 0.0]"
45,"[0.0, 0.0, 0.0, 0.0, 1.341641, 2.864795, 4.65365, 6.623421, 8.777487, 9.523908, 9.844662, 9.866885, 9.70819, 9.154124, 8.466063, 7.838707, 6.852251, 5.762284, 5.056711, 4.733744, 4.931405, 5.917861, 7.206726, 8.745404, 10.336704, 11.642784, 12.552001, 13.327704, 13.680276, 13.428553, 10.708259, 9.885331, 8.712105, 7.340641, 6.380054, 7.992505, 7.815604, 8.329181, 9.195319, 10.180608, 11.28845, 12.346474, 12.998934, 13.401864, 13.560553, 13.181199, 12.490772, 11.682054, 10.611224, 9.453445, 8.674555, 8.306959, 8.306959, 9.111116, 10.268896, 11.68006, 13.005904, 11.036132, 8.619523, 6.019523, 3.046309, 0.0, 0.0, 0.0]"
46,"[0.0, 0.0, 0.0, 0.0, 1.16619, 2.689345, 4.398146, 6.106946, 8.004313, 8.735489, 9.251942, 9.354219, 9.456495, 9.159128, 8.661762, 7.622154, 6.611077, 5.52111, 4.642221, 4.066842, 4.266842, 5.066842, 6.145731, 7.434596, 8.846043, 10.079148, 11.147481, 11.821344, 12.285233, 12.329515, 9.89641, 8.87732, 7.803456, 6.546146, 5.607436, 6.88806, 6.935874, 7.379783, 8.28926, 9.355938, 10.620898, 11.614566, 12.331907, 12.647189, 12.571251, 12.188997, 11.385069, 10.544284, 9.665023, 8.746856, 8.195976, 8.017981, 8.141425, 8.815443, 9.834334, 11.05031, 12.400921, 10.557012, 8.320944, 5.887839, 3.059412, 0.0, 0.0, 0.0]"
47,"[0.0, 0.0, 0.0, 0.0, 1.280625, 2.842675, 4.56314, 6.407049, 8.250958, 8.970333, 9.295079, 9.363468, 9.132011, 8.629743, 7.971384, 6.979015, 5.755846, 4.590608, 4.073588, 3.80898, 4.437708, 5.660877, 7.449731, 9.041719, 10.494508, 11.691648, 12.814837, 13.442334, 13.694057, 13.59734, 10.877046, 9.862369, 8.611256, 7.357137, 6.366252, 7.889407, 7.835949, 8.459566, 9.478457, 10.756531, 12.14542, 13.274725, 13.824334, 14.176907, 14.139895, 13.733843, 12.996698, 12.180792, 11.103915, 10.033085, 9.127092, 8.734933, 8.734933, 9.442741, 10.513571, 11.95988, 13.426561, 11.456789, 9.04018, 6.356898, 3.310589, 0.0, 0.0, 0.0]"
48,"[0.0, 0.0, 0.0, 0.0, 1.216553, 2.630766, 4.243218, 6.054295, 7.854295, 8.448819, 8.845683, 8.882473, 8.720639, 8.376661, 7.782136, 6.990863, 6.141621, 5.124834, 4.389922, 4.067797, 4.312904, 5.221705, 6.677311, 8.110266, 9.632448, 11.050819, 11.949699, 12.469319, 12.756564, 12.503285, 9.820004, 8.824774, 7.673115, 6.646018, 5.69924, 7.222394, 7.398797, 7.829571, 8.578689, 9.598204, 10.491659, 11.302804, 12.016008, 12.382499, 12.620295, 12.243293, 11.682901, 10.732143, 9.658343, 8.526121, 7.900726, 7.423169, 7.562781, 8.165885, 9.240853, 10.509921, 11.811435, 10.022581, 7.963455, 5.546846, 2.863564, 0.0, 0.0, 0.0]"
49,"[0.0, 0.0, 0.0, 0.0, 1.16619, 2.689345, 4.478199, 6.447971, 8.345338, 9.218755, 9.539509, 9.561732, 9.204412, 8.707045, 8.067437, 7.223529, 6.237073, 5.345731, 4.840159, 4.517192, 4.931405, 5.756026, 7.074524, 8.416165, 9.812995, 11.119076, 12.190127, 12.75052, 13.114452, 12.876656, 10.156362, 9.333435, 8.345886, 7.145886, 6.36584, 7.888995, 7.712093, 8.099642, 8.979993, 9.965282, 11.049808, 11.835336, 12.518617, 12.838266, 12.813565, 12.35995, 11.751323, 11.037813, 10.050265, 9.075876, 8.336024, 8.159122, 8.159122, 8.782739, 9.940518, 11.389869, 12.532968, 10.563196, 8.327128, 5.727128, 2.863564, 0.0, 0.0, 0.0]"
50,"[0.0, 0.0, 0.0, 0.0, 0.894427, 2.060618, 3.502838, 5.025993, 6.734793, 7.489609, 7.93587, 8.106101, 8.182946, 7.674145, 7.224903, 6.412452, 5.432456, 4.279669, 3.712125, 3.336746, 3.736746, 4.50429, 5.857077, 7.224621, 8.609072, 10.039661, 11.307994, 12.176327, 12.456678, 12.335667, 9.705078, 8.685987, 7.417654, 6.353856, 5.607436, 7.169485, 7.2173, 7.797198, 8.843388, 9.764489, 10.893163, 11.757357, 12.385139, 12.62839, 12.698029, 12.06643, 11.564307, 10.843422, 9.899479, 8.981312, 8.364406, 8.094135, 8.361404, 9.140294, 10.638125, 12.358182, 13.921938, 11.767873, 9.426933, 6.514889, 3.352611, 0.0, 0.0, 0.0]"
51,"[0.0, 0.0, 0.0, 0.0, 1.077033, 2.418674, 3.941828, 5.730683, 7.617479, 8.540446, 9.042714, 9.216616, 9.124818, 8.680242, 7.960867, 7.248329, 6.399801, 5.3352, 4.525435, 4.139237, 4.174057, 4.887579, 5.975588, 7.343133, 8.781086, 10.120889, 11.158839, 11.854983, 12.195923, 12.017608, 9.511615, 8.43477, 7.460381, 6.400066, 5.587641, 6.804193, 6.89349, 7.461245, 8.389692, 9.481156, 10.932937, 11.988818, 12.452706, 12.584574, 12.492409, 12.060144, 11.361583, 10.59652, 9.711602, 8.784876, 8.161259, 8.035397, 8.223963, 8.922007, 10.107793, 11.281019, 12.410324, 10.512957, 8.358891, 5.758891, 2.973214, 0.0, 0.0, 0.0]"
52,"[0.0, 0.0, 0.0, 0.0, 0.894427, 2.060618, 3.402258, 4.743899, 6.267054, 7.021869, 7.46813, 7.540703, 7.599062, 7.275907, 6.626665, 5.614214, 4.6, 3.482843, 2.882843, 2.682843, 3.282843, 4.482843, 6.0, 7.4, 8.8, 10.0, 11.007681, 11.616, 11.825072, 11.635047, 9.235047, 8.227366, 7.019047, 6.026528, 5.182743, 6.596956, 6.559006, 7.079471, 7.862919, 8.977079, 9.971185, 10.954719, 11.642573, 11.922924, 11.922924, 11.514605, 10.689486, 9.843217, 8.977079, 8.038369, 7.494391, 7.386378, 7.624328, 8.410114, 9.468474, 10.819585, 12.213793, 10.413793, 8.213793, 5.813793, 3.006659, 0.0, 0.0, 0.0]"
53,"[0.0, 0.0, 0.0, 0.0, 1.019804, 2.236356, 3.836356, 5.448808, 7.458783, 8.051431, 8.48412, 8.407275, 8.136464, 7.46813, 6.932711, 6.177896, 5.479363, 4.770178, 4.149647, 4.072614, 4.344377, 5.240221, 6.607766, 8.327967, 9.889216, 11.551453, 12.659415, 13.379709, 13.499648, 13.064427, 10.236, 9.104629, 7.826556, 6.606947, 5.895131, 7.495131, 7.80805, 8.774148, 10.040189, 11.233656, 12.633656, 13.623681, 14.222021, 14.442767, 14.465676, 13.898781, 13.134849, 12.364257, 11.53583, 10.517693, 9.73383, 9.651828, 9.7567, 10.439981, 11.691094, 13.172347, 14.32887, 11.98793, 9.304648, 6.441084, 3.310589, 0.0, 0.0, 0.0]"
54,"[0.0, 0.0, 0.0, 0.0, 1.280625, 2.842675, 4.842675, 7.006006, 9.065132, 10.020575, 10.612591, 10.700652, 10.434688, 10.219471, 9.248314, 8.359159, 7.165525, 6.116686, 5.097399, 4.852291, 5.18738, 6.292953, 7.644425, 9.419804, 11.406659, 12.833208, 13.859758, 14.686307, 15.112856, 14.58006, 11.553511, 10.536937, 9.310388, 7.89629, 7.131227, 8.573448, 8.563473, 9.026215, 9.959347, 10.941271, 12.341585, 13.341585, 14.078843, 14.4177, 14.410257, 13.984332, 13.138398, 12.374466, 11.278879, 10.157647, 9.303088, 8.937877, 8.855875, 9.596842, 10.755086, 12.355314, 13.919071, 11.765005, 9.235183, 6.514889, 3.352611, 0.0, 0.0, 0.0]"
55,"[0.0, 0.0, 0.0, 0.0, 1.16619, 2.689345, 4.478199, 6.632265, 8.720327, 9.642198, 10.158651, 10.409404, 9.86779, 9.193942, 8.520094, 7.50029, 6.285304, 5.393962, 4.874176, 4.536995, 4.973214, 5.797835, 7.312792, 8.85147, 10.44277, 11.707042, 12.843478, 13.393087, 13.74566, 13.493936, 10.773642, 10.076026, 8.93959, 7.553913, 6.551517, 8.074672, 7.873407, 8.224164, 9.156545, 10.248324, 11.408451, 12.385219, 13.170897, 13.624194, 13.838495, 13.629077, 13.001581, 12.303964, 11.227088, 10.119245, 9.207432, 8.66842, 8.580359, 9.203939, 10.369976, 11.76089, 13.288737, 11.288737, 8.956357, 6.177868, 3.224903, 0.0, 0.0, 0.0]"
56,"[0.0, 0.0, 0.0, 0.0, 1.0, 2.16619, 3.446815, 4.889036, 6.41219, 7.120991, 7.410823, 7.544411, 7.516404, 7.19325, 6.484449, 5.628427, 4.661427, 3.447214, 2.647214, 2.447214, 3.063766, 4.229004, 5.840081, 7.649153, 9.249153, 10.432601, 11.420149, 12.209072, 12.4, 12.2, 9.8, 8.8, 7.416553, 6.093585, 5.024956, 6.305581, 6.228736, 6.981955, 7.874693, 9.075703, 10.301071, 11.385598, 11.857137, 12.328677, 12.276647, 11.896683, 11.132911, 10.25365, 9.254559, 8.43023, 7.718415, 7.474506, 7.712456, 8.470236, 9.422532, 10.815453, 12.222112, 10.422112, 8.222112, 5.813793, 3.006659, 0.0, 0.0, 0.0]"
57,"[0.0, 0.0, 0.0, 0.0, 1.16619, 2.72824, 4.29029, 6.134199, 8.114098, 8.791817, 9.116563, 9.274978, 9.043521, 8.405263, 7.727544, 6.840748, 5.685968, 4.705972, 4.188952, 4.099795, 4.441436, 5.664605, 7.091275, 8.683263, 10.20623, 11.650267, 12.581707, 13.190914, 13.248168, 12.928519, 10.142841, 9.131348, 8.075467, 7.015817, 6.177686, 7.633708, 7.768816, 8.365437, 9.384329, 10.610441, 12.017983, 13.086118, 13.59734, 13.949913, 13.88158, 13.434625, 12.758649, 12.008126, 10.871691, 9.884143, 9.079985, 8.687826, 8.687826, 9.274652, 10.440689, 11.781202, 13.067788, 11.098017, 8.861949, 6.08346, 3.130495, 0.0, 0.0, 0.0]"
58,"[0.0, 0.0, 0.0, 0.0, 1.019804, 2.284715, 3.740737, 5.449538, 7.158338, 7.927389, 8.549274, 8.813717, 8.666966, 8.372379, 7.86415, 6.977353, 5.977999, 5.048404, 4.266646, 3.707132, 3.838502, 4.531606, 5.743059, 7.236633, 8.795873, 10.105814, 11.132911, 11.730313, 11.936665, 11.71544, 9.274129, 8.394868, 7.36777, 6.20158, 5.407365, 6.807365, 6.857767, 7.453528, 8.49641, 9.631499, 10.831499, 11.826728, 12.424434, 12.648467, 12.484535, 11.972596, 11.262282, 10.303843, 9.48319, 8.847122, 8.408303, 8.219737, 8.629621, 9.34955, 10.357231, 11.760856, 13.18255, 11.123424, 8.791044, 6.183363, 3.130495, 0.0, 0.0, 0.0]"
59,"[0.0, 0.0, 0.0, 0.0, 1.341641, 2.864795, 4.65365, 6.712776, 8.712776, 9.371135, 9.691889, 9.882934, 9.667717, 9.229767, 8.671987, 7.959449, 6.97955, 5.960262, 5.198212, 4.833025, 5.043295, 5.832149, 7.066654, 8.502722, 10.025689, 11.469726, 12.401166, 13.010373, 13.442637, 13.122988, 10.337311, 9.514383, 8.458502, 7.070794, 6.071068, 7.594222, 7.405657, 7.881266, 8.880992, 9.880718, 10.887386, 11.778585, 12.373805, 12.701136, 12.862096, 12.495604, 11.782401, 10.985915, 9.901389, 8.9161, 8.365221, 8.090876, 8.243688, 8.956601, 9.974442, 11.225555, 12.672515, 10.632907, 8.396839, 5.922976, 3.059412, 0.0, 0.0, 0.0]"
60,"[0.0, 0.0, 0.0, 0.0, 1.019804, 2.284715, 3.80787, 5.596724, 7.317189, 8.01785, 8.596848, 8.77075, 8.543945, 8.104105, 7.515011, 6.51963, 5.543684, 4.581634, 3.933465, 3.802094, 4.234191, 5.07513, 6.47513, 8.006006, 9.511998, 11.094938, 12.318565, 13.03886, 13.595823, 13.243896, 10.380332, 9.383509, 8.105435, 6.665766, 5.853341, 7.562141, 7.617196, 8.411043, 9.761008, 11.0877, 12.290943, 13.359078, 14.169319, 14.402294, 14.239954, 13.563978, 12.71106, 11.634523, 10.479759, 9.586218, 8.95015, 8.900999, 9.167295, 10.126827, 11.573788, 13.272272, 14.755147, 12.519079, 9.850746, 6.791334, 3.49285, 0.0, 0.0, 0.0]"
61,"[0.0, 0.0, 0.0, 0.0, 1.16619, 2.778642, 4.567496, 6.464863, 8.552924, 9.426342, 9.853498, 10.074619, 9.988329, 9.500268, 8.86066, 7.821052, 6.635698, 5.545731, 4.770353, 4.390156, 4.790156, 5.565535, 6.8544, 8.438098, 10.048883, 11.317216, 12.385549, 13.095868, 13.407843, 13.057605, 10.389272, 9.564848, 8.244554, 6.938473, 5.999763, 7.561813, 7.414961, 7.99486, 8.860997, 9.927675, 10.911209, 11.904878, 12.486229, 12.926172, 12.959164, 12.57691, 11.886186, 11.045401, 9.887157, 8.726471, 7.904781, 7.554023, 7.644635, 8.291657, 9.618713, 11.084206, 12.441623, 10.630546, 8.421474, 5.813793, 3.006659, 0.0, 0.0, 0.0]"
62,"[0.0, 0.0, 0.0, 0.0, 1.0, 2.16619, 3.778642, 5.391093, 7.179948, 7.888749, 8.3718, 8.408591, 8.408591, 8.019737, 7.510936, 6.861694, 5.844907, 4.798141, 3.998141, 3.622762, 3.642566, 4.466132, 5.744356, 7.353428, 8.937126, 10.317322, 11.468981, 12.232753, 12.432, 12.033656, 9.633656, 8.625975, 7.283205, 6.041077, 5.311726, 6.753947, 6.942801, 7.737016, 8.903207, 9.954962, 11.120423, 12.051863, 12.683461, 13.041805, 13.117744, 12.636092, 11.895697, 11.048881, 9.800376, 8.915212, 8.245205, 8.076383, 8.432474, 9.390254, 10.667099, 12.211077, 13.6, 11.4, 9.0, 6.2, 3.2, 0.0, 0.0, 0.0]"
63,"[0.0, 0.0, 0.0, 0.0, 1.16619, 2.608411, 4.220862, 6.009717, 7.798571, 8.529747, 8.931436, 8.968227, 8.791824, 8.417183, 7.736369, 6.717081, 5.788949, 4.897608, 4.308015, 4.091463, 4.666842, 5.745731, 7.024621, 8.409072, 9.842177, 11.072767, 11.941099, 12.609432, 12.874223, 12.721469, 10.09088, 9.233624, 8.165291, 7.14745, 6.390254, 8.110719, 8.143551, 8.66958, 9.621877, 10.789447, 11.911516, 12.910141, 13.668553, 14.038723, 13.853991, 13.428066, 12.8216, 11.823955, 10.765931, 9.956995, 9.260851, 8.994554, 9.261824, 10.071181, 11.159802, 12.601615, 14.049445, 11.895379, 9.365557, 6.579879, 3.417601, 0.0, 0.0, 0.0]"
64,"[0.0, 0.0, 0.0, 0.0, 1.216553, 2.630766, 4.230766, 6.030766, 8.040741, 8.834164, 9.263859, 9.561226, 9.470026, 8.983206, 8.238142, 7.471266, 6.398521, 5.48972, 4.687675, 4.422764, 4.511922, 5.299752, 6.386548, 7.828769, 9.10912, 10.351248, 11.300046, 11.958835, 12.058246, 12.040636, 9.632318, 8.633118, 7.529754, 6.531923, 5.469182, 6.883395, 6.970587, 7.425733, 8.248884, 9.329235, 10.388884, 11.213505, 11.749244, 12.069502, 11.989151, 11.515287, 10.841424, 10.008319, 9.014214, 8.270236, 7.611876, 7.373926, 7.617835, 8.329651, 9.281948, 10.631032, 12.042196, 10.198287, 8.072257, 5.663939, 2.973214, 0.0, 0.0, 0.0]"
65,"[0.0, 0.0, 0.0, 0.0, 1.0, 2.4, 4.0, 5.6, 7.4, 8.211077, 8.654986, 8.763787, 8.686941, 8.228582, 7.583695, 6.816819, 5.740474, 4.61732, 3.841364, 3.396284, 3.485442, 4.376141, 5.873507, 7.277593, 8.888864, 10.055054, 11.093149, 11.637094, 11.947673, 11.741322, 9.408941, 8.460143, 7.360472, 6.296674, 5.370645, 6.893799, 6.990149, 7.618279, 8.637795, 9.778735, 10.785402, 11.744934, 12.443496, 12.838017, 12.930182, 12.609432, 11.951074, 11.126651, 9.952083, 9.042133, 8.553526, 8.387459, 8.66958, 9.493909, 10.691048, 11.970583, 13.250774, 11.124745, 8.844394, 6.1241, 3.1241, 0.0, 0.0, 0.0]"
66,"[0.0, 0.0, 0.0, 0.0, 1.019804, 2.434017, 4.046469, 5.646469, 7.446469, 8.237742, 8.667437, 8.704228, 8.56025, 8.101891, 7.367847, 6.348559, 5.299317, 4.47575, 3.85522, 3.85522, 4.29551, 5.404311, 6.741627, 8.256584, 9.511932, 10.854702, 11.866195, 12.457673, 12.782855, 12.730825, 10.123144, 9.123315, 8.08522, 6.979993, 6.113855, 7.763097, 7.939999, 8.57091, 9.455828, 10.571437, 11.642489, 12.657166, 13.331527, 13.621177, 13.699035, 13.38706, 12.684088, 11.865636, 10.884289, 9.799763, 9.111909, 8.746746, 8.71667, 9.475746, 10.643317, 12.046951, 13.458807, 11.478908, 9.070589, 6.379864, 3.255764, 0.0, 0.0, 0.0]"
67,"[0.0, 0.0, 0.0, 0.0, 1.0, 2.414214, 3.828427, 5.477669, 7.18647, 7.895271, 8.269912, 8.46815, 8.261128, 7.832952, 7.124151, 6.335297, 5.355301, 4.51308, 3.953566, 3.953566, 4.234191, 5.163785, 6.543684, 8.085315, 9.493634, 10.774259, 11.773459, 12.401241, 12.57981, 12.334822, 9.773573, 8.932788, 7.739321, 6.63965, 5.890533, 7.502985, 7.582519, 8.368306, 9.426665, 10.612452, 11.8, 12.807134, 13.435561, 13.703894, 13.772227, 13.252577, 12.485051, 11.500533, 10.444652, 9.388771, 8.757662, 8.687826, 8.997983, 9.891524, 11.057561, 12.461187, 13.891415, 11.737349, 9.231356, 6.452868, 3.4, 0.0, 0.0, 0.0]"
68,"[0.0, 0.0, 0.0, 0.0, 1.16619, 2.608411, 4.050631, 5.771096, 7.615005, 8.292724, 8.694412, 8.972657, 8.972657, 8.570968, 8.0687, 7.224791, 6.225437, 5.137427, 4.295207, 3.778187, 3.944377, 4.835719, 6.090059, 7.549185, 8.960632, 10.135382, 11.052752, 11.695778, 11.917003, 11.768996, 9.428056, 8.607035, 7.418854, 6.419128, 5.773287, 7.038198, 6.978639, 7.480908, 8.239891, 9.078021, 10.286973, 11.358025, 12.043938, 12.34527, 12.300988, 11.88625, 11.225082, 10.404061, 9.519143, 8.697288, 8.238162, 7.828279, 8.016844, 8.901762, 10.087549, 11.460763, 12.973798, 11.076431, 8.735491, 6.135491, 3.162278, 0.0, 0.0, 0.0]"
69,"[0.0, 0.0, 0.0, 0.0, 1.16619, 2.608411, 4.45232, 6.45232, 8.578349, 9.392058, 9.949837, 10.105928, 9.826393, 9.312816, 8.674557, 7.840748, 6.689276, 5.689921, 4.87747, 4.555633, 4.654353, 5.514626, 6.881577, 8.361928, 10.010457, 11.573973, 12.693599, 13.612197, 14.13898, 14.078328, 11.249901, 10.232551, 8.681914, 7.216421, 6.022953, 7.465174, 7.442951, 8.046055, 8.940482, 10.032262, 11.096034, 11.914861, 12.576029, 12.90121, 12.940802, 12.697551, 12.069769, 11.193384, 10.194184, 9.09082, 8.2841, 7.916653, 8.082719, 9.120669, 10.478449, 12.029086, 13.616634, 11.606659, 9.006659, 6.206659, 3.2, 0.0, 0.0, 0.0]"
70,"[0.0, 0.0, 0.0, 0.0, 1.019804, 2.284715, 3.740737, 5.449538, 7.238392, 7.83104, 8.286594, 8.392622, 8.098034, 7.723394, 7.242313, 6.370376, 5.529436, 4.715223, 4.022119, 3.890749, 4.322845, 5.298791, 6.5427, 8.101941, 9.543252, 10.870308, 11.679245, 12.341329, 12.566971, 12.361727, 9.754046, 8.968519, 7.876739, 6.812967, 6.032921, 7.682163, 7.772775, 8.567634, 9.533732, 10.685391, 11.666738, 12.523994, 13.035216, 13.347191, 13.269332, 12.979683, 12.465416, 11.642489, 10.571437, 9.654066, 8.925578, 8.615421, 8.998405, 9.878985, 11.052211, 12.412973, 13.800163, 11.519812, 8.98999, 6.204313, 3.231099, 0.0, 0.0, 0.0]"
71,"[0.0, 0.0, 0.0, 0.0, 1.264911, 2.788066, 4.496866, 6.285721, 8.172517, 8.794402, 9.115156, 9.103412, 8.876608, 8.404025, 7.797854, 6.953945, 5.977999, 5.015949, 4.426356, 4.145731, 4.426356, 5.425711, 6.825711, 8.281441, 9.889122, 11.386986, 12.530085, 13.213366, 13.533016, 13.341944, 10.563455, 9.488745, 8.367514, 7.048138, 6.154684, 7.610706, 7.632928, 8.080854, 9.208548, 10.293074, 11.665479, 12.682829, 13.341187, 13.601201, 13.467383, 12.979896, 12.305535, 11.481111, 10.46202, 9.588157, 8.859669, 8.414403, 8.540266, 9.223405, 10.231086, 11.671502, 13.015568, 11.045797, 8.713416, 6.105735, 3.052868, 0.0, 0.0, 0.0]"
72,"[0.0, 0.0, 0.0, 0.0, 1.077033, 2.341944, 3.797966, 5.641875, 7.452952, 8.186996, 8.722085, 8.878514, 8.647057, 8.250194, 7.704028, 6.923832, 5.91138, 4.746142, 3.964384, 3.499473, 3.696222, 4.496222, 5.860085, 7.436702, 9.069807, 10.327118, 11.45694, 12.175685, 12.307553, 12.028514, 9.55465, 8.48085, 7.151028, 6.074999, 5.087123, 6.501337, 6.742371, 7.6684, 8.68384, 9.925969, 11.05734, 12.051008, 12.486229, 12.647189, 12.680181, 12.297928, 11.493999, 10.776658, 9.897397, 8.898306, 8.25813, 8.215243, 8.410942, 9.281997, 10.668203, 12.171598, 13.552592, 11.512984, 9.079879, 6.251452, 3.224903, 0.0, 0.0, 0.0]"
73,"[0.0, 0.0, 0.0, 0.0, 1.2, 2.812452, 4.424903, 6.23598, 8.275588, 9.163649, 9.520969, 9.697372, 9.498747, 8.901359, 8.154939, 7.2622, 6.297967, 5.485515, 4.937722, 4.727452, 5.064633, 6.08392, 7.40995, 8.778264, 10.055212, 11.331723, 12.208109, 12.802374, 13.147313, 13.071375, 10.38065, 9.504265, 8.346021, 7.18056, 6.371334, 7.983786, 7.939877, 8.377827, 9.335606, 10.420133, 11.614815, 12.643242, 13.471669, 13.740002, 13.606184, 13.079401, 12.531325, 11.742506, 10.88525, 10.211387, 9.742113, 9.359128, 9.378647, 9.984179, 10.86746, 11.919948, 13.153076, 11.09395, 8.677341, 5.994059, 3.130495, 0.0, 0.0, 0.0]"
74,"[0.0, 0.0, 0.0, 0.0, 1.077033, 2.418674, 3.941828, 5.464983, 7.114225, 7.881101, 8.350537, 8.439834, 8.31668, 8.067437, 7.440081, 6.629004, 5.616553, 4.782238, 4.014693, 3.622762, 3.822762, 4.822762, 6.257077, 7.833693, 9.442177, 10.675282, 11.549146, 12.023009, 12.154877, 11.809833, 9.376728, 8.552107, 7.478244, 6.353856, 5.607436, 7.169485, 7.2173, 7.943329, 8.989518, 10.056196, 11.055396, 12.078634, 12.560285, 12.905225, 13.002899, 12.500775, 11.839607, 11.118722, 10.231506, 9.287563, 8.840889, 8.570617, 8.771882, 9.392357, 10.550601, 11.850194, 13.223617, 11.135556, 8.794616, 6.074322, 3.162278, 0.0, 0.0, 0.0]"
75,"[0.0, 0.0, 0.0, 0.0, 1.16619, 2.608411, 4.220862, 6.009717, 7.798571, 8.602152, 9.057298, 9.288756, 9.149144, 8.972741, 8.417183, 7.53962, 6.520332, 5.5922, 4.612204, 4.197991, 4.394739, 5.18257, 6.272537, 7.650056, 9.050056, 10.241823, 11.237052, 11.85908, 12.28221, 12.118278, 9.709959, 8.71473, 7.481625, 6.313431, 5.357987, 6.772201, 6.721799, 7.408596, 8.307015, 9.467702, 10.614738, 11.743413, 12.402201, 12.647189, 12.486229, 12.051008, 11.360283, 10.376749, 9.53048, 8.69235, 8.089475, 7.738717, 7.987744, 8.625694, 9.591793, 10.868638, 12.226055, 10.414978, 8.214978, 5.806659, 3.006659, 0.0, 0.0, 0.0]"
76,"[0.0, 0.0, 0.0, 0.0, 1.077033, 2.341944, 3.954396, 5.566847, 7.366847, 8.089814, 8.63598, 8.672771, 8.516341, 7.981252, 7.446163, 6.459707, 5.410465, 4.675554, 4.131753, 3.943875, 4.575275, 5.684076, 6.932738, 8.447695, 9.811973, 10.963632, 11.975126, 12.696079, 12.86833, 12.70737, 10.099689, 9.09986, 8.021586, 7.069289, 6.388939, 8.00139, 8.124834, 8.600444, 9.618285, 10.492148, 11.708124, 12.692642, 13.411715, 13.537851, 13.663988, 13.235561, 12.607134, 11.8, 11.011077, 10.060319, 9.449174, 9.13597, 9.299301, 10.049473, 11.120525, 12.455771, 13.849218, 11.685888, 9.124638, 6.404344, 3.280244, 0.0, 0.0, 0.0]"
77,"[0.0, 0.0, 0.0, 0.0, 1.077033, 2.418674, 3.860894, 5.581359, 7.425268, 8.192144, 8.54756, 8.667389, 8.389145, 7.886876, 7.209158, 6.233212, 5.236847, 4.24184, 3.532655, 3.214993, 3.625254, 4.621618, 6.174404, 7.70528, 9.189132, 10.563754, 11.684986, 12.101595, 12.354874, 12.258561, 9.752568, 8.681738, 7.545754, 6.409769, 5.438612, 6.852826, 7.040374, 7.959749, 9.079125, 10.414214, 11.807134, 12.835561, 13.303894, 13.572227, 13.502049, 12.975266, 12.2349, 11.410476, 10.354595, 9.437224, 8.806116, 8.506909, 8.722126, 9.615667, 10.610896, 12.014522, 13.554331, 11.495205, 8.989212, 6.381531, 3.328663, 0.0, 0.0, 0.0]"
78,"[0.0, 0.0, 0.0, 0.0, 1.2, 2.614214, 4.226665, 6.037742, 7.881651, 8.579018, 8.873605, 8.873605, 8.674979, 8.172711, 7.441535, 6.627161, 5.839331, 4.859335, 4.238804, 4.072614, 4.458812, 5.354656, 6.7222, 8.281441, 9.84269, 11.123315, 11.948435, 12.494019, 12.759253, 12.324032, 9.762782, 8.914254, 7.81089, 6.530217, 5.62074, 7.034954, 6.98714, 7.442286, 8.265436, 9.329235, 10.388884, 11.407975, 12.141198, 12.660817, 12.788785, 12.514922, 11.646589, 10.827077, 9.63361, 8.490202, 7.631842, 7.393892, 7.426724, 8.175841, 9.352242, 10.618282, 11.776526, 9.932617, 7.769286, 5.327975, 2.720294, 0.0, 0.0, 0.0]"
79,"[0.0, 0.0, 0.0, 0.0, 1.0, 2.280625, 3.722845, 5.335297, 7.124151, 7.913006, 8.341182, 8.548203, 8.349965, 7.975325, 7.403023, 6.494222, 5.477435, 4.628907, 3.814693, 3.492568, 3.769601, 4.593168, 5.924849, 7.6052, 9.143877, 10.674525, 11.826184, 12.528818, 12.648467, 12.215362, 9.607681, 8.414214, 7.079125, 5.959749, 5.240374, 6.852826, 7.147413, 8.036568, 9.096883, 10.232867, 11.220416, 12.194897, 12.81932, 13.086061, 13.110762, 12.791113, 12.107832, 11.216139, 10.131613, 9.146324, 8.478424, 8.289501, 8.442313, 9.393022, 10.605333, 12.097716, 13.585123, 11.545516, 9.071652, 6.403319, 3.298485, 0.0, 0.0, 0.0]"
80,"[0.0, 0.0, 0.0, 0.0, 1.16619, 2.689345, 4.2125, 5.9213, 7.818667, 8.740538, 9.256991, 9.544913, 9.64719, 9.349823, 8.661762, 7.822154, 6.835698, 5.657077, 4.778187, 4.202808, 4.202808, 4.978187, 6.145731, 7.434596, 9.04308, 10.316944, 11.385276, 12.05914, 12.329515, 12.050476, 9.576613, 8.557522, 7.497873, 6.434074, 5.446199, 6.726824, 6.639631, 7.069327, 7.978803, 9.075355, 10.340314, 11.468989, 12.18633, 12.501612, 12.744863, 12.258404, 11.454476, 10.505678, 9.506587, 8.414808, 7.797902, 7.619907, 7.904822, 8.502209, 9.521101, 10.942444, 12.293055, 10.395689, 8.356081, 5.922976, 3.059412, 0.0, 0.0, 0.0]"
81,"[0.0, 0.0, 0.0, 0.0, 1.216553, 2.829004, 4.640081, 6.48399, 8.572051, 9.44356, 9.985174, 10.143869, 10.088814, 9.721218, 9.075377, 8.087502, 7.012158, 6.023303, 5.023948, 4.430256, 4.54469, 5.370728, 6.570728, 7.975647, 9.535438, 10.800398, 11.770657, 12.490951, 12.926172, 12.798204, 10.252619, 9.258951, 8.100707, 6.881098, 5.8173, 7.2173, 7.132695, 7.414554, 8.112521, 9.132036, 10.362626, 11.357855, 12.113946, 12.482657, 12.654908, 12.233391, 11.635685, 10.846762, 9.838443, 8.886146, 8.018715, 7.729205, 7.762037, 8.488066, 9.577628, 11.064415, 12.317163, 10.473254, 8.347225, 5.801641, 2.973214, 0.0, 0.0, 0.0]"
82,"[0.0, 0.0, 0.0, 0.0, 1.2, 2.6, 4.4, 6.211077, 8.054986, 8.698895, 9.196261, 9.185116, 8.897193, 8.576439, 8.074171, 7.253837, 6.289604, 5.398905, 4.596861, 4.25522, 4.620407, 5.516251, 6.883796, 8.443036, 10.004286, 11.25279, 12.360752, 13.051477, 13.316711, 13.035812, 10.345087, 9.360569, 8.390309, 7.367879, 6.501742, 8.101742, 8.101742, 8.420885, 9.178081, 10.196973, 11.227562, 12.190787, 12.951179, 13.270828, 13.237723, 12.816206, 12.019047, 11.219047, 10.219047, 9.233261, 8.547343, 8.257833, 8.257833, 8.920575, 10.051946, 11.219516, 12.472265, 10.472265, 8.209523, 5.663939, 2.973214, 0.0, 0.0, 0.0]"
83,"[0.0, 0.0, 0.0, 0.0, 1.077033, 2.418674, 3.941828, 5.650629, 7.547996, 8.120205, 8.391016, 8.467861, 8.35906, 7.861694, 7.232255, 6.444425, 5.444425, 4.291639, 3.524094, 3.30429, 3.679669, 4.679669, 6.032456, 7.6, 9.208319, 10.441424, 11.315287, 11.989151, 12.069502, 11.749244, 9.316139, 8.454727, 7.380864, 6.365424, 5.443553, 6.857767, 6.96578, 7.56578, 8.58122, 9.823348, 11.09986, 11.924979, 12.486229, 12.767128, 12.80012, 12.272726, 11.727141, 11.0098, 9.862764, 8.863674, 8.223498, 8.067406, 8.263105, 9.281997, 10.470366, 11.97376, 13.1564, 11.116793, 8.683688, 6.053098, 3.026549, 0.0, 0.0, 0.0]"
84,"[0.0, 0.0, 0.0, 0.0, 1.280625, 2.842675, 4.56314, 6.449936, 8.509062, 9.287563, 9.695285, 9.872186, 9.634632, 9.224749, 8.579836, 7.629869, 6.626929, 5.826215, 5.001594, 4.58738, 4.784129, 5.700779, 6.862226, 8.445924, 9.845924, 11.229371, 12.225428, 13.04388, 13.26615, 13.299255, 10.699255, 9.703198, 8.474771, 7.300204, 6.20874, 7.77079, 7.680178, 8.080178, 8.904507, 10.004177, 11.003377, 11.973636, 12.664361, 13.074735, 13.194674, 12.759453, 12.068728, 11.221913, 10.093238, 8.974208, 8.371334, 8.020576, 8.186642, 8.833665, 9.999125, 11.283104, 12.640521, 10.630546, 8.421474, 5.813793, 3.006659, 0.0, 0.0, 0.0]"
85,"[0.0, 0.0, 0.0, 0.0, 1.264911, 2.720933, 4.429734, 6.399505, 8.458631, 9.252846, 9.683621, 9.97482, 9.848957, 9.486887, 8.841975, 8.08655, 6.980977, 5.961689, 5.089254, 4.67504, 4.824294, 5.773776, 6.949155, 8.404885, 9.846196, 11.173252, 12.107832, 12.791113, 12.927372, 12.640126, 10.032445, 9.042811, 7.80175, 6.665766, 5.853341, 7.267554, 7.091151, 7.658906, 8.587353, 9.654031, 10.847499, 11.865636, 12.523994, 12.844744, 12.777365, 12.32375, 11.590527, 10.819561, 9.745761, 8.804821, 8.064969, 7.876403, 7.948808, 8.728854, 9.834847, 11.199122, 12.443286, 10.473514, 8.237446, 5.731453, 2.952965, 0.0, 0.0, 0.0]"
86,"[0.0, 0.0, 0.0, 0.0, 1.216553, 2.672574, 4.321817, 6.219183, 8.188955, 9.031528, 9.462303, 9.533525, 9.198209, 8.642651, 7.86415, 6.977353, 5.977999, 5.215949, 4.696162, 4.581728, 5.143778, 6.266576, 7.592606, 8.978529, 10.42002, 11.465651, 12.574707, 13.131959, 13.451608, 13.260536, 10.652855, 9.488745, 8.367514, 7.181727, 6.377569, 8.026812, 8.081866, 8.755884, 9.774776, 10.830657, 12.044979, 13.113114, 13.78909, 14.141663, 13.889939, 13.532368, 12.856392, 11.914119, 10.837242, 10.069875, 9.363883, 8.938892, 9.057181, 9.878203, 10.949255, 12.122468, 13.473669, 11.385608, 8.855786, 6.135491, 3.162278, 0.0, 0.0, 0.0]"
87,"[0.0, 0.0, 0.0, 0.0, 1.216553, 2.672574, 4.321817, 6.030617, 8.000389, 8.753608, 9.184382, 9.255605, 9.108854, 8.553296, 7.86415, 7.143544, 6.317506, 5.555456, 5.03567, 4.921235, 5.317095, 6.266576, 7.466576, 9.01346, 10.454951, 11.576183, 12.595838, 13.381516, 13.623486, 13.432414, 10.749133, 9.674423, 8.450795, 7.329563, 6.525406, 7.981428, 8.036482, 8.7105, 9.581555, 10.637437, 11.901709, 12.969844, 13.519454, 13.872026, 13.620303, 13.406001, 12.730025, 11.914119, 11.025808, 10.258441, 9.563525, 9.337433, 9.407269, 9.983766, 11.054817, 12.155784, 13.444294, 11.404686, 8.930823, 6.210528, 3.298485, 0.0, 0.0, 0.0]"
88,"[0.0, 0.0, 0.0, 0.0, 1.16619, 2.72824, 4.29029, 5.987347, 7.831255, 8.508974, 8.83372, 9.060525, 8.97592, 8.473652, 7.706776, 6.81998, 5.879653, 4.899657, 4.358017, 4.300788, 4.75681, 5.75219, 7.207796, 8.643864, 10.057165, 11.208824, 12.172049, 12.683988, 13.04792, 13.014815, 10.407134, 9.411077, 8.460319, 7.383474, 6.545524, 8.107574, 8.183293, 8.697381, 9.506608, 10.664852, 11.945336, 12.901074, 13.56617, 14.062217, 13.903172, 13.468957, 12.752452, 11.903924, 10.919406, 10.078621, 9.459156, 9.230494, 9.290203, 9.879399, 10.789523, 12.027218, 13.779509, 11.739901, 9.306796, 6.676207, 3.649658, 0.0, 0.0, 0.0]"
89,"[0.0, 0.0, 0.0, 0.0, 1.0, 2.280625, 3.722845, 5.335297, 7.124151, 7.832952, 8.261128, 8.46815, 8.269912, 7.895271, 7.403023, 6.694222, 5.677435, 4.828907, 4.047149, 3.630596, 3.847149, 4.827145, 6.271435, 7.848051, 9.648051, 11.231499, 12.426181, 13.046795, 13.445404, 12.885012, 10.085012, 8.877878, 7.661502, 6.395462, 5.636479, 7.198529, 7.318994, 8.068111, 9.167782, 10.448407, 11.577081, 12.547341, 13.074735, 13.324149, 13.324149, 12.913775, 12.22305, 11.376234, 10.382566, 9.541781, 8.784585, 8.628494, 9.020653, 9.954186, 11.26027, 12.962018, 14.570645, 12.334577, 9.703988, 6.677438, 3.452535, 0.0, 0.0, 0.0]"
90,"[0.0, 0.0, 0.0, 0.0, 0.894427, 2.060618, 3.502838, 5.064888, 6.761944, 7.429567, 7.825427, 7.825427, 7.605017, 6.984994, 6.317371, 5.476432, 4.481425, 3.539784, 3.062751, 2.992945, 3.536746, 4.612687, 6.001541, 7.555607, 9.011337, 10.220289, 11.327724, 11.971974, 12.053977, 11.783601, 9.309737, 8.32839, 7.160196, 6.055499, 5.211715, 6.476626, 6.476626, 7.055623, 7.96386, 9.078021, 10.342932, 11.223512, 11.979603, 12.356604, 12.312321, 11.841625, 11.198599, 10.211051, 9.250464, 8.428609, 7.769483, 7.482687, 7.681313, 8.461359, 9.521008, 10.789341, 12.052905, 10.241828, 8.00576, 5.531897, 2.863564, 0.0, 0.0, 0.0]"
91,"[0.0, 0.0, 0.0, 0.0, 1.16619, 2.608411, 4.220862, 6.009717, 7.979488, 8.710665, 9.165811, 9.397268, 9.419491, 9.049719, 8.352353, 7.47479, 6.430881, 5.340914, 4.37337, 4.17337, 4.370118, 5.18257, 6.272537, 7.640081, 8.840081, 10.031847, 11.049985, 11.672013, 12.105118, 11.944726, 9.536407, 8.518269, 7.285164, 5.929092, 5.055675, 6.187046, 6.016815, 6.703611, 7.685704, 8.960825, 10.390704, 11.509733, 12.031255, 12.380448, 12.219488, 11.938589, 11.221248, 10.374979, 9.380874, 8.442164, 7.617835, 7.386378, 7.624328, 8.410114, 9.468474, 10.812452, 12.2, 10.4, 8.2, 5.8, 3.0, 0.0, 0.0, 0.0]"
92,"[0.0, 0.0, 0.0, 0.0, 1.16619, 2.608411, 4.220862, 5.941327, 7.785236, 8.598945, 9.000633, 9.232091, 9.232091, 8.830402, 8.192144, 7.514426, 6.519045, 5.364265, 4.522045, 4.074831, 4.250282, 5.014205, 6.237374, 7.607145, 9.053658, 10.052957, 11.1608, 11.845809, 12.156388, 11.855056, 9.514116, 8.443064, 7.310842, 6.311116, 5.437698, 6.779339, 6.779339, 7.281607, 8.089044, 9.263793, 10.451975, 11.402732, 12.158823, 12.576755, 12.568196, 12.201704, 11.488501, 10.677355, 9.694517, 8.818158, 8.254827, 8.179108, 8.234163, 8.991359, 10.0092, 11.321244, 12.569579, 10.72567, 8.445319, 5.971456, 3.059412, 0.0, 0.0, 0.0]"
93,"[0.0, 0.0, 0.0, 0.0, 1.16619, 2.608411, 4.328876, 6.049341, 7.89325, 8.706958, 9.108647, 9.108647, 9.108647, 8.606379, 7.79267, 6.948761, 6.076824, 4.988815, 4.447174, 4.358017, 4.881171, 5.93001, 7.45162, 8.99256, 10.38939, 11.534569, 12.465629, 12.919244, 13.185985, 13.120441, 10.452108, 9.46759, 8.56871, 7.403249, 6.55698, 8.277445, 8.222391, 8.572716, 9.547105, 10.592736, 11.756712, 12.852298, 13.635706, 14.061631, 14.144675, 13.668553, 13.046854, 12.048228, 10.926159, 10.024289, 9.324771, 9.101637, 9.267703, 9.955557, 10.973836, 12.271695, 13.438331, 11.428356, 9.020037, 6.212903, 3.206244, 0.0, 0.0, 0.0]"
94,"[0.0, 0.0, 0.0, 0.0, 1.280625, 2.842675, 4.539731, 6.38364, 8.38364, 9.103015, 9.600091, 9.872806, 9.737698, 9.260853, 8.716875, 7.734782, 6.659438, 5.671747, 4.973214, 4.517192, 4.854372, 5.572396, 6.890894, 8.302341, 9.910022, 11.103489, 12.091038, 12.858564, 13.230177, 12.831568, 10.223887, 9.423887, 8.229205, 7.144678, 6.216231, 7.778281, 7.698746, 8.249625, 8.889801, 10.050488, 11.049687, 12.019947, 12.402201, 12.929595, 12.896603, 12.461382, 11.770657, 11.068982, 9.940307, 8.974208, 8.371334, 8.020576, 8.186642, 8.833665, 9.999125, 11.283104, 12.640521, 10.630546, 8.421474, 5.813793, 3.006659, 0.0, 0.0, 0.0]"
95,"[0.0, 0.0, 0.0, 0.0, 1.280625, 2.722845, 4.335297, 6.124151, 7.832952, 8.449694, 8.851382, 8.851382, 8.674979, 8.366179, 7.668812, 6.649524, 5.669528, 4.622762, 4.047383, 3.847383, 4.422762, 5.590307, 7.034596, 8.419047, 10.049637, 11.317969, 12.381534, 13.091853, 13.412603, 13.062364, 10.394031, 9.374376, 8.266533, 7.150925, 6.393729, 8.00618, 8.00618, 8.519758, 9.513863, 10.551958, 11.823948, 12.86448, 13.516939, 13.791902, 13.830652, 13.362821, 12.714448, 11.995085, 11.198599, 10.442508, 9.869808, 9.520536, 9.520536, 10.050349, 10.80644, 12.008841, 13.432634, 11.373508, 8.956898, 6.356898, 3.310589, 0.0, 0.0, 0.0]"
96,"[0.0, 0.0, 0.0, 0.0, 1.341641, 2.783861, 4.396313, 6.116778, 7.960687, 8.598945, 9.000633, 9.108647, 9.108647, 8.706958, 7.89325, 7.049341, 6.177404, 5.089395, 4.471795, 4.382638, 4.905792, 5.846119, 7.272789, 8.864777, 10.317566, 11.514706, 12.637895, 13.442334, 13.694057, 13.59734, 10.877046, 9.862369, 8.611256, 7.385144, 6.514089, 8.037243, 8.037243, 8.512853, 9.350983, 10.574611, 11.837134, 12.803332, 13.668235, 14.166373, 13.988376, 13.64401, 12.943776, 11.877608, 10.887973, 9.989093, 9.160234, 8.996903, 9.149714, 9.834723, 10.794256, 12.241216, 13.49698, 11.457372, 8.983509, 6.315176, 3.255764, 0.0, 0.0, 0.0]"
97,"[0.0, 0.0, 0.0, 0.0, 1.16619, 2.507831, 4.030986, 5.739787, 7.637153, 8.314872, 8.784308, 9.07223, 8.96343, 8.466063, 7.822154, 7.011077, 6.0, 5.032456, 4.353566, 3.978187, 4.178187, 4.778187, 5.745731, 7.034596, 8.446043, 9.482111, 10.555974, 11.236325, 11.506701, 11.358694, 9.122626, 8.062977, 6.982626, 5.722079, 4.800208, 6.080833, 6.080833, 6.601298, 7.425403, 8.385242, 9.512936, 10.644306, 11.33216, 11.768602, 11.805904, 11.284381, 10.459262, 9.612993, 8.746856, 7.86415, 7.318994, 7.054551, 7.303578, 7.89934, 8.827787, 10.093827, 11.444939, 9.633862, 7.623887, 5.414815, 2.807134, 0.0, 0.0, 0.0]"
98,"[0.0, 0.0, 0.0, 0.0, 1.216553, 2.829004, 4.478246, 6.322155, 8.410216, 9.281725, 9.639045, 9.778657, 9.5472, 9.179604, 8.533763, 7.730182, 6.835755, 5.855759, 4.959915, 4.517694, 4.632129, 5.458167, 6.825711, 8.281441, 9.68976, 11.09986, 12.070119, 12.790413, 13.071312, 12.943344, 10.252619, 9.258951, 7.95287, 6.733261, 5.669463, 7.069463, 6.984858, 7.414554, 8.112521, 9.329073, 10.362178, 11.380316, 12.136407, 12.696799, 12.672013, 12.44798, 11.817391, 10.829843, 9.644056, 8.691759, 7.824328, 7.386378, 7.617835, 8.466363, 9.41866, 10.767744, 12.178908, 10.334999, 8.072257, 5.663939, 2.973214, 0.0, 0.0, 0.0]"
99,"[0.0, 0.0, 0.0, 0.0, 1.16619, 2.507831, 4.120283, 5.732734, 7.61953, 8.297249, 8.799517, 8.884122, 8.83372, 8.389145, 7.82586, 6.981952, 6.006006, 4.891169, 3.896162, 3.509965, 3.641335, 4.482275, 5.87897, 7.557786, 8.94371, 10.25365, 11.197593, 11.859677, 11.969716, 11.659136, 9.217825, 8.324284, 7.098916, 6.029038, 5.324178, 6.724178, 6.724178, 7.25463, 8.297512, 9.44092, 10.64092, 11.636149, 12.432753, 12.632, 12.459749, 11.899357, 11.135585, 10.140355, 9.132036, 8.310182, 7.793729, 7.670285, 8.057833, 8.938184, 10.214695, 11.534075, 12.81361, 10.81361, 8.533259, 5.842534, 3.0, 0.0, 0.0, 0.0]"
100,"[0.0, 0.0, 0.0, 0.0, 1.280625, 2.842675, 4.56314, 6.56314, 8.622266, 9.400767, 9.808489, 9.98539, 9.634632, 9.224749, 8.430534, 7.480566, 6.477627, 5.39407, 4.569449, 4.304538, 4.501286, 5.219311, 6.6636, 8.247298, 9.854979, 11.238427, 12.233656, 12.831362, 13.030724, 12.632115, 10.032115, 9.235511, 8.042044, 6.699274, 5.770827, 7.18504, 7.094428, 7.680215, 8.578634, 9.739321, 10.886357, 11.856616, 12.547341, 12.929595, 12.896603, 12.461382, 11.614566, 10.76775, 9.784216, 8.818117, 8.033729, 7.839062, 8.005129, 8.643079, 9.800858, 11.259217, 12.609975, 10.6, 8.4, 5.8, 3.0, 0.0, 0.0, 0.0]"
101,"[0.0, 0.0, 0.0, 0.0, 1.16619, 2.608411, 4.220862, 5.941327, 7.785236, 8.316102, 8.717791, 8.825804, 8.717791, 8.215523, 7.684657, 6.840748, 5.841393, 4.861397, 4.344377, 4.25522, 4.778374, 5.846119, 7.183435, 8.699754, 10.152543, 11.349682, 12.424392, 13.08521, 13.177375, 12.883621, 10.163326, 9.143671, 8.036237, 7.045352, 6.371334, 7.983786, 7.928731, 8.559642, 9.458362, 10.496312, 11.747424, 12.737059, 13.361482, 13.628223, 13.589472, 13.134227, 12.481768, 11.703279, 10.708049, 9.8556, 9.096524, 8.770495, 8.770495, 9.566362, 10.48815, 11.865457, 13.092007, 11.092007, 8.683688, 6.053098, 3.026549, 0.0, 0.0, 0.0]"
102,"[0.0, 0.0, 0.0, 0.0, 1.0, 2.16619, 3.778642, 5.391093, 7.179948, 7.888749, 8.3718, 8.3718, 8.173562, 7.798922, 7.290121, 6.640879, 5.660883, 4.812355, 3.998141, 3.598141, 3.814693, 4.794689, 6.040081, 7.649153, 9.249153, 10.44092, 11.236787, 11.858815, 11.885811, 11.525419, 9.1171, 8.308781, 7.289889, 6.318732, 5.559749, 7.121799, 7.242264, 7.828051, 8.726471, 9.887157, 11.015832, 11.986092, 12.676816, 13.074735, 13.041743, 12.477047, 11.786323, 10.939507, 9.940307, 8.974208, 8.371334, 8.215243, 8.381309, 9.227578, 10.393039, 11.896433, 13.277427, 11.267452, 8.859133, 6.251452, 3.224903, 0.0, 0.0, 0.0]"
103,"[0.0, 0.0, 0.0, 0.0, 1.264911, 2.720933, 4.333385, 6.144462, 8.154437, 8.889526, 9.433504, 9.632129, 9.632129, 9.271396, 8.727418, 7.747222, 6.736145, 5.557524, 4.473967, 3.912372, 4.157479, 5.06628, 6.331191, 7.919572, 9.441754, 10.682835, 11.657316, 12.36763, 12.654876, 12.401597, 9.895604, 8.824774, 7.558734, 6.333976, 5.387197, 6.843219, 6.843219, 7.388375, 8.230948, 9.346777, 10.396747, 11.384296, 12.027322, 12.442059, 12.345746, 11.879361, 11.318969, 10.438389, 9.48768, 8.693833, 8.068439, 7.590881, 7.828435, 8.468611, 9.358771, 10.723046, 12.213864, 10.327068, 8.163737, 5.831356, 3.052868, 0.0, 0.0, 0.0]"
104,"[0.0, 0.0, 0.0, 0.0, 1.077033, 2.341944, 3.797966, 5.447208, 7.291117, 8.025161, 8.56025, 8.704228, 8.469199, 8.039504, 7.44498, 6.469601, 5.469601, 4.502601, 3.720843, 3.30429, 3.679669, 4.479669, 6.032456, 7.609072, 9.242177, 10.475282, 11.549146, 12.023009, 12.094288, 11.749244, 9.316139, 8.454727, 7.380864, 6.365424, 5.443553, 7.005603, 7.23706, 7.963089, 8.824208, 10.066336, 11.049871, 11.896686, 12.461382, 13.055647, 13.088639, 12.706386, 12.015661, 11.045401, 10.022163, 9.023073, 8.382896, 8.226805, 8.545948, 9.281997, 10.668203, 11.973476, 13.385331, 11.345723, 8.912618, 6.084191, 3.255764, 0.0, 0.0, 0.0]"
105,"[0.0, 0.0, 0.0, 0.0, 1.2, 2.614214, 4.226665, 6.037742, 7.881651, 8.579018, 9.134576, 9.310978, 9.112353, 8.710665, 8.154939, 7.2622, 6.297967, 5.317971, 4.724279, 4.382638, 4.747825, 5.643669, 7.174544, 8.606367, 10.167617, 11.416121, 12.386381, 12.913775, 13.324149, 13.171218, 10.480493, 9.633677, 8.385173, 7.15047, 6.156365, 7.756365, 7.756365, 8.402206, 9.226535, 10.245426, 11.276015, 12.062696, 12.781768, 13.109098, 13.275993, 12.854476, 12.223887, 11.216753, 10.221524, 9.077546, 8.391628, 8.112093, 8.291992, 8.942282, 10.176985, 11.344555, 12.597304, 10.617405, 8.354663, 5.663939, 2.973214, 0.0, 0.0, 0.0]"
106,"[0.0, 0.0, 0.0, 0.0, 1.0, 2.2, 3.812452, 5.612452, 7.423529, 8.234606, 8.878514, 8.915305, 8.63846, 8.169024, 7.524137, 6.574655, 5.557869, 4.481927, 3.5875, 3.245931, 3.371308, 4.194874, 5.591569, 7.232417, 8.748736, 10.145541, 11.195512, 11.857596, 12.101916, 11.820102, 9.403492, 8.420654, 7.131214, 5.998833, 5.204618, 6.546259, 6.743569, 7.527017, 8.607368, 9.783768, 11.049808, 12.012625, 12.695906, 13.015555, 12.915184, 12.461569, 11.675654, 10.781227, 9.623447, 8.696721, 8.104705, 7.996193, 8.17711, 9.075829, 10.38191, 11.605538, 12.789897, 10.820125, 8.479186, 5.758891, 2.973214, 0.0, 0.0, 0.0]"
107,"[0.0, 0.0, 0.0, 0.0, 1.2, 2.8, 4.6, 6.4, 8.409975, 9.249583, 9.689191, 9.786557, 9.695358, 9.208538, 8.510571, 7.547996, 6.47525, 5.566449, 4.764405, 4.422764, 4.687372, 5.475203, 6.464057, 7.802073, 9.134454, 10.234124, 11.341966, 12.114362, 12.463555, 12.257203, 9.815892, 8.816063, 7.596454, 6.404688, 5.495211, 6.951233, 6.753922, 7.201136, 7.954355, 9.154412, 10.29839, 11.305057, 11.990066, 12.494158, 12.313617, 11.753225, 11.067311, 10.24269, 9.224849, 8.330422, 7.705027, 7.423169, 7.494391, 8.097495, 9.088235, 10.357303, 11.848121, 10.127656, 8.06853, 5.736149, 3.052868, 0.0, 0.0, 0.0]"
108,"[0.0, 0.0, 0.0, 0.0, 1.2, 2.8, 4.6, 6.411077, 8.421052, 9.118419, 9.415785, 9.40464, 9.206014, 8.719194, 8.163468, 7.343134, 6.378901, 5.366449, 4.564405, 4.354135, 4.719323, 5.615167, 7.178497, 8.737738, 10.014686, 11.26319, 12.23345, 12.760844, 13.041743, 12.913775, 10.22305, 9.376234, 8.247559, 7.209464, 6.343327, 7.943327, 7.910495, 8.388053, 9.100966, 10.317342, 11.325023, 12.32108, 13.081472, 13.453085, 13.430177, 13.058564, 12.261405, 11.272482, 10.264801, 9.269572, 8.489526, 8.268405, 8.457328, 9.137679, 10.086477, 11.472989, 12.808234, 10.808234, 8.527884, 5.966634, 3.1241, 0.0, 0.0, 0.0]"
109,"[0.0, 0.0, 0.0, 0.0, 1.16619, 2.689345, 4.398146, 6.106946, 8.004313, 8.926184, 9.442637, 9.544913, 9.636113, 9.338746, 8.650685, 7.811077, 6.824621, 5.745731, 4.866842, 4.486646, 4.503198, 5.291028, 6.380995, 7.868957, 9.282258, 10.539569, 11.59545, 12.314196, 12.446063, 12.353898, 9.880035, 8.860944, 7.745336, 6.620948, 5.544919, 6.98714, 6.899948, 7.465633, 8.228979, 9.372387, 10.491417, 11.490616, 12.118398, 12.47088, 12.298629, 11.973447, 11.381969, 10.563143, 9.792812, 8.970957, 8.17711, 7.916139, 8.024651, 8.550663, 9.610313, 11.080136, 12.47617, 10.578804, 8.490742, 6.016879, 3.104835, 0.0, 0.0, 0.0]"
110,"[0.0, 0.0, 0.0, 0.0, 1.216553, 2.672574, 4.321817, 6.219183, 8.188955, 9.126468, 9.640218, 9.877772, 9.70087, 9.293149, 8.419708, 7.616126, 6.623757, 5.703292, 4.965864, 4.685239, 4.799673, 5.602302, 6.782201, 8.237931, 9.799181, 11.23885, 12.149475, 12.675568, 12.90121, 12.672341, 9.952047, 9.064831, 7.973052, 6.90928, 5.84181, 7.297832, 7.189819, 7.775605, 8.533385, 9.868474, 11.219585, 12.414268, 13.242695, 13.906259, 13.974592, 13.255519, 12.536447, 11.41682, 10.165708, 8.897375, 8.265336, 7.886075, 8.147046, 8.770662, 9.876655, 11.373598, 12.8897, 10.919929, 8.683861, 6.177868, 3.224903, 0.0, 0.0, 0.0]"
111,"[0.0, 0.0, 0.0, 0.0, 1.216553, 2.829004, 4.640081, 6.440081, 8.440081, 9.233504, 9.66066, 9.74695, 9.65575, 9.111772, 8.366708, 7.346904, 6.249538, 5.365358, 4.757864, 4.773578, 5.195995, 6.282791, 7.6215, 9.214283, 10.494908, 11.743413, 12.547341, 13.074735, 13.324149, 13.171218, 10.480493, 9.633677, 8.555404, 7.320701, 6.326596, 7.939048, 7.939048, 8.366204, 9.540771, 10.954985, 12.369082, 13.531833, 14.492225, 14.861636, 14.840342, 14.022865, 13.225278, 12.225278, 11.025278, 9.830596, 9.330325, 8.910107, 8.910107, 9.390458, 10.468731, 11.602464, 13.093854, 11.093854, 8.813503, 6.122778, 3.280244, 0.0, 0.0, 0.0]"
112,"[0.0, 0.0, 0.0, 0.0, 1.077033, 2.418674, 4.031125, 5.75159, 7.595499, 8.362375, 8.864643, 8.814242, 8.535997, 8.033729, 7.356011, 6.406529, 5.410164, 4.415157, 3.705972, 3.539782, 3.925979, 4.922344, 6.361927, 7.892802, 9.398795, 10.534779, 11.572729, 12.215755, 12.393364, 11.975433, 9.558823, 8.481978, 7.394376, 6.334061, 5.587641, 7.043663, 7.331585, 8.098437, 9.250917, 10.342381, 11.554692, 12.411948, 12.92317, 13.090065, 13.073569, 12.641304, 11.942743, 11.119815, 10.169058, 9.3649, 8.741284, 8.615421, 8.806116, 9.756873, 10.930099, 12.363957, 13.751147, 11.663086, 9.063086, 6.277408, 3.231099, 0.0, 0.0, 0.0]"
113,"[0.0, 0.0, 0.0, 0.0, 1.0, 2.4, 4.0, 5.8, 7.611077, 8.454986, 8.763787, 8.872587, 8.595742, 8.126306, 7.448587, 6.634214, 5.557869, 4.434714, 3.540287, 3.268524, 3.451129, 4.341828, 5.839195, 7.361753, 8.703394, 10.132354, 11.05051, 11.594455, 12.065994, 11.829926, 9.323933, 8.495074, 7.318674, 6.077363, 5.293915, 6.635556, 6.635556, 7.370645, 8.333976, 9.353491, 10.695132, 11.68268, 12.28268, 12.649172, 12.693455, 12.098234, 11.395601, 10.504402, 9.497734, 8.659604, 7.985756, 7.808854, 8.15918, 9.052634, 10.210414, 11.659764, 13.069795, 11.010669, 8.594059, 5.994059, 3.130495, 0.0, 0.0, 0.0]"
114,"[0.0, 0.0, 0.0, 0.0, 1.019804, 2.236356, 3.65057, 5.263022, 7.063022, 7.843218, 8.239117, 8.474145, 8.317716, 7.782627, 7.05966, 6.271829, 5.222587, 4.332251, 3.78845, 3.78845, 4.22874, 5.151894, 6.55598, 8.070938, 9.326286, 10.502686, 11.420843, 12.012321, 12.184572, 12.132542, 9.691231, 8.970385, 7.932289, 6.938184, 6.057833, 7.670285, 7.847186, 8.412093, 9.338819, 10.468642, 11.576484, 12.542682, 13.08521, 13.351951, 13.222129, 12.710907, 11.857318, 11.037805, 10.079367, 9.388167, 8.791547, 8.781572, 9.096524, 9.8556, 10.837524, 12.336343, 13.592107, 11.466078, 9.057759, 6.367034, 3.255764, 0.0, 0.0, 0.0]"
115,"[0.0, 0.0, 0.0, 0.0, 1.0, 2.280625, 3.842675, 5.56314, 7.283605, 7.896056, 8.324232, 8.470983, 8.20654, 7.942097, 7.546198, 6.662018, 5.585673, 4.695337, 3.839315, 3.447383, 3.839315, 4.856101, 6.134325, 7.770393, 9.354091, 10.537538, 11.488296, 12.252068, 12.424319, 12.025975, 9.625975, 8.625975, 7.432508, 6.365829, 5.636479, 7.198529, 7.485325, 8.130238, 9.120978, 10.281664, 11.439908, 12.243837, 12.875436, 13.23378, 13.200787, 12.606523, 11.759707, 11.048881, 9.920206, 9.124339, 8.70711, 8.70711, 8.766819, 9.613088, 10.829063, 12.146812, 13.527806, 11.488198, 9.079879, 6.251452, 3.224903, 0.0, 0.0, 0.0]"
116,"[0.0, 0.0, 0.0, 0.0, 1.264911, 2.788066, 4.496866, 6.205667, 7.994522, 8.616407, 8.937161, 9.072269, 9.060525, 8.685884, 7.930458, 7.08655, 6.137068, 5.040012, 4.520225, 4.388854, 4.831075, 5.657113, 7.057113, 8.326016, 9.832009, 11.07307, 12.216169, 12.816169, 13.069448, 12.904395, 10.221113, 9.146404, 8.108453, 7.253894, 6.254595, 7.903837, 7.958892, 8.605914, 9.252936, 10.541885, 11.560975, 12.62911, 13.140332, 13.716938, 13.686349, 13.254084, 12.578108, 11.75518, 10.618745, 9.631196, 8.995128, 8.602969, 8.793664, 9.485362, 10.47291, 11.919219, 13.306409, 11.218348, 8.877408, 6.277408, 3.231099, 0.0, 0.0, 0.0]"
117,"[0.0, 0.0, 0.0, 0.0, 1.264911, 2.720933, 4.370175, 6.214084, 8.253692, 8.998756, 9.542734, 9.693492, 9.66066, 9.233504, 8.637742, 7.854295, 6.854295, 5.675673, 4.784332, 4.264545, 4.264545, 5.113788, 6.325241, 7.692192, 9.138705, 10.451975, 11.402732, 12.242105, 12.570653, 12.465781, 9.935959, 9.044759, 7.8175, 6.600891, 5.629734, 6.971375, 6.824624, 7.212511, 8.13854, 9.31494, 10.534549, 11.58018, 12.242264, 12.532844, 12.432473, 12.025289, 11.387379, 10.670241, 9.695852, 8.769126, 8.17711, 7.81979, 7.928302, 8.640148, 9.755756, 11.10575, 12.466512, 10.569146, 8.41508, 5.885258, 2.973214, 0.0, 0.0, 0.0]"
118,"[0.0, 0.0, 0.0, 0.0, 1.16619, 2.507831, 4.030986, 5.81984, 7.706636, 8.540446, 9.042714, 9.363468, 9.136664, 8.811918, 8.092543, 7.248634, 6.125835, 5.196241, 4.266646, 3.880449, 4.161073, 5.002013, 6.213466, 7.70704, 9.092964, 10.25365, 11.197593, 11.770293, 11.880332, 11.754047, 9.312736, 8.419195, 7.28321, 6.213333, 5.324178, 6.738391, 6.72594, 7.256392, 8.299274, 9.434363, 10.62783, 11.658419, 12.477932, 12.742723, 12.623074, 12.103454, 11.370231, 10.388884, 9.527473, 8.647122, 8.015082, 7.826517, 8.2364, 8.95633, 10.16401, 11.486477, 12.830544, 10.771418, 8.439037, 5.831356, 3.052868, 0.0, 0.0, 0.0]"
119,"[0.0, 0.0, 0.0, 0.0, 1.16619, 2.507831, 4.030986, 5.680228, 7.524137, 8.201855, 8.671292, 8.948137, 8.898895, 8.469199, 7.825291, 7.014214, 6.038835, 5.00452, 4.484734, 4.501286, 4.9155, 5.934788, 7.40871, 8.794634, 10.107903, 11.479367, 12.421136, 13.06481, 13.384459, 13.271246, 10.485568, 9.597257, 8.563218, 7.363218, 6.595851, 8.384705, 8.374135, 9.057274, 10.264955, 11.394201, 12.558311, 13.62448, 14.077777, 14.255773, 14.197579, 13.718477, 13.045864, 12.348247, 11.351424, 10.517926, 9.887972, 9.607621, 9.79991, 10.618737, 11.51043, 12.891424, 14.220087, 11.939736, 9.332055, 6.553566, 3.328663, 0.0, 0.0, 0.0]"
120,"[0.0, 0.0, 0.0, 0.0, 1.280625, 2.842675, 4.539731, 6.51963, 8.499529, 9.218904, 9.54365, 9.73339, 9.542346, 9.085601, 8.427242, 7.706636, 6.81984, 5.752096, 5.053563, 4.711922, 4.762284, 5.411526, 6.730024, 8.185753, 9.816343, 11.428217, 12.586109, 13.353635, 13.680965, 13.250376, 10.421949, 9.425892, 8.07478, 6.80874, 5.889365, 7.451415, 7.252789, 7.766539, 8.660966, 9.616409, 10.560352, 11.555581, 12.147059, 12.472241, 12.644492, 12.401241, 11.773459, 11.056118, 10.056918, 9.171754, 8.365034, 7.997587, 8.153678, 8.8007, 10.08468, 11.635317, 13.229109, 11.229109, 9.020037, 6.212903, 3.206244, 0.0, 0.0, 0.0]"
121,"[0.0, 0.0, 0.0, 0.0, 1.264911, 2.788066, 4.57692, 6.546692, 8.605818, 9.400033, 9.876878, 9.931933, 9.659217, 9.297147, 8.518646, 7.650017, 6.654636, 5.590036, 4.7176, 4.331403, 4.480657, 5.352594, 6.720138, 8.175868, 9.889122, 11.216178, 12.178994, 12.778994, 12.915253, 12.54364, 9.935959, 8.865129, 7.707349, 6.571365, 5.600208, 7.014422, 7.00197, 7.559749, 8.479125, 9.614214, 10.807681, 11.815362, 12.445951, 12.719815, 12.660755, 12.141135, 11.430821, 10.449474, 9.389824, 8.463097, 7.831058, 7.546143, 7.783697, 8.532814, 9.726281, 10.990554, 12.54038, 10.653583, 8.490253, 5.882572, 3.162278, 0.0, 0.0, 0.0]"
122,"[0.0, 0.0, 0.0, 0.0, 1.216553, 2.829004, 4.672913, 6.516822, 8.414188, 9.285697, 9.643017, 9.587963, 9.63085, 9.345935, 8.700094, 7.896513, 7.002086, 5.71529, 4.735294, 4.141601, 4.256036, 4.923658, 6.167567, 7.797854, 9.49491, 10.90501, 12.033685, 12.751025, 13.049533, 12.7843, 10.093575, 9.099907, 7.819282, 6.599673, 5.535874, 6.935874, 6.85127, 7.414554, 8.112521, 9.329073, 10.362178, 11.380316, 12.136407, 12.496799, 12.472013, 12.048883, 11.428269, 10.428269, 9.442483, 8.490186, 7.922431, 7.474506, 7.718415, 8.43023, 9.519793, 10.768297, 12.179461, 10.335552, 8.209523, 5.663939, 2.973214, 0.0, 0.0, 0.0]"
123,"[0.0, 0.0, 0.0, 0.0, 1.280625, 2.722845, 4.44331, 6.287219, 8.267118, 8.966392, 9.368081, 9.534412, 9.410968, 9.043521, 8.405263, 7.727544, 6.689276, 5.689921, 4.87747, 4.555633, 4.654353, 5.514626, 6.881577, 8.361928, 10.010457, 11.573973, 12.693599, 13.412672, 13.939455, 13.480194, 10.651767, 9.472582, 8.12147, 6.756557, 5.82811, 7.27033, 7.409942, 7.923692, 8.717539, 9.853524, 10.917296, 11.736123, 12.327601, 12.652782, 12.644492, 12.264528, 11.500756, 10.783416, 9.664386, 8.779222, 8.067406, 7.835949, 8.002015, 8.768867, 10.052846, 11.645292, 13.239084, 11.229109, 9.020037, 6.212903, 3.206244, 0.0, 0.0, 0.0]"
124,"[0.0, 0.0, 0.0, 0.0, 1.0, 2.341641, 3.864795, 5.573596, 7.282397, 7.931639, 8.20245, 8.279295, 7.970495, 7.461694, 6.812452, 6.0, 5.032456, 4.198141, 3.630596, 3.6504, 4.264614, 5.24461, 6.522833, 8.170729, 9.491865, 10.607473, 11.595022, 12.351113, 12.487371, 12.382499, 9.852677, 8.961478, 7.775691, 6.759082, 5.979036, 7.502191, 7.582245, 8.227157, 9.159538, 10.209509, 11.369636, 12.264063, 12.804937, 13.19285, 13.160721, 12.75779, 12.16257, 11.406479, 10.394985, 9.533573, 8.950279, 8.706126, 8.988247, 9.559797, 10.508595, 11.69598, 13.014348, 10.888319, 8.607968, 6.046719, 3.162278, 0.0, 0.0, 0.0]"
125,"[0.0, 0.0, 0.0, 0.0, 1.280625, 2.694838, 4.256888, 5.977353, 7.86415, 8.470321, 9.025879, 9.361196, 9.349531, 8.918757, 8.296872, 7.404133, 6.401194, 5.258079, 4.434512, 3.969601, 4.109121, 4.827145, 6.105368, 7.482888, 8.89196, 10.075408, 11.062956, 11.627366, 12.02571, 12.02571, 9.62571, 8.62571, 7.631605, 6.488197, 5.559749, 6.840374, 6.852826, 7.325409, 8.119623, 9.28031, 10.560935, 11.509733, 12.168521, 12.517714, 12.356754, 11.921533, 11.204192, 10.355664, 9.361559, 8.523428, 7.853421, 7.658755, 7.772775, 8.567634, 9.533732, 10.884844, 12.242261, 10.431184, 8.222112, 5.813793, 3.006659, 0.0, 0.0, 0.0]"
126,"[0.0, 0.0, 0.0, 0.0, 1.216553, 2.630766, 4.441843, 6.25292, 8.25292, 9.036368, 9.632129, 9.664961, 9.697793, 9.347035, 8.611946, 7.866882, 6.847594, 5.828307, 4.900175, 4.529691, 4.529691, 5.228224, 6.373375, 7.80633, 9.417896, 10.658978, 11.743504, 12.334982, 12.622227, 12.396585, 9.890593, 8.895363, 7.675754, 6.450996, 5.387197, 6.843219, 6.753922, 7.201136, 8.04371, 9.33315, 10.293737, 11.300405, 11.985414, 12.59462, 12.521733, 12.144731, 11.458818, 10.828863, 9.616553, 8.525088, 7.899694, 7.617835, 7.494391, 8.2017, 9.30137, 10.771598, 12.262415, 10.54195, 8.37862, 5.937309, 3.052868, 0.0, 0.0, 0.0]"
127,"[0.0, 0.0, 0.0, 0.0, 1.216553, 2.616553, 4.216553, 6.016553, 8.026528, 8.81995, 9.263859, 9.561226, 9.470026, 8.983206, 8.238142, 7.471266, 6.398521, 5.322175, 4.520131, 4.25522, 4.519828, 5.307658, 6.561999, 8.004219, 9.44553, 10.665139, 11.613938, 12.417866, 12.662854, 12.347572, 9.786323, 8.945538, 7.697034, 6.553626, 5.627597, 7.04181, 6.777367, 7.232513, 8.121668, 9.262608, 10.378217, 11.396058, 11.931796, 12.186049, 12.054182, 11.72436, 11.061573, 10.24092, 9.288623, 8.344462, 7.586682, 7.337655, 7.42226, 8.246589, 9.262028, 10.540102, 11.820586, 10.12353, 7.843179, 5.562828, 2.842534, 0.0, 0.0, 0.0]"
128,"[0.0, 0.0, 0.0, 0.0, 1.2, 2.614214, 4.226665, 6.037742, 7.881651, 8.579018, 9.134576, 9.310978, 9.288756, 9.057298, 8.326122, 7.522541, 6.558308, 5.594075, 4.87605, 4.841231, 5.089254, 6.108542, 7.40995, 8.923841, 10.483195, 11.759707, 12.758332, 13.352597, 13.664572, 13.306228, 10.615503, 9.772969, 8.614725, 7.506882, 6.630523, 8.242975, 8.042975, 8.689997, 9.485865, 10.629843, 11.824525, 12.831659, 13.451014, 13.673284, 13.547147, 13.020364, 12.301292, 11.316774, 10.497261, 9.823398, 9.155499, 8.964804, 9.180021, 9.701325, 10.679814, 12.12023, 13.447766, 11.38864, 9.056259, 6.277771, 3.224903, 0.0, 0.0, 0.0]"
129,"[0.0, 0.0, 0.0, 0.0, 1.16619, 2.608411, 4.170461, 6.01437, 7.858279, 8.671987, 9.073676, 9.232091, 9.000633, 8.498365, 7.860107, 7.016198, 6.144261, 5.164265, 4.622624, 4.358017, 4.881171, 5.741444, 7.19705, 8.6774, 10.2687, 11.376135, 12.495761, 13.214834, 13.542164, 13.28215, 10.651561, 9.634211, 8.476319, 7.210279, 6.36401, 7.92606, 8.001779, 8.411663, 9.402403, 10.448034, 11.770425, 12.76807, 13.551478, 13.909822, 13.847725, 13.371603, 12.749904, 11.887269, 10.917009, 10.160279, 9.460761, 9.041928, 9.072004, 9.759858, 10.778137, 12.075996, 13.438331, 11.428356, 9.020037, 6.212903, 3.206244, 0.0, 0.0, 0.0]"
130,"[0.0, 0.0, 0.0, 0.0, 1.077033, 2.341944, 3.865099, 5.573899, 7.362754, 8.172517, 8.628071, 8.801973, 8.790228, 8.415587, 7.809416, 6.937479, 5.961533, 4.71169, 3.929932, 3.370418, 3.65326, 4.346364, 5.596206, 7.08978, 8.649021, 9.958961, 11.152428, 11.787753, 11.994104, 11.77288, 9.331569, 8.336339, 7.284583, 6.118393, 5.324178, 6.724178, 6.724178, 7.25463, 8.297512, 9.632601, 10.832601, 12.027283, 12.846795, 13.268312, 12.948663, 12.436724, 11.4735, 10.492153, 9.474015, 8.593664, 7.961625, 7.826517, 8.064071, 8.61495, 9.822631, 11.319573, 12.835676, 10.948879, 8.785549, 6.177868, 3.224903, 0.0, 0.0, 0.0]"
131,"[0.0, 0.0, 0.0, 0.0, 1.0, 2.4, 4.0, 5.8, 7.611077, 8.454986, 8.952353, 9.061153, 8.784308, 8.314872, 7.637153, 6.634214, 5.557869, 4.434714, 3.658759, 3.317189, 3.499795, 4.323361, 5.820728, 7.409109, 8.820555, 10.249515, 11.299486, 11.7345, 11.912815, 11.676747, 9.170754, 8.277213, 7.209743, 6.077363, 5.342274, 6.683914, 6.791928, 7.527017, 8.607368, 9.674837, 10.940878, 11.903694, 12.586976, 12.906625, 12.915184, 12.395564, 11.609649, 10.635169, 9.64762, 8.748901, 8.222889, 7.937974, 8.198945, 8.927434, 10.205507, 11.616671, 13.235318, 11.265547, 8.924607, 6.204313, 3.231099, 0.0, 0.0, 0.0]"
132,"[0.0, 0.0, 0.0, 0.0, 1.216553, 2.672574, 4.381375, 6.278742, 8.248513, 8.918757, 9.462735, 9.597843, 9.397533, 8.989811, 8.234386, 7.234386, 6.111587, 5.014531, 4.173591, 4.042221, 4.456434, 5.579233, 6.959132, 8.64634, 10.20759, 11.513671, 12.554203, 13.181985, 13.381347, 13.152478, 10.432184, 9.268208, 8.222577, 6.956537, 6.080178, 7.680178, 7.77079, 8.417812, 9.509276, 10.660935, 11.868069, 12.856992, 13.44792, 13.821949, 13.844857, 13.273791, 12.513399, 11.723374, 10.51624, 9.299864, 8.586951, 8.159795, 8.275849, 9.084168, 10.498381, 11.803654, 13.164416, 11.038387, 8.630068, 5.801641, 2.973214, 0.0, 0.0, 0.0]"
133,"[0.0, 0.0, 0.0, 0.0, 1.280625, 2.842675, 4.686584, 6.666483, 8.646382, 9.365757, 9.690503, 9.73339, 9.542346, 9.085601, 8.427242, 7.617479, 6.730683, 5.662939, 4.964405, 4.622764, 4.762284, 5.411526, 6.730024, 8.141471, 9.969898, 11.560479, 12.71837, 13.478763, 14.042695, 13.414268, 10.607134, 9.6, 8.412452, 6.954092, 6.034717, 7.596767, 7.517232, 7.963907, 8.785597, 9.837353, 10.716614, 11.557398, 12.188997, 12.571251, 12.647189, 12.331907, 11.750556, 10.90374, 9.920206, 8.954107, 8.351233, 8.020576, 7.987744, 8.634767, 9.800227, 11.277072, 12.834074, 11.022997, 8.813925, 6.206244, 3.206244, 0.0, 0.0, 0.0]"
134,"[0.0, 0.0, 0.0, 0.0, 1.264911, 2.720933, 4.429734, 6.3271, 8.296872, 9.001732, 9.432507, 9.444171, 9.267269, 8.859548, 8.170401, 7.283605, 6.457567, 5.561723, 4.824294, 4.438097, 4.718721, 5.386344, 6.561723, 8.017453, 9.564337, 10.891393, 11.937024, 12.443017, 12.668659, 12.463416, 9.855735, 8.860505, 7.916562, 6.691194, 5.720037, 7.176059, 7.176059, 7.414009, 8.14336, 9.48613, 10.637789, 11.853764, 12.722097, 13.380455, 13.113714, 12.594094, 11.663034, 10.703501, 9.491191, 8.550251, 7.876403, 7.687837, 7.876403, 8.479507, 9.496116, 11.034867, 12.456562, 10.559195, 8.500069, 6.08346, 3.130495, 0.0, 0.0, 0.0]"
135,"[0.0, 0.0, 0.0, 0.0, 1.216553, 2.865795, 4.515037, 6.412404, 8.30977, 8.990584, 9.311114, 9.548668, 9.371766, 9.036449, 8.581303, 7.777722, 6.785353, 5.889509, 5.221886, 4.779666, 4.8941, 5.696729, 6.852007, 8.220322, 9.628641, 10.909266, 11.773459, 12.401241, 12.57981, 12.334822, 9.773573, 8.932788, 7.739321, 6.63965, 5.74123, 7.14123, 7.020765, 7.417629, 8.085963, 9.030124, 10.038443, 11.038443, 11.835047, 12.233391, 12.260387, 12.088136, 11.299213, 10.303983, 9.295665, 8.47381, 7.760897, 7.562271, 7.836616, 8.562645, 9.709681, 11.029061, 12.389823, 10.503027, 8.376998, 5.815748, 2.973214, 0.0, 0.0, 0.0]"
136,"[0.0, 0.0, 0.0, 0.0, 1.077033, 2.341944, 3.797966, 5.506767, 7.215568, 8.025331, 8.647216, 8.911659, 8.764908, 8.470321, 7.86415, 6.977353, 5.977999, 4.863162, 3.896162, 3.464066, 3.595436, 4.436376, 5.833071, 7.365757, 8.77997, 10.056918, 10.93618, 11.533582, 11.886064, 11.786653, 9.378334, 8.499073, 7.338386, 6.083039, 5.13626, 6.550474, 6.637666, 7.20095, 8.359985, 9.551752, 10.745219, 11.695977, 12.452068, 12.624319, 12.425072, 11.856999, 11.068076, 10.068076, 9.059757, 8.306707, 7.790254, 7.699642, 7.943551, 8.823901, 10.058604, 11.377984, 12.657519, 10.81361, 8.533259, 5.842534, 3.0, 0.0, 0.0, 0.0]"
137,"[0.0, 0.0, 0.0, 0.0, 1.216553, 2.630766, 4.243218, 6.054295, 8.054295, 8.847717, 9.277413, 9.50887, 9.347035, 8.803057, 8.057993, 7.233888, 6.189979, 5.365358, 4.757864, 4.492953, 4.91537, 5.904224, 7.138729, 8.622582, 10.230263, 11.508336, 12.410207, 13.041805, 13.270674, 12.925735, 10.205441, 9.358625, 8.280352, 7.175124, 6.326596, 7.939048, 7.939048, 8.414657, 9.238986, 10.298636, 11.354517, 12.339035, 12.881563, 13.208894, 13.13503, 12.666697, 11.83827, 11.207681, 10.212452, 9.461694, 8.784848, 8.505313, 8.485212, 9.28108, 10.322562, 11.627835, 13.01864, 11.038741, 8.630422, 5.939697, 3.11127, 0.0, 0.0, 0.0]"
138,"[0.0, 0.0, 0.0, 0.0, 1.280625, 2.842675, 4.686584, 6.666483, 8.646382, 9.491786, 9.929736, 9.972623, 9.605176, 9.148432, 8.364043, 7.530234, 6.643437, 5.752096, 5.028941, 4.707105, 4.805825, 5.455067, 6.822019, 8.302369, 9.756429, 11.122107, 12.103454, 12.623074, 12.950404, 12.685613, 10.055023, 9.235511, 8.083852, 6.817812, 5.889365, 7.331585, 7.309363, 7.823112, 8.635537, 9.771522, 10.74591, 11.463049, 12.100958, 12.554573, 12.579275, 12.162666, 11.656673, 10.769457, 9.774228, 8.674557, 8.088771, 7.688771, 7.779383, 8.402999, 9.494464, 10.748583, 12.012147, 10.20107, 7.965002, 5.531897, 2.863564, 0.0, 0.0, 0.0]"
139,"[0.0, 0.0, 0.0, 0.0, 1.216553, 2.829004, 4.478246, 6.375613, 8.272979, 9.026199, 9.383519, 9.621073, 9.444171, 9.108854, 8.419708, 7.616126, 6.623757, 5.727913, 4.990485, 4.70986, 4.957883, 5.760512, 6.91579, 8.353911, 9.762229, 10.909266, 11.932503, 12.560285, 12.803536, 12.727598, 10.166349, 9.16652, 8.120889, 6.895521, 5.828051, 7.242264, 7.121799, 7.569725, 8.498172, 9.64158, 10.627366, 11.635047, 12.255661, 12.520453, 12.392484, 12.080546, 11.370231, 10.583551, 9.523901, 8.657764, 8.025725, 7.917212, 7.862158, 8.611275, 9.638373, 11.066792, 12.162378, 10.373524, 8.210193, 5.768882, 2.884441, 0.0, 0.0, 0.0]"
140,"[0.0, 0.0, 0.0, 0.0, 1.264911, 2.788066, 4.685432, 6.582799, 8.622407, 9.367471, 9.844316, 9.74695, 9.462034, 9.034878, 8.439117, 7.639117, 6.663738, 5.772396, 4.881055, 4.543875, 4.799897, 5.624518, 6.943015, 8.502256, 9.955045, 11.284701, 12.31874, 13.142696, 13.545627, 13.251873, 10.466195, 9.571768, 8.164226, 6.880944, 5.861429, 7.384583, 7.482525, 8.026503, 8.958884, 10.074712, 11.330047, 12.221739, 12.905021, 13.17264, 13.370081, 12.871943, 12.181516, 11.395601, 10.318755, 9.231154, 8.512853, 8.145257, 8.307016, 9.200471, 10.35825, 11.581878, 12.907722, 10.848596, 8.431987, 5.831987, 3.046309, 0.0, 0.0, 0.0]"
141,"[0.0, 0.0, 0.0, 0.0, 1.264911, 2.788066, 4.496866, 6.394233, 8.433841, 9.178905, 9.665725, 9.756925, 9.47201, 9.044853, 8.449092, 7.639117, 6.663738, 5.772396, 4.881055, 4.543875, 4.758088, 5.744544, 7.063042, 8.775036, 10.171867, 11.477947, 12.452548, 13.198618, 13.365513, 13.308259, 10.587965, 9.511088, 8.139624, 6.953837, 5.802139, 7.244359, 7.379468, 8.091283, 8.95742, 10.100828, 11.219858, 12.096243, 12.748702, 13.151633, 13.249307, 12.924125, 12.173603, 11.183968, 9.942907, 8.998964, 8.205117, 7.7585, 7.867012, 8.705143, 9.616956, 10.843068, 12.379325, 10.481959, 8.201608, 5.727745, 3.059412, 0.0, 0.0, 0.0]"
142,"[0.0, 0.0, 0.0, 0.0, 1.16619, 2.608411, 4.220862, 5.941327, 7.785236, 8.598945, 9.000633, 9.108647, 9.108647, 8.706958, 7.89325, 7.049341, 6.049986, 4.961977, 4.344377, 4.25522, 4.69744, 5.765185, 7.191855, 8.699615, 10.222582, 11.380361, 12.311801, 12.972969, 13.17041, 12.850761, 10.250761, 9.427834, 8.14976, 7.034152, 6.196021, 7.719176, 7.665718, 8.263105, 9.08496, 10.116603, 11.261781, 12.138166, 12.884236, 13.433846, 13.559982, 13.127717, 12.643491, 11.827585, 10.750708, 9.76316, 9.127092, 8.734933, 8.662528, 9.294667, 10.282215, 11.728525, 13.115715, 11.218348, 8.877408, 6.277408, 3.231099, 0.0, 0.0, 0.0]"
143,"[0.0, 0.0, 0.0, 0.0, 1.341641, 2.954092, 4.742947, 6.712718, 8.610085, 9.165811, 9.397268, 9.419491, 9.062171, 8.579018, 8.081651, 7.437742, 6.451286, 5.559945, 5.040159, 4.659962, 4.874176, 5.860632, 7.149497, 8.688175, 10.142234, 11.396353, 12.30557, 13.081273, 13.17799, 13.045067, 10.376734, 9.553806, 8.38058, 7.264972, 6.188943, 7.801394, 7.747937, 8.261514, 9.127652, 10.271059, 11.099919, 11.863691, 12.420943, 12.823874, 12.832164, 12.544919, 11.90701, 11.012583, 9.941753, 9.087193, 8.495177, 8.137857, 8.318775, 8.860389, 9.828161, 11.051789, 12.412551, 10.442779, 8.288714, 5.758891, 2.973214, 0.0, 0.0, 0.0]"
144,"[0.0, 0.0, 0.0, 0.0, 1.216553, 2.829004, 4.429004, 6.229004, 8.229004, 9.022427, 9.221052, 9.464961, 9.314203, 8.837358, 8.092294, 7.35825, 6.338962, 5.28972, 4.487675, 4.117192, 4.381799, 5.080333, 6.269187, 7.607203, 9.045157, 10.311197, 11.395723, 12.168118, 12.517311, 12.31096, 9.703279, 8.816063, 7.596454, 6.404688, 5.478658, 6.93468, 6.73737, 7.184583, 8.027157, 9.243766, 10.204353, 11.211021, 11.89603, 12.270009, 12.286505, 11.909503, 11.190758, 10.329346, 9.352263, 8.260799, 7.501816, 7.252789, 7.360803, 8.068111, 9.167782, 10.607451, 11.929842, 10.209377, 8.046046, 5.604735, 2.884441, 0.0, 0.0, 0.0]"
145,"[0.0, 0.0, 0.0, 0.0, 1.077033, 2.418674, 4.031125, 5.81998, 7.706776, 8.473652, 8.97592, 9.207377, 8.980573, 8.374401, 7.811117, 6.967209, 5.84441, 4.914815, 4.458812, 4.344377, 4.786598, 5.785953, 7.316828, 8.824587, 10.16439, 11.405451, 12.470664, 13.09301, 13.36063, 13.195577, 10.512295, 9.515472, 8.172015, 6.986228, 5.986929, 7.636171, 7.658394, 8.226149, 9.021007, 10.309956, 11.329046, 12.381534, 13.091853, 13.603075, 13.502307, 13.250584, 12.541085, 11.718158, 10.841773, 9.924402, 9.120245, 8.810087, 9.066787, 9.458946, 10.529776, 11.780889, 12.983289, 10.829223, 8.593155, 5.909873, 3.046309, 0.0, 0.0, 0.0]"
146,"[0.0, 0.0, 0.0, 0.0, 1.16619, 2.608411, 4.170461, 5.890926, 7.734835, 8.412553, 8.814242, 8.972657, 8.814242, 8.311974, 7.634255, 6.790346, 5.790991, 4.861397, 4.344377, 4.25522, 4.596861, 5.664605, 7.001921, 8.331366, 9.784155, 10.972336, 11.851815, 12.550376, 12.870173, 12.576419, 10.046597, 9.087065, 7.941887, 6.748648, 6.07463, 7.597785, 7.597785, 8.162691, 9.162417, 10.200368, 11.277213, 12.251694, 12.846914, 13.174244, 13.015555, 12.695906, 12.175955, 11.37947, 10.560643, 9.575354, 8.907455, 8.544124, 8.696936, 9.341186, 10.553497, 11.80461, 13.064022, 11.024414, 8.591309, 5.922976, 3.059412, 0.0, 0.0, 0.0]"
147,"[0.0, 0.0, 0.0, 0.0, 1.216553, 2.672574, 4.321817, 6.219183, 8.008038, 8.678281, 9.109056, 9.180278, 8.844962, 8.470321, 7.86415, 6.977353, 5.889344, 4.927294, 4.407508, 4.293073, 4.573698, 5.785151, 7.31118, 8.697104, 10.138595, 11.465651, 12.305024, 12.862276, 13.087918, 12.896846, 10.289165, 9.49268, 8.371448, 7.307676, 6.232707, 7.88195, 7.806231, 8.254156, 9.220254, 10.509203, 11.49055, 12.543037, 13.201395, 13.51337, 13.412603, 13.122953, 12.413455, 11.642489, 10.571437, 9.654066, 8.925578, 8.615421, 8.687826, 9.455193, 10.526023, 11.777135, 13.063722, 11.09395, 8.677341, 5.994059, 3.130495, 0.0, 0.0, 0.0]"
148,"[0.0, 0.0, 0.0, 0.0, 1.216553, 2.630766, 4.243218, 6.087127, 7.984493, 8.737712, 9.112353, 9.288756, 9.057298, 8.602152, 7.798571, 6.904144, 5.939911, 4.927459, 4.379666, 4.213476, 4.733262, 5.605697, 7.131726, 8.500041, 10.06129, 11.208327, 12.231564, 12.713216, 13.058155, 12.829286, 10.268037, 9.547743, 8.502112, 7.336651, 6.527425, 8.139877, 7.939877, 8.377827, 9.335606, 10.420133, 11.415362, 12.443789, 13.074378, 13.342711, 13.208894, 12.881563, 12.141198, 11.354517, 10.497261, 9.623398, 8.955499, 8.764804, 8.890667, 9.315658, 10.221651, 11.562164, 12.795292, 10.825521, 8.589453, 6.08346, 3.130495, 0.0, 0.0, 0.0]"
149,"[0.0, 0.0, 0.0, 0.0, 1.019804, 2.236356, 3.65057, 5.263022, 7.063022, 7.643218, 8.039117, 8.274145, 8.117716, 7.773738, 7.438649, 6.650818, 5.601576, 4.592768, 3.583959, 3.143669, 3.338852, 4.194874, 5.591569, 7.232417, 8.748736, 10.145541, 11.195512, 11.857596, 12.101916, 11.924306, 9.507697, 8.524859, 7.283777, 6.151396, 5.204618, 6.727773, 6.925083, 7.660172, 8.623503, 9.739331, 10.722169, 11.684986, 12.284986, 12.651477, 12.660037, 12.193651, 11.407737, 10.705103, 9.787733, 8.889013, 8.411455, 8.234554, 8.396313, 9.200471, 10.441532, 11.832446, 13.064946, 11.00582, 8.589211, 5.905929, 2.952965, 0.0, 0.0, 0.0]"
150,"[0.0, 0.0, 0.0, 0.0, 1.16619, 2.608411, 4.397265, 6.367037, 8.336808, 9.067985, 9.469673, 9.524727, 9.167407, 8.810087, 8.312721, 7.488616, 6.469328, 5.577987, 4.859962, 4.479766, 4.874176, 5.662006, 6.950871, 8.265516, 9.678817, 10.932937, 12.040779, 12.751098, 13.071848, 12.979683, 10.31135, 9.434965, 8.327123, 7.211514, 6.135485, 7.747937, 7.747937, 8.261514, 8.97333, 10.116738, 11.065536, 11.941921, 12.423573, 12.905225, 13.002899, 12.500775, 11.839607, 11.118722, 10.123493, 9.031713, 8.534637, 8.087963, 8.170938, 8.712553, 9.828161, 10.986405, 12.285998, 10.316226, 8.16216, 5.632338, 2.912044, 0.0, 0.0, 0.0]"
151,"[0.0, 0.0, 0.0, 0.0, 1.264911, 2.788066, 4.57692, 6.365774, 8.4249, 9.046786, 9.523631, 9.578686, 9.486887, 8.989811, 8.38364, 7.515011, 6.671102, 5.798667, 5.036617, 4.833025, 5.043295, 5.76376, 6.998265, 8.434333, 9.773909, 11.217946, 12.283159, 12.944327, 13.428553, 13.292294, 10.506617, 9.42974, 8.151666, 6.845586, 5.906876, 7.43003, 7.370472, 7.967859, 8.789713, 9.728424, 10.925563, 11.996615, 12.742685, 13.01261, 13.064639, 12.403471, 11.569973, 10.57315, 9.590312, 8.672145, 8.013019, 7.738674, 7.793729, 8.550925, 9.805044, 11.317088, 12.809471, 10.965563, 8.685212, 6.016879, 3.104835, 0.0, 0.0, 0.0]"
152,"[0.0, 0.0, 0.0, 0.0, 1.2, 2.6, 4.2, 6.011077, 7.822154, 8.661762, 9.159128, 9.456495, 9.354219, 9.155593, 8.457626, 7.637293, 6.564547, 5.655746, 4.764405, 4.271292, 4.474884, 5.262715, 6.462715, 7.867634, 9.427424, 10.692384, 11.625517, 12.186767, 12.469056, 12.186767, 9.641182, 8.792654, 7.512029, 6.445351, 5.535874, 6.935874, 6.85127, 7.414554, 8.112521, 9.132036, 10.362626, 11.557308, 12.513399, 13.081472, 13.054476, 12.433862, 11.437805, 10.250257, 9.042576, 8.289526, 7.802705, 7.712093, 7.820107, 8.700458, 9.652754, 10.972134, 12.531913, 10.811448, 8.531097, 6.122778, 3.280244, 0.0, 0.0, 0.0]"
153,"[0.0, 0.0, 0.0, 0.0, 1.216553, 2.816553, 4.416553, 6.216553, 8.226528, 9.01995, 9.459558, 9.756925, 9.665725, 9.178905, 8.510571, 7.547996, 6.47525, 5.366449, 4.40898, 3.961767, 4.149645, 4.848178, 6.21795, 7.80633, 9.328512, 10.569594, 11.65412, 12.12566, 12.412905, 12.276647, 9.770654, 8.775425, 7.599025, 6.357713, 5.342274, 6.683914, 6.683914, 7.139468, 8.102799, 9.279199, 10.545239, 11.540469, 12.236613, 12.489891, 12.38952, 11.935905, 11.297996, 10.404541, 9.430153, 8.503426, 7.791581, 7.344964, 7.665718, 8.311559, 9.371209, 10.792552, 12.374233, 10.530324, 8.442263, 5.968399, 3.104835, 0.0, 0.0, 0.0]"
154,"[0.0, 0.0, 0.0, 0.0, 1.077033, 2.600188, 4.05621, 5.705452, 7.516529, 8.250573, 8.527418, 8.671396, 8.634606, 8.237742, 7.446469, 6.446469, 5.478925, 4.432158, 3.6504, 3.6504, 4.264614, 5.443235, 6.887525, 8.491138, 9.945197, 11.060806, 12.035406, 12.625431, 12.805972, 12.486175, 9.956353, 8.819917, 7.634131, 6.631735, 6.000824, 7.613276, 7.807942, 8.519758, 9.513863, 10.551958, 11.659801, 12.700333, 13.352793, 13.627755, 13.483115, 13.17943, 12.449055, 11.45942, 10.496604, 9.642044, 8.9459, 8.85096, 9.031878, 9.652353, 10.810597, 12.063345, 13.421821, 11.452049, 9.111109, 6.390815, 3.417601, 0.0, 0.0, 0.0]"
155,"[0.0, 0.0, 0.0, 0.0, 1.216553, 2.829004, 4.672913, 6.57028, 8.467646, 9.40516, 9.851834, 9.894721, 9.71782, 9.382503, 8.670658, 7.777722, 6.785353, 5.864888, 5.127459, 4.685239, 4.933262, 5.735891, 6.91579, 8.353911, 9.91516, 11.062196, 12.085434, 12.713216, 13.058155, 12.829286, 10.268037, 9.268208, 8.07474, 6.90928, 5.84181, 7.256024, 7.135559, 7.721345, 8.479125, 9.622532, 10.808319, 11.808319, 12.438908, 12.672013, 12.737558, 12.417909, 11.857516, 11.070836, 10.250182, 9.190533, 8.366204, 8.11545, 8.158338, 8.709217, 9.902684, 11.331103, 12.595116, 10.70832, 8.544989, 5.937309, 3.052868, 0.0, 0.0, 0.0]"
156,"[0.0, 0.0, 0.0, 0.0, 1.341641, 2.954092, 4.742947, 6.712718, 8.68249, 9.42891, 9.660368, 9.68259, 9.523896, 9.166576, 8.492728, 7.865372, 6.948722, 5.986173, 5.268149, 4.930968, 5.128629, 5.846653, 7.0081, 8.744262, 10.530794, 11.980144, 13.279737, 14.242975, 14.398064, 13.87544, 11.011875, 9.997198, 8.636436, 7.250758, 6.36584, 7.978292, 7.924834, 8.438412, 9.318762, 10.42399, 11.41922, 12.182992, 13.009927, 13.59314, 13.817568, 13.363953, 12.910338, 11.927145, 10.852435, 9.628808, 9.171798, 8.738197, 8.827552, 9.455306, 10.678934, 12.028187, 13.538821, 11.479695, 9.063086, 6.277408, 3.231099, 0.0, 0.0, 0.0]"
157,"[0.0, 0.0, 0.0, 0.0, 1.16619, 2.608411, 4.220862, 5.941327, 7.785236, 8.598945, 9.000633, 9.108647, 9.000633, 8.598945, 7.785236, 6.941327, 5.941973, 4.961977, 4.344377, 4.25522, 4.596861, 5.664605, 7.091275, 8.683263, 10.136053, 11.324234, 12.398944, 13.203382, 13.260636, 13.163919, 10.634097, 9.667899, 8.416787, 7.357137, 6.366252, 7.889407, 7.889407, 8.365017, 9.231154, 10.318755, 11.581279, 12.547476, 13.142696, 13.545627, 13.521798, 13.068501, 12.368267, 11.654757, 10.680277, 9.823526, 9.103597, 8.751343, 8.821179, 9.392729, 10.463781, 11.956165, 13.249923, 11.210315, 8.929964, 6.20967, 3.104835, 0.0, 0.0, 0.0]"
158,"[0.0, 0.0, 0.0, 0.0, 1.2, 2.8, 4.6, 6.4, 8.409975, 9.21995, 9.659558, 9.703467, 9.800834, 9.314013, 8.645679, 7.683104, 6.663816, 5.366449, 4.564405, 4.222764, 4.487372, 5.371552, 6.741323, 8.256281, 9.588662, 10.854702, 11.753582, 12.34506, 12.517311, 12.31096, 9.703279, 8.816063, 7.596454, 6.404688, 5.495211, 6.760122, 6.562811, 7.107967, 7.95054, 9.066369, 10.401458, 11.478303, 12.121329, 12.536066, 12.439753, 12.075821, 11.31973, 10.43915, 9.488442, 8.694594, 7.87274, 7.749296, 7.98685, 8.699763, 9.763536, 11.302287, 12.534786, 10.64799, 8.411922, 5.905929, 2.952965, 0.0, 0.0, 0.0]"
159,"[0.0, 0.0, 0.0, 0.0, 1.0, 2.280625, 3.842675, 5.539731, 7.236787, 7.957252, 8.397093, 8.447494, 8.273593, 7.918177, 7.274745, 6.378901, 5.332135, 4.256194, 3.547009, 3.364403, 3.705972, 4.752738, 6.275296, 7.796907, 9.243419, 10.551092, 11.412504, 11.875838, 12.154877, 11.853545, 9.379681, 8.55506, 7.463596, 6.311116, 5.552133, 7.075287, 7.134846, 7.881266, 8.880992, 10.13019, 11.207035, 12.098234, 12.788662, 13.115992, 13.027481, 12.590812, 11.990812, 11.099119, 10.014593, 9.222524, 8.671645, 8.482722, 8.804998, 9.714948, 10.92927, 12.37623, 13.820917, 11.611845, 9.17874, 6.315176, 3.255764, 0.0, 0.0, 0.0]"
160,"[0.0, 0.0, 0.0, 0.0, 1.280625, 2.694838, 4.538747, 6.538747, 8.702078, 9.480579, 10.036137, 10.089595, 9.798396, 9.284307, 8.490092, 7.597354, 6.594414, 5.606724, 4.782103, 4.517192, 4.854372, 5.771022, 7.059887, 8.635266, 10.235266, 11.428733, 12.42479, 13.022496, 13.253085, 12.889153, 10.281472, 9.285415, 8.277734, 6.912056, 5.842178, 7.256392, 7.289224, 7.689224, 8.704664, 9.818824, 11.095335, 11.942151, 12.632876, 12.913775, 13.074735, 12.547341, 11.856616, 11.0098, 10.010601, 9.01151, 8.371334, 8.020576, 8.020576, 8.694594, 9.860055, 11.144034, 12.501451, 10.657542, 8.421474, 5.813793, 3.006659, 0.0, 0.0, 0.0]"
161,"[0.0, 0.0, 0.0, 0.0, 1.341641, 2.954092, 4.674557, 6.674557, 8.674557, 9.458946, 9.826393, 9.949837, 9.670302, 9.390767, 8.706958, 7.72706, 6.731679, 5.732324, 4.811859, 4.389442, 4.731083, 5.495006, 6.833022, 8.26909, 9.779108, 10.96729, 11.88466, 12.493867, 12.731663, 12.482191, 9.952369, 9.131348, 7.98617, 6.792931, 5.793205, 7.134846, 7.075287, 7.396042, 8.203478, 9.203204, 10.391385, 11.271965, 12.028056, 12.445988, 12.498018, 12.027322, 11.384296, 10.57315, 9.590312, 8.672145, 8.013019, 7.775465, 7.830519, 8.587716, 9.703324, 11.089002, 12.412973, 10.569064, 8.288714, 5.758891, 2.973214, 0.0, 0.0, 0.0]"
162,"[0.0, 0.0, 0.0, 0.0, 1.341641, 2.864795, 4.573596, 6.470963, 8.368329, 8.870597, 9.15852, 9.260796, 8.96343, 8.666063, 8.022154, 7.211077, 6.224621, 5.345731, 4.640159, 4.459962, 4.676515, 5.464345, 6.75321, 8.094851, 9.508152, 10.959932, 12.067775, 12.587622, 12.881376, 12.602337, 9.934004, 8.862952, 7.747344, 6.631735, 5.74258, 7.184801, 7.097609, 7.663294, 8.511822, 9.527262, 10.646291, 11.804535, 12.432317, 12.675568, 12.727598, 12.402417, 11.651894, 10.833067, 9.769295, 8.851128, 8.057281, 7.610664, 7.719176, 8.557306, 9.616956, 10.843068, 12.183478, 10.286111, 8.00576, 5.531897, 2.863564, 0.0, 0.0, 0.0]"
163,"[0.0, 0.0, 0.0, 0.0, 1.019804, 2.434017, 3.834017, 5.434017, 7.046469, 7.837742, 8.072771, 8.322013, 8.245168, 7.974357, 7.240313, 6.485498, 5.468711, 4.39277, 3.77224, 3.589634, 3.960118, 5.036463, 6.559021, 8.170291, 9.717175, 10.893575, 11.746024, 12.337502, 12.413441, 12.098159, 9.656847, 8.816063, 7.596454, 6.602349, 5.876319, 7.525562, 7.702463, 8.448884, 9.37561, 10.505432, 11.576484, 12.34745, 12.889978, 13.156719, 13.035216, 12.523994, 12.064734, 11.245221, 10.286783, 9.401618, 8.913011, 8.547848, 8.71667, 9.475746, 10.643317, 11.896065, 13.307921, 11.328022, 8.919703, 6.228978, 3.255764, 0.0, 0.0, 0.0]"
164,"[0.0, 0.0, 0.0, 0.0, 1.0, 2.16619, 3.608411, 5.220862, 7.009717, 7.718518, 8.201569, 8.408591, 8.210353, 7.835712, 7.126912, 6.277669, 5.260883, 4.412355, 3.598141, 3.422762, 3.839315, 4.621073, 5.866464, 7.475536, 9.050915, 10.234363, 11.228468, 11.82571, 12.049743, 11.659718, 9.259718, 8.451399, 7.457294, 6.365829, 5.636479, 7.198529, 7.485325, 8.130238, 9.120978, 10.281664, 11.280864, 11.955317, 12.586916, 12.94526, 12.912268, 12.477047, 11.895697, 10.902028, 9.773353, 8.888189, 8.411402, 8.24258, 8.754596, 9.600865, 10.884844, 12.242261, 13.637428, 11.428356, 9.020037, 6.212903, 3.206244, 0.0, 0.0, 0.0]"
165,"[0.0, 0.0, 0.0, 0.0, 1.2, 2.812452, 4.623529, 6.434606, 8.474213, 9.17158, 9.456495, 9.61519, 9.592967, 9.165811, 8.710665, 7.979488, 6.904144, 5.71529, 4.997265, 4.403573, 4.518007, 5.344045, 6.587954, 7.819556, 9.379347, 10.644306, 11.614566, 12.331907, 12.486229, 12.358261, 9.812676, 8.819008, 7.699978, 6.761268, 5.69747, 7.09747, 7.012865, 7.414554, 8.112521, 9.132036, 10.165141, 11.160371, 11.716462, 12.085173, 12.058177, 11.834144, 11.03754, 10.448617, 9.440298, 8.687248, 8.001331, 7.910719, 7.820107, 8.546136, 9.498433, 10.666003, 11.918752, 10.198287, 8.072257, 5.663939, 2.973214, 0.0, 0.0, 0.0]"
166,"[0.0, 0.0, 0.0, 0.0, 1.16619, 2.507831, 3.950052, 5.562503, 7.282968, 7.960687, 8.316102, 8.570938, 8.520536, 8.242292, 7.564573, 6.867517, 5.891571, 4.776735, 3.96697, 3.695207, 3.861397, 4.582507, 5.855759, 7.223303, 8.492207, 9.658397, 10.632786, 11.32893, 11.482996, 11.289437, 8.957056, 8.063601, 6.927617, 5.939741, 5.234881, 6.451433, 6.528279, 7.047654, 7.881464, 8.825625, 10.017391, 10.850496, 11.483601, 11.763952, 11.835231, 11.324278, 10.78854, 10.004677, 9.13854, 8.258189, 7.816844, 7.442632, 7.680186, 8.429304, 9.361684, 10.684151, 12.113961, 10.227165, 8.063834, 5.731453, 2.952965, 0.0, 0.0, 0.0]"
167,"[0.0, 0.0, 0.0, 0.0, 1.264911, 2.788066, 4.437308, 6.281217, 8.125126, 8.899822, 9.386643, 9.537401, 9.493492, 9.262034, 8.63664, 7.826665, 6.826665, 5.659121, 4.767779, 4.247993, 4.312904, 5.162146, 6.3736, 7.692097, 9.13861, 10.403521, 11.354279, 11.926979, 12.30398, 12.199108, 9.669286, 8.778087, 7.8175, 6.600891, 5.629734, 6.971375, 6.983039, 7.370926, 8.296955, 9.312395, 10.412065, 11.299281, 11.961365, 12.251945, 12.312534, 12.025289, 11.387379, 10.590187, 9.615799, 8.689072, 8.097056, 7.739736, 7.81979, 8.531635, 9.534031, 10.757659, 12.191516, 10.402662, 8.248596, 5.831987, 3.046309, 0.0, 0.0, 0.0]"
168,"[0.0, 0.0, 0.0, 0.0, 1.16619, 2.608411, 4.328876, 6.172785, 8.152684, 8.966392, 9.368081, 9.491525, 9.368081, 9.000633, 8.362375, 7.684657, 6.689276, 5.689921, 4.87747, 4.555633, 4.654353, 5.514626, 6.690882, 8.171233, 9.625293, 10.834245, 11.793777, 12.527, 12.679754, 12.441958, 9.968095, 9.143671, 7.969104, 6.87764, 5.922197, 7.364417, 7.309363, 7.823112, 8.635537, 9.59098, 10.654753, 11.371891, 12.0098, 12.416984, 12.589235, 12.209272, 11.547188, 10.783416, 9.664386, 8.597708, 7.927701, 7.696244, 7.652335, 8.419187, 9.685227, 11.036338, 12.231021, 10.431021, 8.221949, 5.614268, 2.807134, 0.0, 0.0, 0.0]"
169,"[0.0, 0.0, 0.0, 0.0, 1.16619, 2.608411, 4.220862, 6.009717, 7.979488, 8.710665, 9.112353, 9.310978, 9.134576, 8.764804, 8.08399, 7.259885, 6.273429, 5.382088, 4.503198, 4.306449, 4.503198, 5.291028, 6.380995, 7.66986, 8.886124, 10.143435, 11.004847, 11.723592, 12.054557, 11.90655, 9.432687, 8.608066, 7.294796, 6.170409, 5.347258, 6.688899, 6.601707, 7.229063, 8.13854, 9.15398, 10.373589, 11.25285, 11.741322, 11.85136, 11.725075, 11.133597, 10.662058, 10.038478, 9.24463, 8.504778, 8.097056, 7.739736, 7.81979, 8.531635, 9.534031, 10.757659, 12.191516, 10.402662, 8.248596, 5.831987, 3.046309, 0.0, 0.0, 0.0]"
170,"[0.0, 0.0, 0.0, 0.0, 1.0, 2.280625, 3.842675, 5.56314, 7.449936, 8.062388, 8.570617, 8.717368, 8.452925, 7.980342, 7.584443, 6.62021, 5.543865, 4.653528, 3.839315, 3.517189, 3.769601, 4.6603, 5.991981, 7.672332, 9.21101, 10.567082, 11.651608, 12.154242, 12.273891, 12.049858, 9.616753, 8.621524, 7.486435, 6.36706, 5.438612, 7.051064, 7.147413, 7.852274, 8.912589, 10.048573, 11.119403, 12.093884, 12.844406, 13.223761, 13.368401, 12.811149, 12.127867, 11.294369, 10.186527, 9.081299, 8.567721, 8.367721, 8.689997, 9.510651, 10.883056, 12.297154, 13.752918, 11.543845, 9.11074, 6.282313, 3.255764, 0.0, 0.0, 0.0]"
171,"[0.0, 0.0, 0.0, 0.0, 0.894427, 2.060618, 3.341242, 4.903292, 6.465342, 7.132965, 7.528825, 7.860651, 7.640242, 7.155225, 6.487602, 5.558008, 4.39277, 3.451129, 2.974096, 2.90429, 3.348868, 4.424809, 5.813663, 7.367729, 8.884048, 10.280878, 11.231587, 11.875838, 11.95784, 11.656508, 9.182644, 8.358023, 7.266559, 6.030491, 5.157073, 6.421984, 6.385194, 6.85463, 7.864605, 9.172278, 10.38123, 11.298601, 12.017346, 12.42398, 12.366726, 11.951989, 11.391938, 10.385271, 9.424683, 8.422288, 7.763162, 7.405842, 7.726596, 8.358635, 9.285362, 10.605656, 11.966418, 10.122509, 8.034448, 5.693508, 2.973214, 0.0, 0.0, 0.0]"
172,"[0.0, 0.0, 0.0, 0.0, 1.216553, 2.829004, 4.672913, 6.516822, 8.604883, 9.476392, 9.833712, 9.778657, 9.723603, 9.356007, 8.710166, 7.906585, 7.012158, 6.023303, 5.127459, 4.685239, 4.799673, 5.602302, 6.782201, 8.220322, 9.781572, 11.062196, 12.085434, 12.713216, 13.058155, 12.660236, 10.098987, 9.099158, 7.90569, 6.74023, 5.84181, 7.256024, 7.335559, 7.93132, 8.698172, 10.040942, 11.426728, 12.426728, 13.223887, 13.843242, 13.903894, 13.339962, 12.383871, 11.420646, 10.20467, 8.950551, 8.170505, 7.849751, 7.892638, 8.443517, 9.535296, 11.132142, 12.83389, 10.947094, 8.783763, 6.277771, 3.224903, 0.0, 0.0, 0.0]"
173,"[0.0, 0.0, 0.0, 0.0, 1.280625, 2.694838, 4.256888, 5.977353, 7.86415, 8.470321, 9.025879, 9.433601, 9.421936, 8.991162, 8.369277, 7.476538, 6.401194, 5.258079, 4.434512, 4.169601, 4.309121, 5.063936, 6.342159, 7.749311, 8.985379, 10.177146, 11.135585, 11.691676, 12.052068, 12.016, 9.607681, 8.6, 7.614214, 6.380404, 5.461029, 6.903249, 6.915701, 7.290342, 8.360219, 9.411975, 10.577436, 11.572665, 12.34506, 12.517311, 12.447672, 11.96602, 11.202248, 10.338055, 9.371957, 8.632369, 7.962362, 7.92953, 8.232474, 8.990254, 10.067099, 11.411077, 12.8, 10.8, 8.6, 6.0, 3.2, 0.0, 0.0, 0.0]"
174,"[0.0, 0.0, 0.0, 0.0, 1.077033, 2.533055, 4.321909, 6.475975, 8.712043, 9.871078, 10.624128, 11.035274, 10.881208, 10.24514, 9.609072, 8.8, 7.619804, 6.067017, 5.361445, 4.838478, 4.852691, 5.872495, 8.055871, 9.989871, 11.824882, 13.572946, 14.843927, 15.523927, 16.006089, 16.047009, 12.884732, 11.728209, 10.427595, 8.717006, 7.774016, 9.928082, 10.190625, 11.133615, 12.66411, 13.964724, 15.487613, 16.807312, 17.347198, 17.709552, 17.822412, 16.973884, 16.066002, 15.203742, 13.94696, 12.677577, 12.085218, 11.818041, 12.015879, 12.891081, 14.41397, 16.281559, 17.96295, 15.134523, 12.023253, 8.346298, 4.242641, 0.0, 0.0, 0.0]"
175,"[0.0, 0.0, 0.0, 0.0, 1.6, 3.609975, 5.819047, 8.426728, 11.057318, 12.177612, 12.508577, 12.716114, 12.344501, 11.600707, 10.669268, 9.940779, 8.601203, 7.384939, 6.517947, 6.185114, 6.293128, 7.342124, 8.88357, 10.83698, 12.661202, 14.381667, 15.655637, 16.494388, 16.921174, 16.771425, 13.330495, 12.166563, 10.892592, 9.213057, 7.969358, 10.123424, 10.123424, 10.825822, 11.933784, 13.073537, 14.024306, 15.332247, 15.814409, 16.296571, 16.400517, 16.248647, 15.312319, 14.418339, 13.343818, 12.252931, 11.339574, 10.931893, 11.122965, 11.893556, 13.259825, 14.842372, 16.662322, 14.054641, 11.047982, 7.642104, 4.01995, 0.0, 0.0, 0.0]"
176,"[0.0, 0.0, 0.0, 0.0, 1.0, 2.341641, 3.954092, 5.742947, 7.531801, 8.429168, 8.931436, 9.130061, 8.953658, 8.564804, 7.867437, 7.240081, 6.06146, 5.014693, 4.247149, 3.847149, 4.030596, 4.998141, 6.632456, 8.4, 10.207681, 11.43827, 12.506603, 12.974936, 13.205525, 13.071708, 10.441118, 9.583863, 8.51553, 7.299154, 6.166931, 7.779383, 7.948205, 8.610947, 9.605052, 10.983705, 12.371254, 13.275796, 14.065922, 14.610567, 14.573555, 13.914495, 13.370994, 12.287898, 10.947385, 10.108012, 9.610981, 9.270041, 9.806262, 11.057375, 12.259775, 13.726455, 15.126455, 12.620463, 9.756898, 6.710589, 3.4, 0.0, 0.0, 0.0]"
177,"[0.0, 0.0, 0.0, 0.0, 1.456022, 3.105264, 4.949173, 7.185241, 9.394313, 10.34661, 11.097368, 11.462531, 11.03754, 10.44092, 9.645052, 8.645052, 7.23598, 6.31933, 5.555407, 5.284596, 5.407751, 6.577522, 8.024035, 9.858789, 11.470112, 12.999825, 14.192331, 15.013669, 15.330387, 15.097717, 12.044849, 11.045903, 9.592426, 8.241668, 7.133825, 8.944902, 9.01764, 9.782702, 10.801793, 12.052905, 13.30124, 14.091721, 14.644407, 14.982734, 14.919169, 14.459758, 14.033208, 13.215731, 12.418144, 11.462053, 10.75942, 10.322751, 10.394029, 10.905251, 12.317106, 13.825617, 15.350104, 13.069753, 10.349459, 7.093695, 3.687818, 0.0, 0.0, 0.0]"
178,"[0.0, 0.0, 0.0, 0.0, 1.077033, 2.418674, 4.139139, 6.139139, 8.139139, 8.906015, 9.544273, 9.667717, 9.388182, 8.911336, 8.409068, 7.506202, 6.227979, 5.139969, 4.24927, 3.984662, 4.24927, 5.570381, 7.173993, 9.22482, 10.933464, 12.754101, 13.926717, 14.75006, 14.735112, 14.382539, 11.220261, 9.86965, 8.333393, 7.22711, 6.356055, 8.064856, 8.444117, 9.394825, 10.618453, 11.842081, 13.364379, 14.586907, 15.165911, 15.433101, 15.531864, 15.021059, 14.151781, 13.431295, 12.265223, 11.468844, 10.788157, 10.546846, 10.814465, 11.934328, 13.252144, 14.818088, 16.623085, 14.023085, 11.016425, 7.610548, 4.004997, 0.0, 0.0, 0.0]"
179,"[0.0, 0.0, 0.0, 0.0, 1.264911, 2.914153, 4.758062, 6.99413, 9.203202, 10.147364, 10.698121, 11.054212, 10.629221, 10.032601, 9.237742, 8.254295, 6.854295, 5.867839, 5.103915, 4.584129, 4.632488, 5.48173, 6.554475, 7.986298, 9.775152, 11.373805, 12.677528, 13.664602, 14.16274, 14.08714, 11.223575, 10.059465, 8.698179, 7.333904, 6.140436, 7.596458, 7.516404, 7.963021, 9.054801, 10.323869, 11.731411, 12.742904, 13.636697, 13.994268, 13.941576, 13.511117, 13.026891, 11.974404, 10.760082, 9.652647, 8.831993, 8.575824, 8.890777, 9.521885, 10.719025, 12.268851, 13.617615, 11.491586, 9.211235, 6.490941, 3.328663, 0.0, 0.0, 0.0]"
180,"[0.0, 0.0, 0.0, 0.0, 0.824621, 2.089532, 3.545554, 5.194796, 7.038705, 8.025161, 8.56025, 8.904228, 8.854986, 8.411077, 7.8, 6.8, 5.4, 4.0, 2.8, 2.2, 2.224621, 3.041174, 4.490416, 6.134325, 7.743397, 9.327095, 10.510542, 11.2613, 11.617391, 11.208319, 8.8, 7.6, 6.024621, 4.545731, 3.466842, 4.466842, 4.666842, 5.442221, 6.72111, 8.2, 9.6, 10.608319, 11.416638, 11.652706, 11.492314, 10.936223, 10.177146, 9.168827, 7.932759, 6.893151, 6.126275, 5.757658, 6.054714, 7.054714, 8.335065, 9.819282, 11.381191, 9.684135, 7.684135, 5.403784, 2.842534, 0.0, 0.0, 0.0]"
181,"[0.0, 0.0, 0.0, 0.0, 1.0, 2.280625, 3.694838, 5.256888, 7.100797, 7.944706, 8.550878, 8.749115, 8.71022, 8.131222, 7.364346, 6.302171, 5.136933, 3.813779, 2.948868, 2.50429, 2.679669, 3.674676, 5.087128, 6.746254, 8.349866, 9.585934, 10.743714, 11.472202, 11.754016, 11.415315, 9.179247, 7.920887, 6.579947, 4.960118, 3.862751, 4.862751, 4.737663, 5.350114, 6.472913, 7.712521, 8.948589, 10.140355, 10.927904, 11.283995, 11.244387, 11.008319, 10.2, 9.2, 8.019804, 7.096837, 6.096837, 5.663027, 5.786182, 6.475179, 7.486207, 9.016029, 10.635516, 9.112362, 7.403561, 5.3155, 2.785678, 0.0, 0.0, 0.0]"
182,"[0.0, 0.0, 0.0, 0.0, 0.8, 2.016553, 3.430766, 5.080008, 6.788809, 7.69761, 8.093509, 8.121516, 7.752898, 7.175469, 6.466668, 5.575326, 4.415949, 3.135324, 2.203953, 1.803953, 1.882843, 2.816553, 4.465795, 6.163161, 7.717227, 9.153295, 10.172811, 10.686899, 10.952863, 10.685594, 8.449526, 7.290491, 6.12716, 4.763829, 3.77146, 4.902831, 5.387848, 6.108313, 7.308313, 8.694237, 9.971185, 10.817454, 11.505308, 11.785658, 11.668638, 11.147116, 10.300847, 9.173153, 8.058992, 6.972694, 6.285898, 6.123848, 6.643223, 7.677033, 9.207681, 10.814815, 12.421474, 10.621474, 8.421474, 5.813793, 3.006659, 0.0, 0.0, 0.0]"
183,"[0.0, 0.0, 0.0, 0.0, 1.2, 2.614214, 4.226665, 5.875907, 7.773274, 8.543046, 8.917686, 8.917686, 8.710665, 8.093923, 7.124151, 6.056407, 4.891169, 3.648949, 2.651167, 2.283622, 2.582316, 3.400013, 4.908814, 6.595743, 8.199355, 9.511932, 10.688332, 11.142862, 11.336421, 11.100353, 8.767973, 7.492852, 6.154142, 4.790812, 3.615433, 4.615433, 4.580613, 5.318042, 6.361951, 7.663359, 8.926101, 10.203049, 10.92135, 11.240771, 11.001538, 10.625593, 9.659495, 8.659769, 7.627809, 6.63544, 5.748643, 5.706423, 6.025798, 6.904402, 8.246043, 9.876632, 11.30506, 9.70506, 7.695084, 5.459016, 2.828427, 0.0, 0.0, 0.0]"
184,"[0.0, 0.0, 0.0, 0.0, 0.72111, 1.72111, 2.852481, 4.133106, 5.575326, 6.296437, 6.638078, 6.771618, 6.755904, 6.333487, 5.715888, 4.974247, 4.109336, 3.044425, 2.424621, 2.2, 2.619804, 3.484715, 4.933957, 6.377866, 7.787841, 8.97711, 9.912198, 10.462956, 10.819047, 10.609072, 8.4, 7.6, 6.616553, 5.493585, 4.693585, 6.035226, 6.158381, 6.839195, 7.731934, 8.885999, 9.876739, 10.685966, 11.22991, 11.540489, 11.512453, 11.023981, 10.388656, 9.509395, 8.570685, 7.709567, 7.279872, 7.182815, 7.620765, 8.479125, 9.614214, 11.0, 12.4, 10.4, 8.2, 5.8, 3.0, 0.0, 0.0, 0.0]"
185,"[0.0, 0.0, 0.0, 0.0, 1.077033, 2.341944, 3.797966, 5.447208, 7.291117, 7.826536, 8.361625, 8.505603, 8.25636, 7.812452, 7.4, 6.6, 5.6, 4.647214, 3.694427, 3.319048, 3.535601, 4.349814, 5.713678, 7.502532, 8.958262, 10.271532, 11.38714, 12.105885, 12.210757, 11.900178, 9.370356, 8.296556, 6.983286, 5.842346, 5.089127, 6.430768, 6.587197, 7.09111, 7.89111, 8.837888, 9.828628, 10.722169, 11.418314, 11.759254, 11.749989, 11.457216, 10.600465, 9.707011, 8.707711, 7.719836, 6.960853, 6.753831, 6.939477, 7.495203, 8.669953, 9.91915, 11.262607, 9.553806, 7.65644, 5.3155, 2.785678, 0.0, 0.0, 0.0]"
186,"[0.0, 0.0, 0.0, 0.0, 0.72111, 1.72111, 2.852481, 4.266695, 5.708915, 6.430025, 6.771666, 6.981936, 6.784275, 6.361858, 5.744259, 5.002618, 4.108191, 3.091639, 2.471835, 2.279669, 2.50429, 3.321988, 4.77123, 6.459291, 8.062904, 9.447355, 10.391516, 10.942274, 11.054212, 10.618144, 8.409072, 7.614214, 6.491247, 5.291247, 4.491247, 5.756158, 5.797966, 6.564842, 7.652903, 8.740965, 9.892663, 10.85325, 11.341722, 11.586041, 11.661311, 11.244701, 10.548557, 9.658397, 8.667657, 7.91854, 7.31854, 7.198075, 7.755854, 8.623286, 9.816753, 11.223887, 12.630546, 10.630546, 8.421474, 5.813793, 3.006659, 0.0, 0.0, 0.0]"
187,"[0.0, 0.0, 0.0, 0.0, 0.894427, 2.060618, 3.402258, 4.844479, 6.406529, 7.209158, 7.605017, 7.705597, 7.705597, 7.309738, 6.689714, 5.848775, 4.853768, 3.69439, 2.9282, 2.483622, 2.656939, 3.551366, 4.880975, 6.269829, 7.607145, 8.866784, 9.805494, 10.473394, 10.724147, 10.598284, 8.444218, 7.428779, 6.314618, 5.123538, 4.174057, 5.390609, 5.525698, 6.159508, 7.31098, 8.625625, 9.64514, 10.481208, 10.961559, 11.04962, 10.928609, 10.401342, 9.874075, 9.049746, 8.375898, 7.487837, 7.179036, 6.884449, 7.137228, 7.692786, 8.833726, 9.850335, 11.036121, 9.327321, 7.357549, 5.016609, 2.6, 0.0, 0.0, 0.0]"
188,"[0.0, 0.0, 0.0, 0.0, 0.72111, 1.72111, 3.001735, 4.443956, 5.886176, 6.68822, 7.144242, 7.08017, 6.83795, 6.595729, 5.872574, 5.016553, 4.2, 3.2, 2.4, 2.2, 2.6, 3.416553, 4.829004, 6.429004, 8.029004, 9.229004, 10.212452, 11.0, 11.2, 10.8, 8.6, 7.8, 6.4, 5.277033, 4.477033, 5.757658, 5.970109, 6.758964, 7.741057, 8.904388, 9.904114, 10.572013, 11.191477, 11.395093, 11.357791, 10.92135, 10.203049, 9.35678, 8.374663, 7.414824, 6.835826, 6.886228, 7.135255, 8.05463, 9.48844, 11.023529, 12.417736, 10.606659, 8.406659, 5.806659, 3.006659, 0.0, 0.0, 0.0]"
189,"[0.0, 0.0, 0.0, 0.0, 0.824621, 1.844425, 3.258639, 4.714661, 6.237815, 6.936349, 7.528996, 7.557003, 7.381606, 7.139076, 6.46445, 5.573109, 4.578102, 3.497477, 2.616852, 2.334009, 2.461427, 3.294838, 4.656888, 6.100797, 7.515011, 8.792512, 9.675218, 10.276499, 10.491716, 10.398613, 8.272584, 7.389878, 6.226547, 4.992042, 4.105246, 5.305246, 5.438835, 6.051286, 7.037742, 8.237742, 9.237742, 10.023529, 10.611077, 11.0, 10.8, 10.609975, 10.009975, 9.209975, 8.409975, 7.626528, 6.881464, 6.623104, 6.943569, 7.543569, 8.607368, 9.903706, 11.28236, 9.561895, 7.561895, 5.281544, 2.720294, 0.0, 0.0, 0.0]"
190,"[0.0, 0.0, 0.0, 0.0, 0.824621, 1.844425, 3.060978, 4.475191, 6.075191, 6.85057, 7.230766, 7.414214, 7.2, 6.8, 6.0, 5.2, 4.2, 3.282843, 2.530056, 2.530056, 3.130056, 4.342508, 5.870742, 7.463136, 8.899204, 9.979555, 10.708044, 11.313576, 11.510036, 11.24374, 8.963389, 8.078471, 6.861862, 5.825794, 5.072574, 6.414215, 6.570645, 7.257441, 8.057441, 9.2822, 10.446552, 11.340093, 11.869906, 12.210846, 12.049886, 11.631954, 11.023328, 10.315519, 9.497734, 8.631597, 7.985756, 7.700841, 7.780895, 8.411806, 9.414202, 10.655263, 11.906375, 10.117521, 7.963455, 5.546846, 2.863564, 0.0, 0.0, 0.0]"
191,"[0.0, 0.0, 0.0, 0.0, 0.824621, 1.844425, 3.060978, 4.517, 6.040154, 6.827985, 7.250401, 7.448062, 7.272665, 6.880881, 6.26843, 5.391895, 4.424895, 3.54427, 2.812899, 2.378584, 2.812899, 3.497056, 4.51127, 5.955179, 7.389493, 8.552824, 9.657521, 10.302434, 10.517651, 10.306505, 8.143174, 7.073297, 6.014171, 4.849472, 4.080421, 5.280421, 5.514231, 6.314231, 7.419804, 8.6, 9.6, 10.4, 10.809072, 11.018144, 10.857752, 10.501661, 9.950903, 9.156045, 8.146973, 7.307365, 6.877669, 6.684449, 6.882687, 7.569483, 8.701864, 9.793643, 11.11611, 9.503659, 7.616862, 5.284482, 2.778489, 0.0, 0.0, 0.0]"
192,"[0.0, 0.0, 0.0, 0.0, 0.8, 1.8, 3.2, 4.614214, 6.263456, 6.919478, 7.442632, 7.384273, 7.41228, 6.763038, 6.155544, 5.3535, 4.459072, 3.416852, 2.616852, 2.334009, 2.507326, 3.226303, 4.268524, 5.788989, 7.223303, 8.454905, 9.414744, 10.098553, 10.378087, 10.221996, 8.095967, 7.101309, 5.97528, 4.995084, 4.151175, 5.367727, 5.692378, 6.401179, 7.278742, 8.31835, 9.337865, 10.090915, 10.591187, 10.89382, 11.054212, 10.618144, 10.009072, 9.2, 8.4, 7.464911, 7.006552, 6.968602, 7.412511, 8.13854, 9.15398, 10.373589, 11.639966, 9.796057, 7.670028, 5.389677, 2.828427, 0.0, 0.0, 0.0]"
193,"[0.0, 0.0, 0.0, 0.0, 1.0, 2.4, 4.0, 5.612452, 7.224903, 8.068812, 8.318054, 8.241209, 8.151912, 7.881101, 7.114225, 6.35941, 5.468711, 4.545556, 3.836371, 3.325024, 3.430596, 4.078766, 5.322675, 6.534128, 8.094472, 9.357213, 10.484908, 10.92135, 11.240771, 11.114742, 8.852001, 7.857895, 6.708915, 5.440012, 4.440012, 5.640012, 5.625798, 6.106879, 7.023529, 8.033504, 9.033504, 9.833504, 10.421052, 10.809975, 11.0, 10.8, 10.2, 9.4, 8.4, 7.4, 6.664911, 6.406552, 6.448772, 7.092681, 8.173032, 9.31644, 10.665524, 9.223303, 7.379395, 5.099044, 2.690725, 0.0, 0.0, 0.0]"
194,"[0.0, 0.0, 0.0, 0.0, 1.0, 2.16619, 3.446815, 4.889036, 6.41219, 7.120991, 7.663601, 8.032219, 8.004212, 7.881057, 7.372257, 6.463456, 5.414214, 4.447214, 3.447214, 2.847214, 3.047214, 3.847214, 5.0, 6.4, 7.8, 9.0, 9.8, 10.4, 10.609975, 10.609975, 8.409975, 7.609975, 6.409975, 5.224621, 4.224621, 5.224621, 5.166262, 5.778713, 6.742947, 7.802073, 8.965404, 9.904114, 10.417691, 10.754866, 10.69574, 10.376318, 9.658017, 8.946202, 7.951543, 7.028576, 6.40122, 6.23917, 6.424956, 7.293585, 8.416553, 9.6, 10.8, 9.2, 7.2, 5.0, 2.6, 0.0, 0.0, 0.0]"
195,"[0.0, 0.0, 0.0, 0.0, 0.8, 1.819804, 3.036356, 4.492378, 6.015533, 6.557174, 6.97959, 7.043663, 6.719012, 6.327228, 5.834115, 4.95758, 4.124169, 3.392798, 2.661427, 2.534009, 3.099695, 4.066695, 5.228745, 6.828745, 8.270965, 9.471975, 10.390142, 11.06416, 11.300228, 10.925752, 8.593371, 7.703211, 6.598514, 5.528636, 4.956334, 6.356334, 6.514114, 7.182743, 8.216553, 9.2, 10.0, 10.808319, 11.244387, 11.324738, 11.405089, 11.048997, 10.484587, 9.860971, 8.98062, 8.100269, 7.670574, 7.475907, 7.760822, 8.514888, 9.531498, 10.717284, 11.751323, 9.853957, 7.699891, 5.283282, 2.683282, 0.0, 0.0, 0.0]"
196,"[0.0, 0.0, 0.0, 0.0, 0.894427, 2.060618, 3.226808, 4.669028, 6.111249, 6.778872, 7.174731, 7.422754, 7.422754, 7.146724, 6.479102, 5.638162, 4.789634, 3.747413, 2.981223, 2.719251, 3.017945, 3.71717, 4.840325, 6.149126, 7.414037, 8.482294, 9.453451, 10.166365, 10.497172, 10.410882, 8.322821, 7.351664, 6.192629, 5.001549, 4.190472, 5.210276, 5.359579, 5.894997, 6.857546, 7.897154, 8.965411, 9.705264, 10.246878, 10.494927, 10.514445, 10.215238, 9.673624, 8.861199, 8.066984, 7.22441, 6.835556, 6.823104, 7.093915, 7.838979, 8.858495, 9.8916, 11.120027, 9.507575, 7.4976, 5.261532, 2.828427, 0.0, 0.0, 0.0]"
197,"[0.0, 0.0, 0.0, 0.0, 0.848528, 1.979899, 3.260524, 4.702744, 6.144965, 6.908888, 7.300672, 7.476069, 7.489871, 7.264203, 6.671555, 5.9484, 5.124834, 4.116026, 3.299473, 3.079669, 3.279669, 4.047214, 5.2, 6.6, 7.8, 9.0, 10.0, 10.6, 11.0, 11.0, 8.8, 7.8, 6.6, 5.419804, 4.419804, 5.551175, 5.4318, 5.99385, 6.694511, 7.694511, 8.689169, 9.816863, 10.380842, 10.786406, 10.786406, 10.380842, 9.692988, 8.847584, 7.852926, 7.019116, 6.563562, 6.299119, 6.630946, 7.310652, 8.353534, 9.719212, 11.091617, 9.479166, 7.668089, 5.459016, 2.828427, 0.0, 0.0, 0.0]"
198,"[0.0, 0.0, 0.0, 0.0, 1.0, 2.280625, 3.722845, 5.335297, 6.947748, 7.5602, 7.988376, 8.195398, 8.038968, 7.643069, 7.24717, 6.36299, 5.346204, 4.455867, 3.87177, 3.655218, 4.047149, 5.027145, 6.272537, 7.849153, 9.049153, 10.24092, 11.061573, 11.683601, 11.907634, 11.747242, 9.338923, 8.518269, 7.499378, 6.331184, 5.457767, 7.019816, 7.251274, 7.83706, 8.8525, 10.094629, 11.078163, 11.779839, 12.341088, 12.621987, 12.654979, 12.272726, 11.613938, 10.773153, 9.773953, 8.894692, 8.343813, 8.165817, 8.533413, 9.445227, 10.55151, 11.851102, 13.247136, 11.159075, 8.685212, 6.016879, 3.104835, 0.0, 0.0, 0.0]"
199,"[0.0, 0.0, 0.0, 0.0, 1.019804, 2.236356, 3.65057, 5.25057, 7.061647, 7.85292, 8.28561, 8.520639, 8.376661, 7.907224, 7.17318, 6.348559, 5.331772, 4.508206, 4.015093, 4.015093, 4.455383, 5.531728, 6.958399, 8.345939, 9.710217, 10.886617, 11.89811, 12.400234, 12.572485, 12.257203, 9.815892, 8.816063, 7.777968, 6.783862, 6.057833, 7.670285, 7.847186, 8.412093, 9.338819, 10.468642, 11.576484, 12.542682, 13.08521, 13.351951, 13.230447, 12.918472, 12.064883, 11.444269, 10.48583, 9.786312, 8.990445, 8.98047, 9.096524, 9.992866, 11.112492, 12.611311, 14.005423, 11.879394, 9.33381, 6.505382, 3.394113, 0.0, 0.0, 0.0]"
200,"[0.0, 0.0, 0.0, 0.0, 1.019804, 2.236356, 3.65057, 5.299812, 7.008613, 7.601261, 7.99716, 8.025167, 7.656549, 7.228373, 6.615922, 5.72458, 4.68236, 3.801735, 2.968324, 2.689434, 3.099695, 4.261745, 5.705654, 7.384469, 8.94371, 10.25365, 11.197593, 11.859677, 11.969716, 11.748491, 9.30718, 8.243407, 7.018039, 5.948162, 5.153947, 6.553947, 6.711726, 7.431101, 8.464911, 9.6, 10.8, 11.8, 12.407681, 12.616, 12.452068, 11.891676, 11.102753, 10.107523, 9.099204, 8.263136, 7.637742, 7.34982, 7.526223, 8.289553, 9.169904, 10.363372, 11.724658, 9.935804, 7.772473, 5.492122, 2.884441, 0.0, 0.0, 0.0]"
201,"[0.0, 0.0, 0.0, 0.0, 1.0, 2.16619, 3.446815, 5.008865, 6.570915, 7.132965, 7.68724, 8.019066, 7.980171, 7.683032, 7.198015, 6.302171, 5.136933, 3.896621, 3.03171, 2.587133, 2.656939, 3.551366, 4.880975, 6.269829, 7.79144, 9.051079, 9.989789, 10.613405, 10.864158, 10.554001, 8.399936, 7.384496, 6.042855, 4.724357, 3.900252, 5.100252, 5.235341, 5.940914, 7.219804, 8.4, 9.409072, 10.218144, 10.854212, 11.09028, 10.929888, 10.564725, 10.004895, 9.18304, 8.146973, 7.307365, 6.680008, 6.486788, 6.685026, 7.371822, 8.504203, 9.895331, 11.04699, 9.434539, 7.547743, 5.215362, 2.607681, 0.0, 0.0, 0.0]"
202,"[0.0, 0.0, 0.0, 0.0, 0.72111, 1.72111, 2.887301, 4.228941, 5.752096, 6.487008, 6.94303, 7.191053, 7.263626, 6.940471, 6.484449, 5.628427, 4.614214, 3.482843, 2.682843, 2.282843, 2.507464, 3.324016, 4.653625, 6.293233, 7.902305, 9.277684, 10.461132, 11.04868, 11.209072, 10.8, 8.6, 7.6, 6.419804, 5.219804, 4.419804, 5.761445, 5.817467, 6.695029, 7.783091, 8.871152, 9.94612, 10.906708, 11.341722, 11.586041, 11.661311, 11.244701, 10.440544, 9.720615, 8.653145, 7.706367, 7.106367, 7.093915, 7.292541, 8.263698, 9.677734, 11.106161, 12.532711, 10.721634, 8.485566, 5.854976, 3.026549, 0.0, 0.0, 0.0]"
203,"[0.0, 0.0, 0.0, 0.0, 1.0, 2.2, 3.8, 5.4, 7.2, 8.011077, 8.423529, 8.279551, 8.135573, 7.600484, 6.80921, 5.996759, 5.140737, 4.084715, 3.385489, 3.086796, 3.452986, 4.376141, 5.764995, 7.258436, 8.869706, 10.144827, 11.182922, 11.802387, 12.151579, 11.799098, 9.357787, 8.358587, 7.291909, 6.100142, 5.320243, 6.734457, 6.628429, 7.184155, 8.055663, 9.136014, 10.195664, 11.172747, 11.708486, 12.028743, 12.148392, 11.674529, 11.041424, 10.208319, 9.214214, 8.079125, 7.420765, 7.182815, 7.30328, 7.889067, 8.956537, 10.222577, 11.380821, 9.660356, 7.660356, 5.327975, 2.720294, 0.0, 0.0, 0.0]"
204,"[0.0, 0.0, 0.0, 0.0, 1.0, 2.280625, 3.722845, 5.335297, 7.124151, 7.913006, 8.281623, 8.488645, 8.290407, 7.915766, 7.126912, 6.277669, 5.260883, 4.293883, 3.479669, 3.279669, 3.679669, 4.447214, 6.0, 7.6, 9.2, 10.4, 11.4, 12.0, 12.2, 12.0, 9.6, 8.8, 7.4, 6.019804, 4.714231, 5.994856, 5.837076, 6.425931, 7.292923, 8.561827, 9.444533, 10.443623, 11.063088, 11.439033, 11.538444, 11.219022, 10.474767, 9.628499, 8.646382, 7.54983, 6.922474, 6.625418, 6.863368, 7.582743, 8.816553, 10.2, 11.6, 9.8, 7.8, 5.4, 2.8, 0.0, 0.0, 0.0]"
205,"[0.0, 0.0, 0.0, 0.0, 1.0, 2.16619, 3.507831, 5.120283, 6.643437, 7.352238, 7.83529, 8.106101, 7.893649, 7.570495, 6.861694, 6.012452, 4.847214, 3.730056, 3.130056, 2.930056, 3.330056, 4.482843, 6.0, 7.6, 9.0, 10.0, 10.808319, 11.217391, 11.226463, 11.235536, 9.035536, 8.227217, 7.218144, 6.273983, 5.231101, 6.511726, 6.632191, 7.318988, 8.217407, 9.492528, 10.773153, 11.743413, 12.402201, 12.647189, 12.486229, 11.924979, 11.234254, 10.25072, 9.404451, 8.465741, 7.921763, 7.534214, 7.783241, 8.421191, 9.487869, 10.639528, 12.033736, 10.222659, 8.022659, 5.61434, 3.006659, 0.0, 0.0, 0.0]"
206,"[0.0, 0.0, 0.0, 0.0, 1.0, 2.16619, 3.72824, 5.425297, 7.122353, 7.966262, 8.520536, 8.570938, 8.397036, 8.041621, 7.274745, 6.448707, 5.401941, 4.326, 3.584359, 3.307326, 3.432703, 4.323039, 5.584627, 7.072688, 8.553039, 9.96634, 10.943423, 11.642941, 11.963199, 11.692823, 9.259718, 8.240827, 7.097419, 5.85529, 4.845315, 6.110226, 6.152034, 6.536366, 7.409783, 8.449391, 9.464831, 10.349749, 11.117116, 11.313576, 11.333094, 10.939539, 10.211051, 9.236662, 8.265505, 7.422932, 6.736136, 6.523684, 6.693915, 7.272913, 8.336711, 9.666533, 10.986828, 9.374376, 7.530467, 5.250116, 2.720294, 0.0, 0.0, 0.0]"
207,"[0.0, 0.0, 0.0, 0.0, 0.72111, 1.615537, 2.880449, 4.403603, 5.859625, 6.594537, 7.114323, 7.249412, 6.926258, 6.670236, 6.214214, 5.4, 4.4, 3.482843, 2.682843, 2.282843, 2.682843, 3.682843, 5.0, 6.6, 8.2, 9.4, 10.2, 10.809072, 11.018144, 10.629221, 8.429221, 7.629221, 6.620149, 5.48811, 4.677033, 5.957658, 6.170109, 6.758964, 7.741057, 8.800183, 9.799909, 10.467808, 11.087273, 11.290888, 11.357791, 10.92135, 10.338055, 9.491786, 8.509669, 7.648551, 7.021195, 6.924138, 7.362088, 8.281464, 9.616553, 11.2, 12.6, 10.6, 8.4, 5.8, 3.0, 0.0, 0.0, 0.0]"
208,"[0.0, 0.0, 0.0, 0.0, 0.824621, 1.844425, 3.109336, 4.565358, 6.088513, 6.876343, 7.29876, 7.476069, 7.434261, 7.042477, 6.430025, 5.708915, 4.713908, 3.499695, 2.568324, 2.015537, 2.142955, 2.976367, 4.338417, 5.835473, 7.514288, 8.829091, 9.711797, 10.313078, 10.675147, 10.337973, 8.174642, 7.291936, 5.977133, 4.742628, 3.953774, 5.153774, 5.273149, 6.037073, 7.023529, 8.223529, 9.423529, 10.423529, 11.211077, 11.6, 11.409975, 10.821052, 10.021052, 9.021052, 8.021052, 7.211077, 6.664911, 6.507132, 6.827597, 7.627597, 8.707947, 10.004286, 11.4046, 9.684135, 7.684135, 5.403784, 2.842534, 0.0, 0.0, 0.0]"
209,"[0.0, 0.0, 0.0, 0.0, 0.848528, 2.014719, 3.295343, 4.737564, 6.350015, 7.024642, 7.314474, 7.489871, 7.264203, 6.868304, 6.145149, 5.321583, 4.312774, 3.543435, 2.926883, 2.926883, 3.494427, 4.659665, 6.012452, 7.412452, 8.812452, 9.812452, 10.6, 11.0, 11.2, 11.0, 8.8, 8.0, 7.2, 6.077033, 5.357658, 6.638283, 6.480503, 6.967299, 7.949392, 8.949118, 10.229743, 11.348772, 12.007561, 12.356754, 12.202432, 11.767211, 11.049871, 10.201342, 9.355073, 8.570685, 7.900678, 7.867846, 7.981867, 8.619817, 9.478176, 10.622154, 11.611077, 9.8, 7.6, 5.4, 2.8, 0.0, 0.0, 0.0]"
210,"[0.0, 0.0, 0.0, 0.0, 1.0, 2.2, 3.6, 5.212452, 6.861694, 7.510936, 8.019737, 8.142891, 7.872081, 7.389029, 6.739787, 5.663441, 4.740287, 3.998646, 3.279669, 3.128197, 3.627113, 4.589163, 5.833071, 7.511887, 8.926101, 10.203049, 11.202248, 11.799651, 11.953972, 11.854561, 9.446242, 8.447043, 7.286356, 6.270917, 5.324138, 6.724138, 6.762088, 7.292541, 8.037605, 9.221052, 10.221052, 11.221052, 12.009975, 12.4, 12.4, 12.009975, 11.209975, 10.209975, 9.209975, 8.224189, 7.430766, 7.243218, 7.363683, 7.963683, 8.957788, 10.43196, 11.662043, 9.941578, 7.941578, 5.533259, 2.842534, 0.0, 0.0, 0.0]"
211,"[0.0, 0.0, 0.0, 0.0, 1.019804, 2.236356, 3.65057, 5.25057, 7.05057, 7.830766, 8.414214, 8.6, 8.414214, 7.814214, 7.214214, 6.214214, 5.214214, 4.247214, 3.494427, 3.119048, 3.396081, 4.252103, 5.702256, 7.343104, 8.859423, 10.288383, 11.338354, 12.048668, 12.292987, 12.115378, 9.609385, 8.626547, 7.283777, 6.151396, 5.188066, 6.452977, 6.452977, 6.97692, 7.746692, 8.700758, 9.776786, 10.783454, 11.468463, 11.931796, 12.013798, 11.682834, 10.964089, 10.102677, 9.083785, 8.189358, 7.460008, 6.929556, 7.037569, 7.682482, 8.673222, 9.89859, 11.396453, 9.675988, 7.616862, 5.284482, 2.778489, 0.0, 0.0, 0.0]"
212,"[0.0, 0.0, 0.0, 0.0, 1.0, 2.414214, 3.828427, 5.440879, 7.240879, 8.040879, 8.426665, 8.612452, 8.6, 8.214214, 7.614214, 6.614214, 5.614214, 4.414214, 3.282843, 2.715298, 2.935102, 3.749316, 4.998558, 6.559624, 8.01523, 9.336366, 10.263092, 10.849918, 11.242077, 11.123787, 8.782847, 7.897929, 6.681665, 5.445597, 4.49563, 5.572663, 5.397266, 5.939512, 6.659977, 7.803504, 8.889801, 9.941557, 10.615575, 11.049176, 11.039911, 10.773947, 10.150367, 9.370321, 8.382446, 7.359751, 6.628574, 6.442928, 6.636148, 7.367325, 8.516305, 9.823978, 11.021117, 9.371875, 7.474508, 5.194157, 2.720294, 0.0, 0.0, 0.0]"
213,"[0.0, 0.0, 0.0, 0.0, 1.019804, 2.236356, 3.692378, 5.30483, 7.115907, 7.896103, 8.479551, 8.623529, 8.411077, 8.0, 7.2, 6.4, 5.4, 4.447214, 3.494427, 3.319048, 3.535601, 4.391623, 5.788318, 7.429166, 8.884896, 10.009283, 10.96987, 11.631954, 11.779961, 11.558736, 9.217796, 8.324341, 7.232562, 6.196494, 5.337368, 6.602279, 6.691576, 7.164159, 8.023285, 9.059353, 10.211051, 10.939539, 11.393683, 11.614908, 11.659191, 11.282189, 10.752327, 10.060629, 9.2363, 8.29759, 7.538607, 7.16975, 7.13296, 7.646709, 8.721678, 9.857662, 11.098723, 9.486272, 7.5165, 5.099891, 2.683282, 0.0, 0.0, 0.0]"
214,"[0.0, 0.0, 0.0, 0.0, 1.0, 2.16619, 3.689345, 5.398146, 7.106946, 7.756189, 8.239241, 8.328538, 8.219737, 7.910936, 7.461694, 6.612452, 5.6, 4.447214, 3.679669, 3.279669, 3.679669, 4.479669, 6.032456, 7.6, 9.208319, 10.416638, 11.449743, 11.882848, 11.918916, 11.550205, 9.141886, 8.321232, 7.288127, 6.252059, 5.289485, 6.570109, 6.371871, 6.81578, 7.595679, 8.644675, 9.626792, 10.620898, 11.2183, 11.570782, 11.777133, 11.401188, 10.781723, 9.952864, 8.901108, 7.849352, 7.128746, 6.795914, 6.994539, 7.723889, 8.851583, 10.293074, 11.644186, 9.833109, 7.823134, 5.414815, 2.807134, 0.0, 0.0, 0.0]"
215,"[0.0, 0.0, 0.0, 0.0, 0.8, 1.819804, 3.084715, 4.540737, 6.063892, 6.605532, 7.027949, 7.043663, 6.719012, 6.195857, 5.702744, 4.826209, 3.992798, 3.261427, 2.661427, 2.534009, 2.968324, 3.801735, 5.1222, 6.608996, 7.947012, 9.18308, 10.138523, 10.572124, 10.839394, 10.677634, 8.441566, 7.547139, 6.673698, 5.651003, 4.830669, 6.244883, 6.515694, 7.245044, 8.322745, 9.454785, 10.473676, 11.335088, 11.666053, 11.87359, 11.900586, 11.437252, 10.752243, 10.120104, 9.117708, 8.295854, 7.926082, 7.937228, 8.238402, 9.060257, 10.276632, 11.307222, 12.566633, 10.556658, 8.32059, 5.690001, 3.059412, 0.0, 0.0, 0.0]"
216,"[0.0, 0.0, 0.0, 0.0, 1.216553, 2.630766, 4.280008, 6.123917, 8.021284, 8.702098, 9.257656, 9.397268, 9.165811, 8.880896, 8.42575, 7.622168, 6.727741, 5.91529, 5.127459, 4.685239, 4.799673, 5.467296, 6.511205, 7.966935, 9.408246, 10.568932, 11.614563, 12.378335, 12.603977, 12.398734, 9.957423, 9.070207, 8.024576, 6.799208, 5.828051, 7.284073, 7.176059, 7.414009, 8.342457, 9.286618, 10.238915, 11.059568, 11.733432, 12.054182, 12.186049, 11.931796, 11.396058, 10.630995, 9.750416, 8.823689, 8.083837, 7.835712, 8.024278, 8.529102, 9.531498, 10.717284, 11.931606, 10.034239, 7.880173, 5.463564, 2.863564, 0.0, 0.0, 0.0]"
217,"[0.0, 0.0, 0.0, 0.0, 0.848528, 1.979899, 3.260524, 4.702744, 6.144965, 6.908888, 7.300672, 7.476069, 7.250401, 7.008181, 6.395729, 5.50503, 4.496222, 3.726883, 3.126883, 2.926883, 3.494427, 4.447214, 5.8, 7.2, 8.6, 9.808319, 10.816638, 11.449743, 11.685811, 11.525419, 9.1171, 8.308781, 7.275676, 6.25616, 5.481464, 6.823104, 6.785154, 7.229063, 8.13854, 9.15398, 10.25365, 11.299281, 11.961365, 12.251945, 12.12566, 11.65412, 11.016211, 10.219019, 9.24463, 8.504778, 8.097056, 7.739736, 7.81979, 8.531635, 9.534031, 10.655263, 11.906375, 10.117521, 7.963455, 5.546846, 2.863564, 0.0, 0.0, 0.0]"
218,"[0.0, 0.0, 0.0, 0.0, 1.264911, 2.720933, 4.429734, 6.3271, 8.296872, 9.001732, 9.432507, 9.444171, 9.267269, 8.859548, 8.30399, 7.697818, 6.977353, 6.056888, 5.31946, 4.982279, 5.143875, 5.86434, 7.06434, 8.403049, 9.832009, 11.07307, 11.952605, 12.552605, 12.989274, 12.824222, 10.14094, 9.329794, 8.342246, 7.156459, 6.15716, 7.680315, 7.540703, 7.967859, 8.789713, 9.728424, 10.735091, 11.615671, 12.176063, 12.445988, 12.498018, 12.131526, 11.488501, 10.677355, 9.694517, 8.818158, 8.069041, 7.782245, 7.804467, 8.517381, 9.535222, 10.789341, 12.052905, 10.241828, 8.00576, 5.531897, 2.863564, 0.0, 0.0, 0.0]"
219,"[0.0, 0.0, 0.0, 0.0, 1.019804, 2.284715, 3.626356, 5.14951, 6.761962, 7.462623, 7.759762, 7.832335, 7.589805, 6.977353, 6.256888, 5.260524, 4.293524, 3.412899, 3.012899, 2.83752, 3.348868, 4.424809, 5.813663, 7.183435, 8.699754, 9.903071, 10.660268, 11.107481, 11.373778, 11.072445, 8.792095, 7.967766, 7.073339, 5.968641, 5.095224, 6.360135, 6.553355, 7.055623, 8.012314, 9.126474, 10.202503, 10.96987, 11.542571, 11.960502, 12.012532, 11.834923, 11.30511, 10.500952, 9.518114, 8.599947, 7.836616, 7.54982, 7.737368, 8.224189, 9.019047, 10.249637, 11.478064, 9.678064, 7.668089, 5.459016, 2.828427, 0.0, 0.0, 0.0]"
220,"[0.0, 0.0, 0.0, 0.0, 0.8, 2.016553, 3.233105, 4.647319, 6.103341, 6.826495, 7.222394, 7.448062, 7.314474, 6.989822, 6.466668, 5.575326, 4.58032, 3.499695, 2.568324, 2.134009, 2.261427, 3.094838, 4.456888, 6.100797, 7.515011, 8.792512, 9.792238, 10.393519, 10.436406, 10.343303, 8.217274, 7.217548, 6.054217, 4.992042, 4.105246, 5.305246, 5.424621, 6.037073, 7.023529, 8.223529, 9.223529, 10.023529, 10.611077, 11.0, 11.0, 10.611077, 10.211077, 9.411077, 8.411077, 7.42763, 6.881464, 6.523684, 6.844149, 7.644149, 8.835916, 10.132254, 11.532568, 9.812103, 7.812103, 5.403784, 2.842534, 0.0, 0.0, 0.0]"
221,"[0.0, 0.0, 0.0, 0.0, 0.894427, 2.060618, 3.402258, 5.01471, 6.537865, 7.352238, 7.83529, 8.142891, 7.944653, 7.621499, 6.912698, 6.063456, 5.014214, 4.047214, 3.247214, 2.847214, 3.047214, 3.847214, 5.0, 6.4, 7.8, 9.0, 9.8, 10.409072, 10.619047, 10.430124, 8.230124, 7.430124, 6.221052, 5.035698, 4.224621, 5.224621, 4.990812, 5.603263, 6.567496, 7.730827, 9.011178, 10.125338, 10.775629, 11.112803, 10.949473, 10.513031, 9.79473, 8.812613, 7.967209, 7.133399, 6.554401, 6.406565, 6.72594, 7.445315, 8.479125, 9.614214, 10.8, 9.2, 7.2, 5.0, 2.6, 0.0, 0.0, 0.0]"
222,"[0.0, 0.0, 0.0, 0.0, 0.824621, 1.844425, 3.109336, 4.632491, 6.244942, 7.032773, 7.293594, 7.309307, 6.917524, 6.305072, 5.413731, 4.58032, 3.582537, 2.651167, 1.851167, 1.695742, 2.248528, 3.379899, 4.876955, 6.520864, 7.955179, 9.287559, 10.205727, 10.744738, 10.959956, 11.019082, 8.686701, 7.634945, 6.530248, 5.548155, 4.689029, 6.089029, 6.408404, 7.077033, 8.2, 9.4, 10.6, 11.6, 12.4, 12.6, 12.608319, 12.018294, 11.218294, 10.218294, 9.218294, 8.224189, 7.670236, 7.482687, 7.769483, 8.649834, 9.79687, 11.183382, 12.570931, 10.684135, 8.403784, 5.842534, 3.0, 0.0, 0.0, 0.0]"
223,"[0.0, 0.0, 0.0, 0.0, 1.019804, 2.236356, 3.65057, 5.263022, 6.863022, 7.643218, 8.226665, 8.412452, 8.2, 7.816553, 7.016553, 5.816553, 4.616553, 3.416553, 2.647214, 2.647214, 3.447214, 4.659665, 6.270742, 8.059597, 9.339947, 10.46977, 11.38714, 11.992672, 12.173213, 12.046929, 9.517106, 8.636527, 7.634131, 6.417522, 5.528367, 6.870008, 6.782815, 7.212511, 8.175841, 9.352242, 10.618282, 11.834721, 12.674093, 13.110762, 13.010391, 12.556776, 11.748059, 10.773578, 9.78603, 8.859303, 8.147458, 7.966541, 8.155107, 8.883595, 10.189676, 11.659499, 13.032922, 11.135556, 8.794616, 6.074322, 3.162278, 0.0, 0.0, 0.0]"
224,"[0.0, 0.0, 0.0, 0.0, 0.848528, 2.014719, 3.295343, 4.737564, 6.260718, 6.935345, 7.418397, 7.593794, 7.565787, 7.242632, 6.719478, 5.870236, 4.861427, 3.647214, 3.047214, 2.847214, 3.247214, 4.412452, 6.023529, 7.423529, 9.023529, 10.223529, 11.211077, 11.8, 12.2, 12.0, 9.6, 8.6, 7.4, 6.077033, 5.157658, 6.438283, 6.450734, 7.13753, 8.119623, 9.28031, 10.440996, 11.389794, 11.911317, 12.26051, 12.08194, 11.766658, 11.049318, 10.338055, 9.371957, 8.450856, 7.780848, 7.549391, 7.652335, 8.410114, 9.668474, 11.012452, 12.4, 10.6, 8.4, 5.8, 3.0, 0.0, 0.0, 0.0]"
225,"[0.0, 0.0, 0.0, 0.0, 0.894427, 2.060618, 3.402258, 4.844479, 6.406529, 7.209158, 7.605017, 7.705597, 7.544002, 7.148142, 6.345513, 5.504573, 4.509566, 3.628941, 3.062751, 2.992945, 3.348868, 4.514106, 5.90296, 7.362086, 8.878405, 10.142312, 11.059683, 11.744691, 11.965916, 11.664584, 9.323644, 8.249844, 7.117621, 5.968641, 5.006067, 6.270978, 6.427407, 6.896843, 7.974545, 9.330617, 10.498811, 11.360223, 12.023009, 12.343759, 12.251594, 11.972555, 11.468463, 10.517754, 9.443954, 8.503014, 7.748948, 7.391628, 7.577274, 8.275318, 9.291927, 10.491927, 11.665154, 9.956353, 7.802287, 5.385678, 2.785678, 0.0, 0.0, 0.0]"
226,"[0.0, 0.0, 0.0, 0.0, 0.824621, 2.041174, 3.441174, 4.841174, 6.441174, 7.216553, 7.6, 7.6, 7.6, 7.019804, 6.244425, 5.244425, 4.244425, 3.127268, 2.554677, 2.530056, 3.130056, 4.14427, 5.672504, 7.264898, 8.55296, 9.6939, 10.696295, 11.301827, 11.498288, 11.379998, 9.039058, 8.078471, 6.861862, 5.825794, 5.072574, 6.414215, 6.570645, 7.09111, 7.89111, 9.115869, 10.381909, 11.27545, 11.971594, 12.312534, 12.212163, 11.692543, 11.083917, 10.376109, 9.477389, 8.550663, 8.024651, 7.739736, 7.739736, 8.385577, 9.501186, 10.65943, 12.020192, 10.311391, 8.22333, 5.693508, 2.973214, 0.0, 0.0, 0.0]"
227,"[0.0, 0.0, 0.0, 0.0, 0.824621, 1.844425, 3.109336, 4.632491, 6.155645, 6.943476, 7.485722, 7.635024, 7.526083, 7.134299, 6.521848, 5.680908, 4.549537, 3.335324, 2.403953, 1.969638, 2.097056, 3.094838, 4.456888, 5.953945, 7.368158, 8.645659, 9.645385, 10.246666, 10.712941, 10.619838, 8.493809, 7.494083, 6.330752, 4.992042, 4.105246, 5.305246, 5.438835, 6.088077, 7.107365, 8.11734, 9.325659, 10.319764, 11.070522, 11.626613, 11.816638, 11.208319, 10.4, 9.4, 8.2, 7.216553, 6.582743, 6.544793, 6.988702, 7.788702, 9.01346, 10.40852, 11.689004, 9.845095, 7.845095, 5.403784, 2.842534, 0.0, 0.0, 0.0]"
228,"[0.0, 0.0, 0.0, 0.0, 0.894427, 2.159338, 3.682493, 5.205647, 6.85489, 7.804371, 8.350537, 8.427383, 8.504228, 8.254986, 7.411077, 6.4, 5.4, 4.0, 2.8, 2.4, 2.6, 3.4, 4.8, 6.6, 8.2, 9.4, 10.209072, 10.84514, 11.081208, 10.891183, 8.691183, 7.882111, 6.646043, 5.234596, 4.224621, 5.224621, 4.990812, 5.603263, 6.567496, 7.730827, 9.011178, 10.125338, 10.775629, 11.112803, 10.793381, 10.356939, 9.638639, 8.656522, 7.811117, 7.044241, 6.416885, 6.254835, 6.57421, 7.293585, 8.416553, 9.6, 10.8, 9.2, 7.2, 5.0, 2.6, 0.0, 0.0, 0.0]"
229,"[0.0, 0.0, 0.0, 0.0, 0.8, 2.016553, 3.430766, 4.886788, 6.409943, 7.133097, 7.528996, 7.557003, 7.381606, 6.989822, 6.466668, 5.575326, 4.58032, 3.499695, 2.568324, 2.134009, 2.261427, 3.094838, 4.337059, 5.980968, 7.541312, 8.955525, 9.800929, 10.63906, 10.795151, 10.389587, 8.126845, 7.281441, 5.895517, 4.720138, 3.999673, 5.199673, 5.37507, 6.189444, 7.262189, 8.301797, 9.337865, 10.290162, 10.98968, 11.292314, 11.452706, 11.016638, 10.408319, 9.4, 8.416553, 7.481464, 6.847654, 6.461868, 6.782333, 7.56578, 8.74218, 10.137239, 11.56556, 9.845095, 7.845095, 5.403784, 2.842534, 0.0, 0.0, 0.0]"
230,"[0.0, 0.0, 0.0, 0.0, 0.8, 2.016553, 3.281464, 4.737486, 6.26064, 6.983795, 7.209463, 7.386772, 7.211375, 6.819591, 6.144965, 5.26843, 4.109052, 3.228427, 2.54427, 2.261427, 2.695742, 3.827113, 5.124169, 6.676955, 8.391621, 9.724001, 10.751099, 11.386423, 11.622491, 11.401267, 9.068886, 8.069795, 6.868785, 5.70975, 4.850624, 6.250624, 6.408404, 7.277033, 8.4, 9.6, 10.8, 11.8, 12.407681, 12.640786, 12.476854, 11.916462, 11.127539, 10.132309, 9.099204, 8.263136, 7.637742, 7.535466, 7.711869, 8.547937, 9.653929, 11.018205, 12.362271, 10.573417, 8.337349, 5.831356, 3.052868, 0.0, 0.0, 0.0]"
231,"[0.0, 0.0, 0.0, 0.0, 0.848528, 2.129153, 3.691203, 5.411668, 7.132133, 8.072459, 8.500635, 8.46174, 8.197297, 7.693384, 7.121082, 6.236903, 5.346204, 4.337395, 3.720843, 3.328911, 3.769201, 4.592768, 5.989463, 7.625531, 9.209229, 10.352637, 11.304934, 11.861025, 12.024957, 11.816638, 9.408319, 8.612452, 7.668474, 6.610114, 5.690739, 7.411204, 7.685549, 8.288653, 9.279393, 10.331149, 11.218365, 12.051863, 12.683461, 12.896665, 13.109869, 12.764929, 12.024534, 11.177718, 10.194184, 9.261051, 8.70711, 8.538288, 8.903451, 9.741402, 10.92895, 12.220149, 13.609072, 11.4, 9.0, 6.2, 3.2, 0.0, 0.0, 0.0]"
232,"[0.0, 0.0, 0.0, 0.0, 1.0, 2.280625, 3.842675, 5.539731, 7.236787, 7.933844, 8.373684, 8.424085, 8.06867, 7.713254, 7.093231, 6.267193, 5.375852, 4.481425, 3.77224, 3.589634, 3.861397, 4.752738, 6.275296, 7.796907, 9.243419, 10.551092, 11.412504, 11.875838, 12.154877, 11.853545, 9.379681, 8.55506, 7.64511, 6.49263, 5.733647, 7.256801, 7.504926, 8.069832, 9.130147, 10.190462, 11.267308, 12.053223, 12.74365, 13.010391, 13.110762, 12.674093, 11.990812, 11.099119, 10.014593, 9.029304, 8.478424, 8.278424, 8.6007, 9.510651, 10.685218, 11.901194, 13.326097, 11.117025, 8.68392, 6.05333, 3.224903, 0.0, 0.0, 0.0]"
233,"[0.0, 0.0, 0.0, 0.0, 0.894427, 2.060618, 3.402258, 4.844479, 6.406529, 7.209158, 7.605017, 7.705597, 7.544002, 7.058985, 6.256355, 5.415416, 4.420409, 3.539784, 3.062751, 2.992945, 3.536746, 4.612687, 5.921488, 7.409549, 8.865279, 10.074231, 10.984181, 11.708486, 11.829496, 11.758218, 9.284354, 8.500492, 7.332298, 6.289416, 5.360969, 6.702609, 6.509389, 7.088387, 8.010258, 9.070573, 10.258754, 11.402732, 12.064816, 12.309136, 12.300576, 11.934085, 11.220881, 10.32734, 9.518114, 8.641755, 8.078424, 7.791628, 7.979177, 8.665094, 9.617391, 10.824525, 12.231184, 10.431184, 8.222112, 5.813793, 3.006659, 0.0, 0.0, 0.0]"
234,"[0.0, 0.0, 0.0, 0.0, 1.0, 2.280625, 3.56125, 4.975463, 6.537513, 7.257978, 7.589805, 7.832335, 7.683032, 7.198015, 6.371977, 5.391981, 4.31604, 3.451129, 2.974096, 2.879669, 3.463766, 4.472574, 5.916483, 7.356091, 8.792159, 9.983926, 11.127904, 11.683995, 12.044387, 12.008319, 9.6, 8.6, 7.416553, 6.182743, 5.114114, 6.394739, 6.317893, 6.890195, 7.693776, 8.798473, 10.023841, 11.108368, 11.760824, 12.232364, 12.404615, 12.024651, 11.260879, 10.540033, 9.540943, 8.474264, 7.762449, 7.51854, 7.598075, 8.355854, 9.414214, 10.8, 12.2, 10.4, 8.2, 5.8, 3.0, 0.0, 0.0, 0.0]"
235,"[0.0, 0.0, 0.0, 0.0, 1.0, 2.216553, 3.672574, 5.321817, 7.030617, 7.819472, 8.215371, 8.201569, 7.832952, 7.255522, 6.315196, 5.423855, 4.428848, 3.548223, 3.049308, 2.92189, 3.33215, 4.446987, 5.890895, 7.25844, 8.817681, 10.127621, 11.071564, 11.733648, 11.969716, 11.748491, 9.30718, 8.413638, 7.18827, 6.118393, 5.275819, 6.675819, 6.663368, 7.382743, 8.416553, 9.6, 10.8, 11.8, 12.407681, 12.640786, 12.673891, 12.113499, 11.357408, 10.362178, 9.329073, 8.295968, 7.65636, 7.461694, 7.638097, 8.297223, 9.229603, 10.437284, 11.672483, 9.883629, 7.824503, 5.492122, 2.884441, 0.0, 0.0, 0.0]"
236,"[0.0, 0.0, 0.0, 0.0, 0.8, 2.0, 3.2, 4.614214, 6.263456, 6.919478, 7.242632, 7.384273, 7.13625, 6.487008, 5.752096, 4.676155, 3.734514, 2.768324, 2.051167, 2.051167, 2.680986, 3.622627, 5.143092, 6.860249, 8.265168, 9.450877, 10.517555, 11.077441, 11.357791, 11.231762, 8.969021, 7.974915, 6.860755, 5.600208, 4.800208, 6.200208, 6.398446, 7.043332, 8.063136, 9.296241, 10.503922, 11.491471, 12.280394, 12.640786, 12.407681, 11.8, 11.0, 10.0, 9.0, 8.214214, 7.737368, 7.657833, 7.778298, 8.658649, 9.652754, 10.820325, 12.073073, 10.352608, 8.072257, 5.663939, 2.973214, 0.0, 0.0, 0.0]"
237,"[0.0, 0.0, 0.0, 0.0, 0.824621, 1.844425, 3.060978, 4.460978, 6.060978, 6.836356, 7.416553, 7.6, 7.4, 7.016553, 6.216553, 5.216553, 4.216553, 3.216553, 2.447214, 2.447214, 3.063766, 4.276218, 5.72546, 7.366308, 8.720374, 9.844761, 10.648919, 11.332057, 11.407327, 11.312387, 8.971447, 8.01086, 6.895031, 5.931701, 5.089127, 6.354038, 6.421171, 6.993473, 7.852599, 8.872114, 10.023812, 11.100658, 11.785667, 12.159646, 12.159646, 11.782644, 11.026553, 10.165141, 9.188058, 8.394211, 7.768816, 7.645373, 7.753386, 8.460695, 9.459786, 10.824061, 12.156463, 10.435998, 8.272667, 5.831356, 3.052868, 0.0, 0.0, 0.0]"
238,"[0.0, 0.0, 0.0, 0.0, 0.8, 1.8, 3.0, 4.4, 5.8, 6.4, 6.814214, 6.830766, 6.647319, 6.324352, 5.748973, 4.967215, 4.150662, 3.13411, 2.339919, 1.962512, 2.154677, 2.83171, 3.896621, 5.322579, 6.66422, 7.726395, 8.649362, 9.22836, 9.363468, 9.136664, 7.249868, 6.416058, 5.649182, 4.805273, 4.243223, 5.263027, 5.361748, 5.80787, 6.51667, 7.414037, 8.433841, 9.404998, 9.891818, 10.183018, 10.085651, 9.646043, 9.009975, 8.4, 7.616553, 6.836356, 6.402547, 6.083172, 6.245222, 6.872578, 7.978803, 9.075355, 10.340314, 8.778264, 6.934355, 4.808326, 2.545584, 0.0, 0.0, 0.0]"
239,"[0.0, 0.0, 0.0, 0.0, 1.019804, 2.284715, 3.740737, 5.353188, 6.96564, 7.558288, 7.893377, 8.037355, 7.824903, 7.612452, 7.0, 6.2, 5.2, 4.2, 3.247214, 2.879669, 3.079669, 3.879669, 5.092121, 6.455984, 7.863136, 9.143487, 10.023838, 10.565452, 10.908441, 10.838605, 8.558254, 7.733925, 6.779859, 5.625794, 4.675826, 5.752859, 5.577462, 5.939512, 6.659977, 7.640173, 8.726471, 9.778227, 10.452245, 10.885845, 10.783212, 10.517248, 9.893668, 9.113622, 8.125746, 7.509005, 6.892263, 6.525103, 6.592235, 7.323412, 8.130848, 9.380045, 10.824082, 9.300928, 7.403561, 5.3155, 2.785678, 0.0, 0.0, 0.0]"
240,"[0.0, 0.0, 0.0, 0.0, 1.16619, 2.608411, 4.220862, 6.009717, 7.979488, 8.710665, 9.112353, 9.34381, 9.167407, 8.611849, 8.128696, 7.304591, 6.285304, 5.393962, 4.700859, 4.111267, 4.291463, 5.066842, 6.156808, 7.445673, 8.830124, 10.063229, 10.896334, 11.559121, 11.829496, 11.708486, 9.275381, 8.491518, 7.417654, 6.353856, 5.607436, 6.88806, 6.800868, 7.244777, 8.154254, 9.075355, 10.340314, 11.186583, 11.783985, 12.099267, 12.168906, 11.682448, 11.160925, 10.332066, 9.452804, 8.534637, 7.917732, 7.739736, 8.024651, 8.550663, 9.610313, 10.836425, 12.232459, 10.335092, 8.247031, 5.773168, 3.104835, 0.0, 0.0, 0.0]"
241,"[0.0, 0.0, 0.0, 0.0, 1.280625, 2.842675, 4.539731, 6.51963, 8.51963, 9.239005, 9.563751, 9.65555, 9.464505, 8.98766, 8.3293, 7.519537, 6.730683, 5.662939, 4.964405, 4.622764, 4.959945, 5.572396, 6.890894, 8.302341, 9.71066, 10.896446, 11.883995, 12.444387, 12.616638, 12.616638, 10.016638, 9.216638, 8.229089, 7.162411, 6.196313, 7.610526, 7.530991, 7.91854, 8.74023, 9.57836, 10.725396, 11.695656, 12.241241, 12.639159, 12.920058, 12.522139, 11.831415, 11.129739, 10.265546, 9.146516, 8.324826, 8.033627, 8.229326, 8.768338, 9.956707, 11.443493, 12.563119, 10.523512, 8.287444, 5.656854, 2.828427, 0.0, 0.0, 0.0]"
242,"[0.0, 0.0, 0.0, 0.0, 0.848528, 1.979899, 3.260524, 4.702744, 6.144965, 6.819591, 7.211375, 7.386772, 7.161104, 6.738688, 6.235337, 5.344638, 4.335829, 3.319277, 2.899473, 2.679669, 3.247214, 4.2, 5.8, 7.2, 8.6, 9.8, 10.8, 11.408319, 11.608319, 11.408319, 9.008319, 8.208319, 7.0, 5.877033, 5.043223, 6.457437, 6.419487, 6.939952, 7.862919, 8.977079, 9.971185, 10.817454, 11.505308, 11.785658, 11.668638, 11.260319, 10.738797, 9.892528, 9.02639, 8.30528, 7.828435, 7.590881, 7.87274, 8.468501, 9.4346, 10.739872, 12.117179, 10.27327, 8.263295, 5.854976, 3.026549, 0.0, 0.0, 0.0]"
243,"[0.0, 0.0, 0.0, 0.0, 1.019804, 2.236356, 3.692378, 5.341621, 7.050421, 7.739418, 8.31172, 8.46815, 8.261128, 7.832952, 7.124151, 6.183825, 5.203829, 4.361609, 3.680984, 3.402094, 3.553566, 4.201735, 5.163785, 6.407694, 7.966935, 9.247285, 10.407972, 11.08199, 11.474149, 11.080594, 8.800243, 7.801153, 6.696456, 5.460388, 4.593395, 5.793395, 5.751175, 6.219804, 7.219804, 8.2, 9.2, 10.2, 11.0, 11.209072, 11.219047, 10.830124, 10.042576, 9.056789, 8.047717, 7.237742, 6.643218, 6.372407, 6.570645, 7.257441, 8.220772, 9.565469, 10.944122, 9.331671, 7.444875, 5.281544, 2.720294, 0.0, 0.0, 0.0]"
244,"[0.0, 0.0, 0.0, 0.0, 0.894427, 2.060618, 3.325529, 4.848683, 6.304705, 7.05952, 7.505781, 7.64087, 7.517716, 7.261694, 6.612452, 5.6, 4.6, 3.482843, 2.682843, 2.482843, 3.082843, 4.282843, 5.8, 7.4, 8.8, 9.8, 10.409072, 10.84514, 11.081208, 10.891183, 8.691183, 8.082111, 7.246043, 6.029779, 5.185994, 6.466619, 6.428669, 6.872578, 7.852774, 9.094903, 10.505003, 11.488537, 12.052947, 12.461266, 12.333298, 11.642573, 11.096989, 10.25072, 9.256614, 8.418484, 7.941639, 7.55409, 7.803117, 8.588904, 9.546683, 10.63121, 11.825892, 10.014815, 7.814815, 5.414815, 2.807134, 0.0, 0.0, 0.0]"
245,"[0.0, 0.0, 0.0, 0.0, 1.0, 2.4, 4.0, 5.8, 7.6, 8.4, 8.811077, 8.823529, 8.437742, 7.854295, 7.074099, 6.063022, 5.05057, 4.236356, 3.467017, 3.341641, 3.618674, 4.541828, 5.839195, 7.546047, 9.068229, 10.497189, 11.480027, 12.023972, 12.311217, 11.894608, 9.388615, 8.495074, 7.318674, 6.077363, 5.277363, 6.542274, 6.452977, 6.97692, 7.836046, 8.872114, 10.023812, 10.841598, 11.526607, 11.941344, 11.941344, 11.53471, 11.004847, 10.143435, 9.125594, 8.231166, 7.352562, 6.983706, 7.160109, 7.673858, 8.748826, 10.217456, 11.638799, 9.849945, 7.880173, 5.463564, 2.863564, 0.0, 0.0, 0.0]"
246,"[0.0, 0.0, 0.0, 0.0, 1.019804, 2.284715, 3.740737, 5.196759, 6.90556, 7.498207, 7.953761, 8.059789, 7.884392, 7.306962, 6.694511, 5.695156, 4.58032, 3.699695, 3.200779, 2.92189, 3.481404, 4.596241, 6.040149, 7.533723, 9.092964, 10.25365, 11.197593, 11.770293, 11.880332, 11.836049, 9.394738, 8.330966, 7.194981, 6.035946, 5.064789, 6.464789, 6.622569, 7.341944, 8.464911, 9.6, 10.8, 11.8, 12.407681, 12.83827, 12.846589, 12.256564, 11.467641, 10.45996, 9.229371, 8.221052, 7.625291, 7.337368, 7.457833, 8.057833, 9.099144, 10.405225, 11.766511, 10.046046, 8.046046, 5.604735, 2.884441, 0.0, 0.0, 0.0]"
247,"[0.0, 0.0, 0.0, 0.0, 0.848528, 2.129153, 3.409778, 4.851998, 6.46445, 7.228373, 7.470903, 7.6463, 7.618293, 7.222394, 6.609943, 5.719244, 4.710435, 3.696222, 3.079669, 2.879669, 3.463766, 4.629004, 6.040081, 7.450056, 8.859128, 9.842576, 10.630124, 11.219047, 11.409072, 11.4, 9.2, 8.4, 7.216553, 6.182743, 5.114114, 6.455755, 6.378909, 7.059723, 8.047599, 9.332837, 10.497189, 11.480027, 12.190342, 12.477587, 12.341329, 11.961365, 11.299281, 10.304052, 9.204381, 8.380052, 7.668237, 7.424328, 7.611876, 8.470236, 9.223286, 10.439661, 11.646795, 9.846795, 7.646795, 5.437723, 2.807134, 0.0, 0.0, 0.0]"
248,"[0.0, 0.0, 0.0, 0.0, 0.894427, 2.060618, 3.502838, 5.064888, 6.761944, 7.429567, 7.825427, 7.825427, 7.605017, 7.074152, 6.406529, 5.476934, 4.600399, 3.658759, 3.092568, 3.022762, 3.655218, 4.612687, 5.921488, 7.475553, 8.991872, 10.007312, 10.764508, 11.291776, 11.373778, 11.268906, 8.988555, 8.357446, 7.287569, 6.182871, 5.112994, 6.329546, 6.292756, 6.937642, 7.816247, 8.886124, 9.949923, 10.678411, 11.208274, 11.614908, 11.532906, 11.222327, 10.851158, 10.219019, 9.258432, 8.504366, 7.934594, 7.577274, 7.517716, 8.149755, 9.090695, 10.290695, 11.463921, 9.814679, 7.726618, 5.385678, 2.785678, 0.0, 0.0, 0.0]"
249,"[0.0, 0.0, 0.0, 0.0, 1.019804, 2.434017, 4.046469, 5.857546, 7.657546, 8.437742, 8.823529, 8.811077, 8.4, 7.816553, 7.016553, 6.016553, 5.016553, 4.063766, 3.294427, 3.119048, 3.535601, 4.584843, 5.981538, 7.622386, 9.138705, 10.263092, 11.030459, 11.692543, 12.110475, 11.828661, 9.487721, 8.527134, 7.237693, 5.931701, 4.892378, 6.234019, 6.220218, 6.72413, 7.52413, 8.667657, 9.832009, 10.895781, 11.591926, 11.932866, 12.049886, 11.631954, 10.775204, 9.881749, 8.88245, 7.73347, 6.811599, 6.685511, 6.811599, 7.509566, 8.852058, 10.354201, 11.69461, 10.045368, 8.00576, 5.531897, 2.863564, 0.0, 0.0, 0.0]"
250,"[0.0, 0.0, 0.0, 0.0, 1.019804, 2.434017, 4.046469, 5.658921, 7.502829, 8.191826, 8.566467, 8.74287, 8.74287, 8.341182, 7.798571, 7.009717, 5.941973, 4.929521, 3.934514, 3.489434, 3.655624, 4.376735, 5.663531, 7.379648, 8.938889, 10.181017, 11.284381, 11.805904, 11.905315, 11.624964, 9.216645, 8.233111, 7.166432, 6.120243, 5.320243, 6.734457, 6.881208, 7.436933, 8.308442, 9.582306, 10.601197, 11.522986, 12.2333, 12.553558, 12.479694, 12.046589, 11.216, 10.419396, 9.425291, 8.548445, 8.160897, 8.204806, 8.373628, 9.367733, 10.535303, 11.751279, 13.01864, 11.038741, 8.630422, 5.939697, 3.11127, 0.0, 0.0, 0.0]"
251,"[0.0, 0.0, 0.0, 0.0, 1.264911, 2.788066, 4.496866, 6.285721, 8.074575, 8.69646, 9.173306, 9.308414, 9.216616, 8.841975, 8.08655, 7.08655, 5.963751, 4.866695, 4.346908, 4.381728, 4.823948, 5.823303, 7.223303, 8.770187, 10.211678, 11.452739, 12.595838, 13.195838, 13.354527, 13.163455, 10.480173, 9.405464, 8.367514, 7.209734, 6.316279, 7.965522, 7.987744, 8.634767, 9.600865, 10.7083, 11.887485, 12.939972, 13.451194, 13.763169, 13.662402, 13.250584, 12.541085, 11.718158, 10.647106, 9.729736, 8.925578, 8.668879, 8.925578, 9.692945, 10.763775, 12.197633, 13.531365, 11.377299, 8.96069, 6.277408, 3.231099, 0.0, 0.0, 0.0]"
252,"[0.0, 0.0, 0.0, 0.0, 1.341641, 2.954092, 4.840889, 6.727685, 8.727685, 9.386044, 9.753491, 9.710604, 9.544273, 9.106323, 8.548543, 7.700015, 6.704634, 5.878597, 5.116547, 4.69413, 4.9044, 5.668323, 6.743668, 8.360277, 9.870295, 11.248949, 12.356791, 13.055352, 13.112607, 12.818852, 10.098558, 9.087065, 7.941887, 6.748648, 5.793205, 7.31636, 7.31636, 7.690572, 8.498008, 9.497734, 10.504402, 11.395601, 12.181516, 12.701136, 12.862096, 12.495604, 11.782401, 10.819584, 9.735058, 8.749769, 8.000651, 7.726307, 7.849751, 8.562664, 9.580505, 11.029856, 12.329448, 10.48554, 8.249472, 5.775608, 2.912044, 0.0, 0.0, 0.0]"
253,"[0.0, 0.0, 0.0, 0.0, 1.077033, 2.341944, 3.865099, 5.47755, 7.198015, 7.841447, 8.138586, 8.177482, 8.12708, 7.848835, 7.294561, 6.581039, 5.584674, 4.65508, 3.845315, 3.527653, 3.959749, 4.956114, 6.210455, 7.74133, 9.398795, 10.624163, 11.478722, 12.121748, 12.299357, 11.94743, 9.441437, 8.63728, 7.549678, 6.489363, 5.676938, 7.32618, 7.557637, 8.155025, 9.110468, 10.201932, 11.221022, 12.097408, 12.6578, 13.021732, 13.005236, 12.572971, 11.822449, 11.19222, 10.241463, 9.437305, 8.801237, 8.675374, 8.793664, 9.618285, 10.726128, 12.038172, 13.299098, 11.211036, 8.737173, 6.016879, 3.104835, 0.0, 0.0, 0.0]"
254,"[0.0, 0.0, 0.0, 0.0, 1.0, 2.216553, 3.630766, 5.280008, 6.988809, 7.69761, 8.093509, 8.121516, 7.914494, 7.371884, 6.663083, 5.771742, 4.961977, 3.919756, 3.200779, 2.92189, 3.33215, 4.261745, 5.705654, 7.384469, 9.071678, 10.501557, 11.380818, 11.97822, 12.184572, 11.835379, 9.274129, 8.275038, 7.114352, 5.859004, 5.016431, 6.416431, 6.57421, 7.104662, 8.22763, 9.411077, 10.611077, 11.611077, 12.4, 12.6, 12.608319, 12.018294, 11.428269, 10.428269, 9.428269, 8.41995, 7.674886, 7.006552, 7.127017, 7.853046, 8.861365, 10.287179, 11.788072, 10.067607, 7.941578, 5.533259, 2.842534, 0.0, 0.0, 0.0]"
255,"[0.0, 0.0, 0.0, 0.0, 1.077033, 2.418674, 3.860894, 5.581359, 7.278416, 7.898439, 8.400707, 8.678952, 8.400707, 8.045292, 7.514426, 6.564944, 5.410164, 4.415157, 3.673517, 3.307326, 3.489932, 4.447401, 5.708988, 7.19705, 8.6774, 10.074231, 11.02494, 11.749244, 11.870255, 11.599879, 9.126016, 8.066366, 6.898172, 5.6891, 4.573552, 5.838463, 5.838463, 6.186003, 7.195978, 8.537619, 9.553059, 10.419196, 11.147685, 11.373778, 11.196836, 10.705339, 10.03744, 9.219655, 8.248498, 7.389372, 6.800517, 6.602279, 6.691576, 7.324032, 8.404383, 9.734205, 10.849813, 9.237362, 7.339995, 5.059644, 2.529822, 0.0, 0.0, 0.0]"
256,"[0.0, 0.0, 0.0, 0.0, 1.0, 2.2, 3.614214, 5.028427, 6.677669, 7.200824, 7.523979, 7.451406, 7.203383, 6.55414, 5.879514, 4.922045, 3.980404, 3.014214, 2.297056, 2.169638, 2.770143, 3.812364, 5.332829, 7.049986, 8.591618, 9.688169, 10.654267, 11.214153, 11.494504, 11.231762, 8.969021, 7.974915, 6.860755, 5.600208, 4.800208, 6.200208, 6.398446, 7.043332, 8.232601, 9.44092, 10.648601, 11.64383, 12.432753, 12.823681, 12.815362, 12.407681, 11.8, 11.0, 9.8, 8.814214, 8.137368, 7.857833, 7.901742, 8.782093, 9.929129, 11.234402, 12.48715, 10.643241, 8.362891, 5.801641, 2.973214, 0.0, 0.0, 0.0]"
257,"[0.0, 0.0, 0.0, 0.0, 1.019804, 2.434017, 3.834017, 5.434017, 7.234017, 8.014214, 8.4, 8.6, 8.414214, 7.830766, 7.05057, 6.05057, 5.05057, 4.036356, 3.102647, 2.715298, 2.935102, 3.551655, 4.764106, 6.325172, 7.780778, 8.91504, 10.039428, 10.663044, 10.878261, 10.676996, 8.52293, 7.638012, 6.421748, 5.362622, 4.49563, 5.572663, 5.397266, 5.939512, 6.659977, 7.640173, 8.726471, 9.778227, 10.452245, 10.885845, 10.973907, 10.519377, 9.895797, 8.92464, 7.936764, 6.980074, 6.437463, 5.993574, 6.184685, 6.862403, 8.011383, 9.319056, 10.917709, 9.461687, 7.617778, 5.337428, 2.863564, 0.0, 0.0, 0.0]"
258,"[0.0, 0.0, 0.0, 0.0, 1.0, 2.16619, 3.608411, 5.050631, 6.573786, 7.096941, 7.386772, 7.358765, 7.330758, 7.007604, 6.484449, 5.628427, 4.614214, 3.482843, 2.682843, 2.682843, 3.282843, 4.495294, 6.012452, 7.612452, 8.812452, 9.812452, 10.6, 11.0, 11.2, 11.0, 8.8, 8.0, 7.016553, 5.893585, 5.17421, 6.454835, 6.467287, 7.039589, 8.021682, 9.073438, 10.234124, 11.182922, 11.802387, 12.006002, 11.799651, 11.484369, 10.767028, 9.920759, 9.100238, 8.315849, 7.645842, 7.401933, 7.639883, 8.397663, 9.256022, 10.4, 11.6, 9.8, 7.6, 5.4, 2.8, 0.0, 0.0, 0.0]"
259,"[0.0, 0.0, 0.0, 0.0, 1.0, 2.4, 4.0, 5.8, 7.611077, 8.260319, 8.509562, 8.432716, 8.155871, 7.510984, 6.938775, 6.114154, 5.190999, 4.067844, 3.46734, 3.111417, 3.452986, 4.295207, 5.782003, 7.379648, 8.938889, 10.333948, 11.300046, 11.958835, 12.058246, 11.757794, 9.196544, 8.350275, 7.146331, 6.100142, 5.320243, 6.734457, 6.821649, 7.188809, 8.060318, 9.140669, 10.200319, 10.984181, 11.90597, 12.226227, 12.345877, 11.872013, 11.438908, 10.408319, 9.414214, 8.279125, 7.445315, 6.859529, 6.979994, 7.452576, 8.628976, 10.070467, 11.434742, 9.714277, 7.827481, 5.38617, 2.778489, 0.0, 0.0, 0.0]"
260,"[0.0, 0.0, 0.0, 0.0, 1.0, 2.280625, 3.56125, 5.1233, 6.820356, 7.540821, 7.872648, 8.204474, 8.165579, 7.733434, 7.032773, 6.244942, 5.079704, 3.75655, 2.891639, 2.471835, 2.541641, 3.359338, 4.682493, 6.179859, 7.477226, 8.67086, 9.642017, 10.35493, 10.497172, 10.410882, 8.322821, 7.500966, 6.341931, 5.150852, 4.234202, 5.234202, 5.219988, 5.742955, 6.694427, 8.009072, 9.24514, 10.125491, 10.805842, 11.093903, 11.038897, 10.591683, 10.020133, 9.195804, 8.324296, 7.37023, 6.781375, 6.528596, 6.781375, 7.534594, 8.751203, 9.967813, 11.111791, 9.40299, 7.433218, 5.016609, 2.6, 0.0, 0.0, 0.0]"
261,"[0.0, 0.0, 0.0, 0.0, 1.019804, 2.284715, 3.626356, 5.14951, 6.761962, 7.462623, 7.759762, 7.832335, 7.589805, 6.977353, 6.256888, 5.415949, 4.448949, 3.568324, 3.168324, 2.992945, 3.438025, 4.513966, 5.902821, 7.272592, 8.602037, 9.776786, 10.727495, 11.412504, 11.723084, 11.608625, 9.267685, 8.249844, 7.117621, 5.968641, 5.095224, 6.551246, 6.707676, 7.177112, 8.085349, 9.393022, 10.410863, 11.328234, 12.046979, 12.42398, 12.186185, 11.771447, 11.03048, 10.209458, 9.248871, 8.427017, 7.967891, 7.779036, 7.881313, 8.661359, 9.721008, 10.789341, 12.052905, 10.241828, 8.00576, 5.531897, 2.863564, 0.0, 0.0, 0.0]"
262,"[0.0, 0.0, 0.0, 0.0, 1.0, 2.131371, 3.545584, 5.107634, 6.828099, 7.440551, 8.098034, 8.206976, 8.100948, 7.645394, 7.052746, 6.088513, 5.197814, 4.189005, 3.524094, 3.328911, 3.769201, 4.592768, 5.989463, 7.625531, 9.234015, 10.377423, 11.321401, 12.077492, 12.241424, 11.808319, 9.4, 8.612452, 7.277363, 6.219003, 5.633217, 7.195267, 7.469612, 8.263827, 9.158254, 10.076421, 11.122052, 11.796505, 12.428104, 12.737621, 12.813559, 12.331907, 11.750556, 10.90374, 9.920206, 9.124339, 8.70711, 8.57112, 8.936283, 9.782552, 10.977235, 12.075568, 13.456562, 11.24749, 8.839171, 6.032037, 3.224903, 0.0, 0.0, 0.0]"
263,"[0.0, 0.0, 0.0, 0.0, 1.077033, 2.418674, 3.941828, 5.650629, 7.439484, 8.249247, 8.628071, 8.948825, 8.937081, 8.710276, 8.104105, 7.515011, 6.392212, 5.142369, 4.212775, 3.826577, 3.826577, 4.667517, 6.064212, 7.431757, 8.70066, 9.90167, 10.845613, 11.418314, 11.654382, 11.645117, 9.312736, 8.419195, 7.28321, 6.327767, 5.438612, 6.852826, 6.840374, 7.359749, 8.279125, 9.422532, 10.416638, 11.447227, 12.12109, 12.394954, 12.266986, 12.012733, 11.27951, 10.454889, 9.593477, 8.913126, 8.173274, 7.984708, 8.394592, 9.114521, 10.020514, 11.559265, 12.896773, 10.837647, 8.505267, 5.999274, 3.046309, 0.0, 0.0, 0.0]"
264,"[0.0, 0.0, 0.0, 0.0, 1.0, 2.216553, 3.829004, 5.441456, 7.285364, 8.182731, 8.674979, 8.851382, 8.851382, 8.449694, 7.718518, 7.009717, 5.853318, 4.840866, 3.964331, 3.519251, 3.685442, 4.495207, 5.684061, 7.177502, 8.736742, 10.011863, 10.977961, 11.597426, 11.801042, 11.50059, 9.059279, 8.21301, 7.146331, 6.100142, 5.320243, 6.776265, 6.923016, 7.551147, 8.48866, 9.6296, 10.7034, 11.662932, 12.361494, 12.640533, 12.707912, 12.188065, 11.330809, 10.506385, 9.722522, 8.837358, 8.439834, 8.325814, 8.481905, 9.113013, 10.310153, 11.540235, 12.967279, 10.967279, 8.686928, 5.966634, 3.1241, 0.0, 0.0, 0.0]"
265,"[0.0, 0.0, 0.0, 0.0, 0.848528, 1.979899, 3.260524, 4.822574, 6.435025, 7.375352, 7.952781, 8.128179, 8.022151, 7.626252, 6.837397, 5.928596, 5.072574, 3.899395, 3.082843, 2.682843, 2.707464, 3.372375, 4.545554, 6.042921, 7.530982, 8.942429, 10.085837, 10.838887, 11.14152, 11.053459, 8.817391, 7.809072, 6.677033, 5.325561, 4.219988, 5.239792, 5.239792, 5.762759, 6.725308, 8.066949, 9.283213, 10.163564, 10.843915, 11.186904, 10.920607, 10.473394, 9.716197, 8.891868, 7.954355, 7.184583, 6.595729, 6.486788, 6.739567, 7.492786, 8.528854, 9.928854, 11.300318, 9.591517, 7.621746, 5.385678, 2.785678, 0.0, 0.0, 0.0]"
266,"[0.0, 0.0, 0.0, 0.0, 0.8, 1.819804, 3.084715, 4.426356, 5.767997, 6.410217, 6.804627, 6.953929, 6.743659, 6.402018, 5.854225, 4.887225, 3.755854, 2.824483, 2.224483, 2.051167, 2.603953, 3.601735, 5.014187, 6.500983, 7.838999, 9.075067, 9.948508, 10.676996, 10.878261, 10.716502, 8.480434, 7.668009, 6.493259, 5.405198, 4.584864, 5.999078, 6.257437, 7.091247, 8.300319, 9.432358, 10.426463, 11.259568, 11.733432, 11.865299, 11.810293, 11.299341, 10.575037, 9.750416, 8.823689, 8.069623, 7.572257, 7.475907, 7.670574, 8.536711, 9.610575, 10.930869, 12.230461, 10.386552, 8.106201, 5.632338, 2.912044, 0.0, 0.0, 0.0]"
267,"[0.0, 0.0, 0.0, 0.0, 1.0, 2.4, 3.8, 5.6, 7.4, 8.012452, 8.224903, 8.437355, 8.093377, 7.558288, 6.96564, 6.153188, 5.140737, 4.084715, 3.267017, 3.095742, 3.461932, 4.304153, 5.693007, 7.409124, 8.840947, 10.083075, 11.186439, 11.943169, 12.04258, 11.742128, 9.33381, 8.350275, 7.146331, 6.100142, 5.320243, 6.720243, 6.770645, 7.272913, 8.095968, 9.10504, 10.113359, 11.108589, 11.86468, 12.225072, 12.216, 12.007681, 11.2, 10.4, 9.4, 8.614214, 7.679125, 7.321345, 7.24181, 7.967839, 8.961945, 10.387758, 11.636263, 9.915798, 7.789769, 5.38145, 2.690725, 0.0, 0.0, 0.0]"
268,"[0.0, 0.0, 0.0, 0.0, 0.8, 1.819804, 3.036356, 4.492378, 6.015533, 6.738688, 7.161104, 7.225177, 6.900525, 6.377371, 5.702744, 4.826209, 3.992798, 3.261427, 2.708641, 2.425798, 2.708641, 3.542052, 4.704102, 6.143685, 7.637125, 9.024665, 9.980108, 10.572124, 10.839394, 10.750039, 8.513971, 7.619544, 6.596849, 5.608974, 4.659006, 6.073219, 6.34403, 7.012659, 7.856444, 9.045712, 10.064604, 10.885257, 11.559121, 12.078968, 12.023961, 11.488223, 10.763919, 9.998856, 8.883248, 8.129182, 7.631815, 7.535466, 7.866273, 8.73241, 9.806274, 11.126568, 12.42616, 10.386552, 8.106201, 5.632338, 2.912044, 0.0, 0.0, 0.0]"
269,"[0.0, 0.0, 0.0, 0.0, 1.019804, 2.236356, 3.65057, 5.263022, 6.875473, 7.655669, 8.239117, 8.424903, 8.412452, 8.2, 7.6, 6.8, 5.8, 4.6, 3.765685, 3.198141, 3.217945, 4.032158, 5.281401, 6.613082, 8.134692, 9.350956, 10.172811, 10.855949, 11.017709, 10.750439, 8.514371, 7.619944, 6.552474, 5.493348, 4.606552, 5.823104, 5.746375, 6.004618, 6.793473, 7.763244, 8.700758, 9.776786, 10.4897, 10.936913, 10.977117, 10.634128, 10.093188, 9.25712, 8.237605, 7.492541, 6.962088, 6.576302, 6.738352, 7.521799, 8.537239, 9.697925, 11.004006, 9.441956, 7.441956, 5.161605, 2.720294, 0.0, 0.0, 0.0]"
270,"[0.0, 0.0, 0.0, 0.0, 0.894427, 2.060618, 3.226808, 4.669028, 6.231078, 6.898701, 7.294561, 7.570591, 7.470011, 7.074152, 6.406529, 5.565589, 4.570582, 3.676155, 2.909965, 2.615537, 2.914231, 3.731929, 4.80787, 6.057112, 7.49672, 8.712984, 9.684141, 10.370058, 10.730791, 10.701158, 8.46509, 7.643236, 6.511197, 5.501222, 4.491247, 5.568279, 5.370618, 5.942828, 6.59207, 7.680131, 8.757164, 9.77668, 10.290768, 10.700652, 10.612591, 10.17899, 9.663387, 8.780681, 8.063196, 7.328107, 7.021855, 6.90139, 7.420765, 8.079125, 9.014214, 10.2, 11.4, 9.6, 7.6, 5.4, 2.8, 0.0, 0.0, 0.0]"
271,"[0.0, 0.0, 0.0, 0.0, 0.824621, 1.901654, 3.243295, 4.685515, 6.247565, 6.984994, 7.322175, 7.422754, 7.261159, 6.865299, 6.197676, 5.504573, 4.509566, 3.628941, 3.062751, 3.188128, 3.731929, 4.740737, 5.989979, 7.429587, 8.645851, 9.814045, 10.965704, 11.724781, 11.885173, 11.65908, 9.225975, 8.230746, 7.087338, 6.053528, 5.457767, 6.899987, 6.899987, 7.42393, 8.316866, 9.235033, 10.400494, 11.229353, 12.001749, 12.350941, 12.281302, 11.65352, 11.192108, 10.327915, 9.361816, 8.440716, 7.916839, 7.549391, 7.663412, 8.421191, 9.479551, 10.830662, 12.22487, 10.413793, 8.213793, 5.813793, 3.006659, 0.0, 0.0, 0.0]"
272,"[0.0, 0.0, 0.0, 0.0, 1.077033, 2.418674, 3.941828, 5.55428, 7.274745, 7.918177, 8.273593, 8.312488, 8.142257, 7.702417, 6.981952, 6.006006, 5.009641, 4.167421, 3.711417, 3.605844, 4.050924, 4.927459, 6.116314, 7.52776, 8.974273, 10.337905, 11.369548, 12.054557, 12.292352, 11.99102, 9.461198, 8.696135, 7.664492, 6.604843, 6.007455, 7.53061, 7.719176, 8.365017, 9.291743, 10.190462, 11.267308, 12.053223, 12.74365, 13.010391, 13.110762, 12.674093, 11.990812, 11.099119, 10.014593, 9.222524, 8.671645, 8.471645, 8.793921, 9.679085, 10.836976, 12.231184, 13.637428, 11.428356, 9.020037, 6.212903, 3.206244, 0.0, 0.0, 0.0]"
273,"[0.0, 0.0, 0.0, 0.0, 1.0, 2.4, 3.8, 5.4, 7.2, 8.0, 8.4, 8.612452, 8.426665, 7.843218, 7.063022, 6.087643, 5.075191, 4.060978, 3.127268, 2.739919, 2.935102, 3.600013, 4.723168, 6.337692, 7.764362, 8.980626, 10.048096, 10.688272, 10.954236, 10.89511, 8.659042, 7.668302, 6.582005, 5.418674, 4.418674, 5.495707, 5.495707, 6.031125, 6.81998, 7.879106, 9.038141, 10.03744, 10.705339, 11.152553, 11.133035, 10.708044, 9.979555, 9.113418, 8.142261, 7.268844, 6.589137, 6.418906, 6.527847, 7.051791, 8.039666, 9.324905, 10.388677, 8.865522, 7.076668, 4.922602, 2.505993, 0.0, 0.0, 0.0]"
274,"[0.0, 0.0, 0.0, 0.0, 1.0, 2.4, 3.8, 5.4, 7.2, 8.0, 8.4, 8.612452, 8.426665, 7.843218, 7.063022, 6.087643, 5.075191, 4.060978, 3.127268, 2.739919, 2.935102, 3.600013, 4.723168, 6.410097, 7.836767, 9.053031, 10.120501, 10.760677, 10.954236, 10.781906, 8.545839, 7.555099, 6.468801, 5.30547, 4.418674, 5.438478, 5.438478, 5.973896, 6.762751, 7.821877, 9.038141, 10.113109, 10.588719, 10.887926, 10.868408, 10.443417, 9.837884, 9.164037, 8.340886, 7.467469, 6.937017, 6.56816, 6.766398, 7.471259, 8.459134, 9.595119, 10.83618, 9.223728, 7.253957, 5.099891, 2.683282, 0.0, 0.0, 0.0]"
275,"[0.0, 0.0, 0.0, 0.0, 1.0, 2.4, 3.8, 5.4, 7.2, 8.0, 8.4, 8.612452, 8.426665, 7.891576, 7.11138, 6.11138, 5.098929, 4.084715, 3.267017, 2.879669, 3.099473, 3.764384, 5.073185, 6.523338, 8.044948, 9.261212, 10.232369, 10.686899, 10.952863, 10.685594, 8.449526, 7.555099, 6.468801, 5.30547, 4.418674, 5.495707, 5.320256, 5.685444, 6.57224, 7.735571, 8.990919, 10.060796, 10.772642, 10.973907, 10.898637, 10.463623, 9.876797, 9.178753, 8.256883, 7.300192, 6.569016, 6.261414, 6.261414, 6.992591, 8.141571, 9.255731, 10.443912, 8.98789, 7.090524, 4.810173, 2.529822, 0.0, 0.0, 0.0]"
276,"[0.0, 0.0, 0.0, 0.0, 0.824621, 1.844425, 3.258639, 4.672852, 6.285304, 6.860683, 7.440879, 7.426665, 7.412452, 7.0, 6.6, 5.8, 4.8, 3.6, 2.6, 2.2, 2.4, 3.2, 4.6, 6.2, 7.609975, 8.846043, 9.926394, 10.414455, 10.702517, 10.589908, 8.35384, 7.290042, 6.20198, 5.113919, 4.293585, 5.57421, 5.771871, 6.468928, 7.448827, 8.497823, 9.625517, 10.652614, 11.396869, 11.749351, 11.682448, 11.062983, 10.234124, 9.405264, 8.353508, 7.575007, 7.127794, 6.971364, 7.202821, 8.158264, 9.310745, 10.637437, 12.044979, 10.20107, 7.965002, 5.531897, 2.863564, 0.0, 0.0, 0.0]"
277,"[0.0, 0.0, 0.0, 0.0, 1.0, 2.280625, 3.722845, 5.335297, 7.124151, 7.832952, 8.261128, 8.46815, 8.269912, 7.895271, 7.38647, 6.502291, 5.485504, 4.636976, 3.822762, 3.422762, 3.798141, 4.565685, 5.8, 7.4, 9.0, 10.2, 11.2, 11.808319, 12.016638, 11.626613, 9.226613, 8.426613, 7.218294, 6.026528, 5.182743, 6.314114, 6.156334, 6.676799, 7.460247, 8.294056, 9.443036, 10.409135, 11.096989, 11.37734, 11.65769, 11.264136, 10.576282, 9.730013, 8.730287, 7.616126, 6.994241, 6.68799, 6.937017, 7.656392, 8.890202, 10.225291, 11.611077, 9.8, 7.8, 5.4, 2.8, 0.0, 0.0, 0.0]"
278,"[0.0, 0.0, 0.0, 0.0, 0.894427, 1.97146, 3.236371, 4.692393, 6.341635, 7.291117, 7.826536, 8.161625, 8.305603, 8.05636, 7.412452, 6.6, 5.6, 4.4, 3.4, 2.8, 3.0, 3.8, 5.0, 6.6, 8.2, 9.409072, 10.218144, 10.854212, 10.89382, 10.733428, 8.524356, 7.715284, 6.679216, 5.659412, 4.514231, 5.514231, 5.394856, 5.807307, 6.507969, 7.613541, 8.893892, 9.893618, 10.543908, 10.949473, 10.949473, 10.389587, 9.829701, 8.847584, 7.852926, 7.019116, 6.515204, 6.194739, 6.514114, 7.382743, 8.416553, 9.6, 10.8, 9.2, 7.2, 5.0, 2.6, 0.0, 0.0, 0.0]"
279,"[0.0, 0.0, 0.0, 0.0, 0.8, 1.8, 3.016553, 4.472574, 5.995729, 6.651751, 6.993392, 7.21906, 7.043663, 6.520508, 5.913014, 5.137059, 4.094838, 3.014214, 2.461427, 2.334009, 2.768324, 3.810544, 5.172594, 6.70528, 8.110199, 9.390549, 10.22868, 10.829961, 11.013392, 10.887363, 8.607012, 7.740875, 6.743735, 5.657437, 4.857437, 6.257437, 6.455675, 7.29946, 8.458495, 9.666814, 10.874495, 11.862043, 12.452068, 12.616, 12.407681, 11.8, 11.0, 10.0, 9.0, 8.214214, 7.555854, 7.476319, 7.596784, 8.322814, 9.46985, 10.956636, 12.209385, 10.48892, 8.362891, 5.801641, 2.973214, 0.0, 0.0, 0.0]"
280,"[0.0, 0.0, 0.0, 0.0, 1.264911, 2.720933, 4.429734, 6.138535, 7.927389, 8.549274, 8.980048, 8.991713, 8.844962, 8.470321, 7.86415, 6.977353, 5.977999, 5.015949, 4.496162, 4.215537, 4.777587, 5.776942, 7.302971, 8.688895, 10.296576, 11.342207, 12.305024, 12.862276, 13.087918, 12.896846, 10.289165, 9.49268, 8.371448, 7.307676, 6.414221, 8.026673, 8.149852, 8.787802, 9.745581, 10.830108, 12.046083, 12.899672, 13.563237, 13.831569, 13.75371, 13.266223, 12.49072, 11.471065, 10.451975, 9.522152, 8.793664, 8.602969, 8.728832, 9.585583, 10.764071, 12.104584, 13.337713, 11.367941, 8.861949, 6.08346, 3.130495, 0.0, 0.0, 0.0]"
281,"[0.0, 0.0, 0.0, 0.0, 1.280625, 2.722845, 4.284895, 6.00536, 7.892157, 8.581303, 9.036449, 9.371766, 9.300543, 8.827961, 8.074742, 7.197179, 6.124433, 5.040877, 4.259118, 4.042566, 4.239315, 5.027145, 6.272537, 7.849153, 9.058225, 10.241673, 11.229221, 11.826463, 12.02571, 12.02571, 9.62571, 8.62571, 7.433944, 6.191815, 5.263368, 6.543993, 6.556444, 7.128746, 8.021682, 9.073438, 10.234124, 11.341966, 12.114362, 12.463555, 12.393916, 12.078634, 11.202248, 10.338055, 9.371957, 8.450856, 7.780848, 7.748017, 7.85096, 8.617812, 9.883852, 11.234964, 12.430546, 10.630546, 8.421474, 5.813793, 3.006659, 0.0, 0.0, 0.0]"
282,"[0.0, 0.0, 0.0, 0.0, 1.019804, 2.434017, 4.046469, 5.646469, 7.457546, 8.248819, 8.447057, 8.543406, 8.466561, 7.997125, 7.263081, 6.545056, 5.436256, 4.545556, 3.925026, 3.925026, 4.37224, 5.384691, 6.811362, 8.253582, 9.61786, 10.837469, 11.786267, 12.272726, 12.654979, 12.339697, 9.778448, 8.937663, 8.00453, 6.914968, 6.188939, 7.80139, 7.924834, 8.400444, 9.224773, 10.298636, 11.354517, 12.339035, 12.858655, 13.178304, 13.104441, 12.836108, 12.007681, 11.2, 10.212452, 9.461694, 8.850548, 8.737344, 9.063374, 9.859241, 10.900723, 12.235969, 13.604937, 11.478908, 9.070589, 6.379864, 3.255764, 0.0, 0.0, 0.0]"
283,"[0.0, 0.0, 0.0, 0.0, 1.280625, 2.842675, 4.539731, 6.51963, 8.51963, 9.239005, 9.563751, 9.753491, 9.562447, 9.085601, 8.427242, 7.617479, 6.730683, 5.662939, 4.964405, 4.622764, 4.959945, 5.609187, 6.927685, 8.339132, 9.969721, 11.163188, 12.121627, 12.682019, 13.045951, 12.615362, 10.007681, 9.211077, 8.025291, 6.766931, 5.847556, 7.409606, 7.318994, 7.791577, 8.782317, 9.834073, 10.713334, 11.554119, 12.358047, 12.571251, 12.784454, 12.469172, 11.887822, 10.894153, 9.910619, 8.807255, 8.137248, 7.7698, 8.082719, 8.720669, 9.878449, 11.222427, 12.609975, 10.6, 8.4, 5.8, 3.0, 0.0, 0.0, 0.0]"
284,"[0.0, 0.0, 0.0, 0.0, 0.894427, 2.236068, 3.577709, 5.19016, 6.75221, 7.554839, 7.910255, 8.010835, 7.679008, 7.283148, 6.480519, 5.504573, 4.509566, 3.628941, 3.062751, 2.992945, 3.438025, 4.513966, 6.000762, 7.459888, 8.789333, 9.964083, 10.97075, 11.557817, 11.779042, 11.664584, 9.323644, 8.316977, 7.009304, 5.860324, 4.986906, 6.40112, 6.490417, 7.124226, 8.192855, 9.434984, 10.453875, 11.509757, 12.18362, 12.513442, 12.446063, 11.98273, 11.211764, 10.387143, 9.271534, 8.330594, 7.760822, 7.277669, 7.337228, 7.892786, 8.909395, 10.109395, 11.741491, 10.03269, 8.062918, 5.646309, 3.046309, 0.0, 0.0, 0.0]"
285,"[0.0, 0.0, 0.0, 0.0, 1.0, 2.4, 4.012452, 5.624903, 7.274145, 7.982946, 8.291747, 8.20245, 7.931639, 7.448587, 6.739787, 5.663441, 4.740287, 3.998646, 3.464911, 3.313439, 3.680984, 4.643034, 5.763499, 7.257072, 8.671286, 10.21687, 11.21607, 12.056855, 12.211176, 11.948435, 9.40285, 8.255814, 6.975189, 5.771871, 4.971871, 6.371871, 6.557658, 7.08811, 8.050685, 9.059757, 10.267438, 11.267438, 12.056361, 12.416753, 12.607681, 12.2, 11.4, 10.6, 9.6, 8.614214, 7.679125, 7.321345, 7.365254, 7.945153, 8.939258, 10.219932, 11.606138, 9.762229, 7.78233, 5.374012, 2.828427, 0.0, 0.0, 0.0]"
286,"[0.0, 0.0, 0.0, 0.0, 1.0, 2.16619, 3.446815, 5.008865, 6.621317, 7.410171, 7.952781, 8.321399, 8.173562, 7.975325, 7.18647, 6.277669, 5.075641, 3.94427, 2.930056, 2.530056, 2.74986, 3.519199, 4.692378, 6.136287, 7.575895, 8.765163, 9.95693, 10.700908, 11.056999, 10.817391, 8.608319, 7.4, 6.219804, 4.914231, 4.114231, 5.134035, 5.348249, 5.940896, 6.857546, 7.897154, 9.351213, 10.27794, 11.006428, 11.431419, 11.450937, 10.86387, 10.135382, 9.136083, 8.164926, 7.3058, 6.619003, 6.420765, 6.728367, 7.551517, 8.692457, 10.022279, 11.32836, 9.679118, 7.591056, 5.250116, 2.720294, 0.0, 0.0, 0.0]"
287,"[0.0, 0.0, 0.0, 0.0, 1.019804, 2.236356, 3.65057, 5.263022, 7.063022, 7.843218, 8.426665, 8.612452, 8.6, 8.214214, 7.434017, 6.434017, 5.434017, 4.234017, 3.102647, 2.715298, 2.935102, 3.749316, 4.961767, 6.522833, 7.978439, 9.299575, 10.226302, 10.849918, 11.242077, 10.94287, 8.60193, 7.525901, 6.309637, 5.073569, 4.304519, 5.381552, 5.397266, 5.939512, 6.783421, 7.889646, 9.092964, 10.14472, 10.641796, 11.033955, 10.877697, 10.494713, 9.871133, 9.076918, 8.00704, 7.16864, 6.437463, 5.993574, 6.377905, 7.055623, 8.160321, 9.662463, 11.261116, 9.611874, 7.767965, 5.531897, 2.863564, 0.0, 0.0, 0.0]"
288,"[0.0, 0.0, 0.0, 0.0, 1.0, 2.2, 3.8, 5.412452, 7.223529, 8.067437, 8.576238, 8.685039, 8.595742, 8.126306, 7.448587, 6.634214, 5.557869, 4.634714, 3.693073, 3.092568, 3.198141, 3.84631, 4.943367, 6.523266, 8.083609, 9.346351, 10.474045, 11.05734, 11.240771, 11.114742, 8.852001, 7.857895, 6.708915, 5.622617, 4.622617, 5.822617, 5.808404, 6.277033, 7.0, 8.009975, 9.009975, 10.009975, 10.609975, 11.009975, 11.009975, 10.809975, 10.009975, 9.409975, 8.409975, 7.6, 6.677033, 6.418674, 6.431125, 7.117922, 8.043951, 9.375237, 10.594846, 8.982394, 7.095598, 4.969569, 2.56125, 0.0, 0.0, 0.0]"
289,"[0.0, 0.0, 0.0, 0.0, 0.848528, 1.979899, 3.260524, 4.822574, 6.435025, 7.198949, 7.590733, 7.833262, 7.727234, 7.331335, 6.738688, 6.040154, 4.917, 3.74382, 2.927268, 2.507464, 2.702647, 3.519199, 4.692378, 6.136287, 7.546262, 8.735531, 9.718978, 10.462956, 10.619047, 10.609072, 8.4, 7.6, 6.419804, 5.314231, 4.314231, 5.391264, 5.207817, 5.644035, 6.593516, 7.747582, 8.824615, 10.024672, 10.804718, 11.12414, 10.970074, 10.536473, 9.840329, 9.046481, 8.148062, 7.364614, 7.044149, 6.723684, 6.893915, 7.638979, 8.658495, 9.6916, 10.922189, 9.309737, 7.299762, 5.063694, 2.630589, 0.0, 0.0, 0.0]"
290,"[0.0, 0.0, 0.0, 0.0, 0.8, 2.0, 3.4, 4.814214, 6.270236, 6.926258, 7.249412, 7.191053, 6.94303, 6.653198, 6.197176, 5.395132, 4.500705, 3.534514, 2.568324, 2.134009, 2.307326, 3.026303, 4.268524, 5.788989, 7.349332, 8.434804, 9.394643, 10.078452, 10.357986, 9.952422, 7.972523, 7.127119, 6.00109, 5.020894, 4.300429, 5.500429, 5.634017, 6.28326, 7.107365, 8.11734, 9.126412, 10.112198, 10.862956, 11.419047, 11.409072, 11.0, 10.4, 9.4, 8.2, 7.416553, 6.881464, 6.523684, 6.82074, 7.74677, 8.938536, 10.219209, 11.619523, 9.922467, 7.796437, 5.388118, 2.842534, 0.0, 0.0, 0.0]"
291,"[0.0, 0.0, 0.0, 0.0, 0.848528, 1.979899, 3.146089, 4.48773, 6.010885, 6.685511, 7.010162, 7.258186, 7.133097, 6.809943, 6.086788, 5.230766, 4.216553, 3.282843, 2.682843, 2.682843, 3.282843, 4.482843, 6.0, 7.4, 8.809072, 10.017391, 10.850496, 11.330847, 11.611198, 11.441733, 9.033415, 8.212761, 7.33241, 6.252059, 5.477363, 6.819003, 6.768602, 7.089067, 7.889067, 8.904507, 10.004177, 10.94812, 11.644264, 11.985204, 12.045793, 11.758548, 11.149922, 10.442113, 9.713625, 8.814905, 8.222889, 8.045988, 8.126041, 8.749658, 9.81343, 10.934662, 12.167161, 10.378307, 8.142239, 5.636246, 2.952965, 0.0, 0.0, 0.0]"
292,"[0.0, 0.0, 0.0, 0.0, 1.077033, 2.341944, 3.797966, 5.447208, 7.05966, 7.793704, 8.128793, 8.285222, 8.050194, 7.654295, 6.863022, 6.063022, 5.05057, 4.357467, 3.862024, 3.919253, 4.384165, 5.492965, 6.741627, 8.256584, 9.596161, 10.837242, 11.736123, 12.207662, 12.412905, 12.159627, 9.653634, 8.834807, 7.916651, 6.889553, 6.140436, 7.789678, 7.898191, 8.529102, 9.455828, 10.641615, 11.712667, 12.483633, 12.960156, 13.249805, 13.058124, 12.546903, 11.888545, 11.069033, 10.087686, 9.388167, 8.96795, 8.957974, 9.272927, 10.032003, 11.013927, 12.198287, 13.454051, 11.328022, 8.919703, 6.228978, 3.255764, 0.0, 0.0, 0.0]"
293,"[0.0, 0.0, 0.0, 0.0, 0.894427, 2.060618, 3.502838, 5.223303, 6.943768, 7.746397, 8.277263, 8.397093, 8.118848, 7.740024, 7.209158, 6.233212, 5.236847, 4.427082, 3.717897, 3.446134, 3.891214, 4.93798, 6.275296, 7.612612, 9.059125, 10.422757, 11.284169, 11.747502, 12.058081, 11.756749, 9.226927, 8.461864, 7.3704, 6.504263, 5.74528, 7.268435, 7.457, 8.203421, 9.130147, 10.190462, 11.267308, 12.053223, 12.648443, 12.915184, 13.015555, 12.695906, 12.012625, 11.216139, 10.131613, 9.339544, 8.671645, 8.471645, 8.784848, 9.670013, 10.827904, 12.242002, 13.468551, 11.268551, 8.860232, 6.053098, 3.026549, 0.0, 0.0, 0.0]"
294,"[0.0, 0.0, 0.0, 0.0, 1.019804, 2.236356, 3.692378, 5.30483, 7.115907, 7.896103, 8.279551, 8.423529, 8.211077, 7.6, 7.0, 6.2, 5.4, 4.632456, 3.998141, 3.692568, 3.969601, 4.625623, 5.890534, 7.41291, 8.672549, 10.012125, 11.062096, 11.49711, 11.741429, 11.47416, 9.057551, 8.074712, 7.007243, 5.874862, 5.188066, 6.602279, 6.728367, 7.172257, 7.942028, 8.830089, 9.696227, 10.480089, 11.204394, 11.642941, 11.763952, 11.683601, 11.050496, 10.229843, 9.235737, 8.482687, 7.624328, 7.386378, 7.470983, 8.036668, 8.988965, 10.208574, 11.337249, 9.640192, 7.660293, 5.251975, 2.690725, 0.0, 0.0, 0.0]"
295,"[0.0, 0.0, 0.0, 0.0, 1.019804, 2.236356, 3.848808, 5.46126, 7.26126, 8.041456, 8.624903, 8.612452, 8.4, 7.816553, 7.016553, 6.016553, 5.016553, 4.063766, 3.294427, 3.119048, 3.583959, 4.439981, 5.890134, 7.530982, 9.047301, 10.198999, 11.159586, 11.768212, 12.012532, 11.730718, 9.314109, 8.420654, 7.179572, 6.047192, 5.188066, 6.452977, 6.452977, 6.97692, 7.836046, 8.872114, 10.023812, 10.917267, 11.658235, 11.879459, 11.923742, 11.546741, 10.941209, 10.060629, 9.2363, 8.29759, 7.538607, 7.16975, 7.13296, 7.736064, 8.811032, 9.947016, 11.188078, 9.575626, 7.5165, 5.099891, 2.683282, 0.0, 0.0, 0.0]"
296,"[0.0, 0.0, 0.0, 0.0, 0.8, 1.8, 3.2, 4.8, 6.412452, 7.068474, 7.524496, 7.466136, 7.207777, 6.761516, 6.199921, 5.465009, 4.523369, 3.381728, 2.49838, 2.051167, 2.154677, 2.920868, 4.244022, 5.750034, 7.189617, 8.364996, 9.324834, 9.927709, 10.264884, 10.075144, 8.075144, 7.229739, 6.180743, 5.054714, 4.357658, 5.57421, 5.749607, 6.381375, 7.351147, 8.439208, 9.503006, 10.520848, 11.245152, 11.484453, 11.406367, 10.926016, 10.052152, 9.033261, 8.040741, 7.107799, 6.588424, 6.550474, 6.856725, 7.803504, 9.167782, 10.494838, 11.653082, 9.932617, 7.769286, 5.327975, 2.720294, 0.0, 0.0, 0.0]"
297,"[0.0, 0.0, 0.0, 0.0, 1.0, 2.4, 3.814214, 5.426665, 7.270574, 8.114483, 8.423284, 8.532225, 8.361994, 7.79871, 7.120991, 6.306618, 5.415918, 4.373698, 3.693073, 3.092568, 3.198141, 3.84631, 5.143367, 6.387275, 7.947619, 9.22797, 10.227696, 10.863021, 11.351492, 11.112259, 8.831909, 7.993778, 6.661397, 5.329017, 4.442221, 5.642221, 5.6, 6.2, 7.2, 8.4, 9.6, 10.6, 11.209072, 11.44514, 11.481208, 10.925117, 10.137569, 9.540948, 8.50488, 7.468812, 6.841456, 6.493915, 6.404618, 7.091414, 8.054745, 9.279504, 10.793082, 9.269927, 7.383131, 5.2198, 2.778489, 0.0, 0.0, 0.0]"
298,"[0.0, 0.0, 0.0, 0.0, 1.077033, 2.341944, 3.797966, 5.506767, 7.350676, 8.08472, 8.43226, 8.576238, 8.467437, 8.023529, 7.412452, 6.6, 5.6, 4.447214, 3.494427, 3.094427, 3.294427, 4.094427, 5.458291, 7.220149, 8.853254, 10.286359, 11.360223, 11.890086, 12.021953, 11.67691, 9.243805, 8.225963, 7.285023, 6.144083, 5.075826, 6.242016, 6.228215, 6.525271, 7.325271, 8.468798, 9.743919, 10.634079, 11.353632, 11.770241, 11.94785, 11.403906, 10.780326, 10.072517, 8.997549, 7.937234, 7.320492, 6.953332, 6.953332, 7.699753, 8.699479, 9.892717, 11.27137, 9.56257, 7.474508, 5.194157, 2.720294, 0.0, 0.0, 0.0]"
299,"[0.0, 0.0, 0.0, 0.0, 0.894427, 2.060618, 3.402258, 4.844479, 6.406529, 7.074152, 7.470011, 7.69042, 7.589841, 7.193981, 6.526358, 5.685419, 4.570582, 3.511784, 2.745594, 2.451167, 2.74986, 3.567558, 4.80787, 6.11667, 7.604732, 8.672989, 9.644146, 10.357059, 10.658234, 10.381249, 8.293188, 7.471334, 6.312299, 5.150852, 4.339775, 5.416808, 5.416808, 5.952226, 6.914775, 8.002836, 9.206154, 10.132881, 10.861369, 11.28636, 11.257425, 10.86387, 10.135382, 9.136083, 8.164926, 7.322352, 6.835556, 6.623104, 7.092541, 7.837605, 8.85712, 10.087709, 11.516137, 9.70506, 7.695084, 5.459016, 2.828427, 0.0, 0.0, 0.0]"
300,"[0.0, 0.0, 0.0, 0.0, 1.264911, 2.788066, 4.496866, 6.394233, 8.2916, 9.066296, 9.354219, 9.456495, 9.159128, 8.861762, 8.222154, 7.611077, 6.624621, 5.745731, 5.040159, 4.717192, 4.973214, 5.797835, 7.116332, 8.502256, 9.955045, 11.284701, 12.235458, 12.879132, 13.282063, 12.988309, 10.202631, 9.311432, 8.277393, 6.994111, 6.172257, 7.695411, 7.873407, 8.110961, 9.043341, 9.961509, 10.944347, 11.740832, 12.454036, 12.651477, 12.848919, 12.623277, 12.028056, 11.325423, 10.504402, 9.587031, 8.86873, 8.624578, 8.786337, 9.409917, 10.303458, 11.519897, 12.728856, 10.66973, 8.337349, 5.831356, 3.052868, 0.0, 0.0, 0.0]"
301,"[0.0, 0.0, 0.0, 0.0, 1.2, 2.416553, 4.029004, 5.829004, 7.629004, 8.240081, 8.867437, 8.904228, 8.813029, 8.536184, 8.066747, 7.299871, 6.283085, 5.206739, 4.24927, 3.802057, 4.066664, 4.957364, 6.29468, 7.965062, 9.576628, 10.74098, 11.825506, 12.416984, 12.622227, 12.242264, 9.736271, 8.741042, 7.635814, 6.394503, 5.682687, 7.205842, 7.382245, 7.985349, 9.021417, 10.207203, 11.284048, 12.215488, 12.876656, 13.308921, 13.142026, 12.778094, 12.097408, 11.221022, 10.26149, 9.440837, 8.925234, 8.729535, 9.048957, 9.781467, 10.776697, 12.056232, 13.492567, 11.329236, 8.887925, 6.280244, 3.280244, 0.0, 0.0, 0.0]"
302,"[0.0, 0.0, 0.0, 0.0, 1.019804, 2.236356, 3.65057, 5.299812, 6.822967, 7.415614, 7.811514, 7.83952, 7.470903, 7.079119, 6.466668, 5.575326, 4.58032, 3.699695, 3.200779, 3.095207, 3.540287, 4.655123, 6.099032, 7.466576, 8.90453, 10.07072, 10.92528, 11.49798, 11.734048, 11.555733, 9.223352, 8.419195, 7.28321, 6.213333, 5.324178, 6.738391, 6.72594, 7.245315, 8.279125, 9.422532, 10.416638, 11.447227, 12.080332, 12.160683, 12.032715, 11.778462, 11.045239, 10.261376, 9.593477, 8.713126, 8.15906, 7.874145, 8.12227, 8.597879, 9.538819, 10.659114, 12.019876, 10.122509, 8.034448, 5.693508, 2.973214, 0.0, 0.0, 0.0]"
303,"[0.0, 0.0, 0.0, 0.0, 1.0, 2.4, 4.0, 5.6, 7.4, 8.2, 8.6, 8.612452, 8.624903, 8.041456, 7.458008, 6.458008, 5.445557, 4.233105, 3.299395, 2.715298, 2.935102, 3.749316, 4.998558, 6.613082, 8.134692, 9.268954, 10.27135, 10.858176, 11.019935, 10.752665, 8.598599, 7.523631, 6.307367, 5.248241, 4.381249, 5.458282, 5.282831, 5.705248, 6.425713, 7.56924, 8.655537, 9.821728, 10.615575, 11.049176, 10.973907, 10.707943, 10.024804, 9.053647, 8.065772, 7.109081, 6.377905, 6.070303, 6.261414, 6.939133, 8.088113, 9.395786, 10.722478, 9.266456, 7.422547, 5.142196, 2.668333, 0.0, 0.0, 0.0]"
304,"[0.0, 0.0, 0.0, 0.0, 1.0, 2.280625, 3.842675, 5.56314, 7.283605, 8.072459, 8.580689, 8.72744, 8.462997, 8.198553, 7.626252, 6.662018, 5.585673, 4.576865, 3.720843, 3.30429, 3.499473, 4.281231, 5.645094, 7.05507, 8.464142, 9.65341, 10.439197, 11.02812, 11.218144, 11.209072, 9.0, 8.4, 7.216553, 6.093585, 4.742114, 5.908304, 5.831459, 6.323707, 7.14404, 8.383574, 9.371449, 10.264904, 10.888484, 11.432428, 11.507698, 11.197541, 10.501397, 9.611236, 8.434836, 7.488058, 6.844149, 6.523684, 6.693915, 7.468612, 8.488127, 9.568478, 10.642342, 9.02989, 6.990282, 4.754214, 2.473863, 0.0, 0.0, 0.0]"
305,"[0.0, 0.0, 0.0, 0.0, 1.019804, 2.284715, 3.897167, 5.509618, 7.509618, 8.089814, 8.437355, 8.437355, 8.280925, 7.545836, 7.162389, 6.374558, 5.562107, 4.73854, 4.322157, 4.105605, 4.622624, 5.435076, 6.689417, 8.173269, 9.734519, 10.954128, 12.170103, 13.111734, 13.340603, 12.905383, 10.344133, 9.359615, 8.143639, 7.105544, 6.591967, 8.591967, 8.948058, 9.743925, 10.828451, 11.823681, 12.823681, 13.63034, 14.050448, 14.271194, 14.331846, 13.80571, 13.035118, 12.442759, 11.624307, 10.555974, 10.092086, 9.895626, 9.939909, 10.650228, 12.023442, 13.175744, 14.553738, 12.273387, 9.553093, 6.579879, 3.417601, 0.0, 0.0, 0.0]"
306,"[0.0, 0.0, 0.0, 0.0, 1.16619, 2.608411, 4.170461, 5.867517, 7.711426, 8.389145, 8.667389, 8.717791, 8.462955, 7.960687, 7.282968, 6.562503, 5.79858, 5.07747, 4.56045, 4.59426, 5.008473, 6.16992, 7.657882, 9.24158, 10.64158, 12.027366, 12.824525, 13.44388, 13.66615, 13.474469, 10.674469, 9.867335, 8.65136, 7.476792, 6.680925, 8.40139, 8.245299, 8.758877, 9.864104, 11.224867, 12.388843, 13.429375, 14.25631, 14.648025, 14.358093, 14.156933, 13.689102, 12.972205, 11.906037, 11.066664, 10.227291, 9.810682, 9.906995, 10.70348, 11.812536, 13.099122, 14.499122, 12.166741, 9.48346, 6.530495, 3.4, 0.0, 0.0, 0.0]"
307,"[0.0, 0.0, 0.0, 0.0, 1.019804, 2.236356, 3.65057, 5.263022, 6.912264, 7.601261, 8.093509, 8.291747, 8.121516, 7.914494, 7.371884, 6.663083, 5.771742, 4.929521, 4.119756, 3.802094, 3.933465, 4.774404, 5.89487, 7.106323, 8.383824, 9.515195, 10.514395, 11.235241, 11.832643, 11.706614, 9.443872, 8.444672, 7.283986, 6.008865, 5.225418, 6.625418, 6.675819, 7.40517, 8.475047, 9.866176, 11.066176, 12.253724, 12.85143, 13.223043, 13.048467, 12.684535, 11.924143, 10.928913, 9.933684, 9.11303, 8.332984, 8.002177, 8.276522, 8.996451, 9.889993, 11.386935, 12.80863, 10.921833, 8.589453, 6.08346, 3.130495, 0.0, 0.0, 0.0]"
308,"[0.0, 0.0, 0.0, 0.0, 1.216553, 2.630766, 4.230766, 6.230766, 8.430766, 9.423286, 10.218144, 10.657752, 10.306994, 9.815795, 9.129878, 8.185716, 7.165913, 6.31667, 5.502297, 4.82767, 4.843384, 5.38563, 6.58563, 8.132514, 9.845236, 11.393038, 12.659415, 13.632629, 13.752567, 13.317347, 10.48892, 9.357549, 7.946385, 6.726776, 5.8173, 7.231513, 7.146908, 7.793931, 8.860609, 10.251737, 11.644657, 12.832206, 13.430267, 13.652538, 13.675446, 13.10438, 12.343988, 11.576462, 10.558324, 9.327735, 8.740909, 8.410102, 8.52456, 9.328718, 10.528718, 11.83244, 13.254135, 11.100069, 8.68346, 6.08346, 3.130495, 0.0, 0.0, 0.0]"
309,"[0.0, 0.0, 0.0, 0.0, 0.8, 2.016553, 3.281464, 4.737486, 6.26064, 6.983795, 7.209463, 7.386772, 7.211375, 6.68822, 6.013594, 5.137059, 3.977681, 2.897056, 2.179899, 2.052481, 2.652986, 3.812364, 5.174414, 6.87147, 8.276389, 9.390549, 10.38964, 11.159971, 11.343403, 11.10417, 8.823819, 7.796721, 6.464341, 5.320814, 4.634017, 6.034017, 6.232255, 7.242231, 8.458495, 9.467567, 10.475886, 11.271753, 11.661778, 11.62571, 11.616638, 11.408319, 10.8, 10.0, 9.2, 8.414214, 7.555854, 7.317904, 7.561813, 8.287842, 9.419213, 10.906, 12.317163, 10.473254, 8.347225, 5.801641, 2.973214, 0.0, 0.0, 0.0]"
310,"[0.0, 0.0, 0.0, 0.0, 0.8, 2.0, 3.4, 5.0, 6.612452, 7.424903, 7.874145, 7.9973, 7.738941, 7.29268, 6.574655, 5.646523, 4.570582, 3.428941, 2.545594, 2.051167, 2.154677, 2.924016, 4.373259, 5.987782, 7.741848, 9.153295, 10.172811, 10.686899, 10.848659, 10.415058, 8.17899, 7.284563, 6.141036, 5.08191, 4.186066, 5.352256, 5.424829, 6.248934, 7.248934, 8.587644, 9.701804, 10.619971, 11.282055, 11.518123, 11.508858, 11.125874, 10.502294, 9.519456, 8.449578, 7.426883, 6.695707, 6.442928, 6.763682, 7.83356, 9.135294, 10.599693, 12.17022, 10.326311, 8.090243, 5.657138, 3.026549, 0.0, 0.0, 0.0]"
311,"[0.0, 0.0, 0.0, 0.0, 0.8, 2.0, 3.4, 4.8, 6.4, 7.2, 7.612452, 7.626665, 7.491576, 6.968609, 6.19323, 5.180779, 4.166565, 3.101654, 2.424621, 2.4, 3.016553, 4.229004, 5.872913, 7.512521, 9.053461, 10.177848, 10.982006, 11.470478, 11.489996, 11.208182, 8.867242, 7.906655, 6.790827, 5.731701, 4.889127, 6.230768, 6.216966, 6.844323, 7.844323, 9.069081, 10.335121, 11.500582, 12.339955, 12.756564, 12.656193, 12.202578, 11.492263, 10.332136, 9.357748, 8.431021, 7.719176, 7.344964, 7.665718, 8.263105, 9.281997, 10.703341, 12.239598, 10.395689, 8.356081, 5.922976, 3.059412, 0.0, 0.0, 0.0]"
312,"[0.0, 0.0, 0.0, 0.0, 1.0, 2.414214, 4.026665, 5.626665, 7.426665, 8.426665, 8.812452, 8.8, 8.812452, 8.426665, 7.643218, 6.643218, 5.643218, 4.430766, 3.299395, 2.682843, 2.882843, 3.682843, 4.882843, 6.411077, 7.850685, 9.131036, 10.071976, 10.812916, 11.155905, 11.013663, 8.733312, 7.848394, 6.507454, 5.153389, 4.150449, 5.150449, 4.975052, 5.537102, 6.457567, 7.689169, 9.097488, 10.079605, 10.643584, 11.20347, 11.077441, 10.555918, 9.905628, 9.221819, 8.072839, 7.149872, 6.479628, 6.267177, 6.424956, 7.293585, 8.416553, 9.6, 10.8, 9.2, 7.2, 5.0, 2.6, 0.0, 0.0, 0.0]"
313,"[0.0, 0.0, 0.0, 0.0, 1.0, 2.4, 3.8, 5.4, 7.2, 8.0, 8.411077, 8.660319, 8.516341, 7.981252, 7.258285, 6.271829, 5.222587, 4.166565, 3.348868, 2.90429, 3.156702, 3.821613, 4.944768, 6.467326, 8.070938, 9.229973, 10.297443, 10.937619, 11.248198, 11.01213, 8.776062, 7.785322, 6.699025, 5.418674, 4.418674, 5.438478, 5.438478, 5.803665, 6.52413, 7.687461, 8.903725, 9.978694, 10.877413, 11.245009, 11.121286, 10.729127, 9.96176, 9.076842, 8.065814, 7.026206, 6.348488, 6.040886, 6.040886, 6.807762, 8.088113, 9.395786, 10.774439, 9.318417, 7.474508, 5.194157, 2.720294, 0.0, 0.0, 0.0]"
314,"[0.0, 0.0, 0.0, 0.0, 1.0, 2.4, 3.814214, 5.463456, 7.112698, 7.821499, 8.1303, 8.328538, 8.121516, 7.752898, 7.044098, 6.229724, 5.249728, 4.407508, 3.847993, 3.847993, 4.119756, 5.099752, 6.499752, 7.904671, 9.31299, 10.692384, 11.641182, 12.082493, 12.236815, 12.108847, 9.563263, 8.699069, 7.699978, 6.761268, 5.895131, 7.495131, 7.609152, 8.206539, 9.100966, 10.317342, 11.325023, 12.32108, 13.081472, 13.453085, 13.430177, 13.031568, 12.234409, 11.245486, 10.237805, 9.279367, 8.779095, 8.655916, 9.00817, 9.849481, 10.920533, 12.211732, 13.487214, 11.323883, 8.882572, 6.162278, 3.162278, 0.0, 0.0, 0.0]"
315,"[0.0, 0.0, 0.0, 0.0, 1.216553, 2.630766, 4.441843, 6.241843, 8.251818, 9.045241, 9.670635, 9.703467, 9.612268, 9.125447, 8.457113, 7.494538, 6.47525, 5.366449, 4.564405, 4.222764, 4.487372, 5.275203, 6.561999, 7.900015, 9.341326, 10.560935, 11.509733, 12.031255, 12.380448, 12.065166, 9.503917, 8.504717, 7.538619, 6.395211, 5.469182, 6.685734, 6.646839, 7.101985, 7.99114, 9.13208, 10.445349, 11.452017, 11.987755, 12.266794, 12.134926, 11.814177, 11.095431, 10.274778, 9.297695, 8.430264, 7.663412, 7.414385, 7.645842, 8.315849, 9.254559, 10.532633, 11.970583, 10.126674, 8.000645, 5.720294, 3.0, 0.0, 0.0, 0.0]"
316,"[0.0, 0.0, 0.0, 0.0, 0.72111, 1.887301, 3.053491, 4.576646, 6.032668, 6.9608, 7.407061, 7.655084, 7.331929, 6.875907, 6.226665, 5.414214, 4.4, 3.482843, 2.882843, 2.882843, 3.282843, 4.482843, 6.0, 7.6, 8.809072, 10.017391, 10.850496, 11.330847, 11.566915, 11.397451, 8.989132, 8.156027, 7.275676, 6.25616, 5.481464, 6.923684, 6.885734, 7.329643, 8.092989, 9.236397, 10.355426, 11.234688, 11.896772, 12.422865, 12.250614, 11.748491, 11.276951, 10.38341, 9.439467, 8.617613, 8.000707, 7.739736, 8.024651, 8.550663, 9.610313, 10.888386, 12.091629, 10.194263, 8.106201, 5.632338, 2.912044, 0.0, 0.0, 0.0]"
317,"[0.0, 0.0, 0.0, 0.0, 0.8, 2.0, 3.216553, 4.672574, 6.128596, 6.784618, 7.107773, 7.333441, 7.043609, 6.718958, 6.111464, 5.035523, 3.993303, 3.227113, 2.378584, 2.251167, 2.69838, 3.740601, 5.061066, 6.778223, 8.183142, 9.551456, 10.517555, 11.077441, 11.077441, 10.951411, 8.68867, 7.694564, 6.580404, 5.600208, 4.800208, 6.200208, 6.398446, 7.043332, 8.259597, 9.492702, 10.50102, 11.49625, 12.285173, 12.449105, 12.216, 12.007681, 11.4, 10.4, 9.4, 8.656022, 7.797663, 7.518128, 7.762037, 8.488066, 9.577628, 10.926712, 12.179461, 10.335552, 8.209523, 5.663939, 2.973214, 0.0, 0.0, 0.0]"
318,"[0.0, 0.0, 0.0, 0.0, 0.894427, 2.159338, 3.500979, 5.024134, 6.636585, 7.462623, 7.759762, 7.832335, 7.589805, 6.977353, 6.256888, 5.415949, 4.448949, 3.568324, 3.168324, 2.992945, 3.438025, 4.433032, 5.919828, 7.378954, 8.790401, 10.04082, 10.939539, 11.333094, 11.614908, 11.466901, 9.050292, 8.232507, 7.118346, 5.908777, 4.897749, 6.311962, 6.388808, 7.222617, 8.091247, 9.223286, 10.04514, 10.878245, 11.158596, 11.499536, 11.631404, 11.549402, 11.013663, 10.382555, 9.455828, 8.514888, 7.760822, 7.475907, 7.535466, 8.275318, 9.291927, 10.308537, 11.559649, 9.850849, 7.696783, 5.280173, 2.863564, 0.0, 0.0, 0.0]"
319,"[0.0, 0.0, 0.0, 0.0, 0.848528, 2.129153, 3.409778, 4.823991, 6.521048, 7.392985, 7.724811, 7.967341, 7.894768, 7.462623, 6.819191, 6.031361, 4.95542, 3.896621, 3.03171, 2.587133, 2.656939, 3.551366, 4.791678, 6.180533, 7.702143, 8.895777, 9.790204, 10.503118, 10.753871, 10.410882, 8.322821, 7.303305, 5.961665, 4.770585, 3.853935, 4.873739, 5.057186, 5.962759, 6.914231, 8.029779, 9.418294, 10.451399, 10.887467, 11.367818, 11.445904, 10.82644, 10.102135, 9.322089, 8.258291, 7.37023, 6.781375, 6.528596, 6.781375, 7.623949, 8.75633, 10.239611, 11.647153, 9.938353, 7.879227, 5.546846, 2.863564, 0.0, 0.0, 0.0]"
320,"[0.0, 0.0, 0.0, 0.0, 1.16619, 2.608411, 4.220862, 6.009717, 7.979488, 8.710665, 9.112353, 9.34381, 9.167407, 8.797636, 8.300269, 7.45636, 6.437073, 5.457077, 4.578187, 4.197991, 4.397991, 5.17337, 6.351991, 7.670489, 8.886753, 9.967104, 10.840967, 11.559712, 11.861044, 11.779042, 9.498691, 8.67407, 7.558462, 6.434074, 5.544919, 6.98714, 6.899948, 7.329643, 8.23912, 9.254559, 10.25365, 11.299281, 11.961365, 12.251945, 12.12566, 11.838415, 11.200505, 10.403313, 9.428925, 8.717079, 7.977227, 7.619907, 7.699961, 8.411806, 9.386195, 10.655263, 11.906375, 10.117521, 7.963455, 5.546846, 2.863564, 0.0, 0.0, 0.0]"
321,"[0.0, 0.0, 0.0, 0.0, 1.264911, 2.720933, 4.429734, 6.3271, 8.171009, 8.717175, 9.061153, 9.152353, 8.854986, 8.425291, 8.028427, 7.428427, 6.453048, 5.574159, 5.008473, 4.76045, 4.902091, 5.78627, 7.153221, 8.645633, 9.896052, 11.237693, 12.307381, 12.827001, 13.093741, 12.840463, 10.157181, 9.265489, 8.366609, 7.173141, 6.409811, 7.865833, 7.767891, 8.028861, 8.850716, 9.980538, 11.24481, 12.17625, 12.874811, 13.307076, 13.210359, 12.699137, 11.988818, 11.164394, 10.145303, 9.235353, 8.638732, 8.472666, 8.608656, 9.367733, 10.405828, 11.635911, 12.765215, 10.785316, 8.376998, 5.815748, 2.973214, 0.0, 0.0, 0.0]"
322,"[0.0, 0.0, 0.0, 0.0, 1.16619, 2.955045, 4.743899, 6.713671, 8.867737, 9.789608, 10.040361, 10.291114, 10.13242, 9.778354, 9.290293, 8.270489, 7.055502, 5.965535, 4.886646, 4.111267, 4.291463, 5.266842, 6.555707, 8.043668, 9.652152, 11.082742, 12.342153, 13.052472, 13.511733, 13.552491, 10.921902, 9.706399, 8.598557, 7.146776, 6.014554, 7.295179, 7.01332, 7.66361, 8.709799, 10.058883, 11.468983, 12.749467, 13.20702, 13.450271, 13.176155, 12.721498, 12.115032, 11.183592, 10.239649, 9.237254, 8.443406, 8.17711, 8.476317, 9.255207, 10.370815, 12.227079, 13.609919, 11.521858, 9.180918, 6.651095, 3.352611, 0.0, 0.0, 0.0]"
323,"[0.0, 0.0, 0.0, 0.0, 1.341641, 2.954092, 4.742947, 6.629743, 8.629743, 9.132011, 9.499458, 9.554513, 9.388182, 8.950232, 8.386948, 7.53842, 6.543039, 5.543684, 4.781634, 4.578042, 4.788312, 5.648585, 6.897246, 8.251312, 9.704101, 10.892282, 11.851815, 12.550376, 12.870173, 12.576419, 10.046597, 9.222173, 8.076995, 6.883756, 5.928313, 7.370534, 7.315479, 7.762096, 8.635537, 9.695852, 10.853632, 11.57077, 12.20868, 12.495925, 12.563304, 12.089333, 11.58334, 10.819568, 9.820477, 8.935313, 8.265306, 7.865306, 7.821397, 8.588249, 9.473413, 10.64798, 12.07453, 10.27453, 8.065457, 5.657138, 3.026549, 0.0, 0.0, 0.0]"
324,"[0.0, 0.0, 0.0, 0.0, 1.077033, 2.418674, 4.031125, 5.643577, 7.364042, 8.007474, 8.362889, 8.312488, 8.262086, 7.983842, 7.429567, 6.581039, 5.584674, 4.65508, 3.845315, 3.573552, 4.005649, 5.160428, 6.414769, 7.841439, 9.363621, 10.682997, 11.492354, 12.079421, 12.550117, 12.221569, 9.621569, 8.800548, 7.768905, 6.653296, 5.906876, 7.43003, 7.565138, 8.403269, 9.269406, 10.401629, 11.598768, 12.540537, 13.12375, 13.526681, 13.55881, 13.074584, 12.348033, 11.273323, 10.298842, 9.442091, 8.818475, 8.570426, 9.01764, 9.741944, 10.761034, 12.207995, 13.652682, 11.416614, 8.983509, 6.315176, 3.255764, 0.0, 0.0, 0.0]"
325,"[0.0, 0.0, 0.0, 0.0, 1.264911, 2.720933, 4.370175, 6.214084, 8.224059, 8.969123, 9.513101, 9.674936, 9.443479, 8.847717, 8.054295, 7.270847, 6.25977, 5.368429, 4.802743, 4.752381, 4.87747, 5.78627, 7.219226, 8.524764, 9.958573, 11.300214, 12.369902, 12.823517, 13.277132, 12.957483, 10.274202, 9.284567, 8.200041, 7.006573, 6.126223, 7.775465, 7.695411, 8.142028, 8.963883, 9.904823, 10.85558, 11.867074, 12.565635, 12.9979, 13.090065, 12.699137, 11.988818, 11.164394, 10.145303, 9.235353, 8.638732, 8.325814, 8.607934, 9.239042, 10.277138, 11.50722, 12.810164, 10.684135, 8.403784, 5.842534, 3.0, 0.0, 0.0, 0.0]"
326,"[0.0, 0.0, 0.0, 0.0, 1.2, 2.6, 4.4, 6.2, 8.011077, 8.850685, 9.348051, 9.445418, 9.354219, 9.066296, 8.368329, 7.547996, 6.47525, 5.591071, 5.067916, 4.857646, 5.342663, 6.361951, 7.70066, 8.981011, 10.540365, 11.66904, 12.653558, 13.180952, 13.591326, 13.30892, 10.618196, 9.633677, 8.555404, 7.387834, 6.435537, 8.035537, 8.002705, 8.626322, 9.536272, 10.687931, 11.895065, 12.891121, 13.455054, 13.821949, 13.821949, 13.44792, 12.849858, 12.049858, 11.049858, 10.054629, 9.270766, 8.850548, 9.013879, 9.65519, 10.763033, 12.11379, 13.324936, 11.161605, 8.720294, 6.0, 3.0, 0.0, 0.0, 0.0]"
327,"[0.0, 0.0, 0.0, 0.0, 0.894427, 2.060618, 3.402258, 4.925413, 6.448568, 7.262941, 7.745993, 8.016804, 7.893649, 7.570495, 6.861694, 5.812452, 4.6, 3.482843, 2.682843, 2.482843, 3.082843, 4.295294, 5.823529, 7.623529, 9.023529, 10.023529, 10.811077, 11.4, 11.4, 11.4, 9.2, 8.4, 7.216553, 6.093585, 5.024956, 6.191147, 6.114301, 6.795115, 7.687854, 8.888864, 10.228666, 11.313193, 11.857137, 12.448615, 12.524554, 12.14459, 11.380818, 10.501557, 9.382527, 8.23912, 7.527304, 7.283395, 7.521345, 8.0891, 9.033261, 10.249637, 11.478064, 9.678064, 7.668089, 5.459016, 2.828427, 0.0, 0.0, 0.0]"
328,"[0.0, 0.0, 0.0, 0.0, 1.0, 2.414214, 4.026665, 5.675907, 7.384708, 8.282075, 8.656716, 8.656716, 8.449694, 8.021518, 7.255522, 6.187778, 5.207782, 4.165561, 3.284937, 2.719251, 2.998141, 3.64631, 4.80836, 6.388259, 7.948603, 9.228954, 10.22868, 10.999011, 11.182442, 10.943209, 8.662859, 7.824728, 6.623718, 5.354815, 4.468019, 5.668019, 5.625798, 6.106879, 7.05636, 8.292428, 9.301501, 10.30982, 11.097368, 11.453459, 11.417391, 11.208319, 10.6, 9.6, 8.6, 7.419804, 6.585994, 6.066619, 6.228669, 6.872578, 7.978803, 9.373863, 10.813532, 9.251482, 7.407573, 5.281544, 2.720294, 0.0, 0.0, 0.0]"
329,"[0.0, 0.0, 0.0, 0.0, 1.0, 2.4, 4.0, 5.6, 7.4, 8.2, 8.611077, 8.623529, 8.479551, 7.944462, 7.164266, 6.17781, 5.165358, 4.109336, 3.41011, 3.284734, 3.537146, 4.4603, 5.957667, 7.546047, 9.068229, 10.497189, 11.415346, 11.95929, 12.246535, 11.993257, 9.487264, 8.488174, 7.311773, 6.070462, 5.107132, 6.323684, 6.404618, 6.928562, 7.698333, 8.652399, 9.776786, 10.783454, 11.468463, 11.931796, 12.210836, 11.879871, 11.161126, 10.299714, 9.280822, 8.112628, 7.383278, 6.986415, 6.986415, 7.541973, 8.513129, 9.738497, 11.007565, 9.395114, 7.425342, 5.189274, 2.683282, 0.0, 0.0, 0.0]"
330,"[0.0, 0.0, 0.0, 0.0, 0.8, 2.016553, 3.281464, 4.737486, 6.26064, 6.983795, 7.209463, 7.386772, 7.211375, 6.819591, 6.144965, 5.26843, 4.109052, 3.028427, 2.34427, 2.216852, 2.651167, 3.810544, 5.172594, 6.56929, 8.110921, 9.391272, 10.229402, 11.108663, 11.428085, 11.05214, 8.771789, 7.905652, 6.464341, 5.320814, 4.634017, 6.034017, 6.232255, 7.043332, 8.063136, 9.296241, 10.503922, 11.499152, 12.288075, 12.848467, 12.615362, 12.207681, 11.6, 10.6, 9.4, 8.656022, 7.797663, 7.359713, 7.603622, 8.466363, 9.555926, 10.90501, 12.316174, 10.472265, 8.209523, 5.663939, 2.973214, 0.0, 0.0, 0.0]"
331,"[0.0, 0.0, 0.0, 0.0, 1.019804, 2.284715, 3.740737, 5.449538, 7.238392, 8.007443, 8.462997, 8.569025, 8.422274, 8.047633, 7.390149, 6.518212, 5.521848, 4.359798, 3.666695, 3.535324, 3.967421, 4.963785, 6.407694, 7.949325, 9.357644, 10.638269, 11.796513, 12.458597, 12.528236, 12.283248, 9.721998, 8.563754, 7.471975, 6.481235, 5.732118, 7.332118, 7.570068, 8.165829, 9.232508, 10.226613, 11.226613, 12.233747, 13.052199, 13.312213, 13.336999, 13.01735, 12.249824, 11.265305, 10.196973, 9.376319, 8.804769, 8.554016, 8.769233, 9.501613, 10.667651, 12.011717, 13.551526, 11.4924, 9.16002, 6.381531, 3.328663, 0.0, 0.0, 0.0]"
332,"[0.0, 0.0, 0.0, 0.0, 1.019804, 2.284715, 3.740737, 5.263892, 6.876343, 7.468991, 7.76613, 7.872158, 7.763217, 7.282136, 6.518212, 5.677273, 4.562436, 3.548223, 3.016852, 3.062751, 3.507831, 4.502838, 5.823303, 7.223303, 8.661257, 9.827447, 10.801836, 11.49798, 11.734048, 11.371439, 9.039058, 8.2349, 7.098916, 6.029038, 5.324178, 6.724178, 6.711726, 7.231101, 8.264911, 9.4, 10.4, 11.407681, 12.215362, 12.448467, 12.328818, 12.016879, 11.253107, 10.257878, 9.224773, 8.344422, 7.65636, 7.268474, 7.444876, 8.104002, 9.036383, 10.414872, 11.911815, 10.12296, 8.063834, 5.731453, 2.952965, 0.0, 0.0, 0.0]"
333,"[0.0, 0.0, 0.0, 0.0, 1.341641, 2.864795, 4.65365, 6.540446, 8.540446, 9.198805, 9.519559, 9.574614, 9.531727, 9.093777, 8.374401, 7.661863, 6.666483, 5.647195, 4.885145, 4.681553, 4.891823, 5.655746, 6.890251, 8.326319, 9.665896, 10.924255, 11.911803, 12.382499, 12.676253, 12.539995, 9.939995, 9.048796, 7.860615, 6.611417, 5.497257, 7.020411, 6.960853, 7.463121, 8.270557, 9.384718, 10.335427, 11.216007, 11.972098, 12.390029, 12.615671, 12.200934, 11.557908, 10.844704, 9.861866, 8.811895, 8.152769, 7.878424, 7.835537, 8.400444, 9.474244, 10.794538, 12.09413, 10.250221, 8.16216, 5.632338, 2.912044, 0.0, 0.0, 0.0]"
334,"[0.0, 0.0, 0.0, 0.0, 1.341641, 2.783861, 4.504326, 6.504326, 8.504326, 9.142585, 9.544273, 9.667717, 9.388182, 9.000633, 8.362375, 7.684657, 6.689276, 5.689921, 4.87747, 4.555633, 4.654353, 5.514626, 6.881577, 8.422517, 9.876576, 11.279998, 12.23953, 12.782058, 12.874223, 12.609432, 9.941099, 9.116675, 7.942108, 6.850644, 6.055785, 7.498006, 7.442951, 7.956701, 8.769126, 9.771522, 10.74591, 11.463049, 12.100958, 12.508142, 12.371884, 12.081303, 11.41922, 10.811539, 9.692509, 8.935313, 8.265306, 8.033849, 7.833849, 8.6007, 9.685227, 11.057632, 12.273607, 10.473607, 8.264535, 5.656854, 2.828427, 0.0, 0.0, 0.0]"
335,"[0.0, 0.0, 0.0, 0.0, 0.824621, 1.844425, 3.060978, 4.517, 6.129451, 6.90483, 7.285026, 7.468474, 7.412452, 7.0, 6.4, 5.8, 4.8, 3.6, 2.8, 2.4, 2.6, 3.4, 5.0, 6.6, 8.209072, 9.418144, 10.454212, 10.89028, 10.929888, 10.564725, 8.355653, 7.519585, 6.483517, 5.463713, 4.514231, 5.645602, 5.807652, 6.328117, 7.308313, 8.539915, 9.534573, 10.380842, 11.068696, 11.349047, 11.386349, 11.147116, 10.459262, 9.612993, 8.746856, 7.749715, 7.12783, 7.019816, 7.467742, 8.253528, 9.487338, 11.022427, 12.416634, 10.406659, 8.206659, 5.806659, 3.006659, 0.0, 0.0, 0.0]"
336,"[0.0, 0.0, 0.0, 0.0, 1.0, 2.2, 3.8, 5.412452, 7.024903, 7.674145, 8.182946, 8.106101, 7.93587, 7.489609, 6.734793, 5.658448, 4.735294, 3.693073, 2.974096, 2.928197, 3.295742, 4.257792, 5.578257, 7.257072, 8.671286, 10.079605, 11.078805, 11.919589, 12.073911, 11.811169, 9.40285, 8.40365, 7.123026, 5.919708, 5.119708, 6.519708, 6.570109, 7.100562, 8.033504, 9.042576, 10.050895, 10.838443, 11.427366, 11.817391, 11.808319, 11.6, 11.2, 10.6, 9.6, 8.8, 7.864911, 7.307132, 7.35104, 7.930939, 8.939258, 10.219932, 11.606138, 9.762229, 7.78233, 5.374012, 2.828427, 0.0, 0.0, 0.0]"
337,"[0.0, 0.0, 0.0, 0.0, 1.0, 2.4, 3.8, 5.4, 7.2, 8.0, 8.411077, 8.623529, 8.479551, 7.944462, 7.221495, 6.235039, 5.222587, 4.166565, 3.184497, 2.739919, 2.935102, 3.600013, 4.723168, 6.337692, 7.675008, 8.891272, 9.958742, 10.767968, 11.033932, 10.950956, 8.714889, 7.724149, 6.468801, 5.10547, 4.218674, 5.295707, 5.120256, 5.605273, 6.69207, 7.8554, 9.110748, 10.180626, 10.959516, 11.35307, 11.277801, 10.789329, 10.202503, 9.317585, 8.203425, 7.115363, 6.437645, 6.130044, 6.130044, 6.807762, 8.04383, 9.15799, 10.346172, 8.89015, 7.046241, 4.810173, 2.529822, 0.0, 0.0, 0.0]"
338,"[0.0, 0.0, 0.0, 0.0, 0.848528, 1.848528, 3.129153, 4.571373, 6.094528, 6.954801, 7.410823, 7.544411, 7.516404, 7.19325, 6.484449, 5.628427, 4.614214, 3.482843, 2.882843, 2.682843, 3.282843, 4.482843, 6.0, 7.6, 9.0, 10.0, 10.8, 11.2, 11.2, 11.2, 9.0, 8.2, 7.2, 6.077033, 5.157658, 6.438283, 6.280503, 6.967299, 7.949392, 9.001148, 10.161835, 11.439908, 11.961431, 12.310624, 12.104272, 11.78899, 10.912605, 10.201342, 9.235244, 8.450856, 7.780848, 7.53694, 7.639883, 8.397663, 9.256022, 10.4, 11.6, 9.8, 7.6, 5.4, 2.8, 0.0, 0.0, 0.0]"
339,"[0.0, 0.0, 0.0, 0.0, 0.894427, 2.060618, 3.402258, 4.925413, 6.634214, 7.389029, 8.066747, 8.337558, 8.414403, 7.905603, 7.45636, 6.412452, 5.4, 4.0, 3.2, 2.6, 2.8, 3.6, 5.0, 6.4, 7.8, 9.0, 9.8, 10.4, 10.8, 10.8, 8.6, 7.8, 6.6, 5.224621, 4.073149, 5.073149, 4.93806, 5.461215, 6.345395, 7.555992, 8.888373, 9.955843, 10.596019, 11.013247, 10.79803, 10.162706, 9.392375, 8.509669, 7.54983, 6.782954, 6.285898, 6.123848, 6.443223, 7.287008, 8.419047, 9.627366, 10.835047, 9.235047, 7.225072, 5.016, 2.607681, 0.0, 0.0, 0.0]"
340,"[0.0, 0.0, 0.0, 0.0, 0.824621, 1.844425, 3.060978, 4.517, 6.129451, 6.90483, 7.485026, 7.668474, 7.612452, 7.2, 6.6, 5.6, 4.6, 3.4, 2.6, 2.2, 2.6, 3.6, 5.0, 6.6, 8.2, 9.409072, 10.218144, 10.854212, 10.89382, 10.504897, 8.295825, 7.286753, 6.250685, 5.230881, 4.419804, 5.700429, 5.942649, 6.463114, 7.330107, 8.493437, 9.493163, 10.459262, 11.001538, 11.523061, 11.35973, 10.923288, 10.077019, 9.228491, 8.100797, 7.442438, 6.815082, 6.853032, 7.438818, 8.358193, 9.616553, 11.2, 12.6, 10.6, 8.4, 5.8, 3.0, 0.0, 0.0, 0.0]"
341,"[0.0, 0.0, 0.0, 0.0, 0.72111, 1.72111, 3.001735, 4.415949, 5.830162, 6.551272, 6.993493, 7.054509, 6.905206, 6.568026, 5.950426, 5.140661, 4.081863, 3.016952, 2.339919, 2.147754, 2.409725, 3.391794, 4.900595, 6.397961, 7.805113, 9.146754, 10.090915, 10.591187, 10.902892, 10.863285, 8.627217, 7.832358, 6.700319, 5.491247, 4.491247, 5.756158, 5.991186, 6.81152, 7.899581, 8.987643, 10.063671, 10.831038, 11.439665, 11.683984, 11.759254, 11.418314, 10.722169, 9.828628, 8.837888, 8.088771, 7.488771, 7.368306, 7.555854, 8.423286, 9.218144, 10.226463, 11.433597, 9.633597, 7.424525, 5.215453, 2.807134, 0.0, 0.0, 0.0]"
342,"[0.0, 0.0, 0.0, 0.0, 0.824621, 1.901654, 3.166565, 4.622587, 6.078609, 6.668202, 7.191169, 7.326258, 7.270236, 7.014214, 6.6, 5.8, 4.8, 3.682843, 2.882843, 2.482843, 2.682843, 3.682843, 5.0, 6.6, 8.009975, 9.219047, 10.099398, 10.779749, 10.86781, 10.755202, 8.54613, 7.679992, 6.599641, 5.51158, 4.691247, 5.857437, 6.005273, 6.50233, 7.628359, 8.714657, 9.989777, 10.760108, 11.479661, 11.5897, 11.580435, 11.03649, 10.41291, 9.608753, 8.714326, 7.840885, 7.224143, 7.127794, 7.485114, 8.297539, 9.546736, 10.866111, 12.117224, 10.147452, 7.993386, 5.463564, 2.863564, 0.0, 0.0, 0.0]"
343,"[0.0, 0.0, 0.0, 0.0, 1.0, 2.4, 4.0, 5.6, 7.212452, 7.861694, 8.110936, 8.034091, 7.957245, 7.609705, 7.037496, 6.212874, 5.28972, 4.366565, 3.73411, 3.657077, 3.963826, 4.925876, 6.022933, 7.370376, 8.778695, 10.055643, 10.934904, 11.570229, 11.92271, 11.573518, 9.165199, 8.285937, 7.36777, 6.20158, 5.359006, 6.759006, 6.796956, 7.382743, 8.416553, 9.6, 10.8, 11.807681, 12.43827, 12.671375, 12.70448, 12.384831, 11.621059, 10.801547, 9.980893, 8.947788, 8.267437, 8.03598, 7.933704, 8.475318, 9.491927, 10.491927, 11.74304, 10.034239, 7.880173, 5.463564, 2.863564, 0.0, 0.0, 0.0]"
344,"[0.0, 0.0, 0.0, 0.0, 1.0, 2.131371, 3.545584, 5.107634, 6.828099, 7.440551, 8.098034, 8.392622, 8.286594, 7.83104, 7.483499, 6.519266, 5.531575, 4.641239, 3.976328, 3.536038, 3.927969, 4.662881, 6.136803, 7.745876, 9.528935, 10.920064, 12.064042, 12.624434, 13.015362, 12.816, 10.208319, 9.208319, 8.022532, 6.764173, 5.636479, 7.198529, 7.318994, 8.237161, 9.401513, 10.72857, 11.886814, 13.139562, 13.780395, 14.247616, 14.201185, 13.813272, 12.840058, 11.710753, 10.434596, 9.315566, 8.595637, 8.683699, 9.272895, 10.206428, 11.592634, 13.205086, 14.372789, 11.939684, 9.309094, 6.480667, 3.255764, 0.0, 0.0, 0.0]"
345,"[0.0, 0.0, 0.0, 0.0, 0.824621, 1.844425, 3.109336, 4.374247, 5.897402, 6.595935, 7.018352, 7.195661, 7.211375, 6.819591, 6.296437, 5.702744, 4.707737, 3.827113, 3.095742, 2.728197, 2.774096, 3.607508, 4.649728, 5.970193, 7.224534, 8.389233, 9.262674, 9.974519, 10.223826, 10.234396, 8.17527, 7.362845, 6.208779, 5.239007, 4.418674, 5.618674, 5.677033, 6.277033, 7.077033, 8.209072, 9.218144, 10.054212, 10.734563, 11.022625, 10.710919, 10.210647, 9.497734, 8.673405, 7.999558, 7.302191, 6.99339, 6.884449, 7.077669, 7.560822, 8.701762, 9.831585, 11.137665, 9.488423, 7.591056, 5.250116, 2.720294, 0.0, 0.0, 0.0]"
346,"[0.0, 0.0, 0.0, 0.0, 1.0, 2.280625, 3.842675, 5.256888, 6.953945, 7.515995, 7.847821, 7.808926, 7.736353, 7.304208, 6.819191, 6.031361, 5.073891, 4.179464, 3.514553, 3.23752, 3.412899, 4.261427, 5.426665, 6.83664, 8.245712, 9.645712, 10.631499, 11.419047, 11.609072, 11.4, 9.0, 8.2, 7.0, 5.877033, 4.877033, 6.008404, 5.750045, 6.162496, 6.874318, 7.761114, 8.793074, 9.731784, 10.245361, 10.719249, 10.958482, 10.63906, 9.920759, 9.35678, 8.225409, 7.26557, 6.686572, 6.538736, 6.576686, 7.445315, 8.479125, 9.614214, 10.8, 9.2, 7.2, 5.0, 2.6, 0.0, 0.0, 0.0]"
347,"[0.0, 0.0, 0.0, 0.0, 0.894427, 2.236068, 3.678288, 5.398754, 7.09581, 7.898439, 8.277263, 8.397093, 8.118848, 7.763433, 7.232567, 6.406529, 5.410164, 4.415157, 3.673517, 3.107326, 3.289932, 4.065887, 5.327474, 6.697246, 8.377597, 9.580915, 10.713137, 11.437442, 11.703738, 11.433362, 9.153011, 8.13517, 6.779098, 5.54303, 4.427482, 5.504515, 5.462707, 5.998125, 6.809202, 8.123847, 9.282882, 10.104737, 10.772636, 11.302499, 11.329495, 10.802228, 10.27496, 9.517764, 8.393377, 7.357309, 6.848508, 6.35626, 6.541906, 7.295125, 8.249191, 9.555184, 11.021913, 9.313112, 7.34334, 5.189274, 2.683282, 0.0, 0.0, 0.0]"
348,"[0.0, 0.0, 0.0, 0.0, 0.72111, 1.72111, 2.852481, 4.266695, 5.828745, 6.549855, 7.073009, 7.20655, 7.008889, 6.663391, 6.240975, 5.31782, 4.452909, 3.436356, 2.619804, 2.232456, 2.526883, 3.468524, 4.917766, 6.415132, 8.018745, 9.360386, 10.227817, 10.986894, 11.289527, 10.853459, 8.617391, 7.822532, 6.491247, 5.291247, 4.657437, 5.922348, 6.157377, 6.924253, 8.012314, 9.126474, 10.202503, 11.083083, 11.655783, 11.900103, 11.783083, 11.501269, 10.583898, 9.779741, 8.712271, 7.765493, 7.106367, 7.093915, 7.292541, 8.263698, 9.521008, 10.789341, 12.052905, 10.241828, 8.00576, 5.531897, 2.863564, 0.0, 0.0, 0.0]"
349,"[0.0, 0.0, 0.0, 0.0, 0.8, 1.819804, 3.234017, 4.690039, 6.39884, 7.121995, 7.714642, 7.742649, 7.567252, 7.139076, 6.46445, 5.573109, 4.578102, 3.497477, 2.499695, 2.216852, 2.390169, 3.109146, 4.351366, 5.912432, 7.346747, 8.578349, 9.6749, 10.358709, 10.640829, 10.361294, 8.235265, 7.103894, 5.872292, 4.766067, 4.045602, 5.262154, 5.395695, 6.210068, 7.087631, 8.175692, 9.239491, 10.407685, 11.131989, 11.642941, 11.55488, 11.274529, 10.441424, 9.62077, 8.429004, 7.506037, 6.672227, 6.486441, 6.594454, 7.437028, 8.692376, 10.133866, 11.604094, 9.883629, 7.824503, 5.492122, 2.884441, 0.0, 0.0, 0.0]"
350,"[0.0, 0.0, 0.0, 0.0, 1.0, 2.4, 4.0, 5.8, 7.6, 8.411077, 8.822154, 8.871396, 8.527418, 8.069059, 7.335015, 6.348559, 5.299317, 4.243295, 3.184497, 2.828574, 3.080986, 3.745897, 4.958349, 6.46436, 7.802376, 8.888674, 10.065074, 10.732973, 11.070148, 10.854931, 8.6916, 7.692509, 6.489192, 5.363162, 4.519253, 5.735806, 5.558497, 6.004618, 6.793473, 7.947538, 9.071926, 10.147955, 10.860868, 11.308082, 11.163991, 10.833026, 10.303163, 9.467095, 8.44758, 7.603795, 6.725191, 6.356334, 6.568786, 7.141088, 8.034023, 9.408645, 10.472418, 8.859966, 7.071112, 5.011986, 2.505993, 0.0, 0.0, 0.0]"
351,"[0.0, 0.0, 0.0, 0.0, 0.8, 2.0, 3.4, 4.8, 6.4, 7.212452, 7.468474, 7.524496, 7.466136, 6.943169, 6.225145, 5.490233, 4.434211, 3.29257, 2.49838, 2.051167, 2.154677, 3.019588, 4.468831, 5.894789, 7.417347, 8.651852, 9.550271, 10.06436, 10.355559, 10.106253, 8.047127, 7.049986, 5.906459, 4.906459, 4.185994, 5.263027, 5.438478, 6.031125, 6.917922, 7.977048, 9.136083, 10.135382, 10.86387, 11.257425, 11.28636, 10.894201, 10.202503, 9.317585, 8.114267, 7.192396, 6.479858, 6.172257, 6.425036, 7.502069, 8.676818, 9.962057, 11.220416, 9.511615, 7.357549, 5.016609, 2.6, 0.0, 0.0, 0.0]"
352,"[0.0, 0.0, 0.0, 0.0, 1.019804, 2.236356, 3.836356, 5.636356, 7.436356, 8.216553, 8.6, 8.6, 8.214214, 7.828427, 7.028427, 6.228427, 5.228427, 4.214214, 3.247214, 3.071835, 3.291639, 4.147661, 5.591569, 7.232417, 8.748736, 10.145541, 11.106129, 11.768212, 12.012532, 11.730718, 9.314109, 8.420654, 7.131214, 5.998833, 5.139707, 6.404618, 6.493915, 6.997828, 7.797828, 8.761158, 9.828628, 10.632786, 11.32893, 11.66987, 11.847479, 11.60316, 11.030459, 10.322651, 9.323352, 8.148602, 7.341166, 6.838898, 6.838898, 7.585318, 8.699479, 9.892717, 11.27137, 9.56257, 7.474508, 5.194157, 2.720294, 0.0, 0.0, 0.0]"
353,"[0.0, 0.0, 0.0, 0.0, 1.341641, 2.864795, 4.65365, 6.540446, 8.540446, 9.198805, 9.519559, 9.574614, 9.531727, 9.093777, 8.374401, 7.661863, 6.666483, 5.455029, 4.692979, 4.489387, 4.699657, 5.463581, 6.800897, 8.236965, 9.759932, 10.948113, 12.055956, 12.754517, 12.992312, 12.62838, 10.098558, 9.087065, 7.941887, 6.748648, 5.793205, 7.31636, 7.31636, 7.690572, 8.690298, 9.750613, 10.75728, 11.64848, 12.434395, 12.660037, 12.760408, 12.393916, 11.680713, 10.884227, 9.990686, 9.005397, 8.25628, 7.981935, 7.906216, 8.529832, 9.506915, 10.761034, 12.012147, 10.20107, 7.965002, 5.531897, 2.863564, 0.0, 0.0, 0.0]"
354,"[0.0, 0.0, 0.0, 0.0, 0.894427, 2.060618, 3.402258, 4.743899, 6.267054, 7.081427, 7.564479, 7.83529, 7.893649, 7.770495, 7.261694, 6.612452, 5.6, 4.482843, 3.482843, 2.882843, 2.882843, 3.682843, 5.0, 6.4, 7.8, 9.0, 10.008319, 10.617391, 10.827366, 10.638443, 8.438443, 7.430124, 6.221052, 5.230881, 4.314231, 5.445602, 5.326227, 5.768447, 6.469108, 7.574681, 8.56934, 9.551456, 10.235265, 10.5148, 10.401596, 10.162363, 9.512073, 8.666669, 7.79804, 7.077434, 6.455549, 6.257311, 6.576686, 7.445315, 8.488197, 9.830967, 11.223887, 9.623887, 7.623887, 5.414815, 2.807134, 0.0, 0.0, 0.0]"
355,"[0.0, 0.0, 0.0, 0.0, 0.894427, 2.060618, 3.502838, 4.945059, 6.468213, 7.096941, 7.639551, 7.846573, 7.818566, 7.495411, 7.172257, 6.263456, 5.214214, 4.247214, 3.447214, 2.847214, 3.047214, 3.847214, 5.0, 6.4, 7.8, 9.0, 10.0, 10.6, 10.8, 10.6, 8.4, 7.4, 6.2, 5.024621, 4.224621, 5.224621, 5.089532, 5.612687, 6.57692, 7.636046, 8.799377, 9.866847, 10.507023, 10.844197, 10.76497, 10.445549, 9.810224, 8.927518, 7.967679, 7.252691, 6.625335, 6.328279, 6.647654, 7.481464, 8.416553, 9.8, 11.2, 9.6, 7.6, 5.4, 2.8, 0.0, 0.0, 0.0]"
356,"[0.0, 0.0, 0.0, 0.0, 1.0, 2.216553, 3.616553, 5.216553, 7.016553, 7.816553, 8.4, 8.6, 8.414214, 8.028427, 7.248231, 6.248231, 5.248231, 4.234017, 3.267017, 2.879669, 3.099473, 3.764384, 4.887539, 6.149126, 7.575796, 8.79206, 9.85953, 10.499706, 10.954236, 10.781906, 8.545839, 7.655678, 6.56938, 5.425854, 4.539057, 5.558861, 5.381552, 5.827673, 6.51667, 7.670736, 8.991872, 10.007312, 10.720225, 11.220497, 11.066431, 10.725491, 10.04514, 9.409072, 8.416553, 7.493585, 6.659776, 6.191147, 6.153197, 6.936644, 8.022942, 9.298063, 10.886986, 9.324936, 7.324936, 5.161605, 2.720294, 0.0, 0.0, 0.0]"
357,"[0.0, 0.0, 0.0, 0.0, 1.0, 2.280625, 3.722845, 5.335297, 6.947748, 7.656549, 8.084725, 8.291747, 8.291747, 8.079295, 7.570495, 6.661694, 5.612452, 4.282843, 3.282843, 2.682843, 2.882843, 3.697056, 5.026665, 6.437742, 7.847717, 9.047717, 9.833504, 10.421052, 10.809975, 10.8, 8.6, 7.8, 6.6, 5.294427, 4.294427, 5.37146, 5.236371, 5.885613, 6.888553, 8.042619, 9.201654, 10.353352, 11.03649, 11.302455, 11.148389, 10.75623, 9.90167, 9.01151, 8.18982, 7.406373, 6.962464, 6.800414, 6.958193, 7.626528, 8.646043, 9.679148, 10.909737, 9.309737, 7.299762, 5.063694, 2.630589, 0.0, 0.0, 0.0]"
358,"[0.0, 0.0, 0.0, 0.0, 0.848528, 1.979899, 3.260524, 4.702744, 6.315196, 6.989822, 7.381606, 7.557003, 7.528996, 7.116545, 6.59339, 5.702691, 4.693883, 3.562512, 2.962512, 2.762512, 3.330056, 4.297056, 5.825291, 7.235266, 8.635266, 9.635266, 10.621052, 11.009975, 11.2, 11.2, 9.0, 8.2, 7.216553, 6.093585, 5.024956, 6.305581, 6.318033, 6.890335, 7.872428, 9.073438, 10.400494, 11.508336, 12.280732, 12.629924, 12.560285, 12.078634, 11.338238, 10.474045, 9.627776, 8.706675, 8.036668, 7.656769, 7.759713, 8.397663, 9.256022, 10.4, 11.6, 9.8, 7.6, 5.4, 2.8, 0.0, 0.0, 0.0]"
359,"[0.0, 0.0, 0.0, 0.0, 0.894427, 2.159338, 3.500979, 5.113431, 6.675481, 7.343103, 7.775248, 7.847821, 7.515995, 7.120135, 6.558085, 5.582139, 4.615139, 3.734514, 3.168324, 2.992945, 3.438025, 4.433032, 5.919828, 7.378954, 8.790401, 10.04082, 10.939539, 11.393683, 11.614908, 11.466901, 9.050292, 8.232507, 7.172192, 6.023212, 5.012183, 6.426397, 6.503242, 7.222617, 8.291247, 9.423286, 10.218144, 11.051249, 11.287317, 11.367668, 11.438947, 11.317936, 10.782198, 10.195372, 9.329235, 8.448884, 7.760822, 7.319478, 7.379036, 7.934594, 8.770662, 9.876655, 11.103915, 9.395114, 7.425342, 5.189274, 2.683282, 0.0, 0.0, 0.0]"
360,"[0.0, 0.0, 0.0, 0.0, 0.894427, 2.175052, 3.455677, 5.017727, 6.579777, 7.2474, 7.579226, 7.821756, 7.601347, 7.11633, 6.631313, 5.651317, 4.575376, 3.633735, 3.156702, 2.90429, 3.536746, 4.545554, 5.854355, 7.342416, 8.798146, 9.769303, 10.746386, 11.246657, 11.367668, 11.287317, 9.051249, 8.032358, 7.088197, 6.045315, 5.12594, 6.467581, 6.509389, 7.088387, 8.010258, 9.070573, 10.069872, 11.030459, 11.692543, 12.110475, 11.932866, 11.755256, 11.225443, 10.331902, 9.349064, 8.641755, 7.878424, 7.591628, 7.790254, 8.306707, 9.086753, 10.317342, 11.347931, 9.536854, 7.497247, 5.261179, 2.630589, 0.0, 0.0, 0.0]"
361,"[0.0, 0.0, 0.0, 0.0, 1.019804, 2.236356, 3.692378, 5.1484, 6.857201, 7.449849, 7.845748, 7.951776, 7.909967, 7.332537, 6.568614, 5.677273, 4.515223, 3.501009, 2.816852, 2.689434, 3.248949, 4.410999, 5.708055, 7.38687, 8.946111, 9.997867, 10.94181, 11.750746, 11.860785, 11.63956, 9.30718, 8.413638, 7.039016, 5.969139, 5.126565, 6.526565, 6.514114, 7.182743, 8.216553, 9.4, 10.6, 11.6, 12.4, 12.608319, 12.417391, 11.856999, 11.068076, 10.068076, 9.059757, 8.250685, 7.625291, 7.337368, 7.624164, 8.224164, 9.104515, 10.251551, 11.448691, 9.561895, 7.561895, 5.281544, 2.720294, 0.0, 0.0, 0.0]"
362,"[0.0, 0.0, 0.0, 0.0, 1.019804, 2.236356, 3.65057, 5.263022, 7.063022, 7.843218, 8.426665, 8.612452, 8.6, 8.2, 7.6, 6.8, 5.8, 4.6, 3.647214, 3.079669, 3.099473, 3.913687, 5.162929, 6.559624, 8.01523, 9.149492, 10.076218, 10.843585, 11.235744, 11.117455, 8.963389, 8.078471, 6.878414, 5.642346, 4.692378, 5.769411, 5.47958, 5.875479, 6.595944, 7.739471, 8.994819, 10.161009, 10.784625, 11.218226, 11.142957, 10.654485, 9.971346, 9.1913, 8.203425, 7.281554, 6.71827, 6.410668, 6.477801, 7.208977, 8.196853, 9.257168, 10.332136, 8.808982, 6.911615, 4.757549, 2.416609, 0.0, 0.0, 0.0]"
363,"[0.0, 0.0, 0.0, 0.0, 0.72111, 1.569638, 2.701009, 4.14323, 5.58545, 6.205981, 6.880607, 7.205258, 6.97959, 6.753922, 6.212282, 5.289127, 4.233105, 3.216553, 2.4, 2.2, 2.424621, 3.438835, 4.851286, 6.262363, 7.871435, 9.246814, 10.032601, 10.620149, 10.809072, 10.4, 8.2, 7.4, 6.416553, 5.493585, 4.824956, 6.267177, 6.479628, 7.05193, 7.944669, 8.872424, 9.762584, 10.591444, 11.210908, 11.503879, 11.570782, 11.08231, 10.338055, 9.34395, 8.361833, 7.577444, 7.147749, 7.063144, 7.648931, 8.568306, 9.626665, 11.012452, 12.4, 10.4, 8.2, 5.8, 3.0, 0.0, 0.0, 0.0]"
364,"[0.0, 0.0, 0.0, 0.0, 1.019804, 2.236356, 3.65057, 5.263022, 7.063022, 7.843218, 8.426665, 8.612452, 8.4, 8.0, 7.4, 6.6, 5.8, 5.0, 4.047214, 3.479669, 3.499473, 4.155495, 5.204737, 6.65489, 8.176501, 9.392765, 10.269124, 10.952262, 11.218226, 11.06416, 8.828092, 7.837352, 6.769883, 5.806552, 5.006552, 6.223104, 6.337486, 6.781375, 7.551147, 8.505213, 9.6296, 10.453929, 10.981196, 11.220497, 11.275503, 10.944538, 10.464188, 9.82812, 8.8356, 7.891439, 7.162088, 6.776302, 6.738352, 7.521799, 8.537239, 9.697925, 11.004006, 9.441956, 7.441956, 5.161605, 2.720294, 0.0, 0.0, 0.0]"
365,"[0.0, 0.0, 0.0, 0.0, 1.0, 2.2, 3.6, 5.212452, 6.861694, 7.510936, 8.019737, 8.142891, 7.872081, 7.389029, 6.634214, 5.750034, 4.826879, 4.085239, 3.551504, 3.551504, 3.858254, 4.820304, 5.91736, 7.410933, 8.796857, 10.106797, 11.05074, 11.859677, 11.969716, 11.925433, 9.484122, 8.59058, 7.498801, 6.428923, 5.457767, 6.87198, 6.859529, 7.445315, 8.479125, 9.622532, 10.616638, 11.647227, 12.12109, 12.394954, 12.266986, 12.012733, 11.27951, 10.454889, 9.630268, 8.949917, 8.395851, 8.298485, 8.493151, 9.12426, 9.998123, 11.118417, 12.230461, 10.386552, 8.106201, 5.632338, 2.912044, 0.0, 0.0, 0.0]"
366,"[0.0, 0.0, 0.0, 0.0, 1.0, 2.216553, 3.672574, 5.321817, 7.030617, 7.739418, 8.135317, 8.291747, 8.084725, 7.656549, 6.947748, 6.183825, 5.203829, 4.361609, 3.680984, 3.313439, 3.464911, 4.11308, 5.233545, 6.520342, 7.947012, 9.18308, 10.138523, 10.758998, 11.026268, 10.864508, 8.62844, 7.915527, 6.740778, 5.586712, 4.583772, 5.800325, 5.691384, 6.325193, 7.13627, 8.251818, 9.271334, 10.093188, 10.573539, 11.103402, 11.247493, 10.720225, 10.192958, 9.435762, 8.311375, 7.357309, 6.848508, 6.539707, 6.629004, 7.25636, 8.292428, 9.566292, 10.886586, 9.274134, 7.430225, 5.194157, 2.720294, 0.0, 0.0, 0.0]"
367,"[0.0, 0.0, 0.0, 0.0, 1.0, 2.2, 3.6, 5.2, 6.8, 7.6, 8.0, 8.212452, 8.026665, 7.643218, 6.863022, 6.263022, 5.25057, 4.436356, 3.785489, 3.660113, 3.737146, 4.478786, 5.667641, 7.161081, 8.429985, 9.794263, 10.732973, 11.22447, 11.445694, 11.408393, 8.967082, 8.128951, 7.113512, 6.049713, 5.123684, 6.523684, 6.693915, 7.272913, 8.095968, 9.132036, 10.165141, 10.961009, 11.525419, 11.885811, 12.049743, 11.616638, 11.208319, 10.6, 9.8, 8.814214, 8.270236, 7.712456, 7.609512, 8.135541, 8.98407, 10.073632, 11.322136, 9.62508, 7.499051, 5.236309, 2.690725, 0.0, 0.0, 0.0]"
368,"[0.0, 0.0, 0.0, 0.0, 0.8, 2.0, 3.2, 4.6, 6.014214, 6.863456, 7.18661, 7.509765, 7.451406, 7.203383, 6.55414, 5.752096, 4.676155, 3.534514, 2.651167, 2.09838, 2.271697, 2.990674, 4.403125, 6.007079, 7.559865, 8.665438, 9.625277, 9.992724, 10.085827, 9.782883, 7.782883, 6.937479, 5.852007, 4.872108, 4.175052, 5.391605, 5.567002, 6.381375, 7.278742, 8.366803, 9.430601, 10.210647, 10.710919, 11.022625, 11.134563, 10.654212, 10.218144, 9.409072, 8.416553, 7.481464, 6.847654, 6.461868, 6.905776, 7.689224, 8.704664, 10.099723, 11.528044, 9.684135, 7.684135, 5.403784, 2.842534, 0.0, 0.0, 0.0]"
369,"[0.0, 0.0, 0.0, 0.0, 1.019804, 2.284715, 3.740737, 5.263892, 6.876343, 7.577004, 8.032558, 8.138586, 8.029645, 7.548564, 6.828099, 5.956162, 4.841326, 3.827113, 3.328197, 3.222624, 3.654721, 4.649728, 6.093637, 7.624512, 9.062466, 10.287834, 11.351606, 11.924306, 12.177585, 11.99927, 9.493277, 8.599736, 7.463752, 6.213333, 5.324178, 6.724178, 6.711726, 7.431101, 8.464911, 9.6, 10.807681, 11.815362, 12.445951, 12.87654, 12.712608, 12.340995, 11.577223, 10.757711, 9.727122, 8.891054, 8.054986, 7.734232, 7.712009, 8.171135, 9.212446, 10.420127, 11.849937, 10.061083, 8.001957, 5.560646, 2.952965, 0.0, 0.0, 0.0]"
370,"[0.0, 0.0, 0.0, 0.0, 1.019804, 2.284715, 3.933957, 5.642758, 7.431612, 8.200663, 8.656217, 8.72744, 8.580689, 8.206048, 7.548564, 6.676628, 5.588618, 4.426568, 3.612355, 3.202094, 3.353566, 4.135324, 5.297374, 6.697374, 8.139594, 9.471975, 10.390142, 11.334085, 11.570153, 11.376594, 9.044213, 8.154053, 6.928685, 5.692617, 4.742649, 5.942649, 5.900429, 6.419804, 7.419804, 8.6, 9.8, 10.8, 11.4, 11.808319, 11.817391, 11.427366, 10.639818, 9.852269, 8.64395, 7.634878, 6.889814, 6.619003, 6.619003, 7.419003, 8.499354, 9.780028, 11.129112, 9.51666, 7.51666, 5.236309, 2.690725, 0.0, 0.0, 0.0]"
371,"[0.0, 0.0, 0.0, 0.0, 1.0, 2.4, 4.0, 5.6, 7.4, 8.211077, 8.423529, 8.472771, 8.328793, 7.793704, 7.002431, 6.2146, 5.165358, 4.109336, 3.41011, 3.111417, 3.363829, 4.286983, 5.675838, 7.169278, 8.780549, 10.144827, 10.902023, 11.674418, 11.895643, 11.689292, 9.247981, 8.40985, 7.113512, 6.049713, 4.923684, 6.337898, 6.351699, 7.05656, 7.809779, 8.963845, 9.829982, 10.847823, 11.351915, 11.815249, 12.069502, 11.789151, 11.126364, 10.264953, 9.246061, 8.179383, 7.460008, 7.210981, 7.318994, 7.791577, 8.782317, 10.007685, 11.224124, 9.503659, 7.616862, 5.284482, 2.778489, 0.0, 0.0, 0.0]"
372,"[0.0, 0.0, 0.0, 0.0, 1.0, 2.2, 3.614214, 5.263456, 6.912698, 7.621499, 8.1303, 8.239241, 8.032219, 7.663601, 7.120991, 6.133301, 5.242602, 4.247595, 3.68808, 3.52189, 4.14242, 5.122416, 6.675203, 8.080121, 9.48844, 10.692384, 11.625517, 12.186767, 12.469056, 12.186767, 9.641182, 8.792654, 7.673625, 6.788461, 6.076645, 7.689097, 7.803117, 8.400505, 9.113418, 10.329794, 11.347931, 12.144535, 12.904928, 13.27654, 13.253632, 12.832115, 12.234409, 11.245486, 10.250257, 9.291818, 8.791547, 8.668368, 9.020622, 9.849481, 10.920533, 12.211732, 13.60518, 11.441849, 9.000538, 6.280244, 3.280244, 0.0, 0.0, 0.0]"
373,"[0.0, 0.0, 0.0, 0.0, 1.2, 2.8, 4.611077, 6.422154, 8.461762, 9.30137, 9.598736, 9.757431, 9.735208, 9.308052, 8.610085, 7.878909, 6.803564, 5.61471, 4.723369, 4.381728, 4.496162, 5.214187, 6.614187, 8.173427, 9.581746, 10.991846, 12.070119, 12.760844, 12.888812, 12.760844, 10.070119, 9.076451, 7.827947, 6.684539, 5.804188, 7.218401, 7.170587, 7.625733, 8.448884, 9.522747, 10.582397, 11.601487, 12.311802, 12.831421, 12.757558, 12.483695, 11.815362, 11.007681, 10.012452, 9.135606, 8.377827, 8.098292, 8.278191, 8.791768, 9.676933, 11.077246, 12.480881, 10.500982, 8.374953, 5.966634, 3.1241, 0.0, 0.0, 0.0]"
374,"[0.0, 0.0, 0.0, 0.0, 1.0, 2.216553, 3.630766, 5.243218, 6.89246, 7.601261, 7.99716, 8.025167, 7.854936, 7.486318, 6.777517, 6.059493, 5.217273, 4.175052, 3.341641, 3.062751, 3.448949, 4.410999, 5.854908, 7.407694, 8.966935, 10.127621, 11.071564, 11.560036, 11.892416, 11.671191, 9.22988, 8.336339, 7.135329, 5.969139, 5.174924, 6.574924, 6.562472, 7.231101, 8.264911, 9.4, 10.4, 11.407681, 12.040786, 12.273891, 12.154242, 11.842303, 11.078531, 10.257878, 9.238986, 8.358635, 7.670574, 7.475907, 7.572257, 8.127815, 8.963883, 10.163883, 11.378204, 9.669404, 7.699632, 5.463564, 2.863564, 0.0, 0.0, 0.0]"
375,"[0.0, 0.0, 0.0, 0.0, 1.280625, 2.842675, 4.686584, 6.686584, 8.849914, 9.456086, 9.863807, 9.728699, 9.4375, 8.923412, 8.492637, 7.599899, 6.785525, 5.797835, 4.973214, 4.517192, 4.640159, 5.358183, 6.647048, 8.230746, 9.630746, 11.230746, 12.225975, 12.823681, 13.045951, 12.882019, 10.082019, 9.285415, 8.290186, 6.924508, 6.13066, 7.544874, 7.454262, 7.84181, 8.85725, 9.69538, 10.971892, 11.797011, 12.487736, 12.768635, 12.929595, 12.519221, 11.973636, 11.126821, 10.127621, 9.24836, 8.410229, 8.11903, 8.314729, 8.988747, 10.057286, 11.4222, 12.541826, 10.502218, 8.26615, 5.635561, 2.828427, 0.0, 0.0, 0.0]"
376,"[0.0, 0.0, 0.0, 0.0, 0.894427, 2.060618, 3.502838, 5.11529, 6.727741, 7.542115, 8.025167, 8.232188, 8.03395, 7.821499, 7.312698, 6.463456, 5.414214, 4.282843, 3.282843, 2.682843, 2.882843, 3.697056, 5.026665, 6.437742, 7.847717, 9.056789, 9.842576, 10.430124, 10.819047, 10.809072, 8.6, 7.8, 6.619804, 5.140914, 3.989442, 5.066475, 4.883028, 5.475675, 6.565642, 7.805175, 9.008493, 10.132881, 10.756497, 11.181488, 11.152553, 10.758998, 10.03051, 9.136083, 8.164926, 7.3058, 6.619003, 6.420765, 6.787925, 7.420381, 8.561321, 9.702261, 10.888047, 9.179247, 7.28188, 4.94094, 2.6, 0.0, 0.0, 0.0]"
377,"[0.0, 0.0, 0.0, 0.0, 0.848528, 2.014719, 3.356359, 4.698, 6.221155, 7.021869, 7.504921, 7.577493, 7.635853, 7.312698, 6.663456, 5.614214, 4.6, 3.482843, 2.882843, 2.882843, 3.482843, 4.682843, 6.2, 7.6, 9.0, 10.2, 11.207681, 11.816, 12.025072, 11.635047, 9.235047, 8.227366, 7.019047, 5.829779, 4.985994, 6.400208, 6.362258, 6.882723, 7.862919, 9.105047, 10.236418, 11.219953, 11.907807, 12.469056, 12.224068, 11.841815, 11.183026, 10.336757, 9.189721, 8.468611, 7.828435, 7.590881, 7.839908, 8.634767, 9.600865, 10.884844, 12.242261, 10.431184, 8.222112, 5.813793, 3.006659, 0.0, 0.0, 0.0]"
378,"[0.0, 0.0, 0.0, 0.0, 1.16619, 2.608411, 4.131566, 5.840366, 7.737733, 8.415451, 8.81714, 8.906437, 8.810087, 8.312721, 7.668812, 6.649524, 5.861694, 4.814928, 4.309355, 4.129159, 4.718751, 5.705207, 7.179129, 8.565053, 10.075071, 11.19068, 11.979603, 12.623277, 12.759535, 12.465781, 9.935959, 9.233325, 8.162495, 7.345886, 6.56584, 8.274641, 8.264071, 8.81495, 9.720943, 11.043409, 12.198173, 13.174941, 13.797288, 14.011589, 13.706964, 13.12375, 12.540537, 11.84292, 10.831427, 10.078029, 9.641587, 9.341135, 9.533425, 10.385873, 11.385703, 12.704071, 14.285071, 12.00472, 9.443471, 6.723176, 3.560899, 0.0, 0.0, 0.0]"
379,"[0.0, 0.0, 0.0, 0.0, 1.131371, 2.411996, 3.854216, 5.466668, 7.255522, 7.913006, 8.341182, 8.548203, 8.391774, 8.017133, 7.444831, 6.560651, 5.632519, 4.897608, 4.308015, 4.091463, 4.666842, 5.745731, 6.835698, 8.220149, 9.653254, 10.727118, 11.59545, 12.258237, 12.523028, 12.370274, 9.89641, 9.039155, 7.965291, 6.905641, 6.148445, 7.760897, 7.793729, 8.393729, 9.259866, 10.297961, 11.405804, 12.340383, 13.023665, 13.426596, 13.281955, 12.902601, 12.278178, 11.564668, 10.768183, 10.072039, 9.428155, 9.160885, 9.354445, 9.973641, 11.031665, 12.287573, 13.62568, 11.462349, 8.956357, 6.177868, 3.224903, 0.0, 0.0, 0.0]"
380,"[0.0, 0.0, 0.0, 0.0, 0.894427, 2.159338, 3.682493, 5.391294, 7.040536, 7.75856, 8.106101, 8.182946, 7.874145, 7.639117, 7.243218, 6.630766, 5.830766, 4.87798, 4.096222, 3.70429, 3.920843, 4.576865, 5.97356, 7.380712, 8.836442, 9.96083, 10.921417, 11.313576, 11.510036, 11.288811, 8.947871, 8.054417, 7.232562, 6.196494, 5.59339, 7.205842, 7.403152, 7.988939, 8.952269, 9.828628, 10.722169, 11.787382, 12.57306, 13.130023, 13.077993, 12.611608, 11.669839, 10.592962, 9.395823, 8.557693, 8.080135, 8.080135, 8.534665, 9.452821, 10.730895, 12.331123, 13.649491, 11.486161, 9.044849, 6.324555, 3.162278, 0.0, 0.0, 0.0]"
381,"[0.0, 0.0, 0.0, 0.0, 1.019804, 2.236356, 3.848808, 5.648808, 7.448808, 8.240081, 8.867437, 8.904228, 8.813029, 8.27794, 7.543896, 6.77702, 5.760233, 4.451433, 3.633735, 3.381323, 3.324094, 4.147661, 5.591569, 7.232417, 8.748736, 10.145541, 11.106129, 11.768212, 11.916219, 11.634405, 9.217796, 8.324341, 7.034901, 6.015386, 5.221171, 6.663391, 6.984145, 7.893622, 8.939811, 10.083219, 11.202248, 11.96602, 12.447672, 12.690923, 12.699214, 12.107735, 11.469826, 10.474597, 9.530654, 8.528258, 8.170938, 7.909967, 8.385577, 9.103878, 10.357997, 11.65759, 13.053624, 10.965563, 8.685212, 6.016879, 3.104835, 0.0, 0.0, 0.0]"
382,"[0.0, 0.0, 0.0, 0.0, 0.894427, 2.060618, 3.502838, 4.945059, 6.55751, 7.371884, 7.914494, 8.121516, 8.093509, 7.681057, 7.172257, 6.263456, 5.214214, 4.082843, 3.282843, 2.682843, 2.882843, 3.499395, 4.829004, 6.240081, 7.650056, 8.859128, 10.042576, 10.630124, 10.819047, 10.809072, 8.6, 7.6, 6.419804, 5.314231, 4.314231, 5.391264, 5.405478, 6.034916, 6.984398, 8.072459, 9.149492, 10.076218, 10.663044, 10.878261, 10.676996, 10.243395, 9.514907, 8.62048, 7.826265, 7.156021, 6.635556, 6.423104, 6.730706, 7.363161, 8.42696, 9.700823, 11.164387, 9.515145, 7.617778, 5.337428, 2.863564, 0.0, 0.0, 0.0]"
383,"[0.0, 0.0, 0.0, 0.0, 1.216553, 2.630766, 4.243218, 6.054295, 8.054295, 8.837742, 9.234606, 9.433231, 9.271396, 8.727418, 7.992329, 7.201056, 6.2146, 5.389979, 4.655067, 4.390156, 4.536543, 5.324373, 6.288607, 7.626622, 8.959003, 10.234124, 11.062983, 11.835379, 12.184572, 11.97822, 9.536909, 8.816063, 7.596454, 6.453046, 5.527017, 6.94123, 6.870008, 7.425733, 8.314888, 9.455828, 10.709948, 11.729038, 12.462261, 12.915876, 13.182617, 12.524259, 11.655926, 10.625337, 9.630108, 8.364067, 7.796313, 7.558363, 7.938262, 8.451839, 9.518518, 10.767022, 12.178186, 10.198287, 8.072257, 5.663939, 2.973214, 0.0, 0.0, 0.0]"
384,"[0.0, 0.0, 0.0, 0.0, 1.16619, 2.507831, 4.120283, 5.732734, 7.453199, 8.130918, 8.633186, 8.717791, 8.667389, 8.389145, 7.82586, 6.981952, 6.133423, 5.203829, 4.361609, 3.975411, 4.141601, 4.735294, 5.823303, 7.282429, 8.62407, 9.874489, 11.217946, 12.217775, 12.499589, 12.351582, 9.934973, 8.67245, 7.394376, 6.184807, 5.438387, 6.894409, 6.983706, 7.352562, 8.231166, 9.520115, 10.732426, 12.032018, 12.941235, 13.347869, 12.953348, 12.521083, 11.578811, 10.567317, 9.60673, 8.784876, 8.148808, 8.022945, 8.211511, 9.096429, 10.40251, 11.775723, 13.284425, 11.387059, 9.046119, 6.325825, 3.352611, 0.0, 0.0, 0.0]"
385,"[0.0, 0.0, 0.0, 0.0, 1.216553, 2.829004, 4.441456, 6.285364, 8.182731, 8.93595, 9.112353, 9.386698, 9.263254, 8.808108, 8.004527, 7.215672, 6.153497, 5.033032, 4.311922, 4.277102, 4.691316, 5.58716, 7.113189, 8.65482, 10.069034, 11.345545, 12.467614, 13.061879, 13.360387, 13.095154, 10.404429, 9.405804, 8.247559, 7.02795, 6.012511, 7.612511, 7.579679, 8.057237, 9.148701, 10.514379, 11.52206, 12.518117, 13.278509, 13.645404, 13.622496, 13.223887, 12.426728, 11.426728, 10.226728, 9.033261, 8.347343, 8.057833, 8.101742, 8.910061, 10.041432, 11.346704, 12.599453, 10.755544, 8.347225, 5.801641, 2.973214, 0.0, 0.0, 0.0]"
386,"[0.0, 0.0, 0.0, 0.0, 1.077033, 2.418674, 3.941828, 5.730683, 7.617479, 8.427242, 8.92951, 9.103412, 9.011614, 8.686868, 8.080696, 7.236787, 6.388259, 5.138417, 4.02358, 3.464066, 3.595436, 4.161122, 5.410965, 6.94365, 8.502891, 9.812831, 11.006298, 11.641623, 11.994104, 11.77288, 9.331569, 8.166108, 7.114352, 5.859004, 5.016431, 6.430644, 6.600875, 7.164159, 8.323194, 9.514961, 10.708428, 11.695977, 12.452068, 12.624319, 12.425072, 11.856999, 11.068076, 10.268076, 9.273971, 8.479112, 7.962659, 7.872047, 8.051946, 8.900474, 10.031845, 11.481904, 12.734653, 10.754754, 8.492012, 5.946427, 2.973214, 0.0, 0.0, 0.0]"
387,"[0.0, 0.0, 0.0, 0.0, 1.341641, 2.864795, 4.573596, 6.282397, 8.126306, 8.824273, 9.311093, 9.402293, 9.493492, 9.262034, 8.438979, 7.448808, 6.448808, 5.281263, 4.234497, 3.842566, 4.039315, 4.851766, 6.030388, 7.474677, 8.886124, 10.143435, 11.251278, 11.970023, 12.300988, 12.218986, 9.745122, 8.67407, 7.558462, 6.237326, 5.24945, 6.530075, 6.442883, 6.872578, 7.852774, 9.094903, 10.359862, 11.343397, 12.060737, 12.502049, 12.25706, 11.770602, 11.111814, 10.271029, 9.243932, 8.361226, 7.64374, 7.406187, 7.496798, 8.291657, 9.419351, 10.884844, 12.262151, 10.451074, 8.242002, 5.833683, 3.026549, 0.0, 0.0, 0.0]"
388,"[0.0, 0.0, 0.0, 0.0, 1.264911, 2.720933, 4.564842, 6.408751, 8.418726, 9.153815, 9.707768, 9.674936, 9.48027, 9.119537, 8.336089, 7.345918, 6.334841, 5.406709, 4.605995, 4.555633, 4.87747, 5.866324, 7.29928, 8.867361, 10.384452, 11.8213, 12.75274, 13.318968, 13.51004, 13.107109, 10.32862, 9.495122, 8.297983, 7.104515, 6.224164, 7.873407, 7.695411, 8.142028, 8.963883, 10.093705, 11.164757, 12.17625, 12.874811, 13.502307, 13.603075, 13.091853, 12.381534, 11.752809, 10.538487, 9.431052, 8.834431, 8.521513, 8.481905, 9.113013, 10.151108, 11.258951, 12.561895, 10.561895, 8.281544, 5.720294, 3.0, 0.0, 0.0, 0.0]"
389,"[0.0, 0.0, 0.0, 0.0, 1.16619, 2.608411, 4.45232, 6.296229, 8.276128, 9.089836, 9.647616, 9.690503, 9.459046, 9.091598, 8.45334, 7.61953, 6.581262, 5.689921, 4.87747, 4.555633, 4.654353, 5.514626, 6.881577, 8.361928, 9.815987, 11.181666, 12.103454, 12.623074, 12.950404, 12.685613, 10.055023, 9.036886, 7.885227, 6.619187, 5.541485, 6.983706, 6.894409, 7.408158, 8.220583, 9.505822, 10.48021, 11.640337, 12.278247, 12.844475, 12.836185, 12.545605, 11.862323, 11.098551, 9.820477, 8.935313, 8.265306, 7.865306, 7.832474, 8.626322, 9.536272, 10.710839, 11.939266, 10.128189, 7.892121, 5.459016, 2.828427, 0.0, 0.0, 0.0]"
390,"[0.0, 0.0, 0.0, 0.0, 1.077033, 2.418674, 3.941828, 5.730683, 7.617479, 8.427242, 8.92951, 9.103412, 8.876608, 8.432032, 7.82586, 6.981952, 6.006006, 4.891169, 4.081404, 3.52189, 3.65326, 4.4942, 5.890895, 7.384469, 8.94371, 10.25365, 11.197593, 11.859677, 11.969716, 11.659136, 9.217825, 8.324284, 7.098916, 6.029038, 5.1363, 6.5363, 6.5363, 7.26565, 8.308532, 9.631499, 10.831499, 11.826728, 12.424434, 12.648467, 12.484535, 11.972596, 11.208824, 10.213595, 9.38049, 8.558635, 7.926596, 7.871541, 8.25909, 8.939441, 10.086477, 11.514896, 12.888319, 10.888319, 8.607968, 6.046719, 3.162278, 0.0, 0.0, 0.0]"
391,"[0.0, 0.0, 0.0, 0.0, 1.16619, 2.507831, 4.120283, 5.840748, 7.684657, 8.362375, 9.000633, 9.232091, 9.232091, 8.830402, 8.328134, 7.348235, 6.225437, 4.952185, 4.109965, 3.592945, 3.759135, 4.480246, 5.753497, 7.212623, 8.720383, 9.970802, 11.128581, 11.937938, 12.219752, 11.975433, 9.558823, 8.481978, 7.293797, 5.952857, 4.941828, 6.158381, 6.235226, 6.693585, 7.693585, 8.85262, 10.266657, 11.33499, 12.008853, 12.349793, 12.454665, 11.978142, 11.207176, 10.442113, 9.557195, 8.616255, 7.876403, 7.687837, 7.948808, 8.728854, 9.834847, 11.284197, 12.705892, 10.73612, 8.500052, 5.994059, 3.130495, 0.0, 0.0, 0.0]"
392,"[0.0, 0.0, 0.0, 0.0, 1.280625, 2.842675, 4.539731, 6.51963, 8.645659, 9.365034, 9.689781, 9.879521, 9.688476, 9.271248, 8.612888, 7.803125, 6.916329, 5.848585, 4.964405, 4.642568, 4.830446, 5.479689, 6.84664, 8.302369, 9.71567, 11.081349, 12.260534, 12.979606, 13.306936, 13.073831, 10.443242, 9.425892, 8.07478, 6.80874, 5.889365, 7.331585, 7.309363, 7.823112, 8.717539, 9.853524, 11.094585, 11.913411, 12.551321, 12.876502, 12.868212, 12.31096, 11.547188, 10.783416, 9.664386, 8.779222, 8.067406, 7.823498, 7.989564, 8.783411, 9.890846, 11.30506, 12.764471, 10.754496, 8.518428, 5.887839, 3.059412, 0.0, 0.0, 0.0]"
393,"[0.0, 0.0, 0.0, 0.0, 1.019804, 2.284715, 3.897167, 5.546409, 7.25521, 7.944206, 8.46815, 8.46815, 8.539372, 8.272792, 7.844616, 7.055762, 6.164421, 4.843956, 3.848949, 3.416852, 3.548223, 4.389163, 5.709628, 7.262414, 8.694237, 9.825608, 10.671877, 11.512661, 11.793012, 11.512661, 9.249919, 8.40365, 7.123026, 6.107586, 5.324138, 6.738352, 6.825544, 7.442286, 8.265436, 9.284952, 10.501327, 11.459766, 12.17008, 12.482019, 12.445951, 12.024434, 11.22783, 10.420149, 9.632601, 8.888623, 8.202705, 8.112093, 8.156002, 8.806292, 9.895855, 11.201127, 12.604762, 10.760853, 8.498111, 5.952527, 3.1241, 0.0, 0.0, 0.0]"
394,"[0.0, 0.0, 0.0, 0.0, 1.131371, 2.545584, 4.107634, 5.951543, 7.795452, 8.50799, 8.980573, 9.305319, 9.073862, 8.753108, 8.250839, 7.530234, 6.364548, 5.317781, 4.394627, 3.877607, 3.78845, 4.590494, 5.813663, 7.183435, 8.699754, 9.903071, 10.85378, 11.498031, 11.764327, 11.659455, 9.379104, 8.554483, 7.463019, 6.358322, 5.402879, 6.66779, 6.66779, 7.170058, 8.078295, 9.13861, 10.403521, 11.354279, 11.926979, 12.30398, 12.295421, 11.92893, 11.215726, 10.411568, 9.518114, 8.599947, 8.036616, 7.762271, 8.047186, 8.804383, 9.919991, 11.232035, 12.724418, 10.827052, 8.546701, 6.016879, 3.104835, 0.0, 0.0, 0.0]"
395,"[0.0, 0.0, 0.0, 0.0, 1.280625, 2.694838, 4.538747, 6.382656, 8.382656, 8.988828, 9.46141, 9.406356, 9.271248, 8.794402, 8.172517, 7.362754, 6.573899, 5.586209, 4.887675, 4.622764, 4.762284, 5.374735, 6.6636, 8.048051, 9.855185, 11.438633, 12.633315, 13.430474, 14.028535, 13.430474, 10.630474, 9.62334, 8.428658, 7.077546, 6.310694, 7.724908, 7.645373, 8.032921, 8.85725, 9.69538, 10.842416, 11.812676, 12.358261, 12.639159, 12.767128, 12.205878, 11.515153, 10.813478, 9.814278, 8.968009, 8.58046, 8.289261, 8.48496, 9.158978, 10.227517, 11.621725, 12.939474, 10.899866, 8.663798, 6.033208, 3.026549, 0.0, 0.0, 0.0]"
396,"[0.0, 0.0, 0.0, 0.0, 1.16619, 2.608411, 4.220862, 6.009717, 7.798571, 8.602152, 9.057298, 9.288756, 9.149144, 8.774503, 8.021284, 7.143721, 6.124433, 5.196301, 4.503198, 4.086646, 4.266842, 5.042221, 6.12111, 7.4, 8.809072, 10.017391, 10.850496, 11.52436, 11.80471, 11.875989, 9.46767, 8.647017, 7.573153, 6.509355, 5.395194, 6.675819, 6.625418, 6.945883, 7.72933, 8.971459, 10.099153, 11.082687, 11.923472, 12.364783, 12.288845, 11.880526, 11.221738, 10.380953, 9.501692, 8.731361, 8.254516, 8.07652, 8.199964, 8.873982, 9.785796, 10.930974, 12.281585, 10.437676, 8.201608, 5.727745, 3.059412, 0.0, 0.0, 0.0]"
397,"[0.0, 0.0, 0.0, 0.0, 1.131371, 2.545584, 3.959798, 5.521848, 7.365757, 8.121182, 8.495823, 8.870464, 8.831569, 8.443682, 7.821796, 7.109975, 6.042231, 5.084762, 4.261195, 3.796284, 3.935804, 4.670715, 5.754272, 6.965726, 8.401794, 9.421309, 10.373606, 11.124364, 11.480455, 11.244387, 9.008319, 8.212452, 7.077363, 6.043553, 5.174924, 6.516565, 6.427268, 6.951211, 7.754792, 8.859489, 9.850229, 10.934756, 11.587212, 11.897792, 11.787753, 11.435271, 10.671499, 9.792238, 8.954107, 8.351233, 7.827356, 7.595899, 7.833849, 8.401603, 9.286768, 10.438427, 11.825975, 10.025975, 8.016, 5.607681, 3.0, 0.0, 0.0, 0.0]"
398,"[0.0, 0.0, 0.0, 0.0, 0.848528, 1.979899, 3.394113, 4.956162, 6.398383, 7.162306, 7.55409, 7.595899, 7.29876, 7.073092, 6.285261, 5.394562, 4.385754, 3.520843, 2.90429, 2.879669, 3.463766, 4.430766, 5.874675, 7.314283, 8.723355, 9.915121, 11.100908, 11.656999, 12.017391, 12.008319, 9.6, 8.6, 7.416553, 6.182743, 5.263368, 6.705588, 6.628743, 7.201045, 8.18892, 9.324905, 10.388677, 11.473203, 12.29203, 12.579275, 12.443017, 12.063053, 11.299281, 10.25365, 9.42479, 8.600462, 7.888646, 7.644737, 7.882687, 8.470236, 9.621895, 11.007681, 12.41434, 10.61434, 8.41434, 5.806659, 3.006659, 0.0, 0.0, 0.0]"
399,"[0.0, 0.0, 0.0, 0.0, 1.0, 2.280625, 3.842675, 5.539731, 7.38364, 8.227549, 8.559376, 8.609777, 8.435876, 7.933607, 7.166731, 6.448707, 5.557366, 4.481425, 3.77224, 3.589634, 3.861397, 4.752738, 6.275296, 7.796907, 9.243419, 10.607051, 11.468463, 11.972555, 12.292352, 12.18748, 9.657658, 8.706949, 7.574727, 6.381488, 5.487061, 6.943083, 7.263837, 7.961804, 8.96153, 10.093753, 11.358025, 12.299794, 12.860186, 13.263117, 13.295246, 12.907333, 12.180781, 11.369636, 10.209509, 9.315967, 8.583587, 8.368369, 8.619123, 9.62579, 10.733633, 12.106847, 13.425215, 11.385608, 8.855786, 6.135491, 3.162278, 0.0, 0.0, 0.0]"
400,"[0.0, 0.0, 0.0, 0.0, 1.264911, 2.720933, 4.564842, 6.408751, 8.448359, 9.193423, 9.737401, 9.693492, 9.66066, 9.233504, 8.637742, 7.837742, 6.837742, 5.747775, 4.983852, 4.735829, 4.80074, 5.709541, 7.076492, 8.568903, 10.188391, 11.709157, 12.863921, 13.728824, 13.893877, 13.44058, 10.654902, 9.580193, 8.27647, 7.170477, 6.25231, 7.775465, 7.775465, 8.289553, 9.052884, 10.144663, 11.127502, 12.202211, 13.012094, 13.634441, 13.848743, 13.623101, 12.847598, 11.771751, 10.509227, 9.231154, 8.365017, 7.99742, 8.15918, 8.872093, 10.293437, 11.925533, 13.335563, 11.276437, 9.040369, 6.176804, 3.130495, 0.0, 0.0, 0.0]"
401,"[0.0, 0.0, 0.0, 0.0, 1.216553, 2.672574, 4.321817, 6.132894, 8.142869, 8.936292, 9.48027, 9.642104, 9.443479, 9.082746, 8.289323, 7.309127, 6.322671, 5.342675, 4.414543, 4.092418, 4.337525, 4.968926, 6.233837, 7.666793, 9.008434, 10.160132, 11.210103, 11.818729, 11.997044, 11.924306, 9.507697, 8.614156, 7.373074, 6.240693, 5.293915, 6.635556, 6.635556, 7.09111, 7.89111, 9.006938, 10.17129, 11.064831, 11.760976, 12.101916, 12.049886, 11.631954, 10.96987, 10.202503, 9.384718, 8.546588, 7.87274, 7.641282, 7.780895, 8.316866, 9.291255, 10.662719, 12.096577, 10.307722, 8.248596, 5.831987, 3.046309, 0.0, 0.0, 0.0]"
402,"[0.0, 0.0, 0.0, 0.0, 1.2, 2.6, 4.4, 6.2, 8.011077, 8.850685, 9.294594, 9.203394, 9.112195, 8.824273, 8.126306, 7.35943, 6.47525, 5.398905, 4.724279, 4.382638, 4.747825, 5.643669, 7.07034, 8.554192, 10.115442, 11.234471, 12.204731, 12.83633, 13.049533, 12.751025, 10.189776, 9.34296, 8.264687, 7.175124, 6.326596, 7.939048, 7.939048, 8.414657, 9.238986, 10.493105, 11.744218, 12.728736, 13.469102, 13.995885, 14.127552, 13.463988, 12.635561, 11.607134, 10.412452, 9.261694, 8.584848, 8.305313, 8.485212, 9.135503, 10.176985, 11.627044, 13.017849, 11.03795, 8.775208, 6.084484, 3.11127, 0.0, 0.0, 0.0]"
403,"[0.0, 0.0, 0.0, 0.0, 1.16619, 2.608411, 4.220862, 5.941327, 7.785236, 8.598945, 9.000633, 9.232091, 9.232091, 8.830402, 8.192144, 7.514426, 6.391627, 5.118376, 4.123369, 3.502838, 3.617273, 4.458212, 5.854908, 7.533723, 9.144994, 10.47205, 11.593281, 12.349372, 12.639952, 12.461638, 9.853957, 8.69383, 7.374455, 6.124036, 5.234881, 6.634881, 6.724178, 7.453528, 8.523406, 9.666814, 10.866814, 11.862043, 12.459749, 12.85427, 12.879056, 12.318664, 11.554892, 10.559663, 9.329073, 8.310182, 7.793729, 7.670285, 8.183862, 9.192181, 10.468693, 11.918752, 13.478531, 11.352501, 8.944182, 6.253458, 3.280244, 0.0, 0.0, 0.0]"
404,"[0.0, 0.0, 0.0, 0.0, 1.341641, 2.783861, 4.396313, 6.116778, 7.960687, 8.462955, 8.864643, 8.972657, 8.864643, 8.462955, 7.785236, 6.941327, 6.069391, 5.089395, 4.447174, 4.497536, 5.020691, 6.260224, 7.908119, 9.581983, 11.033763, 12.339035, 13.277523, 14.003832, 14.337102, 14.077088, 11.248661, 10.26172, 8.963861, 7.769179, 7.057916, 8.619966, 8.467155, 9.090735, 9.984276, 11.171661, 12.494052, 13.731355, 14.523075, 14.990296, 14.667104, 14.343913, 13.345842, 12.201641, 11.072336, 10.231552, 9.459156, 9.421189, 9.677358, 10.464038, 11.770122, 13.206171, 14.570645, 12.334577, 9.703988, 6.677438, 3.452535, 0.0, 0.0, 0.0]"
405,"[0.0, 0.0, 0.0, 0.0, 1.019804, 2.236356, 3.885599, 5.729508, 7.573416, 8.450979, 9.023281, 8.816259, 8.414571, 7.851287, 6.95392, 5.886176, 5.076411, 4.234191, 3.674676, 3.674676, 4.084937, 4.866695, 6.266695, 7.953903, 9.459896, 10.834518, 12.103586, 12.703586, 12.895267, 12.730214, 10.224222, 9.329794, 8.291844, 7.134065, 6.134766, 7.978675, 8.229428, 8.903446, 9.89433, 11.183279, 12.007703, 13.07293, 13.62254, 13.975112, 14.027805, 13.776081, 12.907314, 12.091408, 11.203097, 10.363724, 9.758192, 9.522124, 9.761425, 10.494647, 11.677288, 13.091114, 14.514562, 12.30549, 9.674901, 6.648352, 3.423449, 0.0, 0.0, 0.0]"
406,"[0.0, 0.0, 0.0, 0.0, 1.2, 2.6, 4.212452, 6.222427, 8.262034, 9.101642, 9.789704, 9.966106, 9.568583, 9.141427, 8.544039, 7.622168, 6.727741, 5.91529, 5.127459, 4.685239, 4.799673, 5.467296, 6.511205, 7.812613, 9.253924, 10.58098, 11.797419, 12.731999, 13.289251, 13.084008, 10.476327, 9.418303, 8.201865, 6.799208, 5.904781, 7.360803, 7.252789, 7.899811, 8.828259, 9.894937, 11.069504, 12.28548, 12.74474, 13.255962, 13.377465, 13.087816, 12.413455, 11.833183, 10.568911, 9.453303, 8.712363, 8.170748, 8.122295, 9.140136, 10.446217, 11.758261, 13.308087, 11.268479, 8.794616, 6.074322, 3.162278, 0.0, 0.0, 0.0]"
407,"[0.0, 0.0, 0.0, 0.0, 1.341641, 2.954092, 4.840889, 6.727685, 8.727685, 9.386044, 9.753491, 9.710604, 9.667717, 9.388182, 8.668807, 7.820279, 6.824898, 5.702099, 4.806255, 4.420058, 4.454877, 5.2188, 6.556816, 8.064576, 9.676142, 11.109951, 12.0975, 12.638374, 12.835815, 12.670762, 10.070762, 9.259616, 8.101837, 6.986228, 5.811479, 7.267501, 7.091098, 7.459954, 8.254813, 9.496942, 10.671509, 11.689647, 12.546903, 12.867652, 12.800273, 12.32375, 11.590527, 10.630995, 9.557195, 8.616255, 7.876403, 7.502191, 7.763162, 8.366266, 9.298647, 10.662922, 12.192635, 10.222863, 8.163737, 5.831356, 3.052868, 0.0, 0.0, 0.0]"
408,"[0.0, 0.0, 0.0, 0.0, 0.848528, 2.129153, 3.691203, 5.411668, 7.132133, 8.00407, 8.512299, 8.473404, 8.208961, 7.90271, 7.398797, 6.434564, 5.543865, 4.535056, 3.720843, 3.398717, 3.915737, 4.806436, 6.256589, 7.74465, 9.324087, 10.415551, 11.522986, 12.033938, 12.354196, 11.890307, 9.457202, 8.475855, 7.409177, 6.281483, 5.713728, 7.236883, 7.485007, 8.231428, 9.231154, 10.318755, 11.581279, 12.367194, 13.057621, 13.384951, 13.29644, 12.674093, 11.877608, 10.887973, 9.803447, 8.974588, 8.411257, 8.368369, 8.815583, 9.766292, 11.065884, 12.570719, 14.025295, 11.789227, 9.315363, 6.403319, 3.298485, 0.0, 0.0, 0.0]"
409,"[0.0, 0.0, 0.0, 0.0, 1.0, 2.2, 3.8, 5.412452, 7.223529, 7.872771, 8.381572, 8.490372, 8.490372, 8.020936, 7.537884, 6.723511, 5.647165, 4.434714, 3.658759, 3.341096, 3.612859, 4.592855, 5.98171, 7.416024, 8.847847, 10.089976, 11.023109, 11.642573, 11.905315, 11.604863, 9.196544, 8.21301, 7.146331, 6.148501, 5.368602, 6.782815, 6.870008, 7.425733, 8.248884, 9.679473, 11.128824, 12.308009, 13.217776, 13.737395, 13.306806, 12.652314, 11.634964, 10.42783, 9.234363, 8.490385, 7.804467, 7.713855, 8.093754, 8.942282, 10.031845, 11.481904, 12.734653, 10.754754, 8.492012, 5.946427, 2.973214, 0.0, 0.0, 0.0]"
410,"[0.0, 0.0, 0.0, 0.0, 1.077033, 2.341944, 3.865099, 5.573899, 7.223142, 7.957186, 8.304726, 8.381572, 8.272771, 8.023529, 7.429004, 6.836356, 5.836356, 4.68357, 3.916026, 3.524094, 3.720843, 4.535056, 5.89892, 7.306072, 8.717519, 10.169299, 11.47538, 12.005243, 12.306575, 12.040278, 9.371946, 8.300894, 7.359954, 6.235566, 5.607436, 7.169485, 7.2173, 7.797198, 8.843388, 9.910066, 10.909266, 11.81989, 12.447672, 12.690923, 12.699214, 12.29203, 11.65412, 10.835294, 9.891351, 8.888955, 8.347341, 8.166424, 8.531635, 9.68988, 11.18771, 12.737536, 14.366283, 12.212217, 9.491923, 6.579879, 3.417601, 0.0, 0.0, 0.0]"
411,"[0.0, 0.0, 0.0, 0.0, 1.280625, 2.842675, 4.56314, 6.56314, 8.449936, 9.139083, 9.546804, 9.723706, 9.372948, 8.942174, 8.428424, 7.723564, 6.720624, 5.91991, 5.288509, 4.852291, 4.98738, 5.692953, 6.844425, 8.228876, 9.839661, 11.268089, 12.531653, 13.395217, 13.854478, 13.504239, 10.675812, 9.656157, 8.392593, 7.138473, 6.199763, 7.812215, 7.812215, 8.338244, 9.05006, 9.98877, 10.937568, 11.813953, 12.295605, 12.675568, 12.811827, 12.404643, 11.65412, 10.835294, 9.941753, 8.967364, 8.375348, 8.126041, 8.396313, 9.01993, 10.363387, 11.77455, 13.285184, 11.226058, 8.98999, 6.204313, 3.231099, 0.0, 0.0, 0.0]"
412,"[0.0, 0.0, 0.0, 0.0, 1.280625, 2.722845, 4.335297, 5.947748, 7.736603, 8.353345, 8.808491, 9.039948, 9.039948, 8.665307, 7.984493, 7.10693, 5.895477, 4.848711, 4.066953, 3.8504, 4.24481, 5.423432, 6.867721, 8.435266, 9.835266, 11.028733, 12.046083, 12.704441, 12.937546, 12.773614, 10.165933, 9.148583, 8.08025, 6.912056, 6.28844, 7.85049, 7.883321, 8.283321, 9.298761, 10.377034, 11.643412, 12.62793, 13.318655, 13.599554, 13.470078, 13.082962, 12.417866, 11.727141, 10.862948, 10.022163, 9.369706, 9.103742, 9.14335, 9.879399, 10.789523, 12.027218, 13.354754, 11.315147, 8.882042, 6.251452, 3.224903, 0.0, 0.0, 0.0]"
413,"[0.0, 0.0, 0.0, 0.0, 1.341641, 2.864795, 4.65365, 6.540446, 8.540446, 9.198805, 9.80168, 9.992724, 9.802984, 9.365034, 8.807255, 7.812597, 6.681226, 5.616625, 4.654575, 4.106782, 4.256036, 4.969558, 6.337102, 7.900433, 9.511998, 10.737366, 11.858598, 12.458598, 12.895267, 12.730214, 10.224222, 9.153392, 7.995612, 6.676237, 5.600208, 7.014422, 7.00197, 7.359749, 8.079125, 9.214214, 10.4, 11.407681, 12.23827, 12.712134, 12.592484, 12.080546, 11.316774, 10.335427, 9.275777, 8.40964, 7.7776, 7.546143, 7.617366, 8.329181, 9.476217, 10.86273, 12.250278, 10.529813, 8.403784, 5.842534, 3.0, 0.0, 0.0, 0.0]"
414,"[0.0, 0.0, 0.0, 0.0, 1.131371, 2.545584, 4.107634, 5.951543, 7.672008, 8.427434, 8.802074, 8.948825, 8.628071, 8.363628, 7.553865, 6.659438, 5.671747, 4.869703, 4.238302, 4.361269, 4.881055, 6.16992, 7.657882, 9.24158, 10.84158, 12.227366, 13.024525, 13.622586, 14.042695, 13.873284, 11.073284, 10.26615, 9.071468, 7.699063, 6.510694, 8.072744, 7.916653, 8.43023, 9.535458, 11.066451, 12.615671, 14.027527, 15.025597, 15.348789, 15.154064, 14.650475, 13.727091, 12.602992, 11.562459, 10.62788, 9.906995, 9.72868, 10.06962, 10.755533, 11.823668, 13.235356, 14.6253, 12.28436, 9.754537, 6.842494, 3.544009, 0.0, 0.0, 0.0]"
415,"[0.0, 0.0, 0.0, 0.0, 1.16619, 2.507831, 3.849472, 5.461924, 7.182389, 7.860107, 8.215523, 8.570938, 8.520536, 8.242292, 7.564573, 6.867517, 6.018989, 5.178049, 4.335829, 3.99426, 4.16045, 4.653563, 5.544904, 7.180972, 8.77296, 10.136592, 11.515245, 12.376657, 12.614452, 12.433911, 9.904089, 8.833037, 7.700814, 6.358322, 5.288444, 6.630085, 6.630085, 7.328052, 8.432749, 9.740422, 10.928604, 12.065039, 12.625431, 12.805972, 12.838102, 12.544348, 11.645466, 10.657918, 9.764463, 8.714492, 8.090876, 7.816531, 8.243688, 9.153638, 10.365949, 11.812909, 13.456221, 11.416614, 8.983509, 6.315176, 3.255764, 0.0, 0.0, 0.0]"
416,"[0.0, 0.0, 0.0, 0.0, 1.264911, 2.788066, 4.31122, 6.100075, 7.986871, 8.608756, 8.92951, 9.103412, 9.011614, 8.539031, 7.783606, 6.939697, 6.137068, 5.264633, 4.67504, 4.620702, 5.143857, 6.038284, 7.449731, 9.041719, 10.750364, 11.947503, 13.070693, 13.746669, 14.050354, 13.933009, 11.212715, 10.388732, 9.08914, 7.930896, 6.824613, 8.437064, 8.503069, 9.231557, 10.19933, 11.422957, 12.856815, 13.833244, 14.445269, 14.868411, 14.861222, 14.422594, 13.73341, 12.780445, 11.714277, 10.644589, 10.076516, 9.844277, 10.044277, 10.765162, 11.863495, 13.030131, 14.226936, 12.026936, 9.419255, 6.612121, 3.405877, 0.0, 0.0, 0.0]"
417,"[0.0, 0.0, 0.0, 0.0, 1.264911, 2.788066, 4.57692, 6.636046, 8.636046, 9.371135, 9.827879, 10.018924, 9.803707, 9.365757, 8.646382, 7.797854, 6.666483, 5.455029, 4.692979, 4.306782, 4.456036, 5.327973, 6.695517, 8.227898, 9.839463, 11.24212, 12.204937, 12.804937, 13.072556, 12.907503, 10.224222, 9.329794, 8.172015, 6.85264, 5.776611, 7.232633, 7.05623, 7.614009, 8.533385, 9.676792, 10.828451, 11.846589, 12.514922, 12.788785, 12.721406, 12.267791, 11.534569, 10.575037, 9.515387, 8.574447, 7.876403, 7.502191, 7.582245, 8.331362, 9.263743, 10.528015, 11.889301, 10.100447, 7.937116, 5.604735, 2.884441, 0.0, 0.0, 0.0]"
418,"[0.0, 0.0, 0.0, 0.0, 1.077033, 2.418674, 4.031125, 5.81998, 7.706776, 8.629743, 9.132011, 9.216616, 8.989811, 8.545236, 7.711426, 6.867517, 6.018989, 4.904153, 4.094388, 3.649308, 3.929932, 4.643454, 6.040149, 7.407694, 8.966935, 10.01869, 10.962633, 11.535334, 11.771402, 11.727119, 9.394738, 8.501197, 7.215958, 6.146081, 5.174924, 6.574924, 6.574924, 7.25463, 8.128047, 9.271455, 10.271455, 11.266685, 12.063289, 12.456786, 12.481572, 12.12118, 11.357408, 10.362178, 9.329073, 8.310182, 7.726596, 7.495139, 7.882687, 8.763038, 9.910074, 11.296586, 12.684135, 10.684135, 8.403784, 5.842534, 3.0, 0.0, 0.0, 0.0]"
419,"[0.0, 0.0, 0.0, 0.0, 1.216553, 2.865795, 4.515037, 6.412404, 8.30977, 9.062989, 9.472873, 9.710427, 9.533525, 9.198209, 8.642651, 7.86415, 6.871781, 5.975937, 5.238508, 4.824294, 4.824294, 5.491917, 6.667296, 8.123026, 9.564337, 10.891393, 11.937024, 12.620305, 12.845947, 12.640704, 10.033023, 9.214197, 8.092965, 7.001186, 6.106759, 7.562781, 7.585003, 8.022953, 8.817812, 9.88449, 11.059057, 11.87857, 12.546903, 12.867652, 12.800273, 12.32375, 11.590527, 10.630995, 9.750416, 8.809476, 8.069623, 7.821499, 8.010065, 8.514888, 9.714888, 11.164239, 12.561306, 10.663939, 8.509873, 5.909873, 3.046309, 0.0, 0.0, 0.0]"
420,"[0.0, 0.0, 0.0, 0.0, 1.0, 2.16619, 3.608411, 5.220862, 7.009717, 7.718518, 8.201569, 8.408591, 8.210353, 7.835712, 7.326912, 6.477669, 5.460883, 4.612355, 3.830596, 3.430596, 3.847149, 4.827145, 6.072537, 7.450056, 8.850056, 10.241185, 11.259322, 12.078835, 12.304928, 12.144535, 9.536854, 8.518717, 7.302341, 6.331184, 5.457767, 6.87198, 6.979994, 7.56578, 8.58122, 9.823348, 10.954719, 11.924979, 12.486229, 12.767128, 12.80012, 12.417866, 11.613938, 10.773153, 9.773953, 8.894692, 8.343813, 8.165817, 8.533413, 9.639696, 10.941211, 12.433594, 14.023278, 11.935216, 9.266884, 6.403319, 3.298485, 0.0, 0.0, 0.0]"
421,"[0.0, 0.0, 0.0, 0.0, 1.077033, 2.533055, 4.182297, 5.794749, 7.605826, 8.33987, 8.683848, 8.647057, 8.647057, 8.292002, 7.500729, 6.52535, 5.512899, 4.532903, 3.797991, 3.85522, 4.486621, 5.595421, 6.932738, 8.365693, 9.705269, 10.932529, 12.002217, 12.75274, 13.039985, 12.786706, 10.103425, 9.11379, 7.916651, 6.889553, 6.338674, 7.987916, 8.096429, 8.72734, 9.729736, 10.717284, 11.853719, 12.868397, 13.577895, 13.791875, 13.822464, 13.469892, 12.793916, 11.940327, 10.95898, 10.117245, 9.404605, 9.012446, 9.265212, 10.024289, 11.063862, 12.31661, 13.728466, 11.465724, 9.057405, 6.228978, 3.255764, 0.0, 0.0, 0.0]"
422,"[0.0, 0.0, 0.0, 0.0, 1.2, 2.8, 4.611077, 6.422154, 8.461762, 9.30137, 9.598736, 9.685026, 9.662803, 9.235647, 8.53768, 7.806504, 6.733758, 5.544904, 4.653563, 4.311922, 4.311922, 5.099752, 6.386548, 7.828769, 9.27008, 10.665139, 11.613938, 12.417866, 12.662854, 12.484285, 9.923035, 9.08225, 7.733166, 6.589759, 5.527017, 6.94123, 6.74392, 7.191134, 7.985349, 9.201958, 10.387744, 11.394412, 12.079421, 12.4534, 12.272858, 11.682834, 11.192619, 10.367998, 9.458048, 8.563621, 7.967859, 7.490301, 7.727855, 8.263827, 9.428179, 10.877529, 12.268444, 10.381648, 8.322522, 5.816529, 2.952965, 0.0, 0.0, 0.0]"
423,"[0.0, 0.0, 0.0, 0.0, 1.280625, 2.842675, 4.686584, 6.686584, 8.686584, 9.292755, 9.700477, 9.826339, 9.53514, 9.243941, 8.813167, 7.920428, 6.671767, 5.684076, 4.799897, 4.343875, 4.681055, 5.572396, 6.890894, 8.499378, 10.107059, 11.300526, 12.288075, 13.048467, 13.215362, 12.816753, 10.209072, 9.409072, 8.023286, 6.764927, 5.836479, 7.398529, 7.318994, 7.963907, 8.858334, 9.91009, 10.955721, 11.842937, 12.504105, 12.958762, 13.171965, 12.690313, 12.062531, 11.039294, 9.910619, 8.706675, 8.036668, 7.669221, 7.772164, 8.419187, 9.485865, 10.836976, 12.231184, 10.431184, 8.222112, 5.813793, 3.006659, 0.0, 0.0, 0.0]"
424,"[0.0, 0.0, 0.0, 0.0, 1.16619, 2.608411, 4.220862, 6.009717, 7.798571, 8.602152, 9.057298, 9.288756, 9.149144, 8.972741, 8.417183, 7.53962, 6.520332, 5.5922, 4.700859, 4.111267, 4.291463, 5.066842, 6.145731, 7.424621, 8.809072, 10.216753, 11.44518, 12.313513, 12.593864, 12.665143, 10.057462, 8.841486, 7.373153, 6.309355, 5.370645, 6.65127, 6.735874, 7.379783, 8.28926, 9.355938, 10.483632, 11.347826, 11.945228, 12.26051, 12.184572, 11.835379, 11.160925, 10.332066, 9.452804, 8.682474, 8.065568, 7.887573, 8.172488, 8.698499, 9.804782, 11.226126, 12.815809, 10.918443, 8.830382, 6.162049, 3.298485, 0.0, 0.0, 0.0]"
425,"[0.0, 0.0, 0.0, 0.0, 1.280625, 2.694838, 4.256888, 5.953945, 7.797854, 8.237694, 8.710276, 8.937081, 8.763179, 8.260911, 7.617479, 6.62511, 5.557366, 4.755321, 4.213681, 4.3532, 4.914795, 6.037594, 7.356091, 8.792159, 10.206196, 11.557308, 12.713399, 13.473791, 14.037723, 14.014815, 11.207681, 10.018758, 8.868, 7.409641, 6.36401, 8.061066, 8.136785, 8.650874, 9.750544, 10.908788, 12.054266, 13.010004, 13.675101, 13.924514, 13.612539, 13.178324, 12.616141, 11.767612, 10.920797, 10.232943, 9.613478, 9.230494, 9.290203, 10.076883, 11.184845, 12.620894, 14.146976, 12.107368, 9.476779, 6.648352, 3.423449, 0.0, 0.0, 0.0]"
426,"[0.0, 0.0, 0.0, 0.0, 1.264911, 2.788066, 4.496866, 6.285721, 8.172517, 8.794402, 9.115156, 9.103412, 9.011614, 8.539031, 7.93286, 7.088951, 6.113005, 5.015949, 4.426356, 4.311922, 4.754142, 5.919828, 7.319828, 8.827588, 10.16739, 11.408451, 12.307333, 13.09301, 13.36063, 13.195577, 10.512295, 9.515472, 8.172015, 6.986228, 6.25774, 7.713762, 7.735985, 8.333372, 9.352263, 10.408145, 11.815687, 12.724904, 13.40559, 13.758163, 13.68983, 13.242875, 12.581707, 11.831184, 10.754308, 9.80355, 8.986941, 8.771723, 8.890013, 9.522152, 10.47291, 11.846124, 13.164493, 11.076431, 8.735491, 6.135491, 3.162278, 0.0, 0.0, 0.0]"
427,"[0.0, 0.0, 0.0, 0.0, 1.216553, 2.672574, 4.285026, 6.096103, 7.90718, 8.690628, 9.244581, 9.443206, 9.244581, 9.082746, 8.347657, 7.357486, 6.346409, 5.366413, 4.282856, 3.912372, 4.157479, 4.813501, 5.830288, 7.161969, 8.421608, 9.573306, 10.800566, 11.657316, 12.09233, 11.99739, 9.580781, 8.420654, 7.179572, 6.047192, 5.252977, 6.594618, 6.633513, 7.089067, 7.889067, 8.904507, 10.004177, 11.049808, 11.745952, 12.162561, 12.036276, 11.749031, 11.038717, 10.145262, 9.170874, 8.297432, 7.585587, 7.300672, 7.486318, 8.132159, 9.192474, 10.470548, 11.83131, 10.122509, 8.034448, 5.693508, 2.973214, 0.0, 0.0, 0.0]"
428,"[0.0, 0.0, 0.0, 0.0, 1.2, 2.8, 4.6, 6.4, 8.409975, 9.21995, 9.659558, 9.703467, 9.612268, 9.125447, 8.457113, 7.494538, 6.47525, 5.366449, 4.564405, 4.117192, 4.381799, 5.080333, 6.269187, 7.607203, 9.045157, 10.144827, 11.341966, 12.114362, 12.496547, 12.290195, 9.848884, 8.741042, 7.521433, 6.296674, 5.387197, 6.652108, 6.562811, 7.010025, 7.852599, 9.052655, 10.387744, 11.46459, 12.205557, 12.620295, 12.439753, 11.879361, 11.12327, 10.24269, 9.291982, 8.498134, 7.87274, 7.590881, 7.55409, 8.090062, 9.06445, 10.333518, 11.724433, 10.111981, 8.052855, 5.636246, 2.952965, 0.0, 0.0, 0.0]"
429,"[0.0, 0.0, 0.0, 0.0, 1.264911, 2.788066, 4.496866, 6.285721, 8.172517, 8.907606, 9.22836, 9.216616, 8.989811, 8.545236, 7.82586, 7.113322, 6.137376, 5.207782, 4.590183, 4.386591, 4.596861, 5.664605, 7.091275, 8.502722, 10.025689, 11.213871, 12.33706, 12.946267, 13.184062, 13.057926, 10.528104, 9.513426, 8.457545, 7.545731, 6.633918, 8.24637, 8.24637, 8.721979, 9.500869, 10.538819, 11.712046, 12.678243, 13.368671, 13.806219, 13.8139, 13.469534, 12.886321, 11.994628, 11.004994, 10.106113, 9.314044, 9.043669, 9.166848, 9.786312, 10.708101, 12.085408, 13.300336, 11.29036, 8.882042, 6.251452, 3.224903, 0.0, 0.0, 0.0]"
430,"[0.0, 0.0, 0.0, 0.0, 1.2, 2.614214, 4.226665, 6.037742, 8.07735, 8.774717, 9.25787, 9.434272, 9.235647, 8.53768, 7.981954, 7.16162, 6.197387, 5.217391, 4.87575, 4.66548, 5.002661, 5.898505, 7.266049, 8.5464, 9.976279, 11.25279, 12.22305, 12.913775, 13.194674, 12.913775, 10.22305, 9.376234, 8.12773, 7.089635, 6.265306, 7.865306, 7.865306, 8.462693, 9.21989, 10.196973, 11.227562, 12.190787, 12.958313, 13.277962, 13.444857, 13.222586, 12.624525, 11.817391, 10.829843, 9.879085, 8.993921, 8.671645, 8.797674, 9.593541, 10.489883, 11.795156, 13.019629, 10.8936, 8.485281, 5.939697, 3.11127, 0.0, 0.0, 0.0]"
431,"[0.0, 0.0, 0.0, 0.0, 1.131371, 2.545584, 4.242641, 6.08655, 8.08655, 8.841975, 9.486887, 9.578686, 9.443577, 8.899599, 8.277714, 7.295621, 6.401194, 5.258079, 4.402057, 3.961767, 4.149645, 4.71124, 6.042921, 7.530982, 8.986712, 10.154906, 11.306565, 12.016879, 12.337137, 12.265858, 9.832753, 8.837524, 7.494754, 6.252625, 5.324178, 6.665819, 6.702609, 7.335065, 8.256936, 9.317251, 10.57561, 11.609649, 12.218276, 12.636207, 12.627648, 12.190979, 11.507697, 10.614156, 9.631318, 8.754959, 8.20408, 8.015157, 8.246614, 9.00381, 10.021652, 11.321244, 12.615002, 10.771093, 8.490742, 6.016879, 3.104835, 0.0, 0.0, 0.0]"
432,"[0.0, 0.0, 0.0, 0.0, 1.2, 2.6, 4.4, 6.211077, 8.221052, 9.06066, 9.558027, 9.655393, 9.553117, 9.066296, 8.368329, 7.547996, 6.47525, 5.566449, 4.764405, 4.422764, 4.511922, 5.299752, 6.386548, 7.828769, 9.10912, 10.384241, 11.333039, 12.007492, 12.25248, 12.098159, 9.656847, 8.657648, 7.538619, 6.395211, 5.469182, 6.883395, 6.8445, 7.11108, 8.000235, 9.141175, 10.256783, 11.263451, 12.028514, 12.307553, 12.175685, 11.655838, 10.937093, 10.075681, 9.098598, 8.231166, 7.501816, 7.252789, 7.360803, 8.068111, 9.167782, 10.665646, 11.988037, 10.267572, 8.104241, 5.66293, 2.884441, 0.0, 0.0, 0.0]"
433,"[0.0, 0.0, 0.0, 0.0, 1.280625, 2.842675, 4.539731, 6.51963, 8.645659, 9.365034, 9.689781, 9.962496, 9.771451, 9.168577, 8.433488, 7.623725, 6.653953, 5.586209, 4.887675, 4.642568, 5.021557, 5.6708, 7.037751, 8.49348, 10.104266, 11.278833, 12.237272, 12.956344, 13.283674, 13.053085, 10.422496, 9.625892, 8.27478, 7.00874, 5.740111, 7.302161, 7.279938, 7.793688, 8.688115, 9.973353, 10.917296, 11.811723, 12.449633, 12.933859, 13.078499, 12.852857, 12.169576, 11.28236, 10.174517, 9.136422, 8.270285, 7.870285, 8.159795, 8.783411, 9.693362, 11.142712, 12.602124, 10.592149, 8.356081, 5.922976, 3.059412, 0.0, 0.0, 0.0]"
434,"[0.0, 0.0, 0.0, 0.0, 1.280625, 2.722845, 4.609642, 6.496438, 8.466209, 9.082951, 9.538097, 9.49521, 9.220865, 8.863545, 8.380392, 7.699578, 6.750096, 5.986173, 5.268149, 4.873739, 5.0714, 5.789424, 6.950871, 8.265516, 9.876302, 11.130421, 12.186302, 12.896621, 13.217371, 12.927722, 10.259389, 9.434965, 8.327123, 7.211514, 6.135485, 7.577706, 7.577706, 7.945153, 8.793681, 9.937089, 11.056118, 11.932503, 12.560285, 12.905225, 13.002899, 12.677717, 11.927194, 11.108368, 10.113138, 9.169195, 8.495177, 8.137857, 8.318775, 9.047263, 10.015035, 11.173279, 12.534042, 10.56427, 8.22333, 5.693508, 2.973214, 0.0, 0.0, 0.0]"
435,"[0.0, 0.0, 0.0, 0.0, 1.0, 2.2, 3.614214, 5.214214, 7.014214, 7.825291, 8.469199, 8.763787, 8.686941, 8.228582, 7.583695, 6.634214, 5.557869, 4.434714, 3.658759, 3.386995, 3.569601, 4.4603, 5.769101, 7.173187, 8.514828, 9.770176, 10.688332, 11.420843, 11.731422, 11.495354, 9.162973, 8.334114, 7.157713, 6.077363, 5.293915, 6.81707, 6.81707, 7.611285, 8.647353, 9.847409, 10.924255, 11.911803, 12.382499, 12.676253, 12.539995, 11.979603, 11.223512, 10.40249, 9.395823, 8.557693, 8.080135, 8.080135, 8.43046, 9.239686, 10.405147, 11.796061, 13.00502, 10.945894, 8.613513, 6.005832, 3.052868, 0.0, 0.0, 0.0]"
436,"[0.0, 0.0, 0.0, 0.0, 1.077033, 2.533055, 4.145506, 5.757958, 7.557958, 8.280925, 8.63598, 8.63598, 8.672771, 8.328793, 7.548597, 6.562141, 5.549689, 4.347661, 3.612749, 3.669978, 4.110268, 5.219069, 6.741627, 8.256584, 9.685544, 11.028314, 11.927194, 12.677717, 12.88296, 12.657318, 10.049637, 9.23081, 8.033671, 7.006573, 6.140436, 7.789678, 7.898191, 8.529102, 9.455828, 10.641615, 11.712667, 12.727344, 13.436842, 13.726492, 13.734173, 13.422197, 12.746221, 11.892632, 10.911285, 10.012405, 9.324551, 8.932392, 9.048446, 9.807523, 10.789447, 12.180252, 13.592107, 11.466078, 9.057759, 6.367034, 3.255764, 0.0, 0.0, 0.0]"
437,"[0.0, 0.0, 0.0, 0.0, 1.019804, 2.434017, 4.046469, 5.846469, 7.646469, 8.437742, 8.867437, 8.904228, 8.56025, 8.101891, 7.367847, 6.348559, 5.331772, 4.508206, 3.887675, 3.887675, 4.586209, 5.662554, 6.99987, 8.514828, 9.943788, 11.028314, 12.039807, 12.631286, 12.956467, 12.730825, 10.123144, 9.289646, 8.251551, 7.104515, 6.238378, 7.88762, 7.898191, 8.529102, 9.531498, 10.717284, 11.853719, 12.868397, 13.577895, 13.791875, 13.822464, 13.469892, 12.793916, 11.969959, 11.048171, 10.206436, 9.493796, 9.237627, 9.324048, 10.176497, 11.230177, 12.509712, 13.93569, 11.809661, 9.248411, 6.405877, 3.405877, 0.0, 0.0, 0.0]"
438,"[0.0, 0.0, 0.0, 0.0, 1.216553, 2.630766, 4.441843, 6.25292, 8.262895, 9.056318, 9.652079, 9.684911, 9.523077, 8.969123, 8.175701, 7.18553, 6.141621, 5.124834, 4.51734, 4.466978, 4.788815, 5.777669, 7.114985, 8.420523, 9.760325, 11.371649, 12.303089, 13.053612, 13.507227, 13.281585, 10.32862, 9.495122, 8.297983, 7.104515, 6.224164, 7.680186, 7.582245, 8.118216, 8.94007, 9.95668, 11.286335, 12.409525, 13.262443, 13.889939, 14.141663, 13.592053, 12.719617, 11.651482, 10.43716, 9.291982, 8.617964, 8.275412, 8.431503, 9.114642, 10.199168, 11.590083, 13.117929, 11.117929, 8.785549, 6.177868, 3.224903, 0.0, 0.0, 0.0]"
439,"[0.0, 0.0, 0.0, 0.0, 1.2, 2.6, 4.0, 5.612452, 7.423529, 8.067437, 8.31668, 8.62548, 8.536184, 8.066747, 7.389029, 6.634214, 5.557869, 4.481927, 3.705972, 3.434209, 3.804693, 4.881038, 6.403596, 8.073979, 9.787232, 11.130002, 12.141496, 12.732974, 13.058155, 12.576504, 9.968823, 8.968994, 7.749385, 6.602349, 5.890533, 7.346555, 7.595861, 8.313347, 9.315742, 10.501529, 11.831184, 12.834627, 13.495795, 13.747518, 13.580623, 13.228051, 12.294445, 11.41806, 10.458527, 9.637874, 8.766819, 8.57112, 8.727211, 9.459721, 10.454951, 11.945768, 13.430523, 11.430523, 8.989212, 6.381531, 3.328663, 0.0, 0.0, 0.0]"
440,"[0.0, 0.0, 0.0, 0.0, 1.16619, 2.608411, 4.220862, 5.941327, 7.785236, 8.598945, 9.000633, 9.108647, 9.108647, 8.706958, 8.0687, 7.119219, 6.119864, 4.846612, 3.851605, 3.231075, 3.336648, 4.177587, 5.574283, 7.127069, 8.56929, 9.90167, 10.845613, 11.418314, 11.654382, 11.460822, 9.128442, 8.2349, 7.098916, 6.029038, 5.079071, 6.479071, 6.479071, 7.042355, 8.112232, 9.500747, 10.509066, 11.496615, 12.252706, 12.424957, 12.424957, 12.056246, 11.267323, 10.267323, 9.273217, 8.129809, 7.431842, 7.34123, 7.721129, 8.569658, 9.995471, 11.482258, 12.873062, 10.893163, 8.630422, 5.939697, 3.11127, 0.0, 0.0, 0.0]"
441,"[0.0, 0.0, 0.0, 0.0, 1.16619, 2.608411, 4.220862, 6.009717, 7.979488, 8.78307, 9.238216, 9.469673, 9.491896, 9.134576, 8.579018, 7.701455, 6.682167, 5.436776, 4.45678, 3.867187, 4.047383, 4.822762, 6.068154, 7.635698, 9.211077, 10.419396, 11.449985, 12.072013, 12.305118, 12.141186, 9.732867, 8.71473, 7.681625, 6.513431, 5.557987, 6.972201, 7.080215, 7.567011, 8.46543, 9.626117, 10.773153, 11.743413, 12.402201, 12.647189, 12.486229, 12.051008, 11.204192, 10.355664, 9.509395, 8.671265, 8.06839, 7.873724, 8.186642, 8.833665, 9.999125, 11.283104, 12.840106, 10.830131, 8.621059, 6.013378, 3.206244, 0.0, 0.0, 0.0]"
442,"[0.0, 0.0, 0.0, 0.0, 1.019804, 2.236356, 3.65057, 5.263022, 7.074099, 7.854295, 8.448819, 8.647057, 8.490628, 7.944462, 7.409373, 6.6181, 5.605648, 4.59684, 3.779142, 3.408658, 3.465887, 4.321909, 5.772062, 7.478915, 8.820555, 9.97959, 11.029561, 11.464575, 11.64289, 11.293619, 9.057551, 8.164009, 7.09654, 5.964159, 5.293915, 6.81707, 6.81707, 7.438955, 8.475023, 9.494538, 10.757061, 11.930287, 12.763785, 13.248011, 13.292294, 12.546225, 11.604456, 10.592962, 9.395823, 8.557693, 8.080135, 8.080135, 8.371334, 9.18056, 10.691304, 12.182122, 13.666876, 11.666876, 9.334496, 6.381531, 3.328663, 0.0, 0.0, 0.0]"
443,"[0.0, 0.0, 0.0, 0.0, 1.131371, 2.545584, 4.107634, 5.720086, 7.606882, 8.264366, 8.558953, 8.646145, 8.489716, 8.017133, 7.248082, 6.363903, 5.435771, 4.545434, 3.955842, 3.936038, 4.52563, 5.40452, 6.838835, 8.214214, 9.622532, 10.641424, 11.709757, 12.18362, 12.457483, 12.329515, 9.89641, 8.87732, 8.003456, 6.943807, 6.18661, 7.799062, 7.993729, 8.393729, 9.259866, 10.297961, 11.405804, 12.282189, 12.96547, 13.368401, 13.223761, 12.844406, 12.278178, 11.564668, 10.493838, 9.639279, 8.995395, 8.728126, 8.921685, 9.815226, 10.759169, 12.015077, 13.353184, 11.189853, 8.683861, 6.177868, 3.224903, 0.0, 0.0, 0.0]"
444,"[0.0, 0.0, 0.0, 0.0, 1.2, 2.6, 4.4, 6.211077, 8.221052, 9.06066, 9.558027, 9.655393, 9.633171, 9.14635, 8.448383, 7.628049, 6.555304, 5.398905, 4.724279, 4.382638, 4.647246, 5.54309, 6.96976, 8.453613, 10.014862, 11.393516, 12.363775, 12.995374, 13.353718, 13.05521, 10.334916, 9.4881, 8.409827, 7.175124, 6.312382, 7.924834, 7.789726, 8.147046, 9.031964, 10.161786, 11.269629, 12.229161, 13.122953, 13.412603, 13.490461, 12.970167, 12.301834, 11.249347, 10.268, 9.183474, 8.595925, 8.157975, 8.346898, 8.978007, 10.175146, 11.447136, 12.885086, 10.885086, 8.604735, 5.884441, 3.0, 0.0, 0.0, 0.0]"
445,"[0.0, 0.0, 0.0, 0.0, 1.216553, 2.630766, 4.243218, 5.843218, 7.643218, 8.237742, 8.634606, 8.671396, 8.527418, 7.992329, 7.258285, 6.271829, 5.222587, 4.213779, 3.669978, 3.669978, 4.110268, 5.219069, 6.669222, 8.102177, 9.531137, 10.772219, 11.671099, 12.494027, 12.781272, 12.43861, 9.932617, 8.937388, 7.673115, 6.646018, 5.896901, 7.546143, 7.722546, 8.32565, 9.417429, 10.686497, 11.900819, 12.897642, 13.55881, 13.72115, 13.470974, 13.040515, 12.294445, 11.41806, 10.458527, 9.637874, 8.766819, 8.57112, 8.727211, 9.459721, 10.567564, 12.167792, 13.652546, 11.652546, 9.211235, 6.490941, 3.328663, 0.0, 0.0, 0.0]"
446,"[0.0, 0.0, 0.0, 0.0, 1.16619, 2.608411, 4.170461, 5.867517, 7.711426, 8.545236, 8.989811, 9.216616, 9.042714, 8.463716, 7.728627, 6.736258, 5.668514, 4.86647, 4.401559, 4.3532, 4.872987, 5.995785, 7.314283, 8.750351, 10.141479, 11.527266, 12.683357, 13.643749, 14.214815, 14.214815, 11.414815, 10.214815, 8.827266, 7.543287, 6.497656, 8.194712, 8.238621, 8.62617, 9.544326, 10.543526, 11.689004, 12.673522, 13.364247, 13.613661, 13.613661, 13.212438, 12.547341, 11.856616, 11.0098, 10.29246, 9.737945, 9.544386, 9.632447, 10.456871, 11.476526, 12.845494, 14.368572, 12.280511, 9.612178, 6.748614, 3.49285, 0.0, 0.0, 0.0]"
447,"[0.0, 0.0, 0.0, 0.0, 1.216553, 2.672574, 4.321817, 6.165726, 8.175701, 8.969123, 9.513101, 9.674936, 9.642104, 9.281371, 8.68561, 7.902162, 7.091085, 5.912464, 4.984332, 4.464545, 4.512904, 5.221705, 6.486616, 7.919572, 9.441754, 10.593452, 11.748215, 12.458529, 12.636844, 12.383566, 9.966957, 8.892247, 7.740588, 6.62476, 5.677981, 6.942892, 6.76649, 7.197264, 8.144042, 9.25987, 10.500952, 11.752065, 12.650946, 13.20791, 13.15588, 12.737948, 11.771751, 10.635315, 9.438176, 8.600045, 7.926198, 7.749296, 7.98685, 8.699763, 9.763536, 11.479817, 13.069941, 11.183145, 8.947077, 6.441084, 3.310589, 0.0, 0.0, 0.0]"
448,"[0.0, 0.0, 0.0, 0.0, 1.280625, 2.694838, 4.538747, 6.538747, 8.702078, 9.308249, 9.863807, 9.917265, 9.626066, 9.111977, 8.681203, 7.976343, 6.973403, 5.985713, 5.161092, 4.70507, 4.656711, 5.374735, 6.693233, 8.276931, 9.884612, 11.268059, 12.455608, 13.023681, 13.223043, 12.824434, 10.224434, 9.224434, 8.030967, 6.688197, 5.759749, 7.173963, 7.094428, 7.567011, 8.63448, 9.795167, 10.988634, 11.829419, 12.633347, 12.846551, 12.813559, 12.331907, 11.614566, 10.76775, 9.784216, 8.818117, 8.215243, 8.020576, 8.186642, 8.824593, 9.982372, 11.259217, 12.609975, 10.6, 8.4, 5.8, 3.0, 0.0, 0.0, 0.0]"
449,"[0.0, 0.0, 0.0, 0.0, 1.16619, 2.608411, 4.220862, 6.009717, 7.979488, 8.901359, 9.356505, 9.587963, 9.448351, 9.091031, 8.202969, 7.305603, 6.286315, 5.084286, 4.10429, 3.70429, 3.920843, 4.708673, 6.072537, 7.450056, 8.850056, 10.033504, 11.028733, 11.650761, 11.876854, 11.716462, 9.316462, 8.321232, 7.088127, 5.929092, 5.020855, 6.30148, 6.30148, 6.890335, 7.872428, 9.073438, 10.234124, 11.182922, 11.802387, 12.151579, 12.08194, 11.620528, 10.903187, 10.056918, 9.09082, 8.169719, 7.645842, 7.414385, 7.663412, 8.430264, 9.496942, 10.848053, 12.242261, 10.431184, 8.222112, 5.813793, 3.006659, 0.0, 0.0, 0.0]"
450,"[0.0, 0.0, 0.0, 0.0, 1.341641, 2.864795, 4.573596, 6.282397, 8.126306, 8.824273, 9.311093, 9.402293, 9.493492, 9.262034, 8.63664, 7.626665, 6.626665, 5.459121, 4.567779, 3.978187, 4.178187, 4.990638, 6.158183, 7.447048, 8.858495, 10.0916, 11.147481, 11.877303, 12.208268, 12.060261, 9.627156, 8.608066, 7.278244, 6.153856, 5.231985, 6.51261, 6.425418, 6.945883, 7.72933, 8.843491, 10.124116, 11.10765, 11.795504, 12.203823, 12.203823, 11.805904, 10.980785, 10.134516, 9.14041, 8.30228, 7.594971, 7.486958, 7.735985, 8.521771, 9.479551, 10.823529, 12.217736, 10.406659, 8.206659, 5.806659, 3.006659, 0.0, 0.0, 0.0]"
451,"[0.0, 0.0, 0.0, 0.0, 1.019804, 2.434017, 4.046469, 5.695711, 7.53962, 8.228617, 8.603258, 8.779661, 8.572639, 8.009355, 7.581179, 6.792325, 5.72458, 4.68236, 3.967421, 3.535324, 3.701514, 4.422624, 5.74309, 7.177404, 8.609227, 9.851355, 10.817454, 11.505308, 11.913627, 11.759305, 9.350986, 8.504717, 7.538619, 6.346852, 5.420823, 6.835037, 6.981787, 7.509338, 8.446852, 9.527203, 10.586852, 11.508641, 12.169459, 12.423712, 12.55168, 12.077816, 11.247227, 10.427715, 9.475418, 8.590254, 8.032474, 8.076383, 8.391335, 9.343632, 10.381727, 11.91272, 13.180081, 11.054052, 8.645733, 6.084484, 3.11127, 0.0, 0.0, 0.0]"
452,"[0.0, 0.0, 0.0, 0.0, 1.131371, 2.573591, 4.015812, 5.628263, 7.417118, 8.074601, 8.341182, 8.548203, 8.349965, 7.975325, 7.403023, 6.518843, 5.502056, 4.653528, 4.063936, 3.847383, 4.436976, 5.60452, 7.038835, 8.423286, 9.856391, 10.875282, 11.705872, 12.374204, 12.638996, 12.486241, 10.053136, 9.233624, 8.165291, 7.14745, 6.390254, 8.110719, 8.143551, 8.66958, 9.621877, 10.789447, 11.911516, 12.910141, 13.504406, 13.703768, 13.519036, 13.182495, 12.576029, 11.914861, 11.027645, 10.218708, 9.43318, 8.985967, 8.896612, 9.517087, 10.540325, 11.793074, 13.235318, 11.265547, 8.924607, 6.204313, 3.231099, 0.0, 0.0, 0.0]"
453,"[0.0, 0.0, 0.0, 0.0, 1.019804, 2.284715, 3.740737, 5.389979, 7.201056, 7.981252, 8.527418, 8.683848, 8.683848, 8.328793, 7.793704, 6.807248, 5.794796, 4.592768, 3.583959, 3.143669, 3.338852, 4.153066, 5.549761, 7.142155, 8.597885, 9.919021, 10.921417, 11.494117, 11.690577, 11.469352, 9.128412, 8.234958, 7.232562, 6.213047, 5.418832, 6.861052, 7.181807, 7.767593, 8.831391, 9.846831, 11.012292, 11.776064, 12.459345, 12.595604, 12.656193, 12.136573, 11.426259, 10.531831, 9.727674, 8.948784, 8.422772, 8.31426, 8.495177, 9.299335, 10.522963, 11.824477, 13.081932, 11.11216, 8.695551, 5.909873, 3.046309, 0.0, 0.0, 0.0]"
454,"[0.0, 0.0, 0.0, 0.0, 1.0, 2.414214, 4.026665, 5.675907, 7.384708, 8.093509, 8.46815, 8.46815, 8.261128, 7.832952, 7.255522, 6.315196, 5.3352, 4.492979, 3.933465, 3.802094, 4.295207, 5.383216, 6.783216, 8.342457, 9.750776, 10.954719, 11.924979, 12.486229, 12.767128, 12.639159, 10.093575, 9.246759, 8.12773, 6.831391, 5.95104, 7.563492, 7.563492, 8.209333, 9.418285, 10.686618, 11.902594, 12.887112, 13.606184, 13.932321, 13.863988, 13.435561, 12.807134, 12.0, 11.043909, 10.15271, 9.541564, 9.341564, 9.467593, 10.032003, 11.15163, 12.474045, 13.868158, 11.742128, 9.33381, 6.505382, 3.394113, 0.0, 0.0, 0.0]"
455,"[0.0, 0.0, 0.0, 0.0, 1.16619, 2.689345, 4.2125, 5.9213, 7.818667, 8.740538, 9.02846, 9.316383, 9.407582, 9.110215, 8.422154, 7.611077, 6.6, 5.432456, 4.398141, 3.822762, 4.022762, 4.835214, 6.013835, 7.657222, 9.068669, 10.342532, 11.259903, 11.978648, 12.110516, 12.028514, 9.55465, 8.67407, 7.360801, 6.236413, 5.248538, 6.529162, 6.294134, 6.92149, 7.830967, 8.927518, 10.192478, 11.468989, 12.066391, 12.381673, 12.451312, 11.964854, 11.160925, 10.332066, 9.452804, 8.401049, 7.784143, 7.606148, 7.837605, 8.511623, 9.664103, 11.085447, 12.436058, 10.592149, 8.356081, 5.922976, 3.059412, 0.0, 0.0, 0.0]"
456,"[0.0, 0.0, 0.0, 0.0, 1.131371, 2.545584, 4.107634, 5.828099, 7.714896, 8.372379, 8.74702, 8.893771, 8.629328, 8.198553, 7.626252, 6.662018, 5.674328, 4.939416, 4.283394, 4.266842, 4.856434, 5.946401, 7.235266, 8.644338, 10.044338, 11.230124, 12.226181, 13.044633, 13.46615, 13.102218, 10.502218, 9.495084, 8.279109, 7.171674, 6.548058, 8.245114, 8.289023, 8.839902, 9.597098, 10.827181, 11.958552, 12.94307, 13.622273, 14.184456, 13.903172, 13.516056, 12.96798, 11.969355, 10.970729, 10.129945, 9.477488, 9.094504, 9.338656, 9.968611, 11.11171, 12.382267, 13.740665, 11.652603, 9.17874, 6.315176, 3.255764, 0.0, 0.0, 0.0]"
457,"[0.0, 0.0, 0.0, 0.0, 1.131371, 2.573591, 4.135641, 5.856106, 7.742903, 8.670658, 9.198209, 9.533525, 9.462303, 8.98972, 8.147146, 7.197179, 6.124433, 5.040877, 4.259118, 3.842566, 4.039315, 4.827145, 6.072537, 7.450056, 8.859128, 10.042576, 11.030124, 11.627366, 12.02571, 11.826613, 9.426613, 8.426613, 7.234847, 6.091439, 5.362088, 6.642713, 6.655165, 7.227467, 8.021682, 9.182368, 10.343054, 11.291852, 11.911317, 12.26051, 12.08194, 11.766658, 11.049318, 10.338055, 9.371957, 8.551435, 7.881428, 7.848596, 7.95154, 8.70932, 9.667099, 11.011077, 12.2, 10.4, 8.2, 5.8, 3.0, 0.0, 0.0, 0.0]"
458,"[0.0, 0.0, 0.0, 0.0, 1.16619, 2.608411, 4.328876, 6.172785, 8.152684, 8.966392, 9.524172, 9.690503, 9.459046, 9.091598, 8.45334, 7.61953, 6.581262, 5.863238, 5.050786, 4.709146, 4.807866, 5.608581, 6.802215, 8.282565, 9.950898, 11.514414, 12.693599, 13.412672, 13.939455, 13.480194, 10.651767, 9.634417, 8.350438, 6.884945, 6.090086, 7.532307, 7.333681, 7.780298, 8.592723, 9.595119, 10.658891, 11.65412, 12.29203, 12.699214, 12.690923, 12.31096, 11.683178, 10.919406, 9.920206, 9.035042, 8.365034, 7.997587, 8.153678, 8.8007, 10.08468, 11.635317, 13.229109, 11.229109, 9.020037, 6.212903, 3.206244, 0.0, 0.0, 0.0]"
459,"[0.0, 0.0, 0.0, 0.0, 1.264911, 2.720933, 4.429734, 6.273643, 8.117552, 8.862616, 9.217671, 9.30887, 9.077413, 8.647717, 8.051956, 7.440879, 6.4655, 5.574159, 4.881055, 4.543875, 4.608786, 5.492965, 6.859916, 8.419157, 10.127802, 11.648568, 12.803332, 13.668235, 13.893877, 13.44058, 10.654902, 9.580193, 8.08325, 6.991471, 6.073303, 7.529325, 7.529325, 8.13243, 9.050597, 10.052992, 11.382648, 12.379471, 13.232389, 13.812052, 14.063776, 13.514166, 12.768097, 11.699961, 10.43716, 9.291982, 8.776379, 8.433827, 8.589918, 9.273057, 10.191213, 11.191042, 12.546853, 10.546853, 8.214473, 5.773162, 3.052868, 0.0, 0.0, 0.0]"
460,"[0.0, 0.0, 0.0, 0.0, 1.0, 2.2, 3.6, 5.2, 7.011077, 7.854986, 8.304228, 8.613029, 8.536184, 8.066747, 7.389029, 6.634214, 5.557869, 4.634714, 3.858759, 3.541096, 3.812859, 4.622624, 5.811479, 7.304919, 8.619722, 9.733883, 10.699981, 11.319445, 11.523061, 11.339629, 9.059279, 8.21301, 7.146331, 6.100142, 5.320243, 6.734457, 6.881208, 7.436933, 8.308442, 9.388793, 10.448443, 11.172747, 11.683699, 12.003957, 12.123606, 11.649743, 11.216638, 10.619396, 9.823529, 8.879551, 8.402705, 8.12317, 8.291992, 8.942282, 10.031845, 11.481904, 12.734653, 10.754754, 8.492012, 5.946427, 2.973214, 0.0, 0.0, 0.0]"
461,"[0.0, 0.0, 0.0, 0.0, 1.0, 2.216553, 3.816553, 5.62763, 7.471538, 8.368905, 8.861153, 9.050008, 8.851382, 8.449694, 7.718518, 7.009717, 5.853318, 4.640866, 3.764331, 3.492568, 3.569601, 4.4603, 5.849155, 7.342595, 8.780549, 10.035897, 11.073992, 11.846387, 12.067612, 11.86126, 9.528879, 8.40985, 7.190241, 6.126443, 5.216966, 6.740121, 6.910352, 7.627837, 8.647353, 9.666868, 10.743714, 11.731262, 12.39243, 12.686184, 12.730467, 12.170075, 11.413984, 10.40249, 9.395823, 8.557693, 7.932298, 7.808854, 8.15918, 9.142018, 10.383079, 11.92183, 13.254233, 11.195107, 8.689114, 6.005832, 3.052868, 0.0, 0.0, 0.0]"
462,"[0.0, 0.0, 0.0, 0.0, 0.894427, 2.236068, 3.759223, 5.468023, 7.36539, 8.314872, 8.784308, 8.861153, 8.752353, 8.269199, 7.641843, 6.630766, 5.630766, 4.47798, 3.696222, 3.279669, 3.679669, 4.479669, 5.832456, 7.4, 9.008319, 10.241424, 11.274529, 11.948392, 12.222256, 11.901998, 9.468893, 8.64824, 7.574376, 6.365424, 5.443553, 6.857767, 6.96578, 7.56578, 8.58122, 9.823348, 11.09986, 12.070119, 12.760844, 13.041743, 13.074735, 12.547341, 11.743413, 10.773153, 9.773953, 8.774862, 8.134686, 7.956691, 8.275834, 9.146889, 10.533095, 12.03649, 13.552592, 11.512984, 9.079879, 6.251452, 3.224903, 0.0, 0.0, 0.0]"
463,"[0.0, 0.0, 0.0, 0.0, 1.264911, 2.720933, 4.429734, 6.3271, 8.296872, 9.001732, 9.604836, 9.782832, 9.60593, 9.198209, 8.642651, 7.714896, 6.722527, 5.826683, 5.089254, 4.752073, 4.901327, 5.727365, 6.902744, 8.358474, 9.722752, 11.049808, 12.282308, 13.145872, 13.651199, 13.626497, 11.018816, 9.854705, 8.433362, 7.061898, 5.986929, 7.442951, 7.266548, 7.834303, 8.629162, 9.91811, 11.092677, 12.34379, 13.054109, 13.630715, 13.416734, 13.022213, 12.12842, 11.196981, 9.934458, 8.932062, 8.295994, 7.975465, 8.274672, 9.031868, 10.337949, 11.711162, 13.224198, 11.136136, 8.855786, 6.135491, 3.162278, 0.0, 0.0, 0.0]"
464,"[0.0, 0.0, 0.0, 0.0, 1.264911, 2.720933, 4.370175, 6.214084, 8.025161, 8.770225, 9.314203, 9.464961, 9.432129, 9.233504, 8.637742, 7.657546, 6.657546, 5.478925, 4.587583, 4.067797, 4.312904, 4.968926, 6.233837, 7.666793, 9.188975, 10.340673, 11.567932, 12.176559, 12.354874, 12.101595, 9.684986, 8.790559, 7.740588, 6.62476, 5.72634, 7.249495, 7.073092, 7.503866, 8.450644, 9.518114, 10.500952, 11.571782, 12.214808, 12.581299, 12.529269, 12.111338, 11.325423, 10.444843, 9.438176, 8.600045, 7.926198, 7.749296, 7.98685, 8.522821, 9.586594, 10.950869, 12.283271, 10.396475, 8.337349, 5.831356, 3.052868, 0.0, 0.0, 0.0]"
465,"[0.0, 0.0, 0.0, 0.0, 1.16619, 2.507831, 4.120283, 5.732734, 7.453199, 8.130918, 8.633186, 8.864643, 8.972657, 8.694412, 8.192144, 7.348235, 6.225437, 4.952185, 4.14242, 3.695207, 3.861397, 4.702337, 5.975588, 7.343133, 8.781086, 10.120889, 11.158839, 11.779314, 12.120254, 11.941939, 9.435946, 8.359101, 7.298785, 6.124036, 5.234881, 6.451433, 6.528279, 7.047654, 7.881464, 9.024871, 10.416, 11.446589, 12.120453, 12.594316, 12.466348, 11.946728, 11.213505, 10.388884, 9.329235, 8.448884, 7.775036, 7.58647, 7.824024, 8.742191, 9.949872, 11.314147, 12.83025, 10.943454, 8.611073, 6.003392, 3.224903, 0.0, 0.0, 0.0]"
466,"[0.0, 0.0, 0.0, 0.0, 1.264911, 2.788066, 4.496866, 6.394233, 8.238142, 9.012839, 9.499659, 9.601935, 9.504569, 9.273112, 8.647717, 7.637742, 6.626665, 5.459121, 4.479125, 4.084715, 4.284715, 5.097167, 6.275788, 7.653308, 9.066609, 10.299714, 11.355595, 12.07434, 12.405305, 12.126266, 9.693161, 8.67407, 7.544248, 6.419861, 5.431985, 6.71261, 6.625418, 7.069327, 7.852774, 9.094903, 10.359862, 11.488537, 12.205878, 12.647189, 12.571251, 12.188997, 11.498272, 10.657488, 9.63039, 8.74023, 8.100054, 7.749296, 7.839908, 8.634767, 9.600865, 10.906138, 12.263555, 10.452478, 8.243405, 5.835086, 3.006659, 0.0, 0.0, 0.0]"
467,"[0.0, 0.0, 0.0, 0.0, 1.264911, 2.788066, 4.57692, 6.546692, 8.605818, 9.400033, 9.876878, 9.931933, 9.659217, 9.162141, 8.38364, 7.515011, 6.51963, 5.647195, 4.885145, 4.498947, 4.648201, 5.520138, 6.582313, 8.114694, 9.72626, 11.128916, 12.008451, 12.721655, 12.989274, 12.824222, 10.14094, 9.329794, 8.172015, 6.986228, 5.811479, 7.267501, 7.091098, 7.658853, 8.453711, 9.69584, 10.672923, 11.728804, 12.439123, 12.830051, 12.838341, 12.559302, 11.860741, 10.849247, 9.705269, 8.702874, 7.948808, 7.628279, 7.816844, 8.514888, 9.517284, 10.980848, 12.377915, 10.480549, 8.326483, 5.909873, 3.046309, 0.0, 0.0, 0.0]"
468,"[0.0, 0.0, 0.0, 0.0, 1.0, 2.280625, 3.842675, 5.539731, 7.236787, 8.080696, 8.520536, 8.570938, 8.397036, 7.964891, 7.198015, 6.302171, 5.41083, 4.334889, 3.669978, 3.487372, 3.828941, 4.630986, 6.153544, 7.70761, 9.154122, 10.517754, 11.468463, 12.129281, 12.40832, 12.106988, 9.577165, 8.812103, 7.523154, 6.370674, 5.672707, 7.195862, 7.33097, 8.07739, 9.077116, 10.209339, 11.406479, 12.348247, 12.943468, 13.346398, 13.378528, 12.990614, 12.264063, 11.467577, 10.493097, 9.599555, 8.867175, 8.619126, 8.771937, 9.537, 10.788112, 12.292947, 13.780355, 11.740747, 9.266884, 6.403319, 3.298485, 0.0, 0.0, 0.0]"
469,"[0.0, 0.0, 0.0, 0.0, 1.16619, 2.608411, 4.328876, 6.049341, 7.89325, 8.570968, 8.972657, 8.972657, 8.864643, 8.462955, 7.785236, 6.941327, 5.786548, 4.806552, 4.188952, 4.099795, 4.62295, 5.846119, 7.183435, 8.775423, 10.228212, 11.425351, 12.30483, 13.003391, 13.060645, 12.766891, 10.046597, 9.222173, 8.076995, 6.883756, 6.089909, 7.70236, 7.755818, 8.320725, 9.320451, 10.408052, 11.581279, 12.547476, 13.142696, 13.640834, 13.718693, 13.374327, 12.674093, 11.877608, 10.887973, 9.929535, 9.299301, 8.947047, 9.099858, 9.591355, 10.610446, 11.662933, 12.956691, 10.917083, 8.636732, 5.968399, 3.104835, 0.0, 0.0, 0.0]"
470,"[0.0, 0.0, 0.0, 0.0, 1.264911, 2.720933, 4.370175, 6.214084, 8.057993, 8.803057, 9.347035, 9.497793, 9.464961, 9.233504, 8.637742, 7.657546, 6.657546, 5.478925, 4.432158, 3.842566, 4.039315, 4.851766, 6.063219, 7.585595, 9.041325, 10.165713, 11.153261, 11.909352, 12.2379, 12.193617, 9.852677, 8.961478, 7.626389, 6.40978, 5.438623, 6.780264, 6.633513, 7.212511, 8.13854, 9.15398, 10.373589, 11.372788, 11.86126, 12.241224, 12.196941, 11.605463, 10.833067, 10.113138, 9.049366, 8.227512, 7.699961, 7.434261, 7.719176, 8.365017, 9.424666, 10.70274, 12.091629, 10.194263, 8.106201, 5.632338, 2.912044, 0.0, 0.0, 0.0]"
471,"[0.0, 0.0, 0.0, 0.0, 1.077033, 2.341944, 3.797966, 5.410418, 7.221495, 7.955539, 8.490628, 8.647057, 8.448819, 7.902653, 7.11138, 6.136001, 5.12355, 4.15655, 3.612749, 3.669978, 4.061909, 5.111152, 6.561305, 7.99426, 9.333836, 10.717284, 11.751323, 12.461638, 12.813565, 12.633023, 10.033023, 9.058543, 7.906884, 6.800891, 5.979036, 7.502191, 7.680186, 8.28329, 9.215671, 10.30745, 11.467577, 12.444345, 13.170897, 13.55881, 13.526681, 13.12375, 12.348247, 11.459936, 10.448443, 9.587031, 9.003736, 8.759584, 8.862217, 9.594728, 10.589957, 11.945768, 13.430523, 11.430523, 8.989212, 6.381531, 3.328663, 0.0, 0.0, 0.0]"
472,"[0.0, 0.0, 0.0, 0.0, 1.264911, 2.720933, 4.370175, 6.214084, 8.057993, 8.83269, 9.386643, 9.537401, 9.305943, 9.074486, 8.449092, 7.439117, 6.439117, 5.459121, 4.412355, 3.892568, 4.109121, 4.921572, 6.100194, 7.574116, 8.96004, 10.273309, 11.19068, 11.979603, 12.356604, 12.230319, 9.700497, 8.879476, 7.735498, 6.518889, 5.629734, 6.971375, 6.824624, 7.065658, 7.845557, 8.988965, 10.208574, 11.087835, 11.83209, 12.358184, 12.185933, 11.594455, 10.941998, 10.113138, 9.049366, 8.227512, 7.699961, 7.434261, 7.719176, 8.365017, 9.424666, 10.70274, 12.091629, 10.194263, 8.106201, 5.632338, 2.912044, 0.0, 0.0, 0.0]"
473,"[0.0, 0.0, 0.0, 0.0, 1.019804, 2.284715, 3.80787, 5.51667, 7.305525, 8.006186, 8.46174, 8.500635, 8.206048, 7.697818, 7.108724, 6.236787, 5.240423, 4.426209, 3.77804, 3.495197, 3.927294, 5.058665, 6.458665, 8.10656, 9.699343, 11.026399, 11.835336, 12.251945, 12.388203, 12.18296, 9.575279, 8.789751, 7.787356, 6.812967, 5.84181, 7.454262, 7.544874, 8.339732, 9.305831, 10.449239, 11.467376, 12.286889, 12.746149, 12.867652, 12.989156, 12.512632, 11.970104, 11.199138, 10.318558, 9.388736, 8.847122, 8.656427, 8.913126, 9.604824, 10.790502, 12.224359, 13.558092, 11.404026, 9.063086, 6.277408, 3.231099, 0.0, 0.0, 0.0]"
474,"[0.0, 0.0, 0.0, 0.0, 1.280625, 2.694838, 4.391895, 6.235804, 8.235804, 8.841975, 9.314558, 9.406356, 9.271248, 8.72727, 8.105384, 7.295621, 6.331388, 5.188273, 4.364706, 3.924416, 4.112294, 4.810828, 6.142509, 7.598115, 9.053844, 10.262797, 11.370231, 11.90597, 12.226227, 12.154949, 9.681085, 8.662948, 7.494754, 6.252625, 5.324178, 6.589089, 6.62588, 7.204877, 8.078295, 9.13861, 10.403521, 11.354279, 12.11037, 12.576755, 12.568196, 12.201704, 11.488501, 10.677355, 9.627384, 8.709217, 7.945886, 7.708332, 7.816844, 8.701762, 9.817371, 11.390585, 12.714556, 10.81719, 8.47625, 5.946427, 2.973214, 0.0, 0.0, 0.0]"
475,"[0.0, 0.0, 0.0, 0.0, 1.341641, 2.864795, 4.573596, 6.470963, 8.559024, 9.256991, 9.743812, 9.835011, 9.737644, 9.249583, 8.609975, 7.8, 6.824621, 5.745731, 5.040159, 4.717192, 4.973214, 5.992501, 7.359452, 9.133358, 10.968369, 12.485561, 13.687961, 14.646209, 14.84144, 14.261777, 11.288563, 10.212026, 8.814959, 7.351395, 6.433227, 7.956382, 7.775465, 8.289553, 9.221934, 10.313713, 11.743523, 12.818233, 13.628116, 14.268949, 14.431289, 13.758675, 12.983172, 11.907325, 10.642912, 9.587031, 9.027145, 8.782993, 8.885626, 9.509206, 10.760319, 11.992818, 13.54891, 11.54891, 9.216529, 6.352965, 3.4, 0.0, 0.0, 0.0]"
476,"[0.0, 0.0, 0.0, 0.0, 1.280625, 2.842675, 4.686584, 6.666483, 8.646382, 9.365757, 9.690503, 9.73339, 9.542346, 9.174898, 8.516539, 7.706776, 6.668508, 5.600764, 4.812933, 4.471292, 4.808473, 5.609187, 6.927685, 8.339132, 9.969721, 11.362641, 12.520533, 13.280925, 13.844857, 13.414268, 10.607134, 9.6, 8.214214, 6.755854, 5.836479, 7.398529, 7.318994, 7.963907, 8.785597, 9.946283, 10.825544, 11.825373, 12.456972, 12.839226, 12.806233, 12.490951, 11.770657, 10.923841, 9.940307, 8.974208, 8.371334, 8.020576, 7.987744, 8.634767, 9.800227, 11.283732, 12.840733, 11.029656, 8.820584, 6.212903, 3.206244, 0.0, 0.0, 0.0]"
477,"[0.0, 0.0, 0.0, 0.0, 1.216553, 2.630766, 4.243218, 6.087127, 7.931035, 8.611849, 8.906437, 9.08284, 8.851382, 8.449694, 7.832952, 7.124151, 6.056407, 4.843956, 3.967421, 3.581223, 3.658256, 4.4603, 5.849155, 7.519537, 8.957491, 10.321769, 11.359864, 12.132259, 12.30451, 12.098159, 9.656847, 8.537818, 7.24148, 6.049713, 5.140237, 6.481877, 6.760122, 7.495211, 8.441989, 9.557817, 10.899458, 11.778993, 12.378993, 12.745484, 12.693455, 12.098234, 11.342143, 10.450944, 9.262763, 8.424632, 7.898621, 7.667164, 8.112429, 9.187397, 10.530854, 11.832369, 13.350412, 11.196346, 8.779737, 5.994059, 3.130495, 0.0, 0.0, 0.0]"
478,"[0.0, 0.0, 0.0, 0.0, 1.341641, 2.864795, 4.573596, 6.470963, 8.559024, 9.256991, 9.743812, 9.835011, 9.737644, 9.249583, 8.609975, 7.6, 6.624621, 5.545731, 4.770353, 4.390156, 4.80437, 5.790826, 7.079691, 8.688175, 10.336704, 11.590823, 12.50004, 13.210359, 13.307076, 12.979683, 10.31135, 9.240298, 8.132456, 7.016847, 6.017548, 7.579598, 7.627412, 8.14099, 8.989518, 10.056196, 11.03973, 12.033399, 12.627664, 12.972603, 13.171965, 12.789712, 12.158113, 11.324615, 10.278984, 9.085517, 8.364406, 8.014081, 7.971194, 8.645212, 9.861587, 11.226501, 12.544249, 10.70034, 8.464272, 5.833683, 3.026549, 0.0, 0.0, 0.0]"
479,"[0.0, 0.0, 0.0, 0.0, 1.280625, 2.722845, 4.284895, 6.00536, 7.892157, 8.670658, 9.198209, 9.533525, 9.462303, 9.031528, 8.386616, 7.436648, 6.363903, 5.280346, 4.45678, 4.042566, 4.239315, 5.027145, 6.272537, 7.849153, 9.249153, 10.432601, 11.420149, 12.017391, 12.216638, 12.02571, 9.62571, 8.62571, 7.617391, 6.473983, 5.545536, 6.959749, 6.972201, 7.458997, 8.253212, 9.413898, 10.560935, 11.509733, 12.168521, 12.517714, 12.356754, 11.921533, 11.360283, 10.376749, 9.53048, 8.69235, 8.089475, 7.738717, 7.987744, 8.634767, 9.800227, 11.084206, 12.461513, 10.650436, 8.441364, 5.833683, 3.026549, 0.0, 0.0, 0.0]"
480,"[0.0, 0.0, 0.0, 0.0, 1.16619, 2.507831, 4.296686, 6.266457, 8.163824, 8.895, 9.397268, 9.419491, 9.062171, 8.764804, 8.267437, 7.623529, 6.637073, 5.745731, 5.040159, 4.717192, 4.973214, 5.797835, 7.116332, 8.457973, 10.049273, 11.505295, 12.829266, 13.575336, 14.124946, 13.873222, 10.961178, 9.885331, 8.712105, 7.326427, 6.36584, 7.978292, 7.80139, 8.188939, 9.069289, 9.945648, 10.940878, 12.083977, 12.947541, 13.452868, 13.461427, 13.007812, 12.232309, 11.338516, 10.075993, 9.177274, 8.585258, 8.217662, 8.307016, 9.01993, 10.363387, 11.847646, 13.257676, 11.19855, 8.962482, 6.176804, 3.130495, 0.0, 0.0, 0.0]"
481,"[0.0, 0.0, 0.0, 0.0, 1.131371, 2.545584, 4.107634, 5.828099, 7.548564, 8.30399, 8.859548, 9.006299, 8.935076, 8.670633, 8.048748, 7.09878, 6.2146, 5.131043, 4.307477, 3.842566, 4.039315, 4.628907, 5.874299, 7.251818, 8.651818, 9.835266, 10.821052, 11.418294, 11.617391, 11.427366, 9.027366, 8.227366, 7.0356, 5.903561, 5.17421, 6.454835, 6.467287, 7.13753, 8.119623, 9.28031, 10.440996, 11.389794, 11.911317, 12.114933, 11.953972, 11.63869, 10.92135, 10.075081, 9.374389, 8.536258, 7.866251, 7.671585, 7.920612, 8.368537, 9.326316, 10.677428, 12.034845, 10.223768, 8.213793, 5.813793, 3.006659, 0.0, 0.0, 0.0]"
482,"[0.0, 0.0, 0.0, 0.0, 1.16619, 2.608411, 4.220862, 5.833314, 7.730681, 8.273291, 8.674979, 8.674979, 8.674979, 8.177613, 7.685364, 6.666077, 5.686081, 4.639315, 4.063936, 3.847383, 4.422762, 5.601384, 7.035698, 8.420149, 10.02783, 11.258419, 12.27577, 12.944102, 13.208894, 12.837281, 10.206691, 9.189341, 8.121008, 7.103167, 6.479551, 8.0416, 8.074432, 8.600462, 9.552758, 10.631032, 11.897409, 12.881927, 13.598432, 13.910407, 13.660994, 13.164947, 12.499851, 11.657317, 10.634079, 9.754818, 9.211291, 8.945327, 8.984935, 9.720984, 10.789523, 12.027218, 13.385615, 11.346008, 8.912903, 6.282313, 3.255764, 0.0, 0.0, 0.0]"
483,"[0.0, 0.0, 0.0, 0.0, 1.16619, 2.608411, 4.328876, 6.049341, 7.89325, 8.706958, 9.108647, 9.108647, 9.000633, 8.498365, 7.684657, 6.840748, 5.968811, 4.988815, 4.471795, 4.382638, 4.905792, 5.846119, 7.367729, 8.959717, 10.482684, 11.679824, 12.754533, 13.2688, 13.326055, 13.15916, 10.438865, 9.472668, 8.246555, 7.186906, 6.196021, 7.719176, 7.665718, 8.311559, 9.177696, 10.265298, 11.462437, 12.404206, 12.916145, 13.319075, 13.295246, 12.907333, 12.284986, 11.47384, 10.499359, 9.642609, 9.121305, 8.769051, 9.019805, 9.591355, 10.662407, 11.763374, 13.114574, 11.074967, 8.794616, 6.074322, 3.162278, 0.0, 0.0, 0.0]"
484,"[0.0, 0.0, 0.0, 0.0, 1.216553, 2.630766, 4.280008, 6.123917, 8.021284, 8.774503, 9.330061, 9.567615, 9.336157, 8.881011, 8.191865, 7.388284, 6.326108, 5.513657, 4.965864, 4.965864, 5.213887, 6.233174, 7.413073, 8.781388, 10.062013, 11.368093, 12.408626, 13.207215, 13.552155, 13.323286, 10.602992, 9.718551, 8.637118, 7.471658, 6.662431, 8.274883, 8.074883, 8.377827, 9.335606, 10.420133, 11.614815, 12.643242, 13.471669, 13.740002, 13.606184, 13.13999, 12.399625, 11.610805, 10.753549, 10.079686, 9.549823, 9.359128, 9.378647, 10.073562, 10.956844, 12.098732, 13.33186, 11.272734, 8.766741, 6.08346, 3.130495, 0.0, 0.0, 0.0]"
485,"[0.0, 0.0, 0.0, 0.0, 1.341641, 2.864795, 4.65365, 6.540446, 8.427242, 9.085601, 9.688476, 9.879521, 9.689781, 9.365034, 8.645659, 7.651001, 6.671102, 5.868473, 5.106423, 4.902831, 5.113101, 5.725552, 6.890251, 8.326319, 10.034964, 11.479001, 12.586843, 13.439761, 13.923987, 13.418661, 10.632983, 9.62149, 8.321897, 7.015817, 5.901656, 7.424811, 7.365252, 7.792409, 8.614263, 10.116405, 11.261584, 12.332636, 13.078705, 13.706202, 13.543862, 12.934655, 12.273487, 11.276663, 9.936254, 8.886283, 8.227157, 7.780483, 8.031236, 8.788432, 10.000743, 11.512787, 13.19882, 11.159212, 8.878861, 6.210528, 3.298485, 0.0, 0.0, 0.0]"
486,"[0.0, 0.0, 0.0, 0.0, 1.216553, 2.829004, 4.629004, 6.429004, 8.429004, 9.222427, 9.649583, 9.693492, 9.602293, 9.058315, 8.31325, 7.293447, 6.249538, 5.365358, 4.757864, 4.624324, 5.046741, 6.133537, 7.368042, 8.851894, 10.328204, 11.606278, 12.410207, 13.041805, 13.255009, 13.055647, 10.335353, 9.488537, 8.410264, 7.320701, 6.326596, 7.939048, 7.939048, 8.414657, 9.238986, 10.6532, 11.869175, 13.031926, 13.950524, 14.670173, 14.641746, 14.421, 13.623412, 12.616753, 11.416753, 10.265995, 9.367115, 9.044839, 9.044839, 9.653158, 10.694641, 11.828374, 13.221822, 11.221822, 8.813503, 6.122778, 3.280244, 0.0, 0.0, 0.0]"
487,"[0.0, 0.0, 0.0, 0.0, 1.216553, 2.630766, 4.280008, 6.123917, 8.021284, 8.774503, 9.149144, 9.386698, 9.263254, 8.808108, 8.118961, 7.496297, 6.434122, 5.313657, 4.765864, 4.485239, 4.881098, 5.900386, 7.426415, 8.812339, 10.25365, 11.299281, 12.233861, 12.791113, 13.016755, 12.811512, 10.203831, 9.312139, 8.190907, 7.127135, 6.414221, 8.063464, 7.987744, 8.43567, 9.401768, 10.509203, 11.688387, 12.740875, 13.399232, 13.711208, 13.61044, 13.122953, 12.413455, 11.642489, 10.766104, 9.848733, 9.107793, 8.797636, 8.988331, 9.485362, 10.47291, 11.919219, 13.306409, 11.218348, 8.877408, 6.277408, 3.231099, 0.0, 0.0, 0.0]"
488,"[0.0, 0.0, 0.0, 0.0, 1.216553, 2.630766, 4.441843, 6.25292, 8.25292, 9.046343, 9.443206, 9.476038, 9.314203, 8.770225, 8.025161, 7.233888, 6.189979, 5.173192, 4.565699, 4.300788, 4.622624, 5.611479, 7.215091, 8.698944, 10.306625, 11.685278, 12.616718, 13.071375, 13.300244, 13.100882, 10.380588, 9.54709, 8.468816, 7.363589, 6.35527, 8.004512, 8.015082, 8.556697, 9.441615, 10.515478, 11.58653, 12.357496, 12.871763, 13.161412, 13.29523, 12.774936, 12.106603, 11.448245, 10.430108, 9.278449, 8.6909, 8.411365, 8.381289, 9.177156, 10.411859, 11.641942, 12.894691, 10.914792, 8.506473, 5.815748, 2.973214, 0.0, 0.0, 0.0]"
489,"[0.0, 0.0, 0.0, 0.0, 1.019804, 2.284715, 3.80787, 5.420321, 7.209176, 7.909837, 8.206976, 8.380877, 8.182639, 7.67441, 6.953945, 6.240423, 5.264477, 4.450263, 3.802094, 3.650622, 3.933465, 4.774404, 6.174404, 7.70528, 9.189132, 10.563754, 11.507697, 12.107697, 12.360976, 12.182661, 9.676668, 8.783127, 7.625347, 6.489363, 5.600208, 7.24945, 7.448076, 8.01583, 8.944278, 10.112472, 11.093819, 11.951074, 12.661393, 12.982143, 12.965648, 12.489124, 11.974857, 11.15193, 10.27135, 9.467192, 8.925578, 8.668879, 8.859573, 9.740153, 10.913379, 12.347237, 13.680969, 11.592908, 9.063086, 6.277408, 3.231099, 0.0, 0.0, 0.0]"
490,"[0.0, 0.0, 0.0, 0.0, 1.264911, 2.720933, 4.370175, 6.078976, 8.048748, 8.670633, 9.101407, 9.17263, 9.025879, 8.470321, 7.86415, 6.977353, 6.151316, 5.189266, 4.669479, 4.555045, 4.997265, 5.946747, 7.472776, 8.8587, 10.30019, 11.465651, 12.305024, 12.862276, 13.087918, 12.896846, 10.289165, 9.49268, 8.371448, 7.307676, 6.414221, 8.063464, 7.987744, 8.634767, 9.401618, 10.509053, 11.4904, 12.542887, 13.002148, 13.51337, 13.412603, 13.122953, 12.413455, 11.642489, 10.766104, 9.848733, 9.107793, 8.797636, 9.054335, 9.551366, 10.622196, 11.885761, 13.272951, 11.118885, 8.777945, 6.094663, 3.231099, 0.0, 0.0, 0.0]"
491,"[0.0, 0.0, 0.0, 0.0, 1.16619, 2.608411, 4.050631, 5.771096, 7.615005, 8.428714, 8.830402, 9.108647, 9.000633, 8.498365, 7.860107, 7.016198, 6.016843, 4.851605, 4.109965, 3.592945, 3.759135, 4.650477, 5.815715, 7.274841, 8.686287, 9.936706, 10.854077, 11.771447, 11.992672, 11.844666, 9.428056, 8.607035, 7.243403, 6.094423, 5.172552, 6.628574, 6.532225, 7.177112, 8.055716, 9.125594, 10.143435, 11.199316, 11.918061, 12.249026, 12.167024, 11.662932, 10.783454, 9.962433, 9.270735, 8.530883, 8.173562, 8.03395, 8.294921, 8.881747, 9.884143, 11.135255, 12.532322, 10.562551, 8.326483, 5.909873, 3.046309, 0.0, 0.0, 0.0]"
492,"[0.0, 0.0, 0.0, 0.0, 1.077033, 2.600188, 4.212639, 6.001494, 7.88829, 8.655166, 8.97592, 9.207377, 8.980573, 8.535997, 7.972713, 7.128804, 6.006006, 5.076411, 4.458812, 4.25522, 4.69744, 5.863126, 7.289797, 8.797556, 10.226516, 11.384296, 12.283177, 12.753873, 12.951315, 12.725673, 10.125673, 9.128849, 8.041248, 6.925639, 6.087509, 7.610664, 7.665718, 8.233473, 9.252364, 10.284007, 11.481147, 12.422915, 13.198618, 13.365513, 13.308259, 12.920345, 12.370736, 11.554829, 10.66363, 9.896263, 9.163883, 8.738892, 8.857181, 9.489321, 10.625756, 11.99897, 13.35017, 11.262109, 8.921169, 6.135491, 3.162278, 0.0, 0.0, 0.0]"
493,"[0.0, 0.0, 0.0, 0.0, 1.16619, 2.689345, 4.301797, 6.010597, 7.907964, 8.63914, 9.155593, 9.354219, 9.445418, 9.148051, 8.650685, 7.611077, 6.624621, 5.457077, 4.578187, 4.197991, 4.397991, 5.17337, 6.340914, 7.629779, 8.846043, 10.079148, 11.147481, 11.821344, 12.09172, 11.943713, 9.510608, 8.491518, 7.431868, 6.36807, 5.446199, 6.726824, 6.639631, 7.069327, 7.852774, 9.094903, 10.222597, 11.206131, 11.923472, 12.364783, 12.119795, 11.770602, 11.111814, 10.271029, 9.243932, 8.494814, 7.958843, 7.721289, 7.844733, 8.666587, 9.685479, 10.990751, 12.400921, 10.557012, 8.320944, 5.887839, 3.059412, 0.0, 0.0, 0.0]"
494,"[0.0, 0.0, 0.0, 0.0, 1.280625, 2.842675, 4.404725, 6.101781, 7.94569, 8.665065, 8.989811, 9.216616, 9.042714, 8.540446, 7.882087, 6.889718, 5.821974, 4.931275, 4.389634, 4.067797, 4.629392, 5.617082, 7.072688, 8.553039, 10.007098, 11.181666, 12.301292, 12.820912, 13.148242, 13.082697, 10.452108, 9.46759, 8.315931, 7.15047, 6.156365, 7.768816, 7.713762, 8.411806, 9.386195, 10.655263, 11.8213, 12.810934, 13.377162, 13.680847, 13.558815, 13.188646, 12.536186, 11.815892, 10.982394, 10.129945, 9.565535, 9.449481, 9.449481, 9.971004, 10.869884, 12.032634, 13.228903, 11.228903, 8.820584, 6.212903, 3.206244, 0.0, 0.0, 0.0]"
495,"[0.0, 0.0, 0.0, 0.0, 1.2, 2.8, 4.611077, 6.422154, 8.461762, 9.30137, 9.598736, 9.757431, 9.735208, 9.308052, 8.710665, 7.979488, 6.904144, 5.71529, 4.823948, 4.381728, 4.381728, 5.099752, 6.386548, 7.828769, 9.10912, 10.351248, 11.429522, 12.08831, 12.333298, 12.315689, 9.90737, 8.913701, 7.810337, 6.66693, 5.604188, 7.018401, 6.970587, 7.425733, 8.248884, 9.389824, 10.505432, 11.330053, 11.865792, 12.186049, 12.054182, 11.733432, 11.259568, 10.438915, 9.44481, 8.577378, 7.810526, 7.507583, 7.73904, 8.488157, 9.587828, 10.865901, 12.168845, 10.324936, 8.161605, 5.720294, 3.0, 0.0, 0.0, 0.0]"
496,"[0.0, 0.0, 0.0, 0.0, 1.0, 2.16619, 3.608411, 5.220862, 6.833314, 7.542115, 8.025167, 8.195398, 7.99716, 7.601261, 7.09246, 6.267839, 5.287843, 4.439315, 3.855218, 3.455218, 3.830596, 4.598141, 6.032456, 7.6, 9.208319, 10.616, 11.846589, 12.514922, 12.748027, 12.575776, 9.968095, 8.949957, 7.681625, 6.513431, 5.619003, 7.181053, 7.265658, 7.845557, 8.843388, 10.062997, 11.221241, 12.244479, 12.872261, 13.2172, 13.161943, 12.677717, 11.746277, 11.025392, 9.979761, 9.170825, 8.496807, 8.496807, 8.950951, 9.918723, 11.007344, 12.418508, 13.860752, 11.519812, 8.98999, 6.204313, 3.231099, 0.0, 0.0, 0.0]"
497,"[0.0, 0.0, 0.0, 0.0, 1.341641, 2.864795, 4.65365, 6.741711, 8.829772, 9.7242, 10.410117, 10.621263, 10.533201, 10.04514, 9.209072, 8.2, 7.219804, 5.940914, 5.340914, 5.107105, 5.430259, 6.119256, 7.678497, 9.208319, 10.827806, 12.168216, 13.412379, 14.084993, 14.33366, 14.155663, 11.292099, 10.225931, 8.981767, 7.617491, 6.409811, 8.059053, 8.260318, 8.892457, 10.008066, 11.32836, 12.591161, 13.366664, 13.854152, 14.152757, 14.239596, 13.735871, 13.272307, 12.652952, 11.8345, 10.676608, 9.97709, 9.463887, 9.380844, 9.932118, 11.111303, 12.658266, 14.177347, 12.051318, 9.490069, 6.661641, 3.405877, 0.0, 0.0, 0.0]"
498,"[0.0, 0.0, 0.0, 0.0, 1.0, 2.16619, 3.608411, 5.397265, 7.18612, 8.083486, 8.814662, 9.021684, 8.845281, 8.272979, 7.592165, 6.714603, 5.697816, 4.65105, 4.066953, 3.6504, 3.847149, 4.827145, 6.271435, 7.848051, 9.448051, 10.83918, 11.857318, 12.477932, 12.701965, 12.538033, 9.930352, 9.099762, 8.081625, 6.913431, 5.843553, 7.257767, 7.457767, 8.008646, 9.304984, 10.684378, 12.098592, 13.071806, 13.751009, 14.0742, 14.034609, 13.538562, 12.624475, 11.668737, 10.346346, 9.402403, 8.512243, 8.422888, 8.816443, 9.784215, 11.327, 13.23739, 14.811628, 12.531277, 10.001455, 6.89662, 3.544009, 0.0, 0.0, 0.0]"
499,"[0.0, 0.0, 0.0, 0.0, 1.077033, 2.600188, 4.212639, 6.001494, 7.88829, 8.811257, 9.132011, 9.216616, 8.989811, 8.545236, 7.82586, 6.981952, 6.006006, 5.076411, 4.458812, 4.25522, 4.69744, 5.765185, 7.191855, 8.699615, 10.128574, 11.286354, 12.283177, 12.944345, 13.141787, 12.976734, 10.376734, 9.299857, 8.021783, 6.906175, 6.007455, 7.53061, 7.665718, 8.263105, 9.08496, 10.116603, 11.313742, 12.255511, 13.001581, 13.448794, 13.480924, 13.09301, 12.366459, 11.550553, 10.576072, 9.719321, 8.999392, 8.751343, 8.821179, 9.642201, 10.713253, 12.012845, 13.306603, 11.266995, 8.737173, 6.016879, 3.104835, 0.0, 0.0, 0.0]"
500,"[0.0, 0.0, 0.0, 0.0, 1.0, 2.16619, 3.689345, 5.478199, 7.187, 7.895801, 8.378853, 8.46815, 8.079295, 7.770495, 7.261694, 6.612452, 5.6, 4.647214, 3.847214, 3.447214, 3.663766, 4.47798, 5.841843, 7.450915, 9.050915, 10.242682, 11.236787, 11.858815, 12.058062, 11.69767, 9.289351, 8.481032, 7.46214, 6.395462, 5.636479, 7.198529, 7.485325, 8.234443, 9.225183, 10.385869, 11.385069, 12.059522, 12.586916, 12.94526, 12.912268, 12.477047, 12.041827, 11.048158, 9.919483, 9.123616, 8.706388, 8.391436, 8.903451, 9.74972, 10.944403, 12.242261, 13.637428, 11.428356, 9.020037, 6.212903, 3.206244, 0.0, 0.0, 0.0]"
501,"[0.0, 0.0, 0.0, 0.0, 1.16619, 2.608411, 4.328876, 6.172785, 8.016694, 8.694412, 8.972657, 8.972657, 8.741199, 8.238931, 7.561213, 6.840748, 5.685968, 4.705972, 4.188952, 4.099795, 4.441436, 5.664605, 7.091275, 8.502722, 9.842298, 11.286335, 12.217775, 12.826982, 13.064777, 12.928519, 10.142841, 9.131348, 8.075467, 7.015817, 6.177686, 7.826929, 7.962037, 8.558657, 9.552763, 10.584406, 11.603496, 12.671631, 13.182853, 13.560212, 13.686349, 13.434625, 12.676647, 11.853719, 10.717284, 9.729736, 8.925578, 8.615421, 8.687826, 9.455193, 10.526023, 11.777135, 13.063722, 11.09395, 8.677341, 5.994059, 3.130495, 0.0, 0.0, 0.0]"
502,"[0.0, 0.0, 0.0, 0.0, 1.0, 2.4, 4.0, 5.8, 7.6, 8.443909, 8.887818, 8.996619, 8.719773, 8.442928, 7.94066, 6.991178, 5.914833, 4.791678, 3.834209, 3.386995, 3.569601, 4.393168, 5.890534, 7.478915, 9.001097, 10.430057, 11.581715, 12.12566, 12.303975, 12.050696, 9.544704, 8.549474, 7.373074, 6.240693, 5.342274, 6.683914, 6.791928, 7.527017, 8.607368, 9.783768, 11.049808, 12.012625, 12.695906, 13.015555, 12.915184, 12.395564, 11.609649, 10.635169, 9.64762, 8.86873, 8.342719, 8.234207, 8.679472, 9.483629, 10.707257, 12.191516, 13.448971, 11.294905, 8.878296, 6.092618, 3.046309, 0.0, 0.0, 0.0]"
503,"[0.0, 0.0, 0.0, 0.0, 1.456022, 3.105264, 4.949173, 6.988781, 8.998756, 9.742734, 10.302564, 10.46863, 10.240099, 9.842576, 9.255027, 8.445955, 7.43598, 6.449524, 5.837073, 5.355992, 5.568444, 6.45524, 7.866687, 9.474368, 11.395864, 12.94569, 14.032108, 14.769254, 15.004107, 14.641964, 11.479686, 10.632502, 9.448142, 8.254851, 7.375203, 9.175203, 9.088781, 9.535995, 10.517342, 11.534692, 12.761241, 13.927877, 14.69181, 15.067879, 15.246112, 15.026696, 14.428133, 13.628133, 12.621474, 11.425892, 10.658366, 10.204751, 10.240819, 10.8485, 12.09029, 13.379346, 14.723851, 12.487783, 9.880102, 6.827235, 3.498571, 0.0, 0.0, 0.0]"
504,"[0.0, 0.0, 0.0, 0.0, 1.019804, 2.434017, 4.046469, 5.890378, 7.787745, 8.665307, 9.220865, 9.49521, 9.263753, 8.647011, 7.915835, 6.946063, 5.780377, 4.800381, 4.152212, 3.986021, 4.117392, 4.810495, 6.157939, 7.788225, 9.349475, 10.779354, 12.085434, 12.713216, 13.058155, 12.732974, 10.171724, 9.240284, 8.046817, 6.605326, 5.82528, 7.437732, 7.459954, 8.045741, 9.088623, 10.240282, 11.456257, 12.671729, 13.535294, 13.994554, 14.107167, 13.61968, 12.747197, 11.780999, 10.956575, 10.047358, 9.506418, 9.362328, 9.553022, 9.989464, 11.090431, 12.395266, 13.878141, 11.79008, 9.509729, 6.597685, 3.49285, 0.0, 0.0, 0.0]"
505,"[0.0, 0.0, 0.0, 0.0, 1.16619, 2.608411, 4.220862, 5.941327, 7.785236, 8.462955, 8.864643, 8.972657, 8.972657, 8.570968, 8.0687, 7.224791, 6.225437, 4.952185, 4.109965, 3.662751, 3.828941, 4.720283, 5.993534, 7.45266, 8.794301, 10.04472, 10.96209, 11.771447, 11.992672, 12.036955, 9.620346, 8.799325, 7.611143, 6.462163, 5.348003, 6.804025, 6.707676, 7.177112, 8.055716, 9.363389, 10.38123, 11.489073, 12.207818, 12.797843, 12.740589, 12.502793, 11.752271, 10.931249, 9.787271, 8.784876, 8.148808, 7.828279, 8.016844, 8.901762, 10.087549, 11.273226, 12.786262, 10.888895, 8.547955, 5.947955, 3.162278, 0.0, 0.0, 0.0]"
506,"[0.0, 0.0, 0.0, 0.0, 1.077033, 2.341944, 3.797966, 5.506767, 7.295621, 8.105384, 8.560938, 8.825381, 8.678631, 8.30399, 7.548564, 6.828099, 5.828745, 4.713908, 3.746908, 3.464066, 3.595436, 4.436376, 5.833071, 7.511887, 8.926101, 10.203049, 11.08231, 11.679712, 11.717014, 11.617603, 9.209284, 8.330023, 7.169336, 6.083039, 5.333921, 6.748135, 6.835327, 7.642764, 8.846082, 9.667936, 11.08215, 12.240041, 12.959113, 13.278763, 13.650376, 12.831924, 12.034765, 10.827631, 9.840083, 8.688424, 8.201603, 7.912093, 8.291992, 8.942282, 10.176985, 11.482258, 12.873062, 10.893163, 8.630422, 5.939697, 3.11127, 0.0, 0.0, 0.0]"
507,"[0.0, 0.0, 0.0, 0.0, 1.019804, 2.434017, 3.848231, 5.460683, 7.260683, 8.051956, 8.286984, 8.522013, 8.432716, 7.974357, 7.428191, 6.673376, 5.624134, 4.548193, 3.772237, 3.139782, 3.322388, 4.178409, 5.575105, 7.163485, 8.767098, 10.106674, 10.983033, 11.471505, 11.649819, 11.413751, 8.997142, 8.187916, 7.120446, 5.988066, 5.204618, 6.81707, 7.01438, 7.749469, 8.7128, 9.828628, 10.722169, 11.865269, 12.650946, 13.20791, 13.216469, 12.798537, 11.83234, 10.755463, 9.64762, 8.748901, 8.222889, 8.045988, 8.396313, 9.200471, 10.621814, 12.106074, 13.696198, 11.637072, 9.220463, 6.356898, 3.310589, 0.0, 0.0, 0.0]"
508,"[0.0, 0.0, 0.0, 0.0, 1.16619, 2.608411, 4.050631, 5.663083, 7.451937, 8.183114, 8.390135, 8.597157, 8.398919, 7.826617, 6.929251, 6.104629, 5.087843, 4.239315, 3.622762, 3.622762, 4.212355, 5.390976, 6.835266, 8.435266, 9.835266, 11.028733, 11.848245, 12.46886, 12.701965, 12.538033, 9.930352, 9.110839, 7.894464, 6.72627, 5.932422, 7.494472, 7.527304, 8.11309, 9.12853, 10.247559, 11.513937, 12.498455, 13.18918, 13.629123, 13.509184, 13.013138, 12.348042, 11.501226, 10.477988, 9.649128, 9.105602, 8.78618, 8.981879, 9.717928, 10.736065, 11.97376, 13.354754, 11.315147, 8.882042, 6.251452, 3.224903, 0.0, 0.0, 0.0]"
509,"[0.0, 0.0, 0.0, 0.0, 1.019804, 2.434017, 4.046469, 5.695711, 7.404512, 8.173562, 8.548203, 8.656217, 8.569025, 8.140849, 7.632619, 6.843765, 5.84441, 4.88236, 4.048949, 3.616852, 3.783042, 4.504153, 5.790949, 7.507066, 8.938889, 10.181017, 11.284381, 11.805904, 12.050892, 11.89657, 9.488251, 8.504717, 7.262588, 5.931302, 5.005273, 6.461295, 6.608046, 7.411627, 8.48866, 9.6296, 10.7034, 11.662932, 12.361494, 12.838017, 12.905396, 12.385549, 11.528293, 10.509203, 9.334635, 8.267957, 7.820032, 7.706011, 8.056769, 9.042058, 10.308098, 11.630489, 13.095711, 11.095711, 8.6544, 6.046719, 3.162278, 0.0, 0.0, 0.0]"
510,"[0.0, 0.0, 0.0, 0.0, 1.280625, 2.842675, 4.686584, 6.666483, 8.792512, 9.637916, 10.075866, 10.118754, 9.927709, 9.324834, 8.540446, 7.617479, 6.730683, 5.662939, 4.939784, 4.617947, 4.805825, 5.514626, 6.881577, 8.422517, 9.876576, 11.279998, 12.23953, 12.782058, 13.071708, 12.806916, 10.138584, 9.31416, 8.139592, 6.675193, 5.746746, 7.088387, 6.953279, 7.394623, 8.316494, 9.509733, 10.697914, 11.589113, 12.375028, 12.79296, 12.651477, 12.284986, 11.571782, 10.677355, 9.513003, 8.594836, 7.831505, 7.55716, 7.612215, 8.358635, 9.474244, 10.859922, 12.220684, 10.376775, 8.288714, 5.758891, 2.973214, 0.0, 0.0, 0.0]"
511,"[0.0, 0.0, 0.0, 0.0, 1.341641, 2.954092, 4.674557, 6.561354, 8.561354, 9.199612, 9.567059, 9.690503, 9.524172, 9.244637, 8.706958, 7.72706, 6.731679, 5.732324, 4.811859, 4.446671, 4.888892, 5.652815, 6.901477, 8.337545, 9.677121, 10.8349, 11.942743, 12.641304, 12.879099, 12.742841, 10.142841, 9.131348, 7.98617, 6.792931, 5.678771, 7.201925, 7.142367, 7.463121, 8.222104, 9.336264, 10.286973, 11.358025, 12.114116, 12.491118, 12.543147, 12.12841, 11.467242, 10.656096, 9.762642, 8.844475, 8.185349, 7.775465, 7.830519, 8.648305, 9.763913, 11.149591, 12.286026, 10.442117, 8.101177, 5.571355, 2.785678, 0.0, 0.0, 0.0]"
512,"[0.0, 0.0, 0.0, 0.0, 1.0, 2.2, 3.8, 5.4, 7.2, 8.011077, 8.654986, 8.763787, 8.686941, 8.228582, 7.494538, 6.545056, 5.468711, 4.345556, 3.569601, 3.386995, 3.569601, 4.393168, 5.890534, 7.478915, 8.820555, 10.075903, 11.061192, 11.605137, 11.783452, 11.547384, 9.215003, 8.386143, 7.209743, 6.077363, 5.293915, 6.635556, 6.743569, 7.365455, 8.328785, 9.348301, 10.512653, 11.392188, 12.105392, 12.471883, 12.516166, 12.098234, 11.342143, 10.63951, 9.632842, 8.794712, 8.403707, 8.280263, 8.546227, 9.355453, 10.596514, 11.852423, 13.184825, 11.021494, 8.689114, 6.005832, 3.052868, 0.0, 0.0, 0.0]"
513,"[0.0, 0.0, 0.0, 0.0, 1.16619, 2.507831, 4.030986, 5.739787, 7.448587, 8.126306, 8.595742, 8.685039, 8.376238, 8.067437, 7.223529, 6.237073, 5.257077, 4.422762, 3.655218, 3.675022, 4.264614, 5.443235, 6.887525, 8.491138, 9.945197, 11.060806, 11.970023, 12.560048, 12.853802, 12.720878, 10.191056, 9.314671, 8.327123, 7.211514, 6.393729, 8.00618, 8.049068, 8.562645, 9.428782, 10.625922, 11.897911, 12.895556, 13.452809, 13.855739, 13.552054, 13.008553, 12.278178, 11.564668, 10.601852, 9.882299, 9.238415, 8.971145, 9.0605, 9.756644, 10.659588, 12.008841, 13.25254, 11.193414, 8.776804, 6.176804, 3.130495, 0.0, 0.0, 0.0]"
514,"[0.0, 0.0, 0.0, 0.0, 1.2, 2.812452, 4.623529, 6.434606, 8.474213, 9.17158, 9.5289, 9.506677, 9.484455, 8.887067, 8.331342, 7.438603, 6.47437, 5.317971, 4.596861, 4.386591, 4.723771, 5.743059, 7.236633, 8.923841, 10.338055, 11.614566, 12.613191, 13.207456, 13.360387, 13.256114, 10.565389, 9.566764, 8.40852, 7.370425, 6.385135, 7.985135, 7.952304, 8.400229, 9.285393, 10.429371, 11.629371, 12.618294, 13.415453, 13.835561, 13.668666, 13.342529, 12.778597, 11.981439, 10.964089, 10.143435, 9.318814, 8.8716, 8.920751, 9.550985, 10.658828, 12.062453, 13.326466, 11.26734, 8.826029, 6.105735, 3.052868, 0.0, 0.0, 0.0]"
515,"[0.0, 0.0, 0.0, 0.0, 1.280625, 2.842675, 4.404725, 6.101781, 7.94569, 8.508974, 8.83372, 9.060525, 8.97592, 8.473652, 7.706776, 6.81998, 5.752236, 4.77224, 4.230599, 4.17337, 4.629392, 5.75219, 7.207796, 8.688147, 10.101448, 11.276015, 12.23924, 12.751179, 12.879147, 12.846042, 10.215453, 9.219396, 8.075418, 7.10932, 6.271369, 7.833419, 7.811197, 8.414301, 9.304461, 10.5209, 11.737339, 12.832925, 13.616333, 13.974678, 13.886914, 13.516744, 12.895044, 12.032409, 11.062149, 10.160279, 9.460761, 9.237627, 9.267703, 9.947238, 10.958384, 12.249583, 13.409975, 11.4, 9.0, 6.2, 3.2, 0.0, 0.0, 0.0]"
516,"[0.0, 0.0, 0.0, 0.0, 1.216553, 2.672574, 4.321817, 6.030617, 7.819472, 8.489716, 8.92049, 8.991713, 8.844962, 8.470321, 7.86415, 6.977353, 5.977999, 5.015949, 4.322845, 4.208411, 4.650631, 5.649986, 7.049986, 8.609227, 10.050717, 11.216178, 12.178994, 12.862276, 12.998534, 12.807462, 10.199782, 9.403296, 8.282065, 7.307676, 6.232707, 7.88195, 7.806231, 8.254156, 9.021007, 10.309956, 11.291303, 12.34379, 13.002148, 13.51337, 13.412603, 13.122953, 12.413455, 11.642489, 10.766104, 9.848733, 9.120245, 8.810087, 8.810087, 9.382788, 10.453618, 11.70473, 12.907131, 11.009764, 8.593155, 5.909873, 3.046309, 0.0, 0.0, 0.0]"
517,"[0.0, 0.0, 0.0, 0.0, 1.2, 2.614214, 4.226665, 6.037742, 7.881651, 8.579018, 9.062171, 9.238573, 9.039948, 8.719194, 8.163468, 7.343134, 6.378901, 5.591071, 4.789026, 4.578756, 4.782348, 5.801636, 6.977015, 8.536255, 9.950469, 11.360569, 12.359194, 13.049919, 13.330818, 13.065584, 10.374859, 9.229382, 8.100707, 6.881098, 6.056769, 7.656769, 7.77079, 8.248348, 9.142775, 10.095072, 11.302205, 12.291128, 12.851521, 13.223134, 13.223134, 12.849105, 12.088713, 11.498688, 10.491007, 9.695139, 8.911277, 8.660523, 8.650548, 9.330899, 10.279697, 11.472989, 12.684135, 10.684135, 8.403784, 5.842534, 3.0, 0.0, 0.0, 0.0]"
518,"[0.0, 0.0, 0.0, 0.0, 1.264911, 2.788066, 4.496866, 6.340775, 8.380383, 9.125447, 9.602293, 9.693492, 9.462034, 8.83664, 8.240879, 7.240879, 6.2655, 5.374159, 4.681055, 4.286646, 4.503198, 5.327819, 6.646317, 8.205557, 9.715576, 11.284701, 12.235458, 12.879132, 13.198781, 12.905027, 10.11935, 9.22815, 8.194111, 6.994111, 5.974596, 7.587047, 7.598711, 7.949469, 8.82982, 10.054579, 11.049808, 11.937024, 12.620305, 13.023236, 12.998534, 12.731793, 12.212174, 11.317746, 10.246916, 9.392357, 8.613467, 8.137857, 8.318775, 8.860389, 9.828161, 10.986405, 12.347167, 10.377396, 8.22333, 5.693508, 2.973214, 0.0, 0.0, 0.0]"
519,"[0.0, 0.0, 0.0, 0.0, 1.16619, 2.689345, 4.2125, 6.001354, 7.88815, 8.565869, 8.886623, 9.060525, 8.83372, 8.389145, 7.82586, 6.83048, 5.854534, 4.892484, 4.082719, 3.968284, 4.561977, 5.561331, 7.124662, 8.824587, 10.16439, 11.405451, 12.470664, 13.09301, 13.36063, 13.195577, 10.512295, 9.515472, 8.172015, 6.85264, 5.853341, 7.502583, 7.524805, 8.09256, 9.220254, 10.509203, 11.688387, 12.740875, 13.399232, 13.711208, 13.61044, 13.198622, 12.489124, 11.718158, 10.647106, 9.729736, 8.925578, 8.615421, 8.687826, 9.274652, 10.345482, 11.685995, 12.972581, 11.002809, 8.766741, 6.08346, 3.130495, 0.0, 0.0, 0.0]"
520,"[0.0, 0.0, 0.0, 0.0, 1.16619, 2.608411, 4.050631, 5.612681, 7.45659, 8.134309, 8.412553, 8.690798, 8.741199, 8.238931, 7.561213, 6.840748, 5.968811, 4.988815, 4.447174, 4.300788, 4.75681, 5.805648, 7.070559, 8.55091, 10.004969, 11.179537, 12.110597, 12.820912, 13.148242, 12.883451, 10.252861, 9.235511, 8.083852, 6.918392, 6.271369, 7.833419, 7.909139, 8.512243, 9.30609, 10.351721, 11.674112, 12.671757, 13.173881, 13.628538, 13.566441, 12.944742, 12.0402, 11.458849, 10.488589, 9.555456, 9.001515, 8.865525, 8.895601, 9.583455, 10.578685, 11.869884, 13.232219, 11.222244, 8.813925, 6.206244, 3.206244, 0.0, 0.0, 0.0]"
521,"[0.0, 0.0, 0.0, 0.0, 1.019804, 2.284715, 3.740737, 5.263892, 7.052746, 7.645394, 8.100948, 8.206976, 8.098034, 7.723394, 7.242313, 6.370376, 5.374012, 4.559798, 3.866695, 3.735324, 4.018167, 5.014531, 6.25844, 7.70066, 9.033041, 10.407663, 11.351606, 11.924306, 12.177585, 11.814976, 9.308983, 8.415441, 7.279457, 6.143473, 5.438612, 7.087855, 7.28648, 8.214927, 9.143375, 10.509053, 11.688238, 12.740725, 13.443697, 14.020302, 13.806322, 13.131961, 12.238168, 11.223491, 10.087056, 9.282898, 8.741284, 8.615421, 8.806116, 9.877167, 11.17676, 12.726586, 14.181162, 12.0931, 9.372806, 6.460762, 3.298485, 0.0, 0.0, 0.0]"
522,"[0.0, 0.0, 0.0, 0.0, 1.019804, 2.236356, 3.65057, 5.299812, 6.949054, 7.638051, 8.210353, 8.408591, 8.3718, 8.003183, 7.575007, 6.786153, 5.894811, 4.88236, 4.167421, 3.735324, 3.866695, 4.707634, 5.828099, 7.262414, 8.539915, 9.671286, 10.670486, 11.358339, 11.63869, 11.512661, 9.249919, 8.25072, 7.123026, 5.919708, 5.13626, 6.550474, 6.637666, 7.20095, 8.163525, 9.355291, 10.548759, 11.499517, 12.055608, 12.424319, 12.225072, 11.656999, 10.868076, 10.268076, 9.459757, 8.706707, 8.190254, 7.991628, 8.191628, 8.871979, 9.977207, 11.296586, 12.684135, 10.684135, 8.403784, 5.842534, 3.0, 0.0, 0.0, 0.0]"
523,"[0.0, 0.0, 0.0, 0.0, 1.0, 2.280625, 3.722845, 5.335297, 7.124151, 7.832952, 8.201569, 8.408591, 8.408591, 8.03395, 7.52515, 6.675907, 5.659121, 4.493883, 3.679669, 3.279669, 3.74458, 4.568147, 5.964842, 7.60091, 9.209229, 10.344318, 11.488296, 12.052706, 12.224957, 11.826613, 9.426613, 8.426613, 7.474316, 6.407638, 5.678288, 7.120508, 7.309363, 7.912467, 8.903207, 10.063893, 11.229353, 12.160793, 12.792392, 13.150736, 13.255009, 12.91007, 12.169675, 11.322859, 10.194184, 9.171754, 8.558255, 8.389433, 8.545524, 9.391793, 10.668638, 12.026055, 13.414978, 11.414978, 9.006659, 6.206659, 3.2, 0.0, 0.0, 0.0]"
524,"[0.0, 0.0, 0.0, 0.0, 0.848528, 1.848528, 3.129153, 4.571373, 6.094528, 6.769155, 7.225177, 7.358765, 7.133097, 6.809943, 6.286788, 5.430766, 4.463766, 3.530056, 2.930056, 2.730056, 3.330056, 4.495294, 6.012452, 7.412452, 8.812452, 10.012452, 11.0, 11.6, 11.8, 11.8, 9.4, 8.4, 7.2, 6.077033, 5.043223, 6.323848, 6.166069, 6.852865, 7.939163, 9.214283, 10.37497, 11.493999, 12.152787, 12.252198, 12.073629, 11.758347, 11.041006, 10.192478, 9.491786, 8.570685, 7.900678, 7.669221, 7.772164, 8.410114, 9.468474, 10.812452, 12.2, 10.4, 8.2, 5.8, 3.0, 0.0, 0.0, 0.0]"
525,"[0.0, 0.0, 0.0, 0.0, 1.077033, 2.418674, 3.760315, 5.372766, 7.093231, 7.736663, 7.957072, 8.312488, 8.11425, 7.67441, 6.953945, 6.113005, 5.137059, 4.322845, 3.674676, 3.674676, 4.084937, 4.925876, 6.325876, 7.856752, 9.189132, 10.563754, 11.418314, 12.203991, 12.3816, 12.203286, 9.697293, 8.893135, 7.549678, 6.489363, 5.676938, 7.32618, 7.524805, 8.09256, 9.021007, 10.309956, 11.524278, 12.576765, 13.478834, 14.055439, 13.841459, 13.131961, 12.422463, 11.407785, 10.27135, 9.454741, 8.913126, 8.602969, 8.793664, 9.485362, 10.858575, 12.408402, 13.982094, 11.894033, 9.553093, 6.579879, 3.417601, 0.0, 0.0, 0.0]"
526,"[0.0, 0.0, 0.0, 0.0, 1.2, 2.8, 4.4, 6.4, 8.409975, 9.249583, 9.54695, 9.844316, 9.553117, 9.066296, 8.368329, 7.547996, 6.650629, 5.766449, 5.091823, 4.881553, 5.246741, 5.967206, 7.305915, 8.898698, 10.328577, 11.577081, 12.547341, 13.074735, 13.324149, 13.171218, 10.480493, 9.769668, 8.640993, 7.473422, 6.479317, 8.079317, 7.943327, 8.420885, 9.330835, 10.547211, 11.754345, 12.71757, 13.477962, 13.844857, 13.821949, 13.423134, 12.825072, 12.025072, 11.025072, 10.029843, 9.270766, 8.850548, 8.850548, 9.330899, 10.560982, 11.754273, 13.089519, 11.089519, 8.809168, 5.966634, 3.1241, 0.0, 0.0, 0.0]"
527,"[0.0, 0.0, 0.0, 0.0, 1.280625, 2.842675, 4.56314, 6.449936, 8.509062, 9.198209, 9.60593, 9.782832, 9.545278, 9.135394, 8.579836, 7.874976, 6.872036, 6.071322, 5.246701, 4.852291, 4.98738, 5.692953, 6.844425, 8.419804, 10.007681, 11.215362, 12.245951, 12.87654, 13.10713, 12.735517, 10.127836, 9.308324, 8.277734, 7.103167, 6.20874, 7.77079, 7.803622, 8.329651, 8.999658, 10.066336, 11.195011, 11.896686, 12.461382, 12.896603, 12.929595, 12.402201, 11.743413, 11.052688, 10.053488, 9.174227, 8.623348, 8.445352, 8.48496, 9.158978, 10.227517, 11.443493, 12.761241, 10.721634, 8.485566, 5.854976, 3.026549, 0.0, 0.0, 0.0]"
528,"[0.0, 0.0, 0.0, 0.0, 1.264911, 2.720933, 4.244088, 6.032942, 7.821796, 8.443682, 8.831569, 9.152323, 9.060525, 8.685884, 7.930458, 7.08655, 5.963751, 4.89915, 4.309558, 4.25522, 4.69744, 5.696795, 7.06434, 8.572099, 10.001059, 11.158839, 12.224051, 12.944345, 13.141787, 12.976734, 10.376734, 9.560828, 8.452985, 7.337377, 6.438657, 7.961812, 7.835949, 8.263105, 9.08496, 10.116603, 11.313742, 12.443047, 13.189117, 13.553049, 13.495795, 13.107881, 12.193794, 11.377888, 10.486688, 9.719321, 9.198018, 8.949969, 9.019805, 9.591355, 10.662407, 11.763374, 13.057132, 11.017524, 8.737173, 6.016879, 3.104835, 0.0, 0.0, 0.0]"
529,"[0.0, 0.0, 0.0, 0.0, 1.280625, 2.722845, 4.566754, 6.546653, 8.526552, 9.225826, 9.783606, 9.826493, 9.635449, 9.268001, 8.629743, 7.795933, 6.909137, 5.841393, 5.028941, 4.707105, 4.805825, 5.514626, 6.690882, 8.171233, 9.819762, 11.418415, 12.538042, 13.667224, 14.194007, 14.133355, 11.269791, 10.252441, 8.681914, 7.216421, 6.022953, 7.465174, 7.442951, 7.956701, 8.769126, 9.771522, 11.192865, 12.267575, 12.905485, 13.471713, 13.463422, 12.725887, 11.862323, 11.254642, 10.1468, 9.261635, 8.591628, 8.391628, 8.391628, 8.988249, 10.293521, 11.864049, 13.288952, 11.288952, 9.079879, 6.251452, 3.224903, 0.0, 0.0, 0.0]"
530,"[0.0, 0.0, 0.0, 0.0, 1.16619, 2.608411, 4.220862, 6.009717, 7.907083, 8.63826, 9.093406, 9.324863, 9.14846, 8.651094, 8.153727, 7.276164, 6.256877, 5.365535, 4.686646, 4.111267, 4.291463, 5.066842, 6.145731, 7.424621, 8.809072, 10.017391, 10.850496, 11.52436, 11.80471, 11.683699, 9.275381, 8.454727, 7.380864, 6.365424, 5.443553, 6.857767, 6.807365, 7.294161, 8.02925, 9.143411, 10.137516, 11.12105, 11.642573, 12.203823, 12.203823, 11.795504, 11.136716, 10.290447, 9.143411, 8.30528, 7.828435, 7.590881, 7.839908, 8.634767, 9.600865, 10.884844, 12.262151, 10.451074, 8.242002, 5.833683, 3.026549, 0.0, 0.0, 0.0]"
531,"[0.0, 0.0, 0.0, 0.0, 1.264911, 2.720933, 4.370175, 6.214084, 8.057993, 8.803057, 9.347035, 9.497793, 9.464961, 9.035266, 8.439504, 7.459308, 6.459308, 5.280687, 4.432158, 3.912372, 4.157479, 4.813501, 6.024955, 7.54733, 8.993843, 10.145541, 11.289519, 11.951603, 12.280151, 12.175279, 9.75867, 8.681825, 7.440743, 6.224134, 5.252977, 6.594618, 6.513683, 6.969237, 7.769237, 8.784677, 9.884348, 11.049808, 11.835336, 12.251945, 12.312534, 11.959284, 11.24897, 10.451778, 9.64762, 8.748901, 8.075053, 7.790138, 7.870192, 8.411806, 9.386195, 10.757659, 12.008771, 10.219917, 8.065851, 5.649242, 2.863564, 0.0, 0.0, 0.0]"
532,"[0.0, 0.0, 0.0, 0.0, 1.019804, 2.284715, 3.933957, 5.777866, 7.486667, 8.436635, 9.05852, 9.129742, 8.847884, 8.553296, 7.86415, 7.108724, 6.109369, 4.94732, 3.98032, 3.420805, 3.455624, 4.176735, 5.663531, 7.379648, 8.938889, 10.181017, 11.284381, 11.943169, 12.188158, 12.033836, 9.625517, 8.494146, 7.114752, 5.922986, 4.996956, 6.452978, 6.827619, 7.6312, 8.650716, 9.791656, 10.865456, 11.796896, 12.495457, 12.692494, 12.784659, 12.264812, 11.554493, 10.535403, 9.558319, 8.466855, 8.01893, 7.706011, 8.115895, 8.992254, 10.429102, 11.919919, 13.275731, 11.216605, 8.884224, 6.105735, 3.052868, 0.0, 0.0, 0.0]"
533,"[0.0, 0.0, 0.0, 0.0, 1.077033, 2.533055, 3.989077, 5.832986, 7.644063, 8.36703, 8.711008, 8.867437, 8.437742, 7.891576, 7.11138, 6.136001, 5.12355, 4.15655, 3.524094, 3.524094, 4.113687, 5.324764, 6.917158, 8.52077, 10.030789, 11.146397, 12.120998, 12.68139, 13.045322, 12.932109, 10.402287, 9.32541, 8.139624, 6.953837, 6.060382, 7.502603, 7.637711, 8.349527, 9.343632, 10.381727, 11.782041, 12.822573, 13.475033, 13.749995, 13.872027, 13.446102, 12.797729, 11.808095, 10.845278, 9.859053, 9.162909, 8.896612, 9.195819, 10.005176, 11.028414, 12.412784, 13.741497, 11.653436, 9.123614, 6.403319, 3.298485, 0.0, 0.0, 0.0]"
534,"[0.0, 0.0, 0.0, 0.0, 1.216553, 2.630766, 4.243218, 6.054295, 7.854295, 8.647717, 9.077413, 9.30887, 9.147035, 8.803057, 8.057993, 7.233888, 6.189979, 5.365358, 4.757864, 4.492953, 4.91537, 5.727821, 6.962326, 8.446179, 9.88749, 11.006519, 12.084792, 12.716391, 12.929595, 12.751025, 10.189776, 9.34296, 8.264687, 7.175124, 6.326596, 7.939048, 7.939048, 8.414657, 9.238986, 10.257878, 11.276015, 12.260534, 12.780153, 13.099802, 13.266697, 12.84518, 12.225825, 11.418144, 10.418144, 9.467387, 8.967115, 8.546897, 8.746897, 9.427248, 10.468731, 11.602464, 12.81361, 10.81361, 8.533259, 5.842534, 3.0, 0.0, 0.0, 0.0]"
535,"[0.0, 0.0, 0.0, 0.0, 1.019804, 2.434017, 4.046469, 5.646469, 7.446469, 8.237742, 8.667437, 8.704228, 8.56025, 8.283405, 7.549361, 6.530073, 5.480831, 4.657264, 3.982638, 3.800032, 4.317052, 5.505906, 6.932577, 8.416429, 9.963313, 11.182922, 12.236602, 12.8682, 12.944139, 12.765569, 10.20432, 9.08225, 8.003977, 7.05168, 6.188939, 7.80139, 7.924834, 8.400444, 9.612755, 11.076319, 12.490416, 13.673057, 14.591655, 14.923322, 14.859758, 14.433208, 13.606659, 12.6, 11.411077, 10.260319, 9.36912, 9.228246, 9.391577, 10.141749, 11.335041, 12.906484, 14.288289, 12.124958, 9.563708, 6.721174, 3.44093, 0.0, 0.0, 0.0]"
536,"[0.0, 0.0, 0.0, 0.0, 1.2, 2.6, 4.212452, 6.023529, 7.867437, 8.511346, 9.008713, 9.293628, 9.191352, 8.959894, 8.457626, 7.637293, 6.564547, 5.655746, 4.764405, 4.271292, 4.474884, 5.092484, 6.136393, 7.541312, 9.101102, 10.228796, 11.33216, 11.89657, 12.17886, 11.89657, 9.488251, 8.639723, 7.673625, 6.530217, 5.604188, 7.018401, 6.970587, 7.372276, 8.195426, 9.275777, 10.294668, 11.276015, 11.840425, 12.152364, 12.081085, 11.84798, 11.017391, 10.209072, 9.223286, 8.470236, 7.611876, 7.373926, 7.617835, 8.466363, 9.555926, 11.042712, 12.591932, 10.748023, 8.485281, 5.939697, 3.11127, 0.0, 0.0, 0.0]"
537,"[0.0, 0.0, 0.0, 0.0, 1.216553, 2.630766, 4.230766, 5.830766, 7.630766, 8.225291, 8.460319, 8.509562, 8.365584, 7.830495, 7.096451, 6.271829, 5.222587, 4.399021, 3.85522, 3.85522, 4.29551, 5.404311, 6.741627, 8.079642, 9.33499, 10.51139, 11.522884, 12.114362, 12.463555, 12.411525, 9.970214, 8.862371, 7.824276, 6.830171, 5.964033, 7.613276, 7.898191, 8.529102, 9.455828, 10.641615, 11.712667, 12.727344, 13.436842, 13.726492, 13.53481, 13.222835, 12.350399, 11.297912, 10.316565, 9.431401, 8.743547, 8.683838, 8.99879, 9.757867, 10.925437, 12.329072, 13.604937, 11.478908, 9.070589, 6.379864, 3.255764, 0.0, 0.0, 0.0]"
538,"[0.0, 0.0, 0.0, 0.0, 1.16619, 2.507831, 4.030986, 5.680228, 7.524137, 8.201855, 8.671292, 8.748137, 8.498895, 7.871538, 7.02763, 6.016553, 5.049008, 4.214693, 3.630596, 3.6504, 4.264614, 5.443235, 6.917158, 8.52077, 9.97483, 11.090438, 12.065039, 12.625431, 12.805972, 12.486175, 9.956353, 8.819917, 7.634131, 6.631735, 6.000824, 7.613276, 7.807942, 8.519758, 9.513863, 10.711003, 11.982992, 12.917572, 13.474824, 13.749787, 13.629493, 13.161661, 12.61924, 11.90573, 10.942914, 10.03997, 9.46727, 9.290328, 9.556624, 10.252768, 11.238994, 12.441394, 13.692857, 11.456789, 9.04018, 6.356898, 3.310589, 0.0, 0.0, 0.0]"
539,"[0.0, 0.0, 0.0, 0.0, 1.264911, 2.788066, 4.496866, 6.394233, 8.238142, 9.012839, 9.499659, 9.601935, 9.504569, 9.26066, 8.635266, 7.625291, 6.614214, 5.446669, 4.695197, 4.300788, 4.51734, 5.366582, 6.578036, 7.769115, 9.090251, 10.403521, 11.284101, 12.040192, 12.417193, 12.230319, 9.700497, 8.879476, 7.735498, 6.518889, 5.629734, 6.971375, 6.983039, 7.370926, 8.296955, 9.312395, 10.578435, 11.465651, 12.127735, 12.418315, 12.478904, 12.025289, 11.314975, 10.517782, 9.543394, 8.644674, 8.052658, 7.875757, 7.95581, 8.749658, 9.724047, 11.025561, 12.351405, 10.562551, 8.326483, 5.909873, 3.046309, 0.0, 0.0, 0.0]"
540,"[0.0, 0.0, 0.0, 0.0, 1.341641, 2.864795, 4.477247, 6.197712, 8.197712, 8.69998, 9.156724, 9.388182, 9.388182, 8.830402, 8.267118, 7.287219, 6.164421, 5.076411, 4.458812, 4.25522, 4.778374, 5.846119, 7.183435, 8.775423, 10.228212, 11.425351, 12.548541, 13.247102, 13.304356, 13.248398, 10.528104, 9.513426, 8.368248, 7.456435, 6.544621, 8.157073, 8.157073, 8.721979, 9.500869, 10.538819, 11.789932, 12.75613, 13.446557, 13.884106, 13.891787, 13.469534, 12.7693, 11.877608, 10.887973, 9.989093, 9.391691, 9.22836, 9.351539, 9.971004, 10.892792, 12.075433, 13.300336, 11.29036, 8.882042, 6.251452, 3.224903, 0.0, 0.0, 0.0]"
541,"[0.0, 0.0, 0.0, 0.0, 1.0, 2.131371, 3.545584, 5.242641, 6.804691, 7.525156, 8.006236, 8.115177, 7.874143, 7.577004, 6.933572, 6.145742, 5.343697, 4.334889, 3.669978, 3.417566, 3.669978, 4.40489, 5.855043, 7.343104, 9.149072, 10.702628, 11.854287, 12.556921, 13.06886, 12.43827, 9.807681, 8.812452, 7.668474, 6.349098, 5.629723, 7.071944, 7.248347, 7.762096, 8.717539, 9.769295, 10.934756, 11.866195, 12.457673, 12.76719, 12.843128, 12.498189, 11.757794, 11.040453, 10.215334, 9.419466, 8.679879, 8.543889, 8.709955, 9.597171, 10.791853, 12.275358, 13.637693, 11.627718, 9.020037, 6.212903, 3.206244, 0.0, 0.0, 0.0]"
542,"[0.0, 0.0, 0.0, 0.0, 1.264911, 2.720933, 4.429734, 6.399505, 8.458631, 9.252846, 9.796824, 10.088024, 9.815308, 9.453239, 8.808326, 7.939697, 6.939697, 5.875096, 5.002661, 4.588448, 4.737702, 5.299751, 6.511205, 7.966935, 9.408246, 10.735302, 11.780933, 12.620305, 12.845947, 12.640704, 10.033023, 9.145807, 7.904746, 6.679378, 5.708221, 7.122435, 7.00197, 7.359749, 8.288197, 9.431605, 10.417391, 11.417391, 12.24798, 12.472013, 12.537558, 12.225619, 11.469528, 10.488181, 9.667527, 8.607878, 7.975838, 7.744381, 7.981935, 8.532814, 9.559912, 10.824184, 12.211732, 10.324936, 8.161605, 5.720294, 3.0, 0.0, 0.0, 0.0]"
543,"[0.0, 0.0, 0.0, 0.0, 1.0, 2.280625, 3.694838, 5.391895, 7.11236, 7.832825, 8.341054, 8.449995, 8.208961, 7.753407, 7.052746, 6.088513, 5.197814, 4.189005, 3.524094, 3.398717, 3.740287, 4.630986, 6.081139, 7.635205, 9.214641, 10.522314, 11.629749, 12.140701, 12.394954, 11.931066, 9.457202, 8.475855, 7.409177, 6.281483, 5.552133, 7.075287, 7.323412, 8.069832, 9.069558, 10.318755, 11.395601, 12.098234, 12.693455, 13.020785, 13.098643, 12.661974, 11.94877, 11.152285, 10.067759, 9.10932, 8.545989, 8.47027, 8.819542, 9.770251, 10.789341, 12.101385, 13.588793, 11.352725, 8.878861, 6.210528, 3.298485, 0.0, 0.0, 0.0]"
544,"[0.0, 0.0, 0.0, 0.0, 1.264911, 2.720933, 4.370175, 6.214084, 8.057993, 8.803057, 9.158112, 9.30887, 9.064961, 8.833504, 8.237742, 7.446469, 6.446469, 5.478925, 4.587583, 4.067797, 4.312904, 5.162146, 6.3736, 7.740551, 9.187063, 10.263092, 11.21385, 11.875934, 12.120254, 11.83844, 9.4975, 8.420654, 7.179572, 6.047192, 5.204618, 6.546259, 6.635556, 7.09111, 7.89111, 9.115869, 10.280221, 11.173762, 11.869906, 12.210846, 12.049886, 11.631954, 11.023328, 10.315519, 9.497734, 8.659604, 7.985756, 7.700841, 7.780895, 8.493808, 9.287655, 10.556723, 11.897237, 10.108382, 7.872314, 5.636246, 2.952965, 0.0, 0.0, 0.0]"
545,"[0.0, 0.0, 0.0, 0.0, 1.0, 2.16619, 3.778642, 5.391093, 7.099894, 7.808695, 8.486413, 8.486413, 8.486413, 8.191826, 7.683026, 6.839117, 5.859121, 4.812355, 4.030596, 3.630596, 3.830596, 4.798141, 6.032456, 7.6, 9.407681, 10.83827, 12.101834, 12.970167, 13.050518, 12.530898, 9.900309, 8.649197, 7.380864, 6.317065, 5.570645, 7.132695, 7.364152, 8.090181, 9.281948, 10.348626, 11.477301, 12.324117, 12.918382, 13.117744, 13.041805, 12.587149, 11.95555, 11.122052, 10.076421, 9.30609, 8.790487, 8.701133, 8.968402, 10.126647, 11.476641, 12.918453, 14.301293, 12.147227, 9.426933, 6.514889, 3.352611, 0.0, 0.0, 0.0]"
546,"[0.0, 0.0, 0.0, 0.0, 1.0, 2.280625, 3.842675, 5.56314, 7.283605, 8.072459, 8.500635, 8.587827, 8.281576, 7.975325, 7.403023, 6.714026, 5.697239, 4.848711, 4.034497, 3.617945, 3.814693, 4.63826, 5.916483, 7.525556, 9.133874, 10.317322, 11.468981, 12.033391, 12.232638, 12.033391, 9.633391, 8.62571, 7.631605, 6.564927, 5.636479, 7.198529, 7.485325, 8.234443, 9.225183, 10.385869, 11.544113, 12.218566, 12.74596, 12.959164, 12.926172, 12.331907, 11.750556, 11.03973, 10.056196, 9.260329, 8.657454, 8.521464, 8.750637, 9.596906, 10.791588, 12.275093, 13.637428, 11.428356, 9.020037, 6.212903, 3.206244, 0.0, 0.0, 0.0]"
547,"[0.0, 0.0, 0.0, 0.0, 1.0, 2.2, 3.8, 5.4, 7.211077, 8.022154, 8.666063, 8.774864, 8.698018, 8.228582, 7.583695, 6.634214, 5.557869, 4.634714, 3.858759, 3.413678, 3.596284, 4.486983, 5.595784, 6.99987, 8.514828, 9.770176, 10.688332, 11.420843, 11.731422, 11.495354, 9.162973, 8.334114, 7.157713, 6.077363, 5.293915, 6.81707, 6.81707, 7.611285, 8.574615, 9.774672, 10.668127, 11.655675, 12.126371, 12.436904, 12.494158, 12.117157, 11.361066, 10.540044, 9.589335, 8.557693, 8.080135, 8.080135, 8.43046, 9.239686, 10.575954, 11.898345, 13.107304, 11.048178, 8.715797, 5.937309, 3.052868, 0.0, 0.0, 0.0]"
548,"[0.0, 0.0, 0.0, 0.0, 1.019804, 2.284715, 3.80787, 5.420321, 7.032773, 7.733434, 8.188988, 8.362889, 8.164651, 7.832825, 7.11236, 6.240423, 5.109052, 4.094838, 3.446669, 3.295197, 3.57804, 4.574404, 6.018313, 7.666209, 9.258992, 10.633614, 11.577556, 12.150257, 12.286515, 12.081272, 9.575279, 8.681738, 7.679342, 6.543358, 5.763312, 7.375763, 7.563312, 8.349098, 9.476792, 10.628451, 11.646589, 12.675016, 13.143349, 13.455324, 13.377465, 13.087816, 12.34745, 11.576484, 10.468642, 9.538819, 8.810331, 8.619636, 8.876336, 9.680493, 10.944057, 12.462101, 13.875324, 11.721258, 9.304648, 6.441084, 3.310589, 0.0, 0.0, 0.0]"
549,"[0.0, 0.0, 0.0, 0.0, 1.2, 2.8, 4.611077, 6.422154, 8.266063, 8.96343, 9.260796, 9.238573, 9.216351, 8.714083, 8.158357, 7.338023, 6.37379, 5.217391, 4.724279, 4.382638, 4.747825, 5.643669, 7.174544, 8.767327, 10.328577, 11.728891, 12.836853, 13.364247, 13.46852, 13.315589, 10.473055, 9.488537, 8.240033, 7.15047, 6.156365, 7.768816, 7.768816, 8.414657, 9.299575, 10.359225, 11.415106, 12.399625, 13.118697, 13.385438, 13.519256, 13.050923, 12.222496, 11.226439, 10.23121, 9.079551, 8.402705, 8.12317, 8.291992, 8.942282, 10.176985, 11.496365, 12.749113, 10.769214, 8.506473, 5.815748, 2.973214, 0.0, 0.0, 0.0]"
550,"[0.0, 0.0, 0.0, 0.0, 1.019804, 2.434017, 4.046469, 5.646469, 7.446469, 8.237742, 8.634606, 8.671396, 8.527418, 7.992329, 7.258285, 6.271829, 5.222587, 4.213779, 3.669978, 3.669978, 4.301379, 5.350621, 6.991469, 8.611298, 9.950875, 11.178134, 12.307381, 12.827001, 13.093741, 13.009513, 10.326231, 9.336597, 8.184938, 6.977257, 6.294119, 8.002919, 8.100861, 8.80817, 9.849481, 10.978728, 12.048416, 13.114584, 13.736931, 14.015914, 13.767247, 13.518581, 12.653677, 11.765366, 10.833927, 10.024569, 9.191804, 9.103742, 9.265502, 9.98264, 10.945457, 12.378896, 13.689485, 11.630359, 9.124366, 6.441084, 3.310589, 0.0, 0.0, 0.0]"
551,"[0.0, 0.0, 0.0, 0.0, 1.16619, 2.608411, 4.220862, 5.833314, 7.542115, 8.273291, 8.674979, 8.674979, 8.674979, 8.366179, 7.668812, 6.624903, 5.644907, 4.598141, 3.830596, 3.630596, 4.24481, 5.412355, 6.856644, 8.424189, 10.03187, 11.225337, 12.253764, 12.912122, 13.185985, 12.814372, 10.206691, 9.189341, 7.935222, 6.917381, 6.123533, 7.685583, 7.718415, 8.304201, 9.12853, 10.247559, 11.513937, 12.498455, 13.340989, 13.621888, 13.621888, 13.234772, 12.569675, 11.727141, 10.862948, 10.022163, 9.369706, 9.103742, 9.14335, 9.879399, 10.766615, 12.00431, 13.331846, 11.292238, 8.859133, 6.251452, 3.224903, 0.0, 0.0, 0.0]"
552,"[0.0, 0.0, 0.0, 0.0, 1.2, 2.812452, 4.623529, 6.467437, 8.311346, 9.008713, 9.366033, 9.34381, 9.112353, 8.710665, 7.979488, 7.08675, 6.122517, 5.142521, 4.42141, 4.386591, 4.590183, 5.486027, 7.016902, 8.576142, 10.135496, 11.545596, 12.667665, 13.346869, 13.627767, 13.217394, 10.526669, 9.528044, 8.12773, 7.089635, 6.223498, 7.823498, 7.823498, 8.420885, 9.178081, 10.196973, 11.227562, 12.190787, 12.958313, 13.477962, 13.652538, 13.231021, 12.433862, 11.626728, 10.426728, 9.46829, 8.782372, 8.492862, 8.472761, 9.135503, 10.031845, 11.337117, 12.727922, 10.748023, 8.485281, 5.939697, 3.11127, 0.0, 0.0, 0.0]"
553,"[0.0, 0.0, 0.0, 0.0, 1.2, 2.6, 4.4, 6.211077, 8.221052, 8.864961, 9.362328, 9.271128, 9.168852, 8.682032, 8.103034, 7.2827, 6.398521, 5.322175, 4.647549, 4.514009, 4.7176, 5.613444, 6.980989, 8.412812, 9.84269, 11.25279, 12.360752, 13.051477, 13.316711, 13.16378, 10.473055, 9.488537, 8.410264, 7.320701, 6.326596, 7.939048, 7.939048, 8.414657, 9.238986, 10.257878, 11.473853, 12.437078, 13.156151, 13.4758, 13.642695, 13.02334, 12.226181, 11.419047, 10.431499, 9.480741, 8.98047, 8.69096, 8.69096, 9.486827, 10.383169, 11.647582, 12.900331, 10.900331, 8.492012, 5.946427, 2.973214, 0.0, 0.0, 0.0]"
554,"[0.0, 0.0, 0.0, 0.0, 1.16619, 2.608411, 4.050631, 5.771096, 7.615005, 8.292724, 8.694412, 9.096101, 9.096101, 8.694412, 8.016694, 7.172785, 6.049986, 4.776735, 3.934514, 3.662751, 3.828941, 4.720283, 5.993534, 7.45266, 8.794301, 10.04472, 10.96209, 11.771447, 12.053261, 11.905255, 9.488646, 8.481978, 7.232781, 6.023212, 5.276791, 6.691005, 6.780302, 7.310754, 8.388455, 9.479919, 10.696295, 11.752176, 12.470921, 12.791671, 12.512632, 12.036109, 11.337548, 10.516526, 9.635946, 8.896094, 8.35448, 8.03395, 8.294921, 8.881747, 10.067533, 11.501391, 12.898458, 10.928686, 8.692618, 6.092618, 3.046309, 0.0, 0.0, 0.0]"
555,"[0.0, 0.0, 0.0, 0.0, 1.0, 2.131371, 3.545584, 5.242641, 6.963106, 7.683571, 8.164651, 8.273593, 8.099691, 7.644137, 6.943476, 6.155645, 5.198176, 4.122235, 3.457324, 3.262141, 3.514553, 4.472022, 5.922175, 7.410237, 9.01872, 10.374793, 11.259957, 11.770909, 12.091167, 11.668037, 9.234932, 8.439065, 7.5539, 6.426206, 5.696856, 7.309307, 7.48571, 8.116622, 9.252606, 10.38859, 11.45942, 12.449055, 13.015283, 13.159923, 13.151633, 12.594381, 11.815892, 10.939507, 9.990709, 9.038412, 8.524834, 8.324834, 8.680925, 9.476792, 10.827904, 12.222112, 13.628356, 11.428356, 9.020037, 6.212903, 3.206244, 0.0, 0.0, 0.0]"
556,"[0.0, 0.0, 0.0, 0.0, 1.280625, 2.722845, 4.335297, 6.124151, 7.913006, 8.529747, 8.931436, 8.968227, 8.791824, 8.417183, 7.736369, 6.912264, 5.895477, 4.848711, 4.259118, 4.06237, 4.442566, 5.61011, 7.0544, 8.438851, 10.049637, 11.317969, 12.238264, 12.948583, 13.269332, 12.979683, 10.31135, 9.434965, 8.327123, 7.211514, 6.393729, 8.00618, 8.162271, 8.675849, 9.822885, 11.020025, 12.292014, 13.176455, 13.91399, 14.036022, 13.915728, 13.447896, 12.904395, 12.010602, 11.214117, 10.334582, 9.761882, 9.420942, 9.614501, 10.233698, 11.291721, 12.578308, 13.978308, 11.814977, 9.308984, 6.530495, 3.4, 0.0, 0.0, 0.0]"
557,"[0.0, 0.0, 0.0, 0.0, 1.216553, 2.672574, 4.321817, 6.165726, 7.976803, 8.76025, 9.104228, 9.266063, 9.034606, 8.637742, 7.854295, 7.074099, 6.063022, 5.17168, 4.605995, 4.555633, 4.87747, 5.78627, 7.034932, 8.340469, 9.590888, 10.75524, 11.65412, 12.29203, 12.579275, 12.443017, 9.937024, 9.118197, 8.033671, 7.006573, 6.126223, 7.775465, 7.695411, 8.142028, 8.963883, 9.980492, 10.931249, 11.942743, 12.641304, 13.073569, 13.090065, 12.726133, 12.015814, 11.19139, 10.172299, 9.262349, 8.468501, 8.155583, 8.19847, 8.829578, 9.747735, 11.025809, 12.328752, 10.441956, 8.161605, 5.720294, 3.0, 0.0, 0.0, 0.0]"
558,"[0.0, 0.0, 0.0, 0.0, 1.216553, 2.630766, 4.243218, 6.087127, 7.931035, 8.611849, 9.095003, 9.271405, 9.039948, 8.808491, 8.353345, 7.622168, 6.727741, 5.91529, 5.197265, 4.755045, 4.869479, 5.537102, 6.717001, 8.085315, 9.493634, 10.774259, 11.773459, 12.401241, 12.57981, 12.334822, 9.773573, 8.932788, 7.739321, 6.578634, 5.680215, 7.094428, 6.973963, 7.370827, 8.299274, 9.243435, 10.229221, 11.229221, 12.025825, 12.249858, 12.321137, 11.960745, 11.204654, 10.440881, 9.42199, 8.541639, 7.958053, 7.637299, 7.582245, 8.331362, 9.263743, 10.528015, 11.889301, 10.100447, 7.937116, 5.604735, 2.884441, 0.0, 0.0, 0.0]"
559,"[0.0, 0.0, 0.0, 0.0, 1.280625, 2.694838, 4.391895, 6.235804, 8.079712, 8.685884, 9.060525, 9.152323, 8.831569, 8.252571, 7.630686, 6.736258, 5.513089, 4.437148, 3.772237, 3.52713, 4.088725, 5.420406, 7.061254, 8.741605, 10.195664, 11.370231, 12.301292, 13.020364, 13.347695, 13.082903, 10.452314, 9.467796, 8.116684, 6.951224, 6.156365, 7.768816, 7.894679, 8.526718, 9.425438, 10.611224, 11.862337, 12.84553, 13.535958, 13.802699, 13.64401, 13.060796, 12.271162, 11.37947, 10.560643, 9.828133, 9.160234, 8.796903, 8.949714, 9.441211, 10.400743, 11.651856, 12.911267, 10.87166, 8.591309, 5.922976, 3.059412, 0.0, 0.0, 0.0]"
560,"[0.0, 0.0, 0.0, 0.0, 1.264911, 2.720933, 4.429734, 6.273643, 8.31325, 9.058315, 9.602293, 9.704569, 9.671737, 9.244581, 8.648819, 7.668623, 6.682167, 5.5922, 4.700859, 4.363678, 4.608786, 5.433407, 6.800358, 8.420188, 9.872977, 11.393743, 12.427783, 13.023003, 13.365345, 13.07159, 10.285913, 9.311432, 8.277393, 6.994111, 5.974596, 7.49775, 7.675746, 8.026503, 8.906854, 10.131613, 11.216139, 12.107832, 12.791113, 13.110762, 13.199273, 12.932532, 12.242105, 11.528595, 10.541047, 9.453445, 8.526718, 8.159122, 8.159122, 8.887611, 10.04539, 11.416854, 12.669603, 10.699831, 8.358891, 5.758891, 2.973214, 0.0, 0.0, 0.0]"
561,"[0.0, 0.0, 0.0, 0.0, 1.16619, 2.778642, 4.665438, 6.724564, 8.694336, 9.497917, 9.729374, 9.686487, 9.276603, 8.919283, 8.363725, 7.53962, 6.520332, 5.5922, 4.874176, 4.479766, 4.859962, 5.635341, 6.914231, 8.627485, 10.436108, 11.864535, 13.128099, 13.991664, 14.052315, 13.504239, 10.675812, 9.656157, 8.392593, 7.138473, 6.199763, 7.761813, 7.614961, 8.14099, 8.989518, 10.056196, 11.03973, 12.033399, 12.627664, 12.972603, 13.171965, 12.958762, 12.327163, 11.493665, 10.448034, 9.402403, 8.512243, 8.161917, 8.172488, 8.846506, 10.14802, 11.569364, 13.116327, 11.218961, 8.982893, 6.119328, 3.255764, 0.0, 0.0, 0.0]"
562,"[0.0, 0.0, 0.0, 0.0, 1.16619, 2.507831, 4.030986, 5.739787, 7.583695, 8.261414, 8.73085, 8.807696, 8.698895, 8.269199, 7.625291, 6.614214, 5.646669, 4.612355, 3.830596, 3.6504, 4.264614, 5.443235, 6.887525, 8.491138, 10.139667, 11.637497, 12.799634, 13.575336, 14.124946, 13.797553, 10.885509, 9.809662, 8.636436, 7.264972, 6.447186, 8.059638, 8.00618, 8.519758, 9.385895, 10.583035, 12.023451, 13.232409, 14.059345, 14.825303, 14.890687, 14.178759, 13.279957, 12.296764, 10.97092, 9.882299, 9.385268, 9.117998, 9.384294, 10.080439, 11.246947, 12.634136, 14.24019, 12.004122, 9.587513, 6.723949, 3.49285, 0.0, 0.0, 0.0]"
563,"[0.0, 0.0, 0.0, 0.0, 1.216553, 2.829004, 4.429004, 6.229004, 8.229004, 9.022427, 9.449583, 9.693492, 9.542734, 9.065889, 8.320825, 7.35825, 6.338962, 5.28972, 4.332251, 3.961767, 4.149645, 4.848178, 6.037033, 7.441119, 8.78276, 10.023841, 11.108368, 11.760824, 12.232364, 12.159627, 9.653634, 8.658405, 7.558734, 6.333976, 5.387197, 6.652108, 6.652108, 7.197264, 8.144042, 9.25987, 10.500952, 11.488501, 11.942644, 12.309136, 12.257106, 11.790721, 11.03463, 10.342932, 9.336264, 8.498134, 7.87274, 7.641282, 7.780895, 8.411806, 9.386195, 10.835545, 12.086658, 10.297804, 8.143738, 5.727128, 2.863564, 0.0, 0.0, 0.0]"
564,"[0.0, 0.0, 0.0, 0.0, 1.077033, 2.418674, 3.941828, 5.650629, 7.494538, 8.228582, 8.686941, 8.963787, 8.867437, 8.437742, 7.843218, 7.063022, 5.863022, 4.697784, 3.916026, 3.499473, 3.679669, 4.679669, 6.232456, 7.809072, 9.639661, 11.107994, 12.371559, 13.091853, 13.551113, 13.008585, 10.340252, 9.12593, 7.805636, 6.353856, 5.607436, 7.169485, 7.364152, 8.090181, 9.281948, 10.485891, 11.752269, 12.599084, 13.315589, 13.627565, 13.523291, 12.858195, 12.054266, 11.098528, 9.940284, 9.061023, 8.510144, 8.520714, 8.914269, 9.982808, 11.447307, 13.09062, 14.645789, 12.365438, 9.734849, 6.708299, 3.452535, 0.0, 0.0, 0.0]"
565,"[0.0, 0.0, 0.0, 0.0, 1.264911, 2.720933, 4.429734, 6.399505, 8.458631, 9.252846, 9.796824, 9.931933, 9.659217, 9.297147, 8.652235, 7.783606, 6.939697, 5.875096, 5.002661, 4.588448, 4.737702, 5.299751, 6.667296, 8.123026, 9.564337, 10.891393, 12.282308, 13.145872, 13.371514, 13.166271, 10.55859, 9.218077, 7.796733, 6.571365, 5.600208, 7.014422, 7.00197, 7.559749, 8.479125, 9.814214, 11.2, 12.407134, 13.037723, 13.506056, 13.186407, 12.474468, 11.564701, 10.583354, 9.329235, 8.448884, 7.816844, 7.442632, 7.582245, 8.227157, 9.268468, 10.53274, 12.062453, 10.273599, 8.214473, 5.773162, 3.052868, 0.0, 0.0, 0.0]"
566,"[0.0, 0.0, 0.0, 0.0, 1.077033, 2.341944, 3.797966, 5.447208, 7.258285, 7.992329, 8.327418, 8.483848, 8.248819, 7.654295, 6.863022, 6.063022, 5.05057, 4.202042, 3.7066, 3.7066, 4.320813, 5.370055, 6.701737, 8.068688, 9.465493, 10.467889, 11.324639, 11.933265, 12.177585, 11.924306, 9.507697, 8.790559, 7.740588, 6.808207, 6.100898, 7.624053, 7.624053, 8.227157, 9.063225, 10.113196, 11.273323, 12.270146, 12.931314, 13.363579, 13.33145, 12.884236, 12.18662, 11.310234, 10.350702, 9.48929, 8.815272, 8.70711, 8.863201, 9.434751, 10.542594, 11.864985, 13.047364, 11.047364, 8.767013, 6.046719, 3.162278, 0.0, 0.0, 0.0]"
567,"[0.0, 0.0, 0.0, 0.0, 1.341641, 2.864795, 4.573596, 6.470963, 8.368329, 9.066296, 9.553117, 9.655393, 9.558027, 9.273112, 8.633504, 7.623529, 6.612452, 5.444907, 4.398141, 3.822762, 4.022762, 4.835214, 6.013835, 7.487758, 8.943487, 10.217351, 11.325193, 12.043938, 12.34527, 12.218986, 9.745122, 8.67407, 7.558462, 6.434074, 5.621649, 6.902274, 6.950088, 7.379783, 8.28926, 9.355938, 10.766038, 11.630231, 12.227634, 12.542916, 12.466978, 11.835379, 11.160925, 10.332066, 9.452804, 8.534637, 7.917732, 7.739736, 7.971194, 8.689495, 9.708386, 11.12973, 12.480341, 10.636432, 8.356081, 5.922976, 3.059412, 0.0, 0.0, 0.0]"
568,"[0.0, 0.0, 0.0, 0.0, 1.0, 2.2, 3.6, 5.2, 7.011077, 7.854986, 8.552353, 8.861153, 8.784308, 8.314872, 7.637153, 6.634214, 5.557869, 4.434714, 3.658759, 3.386995, 3.569601, 4.4603, 5.769101, 7.262542, 8.700495, 9.955843, 10.713039, 11.565488, 11.786713, 11.454332, 9.121951, 8.283821, 6.987482, 5.923684, 5.140237, 6.663391, 7.010025, 7.63191, 8.651426, 9.851482, 10.928328, 11.739473, 12.382499, 12.620295, 12.439753, 11.849729, 11.060806, 10.180226, 9.162384, 8.368537, 7.920612, 7.953444, 8.467532, 9.452821, 10.618282, 11.940673, 13.259042, 11.095711, 8.6544, 6.046719, 3.162278, 0.0, 0.0, 0.0]"
569,"[0.0, 0.0, 0.0, 0.0, 1.341641, 2.864795, 4.477247, 6.186048, 8.083414, 8.63914, 8.959894, 9.15852, 9.260796, 8.96343, 8.466063, 7.622154, 6.635698, 5.457077, 4.578187, 4.002808, 4.202808, 4.978187, 6.145731, 7.434596, 9.018294, 10.251399, 11.281988, 11.955852, 12.41974, 12.291772, 9.858667, 8.840529, 7.766666, 6.557713, 5.443553, 6.857767, 6.807365, 7.294161, 8.02925, 9.271379, 10.418415, 11.401949, 12.060737, 12.621987, 12.494019, 12.0961, 11.550516, 10.725396, 9.57836, 8.74023, 8.100054, 7.749296, 7.839908, 8.634767, 9.600865, 10.884844, 12.262151, 10.451074, 8.242002, 5.833683, 3.026549, 0.0, 0.0, 0.0]"
570,"[0.0, 0.0, 0.0, 0.0, 1.16619, 2.608411, 4.050631, 5.771096, 7.615005, 8.292724, 8.694412, 8.972657, 8.972657, 8.570968, 8.0687, 7.224791, 6.225437, 4.952185, 4.109965, 3.592945, 3.759135, 4.480246, 5.753497, 7.212623, 8.62407, 9.874489, 10.96209, 11.582565, 11.864379, 11.716373, 9.299763, 8.293096, 7.232781, 5.891841, 4.96997, 6.186522, 6.275819, 6.795194, 7.80517, 9.072084, 10.288637, 11.150049, 11.823912, 12.154877, 12.062712, 11.599378, 11.095286, 10.330224, 9.445306, 8.504366, 7.948808, 7.687837, 7.948808, 8.728854, 9.834847, 11.284197, 12.621706, 10.651934, 8.415866, 5.909873, 3.046309, 0.0, 0.0, 0.0]"
571,"[0.0, 0.0, 0.0, 0.0, 1.216553, 2.672574, 4.321817, 6.219183, 8.11655, 8.869769, 9.300543, 9.538097, 9.361196, 9.025879, 8.336732, 7.449936, 6.457567, 5.537102, 4.869479, 4.755045, 5.169258, 6.11874, 7.444769, 8.830693, 10.225752, 11.41922, 12.528275, 13.180735, 13.406377, 13.261736, 10.654055, 9.587887, 8.371448, 7.307676, 6.414221, 8.063464, 7.987744, 8.625694, 9.591793, 10.676319, 11.855504, 12.907991, 13.571555, 13.883531, 13.805672, 13.318185, 12.608686, 11.642489, 10.766104, 10.047358, 9.517495, 9.207338, 9.464038, 10.036738, 10.908943, 12.144175, 13.346575, 11.192509, 8.7759, 6.092618, 3.046309, 0.0, 0.0, 0.0]"
572,"[0.0, 0.0, 0.0, 0.0, 1.019804, 2.236356, 3.848808, 5.46126, 7.305168, 7.994165, 8.566467, 8.74287, 8.74287, 8.341182, 7.913006, 7.124151, 6.056407, 4.843956, 3.967421, 3.407906, 3.484939, 4.286983, 5.675838, 7.169278, 8.780549, 10.144827, 11.182922, 11.802387, 12.151579, 11.945228, 9.503917, 8.384888, 7.24148, 5.852965, 4.943488, 6.285129, 6.563373, 7.185258, 8.497835, 9.787276, 11.128916, 12.008451, 12.651477, 12.79296, 12.567318, 12.120104, 11.364013, 10.542992, 9.592283, 8.754153, 7.932298, 7.700841, 8.051166, 8.944621, 10.185682, 11.635033, 13.153076, 11.09395, 8.677341, 5.994059, 3.130495, 0.0, 0.0, 0.0]"
573,"[0.0, 0.0, 0.0, 0.0, 1.216553, 2.630766, 4.474675, 6.318584, 8.406645, 9.159864, 9.534505, 9.577392, 9.453949, 8.808108, 8.118961, 7.496297, 6.241956, 5.121491, 4.400381, 4.119756, 4.234191, 5.445644, 6.845644, 8.404885, 10.095609, 11.505709, 12.352525, 13.04325, 13.453624, 13.04325, 10.352525, 9.358857, 8.110352, 6.684539, 5.818401, 7.430853, 7.631163, 8.277004, 9.353033, 10.468642, 11.524523, 12.295489, 13.035855, 13.523342, 13.601201, 13.14194, 12.483583, 11.466232, 10.287048, 9.202521, 8.605901, 8.292982, 8.481905, 8.995993, 10.08052, 11.352509, 12.81773, 10.81773, 8.6544, 6.046719, 3.162278, 0.0, 0.0, 0.0]"
574,"[0.0, 0.0, 0.0, 0.0, 1.0, 2.2, 3.6, 5.2, 7.011077, 7.854986, 8.363787, 8.672587, 8.595742, 8.126306, 7.448587, 6.634214, 5.557869, 4.434714, 3.658759, 3.213678, 3.396284, 4.286983, 5.675838, 7.169278, 8.780549, 10.144827, 11.062983, 11.682448, 11.903673, 11.697321, 9.25601, 8.256919, 7.113512, 6.049713, 5.140237, 6.596259, 6.942892, 7.737107, 8.756623, 9.95668, 11.100658, 11.841625, 12.312321, 12.550117, 12.369576, 11.779551, 11.093637, 10.213058, 9.262349, 8.367922, 7.919996, 7.773144, 8.123902, 8.933128, 10.199168, 11.521559, 12.98678, 10.98678, 8.6544, 6.046719, 3.162278, 0.0, 0.0, 0.0]"
575,"[0.0, 0.0, 0.0, 0.0, 1.16619, 2.608411, 4.220862, 5.941327, 7.785236, 8.598945, 9.000633, 9.108647, 9.108647, 8.706958, 8.0687, 7.224791, 6.225437, 5.070657, 4.228436, 3.781223, 3.947413, 4.838755, 6.061924, 7.52105, 8.86269, 10.03744, 10.95481, 11.695778, 11.917003, 11.768996, 9.428056, 8.607035, 7.418854, 6.269874, 5.348003, 6.612914, 6.516565, 6.986001, 8.090698, 9.398371, 10.801793, 11.719163, 12.508086, 12.688628, 12.450832, 12.018567, 11.547871, 10.656672, 9.763217, 9.139601, 8.503533, 8.255484, 8.44405, 9.261835, 10.179206, 11.49125, 12.785008, 10.887641, 8.546701, 6.016879, 3.104835, 0.0, 0.0, 0.0]"
576,"[0.0, 0.0, 0.0, 0.0, 1.077033, 2.418674, 3.941828, 5.55428, 7.441076, 8.084508, 8.586776, 8.760678, 8.710276, 8.104105, 7.664265, 6.820356, 5.971828, 5.042233, 4.394064, 4.007866, 4.174057, 4.887579, 5.975588, 7.343133, 8.612036, 9.778227, 10.632786, 11.32893, 11.564998, 11.555733, 9.223352, 8.419195, 7.28321, 6.327767, 5.515342, 6.929556, 6.917104, 7.436479, 8.155854, 9.023286, 10.042177, 11.072767, 11.74663, 12.026981, 12.158849, 11.879809, 11.146587, 10.321966, 9.455828, 8.514888, 7.973274, 7.72515, 8.045679, 8.867533, 9.973526, 11.224639, 12.621706, 10.651934, 8.415866, 5.909873, 3.046309, 0.0, 0.0, 0.0]"
577,"[0.0, 0.0, 0.0, 0.0, 1.264911, 2.788066, 4.496866, 6.394233, 8.433841, 9.178905, 9.665725, 9.756925, 9.670635, 9.243479, 8.647717, 7.837742, 6.862363, 5.772396, 5.054372, 4.717192, 4.782103, 5.666282, 7.033233, 8.479746, 10.002713, 11.421084, 12.395564, 13.085992, 13.428334, 13.160714, 10.477433, 9.583006, 8.260539, 6.977257, 6.05909, 7.582245, 7.582245, 8.185349, 9.021417, 10.023812, 11.183939, 11.995085, 12.721636, 13.205863, 13.263117, 12.815903, 12.255511, 11.3672, 10.355707, 9.404998, 8.889395, 8.546843, 8.649477, 9.273057, 10.357583, 11.521559, 12.87737, 10.87737, 8.544989, 5.937309, 3.052868, 0.0, 0.0, 0.0]"
578,"[0.0, 0.0, 0.0, 0.0, 1.0, 2.280625, 3.722845, 5.335297, 7.124151, 7.832952, 8.261128, 8.46815, 8.269912, 7.895271, 7.38647, 6.477669, 5.460883, 4.612355, 3.798141, 3.398141, 3.814693, 4.596451, 6.040741, 7.649813, 9.249813, 10.433261, 11.626728, 12.247342, 12.446589, 12.255661, 9.855661, 8.84798, 7.631605, 6.564927, 5.636479, 7.198529, 7.485325, 8.130238, 9.120978, 10.281664, 11.439908, 12.243837, 12.875436, 13.23378, 13.200787, 12.606523, 12.041827, 11.331001, 10.202326, 9.406459, 8.98923, 8.70711, 8.936283, 9.981914, 11.176597, 12.474455, 13.855449, 11.646377, 9.038696, 6.231562, 3.224903, 0.0, 0.0, 0.0]"
579,"[0.0, 0.0, 0.0, 0.0, 1.264911, 2.788066, 4.685432, 6.582799, 8.622407, 9.397103, 9.883924, 9.786557, 9.689191, 9.249583, 8.609975, 7.8, 6.824621, 5.745731, 5.040159, 4.717192, 4.973214, 5.797835, 7.116332, 8.695768, 10.148558, 11.478213, 12.692535, 13.516492, 13.642628, 13.529415, 10.743738, 9.77754, 8.563218, 7.363218, 6.402631, 7.925785, 7.915215, 8.265973, 9.307284, 10.458943, 11.543469, 12.435162, 13.118443, 13.277132, 13.269451, 13.00271, 12.312283, 11.598773, 10.521927, 9.364148, 8.437422, 8.069825, 8.069825, 8.96328, 10.121059, 11.492523, 12.818368, 10.848596, 8.431987, 5.831987, 3.046309, 0.0, 0.0, 0.0]"
580,"[0.0, 0.0, 0.0, 0.0, 1.264911, 2.720933, 4.370175, 6.214084, 8.224059, 8.969123, 9.513101, 9.663859, 9.631027, 9.270294, 8.674533, 7.694337, 6.894337, 5.715715, 4.632158, 4.112372, 4.357479, 5.006721, 6.271633, 7.794008, 9.240521, 10.57561, 11.609649, 12.218276, 12.636207, 12.627648, 10.027648, 9.133221, 8.08325, 6.79381, 5.677981, 7.019622, 6.843219, 7.273994, 8.220772, 9.3366, 10.500952, 11.571782, 12.284986, 12.651477, 12.599447, 12.181516, 11.342143, 10.391385, 9.384718, 8.546588, 7.87274, 7.749296, 7.98685, 8.699763, 9.763536, 11.212886, 12.622916, 10.73612, 8.500052, 5.994059, 3.130495, 0.0, 0.0, 0.0]"
581,"[0.0, 0.0, 0.0, 0.0, 1.131371, 2.545584, 4.389493, 6.389493, 8.389493, 9.144919, 9.519559, 9.464505, 9.173306, 8.822548, 8.391774, 7.679952, 6.785525, 5.925253, 5.100631, 4.644609, 4.98179, 5.699814, 6.861261, 8.245712, 10.045712, 11.431499, 12.626181, 13.42334, 14.021401, 13.430474, 10.630474, 9.62334, 8.428658, 7.077546, 6.310694, 7.724908, 7.645373, 7.919717, 8.627026, 9.626117, 10.773153, 11.743413, 12.402201, 12.929595, 12.896603, 12.615704, 11.924979, 11.223303, 9.946792, 8.980694, 8.041984, 7.691226, 7.857292, 8.652151, 10.017064, 11.482557, 12.839974, 10.829999, 8.620927, 5.813793, 3.006659, 0.0, 0.0, 0.0]"
582,"[0.0, 0.0, 0.0, 0.0, 1.216553, 2.672574, 4.321817, 6.219183, 8.188955, 9.031528, 9.462303, 9.533525, 9.356624, 8.948902, 8.021147, 7.134351, 6.046341, 4.925876, 4.084937, 4.084937, 4.49915, 5.563751, 7.08978, 8.631412, 10.190766, 11.619086, 12.642324, 13.236589, 13.694141, 13.335797, 10.493263, 9.616878, 8.458634, 7.07998, 6.012511, 7.612511, 7.579679, 8.057237, 9.148701, 10.514379, 11.52206, 12.518117, 13.285643, 13.652538, 13.629629, 13.231021, 12.433862, 11.426728, 10.226728, 9.033261, 8.347343, 8.057833, 8.237732, 8.900474, 10.176985, 11.482258, 12.873062, 10.893163, 8.630422, 5.939697, 3.11127, 0.0, 0.0, 0.0]"
583,"[0.0, 0.0, 0.0, 0.0, 1.077033, 2.341944, 3.865099, 5.47755, 7.364346, 8.17411, 8.753108, 8.927009, 8.728771, 8.1226, 7.235804, 6.240423, 5.109052, 4.094838, 3.379899, 3.379899, 3.811996, 4.80836, 6.252269, 7.949325, 9.357644, 10.638269, 11.796513, 12.560285, 12.738855, 12.493867, 9.932617, 8.774373, 7.447317, 6.270917, 5.521799, 7.121799, 7.403658, 8.162641, 9.133798, 10.350174, 11.578601, 12.541826, 13.302218, 13.86615, 13.64388, 13.223772, 12.426613, 11.426613, 10.239065, 9.539546, 8.743679, 8.577613, 8.903642, 9.836775, 10.956401, 12.317163, 13.867367, 11.741338, 9.195753, 6.367326, 3.394113, 0.0, 0.0, 0.0]"
584,"[0.0, 0.0, 0.0, 0.0, 1.077033, 2.533055, 3.989077, 5.697878, 7.486732, 8.296495, 8.72727, 8.991713, 8.844962, 8.470321, 7.86415, 6.977353, 5.977999, 5.048404, 4.266646, 3.707132, 3.838502, 4.679442, 5.744043, 7.091486, 8.650727, 9.960667, 10.90461, 11.713547, 11.969716, 11.748491, 9.30718, 8.413638, 7.18827, 6.118393, 5.324178, 6.738391, 6.72594, 7.45529, 8.498172, 9.633261, 10.826728, 11.834409, 12.455023, 12.719815, 12.600165, 12.080546, 11.370231, 10.388884, 9.527473, 8.847122, 8.408303, 8.219737, 8.629621, 9.34955, 10.255543, 11.559265, 12.980959, 10.921833, 8.589453, 6.08346, 3.130495, 0.0, 0.0, 0.0]"
585,"[0.0, 0.0, 0.0, 0.0, 1.264911, 2.720933, 4.370175, 6.214084, 8.253692, 9.028389, 9.582342, 9.7331, 9.700268, 9.273112, 8.647717, 7.637742, 6.637742, 5.651286, 4.759945, 4.240159, 4.456711, 5.305953, 6.325241, 7.692192, 9.138705, 10.522152, 11.47291, 12.134994, 12.552926, 12.448054, 9.848054, 8.956854, 7.906884, 6.600891, 5.629734, 6.971375, 6.983039, 7.247482, 8.210813, 9.387213, 10.653253, 11.438781, 12.318316, 12.571594, 12.471223, 12.143893, 11.535267, 10.832633, 10.028476, 9.129756, 8.411455, 8.234554, 8.223983, 8.8476, 9.911372, 11.212886, 12.622916, 10.73612, 8.500052, 5.994059, 3.130495, 0.0, 0.0, 0.0]"
586,"[0.0, 0.0, 0.0, 0.0, 0.894427, 2.060618, 3.673069, 5.285521, 7.005986, 7.673608, 8.204474, 8.154073, 7.983842, 7.544002, 7.148142, 6.172196, 5.175831, 4.366066, 3.717897, 3.446134, 3.891214, 4.93798, 6.192321, 7.795933, 9.318115, 10.872219, 11.980062, 12.761598, 12.805881, 12.42888, 9.708586, 8.697092, 7.3704, 6.504263, 5.906876, 7.43003, 7.618596, 8.365017, 9.231154, 10.129873, 11.392396, 12.280707, 13.05621, 13.38354, 13.374981, 12.752634, 11.853753, 10.876985, 9.881756, 9.198617, 8.647738, 8.560942, 8.883218, 9.878447, 11.057632, 12.670083, 14.094986, 11.885914, 9.278233, 6.449806, 3.224903, 0.0, 0.0, 0.0]"
587,"[0.0, 0.0, 0.0, 0.0, 1.16619, 2.608411, 4.050631, 5.771096, 7.615005, 8.292724, 8.694412, 9.096101, 9.096101, 8.694412, 8.192144, 7.514426, 6.391627, 5.118376, 4.076155, 3.628941, 3.628941, 4.350052, 5.623303, 7.223303, 8.661257, 10.001059, 11.158839, 11.854983, 12.195923, 12.017608, 9.511615, 8.524067, 7.388082, 6.213333, 5.1363, 6.3363, 6.323848, 6.8543, 7.897182, 9.220149, 10.62783, 11.635511, 12.432115, 12.656148, 12.492216, 11.972596, 11.208824, 10.213595, 9.194703, 8.372849, 7.807942, 7.576485, 7.964033, 8.830171, 9.977207, 11.296586, 12.808234, 10.808234, 8.527884, 5.966634, 3.1241, 0.0, 0.0, 0.0]"
588,"[0.0, 0.0, 0.0, 0.0, 1.264911, 2.788066, 4.496866, 6.285721, 8.344847, 8.966732, 9.287486, 9.422594, 9.330796, 8.685884, 8.079712, 7.235804, 6.113005, 5.015949, 4.322845, 4.042221, 4.484441, 5.60724, 7.133269, 8.692509, 10.133821, 11.299281, 12.233861, 12.791113, 13.016755, 12.811512, 10.203831, 9.312139, 8.190907, 7.127135, 6.232707, 7.845159, 7.758363, 8.396313, 9.362411, 10.628451, 11.816, 12.823134, 13.451561, 13.711575, 13.577757, 13.058108, 12.339035, 11.354517, 10.298636, 9.424773, 8.756873, 8.457666, 8.500554, 9.329413, 10.449707, 11.721697, 13.09512, 11.208324, 8.767013, 6.046719, 3.162278, 0.0, 0.0, 0.0]"
589,"[0.0, 0.0, 0.0, 0.0, 1.16619, 2.507831, 4.030986, 5.739787, 7.583695, 8.066747, 8.536184, 8.613029, 8.304228, 7.860319, 7.411077, 6.4, 5.432456, 4.753566, 4.074676, 3.89448, 4.508694, 5.52548, 6.701737, 8.134692, 9.531498, 10.980848, 12.19517, 12.803796, 13.155723, 13.071495, 10.207931, 9.133221, 8.08325, 7.189709, 6.469779, 8.119022, 8.119022, 8.817066, 9.621223, 10.794449, 12.118421, 13.24161, 13.999589, 14.446544, 14.291455, 13.948831, 13.046762, 12.174326, 10.960004, 10.038215, 9.020077, 8.854011, 8.940433, 9.836775, 10.818699, 12.179461, 13.741429, 11.6154, 9.069816, 6.379091, 3.405877, 0.0, 0.0, 0.0]"
590,"[0.0, 0.0, 0.0, 0.0, 1.280625, 2.694838, 4.391895, 6.235804, 8.235804, 8.955179, 9.600091, 9.872806, 9.737698, 9.260853, 8.716875, 7.734782, 6.659438, 5.799165, 5.100631, 4.644609, 4.967576, 5.873149, 7.034596, 8.419047, 10.219047, 11.626181, 12.654608, 13.671182, 14.290537, 14.121126, 11.313993, 10.296643, 8.870093, 7.497688, 6.390254, 7.952304, 7.985135, 8.365034, 9.171754, 10.056918, 11.185593, 12.032409, 12.772804, 13.117744, 13.215417, 12.760761, 12.129162, 11.295664, 10.408448, 9.464505, 8.790487, 8.618157, 8.701133, 9.321608, 10.479852, 12.08008, 13.355561, 11.385789, 9.044849, 6.324555, 3.162278, 0.0, 0.0, 0.0]"
591,"[0.0, 0.0, 0.0, 0.0, 1.2, 2.8, 4.4, 6.2, 8.011077, 8.654986, 8.952353, 9.061153, 8.969954, 8.682032, 8.103034, 7.2827, 6.373899, 5.297554, 4.622928, 4.358017, 4.723204, 5.643669, 7.174544, 8.658397, 10.378691, 11.656765, 12.627025, 13.154419, 13.512763, 13.05521, 10.334916, 9.4881, 8.409827, 7.175124, 6.312382, 7.924834, 7.978292, 8.453901, 9.338819, 10.412683, 11.468564, 12.201787, 12.942153, 13.208894, 13.342711, 13.074378, 12.643789, 11.626439, 10.63121, 9.479551, 8.602705, 8.12317, 8.291992, 9.08786, 10.193087, 11.512467, 12.765215, 10.785316, 8.376998, 5.815748, 2.973214, 0.0, 0.0, 0.0]"
592,"[0.0, 0.0, 0.0, 0.0, 1.077033, 2.418674, 3.941828, 5.730683, 7.451148, 8.374115, 8.876383, 9.050285, 8.82348, 8.38364, 7.664265, 6.820356, 5.84441, 4.729574, 3.896162, 3.336648, 3.468019, 4.161122, 5.557817, 7.236633, 8.795873, 10.105814, 11.197593, 11.686065, 11.892416, 11.671191, 9.22988, 8.285937, 7.084928, 5.918737, 5.124522, 6.524522, 6.611715, 7.324253, 8.39413, 9.537538, 10.545857, 11.496615, 12.252706, 12.424957, 12.22571, 11.856999, 11.068076, 10.080528, 9.272209, 8.519158, 8.002705, 7.912093, 8.279541, 9.08786, 10.322562, 11.772622, 13.176256, 11.196357, 8.788038, 6.097314, 3.1241, 0.0, 0.0, 0.0]"
593,"[0.0, 0.0, 0.0, 0.0, 1.019804, 2.236356, 3.848808, 5.49805, 7.341959, 8.030956, 8.603258, 8.603258, 8.396236, 7.994548, 7.566372, 6.777517, 5.886176, 4.843956, 3.967421, 3.407906, 3.407906, 4.129016, 5.517871, 7.115516, 8.674757, 9.955107, 10.921206, 11.54067, 11.640081, 11.339629, 9.059279, 8.21301, 7.146331, 6.100142, 5.320243, 6.776265, 6.923016, 7.551147, 8.570662, 9.711602, 10.785402, 11.796896, 12.300988, 12.538783, 12.433911, 12.113161, 11.203944, 10.573989, 9.556148, 8.661721, 8.014699, 7.924087, 8.080178, 8.956537, 10.222577, 11.544968, 12.98678, 10.98678, 8.6544, 6.046719, 3.162278, 0.0, 0.0, 0.0]"
594,"[0.0, 0.0, 0.0, 0.0, 0.8, 2.0, 3.216553, 4.630766, 6.086788, 6.93603, 7.259185, 7.384273, 7.250684, 6.794663, 5.993948, 5.036479, 4.094838, 3.014214, 2.297056, 2.169638, 2.680986, 3.622627, 5.143092, 6.860249, 8.265168, 9.596454, 10.663132, 11.350986, 11.477015, 11.330885, 8.922566, 7.956468, 6.714339, 5.804862, 5.024963, 6.424963, 6.631985, 7.309704, 8.181212, 9.261563, 10.529896, 11.511243, 12.275015, 12.586954, 12.706603, 12.23827, 11.607681, 10.6, 9.812452, 8.754092, 7.996313, 7.693369, 7.937278, 8.450856, 9.550526, 10.8286, 12.131543, 10.287634, 8.161605, 5.720294, 3.0, 0.0, 0.0, 0.0]"
595,"[0.0, 0.0, 0.0, 0.0, 0.894427, 2.159338, 3.424249, 4.880271, 6.529514, 7.478995, 8.025161, 8.36025, 8.504228, 8.054986, 7.411077, 6.4, 5.4, 4.0, 3.0, 2.4, 2.6, 3.4, 4.8, 6.4, 7.8, 9.0, 10.008319, 10.617391, 10.827366, 10.837341, 8.637341, 7.629022, 6.41995, 5.234596, 4.224621, 5.224621, 4.990812, 5.513966, 6.478199, 7.537325, 8.700656, 9.975777, 10.732973, 11.070148, 10.990921, 10.671499, 9.792238, 8.792512, 7.832673, 6.929807, 6.302451, 6.340401, 6.659776, 7.503561, 8.6356, 10.026728, 11.226728, 9.626728, 7.616753, 5.407681, 2.8, 0.0, 0.0, 0.0]"
596,"[0.0, 0.0, 0.0, 0.0, 1.341641, 2.864795, 4.65365, 6.540446, 8.540446, 9.198805, 9.65555, 9.710604, 9.667717, 9.229767, 8.510392, 7.696683, 6.852774, 5.903292, 5.141242, 4.937651, 5.113101, 5.725552, 6.890251, 8.326319, 9.665896, 11.297468, 12.597061, 13.401499, 13.833764, 13.697506, 10.724292, 9.709614, 8.369205, 6.981497, 5.981771, 7.504926, 7.31636, 7.832813, 8.832539, 10.220247, 11.417386, 12.494263, 13.31822, 13.543862, 13.31684, 12.759877, 12.033325, 11.056557, 10.073719, 9.08843, 8.339312, 8.091263, 8.244075, 8.956988, 10.169299, 11.859921, 13.153678, 11.114071, 8.878003, 6.20967, 3.104835, 0.0, 0.0, 0.0]"
597,"[0.0, 0.0, 0.0, 0.0, 1.131371, 2.411996, 3.854216, 5.466668, 7.255522, 7.913006, 8.341182, 8.548203, 8.584994, 8.210353, 7.638051, 6.753872, 5.82574, 4.742183, 4.15259, 4.136038, 4.711417, 5.801384, 7.235698, 8.611077, 9.819396, 11.027077, 12.044427, 12.71276, 12.986623, 12.858655, 10.250974, 9.233624, 8.165291, 7.14745, 6.479551, 8.0416, 8.210422, 8.736452, 9.543171, 10.476304, 11.604979, 12.467614, 13.061879, 13.406818, 13.468915, 13.110571, 12.431368, 11.59787, 10.834098, 10.070326, 9.45841, 9.264851, 9.466116, 10.152029, 11.028414, 12.412784, 13.795623, 11.707562, 9.17774, 6.457446, 3.352611, 0.0, 0.0, 0.0]"
598,"[0.0, 0.0, 0.0, 0.0, 1.216553, 2.829004, 4.429004, 6.229004, 8.229004, 9.022427, 9.449583, 9.693492, 9.790858, 9.499659, 9.012839, 8.050264, 7.030976, 5.933609, 4.945919, 4.422764, 4.687372, 5.475203, 6.561999, 8.004219, 9.44553, 10.665139, 11.895222, 12.69915, 13.081404, 12.902835, 10.341585, 9.34296, 8.094456, 6.813782, 5.75104, 7.165254, 6.970587, 7.425733, 8.314888, 9.455828, 10.709948, 11.92427, 12.85533, 13.308945, 13.568005, 13.099672, 12.236108, 11.207681, 10.014214, 8.870236, 8.112456, 7.832921, 8.01282, 8.861348, 9.813645, 11.213959, 12.466707, 10.486808, 8.224067, 5.815748, 2.973214, 0.0, 0.0, 0.0]"
599,"[0.0, 0.0, 0.0, 0.0, 1.077033, 2.341944, 3.991186, 5.603638, 7.414715, 8.148759, 8.683848, 8.647057, 8.448819, 7.902653, 7.308129, 6.527933, 5.515481, 4.822378, 4.278577, 4.081828, 4.476238, 5.52548, 6.892431, 8.451672, 10.031868, 11.217654, 12.251694, 12.846914, 13.072556, 12.804937, 10.204937, 9.230456, 8.003196, 6.897203, 6.020845, 7.543999, 7.721995, 8.325099, 9.25748, 10.409139, 11.749548, 12.726316, 13.452868, 13.840781, 13.762922, 13.373221, 12.597719, 11.900102, 10.968662, 10.159305, 9.382498, 9.294437, 9.369706, 10.188533, 11.246557, 12.602368, 13.931031, 11.767701, 9.16002, 6.381531, 3.328663, 0.0, 0.0, 0.0]"
600,"[0.0, 0.0, 0.0, 0.0, 1.019804, 2.434017, 4.034017, 5.834017, 7.645094, 8.436368, 8.671396, 8.720639, 8.376661, 7.907224, 7.17318, 6.418365, 5.401578, 4.578012, 3.957481, 3.774876, 4.14536, 5.221705, 6.559021, 8.073979, 9.620862, 10.963632, 11.975126, 12.566604, 12.738855, 12.577895, 9.970214, 8.970385, 7.932289, 6.979993, 6.113855, 7.763097, 7.939999, 8.57091, 9.455828, 10.761909, 12.024711, 13.186756, 14.059239, 14.724958, 14.811798, 14.507435, 13.657095, 12.640521, 11.283104, 10.184771, 9.297555, 8.932392, 9.048446, 9.944788, 11.064415, 12.317163, 14.15021, 12.024181, 9.478596, 6.650169, 3.676955, 0.0, 0.0, 0.0]"
601,"[0.0, 0.0, 0.0, 0.0, 1.077033, 2.533055, 3.989077, 5.638319, 7.449396, 8.18344, 8.527418, 8.683848, 8.448819, 8.093764, 7.49924, 6.523861, 5.511409, 4.544409, 3.809497, 3.612749, 4.202341, 5.251584, 6.892431, 8.451672, 10.031868, 11.217654, 12.251694, 12.771313, 12.996955, 12.729336, 10.129336, 9.234909, 8.08325, 6.977257, 6.100898, 7.624053, 7.721995, 8.429304, 9.361684, 10.513343, 11.943153, 12.919921, 13.542268, 13.930182, 13.990833, 13.31822, 12.735006, 11.846695, 10.915255, 9.967388, 9.530946, 9.094504, 9.360468, 10.012925, 10.900141, 12.109099, 13.593854, 11.430523, 8.989212, 6.381531, 3.328663, 0.0, 0.0, 0.0]"
602,"[0.0, 0.0, 0.0, 0.0, 1.216553, 2.672574, 4.516483, 6.360392, 8.257759, 9.010978, 9.614082, 9.656969, 9.533525, 9.078379, 8.389233, 7.496297, 6.434122, 5.313657, 4.592547, 4.311922, 4.559945, 5.579233, 7.105262, 8.646893, 10.337618, 11.614129, 12.654662, 13.248926, 13.706479, 13.348135, 10.65741, 9.616878, 8.458634, 7.350791, 6.474432, 8.086884, 8.054052, 8.501977, 9.297845, 10.449504, 11.637052, 12.625975, 13.423134, 13.821949, 13.844857, 13.280925, 12.716993, 11.919834, 10.923777, 9.90564, 9.318814, 8.8716, 9.024956, 9.65519, 10.763033, 12.11379, 13.487214, 11.323883, 8.882572, 6.162278, 3.162278, 0.0, 0.0, 0.0]"
603,"[0.0, 0.0, 0.0, 0.0, 1.131371, 2.545584, 4.107634, 5.828099, 7.714896, 8.470321, 9.025879, 9.17263, 9.160966, 8.730191, 8.108306, 7.215568, 6.331388, 5.188273, 4.364706, 3.899795, 4.039315, 4.863936, 6.142159, 7.549311, 9.15763, 10.349397, 11.300155, 11.856246, 12.224957, 12.02571, 9.617391, 8.617391, 7.631605, 6.300319, 5.371871, 6.652496, 6.664948, 7.039589, 8.021682, 9.073438, 10.400494, 11.508336, 12.280732, 12.629924, 12.560285, 12.078634, 11.338238, 10.474045, 9.627776, 8.977486, 8.307479, 7.940031, 8.042975, 8.680925, 9.668474, 11.012452, 12.6, 10.8, 8.6, 6.0, 3.2, 0.0, 0.0, 0.0]"
604,"[0.0, 0.0, 0.0, 0.0, 1.0, 2.4, 3.8, 5.4, 7.211077, 8.022154, 8.466063, 8.715305, 8.571327, 8.101891, 7.367847, 6.348559, 5.331772, 4.27575, 3.33411, 2.978187, 3.047993, 3.757178, 4.96963, 6.456426, 7.898647, 9.28457, 10.384241, 11.034531, 11.273764, 11.090332, 8.809981, 7.649295, 6.463586, 5.357361, 4.377462, 5.594014, 5.5783, 6.024422, 6.793473, 7.763244, 8.887632, 9.903071, 10.615985, 11.036203, 11.076406, 10.535466, 9.855115, 9.019047, 8.026528, 7.093585, 6.424956, 6.105581, 6.147802, 6.720104, 7.702197, 9.076819, 10.479475, 9.037255, 7.2484, 5.189274, 2.683282, 0.0, 0.0, 0.0]"
605,"[0.0, 0.0, 0.0, 0.0, 1.077033, 2.341944, 3.865099, 5.47755, 7.266405, 7.909837, 8.365391, 8.539292, 8.341054, 7.832825, 7.11236, 6.240423, 5.109052, 4.094838, 3.446669, 3.295197, 3.727294, 4.723658, 6.167567, 7.661141, 9.253924, 10.58098, 11.626611, 12.465984, 12.845947, 12.640704, 10.033023, 9.145807, 7.876739, 6.651371, 5.829517, 7.441969, 7.521504, 8.10729, 9.226665, 10.412452, 11.4, 12.407134, 13.235561, 13.503894, 13.377757, 13.058108, 12.290582, 11.306064, 10.237731, 9.376319, 8.74521, 8.675374, 8.890591, 9.622972, 10.789009, 12.192635, 13.551526, 11.4924, 9.16002, 6.381531, 3.328663, 0.0, 0.0, 0.0]"
606,"[0.0, 0.0, 0.0, 0.0, 1.0, 2.216553, 3.630766, 5.230766, 7.030766, 7.643218, 8.270574, 8.505603, 8.361625, 7.826536, 7.478995, 6.529514, 5.512727, 4.68916, 3.989935, 3.446134, 3.62874, 4.452306, 5.528651, 6.932738, 8.447695, 9.703043, 10.579402, 11.311912, 11.505471, 11.269403, 8.937023, 8.217093, 7.040693, 6.077363, 5.293915, 6.81707, 6.81707, 7.611285, 8.574615, 9.594131, 10.670976, 11.658525, 12.129221, 12.439753, 12.484036, 11.923644, 11.167553, 10.346532, 9.395823, 8.557693, 8.080135, 7.933282, 8.224481, 9.033707, 10.199168, 11.521559, 12.824503, 10.824503, 8.492122, 5.884441, 3.0, 0.0, 0.0, 0.0]"
607,"[0.0, 0.0, 0.0, 0.0, 1.019804, 2.236356, 3.65057, 5.263022, 7.063022, 7.854295, 8.481651, 8.71668, 8.75347, 8.218381, 7.672216, 6.722734, 5.705947, 4.68916, 3.989935, 3.446134, 3.62874, 4.519439, 5.595784, 6.99987, 8.514828, 9.770176, 10.688332, 11.420843, 11.731422, 11.495354, 9.162973, 8.334114, 7.234443, 6.170645, 5.387197, 6.843219, 6.939569, 7.567699, 8.587215, 9.787271, 10.861072, 11.682093, 12.380654, 12.577691, 12.594187, 12.07434, 11.554493, 10.730069, 9.752986, 8.843036, 8.445512, 8.132593, 8.288684, 9.113013, 10.151108, 11.381191, 12.808234, 10.808234, 8.527884, 5.966634, 3.1241, 0.0, 0.0, 0.0]"
608,"[0.0, 0.0, 0.0, 0.0, 1.077033, 2.341944, 3.865099, 5.47755, 7.198015, 7.841447, 8.297001, 8.470903, 8.272665, 7.832825, 7.27855, 6.279195, 5.147824, 4.366066, 3.717897, 3.551707, 4.111221, 5.107586, 6.47513, 8.006006, 9.338386, 10.563754, 11.684986, 12.284986, 12.538264, 12.35995, 9.853957, 8.783127, 7.625347, 6.650958, 5.838533, 7.487776, 7.686401, 8.453253, 9.419351, 10.685391, 11.666738, 12.523994, 13.035216, 13.347191, 13.33951, 13.049861, 12.535594, 11.712667, 10.641615, 9.641615, 8.913126, 8.656427, 8.913126, 9.793706, 10.979384, 12.413242, 13.746974, 11.592908, 9.063086, 6.277408, 3.231099, 0.0, 0.0, 0.0]"
609,"[0.0, 0.0, 0.0, 0.0, 1.264911, 2.720933, 4.370175, 6.181252, 8.191227, 8.936292, 9.48027, 9.642104, 9.674936, 9.314203, 8.76025, 7.780054, 6.768977, 5.749689, 4.821557, 4.259962, 4.50507, 5.228224, 6.30097, 7.733925, 9.256107, 10.497189, 11.581715, 12.29203, 12.579275, 12.325997, 9.820004, 8.824774, 7.558734, 6.333976, 5.387197, 6.843219, 6.843219, 7.290433, 8.133006, 9.333063, 10.29365, 11.281199, 12.022167, 12.436904, 12.256363, 11.879361, 11.12327, 10.24269, 9.224849, 8.330422, 7.852864, 7.571005, 7.642228, 8.349536, 9.449207, 10.665646, 12.156463, 10.435998, 8.272667, 5.831356, 3.052868, 0.0, 0.0, 0.0]"
610,"[0.0, 0.0, 0.0, 0.0, 1.077033, 2.243223, 3.685444, 5.405909, 7.126374, 7.746397, 8.277263, 8.397093, 8.118848, 7.840604, 7.309738, 6.507109, 5.510744, 4.515737, 3.705972, 3.434209, 3.820407, 4.975186, 6.414769, 7.841439, 9.363621, 10.499606, 11.379141, 12.022167, 12.30398, 11.975433, 9.558823, 8.667624, 7.580023, 6.519707, 5.773287, 7.229309, 7.364417, 7.961804, 8.917247, 10.008712, 11.221022, 12.097408, 12.6578, 13.021732, 13.09462, 12.662355, 11.911832, 11.281604, 10.330846, 9.437305, 8.801237, 8.675374, 8.793664, 9.674244, 10.782086, 12.1553, 13.473669, 11.385608, 8.855786, 6.135491, 3.162278, 0.0, 0.0, 0.0]"
611,"[0.0, 0.0, 0.0, 0.0, 1.264911, 2.720933, 4.370175, 6.214084, 8.253692, 8.998756, 9.552709, 9.703467, 9.670635, 9.243479, 8.647717, 7.854295, 6.854295, 5.675673, 4.628907, 4.291726, 4.291726, 5.140969, 6.352422, 7.874798, 9.138705, 10.522152, 11.47291, 12.134994, 12.552926, 12.448054, 9.848054, 8.956854, 7.906884, 6.600891, 5.629734, 6.971375, 6.875025, 7.3058, 8.26913, 9.3366, 10.500952, 11.496182, 12.025994, 12.203604, 12.212163, 11.794231, 11.083917, 10.376109, 9.558323, 8.659604, 8.133592, 7.956691, 8.134686, 8.8476, 9.821988, 11.123503, 12.533533, 10.646737, 8.410669, 5.994059, 3.130495, 0.0, 0.0, 0.0]"
612,"[0.0, 0.0, 0.0, 0.0, 1.16619, 2.608411, 4.131566, 5.840366, 7.549167, 8.091777, 8.298799, 8.388096, 8.093509, 7.584708, 7.075907, 6.446469, 5.466473, 4.617945, 4.312372, 4.132176, 4.512372, 5.492368, 6.936658, 8.278299, 9.732358, 10.806221, 11.914064, 12.504089, 12.68463, 12.364833, 9.890969, 8.819917, 7.832369, 6.829973, 6.131929, 7.744381, 7.815604, 8.203152, 9.069289, 10.220948, 11.386986, 12.445009, 13.308574, 13.628223, 13.550364, 13.112815, 12.488392, 11.522195, 10.711049, 9.901692, 9.257808, 8.947651, 9.213615, 9.757142, 10.644358, 12.000169, 13.381163, 11.217832, 8.885452, 6.277771, 3.224903, 0.0, 0.0, 0.0]"
613,"[0.0, 0.0, 0.0, 0.0, 1.264911, 2.720933, 4.429734, 6.138535, 7.927389, 8.549274, 8.980048, 8.991713, 8.844962, 8.470321, 7.714896, 6.828099, 5.828745, 4.866695, 4.173591, 4.042221, 4.322845, 5.445644, 6.971673, 8.658882, 10.220132, 11.659801, 12.594381, 13.24684, 13.344514, 13.019332, 10.299038, 9.407346, 8.190907, 7.127135, 6.414221, 8.026673, 7.939877, 8.377827, 9.343925, 10.42077, 11.416, 12.423134, 13.251561, 13.473831, 13.347695, 13.020364, 12.301292, 11.316774, 10.497261, 9.623398, 8.992289, 8.693083, 8.9083, 9.377574, 10.497868, 11.733066, 13.10649, 11.047364, 8.767013, 6.046719, 3.162278, 0.0, 0.0, 0.0]"
614,"[0.0, 0.0, 0.0, 0.0, 1.16619, 2.608411, 4.170461, 6.01437, 7.994269, 8.671987, 9.116563, 9.441309, 9.209852, 8.571594, 7.893875, 7.007079, 5.841393, 4.861397, 4.319756, 4.230599, 4.753753, 5.93001, 7.267326, 8.808266, 10.205096, 11.350274, 12.281335, 13.13999, 13.42964, 13.364095, 10.695762, 9.711244, 8.405972, 7.217603, 6.223498, 7.835949, 7.961812, 8.592723, 9.491443, 10.760511, 12.011623, 12.994816, 13.619239, 13.998593, 14.035606, 13.733291, 13.060678, 12.282189, 11.448691, 10.437198, 9.719857, 9.250583, 9.260558, 9.806867, 10.926493, 12.109133, 13.52296, 11.512984, 9.079879, 6.251452, 3.224903, 0.0, 0.0, 0.0]"
615,"[0.0, 0.0, 0.0, 0.0, 1.0, 2.280625, 3.722845, 5.44331, 7.232165, 8.021019, 8.449195, 8.656217, 8.391774, 8.017133, 7.444831, 6.53603, 5.519244, 4.628907, 3.814693, 3.422762, 3.699795, 4.523361, 5.801585, 7.241193, 8.824891, 10.156177, 11.100155, 11.664565, 12.033276, 11.634932, 9.226613, 8.426613, 7.283205, 6.041077, 5.162472, 6.604693, 6.793547, 7.587762, 8.65764, 10.032262, 11.197722, 12.016549, 12.518672, 12.973329, 13.012921, 12.531269, 11.903487, 11.186146, 10.215887, 9.193457, 8.71667, 8.547848, 8.903939, 9.583474, 10.860319, 12.217736, 13.606659, 11.406659, 9.006659, 6.206659, 3.2, 0.0, 0.0, 0.0]"
616,"[0.0, 0.0, 0.0, 0.0, 1.280625, 2.722845, 4.335297, 6.124151, 7.913006, 8.529747, 8.931436, 8.968227, 8.791824, 8.402969, 7.722155, 6.89805, 5.881263, 4.834497, 4.066953, 3.8504, 4.230596, 5.398141, 6.832456, 8.409072, 10.039661, 11.307994, 12.371559, 13.039891, 13.304683, 12.954444, 10.286111, 9.233624, 7.965291, 6.94745, 6.279551, 8.000016, 8.032847, 8.758877, 9.711174, 10.789447, 11.911516, 12.910141, 13.562601, 13.932771, 13.925327, 13.499402, 12.892936, 12.001244, 10.94322, 9.956995, 9.260851, 8.911579, 9.178849, 9.799323, 10.887945, 12.329757, 13.860563, 11.706497, 9.365557, 6.579879, 3.417601, 0.0, 0.0, 0.0]"
617,"[0.0, 0.0, 0.0, 0.0, 1.077033, 2.418674, 3.874696, 5.523938, 7.367847, 8.101891, 8.571327, 8.715305, 8.666063, 8.236368, 7.641843, 6.630766, 5.663222, 4.510435, 3.728677, 3.531929, 4.146142, 5.324764, 6.917158, 8.565053, 10.075071, 11.19068, 12.165281, 12.808954, 13.034596, 12.740842, 10.21102, 9.134143, 7.865075, 6.759082, 5.979036, 7.591488, 7.769483, 8.518601, 9.450981, 10.60264, 11.768678, 12.834846, 13.457193, 13.91049, 13.832631, 13.395082, 12.530179, 11.641868, 10.645044, 9.835687, 9.338656, 9.250595, 9.516559, 10.060085, 11.118109, 12.499103, 13.724007, 11.560676, 9.228295, 6.449806, 3.224903, 0.0, 0.0, 0.0]"
618,"[0.0, 0.0, 0.0, 0.0, 1.2, 2.6, 4.212452, 6.023529, 7.867437, 8.511346, 9.008713, 9.185116, 8.98649, 8.484222, 7.981954, 7.16162, 6.197387, 5.217391, 4.596861, 4.386591, 4.723771, 5.619615, 6.98716, 8.5464, 9.960614, 11.091985, 12.214054, 12.775303, 13.056202, 12.790969, 10.245384, 9.246759, 8.247559, 7.02795, 6.203622, 7.803622, 7.77079, 8.218715, 9.113142, 10.065439, 11.07312, 12.062043, 12.659749, 13.031362, 13.230724, 12.859111, 12.098719, 11.302115, 10.306885, 9.311656, 8.72483, 8.394023, 8.642072, 9.362001, 10.469844, 11.705043, 13.15852, 11.099394, 8.767013, 6.046719, 3.162278, 0.0, 0.0, 0.0]"
619,"[0.0, 0.0, 0.0, 0.0, 1.019804, 2.434017, 3.848231, 5.460683, 7.260683, 8.051956, 8.448819, 8.683848, 8.527418, 8.069059, 7.335015, 6.348559, 5.331772, 4.596861, 3.97633, 3.793724, 4.310744, 5.387089, 6.552775, 8.164046, 9.71093, 10.930539, 11.782987, 12.586916, 12.662854, 12.484285, 9.923035, 9.08225, 8.003977, 7.05168, 6.188939, 7.80139, 7.924834, 8.400444, 9.418285, 10.492148, 11.743261, 12.762916, 13.481989, 13.615807, 13.741943, 13.278379, 12.614815, 11.807681, 11.011077, 10.060319, 9.449174, 9.249174, 9.412504, 10.009746, 11.051229, 12.235588, 13.641466, 11.478135, 9.069816, 6.379091, 3.405877, 0.0, 0.0, 0.0]"
620,"[0.0, 0.0, 0.0, 0.0, 1.280625, 2.722845, 4.44331, 6.330107, 8.389233, 9.078379, 9.72422, 9.847664, 9.61011, 9.163436, 8.607878, 7.736369, 6.786887, 5.986173, 5.268149, 4.873739, 5.0714, 5.98805, 7.339522, 9.052775, 10.861399, 12.275612, 13.328099, 14.040143, 14.296027, 13.808539, 10.980112, 9.960457, 8.660865, 7.211514, 6.135485, 7.747937, 7.747937, 8.115384, 8.963912, 10.10732, 11.056118, 11.932503, 12.560285, 13.250508, 13.348182, 13.023, 12.272478, 11.723923, 10.38341, 9.439467, 8.765449, 8.408129, 8.318775, 9.047263, 10.205507, 11.748292, 13.298118, 11.328347, 8.987407, 6.267113, 3.162278, 0.0, 0.0, 0.0]"
621,"[0.0, 0.0, 0.0, 0.0, 0.894427, 1.97146, 3.236371, 4.692393, 6.148415, 6.90323, 7.438649, 7.573738, 7.517716, 7.261694, 6.612452, 5.6, 4.6, 3.482843, 2.682843, 2.482843, 3.082843, 4.282843, 5.8, 7.4, 8.8, 10.008319, 11.038908, 11.672013, 11.908081, 11.747689, 9.33937, 8.308781, 7.075676, 5.859412, 4.985994, 6.266619, 6.228669, 6.872578, 7.978803, 9.075355, 10.340314, 11.323849, 12.041189, 12.356471, 12.25706, 11.874807, 11.216019, 10.216819, 9.189721, 8.440604, 7.800428, 7.562874, 7.811901, 8.60676, 9.600865, 10.884844, 12.242261, 10.431184, 8.222112, 5.813793, 3.006659, 0.0, 0.0, 0.0]"
622,"[0.0, 0.0, 0.0, 0.0, 1.0, 2.280625, 3.893076, 5.505528, 7.214329, 7.923129, 8.486413, 8.486413, 8.486413, 8.177613, 7.668812, 6.824903, 5.844907, 4.679669, 3.879669, 3.50429, 3.524094, 4.540881, 5.904744, 7.540812, 9.116191, 10.696387, 11.647145, 12.244387, 12.416638, 12.026613, 9.426613, 8.426613, 7.432508, 6.190379, 5.461029, 6.903249, 7.092104, 7.737016, 8.806894, 10.032262, 11.197722, 12.129162, 12.79033, 13.244987, 13.284578, 12.802927, 12.062531, 11.186146, 10.107873, 9.085443, 8.415436, 8.235537, 8.591628, 9.387496, 10.671475, 12.222112, 13.647015, 11.447015, 9.038696, 6.231562, 3.224903, 0.0, 0.0, 0.0]"
623,"[0.0, 0.0, 0.0, 0.0, 1.264911, 2.788066, 4.31122, 6.208587, 8.105953, 8.88065, 9.397103, 9.883924, 9.786557, 9.501642, 8.876248, 8.03664, 7.026665, 5.859121, 4.967779, 4.378187, 4.378187, 4.990638, 6.16926, 7.684218, 9.33346, 10.607323, 11.715166, 12.504089, 12.608961, 12.476037, 10.002174, 8.931122, 7.745336, 6.620948, 5.621649, 7.06387, 6.976677, 7.406373, 8.315849, 9.382527, 10.501557, 11.500756, 12.264528, 12.644492, 12.472241, 12.147059, 11.555581, 10.736755, 9.672982, 8.851128, 8.057281, 7.876363, 7.984876, 8.630716, 9.746325, 11.216148, 12.589572, 10.692205, 8.604144, 6.074322, 3.162278, 0.0, 0.0, 0.0]"
624,"[0.0, 0.0, 0.0, 0.0, 1.077033, 2.341944, 3.797966, 5.447208, 7.05966, 7.793704, 8.328793, 8.485222, 8.250194, 7.854295, 7.063022, 6.087643, 5.075191, 4.108191, 3.612749, 3.612749, 4.202341, 5.251584, 6.648279, 8.01523, 9.336366, 10.522152, 11.556192, 12.218276, 12.636207, 12.531335, 9.931335, 8.956854, 7.906884, 6.800891, 6.020845, 7.543999, 7.721995, 8.325099, 9.25748, 10.409139, 11.664473, 12.641241, 13.367792, 13.565234, 13.487375, 13.049826, 12.274323, 11.386012, 10.468642, 9.659284, 9.015401, 8.814136, 8.975895, 9.695824, 10.658641, 11.914549, 13.252656, 11.19353, 8.861149, 6.177868, 3.224903, 0.0, 0.0, 0.0]"
625,"[0.0, 0.0, 0.0, 0.0, 1.0, 2.280625, 3.842675, 5.686584, 7.38364, 8.227549, 8.667389, 8.894193, 8.662736, 8.307321, 7.805053, 7.16162, 6.093876, 5.04711, 4.305469, 3.78845, 3.78845, 4.590494, 5.813663, 7.367729, 8.697174, 10.094004, 11.003955, 11.648205, 11.730207, 11.785214, 9.31135, 8.527487, 7.359293, 6.289416, 5.360969, 6.702609, 6.509389, 7.088387, 7.961804, 9.022119, 10.021419, 11.165397, 11.827481, 12.120254, 12.111694, 11.770754, 11.057551, 10.164009, 9.354783, 8.478424, 7.892638, 7.618293, 7.849751, 8.606947, 9.624788, 10.930869, 12.377829, 10.53392, 8.253569, 5.779706, 3.059412, 0.0, 0.0, 0.0]"
626,"[0.0, 0.0, 0.0, 0.0, 1.264911, 2.788066, 4.57692, 6.365774, 8.252571, 8.98766, 9.308414, 9.216616, 9.124818, 8.800071, 8.080696, 7.236787, 6.260841, 5.163785, 4.322845, 4.042221, 4.484441, 5.60724, 7.133269, 8.692509, 10.30019, 11.465651, 12.305024, 12.862276, 13.265207, 13.074135, 10.466454, 9.669969, 8.548737, 7.307676, 6.414221, 8.026673, 7.939877, 8.377827, 9.335606, 10.420133, 11.614815, 12.643242, 13.471669, 13.740002, 13.606184, 13.079401, 12.339035, 11.354517, 10.298636, 9.424773, 8.793664, 8.494457, 8.537344, 9.366204, 10.486498, 11.837256, 13.210679, 11.323883, 8.882572, 6.162278, 3.162278, 0.0, 0.0, 0.0]"
627,"[0.0, 0.0, 0.0, 0.0, 1.341641, 2.954092, 4.840889, 6.727685, 8.727685, 9.512073, 9.879521, 9.836633, 9.670302, 9.390767, 8.706958, 7.72706, 6.731679, 5.732324, 4.811859, 4.264066, 4.605706, 5.36963, 6.618291, 8.054359, 9.759932, 11.018291, 12.126134, 12.876656, 13.114452, 12.794802, 10.194802, 9.183309, 7.804656, 6.611417, 5.497257, 6.953279, 6.89372, 7.363156, 8.291604, 9.361481, 10.338564, 11.357655, 12.0764, 12.467328, 12.467328, 12.270291, 11.57173, 10.830762, 9.686784, 8.864929, 8.043075, 7.722546, 7.831058, 8.611104, 9.6135, 10.882568, 12.18629, 10.288923, 8.052855, 5.636246, 2.952965, 0.0, 0.0, 0.0]"
628,"[0.0, 0.0, 0.0, 0.0, 1.16619, 2.72824, 4.572149, 6.416058, 8.395957, 9.073676, 9.511626, 9.554513, 9.499458, 9.132011, 8.629743, 7.795933, 6.909137, 5.841393, 5.053563, 4.711922, 4.959945, 5.609187, 6.927685, 8.339132, 9.969721, 11.362641, 12.520533, 13.280925, 13.844857, 13.414268, 10.607134, 9.6, 8.412452, 7.135606, 6.377827, 7.939877, 7.860342, 8.24789, 8.888066, 9.726197, 10.725396, 11.695656, 12.241241, 12.768635, 13.049533, 12.768635, 12.07791, 11.532325, 10.538657, 9.539457, 8.871558, 8.580359, 8.66842, 9.207432, 10.473809, 11.887906, 13.43487, 11.346808, 9.11074, 6.282313, 3.255764, 0.0, 0.0, 0.0]"
629,"[0.0, 0.0, 0.0, 0.0, 1.077033, 2.418674, 3.874696, 5.523938, 7.367847, 8.134723, 8.604159, 8.748137, 8.498895, 8.069199, 7.441843, 6.430766, 5.463222, 4.784332, 4.091229, 3.89448, 4.508694, 5.720147, 6.896403, 8.455644, 9.852449, 11.223913, 12.243569, 12.852195, 13.077837, 12.993608, 10.207931, 9.053167, 8.003196, 6.897203, 5.979036, 7.435058, 7.515112, 8.295158, 9.311767, 10.761118, 12.27831, 13.462669, 14.138645, 14.5856, 14.352625, 14.01, 13.272855, 12.400419, 11.245655, 10.40392, 9.493796, 9.237627, 9.324048, 10.023567, 10.925437, 12.36725, 13.667594, 11.541565, 9.133246, 6.442522, 3.280244, 0.0, 0.0, 0.0]"
630,"[0.0, 0.0, 0.0, 0.0, 1.077033, 2.418674, 4.031125, 5.643577, 7.364042, 8.007474, 8.362889, 8.312488, 8.142257, 7.864012, 7.143547, 6.167601, 5.171237, 4.17623, 3.366465, 3.214993, 3.625254, 4.621618, 6.174404, 7.70528, 9.189132, 10.563754, 11.507697, 12.107697, 12.285306, 12.106992, 9.600999, 8.707457, 7.388082, 6.327767, 5.438612, 7.087855, 7.275403, 8.004753, 8.933201, 10.076608, 11.057956, 11.888545, 12.546903, 12.867652, 12.800273, 12.510624, 11.968096, 11.19713, 10.279759, 9.538819, 8.810331, 8.619636, 8.692041, 9.496199, 10.57948, 12.097524, 13.510747, 11.540975, 9.124366, 6.441084, 3.310589, 0.0, 0.0, 0.0]"
631,"[0.0, 0.0, 0.0, 0.0, 1.264911, 2.720933, 4.429734, 6.138535, 8.108306, 8.730191, 9.160966, 9.17263, 9.025879, 8.470321, 7.86415, 6.977353, 5.977999, 5.015949, 4.322845, 4.042221, 4.322845, 5.445644, 6.825543, 8.367174, 9.928424, 11.368093, 12.131865, 12.930455, 13.275395, 13.046526, 10.326231, 9.439016, 8.07474, 6.90928, 5.84181, 7.454262, 7.544874, 8.140635, 8.907487, 10.050895, 11.238443, 12.2345, 13.031659, 13.651014, 13.6758, 13.111868, 12.344342, 11.348285, 10.119858, 9.299204, 8.519158, 8.268405, 8.457328, 9.137679, 10.086477, 11.472989, 12.808234, 10.808234, 8.527884, 5.966634, 3.1241, 0.0, 0.0, 0.0]"
632,"[0.0, 0.0, 0.0, 0.0, 1.0, 2.2, 3.8, 5.4, 7.211077, 8.022154, 8.666063, 8.774864, 8.698018, 8.410096, 7.765209, 6.815728, 5.739382, 4.616228, 3.658759, 3.317189, 3.442566, 4.266132, 5.763499, 7.35188, 8.943868, 10.340673, 11.390644, 11.99927, 12.177585, 11.820102, 9.403492, 8.420654, 7.179572, 6.047192, 5.252977, 6.695197, 6.892508, 7.471506, 8.551856, 9.728256, 10.893717, 11.780933, 12.620305, 12.756564, 12.731862, 12.278247, 11.640337, 10.74591, 9.771522, 8.769126, 8.17711, 7.996193, 8.361404, 9.449006, 10.755086, 12.16625, 13.539674, 11.385608, 8.855786, 6.135491, 3.162278, 0.0, 0.0, 0.0]"
633,"[0.0, 0.0, 0.0, 0.0, 1.280625, 2.842675, 4.404725, 6.12519, 8.011986, 8.618157, 9.025879, 9.361196, 9.289973, 8.859199, 8.386616, 7.436648, 6.363903, 5.280346, 4.45678, 3.842566, 4.039315, 4.863936, 6.142159, 7.549311, 9.15763, 10.349397, 11.300155, 12.056246, 12.416638, 12.217391, 9.809072, 8.809072, 7.425625, 6.191815, 5.263368, 6.543993, 6.467147, 7.220366, 8.208242, 9.259998, 10.587054, 11.67158, 12.263058, 12.517311, 12.593249, 12.24831, 11.620528, 10.756335, 9.790236, 8.905072, 8.291573, 7.924125, 8.027069, 8.793921, 9.679085, 10.836976, 12.231184, 10.431184, 8.222112, 5.813793, 3.006659, 0.0, 0.0, 0.0]"
634,"[0.0, 0.0, 0.0, 0.0, 1.16619, 2.608411, 4.220862, 6.009717, 7.979488, 8.710665, 9.165811, 9.397268, 9.419491, 8.849719, 8.352353, 7.47479, 6.455502, 5.365535, 4.597991, 3.997991, 4.194739, 4.98257, 6.072537, 7.450056, 8.859128, 10.042576, 11.037805, 11.635047, 12.033391, 12.033391, 9.633391, 8.62571, 7.433944, 6.102658, 5.024956, 6.191147, 6.114301, 6.86752, 7.944553, 9.04925, 10.389053, 11.473579, 11.945119, 12.352303, 12.378976, 11.852882, 11.08911, 10.209849, 9.09082, 8.2841, 7.718415, 7.486958, 7.768816, 8.562664, 9.580505, 11.029856, 12.476816, 10.632907, 8.396839, 5.922976, 3.059412, 0.0, 0.0, 0.0]"
635,"[0.0, 0.0, 0.0, 0.0, 1.16619, 2.507831, 4.120283, 5.909137, 7.795933, 8.473652, 8.97592, 9.207377, 9.138988, 8.694412, 8.131128, 7.287219, 6.164421, 4.891169, 4.081404, 3.52189, 3.52189, 4.362829, 5.759525, 7.127069, 8.68631, 10.127621, 11.071564, 11.644264, 11.880332, 11.569753, 9.128442, 8.064669, 6.779431, 5.709553, 5.004693, 6.404693, 6.574924, 7.287462, 8.330344, 9.473752, 10.473752, 11.4613, 12.225072, 12.449105, 12.276854, 11.916462, 11.160371, 10.165141, 9.132036, 8.310182, 7.793729, 7.562271, 7.94982, 8.830171, 10.106682, 11.426061, 12.93771, 10.93771, 8.657359, 5.966634, 3.1241, 0.0, 0.0, 0.0]"
636,"[0.0, 0.0, 0.0, 0.0, 1.019804, 2.284715, 3.740737, 5.389979, 7.039221, 7.631869, 7.966958, 8.110936, 7.875907, 7.443218, 6.85057, 6.075191, 5.075191, 4.108191, 3.524094, 3.328911, 3.70429, 4.518504, 5.882367, 7.259887, 8.474874, 9.510941, 10.377079, 10.906942, 11.051033, 10.908791, 8.672723, 7.848394, 6.707454, 5.8183, 5.087123, 6.501337, 6.742371, 7.52227, 8.383388, 9.47994, 10.474045, 11.338238, 11.799651, 12.006002, 12.075641, 11.554119, 10.879665, 10.000404, 9.082237, 8.192076, 7.828435, 7.650439, 8.127997, 8.994135, 10.220247, 11.560656, 12.956691, 10.917083, 8.636732, 5.968399, 3.104835, 0.0, 0.0, 0.0]"
637,"[0.0, 0.0, 0.0, 0.0, 1.280625, 2.842675, 4.56314, 6.449936, 8.509062, 9.198209, 9.60593, 9.782832, 9.545278, 9.135394, 8.579836, 7.629869, 6.626929, 5.698797, 4.874176, 4.459962, 4.854372, 5.572396, 6.861261, 8.444959, 10.044959, 11.230746, 12.225975, 12.846589, 13.06886, 12.677932, 10.077932, 9.270251, 8.252113, 6.886435, 6.119583, 7.533797, 7.454262, 7.728606, 8.627026, 9.626117, 10.773153, 11.613938, 12.272726, 12.654979, 12.621987, 12.186767, 11.625517, 10.923841, 9.940307, 8.974208, 8.371334, 8.020576, 8.186642, 8.824593, 9.982372, 11.259217, 12.609975, 10.6, 8.4, 5.8, 3.0, 0.0, 0.0, 0.0]"
638,"[0.0, 0.0, 0.0, 0.0, 1.077033, 2.341944, 3.954396, 5.566847, 7.366847, 8.089814, 8.63598, 8.63598, 8.479551, 7.944462, 7.221495, 6.235039, 5.222587, 4.399021, 3.85522, 3.797991, 4.429392, 5.538192, 6.803103, 8.236059, 9.722248, 10.772219, 11.841907, 12.552221, 13.005836, 12.663174, 10.157181, 9.167547, 8.015888, 6.822421, 6.073303, 7.782104, 7.782104, 8.56215, 9.564546, 10.833614, 11.910491, 12.907314, 13.39154, 13.643264, 13.393087, 12.88776, 12.141691, 11.265305, 10.305773, 9.48512, 8.925234, 8.865525, 9.021616, 9.754127, 10.861969, 12.303782, 13.764813, 11.764813, 9.323502, 6.603208, 3.44093, 0.0, 0.0, 0.0]"
639,"[0.0, 0.0, 0.0, 0.0, 1.264911, 2.720933, 4.370175, 6.214084, 8.224059, 8.969123, 9.513101, 9.674936, 9.642104, 9.281371, 8.68561, 7.705414, 6.694337, 5.515715, 4.432158, 3.912372, 4.157479, 5.006721, 6.218175, 7.740551, 9.187063, 10.451975, 11.402732, 12.064816, 12.393364, 12.288492, 9.75867, 8.867471, 7.8175, 6.600891, 5.629734, 6.971375, 6.824624, 7.212511, 8.13854, 9.15398, 10.25365, 11.299281, 11.961365, 12.251945, 12.12566, 11.838415, 11.200505, 10.483367, 9.508978, 8.769126, 8.057281, 7.876363, 7.984876, 8.630716, 9.746325, 11.216148, 12.400508, 10.503141, 8.41508, 5.885258, 2.973214, 0.0, 0.0, 0.0]"
640,"[0.0, 0.0, 0.0, 0.0, 1.16619, 2.608411, 4.220862, 6.009717, 7.798571, 8.529747, 8.931436, 9.162893, 8.98649, 8.810087, 8.312721, 7.488616, 6.469328, 5.489332, 4.597991, 4.022612, 4.219361, 5.007191, 6.185812, 7.50431, 8.915757, 9.979555, 11.087398, 11.617261, 11.918593, 11.836591, 9.55624, 8.544747, 7.659829, 6.518889, 5.629734, 6.971375, 6.704794, 7.092681, 7.892681, 8.791101, 9.781841, 10.845613, 11.418314, 11.759254, 11.936863, 11.692543, 11.083917, 10.376109, 9.558323, 8.659604, 8.133592, 7.956691, 7.968355, 8.608531, 9.498692, 10.889606, 12.394044, 10.673579, 8.510248, 6.177868, 3.224903, 0.0, 0.0, 0.0]"
641,"[0.0, 0.0, 0.0, 0.0, 1.264911, 2.720933, 4.429734, 6.399505, 8.458631, 9.252846, 9.796824, 9.931933, 9.659217, 9.297147, 8.652235, 7.783606, 6.939697, 6.067262, 5.170206, 4.833025, 5.043295, 5.655746, 6.890251, 8.422632, 9.762208, 11.206245, 12.379471, 13.232389, 13.620303, 13.484044, 10.698367, 9.62149, 8.321897, 7.015817, 6.016091, 7.539245, 7.539245, 8.014855, 8.880992, 9.880718, 11.077858, 12.154735, 12.930238, 13.15588, 13.20791, 12.650946, 11.752065, 10.775297, 9.881756, 9.005397, 8.25628, 7.969483, 7.893764, 8.517381, 9.691948, 11.304283, 12.960048, 11.148971, 8.912903, 6.282313, 3.255764, 0.0, 0.0, 0.0]"
642,"[0.0, 0.0, 0.0, 0.0, 1.077033, 2.418674, 3.941828, 5.650629, 7.439484, 8.249247, 8.751515, 8.925417, 8.913672, 8.686868, 8.080696, 7.236787, 6.388259, 5.323658, 4.394064, 4.007866, 4.288491, 5.002013, 6.090023, 7.457567, 8.726471, 9.778227, 10.632786, 11.32893, 11.564998, 11.555733, 9.223352, 8.419195, 7.28321, 6.327767, 5.515342, 6.929556, 6.929556, 7.460008, 8.388455, 9.677404, 11.091617, 12.34273, 13.199986, 13.711208, 13.421558, 12.562903, 11.66911, 10.709578, 9.445306, 8.716817, 8.347046, 8.026517, 8.215082, 9.1, 10.273226, 11.64644, 13.349809, 11.452442, 9.111502, 6.325825, 3.352611, 0.0, 0.0, 0.0]"
643,"[0.0, 0.0, 0.0, 0.0, 1.077033, 2.341944, 3.865099, 5.573899, 7.362754, 8.172517, 8.751515, 8.925417, 8.778666, 8.404025, 7.797854, 6.953945, 5.822574, 4.707737, 3.740737, 3.181223, 3.312594, 4.161122, 5.410965, 7.08978, 8.649021, 10.0789, 11.272367, 12.182992, 12.389343, 12.168118, 9.606869, 8.441408, 7.114352, 5.859004, 5.016431, 6.430644, 6.600875, 7.164159, 8.323194, 9.514961, 10.708428, 11.703658, 12.459749, 12.831362, 12.831362, 12.233656, 11.437052, 10.637052, 9.429371, 8.435266, 7.948445, 7.857833, 8.037732, 8.900474, 10.031845, 11.337117, 12.589866, 10.609967, 8.347225, 5.801641, 2.973214, 0.0, 0.0, 0.0]"
644,"[0.0, 0.0, 0.0, 0.0, 1.0, 2.216553, 3.672574, 5.321817, 7.030617, 7.643069, 8.038968, 8.025167, 7.656549, 7.228373, 6.615922, 5.72458, 4.68236, 3.801735, 2.968324, 2.689434, 3.099695, 4.113908, 5.557817, 7.236633, 8.795873, 10.105814, 11.197593, 11.859677, 12.066028, 11.844804, 9.403492, 8.509951, 7.135329, 5.969139, 5.174924, 6.374924, 6.362472, 7.031101, 7.864911, 9.0, 10.4, 11.4, 12.207681, 12.616, 12.452068, 11.891676, 11.135585, 10.127904, 9.119585, 8.283517, 7.658122, 7.270236, 7.282687, 7.882687, 8.923998, 10.117466, 11.545885, 9.933433, 7.933433, 5.492122, 2.884441, 0.0, 0.0, 0.0]"
645,"[0.0, 0.0, 0.0, 0.0, 1.264911, 2.720933, 4.6183, 6.462209, 8.501816, 9.24688, 9.790858, 9.693492, 9.66066, 9.233504, 8.637742, 7.837742, 6.862363, 5.772396, 5.008473, 4.671292, 4.927314, 6.00006, 7.367011, 8.859423, 10.568068, 11.97561, 13.031208, 13.896111, 14.162852, 13.709555, 10.845991, 9.681881, 8.437717, 7.244249, 6.326082, 7.975325, 7.975325, 8.502592, 9.504987, 10.876451, 12.200423, 13.384782, 14.060758, 14.507713, 14.550463, 14.207838, 13.274232, 12.401796, 11.187474, 10.067848, 9.04971, 8.854011, 8.814403, 9.445512, 10.457005, 12.006832, 13.3252, 11.3252, 9.044849, 6.324555, 3.162278, 0.0, 0.0, 0.0]"
646,"[0.0, 0.0, 0.0, 0.0, 1.216553, 2.672574, 4.321817, 6.219183, 8.188955, 9.031528, 9.462303, 9.533525, 9.356624, 8.801066, 8.022565, 7.135769, 6.309731, 5.389266, 4.869479, 4.755045, 5.197265, 6.146747, 7.346747, 8.893631, 10.335121, 11.67139, 12.691045, 13.374327, 13.533016, 13.341944, 10.563455, 9.488745, 8.367514, 7.181727, 6.377569, 8.08637, 8.141425, 8.618983, 9.637874, 10.693755, 11.896998, 13.026303, 13.772373, 14.124946, 13.873222, 13.293559, 12.556413, 11.740507, 10.743684, 10.170984, 9.64968, 9.423587, 9.493423, 10.178432, 11.002856, 12.251191, 13.49698, 11.457372, 8.983509, 6.315176, 3.255764, 0.0, 0.0, 0.0]"
647,"[0.0, 0.0, 0.0, 0.0, 1.264911, 2.720933, 4.429734, 6.3271, 8.171009, 8.916073, 9.271128, 9.362328, 9.064961, 8.635266, 8.025291, 7.414214, 6.438835, 5.559945, 5.040159, 4.717192, 4.782103, 5.666282, 7.033233, 8.479746, 10.123007, 11.643774, 12.798537, 13.57404, 14.096664, 13.708751, 10.923073, 9.848364, 8.440821, 6.991471, 6.073303, 7.529325, 7.529325, 8.13243, 9.050597, 10.052992, 11.460535, 12.457358, 13.371446, 13.759359, 14.011083, 13.383586, 12.637516, 11.561669, 10.490617, 9.434736, 8.760718, 8.418167, 8.5208, 9.034889, 10.030118, 11.520936, 13.048782, 11.048782, 8.885452, 6.277771, 3.224903, 0.0, 0.0, 0.0]"
648,"[0.0, 0.0, 0.0, 0.0, 1.131371, 2.411996, 3.974046, 5.694511, 7.483365, 8.140849, 8.569025, 8.656217, 8.548203, 8.173562, 7.584708, 6.875907, 5.859121, 4.693883, 3.879669, 3.50429, 3.769201, 4.785988, 6.182683, 7.818751, 9.427235, 10.770005, 11.728444, 12.284535, 12.448467, 12.015362, 9.407681, 8.412452, 7.468474, 6.234664, 5.515289, 7.12774, 7.304143, 8.002187, 9.252606, 10.38859, 11.45942, 12.449055, 13.015283, 13.159923, 13.304564, 12.901633, 12.249174, 11.372788, 10.42399, 9.385895, 8.717996, 8.391967, 8.75713, 9.552997, 10.85827, 12.272367, 13.697271, 11.488198, 9.079879, 6.251452, 3.224903, 0.0, 0.0, 0.0]"
649,"[0.0, 0.0, 0.0, 0.0, 1.16619, 2.608411, 4.328876, 6.049341, 7.89325, 8.570968, 8.972657, 8.972657, 8.972657, 8.570968, 8.16928, 7.491562, 6.619625, 5.793587, 5.151366, 4.72895, 4.779312, 5.580026, 6.77366, 8.254011, 9.70807, 11.122107, 12.103454, 12.623074, 12.950404, 12.884859, 10.25427, 9.633656, 8.481997, 7.215957, 6.088263, 7.502476, 7.104953, 7.535727, 8.430154, 9.48191, 10.675377, 11.78322, 12.457673, 13.050033, 12.980394, 12.498742, 11.622357, 10.905016, 9.638639, 8.818117, 8.215243, 8.020576, 8.216275, 9.08733, 10.252791, 11.53677, 12.914077, 10.874469, 8.441364, 5.833683, 3.026549, 0.0, 0.0, 0.0]"
650,"[0.0, 0.0, 0.0, 0.0, 1.16619, 2.608411, 4.050631, 5.771096, 7.615005, 8.428714, 8.830402, 9.108647, 9.000633, 8.498365, 7.684657, 6.840748, 5.968811, 4.988815, 4.447174, 4.300788, 4.75681, 5.996343, 7.644238, 9.318101, 10.928887, 12.301292, 13.23978, 13.766563, 14.099833, 14.069244, 11.240817, 10.224243, 9.066351, 7.782372, 6.744422, 8.441478, 8.318299, 9.001438, 9.984276, 11.306667, 12.494052, 13.731355, 14.372188, 14.839409, 14.783396, 14.460204, 13.777415, 12.930231, 11.800926, 10.816408, 10.044012, 9.690763, 9.845084, 10.669508, 11.689164, 13.156073, 14.520547, 12.240196, 9.571864, 6.708299, 3.452535, 0.0, 0.0, 0.0]"
651,"[0.0, 0.0, 0.0, 0.0, 1.077033, 2.341944, 3.797966, 5.447208, 7.486816, 8.419758, 9.154847, 9.311277, 9.076248, 8.450854, 7.657431, 6.457431, 5.64498, 4.951876, 4.258773, 4.119253, 4.584165, 5.492965, 6.925921, 8.804811, 10.327778, 11.746148, 12.990312, 13.614735, 13.622416, 13.354797, 10.671515, 9.507405, 8.252071, 7.058603, 6.338674, 7.987916, 8.287123, 9.104909, 10.220517, 11.32836, 12.591161, 13.562512, 14.248121, 14.525433, 14.612272, 14.307909, 13.656817, 12.83934, 12.071814, 10.973481, 10.154654, 9.746335, 9.663292, 10.184934, 11.449347, 12.916257, 14.454618, 12.328589, 9.767339, 6.794125, 3.538361, 0.0, 0.0, 0.0]"
652,"[0.0, 0.0, 0.0, 0.0, 1.077033, 2.341944, 3.797966, 5.321121, 6.970363, 7.704407, 8.250573, 8.394551, 8.471396, 8.222154, 7.611077, 6.8, 5.8, 4.6, 3.6, 3.0, 3.0, 3.8, 5.0, 6.6, 8.0, 9.2, 10.208319, 10.817391, 11.026463, 11.036438, 8.836438, 7.82812, 6.619047, 5.234596, 4.224621, 5.224621, 5.166262, 5.689417, 6.573596, 7.632722, 8.86879, 9.85953, 10.499706, 11.071256, 10.992029, 10.59987, 9.964546, 9.08184, 7.967679, 7.007584, 6.363675, 6.066619, 6.398446, 7.242231, 8.458495, 9.889084, 11.317511, 9.70506, 7.695084, 5.459016, 2.828427, 0.0, 0.0, 0.0]"
653,"[0.0, 0.0, 0.0, 0.0, 1.131371, 2.411996, 3.974046, 5.694511, 7.581307, 8.336732, 9.025879, 9.361196, 9.349531, 8.918757, 8.248513, 7.298546, 6.033635, 4.890519, 3.834497, 3.442566, 3.499795, 4.390494, 5.533609, 7.221671, 8.6774, 10.074231, 10.984181, 11.708486, 11.856492, 11.586117, 9.112253, 8.13517, 6.966976, 5.862279, 5.018494, 6.283405, 6.439835, 6.986001, 7.864605, 8.934483, 10.143435, 11.060806, 11.779551, 12.110516, 12.110516, 11.606424, 11.046373, 10.225352, 9.340434, 8.504366, 7.948808, 7.502191, 7.680186, 8.556545, 9.662538, 11.026813, 12.456623, 10.569827, 8.237446, 5.731453, 2.952965, 0.0, 0.0, 0.0]"
654,"[0.0, 0.0, 0.0, 0.0, 1.16619, 2.507831, 3.950052, 5.562503, 7.282968, 7.960687, 8.316102, 8.435932, 8.38553, 8.107286, 7.429567, 6.732511, 5.891571, 4.776735, 3.934514, 3.662751, 3.828941, 4.550052, 5.823303, 7.110099, 8.274798, 9.344676, 10.319064, 10.939539, 11.206809, 11.235744, 8.999676, 8.106222, 6.931472, 5.908777, 4.986906, 6.203459, 6.280304, 6.914114, 7.782743, 8.85262, 10.069173, 10.902278, 11.576141, 11.856492, 11.77449, 11.311157, 10.586852, 9.762231, 8.896094, 8.142028, 7.58647, 7.58647, 7.726082, 8.547937, 9.653929, 10.922997, 12.077761, 10.288907, 8.052839, 5.546846, 2.863564, 0.0, 0.0, 0.0]"
655,"[0.0, 0.0, 0.0, 0.0, 1.280625, 2.694838, 4.391895, 6.088951, 7.809416, 8.415587, 8.790228, 8.882026, 8.708125, 8.443682, 7.633918, 6.739491, 5.671747, 4.869703, 4.213681, 4.336648, 4.898242, 6.021041, 7.339539, 8.947858, 10.355539, 11.507198, 12.463289, 13.031362, 13.230724, 13.031362, 10.423681, 9.423681, 8.428451, 7.343925, 6.497656, 8.194712, 8.238621, 8.7895, 9.707657, 10.706857, 11.852335, 12.981639, 13.646736, 13.896149, 13.896149, 13.494927, 12.802064, 12.099666, 11.105997, 10.265212, 9.612756, 9.229771, 9.14335, 9.879399, 10.789523, 12.027218, 13.779509, 11.739901, 9.306796, 6.676207, 3.649658, 0.0, 0.0, 0.0]"
656,"[0.0, 0.0, 0.0, 0.0, 1.16619, 2.608411, 4.328876, 6.328876, 8.308775, 9.122484, 9.680263, 9.959798, 9.846594, 9.479147, 8.840889, 8.007079, 7.007079, 5.841393, 5.028941, 4.707105, 4.805825, 5.455067, 6.822019, 8.302369, 9.950898, 11.316577, 12.297924, 12.817543, 13.144873, 12.884859, 10.25427, 9.434758, 8.476319, 7.210279, 6.082585, 7.644635, 7.554023, 7.963907, 8.858334, 9.91009, 10.955721, 11.95555, 12.738958, 13.193615, 13.406818, 13.061879, 12.467614, 11.604979, 10.476304, 9.37294, 8.633353, 8.156566, 8.186642, 8.833665, 9.999125, 11.283104, 12.640521, 10.630546, 8.421474, 5.813793, 3.006659, 0.0, 0.0, 0.0]"
657,"[0.0, 0.0, 0.0, 0.0, 1.0, 2.280625, 3.722845, 5.335297, 7.124151, 7.832952, 8.201569, 8.408591, 8.210353, 7.621499, 6.912698, 6.063456, 5.046669, 4.198141, 3.598141, 3.422762, 3.699795, 4.523361, 5.801585, 7.241193, 8.824891, 10.156177, 11.100155, 11.664565, 11.834029, 11.435685, 9.027366, 8.227366, 7.275069, 6.232187, 5.502837, 6.945058, 7.133912, 7.647662, 8.717539, 9.853524, 10.917296, 11.736123, 12.486645, 12.658896, 12.650606, 12.270642, 11.50687, 10.507041, 9.711174, 8.826009, 8.312432, 8.268523, 8.548058, 9.343925, 10.428451, 11.644427, 12.870976, 10.870976, 8.462657, 5.854976, 3.026549, 0.0, 0.0, 0.0]"
658,"[0.0, 0.0, 0.0, 0.0, 1.216553, 2.672574, 4.321817, 6.219183, 8.188955, 8.942174, 9.545278, 9.782832, 9.60593, 9.198209, 8.642651, 7.583525, 6.591156, 5.470691, 4.733262, 4.167576, 4.448201, 5.115824, 6.359733, 7.661141, 9.220932, 10.501557, 11.500756, 12.377142, 12.692424, 12.447435, 9.886186, 8.886986, 7.580905, 6.305785, 5.359006, 6.759006, 6.846199, 7.275894, 8.149311, 9.406622, 10.637212, 11.618559, 12.37465, 12.735042, 12.669497, 12.048883, 11.428269, 10.628269, 9.628269, 8.484861, 7.917107, 7.469182, 7.51309, 8.23912, 9.382527, 10.631032, 12.042196, 10.198287, 8.072257, 5.663939, 2.973214, 0.0, 0.0, 0.0]"
659,"[0.0, 0.0, 0.0, 0.0, 1.280625, 2.694838, 4.391895, 6.088951, 7.93286, 8.539031, 8.913672, 8.925417, 8.751515, 8.363628, 7.553865, 6.659438, 5.671747, 4.869703, 4.238302, 4.361269, 4.881055, 6.16992, 7.657882, 9.24158, 10.64158, 12.0345, 13.031184, 13.650539, 13.872809, 13.705914, 10.898781, 9.902097, 8.686121, 7.511554, 6.6909, 8.25295, 8.222874, 8.590321, 9.397041, 10.613017, 12.024181, 13.168381, 14.072923, 14.588671, 14.443525, 13.976304, 13.088272, 12.090627, 11.032604, 10.046378, 9.260851, 9.260851, 9.610122, 10.489657, 11.578279, 13.088912, 14.270446, 12.034378, 9.434378, 6.6487, 3.417601, 0.0, 0.0, 0.0]"
660,"[0.0, 0.0, 0.0, 0.0, 1.077033, 2.341944, 3.797966, 5.447208, 7.156009, 7.86783, 8.323384, 8.587827, 8.500635, 8.206048, 7.548564, 6.828099, 5.828745, 4.89915, 4.117392, 3.707132, 3.838502, 4.531606, 5.596206, 6.94365, 8.663851, 9.973791, 11.06557, 11.874507, 12.400601, 12.195358, 9.754046, 8.968519, 7.743151, 6.403348, 5.432191, 6.846405, 6.72594, 7.45529, 8.498172, 9.64158, 10.835047, 12.063474, 12.684088, 13.105606, 13.17115, 12.84382, 12.103454, 11.122107, 10.103969, 9.030106, 8.362207, 7.982946, 8.48777, 9.291927, 10.575209, 11.826322, 13.16383, 11.009764, 8.593155, 5.909873, 3.046309, 0.0, 0.0, 0.0]"
661,"[0.0, 0.0, 0.0, 0.0, 0.848528, 1.979899, 3.394113, 4.956162, 6.676628, 7.440551, 7.832335, 8.067363, 7.961335, 7.457423, 6.864775, 6.166242, 5.149455, 4.259118, 3.642566, 3.422762, 3.617945, 4.399703, 5.843993, 7.453065, 9.061384, 10.64158, 11.835047, 12.432753, 12.632, 12.432753, 9.832753, 8.825072, 7.631605, 6.564927, 5.636479, 7.198529, 7.318994, 7.904781, 9.004451, 10.165137, 11.323381, 12.57613, 13.404557, 13.68354, 13.68354, 13.295627, 12.322413, 11.337895, 10.314657, 9.435396, 8.715467, 8.803528, 9.23997, 10.173503, 11.43988, 12.88684, 14.054543, 11.774192, 9.143603, 6.315176, 3.255764, 0.0, 0.0, 0.0]"
662,"[0.0, 0.0, 0.0, 0.0, 1.280625, 2.842675, 4.404725, 6.12519, 8.011986, 8.790487, 9.198209, 9.533525, 9.656969, 9.226195, 8.581283, 7.631315, 6.558569, 5.280346, 4.45678, 3.867187, 3.924416, 4.62295, 5.766065, 7.221671, 8.6774, 10.074231, 11.181666, 11.90597, 12.226227, 11.955852, 9.481988, 8.463851, 7.295657, 6.018709, 5.174924, 6.439835, 6.439835, 6.986001, 7.894238, 9.161152, 10.370105, 11.287475, 12.076398, 12.4534, 12.256363, 11.841625, 11.100658, 10.209458, 9.248871, 8.412803, 7.767891, 7.687837, 7.948808, 8.728854, 9.936535, 11.475286, 12.89698, 10.927209, 8.691141, 6.08346, 3.130495, 0.0, 0.0, 0.0]"
663,"[0.0, 0.0, 0.0, 0.0, 0.894427, 2.060618, 3.622668, 5.466576, 7.163633, 8.113114, 8.667389, 8.825804, 8.594347, 8.238931, 7.472055, 6.646018, 5.646663, 4.481425, 3.77224, 3.416317, 3.802514, 4.643454, 6.083037, 7.613912, 9.309411, 10.628786, 11.666736, 12.309762, 12.676253, 12.347706, 9.747706, 8.67086, 7.583259, 6.334061, 5.510911, 7.160153, 7.448076, 8.205855, 9.333549, 10.676319, 11.657666, 12.675016, 13.143349, 13.455324, 13.377465, 13.087816, 12.34745, 11.576484, 10.468642, 9.538819, 8.847122, 8.656427, 8.995128, 9.88867, 11.067158, 12.470784, 13.79832, 11.562252, 9.056259, 6.277771, 3.224903, 0.0, 0.0, 0.0]"
664,"[0.0, 0.0, 0.0, 0.0, 1.341641, 2.864795, 4.65365, 6.540446, 8.703777, 9.362136, 9.81888, 10.009925, 9.820185, 9.218904, 8.661125, 7.812597, 6.681226, 5.808791, 5.046741, 4.681553, 4.891823, 5.832149, 7.066654, 8.683263, 10.02284, 11.281199, 12.212639, 12.873807, 12.931061, 12.794802, 10.194802, 9.183309, 8.075467, 6.882228, 5.882502, 7.405657, 7.405657, 7.832813, 8.832539, 10.025777, 11.032445, 11.923644, 12.567318, 12.79296, 12.651477, 12.284986, 11.571782, 10.677355, 9.694517, 8.818158, 8.054827, 7.780483, 7.835537, 8.592733, 9.805044, 11.317088, 12.809471, 10.965563, 8.685212, 6.016879, 3.104835, 0.0, 0.0, 0.0]"
665,"[0.0, 0.0, 0.0, 0.0, 0.894427, 2.060618, 3.502838, 5.064888, 6.908797, 7.711426, 8.107286, 8.277517, 8.157687, 7.655419, 7.124553, 6.45693, 5.410164, 4.600399, 3.891214, 3.619451, 3.891214, 4.93798, 6.094379, 7.615989, 9.062502, 10.616606, 11.672487, 12.551966, 12.633968, 12.332636, 9.612341, 8.652809, 7.326117, 6.370674, 5.773287, 7.296442, 7.485007, 8.231428, 9.291743, 10.569817, 11.83234, 12.798537, 13.57404, 13.840781, 13.561798, 12.939451, 11.962683, 10.985915, 9.901389, 8.9161, 8.365221, 8.278424, 8.6007, 9.708135, 11.278662, 12.891114, 14.514562, 12.30549, 9.674901, 6.648352, 3.423449, 0.0, 0.0, 0.0]"
666,"[0.0, 0.0, 0.0, 0.0, 1.2, 2.6, 4.2, 6.011077, 7.854986, 8.498895, 8.996261, 9.185116, 8.98649, 8.484222, 7.981954, 7.16162, 6.197387, 5.217391, 4.770178, 4.559908, 4.897088, 5.916376, 7.40995, 8.795873, 10.210087, 11.341458, 12.188274, 12.623494, 12.904393, 12.639159, 10.093575, 9.246759, 8.247559, 7.209464, 6.385135, 7.985135, 7.952304, 8.400229, 9.113142, 10.264801, 11.272482, 12.261405, 13.05143, 13.423043, 13.445951, 13.074338, 12.313946, 11.325023, 10.317342, 9.299204, 8.712379, 8.461625, 8.650548, 9.330899, 10.279697, 11.630455, 13.003878, 11.003878, 8.723527, 6.162278, 3.162278, 0.0, 0.0, 0.0]"
667,"[0.0, 0.0, 0.0, 0.0, 1.2, 2.8, 4.611077, 6.422154, 8.461762, 9.349823, 9.719595, 9.697372, 9.498747, 8.982293, 8.235873, 7.343134, 6.378901, 5.398905, 4.596861, 4.25522, 4.620407, 5.516251, 7.047127, 8.767327, 10.328577, 11.577081, 12.547341, 13.212438, 13.316711, 13.16378, 10.473055, 9.626239, 8.240033, 7.15047, 6.156365, 7.768816, 7.822274, 8.53412, 9.419038, 10.478687, 11.534569, 12.305535, 12.979896, 13.246637, 13.380455, 12.912122, 12.243789, 11.226439, 10.23121, 9.146683, 8.559135, 8.403044, 8.717996, 9.385895, 10.583035, 11.813117, 12.969208, 10.843179, 8.562828, 5.842534, 3.0, 0.0, 0.0, 0.0]"
668,"[0.0, 0.0, 0.0, 0.0, 0.8, 2.0, 3.2, 4.6, 6.2, 7.0, 7.214214, 7.470236, 7.335147, 6.81218, 6.106607, 5.324849, 4.268827, 3.203916, 2.574096, 2.312125, 2.699473, 3.755495, 5.264296, 6.786854, 8.390466, 9.703043, 10.688332, 11.259882, 11.41614, 11.180072, 8.847691, 7.748021, 6.544703, 5.618674, 4.818674, 6.232887, 6.414401, 7.046169, 8.000235, 9.141175, 10.256783, 11.453923, 12.218986, 12.498025, 12.565404, 12.045557, 11.335238, 10.473826, 9.496743, 8.430065, 7.982139, 7.534214, 7.765672, 8.47298, 9.572651, 10.78909, 12.279907, 10.435998, 8.272667, 5.831356, 3.052868, 0.0, 0.0, 0.0]"
669,"[0.0, 0.0, 0.0, 0.0, 1.0, 2.2, 3.6, 5.212452, 6.824903, 7.474145, 7.923388, 8.232188, 8.142891, 7.872081, 7.389029, 6.634214, 5.557869, 4.667169, 4.174057, 4.007866, 4.45508, 5.435076, 6.80262, 8.117423, 9.525742, 10.729686, 11.662819, 12.224068, 12.469056, 12.186767, 9.641182, 8.939507, 7.820477, 6.868181, 6.156365, 7.756365, 7.723533, 8.32092, 9.100966, 10.51518, 11.921839, 13.117421, 14.077814, 14.648879, 14.451042, 13.653455, 12.65677, 11.467847, 10.460714, 9.442576, 8.942304, 8.991455, 9.343709, 9.98502, 11.092863, 12.712725, 14.152171, 11.98884, 9.547529, 6.827235, 3.498571, 0.0, 0.0, 0.0]"
670,"[0.0, 0.0, 0.0, 0.0, 1.019804, 2.284715, 3.80787, 5.420321, 7.032773, 7.733434, 8.188988, 8.362889, 8.164651, 7.832825, 7.11236, 6.240423, 5.264477, 4.450263, 3.802094, 3.696521, 4.128618, 4.969558, 6.369558, 7.900433, 9.338386, 10.563754, 11.418314, 12.138608, 12.391886, 12.213571, 9.707578, 8.903421, 7.625347, 6.650958, 5.838533, 7.487776, 7.719233, 8.31662, 9.504989, 10.793938, 12.008259, 13.076395, 14.01, 14.165089, 14.040492, 13.412996, 12.655018, 11.651576, 10.515141, 9.621599, 8.985531, 8.642542, 8.908839, 9.927929, 11.37489, 12.879724, 14.561497, 12.325429, 9.657096, 6.597685, 3.49285, 0.0, 0.0, 0.0]"
671,"[0.0, 0.0, 0.0, 0.0, 1.019804, 2.284715, 3.933957, 5.583199, 7.480566, 8.249617, 8.77356, 8.844783, 8.75759, 8.422274, 7.76479, 6.975936, 5.976581, 4.814531, 3.699695, 3.416852, 3.416852, 4.137962, 5.458427, 7.011214, 8.443036, 9.851355, 10.817454, 11.505308, 11.768049, 11.613728, 9.205409, 8.211303, 6.969175, 5.783466, 4.857437, 6.313459, 6.4224, 7.225981, 8.303014, 9.443954, 10.517754, 11.662932, 12.32375, 12.800273, 12.668406, 12.338584, 11.481328, 10.499981, 9.325413, 8.457982, 7.820032, 7.706011, 8.056769, 8.881098, 10.147138, 11.469529, 12.772473, 10.772473, 8.492122, 5.884441, 3.0, 0.0, 0.0, 0.0]"
672,"[0.0, 0.0, 0.0, 0.0, 1.216553, 2.672574, 4.321817, 6.030617, 7.739418, 8.31172, 8.742494, 8.813717, 8.666966, 8.23879, 7.581307, 6.694511, 5.695156, 4.733106, 4.173591, 4.042221, 4.322845, 5.298791, 6.67869, 8.237931, 9.679242, 11.006298, 11.916923, 12.443017, 12.668659, 12.463416, 9.855735, 9.13485, 8.190907, 6.965539, 6.071112, 7.683563, 7.596767, 8.034717, 8.954092, 10.02077, 11.016, 12.044427, 12.71276, 13.181093, 13.246637, 12.727017, 11.986652, 11.162228, 10.143137, 9.269274, 8.793664, 8.414403, 8.629621, 9.216446, 10.224127, 11.56464, 12.808804, 10.749678, 8.51361, 5.905929, 2.952965, 0.0, 0.0, 0.0]"
673,"[0.0, 0.0, 0.0, 0.0, 1.216553, 2.865795, 4.515037, 6.412404, 8.382175, 9.135394, 9.545278, 9.782832, 9.60593, 9.198209, 8.509062, 7.449936, 6.457567, 5.337102, 4.407508, 4.126883, 4.258254, 4.925876, 6.169785, 7.800071, 9.20839, 10.638269, 11.637469, 12.401241, 12.57981, 12.334822, 9.773573, 8.932788, 7.739321, 6.4642, 5.517422, 6.917422, 6.809408, 7.239103, 8.112521, 9.132036, 10.165141, 11.160371, 11.916462, 12.276854, 12.249858, 11.826728, 11.229022, 10.241474, 9.255688, 8.502637, 7.834303, 7.386378, 7.617835, 8.466363, 9.41866, 10.767744, 12.178908, 10.334999, 8.072257, 5.663939, 2.973214, 0.0, 0.0, 0.0]"
674,"[0.0, 0.0, 0.0, 0.0, 1.131371, 2.545584, 4.107634, 5.951543, 7.672008, 8.427434, 8.900016, 9.126821, 8.991713, 8.72727, 8.105384, 7.238392, 6.343965, 5.20085, 4.377283, 3.912372, 4.157479, 4.912294, 6.190518, 7.646124, 9.082191, 10.250385, 11.208824, 11.764915, 12.076854, 12.040786, 9.607681, 8.612452, 7.477363, 6.243553, 5.324178, 6.665819, 6.576522, 7.208977, 8.196853, 9.332837, 10.497189, 11.581715, 12.12566, 12.532844, 12.396585, 12.016622, 11.408941, 10.688095, 9.739297, 8.914968, 8.40139, 8.00139, 8.092002, 8.688623, 9.665706, 10.881681, 12.308231, 10.497154, 8.288081, 5.854976, 3.026549, 0.0, 0.0, 0.0]"
675,"[0.0, 0.0, 0.0, 0.0, 1.341641, 2.783861, 4.396313, 6.116778, 8.116778, 8.619046, 9.156724, 9.388182, 9.388182, 8.830402, 8.267118, 7.287219, 6.164421, 5.076411, 4.458812, 4.25522, 4.596861, 5.664605, 7.091275, 8.683263, 10.20623, 11.584884, 12.708073, 13.369241, 13.620965, 13.301316, 10.581022, 9.566344, 8.458502, 7.204383, 6.486082, 8.009236, 8.009236, 8.484846, 9.350983, 10.574611, 11.837134, 12.803332, 13.578835, 14.076973, 13.898976, 13.554609, 12.854376, 12.049938, 11.060303, 10.161423, 9.531189, 9.367858, 9.318707, 9.962958, 10.92249, 12.170825, 13.426589, 11.416614, 8.983509, 6.315176, 3.255764, 0.0, 0.0, 0.0]"
676,"[0.0, 0.0, 0.0, 0.0, 0.894427, 2.159338, 3.601559, 5.21401, 6.934475, 7.760513, 8.192658, 8.312488, 8.142257, 7.702417, 7.148142, 6.172196, 5.175831, 4.180825, 3.532655, 3.366465, 3.776725, 4.77309, 6.325876, 7.856752, 9.189132, 10.563754, 11.507697, 12.107697, 12.360976, 12.182661, 9.676668, 8.783127, 7.59734, 6.461356, 5.572201, 7.184653, 7.372201, 8.157987, 9.277363, 10.42077, 11.416, 12.246589, 12.714922, 12.983255, 13.104758, 12.777428, 12.2349, 11.410476, 10.354595, 9.424773, 8.793664, 8.602969, 8.818186, 9.622344, 10.800833, 12.104555, 13.432092, 11.372966, 8.956357, 6.177868, 3.224903, 0.0, 0.0, 0.0]"
677,"[0.0, 0.0, 0.0, 0.0, 1.019804, 2.236356, 3.692378, 5.401179, 7.10998, 7.798977, 8.194876, 8.351305, 8.084725, 7.656549, 7.079119, 6.315196, 5.149958, 4.107737, 3.548223, 3.416852, 3.848949, 4.963785, 6.407694, 7.812613, 9.220932, 10.348626, 11.347826, 11.945228, 12.26051, 12.132542, 9.724223, 8.860029, 7.860939, 6.761268, 5.895131, 7.507583, 7.621603, 8.218991, 9.310455, 10.526831, 11.52206, 12.518117, 13.285643, 13.460219, 13.43731, 13.038702, 12.44064, 11.633506, 10.638277, 9.679838, 9.25962, 8.937344, 8.937344, 9.733212, 10.804264, 12.139509, 13.376813, 11.376813, 8.968494, 6.2482, 3.1241, 0.0, 0.0, 0.0]"
678,"[0.0, 0.0, 0.0, 0.0, 1.2, 2.6, 4.2, 6.011077, 8.021052, 8.664961, 9.162328, 9.459694, 9.357418, 8.870597, 8.368329, 7.547996, 6.47525, 5.398905, 4.724279, 4.382638, 4.747825, 5.643669, 7.07034, 8.554192, 9.995503, 11.273577, 12.243837, 13.013138, 13.226342, 13.047772, 10.327478, 9.480662, 8.264687, 6.984013, 6.121272, 7.733723, 7.787181, 8.328795, 9.404824, 10.534646, 11.590527, 12.361494, 12.838017, 13.104758, 13.182617, 12.714284, 12.045951, 11.425337, 10.430108, 9.278449, 8.6909, 8.534809, 8.650863, 9.318762, 10.42399, 11.654073, 12.810164, 10.684135, 8.403784, 5.842534, 3.0, 0.0, 0.0, 0.0]"
679,"[0.0, 0.0, 0.0, 0.0, 1.216553, 2.630766, 4.230766, 6.030766, 8.040741, 8.834164, 9.459558, 9.756925, 9.665725, 9.178905, 8.692084, 7.72951, 6.656764, 5.547963, 4.745919, 4.222764, 4.487372, 5.275203, 6.464057, 7.906277, 9.347589, 10.447259, 11.396057, 12.297928, 12.542916, 12.364346, 9.923035, 9.08225, 7.833746, 6.690338, 5.627597, 7.04181, 7.030146, 7.485292, 8.374447, 9.515387, 10.630995, 11.590527, 12.32375, 12.578003, 12.645382, 12.324632, 11.666274, 10.635685, 9.64158, 8.756416, 7.989564, 7.676645, 7.920554, 8.632369, 9.517534, 10.917847, 12.194005, 10.350096, 8.224067, 5.815748, 2.973214, 0.0, 0.0, 0.0]"
680,"[0.0, 0.0, 0.0, 0.0, 1.16619, 2.778642, 4.391093, 6.179948, 8.077314, 8.808491, 9.039948, 9.238573, 9.062171, 8.764804, 8.267437, 7.623529, 6.637073, 5.657077, 4.778187, 4.202808, 4.202808, 4.978187, 6.145731, 7.434596, 8.846043, 10.079148, 11.147481, 11.821344, 12.341191, 12.385474, 9.952369, 8.933279, 7.859415, 6.546146, 5.607436, 6.88806, 6.935874, 7.379783, 8.28926, 9.210361, 10.47532, 11.339514, 12.056855, 12.538506, 12.608146, 12.121687, 11.619563, 10.670765, 9.625134, 8.706967, 8.260293, 7.909967, 8.141425, 8.859726, 9.919375, 11.170488, 12.566522, 10.722613, 8.442263, 5.968399, 3.104835, 0.0, 0.0, 0.0]"
681,"[0.0, 0.0, 0.0, 0.0, 1.264911, 2.720933, 4.429734, 6.3271, 8.296872, 9.001732, 9.604836, 9.782832, 9.729374, 9.321653, 8.766095, 7.838339, 6.84597, 5.826683, 5.089254, 4.569467, 4.718721, 5.544759, 6.720138, 8.058848, 9.670413, 11.07307, 12.035887, 12.719168, 13.155838, 12.990785, 10.307503, 9.413076, 8.172015, 6.986228, 5.986929, 7.442951, 7.498006, 8.095393, 8.917247, 10.008712, 11.221022, 11.850977, 12.341191, 12.705123, 12.688628, 12.256363, 11.752271, 11.011303, 9.934458, 8.932062, 8.095994, 7.738674, 7.989428, 8.746624, 9.862232, 11.24791, 12.608672, 10.569064, 8.288714, 5.758891, 2.973214, 0.0, 0.0, 0.0]"
682,"[0.0, 0.0, 0.0, 0.0, 1.0, 2.216553, 3.630766, 5.243218, 6.89246, 7.789826, 8.282075, 8.480313, 8.480313, 8.273291, 7.542115, 6.833314, 5.853318, 4.840866, 3.964331, 3.646669, 3.812859, 4.622624, 5.909421, 7.402861, 8.834684, 9.948844, 11.052208, 11.573731, 11.777347, 11.623025, 9.342674, 8.35914, 7.231446, 6.233615, 5.307586, 6.721799, 6.86855, 7.485292, 8.308442, 9.34451, 10.363402, 11.28519, 11.995505, 12.315762, 12.479694, 12.046589, 11.216, 10.208319, 9.214214, 8.270236, 7.79339, 7.713855, 8.093754, 8.942282, 10.031845, 11.337117, 12.589866, 10.609967, 8.347225, 5.801641, 2.973214, 0.0, 0.0, 0.0]"
683,"[0.0, 0.0, 0.0, 0.0, 1.0, 2.414214, 4.026665, 5.675907, 7.384708, 8.093509, 8.46815, 8.46815, 8.261128, 7.994548, 7.285747, 6.39132, 5.411324, 4.569103, 3.847993, 3.847993, 4.295207, 5.383216, 6.783216, 8.342457, 9.888041, 11.091985, 12.062244, 12.623494, 12.904393, 12.639159, 10.093575, 9.099907, 8.100707, 6.804368, 5.938231, 7.538231, 7.652252, 8.32627, 9.494464, 10.710839, 11.939266, 12.935323, 13.499255, 13.673831, 13.650923, 13.230815, 12.632753, 11.842728, 11.046124, 10.087686, 9.388167, 9.065891, 9.219247, 9.96942, 11.162712, 12.578011, 13.971458, 11.808128, 9.246878, 6.404344, 3.280244, 0.0, 0.0, 0.0]"
684,"[0.0, 0.0, 0.0, 0.0, 1.2, 2.614214, 4.425291, 6.269199, 8.113108, 8.810475, 9.366033, 9.34381, 9.112353, 8.710665, 8.093923, 7.124151, 6.159918, 5.179922, 4.458812, 4.178187, 4.458812, 5.354656, 6.885531, 8.605732, 10.166981, 11.728891, 12.836853, 13.501949, 13.606222, 13.307714, 10.46518, 9.480662, 8.094456, 7.004893, 6.142151, 7.598173, 7.463065, 8.174911, 9.135498, 10.26532, 11.529592, 12.541085, 13.055352, 13.269332, 13.3701, 13.058124, 12.347805, 11.523382, 10.542034, 9.4346, 8.588331, 8.275412, 8.318299, 9.001438, 9.984276, 11.200715, 12.556526, 10.66973, 8.337349, 5.831356, 3.052868, 0.0, 0.0, 0.0]"
685,"[0.0, 0.0, 0.0, 0.0, 1.0, 2.414214, 3.976263, 5.696729, 7.417194, 8.30399, 8.678631, 8.825381, 8.560938, 8.254687, 7.387695, 6.423461, 5.347116, 4.338308, 3.524094, 3.398717, 3.740287, 4.630986, 6.081139, 7.5692, 9.148636, 10.415551, 11.325501, 11.86124, 12.206283, 11.742395, 9.30929, 8.525427, 7.433963, 6.281483, 5.437698, 6.960853, 7.208977, 7.955398, 8.955124, 10.318755, 11.581279, 12.46959, 13.06481, 13.562948, 13.640807, 13.01846, 12.232782, 11.436297, 10.366609, 9.21495, 8.651619, 8.495528, 8.648339, 9.469361, 10.733633, 12.045677, 13.554379, 11.514771, 8.984949, 6.264655, 3.352611, 0.0, 0.0, 0.0]"
686,"[0.0, 0.0, 0.0, 0.0, 1.077033, 2.418674, 3.941828, 5.591071, 7.43498, 8.169024, 8.627383, 8.704228, 8.667437, 8.237742, 7.643218, 6.843218, 5.843218, 4.796451, 4.103348, 3.9066, 4.320813, 5.370055, 6.843978, 8.403218, 9.913237, 11.099023, 12.235458, 12.879132, 13.104774, 12.81102, 10.21102, 9.134143, 8.100104, 6.994111, 6.214065, 7.73722, 7.915215, 8.429304, 9.361684, 10.513343, 11.768678, 12.745445, 13.367792, 13.755706, 13.621888, 13.317263, 12.54176, 11.653449, 10.722009, 9.968611, 9.338656, 9.250595, 9.516559, 10.335386, 11.393409, 12.602368, 13.931031, 11.767701, 9.16002, 6.381531, 3.328663, 0.0, 0.0, 0.0]"
687,"[0.0, 0.0, 0.0, 0.0, 1.0, 2.414214, 3.870236, 5.579036, 7.287837, 8.076691, 8.274929, 8.539372, 8.392622, 7.964446, 7.306962, 6.543039, 5.455029, 4.492979, 3.933465, 3.650622, 4.082719, 5.14732, 6.527219, 7.932137, 9.644859, 10.971915, 11.88254, 12.408634, 12.788597, 12.463416, 9.855735, 8.968519, 8.024576, 6.960803, 6.180757, 7.793209, 7.872744, 8.510694, 9.676154, 11.027266, 12.441364, 13.667913, 14.527325, 14.831688, 14.744848, 14.059239, 13.186756, 12.024711, 10.725118, 9.604824, 8.876336, 8.619636, 9.06321, 10.236436, 11.60965, 13.228297, 14.748532, 12.407592, 9.621914, 6.6487, 3.417601, 0.0, 0.0, 0.0]"
688,"[0.0, 0.0, 0.0, 0.0, 1.2, 2.8, 4.611077, 6.422154, 8.266063, 8.96343, 9.260796, 9.238573, 9.216351, 8.714083, 8.158357, 7.338023, 6.37379, 5.409557, 4.789026, 4.578756, 4.915937, 5.935225, 7.236633, 8.923841, 10.338055, 11.614566, 12.613191, 13.207456, 13.360387, 13.256114, 10.565389, 9.702754, 8.54451, 7.324901, 6.532832, 8.132832, 7.96401, 8.411935, 9.478613, 10.437052, 11.637052, 12.633109, 13.430267, 13.850376, 13.873284, 13.506389, 12.935323, 12.138165, 11.120814, 10.102677, 9.318814, 8.8716, 9.024956, 9.54626, 10.541489, 11.776688, 13.212737, 11.049406, 8.717025, 6.109344, 3.224903, 0.0, 0.0, 0.0]"
689,"[0.0, 0.0, 0.0, 0.0, 0.894427, 1.97146, 3.313101, 4.836256, 6.448707, 7.274745, 7.759762, 7.832335, 7.589805, 7.143544, 6.589269, 5.748329, 4.899801, 3.819176, 3.052986, 2.334009, 2.461427, 3.176367, 4.673423, 6.117332, 7.796147, 9.11095, 10.162706, 10.701718, 10.916935, 10.57976, 8.416429, 7.364673, 6.128605, 4.8941, 4.105246, 5.305246, 5.438835, 6.282744, 7.49773, 8.706802, 9.915121, 10.900908, 11.456999, 11.817391, 11.808319, 11.4, 10.6, 9.6, 8.4, 7.416553, 6.758193, 6.600414, 7.044323, 7.970352, 9.162118, 10.511202, 12.042196, 10.198287, 8.072257, 5.663939, 2.973214, 0.0, 0.0, 0.0]"
690,"[0.0, 0.0, 0.0, 0.0, 1.0, 2.4, 3.8, 5.4, 7.2, 8.0, 8.411077, 8.660319, 8.516341, 7.981252, 7.258285, 6.271829, 5.222587, 4.166565, 3.348868, 2.90429, 3.156702, 3.821613, 4.944768, 6.286409, 7.817284, 8.903582, 10.079982, 10.837178, 11.174353, 10.854931, 8.6916, 7.692509, 6.489192, 5.382966, 4.539057, 5.75561, 5.5783, 6.024422, 6.97439, 7.944161, 8.881675, 9.897115, 10.610028, 10.849329, 10.879557, 10.536568, 9.856217, 9.020149, 8.02763, 7.104662, 6.424956, 6.105581, 6.147802, 6.818045, 7.800138, 9.17476, 10.672624, 9.230404, 7.343608, 5.284482, 2.778489, 0.0, 0.0, 0.0]"
691,"[0.0, 0.0, 0.0, 0.0, 1.216553, 2.433105, 3.847319, 5.496561, 7.145803, 7.638051, 8.210353, 8.408591, 8.201569, 7.832952, 7.404776, 6.615922, 5.72458, 4.914815, 4.266646, 3.986021, 4.117392, 4.810495, 6.021949, 7.369392, 8.632134, 9.942074, 11.135542, 11.899314, 12.425408, 12.398734, 9.957423, 9.070207, 7.876739, 6.536937, 5.56578, 6.979994, 6.859529, 7.45529, 8.697419, 10.032508, 11.425428, 12.632562, 13.253176, 13.475446, 13.349309, 12.822527, 12.103454, 11.122107, 10.103969, 9.230106, 8.562207, 8.562207, 9.06703, 9.871188, 10.95447, 12.388327, 13.610855, 11.456789, 9.04018, 6.356898, 3.310589, 0.0, 0.0, 0.0]"
692,"[0.0, 0.0, 0.0, 0.0, 1.280625, 2.722845, 4.44331, 6.330107, 8.216903, 9.090344, 9.736185, 10.103781, 9.866227, 9.628673, 8.739518, 7.671261, 6.477627, 5.676913, 4.922097, 4.67699, 5.0714, 5.789424, 7.140896, 8.654788, 10.442118, 11.856331, 13.107444, 13.771008, 14.031022, 13.697752, 10.869325, 10.045368, 8.794256, 7.540136, 6.522295, 8.134746, 7.939048, 8.452625, 9.164441, 10.14973, 11.257572, 12.192152, 12.844612, 13.582147, 13.740836, 13.361482, 12.737059, 12.112636, 10.861523, 9.823573, 9.17969, 8.746089, 8.828091, 9.632248, 10.855876, 12.022384, 13.432414, 11.196346, 8.779737, 5.994059, 3.130495, 0.0, 0.0, 0.0]"
693,"[0.0, 0.0, 0.0, 0.0, 1.131371, 2.545584, 4.107634, 5.951543, 7.838339, 8.593765, 8.968406, 9.19521, 9.060102, 8.629328, 8.007443, 7.295621, 6.331388, 5.188273, 4.364706, 3.924416, 4.112294, 4.743695, 5.827252, 7.234404, 8.645851, 9.789259, 10.940918, 11.691676, 12.052068, 12.016, 9.607681, 8.6, 7.416553, 6.182743, 5.114114, 6.556334, 6.479489, 7.232708, 8.036289, 9.140986, 10.204759, 11.289285, 11.760824, 12.199372, 12.226046, 11.699952, 11.07217, 10.192909, 9.22681, 8.305709, 7.781832, 7.414385, 7.652335, 8.419187, 9.485865, 10.836976, 12.231184, 10.431184, 8.222112, 5.813793, 3.006659, 0.0, 0.0, 0.0]"
694,"[0.0, 0.0, 0.0, 0.0, 1.264911, 2.720933, 4.370175, 6.409783, 8.618855, 9.563016, 10.306994, 10.866824, 10.837192, 10.277362, 9.524312, 8.540864, 7.156413, 5.778893, 4.695337, 4.133742, 4.133742, 4.958363, 6.365515, 8.080181, 9.715576, 11.284701, 12.421136, 13.06481, 13.467741, 13.443911, 10.658234, 9.485008, 8.066637, 6.583355, 5.342274, 6.683914, 6.633513, 7.212511, 8.012511, 9.355281, 10.792129, 12.008567, 13.028223, 13.628223, 13.550364, 13.052226, 12.427803, 11.27304, 10.11526, 9.027659, 8.309358, 7.767743, 8.213008, 9.111728, 10.389801, 11.800965, 13.350791, 11.196725, 8.855786, 6.135491, 3.162278, 0.0, 0.0, 0.0]"
695,"[0.0, 0.0, 0.0, 0.0, 1.16619, 2.608411, 4.170461, 5.959315, 7.846111, 8.649693, 9.104839, 9.386698, 9.247086, 8.774503, 8.021284, 7.143721, 6.124433, 4.922405, 4.140647, 3.724094, 3.920843, 4.708673, 6.105368, 7.512521, 8.921593, 10.113359, 11.100908, 11.665318, 12.02571, 12.02571, 9.617391, 8.617391, 7.425625, 6.102658, 5.024956, 6.467177, 6.390331, 6.88258, 7.775318, 8.880015, 9.943788, 11.028314, 11.760824, 12.071404, 12.115687, 11.735723, 10.971951, 10.09269, 9.42479, 8.409351, 7.697535, 7.453626, 7.702653, 8.32627, 9.494464, 10.908677, 12.335226, 10.524149, 8.288081, 5.854976, 3.026549, 0.0, 0.0, 0.0]"
696,"[0.0, 0.0, 0.0, 0.0, 1.264911, 2.788066, 4.496866, 6.394233, 8.433841, 9.208538, 9.695358, 9.786557, 9.501642, 9.074486, 8.449092, 7.439117, 6.463738, 5.572396, 4.854372, 4.517192, 4.973214, 5.797835, 7.116332, 8.502256, 9.955045, 11.219317, 12.355753, 12.999426, 13.319075, 13.205863, 10.485568, 9.408692, 8.181432, 6.981432, 5.829734, 7.442185, 7.45385, 7.997828, 8.878179, 10.054579, 11.049808, 12.107832, 12.791113, 13.110762, 13.269451, 13.00271, 12.193993, 11.480483, 10.492935, 9.454985, 8.676095, 8.318775, 8.24637, 8.974858, 9.94263, 11.100874, 12.461637, 10.56427, 8.22333, 5.693508, 2.973214, 0.0, 0.0, 0.0]"
697,"[0.0, 0.0, 0.0, 0.0, 1.216553, 2.829004, 4.629004, 6.429004, 8.438979, 9.232402, 9.659558, 9.756925, 9.665725, 9.178905, 8.510571, 7.547996, 6.47525, 5.366449, 4.564405, 4.117192, 4.381799, 5.080333, 6.269187, 7.607203, 9.045157, 10.144827, 11.341966, 12.114362, 12.463555, 12.257203, 9.815892, 8.816063, 7.596454, 6.453046, 5.543569, 6.80848, 6.61117, 7.058384, 7.852599, 9.052655, 10.387744, 11.46459, 12.205557, 12.620295, 12.439753, 11.879361, 11.12327, 10.24269, 9.291982, 8.498134, 7.87274, 7.749296, 7.98685, 8.699763, 9.763536, 11.032604, 12.265103, 10.378307, 8.142239, 5.636246, 2.952965, 0.0, 0.0, 0.0]"
698,"[0.0, 0.0, 0.0, 0.0, 1.216553, 2.630766, 4.243218, 6.087127, 7.931035, 8.611849, 9.167407, 9.34381, 9.112353, 8.710665, 7.979488, 7.08675, 6.122517, 5.334686, 4.786893, 4.620702, 4.957883, 5.830318, 7.131726, 8.500041, 9.90836, 11.055396, 12.078634, 12.672899, 12.971407, 12.895468, 10.334219, 9.457833, 8.299589, 7.18056, 6.304201, 7.916653, 7.872744, 8.320669, 9.087521, 10.031499, 11.019047, 12.026181, 12.623887, 13.045404, 13.078509, 12.75886, 12.039787, 11.276015, 10.456503, 9.623398, 8.992289, 8.613029, 8.828246, 9.34955, 10.357231, 11.59243, 12.936496, 10.87737, 8.544989, 5.937309, 3.052868, 0.0, 0.0, 0.0]"
699,"[0.0, 0.0, 0.0, 0.0, 1.077033, 2.600188, 4.308988, 6.206355, 8.050264, 9.012839, 9.499659, 9.590858, 9.293492, 9.062034, 8.43664, 7.426665, 6.426665, 5.459121, 4.567779, 4.047993, 4.264545, 5.113788, 6.325241, 7.692192, 9.138705, 10.451975, 11.402732, 12.064816, 12.393364, 12.288492, 9.75867, 8.867471, 7.8175, 6.600891, 5.629734, 6.971375, 6.875025, 7.3058, 8.26913, 9.3366, 10.60264, 11.496182, 12.209385, 12.575877, 12.584436, 12.064816, 11.45619, 10.564991, 9.558323, 8.659604, 7.985756, 7.808854, 7.98685, 8.522821, 9.586594, 11.035944, 12.268444, 10.381648, 8.322522, 5.816529, 2.952965, 0.0, 0.0, 0.0]"
700,"[0.0, 0.0, 0.0, 0.0, 1.264911, 2.720933, 4.564842, 6.408751, 8.448359, 9.193423, 9.737401, 9.704569, 9.473112, 9.045955, 8.450194, 7.450194, 6.439117, 5.547775, 4.783852, 4.535829, 4.87747, 5.78627, 7.153221, 8.645633, 10.079443, 11.421084, 12.490772, 13.181199, 13.44794, 13.289251, 10.60597, 9.616335, 8.361001, 7.167534, 6.140436, 7.849237, 7.849237, 8.385208, 9.207063, 10.209458, 11.100658, 12.097481, 12.758649, 13.242875, 13.494599, 13.130667, 12.384597, 11.508212, 10.43716, 9.291982, 8.617964, 8.275412, 8.431503, 9.114642, 10.199168, 11.521559, 12.98678, 10.98678, 8.6544, 6.046719, 3.162278, 0.0, 0.0, 0.0]"
701,"[0.0, 0.0, 0.0, 0.0, 1.077033, 2.418674, 4.031125, 5.75159, 7.472055, 8.238931, 8.594347, 8.543945, 8.265701, 7.987456, 7.309738, 6.507109, 5.510744, 4.515737, 3.705972, 3.539782, 3.925979, 4.802514, 6.242097, 7.942022, 9.358632, 10.678007, 11.835786, 12.478812, 12.676253, 12.347706, 9.747706, 8.856506, 7.768905, 6.653296, 5.906876, 7.615676, 7.750784, 8.348172, 9.367063, 10.499286, 11.458818, 12.335203, 13.081273, 13.248168, 13.280297, 12.848033, 12.186864, 11.370958, 10.420201, 9.526659, 8.903043, 8.687826, 8.998405, 9.878985, 10.986828, 12.536654, 13.855022, 11.574672, 9.044849, 6.324555, 3.162278, 0.0, 0.0, 0.0]"
702,"[0.0, 0.0, 0.0, 0.0, 1.216553, 2.672574, 4.321817, 6.165726, 8.063092, 8.816311, 9.247086, 9.318308, 9.194864, 8.859548, 8.170401, 7.283605, 6.457567, 5.337102, 4.496162, 4.215537, 4.629751, 5.579233, 6.959132, 8.500763, 10.062013, 11.368093, 12.408626, 13.207215, 13.552155, 13.323286, 10.602992, 9.605347, 8.523914, 7.257874, 6.381515, 7.993967, 7.907171, 8.419187, 9.485865, 10.629843, 11.817391, 12.824525, 13.44388, 13.66615, 13.696739, 13.17709, 12.409564, 11.425046, 10.406908, 9.388771, 8.757662, 8.506909, 8.722126, 9.442055, 10.549898, 11.785096, 13.15852, 11.099394, 8.767013, 6.046719, 3.162278, 0.0, 0.0, 0.0]"
703,"[0.0, 0.0, 0.0, 0.0, 1.264911, 2.788066, 4.31122, 6.020021, 7.917388, 8.692084, 9.012839, 9.300761, 9.19196, 8.894594, 8.254986, 7.411077, 6.4, 5.432456, 4.553566, 3.978187, 4.178187, 4.978187, 6.145731, 7.434596, 8.819047, 10.052152, 11.120485, 11.794349, 12.064724, 11.943713, 9.510608, 8.491518, 7.217654, 6.202215, 5.280344, 6.560969, 6.473776, 6.994241, 7.72933, 8.971459, 10.252084, 11.235618, 11.923472, 12.331791, 12.203823, 11.805904, 11.104228, 10.257959, 9.263854, 8.425724, 7.785548, 7.590881, 7.839908, 8.625694, 9.583474, 10.860319, 12.217736, 10.406659, 8.206659, 5.806659, 3.006659, 0.0, 0.0, 0.0]"
704,"[0.0, 0.0, 0.0, 0.0, 1.280625, 2.694838, 4.256888, 5.818938, 7.798837, 8.362121, 8.834704, 9.15945, 9.209852, 8.753108, 8.17411, 7.364346, 6.19866, 5.151894, 4.22874, 3.78845, 3.78845, 4.679791, 5.90296, 7.272732, 8.602176, 9.866083, 10.973926, 11.658935, 11.969514, 11.855056, 9.514116, 8.249844, 7.117621, 5.968641, 5.095224, 6.360135, 6.516565, 6.986001, 8.063702, 9.13358, 10.537002, 11.398413, 12.117158, 12.249026, 12.167024, 11.468463, 10.783454, 9.962433, 9.077515, 8.323449, 7.767891, 7.687837, 7.948808, 8.728854, 9.834847, 11.284197, 12.621706, 10.651934, 8.415866, 5.909873, 3.046309, 0.0, 0.0, 0.0]"
705,"[0.0, 0.0, 0.0, 0.0, 1.264911, 2.720933, 4.370175, 6.214084, 8.057993, 8.803057, 9.347035, 9.50887, 9.476038, 9.244581, 8.648819, 7.668623, 6.657546, 5.478925, 4.432158, 3.842566, 4.039315, 4.851766, 6.063219, 7.537142, 8.992872, 10.306141, 11.223512, 11.979603, 12.280935, 12.15465, 9.624828, 8.803807, 7.420359, 6.079419, 5.002386, 6.283011, 6.13626, 6.763617, 7.743516, 9.074802, 10.202496, 11.201695, 11.799098, 12.26051, 12.088259, 11.739066, 10.966671, 10.137811, 9.13872, 8.183277, 7.465792, 7.32618, 7.557637, 8.351485, 9.503965, 10.792913, 12.17022, 10.326311, 8.090243, 5.657138, 3.026549, 0.0, 0.0, 0.0]"
706,"[0.0, 0.0, 0.0, 0.0, 1.019804, 2.284715, 3.740737, 5.389979, 7.287346, 8.056396, 8.58034, 8.844783, 8.75759, 8.274437, 7.766208, 6.977353, 5.977999, 4.863162, 3.896162, 3.464066, 3.464066, 4.185176, 5.458427, 7.011214, 8.443036, 9.851355, 10.954719, 11.642573, 12.050892, 11.89657, 9.488251, 8.356881, 7.114752, 5.971344, 5.045315, 6.501337, 6.795924, 7.599505, 8.48866, 9.569011, 10.586852, 11.546385, 12.207202, 12.660817, 12.589539, 12.12565, 11.268395, 10.448882, 9.297223, 8.611306, 8.043551, 7.92953, 8.118453, 9.103743, 10.300882, 11.858661, 13.161605, 11.161605, 8.720294, 6.0, 3.0, 0.0, 0.0, 0.0]"
707,"[0.0, 0.0, 0.0, 0.0, 1.077033, 2.418674, 3.941828, 5.650629, 7.439484, 8.249247, 8.751515, 8.925417, 8.778666, 8.404025, 7.797854, 6.953945, 5.977999, 4.863162, 4.081404, 3.52189, 3.65326, 4.346364, 5.596206, 7.08978, 8.649021, 9.958961, 10.986059, 11.794995, 12.001347, 11.780122, 9.338811, 8.33972, 7.114352, 5.859004, 5.064789, 6.464789, 6.63502, 7.165473, 8.098415, 9.241823, 10.441823, 11.429371, 12.225975, 12.624319, 12.452068, 11.891676, 11.135585, 10.140355, 9.132036, 8.310182, 7.726596, 7.671541, 8.05909, 8.939441, 10.086477, 11.472989, 12.846412, 10.846412, 8.566061, 6.004812, 3.162278, 0.0, 0.0, 0.0]"
708,"[0.0, 0.0, 0.0, 0.0, 1.2, 2.8, 4.4, 6.2, 8.209975, 9.049583, 9.34695, 9.45575, 9.364551, 8.877731, 8.179764, 7.35943, 6.47525, 5.591071, 4.789026, 4.578756, 4.943944, 5.839788, 7.178497, 8.898698, 10.328577, 11.577081, 12.685044, 13.212438, 13.316711, 13.16378, 10.473055, 9.488537, 8.410264, 7.320701, 6.326596, 7.926596, 7.926596, 8.402206, 9.182252, 10.201143, 11.208824, 12.172049, 12.883988, 13.24792, 13.422496, 13.023887, 12.425825, 11.625825, 10.825825, 9.867387, 9.367115, 8.946897, 8.946897, 9.555216, 10.596699, 11.730432, 13.065678, 11.065678, 8.657359, 5.966634, 3.1241, 0.0, 0.0, 0.0]"
709,"[0.0, 0.0, 0.0, 0.0, 1.280625, 2.722845, 4.566754, 6.546653, 8.672682, 9.392058, 9.949837, 9.992724, 9.80168, 9.288102, 8.629743, 7.795933, 6.909137, 5.841393, 5.053563, 4.731726, 4.830446, 5.479689, 6.84664, 8.302369, 9.950898, 11.316577, 12.495761, 13.015381, 13.342711, 13.082697, 10.452108, 9.434758, 8.476319, 7.310859, 6.183165, 7.625385, 7.603163, 7.923692, 8.717539, 9.942907, 11.00668, 11.825506, 12.576029, 12.90121, 12.803536, 12.423573, 11.795791, 10.919406, 9.920206, 9.035042, 8.365034, 8.196212, 8.352304, 9.198573, 10.283099, 11.634211, 12.829793, 10.829793, 8.421474, 5.813793, 3.006659, 0.0, 0.0, 0.0]"
710,"[0.0, 0.0, 0.0, 0.0, 1.264911, 2.720933, 4.370175, 6.181252, 8.191227, 8.936292, 9.48027, 9.642104, 9.642104, 9.281371, 8.727418, 7.747222, 6.736145, 5.749689, 4.821557, 4.259962, 4.50507, 5.228224, 6.373375, 7.80633, 9.417896, 10.760666, 11.845192, 12.316732, 12.603977, 12.261315, 9.653634, 8.658405, 7.558734, 6.333976, 5.387197, 6.843219, 6.939569, 7.567699, 8.587215, 9.787271, 10.931249, 11.752271, 12.256363, 12.4534, 12.469896, 12.078968, 11.559121, 10.896334, 9.919251, 9.009301, 8.242449, 7.92953, 7.962362, 8.786691, 9.824786, 11.2251, 12.528044, 10.684135, 8.403784, 5.842534, 3.0, 0.0, 0.0, 0.0]"
711,"[0.0, 0.0, 0.0, 0.0, 1.077033, 2.341944, 3.991186, 5.603638, 7.414715, 8.137682, 8.672771, 8.63598, 8.437742, 8.082687, 7.35972, 6.384341, 5.57189, 4.790132, 4.05522, 4.05522, 4.686621, 5.595421, 6.932738, 8.447695, 9.876655, 10.926626, 11.825506, 12.576029, 12.781272, 12.55563, 10.049637, 9.23081, 8.033671, 7.006573, 6.140436, 7.789678, 7.898191, 8.529102, 9.455828, 10.571437, 11.642489, 12.657166, 13.331527, 13.621177, 13.699035, 13.38706, 12.684088, 11.865636, 11.078956, 10.180076, 9.658553, 9.449481, 9.565535, 10.267211, 11.386837, 12.611311, 13.867075, 11.741045, 9.195461, 6.367034, 3.255764, 0.0, 0.0, 0.0]"
712,"[0.0, 0.0, 0.0, 0.0, 1.216553, 2.630766, 4.280008, 6.123917, 8.021284, 8.774503, 9.247086, 9.48464, 9.361196, 8.90605, 8.216903, 7.496297, 6.434122, 5.513657, 4.965864, 4.851429, 5.247289, 6.266576, 7.592606, 8.978529, 10.373589, 11.531833, 12.466413, 13.118872, 13.521803, 13.466546, 10.746252, 9.854559, 8.638121, 7.397059, 6.414221, 8.063464, 8.186642, 8.824593, 9.790691, 10.898126, 12.07731, 12.9309, 13.594464, 13.906439, 13.805672, 13.318185, 12.608686, 11.642489, 10.766104, 9.848733, 9.307793, 8.997636, 9.254335, 9.751366, 10.738915, 11.985224, 13.372414, 11.218348, 8.877408, 6.277408, 3.231099, 0.0, 0.0, 0.0]"
713,"[0.0, 0.0, 0.0, 0.0, 1.280625, 2.694838, 4.538747, 6.538747, 8.538747, 9.317248, 9.872806, 9.998669, 9.70747, 9.163492, 8.560388, 7.667649, 6.592305, 5.604614, 4.973214, 4.517192, 4.656711, 5.411526, 6.730024, 8.338508, 9.946189, 11.337317, 12.295756, 12.856148, 13.023043, 12.615362, 10.007681, 9.2, 8.014214, 6.755854, 5.836479, 7.398529, 7.210981, 7.766539, 8.660966, 9.79695, 10.740893, 11.736123, 12.374032, 12.699214, 12.690923, 12.31096, 11.683178, 10.919406, 9.800376, 8.733698, 8.063691, 7.683792, 7.65096, 8.417812, 9.70676, 10.881328, 12.109755, 10.298678, 8.089606, 5.459016, 2.828427, 0.0, 0.0, 0.0]"
714,"[0.0, 0.0, 0.0, 0.0, 1.264911, 2.720933, 4.564842, 6.574817, 8.584792, 9.319881, 9.873834, 9.841002, 9.443479, 9.082746, 8.299298, 7.309127, 6.29805, 5.406709, 4.605995, 4.466475, 4.711582, 5.620383, 6.987334, 8.479746, 10.002713, 11.601366, 12.575847, 13.266275, 13.431327, 13.163708, 10.300144, 9.405717, 8.08325, 6.991471, 6.073303, 7.596458, 7.528069, 8.072047, 8.990214, 10.017312, 11.101838, 12.064654, 12.747936, 13.015555, 13.104066, 12.776736, 12.181516, 11.468006, 10.39116, 9.303559, 8.437422, 7.961812, 7.961812, 8.779597, 9.937377, 11.308841, 12.669603, 10.699831, 8.358891, 5.758891, 2.973214, 0.0, 0.0, 0.0]"
715,"[0.0, 0.0, 0.0, 0.0, 1.264911, 2.720933, 4.370175, 6.078976, 7.86783, 8.489716, 8.92049, 8.991713, 8.844962, 8.470321, 7.86415, 6.977353, 6.151316, 5.189266, 4.669479, 4.555045, 4.997265, 5.823303, 7.223303, 8.492207, 9.933697, 11.099158, 12.061974, 12.745256, 12.998534, 12.807462, 10.199782, 9.305354, 8.184123, 7.181727, 6.377569, 8.08637, 8.108593, 8.556518, 9.351377, 10.369514, 11.329046, 12.238264, 12.948583, 13.459804, 13.429215, 12.99695, 12.512724, 11.689797, 10.678303, 9.690755, 9.054687, 8.629696, 8.820391, 9.45253, 10.440078, 11.813292, 13.164493, 11.076431, 8.735491, 6.135491, 3.162278, 0.0, 0.0, 0.0]"
716,"[0.0, 0.0, 0.0, 0.0, 1.341641, 2.954092, 4.742947, 6.712718, 8.610085, 9.308052, 9.735208, 9.757431, 9.587659, 9.290293, 8.650685, 7.82763, 6.841174, 5.762284, 5.056711, 4.733744, 4.973214, 5.797835, 7.116332, 8.890238, 10.533499, 12.050691, 13.447758, 14.271714, 14.466946, 14.079032, 11.105818, 9.76831, 8.553988, 7.090424, 6.172257, 7.695411, 7.873407, 8.387495, 9.319876, 10.411655, 11.752065, 12.838482, 13.648365, 14.228028, 14.5856, 13.958104, 13.024498, 11.948651, 10.745407, 9.494295, 8.978692, 8.782993, 8.885626, 9.618137, 10.613366, 11.945768, 13.326763, 11.326763, 8.885452, 6.277771, 3.224903, 0.0, 0.0, 0.0]"
717,"[0.0, 0.0, 0.0, 0.0, 1.077033, 2.600188, 4.24943, 5.898672, 7.742581, 8.509457, 8.797379, 8.948137, 9.098895, 8.867437, 8.240081, 7.448808, 6.448808, 5.281263, 4.51734, 4.195215, 4.440322, 5.289564, 6.306351, 7.545884, 8.992397, 10.144095, 11.094853, 11.951603, 12.280151, 11.998337, 9.581728, 8.504883, 7.454912, 6.254855, 5.46064, 6.802281, 6.891578, 7.322352, 8.26913, 9.3366, 10.500952, 11.394493, 11.924306, 12.101916, 12.049886, 11.631954, 10.96987, 10.202503, 9.384718, 8.546588, 8.020576, 7.738717, 7.976271, 8.512243, 9.402403, 10.618842, 11.941233, 10.054437, 7.995311, 5.66293, 2.884441, 0.0, 0.0, 0.0]"
718,"[0.0, 0.0, 0.0, 0.0, 1.264911, 2.720933, 4.564842, 6.408751, 8.418726, 9.153815, 9.707768, 9.873834, 9.642377, 9.046615, 8.263168, 7.272997, 6.063022, 5.17168, 4.478577, 4.339057, 4.775275, 5.684076, 7.051027, 8.670857, 10.193824, 11.421084, 12.490772, 13.181199, 13.44794, 13.180321, 10.497039, 9.507405, 8.184938, 6.991471, 6.073303, 7.596458, 7.596458, 8.199562, 9.117729, 10.209509, 11.369636, 12.264063, 12.990614, 13.378528, 13.402357, 12.999426, 12.355753, 11.467441, 10.270302, 9.1827, 8.464399, 8.145257, 8.134686, 8.943912, 10.184974, 11.486488, 12.718987, 10.832191, 8.49981, 5.816529, 2.952965, 0.0, 0.0, 0.0]"
719,"[0.0, 0.0, 0.0, 0.0, 1.341641, 2.864795, 4.573596, 6.470963, 8.510571, 9.208538, 9.695358, 9.786557, 9.489191, 9.049583, 8.409975, 7.4, 6.424621, 5.545731, 4.840159, 4.517192, 4.931405, 5.756026, 7.074524, 8.416165, 10.007464, 11.313545, 12.44998, 13.010373, 13.374305, 12.94204, 10.221746, 9.144869, 8.15732, 6.971534, 6.191488, 7.803939, 7.815604, 8.329181, 9.195319, 10.180608, 11.009467, 12.009296, 12.661756, 13.064687, 13.039985, 12.75274, 12.002217, 11.012583, 9.941753, 9.087193, 8.495177, 8.31426, 8.422772, 8.964387, 9.932159, 11.090403, 12.213593, 10.316226, 8.16216, 5.632338, 2.912044, 0.0, 0.0, 0.0]"
720,"[0.0, 0.0, 0.0, 0.0, 1.077033, 2.418674, 4.031125, 5.643577, 7.364042, 8.130918, 8.486333, 8.570938, 8.520536, 8.242292, 7.564573, 6.867517, 5.891571, 4.776735, 3.934514, 3.662751, 3.828941, 4.550052, 5.823303, 7.282429, 8.62407, 9.693948, 10.668336, 11.288811, 11.383751, 11.235744, 8.999676, 8.106222, 6.931472, 5.908777, 4.986906, 6.40112, 6.490417, 7.135303, 8.013908, 9.083785, 10.102677, 11.158558, 11.821344, 12.152309, 12.070307, 11.606974, 10.727495, 9.962433, 9.077515, 8.337662, 7.782104, 7.642492, 7.831058, 8.529102, 9.531498, 10.980848, 12.377915, 10.480549, 8.326483, 5.909873, 3.046309, 0.0, 0.0, 0.0]"
721,"[0.0, 0.0, 0.0, 0.0, 1.0, 2.216553, 3.616553, 5.229004, 7.072913, 7.722155, 8.214403, 8.426855, 8.426855, 7.924587, 7.441535, 6.627161, 5.647165, 4.434714, 3.658759, 3.213678, 3.485442, 4.465438, 5.854292, 7.347733, 8.789953, 9.904114, 10.699981, 11.319445, 11.668638, 11.485207, 9.204856, 8.358587, 7.291909, 6.100142, 5.320243, 6.776265, 6.923016, 7.551147, 8.48866, 9.6296, 10.7034, 11.662932, 12.32375, 12.578003, 12.645382, 12.125535, 11.457202, 10.63769, 9.685393, 8.800229, 8.232474, 7.92953, 8.118453, 8.942782, 9.980877, 11.381191, 12.808234, 10.808234, 8.527884, 5.966634, 3.1241, 0.0, 0.0, 0.0]"
722,"[0.0, 0.0, 0.0, 0.0, 1.077033, 2.418674, 3.941828, 5.650629, 7.439484, 8.249247, 8.751515, 9.072269, 9.060525, 8.685884, 8.079712, 7.367174, 6.244376, 4.994533, 4.027533, 3.468019, 3.468019, 4.161122, 5.557817, 7.090503, 8.777711, 10.087651, 11.114749, 11.712151, 12.064633, 11.71544, 9.274129, 8.394868, 7.234182, 5.978834, 5.13626, 6.550474, 6.637666, 7.20095, 8.359985, 9.551752, 10.545857, 11.504296, 12.260387, 12.424319, 12.424319, 12.025975, 11.428269, 10.428269, 9.442483, 8.490186, 8.003365, 7.713855, 8.093754, 8.942282, 10.031845, 11.481904, 12.872709, 10.89281, 8.630068, 6.084484, 3.11127, 0.0, 0.0, 0.0]"
723,"[0.0, 0.0, 0.0, 0.0, 1.019804, 2.236356, 3.65057, 5.25057, 7.05057, 7.841843, 8.469199, 8.704228, 8.56025, 8.025161, 7.291117, 6.271829, 5.255043, 4.246234, 3.702433, 3.519828, 3.960118, 5.036463, 6.559021, 8.073979, 9.620862, 10.963632, 11.975126, 12.566604, 12.738855, 12.577895, 9.970214, 8.970385, 7.750776, 6.75667, 5.890533, 7.539775, 7.716677, 8.529102, 9.455828, 10.571437, 11.642489, 12.608686, 13.08521, 13.351951, 13.42981, 13.117834, 12.463342, 11.64383, 10.685391, 9.786511, 8.990644, 8.62548, 8.940433, 9.699509, 10.681433, 12.042196, 13.454051, 11.328022, 8.919703, 6.228978, 3.255764, 0.0, 0.0, 0.0]"
724,"[0.0, 0.0, 0.0, 0.0, 1.16619, 2.507831, 4.030986, 5.81984, 7.540305, 8.218024, 8.856282, 9.177036, 9.108647, 8.830402, 8.267118, 7.287219, 6.164421, 4.891169, 4.081404, 3.695207, 3.861397, 4.582507, 5.855759, 7.386634, 8.824587, 10.16439, 11.322169, 12.018314, 12.195923, 12.017608, 9.511615, 8.524067, 7.388082, 6.327767, 5.438612, 6.852826, 6.840374, 7.559749, 8.479125, 9.622532, 10.838908, 11.869497, 12.53783, 12.811694, 12.744315, 12.267791, 11.534569, 10.515478, 9.654066, 8.713126, 8.171512, 7.982946, 8.39283, 9.016446, 10.122439, 11.462952, 12.884647, 10.825521, 8.589453, 6.08346, 3.130495, 0.0, 0.0, 0.0]"
725,"[0.0, 0.0, 0.0, 0.0, 1.16619, 2.507831, 4.030986, 5.739787, 7.637153, 8.314872, 8.784308, 9.07223, 8.96343, 8.480277, 7.836368, 7.025291, 6.038835, 5.159945, 4.466842, 4.343875, 4.608786, 5.433407, 6.751904, 8.311145, 9.902445, 11.357828, 12.494263, 13.240333, 13.376591, 12.944327, 10.224032, 9.147156, 7.8175, 6.800891, 5.781375, 7.30453, 7.208181, 7.752159, 8.515489, 9.631318, 10.614156, 11.507697, 12.293375, 12.850338, 12.858897, 12.440966, 12.023034, 10.946157, 9.749018, 8.850298, 8.324287, 7.956691, 8.134686, 8.670658, 9.73443, 11.035944, 12.445974, 10.559178, 8.500052, 5.994059, 3.130495, 0.0, 0.0, 0.0]"
726,"[0.0, 0.0, 0.0, 0.0, 1.264911, 2.788066, 4.400517, 6.189372, 8.076168, 8.811257, 9.132011, 9.216616, 9.124818, 8.680242, 7.960867, 7.248329, 6.272383, 5.399948, 4.782348, 4.578756, 4.97054, 6.136226, 7.370731, 8.782178, 10.305145, 11.567668, 12.592916, 13.254084, 13.73831, 13.612173, 10.826496, 9.811818, 8.703976, 7.397895, 6.486082, 8.098533, 8.098533, 8.574143, 9.44028, 10.47823, 11.651456, 12.617654, 13.393157, 13.891295, 13.898976, 13.554609, 12.854376, 12.049938, 11.060303, 10.161423, 9.531189, 9.367858, 9.318707, 9.962958, 10.884746, 12.100219, 13.355983, 11.346008, 8.912903, 6.282313, 3.255764, 0.0, 0.0, 0.0]"
727,"[0.0, 0.0, 0.0, 0.0, 1.216553, 2.630766, 4.441843, 6.25292, 8.25292, 9.036368, 9.632129, 9.664961, 9.503126, 8.959148, 8.224059, 7.233888, 6.189979, 5.173192, 4.438281, 4.250403, 4.49551, 5.404311, 6.925921, 8.62142, 10.227669, 11.646039, 12.715727, 13.169342, 13.360414, 13.009513, 10.326231, 9.336597, 8.252071, 7.058603, 6.140436, 7.596458, 7.596458, 8.13243, 9.050597, 10.142376, 11.369636, 12.264063, 12.990614, 13.378528, 13.346398, 12.943468, 12.348247, 11.459936, 10.262797, 9.231154, 8.512853, 8.145257, 8.307016, 9.01993, 10.177709, 11.479223, 12.805067, 10.745941, 8.509873, 5.909873, 3.046309, 0.0, 0.0, 0.0]"
728,"[0.0, 0.0, 0.0, 0.0, 1.019804, 2.284715, 3.740737, 5.196759, 6.846001, 7.637274, 8.172363, 8.316341, 8.460319, 8.211077, 7.6, 6.8, 5.8, 4.6, 3.482843, 2.882843, 2.882843, 3.682843, 4.882843, 6.4, 7.809975, 9.019047, 10.052152, 10.732503, 11.168571, 11.002505, 8.793433, 7.774541, 6.49419, 5.258122, 4.308641, 5.308641, 5.175052, 5.787504, 6.507969, 7.739571, 8.8656, 9.847717, 10.361294, 10.640829, 10.5148, 10.275567, 9.625277, 8.941468, 8.072839, 7.23903, 6.617144, 6.418906, 6.576686, 7.445315, 8.479125, 9.814214, 11.2, 9.6, 7.6, 5.4, 2.8, 0.0, 0.0, 0.0]"
729,"[0.0, 0.0, 0.0, 0.0, 1.280625, 2.842675, 4.539731, 6.51963, 8.51963, 9.239005, 9.563751, 9.65555, 9.464505, 8.98766, 8.252571, 7.442807, 6.653953, 5.586209, 4.887675, 4.622764, 4.959945, 5.572396, 6.890894, 8.696862, 10.503996, 12.089782, 13.277331, 14.237723, 14.407134, 14.207681, 11.207681, 10.207681, 8.820133, 7.476154, 6.310694, 7.872744, 7.793209, 8.344088, 9.051397, 10.050488, 11.049687, 12.019947, 12.547341, 13.074735, 13.041743, 12.643824, 11.953099, 11.106283, 10.112615, 9.266346, 8.62617, 8.275412, 8.471111, 8.983127, 10.228211, 11.711715, 13.287376, 11.247768, 9.038696, 6.231562, 3.224903, 0.0, 0.0, 0.0]"
730,"[0.0, 0.0, 0.0, 0.0, 0.894427, 2.060618, 3.502838, 5.223303, 6.920359, 7.722988, 8.118848, 8.289079, 8.010835, 7.655419, 7.124553, 6.45693, 5.410164, 4.415157, 3.705972, 3.434209, 3.705972, 4.663441, 6.185999, 7.70761, 9.154122, 10.461795, 11.412504, 11.875838, 12.154877, 12.050005, 9.576141, 8.75152, 7.660056, 6.507576, 5.713728, 7.236883, 7.485007, 8.297432, 9.357748, 10.332136, 11.408982, 12.194897, 12.648512, 13.027866, 13.052568, 12.732919, 12.049637, 11.328752, 10.22091, 9.235621, 8.604512, 8.404512, 8.717716, 9.513583, 10.864695, 12.222112, 13.628356, 11.428356, 9.020037, 6.212903, 3.206244, 0.0, 0.0, 0.0]"
731,"[0.0, 0.0, 0.0, 0.0, 1.16619, 2.507831, 4.030986, 5.739787, 7.583695, 8.261414, 8.532225, 8.60907, 8.300269, 7.870574, 7.243218, 6.430766, 5.463222, 4.628907, 3.847149, 3.6504, 4.264614, 5.24461, 6.718532, 8.366428, 9.876446, 10.992054, 11.979603, 12.623277, 12.848919, 12.555164, 10.025342, 9.322709, 8.28867, 7.182677, 6.402631, 7.925785, 7.915215, 8.429304, 9.361684, 10.513343, 11.768678, 12.745445, 13.367792, 13.821089, 13.74323, 13.305682, 12.722468, 11.834157, 10.837334, 10.027977, 9.384093, 9.103742, 9.369706, 10.188533, 11.352509, 12.70832, 14.036984, 11.873653, 9.265972, 6.381531, 3.328663, 0.0, 0.0, 0.0]"
732,"[0.0, 0.0, 0.0, 0.0, 1.2, 2.6, 4.2, 6.011077, 8.021052, 8.86066, 9.304569, 9.601935, 9.499659, 9.012839, 8.314872, 7.547996, 6.47525, 5.566449, 4.764405, 4.271292, 4.36045, 5.14828, 6.235077, 7.677297, 9.10912, 10.351248, 11.300046, 11.958835, 12.203823, 12.186214, 9.777895, 8.913701, 7.810337, 6.66693, 5.604188, 7.018401, 6.970587, 7.425733, 8.248884, 9.389824, 10.449474, 11.274095, 11.785047, 12.105305, 11.964365, 11.490501, 11.016638, 10.208319, 9.214214, 8.355854, 7.798075, 7.360125, 7.740024, 8.451839, 9.518518, 10.767022, 12.178186, 10.198287, 8.072257, 5.663939, 2.973214, 0.0, 0.0, 0.0]"
733,"[0.0, 0.0, 0.0, 0.0, 1.216553, 2.829004, 4.640081, 6.440081, 8.440081, 9.223529, 9.621052, 9.653884, 9.503126, 9.026281, 8.291192, 7.35825, 6.338962, 5.48972, 4.687675, 4.317192, 4.581799, 5.280333, 6.269187, 7.784145, 9.222099, 10.488139, 11.572665, 12.34506, 12.517311, 12.465281, 9.8576, 8.970385, 7.750776, 6.559009, 5.495211, 6.951233, 6.753922, 7.201136, 8.04371, 9.243766, 10.387744, 11.46459, 12.149599, 12.564336, 12.383795, 11.823403, 11.26301, 10.438389, 9.48768, 8.593253, 8.115695, 7.773144, 7.844367, 8.484543, 9.584213, 10.906604, 12.262415, 10.54195, 8.37862, 5.937309, 3.052868, 0.0, 0.0, 0.0]"
734,"[0.0, 0.0, 0.0, 0.0, 1.264911, 2.720933, 4.429734, 6.138535, 8.108306, 8.730191, 9.274169, 9.409277, 9.397533, 8.841975, 8.08655, 7.08655, 5.963751, 4.866695, 4.346908, 4.215537, 4.657758, 5.780557, 7.306586, 8.692509, 10.30019, 11.636459, 12.475831, 13.213366, 13.616297, 13.425225, 10.646737, 9.752309, 8.450795, 7.329563, 6.436109, 8.085351, 8.107574, 8.754596, 9.600865, 10.7083, 11.887485, 12.939972, 13.594464, 13.906439, 13.805672, 13.318185, 12.608686, 11.642489, 10.571437, 9.654066, 8.925578, 8.615421, 8.687826, 9.455193, 10.526023, 11.95988, 13.426561, 11.456789, 9.04018, 6.356898, 3.310589, 0.0, 0.0, 0.0]"
735,"[0.0, 0.0, 0.0, 0.0, 1.0, 2.442221, 4.054672, 5.667124, 7.375924, 8.273291, 8.480313, 8.480313, 8.282075, 7.773274, 6.875907, 6.051286, 5.07129, 4.222762, 3.655218, 3.655218, 4.230596, 5.198141, 6.632456, 8.2, 9.608319, 10.641424, 11.672013, 12.145877, 12.41974, 12.291772, 9.858667, 8.840529, 7.766666, 6.557713, 5.619003, 7.181053, 7.265658, 7.991687, 8.852805, 10.056749, 11.185424, 12.179092, 12.773357, 13.255009, 13.150736, 12.792392, 12.160793, 11.160964, 10.250339, 9.371078, 8.651149, 8.489389, 8.856986, 9.44028, 10.546563, 11.797676, 13.005144, 10.917083, 8.636732, 5.968399, 3.104835, 0.0, 0.0, 0.0]"
736,"[0.0, 0.0, 0.0, 0.0, 1.0, 2.341641, 3.783861, 5.307016, 7.015817, 7.724617, 8.032219, 8.20245, 8.093509, 7.584708, 7.09246, 6.267839, 5.287843, 4.439315, 4.063936, 3.847383, 4.422762, 5.390307, 6.824621, 8.209072, 9.617391, 10.650496, 11.681085, 12.154949, 12.41974, 12.291772, 9.858667, 8.840529, 7.766666, 6.707016, 5.768306, 7.330356, 7.414961, 7.99486, 8.843388, 10.047331, 11.176006, 12.169675, 12.91007, 13.255009, 13.041805, 12.683461, 12.051863, 11.218365, 10.331149, 9.560818, 8.840889, 8.570617, 8.771882, 9.331768, 10.438051, 11.689164, 13.005144, 10.917083, 8.636732, 5.968399, 3.104835, 0.0, 0.0, 0.0]"
737,"[0.0, 0.0, 0.0, 0.0, 1.019804, 2.434017, 3.848231, 5.69214, 7.536049, 8.225046, 8.599686, 8.797924, 8.566467, 8.164779, 7.736603, 6.947748, 6.056407, 4.843956, 3.967421, 3.407906, 3.574096, 4.295207, 5.684061, 7.177502, 8.788772, 10.063893, 11.029991, 11.649456, 11.853071, 11.50059, 9.059279, 8.21301, 7.146331, 6.100142, 5.336796, 6.792818, 6.843219, 7.560705, 8.58022, 9.780277, 10.924255, 11.841625, 12.256363, 12.494158, 12.510654, 11.950262, 11.264348, 10.439727, 9.489019, 8.498134, 7.87274, 7.749296, 8.15918, 8.968406, 10.209467, 11.748218, 13.252656, 11.19353, 8.861149, 6.177868, 3.224903, 0.0, 0.0, 0.0]"
738,"[0.0, 0.0, 0.0, 0.0, 1.0, 2.280625, 3.722845, 5.335297, 7.124151, 7.832952, 8.261128, 8.46815, 8.269912, 7.895271, 7.38647, 6.477669, 5.460883, 4.493883, 3.679669, 3.30429, 3.581323, 4.40489, 5.801585, 7.437653, 9.021351, 10.352637, 11.504296, 12.260387, 12.424319, 12.016, 9.607681, 8.612452, 7.277363, 6.043553, 5.324178, 6.766398, 6.942801, 7.647662, 8.89808, 10.034065, 11.275126, 12.26476, 12.90267, 13.04731, 13.03902, 12.481768, 11.703279, 10.939507, 9.990709, 9.105544, 8.591967, 8.391967, 8.75713, 9.577783, 10.685218, 12.099316, 13.524219, 11.315147, 8.882042, 6.251452, 3.224903, 0.0, 0.0, 0.0]"
739,"[0.0, 0.0, 0.0, 0.0, 1.16619, 2.507831, 4.030986, 5.739787, 7.637153, 8.368329, 8.870597, 9.15852, 9.062171, 8.764804, 8.267437, 7.423529, 6.437073, 5.457077, 4.578187, 4.002808, 4.219361, 4.808953, 5.987574, 7.306072, 8.717519, 9.97483, 11.03448, 11.564343, 11.865675, 11.783673, 9.309809, 8.485188, 7.360801, 6.219861, 5.330706, 6.772926, 6.685734, 7.166238, 8.092267, 8.953385, 9.952476, 10.831737, 11.467061, 11.757641, 11.86768, 11.580435, 11.108895, 10.299669, 9.325281, 8.503426, 7.91141, 7.55409, 7.81979, 8.531635, 9.458362, 10.681989, 12.042752, 10.253897, 8.099831, 5.758891, 2.973214, 0.0, 0.0, 0.0]"
740,"[0.0, 0.0, 0.0, 0.0, 1.264911, 2.720933, 4.370175, 6.214084, 8.025161, 8.770225, 9.314203, 9.476038, 9.244581, 9.082746, 8.486984, 7.506788, 6.495711, 5.515715, 4.587583, 4.067797, 4.312904, 5.221705, 6.486616, 7.919572, 9.261212, 10.502294, 11.299486, 12.0098, 12.297046, 12.224308, 9.718316, 8.824774, 7.482005, 6.257246, 5.310468, 6.575379, 6.575379, 7.197264, 8.039837, 9.155666, 10.307364, 11.294912, 11.937938, 12.352675, 12.300646, 11.923644, 11.167553, 10.286973, 9.336264, 8.498134, 7.87274, 7.749296, 7.98685, 8.627026, 9.690798, 11.055074, 12.21905, 10.332253, 8.168923, 5.66293, 2.884441, 0.0, 0.0, 0.0]"
741,"[0.0, 0.0, 0.0, 0.0, 1.131371, 2.545584, 4.107634, 5.828099, 7.714896, 8.372379, 8.855532, 9.002283, 8.93106, 8.458478, 7.886176, 6.883236, 5.895546, 4.967414, 4.377821, 4.361269, 4.881055, 5.971022, 7.259887, 8.635266, 10.035266, 11.228733, 12.246083, 12.866697, 13.297287, 12.933355, 10.325674, 9.308324, 8.277734, 7.103167, 6.479551, 8.0416, 8.074432, 8.600462, 9.552758, 10.631032, 11.897409, 13.026714, 13.620979, 14.097101, 14.014057, 13.518011, 12.708128, 11.87463, 10.834098, 9.923473, 9.477888, 9.284329, 9.551599, 10.237512, 11.26075, 12.478789, 13.861628, 11.707562, 9.17774, 6.457446, 3.352611, 0.0, 0.0, 0.0]"
742,"[0.0, 0.0, 0.0, 0.0, 1.077033, 2.341944, 3.865099, 5.573899, 7.417808, 7.953227, 8.300767, 8.377613, 8.268812, 7.839117, 7.443218, 6.85057, 6.05057, 4.897784, 4.116026, 3.699473, 3.879669, 4.479669, 5.843533, 7.221052, 8.854157, 10.087262, 11.161126, 11.879871, 12.150246, 11.805203, 9.372098, 8.510686, 7.380864, 6.365424, 5.443553, 6.857767, 7.089224, 7.815253, 8.830693, 10.072821, 11.204192, 12.051008, 12.486229, 12.926172, 12.959164, 12.57691, 11.886186, 11.168845, 9.862764, 8.863674, 8.223498, 8.120864, 8.316563, 9.335455, 10.523823, 11.864233, 13.22263, 11.183023, 8.749918, 6.119328, 3.255764, 0.0, 0.0, 0.0]"
743,"[0.0, 0.0, 0.0, 0.0, 1.019804, 2.236356, 3.848808, 5.448808, 7.248808, 8.040081, 8.667437, 8.704228, 8.627383, 8.350537, 7.705651, 6.756169, 5.739382, 4.616228, 3.658759, 3.386995, 3.569601, 4.4603, 5.769101, 7.357481, 8.699122, 10.128082, 11.212608, 11.945119, 12.123434, 11.887366, 9.381373, 8.386143, 7.209743, 6.077363, 5.293915, 6.635556, 6.635556, 7.429771, 8.393102, 9.412617, 10.670976, 11.658525, 12.129221, 12.495712, 12.539995, 11.979603, 11.223512, 10.591056, 9.584389, 8.746258, 8.268701, 8.145257, 8.411221, 9.220447, 10.556715, 11.773154, 13.105557, 10.942226, 8.609845, 5.831356, 3.052868, 0.0, 0.0, 0.0]"
744,"[0.0, 0.0, 0.0, 0.0, 1.077033, 2.341944, 3.954396, 5.566847, 7.287312, 7.930744, 8.227883, 8.177482, 8.12708, 7.848835, 7.12837, 6.287431, 5.291066, 4.129016, 3.319251, 3.319251, 3.729512, 4.725876, 6.212673, 7.743548, 9.075929, 10.361167, 11.399117, 12.112321, 12.28993, 12.111615, 9.695006, 8.707457, 7.549678, 6.489363, 5.676938, 7.32618, 7.524805, 8.122193, 9.05064, 10.142104, 11.161195, 12.018451, 12.699137, 13.090065, 13.073569, 12.641304, 11.942743, 11.19222, 10.241463, 9.437305, 8.801237, 8.675374, 8.793664, 9.674244, 10.84747, 12.220684, 13.539052, 11.450991, 8.921169, 6.135491, 3.162278, 0.0, 0.0, 0.0]"
745,"[0.0, 0.0, 0.0, 0.0, 1.0, 2.216553, 3.630766, 5.280008, 6.988809, 7.69761, 8.269912, 8.46815, 8.261128, 7.832952, 7.124151, 6.056407, 5.076411, 4.234191, 3.674676, 3.674676, 4.119756, 5.207766, 6.607766, 8.012685, 9.558269, 10.800398, 11.641182, 12.202432, 12.517714, 12.25248, 9.844161, 8.979968, 7.860939, 6.761268, 5.895131, 7.495131, 7.609152, 8.376004, 9.442682, 10.636149, 11.64383, 12.632753, 13.031362, 13.253632, 13.079056, 12.707443, 11.917418, 11.120814, 10.090225, 9.269572, 8.742304, 8.521184, 8.769233, 9.610544, 10.605773, 11.94984, 13.489649, 11.430523, 8.989212, 6.381531, 3.328663, 0.0, 0.0, 0.0]"
746,"[0.0, 0.0, 0.0, 0.0, 1.131371, 2.693421, 4.390477, 6.234386, 8.234386, 8.989811, 9.397533, 9.670248, 9.53514, 9.184382, 8.562497, 7.61253, 6.467379, 5.324264, 4.307477, 3.842566, 4.087673, 4.719074, 5.997297, 7.40445, 9.037555, 10.180963, 11.332622, 12.088713, 12.449105, 12.216, 9.807681, 8.812452, 7.429004, 6.195194, 5.126565, 6.568786, 6.479489, 7.232708, 8.220583, 9.505822, 10.569594, 11.65412, 12.29203, 12.699214, 12.690923, 12.31096, 11.683178, 10.637547, 9.518518, 8.633353, 8.119776, 7.939877, 8.387802, 9.154653, 10.262088, 11.656296, 13.081199, 11.071224, 8.862152, 6.231562, 3.224903, 0.0, 0.0, 0.0]"
747,"[0.0, 0.0, 0.0, 0.0, 0.894427, 2.060618, 3.673069, 5.38187, 7.090671, 7.845486, 8.523204, 8.523204, 8.214403, 7.905603, 7.45636, 6.412452, 5.4, 4.447214, 3.679669, 3.279669, 3.696222, 4.708673, 6.072537, 7.640081, 9.240081, 10.431847, 11.252501, 11.874529, 11.910597, 11.550205, 9.141886, 8.308781, 7.289889, 6.395462, 5.636479, 7.198529, 7.318994, 7.791577, 8.613267, 9.773953, 10.773153, 11.743413, 12.547341, 13.074735, 12.913775, 12.478554, 11.631739, 10.784923, 9.656248, 8.988348, 8.385474, 8.385474, 8.55154, 9.397809, 10.592491, 12.075996, 13.438331, 11.428356, 9.020037, 6.212903, 3.206244, 0.0, 0.0, 0.0]"
748,"[0.0, 0.0, 0.0, 0.0, 1.2, 2.6, 4.4, 6.211077, 8.054986, 8.698895, 9.196261, 9.105062, 8.906437, 8.585682, 8.083414, 7.263081, 6.378901, 5.398905, 4.596861, 4.25522, 4.458812, 5.354656, 6.885531, 8.444772, 10.006021, 11.416121, 12.524083, 13.051477, 13.179445, 13.026515, 10.33579, 9.204419, 8.126146, 7.059468, 6.065362, 7.677814, 7.824666, 8.251823, 9.190533, 10.209424, 11.227562, 11.991334, 12.75886, 13.078509, 13.245404, 12.823887, 12.226181, 11.219047, 10.231499, 9.045712, 8.359795, 8.070285, 8.396314, 9.046604, 10.323115, 11.628388, 13.019193, 10.893163, 8.630422, 5.939697, 3.11127, 0.0, 0.0, 0.0]"
749,"[0.0, 0.0, 0.0, 0.0, 1.0, 2.4, 4.0, 5.612452, 7.45636, 8.300269, 8.60907, 8.717871, 8.628574, 8.126306, 7.448587, 6.634214, 5.557869, 4.667169, 4.174057, 4.007866, 4.45508, 5.435076, 6.80262, 8.234443, 9.795693, 11.144777, 12.22305, 12.913775, 13.041743, 12.606523, 9.915798, 9.068982, 7.820477, 6.868181, 6.142151, 7.754603, 7.754603, 8.35199, 9.329073, 10.597406, 11.813382, 12.776607, 13.536999, 13.903894, 13.843242, 13.423134, 12.816, 11.816, 10.628451, 9.670013, 8.970495, 8.657291, 9.020622, 9.96942, 11.040472, 12.455771, 13.849218, 11.685888, 9.124638, 6.404344, 3.280244, 0.0, 0.0, 0.0]"
750,"[0.0, 0.0, 0.0, 0.0, 1.0, 2.280625, 3.842675, 5.404725, 7.101781, 7.663831, 8.103671, 8.154073, 7.933664, 7.501518, 7.016501, 6.190464, 5.299122, 4.589937, 3.925026, 3.74242, 4.014183, 4.905525, 6.242841, 7.796907, 9.243419, 10.551092, 11.412504, 11.875838, 12.154877, 11.853545, 9.379681, 8.55506, 7.463596, 6.311116, 5.552133, 7.075287, 7.134846, 7.881266, 8.880992, 10.13019, 11.207035, 12.098234, 12.693455, 13.020785, 12.932274, 12.495604, 11.95473, 11.158245, 10.073719, 9.08843, 8.53755, 8.278424, 8.6007, 9.510651, 10.883056, 12.330016, 13.78578, 11.576708, 9.143603, 6.315176, 3.255764, 0.0, 0.0, 0.0]"
751,"[0.0, 0.0, 0.0, 0.0, 1.16619, 2.608411, 4.170461, 5.867517, 7.564573, 8.242292, 8.520536, 8.570938, 8.486333, 8.130918, 7.453199, 6.732734, 5.968811, 4.988815, 4.447174, 4.300788, 4.75681, 5.805648, 7.261254, 8.741605, 10.154906, 11.329473, 12.23924, 12.958313, 13.285643, 13.252538, 10.621949, 9.625892, 8.27478, 7.279551, 6.4416, 8.162066, 8.237785, 8.840889, 9.560818, 10.606449, 11.770425, 12.883629, 13.667037, 14.025381, 13.963284, 13.487162, 12.749904, 11.887269, 11.040453, 10.381665, 9.682147, 9.459013, 9.489089, 10.053499, 10.774384, 12.072242, 13.238878, 11.228903, 8.820584, 6.212903, 3.206244, 0.0, 0.0, 0.0]"
752,"[0.0, 0.0, 0.0, 0.0, 1.0, 2.2, 3.812452, 5.412452, 7.212452, 8.023529, 8.667437, 8.704228, 8.627383, 8.169024, 7.699587, 6.932711, 5.915925, 4.99277, 4.216815, 3.596284, 3.596284, 4.486983, 5.675838, 7.264218, 8.875489, 10.130836, 11.168932, 11.941327, 12.067612, 11.86126, 9.528879, 8.688095, 7.468486, 6.404688, 5.678658, 7.13468, 7.20307, 7.8312, 8.850716, 9.791656, 10.865456, 11.796896, 12.495457, 12.692494, 12.759873, 12.439123, 11.728804, 10.90438, 10.120517, 9.235353, 8.638732, 8.472666, 8.754786, 9.385895, 10.553465, 11.914227, 13.181588, 11.055559, 8.775208, 6.084484, 3.11127, 0.0, 0.0, 0.0]"
753,"[0.0, 0.0, 0.0, 0.0, 1.0, 2.414214, 3.828427, 5.477669, 7.18647, 7.895271, 8.269912, 8.46815, 8.261128, 7.832952, 7.255522, 6.466668, 5.486672, 4.644451, 4.084937, 3.802094, 4.082719, 5.012313, 6.392212, 7.933844, 9.493634, 10.774259, 11.773459, 12.513854, 12.692424, 12.447435, 9.886186, 9.168845, 8.010601, 6.91093, 6.161813, 7.761813, 7.717904, 8.364927, 9.431605, 10.625072, 11.825072, 12.825072, 13.444427, 13.864535, 13.925187, 13.405538, 12.645146, 11.856326, 10.627899, 9.572018, 8.940909, 8.871073, 9.067533, 9.973526, 11.139563, 12.543189, 13.79832, 11.562252, 9.056259, 6.277771, 3.224903, 0.0, 0.0, 0.0]"
754,"[0.0, 0.0, 0.0, 0.0, 1.0, 2.280625, 3.842675, 5.455126, 7.243981, 8.032835, 8.461011, 8.548203, 8.548203, 8.173562, 7.584708, 6.875907, 5.859121, 4.693883, 3.879669, 3.50429, 3.581323, 4.40489, 5.855043, 7.29465, 8.903134, 10.23442, 11.386079, 12.088713, 12.449105, 12.016, 9.607681, 8.612452, 7.277363, 6.043553, 5.324178, 6.766398, 6.862748, 7.751902, 8.926652, 10.062636, 11.303697, 12.373385, 12.827001, 13.206355, 13.231057, 12.828126, 12.049637, 11.328752, 10.22091, 9.235621, 8.567721, 8.378798, 8.501977, 9.322631, 10.695036, 12.141996, 13.586683, 11.576708, 9.143603, 6.315176, 3.255764, 0.0, 0.0, 0.0]"
755,"[0.0, 0.0, 0.0, 0.0, 1.216553, 2.829004, 4.640081, 6.650056, 8.650056, 9.433504, 9.831027, 9.863859, 9.503126, 8.959148, 8.224059, 7.233888, 6.189979, 5.173192, 4.565699, 4.377821, 4.622928, 5.531728, 7.053339, 8.62142, 10.227669, 11.646039, 12.715727, 13.34015, 13.531222, 13.180321, 10.497039, 9.507405, 8.184938, 6.991471, 5.875642, 7.398797, 7.496739, 8.204048, 8.953165, 10.068993, 11.153519, 11.950005, 12.469956, 13.092303, 13.289744, 12.962414, 12.367194, 11.581279, 10.318755, 9.231154, 8.365017, 7.889407, 7.961812, 8.779597, 9.867199, 11.173279, 12.534042, 10.56427, 8.22333, 5.693508, 2.973214, 0.0, 0.0, 0.0]"
756,"[0.0, 0.0, 0.0, 0.0, 1.264911, 2.788066, 4.437308, 6.281217, 8.320825, 9.095521, 9.582342, 9.7331, 9.689191, 9.262034, 8.63664, 7.626665, 6.626665, 5.459121, 4.567779, 4.047993, 4.264545, 5.076997, 6.28845, 7.655401, 9.041325, 10.354595, 11.527821, 12.283912, 12.61246, 12.568177, 10.038355, 8.961478, 7.8175, 6.600891, 5.629734, 6.971375, 6.824624, 7.212511, 8.13854, 9.15398, 10.25365, 11.299281, 11.961365, 12.251945, 12.312534, 12.025289, 11.387379, 10.590187, 9.78603, 9.00714, 8.295294, 7.937974, 8.198945, 8.740559, 9.51945, 10.862907, 12.223669, 10.253897, 8.099831, 5.758891, 2.973214, 0.0, 0.0, 0.0]"
757,"[0.0, 0.0, 0.0, 0.0, 1.16619, 2.778642, 4.391093, 6.179948, 8.077314, 8.808491, 9.235647, 9.434272, 9.456495, 9.159128, 8.661762, 7.641958, 6.655502, 5.565535, 4.686646, 4.111267, 4.291463, 5.066842, 6.156808, 7.64477, 9.253254, 10.527118, 11.59545, 12.314196, 12.385474, 12.23272, 9.758857, 8.739766, 7.624158, 6.560359, 5.621649, 6.902274, 6.950088, 7.379783, 8.28926, 9.355938, 10.766038, 11.630231, 12.227634, 12.709286, 12.537035, 12.082378, 11.4909, 10.838443, 9.792812, 8.970957, 8.17711, 7.916139, 8.024651, 8.742952, 9.802602, 11.272426, 12.66846, 10.771093, 8.490742, 6.016879, 3.104835, 0.0, 0.0, 0.0]"
758,"[0.0, 0.0, 0.0, 0.0, 1.280625, 2.842675, 4.56314, 6.283605, 8.170401, 8.678631, 9.086352, 9.263254, 9.192031, 8.917686, 8.345384, 7.395417, 6.322671, 5.394539, 4.414543, 4.197991, 4.394739, 5.18257, 6.272537, 7.650056, 8.850056, 10.041823, 11.037052, 11.65908, 12.08221, 12.118278, 9.709959, 8.702278, 7.683387, 6.515193, 5.721345, 7.135559, 7.097609, 7.570191, 8.30528, 9.143411, 10.290447, 11.419122, 12.07791, 12.486229, 12.486229, 12.08831, 11.397585, 10.572466, 9.726197, 8.888066, 8.24789, 7.897132, 8.020576, 8.694594, 9.660693, 10.965965, 12.343272, 10.499363, 8.263295, 5.854976, 3.026549, 0.0, 0.0, 0.0]"
759,"[0.0, 0.0, 0.0, 0.0, 1.216553, 2.630766, 4.474675, 6.318584, 8.21595, 8.96917, 9.614082, 9.656969, 9.533525, 9.078379, 8.550828, 7.491702, 6.429527, 5.309062, 4.587952, 4.277102, 4.557727, 5.577015, 7.103044, 8.790253, 10.204466, 11.614566, 12.613191, 13.207456, 13.360387, 13.256114, 10.565389, 9.566764, 8.40852, 7.370425, 6.385135, 7.985135, 7.952304, 8.429861, 9.339812, 10.514379, 11.742806, 12.738863, 13.506389, 13.873284, 13.850376, 13.430267, 12.832206, 12.025072, 10.825072, 9.866633, 8.981469, 8.492862, 8.618891, 9.281633, 10.323115, 11.628388, 13.019193, 10.893163, 8.630422, 5.939697, 3.11127, 0.0, 0.0, 0.0]"
760,"[0.0, 0.0, 0.0, 0.0, 0.824621, 2.041174, 3.257726, 4.657726, 6.257726, 7.033105, 7.416553, 7.6, 7.4, 7.016553, 6.216553, 5.216553, 4.216553, 3.299395, 2.482843, 2.482843, 3.082843, 4.282843, 5.811077, 7.450685, 8.738746, 9.819097, 10.560037, 11.165569, 11.280027, 11.161738, 8.881387, 7.996469, 6.779859, 5.825794, 5.120933, 6.462574, 6.568602, 7.212511, 8.012511, 9.02795, 10.293991, 11.339622, 11.912322, 12.328931, 12.202646, 11.683027, 10.972712, 10.264904, 9.290515, 8.550663, 7.904822, 7.619907, 7.619907, 8.265748, 9.325397, 10.603471, 12.095854, 10.387054, 8.298992, 5.825129, 3.104835, 0.0, 0.0, 0.0]"
761,"[0.0, 0.0, 0.0, 0.0, 1.131371, 2.411996, 3.974046, 5.671102, 7.515011, 8.227549, 8.83372, 8.992135, 8.907531, 8.586776, 8.084508, 7.274745, 6.448707, 5.557366, 4.666667, 4.149647, 4.337525, 4.89912, 5.827252, 7.234404, 8.645851, 10.011529, 11.362641, 12.313399, 12.873791, 12.837723, 10.207134, 9.012452, 7.826665, 6.392855, 5.47348, 6.754105, 6.754105, 7.128746, 8.021682, 9.073438, 10.234124, 11.182922, 11.802387, 12.151579, 12.08194, 11.766658, 11.049318, 10.338055, 9.491786, 8.671265, 8.06839, 7.873724, 7.987744, 8.634767, 9.800227, 11.303622, 12.860623, 11.049546, 8.840474, 6.232793, 3.206244, 0.0, 0.0, 0.0]"
762,"[0.0, 0.0, 0.0, 0.0, 1.0, 2.216553, 3.672574, 5.321817, 7.030617, 7.739418, 8.135317, 8.291747, 8.084725, 7.656549, 6.947748, 6.335297, 5.355301, 4.51308, 3.953566, 3.802094, 4.082719, 5.14732, 6.527219, 7.932137, 9.52492, 10.851977, 11.933409, 12.731999, 13.289251, 13.084008, 10.476327, 9.418303, 8.054028, 6.812967, 6.032921, 7.645373, 8.124908, 9.110694, 10.268474, 11.619585, 13.033683, 13.860232, 14.519644, 14.831688, 14.744848, 14.248121, 13.501923, 12.530572, 11.23098, 10.110686, 9.590839, 9.350096, 9.735898, 10.909124, 12.282338, 13.503461, 14.881455, 12.407592, 9.621914, 6.6487, 3.417601, 0.0, 0.0, 0.0]"
763,"[0.0, 0.0, 0.0, 0.0, 1.0, 2.16619, 3.608411, 5.220862, 7.009717, 7.718518, 8.201569, 8.3718, 8.173562, 7.584708, 7.075907, 6.226665, 5.246669, 4.279669, 3.712125, 3.312125, 3.728677, 4.510435, 5.874299, 7.450915, 9.050915, 10.234363, 11.228468, 11.850496, 12.074529, 11.714137, 9.314137, 8.505818, 7.289265, 6.197801, 5.438818, 7.000868, 7.287664, 8.130238, 9.120978, 10.281664, 11.280864, 12.084792, 12.716391, 12.929595, 12.896603, 12.461382, 11.614566, 10.620898, 9.637363, 8.752199, 8.082192, 8.04936, 8.561376, 9.407645, 10.691624, 12.242261, 13.637428, 11.428356, 9.020037, 6.212903, 3.206244, 0.0, 0.0, 0.0]"
764,"[0.0, 0.0, 0.0, 0.0, 1.077033, 2.533055, 3.989077, 5.638319, 7.449396, 8.18344, 8.527418, 8.683848, 8.647057, 8.250194, 7.655669, 6.655669, 5.643218, 4.596451, 3.903348, 3.7066, 4.320813, 5.564722, 7.038644, 8.597885, 10.107903, 11.29369, 12.235458, 12.879132, 13.104774, 12.81102, 10.21102, 9.134143, 7.865075, 6.759082, 6.046169, 7.65862, 7.94982, 8.815957, 9.857268, 11.054408, 12.326397, 13.379265, 14.051878, 14.210567, 14.090273, 13.546772, 12.647971, 11.664777, 10.785243, 9.747292, 9.250261, 8.982992, 9.249288, 10.128823, 11.352451, 12.739641, 14.083943, 11.847875, 9.247875, 6.462198, 3.231099, 0.0, 0.0, 0.0]"
765,"[0.0, 0.0, 0.0, 0.0, 1.0, 2.2, 3.812452, 5.412452, 7.223529, 8.034606, 8.483848, 8.580197, 8.503352, 8.033915, 7.389029, 6.634214, 5.557869, 4.434714, 3.658759, 3.213678, 3.396284, 4.219851, 5.528651, 6.932738, 8.447695, 9.703043, 10.688332, 11.420843, 11.731422, 11.495354, 9.162973, 8.163882, 6.987482, 5.923684, 5.140237, 6.663391, 6.833622, 7.455507, 8.571336, 9.771392, 10.664847, 11.652395, 12.295421, 12.436904, 12.494158, 12.117157, 11.361066, 10.480486, 9.529777, 8.498134, 8.020576, 7.897132, 8.134686, 8.943912, 10.280181, 11.671095, 13.003498, 11.116702, 8.784321, 6.005832, 3.052868, 0.0, 0.0, 0.0]"
766,"[0.0, 0.0, 0.0, 0.0, 1.077033, 2.418674, 3.941828, 5.650629, 7.439484, 8.249247, 8.751515, 8.925417, 8.913672, 8.405443, 7.799271, 6.955362, 5.979416, 4.914815, 4.081404, 3.695207, 3.975831, 4.816771, 5.881372, 7.434158, 8.703062, 9.754818, 10.698761, 11.418314, 11.654382, 11.645117, 9.312736, 8.419195, 7.28321, 6.213333, 5.324178, 6.738391, 6.72594, 7.45529, 8.4891, 9.624189, 10.817656, 11.848245, 12.271375, 12.545239, 12.425589, 11.90597, 11.172747, 10.388884, 9.329235, 8.448884, 7.973274, 7.784708, 8.022262, 8.940429, 10.14811, 11.314147, 12.558311, 10.671515, 8.339134, 5.731453, 2.952965, 0.0, 0.0, 0.0]"
767,"[0.0, 0.0, 0.0, 0.0, 1.131371, 2.545584, 4.107634, 5.951543, 7.838339, 8.593765, 9.149323, 9.48464, 9.349531, 8.918757, 8.296872, 7.404133, 6.331388, 5.188273, 4.364706, 4.099795, 4.239315, 5.063936, 6.342159, 7.749311, 8.985379, 10.177146, 11.135585, 11.891676, 12.252068, 12.216, 9.807681, 8.812452, 7.429004, 6.195194, 5.126565, 6.568786, 6.568786, 7.141088, 8.128963, 9.503585, 10.567357, 11.562587, 12.215044, 12.622227, 12.396585, 12.016622, 11.25285, 10.532004, 9.583206, 8.826009, 8.349222, 8.316391, 8.605901, 9.202521, 10.309956, 11.467847, 12.66343, 10.653455, 8.444382, 5.813793, 3.006659, 0.0, 0.0, 0.0]"
768,"[0.0, 0.0, 0.0, 0.0, 1.16619, 2.507831, 4.030986, 5.739787, 7.448587, 8.126306, 8.628574, 8.717871, 8.621522, 8.312721, 7.468812, 6.424903, 5.444907, 4.398141, 3.630596, 3.630596, 4.230596, 5.398141, 6.842431, 8.419047, 9.852152, 11.082742, 11.951074, 12.661393, 12.926185, 12.83402, 10.20343, 9.379006, 8.058712, 6.999062, 5.999763, 7.561813, 7.414961, 7.99486, 8.843388, 10.047331, 11.176006, 12.321484, 13.061879, 13.406818, 13.367227, 13.008883, 12.225475, 11.391977, 10.628205, 9.819268, 9.207352, 9.117998, 9.319263, 9.949218, 10.920494, 12.304864, 13.439927, 11.351866, 8.878003, 6.20967, 3.104835, 0.0, 0.0, 0.0]"
769,"[0.0, 0.0, 0.0, 0.0, 1.216553, 2.829004, 4.478246, 6.322155, 8.219522, 8.972741, 9.419415, 9.656969, 9.533525, 9.078379, 8.389233, 7.330107, 6.267932, 5.147466, 4.426356, 4.277102, 4.691316, 5.710604, 7.236633, 8.923841, 10.338055, 11.614566, 12.655098, 13.249363, 13.561338, 13.457065, 10.76634, 9.725808, 8.567564, 7.188911, 6.203622, 7.803622, 7.77079, 8.417812, 9.509276, 10.660935, 11.860935, 12.849858, 13.44792, 13.821949, 13.844857, 13.477962, 12.71757, 11.920411, 10.924354, 9.906217, 9.122354, 8.8716, 9.024956, 9.49423, 10.443028, 11.793786, 13.167209, 11.003878, 8.723527, 6.162278, 3.162278, 0.0, 0.0, 0.0]"
770,"[0.0, 0.0, 0.0, 0.0, 1.16619, 2.778642, 4.567496, 6.537268, 8.507039, 9.42891, 9.856067, 9.878289, 9.520969, 9.163649, 8.475588, 7.455784, 6.469328, 5.577987, 4.859962, 4.479766, 4.874176, 5.860632, 7.149497, 8.663389, 10.07669, 11.330809, 12.188065, 12.898384, 13.019887, 12.927722, 10.259389, 9.434965, 8.327123, 7.211514, 6.212215, 7.774265, 7.627412, 7.99486, 8.843388, 9.910066, 11.038741, 12.061979, 12.802374, 13.147313, 13.244987, 12.886643, 12.225475, 11.391977, 10.346346, 9.254567, 8.364406, 8.014081, 8.024651, 8.698669, 9.952789, 11.374132, 12.724743, 10.827377, 8.591309, 5.922976, 3.059412, 0.0, 0.0, 0.0]"
771,"[0.0, 0.0, 0.0, 0.0, 1.077033, 2.341944, 3.954396, 5.566847, 7.366847, 8.089814, 8.63598, 8.63598, 8.479551, 7.944462, 7.221495, 6.235039, 5.222587, 4.399021, 3.85522, 3.85522, 4.29551, 5.404311, 6.741627, 8.256584, 9.685544, 11.028314, 12.098002, 12.68948, 12.894723, 12.552061, 9.94438, 8.954746, 7.916651, 6.889553, 6.140436, 7.789678, 7.709625, 8.340536, 9.342932, 10.528718, 11.665154, 12.676647, 13.190914, 13.404894, 13.237999, 12.86064, 12.349418, 11.720693, 10.798905, 10.0746, 9.386747, 9.157573, 9.243995, 9.943513, 10.925437, 12.329072, 13.604937, 11.478908, 9.070589, 6.379864, 3.255764, 0.0, 0.0, 0.0]"
772,"[0.0, 0.0, 0.0, 0.0, 1.216553, 2.829004, 4.672913, 6.516822, 8.604883, 9.476392, 9.833712, 9.959575, 9.90452, 9.536924, 8.891083, 8.087502, 7.012158, 6.023303, 5.127459, 4.533767, 4.648201, 5.315824, 6.515824, 7.817232, 9.514288, 10.779248, 11.907923, 12.628217, 13.063437, 12.798204, 10.252619, 9.405804, 8.099723, 6.880114, 5.816316, 7.216316, 7.021649, 7.451344, 8.197765, 9.261563, 10.492153, 11.4735, 12.229591, 12.741529, 12.869497, 12.438908, 11.818294, 11.029371, 9.843585, 8.891288, 8.032928, 7.585003, 7.617835, 8.466363, 9.41866, 10.905447, 12.454666, 10.610758, 8.348016, 5.939697, 3.11127, 0.0, 0.0, 0.0]"
773,"[0.0, 0.0, 0.0, 0.0, 1.280625, 2.694838, 4.256888, 5.953945, 7.797854, 8.361138, 8.946924, 9.173728, 9.265527, 8.944772, 8.442504, 7.519537, 6.451793, 5.228624, 4.337925, 3.820905, 4.008783, 4.810828, 6.033997, 7.489602, 9.005921, 10.214874, 11.360052, 12.004302, 12.349346, 12.217478, 9.743615, 8.724524, 7.556331, 6.289416, 5.360969, 6.702609, 6.702609, 7.281607, 8.203478, 9.263793, 10.451975, 11.402732, 12.158823, 12.576755, 12.568196, 12.201704, 11.488501, 10.500952, 9.518114, 8.641755, 8.078424, 8.002705, 8.234163, 8.991359, 10.065159, 11.328723, 12.622481, 10.778572, 8.498221, 5.968399, 3.104835, 0.0, 0.0, 0.0]"
774,"[0.0, 0.0, 0.0, 0.0, 1.019804, 2.236356, 3.65057, 5.45057, 7.25057, 8.041843, 8.669199, 8.904228, 8.75347, 8.295111, 7.748945, 6.799464, 5.782677, 4.533435, 3.757479, 3.386995, 3.757479, 4.581046, 6.078412, 7.666793, 9.188975, 10.430057, 11.415346, 12.12566, 12.303975, 12.050696, 9.544704, 8.715844, 7.373074, 6.240693, 5.293915, 6.81707, 6.81707, 7.552159, 8.515489, 9.80493, 10.965057, 11.952605, 12.552605, 12.919097, 12.886967, 12.243293, 11.731355, 10.840155, 10.019134, 8.987491, 8.509933, 8.142337, 8.492662, 9.289854, 10.530915, 11.92183, 13.426268, 11.367142, 8.861149, 6.177868, 3.224903, 0.0, 0.0, 0.0]"
775,"[0.0, 0.0, 0.0, 0.0, 1.216553, 2.829004, 4.429004, 6.229004, 8.229004, 9.022427, 9.449583, 9.74695, 9.65575, 9.178905, 8.433841, 7.471266, 6.593703, 5.684903, 4.882858, 4.617947, 4.882555, 5.475203, 6.561999, 8.004219, 9.44553, 10.665139, 11.772982, 12.57691, 12.821899, 12.643329, 10.08208, 9.08225, 7.833746, 6.690338, 5.827597, 7.24181, 7.170587, 7.625733, 8.514888, 9.455828, 10.571437, 11.590527, 12.32375, 12.578003, 12.645382, 12.324632, 11.666274, 10.846762, 9.852657, 8.967493, 8.200641, 7.752716, 7.921538, 8.633353, 9.518518, 10.918831, 12.480881, 10.500982, 8.374953, 5.966634, 3.1241, 0.0, 0.0, 0.0]"
776,"[0.0, 0.0, 0.0, 0.0, 1.264911, 2.788066, 4.685432, 6.529341, 8.568949, 9.343646, 9.820491, 9.723125, 9.690293, 9.263136, 8.637742, 7.637742, 6.662363, 5.572396, 4.681055, 4.286646, 4.700859, 5.48869, 6.807187, 8.519182, 10.167711, 11.473791, 12.581634, 13.327704, 13.494599, 13.242875, 10.522581, 9.699653, 8.328189, 7.128189, 5.976491, 7.418712, 7.365254, 7.930939, 8.793681, 9.937089, 11.185593, 11.902934, 12.643329, 12.988268, 13.085942, 12.631286, 12.129162, 11.295664, 10.130204, 9.038424, 8.244577, 7.708605, 7.861417, 8.655264, 9.87164, 11.257847, 12.761241, 10.721634, 8.485566, 5.854976, 3.026549, 0.0, 0.0, 0.0]"
777,"[0.0, 0.0, 0.0, 0.0, 1.264911, 2.788066, 4.57692, 6.546692, 8.605818, 9.504237, 9.981083, 10.036137, 9.763422, 9.266346, 8.38364, 7.38364, 6.539731, 5.47513, 4.737702, 4.351504, 4.632129, 5.194179, 6.561723, 7.900433, 9.511998, 10.737366, 11.858598, 12.458598, 12.895267, 12.805884, 10.299891, 9.405464, 8.247684, 6.928309, 5.776611, 7.190824, 7.00197, 7.559749, 8.479125, 9.614214, 10.608319, 11.616, 12.246589, 12.520453, 12.650275, 12.330017, 11.619703, 10.638356, 9.776944, 8.647122, 8.015082, 7.64087, 7.878424, 8.429304, 9.470615, 10.734887, 12.211732, 10.324936, 8.161605, 5.720294, 3.0, 0.0, 0.0, 0.0]"
778,"[0.0, 0.0, 0.0, 0.0, 1.341641, 2.954092, 4.840889, 6.727685, 8.727685, 9.386044, 9.753491, 9.846594, 9.803707, 9.524172, 8.966392, 8.267118, 7.135747, 6.012949, 5.092484, 4.727296, 4.788312, 5.462939, 6.7116, 8.147668, 9.856313, 11.487886, 12.876775, 13.770568, 14.398064, 13.892737, 10.919523, 9.904846, 8.564436, 7.143093, 6.143367, 7.666521, 7.477955, 8.042862, 8.880992, 9.880718, 11.269608, 12.346485, 13.121988, 13.347629, 13.399659, 12.650946, 11.752065, 10.775297, 9.792459, 8.9161, 8.365221, 8.289501, 8.246614, 8.959527, 10.171838, 11.618798, 13.106206, 11.262297, 9.026229, 6.357896, 3.298485, 0.0, 0.0, 0.0]"
779,"[0.0, 0.0, 0.0, 0.0, 1.264911, 2.720933, 4.370175, 6.181252, 8.191227, 8.936292, 9.48027, 9.642104, 9.642104, 9.281371, 8.68561, 7.705414, 6.894337, 5.907881, 4.979749, 4.459962, 4.70507, 5.228224, 6.112404, 7.54536, 9.067542, 10.308623, 11.46875, 12.36763, 12.654876, 12.570647, 10.064654, 9.170227, 7.827457, 6.602699, 5.48687, 6.942892, 6.76649, 7.388375, 8.230948, 9.250464, 10.300435, 11.287983, 11.931009, 12.345746, 12.390029, 11.923644, 11.363252, 10.677339, 9.72663, 8.8885, 8.410942, 8.091799, 8.134686, 8.774862, 9.665023, 10.881462, 12.213864, 10.327068, 8.163737, 5.831356, 3.052868, 0.0, 0.0, 0.0]"
780,"[0.0, 0.0, 0.0, 0.0, 1.264911, 2.720933, 4.429734, 6.399505, 8.458631, 9.252846, 9.796824, 9.931933, 9.80607, 9.444, 8.799088, 7.930458, 6.980977, 5.961689, 5.089254, 4.569467, 4.718721, 5.544759, 6.720138, 8.227898, 9.839463, 11.422403, 12.565502, 13.35118, 13.804477, 13.45255, 10.588985, 9.514276, 8.170818, 6.799354, 5.986929, 7.442951, 7.303339, 7.871094, 8.692948, 9.981897, 11.156464, 12.370786, 13.272855, 13.822464, 13.608484, 13.131961, 12.238168, 11.114979, 9.978543, 9.174386, 8.62032, 8.29979, 8.408303, 9.1, 10.273226, 11.64644, 13.159476, 11.262109, 8.921169, 6.135491, 3.162278, 0.0, 0.0, 0.0]"
781,"[0.0, 0.0, 0.0, 0.0, 1.264911, 2.720933, 4.429734, 6.399505, 8.458631, 9.252846, 9.683621, 9.818729, 9.692866, 9.330796, 8.685884, 7.930458, 7.08655, 5.875096, 5.002661, 4.482875, 4.632129, 5.194179, 6.561723, 8.017453, 9.564337, 10.891393, 12.107832, 12.791113, 12.927372, 12.722129, 10.114448, 8.94841, 7.707349, 6.571365, 5.600208, 7.014422, 7.00197, 7.559749, 8.479125, 9.614214, 10.807681, 11.815362, 12.445951, 12.719815, 12.600165, 12.080546, 11.370231, 10.448443, 9.388793, 8.508442, 7.834594, 7.549679, 7.629733, 8.5479, 9.589211, 11.059439, 12.331428, 10.542574, 8.210193, 5.768882, 2.884441, 0.0, 0.0, 0.0]"
782,"[0.0, 0.0, 0.0, 0.0, 1.4, 3.0, 4.6, 6.411077, 8.421052, 9.06066, 9.500268, 9.797634, 9.695358, 9.297835, 8.599867, 7.637293, 6.564547, 5.455746, 4.564405, 4.071292, 4.16045, 4.94828, 6.235077, 7.677297, 9.27008, 10.665139, 11.613938, 12.272726, 12.517714, 12.339144, 9.777895, 8.778695, 7.675331, 6.531923, 5.469182, 6.925203, 6.886308, 7.413859, 8.303014, 9.443954, 10.517754, 11.524422, 12.028514, 12.307553, 12.374932, 11.855085, 11.136339, 10.274928, 9.297845, 8.231166, 7.501816, 7.252789, 7.484246, 8.191555, 9.291226, 10.895042, 12.385859, 10.54195, 8.37862, 5.937309, 3.052868, 0.0, 0.0, 0.0]"
783,"[0.0, 0.0, 0.0, 0.0, 1.131371, 2.545584, 4.107634, 5.669684, 7.390149, 8.145575, 8.701133, 8.847884, 8.994634, 8.730191, 8.108306, 7.215568, 6.401194, 5.258079, 4.434512, 4.169601, 4.309121, 5.027145, 6.272537, 7.650056, 8.859128, 10.250257, 11.437805, 12.234409, 12.832115, 12.832115, 10.224434, 9.024434, 7.830967, 6.488197, 5.559749, 6.840374, 6.852826, 7.325409, 8.223828, 9.384515, 10.665139, 11.613938, 12.272726, 12.517714, 12.356754, 11.921533, 11.204192, 10.355664, 9.509395, 8.671265, 8.06839, 7.873724, 7.987744, 8.661762, 9.827223, 11.330617, 12.906278, 11.095201, 8.859133, 6.251452, 3.224903, 0.0, 0.0, 0.0]"
784,"[0.0, 0.0, 0.0, 0.0, 1.0, 2.16619, 3.608411, 5.220862, 7.009717, 7.718518, 8.201569, 8.3718, 8.173562, 7.784708, 7.275907, 6.626665, 5.646669, 4.798141, 4.030596, 3.655218, 3.855218, 4.822762, 6.057077, 7.624621, 9.036068, 10.466657, 11.53499, 12.403323, 12.483674, 12.335667, 9.705078, 8.649197, 7.380864, 6.365424, 5.619003, 7.061224, 7.145829, 7.725728, 8.723558, 9.790236, 10.909266, 11.81989, 12.447672, 12.690923, 12.699214, 12.374032, 11.736123, 11.015238, 10.121697, 9.267137, 8.593119, 8.510144, 8.859416, 9.663573, 11.074737, 12.743786, 14.088089, 11.852021, 9.435412, 6.462198, 3.231099, 0.0, 0.0, 0.0]"
785,"[0.0, 0.0, 0.0, 0.0, 1.264911, 2.720933, 4.429734, 6.138535, 8.108306, 8.730191, 9.160966, 9.17263, 9.025879, 8.470321, 7.86415, 6.977353, 5.977999, 5.015949, 4.496162, 4.215537, 4.496162, 5.618961, 7.018961, 8.404885, 9.846196, 11.173252, 12.012625, 12.695906, 12.921548, 12.896846, 10.289165, 9.49268, 8.371448, 7.307676, 6.414221, 8.063464, 7.987744, 8.425694, 9.391793, 10.499227, 11.678412, 12.695762, 13.364095, 13.67607, 13.575303, 13.087816, 12.413455, 11.642489, 10.571437, 9.654066, 8.925578, 8.615421, 8.687826, 9.455193, 10.526023, 11.777135, 13.063722, 11.09395, 8.677341, 5.994059, 3.130495, 0.0, 0.0, 0.0]"
786,"[0.0, 0.0, 0.0, 0.0, 1.019804, 2.434017, 4.034017, 5.634017, 7.643993, 8.634164, 9.259558, 9.368359, 9.291513, 8.623179, 7.690237, 6.545056, 5.468711, 4.39277, 3.77224, 3.77224, 4.142723, 5.219069, 6.925921, 8.62142, 10.227669, 11.741246, 12.810934, 13.541309, 13.732381, 13.38148, 10.602992, 9.613357, 8.252071, 6.860942, 5.942775, 7.46593, 7.46593, 8.178843, 9.468283, 10.917634, 12.258044, 13.442403, 14.118379, 14.52443, 14.329199, 13.939498, 13.246635, 12.422652, 11.219409, 10.271541, 9.494734, 9.058292, 9.302612, 10.099804, 11.332303, 12.765742, 14.321833, 11.989453, 9.48346, 6.530495, 3.4, 0.0, 0.0, 0.0]"
787,"[0.0, 0.0, 0.0, 0.0, 1.131371, 2.411996, 3.974046, 5.694511, 7.581307, 8.23879, 8.666966, 8.813717, 8.742494, 8.072251, 7.499949, 6.685575, 5.697885, 4.614328, 4.197775, 4.001027, 4.562622, 5.68542, 7.159343, 8.595411, 10.008712, 11.160371, 12.116462, 12.876854, 13.240786, 13.207681, 10.6, 9.611077, 8.267099, 7.00874, 6.022953, 7.465174, 7.540893, 8.143997, 9.038424, 10.231892, 11.56816, 12.565805, 13.226973, 13.711199, 13.511837, 13.141667, 12.383255, 11.50687, 10.507041, 9.711174, 8.952097, 8.637145, 8.803211, 9.491065, 10.509203, 11.88651, 13.300336, 11.29036, 8.882042, 6.251452, 3.224903, 0.0, 0.0, 0.0]"
788,"[0.0, 0.0, 0.0, 0.0, 1.0, 2.4, 4.012452, 5.661694, 7.370495, 8.267861, 8.656716, 8.656716, 8.449694, 8.021518, 7.124151, 6.056407, 5.076411, 4.034191, 3.319251, 3.213678, 3.834209, 4.814205, 6.301001, 8.015667, 9.682489, 10.902098, 11.980371, 12.639159, 12.767128, 12.46862, 9.90737, 8.778695, 7.675331, 6.531923, 5.669182, 7.281633, 7.61695, 8.262791, 9.338819, 10.659114, 11.910226, 12.876424, 13.61679, 13.883531, 13.571555, 13.11631, 12.461818, 11.444468, 10.486029, 9.600865, 8.913011, 8.547848, 8.71667, 9.475746, 10.795126, 12.198761, 13.760729, 11.78083, 9.372511, 6.529977, 3.405877, 0.0, 0.0, 0.0]"
789,"[0.0, 0.0, 0.0, 0.0, 0.848528, 2.014719, 3.180909, 4.704064, 6.227218, 7.027932, 7.510984, 7.759007, 7.635853, 7.312698, 6.663456, 5.614214, 4.6, 3.4, 2.6, 2.4, 3.0, 4.2, 5.811077, 7.611077, 9.211077, 10.411077, 11.411077, 12.0, 12.2, 11.8, 9.4, 8.4, 7.2, 5.877033, 5.043223, 6.323848, 6.3363, 6.925154, 7.907247, 9.073438, 10.234124, 11.182922, 11.955317, 12.30451, 12.234871, 11.919589, 11.202248, 10.203049, 9.23695, 8.315849, 7.645842, 7.401933, 7.639883, 8.397663, 9.456022, 10.8, 12.2, 10.4, 8.2, 5.8, 3.0, 0.0, 0.0, 0.0]"
790,"[0.0, 0.0, 0.0, 0.0, 1.216553, 2.829004, 4.441456, 6.252533, 8.252533, 9.03598, 9.433504, 9.86066, 9.893492, 9.602293, 8.867204, 8.12214, 6.907153, 5.6957, 4.708009, 4.337525, 4.337525, 5.036059, 6.373375, 7.80633, 9.417896, 10.658978, 11.743504, 12.334982, 12.622227, 12.396585, 9.890593, 9.003377, 7.965282, 6.740523, 5.676725, 6.941636, 6.744325, 7.107967, 7.95054, 9.239981, 10.760747, 12.02327, 12.856768, 13.661206, 13.785803, 13.039733, 12.097964, 11.026912, 9.686503, 8.397554, 7.919996, 7.638138, 7.875692, 8.515868, 9.781908, 11.172823, 12.835676, 10.948879, 8.785549, 6.177868, 3.224903, 0.0, 0.0, 0.0]"
791,"[0.0, 0.0, 0.0, 0.0, 1.264911, 2.720933, 4.370175, 6.078976, 7.86783, 8.662045, 9.09282, 9.164042, 9.017292, 8.642651, 7.86415, 6.977353, 6.151316, 5.389266, 4.799673, 4.685239, 5.127459, 5.953497, 7.153497, 8.661257, 10.001059, 11.24212, 12.385219, 12.985219, 13.252839, 13.087786, 10.404504, 9.329794, 8.450259, 7.412309, 6.683821, 8.392622, 8.447676, 8.963279, 9.834334, 10.890215, 11.901709, 13.031014, 13.580623, 14.011083, 13.848743, 13.634441, 12.897295, 12.081389, 11.115192, 10.453108, 9.758192, 9.522124, 9.59196, 10.168457, 10.992881, 12.241216, 13.49698, 11.457372, 8.983509, 6.315176, 3.255764, 0.0, 0.0, 0.0]"
792,"[0.0, 0.0, 0.0, 0.0, 1.077033, 2.341944, 3.797966, 5.506767, 7.295621, 8.007443, 8.629328, 8.893771, 8.74702, 8.372379, 7.714896, 6.828099, 5.828745, 4.666695, 3.884937, 3.602094, 3.733465, 4.426568, 5.723624, 7.071068, 8.485281, 9.634261, 10.661359, 11.296683, 11.480115, 11.2765, 8.996149, 8.116887, 7.065132, 6.067991, 5.225418, 6.625418, 6.675819, 7.434802, 8.50468, 9.696446, 10.904127, 11.891676, 12.459749, 12.632, 12.432753, 11.86468, 11.108589, 10.100908, 9.092589, 8.29773, 7.781277, 7.54982, 7.94982, 8.958139, 10.105175, 11.424554, 12.812103, 10.812103, 8.403784, 5.842534, 3.0, 0.0, 0.0, 0.0]"
793,"[0.0, 0.0, 0.0, 0.0, 1.077033, 2.243223, 3.685444, 5.405909, 7.102965, 7.722988, 8.118848, 8.238677, 7.960433, 7.429567, 6.898701, 6.231078, 5.234714, 4.239707, 3.705972, 3.434209, 3.705972, 4.752738, 6.192321, 7.713931, 9.236113, 10.599745, 11.517116, 12.104183, 12.230468, 11.90192, 9.372098, 8.551076, 7.519433, 6.653296, 5.906876, 7.43003, 7.565138, 8.162526, 9.028663, 10.160886, 11.358025, 12.299794, 12.943468, 13.346398, 13.378528, 12.894302, 12.16775, 11.45424, 10.420201, 9.526659, 8.890591, 8.642542, 8.908839, 9.73346, 10.984573, 12.489408, 13.976815, 11.740747, 9.266884, 6.403319, 3.298485, 0.0, 0.0, 0.0]"
794,"[0.0, 0.0, 0.0, 0.0, 1.131371, 2.693421, 4.305872, 5.918324, 7.707178, 8.364662, 8.511413, 8.548203, 8.584994, 8.210353, 7.638051, 6.753872, 5.82574, 4.897608, 4.308015, 4.091463, 4.666842, 5.745731, 7.024621, 8.409072, 10.016753, 11.247342, 12.115675, 12.784008, 13.048799, 12.721469, 10.09088, 9.233624, 8.165291, 7.14745, 6.479551, 8.200016, 8.388939, 8.914968, 9.867265, 10.975107, 11.974936, 12.859377, 13.511837, 13.7868, 13.483115, 13.17943, 12.449055, 11.640337, 10.677521, 9.957968, 9.385268, 9.117998, 9.207352, 9.99288, 10.979106, 12.265692, 13.689485, 11.630359, 9.124366, 6.441084, 3.310589, 0.0, 0.0, 0.0]"
795,"[0.0, 0.0, 0.0, 0.0, 1.264911, 2.720933, 4.429734, 6.399505, 8.369277, 9.163492, 9.594266, 9.729374, 9.480068, 9.072346, 8.427434, 7.672008, 6.722527, 5.634517, 4.897088, 4.377302, 4.526556, 5.194179, 6.561723, 8.017453, 9.564337, 10.891393, 11.835336, 12.621013, 12.757272, 12.552029, 9.944348, 9.050806, 7.707349, 6.571365, 5.600208, 7.05623, 7.05623, 7.614009, 8.533385, 9.876154, 11.027813, 12.243789, 13.107353, 13.627647, 13.360906, 12.907291, 11.976231, 10.821467, 9.557195, 8.616255, 7.876403, 7.687837, 7.767891, 8.547937, 9.653929, 11.192681, 12.614375, 10.825521, 8.589453, 6.08346, 3.130495, 0.0, 0.0, 0.0]"
796,"[0.0, 0.0, 0.0, 0.0, 1.280625, 2.842675, 4.686584, 6.666483, 8.792512, 9.511887, 9.836633, 9.879521, 9.688476, 9.085601, 8.427242, 7.706636, 6.81984, 5.752096, 5.053563, 4.711922, 4.762284, 5.411526, 6.730024, 8.185753, 9.816343, 11.428217, 12.586109, 13.346501, 13.86615, 13.435561, 10.607134, 9.611077, 8.267099, 6.80874, 5.889365, 7.451415, 7.252789, 7.766539, 8.660966, 9.616409, 10.66204, 11.657269, 12.248748, 12.573929, 12.74618, 12.264528, 11.636746, 10.919406, 9.920206, 8.853528, 8.183521, 7.816073, 7.772164, 8.410114, 9.668474, 11.219111, 12.812903, 11.012903, 8.812903, 6.212903, 3.206244, 0.0, 0.0, 0.0]"
797,"[0.0, 0.0, 0.0, 0.0, 1.414214, 3.026665, 4.826665, 6.626665, 8.63664, 9.232402, 9.659558, 9.703467, 9.612268, 9.125447, 8.457113, 7.494538, 6.47525, 5.366449, 4.564405, 4.117192, 4.30507, 5.003603, 6.30097, 7.733925, 9.256107, 10.497189, 11.581715, 12.29203, 12.579275, 12.325997, 9.820004, 8.824774, 7.482005, 6.257246, 5.310468, 6.652108, 6.601707, 7.180705, 7.964152, 9.188911, 10.454951, 11.500582, 12.162666, 12.579275, 12.478904, 12.025289, 11.314975, 10.332136, 9.357748, 8.431021, 7.719176, 7.344964, 7.719176, 8.557306, 9.616956, 11.0383, 12.61998, 10.722613, 8.442263, 5.968399, 3.104835, 0.0, 0.0, 0.0]"
798,"[0.0, 0.0, 0.0, 0.0, 1.414214, 3.063456, 4.907365, 6.804731, 8.958797, 9.514355, 9.924239, 9.967126, 9.790225, 9.198209, 8.509062, 7.449936, 6.457567, 5.369558, 4.439963, 4.007866, 4.288491, 5.114529, 6.325982, 7.819556, 9.379347, 10.644306, 11.614566, 12.331907, 12.767128, 12.639159, 10.093575, 9.099907, 7.819282, 6.335065, 5.254714, 6.668928, 6.427893, 7.044635, 8.055663, 9.136014, 10.195664, 11.407975, 12.118289, 12.438547, 12.358196, 12.084333, 11.216, 10.208319, 9.256022, 8.397663, 7.639883, 7.401933, 7.645842, 8.353151, 9.452821, 10.895042, 12.332992, 10.489083, 8.325752, 5.884441, 3.0, 0.0, 0.0, 0.0]"
799,"[0.0, 0.0, 0.0, 0.0, 1.216553, 2.829004, 4.672913, 6.516822, 8.604883, 9.476392, 9.833712, 9.876599, 9.645142, 9.277546, 8.631705, 7.828124, 6.835755, 6.023303, 4.935294, 4.493073, 4.607508, 5.27513, 6.455029, 8.085315, 9.493634, 10.774259, 11.932503, 12.560285, 12.738855, 12.493867, 9.932617, 8.932788, 7.739321, 6.4642, 5.56578, 6.979994, 6.859529, 7.45529, 8.498172, 9.840942, 11.233862, 12.433862, 13.231021, 13.652538, 13.675446, 12.90792, 11.951829, 10.988604, 9.970466, 8.754091, 8.170505, 7.939048, 7.981935, 8.532814, 9.559912, 10.824184, 12.37401, 10.487214, 8.323883, 5.882572, 3.162278, 0.0, 0.0, 0.0]"
800,"[0.0, 0.0, 0.0, 0.0, 1.019804, 2.284715, 3.80787, 5.420321, 7.032773, 7.62542, 7.922559, 7.961455, 7.763217, 7.43139, 6.950309, 6.236787, 5.395848, 4.581634, 3.933465, 3.802094, 4.084937, 4.925876, 6.169785, 7.70066, 9.033041, 10.407663, 11.351606, 11.924306, 12.177585, 11.99927, 9.493277, 8.707749, 7.705354, 6.730965, 5.84181, 7.454262, 7.544874, 8.140635, 8.907487, 10.250257, 11.466232, 12.483583, 13.385651, 13.896873, 14.009486, 13.335125, 12.594759, 11.580082, 10.50903, 9.388736, 8.847122, 8.656427, 8.913126, 9.604824, 10.978038, 12.596685, 14.11692, 11.962854, 9.621914, 6.6487, 3.417601, 0.0, 0.0, 0.0]"
801,"[0.0, 0.0, 0.0, 0.0, 1.077033, 2.418674, 3.941828, 5.650629, 7.439484, 8.249247, 8.751515, 9.072269, 9.060525, 8.685884, 8.079712, 7.235804, 6.113005, 5.048404, 4.266646, 3.707132, 3.838502, 4.679442, 5.890895, 7.384469, 8.94371, 10.14472, 11.088662, 11.750746, 11.957098, 11.912815, 9.580434, 8.686893, 7.461525, 6.295335, 5.324178, 6.738391, 6.72594, 7.245315, 8.288197, 9.431605, 10.625072, 11.632753, 12.463342, 12.728134, 12.600165, 12.080546, 11.370231, 10.583551, 9.722139, 8.841788, 8.402969, 8.294457, 8.509674, 9.229603, 10.437284, 11.566531, 12.830544, 10.771418, 8.439037, 5.831356, 3.052868, 0.0, 0.0, 0.0]"
802,"[0.0, 0.0, 0.0, 0.0, 1.16619, 2.689345, 4.398146, 6.106946, 8.004313, 8.735489, 9.251942, 9.354219, 9.445418, 9.148051, 8.650685, 7.611077, 6.6, 5.432456, 4.553566, 4.17337, 4.37337, 5.17337, 6.351991, 7.640856, 8.830124, 10.063229, 11.131562, 11.850307, 12.120683, 11.999672, 9.566567, 8.547477, 7.417654, 6.353856, 5.607436, 6.88806, 6.800868, 7.244777, 8.154254, 9.220932, 10.485891, 11.469426, 12.186767, 12.502049, 12.42611, 12.043857, 11.385069, 10.43627, 9.557009, 8.666849, 8.11597, 8.12654, 8.357997, 9.032016, 10.0229, 11.238876, 12.400921, 10.557012, 8.320944, 5.887839, 3.059412, 0.0, 0.0, 0.0]"
803,"[0.0, 0.0, 0.0, 0.0, 1.280625, 2.694838, 4.256888, 5.953945, 7.797854, 8.237694, 8.710276, 8.760678, 8.586776, 8.084508, 7.441076, 6.448707, 5.557366, 4.666667, 4.125026, 4.067797, 4.629392, 5.617082, 7.072688, 8.553039, 9.96634, 11.140907, 12.23924, 12.751179, 12.879147, 12.846042, 10.215453, 9.219396, 8.075418, 7.10932, 6.271369, 7.71359, 7.691367, 8.294471, 9.088319, 10.032262, 11.36853, 12.464117, 13.125285, 13.450466, 13.505723, 13.135553, 12.377142, 11.500756, 10.659972, 9.887576, 9.188058, 8.873106, 9.029197, 9.708732, 10.527559, 11.825417, 13.220584, 11.220584, 8.820584, 6.212903, 3.206244, 0.0, 0.0, 0.0]"
804,"[0.0, 0.0, 0.0, 0.0, 1.216553, 2.630766, 4.243218, 6.087127, 7.984493, 8.737712, 9.112353, 9.386698, 9.263254, 8.808108, 8.118961, 7.496297, 6.434122, 5.513657, 4.965864, 4.685239, 4.933262, 5.805697, 6.985596, 8.499488, 10.060737, 11.489058, 12.676443, 13.475033, 13.674395, 13.445526, 10.602992, 9.718551, 8.637118, 7.471658, 6.662431, 8.274883, 8.074883, 8.377827, 9.335606, 10.420133, 11.614815, 12.643242, 13.471669, 13.740002, 13.800654, 13.273871, 12.533505, 11.548987, 10.724563, 9.65623, 8.988331, 8.797636, 9.012853, 9.501325, 10.679814, 12.020327, 13.253455, 11.194329, 8.861949, 6.08346, 3.130495, 0.0, 0.0, 0.0]"
805,"[0.0, 0.0, 0.0, 0.0, 1.16619, 2.507831, 4.120283, 5.732734, 7.453199, 8.130918, 8.633186, 8.864643, 8.814242, 8.535997, 7.858279, 7.01437, 5.891571, 4.776735, 3.934514, 3.662751, 3.828941, 4.550052, 5.823303, 7.110099, 8.548053, 9.617931, 10.51665, 11.137125, 11.591269, 11.346949, 9.110881, 8.293096, 7.232781, 6.023212, 5.276791, 6.493344, 6.582641, 7.102016, 7.970645, 9.062109, 10.278662, 11.140073, 11.813937, 12.343759, 12.251594, 11.78826, 11.284169, 10.519106, 9.445306, 8.504366, 8.147046, 7.826517, 8.087487, 8.867533, 9.973526, 11.224639, 12.621706, 10.651934, 8.415866, 5.909873, 3.046309, 0.0, 0.0, 0.0]"
806,"[0.0, 0.0, 0.0, 0.0, 1.16619, 2.507831, 4.030986, 5.739787, 7.389029, 8.066747, 8.536184, 8.62548, 8.31668, 7.867437, 7.223529, 6.212452, 5.232456, 4.398141, 3.919251, 3.739055, 4.353269, 5.333265, 6.807187, 8.322145, 9.832163, 10.947772, 11.865142, 12.425534, 12.606076, 12.230319, 9.700497, 8.879476, 7.693689, 6.691294, 5.99325, 7.605701, 7.783697, 8.369483, 9.396581, 10.54824, 11.714277, 12.60597, 13.289251, 13.44794, 13.370081, 12.932532, 12.30811, 11.522195, 10.534646, 9.725289, 9.081405, 8.927339, 9.089099, 9.98264, 10.945457, 12.201365, 13.426268, 11.367142, 8.861149, 6.177868, 3.224903, 0.0, 0.0, 0.0]"
807,"[0.0, 0.0, 0.0, 0.0, 1.16619, 2.778642, 4.391093, 6.179948, 8.077314, 8.808491, 9.235647, 9.467104, 9.489327, 9.204412, 8.707045, 7.667437, 6.64815, 5.469528, 4.489532, 3.889532, 4.106085, 4.695677, 5.874299, 7.251818, 8.860137, 10.043585, 11.237052, 11.834294, 12.232638, 12.033391, 9.633391, 8.62571, 7.433944, 6.191815, 5.114114, 6.280304, 6.203459, 6.884273, 7.872148, 9.157387, 10.497189, 11.581715, 12.29203, 12.579275, 12.443017, 12.063053, 11.299281, 10.25365, 9.15398, 8.329651, 7.603622, 7.372164, 7.707481, 8.453901, 9.471743, 10.983787, 12.47617, 10.578804, 8.490742, 6.016879, 3.104835, 0.0, 0.0, 0.0]"
808,"[0.0, 0.0, 0.0, 0.0, 1.264911, 2.720933, 4.429734, 6.218588, 8.277714, 8.899599, 9.287486, 9.422594, 9.330796, 8.685884, 8.079712, 7.367174, 6.244376, 5.14732, 4.454216, 4.173591, 4.484441, 5.60724, 7.133269, 8.692509, 10.30019, 11.636459, 12.571039, 13.128291, 13.531222, 13.34015, 10.561661, 9.572027, 8.450795, 7.209734, 6.316279, 7.928731, 7.939877, 8.586899, 9.353751, 10.438277, 11.632959, 12.640093, 13.259448, 13.680965, 13.547147, 13.020364, 12.301292, 11.316774, 10.298636, 9.424773, 8.793664, 8.494457, 8.537344, 9.366204, 10.486498, 11.837256, 13.210679, 11.323883, 8.882572, 6.162278, 3.162278, 0.0, 0.0, 0.0]"
809,"[0.0, 0.0, 0.0, 0.0, 1.16619, 2.507831, 4.030986, 5.643437, 7.363902, 8.041621, 8.543889, 8.717791, 8.667389, 8.389145, 7.711426, 6.867517, 5.891571, 4.961977, 4.119756, 3.847993, 4.014183, 4.735294, 5.823303, 7.110099, 8.548053, 9.617931, 10.592319, 11.212794, 11.480064, 11.235744, 8.999676, 8.106222, 7.045907, 6.058031, 5.234881, 6.649094, 6.72594, 7.245315, 8.079125, 9.222532, 10.241424, 11.272013, 11.945877, 12.226227, 11.971974, 11.692935, 10.959713, 10.135092, 9.268954, 8.514888, 7.775036, 7.526912, 7.666524, 8.488378, 9.594371, 10.863439, 12.260506, 10.471652, 8.235584, 5.729591, 3.046309, 0.0, 0.0, 0.0]"
810,"[0.0, 0.0, 0.0, 0.0, 1.2, 2.614214, 4.226665, 6.037742, 8.07735, 8.774717, 9.25787, 9.434272, 9.41205, 8.984894, 8.429168, 7.697991, 6.803564, 5.81471, 4.923369, 4.430256, 4.54469, 5.212313, 6.256222, 7.661141, 9.220932, 10.348626, 11.33216, 12.049501, 12.203823, 12.075855, 9.667536, 8.819008, 7.671972, 6.733261, 5.669463, 7.069463, 6.984858, 7.381722, 8.079689, 9.099204, 10.132309, 11.127539, 11.716462, 12.085173, 12.085173, 11.86114, 11.064536, 10.475613, 9.467294, 8.64544, 7.89239, 7.693764, 7.769483, 8.495512, 9.36165, 10.748162, 11.978244, 10.091448, 7.965419, 5.685068, 2.842534, 0.0, 0.0, 0.0]"
811,"[0.0, 0.0, 0.0, 0.0, 1.341641, 2.864795, 4.573596, 6.470963, 8.559024, 9.256991, 9.743812, 9.846088, 9.748721, 9.26066, 8.635266, 7.825291, 6.838835, 5.759945, 4.881055, 4.633032, 4.889054, 5.713675, 7.080626, 8.639867, 10.259354, 11.776546, 12.990868, 13.766371, 14.349584, 13.896287, 10.923073, 10.029281, 8.814959, 7.351395, 6.433227, 7.956382, 7.775465, 8.185349, 9.117729, 10.120125, 11.382648, 12.567007, 13.481095, 14.060758, 14.507713, 13.958104, 13.220958, 12.287352, 11.084109, 9.832996, 9.20938, 8.670368, 8.63076, 9.36327, 10.3585, 11.798916, 13.264137, 11.264137, 8.822826, 6.215145, 3.162278, 0.0, 0.0, 0.0]"
812,"[0.0, 0.0, 0.0, 0.0, 1.019804, 2.284715, 3.80787, 5.596724, 7.385578, 8.252571, 8.708125, 8.882026, 8.507385, 7.999156, 7.243731, 6.371794, 5.240423, 4.226209, 3.545584, 3.046669, 3.198141, 4.074676, 5.395141, 6.854267, 8.45788, 9.874489, 10.848877, 11.469352, 11.751166, 11.60316, 9.18655, 8.293096, 7.118346, 5.777406, 4.766378, 5.98293, 5.859776, 6.493585, 7.493585, 8.616553, 9.8, 10.8, 11.433105, 11.713456, 11.601517, 11.098884, 10.348126, 9.564263, 8.483912, 7.595851, 6.898485, 6.705264, 6.764823, 7.534594, 8.666975, 9.908286, 11.230753, 9.521952, 7.552181, 5.2198, 2.778489, 0.0, 0.0, 0.0]"
813,"[0.0, 0.0, 0.0, 0.0, 1.077033, 2.341944, 3.865099, 5.573899, 7.417808, 8.151852, 8.686941, 8.763787, 8.654986, 8.225291, 7.630766, 6.655387, 5.655387, 4.502601, 3.720843, 3.30429, 3.679669, 4.479669, 5.832456, 7.409072, 8.818144, 10.051249, 11.125113, 11.854935, 11.926214, 11.805203, 9.372098, 8.312448, 6.982626, 5.967186, 5.045315, 6.459529, 6.889224, 7.689224, 8.704664, 9.946792, 11.078163, 11.924979, 12.615704, 12.896603, 12.929595, 12.547341, 11.856616, 10.886357, 10.022163, 9.023073, 8.382896, 8.226805, 8.545948, 9.281997, 10.470366, 11.775638, 12.958278, 10.918671, 8.485566, 5.854976, 3.026549, 0.0, 0.0, 0.0]"
814,"[0.0, 0.0, 0.0, 0.0, 1.077033, 2.341944, 3.797966, 5.447208, 7.258285, 7.992329, 8.527418, 8.683848, 8.448819, 8.051956, 7.260683, 6.285304, 5.472852, 4.779749, 4.086646, 4.143875, 4.584165, 5.492965, 6.741627, 8.256584, 9.685544, 10.926626, 11.825506, 12.416984, 12.622227, 12.396585, 9.890593, 9.071766, 8.033671, 7.006573, 6.126223, 7.775465, 7.883977, 8.514888, 9.441615, 10.761909, 11.976231, 13.138276, 14.010759, 14.476953, 14.563793, 13.900228, 13.040817, 12.024243, 11.061018, 9.962685, 9.551539, 9.351539, 9.621915, 10.186325, 11.320058, 12.504418, 13.910295, 11.629944, 9.221625, 6.379091, 3.405877, 0.0, 0.0, 0.0]"
815,"[0.0, 0.0, 0.0, 0.0, 0.848528, 1.979899, 3.394113, 4.956162, 6.676628, 7.440551, 8.098034, 8.392622, 8.286594, 8.022151, 7.626252, 6.662018, 5.585673, 4.695337, 3.839315, 3.447383, 3.839315, 4.856101, 6.330024, 7.939096, 9.722156, 11.105603, 12.064042, 12.632115, 13.030724, 12.632115, 10.032115, 9.024434, 7.830967, 6.564927, 5.636479, 7.198529, 7.318994, 8.237161, 9.336832, 10.776501, 12.187665, 13.440413, 14.081246, 14.360229, 14.081246, 13.549344, 12.57613, 11.446825, 10.423587, 9.544326, 8.715467, 8.803528, 9.23997, 10.211246, 11.512761, 12.959721, 14.170144, 11.889793, 9.22146, 6.357896, 3.298485, 0.0, 0.0, 0.0]"
816,"[0.0, 0.0, 0.0, 0.0, 1.264911, 2.788066, 4.31122, 6.100075, 7.986871, 8.72196, 9.042714, 9.216616, 8.989811, 8.517229, 7.797854, 7.085315, 6.109369, 5.179775, 4.590183, 4.386591, 4.69744, 5.863126, 7.289797, 8.797556, 10.226516, 11.467577, 12.366459, 13.027627, 13.225068, 13.060015, 10.376734, 9.379911, 8.101837, 6.986228, 6.087509, 7.79631, 7.851364, 8.448752, 9.270606, 10.496718, 11.45625, 12.332636, 13.078705, 13.442637, 13.374305, 13.038353, 12.554126, 11.73822, 10.847021, 9.859473, 9.127092, 8.734933, 8.853222, 9.485362, 10.402732, 11.775946, 13.094315, 11.006254, 8.665314, 6.135491, 3.162278, 0.0, 0.0, 0.0]"
817,"[0.0, 0.0, 0.0, 0.0, 1.0, 2.280625, 3.722845, 5.284895, 6.981952, 7.679008, 8.242292, 8.520536, 8.570938, 8.215523, 7.684657, 6.840748, 5.841393, 4.794627, 4.052986, 3.711417, 3.877607, 4.498138, 5.544904, 6.914675, 8.24412, 9.41887, 10.35758, 11.025479, 11.143769, 11.029311, 8.688371, 7.864042, 6.749881, 5.793191, 4.919774, 6.184685, 6.142876, 6.787763, 7.467469, 8.58163, 9.597069, 10.712678, 11.242541, 11.58553, 11.541247, 11.147692, 10.406724, 9.588939, 8.890895, 8.069041, 7.582245, 7.442632, 7.628279, 8.326322, 9.253049, 10.573343, 11.836145, 10.127344, 7.973278, 5.632338, 2.912044, 0.0, 0.0, 0.0]"
818,"[0.0, 0.0, 0.0, 0.0, 1.019804, 2.236356, 3.848808, 5.49805, 7.341959, 8.219522, 8.791824, 8.791824, 8.755033, 8.353345, 7.736603, 6.947748, 5.967752, 4.755301, 3.878766, 3.319251, 3.485442, 4.376141, 5.764995, 7.258436, 8.700656, 9.975777, 10.860941, 11.480406, 11.701631, 11.518199, 9.076888, 8.230619, 7.163941, 6.100142, 5.336796, 6.601707, 6.652108, 7.369594, 8.389109, 9.589166, 10.924255, 11.841625, 12.502793, 12.740589, 12.797843, 12.237451, 11.551538, 10.72861, 9.777901, 8.746258, 8.268701, 8.145257, 8.307016, 9.116242, 10.357303, 11.573742, 12.906145, 10.847019, 8.514638, 5.831356, 3.052868, 0.0, 0.0, 0.0]"
819,"[0.0, 0.0, 0.0, 0.0, 1.0, 2.280625, 3.842675, 5.539731, 7.236787, 8.080696, 8.520536, 8.570938, 8.397036, 8.041621, 7.274745, 6.448707, 5.557366, 4.481425, 3.739784, 3.557178, 3.828941, 4.630986, 6.153544, 7.70761, 9.154122, 10.461795, 11.606974, 12.267791, 12.54683, 12.441958, 9.968095, 8.949005, 7.84157, 6.68909, 5.733647, 7.256801, 7.504926, 8.069832, 9.130147, 10.379345, 11.45619, 12.242105, 12.932532, 13.199273, 13.110762, 12.674093, 12.154142, 11.26245, 10.177924, 9.385855, 8.834975, 8.482722, 8.804998, 9.714948, 10.894133, 12.341093, 13.78578, 11.576708, 9.143603, 6.315176, 3.255764, 0.0, 0.0, 0.0]"
820,"[0.0, 0.0, 0.0, 0.0, 1.264911, 2.720933, 4.429734, 6.3271, 8.366708, 9.111772, 9.466827, 9.558027, 9.26066, 8.821052, 8.225291, 7.614214, 6.638835, 5.759945, 5.054372, 4.717192, 4.782103, 5.606724, 6.973675, 8.359598, 9.812388, 11.147477, 12.181516, 12.776736, 13.096385, 12.802631, 10.202631, 9.22815, 8.000891, 6.800891, 5.979036, 7.502191, 7.513855, 8.057833, 8.821164, 9.739331, 10.722169, 11.684986, 12.368267, 12.804937, 13.002378, 12.584447, 11.989226, 11.203311, 10.126466, 9.038864, 8.365017, 7.99742, 8.15918, 8.872093, 10.029873, 11.479223, 12.889253, 10.830127, 8.594059, 5.994059, 3.130495, 0.0, 0.0, 0.0]"
821,"[0.0, 0.0, 0.0, 0.0, 1.216553, 2.672574, 4.381375, 6.351147, 8.320918, 9.163492, 9.594266, 9.729374, 9.480068, 9.072346, 8.427434, 7.540637, 6.696729, 5.608719, 4.679125, 4.264911, 4.545536, 5.242592, 6.590036, 8.083609, 9.52492, 10.685607, 11.596231, 12.224013, 12.603977, 12.495047, 10.053735, 9.16652, 7.839463, 6.614096, 5.546626, 6.960839, 6.840374, 7.370827, 8.100177, 9.044338, 10.038443, 11.038443, 11.835047, 12.258177, 12.48221, 12.113499, 11.357408, 10.362178, 9.329073, 8.310182, 7.726596, 7.495139, 7.603152, 8.203152, 9.350188, 10.584891, 11.814974, 10.094509, 8.094509, 5.533259, 2.842534, 0.0, 0.0, 0.0]"
822,"[0.0, 0.0, 0.0, 0.0, 1.0, 2.16619, 3.778642, 5.487443, 7.196243, 7.905044, 8.388096, 8.388096, 8.093509, 7.784708, 7.275907, 6.426665, 5.446669, 4.479669, 3.679669, 3.279669, 3.696222, 4.676218, 6.040081, 7.649153, 9.249153, 10.44092, 11.261573, 11.883601, 12.107634, 11.747242, 9.338923, 8.505818, 7.486926, 6.318732, 5.559749, 7.121799, 7.242264, 7.991382, 9.058851, 10.219538, 11.377782, 12.348042, 12.875436, 13.23378, 13.200787, 12.606523, 11.895697, 11.048881, 9.920206, 9.035042, 8.617813, 8.448991, 8.615057, 9.453008, 10.736987, 12.034845, 13.430012, 11.420037, 9.020037, 6.212903, 3.206244, 0.0, 0.0, 0.0]"
823,"[0.0, 0.0, 0.0, 0.0, 1.216553, 2.865795, 4.515037, 6.412404, 8.30977, 9.062989, 9.472873, 9.710427, 9.533525, 9.198209, 8.642651, 7.714896, 6.54921, 5.4612, 4.531606, 4.117392, 4.266646, 5.107586, 6.319039, 7.949325, 9.357644, 10.638269, 11.637469, 12.234871, 12.413441, 12.168452, 9.607203, 8.766418, 7.739321, 6.4642, 5.517422, 6.917422, 6.809408, 7.239103, 8.112521, 9.176319, 10.209424, 11.204654, 11.960745, 12.321137, 12.449105, 12.225072, 11.617391, 10.629843, 9.644056, 8.691759, 7.824328, 7.386378, 7.470983, 8.182798, 9.135095, 10.484179, 11.895343, 10.198287, 8.072257, 5.663939, 2.973214, 0.0, 0.0, 0.0]"
824,"[0.0, 0.0, 0.0, 0.0, 1.16619, 2.608411, 4.328876, 6.328876, 8.454905, 9.268614, 9.670302, 9.793746, 9.514211, 9.000633, 8.362375, 7.684657, 6.689276, 5.689921, 4.87747, 4.555633, 4.731083, 5.40571, 6.654371, 8.008437, 9.518455, 10.706636, 11.851815, 12.550376, 13.026899, 12.733145, 10.203323, 9.184232, 8.039054, 6.68909, 5.733647, 7.075287, 7.075287, 7.449499, 8.256936, 9.256662, 10.444843, 11.395601, 12.181516, 12.701136, 12.862096, 12.495604, 11.782401, 10.985915, 9.719875, 8.734586, 7.971255, 7.696911, 7.654023, 8.592733, 9.610575, 10.930869, 12.230461, 10.386552, 8.106201, 5.632338, 2.912044, 0.0, 0.0, 0.0]"
825,"[0.0, 0.0, 0.0, 0.0, 1.019804, 2.284715, 3.80787, 5.596724, 7.385578, 8.252571, 8.708125, 8.74702, 8.520216, 8.145575, 7.390149, 6.518212, 5.677273, 4.715223, 4.022119, 3.739277, 4.171373, 5.012313, 6.392212, 7.933844, 9.646565, 10.92719, 12.085434, 12.884024, 12.953663, 12.555744, 9.994494, 8.994665, 7.63039, 6.63965, 5.890533, 7.490533, 7.581145, 8.376004, 9.442682, 10.636149, 11.836149, 12.825072, 13.423134, 13.843242, 13.86615, 13.302218, 12.512193, 11.715035, 10.686608, 9.66847, 9.141203, 9.018024, 9.171379, 9.81269, 10.920533, 12.211732, 13.765866, 11.602535, 9.161224, 6.44093, 3.44093, 0.0, 0.0, 0.0]"
826,"[0.0, 0.0, 0.0, 0.0, 1.216553, 2.630766, 4.474675, 6.285752, 8.295727, 9.079175, 9.476038, 9.476038, 9.314203, 8.76025, 8.025161, 7.233888, 6.189979, 5.261847, 4.654353, 4.555633, 4.87747, 5.866324, 7.114985, 8.683066, 10.022869, 11.634193, 12.798303, 13.548825, 13.739897, 13.514255, 10.561291, 9.39718, 8.200041, 7.006573, 6.126223, 7.582245, 7.582245, 8.118216, 8.94007, 9.95668, 11.286335, 12.283159, 13.136076, 13.763573, 14.015296, 13.465687, 12.719617, 11.651482, 10.43716, 9.291982, 8.617964, 8.275412, 8.318299, 9.001438, 10.085964, 11.476879, 12.83269, 10.945894, 8.613513, 6.005832, 3.052868, 0.0, 0.0, 0.0]"
827,"[0.0, 0.0, 0.0, 0.0, 1.16619, 2.608411, 4.328876, 6.172785, 8.016694, 8.830402, 9.232091, 9.232091, 9.108647, 8.706958, 7.89325, 7.049341, 6.177404, 5.089395, 4.471795, 4.382638, 4.905792, 5.846119, 7.183435, 8.775423, 10.228212, 11.425351, 12.500061, 13.393854, 13.451108, 13.354391, 10.634097, 9.667899, 8.32749, 7.415676, 6.544621, 8.157073, 8.157073, 8.721979, 9.44028, 10.47823, 11.651456, 12.617654, 13.393157, 13.891295, 13.797288, 13.452921, 12.752688, 11.94825, 10.958615, 10.101865, 9.47163, 9.1083, 9.088781, 9.77379, 10.792881, 12.041216, 13.49698, 11.457372, 8.983509, 6.315176, 3.255764, 0.0, 0.0, 0.0]"
828,"[0.0, 0.0, 0.0, 0.0, 1.280625, 2.722845, 4.44331, 6.330107, 8.389233, 9.078379, 9.533525, 9.710427, 9.472873, 8.869769, 8.314211, 7.493877, 6.490938, 5.690224, 5.128629, 4.734219, 4.857186, 5.562759, 6.714231, 8.419804, 10.207134, 11.814268, 13.042695, 13.906259, 14.169823, 13.64304, 10.835906, 9.818556, 8.354992, 6.905641, 5.966931, 7.528981, 7.414961, 7.99486, 8.843388, 9.910066, 10.756335, 11.620528, 12.360923, 12.705863, 12.803536, 12.454344, 11.77989, 10.946392, 9.900761, 8.956818, 8.339913, 8.241971, 8.252541, 8.970842, 10.129086, 11.55043, 12.866411, 10.969044, 8.688693, 5.968399, 3.104835, 0.0, 0.0, 0.0]"
829,"[0.0, 0.0, 0.0, 0.0, 1.341641, 2.954092, 4.566544, 6.45334, 8.45334, 9.111699, 9.479147, 9.710604, 9.544273, 9.264738, 8.706958, 7.89325, 6.897869, 5.80986, 4.889395, 4.341601, 4.517052, 5.280975, 6.707646, 8.240026, 9.762208, 11.103849, 12.091398, 12.562094, 12.759535, 12.623277, 9.939995, 9.128849, 8.041248, 6.925639, 5.986929, 7.442951, 7.266548, 7.834303, 8.629162, 9.69584, 10.672923, 11.728804, 12.248651, 12.569401, 12.577691, 12.298652, 11.600091, 10.77907, 9.705269, 8.68866, 7.948808, 7.502191, 7.582245, 8.362291, 9.468283, 10.832559, 12.262369, 10.473514, 8.237446, 5.731453, 2.952965, 0.0, 0.0, 0.0]"
830,"[0.0, 0.0, 0.0, 0.0, 1.264911, 2.788066, 4.496866, 6.285721, 8.172517, 8.794402, 9.115156, 9.250265, 9.158467, 8.685884, 8.079712, 7.235804, 6.113005, 5.015949, 4.322845, 4.042221, 4.456434, 5.579233, 7.105262, 8.664502, 10.272183, 11.465651, 12.400231, 12.957483, 13.183125, 13.081437, 10.473756, 9.582063, 8.312995, 7.249223, 6.084871, 7.697323, 7.610526, 8.196313, 9.162411, 10.42077, 11.615453, 12.622586, 13.451014, 13.673284, 13.741617, 13.214834, 12.495761, 11.511243, 10.493105, 9.424773, 8.793664, 8.414403, 8.457291, 9.28615, 10.406444, 11.641643, 13.09512, 11.208324, 8.767013, 6.046719, 3.162278, 0.0, 0.0, 0.0]"
831,"[0.0, 0.0, 0.0, 0.0, 1.4, 2.814214, 4.625291, 6.436368, 8.475975, 9.115583, 9.598736, 9.757431, 9.735208, 9.308052, 8.710665, 7.979488, 6.904144, 5.91529, 5.127459, 4.685239, 4.799673, 5.467296, 6.511205, 7.949325, 9.49491, 10.90501, 12.033685, 12.91007, 13.088639, 12.823406, 10.132681, 9.285865, 7.979784, 6.980694, 5.916895, 7.316895, 7.072987, 7.668748, 8.4356, 9.826728, 11.233862, 12.433862, 13.231021, 13.850376, 13.873284, 13.302218, 12.541826, 11.578601, 10.350174, 9.133798, 8.353752, 8.102999, 8.145886, 8.709217, 9.902684, 11.166956, 12.43097, 10.544173, 8.380843, 5.773162, 3.052868, 0.0, 0.0, 0.0]"
832,"[0.0, 0.0, 0.0, 0.0, 1.16619, 2.689345, 4.398146, 6.295512, 8.192879, 9.066296, 9.354219, 9.456495, 9.359128, 9.061762, 8.422154, 7.811077, 6.824621, 5.745731, 5.040159, 4.717192, 4.973214, 5.797835, 7.116332, 8.502256, 10.145517, 11.601539, 12.737974, 13.484044, 13.989371, 13.505145, 10.593101, 9.516224, 8.342998, 6.95732, 6.135466, 7.65862, 7.670285, 8.057833, 8.938184, 9.965282, 11.049808, 12.192907, 13.056471, 13.561798, 13.461427, 13.007812, 12.041614, 11.147822, 9.974596, 9.075876, 8.336024, 8.159122, 8.248477, 8.872093, 9.846482, 11.295832, 12.621677, 10.562551, 8.326483, 5.909873, 3.046309, 0.0, 0.0, 0.0]"
833,"[0.0, 0.0, 0.0, 0.0, 1.2, 2.6, 4.4, 6.2, 8.011077, 8.654986, 9.152353, 9.061153, 8.784308, 8.496385, 7.994117, 7.173784, 6.289604, 5.398905, 4.724279, 4.514009, 4.879196, 5.77504, 7.305915, 8.737738, 10.167617, 11.416121, 12.386381, 12.913775, 13.179009, 13.026078, 10.335353, 9.488537, 8.518277, 7.495847, 6.501742, 8.101742, 8.101742, 8.420885, 9.178081, 10.196973, 11.227562, 12.190787, 12.958313, 13.277962, 13.444857, 13.02334, 12.226181, 11.419047, 10.619047, 9.66829, 9.168018, 9.044839, 9.044839, 9.653158, 10.694641, 11.959054, 13.196357, 11.196357, 8.788038, 6.097314, 3.1241, 0.0, 0.0, 0.0]"
834,"[0.0, 0.0, 0.0, 0.0, 1.16619, 2.608411, 4.328876, 6.328876, 8.328876, 9.288715, 9.826393, 9.949837, 9.670302, 9.282754, 8.598945, 7.619046, 6.623665, 5.535656, 4.723204, 4.300788, 4.565699, 5.506025, 6.843341, 8.197407, 9.707425, 10.972336, 11.903776, 12.602337, 12.922135, 12.62838, 10.098558, 9.027506, 7.882328, 6.68909, 5.733647, 7.256801, 7.31636, 7.690572, 8.498008, 9.558323, 10.564991, 11.45619, 12.242105, 12.660037, 12.651477, 12.284986, 11.571782, 10.775297, 9.792459, 8.9161, 8.166983, 7.880186, 7.837299, 8.550212, 9.568054, 10.822173, 12.134217, 10.290308, 8.05424, 5.580377, 2.912044, 0.0, 0.0, 0.0]"
835,"[0.0, 0.0, 0.0, 0.0, 1.280625, 2.722845, 4.44331, 6.163775, 8.050572, 8.739718, 9.267269, 9.444171, 9.372948, 8.900366, 8.344808, 7.39484, 6.322094, 5.393962, 4.612204, 3.997991, 4.194739, 4.98257, 6.072537, 7.450056, 8.859128, 10.042576, 11.030124, 11.627366, 12.02571, 12.02571, 9.62571, 8.82571, 7.831605, 6.500319, 5.571871, 6.852496, 6.664948, 7.039589, 8.021682, 9.073438, 10.400494, 11.508336, 12.280732, 12.629924, 12.560285, 12.215346, 11.474951, 10.610758, 9.644659, 8.723558, 7.916839, 7.549391, 7.852335, 8.619187, 9.885227, 11.236338, 12.630546, 10.630546, 8.421474, 5.813793, 3.006659, 0.0, 0.0, 0.0]"
836,"[0.0, 0.0, 0.0, 0.0, 1.16619, 2.608411, 4.170461, 6.01437, 7.858279, 8.535997, 8.937686, 9.096101, 8.864643, 8.362375, 7.684657, 6.840748, 5.841393, 4.861397, 4.344377, 4.25522, 4.778374, 5.766065, 7.103381, 8.6197, 10.072489, 11.023198, 12.177961, 12.838779, 13.128428, 12.834674, 10.360811, 9.394613, 8.287178, 7.09881, 6.424792, 8.037243, 7.848677, 8.479589, 9.378308, 10.416258, 11.667371, 12.822134, 13.446557, 13.713298, 13.554609, 12.971396, 12.271162, 11.37947, 10.560643, 9.828133, 9.197024, 8.833694, 8.956873, 9.601123, 10.522912, 11.900219, 13.325122, 11.315147, 8.882042, 6.251452, 3.224903, 0.0, 0.0, 0.0]"
837,"[0.0, 0.0, 0.0, 0.0, 1.341641, 2.783861, 4.504326, 6.224791, 8.0687, 8.570968, 8.972657, 9.096101, 9.096101, 8.694412, 8.016694, 7.172785, 6.049986, 4.961977, 4.344377, 4.25522, 4.778374, 5.846119, 7.183435, 8.699754, 10.152543, 11.349682, 12.424392, 13.08521, 13.374859, 13.278142, 10.557848, 9.59165, 8.484216, 7.295847, 6.424792, 8.037243, 8.109648, 8.740559, 9.639279, 10.760511, 12.011623, 12.994816, 13.619239, 13.998593, 13.876561, 13.454308, 12.781695, 12.003206, 11.071766, 10.219317, 9.621915, 9.341564, 9.351539, 9.971004, 10.869884, 12.032634, 13.238878, 11.228903, 8.820584, 6.212903, 3.206244, 0.0, 0.0, 0.0]"
838,"[0.0, 0.0, 0.0, 0.0, 1.0, 2.414214, 3.870236, 5.519478, 7.228279, 7.937079, 8.31172, 8.46815, 8.261128, 7.832952, 7.255522, 6.187778, 5.207782, 4.165561, 3.606047, 3.474676, 3.919756, 5.007766, 6.607766, 8.012685, 9.421004, 10.800398, 11.770657, 12.331907, 12.647189, 12.519221, 9.973636, 8.979968, 7.860939, 6.684539, 5.804188, 7.416639, 7.563492, 8.160879, 9.132036, 10.400369, 11.418507, 12.403025, 13.163417, 13.527349, 13.466697, 13.04518, 12.216753, 11.216753, 10.229205, 9.270766, 8.674145, 8.560942, 8.886971, 9.682838, 10.724321, 12.085083, 13.454051, 11.328022, 8.919703, 6.228978, 3.255764, 0.0, 0.0, 0.0]"
839,"[0.0, 0.0, 0.0, 0.0, 1.0, 2.216553, 3.630766, 5.230766, 7.030766, 7.841843, 8.274533, 8.56912, 8.492275, 8.033915, 7.389029, 6.634214, 5.557869, 4.434714, 3.658759, 3.125024, 3.307629, 4.131196, 5.628562, 7.216943, 8.820555, 10.160132, 11.210103, 11.645117, 11.823432, 11.750694, 9.334085, 8.440544, 7.373074, 6.240693, 5.342274, 6.784494, 6.892508, 7.627597, 8.707947, 9.775417, 10.839189, 11.802006, 12.402006, 12.721655, 12.730214, 12.312283, 11.526368, 10.635169, 9.64762, 8.748901, 8.222889, 8.045988, 8.306959, 9.111116, 10.268896, 11.57041, 12.98044, 11.010669, 8.594059, 5.994059, 3.130495, 0.0, 0.0, 0.0]"
840,"[0.0, 0.0, 0.0, 0.0, 1.0, 2.280625, 3.842675, 5.539731, 7.236787, 7.957252, 8.397093, 8.447494, 8.092079, 7.736663, 7.093231, 6.197387, 5.306046, 4.411619, 3.702433, 3.519828, 3.861397, 4.752738, 6.094379, 7.615989, 9.062502, 10.426134, 11.287546, 11.931796, 12.210836, 11.909503, 9.379681, 8.428972, 7.337508, 6.185028, 5.487061, 7.010216, 7.33097, 8.07739, 9.077116, 10.209339, 11.406479, 12.348247, 12.943468, 13.346398, 13.378528, 12.990614, 12.264063, 11.369636, 10.209509, 9.315967, 8.583587, 8.368369, 8.619123, 9.569832, 10.677674, 11.989718, 13.250644, 11.211036, 8.737173, 6.016879, 3.104835, 0.0, 0.0, 0.0]"
841,"[0.0, 0.0, 0.0, 0.0, 1.16619, 2.689345, 4.398146, 6.106946, 8.004313, 8.877731, 9.394184, 9.49646, 9.587659, 9.290293, 8.650685, 7.611077, 6.6, 5.52111, 4.642221, 4.066842, 4.283394, 5.095846, 6.185812, 7.50431, 8.96004, 10.273309, 11.381152, 12.170075, 12.547076, 12.420791, 9.890969, 8.879476, 7.693689, 6.47708, 5.587925, 7.030146, 6.883395, 7.31309, 8.23912, 9.41552, 10.693593, 11.739224, 12.401308, 12.781272, 12.680901, 12.114673, 11.476763, 10.679571, 9.78603, 9.00714, 8.415124, 8.057804, 8.137857, 8.679472, 9.534031, 10.757659, 12.191516, 10.402662, 8.248596, 5.831987, 3.046309, 0.0, 0.0, 0.0]"
842,"[0.0, 0.0, 0.0, 0.0, 1.414214, 2.976263, 4.67332, 6.799349, 8.799349, 9.385135, 9.882211, 10.154927, 9.737698, 9.446499, 8.902521, 7.920428, 6.845084, 5.857393, 4.973214, 4.517192, 4.656711, 5.374735, 6.6636, 8.048051, 9.655732, 11.03918, 12.226728, 13.023887, 13.422496, 13.223134, 10.623134, 9.623134, 8.428451, 7.276792, 6.149098, 7.711148, 7.631613, 8.019162, 8.726471, 9.887157, 10.886357, 11.856616, 12.547341, 13.074735, 13.194674, 12.913775, 12.22305, 11.376234, 10.382566, 9.263537, 8.50634, 8.155583, 8.321649, 8.833665, 9.999125, 11.283104, 12.640521, 10.630546, 8.421474, 5.813793, 3.006659, 0.0, 0.0, 0.0]"
843,"[0.0, 0.0, 0.0, 0.0, 1.16619, 2.608411, 4.220862, 6.009717, 7.718518, 8.449694, 8.851382, 8.851382, 8.476741, 8.167941, 7.470574, 6.451286, 5.47129, 4.622762, 4.047383, 3.867187, 4.442566, 5.61011, 7.084033, 8.49548, 9.949539, 11.023403, 11.943697, 12.504089, 12.868021, 12.735097, 10.261234, 9.438307, 8.450758, 7.250758, 6.432973, 8.045424, 8.034854, 8.585733, 9.627044, 10.824184, 11.990221, 13.056389, 13.678736, 14.023103, 14.023103, 13.585554, 12.786655, 11.898344, 10.901521, 9.901692, 9.257808, 9.103742, 9.369706, 10.022163, 10.909379, 12.26519, 13.593854, 11.430523, 8.989212, 6.381531, 3.328663, 0.0, 0.0, 0.0]"
844,"[0.0, 0.0, 0.0, 0.0, 1.280625, 2.842675, 4.686584, 6.666483, 8.646382, 9.365757, 9.690503, 9.73339, 9.542346, 9.085601, 8.608756, 7.88815, 7.001354, 5.93361, 5.235076, 4.711922, 4.762284, 5.411526, 6.730024, 8.338508, 9.746826, 11.137955, 12.088713, 12.649105, 12.816, 12.816, 10.208319, 9.408319, 8.42077, 7.343925, 6.216231, 7.778281, 7.698746, 7.973091, 8.613267, 9.773953, 10.773153, 11.743413, 12.547341, 13.074735, 13.041743, 12.760844, 12.070119, 11.223303, 10.094629, 9.24836, 8.58046, 8.289261, 8.48496, 9.158978, 10.227517, 11.443493, 12.761241, 10.721634, 8.485566, 5.854976, 3.026549, 0.0, 0.0, 0.0]"
845,"[0.0, 0.0, 0.0, 0.0, 1.019804, 2.284715, 3.80787, 5.51667, 7.305525, 8.006186, 8.46174, 8.500635, 8.206048, 7.697818, 7.108724, 6.236787, 5.395848, 4.581634, 3.933465, 3.802094, 4.084937, 4.925876, 6.325876, 7.973772, 9.415083, 10.789705, 11.733648, 12.519325, 12.744967, 12.457722, 9.951729, 9.058188, 7.83456, 6.770788, 6.139877, 7.789119, 8.186642, 8.833665, 9.999125, 11.10656, 12.483867, 13.533303, 14.236275, 14.540638, 14.695726, 14.010117, 13.104771, 12.162499, 10.899697, 9.726471, 8.997983, 8.687826, 8.806116, 9.877167, 11.23793, 12.787756, 14.361448, 12.273387, 9.553093, 6.579879, 3.417601, 0.0, 0.0, 0.0]"
846,"[0.0, 0.0, 0.0, 0.0, 1.019804, 2.236356, 3.848808, 5.49805, 7.395417, 8.272979, 8.845281, 8.953295, 8.866103, 8.410956, 7.644961, 6.856106, 5.856752, 4.694702, 3.818167, 3.407906, 3.574096, 4.295207, 5.782003, 7.379648, 8.938889, 10.181017, 11.147116, 11.668638, 11.913627, 11.613175, 9.204856, 8.358587, 7.291909, 6.100142, 5.320243, 6.776265, 6.923016, 7.551147, 8.570662, 9.711602, 10.785402, 11.796896, 12.495457, 12.889978, 12.982143, 12.462296, 11.553079, 10.533989, 9.359421, 8.267957, 7.820032, 7.72942, 8.243509, 9.119867, 10.385907, 11.708299, 13.150111, 10.98678, 8.6544, 6.046719, 3.162278, 0.0, 0.0, 0.0]"
847,"[0.0, 0.0, 0.0, 0.0, 1.019804, 2.284715, 3.80787, 5.51667, 7.305525, 8.074575, 8.530129, 8.569025, 8.274437, 7.766208, 7.108724, 6.236787, 5.240423, 4.226209, 3.51127, 3.228427, 3.660524, 4.815303, 6.259212, 7.956269, 9.516059, 10.796684, 11.637469, 12.234871, 12.413441, 12.168452, 9.607203, 8.608003, 7.728742, 6.629071, 5.879954, 7.479954, 7.728981, 8.206539, 9.298003, 10.514379, 11.721513, 12.71757, 13.477962, 13.851991, 13.829082, 13.231021, 12.632959, 11.644036, 10.449354, 9.297695, 8.877477, 8.555201, 8.870153, 9.666021, 10.900723, 12.223139, 13.592107, 11.466078, 9.057759, 6.367034, 3.255764, 0.0, 0.0, 0.0]"
848,"[0.0, 0.0, 0.0, 0.0, 1.0, 2.280625, 3.842675, 5.56314, 7.283605, 8.072459, 8.500635, 8.587827, 8.323384, 7.819472, 7.050421, 6.166242, 5.149455, 4.140647, 3.524094, 3.328911, 3.720843, 4.544409, 5.941105, 7.380712, 9.163772, 10.54722, 11.698879, 12.462651, 13.030724, 12.433018, 9.833018, 8.825337, 7.434209, 6.168168, 5.438818, 7.000868, 7.121333, 8.068111, 8.889801, 10.050488, 11.049687, 11.890472, 12.417866, 12.80012, 12.767128, 12.331907, 11.770657, 10.776989, 9.793454, 8.997587, 8.394712, 8.238621, 8.581173, 9.626804, 10.821486, 12.304991, 13.685985, 11.646377, 9.038696, 6.231562, 3.224903, 0.0, 0.0, 0.0]"
849,"[0.0, 0.0, 0.0, 0.0, 1.16619, 2.608411, 4.131566, 5.840366, 7.737733, 8.415451, 8.81714, 9.105062, 8.996261, 8.498895, 7.854986, 6.811077, 5.632456, 4.598141, 3.830596, 3.6504, 4.2504, 5.429022, 6.873312, 8.476924, 9.930984, 11.060806, 11.970023, 12.48987, 12.783624, 12.6507, 10.120878, 9.244493, 8.128885, 7.013276, 6.195491, 7.807942, 7.807942, 8.519758, 9.385895, 10.583035, 11.690877, 12.731409, 13.383869, 13.7868, 13.666505, 13.362821, 12.632445, 11.823728, 11.027243, 10.271152, 9.698451, 9.431182, 9.520536, 10.050349, 10.992118, 12.194518, 13.618311, 11.559185, 9.142576, 6.356898, 3.310589, 0.0, 0.0, 0.0]"
850,"[0.0, 0.0, 0.0, 0.0, 1.264911, 2.788066, 4.57692, 6.365774, 8.252571, 8.98766, 9.444404, 9.352606, 9.125801, 8.653219, 7.933844, 7.085315, 6.109369, 5.179775, 4.590183, 4.475748, 4.786598, 5.952284, 7.378954, 8.886714, 10.226516, 11.467577, 12.366459, 13.09301, 13.290452, 13.125399, 10.442117, 9.626211, 8.452985, 7.337377, 6.438657, 7.961812, 7.835949, 8.263105, 9.129243, 10.407316, 11.796206, 12.92551, 13.67158, 14.074511, 13.86021, 13.454159, 12.717013, 11.901107, 11.115192, 10.258441, 9.563525, 9.138534, 9.208371, 9.784867, 10.855919, 12.149677, 13.637085, 11.597477, 9.123614, 6.403319, 3.298485, 0.0, 0.0, 0.0]"
851,"[0.0, 0.0, 0.0, 0.0, 1.019804, 2.284715, 3.933957, 5.642758, 7.540125, 8.309175, 8.93106, 9.002283, 8.855532, 8.520216, 7.862732, 6.975936, 5.976581, 4.814531, 3.699695, 3.289434, 3.455624, 4.176735, 5.663531, 7.379648, 9.099849, 10.214009, 11.180108, 11.701631, 11.946619, 11.485207, 9.204856, 8.238757, 6.996629, 5.804862, 5.041516, 6.497538, 6.844172, 7.564778, 8.680606, 9.700121, 10.844099, 11.655245, 12.488743, 12.630225, 12.674508, 12.310576, 11.554485, 10.542992, 9.592283, 8.754153, 7.932298, 7.700841, 8.051166, 8.944621, 10.288078, 11.737429, 13.171286, 11.11216, 8.695551, 5.909873, 3.046309, 0.0, 0.0, 0.0]"
852,"[0.0, 0.0, 0.0, 0.0, 1.0, 2.131371, 3.545584, 4.959798, 6.521848, 7.134299, 7.61538, 7.724321, 7.575019, 7.032773, 6.244942, 5.264946, 4.189005, 3.324094, 2.90429, 2.90429, 3.488387, 4.497196, 5.805996, 7.294058, 8.705505, 9.922057, 11.073716, 11.764915, 12.076854, 12.040786, 9.607681, 8.612452, 7.477363, 6.077363, 5.157987, 6.499628, 6.536419, 7.115417, 8.203478, 9.263793, 10.451975, 11.402732, 12.064816, 12.309136, 12.300576, 11.770754, 11.057551, 10.164009, 9.354783, 8.436616, 7.836616, 7.54982, 7.748445, 8.264898, 9.28379, 10.552123, 12.011534, 10.200457, 8.16085, 5.727745, 3.059412, 0.0, 0.0, 0.0]"
853,"[0.0, 0.0, 0.0, 0.0, 1.077033, 2.341944, 3.865099, 5.47755, 7.198015, 7.841447, 8.138586, 8.177482, 7.979244, 7.539403, 6.818938, 6.105416, 5.264477, 4.450263, 3.802094, 3.802094, 4.234191, 5.07513, 6.47513, 8.006006, 9.338386, 10.563754, 11.418314, 11.948136, 12.125745, 11.94743, 9.441437, 8.63728, 7.549678, 6.489363, 5.600208, 7.24945, 7.448076, 8.01583, 9.143524, 10.286932, 11.306023, 12.163279, 12.873598, 13.250956, 13.259247, 12.931854, 12.233292, 11.410365, 10.27393, 9.469772, 8.939909, 8.814046, 9.004741, 9.885321, 10.993163, 12.1553, 13.473669, 11.385608, 8.855786, 6.135491, 3.162278, 0.0, 0.0, 0.0]"
854,"[0.0, 0.0, 0.0, 0.0, 1.16619, 2.689345, 4.301797, 6.010597, 7.907964, 8.63914, 8.959894, 9.15852, 9.062171, 8.764804, 8.267437, 7.423529, 6.437073, 5.545731, 4.666842, 4.286646, 4.486646, 5.262024, 6.351991, 7.640856, 8.85712, 10.090225, 11.158558, 11.821344, 12.09172, 11.943713, 9.510608, 8.491518, 7.417654, 6.353856, 5.607436, 6.88806, 6.800868, 7.244777, 8.154254, 9.220932, 10.485891, 11.614566, 12.331907, 12.647189, 12.571251, 12.188997, 11.385069, 10.544284, 9.665023, 8.894692, 8.343813, 8.165817, 8.289261, 8.963279, 9.834334, 11.085447, 12.436058, 10.592149, 8.356081, 5.922976, 3.059412, 0.0, 0.0, 0.0]"
855,"[0.0, 0.0, 0.0, 0.0, 1.019804, 2.236356, 3.692378, 5.341621, 7.050421, 7.819472, 8.391774, 8.656217, 8.569025, 8.140849, 7.483365, 6.694511, 5.695156, 4.733106, 4.173591, 3.890749, 4.171373, 5.14732, 6.527219, 7.932137, 9.52492, 10.685607, 11.596231, 12.122325, 12.502289, 12.393358, 9.952047, 9.064831, 7.973052, 6.90928, 6.032921, 7.645373, 7.724908, 8.510694, 9.668474, 11.019585, 12.413793, 13.640342, 14.303906, 14.61595, 14.529111, 13.863391, 12.924904, 11.958706, 10.659114, 9.538819, 8.810331, 8.619636, 8.876336, 10.049562, 11.422775, 13.041423, 14.636906, 12.48284, 9.697162, 6.723949, 3.49285, 0.0, 0.0, 0.0]"
856,"[0.0, 0.0, 0.0, 0.0, 1.077033, 2.341944, 3.865099, 5.47755, 7.364346, 8.007779, 8.439924, 8.613825, 8.563424, 7.957252, 7.402978, 6.427032, 5.295661, 4.333611, 3.685442, 3.367779, 3.927294, 4.923658, 6.323658, 8.023584, 9.681048, 10.906416, 12.130044, 12.915722, 12.99995, 12.648023, 10.14203, 8.968804, 7.745177, 6.770788, 5.881633, 7.530875, 7.729501, 8.376523, 9.564892, 11.107115, 12.286299, 13.534634, 14.237606, 14.58023, 14.558774, 13.884413, 12.979067, 11.96439, 10.640418, 9.454741, 9.111752, 8.801595, 8.992289, 10.063341, 11.436555, 12.856577, 14.43027, 12.342208, 9.621914, 6.6487, 3.417601, 0.0, 0.0, 0.0]"
857,"[0.0, 0.0, 0.0, 0.0, 1.16619, 2.608411, 4.050631, 5.771096, 7.615005, 8.428714, 8.830402, 9.108647, 9.000633, 8.598945, 7.785236, 6.835755, 5.8364, 4.671162, 3.828941, 3.487372, 3.759135, 4.480246, 5.645484, 7.10461, 8.516056, 9.766475, 10.854077, 11.715489, 11.936714, 11.788707, 9.372098, 8.36543, 7.057757, 5.908777, 4.986906, 6.203459, 6.292756, 6.937642, 7.816247, 8.886124, 10.102677, 10.964089, 11.682834, 12.013798, 11.931796, 11.557817, 10.872808, 10.051787, 9.166869, 8.427017, 7.980342, 7.84073, 8.101701, 8.881747, 9.884143, 11.135255, 12.532322, 10.562551, 8.326483, 5.909873, 3.046309, 0.0, 0.0, 0.0]"
858,"[0.0, 0.0, 0.0, 0.0, 1.264911, 2.788066, 4.400517, 6.189372, 8.076168, 8.655166, 8.97592, 9.060525, 8.83372, 8.508974, 7.94569, 7.101781, 6.125835, 5.163785, 4.426356, 4.311922, 4.754142, 5.919828, 7.319828, 8.827588, 10.16739, 11.408451, 12.307333, 12.907333, 13.174952, 13.009899, 10.326618, 9.329794, 8.172015, 6.986228, 6.087509, 7.543531, 7.565754, 8.133508, 8.928367, 10.116736, 11.524278, 12.433495, 13.143814, 13.720419, 13.68983, 13.242875, 12.676647, 11.853719, 10.717284, 9.729736, 8.913126, 8.602969, 8.793664, 9.561031, 10.548579, 11.994889, 13.382079, 11.294017, 8.877408, 6.277408, 3.231099, 0.0, 0.0, 0.0]"
859,"[0.0, 0.0, 0.0, 0.0, 1.077033, 2.418674, 3.941828, 5.730683, 7.617479, 8.540446, 9.042714, 9.216616, 9.124818, 8.652235, 7.93286, 7.088951, 6.240423, 4.99058, 4.208822, 3.649308, 3.780678, 4.4942, 5.890895, 7.384469, 8.94371, 10.25365, 11.197593, 11.859677, 12.066028, 11.844804, 9.403492, 8.509951, 7.418172, 6.251982, 5.409408, 6.809408, 6.809408, 7.434802, 8.50468, 9.696446, 10.904127, 11.891676, 12.452068, 12.823681, 12.823681, 12.255608, 11.466685, 10.666685, 9.659004, 8.706707, 8.190254, 8.099642, 8.279541, 9.08786, 10.177422, 11.627481, 13.16278, 11.182881, 8.774562, 6.228978, 3.255764, 0.0, 0.0, 0.0]"
860,"[0.0, 0.0, 0.0, 0.0, 1.16619, 2.608411, 4.45232, 6.432219, 8.412118, 9.225826, 9.783606, 9.826493, 9.459046, 9.091598, 8.45334, 7.61953, 6.581262, 5.689921, 4.87747, 4.555633, 4.654353, 5.418277, 6.666938, 8.207878, 9.717896, 11.121318, 12.177199, 12.875761, 13.16541, 12.871656, 10.203323, 9.184232, 8.039054, 6.68909, 5.733647, 7.075287, 7.075287, 7.396042, 8.203478, 9.203204, 10.391385, 11.271965, 12.028056, 12.445988, 12.498018, 12.027322, 11.384296, 10.57315, 9.590312, 8.672145, 8.013019, 7.775465, 7.830519, 8.395426, 9.511035, 10.896712, 12.220684, 10.376775, 8.288714, 5.758891, 2.973214, 0.0, 0.0, 0.0]"
861,"[0.0, 0.0, 0.0, 0.0, 1.264911, 2.788066, 4.400517, 6.189372, 8.076168, 8.811257, 9.132011, 9.216616, 8.989811, 8.665065, 7.796436, 6.952527, 5.976581, 5.014531, 4.084937, 4.119756, 4.561977, 5.561331, 6.961331, 8.661257, 10.001059, 11.24212, 12.307333, 12.907333, 13.174952, 13.009899, 10.326618, 9.329794, 8.172015, 6.85264, 5.95392, 7.409942, 7.432165, 7.999919, 9.127614, 10.353726, 11.566037, 12.667004, 13.377323, 13.689298, 13.550787, 13.299063, 12.541085, 11.718158, 10.647106, 9.729736, 8.913126, 8.602969, 8.675374, 9.367072, 10.35462, 11.80093, 13.00333, 11.033558, 8.692618, 6.092618, 3.046309, 0.0, 0.0, 0.0]"
862,"[0.0, 0.0, 0.0, 0.0, 0.894427, 2.060618, 3.502838, 5.064888, 6.761944, 7.564573, 8.095439, 8.373684, 8.253854, 7.898439, 7.278416, 6.475787, 5.321007, 4.326, 3.616815, 3.434209, 3.820407, 4.816771, 6.256354, 7.859966, 9.382148, 10.518133, 11.485905, 12.128931, 12.173213, 11.844666, 9.428056, 8.421389, 7.333787, 6.46765, 5.6445, 7.100522, 7.421276, 7.989031, 8.810885, 9.979079, 11.19139, 12.067775, 12.778094, 13.142026, 13.12553, 12.693265, 11.942743, 11.19222, 10.241463, 9.437305, 8.813688, 8.687826, 8.806116, 9.497813, 10.671039, 12.031802, 13.418992, 11.33093, 8.98999, 6.204313, 3.231099, 0.0, 0.0, 0.0]"
863,"[0.0, 0.0, 0.0, 0.0, 1.019804, 2.284715, 3.740737, 5.389979, 7.201056, 7.992329, 8.527418, 8.683848, 8.647057, 8.292002, 7.697478, 6.917281, 5.90483, 4.739592, 3.916026, 3.524094, 3.720843, 4.535056, 5.931752, 7.338904, 8.794634, 9.919021, 11.104808, 11.677508, 11.873968, 11.652743, 9.311803, 8.234958, 7.232562, 6.196494, 5.402279, 6.8445, 7.04181, 7.753626, 8.833977, 10.010377, 11.175837, 11.961365, 12.518617, 12.838266, 12.737895, 12.218276, 11.609649, 10.715222, 9.727674, 8.948784, 8.422772, 8.412202, 8.859416, 9.663573, 10.701523, 12.092438, 13.336137, 11.100069, 8.68346, 6.08346, 3.130495, 0.0, 0.0, 0.0]"
864,"[0.0, 0.0, 0.0, 0.0, 1.077033, 2.418674, 3.941828, 5.650629, 7.35943, 7.931639, 8.401075, 8.677921, 8.56912, 8.274533, 7.841843, 7.030766, 5.830766, 4.796451, 4.014693, 3.622762, 3.822762, 4.822762, 6.057077, 7.633693, 9.242177, 10.516041, 11.389904, 12.119726, 12.191005, 11.845961, 9.372098, 8.547477, 7.417654, 6.353856, 5.607436, 7.169485, 7.2173, 7.797198, 8.843388, 9.910066, 11.038741, 12.061979, 12.802374, 13.147313, 13.244987, 12.79033, 12.129162, 11.295664, 10.250033, 9.30609, 8.790487, 8.520216, 8.787485, 9.755257, 10.913502, 12.16625, 13.539674, 11.385608, 8.855786, 6.135491, 3.162278, 0.0, 0.0, 0.0]"
865,"[0.0, 0.0, 0.0, 0.0, 0.894427, 2.060618, 3.502838, 5.223303, 6.785353, 7.587982, 7.983842, 8.103671, 7.825427, 7.605017, 7.074152, 6.406529, 5.410164, 4.600399, 3.891214, 3.619451, 3.891214, 4.93798, 6.094379, 7.697991, 9.144504, 10.508136, 11.425507, 12.110516, 12.154798, 11.853466, 9.323644, 8.502623, 7.3704, 6.370674, 5.497257, 7.020411, 7.208977, 7.955398, 8.955124, 10.318755, 11.325423, 12.028056, 12.623277, 12.848919, 12.651477, 12.284986, 11.571782, 10.775297, 9.792459, 9.10932, 8.558441, 8.482722, 8.605901, 9.515851, 10.497198, 11.944158, 13.15963, 11.149655, 8.71655, 6.085961, 3.026549, 0.0, 0.0, 0.0]"
866,"[0.0, 0.0, 0.0, 0.0, 1.019804, 2.475826, 4.088277, 5.73752, 7.44632, 8.396288, 8.72912, 8.72912, 8.800343, 8.653592, 7.964446, 7.175591, 6.28425, 5.163785, 4.048949, 3.616852, 3.897477, 4.738417, 5.982325, 7.661141, 9.075355, 10.203049, 11.08231, 11.679712, 11.994994, 11.895583, 9.487264, 8.608003, 7.447317, 6.347646, 5.449227, 6.849227, 6.899628, 7.658611, 8.526043, 9.661132, 10.868813, 11.856361, 12.424434, 12.648467, 12.681572, 12.113499, 11.357408, 10.362178, 9.529073, 8.510182, 8.119816, 8.064762, 8.511436, 9.243817, 10.549898, 11.785096, 13.221145, 11.162019, 8.829638, 6.109344, 3.224903, 0.0, 0.0, 0.0]"
867,"[0.0, 0.0, 0.0, 0.0, 1.216553, 2.630766, 4.474675, 6.285752, 8.295727, 9.079175, 9.476038, 9.443206, 9.281371, 8.727418, 7.992329, 7.201056, 6.189979, 5.261847, 4.654353, 4.555633, 4.87747, 5.866324, 7.114985, 8.502525, 9.842328, 11.108368, 12.162047, 12.753526, 13.078707, 12.981033, 10.373352, 9.251283, 8.213188, 7.107961, 6.099642, 7.712093, 7.64087, 8.205777, 9.090695, 10.164558, 11.22044, 12.23953, 12.782058, 13.048799, 12.983255, 12.514922, 11.846589, 11.225975, 10.230746, 9.471669, 8.794824, 8.515289, 8.349222, 8.999513, 9.895855, 11.201127, 12.453876, 10.609967, 8.347225, 5.801641, 2.973214, 0.0, 0.0, 0.0]"
868,"[0.0, 0.0, 0.0, 0.0, 1.0, 2.4, 3.8, 5.4, 7.2, 8.0, 8.411077, 8.623529, 8.479551, 7.944462, 7.164266, 6.17781, 5.165358, 4.109336, 3.291639, 2.90429, 3.156702, 3.821613, 5.130414, 6.580567, 8.007237, 9.166272, 10.233742, 10.805292, 11.071256, 11.01213, 8.776062, 7.885902, 6.682584, 5.519253, 4.519253, 5.539057, 5.438478, 5.973896, 6.762751, 7.821877, 9.038141, 10.113109, 10.781008, 11.272505, 11.252987, 10.827996, 10.023838, 9.157701, 8.142261, 7.268844, 6.589137, 6.418906, 6.527847, 7.232708, 8.220583, 9.505822, 10.849279, 9.326124, 7.356353, 5.202287, 2.785678, 0.0, 0.0, 0.0]"
869,"[0.0, 0.0, 0.0, 0.0, 1.0, 2.16619, 3.608411, 5.397265, 7.106066, 7.814867, 8.297919, 8.50494, 8.1303, 7.621499, 7.112698, 6.263456, 5.246669, 4.115298, 3.515298, 3.139919, 3.60483, 4.428397, 5.989463, 7.625531, 9.209229, 10.352637, 11.296615, 11.861025, 12.033276, 11.824957, 9.416638, 8.629089, 7.485682, 6.243553, 5.324178, 6.936629, 7.113032, 8.002187, 9.176937, 10.312921, 11.383751, 12.373385, 12.827001, 13.04731, 13.072012, 12.552061, 11.773573, 10.886357, 9.848262, 8.862972, 8.299642, 8.110719, 8.429861, 9.339812, 10.747354, 12.010918, 13.455605, 11.415998, 8.982893, 6.119328, 3.255764, 0.0, 0.0, 0.0]"
870,"[0.0, 0.0, 0.0, 0.0, 1.0, 2.2, 3.614214, 5.214214, 7.014214, 7.626665, 8.075907, 8.310936, 8.234091, 7.699002, 7.351461, 6.596646, 5.579859, 4.456705, 3.757479, 3.386995, 3.569601, 4.4603, 5.769101, 7.173187, 8.514828, 9.770176, 10.688332, 11.420843, 11.614402, 11.378334, 9.045953, 8.217093, 7.040693, 6.077363, 5.293915, 6.635556, 6.635556, 7.257441, 8.220772, 9.240287, 10.581928, 11.569477, 12.212502, 12.578994, 12.623277, 11.979603, 11.223512, 10.40249, 9.395823, 8.557693, 8.080135, 8.080135, 8.371334, 9.18056, 10.516828, 11.839219, 13.048178, 11.048178, 8.715797, 5.937309, 3.052868, 0.0, 0.0, 0.0]"
871,"[0.0, 0.0, 0.0, 0.0, 0.894427, 2.236068, 3.678288, 5.29074, 7.011205, 7.960687, 8.316102, 8.435932, 8.265701, 7.987456, 7.309738, 6.612681, 5.616317, 4.774096, 3.964331, 3.692568, 3.858759, 4.905525, 6.192321, 7.795933, 9.318115, 10.681747, 11.599118, 12.186185, 12.42398, 12.095432, 9.56561, 8.744589, 7.712946, 6.653296, 6.007455, 7.53061, 7.665718, 8.503848, 9.369986, 10.457587, 11.654727, 12.596496, 12.999426, 13.497564, 13.575423, 13.01846, 12.119578, 11.495423, 10.425735, 9.467296, 8.916417, 9.039596, 9.189542, 10.11133, 11.290515, 12.737475, 13.952403, 11.743331, 9.112742, 6.284315, 3.224903, 0.0, 0.0, 0.0]"
872,"[0.0, 0.0, 0.0, 0.0, 1.131371, 2.693421, 4.135641, 5.748093, 7.536947, 8.194431, 8.529747, 8.736769, 8.736769, 8.362128, 7.789826, 6.912264, 5.984132, 4.937366, 4.347773, 4.131221, 4.511417, 5.590307, 7.024621, 8.608319, 10.041424, 11.309757, 12.17809, 12.898384, 13.019887, 12.867133, 10.1988, 9.374376, 8.254082, 7.138473, 6.381277, 7.993729, 7.993729, 8.519758, 9.385895, 10.42399, 11.531833, 12.572365, 13.224824, 13.627755, 13.666505, 13.362821, 12.632445, 11.823728, 11.027243, 10.271152, 9.698451, 9.431182, 9.520536, 10.139733, 10.979106, 12.265692, 13.689485, 11.630359, 9.124366, 6.441084, 3.310589, 0.0, 0.0, 0.0]"
873,"[0.0, 0.0, 0.0, 0.0, 1.019804, 2.284715, 3.933957, 5.745034, 7.556111, 8.336307, 8.882473, 8.845683, 8.490628, 8.135573, 7.600484, 6.614028, 5.601576, 4.592768, 3.583959, 3.143669, 3.535601, 4.349814, 5.713678, 7.306072, 8.761802, 10.075071, 11.001798, 11.60733, 11.984331, 11.673752, 9.14393, 8.259012, 7.058955, 5.858899, 4.96616, 6.52821, 6.769244, 7.678721, 8.72491, 10.056196, 11.055396, 12.078634, 12.560285, 12.803536, 12.90121, 12.576029, 11.825506, 11.104621, 10.160679, 9.068899, 8.445283, 8.184312, 8.385577, 9.103878, 10.357997, 11.60911, 13.005144, 10.917083, 8.636732, 5.968399, 3.104835, 0.0, 0.0, 0.0]"
874,"[0.0, 0.0, 0.0, 0.0, 1.16619, 2.608411, 4.220862, 5.941327, 7.661793, 8.339511, 8.741199, 8.849213, 8.690798, 8.412553, 7.734835, 6.890926, 5.891571, 4.961977, 4.319756, 4.418477, 4.941631, 5.929322, 7.577217, 9.251081, 10.654502, 11.959775, 13.079401, 13.627478, 13.982041, 13.921389, 11.092962, 10.304143, 9.184517, 7.79831, 6.752679, 8.473144, 8.320332, 8.8476, 9.911372, 11.127811, 12.291787, 13.289432, 13.937805, 14.405026, 14.454964, 14.131773, 13.510073, 12.605531, 11.476226, 10.436654, 9.584205, 9.409524, 9.665693, 10.452374, 11.470653, 12.968096, 14.303483, 12.067416, 9.436826, 6.629692, 3.423449, 0.0, 0.0, 0.0]"
875,"[0.0, 0.0, 0.0, 0.0, 1.280625, 2.722845, 4.609642, 6.772972, 9.181291, 10.163408, 10.884518, 11.161053, 10.884518, 10.265054, 9.444533, 8.447392, 7.13259, 6.140221, 5.151366, 4.72895, 4.82767, 5.876509, 7.070143, 8.744006, 10.354792, 12.11643, 13.245612, 14.16421, 14.697006, 14.474736, 11.448187, 10.461245, 9.298495, 7.633476, 6.505782, 8.067832, 7.997996, 8.390155, 9.465124, 10.690491, 12.012883, 12.927552, 13.691484, 14.248089, 14.570523, 14.231666, 13.609967, 12.609967, 11.198803, 10.15923, 9.322447, 8.903614, 9.112686, 9.958955, 11.170101, 12.6613, 14.217391, 12.008319, 9.6, 6.6, 3.4, 0.0, 0.0, 0.0]"
876,"[0.0, 0.0, 0.0, 0.0, 0.848528, 2.262742, 4.106651, 5.950559, 7.950559, 8.988828, 9.810682, 10.054834, 9.860168, 9.31619, 8.645946, 7.429682, 5.974076, 4.772048, 3.948481, 3.731929, 3.928677, 5.335829, 7.124684, 8.925333, 10.931993, 12.722099, 13.882492, 14.653083, 15.226637, 14.628297, 11.621637, 10.421637, 9.02743, 7.543925, 6.697656, 8.541565, 8.541565, 9.435106, 10.69044, 12.012832, 13.449167, 14.704931, 15.454702, 15.931977, 16.02075, 15.4608, 14.646347, 13.653325, 12.24147, 11.155052, 10.321554, 10.160594, 10.528441, 11.711082, 13.247734, 14.983092, 16.352399, 13.721809, 10.69526, 7.271812, 3.649658, 0.0, 0.0, 0.0]"
877,"[0.0, 0.0, 0.0, 0.0, 1.264911, 2.720933, 4.370175, 6.078976, 7.86783, 8.489716, 8.754159, 8.825381, 8.678631, 8.30399, 7.548564, 6.828099, 5.74009, 4.77804, 4.084937, 3.953566, 4.234191, 5.298791, 6.824821, 8.366452, 9.927702, 11.088388, 11.999013, 12.480664, 12.550304, 12.321435, 9.880123, 8.992908, 7.79944, 6.8087, 5.74123, 7.14123, 7.033217, 7.628979, 8.49641, 9.639818, 10.839818, 11.827366, 12.425072, 12.823681, 12.848467, 12.484535, 11.924143, 11.127539, 10.119858, 9.100966, 8.32092, 7.893764, 7.926596, 8.452625, 9.583996, 10.818699, 12.179461, 10.335552, 8.209523, 5.663939, 2.973214, 0.0, 0.0, 0.0]"
878,"[0.0, 0.0, 0.0, 0.0, 1.216553, 2.672574, 4.321817, 6.219183, 8.188955, 9.031528, 9.462303, 9.656969, 9.321653, 8.913931, 8.13543, 7.248634, 6.229346, 5.267296, 4.426356, 4.145731, 4.559945, 5.43238, 6.958409, 8.645618, 10.206868, 11.353904, 12.377142, 13.029601, 13.228963, 13.000094, 10.438845, 9.439016, 8.07474, 6.8087, 5.932341, 7.532341, 7.622953, 8.218715, 9.310179, 10.262476, 11.46961, 12.458533, 13.248558, 13.622586, 13.821949, 13.44792, 12.687528, 11.698605, 10.491471, 9.496241, 8.586291, 8.335538, 8.50436, 9.312678, 10.390952, 11.696224, 13.01864, 11.038741, 8.630422, 5.939697, 3.11127, 0.0, 0.0, 0.0]"
879,"[0.0, 0.0, 0.0, 0.0, 1.414214, 2.976263, 4.820172, 6.820172, 8.820172, 9.465085, 9.962161, 10.088024, 9.796824, 9.505625, 8.71141, 7.729317, 6.653973, 5.666282, 4.782103, 4.536995, 4.915984, 5.730358, 7.097309, 8.553039, 9.96634, 11.140907, 12.23924, 12.75886, 13.078509, 12.845404, 10.214815, 9.020133, 7.868474, 6.434664, 5.515289, 6.85693, 6.953279, 7.394623, 8.316494, 9.376809, 10.635169, 11.526368, 12.134994, 12.654614, 12.754985, 12.318316, 11.605112, 10.819584, 9.735058, 8.749769, 7.986438, 7.712093, 7.835537, 8.400444, 9.474244, 10.859922, 12.220684, 10.376775, 8.288714, 5.758891, 2.973214, 0.0, 0.0, 0.0]"
880,"[0.0, 0.0, 0.0, 0.0, 1.216553, 2.829004, 4.640081, 6.440081, 8.440081, 9.233504, 9.631027, 9.663859, 9.513101, 9.036256, 8.291192, 7.35825, 6.338962, 5.28972, 4.487675, 4.117192, 4.381799, 5.080333, 6.450104, 7.78812, 9.226074, 10.325744, 11.41027, 12.001749, 12.503872, 12.451842, 10.010531, 9.015302, 7.795693, 6.450996, 5.387197, 6.652108, 6.562811, 7.010025, 7.852599, 9.052655, 10.387744, 11.46459, 12.149599, 12.564336, 12.383795, 12.019863, 11.459471, 10.598059, 9.580217, 8.867304, 8.193286, 7.715728, 7.990073, 8.697381, 9.615538, 10.937929, 12.428747, 10.54195, 8.37862, 5.937309, 3.052868, 0.0, 0.0, 0.0]"
881,"[0.0, 0.0, 0.0, 0.0, 0.894427, 2.236068, 3.678288, 5.29074, 7.011205, 7.960687, 8.181096, 8.300925, 8.130694, 7.75187, 6.984994, 6.317371, 5.321007, 4.326, 3.616815, 3.434209, 3.705972, 4.582507, 6.02209, 7.625702, 9.147884, 10.511516, 11.599118, 12.186185, 12.230468, 11.90192, 9.372098, 8.551076, 7.519433, 6.653296, 5.906876, 7.43003, 7.565138, 8.210979, 9.077116, 10.209339, 11.216007, 12.157775, 12.752996, 12.978638, 13.010767, 12.644276, 11.917724, 11.023297, 10.226105, 9.369354, 8.806023, 8.557974, 8.808728, 9.533032, 10.552123, 12.011534, 13.456221, 11.416614, 8.983509, 6.315176, 3.255764, 0.0, 0.0, 0.0]"
882,"[0.0, 0.0, 0.0, 0.0, 1.077033, 2.418674, 3.941828, 5.591071, 7.240313, 8.007189, 8.265548, 8.342393, 8.107365, 7.674675, 6.85057, 6.05057, 5.083026, 4.234497, 3.739055, 3.739055, 4.339055, 5.319051, 6.792974, 8.159925, 9.481061, 10.422001, 11.409549, 11.78655, 12.115098, 12.010226, 9.669286, 8.778087, 7.8175, 6.800891, 6.020845, 7.543999, 7.555664, 7.986438, 8.749769, 9.901428, 10.985954, 12.043978, 12.757181, 13.193851, 13.115992, 12.788662, 12.098234, 11.395601, 10.408052, 9.490682, 8.907387, 8.663235, 8.929199, 9.649128, 10.54267, 11.798578, 13.179572, 11.016241, 8.683861, 6.177868, 3.224903, 0.0, 0.0, 0.0]"
883,"[0.0, 0.0, 0.0, 0.0, 1.0, 2.442221, 4.00427, 5.724735, 7.568644, 8.412553, 8.814242, 8.972657, 8.864643, 8.362375, 7.860107, 7.016198, 6.016843, 4.851605, 4.109965, 3.662751, 3.828941, 4.550052, 5.823303, 7.282429, 8.62407, 9.874489, 10.96209, 11.521976, 11.743201, 11.595194, 9.178585, 8.357564, 7.243403, 6.094423, 5.172552, 6.437463, 6.328663, 6.962472, 7.831101, 9.07323, 10.241424, 11.115287, 11.789151, 12.318973, 12.251594, 11.78826, 11.211764, 10.387143, 9.313342, 8.372402, 7.816844, 7.628279, 8.038162, 8.818208, 9.924201, 11.288476, 12.710171, 10.651045, 8.414977, 5.908984, 3.130495, 0.0, 0.0, 0.0]"
884,"[0.0, 0.0, 0.0, 0.0, 1.077033, 2.341944, 3.797966, 5.506767, 7.295621, 8.007443, 8.462997, 8.72744, 8.580689, 8.206048, 7.697818, 6.825882, 5.826527, 4.71169, 3.74469, 3.312594, 3.595436, 4.436376, 5.833071, 7.365757, 8.77997, 10.056918, 10.93618, 11.533582, 11.886064, 11.682448, 9.274129, 8.394868, 7.234182, 5.978834, 5.13626, 6.550474, 6.600875, 7.164159, 8.126734, 9.14625, 10.140355, 11.135585, 11.891676, 12.260387, 12.233391, 11.86468, 11.068076, 10.068076, 9.059757, 8.306707, 7.790254, 7.699642, 8.079541, 8.942282, 10.031845, 11.481904, 12.885539, 10.90564, 8.642898, 6.097314, 3.1241, 0.0, 0.0, 0.0]"
885,"[0.0, 0.0, 0.0, 0.0, 1.216553, 2.630766, 4.474675, 6.372042, 8.526107, 9.279327, 9.834885, 9.877772, 9.70087, 9.108854, 8.581303, 7.611532, 6.619163, 5.723319, 4.793724, 4.351504, 4.482875, 5.285504, 6.440782, 8.088677, 9.529988, 11.006298, 11.916923, 12.544705, 12.770347, 12.565104, 9.957423, 9.070207, 8.024576, 6.799208, 5.828051, 7.242264, 7.134251, 7.572201, 8.491576, 9.626665, 10.820133, 11.815362, 12.445951, 12.719815, 12.660755, 12.141135, 11.430821, 10.509032, 9.449382, 8.508442, 7.834594, 7.646029, 7.906999, 8.728854, 9.834847, 11.199122, 12.443286, 10.473514, 8.237446, 5.731453, 2.952965, 0.0, 0.0, 0.0]"
886,"[0.0, 0.0, 0.0, 0.0, 1.264911, 2.720933, 4.564842, 6.408751, 8.418726, 9.153815, 9.50887, 9.476038, 9.244581, 8.648819, 8.063033, 7.468508, 6.457431, 5.56609, 5.000404, 4.752381, 4.87747, 5.78627, 7.034932, 8.603013, 9.853431, 11.290279, 12.359968, 12.997877, 13.188949, 13.05269, 10.274202, 9.382509, 8.297983, 7.104515, 6.224164, 7.680186, 7.502191, 8.038162, 8.860017, 9.876626, 11.020604, 12.097481, 12.758649, 13.190914, 13.248168, 12.85724, 12.081538, 11.205152, 10.186062, 9.235353, 8.468501, 8.155583, 8.311674, 8.825762, 9.910289, 11.352509, 12.655453, 10.655453, 8.492122, 5.884441, 3.0, 0.0, 0.0, 0.0]"
887,"[0.0, 0.0, 0.0, 0.0, 1.2, 2.8, 4.611077, 6.454986, 8.494594, 9.382655, 9.680022, 9.838716, 9.783662, 9.356505, 8.710665, 7.979488, 6.904144, 5.91529, 5.127459, 4.685239, 4.799673, 5.467296, 6.511205, 7.949325, 9.357644, 10.767744, 11.766944, 12.484285, 12.662854, 12.417866, 9.727141, 8.886357, 7.887157, 6.888066, 5.989647, 7.40386, 7.283395, 7.73132, 8.299075, 9.442483, 10.63595, 11.63595, 12.233656, 12.85427, 12.879056, 12.507443, 11.947051, 11.183279, 10.165141, 9.132036, 8.35199, 7.924834, 7.869779, 8.420659, 9.62834, 11.056759, 12.328748, 10.539894, 8.376563, 5.768882, 2.884441, 0.0, 0.0, 0.0]"
888,"[0.0, 0.0, 0.0, 0.0, 1.216553, 2.829004, 4.672913, 6.516822, 8.604883, 9.476392, 9.833712, 9.778657, 9.821545, 9.453949, 8.808108, 8.004527, 7.110099, 6.023303, 5.127459, 4.685239, 4.799673, 5.602302, 6.782201, 8.220322, 9.628641, 10.909266, 11.932503, 12.560285, 12.905225, 12.829286, 10.268037, 9.268208, 8.222577, 7.057116, 5.989647, 7.40386, 7.283395, 7.721345, 8.479125, 9.614214, 10.8, 11.807681, 12.43827, 12.906603, 12.786954, 12.467305, 11.75699, 11.023768, 9.967886, 9.087536, 8.221398, 8.032832, 8.105237, 8.728854, 9.834847, 11.199122, 12.443286, 10.473514, 8.237446, 5.731453, 2.952965, 0.0, 0.0, 0.0]"
889,"[0.0, 0.0, 0.0, 0.0, 1.0, 2.280625, 3.722845, 5.335297, 7.124151, 7.832952, 8.261128, 8.46815, 8.269912, 7.895271, 7.206274, 6.322094, 5.305308, 4.45678, 3.642566, 3.447383, 3.839315, 4.621073, 5.866464, 7.276439, 9.051818, 10.435266, 11.628733, 12.425337, 13.023043, 12.433018, 9.833018, 8.825337, 7.63187, 6.365829, 5.636479, 7.198529, 7.318994, 7.963907, 8.785597, 9.946283, 10.945483, 11.786267, 12.417866, 12.80012, 12.767128, 12.331907, 11.750556, 10.90374, 9.920206, 9.124339, 8.70711, 8.57112, 8.936283, 9.981914, 11.176597, 12.67404, 14.253579, 12.044507, 9.436826, 6.629692, 3.423449, 0.0, 0.0, 0.0]"
890,"[0.0, 0.0, 0.0, 0.0, 1.216553, 2.630766, 4.280008, 6.123917, 8.021284, 8.702098, 9.257656, 9.49521, 9.371766, 9.194864, 8.578123, 7.774542, 6.782173, 5.886329, 4.990485, 4.70986, 4.824294, 5.626923, 6.782201, 8.083609, 9.644859, 10.925484, 11.836109, 12.46389, 12.843854, 12.518672, 9.957423, 9.070207, 8.024576, 6.799208, 5.828051, 7.242264, 7.121799, 7.559749, 8.479125, 9.814214, 11.207134, 12.414268, 13.242695, 13.711027, 13.831322, 13.112249, 12.393177, 11.27355, 10.019431, 8.699137, 8.025289, 7.646029, 7.906999, 8.728854, 9.834847, 11.284197, 12.705892, 10.73612, 8.500052, 5.994059, 3.130495, 0.0, 0.0, 0.0]"
891,"[0.0, 0.0, 0.0, 0.0, 1.280625, 2.694838, 4.256888, 5.953945, 7.797854, 8.361138, 8.667389, 8.717791, 8.633186, 8.130918, 7.364042, 6.538004, 5.491238, 4.511242, 3.969601, 3.912372, 4.473967, 5.805648, 7.261254, 8.741605, 10.195664, 11.407975, 12.339035, 12.858655, 13.185985, 13.120441, 10.452108, 9.46759, 8.383063, 7.217603, 6.371334, 7.983786, 8.109648, 8.740559, 9.639279, 10.760511, 11.831341, 12.814534, 13.438957, 13.705698, 13.463727, 13.060796, 12.233861, 11.342168, 10.523342, 9.790831, 9.122932, 8.796903, 8.920082, 9.564332, 10.486121, 11.900219, 13.325122, 11.315147, 8.882042, 6.251452, 3.224903, 0.0, 0.0, 0.0]"
892,"[0.0, 0.0, 0.0, 0.0, 1.077033, 2.243223, 3.685444, 5.405909, 7.126374, 7.746397, 8.277263, 8.397093, 8.118848, 7.564573, 7.033707, 6.057761, 5.061397, 4.251632, 3.717897, 3.446134, 4.005649, 4.882184, 6.136524, 7.563195, 9.085377, 10.221361, 11.499435, 12.280971, 12.562785, 12.234237, 9.817628, 8.620489, 7.394376, 6.334061, 5.587641, 7.043663, 7.364417, 7.961804, 8.917247, 10.243939, 11.651482, 12.719617, 13.465687, 14.015296, 13.852956, 13.22546, 12.283188, 11.286364, 10.149929, 9.256388, 8.62032, 8.494457, 8.74521, 9.764301, 11.063893, 12.568728, 14.023304, 11.983696, 9.315363, 6.403319, 3.298485, 0.0, 0.0, 0.0]"
893,"[0.0, 0.0, 0.0, 0.0, 1.4, 3.0, 4.811077, 6.622154, 8.661762, 9.30137, 9.789431, 9.875721, 9.853498, 9.426342, 8.728375, 7.717346, 6.644601, 5.455746, 4.564405, 4.222764, 4.487372, 5.275203, 6.561999, 8.004219, 9.28457, 10.504179, 11.582452, 12.241241, 12.486229, 12.331907, 9.770657, 8.641982, 7.438039, 6.294631, 5.368602, 6.782815, 6.929566, 7.485292, 8.374447, 9.515387, 10.821467, 11.832961, 12.603927, 13.08045, 12.948583, 12.238264, 11.329046, 10.273165, 9.098598, 8.231166, 7.783241, 7.534214, 7.808559, 8.515868, 9.615538, 11.006453, 12.49727, 10.610474, 8.447143, 6.005832, 3.052868, 0.0, 0.0, 0.0]"
894,"[0.0, 0.0, 0.0, 0.0, 1.0, 2.4, 3.8, 5.412452, 7.223529, 8.067437, 8.376238, 8.685039, 8.595742, 8.126306, 7.448587, 6.634214, 5.557869, 4.481927, 3.705972, 3.616815, 3.987299, 4.967295, 6.579207, 8.24959, 9.613868, 10.790268, 11.739066, 12.370665, 12.542916, 12.364346, 9.923035, 9.08225, 7.733166, 6.5414, 5.692872, 7.148894, 7.217283, 8.029708, 9.229765, 10.415551, 11.745207, 12.868397, 13.577895, 13.791875, 13.62498, 13.048375, 12.372399, 11.319912, 10.398123, 9.57747, 9.088862, 8.696703, 9.011655, 9.744166, 10.852008, 12.293821, 13.890842, 11.764813, 9.323502, 6.603208, 3.44093, 0.0, 0.0, 0.0]"
895,"[0.0, 0.0, 0.0, 0.0, 1.077033, 2.341944, 3.865099, 5.47755, 7.364346, 8.007779, 8.586776, 8.760678, 8.56244, 7.956269, 7.401994, 6.558085, 5.426714, 4.412501, 3.764331, 3.446669, 3.727294, 4.858665, 6.438564, 7.932137, 9.52492, 10.96459, 11.875214, 12.401308, 12.781272, 12.399087, 9.678793, 8.791577, 7.699797, 6.535445, 5.890533, 7.502985, 7.582519, 8.178281, 9.244959, 10.438427, 11.625975, 12.625975, 13.444427, 13.666697, 13.53288, 13.165985, 12.405593, 11.388243, 10.357653, 9.496241, 8.771937, 8.619126, 8.971379, 9.81269, 10.920533, 12.37401, 13.767458, 11.604127, 9.162816, 6.442522, 3.280244, 0.0, 0.0, 0.0]"
896,"[0.0, 0.0, 0.0, 0.0, 1.2, 2.6, 4.4, 6.2, 8.209975, 8.853884, 9.351251, 9.260051, 9.168852, 8.682032, 8.179764, 7.35943, 6.450629, 5.374284, 4.699657, 4.358017, 4.723204, 5.643669, 7.07034, 8.554192, 9.995503, 11.114533, 12.084792, 12.716391, 12.929595, 12.751025, 10.189776, 9.34296, 8.264687, 6.984013, 6.135485, 7.549699, 7.41459, 7.8902, 8.966229, 10.27231, 11.72166, 12.876424, 13.814912, 14.281105, 14.168492, 13.504928, 12.641364, 11.425892, 10.23121, 9.146683, 8.559135, 8.121185, 8.310108, 8.978007, 10.016102, 11.246185, 12.846412, 10.846412, 8.566061, 6.004812, 3.162278, 0.0, 0.0, 0.0]"
897,"[0.0, 0.0, 0.0, 0.0, 1.16619, 2.507831, 4.120283, 5.732734, 7.61953, 8.297249, 8.935507, 9.166965, 9.274978, 8.830402, 8.267118, 7.287219, 6.164421, 4.891169, 4.048949, 3.662751, 3.828941, 4.720283, 5.993534, 7.556865, 8.898506, 10.148925, 11.136473, 11.94583, 12.123439, 11.975433, 9.558823, 8.481978, 7.232781, 6.172466, 5.250595, 6.664808, 6.754105, 7.27348, 8.201928, 9.468842, 10.685218, 11.741099, 12.470921, 12.791671, 12.699506, 12.222983, 11.343505, 10.522483, 9.448683, 8.507743, 7.753677, 7.808732, 8.069702, 9.03029, 10.23029, 11.693854, 12.896254, 10.926483, 8.509873, 5.909873, 3.046309, 0.0, 0.0, 0.0]"
898,"[0.0, 0.0, 0.0, 0.0, 1.16619, 2.608411, 4.220862, 6.009717, 7.718518, 8.449694, 8.851382, 9.050008, 8.873605, 8.564804, 7.867437, 6.84815, 5.669528, 4.622762, 3.855218, 3.855218, 4.430596, 5.598141, 7.042431, 8.619047, 9.852152, 11.120485, 12.184049, 12.894368, 13.215118, 13.062364, 10.394031, 9.374376, 8.254082, 7.138473, 6.199763, 7.920228, 7.920228, 8.446257, 9.440363, 10.789447, 11.911516, 13.067607, 13.826019, 14.196189, 14.011457, 13.501303, 12.737371, 11.739727, 10.681703, 9.872766, 9.260851, 8.994554, 9.261824, 9.882299, 10.97092, 12.412733, 13.860563, 11.706497, 9.365557, 6.579879, 3.417601, 0.0, 0.0, 0.0]"
899,"[0.0, 0.0, 0.0, 0.0, 1.264911, 2.788066, 4.496866, 6.285721, 8.172517, 8.907606, 9.22836, 9.363468, 9.136664, 8.811918, 7.943289, 7.09938, 5.976581, 5.014531, 4.173591, 4.042221, 4.484441, 5.483796, 7.009825, 8.569066, 10.176747, 11.342207, 12.305024, 12.862276, 13.181925, 12.990853, 10.383172, 9.488745, 8.367514, 7.209734, 6.134766, 7.548979, 7.560125, 8.00805, 8.965829, 10.23187, 11.62479, 12.653217, 13.471669, 13.935233, 13.801416, 13.274633, 12.534267, 11.549749, 10.497261, 9.623398, 8.992289, 8.693083, 8.849174, 9.479408, 10.599702, 11.834901, 13.208324, 11.208324, 8.767013, 6.046719, 3.162278, 0.0, 0.0, 0.0]"
900,"[0.0, 0.0, 0.0, 0.0, 0.848528, 1.979899, 3.422119, 5.034571, 6.647023, 7.587349, 8.164779, 8.3718, 8.408591, 8.210353, 7.638051, 6.753872, 5.737085, 4.653528, 3.839315, 3.422762, 3.814693, 4.782238, 6.02763, 7.636702, 9.236702, 10.62783, 11.635511, 12.455023, 12.87654, 12.712608, 10.104928, 9.308324, 8.091948, 6.917381, 6.022953, 7.72001, 7.752841, 8.464657, 9.416954, 10.620898, 11.766375, 12.922467, 13.680878, 14.051048, 14.283953, 13.947411, 13.110742, 12.226301, 11.291721, 10.210289, 9.548205, 9.173728, 9.514668, 10.200582, 11.549835, 12.752235, 14.27397, 11.93303, 9.403208, 6.356898, 3.310589, 0.0, 0.0, 0.0]"
901,"[0.0, 0.0, 0.0, 0.0, 1.2, 2.6, 4.2, 6.209975, 8.21995, 9.059558, 9.747619, 9.85642, 9.3696, 8.882779, 8.184812, 7.173784, 6.484787, 5.594088, 4.792043, 4.616593, 5.10161, 5.925715, 7.419289, 9.259428, 11.066451, 12.477615, 13.757806, 14.516218, 14.839409, 14.473877, 11.500663, 10.356462, 9.31593, 8.151954, 7.193515, 9.20349, 9.423591, 10.179682, 11.459217, 12.809975, 14.006244, 15.229692, 15.885457, 16.141221, 16.200632, 15.662721, 14.713136, 13.890477, 12.674321, 11.614909, 11.155648, 10.962136, 11.002894, 12.125564, 13.543166, 14.939645, 16.454027, 13.980164, 10.817886, 7.400284, 3.794733, 0.0, 0.0, 0.0]"
902,"[0.0, 0.0, 0.0, 0.0, 1.131371, 2.545584, 4.107634, 5.951543, 7.795452, 8.664081, 9.136664, 9.363468, 9.132011, 8.811257, 8.076168, 7.266405, 6.19866, 5.151894, 4.22874, 3.78845, 3.976328, 4.778372, 6.001541, 7.371313, 8.887632, 9.963661, 11.108839, 11.988317, 12.298896, 12.194024, 9.853084, 8.833994, 7.507302, 6.358322, 5.288444, 6.553355, 6.516565, 6.986001, 8.063702, 9.528101, 10.931523, 12.039365, 12.948583, 13.156119, 12.942139, 12.509875, 11.759352, 10.747859, 9.787271, 8.784876, 8.161259, 7.84073, 8.101701, 8.881747, 9.973526, 11.407384, 12.98924, 11.019469, 8.783401, 6.277408, 3.231099, 0.0, 0.0, 0.0]"
903,"[0.0, 0.0, 0.0, 0.0, 1.019804, 2.236356, 3.692378, 5.30483, 7.314805, 8.295001, 9.088424, 9.281644, 9.125214, 8.571261, 7.836172, 6.650818, 5.601576, 4.592768, 3.583959, 3.143669, 3.338852, 4.153066, 5.74546, 7.578597, 9.283798, 10.793816, 11.979603, 12.539995, 12.676253, 12.382499, 9.852677, 8.775832, 7.392384, 6.175775, 5.204618, 6.646839, 6.844149, 7.753626, 8.679655, 10.022425, 11.358693, 12.416717, 13.154252, 13.628223, 13.550364, 13.112815, 12.422388, 11.347678, 10.360129, 9.244521, 8.465631, 7.990021, 8.355233, 9.272603, 10.644067, 12.055231, 13.673878, 11.519812, 8.98999, 6.204313, 3.231099, 0.0, 0.0, 0.0]"
904,"[0.0, 0.0, 0.0, 0.0, 1.280625, 2.893076, 4.779873, 7.015941, 9.170007, 10.043448, 10.711347, 10.864158, 10.638066, 10.096451, 9.356599, 8.292801, 7.077814, 5.788949, 5.001119, 4.606709, 4.790156, 5.965535, 7.644425, 9.419804, 11.207134, 12.635561, 13.499125, 14.158537, 14.422101, 14.2833, 11.454873, 10.601284, 9.141872, 7.73433, 6.407638, 7.969688, 7.803622, 8.329651, 9.31494, 10.534549, 11.800926, 12.930231, 13.777415, 14.220545, 14.266977, 13.77093, 13.033784, 12.060571, 10.73818, 9.692549, 8.802388, 8.215563, 8.451631, 9.322686, 10.589063, 12.173392, 13.749052, 11.512984, 9.079879, 6.251452, 3.224903, 0.0, 0.0, 0.0]"
905,"[0.0, 0.0, 0.0, 0.0, 1.0, 2.0, 3.280625, 4.842675, 6.404725, 7.12519, 7.737641, 8.069468, 8.030573, 7.733434, 7.090002, 6.302171, 5.136933, 3.896621, 3.03171, 2.554677, 2.624483, 3.518911, 4.84852, 6.237374, 7.79144, 9.051079, 9.989789, 10.657688, 10.956895, 10.646738, 8.492672, 7.477232, 6.091308, 4.724357, 3.774876, 4.974876, 5.109965, 5.815537, 7.094427, 8.4, 9.4, 10.408319, 11.241424, 11.477492, 11.3171, 11.014466, 10.25539, 9.236498, 8.20043, 7.360822, 6.680008, 6.486788, 6.861429, 7.548225, 8.789536, 10.180665, 11.503131, 9.714277, 7.827481, 5.38617, 2.778489, 0.0, 0.0, 0.0]"
906,"[0.0, 0.0, 0.0, 0.0, 0.894427, 2.060618, 3.402258, 4.844479, 6.367633, 7.182007, 7.665059, 7.93587, 7.907863, 7.584708, 7.075907, 6.226665, 5.214214, 4.0, 3.2, 2.6, 2.8, 3.4, 4.812452, 6.212452, 7.612452, 8.812452, 10.012452, 10.8, 11.2, 11.0, 8.8, 7.8, 6.4, 5.024621, 4.073149, 5.073149, 4.93806, 5.461215, 6.345395, 7.555992, 8.79206, 9.85953, 10.499706, 10.916935, 10.837708, 10.298696, 9.663371, 8.780666, 7.820827, 6.917961, 6.437457, 6.140401, 6.459776, 7.293585, 8.425625, 9.816753, 11.223887, 9.623887, 7.623887, 5.414815, 2.807134, 0.0, 0.0, 0.0]"
907,"[0.0, 0.0, 0.0, 0.0, 1.16619, 2.608411, 4.220862, 6.009717, 7.798571, 8.786447, 9.432288, 9.859444, 9.719832, 9.345191, 8.407677, 7.33942, 6.124433, 5.196301, 4.503198, 4.306449, 4.486646, 5.262024, 6.540914, 8.028876, 9.442177, 10.872767, 11.903356, 12.571689, 13.030949, 12.878195, 10.247606, 9.266259, 7.997926, 6.546146, 5.607436, 7.049656, 6.962464, 7.406373, 8.169719, 9.09082, 10.209849, 11.368093, 12.131865, 12.657959, 12.90121, 12.576029, 11.742531, 10.747301, 9.803359, 8.711579, 7.917732, 7.81979, 8.361404, 9.140294, 10.255903, 11.725726, 13.09915, 10.945084, 8.604144, 6.074322, 3.162278, 0.0, 0.0, 0.0]"
908,"[0.0, 0.0, 0.0, 0.0, 1.0, 2.2, 3.8, 5.4, 7.409975, 8.41995, 8.869192, 8.977993, 8.901148, 8.232814, 7.389029, 6.816819, 5.740474, 4.81732, 4.041364, 3.723702, 3.812859, 4.622624, 5.811479, 7.481861, 8.965714, 10.240835, 11.359864, 12.132259, 12.457441, 12.251089, 9.809778, 8.810578, 7.59097, 6.246272, 5.320243, 6.734457, 6.881208, 7.627628, 8.752016, 10.025879, 11.279998, 12.399625, 13.13999, 13.406731, 13.532868, 13.264535, 12.636108, 11.817656, 10.822427, 9.678449, 8.801603, 8.322068, 8.438122, 9.088413, 10.460818, 12.193427, 13.878839, 11.75281, 9.490069, 6.661641, 3.405877, 0.0, 0.0, 0.0]"
909,"[0.0, 0.0, 0.0, 0.0, 1.280625, 2.722845, 4.284895, 6.00536, 7.892157, 8.581303, 9.108854, 9.444171, 9.372948, 8.942174, 8.386616, 7.436648, 6.171737, 5.08818, 4.264614, 3.6504, 3.847149, 4.670715, 5.948939, 7.356091, 8.765163, 9.948611, 11.092589, 11.656999, 11.826463, 11.627366, 9.227366, 8.227366, 7.0356, 5.992718, 5.114114, 6.280304, 6.203459, 6.775761, 7.579342, 8.780352, 10.120154, 11.038311, 11.690767, 12.129315, 11.922963, 11.542999, 10.798745, 9.919483, 8.953385, 8.168997, 7.498989, 7.401933, 7.639883, 8.406735, 9.473413, 10.824525, 12.231184, 10.431184, 8.222112, 5.813793, 3.006659, 0.0, 0.0, 0.0]"
910,"[0.0, 0.0, 0.0, 0.0, 1.131371, 2.545584, 4.107634, 5.804691, 7.525156, 8.280581, 8.753164, 8.979968, 8.991713, 8.72727, 8.105384, 7.295621, 6.227877, 5.084762, 4.02874, 3.58845, 3.58845, 4.390494, 5.533609, 7.221671, 8.6774, 9.880718, 10.790669, 11.514973, 11.66298, 11.392604, 9.112253, 8.2916, 7.123406, 6.018709, 5.174924, 6.439835, 6.476626, 7.055623, 7.96386, 9.13861, 10.403521, 11.284101, 11.856801, 12.323186, 12.314627, 11.843931, 11.200905, 10.396747, 9.346777, 8.428609, 7.769483, 7.531929, 7.816844, 8.514888, 9.517284, 10.902962, 12.415997, 10.51863, 8.364565, 5.947955, 3.162278, 0.0, 0.0, 0.0]"
911,"[0.0, 0.0, 0.0, 0.0, 1.019804, 2.284715, 3.740737, 5.389979, 7.09878, 7.86783, 8.391774, 8.656217, 8.569025, 8.140849, 7.632619, 6.843765, 5.84441, 4.88236, 4.048949, 3.616852, 3.616852, 4.337962, 5.458427, 7.137243, 8.414744, 9.823063, 10.789161, 11.629946, 11.784268, 11.658238, 9.249919, 8.40365, 7.123026, 5.919708, 5.119708, 6.533921, 6.621114, 7.237855, 8.248884, 9.284952, 10.303843, 11.28519, 11.995505, 12.315762, 12.479694, 12.056564, 11.237052, 10.429371, 9.421052, 8.477074, 7.990254, 7.899642, 8.079541, 8.942282, 10.176985, 11.482258, 12.873062, 10.893163, 8.630422, 5.939697, 3.11127, 0.0, 0.0, 0.0]"
912,"[0.0, 0.0, 0.0, 0.0, 1.0, 2.16619, 3.608411, 5.220862, 6.929663, 7.638464, 8.121516, 8.291747, 8.093509, 7.798922, 7.090121, 6.240879, 5.260883, 4.412355, 3.630596, 3.430596, 3.847149, 4.628907, 5.874299, 7.251818, 8.851818, 10.035266, 11.029371, 11.651399, 11.877492, 11.5171, 9.1171, 8.308781, 7.289889, 6.395462, 5.636479, 7.198529, 7.318994, 7.791577, 8.613267, 9.773953, 10.773153, 11.613938, 12.272726, 12.80012, 12.767128, 12.331907, 11.614566, 10.912891, 9.784216, 8.988348, 8.385474, 8.385474, 8.55154, 9.397809, 10.393039, 11.876543, 13.039294, 11.029318, 8.621, 6.013319, 3.006659, 0.0, 0.0, 0.0]"
913,"[0.0, 0.0, 0.0, 0.0, 1.019804, 2.236356, 3.885599, 5.49805, 7.309127, 8.089323, 8.683848, 8.683848, 8.720639, 8.365584, 7.830495, 6.844039, 5.794796, 4.592768, 3.702431, 3.262141, 3.654073, 4.510095, 5.90679, 7.429166, 8.945485, 10.328932, 11.556192, 12.218276, 12.366282, 12.084468, 9.484468, 8.324341, 7.232562, 6.213047, 5.418832, 6.861052, 7.058363, 7.770178, 8.833977, 10.010377, 11.175837, 12.063053, 12.620305, 12.939955, 12.915253, 12.461638, 11.823728, 10.929301, 9.941753, 9.087193, 8.495177, 8.412202, 8.777414, 9.581571, 10.805199, 12.289458, 13.633761, 11.479695, 9.063086, 6.277408, 3.231099, 0.0, 0.0, 0.0]"
914,"[0.0, 0.0, 0.0, 0.0, 1.264911, 2.720933, 4.429734, 6.273643, 8.31325, 9.058315, 9.612268, 9.903467, 9.859558, 9.432402, 8.83664, 8.026665, 6.826665, 5.659121, 4.612355, 4.217945, 4.234497, 5.046949, 6.22557, 7.66986, 9.083161, 10.340472, 11.448315, 12.16706, 12.498025, 12.218986, 9.745122, 8.67407, 7.558462, 6.434074, 5.621649, 6.902274, 6.815082, 7.244777, 8.028224, 9.094903, 10.359862, 11.488537, 12.205878, 12.767128, 12.639159, 12.256906, 11.452977, 10.612193, 9.465156, 8.627026, 7.98685, 7.749296, 7.839908, 8.634767, 9.800227, 11.084206, 12.441623, 10.630546, 8.421474, 5.813793, 3.006659, 0.0, 0.0, 0.0]"
915,"[0.0, 0.0, 0.0, 0.0, 1.131371, 2.411996, 3.974046, 5.694511, 7.414976, 7.896056, 8.404286, 8.551037, 8.286594, 8.022151, 7.626252, 6.662018, 5.585673, 4.576865, 3.720843, 3.328911, 3.769201, 4.845547, 6.2957, 7.97605, 9.584534, 10.752728, 11.651608, 12.361923, 12.489891, 12.256786, 9.823681, 8.828451, 7.485682, 6.357987, 5.438612, 7.051064, 7.227467, 8.116622, 9.252606, 10.571981, 11.642811, 12.632445, 13.198674, 13.502359, 13.463608, 13.060678, 12.282189, 11.448691, 10.340848, 9.235621, 8.567721, 8.367721, 8.689997, 9.685227, 11.057632, 12.471729, 13.896633, 11.68756, 9.079879, 6.251452, 3.224903, 0.0, 0.0, 0.0]"
916,"[0.0, 0.0, 0.0, 0.0, 1.280625, 2.722845, 4.284895, 6.00536, 7.892157, 8.670658, 9.198209, 9.533525, 9.462303, 9.224749, 8.382175, 7.432208, 6.359462, 5.275905, 4.226663, 3.834732, 4.03148, 4.856101, 6.134325, 7.573933, 9.182416, 10.398969, 11.357408, 12.113499, 12.473891, 12.240786, 9.807681, 8.812452, 7.477363, 6.243553, 5.324178, 6.490368, 6.586717, 7.219173, 8.141044, 9.201359, 10.71845, 11.692931, 12.403245, 12.756495, 12.578886, 12.175955, 11.492674, 10.605458, 9.687301, 8.979993, 8.299642, 7.912093, 8.035537, 8.792733, 9.866533, 11.178577, 12.670961, 10.827052, 8.546701, 6.016879, 3.104835, 0.0, 0.0, 0.0]"
917,"[0.0, 0.0, 0.0, 0.0, 1.077033, 2.341944, 3.797966, 5.447208, 7.258285, 7.992329, 8.527418, 8.882473, 8.845683, 8.448819, 7.657546, 6.682167, 5.47109, 4.305852, 3.612749, 3.417566, 3.612749, 4.468771, 5.865466, 7.183964, 8.639693, 9.96083, 11.104808, 11.860899, 12.327284, 12.106059, 9.765119, 8.688273, 7.502487, 6.213047, 5.418832, 7.031283, 7.352038, 7.937824, 9.001622, 10.178022, 11.173252, 12.012625, 12.695906, 13.015555, 13.104066, 12.584447, 11.798532, 10.904104, 9.916556, 8.948784, 8.422772, 8.245871, 8.516143, 9.3203, 10.441532, 11.832446, 13.242477, 11.183351, 8.766741, 6.08346, 3.130495, 0.0, 0.0, 0.0]"
918,"[0.0, 0.0, 0.0, 0.0, 1.019804, 2.434017, 4.046469, 5.658921, 7.502829, 8.380392, 8.755033, 9.029378, 9.137391, 8.735703, 8.118961, 7.330107, 6.164421, 5.043956, 4.167421, 3.735324, 3.901514, 4.622624, 5.909421, 7.343735, 8.775558, 10.017687, 11.12105, 11.642573, 11.905315, 11.750993, 9.342674, 8.494146, 7.366452, 6.368621, 5.442592, 6.898614, 6.8508, 7.467542, 8.290692, 9.564556, 10.582397, 11.563744, 12.296967, 12.816586, 12.742723, 12.46886, 11.83827, 11.018758, 10.023529, 9.079551, 8.492002, 8.212467, 8.381289, 9.177156, 10.411859, 11.627835, 13.01864, 11.038741, 8.630422, 5.939697, 3.11127, 0.0, 0.0, 0.0]"
919,"[0.0, 0.0, 0.0, 0.0, 1.019804, 2.434017, 4.034017, 5.634017, 7.445094, 8.236368, 8.471396, 8.520639, 8.443793, 7.974357, 7.240313, 6.415692, 5.398905, 4.508206, 3.887675, 3.887675, 4.327965, 5.404311, 6.830981, 8.442252, 9.80653, 11.261913, 12.273406, 12.905005, 13.133874, 12.972914, 10.252619, 9.25279, 8.08522, 6.979993, 6.113855, 7.763097, 7.939999, 8.57091, 9.455828, 10.571437, 11.642489, 12.657166, 13.331527, 13.819014, 13.896873, 13.584898, 12.881926, 12.063474, 10.884289, 9.985409, 9.463887, 9.098723, 9.214777, 10.111119, 11.093044, 12.330347, 13.742202, 11.616173, 9.070589, 6.379864, 3.255764, 0.0, 0.0, 0.0]"
920,"[0.0, 0.0, 0.0, 0.0, 1.264911, 2.788066, 4.496866, 6.394233, 8.433841, 9.208538, 9.695358, 9.786557, 9.689191, 9.249583, 8.624189, 7.614214, 6.638835, 5.559945, 4.854372, 4.517192, 4.973214, 5.797835, 7.116332, 8.695768, 10.148558, 11.478213, 12.614649, 13.438605, 13.648023, 13.354269, 10.568591, 9.68028, 8.272738, 6.989457, 6.167602, 7.690757, 7.680186, 8.224164, 9.104515, 10.131613, 11.216139, 12.012625, 12.695906, 13.015555, 13.104066, 12.837325, 12.242105, 11.528595, 10.637396, 9.669624, 8.890733, 8.523137, 8.612492, 9.139759, 10.177709, 11.479223, 12.805067, 10.745941, 8.509873, 5.909873, 3.046309, 0.0, 0.0, 0.0]"
921,"[0.0, 0.0, 0.0, 0.0, 1.077033, 2.533055, 3.989077, 5.638319, 7.482228, 8.216272, 8.571327, 8.915305, 8.866063, 8.436368, 7.841843, 7.030766, 5.863222, 4.828907, 4.135804, 3.939055, 4.353269, 5.53189, 7.005813, 8.565053, 10.075071, 11.19068, 12.165281, 12.808954, 12.945213, 12.651459, 10.121636, 9.233325, 7.964257, 6.961862, 6.181816, 7.794267, 7.896901, 8.646018, 9.673115, 10.937388, 12.103425, 13.056389, 13.756623, 14.100989, 13.910517, 13.661851, 12.862952, 11.969159, 11.070278, 10.260921, 9.575008, 9.307738, 9.397092, 10.016289, 11.159388, 12.445974, 13.869767, 11.810641, 9.304648, 6.441084, 3.310589, 0.0, 0.0, 0.0]"
922,"[0.0, 0.0, 0.0, 0.0, 1.2, 2.8, 4.6, 6.411077, 8.421052, 9.26066, 9.558027, 9.655393, 9.367471, 8.88065, 8.182683, 7.36235, 6.289604, 5.398905, 4.724279, 4.382638, 4.647246, 5.611479, 7.215091, 8.698944, 10.306625, 11.685278, 12.738958, 13.193615, 13.551959, 13.352597, 10.632303, 9.510234, 8.342663, 7.066152, 6.057833, 7.513855, 7.582245, 8.118216, 9.120612, 10.137221, 11.466876, 12.398316, 13.059484, 13.311208, 13.327704, 12.778094, 12.067775, 11.19139, 10.172299, 9.262349, 8.588331, 8.298821, 8.341708, 9.024847, 10.184974, 11.575888, 12.985918, 11.099122, 8.766741, 6.08346, 3.130495, 0.0, 0.0, 0.0]"
923,"[0.0, 0.0, 0.0, 0.0, 1.16619, 2.778642, 4.499107, 6.499107, 8.625136, 9.584975, 9.952422, 10.075866, 9.796331, 9.390767, 8.706958, 7.72706, 6.731679, 5.643669, 4.723204, 4.175411, 4.617631, 5.381555, 6.808225, 8.340606, 9.952172, 11.193233, 12.180781, 12.841949, 13.039391, 12.813749, 10.130467, 9.239268, 7.961194, 6.711997, 5.696557, 7.152579, 7.05623, 7.614009, 8.533385, 9.668474, 10.820133, 11.83827, 12.506603, 12.780466, 12.721406, 12.201787, 11.468564, 10.509032, 9.449382, 8.522656, 7.890616, 7.605701, 7.617366, 8.483503, 9.510601, 10.897113, 12.284661, 10.564196, 8.283845, 5.842534, 3.0, 0.0, 0.0, 0.0]"
924,"[0.0, 0.0, 0.0, 0.0, 1.0, 2.280625, 3.842675, 5.56314, 7.283605, 8.072459, 8.500635, 8.647386, 8.382943, 8.1185, 7.546198, 6.662018, 5.674328, 4.665519, 3.809497, 3.417566, 3.857856, 4.785988, 6.182683, 7.818751, 9.601811, 10.944581, 12.095339, 13.05143, 13.415362, 12.807681, 10.2, 9.012452, 7.668474, 6.410114, 5.824328, 7.386378, 7.562781, 8.165885, 9.156625, 10.074792, 11.120423, 12.051863, 12.683461, 13.041805, 13.255009, 12.91007, 12.169675, 11.322859, 10.352599, 9.419466, 8.865525, 8.696703, 9.061867, 9.941402, 11.335609, 12.826809, 14.421609, 12.212537, 9.612537, 6.605877, 3.405877, 0.0, 0.0, 0.0]"
925,"[0.0, 0.0, 0.0, 0.0, 1.077033, 2.418674, 4.031125, 5.643577, 7.364042, 8.130918, 8.633186, 8.864643, 8.814242, 8.535997, 7.972713, 7.128804, 6.133423, 5.018587, 4.176367, 3.790169, 3.956359, 4.720283, 5.993534, 7.45266, 8.794301, 10.04472, 10.96209, 11.771447, 11.992672, 11.844666, 9.428056, 8.607035, 7.418854, 6.269874, 5.523453, 6.788364, 6.692015, 7.161451, 8.266148, 9.398371, 10.607323, 11.715166, 12.504089, 12.68463, 12.446835, 12.032097, 11.198599, 10.3074, 9.346813, 8.524959, 8.065833, 7.990113, 8.178679, 9.003008, 10.118617, 11.430661, 12.724418, 10.827052, 8.546701, 6.016879, 3.104835, 0.0, 0.0, 0.0]"
926,"[0.0, 0.0, 0.0, 0.0, 1.077033, 2.418674, 3.941828, 5.730683, 7.617479, 8.427242, 8.92951, 9.103412, 8.876608, 8.551861, 7.94569, 7.101781, 6.253253, 5.323658, 4.394064, 3.834549, 3.96592, 4.679442, 5.890895, 7.25844, 8.817681, 10.01869, 10.962633, 11.535334, 11.771402, 11.460822, 9.128442, 8.2349, 7.098916, 6.029038, 5.324178, 6.738391, 6.72594, 7.45529, 8.498172, 9.64158, 10.835047, 11.865636, 12.486251, 12.710283, 12.582315, 12.062696, 11.329473, 10.348126, 9.527473, 8.859573, 8.227534, 8.119022, 8.356576, 9.076505, 10.071734, 11.394201, 12.658214, 10.771418, 8.439037, 5.831356, 3.052868, 0.0, 0.0, 0.0]"
927,"[0.0, 0.0, 0.0, 0.0, 1.264911, 2.720933, 4.333385, 6.144462, 8.154437, 8.899501, 9.443479, 9.642104, 9.642104, 9.281371, 8.68561, 7.705414, 6.694337, 5.515715, 4.432158, 3.912372, 4.109121, 4.958363, 6.223274, 7.74565, 9.192163, 10.57561, 11.609649, 12.218276, 12.636207, 12.458598, 9.858598, 8.964171, 7.723089, 6.417096, 5.518677, 6.860317, 6.513683, 7.135569, 7.935569, 9.111969, 10.378009, 11.543469, 12.339955, 12.756564, 12.656193, 12.202578, 11.492263, 10.517782, 9.713625, 8.786898, 8.194882, 7.909967, 7.990021, 8.531635, 9.458362, 10.681989, 12.042752, 10.253897, 8.099831, 5.758891, 2.973214, 0.0, 0.0, 0.0]"
928,"[0.0, 0.0, 0.0, 0.0, 1.16619, 2.608411, 4.220862, 5.941327, 7.785236, 8.598945, 9.136623, 9.368081, 9.368081, 8.966392, 8.328134, 7.348235, 6.225437, 5.070657, 4.260892, 3.743872, 3.910063, 4.631173, 5.952284, 7.378954, 8.790401, 10.04082, 11.128422, 11.771447, 11.992672, 11.844666, 9.428056, 8.421389, 7.233208, 6.233482, 5.311611, 6.725824, 6.815121, 7.284557, 8.213005, 9.479919, 10.539569, 11.59545, 12.314196, 12.634945, 12.61845, 12.203712, 11.505151, 10.68413, 9.61033, 8.607934, 8.161259, 7.84073, 8.101701, 8.881747, 10.067533, 11.318646, 12.715713, 10.745941, 8.509873, 5.909873, 3.046309, 0.0, 0.0, 0.0]"
929,"[0.0, 0.0, 0.0, 0.0, 1.16619, 2.507831, 4.030986, 5.739787, 7.448587, 8.126306, 8.628574, 8.717871, 8.60907, 8.300269, 7.65636, 6.612452, 5.632456, 4.598141, 4.022762, 3.842566, 4.442566, 5.621187, 7.065477, 8.449928, 9.863229, 11.131562, 12.040779, 12.816482, 13.137232, 13.045067, 10.376734, 9.500349, 8.327123, 7.211514, 6.393729, 8.00618, 8.00618, 8.519758, 9.513863, 10.681433, 11.911516, 12.952048, 13.604508, 13.87947, 13.872027, 13.446102, 12.797729, 11.989012, 11.026195, 10.03997, 9.343826, 9.166884, 9.351178, 10.160535, 11.249157, 12.690969, 14.049445, 11.895379, 9.365557, 6.579879, 3.417601, 0.0, 0.0, 0.0]"
930,"[0.0, 0.0, 0.0, 0.0, 1.0, 2.414214, 4.026665, 5.626665, 7.426665, 8.237742, 8.667437, 8.704228, 8.56025, 8.283405, 7.737239, 6.787757, 5.77097, 4.762162, 3.804693, 3.434209, 3.616815, 4.507514, 5.957667, 7.546047, 8.887688, 10.316648, 11.401174, 11.945119, 12.232364, 11.996296, 9.490303, 8.495074, 7.318674, 6.077363, 5.293915, 6.81707, 6.81707, 7.438955, 8.402286, 9.421801, 10.581928, 11.569477, 12.28268, 12.649172, 12.886967, 12.243293, 11.487202, 10.596003, 9.589335, 8.557693, 8.080135, 7.956691, 8.307016, 9.289854, 10.530915, 11.92183, 13.254233, 11.195107, 8.689114, 6.005832, 3.052868, 0.0, 0.0, 0.0]"
931,"[0.0, 0.0, 0.0, 0.0, 1.16619, 2.608411, 4.170461, 5.867517, 7.564573, 8.242292, 8.686868, 8.845283, 8.760678, 8.405263, 7.727544, 6.840748, 5.685968, 4.705972, 4.188952, 4.099795, 4.364706, 5.507821, 6.845137, 8.361456, 9.758287, 11.161708, 12.281335, 12.942153, 13.231802, 12.967011, 10.298678, 9.31416, 8.206725, 7.018356, 6.371334, 7.813554, 7.7585, 8.205117, 9.103836, 10.141786, 11.382847, 12.372482, 13.181199, 13.44794, 13.289251, 13.014289, 12.2358, 11.457311, 10.462082, 9.729571, 8.970495, 8.770495, 8.78047, 9.601123, 10.522912, 11.900219, 13.126768, 11.116793, 8.683688, 6.053098, 3.026549, 0.0, 0.0, 0.0]"
932,"[0.0, 0.0, 0.0, 0.0, 1.019804, 2.434017, 4.034017, 5.634017, 7.445094, 8.236368, 8.666063, 8.774864, 8.698018, 8.228582, 7.494538, 6.47525, 5.398905, 4.322964, 3.702433, 3.702433, 4.142723, 5.219069, 6.830981, 8.442252, 9.80653, 11.261913, 12.273406, 12.905005, 12.980943, 12.665661, 9.945367, 8.945538, 7.777968, 6.825671, 6.113855, 7.763097, 7.939999, 8.504906, 9.389824, 10.505432, 11.576484, 12.542682, 13.283048, 13.770535, 13.848394, 13.536418, 12.881926, 12.063474, 10.884289, 9.985409, 9.189542, 8.98047, 9.096524, 9.992866, 11.112492, 12.473254, 13.729019, 11.602989, 9.057405, 6.228978, 3.255764, 0.0, 0.0, 0.0]"
933,"[0.0, 0.0, 0.0, 0.0, 1.019804, 2.236356, 3.692378, 5.536287, 7.347364, 8.12756, 8.711008, 9.066063, 8.871396, 8.516341, 7.981252, 7.201056, 5.989979, 4.787951, 3.964384, 3.524094, 3.720843, 4.733294, 6.12999, 7.733602, 9.189332, 10.502601, 11.49015, 12.06285, 12.243391, 12.199108, 9.669286, 8.592441, 7.392384, 6.192328, 5.221171, 6.663391, 6.984145, 7.893622, 9.085389, 10.381727, 11.500756, 12.377142, 13.029601, 13.304564, 13.159923, 12.75274, 12.002217, 11.110524, 10.039694, 9.037299, 8.445283, 8.264366, 8.531635, 9.449006, 10.755086, 12.16625, 13.539674, 11.385608, 8.855786, 6.135491, 3.162278, 0.0, 0.0, 0.0]"
934,"[0.0, 0.0, 0.0, 0.0, 1.264911, 2.720933, 4.370175, 6.214084, 8.253692, 9.028389, 9.582342, 9.7331, 9.700268, 9.273112, 8.647717, 7.637742, 6.637742, 5.459121, 4.567779, 4.230599, 4.49551, 5.344752, 6.556205, 7.923156, 9.187063, 10.451975, 11.402732, 12.064816, 12.393364, 12.288492, 9.75867, 8.867471, 7.8175, 6.600891, 5.629734, 6.971375, 6.824624, 7.212511, 8.13854, 9.31494, 10.41461, 11.460241, 12.122325, 12.412905, 12.312534, 12.025289, 11.314975, 10.517782, 9.543394, 8.616667, 8.024651, 7.739736, 7.81979, 8.531635, 9.534031, 10.835545, 12.269403, 10.480549, 8.326483, 5.909873, 3.046309, 0.0, 0.0, 0.0]"
935,"[0.0, 0.0, 0.0, 0.0, 1.077033, 2.341944, 3.865099, 5.47755, 7.266405, 7.909837, 8.206976, 8.380877, 8.330476, 7.822246, 7.101781, 6.388259, 5.412313, 4.450263, 3.802094, 3.650622, 4.082719, 4.923658, 6.323658, 7.854534, 9.338386, 10.563754, 11.507697, 12.107697, 12.360976, 12.182661, 9.676668, 8.783127, 7.745177, 6.609192, 5.720037, 7.36928, 7.567905, 8.214927, 9.342621, 10.685391, 11.666738, 12.523994, 13.035216, 13.347191, 13.33951, 13.049861, 12.535594, 11.712667, 10.641615, 9.641615, 8.913126, 8.602969, 8.793664, 9.485362, 10.671039, 12.104897, 13.571577, 11.483516, 9.142576, 6.356898, 3.310589, 0.0, 0.0, 0.0]"
936,"[0.0, 0.0, 0.0, 0.0, 1.0, 2.414214, 3.870236, 5.519478, 7.228279, 7.937079, 8.31172, 8.46815, 8.261128, 7.832952, 7.255522, 6.315196, 5.3352, 4.492979, 3.933465, 3.802094, 4.234191, 5.163785, 6.543684, 8.085315, 9.493634, 10.774259, 11.773459, 12.401241, 12.47088, 12.225892, 9.664642, 8.665442, 7.471975, 6.481235, 5.773926, 7.386378, 7.624328, 8.220089, 9.286768, 10.430746, 11.418294, 12.425428, 13.24388, 13.503894, 13.377757, 13.058108, 12.290582, 11.306064, 10.448808, 9.587396, 8.956288, 8.814046, 9.124203, 9.729736, 10.800566, 12.104288, 13.51751, 11.363444, 8.946835, 6.263554, 3.310589, 0.0, 0.0, 0.0]"
937,"[0.0, 0.0, 0.0, 0.0, 1.019804, 2.236356, 3.692378, 5.401179, 7.10998, 7.87903, 8.274929, 8.380957, 8.234207, 7.939619, 7.282136, 6.518212, 5.677273, 4.715223, 4.022119, 3.739277, 4.171373, 5.14732, 6.527219, 7.932137, 9.644859, 10.805545, 11.71617, 12.242264, 12.622227, 12.120104, 9.678793, 8.791577, 7.699797, 6.636025, 6.032921, 7.645373, 7.724908, 8.510694, 9.468474, 10.612452, 11.807134, 12.814268, 13.2826, 13.550933, 13.424797, 12.898014, 12.178941, 11.59867, 10.542788, 9.668925, 9.037816, 8.847122, 8.913126, 9.806668, 11.070232, 12.551485, 13.964707, 11.810641, 9.304648, 6.441084, 3.310589, 0.0, 0.0, 0.0]"
938,"[0.0, 0.0, 0.0, 0.0, 1.2, 2.6, 4.4, 6.211077, 8.250685, 9.090293, 9.587659, 9.576514, 9.554291, 9.037838, 8.339871, 7.519537, 6.555304, 5.591071, 4.789026, 4.578756, 4.943944, 5.963232, 7.301941, 8.861182, 10.291061, 11.539565, 12.524083, 13.051477, 13.461851, 13.30892, 10.618196, 9.633677, 8.663418, 7.495847, 6.501742, 8.114194, 8.114194, 8.433336, 9.190533, 10.406908, 11.622884, 12.586109, 13.353635, 13.873284, 13.850376, 13.430267, 12.832206, 12.025072, 11.025072, 10.066633, 9.367115, 9.044839, 9.170868, 9.779187, 10.82067, 12.085083, 13.454051, 11.328022, 8.919703, 6.228978, 3.255764, 0.0, 0.0, 0.0]"
939,"[0.0, 0.0, 0.0, 0.0, 1.216553, 2.865795, 4.515037, 6.412404, 8.30977, 9.062989, 9.383519, 9.621073, 9.444171, 9.108854, 8.419708, 7.449936, 6.457567, 5.369558, 4.439963, 4.007866, 4.288491, 4.956114, 6.167567, 7.661141, 9.220932, 10.485891, 11.614566, 12.461382, 12.743672, 12.461382, 9.915798, 8.922129, 7.512029, 6.180743, 5.254714, 6.471267, 6.297365, 6.725541, 7.618279, 8.759219, 10.072489, 11.079157, 11.844219, 12.307553, 12.202681, 11.682834, 10.964089, 10.102677, 9.125594, 8.231166, 7.635405, 7.386378, 7.660722, 8.263827, 9.338795, 10.607863, 11.998778, 10.111981, 8.052855, 5.636246, 2.952965, 0.0, 0.0, 0.0]"
940,"[0.0, 0.0, 0.0, 0.0, 1.019804, 2.284715, 3.80787, 5.420321, 7.032773, 7.899765, 8.355319, 8.394214, 8.195976, 7.86415, 6.977353, 6.105416, 5.109052, 4.094838, 3.379899, 3.228427, 3.660524, 4.656888, 6.100797, 7.797854, 9.357644, 10.638269, 11.796513, 12.560285, 12.738855, 12.493867, 9.932617, 8.774373, 7.580905, 6.481235, 5.732118, 7.332118, 7.581145, 8.206539, 9.298003, 10.552123, 11.78055, 12.776607, 13.536999, 13.711575, 13.650923, 13.031568, 12.433506, 11.433506, 10.438277, 9.479838, 8.883218, 8.518054, 8.844083, 9.639951, 10.681433, 12.180252, 13.592107, 11.466078, 9.057759, 6.367034, 3.255764, 0.0, 0.0, 0.0]"
941,"[0.0, 0.0, 0.0, 0.0, 1.280625, 2.842675, 4.404725, 6.248634, 8.092543, 8.655827, 9.093777, 9.418523, 9.187066, 8.866311, 8.364043, 7.441076, 6.27539, 5.228624, 4.305469, 3.78845, 4.053058, 4.855102, 6.078271, 7.632337, 9.148656, 10.280878, 11.426056, 12.070307, 12.349346, 12.244474, 9.770611, 8.75152, 7.583326, 6.316412, 5.360969, 6.702609, 6.509389, 7.088387, 8.010258, 9.070573, 10.258754, 11.402732, 12.064816, 12.482748, 12.474189, 12.224717, 11.511513, 10.617972, 9.635134, 8.758775, 8.090876, 7.816531, 8.243688, 8.956601, 9.974442, 11.225555, 12.672515, 10.632907, 8.396839, 5.922976, 3.059412, 0.0, 0.0, 0.0]"
942,"[0.0, 0.0, 0.0, 0.0, 1.16619, 2.608411, 4.220862, 5.941327, 7.785236, 8.598945, 9.000633, 9.108647, 9.108647, 8.706958, 7.89325, 7.049341, 6.049986, 4.961977, 4.344377, 4.25522, 4.778374, 5.846119, 7.183435, 8.699754, 10.152543, 11.297721, 12.372431, 13.033248, 13.360641, 13.263924, 10.595591, 9.575936, 8.468501, 7.242389, 6.371334, 7.983786, 7.928731, 8.559642, 9.534031, 10.655263, 11.906375, 13.070486, 13.694908, 13.998593, 13.876561, 13.421316, 12.748702, 11.970214, 11.136716, 10.36432, 9.79991, 9.529535, 9.729535, 10.251057, 11.069884, 12.232634, 13.428903, 11.228903, 8.820584, 6.212903, 3.206244, 0.0, 0.0, 0.0]"
943,"[0.0, 0.0, 0.0, 0.0, 1.264911, 2.720933, 4.370175, 6.214084, 8.253692, 8.998756, 9.552709, 9.703467, 9.659558, 9.232402, 8.63664, 7.826665, 6.826665, 5.659121, 4.767779, 4.247993, 4.264545, 5.113788, 6.325241, 7.692192, 9.138705, 10.451975, 11.402732, 12.158823, 12.487371, 12.382499, 9.852677, 8.961478, 7.8175, 6.600891, 5.629734, 6.971375, 6.824624, 7.212511, 8.13854, 9.31494, 10.58098, 11.626611, 12.288695, 12.579275, 12.478904, 12.025289, 11.314975, 10.517782, 9.713625, 8.934735, 8.342719, 8.057804, 8.137857, 8.679472, 9.534031, 10.757659, 12.191516, 10.402662, 8.248596, 5.831987, 3.046309, 0.0, 0.0, 0.0]"
944,"[0.0, 0.0, 0.0, 0.0, 1.280625, 2.842675, 4.56314, 6.622266, 8.681392, 9.370539, 9.705855, 9.829299, 9.614082, 9.167407, 8.611849, 7.734287, 6.784805, 5.662006, 4.874176, 4.459962, 4.840159, 5.558183, 6.837073, 8.412452, 10.012452, 11.220133, 12.23827, 12.86886, 13.099449, 12.735517, 10.127836, 9.308324, 8.277734, 7.103167, 6.033289, 7.447503, 7.356891, 7.756891, 8.58122, 9.856341, 11.003377, 11.828496, 12.519221, 12.80012, 12.920058, 12.522139, 11.976555, 11.006295, 10.142102, 9.023073, 8.382896, 8.032139, 8.122751, 8.634767, 9.600865, 10.884844, 12.242261, 10.431184, 8.222112, 5.813793, 3.006659, 0.0, 0.0, 0.0]"
945,"[0.0, 0.0, 0.0, 0.0, 0.8, 2.016553, 3.430766, 4.84498, 6.494222, 7.403023, 7.798922, 7.826929, 7.69334, 7.324723, 6.615922, 5.72458, 4.729574, 3.648949, 2.651167, 2.216852, 2.390169, 3.109146, 4.521597, 6.125551, 7.685895, 9.054209, 10.15076, 10.81866, 11.057893, 10.775772, 8.513031, 7.530914, 6.416753, 5.310528, 4.466619, 5.683172, 5.858569, 6.401179, 7.278742, 8.51481, 9.731362, 10.683659, 11.383177, 11.89413, 11.858062, 11.424957, 10.816638, 10.008319, 8.8, 7.864911, 7.031101, 6.645315, 6.76578, 7.729111, 8.905511, 10.30057, 11.728891, 10.008426, 7.845095, 5.403784, 2.842534, 0.0, 0.0, 0.0]"
946,"[0.0, 0.0, 0.0, 0.0, 1.216553, 2.630766, 4.441843, 6.25292, 8.25292, 9.046343, 9.443206, 9.476038, 9.314203, 8.770225, 8.025161, 7.233888, 6.189979, 5.261847, 4.654353, 4.520813, 4.94323, 5.932084, 7.2701, 8.753953, 10.230263, 11.395723, 12.327163, 12.958762, 13.187631, 12.988268, 10.380588, 9.660293, 8.58202, 7.476792, 6.482687, 8.095139, 7.992505, 8.468115, 9.353033, 10.412683, 11.468564, 12.434762, 13.175128, 13.464777, 13.399232, 13.1309, 12.476408, 11.657956, 10.639818, 9.880741, 9.003896, 8.515289, 8.485212, 9.28108, 10.322562, 11.772622, 13.02537, 11.045471, 8.637152, 5.946427, 2.973214, 0.0, 0.0, 0.0]"
947,"[0.0, 0.0, 0.0, 0.0, 1.077033, 2.600188, 4.308988, 6.017789, 7.915156, 8.682032, 9.198485, 9.300761, 9.39196, 9.094594, 8.650685, 7.811077, 6.8, 5.72111, 4.842221, 4.462024, 4.478577, 5.291028, 6.380995, 7.868957, 9.282258, 10.539569, 11.59545, 12.314196, 12.634945, 12.355906, 9.882043, 8.862952, 7.747344, 6.434074, 5.621649, 7.06387, 6.976677, 7.406373, 8.169719, 9.09082, 10.194184, 11.193384, 11.790786, 12.31688, 12.290206, 11.98069, 11.389211, 10.736755, 9.672982, 8.851128, 8.057281, 7.79631, 7.904822, 8.550663, 9.610313, 11.080136, 12.47617, 10.578804, 8.490742, 6.016879, 3.104835, 0.0, 0.0, 0.0]"
948,"[0.0, 0.0, 0.0, 0.0, 1.280625, 2.842675, 4.539731, 6.51963, 8.499529, 9.218904, 9.54365, 9.73339, 9.542346, 9.085601, 8.350513, 7.629907, 6.591639, 5.523894, 4.825361, 4.580254, 4.678974, 5.479689, 6.798186, 8.253916, 9.667217, 11.032895, 12.190787, 12.951179, 13.278509, 13.045404, 10.414815, 9.418758, 8.07478, 6.80874, 5.889365, 7.331585, 7.13296, 7.646709, 8.541136, 9.592892, 10.758353, 11.753582, 12.504105, 12.829286, 12.905225, 12.423573, 11.795791, 10.919406, 9.920206, 8.853528, 8.183521, 7.816073, 7.972164, 8.619187, 9.685865, 11.036976, 12.231659, 10.231659, 8.022586, 5.614268, 2.807134, 0.0, 0.0, 0.0]"
949,"[0.0, 0.0, 0.0, 0.0, 1.216553, 2.630766, 4.243218, 6.087127, 7.931035, 8.611849, 8.98649, 8.98649, 8.755033, 8.353345, 7.622168, 6.727741, 5.939911, 4.927459, 4.206349, 4.171529, 4.557727, 5.453571, 6.853571, 8.25849, 9.535438, 10.800398, 11.641182, 12.202432, 12.637652, 12.509684, 9.9641, 9.099907, 8.100707, 6.881098, 6.056769, 7.456769, 7.372164, 7.849722, 8.744149, 9.696446, 10.904127, 11.899357, 12.459749, 12.823681, 12.823681, 12.425072, 11.827366, 11.027366, 10.027366, 9.033261, 8.347343, 7.94982, 7.993729, 8.519758, 9.651129, 10.818699, 12.179461, 10.335552, 8.209523, 5.663939, 2.973214, 0.0, 0.0, 0.0]"
950,"[0.0, 0.0, 0.0, 0.0, 1.16619, 2.608411, 4.220862, 5.941327, 7.661793, 8.339511, 8.741199, 8.849213, 8.849213, 8.570968, 8.0687, 7.224791, 6.352854, 5.079603, 4.269838, 3.822624, 3.988815, 4.582507, 5.855759, 7.386634, 8.824587, 10.075006, 11.232786, 12.042143, 12.219752, 12.041437, 9.624828, 8.547983, 7.298785, 6.23847, 5.161437, 6.575651, 6.652496, 7.171871, 7.891247, 9.222532, 10.416, 11.446589, 12.314922, 12.788785, 12.660817, 12.141198, 11.407975, 10.388884, 9.527473, 8.647122, 8.015082, 7.826517, 8.2364, 8.78728, 9.99496, 11.491903, 12.913598, 10.854472, 8.691141, 6.08346, 3.130495, 0.0, 0.0, 0.0]"
951,"[0.0, 0.0, 0.0, 0.0, 1.264911, 2.720933, 4.370175, 6.214084, 8.253692, 8.998756, 9.552709, 9.703467, 9.670635, 9.243479, 8.647717, 7.854295, 6.854295, 5.675673, 4.628907, 4.109121, 4.109121, 4.958363, 6.169816, 7.884482, 9.270405, 10.583675, 11.534433, 12.290524, 12.426782, 12.382499, 9.852677, 8.961478, 7.626389, 6.40978, 5.438623, 6.780264, 6.633513, 7.212511, 8.13854, 9.15398, 10.532633, 11.690877, 12.352961, 12.732925, 12.688642, 12.122414, 11.371891, 10.654753, 9.59098, 8.769126, 8.17711, 7.996193, 8.17711, 8.822951, 9.938559, 11.096803, 12.470227, 10.500455, 8.412394, 5.882572, 3.162278, 0.0, 0.0, 0.0]"
952,"[0.0, 0.0, 0.0, 0.0, 1.280625, 2.842675, 4.686584, 6.666483, 8.646382, 9.365757, 9.862833, 9.90572, 9.714676, 9.257931, 8.599572, 7.617479, 6.730683, 5.662939, 4.964405, 4.622764, 4.959945, 5.771022, 7.08952, 8.895488, 10.702621, 12.088408, 13.077331, 13.844857, 14.014268, 13.814815, 11.014815, 10.014815, 8.820133, 7.476154, 6.310694, 7.872744, 7.916653, 8.304201, 9.12853, 10.094629, 11.223303, 12.070119, 12.760844, 13.041743, 13.074735, 12.547341, 11.856616, 11.165892, 10.166692, 9.287431, 8.56632, 8.275121, 8.363182, 9.0372, 10.303578, 11.887906, 13.43487, 11.346808, 9.11074, 6.282313, 3.255764, 0.0, 0.0, 0.0]"
953,"[0.0, 0.0, 0.0, 0.0, 1.077033, 2.341944, 3.797966, 5.506767, 7.215568, 7.927389, 8.549274, 8.813717, 8.666966, 8.372379, 7.86415, 6.977353, 5.977999, 4.863162, 3.896162, 3.464066, 3.595436, 4.316547, 5.589798, 7.142585, 8.702375, 9.979323, 10.945422, 11.786206, 12.066557, 11.658238, 9.249919, 8.40365, 7.008591, 5.805273, 5.005273, 6.461295, 6.608046, 7.411627, 8.48866, 9.6296, 10.647442, 11.56923, 12.230048, 12.484301, 12.55168, 12.087792, 11.268279, 10.250142, 9.297845, 8.231166, 7.783241, 7.669221, 8.2201, 9.096459, 10.362499, 11.68489, 13.150111, 10.98678, 8.6544, 6.046719, 3.162278, 0.0, 0.0, 0.0]"
954,"[0.0, 0.0, 0.0, 0.0, 0.894427, 2.060618, 3.402258, 4.925413, 6.367633, 7.035256, 7.431116, 7.503689, 7.261159, 6.985129, 6.423079, 5.582139, 4.615139, 3.534514, 2.568324, 2.015537, 2.142955, 2.976367, 4.19058, 5.834489, 7.387275, 8.702078, 9.657521, 10.302434, 10.428296, 10.217151, 8.05382, 6.983942, 5.924816, 4.849472, 4.080421, 5.080421, 5.314231, 6.125308, 7.240856, 8.421052, 9.821052, 10.821052, 11.409975, 11.8, 11.8, 11.211077, 10.423529, 9.423529, 8.223529, 7.223529, 6.677363, 6.507132, 6.804188, 7.584087, 8.792406, 10.073079, 11.473393, 9.776336, 7.796437, 5.388118, 2.842534, 0.0, 0.0, 0.0]"
955,"[0.0, 0.0, 0.0, 0.0, 0.848528, 1.979899, 3.394113, 4.956162, 6.676628, 7.548564, 8.206048, 8.500635, 8.46174, 8.006186, 7.550632, 6.586399, 5.598708, 4.522767, 3.857856, 3.417566, 3.857856, 4.592768, 6.185162, 7.82123, 9.429714, 10.573122, 11.525419, 12.085811, 12.249743, 12.016638, 9.608319, 8.812452, 7.668474, 6.610114, 5.824328, 7.544793, 7.721196, 8.3243, 9.31504, 10.233207, 11.120423, 12.051863, 12.683461, 13.041805, 13.255009, 12.91007, 12.169675, 11.322859, 10.352599, 9.419466, 8.865525, 8.729535, 9.094698, 9.782552, 10.977235, 12.275093, 13.637428, 11.428356, 9.020037, 6.212903, 3.206244, 0.0, 0.0, 0.0]"
956,"[0.0, 0.0, 0.0, 0.0, 1.019804, 2.236356, 3.65057, 5.263022, 6.912264, 7.601261, 8.093509, 8.291747, 8.291747, 8.084725, 7.656549, 6.947748, 6.056407, 5.043956, 4.167421, 3.735324, 3.901514, 4.622624, 5.74309, 7.23653, 8.668353, 9.910481, 11.013845, 11.701699, 11.905315, 11.750993, 9.342674, 8.35914, 7.292462, 6.294631, 5.368602, 6.782815, 6.929566, 7.485292, 8.374447, 9.454798, 10.514447, 11.436236, 12.14655, 12.400803, 12.520453, 12.046589, 11.216, 10.419396, 9.623529, 8.679551, 8.292002, 8.212467, 8.381289, 9.031579, 10.266282, 11.482258, 12.873062, 10.893163, 8.630422, 5.939697, 3.11127, 0.0, 0.0, 0.0]"
957,"[0.0, 0.0, 0.0, 0.0, 1.0, 2.131371, 3.545584, 5.242641, 7.08655, 7.807015, 8.288095, 8.397036, 8.223135, 7.644137, 6.943476, 6.155645, 5.353601, 4.27766, 3.612749, 3.417566, 3.669978, 4.472022, 6.11287, 7.793221, 9.401705, 10.757777, 11.642941, 11.95488, 12.074529, 11.841424, 9.408319, 8.612452, 7.477363, 6.519583, 5.733797, 7.346248, 7.522651, 8.411806, 9.386195, 10.477974, 11.473203, 12.29203, 12.858258, 13.132374, 13.317106, 12.835454, 12.353802, 11.633508, 10.663248, 9.495678, 9.018891, 8.703939, 8.903939, 9.583474, 10.860319, 12.211077, 13.6, 11.4, 9.0, 6.2, 3.2, 0.0, 0.0, 0.0]"
958,"[0.0, 0.0, 0.0, 0.0, 1.216553, 2.865795, 4.574596, 6.471962, 8.441734, 9.284307, 9.694191, 9.872186, 9.695285, 9.42257, 8.644068, 7.716313, 6.723944, 5.8281, 4.955665, 4.569467, 4.718721, 5.386344, 6.561723, 7.900433, 9.447317, 10.774373, 11.990812, 12.674093, 12.927372, 12.722129, 10.114448, 8.94841, 7.707349, 6.571365, 5.676938, 7.13296, 7.13296, 7.700714, 8.629162, 9.69584, 10.870407, 11.888545, 12.546903, 12.867652, 12.800273, 12.32375, 11.662932, 10.7034, 9.6296, 8.702874, 7.948808, 7.628279, 7.816844, 8.701762, 9.887549, 11.351113, 12.74818, 10.850813, 8.509873, 5.909873, 3.046309, 0.0, 0.0, 0.0]"
959,"[0.0, 0.0, 0.0, 0.0, 1.019804, 2.236356, 3.692378, 5.341621, 7.050421, 7.739418, 8.135317, 8.291747, 8.084725, 7.656549, 7.079119, 6.315196, 5.3352, 4.492979, 3.933465, 3.650622, 4.082719, 5.012313, 6.392212, 7.797131, 9.356922, 10.637547, 11.636746, 12.264528, 12.47088, 12.225892, 9.664642, 8.665442, 7.471975, 6.481235, 5.732118, 7.332118, 7.570068, 8.165829, 9.232508, 10.425975, 11.425975, 12.433109, 13.053723, 13.275993, 13.142176, 12.778244, 12.010718, 11.224037, 10.193448, 9.332036, 8.804769, 8.554016, 8.769233, 9.501613, 10.667651, 12.011717, 13.447766, 11.38864, 9.056259, 6.277771, 3.224903, 0.0, 0.0, 0.0]"
960,"[0.0, 0.0, 0.0, 0.0, 1.077033, 2.418674, 3.860894, 5.581359, 7.301824, 7.921848, 8.277263, 8.555508, 8.277263, 7.898439, 7.367573, 6.564944, 5.410164, 4.415157, 3.705972, 3.434209, 3.820407, 4.867173, 6.306755, 7.910368, 9.43255, 10.751925, 11.669296, 12.312321, 12.550117, 12.221569, 9.621569, 8.800548, 7.712946, 6.653296, 5.906876, 7.43003, 7.565138, 8.358986, 9.18084, 10.313063, 11.510202, 12.386588, 12.936197, 13.383411, 13.41554, 12.931314, 12.180792, 11.364885, 10.330846, 9.437305, 8.801237, 8.675374, 8.985954, 9.810575, 10.918417, 12.230461, 13.54883, 11.268479, 8.794616, 6.074322, 3.162278, 0.0, 0.0, 0.0]"
961,"[0.0, 0.0, 0.0, 0.0, 1.16619, 2.608411, 4.220862, 5.941327, 7.785236, 8.598945, 9.000633, 9.232091, 9.232091, 8.830402, 8.016694, 7.172785, 6.049986, 4.961977, 4.344377, 4.25522, 4.778374, 5.846119, 7.272789, 8.864777, 10.387744, 11.584884, 12.708073, 13.31728, 13.569004, 13.402109, 10.681815, 9.667137, 8.611256, 7.357137, 6.486082, 8.098533, 8.098533, 8.574143, 9.44028, 10.408052, 11.581279, 12.547476, 13.322979, 13.821117, 13.898976, 13.554609, 12.854376, 11.877608, 10.887973, 9.929535, 9.299301, 9.13597, 9.288781, 9.97379, 10.992881, 12.241216, 13.5397, 11.500092, 9.026229, 6.357896, 3.298485, 0.0, 0.0, 0.0]"
962,"[0.0, 0.0, 0.0, 0.0, 1.2, 2.812452, 4.612452, 6.423529, 8.267437, 9.155499, 9.440414, 9.349215, 9.150589, 8.648321, 7.9019, 7.081567, 6.197387, 5.384936, 4.764405, 4.554135, 4.757727, 5.653571, 6.853571, 8.412812, 9.827025, 11.374827, 12.496896, 13.217191, 13.498089, 13.232856, 10.404429, 9.405804, 8.247559, 7.209464, 6.385135, 7.985135, 7.952304, 8.599326, 9.312239, 10.463898, 11.471579, 12.460502, 13.058564, 13.629629, 13.652538, 13.280925, 12.716993, 11.720936, 10.724879, 9.706742, 9.119916, 8.672702, 9.024956, 9.65519, 10.763033, 12.11379, 13.487214, 11.323883, 8.882572, 6.162278, 3.162278, 0.0, 0.0, 0.0]"
963,"[0.0, 0.0, 0.0, 0.0, 1.2, 2.8, 4.6, 6.4, 8.409975, 9.249583, 9.54695, 9.644316, 9.553117, 9.066296, 8.368329, 7.547996, 6.47525, 5.398905, 4.724279, 4.382638, 4.747825, 5.81, 7.340876, 8.933659, 10.494908, 11.743413, 12.685044, 13.35014, 13.599554, 13.446623, 10.755898, 9.77138, 8.385173, 7.217603, 6.223498, 7.835949, 7.835949, 8.433336, 9.343287, 10.559663, 11.775638, 12.738863, 13.506389, 13.873284, 13.842695, 13.422586, 12.824525, 12.017391, 11.017391, 10.029843, 9.330325, 9.008049, 9.008049, 9.616367, 10.694641, 11.959054, 13.196357, 11.196357, 8.788038, 6.097314, 3.1241, 0.0, 0.0, 0.0]"
964,"[0.0, 0.0, 0.0, 0.0, 1.216553, 2.630766, 4.243218, 6.054295, 8.054295, 8.847717, 9.473112, 9.704569, 9.602293, 9.058315, 8.31325, 7.293447, 6.249538, 5.173192, 4.565699, 4.300788, 4.723204, 5.712059, 7.138729, 8.622582, 10.230263, 11.508336, 12.562016, 13.193615, 13.406818, 13.061879, 10.341585, 9.34296, 8.264687, 7.175124, 6.326596, 7.939048, 7.803939, 8.279549, 9.164467, 10.224117, 11.279998, 12.399625, 12.942153, 13.208894, 13.342711, 12.874378, 12.245951, 11.625337, 10.630108, 9.478449, 8.801603, 8.322068, 8.156002, 8.806292, 10.040995, 11.346268, 12.737072, 10.893163, 8.630422, 5.939697, 3.11127, 0.0, 0.0, 0.0]"
965,"[0.0, 0.0, 0.0, 0.0, 1.280625, 2.842675, 4.404725, 6.12519, 8.011986, 8.701133, 9.108854, 9.444171, 9.372948, 9.098604, 8.345384, 7.395417, 6.322671, 5.394539, 4.414543, 3.997991, 4.194739, 4.98257, 6.072537, 7.450056, 8.850056, 10.033504, 11.028733, 11.625975, 12.024319, 12.060387, 9.660387, 8.665157, 7.656838, 6.325552, 5.370109, 6.784323, 6.733921, 7.220718, 8.143685, 9.304371, 10.451407, 11.450607, 12.109395, 12.517714, 12.356754, 12.075855, 11.358514, 10.533395, 9.539289, 8.701159, 7.943963, 7.749296, 7.839908, 8.634767, 9.600865, 10.884844, 12.262151, 10.451074, 8.242002, 5.833683, 3.026549, 0.0, 0.0, 0.0]"
966,"[0.0, 0.0, 0.0, 0.0, 1.16619, 2.608411, 4.220862, 6.009717, 7.979488, 8.522099, 8.923787, 8.923787, 8.747384, 8.177613, 7.668812, 6.649524, 5.669528, 4.622762, 4.047383, 3.847383, 4.422762, 5.590307, 7.034596, 8.618294, 10.051399, 11.319732, 12.240026, 12.950345, 13.071848, 12.919094, 10.250761, 9.374376, 8.266533, 7.150925, 6.393729, 8.00618, 8.00618, 8.519758, 9.513863, 10.711003, 11.818845, 12.859377, 13.686313, 13.961275, 13.657591, 13.353906, 12.62353, 11.640337, 10.843852, 10.271152, 9.698451, 9.431182, 9.520536, 10.050349, 10.889722, 12.092122, 13.515915, 11.456789, 9.04018, 6.356898, 3.310589, 0.0, 0.0, 0.0]"
967,"[0.0, 0.0, 0.0, 0.0, 1.16619, 2.507831, 4.030986, 5.739787, 7.637153, 8.368329, 8.870597, 8.959894, 8.863545, 8.366179, 7.668812, 6.649524, 5.669528, 4.622762, 4.117189, 3.936993, 4.512372, 5.690994, 7.164916, 8.506557, 9.960616, 11.28091, 12.255511, 12.815903, 12.996444, 12.93919, 10.218896, 9.330585, 8.343037, 7.326427, 6.36584, 7.888995, 7.878424, 8.429304, 9.470615, 10.622274, 11.877608, 12.943776, 13.566123, 13.91049, 13.832631, 13.395082, 12.530179, 11.641868, 10.645044, 9.835687, 9.338656, 9.376624, 9.642588, 10.295045, 11.294874, 12.503833, 13.706467, 11.543136, 9.101825, 6.381531, 3.328663, 0.0, 0.0, 0.0]"
968,"[0.0, 0.0, 0.0, 0.0, 1.019804, 2.236356, 3.848808, 5.46126, 7.305168, 7.994165, 8.566467, 8.74287, 8.74287, 8.341182, 7.913006, 7.124151, 6.056407, 5.043956, 4.167421, 3.735324, 3.901514, 4.622624, 5.909421, 7.507066, 8.938889, 10.181017, 11.284381, 11.943169, 12.04258, 11.888259, 9.47994, 8.496405, 7.393041, 6.395211, 5.469182, 6.925203, 7.071954, 7.599505, 8.48866, 9.762524, 10.780365, 11.739897, 12.400715, 12.85433, 12.788785, 12.514922, 11.846589, 11.027077, 10.031847, 9.146683, 8.559135, 8.403044, 8.717996, 9.513863, 10.681433, 12.042196, 13.454051, 11.328022, 8.919703, 6.228978, 3.255764, 0.0, 0.0, 0.0]"
969,"[0.0, 0.0, 0.0, 0.0, 1.216553, 2.672574, 4.516483, 6.32756, 8.337536, 9.120983, 9.674936, 9.642104, 9.48027, 9.119537, 8.53375, 7.543579, 6.532502, 5.777687, 4.976973, 4.72895, 5.050786, 6.039641, 7.20434, 8.772421, 10.213911, 11.479952, 12.533631, 13.317039, 13.46168, 13.13435, 10.526669, 9.684135, 8.454052, 7.348824, 6.468474, 8.080925, 7.978292, 8.453901, 9.338819, 10.412683, 11.468564, 12.434762, 13.175128, 13.641321, 13.775139, 13.506806, 12.843242, 12.02479, 11.028733, 10.070294, 9.379095, 9.065891, 9.181945, 9.779187, 10.82067, 12.085083, 13.309556, 11.183527, 8.775208, 6.084484, 3.11127, 0.0, 0.0, 0.0]"
970,"[0.0, 0.0, 0.0, 0.0, 1.0, 2.280625, 3.842675, 5.539731, 7.38364, 8.227549, 8.667389, 8.717791, 8.543889, 8.041621, 7.274745, 6.378901, 5.48756, 4.411619, 3.702433, 3.519828, 3.861397, 4.752738, 6.364651, 7.968263, 9.414776, 10.778408, 11.695778, 12.304985, 12.54278, 12.437908, 9.908086, 9.087065, 7.860953, 6.801303, 5.906876, 7.362898, 7.498006, 8.095393, 9.114284, 10.205749, 11.470021, 12.346406, 13.092476, 13.342652, 13.41554, 12.931314, 12.180792, 11.364885, 10.330846, 9.437305, 8.813688, 8.687826, 8.806116, 9.686695, 10.859922, 12.220684, 13.729386, 11.641324, 9.111502, 6.325825, 3.352611, 0.0, 0.0, 0.0]"
971,"[0.0, 0.0, 0.0, 0.0, 1.216553, 2.829004, 4.672913, 6.516822, 8.604883, 9.542397, 9.899717, 9.942604, 9.81916, 9.293149, 8.419708, 7.449936, 6.457567, 5.337102, 4.407508, 3.975411, 4.256036, 5.082074, 6.482074, 7.975647, 9.672703, 10.937663, 11.907923, 12.469172, 12.904393, 12.639159, 10.093575, 9.099907, 7.819282, 6.599673, 5.535874, 6.935874, 6.88806, 7.504802, 8.251223, 9.315021, 10.388884, 11.407975, 12.141198, 12.461455, 12.581104, 12.307241, 11.638908, 10.608319, 9.656022, 8.520933, 7.763154, 7.325203, 7.569112, 8.11309, 9.28949, 10.567564, 12.005514, 10.161605, 8.161605, 5.720294, 3.0, 0.0, 0.0, 0.0]"
972,"[0.0, 0.0, 0.0, 0.0, 1.0, 2.280625, 3.842675, 5.539731, 7.236787, 7.933844, 8.373684, 8.424085, 8.339481, 7.984065, 7.364042, 6.538004, 5.646663, 4.481425, 3.77224, 3.589634, 3.861397, 4.663441, 6.185999, 7.70761, 9.343005, 10.650678, 11.601386, 12.262204, 12.541243, 12.247489, 9.773626, 8.949005, 7.84157, 6.68909, 5.733647, 7.256801, 7.504926, 8.069832, 9.130147, 10.379345, 11.539472, 12.325387, 13.015814, 13.282555, 13.194044, 12.674093, 12.154142, 11.26245, 10.26722, 9.475152, 8.924272, 8.560942, 8.883218, 9.679085, 10.85827, 12.272367, 13.697271, 11.488198, 9.079879, 6.251452, 3.224903, 0.0, 0.0, 0.0]"
973,"[0.0, 0.0, 0.0, 0.0, 1.16619, 2.608411, 4.397265, 6.456391, 8.426163, 9.157339, 9.559027, 9.614082, 9.167407, 8.810087, 8.326934, 7.699578, 6.750096, 5.986173, 5.268149, 4.873739, 5.0714, 5.789424, 6.950871, 8.664125, 10.472748, 11.922099, 13.173212, 14.026801, 14.087453, 13.539376, 10.675812, 9.656157, 8.405044, 7.150925, 6.135485, 7.577706, 7.577706, 7.945153, 8.793681, 9.937089, 11.056118, 11.773459, 12.401241, 12.74618, 12.843854, 12.518672, 12.016549, 11.295664, 10.300435, 9.208655, 8.414808, 8.144536, 8.155107, 8.823006, 10.129086, 11.55043, 12.866411, 10.969044, 8.688693, 5.968399, 3.104835, 0.0, 0.0, 0.0]"
974,"[0.0, 0.0, 0.0, 0.0, 1.216553, 2.829004, 4.478246, 6.322155, 8.219522, 8.972741, 9.330061, 9.567615, 9.336157, 8.881011, 8.191865, 7.388284, 6.326108, 5.513657, 4.965864, 4.851429, 5.099452, 5.971887, 7.297917, 8.811808, 10.206868, 11.512948, 12.700333, 13.352793, 13.552155, 13.323286, 10.602992, 9.605347, 8.388908, 7.223447, 6.414221, 8.026673, 7.939877, 8.577827, 9.535606, 10.620133, 11.836108, 12.864535, 13.492962, 13.761295, 13.683436, 13.195949, 12.647873, 11.859054, 11.03463, 10.104808, 9.376319, 8.993335, 8.923499, 9.496199, 10.57948, 11.919994, 13.153122, 11.183351, 8.766741, 6.08346, 3.130495, 0.0, 0.0, 0.0]"
975,"[0.0, 0.0, 0.0, 0.0, 1.077033, 2.418674, 3.941828, 5.730683, 7.519537, 8.3293, 8.831569, 9.00547, 8.913672, 8.539031, 7.93286, 7.088951, 5.95758, 4.707737, 3.740737, 3.308641, 3.308641, 4.305005, 5.701701, 7.380516, 8.79473, 10.340314, 11.339514, 12.056855, 12.211176, 11.948435, 9.40285, 8.40365, 7.123026, 5.862479, 5.062479, 6.518501, 6.665251, 7.354398, 8.48866, 9.6296, 10.647442, 11.606974, 12.305535, 12.782058, 12.849437, 12.584646, 11.926288, 10.907198, 9.73263, 8.665952, 8.01893, 7.706011, 8.2201, 9.096459, 10.533307, 11.855698, 13.211509, 11.048178, 8.715797, 5.937309, 3.052868, 0.0, 0.0, 0.0]"
976,"[0.0, 0.0, 0.0, 0.0, 1.019804, 2.284715, 3.933957, 5.745034, 7.556111, 8.336307, 8.882473, 8.845683, 8.683848, 8.328793, 7.793704, 6.807248, 5.794796, 4.592768, 3.583959, 3.143669, 3.535601, 4.548052, 5.911916, 7.50431, 8.96004, 10.273309, 11.19068, 11.909425, 12.210757, 11.900178, 9.370356, 8.296556, 7.180947, 6.05656, 5.163821, 6.725871, 6.966905, 7.532591, 8.57878, 9.910066, 11.038741, 11.902934, 12.643329, 12.988268, 12.91233, 12.280732, 11.606278, 10.606449, 9.560818, 8.642651, 8.195976, 8.017981, 8.385577, 9.256632, 10.705983, 11.921958, 13.272569, 11.184508, 8.751403, 5.887839, 3.059412, 0.0, 0.0, 0.0]"
977,"[0.0, 0.0, 0.0, 0.0, 1.2, 2.6, 4.2, 6.011077, 7.822154, 8.466063, 8.96343, 9.07223, 8.969954, 8.682032, 8.103034, 7.2827, 6.398521, 5.514341, 4.885613, 4.752073, 5.089254, 6.108542, 7.28392, 8.652235, 10.066449, 11.34296, 12.341585, 13.061879, 13.360387, 13.256114, 10.565389, 9.566764, 8.40852, 7.459721, 6.541565, 8.154017, 8.110108, 8.548058, 9.535606, 10.819585, 12.213793, 13.440342, 14.268769, 14.532334, 14.393533, 13.727813, 12.789325, 11.804807, 10.785152, 9.716819, 9.186956, 8.942804, 9.252961, 9.825661, 11.089225, 12.324457, 13.711647, 11.557582, 9.140972, 6.277408, 3.231099, 0.0, 0.0, 0.0]"
978,"[0.0, 0.0, 0.0, 0.0, 1.2, 2.6, 4.2, 6.0, 8.009975, 8.849583, 9.293492, 9.590858, 9.499659, 9.012839, 8.238142, 7.471266, 6.398521, 5.514341, 4.839714, 4.706174, 5.071362, 6.09065, 7.266028, 8.697851, 10.12773, 11.376234, 12.360752, 13.203287, 13.484185, 13.331255, 10.64053, 9.792002, 8.669933, 7.631838, 6.679541, 8.279541, 8.110719, 8.429861, 9.537296, 10.888408, 12.295067, 13.48399, 14.451042, 14.627586, 14.451042, 14.074972, 13.114579, 12.117895, 11.110762, 10.092624, 9.305943, 9.236107, 9.285258, 9.817639, 10.925481, 12.13444, 13.389571, 11.330445, 8.998065, 6.277771, 3.224903, 0.0, 0.0, 0.0]"
979,"[0.0, 0.0, 0.0, 0.0, 1.280625, 2.722845, 4.165066, 5.95392, 7.742775, 8.431921, 8.887067, 9.094089, 8.917686, 8.543046, 7.789826, 6.912264, 5.895477, 4.848711, 4.259118, 4.042566, 4.436976, 5.615597, 7.049912, 8.625291, 10.232972, 11.426439, 12.443789, 13.112122, 13.185985, 12.814372, 10.206691, 9.189341, 8.121008, 7.103167, 6.479551, 8.0416, 8.074432, 8.600462, 9.552758, 10.631032, 11.897409, 13.026714, 13.620979, 14.097101, 14.014057, 13.691623, 13.05079, 12.217292, 11.17676, 10.266135, 9.646938, 9.284329, 9.485594, 10.115549, 11.086825, 12.304864, 13.633577, 11.545516, 9.071652, 6.403319, 3.298485, 0.0, 0.0, 0.0]"
980,"[0.0, 0.0, 0.0, 0.0, 1.264911, 2.914153, 4.72523, 6.764838, 8.774813, 9.509902, 9.671737, 9.671737, 9.244581, 8.648819, 7.91373, 7.122457, 6.11138, 5.220039, 4.526935, 4.339057, 4.775275, 5.624518, 6.991469, 8.611298, 10.134266, 11.361525, 12.490772, 13.181199, 13.44794, 13.180321, 10.497039, 9.507405, 8.184938, 6.977257, 5.861429, 7.384583, 7.208181, 7.752159, 8.515489, 9.631318, 10.614156, 11.684986, 12.284986, 12.721655, 12.919097, 12.693455, 12.098234, 11.395601, 10.504402, 9.4168, 8.550663, 8.183066, 8.255471, 8.782739, 9.940518, 11.311982, 12.637826, 10.668055, 8.431987, 5.831987, 3.046309, 0.0, 0.0, 0.0]"
981,"[0.0, 0.0, 0.0, 0.0, 1.0, 2.280625, 3.842675, 5.56314, 7.351994, 8.140849, 8.569025, 8.656217, 8.349965, 7.975325, 7.403023, 6.494222, 5.477435, 4.628907, 3.814693, 3.422762, 3.699795, 4.716582, 5.994805, 7.630873, 9.239357, 10.570643, 11.529082, 12.285173, 12.449105, 12.016, 9.607681, 8.612452, 7.277363, 6.043553, 5.324178, 6.766398, 6.942801, 7.831956, 9.006706, 10.14269, 11.383751, 12.373385, 12.939614, 13.318968, 13.463608, 13.060678, 12.282189, 11.405804, 10.297961, 9.259866, 8.591967, 8.391967, 8.75713, 9.577783, 10.883056, 12.297154, 13.722057, 11.512984, 9.079879, 6.251452, 3.224903, 0.0, 0.0, 0.0]"
982,"[0.0, 0.0, 0.0, 0.0, 1.131371, 2.545584, 4.107634, 5.828099, 7.714896, 8.470321, 8.844962, 8.991713, 8.794402, 8.172517, 7.550632, 6.656205, 5.668514, 4.777815, 4.312904, 4.067797, 4.629392, 5.557524, 7.013129, 8.449197, 9.862499, 11.037066, 12.194957, 12.706896, 13.070828, 13.037723, 10.407134, 9.411077, 8.267099, 7.00874, 6.022953, 7.465174, 7.442951, 7.956701, 9.031669, 10.300737, 11.637006, 12.732592, 13.483115, 13.90904, 13.787008, 13.416838, 12.658426, 11.938132, 10.816063, 9.963614, 9.204537, 8.889585, 8.89956, 9.587414, 10.486294, 11.863601, 13.277427, 11.267452, 8.859133, 6.251452, 3.224903, 0.0, 0.0, 0.0]"
983,"[0.0, 0.0, 0.0, 0.0, 1.131371, 2.545584, 4.242641, 5.939697, 7.939697, 8.808326, 9.280909, 9.372707, 9.384451, 8.840473, 8.105384, 7.295621, 6.401194, 5.258079, 4.402057, 3.961767, 4.149645, 4.71124, 6.042921, 7.530982, 8.986712, 10.195664, 11.370231, 11.881184, 12.201441, 11.931066, 9.457202, 8.475855, 7.332447, 6.090319, 5.360969, 6.702609, 6.509389, 7.141845, 8.063716, 9.124031, 10.38239, 11.609649, 12.218276, 12.737895, 12.838266, 12.401597, 11.718316, 10.932788, 9.848262, 8.862972, 8.113855, 7.726307, 7.849751, 8.606947, 9.624788, 11.074139, 12.521099, 10.67719, 8.396839, 5.922976, 3.059412, 0.0, 0.0, 0.0]"
984,"[0.0, 0.0, 0.0, 0.0, 1.019804, 2.284715, 3.933957, 5.583199, 7.394276, 8.174473, 8.709562, 8.672771, 8.479551, 8.124496, 7.589407, 6.614028, 5.601576, 4.592768, 3.769201, 3.328911, 3.50429, 4.318504, 5.682367, 7.08952, 8.500966, 9.97483, 11.090438, 11.809183, 12.110516, 11.844219, 9.370356, 8.296556, 7.166734, 6.042346, 5.238765, 6.652978, 7.040865, 7.640865, 8.704664, 9.946792, 11.078163, 11.924979, 12.486229, 12.813559, 12.737621, 12.251162, 11.447234, 10.606449, 9.412982, 8.522821, 7.98685, 7.943963, 8.263105, 9.281997, 10.470366, 11.97376, 13.354754, 11.315147, 8.882042, 6.251452, 3.224903, 0.0, 0.0, 0.0]"
985,"[0.0, 0.0, 0.0, 0.0, 1.280625, 2.842675, 4.539731, 6.51963, 8.499529, 9.218904, 9.54365, 9.73339, 9.542346, 9.085601, 8.427242, 7.706636, 6.81984, 5.752096, 5.028941, 4.707105, 4.805825, 5.514626, 6.881577, 8.422517, 9.876576, 11.279998, 12.201787, 12.744315, 13.011056, 12.746265, 10.077932, 9.291251, 8.116684, 6.951224, 6.022776, 7.464997, 7.329889, 7.771233, 8.483079, 9.543394, 10.517782, 11.408982, 12.017608, 12.471223, 12.571594, 12.318316, 11.605112, 10.819584, 9.735058, 8.749769, 8.000651, 7.726307, 7.816919, 8.381825, 9.399667, 10.705747, 12.00534, 10.194263, 8.106201, 5.632338, 2.912044, 0.0, 0.0, 0.0]"
986,"[0.0, 0.0, 0.0, 0.0, 1.019804, 2.434017, 3.848231, 5.460683, 7.260683, 8.040879, 8.437742, 8.867437, 8.711008, 8.175919, 7.452952, 6.466496, 5.222587, 4.213779, 3.669978, 3.669978, 4.110268, 5.219069, 6.669222, 8.102177, 9.531137, 10.949508, 12.019196, 12.72951, 13.016755, 12.843143, 10.159862, 9.170227, 8.085701, 7.058603, 6.140436, 7.849237, 7.849237, 8.56215, 9.480317, 10.749385, 11.904149, 12.900972, 13.576948, 13.9129, 13.703482, 13.273023, 12.723413, 11.655278, 10.695746, 9.834334, 9.245138, 9.00907, 9.328492, 10.227372, 11.499362, 12.70832, 14.036984, 11.873653, 9.265972, 6.381531, 3.328663, 0.0, 0.0, 0.0]"
987,"[0.0, 0.0, 0.0, 0.0, 1.216553, 2.630766, 4.441843, 6.441843, 8.451818, 9.245241, 9.674936, 9.707768, 9.416569, 8.929748, 8.261414, 7.494538, 6.450629, 5.374284, 4.699657, 4.358017, 4.723204, 5.81, 7.236671, 8.720524, 10.440818, 11.559847, 12.363775, 12.995374, 13.208578, 12.751025, 10.189776, 9.34296, 8.264687, 7.175124, 6.326596, 7.939048, 7.939048, 8.414657, 9.238986, 10.298636, 11.514612, 12.49913, 13.218202, 13.545532, 13.671669, 13.043242, 12.214815, 11.407681, 10.611077, 9.660319, 9.16912, 8.889585, 8.869484, 9.321149, 10.217491, 11.481904, 12.872709, 10.89281, 8.630068, 6.084484, 3.11127, 0.0, 0.0, 0.0]"
988,"[0.0, 0.0, 0.0, 0.0, 1.131371, 2.411996, 3.974046, 5.694511, 7.414976, 8.072459, 8.500635, 8.647386, 8.382943, 8.1185, 7.349449, 6.46527, 5.388925, 4.380116, 3.524094, 3.328911, 3.581323, 4.40489, 5.855043, 7.491111, 9.099595, 10.43088, 11.582539, 12.085173, 12.249105, 11.816, 9.407681, 8.412452, 7.468474, 6.410114, 5.690739, 7.13296, 7.309363, 7.912467, 8.806894, 10.032262, 11.197722, 12.016549, 12.677717, 13.132374, 13.0347, 12.553048, 12.071396, 11.195011, 10.116738, 9.231573, 8.754786, 8.439834, 8.795925, 9.783474, 11.060319, 12.417736, 13.806659, 11.606659, 9.006659, 6.206659, 3.2, 0.0, 0.0, 0.0]"
989,"[0.0, 0.0, 0.0, 0.0, 1.280625, 2.842675, 4.686584, 6.666483, 8.646382, 9.491786, 9.929736, 9.972623, 9.781579, 9.324834, 8.540446, 7.706636, 6.668368, 5.600624, 4.902091, 4.56045, 4.610812, 5.411526, 6.926484, 8.337931, 9.96852, 11.382557, 12.540448, 12.90438, 13.268312, 13.037723, 10.407134, 9.4, 8.412452, 7.154092, 6.034717, 7.596767, 7.517232, 7.791577, 8.613267, 9.773953, 10.773153, 11.743413, 12.547341, 12.929595, 12.896603, 12.615704, 12.051008, 11.204192, 10.355664, 9.389566, 8.632369, 8.155583, 8.321649, 8.833665, 9.999125, 11.283104, 12.640521, 10.630546, 8.421474, 5.813793, 3.006659, 0.0, 0.0, 0.0]"
990,"[0.0, 0.0, 0.0, 0.0, 1.280625, 2.842675, 4.686584, 6.686584, 8.686584, 9.465085, 9.872806, 9.926264, 9.635065, 9.091087, 8.487983, 7.595244, 6.592305, 5.604614, 4.973214, 4.517192, 4.840159, 5.756808, 7.045673, 8.629371, 10.229371, 11.437052, 12.433109, 13.251561, 13.473831, 13.109899, 10.502218, 9.506161, 8.290186, 7.115619, 6.221191, 7.783241, 7.669221, 8.056769, 8.881098, 9.947776, 11.076451, 12.070119, 12.760844, 13.041743, 13.074735, 12.547341, 11.856616, 11.052688, 10.053488, 9.174227, 8.453117, 8.161917, 8.314729, 8.988747, 10.057286, 11.47863, 12.829241, 10.789633, 8.553565, 5.922976, 3.059412, 0.0, 0.0, 0.0]"
991,"[0.0, 0.0, 0.0, 0.0, 1.077033, 2.418674, 3.860894, 5.581359, 7.425268, 8.045292, 8.400707, 8.520536, 8.242292, 7.740024, 7.209158, 6.406529, 5.410164, 4.600399, 3.891214, 3.619451, 4.005649, 5.052415, 6.306755, 7.910368, 9.43255, 10.937603, 12.045445, 12.826982, 13.259247, 12.930699, 10.145021, 9.133528, 8.077646, 6.823527, 6.077107, 7.785907, 7.921016, 8.396625, 9.262763, 10.589455, 11.792698, 12.922003, 13.697506, 14.280719, 14.118379, 13.538716, 12.624628, 11.730835, 10.576072, 9.719321, 8.986941, 8.738892, 9.005188, 9.926977, 11.337146, 13.035631, 14.677089, 12.441021, 9.810432, 6.75102, 3.452535, 0.0, 0.0, 0.0]"
992,"[0.0, 0.0, 0.0, 0.0, 0.894427, 2.060618, 3.402258, 5.01471, 6.537865, 7.352238, 7.83529, 8.106101, 7.907863, 7.584708, 6.875907, 6.026665, 5.014214, 3.8, 2.8, 2.4, 2.6, 3.414214, 4.826665, 6.426665, 7.826665, 9.026665, 10.012452, 10.6, 10.8, 10.8, 8.6, 7.6, 6.4, 5.294427, 4.142955, 5.219988, 5.084899, 5.734142, 6.737081, 8.042619, 9.201654, 10.269124, 10.952262, 11.218226, 11.06416, 10.548557, 9.778227, 8.787487, 7.965797, 6.9856, 6.465135, 6.303085, 6.573896, 7.043332, 8.259597, 9.690186, 11.118613, 9.506161, 7.695084, 5.459016, 2.828427, 0.0, 0.0, 0.0]"
993,"[0.0, 0.0, 0.0, 0.0, 0.824621, 1.901654, 3.067844, 4.510065, 6.072115, 6.809544, 7.146724, 7.261159, 6.985129, 6.500112, 5.762683, 4.980925, 3.983143, 3.016952, 2.339919, 2.236408, 2.603953, 3.601735, 5.1222, 6.608996, 8.123954, 9.464894, 10.525209, 11.085095, 11.47865, 11.139948, 8.799008, 7.981223, 6.867062, 5.586712, 4.709149, 6.123362, 6.200208, 6.834017, 8.034017, 9.414214, 10.607681, 11.615362, 12.248467, 12.52233, 12.402681, 11.883062, 11.172747, 10.388884, 9.315021, 8.43467, 7.760822, 7.572257, 7.820381, 8.656449, 9.856449, 11.3058, 12.727494, 10.830127, 8.594059, 5.994059, 3.130495, 0.0, 0.0, 0.0]"
994,"[0.0, 0.0, 0.0, 0.0, 1.341641, 2.864795, 4.573596, 6.470963, 8.368329, 8.870597, 9.387051, 9.489327, 9.39196, 9.094594, 8.650685, 7.811077, 6.8, 5.632456, 4.753566, 4.37337, 4.389922, 5.202374, 6.380995, 7.868957, 9.085221, 10.342532, 11.450375, 12.16912, 12.300988, 12.218986, 9.745122, 8.67407, 7.558462, 6.434074, 5.621649, 7.06387, 6.976677, 7.25952, 8.022866, 9.089545, 10.208574, 11.207774, 12.118398, 12.644492, 12.472241, 11.970117, 11.378639, 10.559813, 9.61587, 8.794015, 8.17711, 7.916139, 8.024651, 8.742952, 9.858561, 11.328384, 12.531627, 10.634261, 8.35391, 5.824088, 2.912044, 0.0, 0.0, 0.0]"
995,"[0.0, 0.0, 0.0, 0.0, 1.16619, 2.608411, 4.220862, 6.009717, 7.979488, 8.78307, 9.238216, 9.469673, 9.524727, 9.167407, 8.611849, 7.734287, 6.714999, 5.5922, 4.700859, 4.111267, 4.291463, 5.066842, 6.145731, 7.633693, 9.217391, 10.450496, 11.481085, 12.154949, 12.41974, 12.291772, 9.858667, 8.87732, 7.81767, 6.560359, 5.621649, 7.06387, 6.976677, 7.406373, 8.315849, 9.23695, 10.203049, 11.202248, 11.96602, 12.345984, 12.31931, 12.147059, 11.555581, 10.736755, 9.672982, 8.851128, 8.057281, 7.876363, 7.984876, 8.823006, 9.938614, 11.408438, 12.781861, 10.884495, 8.604144, 6.074322, 3.162278, 0.0, 0.0, 0.0]"
996,"[0.0, 0.0, 0.0, 0.0, 1.2, 2.614214, 4.226665, 6.070574, 8.110182, 8.807548, 9.290701, 9.467104, 9.41205, 8.984894, 8.529747, 7.798571, 6.904144, 5.91529, 5.127459, 4.533767, 4.648201, 5.315824, 6.359733, 7.661141, 9.075355, 10.340314, 11.339514, 12.056855, 12.372137, 12.272726, 9.727141, 8.862948, 7.582323, 6.307202, 5.360424, 6.760424, 6.675819, 7.206271, 8.079689, 9.099204, 10.107523, 11.102753, 11.891676, 12.260387, 12.260387, 11.862043, 11.065439, 10.276516, 9.268197, 8.446343, 7.89239, 7.693764, 7.603152, 8.483503, 9.510601, 10.774873, 12.004955, 10.28449, 8.004139, 5.562828, 2.842534, 0.0, 0.0, 0.0]"
997,"[0.0, 0.0, 0.0, 0.0, 1.0, 2.216553, 3.630766, 5.243218, 6.89246, 7.601261, 8.093509, 8.291747, 8.121516, 7.914494, 7.371884, 6.663083, 5.683087, 4.640866, 3.764331, 3.319251, 3.396284, 4.105469, 5.494324, 6.987764, 8.32578, 9.581128, 10.519838, 11.011335, 11.078238, 11.019112, 8.686731, 7.848601, 6.833161, 5.726935, 4.746739, 6.08838, 6.258611, 6.880496, 7.919818, 9.136083, 10.211051, 11.015209, 11.658235, 11.940048, 11.984331, 11.60733, 11.03463, 10.213608, 9.395823, 8.396097, 7.770703, 7.539245, 7.800216, 8.513129, 9.832505, 11.281855, 12.532968, 10.563196, 8.327128, 5.727128, 2.863564, 0.0, 0.0, 0.0]"
998,"[0.0, 0.0, 0.0, 0.0, 1.264911, 2.914153, 4.81152, 6.781291, 8.840417, 9.634632, 10.148721, 10.251354, 10.125492, 9.763422, 9.118509, 8.08655, 6.980977, 5.769523, 4.897088, 4.482875, 4.632129, 5.434758, 6.782201, 8.365899, 9.927149, 11.366818, 12.554203, 13.257585, 13.355259, 13.12639, 10.406096, 9.24212, 7.973052, 6.747684, 5.680215, 7.080215, 6.959749, 7.356613, 8.28506, 9.428468, 10.628468, 11.628468, 12.425072, 12.846589, 12.871375, 12.507443, 11.947051, 11.150447, 9.919858, 8.900966, 8.188053, 7.760897, 7.670285, 8.550636, 9.697672, 10.865242, 12.226004, 10.505539, 8.225188, 5.663939, 2.973214, 0.0, 0.0, 0.0]"
999,"[0.0, 0.0, 0.0, 0.0, 1.131371, 2.693421, 4.255471, 5.975936, 7.862732, 8.618157, 8.844962, 8.991713, 8.980048, 8.549274, 8.076691, 7.307641, 6.423461, 5.435771, 4.612204, 4.197991, 4.394739, 4.984332, 6.074299, 7.451818, 8.651818, 10.035266, 11.428186, 12.22479, 12.423887, 12.459955, 9.859955, 8.652821, 7.459354, 6.515193, 5.559749, 6.840374, 6.682595, 6.988846, 7.723935, 8.723661, 10.004286, 11.25279, 12.07791, 12.486229, 12.486229, 11.924979, 11.078163, 10.094629, 9.100523, 8.262393, 7.785548, 7.590881, 7.839908, 8.634767, 9.823135, 11.32653, 12.902191, 11.091114, 8.882042, 6.251452, 3.224903, 0.0, 0.0, 0.0]"
1000,"[0.0, 0.0, 0.0, 0.0, 1.16619, 2.608411, 4.220862, 5.941327, 7.785236, 8.598945, 9.000633, 9.108647, 9.000633, 8.598945, 7.785236, 6.941327, 5.941973, 4.961977, 4.119756, 3.778187, 3.944377, 4.835719, 5.923728, 7.382854, 8.794301, 9.969051, 11.076893, 12.076722, 12.297947, 12.14994, 9.809, 8.797507, 7.243403, 6.094423, 5.172552, 6.437463, 6.377905, 7.22169, 8.129927, 9.244087, 10.647509, 11.718561, 12.42888, 12.805881, 12.761598, 12.152391, 11.220952, 10.209458, 9.248871, 8.427017, 7.967891, 7.828279, 8.016844, 8.714888, 10.020969, 11.583247, 13.286615, 11.389249, 9.235183, 6.514889, 3.352611, 0.0, 0.0, 0.0]"
1001,"[0.0, 0.0, 0.0, 0.0, 1.16619, 2.507831, 4.030986, 5.739787, 7.583695, 8.261414, 8.73085, 8.820147, 8.711346, 8.267437, 7.623529, 6.612452, 5.632456, 4.598141, 3.830596, 3.630596, 4.230596, 5.398141, 6.842431, 8.419047, 9.852152, 11.120485, 11.988818, 12.508665, 12.829415, 12.550376, 9.882043, 8.862952, 7.73313, 6.419861, 5.607436, 7.169485, 7.2173, 7.797198, 8.843388, 10.192472, 11.472956, 12.618434, 13.358829, 13.703768, 13.519036, 13.182495, 12.576029, 11.742531, 10.855315, 10.046378, 9.152837, 8.705623, 8.906889, 9.466774, 10.438051, 11.737643, 13.247273, 11.159212, 8.878861, 6.210528, 3.298485, 0.0, 0.0, 0.0]"
1002,"[0.0, 0.0, 0.0, 0.0, 1.131371, 2.411996, 3.974046, 5.694511, 7.414976, 8.072459, 8.580689, 8.541793, 8.27735, 8.012907, 7.440605, 6.476372, 5.585673, 4.695337, 3.839315, 3.447383, 3.699795, 4.590494, 5.922175, 7.410237, 9.059479, 10.415551, 11.522986, 12.033938, 12.354196, 11.890307, 9.457202, 8.475855, 7.332447, 6.204753, 5.475403, 6.998558, 7.058116, 7.881266, 8.880992, 10.13019, 11.207035, 12.098234, 12.788662, 13.115992, 13.027481, 12.590812, 11.877608, 10.985915, 9.901389, 9.10932, 8.545989, 8.47027, 8.623082, 9.57379, 10.592881, 12.097716, 13.391474, 11.351866, 8.878003, 6.20967, 3.104835, 0.0, 0.0, 0.0]"
1003,"[0.0, 0.0, 0.0, 0.0, 1.16619, 2.608411, 4.220862, 6.009717, 7.979488, 8.710665, 9.165811, 9.397268, 9.419491, 9.062171, 8.564804, 7.667437, 6.623529, 5.259665, 4.279669, 3.679669, 3.896222, 4.708673, 6.072537, 7.450056, 8.850056, 10.033504, 11.028733, 11.848245, 12.271375, 12.307443, 9.907443, 8.912214, 7.498177, 6.142105, 5.186662, 6.467287, 6.467287, 7.039589, 7.932327, 8.984083, 10.311139, 11.306369, 12.078764, 12.517311, 12.447672, 11.96602, 11.202248, 10.203049, 9.23695, 8.23912, 7.527304, 7.283395, 7.532422, 8.32627, 9.494464, 10.908677, 12.335226, 10.524149, 8.288081, 5.854976, 3.026549, 0.0, 0.0, 0.0]"
1004,"[0.0, 0.0, 0.0, 0.0, 1.019804, 2.284715, 3.740737, 5.389979, 7.09878, 8.048748, 8.670633, 8.935076, 8.847884, 8.419708, 7.730561, 6.843765, 5.84441, 4.68236, 4.122845, 3.690749, 3.822119, 4.54323, 6.030026, 7.308916, 8.868707, 10.145655, 11.111753, 11.786206, 12.066557, 11.658238, 9.249919, 8.40365, 7.123026, 6.107586, 5.307586, 6.721799, 6.86855, 7.485292, 8.308442, 9.388793, 10.448443, 11.370231, 12.080546, 12.600165, 12.719815, 12.245951, 11.615362, 10.620133, 9.426665, 8.54982, 8.162271, 8.00618, 8.373628, 9.222156, 10.389726, 11.605702, 12.873062, 10.893163, 8.630422, 5.939697, 3.11127, 0.0, 0.0, 0.0]"
1005,"[0.0, 0.0, 0.0, 0.0, 1.16619, 2.608411, 4.220862, 5.941327, 7.785236, 8.598945, 9.000633, 9.108647, 8.830402, 8.428714, 7.615005, 6.771096, 5.89916, 5.089395, 4.471795, 4.382638, 4.905792, 5.846119, 7.183435, 8.594882, 10.117849, 11.314988, 12.389698, 13.088259, 13.326055, 13.15916, 10.438865, 9.472668, 8.32749, 7.295847, 6.424792, 8.037243, 7.848677, 8.413584, 9.312304, 10.350254, 11.601366, 12.75613, 13.446557, 13.884106, 13.891787, 13.469534, 12.60597, 11.714277, 10.724643, 9.766204, 8.937344, 8.737344, 8.860523, 9.504774, 10.486121, 11.900219, 13.355983, 11.346008, 8.912903, 6.282313, 3.255764, 0.0, 0.0, 0.0]"
1006,"[0.0, 0.0, 0.0, 0.0, 1.077033, 2.418674, 3.941828, 5.55428, 7.441076, 8.084508, 8.586776, 8.760678, 8.710276, 8.265701, 7.82586, 6.981952, 5.850581, 4.735744, 3.925979, 3.366465, 3.497836, 4.4942, 5.890895, 7.25844, 8.817681, 10.01869, 10.962633, 11.535334, 11.771402, 11.460822, 9.128442, 8.2349, 7.098916, 6.029038, 5.324178, 6.54073, 6.528279, 7.058731, 8.092541, 9.036702, 10.42783, 11.458419, 12.277932, 12.551795, 12.623074, 12.103454, 11.370231, 10.388884, 9.329235, 8.448884, 7.816844, 7.628279, 7.865833, 8.784, 9.991681, 11.314147, 12.558311, 10.671515, 8.339134, 5.731453, 2.952965, 0.0, 0.0, 0.0]"
1007,"[0.0, 0.0, 0.0, 0.0, 0.894427, 2.060618, 3.502838, 5.064888, 6.761944, 7.564573, 8.118848, 8.289079, 8.16925, 7.813834, 7.193811, 6.367773, 5.321007, 4.326, 3.616815, 3.434209, 3.705972, 4.752738, 6.192321, 7.795933, 9.242446, 10.606078, 11.523448, 12.110516, 12.154798, 11.853466, 9.323644, 8.316977, 7.184754, 6.318617, 5.62065, 7.329451, 7.650205, 8.348172, 9.170026, 10.302249, 11.12327, 11.999655, 12.560048, 13.007261, 13.039391, 12.745636, 11.995114, 11.364885, 10.330846, 9.437305, 8.801237, 8.675374, 8.793664, 9.424773, 10.532615, 11.905829, 13.224198, 11.136136, 8.855786, 6.135491, 3.162278, 0.0, 0.0, 0.0]"
1008,"[0.0, 0.0, 0.0, 0.0, 1.0, 2.4, 4.0, 5.6, 7.411077, 8.222154, 8.471396, 8.580197, 8.503352, 8.033915, 7.299871, 6.545056, 5.468711, 4.345556, 3.451129, 3.198717, 3.569201, 4.392768, 5.890134, 7.530982, 9.12297, 10.274668, 11.324639, 11.933265, 12.177585, 11.760976, 9.344366, 8.361528, 7.120446, 5.988066, 5.065099, 6.507319, 6.70463, 7.439719, 8.520069, 9.606367, 10.771828, 11.659044, 12.342325, 12.661974, 12.915253, 12.461638, 11.823728, 10.929301, 9.771522, 8.769126, 8.17711, 7.996193, 8.361404, 9.260124, 10.375732, 11.786896, 13.229141, 11.075075, 8.734135, 6.204313, 3.231099, 0.0, 0.0, 0.0]"
1009,"[0.0, 0.0, 0.0, 0.0, 1.280625, 2.842675, 4.686584, 6.530493, 8.656522, 9.375897, 9.700643, 9.743531, 9.688476, 9.085601, 8.350513, 7.629907, 6.74311, 5.675366, 4.976833, 4.731726, 4.830446, 5.479689, 6.798186, 8.253916, 9.864701, 11.230379, 12.388271, 13.148663, 13.468312, 13.037723, 10.407134, 9.411077, 8.067099, 6.80874, 6.022953, 7.585003, 7.494391, 8.097495, 8.991923, 9.91009, 10.955721, 11.842937, 12.504105, 12.829286, 12.905225, 12.560285, 11.932503, 11.056118, 10.056918, 9.171754, 8.365034, 7.997587, 8.153678, 8.8007, 9.885227, 11.236338, 12.630546, 10.630546, 8.421474, 5.813793, 3.006659, 0.0, 0.0, 0.0]"
1010,"[0.0, 0.0, 0.0, 0.0, 1.216553, 2.630766, 4.243218, 6.087127, 7.984493, 8.665307, 9.220865, 9.397268, 9.165811, 8.880896, 8.42575, 7.622168, 6.727741, 5.91529, 5.197265, 4.755045, 4.869479, 5.537102, 6.581011, 7.949325, 9.357644, 10.638269, 11.637469, 12.513854, 12.692424, 12.447435, 9.886186, 8.886986, 7.580905, 6.305785, 5.359006, 6.759006, 6.809408, 7.206271, 8.050056, 9.042576, 10.050895, 11.038443, 11.835047, 12.258177, 12.285173, 11.916462, 11.160371, 10.396599, 9.363494, 8.541639, 7.958053, 7.726596, 7.769483, 8.532814, 9.559912, 10.824184, 12.096173, 10.209377, 8.046046, 5.604735, 2.884441, 0.0, 0.0, 0.0]"
1011,"[0.0, 0.0, 0.0, 0.0, 1.216553, 2.672574, 4.285026, 6.096103, 8.106078, 8.889526, 9.433504, 9.632129, 9.470294, 9.109562, 8.565584, 7.782136, 6.771059, 5.754272, 4.82614, 4.264545, 4.312904, 5.221705, 6.559021, 8.073979, 9.685544, 11.028314, 11.927194, 12.398734, 12.603977, 12.378335, 9.770654, 8.775425, 7.857268, 6.63251, 5.552159, 7.008181, 7.10453, 7.37023, 8.307743, 9.524352, 10.66833, 11.559529, 12.244538, 12.523578, 12.316041, 11.925113, 11.13619, 10.274778, 9.297695, 8.611777, 7.844926, 7.730905, 7.962362, 8.786691, 9.824786, 11.10286, 12.405804, 10.561895, 8.281544, 5.720294, 3.0, 0.0, 0.0, 0.0]"
1012,"[0.0, 0.0, 0.0, 0.0, 1.264911, 2.720933, 4.370175, 6.214084, 8.224059, 8.770225, 9.114203, 9.276038, 9.044581, 8.448819, 7.854295, 7.054295, 6.043218, 5.151876, 4.586191, 4.535829, 4.87747, 5.78627, 7.034932, 8.422471, 9.762274, 11.199122, 12.210615, 12.961138, 13.166381, 12.940739, 10.16225, 9.162421, 7.965282, 6.938184, 6.057833, 7.513855, 7.502191, 7.948808, 8.68866, 9.6296, 10.893872, 11.853404, 12.551966, 13.028489, 13.120654, 12.609432, 11.951074, 11.093819, 10.075681, 9.165731, 8.56911, 8.2796, 8.448422, 9.244289, 10.411859, 11.627835, 12.880584, 10.900685, 8.492366, 5.801641, 2.973214, 0.0, 0.0, 0.0]"
1013,"[0.0, 0.0, 0.0, 0.0, 1.019804, 2.236356, 3.65057, 5.263022, 6.912264, 7.601261, 8.173562, 8.3718, 8.3718, 8.164779, 7.622168, 6.833314, 5.941973, 4.929521, 4.052986, 3.735324, 3.901514, 4.622624, 5.635076, 7.069391, 8.501213, 9.743342, 10.846706, 11.642573, 11.905315, 11.750993, 9.342674, 8.35914, 7.117011, 6.119181, 5.209704, 6.623917, 6.71111, 7.442286, 8.265436, 9.329235, 10.388884, 11.172747, 11.683699, 12.003957, 12.123606, 11.649743, 11.016638, 10.419396, 9.425291, 8.481313, 8.093764, 8.014229, 8.183051, 9.031579, 10.121142, 11.337117, 12.589866, 10.609967, 8.347225, 5.801641, 2.973214, 0.0, 0.0, 0.0]"
1014,"[0.0, 0.0, 0.0, 0.0, 1.0, 2.341641, 3.864795, 5.573596, 7.282397, 8.126306, 8.628574, 8.717871, 8.60907, 8.300269, 7.65636, 6.812452, 5.8, 4.482843, 3.682843, 3.282843, 3.499395, 4.313609, 5.841843, 7.450915, 9.050915, 10.242682, 11.236787, 11.858815, 12.082848, 11.722456, 9.314137, 8.505818, 7.486926, 6.395462, 5.487225, 7.049275, 7.336071, 7.980984, 8.971724, 10.172734, 11.218365, 11.892818, 12.524417, 12.737621, 12.950824, 12.469172, 11.887822, 11.041006, 10.057471, 9.035042, 8.558255, 8.389433, 8.745524, 9.583474, 10.867453, 12.22487, 13.613793, 11.413793, 9.013793, 6.206659, 3.2, 0.0, 0.0, 0.0]"
1015,"[0.0, 0.0, 0.0, 0.0, 1.0, 2.414214, 4.014214, 5.814214, 7.614214, 8.414214, 8.8, 9.0, 8.812452, 8.426665, 7.646469, 6.646469, 5.446469, 4.234017, 3.267017, 2.879669, 3.099473, 3.913687, 5.162929, 6.559624, 8.01523, 9.149492, 10.151888, 10.738713, 11.130872, 11.101937, 8.947871, 7.987284, 6.967768, 5.731701, 4.692378, 5.769411, 5.594014, 5.939512, 6.783421, 7.889646, 9.092964, 10.14472, 10.91505, 11.30721, 11.335246, 10.952262, 10.328682, 9.337942, 8.268064, 7.245369, 6.689644, 6.436865, 6.707676, 7.581093, 8.68579, 9.974739, 11.347144, 9.734692, 7.695084, 5.459016, 2.828427, 0.0, 0.0, 0.0]"
1016,"[0.0, 0.0, 0.0, 0.0, 1.341641, 2.864795, 4.573596, 6.282397, 8.179764, 8.682032, 9.198485, 9.300761, 9.204412, 8.907045, 8.463136, 7.423529, 6.437073, 5.457077, 4.578187, 4.197991, 4.414543, 5.202374, 6.380995, 7.895953, 9.350012, 10.663282, 11.771125, 12.48987, 12.594742, 12.274944, 9.745122, 8.733629, 7.61802, 6.47708, 5.587925, 6.929566, 6.782815, 7.212511, 8.13854, 9.434878, 10.654487, 11.700118, 12.362202, 12.742166, 12.416984, 12.0098, 11.371891, 10.654753, 9.59098, 8.916962, 8.324946, 8.144029, 8.324946, 9.036792, 10.074742, 11.29837, 12.555824, 10.586053, 8.431987, 5.831987, 3.046309, 0.0, 0.0, 0.0]"
1017,"[0.0, 0.0, 0.0, 0.0, 1.216553, 2.672574, 4.321817, 6.165726, 8.063092, 8.816311, 9.330061, 9.567615, 9.444171, 9.108854, 8.419708, 7.449936, 6.387761, 5.467296, 4.799673, 4.685239, 5.247289, 6.266576, 7.466576, 8.8525, 10.127621, 11.173252, 12.282308, 12.965589, 13.285238, 13.260536, 10.652855, 9.586687, 8.465455, 7.427505, 6.623348, 8.27259, 8.229703, 8.876725, 9.74778, 10.803661, 12.017983, 13.086118, 13.59734, 13.949913, 13.88158, 13.434625, 12.758649, 12.008126, 10.931249, 9.980492, 9.363883, 9.167422, 9.285712, 10.050775, 11.121827, 12.426662, 13.685538, 11.597477, 9.123614, 6.403319, 3.298485, 0.0, 0.0, 0.0]"
1018,"[0.0, 0.0, 0.0, 0.0, 1.341641, 2.864795, 4.65365, 6.540446, 8.703777, 9.362136, 9.81888, 9.873935, 9.684195, 9.082914, 8.363539, 7.515011, 6.671102, 5.606501, 4.844451, 4.458254, 4.769103, 5.489568, 6.916239, 8.352307, 9.963872, 11.121652, 12.001187, 12.662355, 12.956109, 12.791056, 10.191056, 9.299857, 8.192014, 6.942817, 5.768068, 7.291222, 7.231664, 7.65882, 8.614263, 9.881178, 11.026356, 12.045446, 12.535661, 12.899593, 12.883097, 12.450832, 11.752271, 11.011303, 9.867325, 8.864929, 8.043075, 7.722546, 7.831058, 8.529102, 9.714888, 11.164239, 12.378561, 10.481194, 8.327128, 5.727128, 2.863564, 0.0, 0.0, 0.0]"
1019,"[0.0, 0.0, 0.0, 0.0, 0.894427, 2.060618, 3.502838, 5.064888, 6.761944, 7.564573, 8.118848, 8.397093, 8.277263, 7.921848, 7.301824, 6.475787, 5.321007, 4.326, 3.616815, 3.539782, 3.925979, 5.080759, 6.520342, 8.123954, 9.540563, 10.789761, 11.599118, 12.186185, 12.42398, 12.095432, 9.56561, 8.558943, 7.5273, 6.334061, 5.587641, 7.236883, 7.557637, 8.351485, 9.503965, 10.595429, 11.61452, 12.490905, 13.040515, 13.20741, 13.280297, 12.848033, 12.09751, 11.281604, 10.330846, 9.437305, 8.813688, 8.687826, 8.806116, 9.686695, 10.859922, 12.293779, 13.680969, 11.592908, 9.063086, 6.277408, 3.231099, 0.0, 0.0, 0.0]"
1020,"[0.0, 0.0, 0.0, 0.0, 1.077033, 2.600188, 4.05621, 5.705452, 7.549361, 8.283405, 8.56025, 8.704228, 8.667437, 8.237742, 7.643218, 6.667839, 5.667839, 4.776497, 4.256711, 4.059962, 4.649555, 5.698797, 7.065748, 8.512261, 10.092457, 11.278244, 12.312283, 12.730214, 12.895267, 12.627648, 10.027648, 9.053167, 8.003196, 6.897203, 6.020845, 7.729645, 7.907641, 8.510745, 9.443126, 10.493097, 11.467577, 12.444345, 13.170897, 13.55881, 13.72115, 13.31822, 12.735006, 11.846695, 10.915255, 9.967388, 9.530946, 9.376624, 9.642588, 10.295045, 11.294874, 12.613243, 13.928144, 11.764813, 9.323502, 6.603208, 3.44093, 0.0, 0.0, 0.0]"
1021,"[0.0, 0.0, 0.0, 0.0, 1.16619, 2.507831, 4.030986, 5.680228, 7.32947, 8.007189, 8.476625, 8.55347, 8.304228, 7.871538, 7.22763, 6.216553, 5.249008, 4.414693, 3.830596, 3.6504, 4.264614, 5.24461, 6.718532, 8.366428, 10.066918, 11.372998, 12.480841, 13.226911, 13.363169, 12.796941, 10.076647, 9.065154, 7.693689, 6.691294, 5.99325, 7.605701, 7.783697, 8.532814, 9.450981, 10.60264, 11.943153, 13.186852, 13.996735, 14.450032, 14.562645, 13.950621, 12.974191, 11.898344, 10.901521, 9.901692, 9.404661, 9.250595, 9.516559, 10.233698, 11.466197, 12.932877, 14.332877, 12.169547, 9.663554, 6.710589, 3.4, 0.0, 0.0, 0.0]"
1022,"[0.0, 0.0, 0.0, 0.0, 1.216553, 2.816553, 4.416553, 6.416553, 8.426528, 9.249583, 9.689191, 9.986557, 9.695358, 9.208538, 8.510571, 7.547996, 6.47525, 5.591071, 4.916444, 4.706174, 5.071362, 6.133537, 7.472246, 9.065029, 10.494908, 11.743413, 12.685044, 13.212438, 13.461851, 13.30892, 10.618196, 9.633677, 8.663418, 7.495847, 6.501742, 8.101742, 8.101742, 8.420885, 9.133798, 10.327266, 11.534399, 12.497624, 13.258016, 13.829082, 13.829082, 13.455054, 12.856992, 12.066967, 11.059833, 10.064604, 9.280741, 8.860523, 8.850548, 9.491859, 10.599702, 11.95046, 13.323883, 11.323883, 8.882572, 6.162278, 3.162278, 0.0, 0.0, 0.0]"
1023,"[0.0, 0.0, 0.0, 0.0, 0.824621, 2.041174, 3.455387, 4.869601, 6.469601, 7.24498, 7.628427, 7.614214, 7.6, 7.2, 6.4, 5.4, 4.4, 3.282843, 2.482843, 2.482843, 3.082843, 4.282843, 5.811077, 7.421052, 8.85712, 9.937471, 10.867293, 11.397156, 11.541247, 11.27495, 8.9946, 7.878991, 6.738051, 5.783985, 5.079125, 6.245315, 6.393151, 7.03706, 7.963089, 8.978529, 10.373589, 11.41922, 12.081303, 12.371884, 12.327601, 11.920417, 11.282507, 10.299669, 9.325281, 8.503426, 7.791581, 7.344964, 7.53061, 8.324457, 9.384107, 10.61022, 12.1919, 10.483099, 8.247031, 5.773168, 3.104835, 0.0, 0.0, 0.0]"
1024,"[0.0, 0.0, 0.0, 0.0, 1.16619, 2.507831, 4.120283, 5.732734, 7.61953, 8.297249, 8.799517, 8.884122, 8.83372, 8.389145, 7.82586, 6.981952, 6.006006, 4.891169, 3.896162, 3.336648, 3.468019, 4.308958, 5.705654, 7.384469, 8.94371, 10.14472, 11.088662, 11.661363, 11.771402, 11.460822, 9.128442, 8.064669, 6.928685, 5.858807, 4.966069, 6.366069, 6.5363, 7.26565, 8.308532, 9.639818, 10.839818, 11.827366, 12.425072, 12.624319, 12.452068, 11.891676, 11.102753, 10.107523, 9.299204, 8.47735, 7.960897, 7.762271, 8.14982, 8.958139, 10.23465, 11.554029, 13.065678, 11.065678, 8.657359, 5.966634, 3.1241, 0.0, 0.0, 0.0]"
1025,"[0.0, 0.0, 0.0, 0.0, 1.16619, 2.608411, 4.220862, 6.009717, 7.718518, 8.449694, 8.851382, 8.851382, 8.674979, 8.366179, 7.668812, 6.649524, 5.669528, 4.622762, 4.047383, 3.867187, 4.642566, 5.821187, 7.265477, 8.649928, 10.063229, 11.131562, 11.988818, 12.699137, 13.019887, 12.927722, 10.259389, 9.434965, 8.327123, 7.211514, 6.393729, 8.00618, 8.00618, 8.393729, 9.420826, 10.617966, 11.889955, 12.824535, 13.507817, 13.93007, 13.809776, 13.341944, 12.717521, 12.004011, 11.027243, 10.271152, 9.698451, 9.544386, 9.63374, 10.252937, 11.092309, 12.378896, 13.778896, 11.71977, 9.213777, 6.530495, 3.4, 0.0, 0.0, 0.0]"
1026,"[0.0, 0.0, 0.0, 0.0, 1.216553, 2.829004, 4.640081, 6.440081, 8.440081, 9.233504, 9.464961, 9.551251, 9.460051, 8.983206, 8.238142, 7.471266, 6.373899, 5.48972, 4.815093, 4.681553, 5.046741, 6.133537, 7.472246, 9.065029, 10.494908, 11.743413, 12.685044, 13.35014, 13.454413, 13.301482, 10.610758, 9.626239, 8.410264, 7.387834, 6.591967, 8.191967, 8.191967, 8.619123, 9.332036, 10.327266, 11.534399, 12.497624, 13.258016, 13.621949, 13.621949, 13.223134, 12.625072, 11.825072, 11.025072, 10.029843, 9.270766, 9.031465, 9.031465, 9.672776, 10.780619, 12.131377, 13.323883, 11.323883, 8.882572, 6.162278, 3.162278, 0.0, 0.0, 0.0]"
1027,"[0.0, 0.0, 0.0, 0.0, 1.280625, 2.842675, 4.686584, 6.686584, 8.686584, 9.465085, 9.872806, 9.998669, 9.70747, 9.230625, 8.62752, 7.734782, 6.659438, 5.799165, 5.100631, 4.644609, 4.967576, 5.884226, 7.045673, 8.621052, 10.221052, 11.628186, 12.447698, 13.26615, 13.496739, 13.329844, 10.522711, 9.703198, 8.474771, 7.300204, 6.20874, 7.77079, 7.656769, 8.036668, 8.843388, 9.910066, 11.038741, 12.032409, 12.772804, 13.117744, 13.317106, 12.862449, 12.23085, 11.397352, 10.510136, 9.464505, 8.790487, 8.520216, 8.787485, 9.40796, 10.566204, 11.724448, 12.908808, 10.754742, 8.413802, 5.693508, 2.973214, 0.0, 0.0, 0.0]"
1028,"[0.0, 0.0, 0.0, 0.0, 1.0, 2.280625, 3.842675, 5.404725, 7.101781, 7.798837, 8.238677, 8.289079, 8.06867, 7.713254, 7.093231, 6.267193, 5.220427, 4.326, 3.616815, 3.434209, 3.705972, 4.663441, 6.185999, 7.70761, 9.154122, 10.517754, 11.468463, 11.931796, 12.210836, 12.105964, 9.576141, 8.75152, 7.660056, 6.507576, 5.552133, 7.075287, 7.323412, 8.069832, 9.130147, 10.190462, 11.267308, 12.053223, 12.74365, 13.010391, 13.110762, 12.674093, 11.990812, 11.099119, 10.014593, 9.029304, 8.478424, 8.289501, 8.611777, 9.521728, 10.894133, 12.308231, 13.722057, 11.512984, 9.079879, 6.251452, 3.224903, 0.0, 0.0, 0.0]"
1029,"[0.0, 0.0, 0.0, 0.0, 1.2, 2.812452, 4.424903, 6.23598, 8.079889, 8.777256, 9.134576, 9.310978, 9.112353, 8.710665, 7.979488, 7.08675, 6.122517, 5.310065, 4.762272, 4.727452, 5.064633, 6.08392, 7.40995, 8.778264, 10.192478, 11.468989, 12.345374, 12.939639, 13.284578, 13.180305, 10.48958, 9.613195, 8.454951, 7.28949, 6.304201, 7.916653, 7.872744, 8.519766, 9.485865, 10.629843, 11.824525, 12.831659, 13.451014, 13.871122, 13.939455, 13.606184, 12.887112, 12.098292, 11.080942, 10.01261, 9.151198, 8.960503, 8.980021, 9.501325, 10.509006, 11.849519, 13.177055, 11.117929, 8.785549, 6.177868, 3.224903, 0.0, 0.0, 0.0]"
1030,"[0.0, 0.0, 0.0, 0.0, 1.16619, 2.608411, 4.220862, 6.009717, 7.979488, 8.78307, 9.238216, 9.469673, 9.330061, 8.972741, 8.417183, 7.53962, 6.520332, 5.5922, 4.612204, 4.217795, 4.397991, 5.17337, 6.252259, 7.629779, 8.846043, 10.079148, 11.147481, 11.821344, 12.09172, 12.136003, 9.702898, 8.683807, 7.624158, 6.560359, 5.621649, 6.902274, 6.815082, 7.244777, 8.008123, 9.074802, 10.355426, 11.354626, 11.952028, 12.478122, 12.305871, 11.898688, 11.307209, 10.654753, 9.59098, 8.769126, 8.17711, 7.81979, 7.81979, 8.531635, 9.534031, 10.757659, 12.191516, 10.402662, 8.248596, 5.831987, 3.046309, 0.0, 0.0, 0.0]"
1031,"[0.0, 0.0, 0.0, 0.0, 1.264911, 2.720933, 4.370175, 6.214084, 8.224059, 8.969123, 9.513101, 9.674936, 9.642104, 9.281371, 8.68561, 7.705414, 6.894337, 5.907881, 4.979749, 4.459962, 4.70507, 5.228224, 6.30097, 7.733925, 9.256107, 10.497189, 11.657316, 12.36763, 12.654876, 12.401597, 9.895604, 8.824774, 7.558734, 6.333976, 5.387197, 6.843219, 6.753922, 7.299078, 8.141651, 9.341708, 10.485686, 11.562531, 12.205557, 12.620295, 12.439753, 11.879361, 11.318969, 10.633056, 9.867993, 9.074146, 8.596588, 8.254036, 8.254036, 8.708566, 9.707657, 11.030048, 12.495269, 10.651361, 8.48803, 6.046719, 3.162278, 0.0, 0.0, 0.0]"
1032,"[0.0, 0.0, 0.0, 0.0, 1.077033, 2.341944, 3.797966, 5.447208, 7.291117, 8.025161, 8.56025, 8.71668, 8.679889, 8.250194, 7.655669, 6.875473, 6.063022, 4.897784, 4.116026, 3.724094, 3.920843, 4.535056, 5.89892, 7.306072, 8.761802, 10.075071, 11.260858, 11.86639, 12.243391, 12.199108, 9.669286, 8.592441, 7.590045, 6.389989, 5.418832, 6.861052, 7.058363, 7.770178, 8.833977, 10.010377, 11.175837, 12.063053, 12.620305, 13.023236, 12.998534, 12.544919, 11.90701, 11.012583, 9.941753, 9.087193, 8.495177, 8.412202, 8.859416, 9.663573, 10.887201, 12.37146, 13.615159, 11.379091, 8.962482, 6.176804, 3.130495, 0.0, 0.0, 0.0]"
1033,"[0.0, 0.0, 0.0, 0.0, 1.0, 2.2, 3.6, 5.0, 6.6, 7.2, 7.612452, 7.626665, 7.491576, 6.968609, 6.19323, 5.180779, 4.166565, 3.101654, 2.471835, 2.471835, 2.891639, 3.905852, 5.355094, 6.805247, 8.134692, 9.350956, 10.442736, 11.125874, 11.391838, 11.124569, 8.888501, 7.905662, 6.789834, 5.626503, 4.95626, 6.221171, 6.310468, 6.88277, 7.941896, 8.961411, 10.202493, 11.190041, 11.931009, 12.401705, 12.445988, 11.979603, 11.223512, 10.149712, 9.143044, 8.304914, 7.67952, 7.556076, 7.888908, 8.519819, 9.494208, 10.865672, 12.191516, 10.402662, 8.248596, 5.831987, 3.046309, 0.0, 0.0, 0.0]"
1034,"[0.0, 0.0, 0.0, 0.0, 1.216553, 2.829004, 4.441456, 6.252533, 8.252533, 9.03598, 9.433504, 9.86066, 9.698825, 9.348067, 8.612978, 7.622807, 6.407821, 5.358578, 4.275022, 3.904538, 4.149645, 4.974266, 6.218175, 7.740551, 9.187063, 10.522152, 11.556192, 12.218276, 12.636207, 12.531335, 9.931335, 8.860505, 7.619423, 6.113431, 4.954396, 6.296036, 6.245635, 6.824633, 7.950662, 9.15398, 10.373589, 11.372788, 12.034872, 12.241224, 12.377482, 11.970298, 11.37882, 10.485279, 9.595119, 8.459134, 7.747289, 7.300672, 7.532129, 8.325977, 9.478457, 10.864664, 12.400921, 10.557012, 8.320944, 5.887839, 3.059412, 0.0, 0.0, 0.0]"
1035,"[0.0, 0.0, 0.0, 0.0, 1.216553, 2.829004, 4.672913, 6.57028, 8.658341, 9.41156, 9.76888, 9.811767, 9.634866, 9.108854, 8.419708, 7.616126, 6.623757, 5.727913, 4.990485, 4.70986, 4.67504, 5.477669, 6.632947, 8.071068, 9.632318, 11.221241, 12.244479, 12.872261, 13.2172, 12.988331, 10.268037, 9.268208, 8.07474, 6.747684, 5.680215, 7.094428, 6.973963, 7.559749, 8.488197, 9.623286, 10.809072, 11.809072, 12.439661, 12.861179, 12.935042, 12.615393, 11.859302, 11.072621, 10.054484, 8.994834, 8.170505, 7.849751, 7.794696, 8.345575, 9.539043, 10.967462, 12.328748, 10.539894, 8.376563, 5.768882, 2.884441, 0.0, 0.0, 0.0]"
1036,"[0.0, 0.0, 0.0, 0.0, 1.16619, 2.72824, 4.29029, 5.987347, 7.684403, 8.362121, 8.520536, 8.570938, 8.486333, 8.130918, 7.453199, 6.732734, 5.841393, 4.861397, 4.319756, 4.17337, 4.629392, 5.557524, 7.013129, 8.49348, 9.94754, 11.122107, 12.103454, 12.623074, 12.950404, 12.884859, 10.25427, 9.434758, 8.283099, 7.117638, 6.123533, 7.685583, 7.66336, 8.17711, 8.970957, 10.062737, 11.279176, 12.374762, 13.125285, 13.579942, 13.482268, 13.112098, 12.353686, 11.477301, 10.507041, 9.887576, 9.188058, 8.905938, 9.072004, 9.751539, 10.562685, 11.853884, 13.209975, 11.2, 8.8, 6.2, 3.2, 0.0, 0.0, 0.0]"
1037,"[0.0, 0.0, 0.0, 0.0, 1.16619, 2.608411, 4.220862, 6.009717, 7.718518, 8.449694, 8.851382, 8.851382, 8.476741, 8.167941, 7.470574, 6.451286, 5.47129, 4.622762, 3.855218, 3.675022, 4.2504, 5.429022, 6.873312, 8.476924, 9.930984, 11.199316, 12.108533, 12.698558, 13.06249, 12.929567, 10.261234, 9.438307, 8.450758, 7.264972, 6.447186, 8.059638, 8.049068, 8.599947, 9.627044, 10.824184, 11.990221, 13.056389, 13.756623, 14.100989, 13.910517, 13.472969, 12.67407, 11.707872, 10.711049, 9.901692, 9.404661, 9.250595, 9.516559, 10.335386, 11.393409, 12.602368, 13.931031, 11.767701, 9.16002, 6.381531, 3.328663, 0.0, 0.0, 0.0]"
1038,"[0.0, 0.0, 0.0, 0.0, 1.264911, 2.720933, 4.370175, 6.214084, 8.253692, 8.998756, 9.552709, 9.703467, 9.670635, 9.243479, 8.450056, 7.656634, 6.656634, 5.478012, 4.431246, 4.039315, 4.039315, 4.851766, 6.063219, 7.537142, 8.992872, 10.306141, 11.413984, 11.986684, 12.363685, 12.237401, 9.707578, 8.696085, 7.496028, 6.279419, 5.390264, 6.670889, 6.376302, 6.856806, 7.636705, 8.780113, 9.907807, 11.054843, 11.799098, 12.151579, 11.979328, 11.630136, 10.85774, 10.028881, 9.25855, 8.436695, 7.71921, 7.45351, 7.684968, 8.162526, 9.181417, 10.703341, 12.239598, 10.395689, 8.356081, 5.922976, 3.059412, 0.0, 0.0, 0.0]"
1039,"[0.0, 0.0, 0.0, 0.0, 1.077033, 2.341944, 3.797966, 5.447208, 7.096451, 7.830495, 8.365584, 8.522013, 8.485222, 8.292002, 7.697478, 6.722099, 5.709647, 4.544409, 3.535601, 3.119048, 3.494427, 4.294427, 5.658291, 7.420149, 9.094013, 10.367876, 11.308816, 11.914348, 12.046216, 11.542124, 9.068261, 8.183343, 6.983286, 5.858899, 5.230768, 6.792818, 7.033852, 7.797198, 8.843388, 9.910066, 10.909266, 11.773459, 12.401241, 12.74618, 12.843854, 12.34173, 11.839607, 10.952391, 9.90676, 8.814981, 8.368306, 8.017981, 8.385577, 9.297391, 10.55151, 11.802622, 13.198657, 11.110595, 8.636732, 5.968399, 3.104835, 0.0, 0.0, 0.0]"
1040,"[0.0, 0.0, 0.0, 0.0, 1.019804, 2.284715, 3.80787, 5.51667, 7.305525, 8.074575, 8.530129, 8.569025, 8.274437, 7.899796, 7.242313, 6.370376, 5.374012, 4.559798, 3.866695, 3.583852, 4.015949, 5.14732, 6.527219, 7.932137, 9.52492, 10.851977, 11.762601, 12.288695, 12.668659, 12.286474, 9.678793, 8.791577, 7.699797, 6.636025, 5.84181, 7.454262, 7.533797, 8.319583, 9.277363, 10.612452, 11.607681, 12.415362, 12.883695, 13.152028, 13.025891, 12.698561, 12.130488, 11.306064, 10.250182, 9.388771, 8.757662, 8.687826, 9.079985, 9.973526, 11.139563, 12.443286, 13.873514, 11.637446, 9.131453, 6.352965, 3.4, 0.0, 0.0, 0.0]"
1041,"[0.0, 0.0, 0.0, 0.0, 1.280625, 2.722845, 4.165066, 5.777517, 7.566372, 8.183114, 8.63826, 8.845281, 8.882072, 8.507431, 7.826617, 6.753872, 5.82574, 4.742183, 4.15259, 3.936038, 4.52563, 5.615597, 7.059887, 8.635266, 10.235266, 11.428733, 12.42479, 13.045404, 13.078509, 12.714577, 10.106896, 9.110839, 8.092702, 7.182751, 6.388904, 8.08596, 8.118792, 8.632369, 9.389566, 10.508595, 11.654073, 12.638591, 13.203287, 13.76547, 13.76547, 13.364247, 12.816171, 11.969355, 10.970729, 10.129945, 9.477488, 9.094504, 9.290203, 9.879399, 10.987361, 12.225056, 13.583453, 11.543845, 9.11074, 6.282313, 3.255764, 0.0, 0.0, 0.0]"
1042,"[0.0, 0.0, 0.0, 0.0, 1.264911, 2.720933, 4.370175, 6.214084, 8.224059, 8.969123, 9.513101, 9.674936, 9.642104, 9.281371, 8.68561, 7.705414, 6.694337, 5.515715, 4.432158, 3.912372, 4.157479, 5.06628, 6.222679, 7.811059, 9.333241, 10.574323, 11.371515, 12.190342, 12.477587, 12.224308, 9.718316, 8.824774, 7.558734, 6.333976, 5.387197, 6.843219, 6.753922, 7.201136, 8.04371, 9.243766, 10.204353, 11.281199, 12.022167, 12.436904, 12.4534, 12.076398, 11.516006, 10.598636, 9.580794, 8.48933, 8.011772, 7.669221, 7.900678, 8.607987, 9.707657, 10.865901, 12.168845, 10.324936, 8.161605, 5.720294, 3.0, 0.0, 0.0, 0.0]"
1043,"[0.0, 0.0, 0.0, 0.0, 1.216553, 2.672574, 4.285026, 6.096103, 8.106078, 8.889526, 9.443479, 9.674936, 9.707768, 9.347035, 8.803057, 7.812886, 6.793598, 5.582145, 4.654013, 4.092418, 4.337525, 5.036059, 6.373375, 7.888332, 9.499898, 10.842668, 11.927194, 12.518672, 12.723916, 12.498274, 9.890593, 9.003377, 7.783768, 6.559009, 5.692872, 7.148894, 7.13723, 7.584443, 8.521957, 9.524352, 10.66833, 11.489352, 12.174361, 12.4534, 12.469896, 12.078968, 11.559121, 10.896334, 9.919251, 9.009301, 8.242449, 7.92953, 7.962362, 8.786691, 9.704848, 10.982921, 12.285865, 10.441956, 8.161605, 5.720294, 3.0, 0.0, 0.0, 0.0]"
1044,"[0.0, 0.0, 0.0, 0.0, 1.077033, 2.533055, 4.182297, 5.831539, 7.642616, 8.376661, 8.720639, 8.683848, 8.448819, 7.902653, 7.308129, 6.308129, 5.495677, 4.647149, 4.103348, 3.963829, 4.619851, 5.469093, 6.991469, 8.424424, 9.764001, 10.813971, 11.848011, 12.36763, 12.821246, 12.737017, 10.231024, 9.336597, 8.252071, 7.058603, 6.140436, 7.789678, 7.898191, 8.529102, 9.531498, 10.717284, 11.853719, 12.929567, 13.495795, 13.747518, 13.778108, 13.425535, 12.688389, 12.007703, 11.048171, 10.206436, 9.493796, 9.237627, 9.324048, 10.023567, 11.077246, 12.480881, 13.906859, 11.78083, 9.372511, 6.529977, 3.405877, 0.0, 0.0, 0.0]"
1045,"[0.0, 0.0, 0.0, 0.0, 1.019804, 2.434017, 4.046469, 5.857546, 7.657546, 8.437742, 8.834606, 8.871396, 8.516341, 7.981252, 7.258285, 6.271829, 5.222587, 4.399021, 3.85522, 3.85522, 4.29551, 5.404311, 6.741627, 8.256584, 9.787232, 11.130002, 12.141496, 12.732974, 12.905225, 12.577895, 9.970214, 8.970385, 7.932289, 6.938184, 6.072047, 7.721289, 7.898191, 8.529102, 9.455828, 10.571437, 11.642489, 12.608686, 13.283048, 13.549789, 13.627647, 13.116425, 12.461933, 11.643481, 10.685043, 9.786163, 9.189542, 8.98047, 9.096524, 9.8556, 10.975227, 12.474045, 13.868158, 11.742128, 9.33381, 6.505382, 3.394113, 0.0, 0.0, 0.0]"
1046,"[0.0, 0.0, 0.0, 0.0, 1.077033, 2.341944, 3.756158, 5.368609, 7.179686, 7.902653, 8.250194, 8.448432, 8.292002, 7.745836, 6.96564, 6.17781, 5.165358, 4.15655, 3.612749, 3.669978, 4.110268, 5.219069, 6.741627, 8.256584, 9.511932, 10.854702, 11.753582, 12.34506, 12.550304, 12.498274, 9.890593, 9.003377, 7.965282, 6.938184, 6.072047, 7.721289, 7.898191, 8.529102, 9.455828, 10.571437, 11.642489, 12.413455, 12.889978, 13.179628, 13.257486, 12.746265, 12.087907, 11.268395, 10.287048, 9.388167, 8.96795, 8.957974, 9.272927, 10.032003, 11.15163, 12.474045, 13.868158, 11.742128, 9.33381, 6.505382, 3.394113, 0.0, 0.0, 0.0]"
1047,"[0.0, 0.0, 0.0, 0.0, 1.0, 2.4, 3.8, 5.412452, 7.024903, 7.868812, 8.118054, 8.426855, 8.337558, 8.066747, 7.389029, 6.634214, 5.557869, 4.481927, 3.861397, 3.589634, 4.036847, 5.016843, 6.456426, 7.898647, 9.44553, 10.665139, 11.743413, 12.402201, 12.784454, 12.605885, 10.044635, 9.074376, 7.870432, 6.589759, 5.727017, 7.339468, 7.462912, 8.209333, 9.224773, 10.354595, 11.410476, 12.197156, 12.916229, 13.243559, 13.313737, 12.845404, 12.214815, 11.218758, 10.260319, 9.36912, 8.781572, 8.781572, 9.096524, 9.8556, 10.837524, 12.336343, 13.592107, 11.466078, 9.057759, 6.367034, 3.255764, 0.0, 0.0, 0.0]"
1048,"[0.0, 0.0, 0.0, 0.0, 1.131371, 2.411996, 3.974046, 5.694511, 7.483365, 8.140849, 8.569025, 8.656217, 8.391774, 8.017133, 7.444831, 6.560651, 5.543865, 4.653528, 4.039315, 3.842566, 4.432158, 5.61078, 7.05507, 8.464142, 9.844338, 11.030124, 12.026181, 12.646795, 12.846042, 12.655114, 10.055114, 9.04798, 7.831605, 6.688197, 5.921345, 7.483395, 7.527304, 8.276421, 9.291861, 10.41089, 11.539565, 12.66887, 13.333966, 13.74434, 13.74434, 13.333966, 12.524083, 11.539565, 10.545896, 9.705112, 9.213615, 8.947651, 9.14335, 9.879399, 10.789523, 12.027218, 13.354754, 11.315147, 8.882042, 6.251452, 3.224903, 0.0, 0.0, 0.0]"
1049,"[0.0, 0.0, 0.0, 0.0, 1.341641, 2.864795, 4.573596, 6.470963, 8.559024, 9.256991, 9.743812, 9.835011, 9.537644, 9.049583, 8.409975, 7.4, 6.424621, 5.545731, 4.840159, 4.517192, 4.931405, 5.950693, 7.26919, 8.848627, 10.301416, 11.607496, 12.549265, 13.109657, 13.235794, 12.94204, 10.221746, 9.144869, 7.959082, 6.759082, 5.979036, 7.591488, 7.603152, 8.188939, 9.069289, 10.054579, 11.049808, 12.107832, 12.791113, 13.110762, 13.269451, 13.00271, 12.121588, 11.408078, 10.331233, 9.173453, 8.394563, 8.109648, 8.109648, 8.927434, 10.270891, 11.682054, 13.042817, 11.073045, 8.732105, 5.946427, 2.973214, 0.0, 0.0, 0.0]"
1050,"[0.0, 0.0, 0.0, 0.0, 1.280625, 2.842675, 4.56314, 6.56314, 8.622266, 9.311413, 9.646729, 9.823631, 9.472873, 9.062989, 8.507431, 7.687098, 6.684158, 5.883444, 5.058823, 4.861162, 5.184129, 6.089702, 7.241174, 8.816553, 10.207681, 11.415362, 12.245951, 12.914284, 13.182617, 12.855287, 10.247606, 9.428094, 8.359761, 7.14745, 6.20874, 7.77079, 7.656769, 8.182798, 9.135095, 10.201773, 11.185308, 12.178976, 12.773241, 13.085216, 13.284578, 12.902325, 12.270726, 11.437228, 10.278984, 9.233353, 8.682474, 8.332148, 8.533413, 9.207432, 10.275971, 11.527084, 12.877694, 10.789633, 8.553565, 5.922976, 3.059412, 0.0, 0.0, 0.0]"
1051,"[0.0, 0.0, 0.0, 0.0, 1.0, 2.280625, 3.694838, 5.538747, 7.259212, 7.979677, 8.487907, 8.782494, 8.46174, 8.197297, 7.741743, 6.77751, 5.701164, 4.625223, 3.801657, 3.431173, 3.948193, 4.838892, 6.36145, 8.069934, 9.64937, 10.781593, 11.889028, 12.549845, 12.64201, 12.207755, 9.733891, 8.752544, 7.463596, 6.311116, 5.713728, 7.236883, 7.485007, 8.231428, 9.291743, 10.379345, 11.641868, 12.608065, 13.298493, 13.736042, 13.8139, 13.360604, 12.556165, 11.566531, 10.496843, 9.501613, 8.769233, 8.720082, 9.167295, 9.932358, 11.23195, 12.736785, 14.025295, 11.789227, 9.315363, 6.403319, 3.298485, 0.0, 0.0, 0.0]"
1052,"[0.0, 0.0, 0.0, 0.0, 1.019804, 2.434017, 4.034017, 5.646469, 7.457546, 8.281651, 8.51668, 8.62548, 8.536184, 8.066747, 7.389029, 6.634214, 5.557869, 4.667169, 4.174057, 3.902294, 4.349507, 5.505906, 6.760247, 8.075049, 9.741872, 11.090956, 11.992826, 12.651614, 13.033868, 12.73536, 10.044635, 9.074376, 7.971012, 6.881449, 6.018708, 7.631159, 7.754603, 8.54845, 9.760761, 11.224325, 12.638423, 13.821063, 14.591655, 14.723322, 14.666891, 14.240342, 13.413793, 12.407134, 11.418211, 10.319878, 9.508732, 9.195528, 9.358859, 10.109032, 11.242765, 12.734155, 14.408257, 12.244926, 9.683677, 6.841143, 3.560899, 0.0, 0.0, 0.0]"
1053,"[0.0, 0.0, 0.0, 0.0, 1.280625, 2.694838, 4.256888, 6.100797, 7.944706, 8.664081, 9.136664, 9.363468, 9.308414, 8.920527, 8.185438, 7.375675, 6.481248, 5.258079, 4.434512, 3.994222, 4.1821, 4.810828, 6.142509, 7.598115, 9.053844, 10.222038, 11.329473, 12.039787, 12.360045, 12.288766, 9.855661, 8.837524, 7.494754, 6.252625, 5.324178, 6.665819, 6.762168, 7.394623, 8.382499, 9.518483, 10.860124, 11.834605, 12.544919, 12.832164, 12.695906, 12.138654, 11.455372, 10.568156, 9.739297, 8.914968, 8.40139, 8.00139, 8.092002, 8.688623, 9.665706, 10.881681, 12.308231, 10.497154, 8.288081, 5.854976, 3.026549, 0.0, 0.0, 0.0]"
1054,"[0.0, 0.0, 0.0, 0.0, 1.264911, 2.720933, 4.564842, 6.408751, 8.418726, 8.953815, 9.30887, 9.276038, 9.044581, 8.490628, 7.90718, 7.115907, 6.10483, 5.213489, 4.605995, 4.389442, 4.711279, 5.62008, 6.868741, 8.436822, 9.942815, 11.464739, 12.363619, 13.114141, 13.138843, 12.913201, 10.049637, 9.328752, 8.131613, 7.104515, 6.224164, 7.873407, 7.695411, 8.142028, 8.963883, 9.904823, 11.041258, 12.244501, 13.138294, 13.76579, 14.055439, 13.50583, 12.603761, 11.584105, 10.369784, 9.262349, 8.638732, 8.325814, 8.481905, 9.113013, 10.03117, 11.139012, 12.604234, 10.604234, 8.323883, 5.882572, 3.162278, 0.0, 0.0, 0.0]"
1055,"[0.0, 0.0, 0.0, 0.0, 1.019804, 2.284715, 3.740737, 5.389979, 7.039221, 7.830495, 8.365584, 8.509562, 8.460319, 8.211077, 7.4, 6.4, 5.4, 4.2, 3.2, 2.8, 3.0, 3.8, 5.0, 6.6, 8.2, 9.4, 10.433105, 11.069173, 11.305241, 11.144849, 8.944849, 7.911744, 6.675676, 5.264229, 4.119048, 5.119048, 5.060689, 5.583844, 6.548077, 7.816981, 8.980311, 9.919021, 10.676218, 11.013392, 10.829961, 10.510539, 9.927244, 9.061107, 8.101268, 7.198402, 6.554493, 6.257437, 6.443223, 7.277033, 8.409072, 9.816753, 11.223887, 9.623887, 7.623887, 5.414815, 2.807134, 0.0, 0.0, 0.0]"
1056,"[0.0, 0.0, 0.0, 0.0, 1.019804, 2.284715, 3.80787, 5.331024, 6.943476, 7.712526, 8.16808, 8.206976, 8.098034, 7.766208, 6.977353, 6.105416, 5.264477, 4.250263, 3.602094, 3.450622, 3.882719, 4.723658, 6.303557, 7.797131, 9.228954, 10.38964, 11.268901, 11.794995, 12.001347, 11.780122, 9.338811, 8.45955, 7.36777, 6.37703, 5.732118, 7.132118, 7.381145, 7.976907, 8.844338, 9.838443, 11.038443, 11.827366, 12.624525, 13.046042, 13.070828, 12.706896, 12.146504, 11.150447, 10.119858, 9.299204, 8.771937, 8.521184, 8.769233, 9.610544, 10.718386, 12.009586, 13.383009, 11.323883, 8.882572, 6.162278, 3.162278, 0.0, 0.0, 0.0]"
1057,"[0.0, 0.0, 0.0, 0.0, 1.280625, 2.842675, 4.539731, 6.51963, 8.51963, 9.239005, 9.563751, 9.65555, 9.464505, 9.173306, 8.438217, 7.717611, 6.928757, 5.861012, 4.976833, 4.711922, 4.959945, 5.572396, 6.890894, 8.696862, 10.503996, 11.896916, 13.284465, 14.244857, 14.421401, 13.82334, 11.016206, 9.816206, 8.23042, 6.94644, 6.179589, 7.741639, 7.662104, 8.307016, 8.947192, 9.946283, 10.945483, 11.915742, 12.685044, 13.212438, 13.179445, 12.898547, 12.333851, 11.349333, 10.355664, 9.389566, 8.632369, 8.155583, 8.351281, 8.863297, 10.228211, 11.711715, 13.287376, 11.247768, 9.038696, 6.231562, 3.224903, 0.0, 0.0, 0.0]"
1058,"[0.0, 0.0, 0.0, 0.0, 1.264911, 2.788066, 4.685432, 6.582799, 8.622407, 9.367471, 9.844316, 9.74695, 9.649583, 9.222427, 8.626665, 7.826665, 6.851286, 5.945713, 5.333262, 5.085239, 5.341261, 6.22544, 7.419074, 8.760014, 10.193824, 11.421084, 12.490772, 13.181199, 13.44794, 13.180321, 10.497039, 9.605347, 8.535659, 7.342191, 6.409811, 8.059053, 7.961111, 8.311436, 9.313832, 10.513832, 11.650267, 12.581707, 13.242875, 13.494599, 13.525188, 12.948583, 12.238264, 11.557577, 10.538487, 9.616698, 9.020077, 8.854011, 8.940433, 9.699509, 10.551958, 11.782041, 13.062232, 10.936203, 8.527884, 5.966634, 3.1241, 0.0, 0.0, 0.0]"
